label_id,loan_id,is_default,default_date,amount_defaulted,recovery_amount
e766b3c5-f3b5-4940-b29e-8c7f0cfc0cd3,0937a982-96f4-4688-b33b-5a5d0a45f604,False,,0.0,0.0
6ac5b4cd-babf-4190-82a2-37aaae9effc0,7a0430c4-58fc-4448-a555-e0870ebb51ae,False,,0.0,0.0
c09e71e4-ca48-43e0-a386-dc12754bc7f9,65c7fb93-e46a-4676-9dc4-5dd4aa620cd9,True,2024-09-27 16:10:32.351303,4652.28,2741.02
05f295ce-5b8a-4fca-8091-fb4229e78ffc,efa5fccb-eb24-4b05-845a-ede243641b12,False,,0.0,0.0
742b555b-642f-4e33-a598-beff06c2d5a8,a5fb9e9a-4ab7-45e0-b814-af2e81e26ceb,True,2021-09-01 15:03:27.998612,2830.86,955.52
1c1f4ea5-c245-4e5e-ac55-dd7369d5e285,3d948afd-864d-4a8d-9067-308a95cc34cd,False,,0.0,0.0
2e6062ce-0ba1-4ba2-bd4d-935bf13e3ef7,a7f655fb-8b89-43fd-ad5f-62b0541e4d9c,False,,0.0,0.0
6012ee3a-84e9-40a8-9a33-6e485f63bfac,a44d3bc0-0572-457e-b250-d693e3656653,False,,0.0,0.0
de09fecd-82af-46fc-8452-278fda69f8cb,6bb73dac-9681-4aed-b5ec-c661d3b4a1d1,False,,0.0,0.0
2e1d4f68-df0f-4c43-a818-9d0d462996a8,df48d6fa-ba45-40ff-9d51-30aed015f623,False,,0.0,0.0
c23a1ccb-4d6f-4480-ad67-7066fb41854b,4421c1e1-2a8b-4fc8-9006-862ab31eb8f5,False,,0.0,0.0
bfebb781-7c75-40c5-9837-b7cc5c24a82f,9241e029-082d-4372-8996-a54bbcbb0658,False,,0.0,0.0
67902c24-06a2-4db7-abac-c2bc31d257cc,ea072198-19ee-4d26-8e4b-36aad4249390,False,,0.0,0.0
a5192a5e-0f81-4b3f-b3c3-f5d787fb3645,0b33b7a0-5163-4a91-b993-b65f35ded447,False,,0.0,0.0
94bbd5bc-0e3d-4e66-830e-707091e41296,434a7e17-eece-45b3-ba8d-a12744f64bef,False,,0.0,0.0
065b37ba-e635-41ae-bbe7-513e22da8b5c,1ec80917-af74-4001-8023-539bc9f99d37,True,2022-12-02 05:04:16.960171,5749.65,3211.25
a79de18c-ed0e-4bfb-9df8-987ffd4bb40d,3e84455f-a755-4468-9e74-e1224aed4cc8,False,,0.0,0.0
bf17d1a8-a2d5-47dc-a87d-03dfafcff92f,db2d0fff-f047-44e9-b3fe-b7dea2e0f358,False,,0.0,0.0
ccc0ebf1-68c5-49dc-bbf3-7fe6d23c647d,9ad28c4a-9798-439e-9a78-6fcac5a06501,False,,0.0,0.0
d8b5c7dd-b2cf-4383-afcd-cf32aa8c53e6,205d8635-cc87-458c-bb57-45dfe0345e68,False,,0.0,0.0
ba8efca6-ed12-4f09-8678-1d8cb8956e13,77b299e6-22cd-4c19-a7a3-3be5532394aa,False,,0.0,0.0
5a4bff34-be86-497c-908b-068e5398f291,250801c0-8d2a-4e18-a51d-7a23d5b483b6,False,,0.0,0.0
a860ca38-b4b2-418c-8604-161426547014,26a97770-7983-4fc0-8eda-75d9bc41c770,False,,0.0,0.0
14a4032b-0c9a-4f18-a162-28e432a165c9,bf2c857e-9f7b-4992-acec-73f232acf022,False,,0.0,0.0
b6772215-0dd5-42b8-861a-2442475a9685,9b465e04-b4cf-4cd7-b2a1-c14d46a49f8d,False,,0.0,0.0
33f10243-aed8-4625-9667-2a4a5b095175,1b19b829-d0fc-4577-8ec7-56748b19f320,False,,0.0,0.0
a9900ab0-3a50-4583-a6ff-3d5b31b9d84d,8d73f2a6-5c49-4ad1-b4b0-601442d6e3c8,False,,0.0,0.0
1314d477-9992-4d79-a474-4c2f75c3be65,1b69000c-0670-40e0-b765-8613d34172ff,False,,0.0,0.0
5e8145ee-fb07-4421-8828-2eb3601f230d,217c82b1-c884-4ac6-a19a-4805e03a0ab6,False,,0.0,0.0
a2f0578a-b864-4111-99a8-6ee038e4e8ff,938df7c1-ab0b-44fc-99b0-6cf925dfa1fb,False,,0.0,0.0
eaae39e4-9811-477b-ad22-2715b53547c4,d4961e60-2daf-43de-84cc-98eb803f8f00,False,,0.0,0.0
12980d8a-ed2e-489c-bea7-6062929dbfa0,dfedf5fa-174d-45c0-ad60-18d977019d44,True,2022-08-29 13:55:30.680638,6998.98,3232.7
772c75ba-7097-4c5e-93c5-e466ea221412,15c18944-b44b-4731-985f-014a29e9efa2,False,,0.0,0.0
23dc13b5-1e30-403f-a557-8908242a83f4,459df649-cdf9-41d6-b22e-d234404c86f1,False,,0.0,0.0
501e7df1-b28c-4152-88de-881d6217f0a9,cfcae6b9-75a8-41d7-ab5e-ebe91478e20e,False,,0.0,0.0
77c739c9-1c04-4398-abcb-3810a79140b4,aae50490-ecdc-4b27-9ed2-1b1584db01dd,False,,0.0,0.0
e192de97-1717-46ac-974a-eef1c4d7cf14,f3b20598-a303-414f-a254-4d22944baabb,False,,0.0,0.0
37087465-4294-4e9a-a458-a7d4f4d9b4d0,d8bfc4d5-80d5-4f85-8d3d-22c1d72d6882,False,,0.0,0.0
5731deb1-6d91-4791-8305-b94692365f65,10b7de33-d627-424e-8f5a-f64ef21b7a7f,False,,0.0,0.0
5f8e369e-e4e7-4658-bb31-7606039bfcf3,80dc4873-9eb3-48ad-9c15-b25e2379750a,False,,0.0,0.0
1252ac67-6f91-4285-95f6-8458338f6057,f8736e59-062b-46f0-8ea4-17feb85f0883,False,,0.0,0.0
64dc6bad-000c-43ef-9a08-5be3e5e798db,3c98fe89-ec6e-45ca-973f-9ac917ee7fc7,False,,0.0,0.0
813fea34-0599-4a10-a32c-52e92cc90c5a,9cca1eda-b5d3-4eb6-abab-2bc719e012e5,False,,0.0,0.0
e8cdba9e-3492-4b9c-b90c-cf223d3468a2,625ac0d9-fce3-4a66-a23c-ff90968c5275,True,2025-03-23 21:30:57.384866,2697.13,2021.02
5cee028b-1efd-445e-bd2a-840d2f2701bb,e028c315-928f-4bae-b8a7-c67868e968cf,False,,0.0,0.0
175baee9-7ae6-4ab8-b706-a71b02630e56,5dc228d3-ab91-4d71-ba0d-24f5cff54357,False,,0.0,0.0
9c302cd0-afcd-464d-a882-0cb84ac0ba37,6ad5401e-07e9-4b0b-998d-eba36ec8261b,False,,0.0,0.0
f10b5188-df6a-43ba-bcb5-28c3cd0346e5,c8880b2c-651e-4bd2-a99e-9370ede40cf0,False,,0.0,0.0
4f6bccdd-1690-403e-975f-5de6e738cc61,fb7b00c7-eaa6-4c45-8f01-fe855bbaf3ac,False,,0.0,0.0
6eab8ec1-fba1-47b1-84e5-6b0d98a41818,9d9b72b9-e5ab-486c-9e34-c29a701dadb0,False,,0.0,0.0
68a865b1-d903-4f19-9274-47d400d668a4,8f56fffc-c1bb-4767-8bd4-01528f7bf6c2,False,,0.0,0.0
9b72f3ea-21ab-40a5-8a97-c3e2bebe5a7d,69bea8c9-3a24-4c19-8292-9d3d96afa28a,False,,0.0,0.0
95dcf1dc-df9a-4c55-8ff2-7a67017a7e67,2abc4b2f-b0a6-4457-8620-5f4a6e718848,False,,0.0,0.0
fcf2db83-47c7-419b-917c-ba765cfd4927,80dac46f-2171-4e00-8261-c03dc6df62a7,False,,0.0,0.0
d9874eec-4950-40d9-b1a8-5bd2ae7ba7c3,2a64d46b-ceac-4779-9538-e0354157abec,False,,0.0,0.0
1cedf483-bb85-4029-9b78-e27b7d7b3f5a,4eb818dd-bb05-40e4-aabf-222fab640937,False,,0.0,0.0
eed553d8-a33d-4dbe-b9e9-96b3f585c7d6,d9a9a834-7d91-4485-ad7f-1aa30b44cceb,False,,0.0,0.0
76769190-6d4e-453f-9a40-b2c9930ad305,15c18944-b44b-4731-985f-014a29e9efa2,False,,0.0,0.0
856f3c69-56c0-42c7-ac1d-6c70082e1113,c881464b-c358-4cfb-875f-a0cf4974e1b7,False,,0.0,0.0
8b8f8999-f307-4aa8-86f5-8ba29965a86e,c51b2922-ca91-4df7-b174-5b78c705dd1e,False,,0.0,0.0
6a09cffb-375b-4948-a2f5-60a21dd321c8,8a02711e-02f3-44d0-aeb8-c6eb700affff,False,,0.0,0.0
1e0a286f-e025-4763-bdef-4478d5759b73,5dcf19aa-bb3d-451c-b893-dae943ab6168,False,,0.0,0.0
6c8475bf-de14-433e-8ad1-d22806e2c243,e7775ef5-9ab9-4e1b-9d93-c7bd4c66b4ed,False,,0.0,0.0
eaaa9fac-0b4b-44ee-9fb4-372082dbc87a,138d8006-13a9-4a92-a816-4d181f540e96,False,,0.0,0.0
77da8faf-3818-482b-8531-eadbb0c86846,7ddee37d-ebba-4a66-aa4e-4d28c0fce144,False,,0.0,0.0
2c69e076-3b19-405b-b9bf-73ae604ec22a,b190dea4-c335-49e5-9567-55f42f39f8c8,False,,0.0,0.0
74fd21b5-7899-42c3-8298-9fcfe424bf6a,8eb4b40e-b1e6-4f11-946c-4404e2edbb63,False,,0.0,0.0
93127ff3-48f2-4f4f-b3dd-969fb32a821a,01a0960b-ba89-434b-b224-7627c1e0248e,False,,0.0,0.0
59ccf036-0237-4424-a2a8-63e5e74ca588,683c3806-c12a-4c55-8072-8ad4002072c6,False,,0.0,0.0
d6a95990-9641-43e0-8197-368b64dcf664,f9a013be-55c1-40d9-9c3b-c3e5c9c52567,False,,0.0,0.0
4ace38e3-d204-49c8-9ef6-43a06b8bcb0b,c69aa024-7706-4602-9e5e-a4cd1426512f,False,,0.0,0.0
07edfcd0-250a-4fdd-993e-938f9b71d5aa,817b6767-56e8-4e7e-a5f9-79cda1010d68,False,,0.0,0.0
ce371655-550c-491b-97a2-07e582b96490,d85a4e1a-66ed-471c-aa98-979991354949,False,,0.0,0.0
efc26559-e3a8-4706-8594-769d58e1df94,8ec29e07-ee0c-4303-b9c1-1c4a639817e5,False,,0.0,0.0
66fd7753-5e34-45f2-b6d8-defc84dd14c1,9696e833-4728-4df6-8532-499e08a43ec0,False,,0.0,0.0
8e3208f4-74d1-4a7f-9054-bbab01ebf550,0a199083-d83e-462a-b1ca-680c9a178669,False,,0.0,0.0
bb65b903-d7ff-4b8e-ae10-7d98eddf7059,cfc91b52-4aff-40a0-8f4e-2726b9dd378e,False,,0.0,0.0
a2ffab17-91a2-41ea-b6b4-1b9a0d901cef,36d5187b-bfdb-410b-b929-1d34db6ea0ba,False,,0.0,0.0
89e82554-aff1-49b8-833c-dd6ba8601433,9696e833-4728-4df6-8532-499e08a43ec0,False,,0.0,0.0
73ec153e-9327-45b5-b92d-00c3fa113af2,de3e0557-910a-460d-8063-3a98ea5dc3de,False,,0.0,0.0
9e671b0b-a2e3-4f62-ae2a-3ae7c4399f0b,f5239f95-6ac6-4272-8875-7d0612037b06,False,,0.0,0.0
c925327c-c78b-410f-9d31-8a1bcc36ca85,85475ee1-1e06-496a-a302-7b2102c1c269,False,,0.0,0.0
aaf94cf2-c14e-470f-b174-ab0357c76a1a,7d5887a5-a554-4394-b39d-ea6f06919b1d,False,,0.0,0.0
c485fc6e-a42a-472f-948d-24d56b31d5a0,b4586ea4-15b8-4fa6-8fca-b2a910fb436c,False,,0.0,0.0
34b8e20f-b10e-4ef4-8af9-821151de655f,b9c8ddd8-8f8d-4ef2-a397-3de4fd414341,False,,0.0,0.0
67ae7194-804d-4e3d-9e51-ce582047867c,c51e21bd-b4d2-4229-a3a7-cc57cf63961d,False,,0.0,0.0
34e98129-23f0-4a43-a4a2-83e27196f59c,95eb44d9-8459-4302-8d1d-036e0d08da99,False,,0.0,0.0
ac028ff2-f136-4834-9bc2-68e139053259,e3a14f5d-6ed5-455d-ad1c-a2b3e5715f31,True,2024-12-04 17:47:34.379701,140489.74,96744.57
0b3596aa-68e8-4bb5-a9ff-bafb17a108bd,e8048c91-4c15-47ec-8bca-e422b0c37157,False,,0.0,0.0
7cbe05f7-7d78-411e-852d-e687582d504c,b9f9d376-c79e-449b-aaba-8f0cc9eb6e3c,False,,0.0,0.0
b02b94e9-fcb7-4d90-bbbc-02546fef063b,7458d92c-a1da-4c7a-9b88-26edff4a9185,False,,0.0,0.0
bacdc376-113b-44fe-bbd5-851038280df3,81d9cff9-9de2-48ca-8edc-3a083442853a,False,,0.0,0.0
24e5561b-9bee-418a-ad37-e3e5deaa9f37,ef55c8e2-3b16-4e64-9849-73b7cb052418,False,,0.0,0.0
e973124e-077f-4214-b3bb-41478a243851,3ad782dc-8dc8-4d97-a99e-5dc9cae33dbb,False,,0.0,0.0
5ff201a7-4710-4c0a-9495-190861f7124d,f6295eb4-667a-4b91-ab86-08d1cdac6327,False,,0.0,0.0
2a18fa88-cd22-4385-be2d-938713b5491c,237c56bb-48d1-40c6-9cdc-546cd4f0fd63,False,,0.0,0.0
e0fa16dc-8f2b-431a-892e-d8a4804602c3,14f32e9b-d497-4ff6-bd35-960301903474,False,,0.0,0.0
d21cf4d9-be99-42fc-90fc-2b56fa9f81c0,40e07e0f-7cfb-4186-877b-4fffd114dda1,False,,0.0,0.0
30f2eaa8-964f-4d8d-be9b-77c9d66ac722,fdf1d205-b6ec-484e-b3a2-dc1d0f916e97,False,,0.0,0.0
ea2adca3-6c6b-4584-b5c0-900ca53cc4c1,1a062a0e-ad93-4d1a-aa0d-c97ee85af565,False,,0.0,0.0
3dbea1a2-0a83-4560-ae75-7d2fdfc91861,5fed5cb7-a6e8-4b4f-a5bb-7f3b687bb3ce,False,,0.0,0.0
d0c56ca9-b2f7-44fe-b1c5-84b6fc647baf,0956f0e5-ef0c-4132-8151-55db179c0a64,False,,0.0,0.0
ab2137e0-407b-43fb-a0d7-38199340d15d,ce908ee8-f657-49b2-a1de-ebef80b6d44f,False,,0.0,0.0
049bbd5e-24f4-41cc-9b42-db854768c16b,88516447-6e5b-4598-a8f0-e3e02f369832,False,,0.0,0.0
2a6ad8ee-016d-4ae0-a6ee-3ce04d6385b0,8a1b0744-0be7-4352-a85c-0862e9e02d8d,False,,0.0,0.0
220aa297-269c-4144-ada5-bd9332471017,ce5e137f-8772-4818-a5e3-1112c35826a5,False,,0.0,0.0
cd2db970-3016-4171-bccc-14706f7a292d,640445a1-87e7-499b-8600-8f33814671a1,False,,0.0,0.0
ee1e15f4-3b97-4a43-a995-f91d6f8d910a,6fd8440a-5283-489c-831f-37eb2c981221,False,,0.0,0.0
92eed19c-e454-4cff-b8a7-f500d221ac72,323eab00-9fe7-4bb8-b8cb-74696142894a,False,,0.0,0.0
672ac68d-f858-409f-af85-d8d516f8ff87,bad78868-cb6e-4774-93a2-014b45f7eef8,False,,0.0,0.0
14fc3c0b-6995-4e1b-8301-4d814c1cfeb1,06a4093b-49d6-43b1-8593-53fa25e4e633,False,,0.0,0.0
e6a3ac9e-7f7a-4b79-a295-3a18386dc4f8,fa926f97-bd87-4f11-a1ca-afcd23a2f59c,False,,0.0,0.0
eb70c522-e519-4845-b75d-2cd30341473b,569d7aeb-640e-40e7-ac10-56b347c3c463,False,,0.0,0.0
6399bcc4-3da3-41bd-bbc5-c24d8e287f7e,5c098a5c-585d-4d17-9258-14d9638cf9e3,False,,0.0,0.0
4a5a25b3-175f-473a-9fc3-a0db2200412c,6ccb9163-4d8e-4d5e-8df4-73bbc577d3a5,False,,0.0,0.0
168a674f-1695-4eae-9d91-e99a66ef5b81,f6423513-9ba1-43ac-a49e-2575339c0ee9,True,2026-01-02 06:01:34.413280,5432.56,3614.46
5d76cdf9-d6e9-40a1-ae6e-b95cc29e22aa,86cc556b-f0bb-4e32-814f-a9be05209457,False,,0.0,0.0
83025f80-4a77-437a-8d71-72c0387dbc87,12f04460-d6ad-4137-a196-5413d881a73a,False,,0.0,0.0
a6d0279c-7bf3-4169-a4fe-a36070b14f2c,817ed3f4-a9f0-4ec4-a7b1-85f6309b7234,False,,0.0,0.0
5bfecc65-e38a-4a2f-b4c8-5c9128609696,ac7625b8-0fc0-4f77-b27b-14fdd4edc9d8,False,,0.0,0.0
c6ac2e84-5087-4bf9-9b1d-793dfe461cbf,3d7d9e1e-c7e1-46e3-bf71-d4015f09058e,False,,0.0,0.0
fb08aeea-c1e3-49e1-9a42-dc1b5d51b6cd,c5ee154f-6c3f-4efb-87ba-1cc7c58e411e,False,,0.0,0.0
adf43fd6-f2e4-40ac-83d3-4906818edf01,c37180d4-91e6-40dd-972a-bf118f415cf0,False,,0.0,0.0
9efe08f3-b194-4ee1-bfc1-e3810d7f3697,285e9704-3fca-4417-9989-cdb9450513d0,False,,0.0,0.0
ced306a4-da57-431f-a9fb-2a5efabbf450,2a545726-ca9d-469a-8539-fd8297266ab2,False,,0.0,0.0
fc1f0ffd-f0db-4f80-930d-fa9200d9d045,2da5ba63-d3ff-4631-a2dc-b06c8c85328e,False,,0.0,0.0
de35f4bb-5a0d-45ae-903e-b222ad139981,9290a83a-2bef-4363-ab7c-7396f942fcb2,True,2021-12-23 17:17:27.947173,79270.99,16809.04
55ea1792-83f1-4fa8-b067-d382f5bdb583,af326af5-78cf-436a-a020-72d991be0c2a,False,,0.0,0.0
37ad30ad-9ed8-4127-bda5-bcb45d9e444d,9c7e3507-4f9a-4528-8d0b-906366c5558f,False,,0.0,0.0
3b023ef9-05ad-40de-b016-7edc427f980a,12e63e97-178f-4dd7-84c7-b9766c0d8d97,False,,0.0,0.0
af232a3c-712c-423a-a80c-0c295ab5a659,156c992b-cc97-4171-b926-393cf1974022,False,,0.0,0.0
3253e6ea-63ef-49ea-b751-0ad0361694f6,9c83cfae-1050-4d65-b897-3d1553199080,False,,0.0,0.0
836aa001-c9ca-483a-bfc2-e7b362a7c6a0,9ba585ae-cb96-4524-a5a4-14b21956673f,False,,0.0,0.0
863fbfbc-f02c-42f6-8dbd-28ea80262ee1,dff4cc91-3164-4c14-b1a0-051f0acae683,False,,0.0,0.0
e8c51f7d-3a98-4c66-8e7a-ff7738c223e2,3e4c23fb-1f0b-4094-997c-e0cf50ad9cd5,False,,0.0,0.0
b6f281b2-ec27-4821-95ff-de1d308edd27,ee662c46-057d-4e28-ba4e-2920f8b1f902,False,,0.0,0.0
dbdb5d67-b4e0-45c0-ae80-263a0cff3874,e97e55d4-46b0-4ed1-82d4-705de1661e4d,False,,0.0,0.0
8d02a3e8-8e51-4aa1-8cd4-87984f6452c5,01f239e4-3965-4c7a-82ff-3b13d32a27d1,False,,0.0,0.0
9cc95c4d-2f91-400f-bd41-ee72278aec5e,40fea948-d2d9-4f36-8de4-4f3a06633c73,False,,0.0,0.0
c651f2b5-c6f0-4933-a833-8cdf44d80994,1993edfe-583f-497d-a8c9-d68c7a3338e0,False,,0.0,0.0
ed5bd62b-f58b-4de5-bc5d-d232f3ab12e6,62fc194b-649d-42ad-8556-b8a2db747f33,False,,0.0,0.0
30a603ba-c5aa-4324-975a-1e5944768bf9,d64894cd-2766-4e92-9873-6d60b7f23862,False,,0.0,0.0
f47096bb-a259-4ecc-b7cb-42d8c8a95f02,aee5b68c-6093-418a-a472-3a97a7178558,False,,0.0,0.0
e80a8595-59d2-45a0-89ed-0c888aa54a82,48acdcf8-f92d-4dcd-805a-fd9405fe16de,False,,0.0,0.0
c7430e0e-e068-4c99-99f2-ffe167758e14,e8c80d96-3e5e-4986-8002-cd6bc28d1433,False,,0.0,0.0
94e23140-bcf6-43fd-aabd-ea0dcef081ea,fe1be3e9-bee1-4c65-b7a3-19c6619c4a06,False,,0.0,0.0
3f48181e-937d-49f5-8ed4-a175e83e924a,57232faa-b578-4525-af0a-c5d6ee5e1fb5,False,,0.0,0.0
e61f0867-b71a-4869-8ded-56daa9ef7827,34cec306-c39f-4fb3-a5ec-c39cc6079cb1,False,,0.0,0.0
03fad3e0-e440-43ec-8378-f20f11f6ab0c,a4a8a844-8bdf-4208-81c5-bc8b64e94d6a,False,,0.0,0.0
8328938b-9f30-4418-b1b2-c227310eccf9,d516f81c-43d8-415f-8394-c4d84a240d4b,False,,0.0,0.0
c1cc601f-878c-415a-862e-ed7ad903f57e,f35c02fd-d88b-4a71-ba53-d4ca79d1acbd,False,,0.0,0.0
d342669f-ef59-4f80-9f71-7c07ab31c6e5,3b38102b-7bdf-4546-a4a8-844f7d94a6ce,True,2023-08-27 11:11:36.382238,8392.42,888.33
cf3f62ea-67bd-485e-a3f1-3f89b345b17f,f75ef2cf-153d-4754-b086-424afbfbd9f9,False,,0.0,0.0
905159d3-6975-4d72-9496-a2671e192005,4998ef25-e794-40ee-8a5e-d28785a63296,False,,0.0,0.0
4ccfd893-8462-4bd2-a066-0b278403a29e,1a062a0e-ad93-4d1a-aa0d-c97ee85af565,False,,0.0,0.0
2b03eed5-9e94-4f31-82d1-da500108a04a,2adff941-93c2-4f31-a495-dbf92632fa9d,False,,0.0,0.0
e50a8ceb-65c8-4cda-9377-987fe4f898fd,31116b6a-4b38-457b-afdc-4da3aee51b7a,False,,0.0,0.0
89cb4ecb-4eef-4afd-b45f-1342303925d9,25db9dbd-817f-4e3b-9a1a-59cf9b480ff5,False,,0.0,0.0
d6d5237a-f605-4c6c-8a10-e677283d7880,a09d63de-44a3-421a-b1ee-ea5105c0e8c6,False,,0.0,0.0
8c490423-0a8c-44b1-bccb-39791498f249,31faf7e0-38e5-456d-87c0-c4df88c8e83a,False,,0.0,0.0
aa64baca-8b44-4cb0-a9f4-219a8de40223,1a5ca752-2705-4d96-97b7-32b313d579ae,False,,0.0,0.0
a7f1ae9f-4ecf-492b-92d1-e296aac74d7c,dc63a196-9463-40bc-af68-d3b34ef97a7d,False,,0.0,0.0
98ccc768-547f-4f7a-9800-ddb0a5161f18,a589c017-16f4-46b5-a760-a7dfce01fa3f,False,,0.0,0.0
b977bd11-c2e1-478a-add2-d432381f802f,d96688c9-8623-481e-8224-da50bd10f69f,False,,0.0,0.0
2ab4dc1b-eb7e-48a1-b62c-56801f57890d,f3d210db-e41f-4a4b-90c4-e57a97da6c23,False,,0.0,0.0
499843e0-007b-4b7a-b738-df779937af3e,ccbdd15e-e7f0-416e-bf78-bad808c2fd6f,False,,0.0,0.0
b826a415-1769-474f-a347-29ee7151344a,b26f8bb2-3178-4dbb-9f7f-acac0814b225,False,,0.0,0.0
c97f006c-ca3a-403d-9218-482fbd694141,492eb70c-2f03-4a0c-a423-421be61aa316,False,,0.0,0.0
4412b2be-3224-4b1a-bfe3-dfdc827f989e,65d77fc8-252a-483c-9d7b-ca5cf7a87bc5,False,,0.0,0.0
ce228fde-317b-48c6-a198-3f01dbdfd75a,03864649-c4e0-41c7-ad18-50e92d53cf30,False,,0.0,0.0
c456d14c-0ea0-41fe-b934-491f2505aa91,0463aa5e-222c-4fd2-a7a1-66d270293dbb,False,,0.0,0.0
ff802d33-2d65-4f55-88af-7512a4820a09,d550f98f-1cb4-40cf-8bb9-536fbb74a62b,False,,0.0,0.0
d7508667-53bc-4a09-915f-f4326b89c938,9c18e0ba-3eea-4cf0-93ff-d1ea14f872f6,False,,0.0,0.0
85679758-0d44-4a79-a185-6a8a59f0cbf6,743de03a-e05c-4fb9-ae0e-f4aae65e0ac3,False,,0.0,0.0
e241b8dd-f197-4a57-bb53-8eed7f824f14,80851d53-2d82-4b6a-89bc-819e9d180608,False,,0.0,0.0
837cbe16-fe76-46a1-8d1a-40dc787327db,c9bbdda4-3080-4036-902f-4df3dffd1d40,False,,0.0,0.0
3e615903-c2df-4bd2-8cba-2321df7fef93,a028dc87-d6fb-4a95-a9db-b362c0dfb921,False,,0.0,0.0
d1760b16-e22c-4916-ad29-b2f50d888219,c64d8e70-1ea3-41e2-9662-f8835bbccb30,False,,0.0,0.0
cacb76de-263d-4316-b2bb-86329545e035,abf89388-f254-450e-bde4-71bff8655d61,False,,0.0,0.0
e6bf14a8-344a-44eb-a108-e02410cee5cd,17664a5a-f24e-4477-af51-5686a88db0f3,False,,0.0,0.0
dd15c291-0b13-488b-89da-d60efec7bb6c,00c818ba-a210-4d25-b92c-5f423f203c22,False,,0.0,0.0
fe625654-b34c-4ce2-bad4-c9b3a16598f6,9b622c0a-5398-4922-8652-62a224a0db6e,False,,0.0,0.0
966943fa-9e08-483c-8499-d144acfc0f7a,c068a64c-d5d6-4a82-b500-d6ef0453ab6d,False,,0.0,0.0
654543b4-8818-4093-ba57-04ca1de6385b,05722bc5-4b5e-4a40-9a5a-897790ba1d38,False,,0.0,0.0
7b541289-9c5a-4585-87a6-1c3eab8b8fce,d034ce89-8364-4560-85b7-e83cc42f7d59,False,,0.0,0.0
2fb8e783-65e0-4a2d-bdf8-7335de65ba16,89fd911f-2e06-433a-8498-a96b0d8660ca,False,,0.0,0.0
118a4fef-bc73-4d7e-8537-096bfc0a68b2,a5637759-e10a-4c64-9752-800f42bb7890,False,,0.0,0.0
ef18ebbe-22d1-4b26-8d47-99c0b2dd639d,33ca11ee-8c59-4d00-ab70-d4d56e0db295,False,,0.0,0.0
81c28f88-7306-49a4-9a53-8cb255f4dcd9,0c0575ab-2dce-4207-800e-45409492ba69,False,,0.0,0.0
c82a84f1-4673-448a-a6c3-44d76d559493,d4721e33-885c-4793-80da-b7f849d5182c,False,,0.0,0.0
cf262f67-94ed-4309-bc15-07f3b477a1be,459f5497-abd6-4d74-863f-ec11446cc0d6,False,,0.0,0.0
c9b19c3a-4263-43aa-89e1-d1819a68d78b,4b50045e-fd93-44a1-a5af-12b1d83c575c,False,,0.0,0.0
ff1325aa-e772-41ad-ad58-c99d04579d07,00937ba0-65a0-4e43-bd2d-ca8673020b26,False,,0.0,0.0
cabbff01-adee-4ddd-bc6d-c172370357fe,23d2789d-ce2c-4739-a552-abc65a86503a,False,,0.0,0.0
4d4403d5-d9ef-427e-ae80-2baf1243a12a,8aad970f-3401-4fe9-a21e-1d14d33b05e6,False,,0.0,0.0
ca433e0e-9231-4ab8-8e76-29e1960690ab,940d8bcc-e926-4a56-a95a-e210973cb616,False,,0.0,0.0
04eed4ae-5453-4d03-8021-eb716d811ff3,5dc2fd9b-f1bd-457b-b8dd-dfc2963ba31c,False,,0.0,0.0
05c26f5a-956c-4cbd-af63-034633151cfc,55957cd1-a691-40e6-9600-b3cf3f0e3075,False,,0.0,0.0
2e24b84d-b77e-4c6c-a7cb-0e22edd494b6,98cb3cb4-e2f7-47ea-8cf2-fdf8ec1f5d97,False,,0.0,0.0
dcc7d73d-b6a8-41ee-9e30-025cac472856,af1e0ecd-c555-430a-8985-8ab5c54f447e,False,,0.0,0.0
f01a700e-f778-4226-a028-23fa7393b286,f88c2664-01bc-475c-9cdc-23fc50805bbf,False,,0.0,0.0
20371e79-6464-4cf2-b877-5eca9200d537,c69aa024-7706-4602-9e5e-a4cd1426512f,False,,0.0,0.0
0ed8f2c0-85b5-41b3-bd2e-437db12c171a,615a443c-6e73-499b-b144-0c359266facc,False,,0.0,0.0
ad0e487b-5a11-4b5b-9025-a36d87f6769c,ff8abfc0-2d58-493a-aebe-15241549d4d7,False,,0.0,0.0
7b9752d0-ac37-4528-bf62-ad6dfba587e0,d577c131-08b9-4ed4-9e94-da10205b9db8,False,,0.0,0.0
35a77fb0-6a23-4ceb-9cb3-fca7b2bbc8ad,bf79dcb6-abc4-4f76-9718-27dfb4c0c39a,False,,0.0,0.0
e5d6a158-eccf-4982-a54f-304d5bb1ea46,57988711-e602-4d06-b441-a695ece321fd,False,,0.0,0.0
b591d52e-79c1-4c69-a360-50f7fa257707,b9f9d376-c79e-449b-aaba-8f0cc9eb6e3c,False,,0.0,0.0
6d30b82d-811a-4af3-b3bb-b2cd0d6898b9,4667b057-7387-4e41-bd79-f8b612d0ff7d,False,,0.0,0.0
5e286298-49da-4456-8f17-7f07e34debb8,c49dc4fc-cc64-4c00-b1b4-1e884b0c8c70,False,,0.0,0.0
42c2181d-ed28-4920-82fb-a07df85749ea,6610ba20-f0b0-4031-898a-ef7285d3f3ee,False,,0.0,0.0
02d27f41-452b-4140-a09f-88920ebaf30e,d0b21f98-85a7-497f-a90c-07eb5793f195,False,,0.0,0.0
61eda503-b571-4854-9e73-8b5604235e9b,b5230821-2c41-46f7-9045-f17ece2db215,False,,0.0,0.0
7aacc407-dd52-4b3f-ba66-7be789292fe5,d298404d-96f6-4fa1-9951-9ab3bf5eaf8e,False,,0.0,0.0
e733e7ce-75c8-4462-bd1e-48da950e409e,b9866767-81d3-4bca-aa34-23ed41357db8,False,,0.0,0.0
65264662-a572-421b-b8aa-78d93e424e34,8643eed7-dd30-44fc-b864-aaf78d73e7aa,False,,0.0,0.0
2f405779-95f4-49e1-a64c-7045c8d52a63,df30f2f5-3226-486f-8595-30c1a1295a39,True,2021-09-10 08:50:33.936706,8766.84,6244.01
8dcd2bc2-25e7-480e-9d01-4e40feee8435,779bfee4-a6f7-4a50-8903-528a5e0fb618,False,,0.0,0.0
eb7a5338-616b-4e04-bc3e-2b8e41fc3d1b,7e34edc3-dbe9-464c-b6b2-41f316f2af16,False,,0.0,0.0
953561cc-f158-48fd-bc1c-7bcdd03a86c8,21d7ef88-448e-4408-acce-bc8640ac9243,False,,0.0,0.0
723c422c-2294-46e2-bbfb-9223593f132b,2b31b5e7-40ed-4d57-84a6-24f3231830a3,False,,0.0,0.0
aeb542df-7921-4aee-b39c-793cce3e4acb,c2b8efc0-d76a-44da-8fbd-b62246c9ae33,False,,0.0,0.0
4ef96ca6-03cd-43d2-a3b7-7fdb3b70d679,9d8e20d6-17a6-4138-a8a4-14a7ea7523fa,False,,0.0,0.0
fd32e044-bab2-4b49-9196-537f288f2982,7f184a88-f02d-41dd-9c64-34ef6714aea1,False,,0.0,0.0
3b84a8c5-38fd-441d-bad3-98363df2dd03,48a05e4f-b064-472a-b94a-6d319b428238,False,,0.0,0.0
2b7fcfc3-ebcf-4204-bd08-f9d5d6f4a43c,e5ecb9dc-db2c-44c0-aa42-79c3fbbe0e9d,False,,0.0,0.0
60cddedc-4421-4991-ae9d-0cee147a1b15,e798d9bf-4ce1-4a16-b3cb-3b3fa6f90864,False,,0.0,0.0
012868c6-b50e-4033-8b38-51fe947a3a79,9d091856-4b3d-4578-8c69-a8cae32ffec3,False,,0.0,0.0
21e1cae9-ab55-46e0-b643-64159990821e,2a6445d3-48e8-4f79-98eb-a4621976a39a,False,,0.0,0.0
7eea4bbf-7d3b-4ca2-8eb0-be49769cdf49,924d4a86-efed-4e52-b9f7-3374e92af09b,False,,0.0,0.0
f8f3a2a9-84b3-47c7-82a4-b79a2a3cc4a9,2ac3aafc-94fe-4779-9355-652e5ec7a8f6,False,,0.0,0.0
4c44cc0f-e722-4857-92cb-399ea19d2047,ae2bcab8-551f-44f7-a5d6-9a97360824da,False,,0.0,0.0
d6dfc78a-205c-4715-adb7-0bf865da7c57,c742bbaf-7787-4d52-9d12-bbc65eaae175,True,2022-08-21 05:30:23.252260,3216.6,2569.3
df5f23c2-0d6b-43c9-8917-dcc6e053e115,bad78868-cb6e-4774-93a2-014b45f7eef8,False,,0.0,0.0
9f6aa878-84a7-4043-9747-4e1455d14783,60562765-9c1d-4a65-95c8-3c5d48754ef8,False,,0.0,0.0
36989ddf-f90c-4952-8038-a0bd26a030c0,e09012d7-14ce-4f0f-b5d9-704d5fe12b57,False,,0.0,0.0
8572ff44-2c40-43f4-9df3-526b154c03cf,81b01ca4-8880-4d17-b3ef-e892e85cc863,False,,0.0,0.0
e6d16513-a13b-4387-87fc-6bf240c6eb21,be07d0c9-7154-4572-baac-3fd3bc376bf5,False,,0.0,0.0
8de9293a-d193-4fcd-83c2-5fc2afa0f8ec,2c5fd1ca-b0f7-42d8-8fab-0fb8210bf60a,False,,0.0,0.0
3de50738-3d16-48f5-8699-08cddf492d82,b69b8391-e4ee-4f51-9ce8-5b7d0761dc0c,False,,0.0,0.0
e37f264e-50c9-4a69-b1c4-8604efb40ae9,947ab584-5b06-498e-aef4-74a3fb31a55f,False,,0.0,0.0
5073de5a-98de-4fee-b0ff-f9ce77de7227,bf5628b9-30eb-4400-9d55-8095e6c75732,False,,0.0,0.0
f7c52177-9872-4ee0-a49e-f0091f42beae,3c98fe89-ec6e-45ca-973f-9ac917ee7fc7,False,,0.0,0.0
b4ffcdb1-01f8-4f07-9c1c-ef1876fd9ad1,070f48c2-ba4e-432f-a582-eba2f2859a73,False,,0.0,0.0
1d0cd708-354d-416f-8f53-ff1dee286d08,5a8258cb-8d78-4a9b-ad87-adb64448cbb9,False,,0.0,0.0
00fdd117-ec68-4787-a41b-206cdd3d7c77,d0d74aa0-eecc-4146-9d7d-c0fd74cfb32b,False,,0.0,0.0
3192cdfe-ba8c-4749-8ae7-51e82622f99e,5995e5f4-4c85-45c1-b159-f8a48a802429,False,,0.0,0.0
a95f4aad-0f8f-4d56-9822-1e2ac50a5584,b0f1d209-7943-4f6f-9a55-4d255d144588,False,,0.0,0.0
8af3847e-c5be-41c7-87d7-3945a1565e8c,7c08a960-26c4-41fd-b859-7bc643e9c94c,False,,0.0,0.0
133e13ae-2bc8-4883-a353-b07e64792f5d,1d3208db-a28f-47d0-9612-ad538172d09d,False,,0.0,0.0
91f733e3-ca2a-4c56-9884-53e44d0ff4c8,c50ef346-f34c-4c78-8892-111c1bee4909,False,,0.0,0.0
a6b669a6-1b8c-4bf2-8f21-5597413fa5dd,21e219ce-5158-4417-ab6d-0f79fac368c1,False,,0.0,0.0
7fe0f66b-d808-45f1-b320-537485d59359,4a13b17c-8d93-4a1b-a5d2-5bc33c3826aa,False,,0.0,0.0
8321084a-f0f9-4ab9-9a9d-4a3133f81564,014b069c-45ce-4149-88f0-06a3ad9f0e53,False,,0.0,0.0
99f07e96-5d19-4a92-a89e-bdf9ddddbbac,0528d309-6a56-487d-bb8e-37e2c32bba73,False,,0.0,0.0
71e39531-0aa3-4ba1-a719-83202086aa0d,52949fbd-1243-4159-9df5-6402492ca612,False,,0.0,0.0
3c298ce3-1115-49b0-bb2a-47b638bf2e2f,b71a72c1-582c-497f-8eb4-762ed32b3c0d,False,,0.0,0.0
fe74a455-da77-4b9b-950f-458252ea8adb,79cdc59e-7700-4b66-96c6-5adb028dd025,False,,0.0,0.0
91f79691-bfac-457a-ae31-9ad2388d2a98,df9f1099-0b4b-46c4-a672-5796feef341b,False,,0.0,0.0
946caba9-0db1-48ff-bb3a-495891fe9b40,a5d83148-0deb-483b-b6ba-45725c667438,False,,0.0,0.0
499cbe74-50cd-4cd3-9486-0668f0912d2a,8971b1bb-992b-4a0e-8a85-7fe44014c0f8,True,2024-01-26 19:58:56.064409,3021.26,1180.79
3ebfb433-af3c-4427-b356-ba28091dc79a,8bc15738-ff1b-46a0-a8ec-b6a17233bf8c,True,2021-09-04 09:54:21.949088,11701.02,863.99
092b76c5-112e-4b4e-923f-91d5286ff821,2262dad8-6c16-478b-b562-43476b715b34,False,,0.0,0.0
30e0a5e3-a5bd-433c-b2da-441de63c7032,ae570403-58bb-4712-8db5-975fd2c447bd,False,,0.0,0.0
8a05e8e9-95da-4260-8bff-f2baea9c771c,17abe966-517e-47c8-95cd-3d70e1e3afdf,False,,0.0,0.0
c9b799ea-498b-430d-8a29-140a6dda1b48,b2b51b60-5c89-406e-aa1b-248fea94d306,False,,0.0,0.0
da950da7-4e8b-424c-8807-e2a2b5bd3d5d,2740a29d-f7d7-4510-bfa7-2ae11139dd0f,False,,0.0,0.0
cefede2a-19d5-41c3-b478-dd8761f5298b,7c53ccb0-96a8-4f54-b26a-18440cf2a69a,False,,0.0,0.0
3a1145e9-c775-43eb-8086-46e22219e575,46a1c19b-d238-4804-8a8c-e2d7bdeb7527,False,,0.0,0.0
873fc591-2527-46c6-b667-a0071f4cb331,3e141965-14c4-422c-8c90-cdc454ca6257,True,2022-07-16 01:40:55.247894,5314.84,41.11
ddba76ab-e9c7-4d93-bb54-a4e6d6182b4f,50e5b83b-c388-4b0e-a263-e16c66b768bd,False,,0.0,0.0
eb928b1b-fe1f-4bd2-b41d-f996c1a61b7a,cb3ada7f-a10d-4623-a046-2998e37f24d7,False,,0.0,0.0
64842e45-a9f2-4619-8b1d-9f79dea96b44,046606f6-3c7a-412d-aafd-3660e5199bd9,False,,0.0,0.0
f3e83114-2fe5-41c6-b6a6-bada97131c52,9dcb65be-3fc0-496e-84f4-caeb49a4443e,False,,0.0,0.0
589522fd-a84f-4999-8eaf-aefaabf648a6,85ce7878-a616-4c23-9039-0646f47a4d1b,False,,0.0,0.0
104dcd15-4266-4457-964c-c3c58a76601c,68151f14-d6b6-4b16-9d8d-7b02bc5d618f,False,,0.0,0.0
8c4dc7f6-deb4-4125-b9c0-390edb3118bc,f2612977-7fe5-4edd-b4d3-87dd557c9198,False,,0.0,0.0
631a609c-a10a-4db1-98f3-2021a7c77ba9,55b82364-9ca4-406c-9076-ddad317e43a4,False,,0.0,0.0
ce8a68d6-b853-4445-9ea0-e7b7e9c53c42,0917f2d6-121a-4b14-8600-9101b9b0b99e,False,,0.0,0.0
e9e515f4-c7c7-4447-8595-5cc7b06f43a9,3ac1b782-d907-4c2d-94bd-fe613abc666c,False,,0.0,0.0
6bf334e1-dec0-4f5e-b1f1-0b76d4873f13,b800f540-7f69-43af-a921-3dfa86e979fe,False,,0.0,0.0
06c1ee48-afb4-4955-9c4a-0f32071ed7ad,7b5aaea7-fd77-419f-a40e-78ce0690b4f3,False,,0.0,0.0
945d2ad3-d7db-4a8c-91f9-d8a3777d3386,50029c14-39a8-4a83-88cc-f7ad3b54a3f0,False,,0.0,0.0
2fb8da14-092d-4db9-be75-316f5daf9932,ae269692-d819-48d1-845d-ff54427fbc4b,False,,0.0,0.0
026619ab-1e55-4df7-9551-603035c07f87,0ae4e096-24dc-4ee5-8cc3-78c3ce3200af,False,,0.0,0.0
02c0eeea-4411-4896-b040-96da049c6f67,3ae61863-a544-4d55-93c7-f140ea224efd,False,,0.0,0.0
1a9fdd45-58ce-46f8-919f-5cffa0592977,e4cb277f-bc95-4041-8cdf-b034e9a84c51,False,,0.0,0.0
e1a37590-6722-46f6-964f-406316e9ce7b,4528bbd1-2df1-4e76-8f42-ce0a539e832e,False,,0.0,0.0
d6a3da33-1724-440f-9cd1-f5f8efe17d6d,ae5ec1fc-5eee-4114-823d-269c2da46bc5,False,,0.0,0.0
96394ed0-5f8d-4697-b8bf-ed023b8c7140,facc2e35-35b6-4692-a528-759d218acc31,False,,0.0,0.0
983f51a8-9672-4883-a88f-7c928806dfe1,516bbc7b-7c96-4c00-9903-0a15376d65f7,False,,0.0,0.0
f56ce3e3-46b1-4327-b238-e1804fc34593,e09012d7-14ce-4f0f-b5d9-704d5fe12b57,False,,0.0,0.0
ec742ff6-1316-4422-a233-f6d7f5278fc1,3ca0cbd6-78e8-4f15-8775-3db0b795e838,False,,0.0,0.0
a8a960f8-00f2-451b-84fa-951409542cb7,dce202f5-36ef-4201-9656-b5f91c6a16e0,False,,0.0,0.0
5970896e-54c2-429a-8fdb-daf83e3fc3b7,b75901d0-3036-481c-80d9-8272e52e1409,False,,0.0,0.0
11f84d5a-efb2-49ea-9a18-a6cd601b9d34,5944a69c-a341-441c-bc16-5571957a66e5,False,,0.0,0.0
2ec8f3ae-996c-4f95-8f91-45cb0a2a73e1,19ffa018-c1c1-4a4f-915e-a371f0b10781,False,,0.0,0.0
bafd6955-cf12-477c-bccc-f247620c5f5f,8852787c-891e-4aa2-8097-09fa5159b574,False,,0.0,0.0
7dfcc961-9b87-4f51-8cce-e66556ebac47,e2e6e895-55e1-4b39-aafd-5fed17f20b40,False,,0.0,0.0
d9caca35-60da-45b4-93eb-4d6d4ba8fda7,8fca9026-a738-40e8-9f3d-0200c5acf275,False,,0.0,0.0
3e7f4dd6-369e-4cbb-8988-6d5d60f137ab,d44260d2-5f11-4839-9203-7fc25366e938,False,,0.0,0.0
66242a8d-0915-4771-bd16-cdfebbfbe8d6,3f612028-cb4a-4aa4-a520-53b68faa2da8,False,,0.0,0.0
01b1e03c-0502-4307-ae1c-24c4e5cdc25b,4f842010-a48f-41f1-9be4-0ba9902ad019,False,,0.0,0.0
1c75eb7b-3bb2-497d-b3c1-02b90cd5b170,3499a783-9b47-4e77-b133-5445d695847a,False,,0.0,0.0
1de34651-4749-4b30-ba43-8b97bff49050,15458478-5865-4721-bc25-7ff18fb30b07,False,,0.0,0.0
3bc0ac8f-ea8d-4369-b67f-2c6c1e76f23a,6ce87f51-1eb2-4170-b1e2-d719f2034fe7,False,,0.0,0.0
c44853d1-62d9-4c29-81d2-d491e1178708,b1f6d38e-4297-4b04-a6f2-1e777ecbca9c,False,,0.0,0.0
43fb6ad3-0ecf-4b09-aa6c-a6ef0fa11ef6,264e448e-1a87-47b0-855f-c748c6d273f9,False,,0.0,0.0
c580b778-1634-44bf-9040-f04b17470d58,20f5128d-51ab-4c77-a92f-adf7032124e8,False,,0.0,0.0
bce223fa-fb5f-4273-833f-e3ef57cb3786,7e45fee4-6ea8-4b32-a38d-9fb071c487bc,False,,0.0,0.0
1251a41a-7154-4b62-b535-4e1ebdc8c338,6b08984b-a731-46f3-9485-39236223733d,False,,0.0,0.0
599785de-5df8-430a-9c09-4675527fcb16,fcb4ee27-c167-4c84-a943-2abd5b95509f,False,,0.0,0.0
8989a038-c2a6-4001-95ec-6c0041031890,502e5598-3c3c-4182-a024-4fcf25445d8c,False,,0.0,0.0
107f9aa1-e79b-4ec4-b819-c524518cb208,c9886df0-95d0-4dac-8ef2-4e8ad1fcbfa4,False,,0.0,0.0
5ae117cc-e706-4f75-9e81-858198e957b4,c5798f5d-9690-40b0-9182-88dd16965a15,False,,0.0,0.0
2193e556-2365-457b-994a-996a6ac9e902,6b766741-cd26-422b-9631-15d046f860a9,False,,0.0,0.0
e63a0b5e-0b17-4a1c-9f9f-4bd924247548,ce8437fc-38cd-4ced-ba7b-c404650c5ea2,False,,0.0,0.0
9446df41-6132-46af-9fe2-0b7e747024a1,590c3cdc-7455-467a-9623-d84810b72ccf,False,,0.0,0.0
643c8a4a-be9d-457f-8924-d745f2f884f6,2bd6f0fb-ee3c-4687-b704-eced5b9df42d,False,,0.0,0.0
2bc09f82-f0ac-4067-875b-d0f0408a0157,a190aa44-a888-4521-845c-10ea1d842e8f,False,,0.0,0.0
6cc9c3a3-4424-41f1-b38c-9e4fa3a209fe,9c174363-bc44-4b36-989c-568d5674e177,False,,0.0,0.0
3b8d9df3-89fb-45d1-83a1-b1a05fe41335,55b82364-9ca4-406c-9076-ddad317e43a4,False,,0.0,0.0
7c6ac92a-24cc-4150-8eb5-b41e52979d80,53ad132c-0131-471e-8338-57e4877478d3,False,,0.0,0.0
d6cfffe9-82ce-4587-98e3-e0eee1665491,2dc58521-29c2-41f9-beeb-f53978731a4e,False,,0.0,0.0
fdfb4336-d690-451a-ba34-cdfc91c3da32,6b4203f7-d2cd-4f44-94ed-228b65773498,False,,0.0,0.0
514ae3f0-e000-480f-97c4-b80bd3c8c036,afd0c396-bb31-4aeb-88ce-14bb7dc63851,False,,0.0,0.0
1a7be619-8e3f-423e-b003-8234b96f2bfd,bef0e0f1-1791-4e3c-8c75-70cc8e32ebbf,False,,0.0,0.0
d8fd01d6-a3b0-4f5a-be58-2be0d7174458,e06a46b2-bd93-483f-917b-d6cc2195e073,False,,0.0,0.0
13b1cf60-a8c0-4611-b316-7dfc0b818833,57cad887-b916-4c61-a2d0-0779724d3c00,False,,0.0,0.0
06628028-6a1c-490c-9aa3-48e298f10646,fab8cd39-d6b3-481a-ad37-0c84a011d446,False,,0.0,0.0
31bf8be1-2c7f-467d-986a-73f8f60d2523,9a2363fe-6901-488c-bd8a-3090353a044d,True,2024-10-16 18:31:17.167584,9715.8,5662.72
55a08bd9-f810-4213-b325-3d2d79139c59,4a95c90d-7c17-4917-930a-835ddcea8b59,False,,0.0,0.0
952d47c3-6ced-45af-a36f-ccb929a3994e,6855a90d-0f2f-4a57-8883-93111216e243,False,,0.0,0.0
a2272c48-d652-413f-938b-20699585f701,b01f90e7-6b0c-4da5-89ef-a19b2d98f251,False,,0.0,0.0
5d5aff28-3d96-422f-b8b3-968fb58638c5,8abcb652-ee52-4b7b-8cb0-fe85e4184c38,False,,0.0,0.0
4cdeb0b4-8842-4257-9846-af2ac9a45237,a96bc761-3717-4e45-a570-6108fc78090e,False,,0.0,0.0
19ed68da-1289-4b0d-ac5c-b470007630e9,45d89da6-0a5b-4eb2-9667-91896ed5ca30,False,,0.0,0.0
c2193a07-9f74-46a4-aa2f-fd9be7a97114,43d8c607-f27a-4635-a064-62aea0683570,False,,0.0,0.0
76273ac3-df05-45ce-84a7-c14aa5217265,bce642a4-05cd-4d7c-9231-6495e333b8d0,True,2024-04-08 02:59:51.194224,9781.23,4213.38
9c841096-cbe2-4476-b09e-2156e43fc65a,e756b705-ae40-4d26-a84f-52adf60768a0,False,,0.0,0.0
a0e75a1b-08c5-4307-9e66-604c93824c86,cc5732f2-871b-4b1f-a0e4-0a11d8fbfda5,False,,0.0,0.0
2b870751-1bdd-43b7-8bc6-ffcf6af48786,b3cbc1c4-4cdf-4ab5-94a0-f4355b3d7f2a,False,,0.0,0.0
abfa6205-e825-48e2-946f-513bf9b5e7ba,21e5259f-cc0c-419c-a973-6b1829d5039a,False,,0.0,0.0
5cc930e9-2a77-4c80-9da6-6965d28d1919,7d5887a5-a554-4394-b39d-ea6f06919b1d,False,,0.0,0.0
a45a0ca5-aa7e-4743-9398-3f2a343d336c,4d7f6dfb-03c2-43e5-a150-e2162fd049b1,False,,0.0,0.0
e929921a-43b2-45d8-bd27-115471eca67c,e988a44d-b9ca-4928-9e2d-22f6080fc9b3,False,,0.0,0.0
73094144-c8dd-4c87-b50f-e0ffc1636cce,7c976337-ee66-4fd2-833b-14ed216c0ed0,False,,0.0,0.0
2711365c-4200-422a-87fa-c279777b0b22,d96688c9-8623-481e-8224-da50bd10f69f,False,,0.0,0.0
f9404dff-40ea-4e43-bde7-4efa8fb7ee44,d980a784-1857-48fa-826e-08b6a0b58a0c,False,,0.0,0.0
5c597eda-3f11-48d2-9c7a-0e9de1a0e832,0ae95eb4-842a-4bac-ac7e-80ad29709912,True,2022-08-24 12:30:51.567070,5844.45,1909.47
c84a343f-cbf6-46c0-8978-c7b3444ca014,e489149f-6e5c-4ae7-be52-c22ca2070bf3,False,,0.0,0.0
c61afb81-ccf5-4044-8190-a81f637912bd,bff49e06-59e3-40f6-93b7-8bab38151095,False,,0.0,0.0
b72d958c-9d88-4358-9c29-0e4376b4290c,b88e33d1-6c10-46cd-9249-944e713db204,False,,0.0,0.0
596d98c7-0947-4b7a-8dec-5e01fdd921f4,51251262-85a0-4af6-96b1-ba8c4fcf9f89,False,,0.0,0.0
cb00f970-f220-4ab1-911d-46bfa7a6306b,f49eaaa3-0ef1-47f7-aa84-6c2c6d9b5aa8,False,,0.0,0.0
91caf416-83e6-4cea-b300-bda947a6dc90,f0c935a9-91c3-4637-bca5-013cf6b896c2,False,,0.0,0.0
d0caa69c-b55d-4ead-87aa-3ac2e50acb84,405db449-c06a-4817-a7bb-18babfd4f67c,False,,0.0,0.0
b2d6dbcf-ab1a-41f8-a302-ef151a7bd4ee,c36db2ec-eeda-49bc-9c40-6cbe50f370af,False,,0.0,0.0
1d090170-23e9-4143-a930-a81edc110a60,d46a1235-80c7-40d4-8b9a-0113b81c9d0b,False,,0.0,0.0
2e47f920-6482-449d-8e5b-1a7469626c09,b1f20ebf-7d76-4495-b10f-c4158f7c0071,False,,0.0,0.0
bbbf5187-df67-4acb-8f39-d06307de327b,cdeb8ab9-9ece-4b21-a9f4-07eee9320c6a,False,,0.0,0.0
f8cac1ec-5714-4bbd-9cca-35a0973be20d,4e0d4d6f-f324-44fd-8f13-72bbdb55667b,False,,0.0,0.0
8cff981e-9228-4292-8955-1604ba20d33a,676e34be-78be-4228-8455-da792a4150de,False,,0.0,0.0
6381e5a8-00df-4b89-95ec-836e8219ab7f,5097ce46-74b0-4243-bb1b-a7235ca9bc53,False,,0.0,0.0
8b3d7b95-642c-4cc7-b2c6-5f22fcf1947e,994a77f9-2522-4779-a004-1dd5fb932692,False,,0.0,0.0
b600983a-2ca3-4cc5-9cc6-8b3e6646ec6f,232e444c-de97-4f42-97d3-d848b6388b9c,False,,0.0,0.0
94f0e166-8c78-4107-91a6-af9d96ab4edc,7f3dcbf9-a0a5-4b74-aed5-a161ebfce2d6,False,,0.0,0.0
16f0edbc-14da-4b74-8736-1fbed54c6501,a7a13e62-a9db-4628-9748-ba0185147bc9,False,,0.0,0.0
af04643c-258b-4074-9b35-3de83310869f,afedc6c3-6979-45ea-99de-fd207d3a8826,False,,0.0,0.0
a4b91d34-756a-4a70-bf8b-0ae3dc0907c4,b67af865-cfc3-445b-9464-cda8dbf7fa26,False,,0.0,0.0
a933b92c-34a3-4c2d-aa0c-019e27077280,efe739dd-6260-4cbe-a8de-eb1c281ec259,False,,0.0,0.0
01fd44e5-083e-4905-bf27-eaab762a2bff,b481acde-eeaf-4b56-99b6-5b6b6ef1d60c,False,,0.0,0.0
2e57584e-642e-4bcc-925a-ff1a7ebff423,32fc5015-b2c4-406b-8381-023f292faba1,False,,0.0,0.0
bfbf7c51-ec39-48b2-a7f7-9fa3b7e97e5a,9daeceaa-b306-4396-ba12-2631715463ee,False,,0.0,0.0
8edf6e94-7e62-48f5-b434-c076f4fbe607,0ae19e7e-1b6d-4927-9315-de9ac4024764,False,,0.0,0.0
57c459ca-554c-4b53-9db5-ab4778ac56ec,e7718e1b-d1df-4ff0-b5f3-2c8e83fc7a2b,False,,0.0,0.0
82af7928-57c6-4af8-bb39-13b4f9a229c8,d4488069-5a9b-43f8-ba09-a484556ed0d1,False,,0.0,0.0
d49b5e7b-e410-412a-a075-c405880a13de,9c9425d8-2bba-46f4-8383-1cda626cc54d,False,,0.0,0.0
93a7197b-02aa-4d12-95c1-082a53b3b2d0,1eb51009-2f85-46a6-a47d-2d527ee0938e,False,,0.0,0.0
379377de-382b-484c-a011-83bd8d09268b,8eec22a4-f966-49c2-9796-b7b190b7f26f,False,,0.0,0.0
5194ad30-a973-45c5-a967-350e4fff079c,84add36e-67b3-4154-a67a-e19a3c6736b0,False,,0.0,0.0
7447664e-20dd-4e5f-b93d-15f14ece6342,a484be3e-2191-490c-bc86-1a6af55db8b9,False,,0.0,0.0
ae3b8f95-cabc-4260-b6bd-6adda5e64876,41431647-0aad-44b7-93a2-b6cb3f3753af,False,,0.0,0.0
88b97e23-9a28-4f1f-8213-1eb64005e73c,d0b21f98-85a7-497f-a90c-07eb5793f195,False,,0.0,0.0
921adb60-e176-4e61-a102-946dd8df3896,7792a78a-792a-43f4-8b1f-a8629fa0aa69,False,,0.0,0.0
bf7ecfba-4511-4545-8013-2f8fcec6dfff,0af20a23-e3c6-4f79-aa0e-0060ae2a9c01,False,,0.0,0.0
19e447a1-943c-4e38-a022-a41f4584eb9c,5caf5c6a-64ca-48e8-8dde-dccc831bef03,False,,0.0,0.0
10124bb5-9732-4a94-acbc-c0179f49072d,b79ee140-1844-4abd-be41-635f150a5643,False,,0.0,0.0
2d1e9bad-6f0b-47a6-9e00-a9cbad58e53f,a7ee2f23-9e31-4cfd-9f09-87e9259b5aea,False,,0.0,0.0
d037ba43-fac5-494d-9b02-5f5df841c251,eabd37da-c357-4620-be24-5711b4cb1a42,False,,0.0,0.0
014effea-26a2-484f-b2b6-e5b4e34f6e8c,160a56e1-1cd2-4c9f-83ac-0d1b2cb15c02,False,,0.0,0.0
1a3bc8f3-8724-4628-9807-0c035ee0412c,f8644f2f-ddfc-45c2-b72c-74985a15fc95,False,,0.0,0.0
6ba25963-dcf9-40c5-9651-b0204069c085,9564d4c1-aedb-4262-9d95-b4d7570edab2,False,,0.0,0.0
b89ab16c-0e59-43ac-a3f3-0d49382bb52a,63a35592-34ef-4156-a55a-b787a292bd6c,False,,0.0,0.0
7acb2f2e-94d5-4cc1-af5f-fe359f3f44ad,279e04e7-6100-4856-a2bb-0c8d7bdc80ac,False,,0.0,0.0
bef3c2e7-30df-4e95-91ee-88ffc9a6eee7,2ae2c9d1-365d-495b-a707-9421cfd2be23,False,,0.0,0.0
99be6c85-7c74-4137-b68a-d97cf2d17378,5f786318-3e63-431e-9a6d-a2e5e0351e44,False,,0.0,0.0
91162afa-9f29-4d53-b243-315c4831a3d7,27180985-f2d6-418c-83a3-574a919cf735,False,,0.0,0.0
0c5d8970-e754-49ad-9245-e6e91d9f5f0b,9170d854-c734-417f-84a3-60a6925d5ff4,False,,0.0,0.0
3dac573d-9451-48e4-a79e-b85105422c79,e2c350af-42e3-47d9-a97b-43bd00b73636,False,,0.0,0.0
c1aa62f1-3c89-4172-a4a8-23caf494de81,0bb5c276-abe3-47f3-8066-703846dfe43f,False,,0.0,0.0
3c00ccb4-2884-49f9-bc50-0f256824e6b3,3876fdaa-7af8-4c9f-a913-cb7645071807,False,,0.0,0.0
59308eb1-65f5-4000-96ce-6a7f49929e58,084a4052-4913-418b-9dcf-f347b5d84cae,False,,0.0,0.0
b0497fba-d05b-4be4-8454-fa6ab4dc13f5,140f9b24-fcc9-46c6-bc19-ef424cb9c5c6,False,,0.0,0.0
be2d6097-2ace-4c26-a116-075f4665d93c,2dc58521-29c2-41f9-beeb-f53978731a4e,False,,0.0,0.0
8031fb53-3e2c-4c40-86ee-f1103f1c6a35,673a0c97-987e-428b-8caf-ae2b15caf379,False,,0.0,0.0
a931250b-c8b9-4e58-a00c-684217fe0e53,20f5128d-51ab-4c77-a92f-adf7032124e8,False,,0.0,0.0
e879248a-1132-43d3-a95d-1c5212904847,0b53d4e6-301e-4689-bffc-b3fe23593443,False,,0.0,0.0
3ee099ff-de1f-4ee5-ad44-362665313a3b,3800da79-fcd1-43b7-ab41-168370972046,False,,0.0,0.0
02e81d05-9f9f-4eca-98a7-af4cd67cc438,f805d526-5e5a-4447-a282-20cd8ea359f9,False,,0.0,0.0
38f34200-a84c-46e9-9c4b-4e4b94afea37,a28322e8-d171-404f-9f48-00048910d70e,True,2024-06-28 01:40:27.099658,5929.41,3411.9
d86fcccf-ba50-409a-9b78-323c0f60ca2c,685a9a7c-b83f-44ca-b9a0-d586369db2ef,False,,0.0,0.0
5c886cf8-6eff-412a-8a72-22bc2df5b529,916efd7b-7cc2-49b7-95b4-59923d49e4f8,False,,0.0,0.0
c45b6712-f1ee-410a-8e5e-b56b51128c6f,3fa83ff8-dba4-444b-8892-80fd22bf52d3,False,,0.0,0.0
9e2c7dc1-d940-49de-be37-8d8a06b2a9fa,0db1565d-6d70-499e-830b-105742fbacf1,False,,0.0,0.0
8af4d673-b459-4b05-a144-0cafc88e1b25,c7a9ff30-99d6-4609-868c-10055a9b9519,False,,0.0,0.0
3483e815-ece4-452e-bcdc-557a2775076d,b43e9061-171d-481d-b57e-526c1627999a,False,,0.0,0.0
8e9ef79a-fe86-4892-b493-d642226d6a84,7ff5475c-d83f-4f4f-ac0b-fe69d0c29b24,False,,0.0,0.0
af9c44c6-bd65-468e-b0d6-868792d717b2,85e620fe-a44e-43e1-85ba-136f594ed61a,False,,0.0,0.0
a689a515-0d0e-4ec6-b966-2768ecff99c8,96bc3f42-797e-4c89-9bbc-af4503d7f55b,False,,0.0,0.0
20a2be2c-6b5e-4014-946a-0a11a914b40e,7a0ffa86-5eac-415d-b274-2e763b6becb7,False,,0.0,0.0
6e46ebde-7867-45ff-862e-9608af9b3c26,722899a2-b752-4753-a60d-400fc3b1ef08,False,,0.0,0.0
cf5504e5-ffc5-4bf3-b38c-3e237a808c63,6ce87f51-1eb2-4170-b1e2-d719f2034fe7,False,,0.0,0.0
7c76ce2c-55e3-4e3d-bfdd-afb2ef808629,d66cbda1-20be-4394-8cbb-ca011cacfd9f,False,,0.0,0.0
b2875309-c0bd-4c8d-baf1-0e93f5275d53,2ac09858-228c-4659-a4d0-72f80e8db9f5,False,,0.0,0.0
13524601-cefd-4749-a624-ae7f2f85accb,a4d6c76c-a3f5-4c8d-b9ce-fff31b3ec681,False,,0.0,0.0
d87acf71-7211-4245-b1e3-46cf5ce746ec,a1592b44-d781-47e8-8b33-94d7aa8d6f81,False,,0.0,0.0
cba10f1f-fd0b-4c5e-8c73-c14d93f88f0c,d0b66c10-6bfd-41bc-9a93-03eae75ec164,False,,0.0,0.0
99af6909-1a93-431d-b693-1c174c3cad7c,0488a0e8-1028-45b4-b938-ce7ff86e2588,False,,0.0,0.0
b2ece0ba-aba4-4a0f-81e0-d9afdb472581,e9faa206-7ad7-4ad5-82dc-09c180ade83c,False,,0.0,0.0
9fb0f216-b3f4-4f2f-b550-3bd9094a2364,e282338d-27ae-400a-86c2-e2be83b5c73d,False,,0.0,0.0
d78a882b-6813-4da4-9bc5-a0789dddd2c9,f977de8f-f140-413b-a4cb-bdb8c4beb48f,False,,0.0,0.0
01b3ac18-514d-4e3a-93b3-9ed3147bbec0,1192e4dc-c99a-4a60-9fb4-6e9e15490c7e,False,,0.0,0.0
d03bf5cb-04ee-4f88-9070-cbd060080879,fe4d58c1-6794-46cd-a17e-e03a8a5db90b,False,,0.0,0.0
57f7e559-50ce-4c61-aa97-8f51b34cbd62,7c641c58-a52d-4946-bc03-032cc7f020cf,False,,0.0,0.0
f3feab47-95e8-4621-99a4-b155ee31a9d2,f8644f2f-ddfc-45c2-b72c-74985a15fc95,False,,0.0,0.0
1baace1d-06f0-4e53-bb9d-e9e646eaeeba,130f0872-966f-4d47-8321-4b1455928cd5,False,,0.0,0.0
fe0d9f08-3354-4a03-a26e-ab1f73862bb0,f43c67ba-75e3-40a3-a4ac-70a3e84c1940,False,,0.0,0.0
8fa994fd-d017-4285-a182-0fa1f3e0d19d,ffd8ca90-cc12-444b-bdcc-5163cf3b5aa8,False,,0.0,0.0
0ad2b8cd-7d3b-466f-a193-d8f8b25ac170,f765f8a0-ce43-47c4-abfd-dbf938498d35,True,2025-08-04 03:13:55.158708,5415.91,3013.51
da0f92fe-0ad9-4d52-9281-751f7ae1d0a2,bb404bc8-709a-42bc-b6da-79bba91e25a1,False,,0.0,0.0
ac679a52-013a-4e91-a44d-3d6804bc5814,e5a5788e-2b80-41ed-8a1f-783a31372ca1,False,,0.0,0.0
2f47ec0d-77aa-4043-a134-596df29e4be2,518d38f8-6904-4328-871c-db5df728a97a,False,,0.0,0.0
bc84493a-040c-4954-aaed-c0f2c0287134,aad74fe0-5f48-487e-a0e6-60c2b477caf7,False,,0.0,0.0
0439626e-e4b0-486b-9b91-79440227efbb,a118766a-cc45-45fe-893a-d01fb18ed96d,False,,0.0,0.0
27c9f0ff-9717-41bd-9c29-6e48bd3e92d9,fd5baf20-7da2-4e1b-be7a-31688e72d17c,False,,0.0,0.0
4629c17b-8195-4e4b-b442-6a669b68f230,b8f73fad-9937-4931-8333-59b960857b5f,False,,0.0,0.0
3a0e3ce4-6d05-4c40-a5d1-e31efd82df64,5e48245a-b19d-4b55-a5ce-fa0f8671e213,True,2021-07-29 19:41:57.217440,10154.87,6072.74
55952494-1357-4c53-865e-b1cbf1fd9b5d,3f532270-4432-4bd0-902f-1905a778f14e,False,,0.0,0.0
ce588dbc-9d9c-426e-84dc-49c17bd43c98,7d9def75-1138-48db-af2f-841100d190bd,False,,0.0,0.0
8d3d7cfd-92f3-41ce-a79a-dbea5f7f87ac,ac7625b8-0fc0-4f77-b27b-14fdd4edc9d8,False,,0.0,0.0
494c64b1-5d98-4c69-8062-3d3507eb6fed,9f1c9fd4-d449-4964-b9cd-213b5748218a,True,2025-07-28 12:57:25.969027,36681.4,851.74
3a5cc780-b669-4484-b560-1c496f7f2ffd,3d5e1fbf-f22a-46f6-92e4-455c0112ae15,False,,0.0,0.0
2117e8ab-d26a-4b93-a509-e12f49daec72,bf5628b9-30eb-4400-9d55-8095e6c75732,True,2025-01-12 21:28:41.894216,1731.93,228.68
8f2aa955-8594-4a81-85f8-6ae5911ab990,662b7ae4-c2aa-4e0c-af74-10dd57790735,False,,0.0,0.0
d5bacb16-f391-4b35-93e3-e3603e46d391,0c0575ab-2dce-4207-800e-45409492ba69,True,2023-03-31 07:38:17.618109,5128.83,110.65
2322af1b-59c0-4ecc-b2ef-0cd81affa9e2,2212b446-f39e-4b73-a24a-7b893f22cd74,True,2022-04-27 21:20:46.644862,8512.35,184.56
064f43de-5b2c-4f4c-959a-73dda605d9e0,bf5628b9-30eb-4400-9d55-8095e6c75732,False,,0.0,0.0
4c008b27-094e-4dce-ba89-ced5975937d5,4083dcf3-91db-4fbc-86ad-dbe7b807c910,False,,0.0,0.0
209e7bd7-9bcc-45a1-8dfb-e8685a47cfcd,aa7898aa-95b2-468b-ac92-275a68599dc4,False,,0.0,0.0
a8e0d534-9fdf-44d1-8c2e-019634073964,7c976337-ee66-4fd2-833b-14ed216c0ed0,False,,0.0,0.0
b38ebd4a-5964-43f8-8871-ef5cc09de507,c5ee154f-6c3f-4efb-87ba-1cc7c58e411e,False,,0.0,0.0
de0deb89-b45c-489d-bc5d-bbd553caeae4,e7a9f866-38f9-4aed-a5c8-5224d202d65b,False,,0.0,0.0
288dd4b0-94c1-42c3-9f2b-23da515da62c,96239346-29b3-42d3-88e6-36b5740da9d6,False,,0.0,0.0
6bce4662-5217-4784-a263-90784a8b1a44,2449ea0f-5e6b-4e56-ba23-53358d759038,False,,0.0,0.0
c95cb525-3f12-4ccb-84be-650f78f8170b,cebe11c8-16e7-450e-9486-cd280cabf18c,True,2026-05-01 00:22:00.076892,652.05,433.96
e7b6da51-2e9d-40bf-89cc-8a92cc508fb6,f4c621ef-e80b-4c7a-9c3d-ae7b2a630401,False,,0.0,0.0
4a62c3f8-83e7-4b24-b965-6877c9b992f3,df681283-d4be-477b-8f1f-114793cabbe1,False,,0.0,0.0
6b2c05dd-612f-438a-a5c8-c11e2cef2b61,66c67afa-057f-41df-a3af-85416eb194b8,False,,0.0,0.0
22e0c86d-280a-4aa6-9281-673f0080d9f0,b90db373-5553-4a05-b960-a10e8ee56246,False,,0.0,0.0
68e191af-2c9b-43ae-80ca-30b7943294b2,dc399fe1-bfd2-45d7-acaf-9eeb21b5b893,True,2023-03-24 15:24:04.995796,54862.29,28534.72
b028c873-a6f5-4b0b-ac08-bfdfd98e74bb,b8ba61b8-41c1-4233-bf2c-1fd1f34ab83d,False,,0.0,0.0
5f9a930f-5b8a-4816-a297-4d32464d2fb2,f3234331-1828-4e61-a6de-fcafd9ba9cdb,False,,0.0,0.0
0970ff36-c712-4857-8376-dfc42228ad86,640b1814-2812-49bc-9d3c-d2be08a97c0f,False,,0.0,0.0
ef1c896a-218f-40f2-82d9-a7418aa0a891,c950824d-5a9b-441d-8508-2f78f17b25ef,False,,0.0,0.0
ece94324-26e5-4ac4-998d-e6b3a6a2afce,2740a29d-f7d7-4510-bfa7-2ae11139dd0f,False,,0.0,0.0
f9197df3-6e5c-4480-b252-e30dcbab6d8b,4f4cea72-e493-4415-aa4b-f5dc0a599c13,False,,0.0,0.0
52431392-0e6f-4d6a-95d9-01771bb9a9bf,2c20fb0e-e632-4f0a-bac6-885994f6614e,False,,0.0,0.0
1146ceed-df15-4abd-83f9-5673b3dbb7bd,602596fb-d206-4a87-a2c6-0435dc5bb24f,False,,0.0,0.0
6e717310-3240-4ad7-b788-b8c927d62719,01440fa3-5fcf-4c27-868e-47b0d87db947,False,,0.0,0.0
dce5401a-3cf7-4e24-b61c-d57d322ae102,ecedf328-e669-4d22-9d50-d2eb5ec74b9e,False,,0.0,0.0
b65ca350-c1cc-44f9-bea6-ac61f66e28fa,5c05dcee-f49c-46f4-ab86-d1c5eab2bbe3,False,,0.0,0.0
25f7287e-5f67-4d60-800d-5c38a109700d,915fbbf9-53cf-4f73-a384-bb95921409e1,False,,0.0,0.0
458a01de-3238-4d85-9069-bf052c880544,99155bef-28c0-4e9b-960b-63a92a36856d,False,,0.0,0.0
591e875a-665e-4fad-af11-3376c62d2991,33dcd09c-a8cc-4023-a43f-daf08a8016fe,False,,0.0,0.0
f5807009-c492-4370-b976-50dcf0e41831,2a24cab7-eb65-470d-9c64-72c8bafe90d2,False,,0.0,0.0
731ac919-6061-4f28-9fea-a8beb7fe40f1,759f52c9-9232-4a95-bae0-1ea2ce4771b8,False,,0.0,0.0
dcedfae0-a343-45ba-b465-a1cdf23e5b9f,66a4372a-997e-43d1-b87a-d8968278e194,False,,0.0,0.0
fffc4e05-27a0-4baa-bea5-67a0770edd78,7dbb4c18-4984-40ab-ba0e-25398a3e50b5,False,,0.0,0.0
048bdba7-b4c0-4b8b-8920-7f41f82f4207,230b5490-0d53-4045-bdb8-5b9744e05787,False,,0.0,0.0
3b96a2f7-cf29-49c2-8396-d6f73e76d0a4,938df7c1-ab0b-44fc-99b0-6cf925dfa1fb,True,2022-01-03 07:48:19.473223,40060.45,9997.72
cfedd858-8bce-4d9e-b8d0-1c6e5644235f,f3be0191-8b42-4cfc-86ec-9b9cc02ac918,False,,0.0,0.0
7ee9e7f6-2bf5-4582-9c34-b93847d7b769,7c641c58-a52d-4946-bc03-032cc7f020cf,False,,0.0,0.0
b671ac2c-cce6-4a9d-a8ed-eff161553c3d,3ae61863-a544-4d55-93c7-f140ea224efd,False,,0.0,0.0
aaf7217d-cc75-404f-9590-617315d047ea,45f97eab-b43c-4be2-a3fc-722194fe41ec,False,,0.0,0.0
82b3f10a-0f73-42cc-b5ef-eec869550311,9dcb65be-3fc0-496e-84f4-caeb49a4443e,False,,0.0,0.0
0b8e90fa-fec5-4e9a-a5ec-a03a8d64e9d2,9267e278-9bd7-49be-a265-eddaea02cc7d,False,,0.0,0.0
2635deba-781e-4a22-a9ed-27ca39ef0e66,78f8ebed-05cb-4465-9e8f-ada4b4c77a96,False,,0.0,0.0
a5dabbe1-da08-400f-925e-93a045fd4af9,c7a9ff30-99d6-4609-868c-10055a9b9519,False,,0.0,0.0
dbe00da5-6855-41e5-9e5b-e4b957363f2e,4fa3baf6-48f3-48ba-a697-64976cfb6acc,False,,0.0,0.0
221e427b-1e1d-4a2e-a148-81c9c55114b5,e6b23125-d568-492f-9032-5480b01b5658,False,,0.0,0.0
bcd83e4e-3ea4-46d0-9127-0aadcd0f32c5,d46c5776-4db3-4044-a887-6b7f64694f53,False,,0.0,0.0
dff00794-362b-4bc5-b788-07d8a98246c1,22ae8888-5200-41ca-8855-f44a33704903,False,,0.0,0.0
c1c0cc62-7aa3-4f27-aeb5-228b6129fe5c,7d957e47-aed1-4cec-bcd7-e0eabf817a17,False,,0.0,0.0
bc976bff-85d2-4a02-9ae4-7f42265b3e2f,d24e4a96-f3b6-45ae-b8c7-f2360a6119f6,False,,0.0,0.0
01d39626-226b-4192-9764-f0150e9fec10,cf928274-9ffc-4f2b-9ea8-22bb57385567,False,,0.0,0.0
9ad1fd19-440c-424e-9722-aac01f99fea0,0caaf782-dae5-408b-b454-83ed12ed553c,False,,0.0,0.0
18f2700e-0d84-42a8-8b2e-51f64a80712b,d498736f-6eb7-408b-bf57-2473098364e3,False,,0.0,0.0
5bb854ec-9bb1-4049-97be-acfa2ef6cf30,f822c3b6-cb28-49c6-a4a7-ad110027112a,False,,0.0,0.0
a1e07b7a-e437-4bdc-8c29-f444e27b80a2,386bf5fc-9b52-4a4d-851e-4fe83a6570b5,False,,0.0,0.0
4315fd38-0586-4274-9360-4fc648569e04,e498446d-38e6-4f15-8dba-2c36fb0100d9,False,,0.0,0.0
545d9ef9-c047-455b-bc3b-80b503e47a29,2bf998ad-c92a-4b0c-a56f-fbd8c4329e78,False,,0.0,0.0
c3ef7c1b-097d-48b7-9495-f35f411a60db,0777cad1-c900-40bf-b1b1-59b61e8c8499,False,,0.0,0.0
e4b85817-d56c-432f-85d9-a75419dcdcf7,32b6f533-c5cc-4fb0-a1a6-2208a1f40627,False,,0.0,0.0
11659321-77ad-4c00-a02d-a7f93848e55f,2c9c763b-e454-4286-9dd9-76469d892032,False,,0.0,0.0
cd769166-5cfa-47c9-819b-7211b2a09fec,1a950f3e-bd84-46da-a266-04f3c9afd545,False,,0.0,0.0
8b267f40-a4e3-438e-8250-5676d8124cee,910aeb6f-6b56-4091-a65c-9da5be160640,False,,0.0,0.0
66eca1de-85df-4e9b-acd0-75d3e104abc9,df94a2f8-0644-4f36-b31b-38886b6ab820,False,,0.0,0.0
4d311909-64f4-43c9-b217-673f5e594abb,3c91accc-5538-4109-968e-8bf69f3df699,False,,0.0,0.0
068fb4b0-67ca-4839-b5c4-db3ba7130f2b,183f36db-54be-47e0-b566-639489a8c57d,False,,0.0,0.0
b05ffbcb-a321-432e-835d-605990277639,c94b3a6f-72ef-417e-baf8-34f29aef9aec,False,,0.0,0.0
3fbbee14-694c-4c34-97f5-3adfb512eb13,5dda5439-d5af-44fe-8a97-8dfacb3f99af,False,,0.0,0.0
4e754c9e-fad2-4036-b33e-032d6d3a7c3e,0f5449d1-910a-4ebf-a909-3889e42cfe33,False,,0.0,0.0
19eb5000-6451-4eeb-9a30-2a5ca8f9fefa,d220f704-0da1-44c5-b0ca-6f70cb3ffc4f,False,,0.0,0.0
ca40cb0d-4811-456a-8608-c255d609ea98,21f3eb6f-3298-4758-b585-ac00d3c874bd,False,,0.0,0.0
720b8901-dc90-4597-a570-07a5729c7f9e,e84dfaa4-4fa6-497e-b96f-52663d77546e,False,,0.0,0.0
59a0429f-ae24-4d81-9fdd-8dcc0adad7b6,d3c0331b-c002-4999-8fb3-0320e9bdb511,False,,0.0,0.0
c8d95c3d-fdf3-4ec2-8512-875d9af29803,8c490e4c-c780-4892-aa93-f2c4094183bf,False,,0.0,0.0
c4104644-3e7b-4d74-89f5-f6c082dc1e4b,d5828d59-e1ce-459e-af10-2145227b0512,False,,0.0,0.0
ebf54281-e80d-4d8b-b03d-b33b3800e3cf,7b67caba-8675-4c71-9eeb-96012b4b8171,False,,0.0,0.0
32a837f2-be2b-4042-9775-63d04528f457,27aedaae-8c48-43f4-bef3-89ba0a7016c8,False,,0.0,0.0
b3ac0088-f33e-4c9f-b96e-6fa97d5d2a32,eab10bcf-64c4-4063-ad68-53c64cd3a6a4,False,,0.0,0.0
f6aa369e-4b72-40eb-9451-98ea4e4d9b15,9522496e-a7c8-49be-9082-140aed00e657,False,,0.0,0.0
59163e3e-8a6b-4014-bd9a-4082616e144a,dc2f952c-2583-4b38-8ebf-3ea4c7a69982,False,,0.0,0.0
eeed68c2-8a4d-4576-95bf-048bb4607450,47155ad3-8ca0-4d2a-9a93-98e6f487b599,False,,0.0,0.0
1b227f09-e081-4825-a310-a5ecf7972ef0,539b4d73-1397-4f7e-8a67-7292755afc3d,False,,0.0,0.0
01531e53-7348-4a53-b889-8cac320ad841,27facb5d-c74d-4800-be1e-0254e35aac0c,True,2022-01-10 13:49:44.853051,4336.59,735.9
30e4c67d-be80-4d50-a589-c7c614a531bf,6f3f753b-3fc1-4984-b818-1f7aaf2e1558,False,,0.0,0.0
dde53f6e-496b-4a1b-b490-a9954b2f7c3d,e55b116e-680c-40c1-8d57-9ea09b7d5a08,False,,0.0,0.0
b75de616-48c0-4040-9ef5-faba72916251,150f1ad2-476a-4f1d-bfef-bd38a8112386,False,,0.0,0.0
83074b30-f2f1-43c1-9441-7de9278e7032,54ea3718-46af-457c-8252-0d78cdbfaa37,False,,0.0,0.0
afb192d8-2603-4b9f-8d2b-f5e1d8972cc3,794f9276-d454-4573-b70f-9392863daa90,False,,0.0,0.0
cfc1677f-5af7-4f6e-9e54-c191c9ba943e,b281738e-d7c7-48e6-a495-430e0d6f885a,True,2025-10-12 15:31:38.901570,9006.99,616.89
15144580-f403-4df2-acc9-61934e76faea,16f89d97-0795-4c4a-962f-bcea7551eb4f,False,,0.0,0.0
366d415e-bbe9-46cd-9e1f-add4ea7a9e99,0c9ef5aa-a8ef-43a9-8db7-5f5750452f2b,False,,0.0,0.0
1bd5bb16-5e97-4699-8414-5f421ce29e04,e55b116e-680c-40c1-8d57-9ea09b7d5a08,False,,0.0,0.0
e1053638-1e64-4b7b-b8f5-58e4f6f33e36,7845a524-b1f0-4f04-a3e5-7b5027dfc6e0,False,,0.0,0.0
0da19434-6a5e-43c7-a144-ec044ae69168,23baa2ca-a90a-41cd-b4ac-51f0fcf086c5,False,,0.0,0.0
ac6db832-effd-43b6-96f6-f3841c573566,cf61ea35-d636-4272-a309-33ad1b3eaba1,False,,0.0,0.0
5b0b16ee-97da-4205-8203-2f18255c4b2f,480a202f-1cde-4b69-b8fb-04f3cbbc04a3,False,,0.0,0.0
62a45bb9-69a1-4dbb-aa29-aec084a19d0b,1093a05b-f26b-4379-ab32-dc3a03a4bf4b,False,,0.0,0.0
18dd114e-44d8-4110-bad9-b719ba2dc2bc,0927d2fc-0306-43e0-8e3a-bb8ae18f8b8e,False,,0.0,0.0
3389192a-ef4e-40dd-9e56-0bc334972daa,d5db677f-08bb-429f-a277-279b2498a9f2,False,,0.0,0.0
ca3f4c12-dd60-4ea0-ae95-0d8383d5e40e,0289a49c-e036-400d-a4fd-da37ce635ae0,False,,0.0,0.0
7f3661c9-3de8-4333-ba0d-034612362e9d,e6defc16-ea6d-4cb6-a245-65d450026d68,False,,0.0,0.0
5b7279ce-993d-4d46-b625-769b1278aaed,b7c315a2-dc16-4bae-a541-35f889238eb6,False,,0.0,0.0
ce491499-2a62-4ab6-85d3-1635a8b83d2b,ab6b897b-0ccc-441d-9d3b-9ac6be24af96,False,,0.0,0.0
a3750ee6-6122-4b24-98d1-441ae30e4f19,9564a7bd-c5de-42fb-9d31-5c0b530f7e66,False,,0.0,0.0
8b3ef708-46e8-49df-97e3-0e0696b78b45,d3d17709-a54c-4489-8fdb-a768e9390c7f,False,,0.0,0.0
cefa4fb9-5d55-4ea4-8ded-da413491c8af,17abe966-517e-47c8-95cd-3d70e1e3afdf,False,,0.0,0.0
bfc3d28b-5650-433b-bf33-9314d4e2d673,7e35cb46-7b76-4a50-a549-84aef3e205de,False,,0.0,0.0
2054fc3e-4739-471e-b7e0-34d407d66c9b,f77e1ee6-0c15-4b28-8728-971988c75e8a,False,,0.0,0.0
8e694ee0-0fe7-4ddf-a3a4-c7a213071d0f,ae2bcab8-551f-44f7-a5d6-9a97360824da,False,,0.0,0.0
4626aade-2a4f-4b92-abd8-1fef3be5761c,8ec29e07-ee0c-4303-b9c1-1c4a639817e5,False,,0.0,0.0
9949e02a-ba9c-4c33-91ea-fc1e4a4c3de2,a8c1fb64-39bd-43ed-a481-2414f139dc4b,False,,0.0,0.0
d9ed1c61-fd43-4064-885d-3c17d852532f,d73794d5-4cd3-4406-a0bd-60442e18b22b,False,,0.0,0.0
66a6a50f-ec09-40a3-bf39-65246fa61739,60920068-c403-4430-a31a-9c3c0d591303,False,,0.0,0.0
e06b02d5-cedd-4696-9a98-6438fbb82fda,35868ed1-e4a2-418e-b328-8280e3ca0915,False,,0.0,0.0
ec6ee9d5-9eee-4429-ad2c-437c3550cf45,8abcb652-ee52-4b7b-8cb0-fe85e4184c38,False,,0.0,0.0
f9d39ac4-098e-44e0-a143-dc7957dfdccd,b88e33d1-6c10-46cd-9249-944e713db204,False,,0.0,0.0
82b51894-15f5-40b7-8615-747420929852,1f473751-b579-4849-a22b-c2f850a8ad59,False,,0.0,0.0
3bc038d6-b718-4cb5-95b2-ff636afe7ebb,964d9921-41f9-4f45-86b5-dd45d41a4093,False,,0.0,0.0
787e62e2-f0ce-4539-8516-dc80db7db6cf,baafe28b-e953-4b78-9d8f-5010f58f56a0,True,2024-07-24 11:27:13.940864,973.26,220.35
60784698-8b53-4593-a48c-131c1d78e7b1,00f899de-fca3-49e8-b3fb-f31264ecfbeb,False,,0.0,0.0
c6824ce0-76dc-46bd-b621-235e7c9aface,2d555314-143e-4fb7-a060-8b8d47c57d53,False,,0.0,0.0
e7a1c7bd-6705-4603-98bb-a01b9b7b20a1,42bd31c4-660f-4c40-acd9-dc3f7123bc96,False,,0.0,0.0
888985e4-a481-46c8-9096-4f9a29f38d64,c6d93097-4d0e-4acd-9dc8-b74ad10b41c1,False,,0.0,0.0
b9f8e7a2-c9cb-4c7b-a46c-64c005818f13,07ca07d8-d2c5-4940-927a-72dff89cad3f,False,,0.0,0.0
0e57c281-9895-4e8e-bd0a-039a98b1eb9e,23c52c31-1e93-4ed6-902a-12a5630ae016,False,,0.0,0.0
2e12ba04-9d56-46c8-840d-cd3dd9a045b0,4083ff8f-e10a-4f9f-ae2c-219ab50f2f5c,False,,0.0,0.0
a7edaa9f-2d96-4667-a704-8ba541430a60,dfb2591d-f9b5-41db-925e-acaf8b67cdcd,False,,0.0,0.0
3f3a4cae-5b13-4333-a8af-93ddb49c89a3,7ab4d358-8f60-48e7-9cf8-5fc4db6fdf8b,True,2025-07-30 22:19:48.189277,44407.34,4486.19
7589a33d-cc22-4afa-885e-6ca87cbfb51f,7ec59e55-1b98-467e-8cc8-8dc68127a367,False,,0.0,0.0
78a8a2d6-88e6-4991-a9d1-3770b8857a95,78a118df-0088-4a76-8d25-c8d0fde90c2d,False,,0.0,0.0
e1791672-d6c0-402c-a9b0-28efc199ba06,48cff1da-7bbc-4b5d-874f-92058f9d7375,False,,0.0,0.0
21d616cc-216f-4c85-9c33-7a62136b9435,10f897ab-5b44-402f-aec1-6f6caea74c2e,False,,0.0,0.0
4505a742-bcb8-440b-a058-6d7d129dfe60,a3b44efe-25c3-4c9d-a856-1badee287a92,False,,0.0,0.0
dc8680b4-58ab-4598-877c-215146da208d,025c9425-c557-43d3-89d7-cc9c6af98a8b,False,,0.0,0.0
e2e172d2-4412-4821-9b97-cee0a2060afa,dc406c3b-2e50-478b-945f-d39a376788ab,False,,0.0,0.0
7e22399b-98d0-4e5b-989f-a18fd00e627f,b0385cd1-fb86-41c1-98be-6c14b2675285,False,,0.0,0.0
448d903e-a687-4f99-a743-7370325a543b,130aef28-f920-41df-8035-c5551bd12715,False,,0.0,0.0
e22cbdf4-4671-477d-861d-97e9ad8b1680,d7561954-d0e1-4881-98c2-fc34ebde34e7,False,,0.0,0.0
ff5721c2-99db-4f87-bf65-f0694f8c4e8b,300c0f07-c38b-4bdd-b7da-bc6860ca5ead,False,,0.0,0.0
85c6e330-b3fd-4709-971c-afda11d86ebe,c1a8a33b-6b77-4e6e-a123-61753e22a676,False,,0.0,0.0
ac3b82f6-eaca-4e43-af76-bdadb3fa8bd3,62a5aa21-2b3f-4e5d-98b4-d672212552fa,False,,0.0,0.0
d6f4ab8f-ef89-4ef6-9569-f10d798b155c,23451386-ebaf-4098-a6f7-12cc81ca7732,False,,0.0,0.0
94e805d2-9667-4008-80e9-f5428df5cc7e,720f1c3d-922d-42ff-829f-aa8fe4eb5ab9,False,,0.0,0.0
91d9e61d-2246-44cf-8b04-008c66ba8d24,3ccb9897-cadb-41c4-a00d-1e18aeadc03f,False,,0.0,0.0
6e575805-ba8f-4479-88f3-7f1e4c2e3d1e,c69aa024-7706-4602-9e5e-a4cd1426512f,False,,0.0,0.0
bf626ca1-d3d6-4a5e-9044-ffc0e91875b6,8914bc96-5cb2-4033-b5e0-edd684c62e4b,False,,0.0,0.0
ad6cd437-b822-4f2e-a02c-78a1db11fa5e,031d45fc-c9c0-4379-829c-34f70f5bc40c,False,,0.0,0.0
12cc0a5a-6dd4-43fd-9603-69107f1de661,61a73056-5114-4a97-89cb-c14823b1d124,False,,0.0,0.0
446720f2-a185-4e1b-9af8-de37bf12acad,3800da79-fcd1-43b7-ab41-168370972046,False,,0.0,0.0
7c34df89-b741-4d8e-9b9f-7055a25da9ff,f12d0664-dd65-4951-b52a-a2af2b5457b7,True,2025-03-11 14:08:05.717526,5155.62,930.85
1526665c-741d-489f-8f9d-16340f5fe7a0,75a8457d-74f8-44e2-b0a1-e5ddd403653e,False,,0.0,0.0
1e5a8f30-ea2a-41c7-a1a9-a184a5774e50,75ed76cf-cc29-4582-8167-86fae7e55d10,False,,0.0,0.0
5b1f6fe9-f305-4efa-aa71-8d75846efa04,9012d2f8-c3dc-43a9-9f42-feab979f5b27,False,,0.0,0.0
61c59fa9-f748-4945-9792-5031128db2d6,4f418193-e328-4c3a-801c-bac1c5b56b89,False,,0.0,0.0
4b0d0227-ec14-4398-bf48-a8bd63c27eaa,75a8457d-74f8-44e2-b0a1-e5ddd403653e,True,2024-03-23 05:06:00.589099,6857.86,3407.13
599e54ad-d307-48dc-a625-3aa123e5ff34,2b998363-4e26-4d3f-ab28-efa9959ee77e,False,,0.0,0.0
c0ff6986-413e-455a-972e-ae8771086e53,bc6965e7-bdfb-4e2f-8f7a-9bd510e68719,True,2026-05-30 01:21:45.306677,9402.02,1562.9
8ae89240-26c6-4ca7-9d1d-5dd41baa9e2e,23b590e1-f34e-4435-8f5d-0e9fc586e43c,False,,0.0,0.0
c049b1c5-af00-4e2f-8734-253d7fb292d0,a15c6648-d355-441e-be3f-9b1ec29295fd,False,,0.0,0.0
b50c4ef8-a094-4526-a37e-2975da8fc13d,119bd998-f1c3-420d-b7e9-1ea49c0723c4,False,,0.0,0.0
cc867bab-dbb5-460e-a222-7d83777b7c5e,cc6c7745-06a7-4afd-8327-aec2f737e8bc,True,2023-06-09 05:34:26.042442,2522.64,5.4
724b4425-16a3-4df6-ab6f-d51882ec4c2c,dd811c65-1f56-4aa2-ad9a-7dd60c075053,True,2024-04-21 02:08:41.311813,14123.09,3290.78
46145031-9b93-44af-898b-8882880b94cb,2700b560-9bd8-4990-b786-834b39c1801b,False,,0.0,0.0
f72773a5-8d9a-4672-9508-5800916a2152,29fcd3e2-6ea4-4e17-b28f-c8c688b30922,False,,0.0,0.0
8673e5cc-e3ed-4fb7-861b-97e824b1930c,c4593083-db40-4797-8ecc-4bd986db41b4,False,,0.0,0.0
4f25d985-edc5-430d-98a3-6c91b53d07d2,f3a2e957-5bd7-4a7c-b3d7-9809cf6de802,False,,0.0,0.0
cde38af5-66f9-4c61-b99b-1178cb8ff538,bce4d414-a7ff-4051-ae8b-3239311d3751,False,,0.0,0.0
68d628d8-c063-4b7e-928a-33dc5736751e,19eef9d6-fdfa-4cb1-82d4-93eb2a7b65de,False,,0.0,0.0
68f57fcc-9aa8-40b9-8547-9bdb0e8c2253,da42698b-fbc0-43a8-8708-cf0f8b490e26,False,,0.0,0.0
e6148f17-0d8e-4c52-8994-fd769181a248,5ba62f73-e9c4-4f0d-afe6-8a5219a7361b,False,,0.0,0.0
163fdfc5-9dc4-4f3e-be0d-61dc9db56b39,aae50490-ecdc-4b27-9ed2-1b1584db01dd,False,,0.0,0.0
0f5d5ae1-3215-4d36-86da-88618f54ccc0,32fc5015-b2c4-406b-8381-023f292faba1,False,,0.0,0.0
d25f5408-81cb-4ae1-977b-1b035a34d877,8844276d-c0a7-4490-9dcc-48a562c8570e,False,,0.0,0.0
ca1197ab-319f-4bc3-bda8-c0f4ed15d7b1,fc16f82a-b682-4487-af45-88c3277747dc,False,,0.0,0.0
229f0bb2-6a20-4833-9c94-c860824b331b,16a3ce4e-ca5c-4c4a-a79b-d4394236fb0e,False,,0.0,0.0
83240ce1-9a56-4eb2-aeda-edb80adc8f77,2f81d4b2-14c6-4d19-ad33-29b7befe0e22,False,,0.0,0.0
5698231d-8396-436f-917d-fe3bd5356b12,a0b3543a-0fa7-4a5b-9505-5ac72f0b9138,False,,0.0,0.0
594539ac-2710-447a-945a-4da4f8f00479,51ffdef6-b660-4a31-b8b8-9fc4e47172b1,False,,0.0,0.0
528f3293-ed2b-4e93-aa45-a04ae3839c3e,f3f48d53-1120-41b7-9b23-91f0f620e4c0,False,,0.0,0.0
f1e28ca6-63ef-4869-97f1-f7a9951843b3,3fa58bda-02ab-4229-946f-192895a155de,False,,0.0,0.0
d51e9b6e-323c-4a87-a92d-9e58b06453c8,ab204463-d92c-46c8-9da7-f990d59ec42e,False,,0.0,0.0
5233d4d4-e2f9-4978-8d7b-02a697fb4507,df30f2f5-3226-486f-8595-30c1a1295a39,False,,0.0,0.0
5be50579-06fa-4240-98e7-2d90bd4a01df,ea299a22-9914-457d-b62f-b6ee172dc647,False,,0.0,0.0
e6c609c2-85e2-4267-8767-1759a826b169,db1a8e44-f477-4614-9463-9e5705ecad50,False,,0.0,0.0
a80765c4-5119-4556-9aec-363cd038fffc,209f9f95-9f04-4dd0-9337-27c0c533fd1e,False,,0.0,0.0
e417f028-78c0-4702-86ee-74cafb3e7fa2,e5a5788e-2b80-41ed-8a1f-783a31372ca1,False,,0.0,0.0
3655b634-fdee-4621-aec6-0eeb0fe4a851,97d20300-97f3-4baf-81fe-1d86e545fcc6,False,,0.0,0.0
8b93f9f6-3646-4c7b-9da8-0bc0bf39df56,f105c2d8-7acc-4c3b-b90c-a4475352db34,False,,0.0,0.0
e7637371-fc44-4d01-add8-cd7f2a256e32,d4ec675d-53a3-439e-a899-98d64e444af9,False,,0.0,0.0
f601d6d2-1b9b-49bd-847e-e2ee2769a041,5c699e1f-458c-441d-81b8-d47e7a5f1d32,True,2025-09-09 14:40:39.135002,799.72,276.4
a3113dc1-3cfe-483a-9bb9-2c132eeaf89f,296fc0d7-6a63-4a6b-81d0-d034abfbcc17,False,,0.0,0.0
416f0d9a-62da-424d-8514-43b783025e1d,52c5be0f-f2e3-419a-b57a-7220763a4e61,False,,0.0,0.0
1235838c-36d2-490a-a9f0-3357c3e7d5bf,4998ef25-e794-40ee-8a5e-d28785a63296,False,,0.0,0.0
bd8155f3-fe2f-47a8-af67-6edfaa1d5300,3a099c80-4d16-4503-9aad-dae806c6b8c2,False,,0.0,0.0
01a7f481-d3c1-4a28-bfd4-4d13eb57d350,84c2f2c4-efb0-4e3b-acb5-0ab92c23b779,False,,0.0,0.0
5762d043-ae67-4b5f-ad33-c64b8fd0d8db,a72d0bf4-c84d-46c0-8021-a347a8c34b25,False,,0.0,0.0
c91e53ff-b307-4cdd-af06-963bc6f6c5a8,ce339ee0-15b5-4510-abfb-9abfeb34e953,False,,0.0,0.0
fa2377dc-f53c-48d1-96eb-c05b4031e245,8fa50e32-4137-4168-af2e-cdc9673c984b,False,,0.0,0.0
4ca64d57-0f7a-474f-a08b-e3a0eda84858,26ab406f-9927-485c-b9bc-ae35eeba719d,False,,0.0,0.0
d213fef9-a1b9-4f0e-a09d-408839809557,0963c291-242f-478f-b7f3-cc6c766b6138,False,,0.0,0.0
d1759f99-945a-44ab-b1d9-7589cfbcc816,ea4d7ed8-d04a-402a-a8db-2a2c3d8a0701,False,,0.0,0.0
111275d1-0be2-4d0b-8d92-a0bb860e05de,be87dbac-a2ff-4996-ab5e-371f1ecd9ed7,False,,0.0,0.0
8ad48dae-217e-4f16-baf6-146adbf5fb76,6d473b55-db1c-41cb-b002-983102bda3a7,False,,0.0,0.0
e729e0ae-b290-400a-bd09-9bb6de97b276,98a0db61-0fa9-4695-89fb-4d4bc3254bc3,False,,0.0,0.0
ee601d29-4f80-4e61-b05a-04d970c540f1,9c00cb52-97c4-4530-b546-5c933a9af0b6,False,,0.0,0.0
6aba50c8-c659-49e5-97a6-6025a27a6aa2,0760d408-0678-4e13-8bcd-6e4d24e11716,False,,0.0,0.0
7db09890-717d-40e5-b7f5-2c711418601d,ae269692-d819-48d1-845d-ff54427fbc4b,False,,0.0,0.0
59d1c32c-604a-4b85-a584-cc17059ede05,78a118df-0088-4a76-8d25-c8d0fde90c2d,False,,0.0,0.0
22b34e83-af7d-434e-a2d8-852f87699605,a6e997ae-d909-4489-b229-29b66f246189,False,,0.0,0.0
b1a749fd-c692-4cdb-a2a6-fd6cbebde804,e604d38c-0a9b-4471-b1a7-9435b7c52ba7,False,,0.0,0.0
298f0856-aa8f-4d86-936b-1282da8aebf7,3cd68ac3-5665-4d0b-8ac2-9f1dc72c3764,False,,0.0,0.0
e3274112-3d42-49b7-9bf4-a1d5b75736a7,7671b52a-293d-4fae-876d-9b132958d9ab,False,,0.0,0.0
529b5bfd-4ff0-4753-8a2b-58ee1d195f27,b1195d16-9aec-419f-b38e-f31f08ae64bb,False,,0.0,0.0
320bd1bf-f89b-4150-8b0f-45904bd20cd4,84203c0c-51f3-43e6-a126-180ad586cc32,False,,0.0,0.0
89c6a826-b7ff-4cc5-b031-8fdd8ea47287,00c818ba-a210-4d25-b92c-5f423f203c22,False,,0.0,0.0
c0dff0e2-1424-4c23-95e5-616f78bab21f,b5230821-2c41-46f7-9045-f17ece2db215,False,,0.0,0.0
ed3b9dca-9933-4dfc-a931-081ee6947895,0f57bc75-07af-4918-9020-036f9adbb8f1,False,,0.0,0.0
0381f710-6f9e-4aa0-995c-55f56c7af515,725d71f1-836a-4e1d-b8f5-3fd1a711fd90,False,,0.0,0.0
b5a21abe-6914-4dd1-b13a-c6078e127c62,4ad76a0d-5219-4d62-a25c-6c5cf629c955,False,,0.0,0.0
afa13c77-d36a-4569-9c57-0dc5af2ce157,f3da143e-4962-494f-bc26-09e1375e5c72,False,,0.0,0.0
ed838749-564e-4207-96cb-e0c003bfe82f,e7ebff3f-3568-4bea-ae4f-fcf31046eb49,False,,0.0,0.0
4cd96734-b9f8-49e1-a392-c0cd342d6ffd,1b9c67e0-81c8-4e2b-ad48-6d9ae69f1f78,False,,0.0,0.0
bd6a4de4-e255-459a-b44b-0c88aa5fd1a6,421e0683-dc0a-4c8e-88bc-e600431b800a,False,,0.0,0.0
f9790e98-c145-4793-8fb6-55b2fdcf6e53,e89afbfe-822e-4328-a792-1c1cf14e8d13,False,,0.0,0.0
337ae517-ddb5-4fb2-a82c-a75a467def1a,688cce17-6d2d-4c6c-83b6-6a270e2d79ba,False,,0.0,0.0
f2c8c2aa-3b77-406b-8962-9efeb3982b63,2de1bda4-6a92-447b-9154-00a60283a43b,False,,0.0,0.0
41fed7ae-fc8d-4468-8961-fe6980bbd6a9,4721fbe9-f502-4e2a-becf-c2269a9a9f1b,False,,0.0,0.0
5d240850-5f0b-4874-93e3-b04669fee9a2,5953b5d4-2e85-4607-af62-752490ac7063,False,,0.0,0.0
832fcb9f-efbe-464c-b70e-3e316d062fd5,0289a49c-e036-400d-a4fd-da37ce635ae0,False,,0.0,0.0
9ade61d6-a03e-4180-92d6-1d74ff60ed79,fff03027-32ef-4b5d-9571-7909016643b7,False,,0.0,0.0
87fb7e70-cbf6-4abb-bd7c-ea44f9714826,4702fe75-5e98-4fdf-8a3a-1171a432cc60,False,,0.0,0.0
1daa5335-2d11-4c9c-8240-e768bf629905,50029c14-39a8-4a83-88cc-f7ad3b54a3f0,False,,0.0,0.0
0ca170e1-1789-41e3-8da8-9b270aa3785f,266a8b90-ee28-42f4-8a76-a0ea0b6b9944,False,,0.0,0.0
816543ac-0165-4e60-97dc-fd3917d1e484,66534f79-106d-4d9c-a5d2-74e88740108c,False,,0.0,0.0
ba78ed2b-46f3-4598-bc55-3e5a8b792647,e95e8740-5dd9-4744-84e5-27ea3a82b37c,False,,0.0,0.0
da41d0dc-c687-40b2-ade5-2c80b71d4f25,e0f0c823-d077-4d1f-b079-04e00ef92e30,False,,0.0,0.0
4790bfff-fcaa-45f0-bdb2-086ffb553e7b,85e620fe-a44e-43e1-85ba-136f594ed61a,False,,0.0,0.0
f2ca9859-b59a-4abe-bf3d-c2170067e3a7,a06a7de4-9755-428f-9147-c3ba2f875748,False,,0.0,0.0
53afb674-e456-4584-8974-4a81e78db089,4ad5433b-a84f-4cf1-ab45-11214218f371,False,,0.0,0.0
b14d9a48-38a3-42c1-9ee9-667bb0f73ef6,1e22ade1-a3e6-4bfd-a5e2-ebba27ae2220,True,2024-08-20 11:50:41.680719,3033.55,2361.67
b9695b55-6be9-439e-92ab-040d8fe8bc51,29ca6e42-d09a-42dc-a3dd-65b3998549bc,False,,0.0,0.0
b4c53483-5d7b-48e8-a3ed-9a125e4ab599,44f4d74f-c629-4ca6-ad07-67746bc5bcd4,False,,0.0,0.0
92a6da67-adb3-42b5-96d3-2017bb3a520d,92eae3b6-45c9-4b9b-8b29-fc3a0a5ac47d,False,,0.0,0.0
a60cd6aa-d84d-4430-93cb-9b273dfbe5e5,af326af5-78cf-436a-a020-72d991be0c2a,False,,0.0,0.0
4171b92a-e6b3-4e20-ba58-33abda36c9b2,0413d049-52a0-428b-ab25-a58af5953b2e,False,,0.0,0.0
04c949ff-4fc3-4e7b-8380-4ef65aa41d1b,49ca4ae6-2d0a-495a-bdb8-65cff106b83d,False,,0.0,0.0
9f8083b8-e36d-4632-8514-640ead8b102e,d15a1b21-d2f7-473b-991d-49fa18acf173,False,,0.0,0.0
f7748e72-55ad-45b0-beaa-418eeb105084,642830f3-3e12-4f2b-ba74-ed0bf36ee0b7,False,,0.0,0.0
606ce9d4-2479-417b-956a-bfbf300bb9e2,4ad5433b-a84f-4cf1-ab45-11214218f371,False,,0.0,0.0
b2c6c106-06d1-4d61-aeea-f87669739229,af7da5d4-238c-429d-bc2f-5047d205bba8,False,,0.0,0.0
e76edfd0-35d6-4bfa-b950-241ae6cafdf0,e84dfaa4-4fa6-497e-b96f-52663d77546e,False,,0.0,0.0
55fe5ec5-768f-45ab-9070-073a06abd50b,af1e0ecd-c555-430a-8985-8ab5c54f447e,False,,0.0,0.0
f69039eb-eb24-4cf9-ba7d-f1ff2e1fe92c,fde02b7a-6af0-4bbd-971f-640de41bb3b9,False,,0.0,0.0
cfc7144a-39ff-42fd-9bd4-442af779b4b5,59bdfac9-0d99-4ab9-9fc0-ccce4ba08508,False,,0.0,0.0
7a4a0d20-3762-4f46-820e-247dc618080c,5550f4ea-a86b-48b5-97cc-b76c6b905645,False,,0.0,0.0
a9b0c1b0-2650-4175-8900-3d0cf95a4159,ab204463-d92c-46c8-9da7-f990d59ec42e,False,,0.0,0.0
2d971380-d964-4a10-b85b-571de2e46905,5cb9635c-75f7-4b07-ba49-62d177e43d33,False,,0.0,0.0
75a9c5c8-5672-49f1-a4f3-9b351b93b8e9,7ea19c4a-769b-4641-b84c-0ee5a2206dd1,False,,0.0,0.0
f466bb36-62b3-4704-ac50-604d19f4e363,8c1046bf-24b3-4794-a93d-b7fa8e8ded45,False,,0.0,0.0
eba10d39-4874-4b81-ac7f-b284dac7fcde,e1568c60-1205-49cc-a757-59a074516c96,False,,0.0,0.0
1a3b0ab1-30e5-4cc2-989b-41734919e007,6bb0c8a0-2ec0-410a-aca5-abd4354f7ca8,False,,0.0,0.0
e47f310d-b1fb-473c-afa2-aa9eb486c9b2,6ce87f51-1eb2-4170-b1e2-d719f2034fe7,False,,0.0,0.0
bfe67772-b517-43bc-b5bc-2aae4520545d,589a8b9d-5bf2-46af-8ba2-2d11f5b85c17,True,2025-11-07 14:26:44.812428,4541.28,1003.61
bdca5b41-ca0e-407e-a27b-0ccdfa764db9,b905a7b6-b97e-4830-9e01-86462c64f73d,False,,0.0,0.0
ad889b4e-458a-4cc8-9aee-b07445ea3a10,17101a77-3d88-4b62-b3df-2a11b79257a3,False,,0.0,0.0
bf7b1cdd-2759-434e-b3ea-2679674e9f87,6cacf6d9-c8bc-4c88-be60-0c12da8746db,False,,0.0,0.0
a8466d92-8a61-493e-94b7-22eef9baaa15,2815eb62-670f-4921-9b61-e82e334b2922,False,,0.0,0.0
9eb92ff7-ab77-4a19-90f5-2b5ea9cf329f,ce1eaeb5-bd67-4ba0-89c9-c0f39dcc91b0,False,,0.0,0.0
ee5413a4-98c8-4576-a554-b49dade253a0,0a1d9238-fcf9-4bbb-9514-9d1a95368ae6,False,,0.0,0.0
21a317ee-862e-4b5c-b26c-335c38516df4,c8c67501-b45f-452f-b349-3fec37aa530b,False,,0.0,0.0
aa8752aa-6c0d-4c85-9b08-93d2f21f4e44,7a0430c4-58fc-4448-a555-e0870ebb51ae,False,,0.0,0.0
0cb45ee2-82f8-491e-957f-ebd20b118782,53ed75f6-3ec7-4cca-b031-e2cd1687819b,False,,0.0,0.0
e33d2640-3387-4936-8c8f-202ff6bbf420,01910880-0f5a-4a7c-be4d-b9ea636404e8,False,,0.0,0.0
b5f30b3c-37ea-4266-818d-282a756ff0a1,3094f256-7420-4299-aad2-85f1607e683f,False,,0.0,0.0
c560435c-3476-4ce0-ba9b-d6f563f7e3d4,0cad2d63-8cfd-480c-984f-541976b4c117,False,,0.0,0.0
1d57b608-bddb-4e1e-bd48-d2029ac9e39d,d88a2b67-22c2-4a83-b424-0302e48bb336,False,,0.0,0.0
b7cc85ee-94f9-4bf4-8a2f-c9d7f5099114,20f5128d-51ab-4c77-a92f-adf7032124e8,False,,0.0,0.0
de96de89-f5f0-44c8-b1fb-f83b428e4ea3,7ef86974-ffb0-4027-9ca3-d15acad743d3,False,,0.0,0.0
148b1aeb-c60d-4bbc-a7e3-7af3bf5ba242,0f6924f3-2f53-4a9f-8e0a-e1dd5b95ae5e,False,,0.0,0.0
abfb3e98-03a3-4ef8-a372-f90fd9541ec7,c125798e-9bd6-4690-a8f9-4c8806a76b07,False,,0.0,0.0
2fcf7a03-0453-49be-863f-833efe082468,10e7ee6f-1c15-455f-bf6e-074d865fe33c,False,,0.0,0.0
65144829-1d94-47ed-aa98-c7a838e5b37b,81b01ca4-8880-4d17-b3ef-e892e85cc863,False,,0.0,0.0
2fc05167-73c1-4a77-8328-97f54bb06756,c5b86c82-379c-441a-ab7d-2448efb18149,False,,0.0,0.0
d0a7db8f-5630-4a15-8cc2-e589670d2afe,4fa87a65-00d3-4021-b0eb-453ed67df90d,False,,0.0,0.0
29ba363a-cf5d-47fe-b912-9e7be7f0a892,04ebb4a9-a4e5-45b7-8357-20d193de2f9e,False,,0.0,0.0
2a2a2d84-149d-43e1-a170-e2878469bbfa,e6af993c-700f-4e85-aea7-56a8229ea406,False,,0.0,0.0
b218c718-838f-4172-93e1-1836d31efb2e,517e71e0-47e5-4f56-8e96-551aeeba6ad9,False,,0.0,0.0
6752d428-56b6-4695-8310-c494ef7a9a2d,0c994ec1-6162-4af8-b565-c8a2bd6aec56,False,,0.0,0.0
52495c18-81f7-45c4-bd43-6f981eb1112a,e61c4368-72f1-4318-ac4e-77f738da98b0,True,2024-06-06 07:31:05.134506,7560.52,4014.27
c4d63726-9a95-47f3-9a80-c1c467890b8f,54da1012-5a3c-49e0-9158-6f467abdcb0f,False,,0.0,0.0
eeec1f14-af6b-4193-a08a-defaa303e55e,9a861a16-3dca-4d82-965e-b679bfc1e2f1,False,,0.0,0.0
ccb21016-0e2e-4c78-b355-62bf65875249,0ea20820-67af-4fd7-9a8e-a2f5f556b55c,False,,0.0,0.0
d10057b4-bf19-49aa-9fb1-1b1963c2c6d6,9d6d37c7-5e45-42ec-bd3f-b84a53e39b1a,False,,0.0,0.0
bcc30137-4bc3-4e89-8c2f-320a86462b01,1ab84c1b-8524-4095-9bcb-31f340ae802f,False,,0.0,0.0
8bd71c71-906e-43f3-b975-f3b4c7d5779f,6e19f773-3a5c-41bc-9797-29e87a8d8320,False,,0.0,0.0
40e77880-bb70-4ce2-bc1d-29126623152b,7b6deeca-32f9-4ae0-93aa-84b0d65e2bcf,False,,0.0,0.0
c31a6bc3-aa0c-4235-87e5-19ea6b64386c,9a9eb406-d591-41ce-b18f-2155865b0427,False,,0.0,0.0
23a92f2d-eae1-4cc8-9883-8eb28bef3edb,6070b244-c5c0-4d05-ad37-ba8ce7c8f28d,True,2025-01-24 15:24:16.142348,8108.35,2963.95
95f0d379-ec76-4cd1-b46f-99dd15194e5a,db0dc10e-1ca4-4caf-99c1-3fccf5fe9cc4,False,,0.0,0.0
58220aa6-031e-47a1-b778-6a83edd81f14,c82585fa-c60b-446e-86bf-1fb70e2bd8c9,False,,0.0,0.0
d7718267-98d9-4d72-a1d4-97e0698c355a,64836ec2-00b6-4158-8540-38d7399b747b,True,2021-10-09 15:17:38.886922,8644.44,3246.79
70afc5ba-3b5b-4795-806a-c4d71035b54f,0bb8382f-916b-4250-8945-8e1bcb0de65c,False,,0.0,0.0
08cdb32f-2ba4-44ea-8f9f-3b370b3c51a6,3881e713-22be-40bc-b7eb-178670f7cd82,False,,0.0,0.0
3fdbb1c8-19db-4ebe-8ae1-581e26e99898,bb404bc8-709a-42bc-b6da-79bba91e25a1,False,,0.0,0.0
bbd3fa8b-f4ac-450a-ad33-d4dfe7c755b0,0faae5bf-b900-4086-aa21-e1537b2cefe1,False,,0.0,0.0
071ec97f-917a-4776-9385-5c22c5e14533,e90c961c-c172-44d8-a6a2-1998afad738e,False,,0.0,0.0
4b7d1bb2-d39a-428f-a9e4-52c72e82442f,8f6875a3-b1fb-4012-96ed-79efb03e5eb4,False,,0.0,0.0
0ee3630f-e859-4974-9a47-0f2aed79dc05,7b03f61b-5705-433e-92f0-2148016d0426,True,2022-09-07 03:22:27.597955,3775.19,956.36
cbeb18b6-ed8a-4d80-a53a-79e1a2a815d3,c337ed45-4e93-453a-a32a-992b5ddf6f80,False,,0.0,0.0
6b12f929-282a-4135-917d-0848743bbe12,1138b544-d8c7-4cbe-8d1b-30400f8f2932,False,,0.0,0.0
871729ac-6a10-45ce-a710-d52e1c7eb438,a119ca40-c360-4f0d-accc-d30e0bf0afdb,True,2022-12-28 10:23:36.844846,20591.8,1127.13
e9a3e96a-d5e1-44f9-8f27-b84e182dc50c,15604ec8-1ca9-41d9-a5bf-13792587f6a0,False,,0.0,0.0
7a117029-db1e-478f-8f76-705aadcc5dae,138d8006-13a9-4a92-a816-4d181f540e96,False,,0.0,0.0
ba1a472a-811c-4bfa-9fb7-86426298a10f,01a0960b-ba89-434b-b224-7627c1e0248e,False,,0.0,0.0
6d0c1a21-4c5e-4aed-975a-69a19684e597,8345d6d3-3d72-4c0e-a3ed-6309e25c2f4a,True,2021-12-10 16:03:10.753485,3291.81,259.24
223ea475-6311-4b9e-84f0-6e8b3abc62c3,2f160f3d-05ba-4c78-a696-dea06c2aeb89,False,,0.0,0.0
5bd3a9bb-2e73-46d4-8efa-6fbd85e102ed,52c5be0f-f2e3-419a-b57a-7220763a4e61,False,,0.0,0.0
247fde0f-07e6-4b63-a3f2-e2d89953547c,8eb4b40e-b1e6-4f11-946c-4404e2edbb63,False,,0.0,0.0
f129529a-6244-48e1-8ebe-ce46779ed460,e7e4a92a-138c-449c-853a-cbfc8bc7393e,False,,0.0,0.0
503ebeab-3ef9-4811-836c-0a00fc8356b6,d690efa9-2830-4ffa-bc37-337a32ccf39d,False,,0.0,0.0
ef0e122b-aec3-4b3f-a5c6-ae53346cb450,68edeed7-6f72-4a94-bb49-ecf3b7f8d284,False,,0.0,0.0
8b194912-5a6a-4108-8f1c-a8363d8ec86d,5763c5c0-1934-449c-81b6-69c67f6c945f,False,,0.0,0.0
14c055f3-8c29-4eb3-8737-e2c4ecced1fc,bcbd6eeb-ceab-4f76-b776-f4e846f90964,False,,0.0,0.0
3db1db32-a9ad-43c4-9383-d68b6b1bb6ac,f8205c5f-17c5-42e0-9fe9-048dd08308b0,True,2022-09-16 01:48:41.720505,4724.53,2007.61
62e19cf0-3715-45ec-8973-af4ee37aa9e3,f0c46591-b2d9-45fa-849e-e02aeea28810,False,,0.0,0.0
984673db-5b51-4f79-8887-b54ae382ecdc,f5b0fa1c-b013-4951-a3db-2b6da8cfa238,False,,0.0,0.0
d2541f9d-1ab1-40c4-8d18-cd0fdf3e519d,2f17a43f-6f4e-4891-8e0a-c6f5d3c40794,True,2022-01-18 09:38:16.217527,1346.02,937.73
692c779d-402a-4249-9767-56e099c6e5ed,c98a2fa2-3dba-44d7-935f-52da1f324096,False,,0.0,0.0
cfe137ba-140d-4837-9338-c063d8308b64,f65a5aa3-6314-4fcc-88b6-b9a29b5358d4,False,,0.0,0.0
a54fb69d-6c75-4be5-b201-985132677dd2,6e19f773-3a5c-41bc-9797-29e87a8d8320,False,,0.0,0.0
57a8bec2-dd04-49f6-957a-e53da02aa9a2,4083dcf3-91db-4fbc-86ad-dbe7b807c910,False,,0.0,0.0
464946b8-8c2a-421b-8537-b5f7cb9fe1b9,6f6335bf-6ecf-4ab4-bfc7-6f6ab9465130,False,,0.0,0.0
2912c6eb-c3c0-4624-bb0c-415e5312966f,03e6551e-11da-4e5e-9862-3b8cdb23915e,True,2022-12-07 14:06:57.041570,314282.61,2362.76
fa4f2129-42d5-4061-bbfd-1819fe96d314,7f2487bc-8c10-4bc1-b36b-8385522fb6b0,False,,0.0,0.0
ceeed2c6-d23a-442d-b462-ab112b0d2547,f765f8a0-ce43-47c4-abfd-dbf938498d35,False,,0.0,0.0
313fae8e-cc60-4e5e-a670-1366ec34a7b8,ceb7803e-c3fc-4c0e-95c2-c94db3fdc2b8,False,,0.0,0.0
62326f05-d6ba-4c8a-9731-2a9f984eeb17,7458d92c-a1da-4c7a-9b88-26edff4a9185,False,,0.0,0.0
cab559fa-14b7-4b0b-acd3-0062d09120f1,ef145b36-06b6-4727-afcf-9246a81f3e5b,False,,0.0,0.0
0a801f00-c8d9-46d7-a234-1944433a217e,f8eb51b8-5938-4971-b0f6-d8b690e65aa4,False,,0.0,0.0
828638a9-9da7-481d-acf7-c941851dd03a,0e913294-e3a9-4752-ad16-7ec3505f7c6e,False,,0.0,0.0
3c63145b-a37e-4af3-a36f-abad5f71fd3e,d5963842-567e-4c74-bd92-232a4fbb831a,False,,0.0,0.0
5ce97286-b69e-4534-be25-7ceac917de58,fba837a7-a03c-4494-8c6d-bed4be576fe1,False,,0.0,0.0
c428b474-3508-4175-8c41-7c2ac9c55e4b,2e8498c6-7c74-4b6a-b8b6-a2933d6f9aaf,False,,0.0,0.0
72a6d845-abd5-4db4-a420-99d292c1b4c5,4a086284-b35a-4b1c-9625-583a6b32264f,True,2024-09-20 20:09:09.934792,1174.98,361.61
3448feb4-d584-4ec9-a5bd-6e93fc53a1a8,1ecadf24-f0d1-4a72-8b2c-7b1df5418b22,False,,0.0,0.0
bd9e6915-0dec-423f-a7ca-0badd48316d8,8338b815-cd9a-4a65-9de6-346755ec2b78,False,,0.0,0.0
69cbf328-8ea7-4d73-a1cc-75fe47767bbb,fe389c35-e28c-459c-8124-14079870fafa,False,,0.0,0.0
41a84a64-69a1-4bdc-9ea0-20d3319d69b3,552dad08-c536-40a2-8850-4c6b12cd1aeb,False,,0.0,0.0
d641985a-77fa-4ba2-82d5-f1aa1553f89f,796c6ae6-fc19-485d-92d1-3d77da532699,False,,0.0,0.0
b38034c9-82d6-457a-8087-cc003e64258c,53921935-d6f8-494c-b9fa-35e6c98afa08,False,,0.0,0.0
fc7c487b-968b-475f-84fe-89f0eb1ee271,e28b40c6-852f-48aa-8e2d-df52fd8190c8,False,,0.0,0.0
44a9777a-3cd7-4ae2-9a9f-ba663ac19027,018af2d2-427c-4d5f-bc3d-bcd8c7050c5b,False,,0.0,0.0
6bc08726-a5d1-42d5-8e97-64ac9eed86d0,85123413-d9e3-43be-88cc-02e84da29b5e,False,,0.0,0.0
d0a0bf2a-f3d4-4c00-a5b2-c19a20b2b39a,84cda1d2-3c32-42ee-a437-e3804a10ff5a,False,,0.0,0.0
c3e2b178-0cd9-47bd-b769-46f02b6947ff,95eb44d9-8459-4302-8d1d-036e0d08da99,False,,0.0,0.0
bb209add-cf9b-495e-8ec4-4289fab16144,f14dfb3e-fe3c-4361-a44d-9a28d739a70f,False,,0.0,0.0
452a9e83-f682-416e-be53-fd6f922df7ea,a874d557-cd0e-4708-acbf-81d4b1720b65,False,,0.0,0.0
e5c66bbe-0374-403a-a4b3-872803e449f0,d85a4e1a-66ed-471c-aa98-979991354949,False,,0.0,0.0
f6f03e5a-83a2-4000-966a-8da983fcf497,b95175be-5c89-458a-96b4-4b0c576bd523,False,,0.0,0.0
553d247d-583b-4b37-a0ac-72c6daa527b0,44087701-aa66-40ed-af0b-5b2b97514f49,False,,0.0,0.0
56e07ed5-65b2-4e5f-b6d0-b1cbec70f6e2,1e557621-d1f7-4b45-845f-1770536b0351,False,,0.0,0.0
6fe69644-b34a-41b7-b9d7-9e606706c011,40328c40-b100-4314-b77c-ff4c99252280,False,,0.0,0.0
121acb07-c0b4-4865-a262-002fe3e04ab8,89b3889d-46aa-4714-97ba-a888a3beb445,False,,0.0,0.0
a967c2fe-fc9a-4f6a-9b14-290f53eed54f,45bbfb02-f99c-498f-a2d8-d220bd36a04a,False,,0.0,0.0
d4aef1fb-a66f-42fa-a4c8-947bb9e63a13,96e15645-8ad8-4f05-9991-77b932888f78,False,,0.0,0.0
bf71f2e9-724b-4b2d-b282-929c45c28ab6,ede652f5-1167-41d8-9e71-a4acee367214,False,,0.0,0.0
cbe0b1f8-46da-477a-9690-d063cc120d06,898f3586-b74a-4db6-a223-afc0429146ca,False,,0.0,0.0
4fc0bfbf-30c9-41c1-997c-9867fc352c73,0e77b689-3d40-4ee0-ba36-a26d42c0d1c2,False,,0.0,0.0
808b22df-7bb5-42bf-ae94-6619f176379a,9a26a065-1621-4bd0-ae84-a24bf61d6b9c,False,,0.0,0.0
9b86089d-ea8f-4f1c-ba0a-a276adb4671b,0ef6da2a-fcc9-4df1-8d88-fa936292ac6b,False,,0.0,0.0
535e7e9e-aaa3-4c6d-8679-dc7ebcd6c1dd,b8ba61b8-41c1-4233-bf2c-1fd1f34ab83d,False,,0.0,0.0
ca500507-584c-4790-8edb-f2154ba8b48c,2bb2c51f-7023-4aca-9ee6-fdea9534ee94,False,,0.0,0.0
13f720d8-422d-4507-b39a-1ecfe96c0a0c,96239346-29b3-42d3-88e6-36b5740da9d6,False,,0.0,0.0
d8a5ff94-1665-48ce-b154-78cfc0a1af5f,13ffe66e-6ef2-4516-9f42-ca29a747520f,False,,0.0,0.0
76f2e840-4806-4557-8d45-1589dc4fc52b,b098a176-ea87-4e7d-a3f1-8953ba4ec145,False,,0.0,0.0
5ec174c3-63a5-4500-a648-49fb484ef0ab,9d1c92f0-3770-4be5-b381-c6ebdac9d4a4,False,,0.0,0.0
276f1d11-0640-4210-95fe-4b586a277ab5,f0a968a6-aea2-449e-bdc2-c940fa26897a,False,,0.0,0.0
4fcf9ca6-9b4d-4565-ae28-b4c773f3f972,79dd7b95-1558-4c6d-b120-3b7a1dcccf24,False,,0.0,0.0
b5779a03-3c4e-4a2f-b0cc-be900ac6be3b,c7569b9b-ca12-4556-b5cc-a86b92e92aa7,False,,0.0,0.0
7011cd22-aa00-4755-a697-47d03dcdb277,240ed1db-0c3b-4dd8-92b1-9d01942caa0c,False,,0.0,0.0
71f0606a-383d-473b-98c7-5d450da93799,bd66c203-ddc8-4a37-b5b7-215ecd68cb39,False,,0.0,0.0
11a64d96-ac12-48e5-be03-4c199b3a4a20,d52939e5-3be4-4056-a7ea-6db48802bbd2,False,,0.0,0.0
0236c8ac-6686-4e60-bcc1-03f0ec07cf3a,a2a5ef39-c163-4f1b-9f32-f343a562f0a0,False,,0.0,0.0
e2e924ab-9604-4e6b-a55e-39324f7ad1d6,0c9ef5aa-a8ef-43a9-8db7-5f5750452f2b,False,,0.0,0.0
5b9f8c44-87ae-46b8-93b0-86f2d1ed27cb,f17d8b73-e0a1-4f32-b089-d324bfa223da,False,,0.0,0.0
f77d2a82-7ed4-4622-beb7-3b5190561c00,ad8716e1-4679-4c1e-9755-19cd3fbfe7eb,False,,0.0,0.0
8b7d8a63-71cb-426f-951e-e495dddfc910,3a58d606-a302-4b2f-81de-ca4c625cade5,False,,0.0,0.0
cdc7e9f3-21ff-439d-a615-12418ea0781d,8365d2cf-173b-4226-84d9-ea2dcb56eb48,False,,0.0,0.0
c2d0322e-18d9-474e-aaff-551296defdc9,d3c0331b-c002-4999-8fb3-0320e9bdb511,False,,0.0,0.0
d5888d6a-e034-4e4e-be3d-815ec956ae5a,feb2ac4b-85e8-40a2-a8ed-a191dfb48b5f,False,,0.0,0.0
433b851e-8c95-438a-9f88-fff494b2f4ae,007d3d37-b5b4-4dcd-8cc1-e0363c253eb3,False,,0.0,0.0
e26c4d5d-a7be-4269-a600-0f810a89db11,ae344b14-505c-4986-97f9-580e6e20cc72,False,,0.0,0.0
6c23be62-3e2f-4a48-a2f5-8815222876f6,2b5997f2-c447-4e3f-8525-c1b4f73c6a1f,False,,0.0,0.0
5c0d7ab6-cb75-4395-bb35-813fa7525b23,3878a369-b2f3-4c00-9092-74705a5e6d18,False,,0.0,0.0
7a773c00-4c17-47d2-8d9b-4782b842c8f2,ff97588e-f6cd-40d1-aa31-e22b4cda3e1c,False,,0.0,0.0
a42d89ea-934b-4db7-90db-ef4c695ff62d,3e7447a2-a672-432f-9c9f-0999e869839a,False,,0.0,0.0
b5e1cdf4-0544-41fa-af4e-4812712bc10f,83bccfa8-f019-49d0-bc72-873246e53c29,False,,0.0,0.0
cf0a47c9-b00f-42a7-9680-0b7d69c4d9d3,b3efbaa9-05c6-4c4d-8523-19ae45ec257f,False,,0.0,0.0
0eff264d-5487-4c33-8188-e76b5ba75385,7b67caba-8675-4c71-9eeb-96012b4b8171,False,,0.0,0.0
65947f49-4149-44f1-98e9-8e8a16d766be,fa1d8ded-7dc8-47a2-adda-a3b60ab84fe2,False,,0.0,0.0
3bb7bdd6-4e7a-4f23-ba1d-1b2437a70b68,60bf684e-240d-483a-8dd0-64e34b50c34d,False,,0.0,0.0
2d96d784-8cff-4a25-b3f5-755bdfa0ef89,acdcb47b-dcdb-4021-97ea-f79c20ddc8b1,False,,0.0,0.0
b7802aed-f3ed-4e6e-b083-a0e8ae672675,8185ca84-90fc-49ed-bfba-5b2cba89c0b8,False,,0.0,0.0
7286e70d-32f0-4ce9-b73c-276ac3e229bb,27180985-f2d6-418c-83a3-574a919cf735,False,,0.0,0.0
de9301b9-9262-4876-acac-d8613ccd0344,433fca8a-f72a-4b7a-aa78-b0884c9b9009,False,,0.0,0.0
90a14dad-a3c0-4a12-b805-506eea29d84d,7148c007-0faf-46b4-9c63-df5edd712dc5,False,,0.0,0.0
f4732551-79ae-4e62-9fea-1f21e0d80d4b,52a80809-20d1-4fc0-81c1-aee2e7235658,False,,0.0,0.0
41a128ef-df80-4242-8b00-15f5e1aab6a9,f1bef588-9c08-41d4-8f20-2a19d0a836ae,False,,0.0,0.0
ebeb35e6-63bf-4621-96c9-a17a6e666d45,a118766a-cc45-45fe-893a-d01fb18ed96d,True,2023-05-15 05:01:22.780318,8719.63,5736.94
e165a24f-761d-405e-996a-ed5bd7fffcea,745d8729-5bc7-4822-bcfe-06e3c395899e,False,,0.0,0.0
c37733d3-a1e7-4f01-be74-7b9651ce88cc,61a4cd19-71ef-4e0a-8dae-ac5c00009f1e,False,,0.0,0.0
52f5b303-7e54-4aa4-8d5d-e940cc1586fa,753840d9-87ea-49f2-9e85-95360c11c74d,False,,0.0,0.0
2d469c18-33a6-4fa3-ae0d-1141cd6e9b54,34460c61-1bf1-47e1-97f1-33972905fe7d,False,,0.0,0.0
62d4fde1-f287-4e42-a12d-0e33055f3467,6577aba9-9e65-49a5-92f7-d82a70186dce,False,,0.0,0.0
fba4c4a4-df3a-4237-9c91-049cb09ef5bb,5fc97e64-9987-4384-a798-879be9a11cc0,False,,0.0,0.0
4e2b94f1-ddca-4493-acab-4500e4974f31,132ab649-0017-4ca3-8ccc-5afef02a2956,False,,0.0,0.0
aeb10036-4444-4575-9cda-543c03080ae8,bb77e34a-38f2-42b9-8310-6b55f638900a,False,,0.0,0.0
886c1740-53a0-48d8-93d1-805b9bde5db1,23763f57-852c-42ce-b337-7b9ee60587ef,False,,0.0,0.0
e0ff1d3a-d359-499a-a0a5-dd313abf9497,1d7af727-ac13-44e8-a109-18c950168bd5,False,,0.0,0.0
b732bf81-e947-4ae6-af96-3a52292bc43d,5d15c129-9425-4e90-9aeb-50557d692580,False,,0.0,0.0
136b9a93-1dad-44c0-942f-0fd77ea2d369,7146a1c1-cd04-4f6c-a391-26040519ae36,False,,0.0,0.0
b82bd128-416c-4230-9d4e-9ad5f803e3c5,4ad5433b-a84f-4cf1-ab45-11214218f371,False,,0.0,0.0
da2b456f-3ce9-47ea-a3f1-48e94223ee09,dce202f5-36ef-4201-9656-b5f91c6a16e0,False,,0.0,0.0
0a86087e-7295-4176-9b3a-1d9d20bab1ce,55b82364-9ca4-406c-9076-ddad317e43a4,False,,0.0,0.0
7c572698-e338-400c-8133-2a8cdfba2132,6c05df93-969c-482a-bb9e-88f856ebd83a,False,,0.0,0.0
0ba7d532-d1e2-41c5-9935-b1996ec632b8,7164a9a2-c3d6-4e1e-9992-97677e083461,True,2023-05-24 23:27:14.257661,4419.19,3136.77
96b3e6b5-c899-45c8-9529-4f3eb3b9e6ef,55c275e2-d363-421f-b11c-dad44e6ccc79,False,,0.0,0.0
62b9d115-787f-4add-a6a8-236496e417ec,0ae4e096-24dc-4ee5-8cc3-78c3ce3200af,False,,0.0,0.0
d97d6080-cd0b-44a8-a9f6-b44894476af4,331212d1-4cdc-4dcd-bdf5-e219468a4cd3,False,,0.0,0.0
4b81bdb4-0989-4873-a14c-1d0cdc00ad05,f275de56-4e18-4cc7-b3fe-09e708fd4865,False,,0.0,0.0
86f8b942-2280-4265-a024-70153be229f4,3ca0cbd6-78e8-4f15-8775-3db0b795e838,False,,0.0,0.0
32ae277e-90f7-4b74-b6d8-8dc7f38162f9,67b80731-fe39-4e8d-85f0-604a896e5e77,False,,0.0,0.0
cd07f14e-4ace-46ef-8475-4a8adf7134a7,aaaa7602-2886-415f-b9f4-fbcd6f41bc23,False,,0.0,0.0
9ec82c00-ee24-41ab-9572-35485813eccc,d4d8c52e-d4c6-47db-bcb4-8481b4f82d12,False,,0.0,0.0
8c4076f0-9842-4640-acda-669087cf82fc,111ac671-f593-4884-980f-65609cf540d9,False,,0.0,0.0
b88b524b-aa12-4f71-ac39-94254de602cb,13e9e070-52c6-4562-8010-2dc0dfe6b589,False,,0.0,0.0
29477a1c-a2b5-44f9-b109-2c2390cce0e8,52e6ef74-150b-41d8-b882-c32691f28485,False,,0.0,0.0
2e1dab5b-bf98-499a-b741-8f13c1bcb92a,ff0614bb-b85a-44cd-bf2b-f0e4ed55169f,False,,0.0,0.0
0cb9f3a6-2e24-49ba-ae8e-15f68394fded,4d9e6b9f-a3ee-485f-934a-fb2395ce2483,False,,0.0,0.0
59615b07-55d2-4438-8055-98adb2e2b1bf,2fc3bb1c-577b-4d97-801b-d08ee4fa2e93,False,,0.0,0.0
f0b3d2fa-cee0-4133-8699-d897710d76a3,9f88be6e-a0cc-4aff-8e7e-9ac831b4709c,False,,0.0,0.0
14bae407-1007-4157-a350-9449611bd26d,2abc4b2f-b0a6-4457-8620-5f4a6e718848,False,,0.0,0.0
4f23b962-62f0-44ae-bbdf-27d3d7232979,a6792090-5160-4305-adcd-8d4318ecae05,False,,0.0,0.0
82851150-e4f9-4889-9f40-75d5456ebe2d,9a7db4b4-ed91-4b55-91c3-3f136540ecd1,False,,0.0,0.0
998b73b3-9591-4846-a109-a430b8bfc216,262b2cda-00dc-4949-8740-7d86fa3a4705,False,,0.0,0.0
c0b328c7-89eb-4ea7-995b-c6d121de66e8,c2fdb44a-7a8e-454f-9c44-91791d7a0bd0,False,,0.0,0.0
18b41a74-5426-428b-ada9-5f9e410d73db,dc406c3b-2e50-478b-945f-d39a376788ab,False,,0.0,0.0
1bd8cecc-299a-4014-bd72-689ab60da8ed,6fb0c665-4766-429e-8895-df3c7941a6a4,False,,0.0,0.0
c76d540a-ffc6-4792-b722-1f0382003ee8,c5a0b7c3-e132-4e39-9891-b0a4b4d4813a,True,2022-08-04 13:18:29.300999,117005.01,17766.84
aeb538cd-9d8c-4f59-9508-c116e1a9734b,9e9a3e83-9a4e-46fc-b9a0-e72710e29558,False,,0.0,0.0
ed028032-ad44-46a9-8fb8-33a645c359b4,198493ce-33e1-46f7-b57a-d70346281fb8,False,,0.0,0.0
3e44c5f7-e421-4336-8671-0f2e6fc284dc,611b92ab-34aa-4abd-b975-74330b5ed148,False,,0.0,0.0
cacf64a5-d2b8-4adc-ac38-e948f76686cc,3347216c-7a7d-4d78-a70c-ada1c783870a,False,,0.0,0.0
4c9ea28b-1e6a-406f-b8c8-0ad44dc2580d,3f3d2b89-a37a-4c5c-8a9d-3213e04b1533,False,,0.0,0.0
b7add2cd-bdd4-4342-9162-9f5882f9a5e0,b0f1d209-7943-4f6f-9a55-4d255d144588,False,,0.0,0.0
1d9e4207-4b14-478e-829d-27ac369e7614,c2fdb44a-7a8e-454f-9c44-91791d7a0bd0,True,2022-11-17 12:11:02.241294,23542.75,4587.43
7d4456f5-f06f-423e-9165-4f017b6a275e,e1568c60-1205-49cc-a757-59a074516c96,False,,0.0,0.0
5c7bd3c1-78bd-4458-8fba-94d98e174ac3,fa75b5fc-7921-40b3-aa0a-8302276f8e0d,False,,0.0,0.0
a0adfa73-7fb1-4e7a-8bf9-6cd4d55508bf,82c273a9-771d-4808-88db-039cc78fc57d,False,,0.0,0.0
677621ae-3f70-40bd-972b-893f6aa4f7d0,ca33dd84-58c2-47f1-9b68-d4ee2f9997c3,False,,0.0,0.0
61219e0a-76fa-4ae2-97bb-6a245adfc987,6d566dcc-bb99-4df7-99ce-afeef4914ab0,False,,0.0,0.0
3d7c636c-cf44-4690-95b4-c99a8d98946b,e5d0111f-8521-46cd-8e30-0e9c8edb0ef1,False,,0.0,0.0
faa1011c-f379-4395-b5d0-546e1007df98,fe13d91c-183e-4726-9ea8-428428d30ca3,False,,0.0,0.0
6b613e97-7135-43cf-ba2e-fe660530545c,7fb63b12-4cf2-4624-8243-0329f09fe936,False,,0.0,0.0
28ce7bde-dd28-4790-b4ac-0a01f911e2c1,4878383a-e037-4953-ad2d-7cb9a452b559,False,,0.0,0.0
f6e7e55c-d581-40f3-a7a2-14be0534ca27,fc7c356d-e7dd-43a5-ab51-9424b595459d,False,,0.0,0.0
01f744e7-d453-4f5a-81ef-749d4852a7fd,115ca802-4310-457d-ac80-1a6f0a1dee98,False,,0.0,0.0
ab986fdf-8d15-49ca-9d73-dd5ed13e94f9,91b6aa01-74e6-4f83-af84-4b8f54f5e2f0,False,,0.0,0.0
f8d93134-4e57-4228-a0ed-5257154ec966,10c238ba-8df1-463a-ab30-41841dcb2fbf,False,,0.0,0.0
cba7bd8a-9c89-44d9-8927-4474a43dbee9,3768d6aa-fd34-421e-bb59-475ec88a9a74,False,,0.0,0.0
a63c6649-3e4e-4944-91d9-de738370f994,6bb73dac-9681-4aed-b5ec-c661d3b4a1d1,False,,0.0,0.0
e4ce5dfb-2445-4692-b823-ccd842dddf28,03617d89-f038-419a-884d-93a646a968c5,False,,0.0,0.0
63272e69-63d3-4853-b00b-a3c25e7ec97b,a4afade6-ca60-4b2d-89c6-28ddbff090b9,False,,0.0,0.0
ae59ab14-5b4d-4efb-86c0-3a20dadd3a8a,f24e1445-43b5-4ebb-a789-ff69a7a52a11,False,,0.0,0.0
6191d9e4-2765-4472-9489-6df4e4e12f8b,1aa3c18e-0aaf-4962-b92c-23e3454009f2,False,,0.0,0.0
1eaec942-2ea4-48c9-82ec-89f202aee650,d972c236-db84-4c06-984d-6427adaad2f9,False,,0.0,0.0
dcfc6a16-bbf3-4e89-8190-a4af0bf1786c,50d8ae13-5a66-4824-a021-6b00a43ccdd5,False,,0.0,0.0
2e8aa48b-7464-441d-8028-769c660bd17f,a227ac14-343f-4341-8593-d3a208a66a64,False,,0.0,0.0
bb037e48-1bec-4163-8de6-72ab896da5fe,d928c011-91fd-4b9d-b19f-da66a986bfc0,False,,0.0,0.0
bf517a44-1b1f-4783-9cea-7f3c7d6892ed,f0a968a6-aea2-449e-bdc2-c940fa26897a,False,,0.0,0.0
6412ea24-b013-4c6d-be17-b1dbb090bd7c,198493ce-33e1-46f7-b57a-d70346281fb8,False,,0.0,0.0
09990e3f-060d-4632-b2b5-7136ba1dd6db,e3fe266b-a23b-4ed7-b0ad-f7ed4277171c,False,,0.0,0.0
4e88b2d0-8838-4c1e-aa0e-93ac8220355d,b800f540-7f69-43af-a921-3dfa86e979fe,False,,0.0,0.0
e82b80b4-622e-4975-af01-6b71ae2bb897,b705e692-3faf-4b34-862e-27af67b4c897,False,,0.0,0.0
f8a1e5d0-df0d-4877-ac89-a1ac6c61b339,c82585fa-c60b-446e-86bf-1fb70e2bd8c9,False,,0.0,0.0
7c7db5c7-0d9b-4331-b5c5-929598e0f07b,76f1a8e8-455d-4614-8301-a06c54a1c8a6,False,,0.0,0.0
a3e91640-a33b-4224-aac8-1ad84ab079b1,8ab171e0-e657-4d38-8793-acb12afcc87e,False,,0.0,0.0
f3d45f3a-bd15-438b-8a6c-449c1b8eff91,54da1012-5a3c-49e0-9158-6f467abdcb0f,False,,0.0,0.0
ead507ad-8827-48a4-8d4a-368bf5f87ea4,beb64fd8-ffc4-495b-8bc1-35a9503fe053,False,,0.0,0.0
18d55cd7-16e9-402a-904c-ea21679be5c5,c37e9c25-5d5e-4747-b83d-f10179ece854,False,,0.0,0.0
416307ba-1d8b-4229-bc22-96bfc8b9e0ac,ec8a7209-afd1-4425-9de2-134c1e3a7063,False,,0.0,0.0
588b9d1f-b579-464e-8da4-d9d98c4e7288,c351c359-6739-4010-b9dc-86a923c560d2,False,,0.0,0.0
3fb78d04-14f2-4246-8f95-e00c7ff07c19,dce6ea64-2d5c-4588-860e-35b66864fe6b,False,,0.0,0.0
d0c4f363-4577-4a0b-af1d-e26ca749db8a,c94ee2f0-fe06-4b4e-bf63-abb84e4f4dd0,False,,0.0,0.0
e9f229d8-30ff-47b5-a7c7-5eeab3aac662,291c9094-cb2c-4efb-84c3-b30d435f59e6,True,2026-03-24 11:18:46.738160,1282.91,491.59
ddd0099f-8879-45c5-a978-fa80124acd63,9ea56510-4aa4-4837-bd9e-3bb20853d212,False,,0.0,0.0
6d3ddbdb-9341-4b47-b277-ca9ecf0afe0a,afb144b5-624d-4ff7-81c8-d068931e5f89,False,,0.0,0.0
4b3b6b9b-4727-4690-8a32-59556d446f36,6370e0f7-aab8-4c30-9cfe-793d360496b6,False,,0.0,0.0
f7584902-f235-4e87-899e-03e1bec05f1b,fd55c844-c242-47c5-8613-71c199fd92a4,False,,0.0,0.0
30701448-ab64-42d8-b9ee-6c7ff9cf89c6,a9c55ff9-9dd0-4b9c-ac14-52b48bc1163c,False,,0.0,0.0
4f5332c1-f8e4-4d09-b753-b2dc115c44bb,a7641ff1-ce8a-4e7f-be99-919ec696e772,False,,0.0,0.0
0eee70f5-3a8b-403f-b9db-367935ea806c,53cdc93f-b84f-481c-a379-6fa5b84e203d,False,,0.0,0.0
aa762d38-a240-474d-a883-dbceed327548,7b6deeca-32f9-4ae0-93aa-84b0d65e2bcf,False,,0.0,0.0
054505b8-a0f7-40fa-b8e4-f9d91863d805,a31ffadd-0170-4874-be89-7b355b2dec8c,False,,0.0,0.0
4a6e776a-a6a5-4492-bf36-c5c797ca3983,7f151663-189b-4535-83cf-ed3bb32f7256,False,,0.0,0.0
f3303ecf-296c-4240-87de-a371915242ed,8914bc96-5cb2-4033-b5e0-edd684c62e4b,False,,0.0,0.0
ac2d044e-78d9-4fdc-bccd-e8fe9ae973a5,33ca11ee-8c59-4d00-ab70-d4d56e0db295,False,,0.0,0.0
23e29485-b0eb-4e28-83d8-802d0d4502e6,de590698-8072-4ee2-842f-14df6ab075bd,False,,0.0,0.0
c9b9be5e-159e-463a-9d47-e611445abcb3,2d9be542-9bc8-4ea5-a2b5-e74d38c0f0c3,True,2024-10-13 09:28:46.854425,1406.98,681.46
7d9059f4-8a45-4002-8c97-7285f72e4ae3,b944e469-2ef6-4152-bbc2-ede622758233,False,,0.0,0.0
76f57e51-224b-4ee3-b73d-028645a077de,b7c315a2-dc16-4bae-a541-35f889238eb6,False,,0.0,0.0
74554b21-7696-4741-9e7c-9157c701e55c,d034ce89-8364-4560-85b7-e83cc42f7d59,False,,0.0,0.0
6eeee4a8-c4f5-4459-8f06-e0c14506a026,bcc9c2e6-9d2f-4a3e-a7b4-f9c831b5efb0,False,,0.0,0.0
10672c1d-6bd0-4d1c-9a9a-187f616f8bce,43b6c6ef-35c8-4133-bb8b-1581cba95e23,False,,0.0,0.0
3c922c4a-d558-4cd8-aeeb-b5689bd4a048,0ef6da2a-fcc9-4df1-8d88-fa936292ac6b,False,,0.0,0.0
93f73147-56cf-4476-b0bf-e2d87f381de8,0d41de26-91c9-4644-b2e6-3a676e971b5a,False,,0.0,0.0
e1a8edaa-5859-4150-8a53-3f9570e68ebf,b79fa51d-3045-438c-852c-7f939acaf159,False,,0.0,0.0
faabe634-2489-45f9-b22c-c310cd87129a,37eb9827-869c-444f-91d0-dc7af56ccffa,False,,0.0,0.0
8bd2fd71-0713-43d9-8d55-b73655c9a046,379f0075-ba72-486e-b79a-0c86c986b3e4,False,,0.0,0.0
8ea0e10f-6131-4155-92fa-dae14c6ef22c,8d5a9549-34f3-4b8e-9891-e25c2418c7fd,False,,0.0,0.0
49cd7a83-0a55-490f-b0fb-fbded190e3c2,de4b2801-38be-418f-96d0-d89df2314c7d,False,,0.0,0.0
89929511-3db6-4de7-ac37-96bbfb685022,df683491-baf9-4a9d-acbc-63edd1ddd3e6,False,,0.0,0.0
32484c0e-0d95-4981-ae04-358fe936d917,b506aa35-cfa8-4cc8-8dab-44287303f483,False,,0.0,0.0
da8fb0be-1d4e-4d1a-8679-f47a991b8162,54ad2b86-30b8-44e1-a440-4fef984bbbba,False,,0.0,0.0
bcb6dc4f-a33d-4a13-9bc0-766c7146ab3e,4a85fbd1-c22a-4772-bcbf-f645cb61716c,False,,0.0,0.0
5e72b6e1-d966-4eb6-a4f8-5dc0cf84529c,03539b9a-ebeb-4d98-80b7-10a640f66fde,False,,0.0,0.0
fcbc9ce5-0ef2-4941-9b3c-b6eac6af0257,f43c67ba-75e3-40a3-a4ac-70a3e84c1940,False,,0.0,0.0
0ba95bfe-06f9-4b1a-80a2-8304ea2435b7,b7584252-fd9c-4d09-8442-46cfacf14cbe,False,,0.0,0.0
e84197ed-ede8-47d9-9d01-947f16c8e43c,ac00cd5e-922d-4ba6-b5d5-b1199c09f0fe,False,,0.0,0.0
e3651763-e440-4835-88dc-18aec7b9870f,8da4afbe-1bf5-4332-8eb1-8cd30e9f52f7,False,,0.0,0.0
59e21770-bb7b-488b-b158-af77d64de649,7a49c96a-1168-4e55-82b1-4f24dc76a6a8,False,,0.0,0.0
bd8afb86-7cc9-479c-ac66-e4bfe18e2fd0,5caf5c6a-64ca-48e8-8dde-dccc831bef03,False,,0.0,0.0
480e1f30-b4c1-441c-8f46-4be1f2f1b151,8b6acc43-96af-4fcb-b3eb-f780c91d95c7,False,,0.0,0.0
80042fed-f502-47c7-8f96-36ba3d667626,2e58e57a-4b4a-420d-a6f3-af262cc6c3c2,False,,0.0,0.0
3f253352-3813-4fa3-8dc8-f7ede676b8af,6431d4a9-ca1e-48d9-84ed-bacfd8c42832,False,,0.0,0.0
c08e1617-fea3-4d02-b0fe-bcaa6ee46c7c,2a545726-ca9d-469a-8539-fd8297266ab2,False,,0.0,0.0
5b96bd5d-d862-427a-8ae8-ba6619927013,5bf0e042-bf56-4386-a6e2-e3f47174bbc8,False,,0.0,0.0
d1dfc216-5581-4fbc-8a00-cd3d4b7f6466,8d9f42bc-b0e0-4156-8ef8-8a52e4cda3b9,False,,0.0,0.0
5264e867-213a-4bd4-8046-c2c68748f399,7b5aaea7-fd77-419f-a40e-78ce0690b4f3,False,,0.0,0.0
0e5aa6f0-6443-4a9e-97aa-97ae7a11b9c3,3dfa45fa-1da6-40f0-8a53-d7c4f68fa05b,False,,0.0,0.0
f8f04da3-8ac3-4828-9f9f-ded07b53daec,84cda1d2-3c32-42ee-a437-e3804a10ff5a,False,,0.0,0.0
1fafbafe-fb3e-40bc-bf36-8171cef211ad,7afac8ce-dc4f-47fe-be61-8f4bebb511e6,False,,0.0,0.0
b44c10da-2cb5-436c-abb8-34093a204a94,e05f8184-c115-4e8e-9586-768274dfb5ce,False,,0.0,0.0
2bcf2665-09de-488c-80d6-56c585f9e47f,aa7898aa-95b2-468b-ac92-275a68599dc4,False,,0.0,0.0
4a74ca3f-5026-4b63-aeeb-7b01a3c43aee,ae372e39-af39-4095-9461-1ef142bf18d2,False,,0.0,0.0
cf32c355-cf06-4685-aa93-bc4065614fd5,bcf7bbc2-8e38-440e-acf9-8cc8a20c9fea,False,,0.0,0.0
9eb93739-4e91-4b5b-b578-410c7e4162f1,054d35aa-2899-4ac0-8c2e-a4dc685b2cbc,False,,0.0,0.0
3c29b276-aef7-44f4-90c5-83f5ca56551f,96bfbee0-09a2-4373-b2fd-73447862f1cf,False,,0.0,0.0
658e602d-4830-401e-bd63-21307b596829,1b19b829-d0fc-4577-8ec7-56748b19f320,False,,0.0,0.0
b416baff-59e7-4502-b012-c4f44ee38239,2591855b-87fc-4d1a-948f-0e3c8ce90fdf,False,,0.0,0.0
24d80f00-f0e1-4f0f-9174-8a6eb86d7405,1a04409f-37d9-4c58-9902-bf0bba891427,False,,0.0,0.0
f46b174c-288e-4f4c-8b5b-f98beeafbe27,1f92bdc9-9883-4e3e-a4c6-34ce3dad2abf,False,,0.0,0.0
07d25613-49ca-4a90-a391-2f8c71eb5e81,5a45b8cc-117d-4f63-8e8b-84ebe9e24240,False,,0.0,0.0
029e3dd1-913f-4f33-bab3-f7e6c944a4a3,d385d453-c7ea-4fd1-bf4f-38081a9d7acc,False,,0.0,0.0
db70a268-26c1-4541-8a3e-c620bd268c6d,5ebbb87b-afba-4ddc-881c-597a9ba1cbe2,False,,0.0,0.0
ff7e9216-dab2-436d-918d-344899780284,f1668e89-59f7-471a-894b-08d20f1536da,False,,0.0,0.0
cc1683a4-e765-4cab-bfde-e13860b45950,530a542a-8f05-494e-99a1-9ca8f3177bab,False,,0.0,0.0
57df47b0-1ce1-492a-8a0c-6712d50f2201,d14c6d19-ab44-4946-935b-cc84fd030266,False,,0.0,0.0
af1a2267-42ee-4995-a596-53360fe47a8c,a6cbb287-1432-4972-a8b2-9ad37867340f,False,,0.0,0.0
8b29de36-04c5-4408-8532-3e4359323a2d,eb680076-96f5-49cb-9e87-ad6d6db3bda5,False,,0.0,0.0
589b32cd-553a-40fc-b959-541a30dfde96,408d5212-7991-429a-963a-6695e7e77386,False,,0.0,0.0
22d478bd-49fb-410a-891c-fcb97024bcb7,5dba2337-c3c2-4248-baf6-527f78bbd251,False,,0.0,0.0
bcab23c0-1805-48d9-b23a-beea60224bbb,57cad887-b916-4c61-a2d0-0779724d3c00,False,,0.0,0.0
a18ff6f4-e0d8-42b1-8bbe-4e82709af5d6,f105c2d8-7acc-4c3b-b90c-a4475352db34,False,,0.0,0.0
4b72d34b-4514-4aae-938e-0cd480c880fe,f70fdc0c-a085-4f47-96dd-b15968473103,False,,0.0,0.0
70dffbfc-381d-4d55-aa26-2178d3af5bd2,b26f8bb2-3178-4dbb-9f7f-acac0814b225,False,,0.0,0.0
5f73a605-f305-4da2-8d07-0fe68ae18371,f70f8b81-4f83-40da-99a4-8e556cf1bb98,False,,0.0,0.0
aa2aac40-2e00-4be6-b980-e28846ec2d74,a67155cd-76e9-4fdc-87e4-b3f364ad2b39,True,2024-08-03 08:20:50.676238,31867.49,155.66
905d2709-4707-468a-be02-61a4f535e18f,97c75839-1dd2-4b24-8420-c72d8fb8b736,False,,0.0,0.0
350061e8-3f96-4d9d-8ee7-85cb181a3fdf,654fda31-18d3-4b67-9f9d-4db1d983dadf,False,,0.0,0.0
974a8141-7f7f-48cf-a6d3-954c17a593cd,53ed75f6-3ec7-4cca-b031-e2cd1687819b,False,,0.0,0.0
6fc35645-75ef-40f3-9e5a-200ce61269b2,69d445f3-54dd-428c-9fb6-98a5e9209b3a,False,,0.0,0.0
abd328fd-5f94-47d8-bd4c-6f78e8f68bb1,a8c1fb64-39bd-43ed-a481-2414f139dc4b,False,,0.0,0.0
7b6c2283-b500-48a5-aac7-92a1201a3a0b,071c641d-2242-4baa-9ac6-2e25cf3cc829,False,,0.0,0.0
182781fe-a3e1-4c12-b496-97862d36451e,c1204784-51e5-4918-9f04-ea9f4505f98e,False,,0.0,0.0
d0cfcc0b-0bb0-43b0-b566-df3011be25f5,6b766741-cd26-422b-9631-15d046f860a9,False,,0.0,0.0
0114cea0-40a4-4ed4-97be-7be5920e83f2,7aa83419-7479-4994-a2fe-9cb4fcec1791,False,,0.0,0.0
4ac986ba-6140-4133-95db-504cb317716d,dd0d3739-c553-4b6d-8ef8-66193599fe91,False,,0.0,0.0
34936f76-9490-4288-a608-14b9287964af,db2be1be-ba73-4eb2-999f-46ebbcb760a9,False,,0.0,0.0
fdd6b3c5-70b3-4e18-9c7e-e99f6f3cce2e,3cff13aa-3c47-4d0c-857e-a11629a8f004,False,,0.0,0.0
9fc70ec3-c3c4-4f07-9b0c-2af0ecdad6ee,0e03622c-110a-456d-b2d9-32a41583367e,False,,0.0,0.0
8a5788e5-1055-4918-b09f-333af4b25b03,fe8c686a-9bdf-4c67-a2f9-11de087fcdef,False,,0.0,0.0
d025a5c8-1c62-4199-81c2-dc205e866f9d,1ccd3552-b1e0-49ad-bf80-b3f8b3ebc460,False,,0.0,0.0
a985e92a-8526-4e92-a15d-3a50f64b577e,27facb5d-c74d-4800-be1e-0254e35aac0c,False,,0.0,0.0
7be7a42b-ec82-4606-b2fb-0d022dec79f6,a45ee904-717d-4042-b30d-6ea3951c4200,False,,0.0,0.0
fadd67b7-16f1-43d9-928f-92c596caad18,cf928274-9ffc-4f2b-9ea8-22bb57385567,False,,0.0,0.0
902d2eb2-5984-4e60-bd2c-30c73a35d833,29c09a85-48c9-4572-8ba4-0fdb105fef51,False,,0.0,0.0
64b96f4b-4b2d-4479-a574-fbbb167d2207,f330f931-3b8f-49d7-822e-dfc438107177,False,,0.0,0.0
6dcd34d0-22c5-43eb-a150-bf9e9b9c3d0b,90a67567-23f2-468f-876a-25332d91ac23,False,,0.0,0.0
b978495d-a1c4-4687-a794-d2e4dc20e8c4,b5950807-ac30-411d-9482-e11e5c56e3aa,False,,0.0,0.0
1989faa8-e7f7-4f15-9a7b-befcb38aded6,55b2f82a-3469-40de-a442-c26ca27589cd,False,,0.0,0.0
2d5a1a15-d689-435d-ba05-e54a089f9c25,082bbc6f-b8bf-4903-9e15-00621ef70629,False,,0.0,0.0
32fe1818-8cd1-48e3-a2b1-1d8ce8670822,2e0c881c-1068-4337-ae5e-ccf7df4924f2,False,,0.0,0.0
e398210f-7b5b-477f-a33a-636b8f854300,92a6584c-85b2-4fa7-9fde-c4f3c92215cd,False,,0.0,0.0
e7c2a7ff-0ecf-442c-8612-66738b36745b,50cca99f-5ed2-465d-8c07-cdc393bc506c,False,,0.0,0.0
a64c44ed-cd80-447b-98ad-81725d2591d8,0b32b3a6-fe32-47e1-99cb-2d9ed109fd54,False,,0.0,0.0
be8bc199-2b14-47b8-bd37-0b3547fe7972,3a5b171c-b7a4-4108-8dac-20f90abd99fd,True,2022-05-26 11:40:04.702921,11940.8,6372.88
49b6d9ee-84f7-43c4-8ad8-d44ac7dc98cb,02f38593-5fcf-460e-b71f-e000884831ce,False,,0.0,0.0
253bcd63-8593-421b-aaf8-4c018f910003,85ce7878-a616-4c23-9039-0646f47a4d1b,False,,0.0,0.0
98000a37-efe3-45d1-a23b-41ee10473fb4,7af7bd84-0121-421d-929c-717f636dde12,False,,0.0,0.0
5d372a07-7b35-4898-830a-0d3ace26fc4f,353fce99-ef9b-409b-a32c-ceaed7357f9d,False,,0.0,0.0
30f11b55-f2a7-4b0c-8bac-1957cec7136a,12049b0a-9e11-471c-a8ae-6b4bdec2c775,False,,0.0,0.0
4ae454ca-b127-444c-acc3-8f87e4366cd2,3ad0190f-0dc5-4340-a69c-db5b207495ab,False,,0.0,0.0
14c5daf5-10ae-42f1-b0df-98907d8d4920,313e59a2-f546-45ee-9999-6d9d61eb8774,False,,0.0,0.0
ab21e395-73cc-4992-92bf-b61f19b72eed,64907a63-36a8-453d-8e90-ee87a4dd2fe1,False,,0.0,0.0
ec6e2e71-b08b-4ac5-b10d-27a9f4632f1a,960b9746-9b51-4232-bca7-644d47b76d17,False,,0.0,0.0
07d45d60-d744-45a5-ae61-4301ece1dbfd,77a1cf7d-6f47-46b6-81d4-2b2f0a568d1c,False,,0.0,0.0
12c3547c-ea84-416d-b2ac-9ea6b51a3a71,8d28eef5-c7bb-4cf8-9def-5cc2f1015bfe,False,,0.0,0.0
9bd31374-01d6-41d4-9979-b301b2f9fa19,f34574ae-0519-48bf-8a2e-30d69adebcc2,False,,0.0,0.0
c25e4afa-56d0-410b-bcc6-da64ed383b93,a17f2016-c997-4b86-8ea7-c6ed5f1d3663,False,,0.0,0.0
f7d0cf3e-8cae-4bba-9dbd-05c4821be811,b3953089-2692-47e6-bb5c-c587d2689ad4,False,,0.0,0.0
083ff77f-de38-4c2f-a165-0aff8f6b46e1,92c5d3d7-c25c-4ea8-a43a-c2d48051d262,False,,0.0,0.0
befc09ad-d691-44db-b2d4-33dac0d3c8b2,72811822-fd26-4e31-8a00-c9be55c5e74b,False,,0.0,0.0
1b15b71e-a079-4a55-a2e5-bdd1b862b504,7b0c036b-d23f-444f-acde-afcd63065765,False,,0.0,0.0
48847e93-ba91-49e3-b83d-74cd4b14f77f,ee3f0127-d7de-4f4d-b9ec-02ca9e4152f9,False,,0.0,0.0
6ea2915a-f8ff-4d2d-b9f3-fc8051d3ec99,6cd27618-bd14-4f78-9b6d-5342e9b2286b,False,,0.0,0.0
214af731-b418-464e-b73f-743e5332e26f,0476444d-0658-45a8-b251-561eb43d9643,False,,0.0,0.0
3b90065c-1229-4c01-922f-834bdd4a94f5,ed0c082b-cb78-47a9-8410-710eca3761d2,False,,0.0,0.0
4171eed3-c0a6-44a1-a476-97ef4c2c2176,6b48d839-3d82-4b77-97d9-9ccef4084628,False,,0.0,0.0
18efa381-d29e-4cfe-8b4f-3a24aa9462dc,810e9d40-cc81-45da-8604-3d4131e7ca38,False,,0.0,0.0
42e3ee49-a1de-4c23-9408-778c2a9260d0,4d9e6b9f-a3ee-485f-934a-fb2395ce2483,False,,0.0,0.0
67f25064-1573-4fde-b852-bc4b07b57652,af001605-ae93-4319-a11f-98efdc3c423a,False,,0.0,0.0
18bdc006-a36d-4c7d-bdd6-7f921189ed90,6a45d1e9-511f-4533-becf-c0dbbfeb32a4,False,,0.0,0.0
986f3052-adc9-4908-9f3e-5a49f817f9c0,feb3a855-48e6-4273-8680-13786e607c2f,False,,0.0,0.0
ef1f8d24-f173-4d18-b17f-5beadc109a97,8ce285db-db30-4078-8435-0ad5c04675c7,False,,0.0,0.0
fcae4940-0d01-473e-a085-050e10ab2ec8,f1cf851b-ad02-44a0-880c-28ad0c11f642,False,,0.0,0.0
dcf98019-c118-4c76-b7f3-ad8ee658426c,00fc21fd-8ffb-4c0f-8587-29f37c03af35,False,,0.0,0.0
e4ba6504-16a7-4ca1-94bf-c8b10713fa2b,b97938ac-ead2-4702-8fcc-588e49ec6e32,False,,0.0,0.0
61c2cbb5-200c-41ae-ad65-366a2056aa09,24f384ef-df3d-4d65-bc25-bce108c2d2ce,False,,0.0,0.0
24ac0cc8-303f-4227-a7b1-2d9352a87ed2,1374975f-6081-48de-ae74-745d0af15cc2,False,,0.0,0.0
8999481b-0b89-4b82-9741-e0b42f0a0a83,ea4d7ed8-d04a-402a-a8db-2a2c3d8a0701,True,2025-03-10 11:37:08.367223,311.68,210.57
3ff0ef35-311f-469e-ae0c-ede3ffe6b248,b70bc594-ae4f-445f-b48f-ab0641a9edd3,False,,0.0,0.0
44b27840-b88f-44b9-b290-2f246e10f3bd,d298404d-96f6-4fa1-9951-9ab3bf5eaf8e,True,2022-05-12 08:36:05.786934,576159.46,182419.78
d7195e92-8322-40d8-b55d-15cc2d03b420,d650e1f3-2231-4476-8005-05394e3b744f,False,,0.0,0.0
c485b888-48fd-4742-ac30-02f2ee881434,40fea948-d2d9-4f36-8de4-4f3a06633c73,False,,0.0,0.0
0aa2288f-28cd-415f-9215-91f577429574,1cf98855-719d-454f-81c6-af4013d5ac4f,False,,0.0,0.0
3c8938de-3f3c-43f1-b7aa-5be9823cddcd,10fab909-fcfa-4e61-ab7d-71bc17956e87,False,,0.0,0.0
b877c33d-4444-4bcb-b3b9-8c529fe41d93,60562765-9c1d-4a65-95c8-3c5d48754ef8,False,,0.0,0.0
dbeed2d7-7a3a-4cbf-ae08-23dd0b32c699,20b8d865-580e-40e4-bf02-7521c8ba5226,False,,0.0,0.0
94dd538e-2f1f-416f-8203-b99a175389a0,2ab05af8-87e7-49e2-bf46-d9d3f2794e8b,False,,0.0,0.0
6f90b6a8-31a2-41c5-9153-ffe70cc527cb,f7df9baf-f2a8-4e6e-9c3d-a4eba012c6c2,False,,0.0,0.0
51664c1e-bd99-46ab-85a1-67b21ac16e30,5c42adcf-5acc-416d-999d-ed5edb84aa96,False,,0.0,0.0
b34a8c0b-4911-4831-88bd-3b711fd6cb90,9eead5de-f5b5-477f-841c-4ba30bb90921,False,,0.0,0.0
8e715169-9f46-4ebc-82c7-211dd3c60317,13a5893a-6b13-4d0a-9673-28bc55cf185a,False,,0.0,0.0
257bdda4-e768-48ad-b103-f6b6e065ad9c,dcd1ad00-b58a-4ffc-88a2-2fe065c1e162,False,,0.0,0.0
1f2bb635-f26e-4f15-bc9e-78a3a904a118,1192a38f-6d5e-420f-a08c-afbfecdbe3c7,False,,0.0,0.0
6d53feb6-ff63-45b6-84f7-f2f0bcae53e8,b521d095-94b2-4af0-9080-9121fe41bb81,False,,0.0,0.0
6afb2855-bd9d-42de-8c8f-6270d67f2ad4,a2e768d7-59b7-463f-9117-f840280d4e22,True,2023-06-10 21:56:34.996547,20425.32,12422.11
e279fb2e-5b0f-44da-923e-ac5b02c24b2a,7cc27448-28ea-4192-9a02-4444f28446fa,False,,0.0,0.0
cf355be1-b291-45a9-986c-f2ee2bffd77b,f46976af-10be-43e8-9aba-c34bae9802fa,False,,0.0,0.0
5161000e-3ff8-4f63-9afc-d664b546f9f9,c5a24d77-7cc3-4e98-9f39-7fa5ce96cc5e,False,,0.0,0.0
3d6afaed-735b-42e7-bb84-2c36ac494106,2bfaba2d-dafb-4997-9352-8440023d35cf,False,,0.0,0.0
a33ae256-3960-4438-9c08-a4aad37287fa,be87dbac-a2ff-4996-ab5e-371f1ecd9ed7,True,2026-06-29 00:29:14.709372,27151.85,9750.89
f9226d59-9283-42e3-a257-39b439985879,b1fe69b8-0936-412c-a36d-feba6148ca39,False,,0.0,0.0
7a70a68f-0e77-4275-b3da-8ad5d6b9ad3c,b43bf88c-c6f4-4468-8d78-e1c84f4ff145,False,,0.0,0.0
ef37880d-1f53-4307-a949-9bac9ae98213,6b161276-d8e8-4a7d-a459-1a9b82673f9a,False,,0.0,0.0
3298ec43-3bfa-45fa-9eeb-fea48e383c8b,e0222432-7ca5-4928-97dd-06916a71efda,False,,0.0,0.0
61389e3d-93df-4075-b89d-74911bb70751,665ec4dd-222e-4711-af6d-5b4bc356dee2,False,,0.0,0.0
885549cd-8ce3-4e5c-b359-b9bffa5744e3,c99496ab-6db7-4a7e-b0a6-d78ba64e2384,False,,0.0,0.0
815cde64-0179-4953-b29e-0793a45c6c02,cd766247-e4ac-4a19-a413-93ca3c87b498,False,,0.0,0.0
4e81937a-ed51-45d0-a3d9-bcb3cc11f8d1,9d6d37c7-5e45-42ec-bd3f-b84a53e39b1a,False,,0.0,0.0
265f90ff-da7a-4ccc-9d57-2fde509ddb32,b97938ac-ead2-4702-8fcc-588e49ec6e32,False,,0.0,0.0
7c01c59d-3e50-4569-9099-951d046fd224,3457c8d7-5236-44ef-8d8b-10518af35cd2,False,,0.0,0.0
bbe40f68-8494-4b0c-8522-c29646a2c6a3,710dcbb7-6e93-4789-a788-32d0dcfca748,False,,0.0,0.0
cc54cc5d-6ade-4f50-ae1f-73430a2824ed,318c6ee8-f1c8-4a37-a3d3-59b81c84f34f,False,,0.0,0.0
2f30f0ce-dad5-4f20-a086-d04da356bd27,504d39e0-d4f7-415f-be9a-f4fb7afe3780,False,,0.0,0.0
2f203f7b-98ef-4aef-a997-e97462dc3f3c,0c9ef5aa-a8ef-43a9-8db7-5f5750452f2b,True,2024-09-28 17:17:16.308895,21345.64,971.48
6b7d2b0a-f476-460f-b1ff-a2e5ece8fa44,108d692f-6fa9-457c-974f-e6687f441add,False,,0.0,0.0
05ca8701-b8fa-4c8c-9458-110dd8cd66a9,e6ef3a0b-dd1e-4932-b5cd-dc34920ee451,False,,0.0,0.0
1fabdaa7-c966-4238-b69f-6da0a4700164,e7f1ec14-f8bf-491d-8311-fb266e153de8,False,,0.0,0.0
6d390f75-192d-4485-a78d-079a855e61ce,e90c961c-c172-44d8-a6a2-1998afad738e,False,,0.0,0.0
c5c3d91e-b2e1-4f20-a9df-6c58e0f2e1fd,506f6bc0-ee6f-4a9c-b446-023621f66088,True,2024-04-30 01:18:19.147821,2751.61,1018.56
facd575d-201b-4d1b-8b4d-4c80d9cfc4be,1e228ade-59c6-4a52-8f80-d1ef4615575c,False,,0.0,0.0
17d06b8d-0d05-484b-9f5b-d05f0398034f,cfab07f4-0022-494c-8dad-77367a272eb3,False,,0.0,0.0
82052f01-b756-403e-81e6-cfdffb484d1e,95e2f91b-da88-4b20-b819-58f22b258bdf,False,,0.0,0.0
69279ad3-c60b-43da-8bb0-786d38b43c76,2951c8a7-cd21-4a34-8a49-ba1b3ab5a9f1,False,,0.0,0.0
a8fbb8ac-a3ac-4f55-a24f-ba81079d5d30,3902d8a7-e5ae-488f-9942-339503d301cf,False,,0.0,0.0
ed3f5c8a-73f5-4ffa-8065-77fa93f8de0f,38124f7f-8c46-4173-9699-e962319a009f,False,,0.0,0.0
2ac9fe24-c468-42ca-90aa-77a2a5cb4bca,1e767433-fe95-4f4a-ad56-c7c7ae455311,False,,0.0,0.0
2c285c52-c8ff-4559-b26e-c9ea3557e3bc,ec7448f9-5b60-47b0-9777-676070fff474,False,,0.0,0.0
0fa7daa2-85fa-4655-a102-24fa020685aa,20141450-ae22-45bb-b1c3-6cb3445dc624,False,,0.0,0.0
ba49eb13-306a-45c8-8ef7-d8b07afbbad5,3fa1292a-507b-4b8e-abd6-f68435073a4e,False,,0.0,0.0
ca1f3af8-b7f7-4eaf-839f-26e10e96cc48,2d53a810-fc01-446c-94ac-13ced4d05762,False,,0.0,0.0
94cf8c27-cdcb-476a-8a5e-7f5236a8626d,afedc6c3-6979-45ea-99de-fd207d3a8826,False,,0.0,0.0
09face22-2a22-4e6a-8565-a63ea4253d0f,18721154-0dbd-484d-b753-3ff525f50323,False,,0.0,0.0
d8b10864-0058-479a-b6db-d5d8e1d10740,9e0a294e-c3cc-4aac-a489-41f479a55d6f,False,,0.0,0.0
1ba7ee48-d5a6-4771-8820-4ece39309273,bc7d0e39-c3a6-43ce-b019-eca2b54fae0b,True,2024-12-19 04:41:14.901626,5576.72,1105.28
cda42050-437f-41f5-a217-b79015a07755,6fd8440a-5283-489c-831f-37eb2c981221,False,,0.0,0.0
07c26421-7526-4d6e-ba5c-34115e1081b6,5a6f9b6b-5070-4efc-b7ca-273b3506880f,False,,0.0,0.0
899565eb-c184-4dee-91f9-eefc41d8e71a,9e929f50-995c-412f-aa96-08bd0f706894,False,,0.0,0.0
1d1ade7f-64e8-44af-bdca-424760fa2dfb,30084a02-a090-4f90-bfc5-43c97c479df2,False,,0.0,0.0
cbd20125-1d8b-4bbb-ab91-e39accf6a374,cb37a85d-93c4-4d32-973b-df7a8e14338e,False,,0.0,0.0
e84bbc08-85bb-48f1-91d8-f3d4f1b14e83,45358d5a-2249-4a0f-ad58-35f3f87e213c,False,,0.0,0.0
a5dbfdbc-556e-419e-b139-e9215add4ffb,63300ee1-0aaa-4c51-9cd9-7b172f51270f,False,,0.0,0.0
ad2d847b-fc7e-416e-8750-97da659c6a06,b2288b79-5e5f-47a9-a07a-93ea640ac369,True,2025-10-04 04:03:16.662614,53574.95,33826.23
6764752f-d611-462b-b84e-e745ffb8dcac,ea072198-19ee-4d26-8e4b-36aad4249390,False,,0.0,0.0
18b4db1c-00cc-4cf0-9e3d-416710b93e05,97187943-6168-44a8-855f-30a134a450e3,False,,0.0,0.0
8fffb3a0-fdf4-4115-82f6-a9649b332801,6c83a898-8723-47f4-b378-c9eebe751767,True,2025-06-04 02:00:40.723441,5014.67,1139.92
5ed9a1a5-d42a-4e5d-b902-210f79aa1439,df683491-baf9-4a9d-acbc-63edd1ddd3e6,False,,0.0,0.0
e0119b07-4442-49e1-a56a-fbed5d1b2dec,2944e059-bafa-44da-a9e8-fe2a879f22eb,False,,0.0,0.0
b0ec4578-7234-44be-9a3b-eec314c35398,e90c961c-c172-44d8-a6a2-1998afad738e,False,,0.0,0.0
3ee4335d-c0ab-486f-85bf-30a8424d9c97,960a035c-0786-4459-8f89-321cff4ca29e,False,,0.0,0.0
761de064-ed97-4311-9c5e-86b3945c9fc5,dd91cf6b-b102-4282-b5b2-e008e0516aaa,False,,0.0,0.0
91a4ef98-a6b3-4dfe-b396-d3bb0f94d6ee,42f1287b-bf2d-4fcb-a319-3bf6faa855a6,False,,0.0,0.0
1ef6aaa8-3cb2-4baf-8f95-19689705e1a6,b31b58fa-cffd-4e28-8271-a48f6aed2058,False,,0.0,0.0
eb14a6ec-40f8-492d-990a-0409f6cb9bb9,1f09bd6b-bba8-4166-89f9-c43e6b074c79,False,,0.0,0.0
0fca614f-d6ae-4967-adf6-ea2be81e0f08,c068a64c-d5d6-4a82-b500-d6ef0453ab6d,False,,0.0,0.0
40b40ab2-5695-466d-a372-4cf1b52c773d,29fcd3e2-6ea4-4e17-b28f-c8c688b30922,False,,0.0,0.0
ce58e15c-10a1-4e40-9cff-1edd760cf8af,d30606ae-69ed-4072-bb81-c774c67651b3,False,,0.0,0.0
9bad59c8-de5f-4997-8331-9eced3f2a6bf,a54680ad-8107-45f3-aa0c-e0e1cb70c67b,False,,0.0,0.0
233cb30b-c344-46c0-b628-fc5e520527f0,2977fb6e-29d2-45d6-8c03-b6d6f27eec3b,False,,0.0,0.0
8100b103-098b-468e-a497-f3931c6f3be8,f0c46591-b2d9-45fa-849e-e02aeea28810,False,,0.0,0.0
7a5918a7-6df1-453d-a963-51ac7e9d939a,13ffe66e-6ef2-4516-9f42-ca29a747520f,False,,0.0,0.0
8950b775-0c5b-496d-bdc3-8b92d2bc9633,81d9cff9-9de2-48ca-8edc-3a083442853a,False,,0.0,0.0
1755ca09-ef56-4274-a9c8-d6ea418dd36d,ddbb5298-a575-4dda-a268-1c704eb00c3d,False,,0.0,0.0
98bb53b6-3604-4274-a9ae-6c277f7158a9,358fb73f-b0bd-414f-84a5-24d9016d26d9,False,,0.0,0.0
f920dd9b-e9aa-49f9-a85f-7dbdf3b37b54,3c7d53a0-4d56-4834-ba5d-8ae747338a26,False,,0.0,0.0
7d311328-f713-4546-abb1-d639f76d417f,51251262-85a0-4af6-96b1-ba8c4fcf9f89,False,,0.0,0.0
622d2f86-9d8f-4b72-b148-9de828cfdc40,3b289bee-3ebc-4752-8b4f-e656b6819b33,False,,0.0,0.0
5a2be51c-4041-41a2-bf64-24c75d97097a,7c45d65d-b517-48ef-9b21-3e3143c2181f,False,,0.0,0.0
c22fe765-1470-47c4-b938-534d5dc26566,0a0ef615-f478-4e8d-a2e3-87c2a2e01d59,False,,0.0,0.0
fcd9fe06-eb6d-47df-b04a-af976c3595d9,589a2b88-cd2e-4c8b-a436-c8dec40cfbde,False,,0.0,0.0
00a3502b-97c0-413f-8d90-65e4cbd6cdbe,b9c8ddd8-8f8d-4ef2-a397-3de4fd414341,False,,0.0,0.0
bffdf19e-6d2d-4310-a734-8f9699102374,539b4d73-1397-4f7e-8a67-7292755afc3d,False,,0.0,0.0
6a624c76-9af0-47b9-badc-bdd5bebbca64,77a63918-acac-4f3b-b395-734b50b9ff30,False,,0.0,0.0
650aec28-474e-4874-af0e-6aec29b08595,93231668-f185-4a7c-a004-0d0d5257c31b,False,,0.0,0.0
26cbaeef-0abf-444f-82f5-2abd4fa2357a,092351d9-fedc-4b65-84aa-6e12208a9c4f,False,,0.0,0.0
6677184e-cea8-4727-956f-0fc930d2803c,506a8dd3-0b31-424f-8858-35db2e3b5fd6,False,,0.0,0.0
ffb7c3d8-05d3-458c-9a4d-2f20fdde8a59,f1eef895-d061-46b3-8abc-36fc24a887a1,False,,0.0,0.0
2b2c1f39-d5fe-4a0e-9f62-072bec12c032,ca3a7379-8e75-44bd-9004-c585fefb5480,False,,0.0,0.0
43b9a944-8be4-4062-8504-3278924373c7,9bc88efe-4688-4612-8b64-e782718296af,False,,0.0,0.0
088993a9-dc19-43d9-b0a1-544748f40403,e39f95a1-61a9-429d-adc2-735db26dfebe,False,,0.0,0.0
c23ac85d-14a2-4da4-82c2-a0bc8a097971,edced19f-f47e-4c3e-9d5c-0525ec8f3b62,False,,0.0,0.0
49b63845-b9d7-44f4-a363-eaf3fd24fa03,f93adb04-4d24-4ef6-be50-e2da7bbe4efe,False,,0.0,0.0
8d85cbe4-b170-45ee-bc9a-56ca3396de09,fc16f82a-b682-4487-af45-88c3277747dc,False,,0.0,0.0
e777c41f-badd-46f0-87c4-cd5d8f313133,b55a478e-0541-43ca-ae12-bda9b2ec7ff4,False,,0.0,0.0
9896b3e1-e4d1-4643-a287-40b4c8cc4bd0,bffbce28-7933-4a49-ac7c-41067d845537,False,,0.0,0.0
559ebe3e-b888-4bfb-aab4-f01a105e148b,034f2029-1545-4b48-9b4e-279bfbab907a,False,,0.0,0.0
29209a8f-9f19-4ea3-b526-320d2f178346,24522ef6-1e5f-4e58-b427-eefaf808e17a,True,2022-09-09 05:46:06.691401,3689.1,1111.81
78615af9-5150-4ec9-bc26-db32759146a7,f8642165-298a-4a60-afac-4e8cf6c94743,True,2021-09-14 13:46:53.612077,7952.16,4905.51
b0c71705-54b3-4efa-807f-a3390bdedb57,e09012d7-14ce-4f0f-b5d9-704d5fe12b57,False,,0.0,0.0
4d006e7b-b772-4e82-82d9-c5f7a2a9c4ca,994e4303-b0cb-47f3-83ab-6793e30065bb,False,,0.0,0.0
0d79aa17-165a-4d5e-b927-83177959e0fd,17664a5a-f24e-4477-af51-5686a88db0f3,False,,0.0,0.0
2b833d28-4560-41db-827a-54c46df6a6b3,5111044c-10d6-419e-b52d-b8c8ff5b2d52,False,,0.0,0.0
073ea297-36ad-40fb-9ed9-6f2d91432bc5,7f5085e7-058c-4d44-b2a0-2b53565a4a42,False,,0.0,0.0
0b5fa494-9efb-4a30-aedd-ee0c13c1790d,eeb44055-ea62-4d3d-80a2-4679ed95e829,False,,0.0,0.0
9c849118-2de0-479f-96d4-f3230d0b5fdf,2ab8c610-e7e3-49b8-918d-a4887d5704df,False,,0.0,0.0
d95166d6-223f-40f2-be20-e89a3fabed6a,c12e3882-b527-4a0a-a8df-7aa5e8e00199,False,,0.0,0.0
a31a81c9-17d8-4d9e-b042-9b7f915feb2e,2d1b143e-1da6-436d-acc3-f8aaa9943d14,False,,0.0,0.0
fdf4d841-64ac-4858-a8c1-e0662b621974,7f14d81c-6f6d-48c6-8334-33e0aa566d79,False,,0.0,0.0
e318c03d-5984-461d-a50f-800c8a77ef25,dd811c65-1f56-4aa2-ad9a-7dd60c075053,False,,0.0,0.0
84e11069-93ba-4816-9556-32747600c7e0,c07ec4c4-b6b4-4aa5-b9c4-2eed297f8f1e,False,,0.0,0.0
d5ae422c-93e1-40a5-9fcb-065da22d07ac,7c641c58-a52d-4946-bc03-032cc7f020cf,False,,0.0,0.0
e288d4e9-8daa-4fea-8b5e-bccd790761ca,42650798-4b80-4fa6-bab1-fa122d5737a0,False,,0.0,0.0
0c51064b-9d38-4553-891b-9c36264dbed6,072a5087-67d9-483b-bfdf-c5c0876cacdd,False,,0.0,0.0
b67f7fda-fdc6-4b05-af75-3f91f8164c8b,e0acdb75-2326-43d0-86fc-e65a5af7dfe2,False,,0.0,0.0
98638152-1982-4be2-a612-004aba8adeed,f09d07f1-eac4-460c-9e4a-9260efd52c09,False,,0.0,0.0
62e19c28-377c-49d9-9326-3e3505804aa0,01f39146-60ca-40ea-b946-5f6628b8bcc2,False,,0.0,0.0
f61d4c44-f3c3-4732-bf03-8c62b9244627,3da34aca-1e07-44a8-828f-d8cb80189536,False,,0.0,0.0
2478f2b8-0a4f-4c4a-8f37-9001b7fb79bd,e1e0d3d7-c541-4a01-a47d-d853887e649d,False,,0.0,0.0
e126fcae-47ec-48b0-80bf-2178805e420b,051852dc-8caf-4d2a-bc40-47fa1c6386f7,False,,0.0,0.0
f28ced27-8356-45b5-a4c8-ec068714014c,3d9ea33b-1de5-4fa3-9033-dd5e798f5e3f,False,,0.0,0.0
f10c7d67-a584-41eb-a8a1-fc088a1c8ec2,e37001f6-d230-4588-aedb-bd896084d671,False,,0.0,0.0
8240e5cf-a332-4171-8a87-430be6497cda,9d30b0f7-f6a9-4c38-93f7-4636c7be5406,False,,0.0,0.0
9e72b15b-c4f2-4f44-9f1c-d25c26fd7d53,6cacf6d9-c8bc-4c88-be60-0c12da8746db,False,,0.0,0.0
8556f9b1-9043-44c4-a093-a814a4b03099,a67155cd-76e9-4fdc-87e4-b3f364ad2b39,False,,0.0,0.0
4e455b49-6ce3-4d78-9ff1-40f0ad322632,459f5497-abd6-4d74-863f-ec11446cc0d6,False,,0.0,0.0
e4f0d930-715a-4910-84c7-ace12c5edf61,c3dd1d6a-18fc-4899-9c86-a6f929f5d43d,False,,0.0,0.0
54b8ac21-ad6e-48bb-8397-4f19c6137174,6bb17a8b-26c1-48f2-ab1c-0430df114270,False,,0.0,0.0
6fd48899-303b-4add-a160-aa2d11fd2cde,37df8dfb-421a-4d96-b5f1-e04bc5fe21d6,False,,0.0,0.0
dcc7a5b6-d4b4-4f44-afa6-00b1fe14942a,b944e469-2ef6-4152-bbc2-ede622758233,True,2023-02-14 00:47:41.789979,326400.56,222256.86
4bdb73ab-bcbc-4245-b1d7-8f1d80e6fdfc,64836ec2-00b6-4158-8540-38d7399b747b,False,,0.0,0.0
aba49b84-a2ce-471c-9528-1902b641242f,3c7d53a0-4d56-4834-ba5d-8ae747338a26,False,,0.0,0.0
863ae0b2-95e2-4b5d-8411-e543919b451b,ae2e69e2-6c3f-4800-ac13-d7c3e1c72223,False,,0.0,0.0
f77e52ce-e82a-4078-b470-d9b606b3a31d,0c995e2d-a7a9-48ab-903f-3a468d8a7957,False,,0.0,0.0
f26d6296-2bef-44ed-9191-fd3515c438c8,a22966c4-ca39-465a-991f-210234aaf8d4,False,,0.0,0.0
6b5d29f6-9f7a-4b7d-af86-203318b7e504,f4e1048a-f417-4dc9-b954-018b6be4d062,False,,0.0,0.0
4d2c03af-3bee-4ae6-9c0a-bd5b85e28863,7232245c-d2c3-41c2-bded-abba4e1a7019,False,,0.0,0.0
365b44e1-b3b9-4f84-8733-3d566872c467,371e7782-5e38-4274-8db4-a7fa18e43d85,False,,0.0,0.0
01c923ba-7b62-4bf1-a543-863fecc73510,506801b9-c22a-499a-b1b3-1c9198063af9,False,,0.0,0.0
7d21e2ce-6a81-464b-9396-5d5dac2a2627,496b75fe-cc5b-49b5-ae9b-8fb501c90e2a,False,,0.0,0.0
991fdbcb-fb48-4f59-a80b-3987ff905a70,49861a4a-0025-43ed-a2ca-9f04609eee72,False,,0.0,0.0
1bb98920-81d9-435b-8fdb-a968c19f311a,4c6694ab-57b5-4de2-b1ae-84bec7be05c6,False,,0.0,0.0
a3638829-03fb-4478-b386-fc14c768e8e8,a7fb859f-7925-4d0f-a545-5ccc35b39c0e,False,,0.0,0.0
a4224beb-0c9e-4f0a-9e94-b07cda81a046,676cf539-c9be-43d7-ab1b-0f5260ae9b09,False,,0.0,0.0
38183737-f4b6-41a8-a99c-998fe22f41c6,f5f5431f-4f40-46ed-9aa5-d4e236c077aa,False,,0.0,0.0
ecaf8dec-fa56-468c-8c0c-e8059d571adc,fc2edb04-9a18-40e8-8c42-82cd1474849f,False,,0.0,0.0
65fe45ac-1107-4b20-a67f-577dff6a2934,076c1833-ca50-4117-95f9-6dfa933ac61c,False,,0.0,0.0
6f4e7fda-9307-48e8-8134-7cb028a96d6a,74cd4a41-5e07-4fb2-9919-be9116a26e58,False,,0.0,0.0
2b91dd26-6abc-4100-836a-a4d15dc90b4d,d61968aa-7fb8-46b2-8573-3d101d3ebe5b,False,,0.0,0.0
c94ca295-d039-4721-ae6f-d936bc258a2f,d385d453-c7ea-4fd1-bf4f-38081a9d7acc,False,,0.0,0.0
90bdfe91-23af-46d2-b845-8111ad6d5c30,a2e25753-56ff-4b3e-b80c-fd3dba6a741c,False,,0.0,0.0
95e56f18-636d-42fa-8ef9-c274ab2cba2e,df61dbe1-b714-4c44-91b2-152483c38648,False,,0.0,0.0
88c0cac2-afd9-4609-afcc-0a90f6d1ec4a,faca2c41-5377-4d9d-8911-7c2732878723,False,,0.0,0.0
4362bd99-22e9-43bd-bcd1-ad9bec5bdd16,63300ee1-0aaa-4c51-9cd9-7b172f51270f,False,,0.0,0.0
8ac732e0-047d-4007-bb52-9d35ea6ebef8,9daeceaa-b306-4396-ba12-2631715463ee,False,,0.0,0.0
d79c7747-0493-4d23-ad6a-66c67f17a166,20448d4c-c732-4a9b-8992-e0cc244a9ac8,False,,0.0,0.0
0cff545d-7de9-41f1-82ef-f58655a5c9c1,9d96bf5e-4d9e-4bb9-beb2-f90442cf4e6d,False,,0.0,0.0
57577fb2-5024-4a45-a98c-77d450c55386,b98b9459-7d35-4e60-9f45-a6d06af9e1cd,False,,0.0,0.0
fb40c15d-efeb-49be-9582-3bc4bb478b5c,30a19d7d-4b86-4f69-b036-89a4c518c20b,False,,0.0,0.0
ab437acd-14d6-4885-b6b2-d0c43f345802,b3932fb8-4fd4-4793-816f-2931fa1b1bac,False,,0.0,0.0
ebc46d19-1f43-4be0-a56e-a30c05336135,f12d0664-dd65-4951-b52a-a2af2b5457b7,False,,0.0,0.0
2607aa90-c9c4-4c16-a2a1-0019d445fe07,25e591c8-2fff-4405-ae83-766e4639e799,True,2022-11-18 21:37:39.697870,36980.63,21514.88
72b9f9fd-95af-4ef1-aac2-37e1a4ae7085,b1c72493-4077-4847-9e04-215a9e92b9d9,False,,0.0,0.0
fc176103-4cee-44e7-bc36-5b9ffa32b363,f5ed7ddf-783f-4cd0-a0b2-f35699b62656,False,,0.0,0.0
597e6bf3-351e-403e-a0d0-dd1881546182,e2aebd53-b89b-4995-a32e-3ac453fe40e3,False,,0.0,0.0
56a10f1a-eaec-4306-983f-f201d2b1fc73,3946ad23-c098-42b4-ba79-8ed42a0bfd9f,False,,0.0,0.0
dccd23db-fff3-4409-b94d-74d07f9e63ae,d61c8113-9b3f-4c54-b327-f33e6409e93b,False,,0.0,0.0
8c7af637-354b-4628-a4c4-a4492819f5bf,4ef8a787-34c5-4d5b-a5f5-ed6fc5e2cdcc,False,,0.0,0.0
3b4e2273-d861-4feb-87dd-d892cc0b1f4d,37663e35-cdba-4cac-be85-f617f17e993d,False,,0.0,0.0
6a2b4f22-f7d0-4022-8216-d93180e7e7b8,85713253-9956-4d9b-bdc8-7f792843d696,False,,0.0,0.0
5f4c788d-1a65-4743-a80a-1824a1b6a8b4,0e721365-a4e6-4afd-a6cc-d201335dc080,False,,0.0,0.0
e76a660f-65f7-407b-9e48-630516eef27c,cdbbbc7a-a48a-4be5-a0d0-dacc6a1917c8,False,,0.0,0.0
c340c197-ca91-4239-93a5-62204a234408,a8c649ab-eadd-46c6-9c4d-e578c19473fe,False,,0.0,0.0
bf75d544-4630-451e-be6a-594a647377e2,0ae4e096-24dc-4ee5-8cc3-78c3ce3200af,False,,0.0,0.0
6576a1ea-c319-43fa-820b-269ff9584183,03908f5a-7312-4621-b992-ce54c2cfa589,False,,0.0,0.0
503e7552-4282-4c3d-95d7-624a14360b35,05c95f58-9df5-4a21-a036-3d282e27c83f,False,,0.0,0.0
5b9d2f84-971c-4e6f-9784-08dd0bd7b0ba,3a769378-d39a-4c87-a3d1-8504fcb1a281,False,,0.0,0.0
7ed29c7a-6993-46ef-a2f4-ad03d0d931fc,863e3610-ae7a-452a-9179-15b7883a5ef5,False,,0.0,0.0
fd994d85-8fc0-4620-94aa-32dc9ccb3e74,e32a2749-eea7-467f-ae1c-b89a74f935ca,False,,0.0,0.0
5ac56317-4624-4d33-b9fd-366e6f002a4c,1a5ca752-2705-4d96-97b7-32b313d579ae,False,,0.0,0.0
3e08f2d4-70fa-46ee-968f-d59cf71b17e2,6db96fa2-6aa7-42a8-b2dd-aaea0bb28d6b,False,,0.0,0.0
a94289ce-e0df-48a2-9974-ed9e07531a2b,85406adb-983a-4235-9891-f8cfd7d050be,False,,0.0,0.0
c7991b31-bddf-44f8-bff4-c0a5d133a2eb,c96782fb-c417-4ebd-820c-be742e07a11f,False,,0.0,0.0
1d93eee6-0104-4840-9a86-b2ea0f2e8629,b575dd69-0b61-49c4-844a-a5c98e56dda6,False,,0.0,0.0
46f32045-03b0-4f75-a454-1157d76e8e42,4051dbda-d617-42cb-aabf-1a086b6de0da,False,,0.0,0.0
8cab085f-17c4-470f-aef9-99306f0e0e2b,cd03a402-c827-47c0-9337-bb3466e1608e,False,,0.0,0.0
403c6147-57cf-4dc4-aaf9-a8b1f62b5d8d,a2a5ef39-c163-4f1b-9f32-f343a562f0a0,False,,0.0,0.0
de873e19-d643-490d-b1c9-fd01e553b573,092e9fab-2457-4251-89b6-7093d0fe42af,False,,0.0,0.0
fb1f3363-70df-440d-b252-22178f9619b7,b01cad4e-b4f1-4ca9-92f7-76d1c6ec757f,False,,0.0,0.0
9c1d1c12-2b6e-4ee1-890f-4faa32eb2613,8eba0d06-0a18-4676-b473-c022981b99f9,False,,0.0,0.0
288bccff-5280-48af-b4b8-65d3d7426735,3f13d74a-5c7f-45ce-bea3-9cb17a4e438d,False,,0.0,0.0
0fcadf97-4ec0-4bcf-9365-1488f6221ce2,d14c6d19-ab44-4946-935b-cc84fd030266,True,2022-08-07 05:59:28.477915,573167.52,116307.27
f86b6311-c0d0-4c70-8b33-88f99bfaf8a8,dd0cd405-9084-46de-830a-d57d19fdaf3b,False,,0.0,0.0
ceca261b-2c7b-4863-bf0d-d7a4d13370b7,e7b4638b-e871-490e-9cf9-cefa9dbb2aeb,False,,0.0,0.0
f88d7e64-4ca0-43b7-b520-e05e2047ece7,e7718e1b-d1df-4ff0-b5f3-2c8e83fc7a2b,False,,0.0,0.0
fa8ef578-d55e-49da-9b66-70ef7a0bff71,24f3984a-264f-4171-8a0d-08aedb6e82cc,False,,0.0,0.0
e8fc38cc-e157-466b-910a-e208885bd746,d4961e60-2daf-43de-84cc-98eb803f8f00,False,,0.0,0.0
82131fc8-e6e9-4f4c-8ab4-34a8494cfc75,f4f7bfdc-5d96-4459-8a3c-8743a80824f2,False,,0.0,0.0
dd0d048e-1a37-4af4-9064-7586fac43577,04579d6f-93d3-425a-ba56-04b37acd003a,False,,0.0,0.0
a348c478-5bd9-427a-b155-6f6f3bfd8cfd,9186c2a1-9536-422e-8a02-d7c19859df42,False,,0.0,0.0
7434acc9-4d04-4e85-b4c0-0332f52584d4,ee3f0127-d7de-4f4d-b9ec-02ca9e4152f9,False,,0.0,0.0
ae58b094-10dd-47e5-b692-61c013256b10,fa286316-5315-4a23-92f0-ed7dbff49c48,False,,0.0,0.0
e2add785-e4c1-4d44-afb4-3e8a1bb88b91,c2cb0bc7-f032-4337-a10d-27dcbf153b90,False,,0.0,0.0
acbb7894-3e57-4752-8a7c-e9dd493fd427,a2cbc85c-3069-4e7c-84a6-dca6f908017b,False,,0.0,0.0
80da112e-01e9-4f4c-9c14-7cac7de89bcc,88f4ca54-1584-484b-acdc-1cc03fa60025,False,,0.0,0.0
319ed6b7-6182-43b0-9a50-794f72a73761,ffb1c192-15e5-4e78-863e-9bb3f37296a2,False,,0.0,0.0
6ca6c02c-a09e-48bf-8747-f31cd61028fd,ec02e881-080c-4aaa-82c6-cc4277ba69f1,False,,0.0,0.0
30b3f333-b897-4d91-bf22-3ee9e7ee7c77,897e2ce5-4fe3-4b6d-befc-5196512b4c10,False,,0.0,0.0
9e1f2f76-1f1b-403c-a432-90b8315e53c3,3ef433df-020a-4c40-a095-c0d0a26e67da,False,,0.0,0.0
a057dd82-77e2-46f7-a68e-f5727ae1821d,685a9a7c-b83f-44ca-b9a0-d586369db2ef,False,,0.0,0.0
026f033e-64f0-47e0-b7b8-f355c0ec3862,d64894cd-2766-4e92-9873-6d60b7f23862,False,,0.0,0.0
2f6f7532-ebdb-4bee-9410-6544264ac4fd,4baec9a5-274c-41a1-84d4-0f6a622361ee,False,,0.0,0.0
697e55f9-c6c4-4990-9c8f-321c8091e291,bac70b9c-6015-4570-93aa-d0c7c8feedd7,False,,0.0,0.0
5b2a8a57-3dd7-4f35-a0b7-8f928e452b6d,dc406c3b-2e50-478b-945f-d39a376788ab,False,,0.0,0.0
642d8451-5bda-4a0f-aeb2-8c3e2db7a931,9b465e04-b4cf-4cd7-b2a1-c14d46a49f8d,False,,0.0,0.0
ad8206db-b159-45bf-9a71-c00b364d7b0d,3499a783-9b47-4e77-b133-5445d695847a,False,,0.0,0.0
4e4f15ce-aa69-4c4e-ba0e-7006135d65a1,b3322d31-d3a6-4f0c-ab07-8653af878674,False,,0.0,0.0
a7013fe7-894b-4907-91a2-35c1705face0,24522ef6-1e5f-4e58-b427-eefaf808e17a,False,,0.0,0.0
6f57d020-6878-431f-83ef-f1a1b96a2f29,69ac030e-0958-46df-83d9-f8c35c922fa4,False,,0.0,0.0
cc6673e8-d058-4ca5-9eab-bd73965e8fa4,ce9205ae-cdb5-482a-a78b-941fdcca9a71,True,2026-04-04 21:28:03.635534,3041.32,1832.8
119a881f-0667-4156-ade9-56f7d00f14c8,0f5449d1-910a-4ebf-a909-3889e42cfe33,False,,0.0,0.0
435efd06-a6ce-4069-91e9-360aba083060,10ae2dfc-3729-4854-a73e-54e5b119e78c,False,,0.0,0.0
88b0ea7b-5951-4752-8fb9-9cd4d3bf4776,047d4bc7-2753-4c4a-9136-8ea85bd3494b,False,,0.0,0.0
e99f29d3-74a4-47e1-96d4-dc3987347444,7a3f4573-f16a-4857-9a68-990e2412e47e,False,,0.0,0.0
be348200-6af7-48db-96cc-89778eae1ac0,e8048c91-4c15-47ec-8bca-e422b0c37157,False,,0.0,0.0
838c19fd-7d45-4e2f-96e4-74e0082a9cb7,ae57927f-730c-4e0e-96f9-92984634a5f6,False,,0.0,0.0
93b75864-d053-480f-9e5a-e2b31462c6a3,de14b989-4c91-472f-9ef7-c9e1ea882491,False,,0.0,0.0
15414012-d44d-4ad1-99b0-cfde20c7db7e,4f842010-a48f-41f1-9be4-0ba9902ad019,True,2025-12-04 09:00:28.137723,26856.28,19221.31
4725b3a1-62c7-48ea-939c-5dadf2b2de73,96fdad96-2681-45bb-9fbb-3a4326da916c,False,,0.0,0.0
ceee2a00-a0c9-4cf6-8679-90924964aed8,720f2288-0760-4502-b39f-51c3490ec6f3,False,,0.0,0.0
6cb1852b-2189-44d3-9d69-e6b16e325d33,f7f3dc54-27a0-4911-afd2-9b721c13a1e7,False,,0.0,0.0
7868dfbf-029c-47bd-ab1e-771dd7b520f3,963d4606-ae6b-49de-baec-fb4c8a240d57,False,,0.0,0.0
6e82ea64-92ca-4fb8-b9cf-08c3779b4a84,fb7b00c7-eaa6-4c45-8f01-fe855bbaf3ac,False,,0.0,0.0
4be917e4-fc3d-46b7-880e-57c7380c695e,10f897ab-5b44-402f-aec1-6f6caea74c2e,False,,0.0,0.0
bb9c5594-a2d5-4c5d-8803-e37ad9046929,e2abe6e3-72f3-4ed1-b163-ebe1b6dd5f35,False,,0.0,0.0
ed3ff58a-207b-4bdc-8f2f-1d5589910976,db872c8f-0551-4102-b6ef-66e43e61d359,False,,0.0,0.0
ab62d9b0-e772-4c1f-8ea1-92b641d77d35,0f417135-d56c-45e4-a391-5adcc8096083,False,,0.0,0.0
5035bbe9-af67-420f-a626-58b11518fcd2,96b0356c-a49c-487c-87c9-021ffdc6dba9,False,,0.0,0.0
2c2ee414-a76d-4808-a42c-07f00cee9742,2280229d-9d1b-40f5-9fc6-1eb31c534b87,False,,0.0,0.0
ffff9649-157c-4992-aa21-9f21bbbc7004,d455b87e-9322-4023-9a99-5017deb04c83,False,,0.0,0.0
77810fe8-b13e-491e-aec9-4e12822d8243,d9f0fa1f-c2a1-4a12-89ce-ab51a79a80da,False,,0.0,0.0
77951512-b1cd-4ab8-8af9-ecc87bf48686,227cc456-193a-4e2a-b8da-93c8c0b4283a,False,,0.0,0.0
b6f28be8-e783-4f43-8252-8d672e79edbc,ae344b14-505c-4986-97f9-580e6e20cc72,False,,0.0,0.0
9ecc5488-237a-4c67-ac2b-fbcd3cfbf490,7f2382b5-0d1b-493b-a9ce-f59399a9a788,False,,0.0,0.0
9a39fa2f-92e9-49f1-a224-7f018f818454,87c5577f-d091-4dcd-b5c0-b4909361b11d,False,,0.0,0.0
a3bb8a64-a3ca-4f94-8a34-410752e3ece6,6cd27618-bd14-4f78-9b6d-5342e9b2286b,False,,0.0,0.0
eb5f588c-664e-493e-b5ce-546ea626a769,f7b8a5e4-80a5-4e0d-8016-7fac2003c81e,False,,0.0,0.0
9d5bae17-c01b-40a4-9ec9-84b040a5b10e,d66ec576-b7e6-4b4d-93d5-326f9b032c39,False,,0.0,0.0
7c25f4d7-9ae8-4e6a-8c8d-060fabbfe7e3,781e2d35-2fa1-42bc-b4ce-5f319aff48af,False,,0.0,0.0
15932ac9-6b3c-493d-966a-d3d2398f9b3a,b5b25ed1-af1b-4316-ba0e-681bbd5db7a4,False,,0.0,0.0
45e428b3-3d68-4195-8ee3-94caa5f55bd3,607b7b22-2d18-41d7-a02c-98871cecb536,False,,0.0,0.0
eb1ef3d1-26da-48f9-ac88-3d15677c6fed,7e8e148b-0b44-4907-ad59-ae125ac7b94d,False,,0.0,0.0
6f00f0ec-0f32-45f3-afa4-d5962d96ebb8,7c08a960-26c4-41fd-b859-7bc643e9c94c,False,,0.0,0.0
af947dcf-995f-4b78-acc6-a72dbb9d2865,d2e9c930-eeec-475d-8772-36d0c39b7cb2,False,,0.0,0.0
e6459e6d-01f9-42bc-a71d-86f16e56c40d,2bd6f0fb-ee3c-4687-b704-eced5b9df42d,False,,0.0,0.0
d9a818ab-1c27-4fd6-a3e7-55f59d803df1,7416386b-46af-440d-95d8-a81a81ceb20e,False,,0.0,0.0
25307b4b-2ddd-4d77-a597-bd237b803d95,607cbd33-84dc-4f4d-8c6d-5cde04a7083d,False,,0.0,0.0
04aee645-f3f5-48a3-a8a8-febb5e562b78,44b2e5aa-f334-4f9b-badd-e398c09eb13e,False,,0.0,0.0
da6fea05-0b9e-40d8-b00c-efc8e516d025,f5d68c8f-299c-4d73-8295-f5c984d77929,True,2023-02-12 14:49:13.046985,14851.24,11320.08
dababd3a-892c-4bde-ba18-35b29b1ce002,613f50db-e5aa-4c5a-bbe7-52062ce62f9f,False,,0.0,0.0
e41d7280-1179-4473-b3c5-7947a09a5e62,3f13d74a-5c7f-45ce-bea3-9cb17a4e438d,False,,0.0,0.0
38dee13b-3fa4-45a8-a691-6b2d1e9373be,ac482af2-6e98-4798-82ac-0d6d10c88179,False,,0.0,0.0
3e83e8a2-4af4-4126-b7ce-abcad5a6c94e,3881e713-22be-40bc-b7eb-178670f7cd82,False,,0.0,0.0
ea1a9ff9-54e9-4e49-a079-e22b1018a96b,c94ee2f0-fe06-4b4e-bf63-abb84e4f4dd0,False,,0.0,0.0
38459ae8-f95e-423f-9069-0c31aa7fcb3b,3c675934-95e7-4fd0-833f-ed33a7b4d7c9,False,,0.0,0.0
053a8aff-dcbc-4a8a-bb8b-5a89f32b6381,ed1d6d27-03ae-4a62-b64d-a24314faa0f5,True,2024-10-26 21:57:23.624515,4271.48,1938.38
8caca117-af6f-4309-bca0-17885f9db9fb,5714fc0b-b744-4158-a550-e249436c3827,False,,0.0,0.0
58800e1f-0880-4d6e-8fba-0de394178701,27180985-f2d6-418c-83a3-574a919cf735,False,,0.0,0.0
6e18ca05-a891-4052-a4d4-2bd7e53a19a7,55c275e2-d363-421f-b11c-dad44e6ccc79,False,,0.0,0.0
833ae149-b8e6-4881-ad45-31857ce74be2,534b3dbb-7a14-430b-8742-45861034794e,False,,0.0,0.0
bfaece11-aac8-4a81-890f-8d309883fec1,42f8bae4-0145-43df-bd0e-be4e877f867c,False,,0.0,0.0
978b9048-bce8-40b4-a1ca-10877f71ab08,b53a2800-7d86-4a55-b6d8-3fad1ccda878,False,,0.0,0.0
27f30e4a-c4db-4305-a5d2-2b86a9e87121,466aa217-ae29-47c1-84d4-65dfa8d65147,False,,0.0,0.0
9ddb9060-02fe-4d1d-858e-4460cdfc957f,0f6eed31-8745-4d05-94e8-9dd00c4bc3d2,False,,0.0,0.0
8619258b-43d1-47b8-9b5a-f89de37a4eb7,887cedb9-ccdd-46b3-8c07-e0e386695d31,False,,0.0,0.0
e705c1d2-547b-42e7-aeef-c7c758b57e04,6f9a544a-3de3-42e9-9141-26afce70d3f7,False,,0.0,0.0
ccac1613-329a-453a-a067-32a99e27bb12,96e15645-8ad8-4f05-9991-77b932888f78,False,,0.0,0.0
4498ac7f-508d-4d58-9099-621eb6364fc1,49a85d9e-dec7-46ca-9020-94d60c3c83d3,False,,0.0,0.0
90cca2de-68ae-4518-a326-f3ffaa107f7e,0acc09da-0ada-434b-ba8b-a3cf39bbab8a,False,,0.0,0.0
95b5210e-8c64-49c9-8efd-a65cc43f46c5,926730dc-1c0a-4411-9086-af36fa0a5de5,False,,0.0,0.0
166c91c4-7ca9-403b-9857-f8dfcf087435,473bccd4-84e6-478f-ae37-b72135ef2b60,False,,0.0,0.0
da18ddc2-1f3f-4728-884d-bf0dd7851fed,477809ce-71f0-4cbe-8b72-8b16d6315151,False,,0.0,0.0
e286eca1-e008-4fb5-be88-753d72bc368b,44ed3d94-4ea8-499e-b440-6c5f72bfa693,False,,0.0,0.0
7f3b3454-0955-45fa-ac62-3cbe3008fad4,ac5a61d3-94fc-4275-94e8-45bcbdfe7f18,False,,0.0,0.0
73f79df6-df52-49f3-a29f-d3181819c605,fed46e35-1891-4896-a848-849e0dacf645,False,,0.0,0.0
bed828b2-118c-4106-80c6-9369f6d5a6c2,11e12ee9-f664-42b9-b8d8-061976538a69,False,,0.0,0.0
0df15eac-191d-4341-a0d6-52a7354ace7f,d61a4a69-30bf-4bd2-a23b-da76bcaf0ee3,False,,0.0,0.0
5c0cb7e4-9c4b-4888-824a-97e60bb28468,d13b3a4d-87f1-4ab5-8e82-373e42be7d36,False,,0.0,0.0
b9c95d8f-80da-4694-86b5-9d9114d3434d,3a58d606-a302-4b2f-81de-ca4c625cade5,False,,0.0,0.0
8c44af9c-22d8-4597-ac24-350c90f78c68,b907e44b-0e4c-4983-82ff-51e0e21d4d53,False,,0.0,0.0
9cba8391-d603-4bd9-b4f0-b9e73335270b,916efd7b-7cc2-49b7-95b4-59923d49e4f8,False,,0.0,0.0
2ddc2cf3-0eb1-4181-8a4b-0393061a2f22,9635dc67-ad5a-4575-965d-6ed039b05c64,False,,0.0,0.0
f27b4d20-b1be-4e6a-89c8-9b00f380d07e,3955b110-fc2e-4301-9232-231d8dd7b77d,False,,0.0,0.0
60c0f547-60dd-41bf-863e-8d4a9a3801ac,903ce3b1-6158-4ec7-b05c-b0aed795187f,False,,0.0,0.0
36664eeb-743e-405f-b4e5-9404dcf441f5,99474e78-77cd-4b25-8786-140f2339df60,False,,0.0,0.0
7406ab25-a066-4ddb-8b06-7f199e48aaf0,72176085-f3fd-4abb-be8b-a891d5c4b30a,False,,0.0,0.0
d2228257-05c0-4a85-9b05-c9d66d37e03c,bce4808b-2b5b-4e12-a06c-e216b54a126d,False,,0.0,0.0
a26be524-c8e6-48a8-ac51-5547d27145e9,80851d53-2d82-4b6a-89bc-819e9d180608,False,,0.0,0.0
18cfb10b-b61f-4270-9e7b-104c9a7f2e82,9ef63a80-179f-4235-9f2e-f2803b5844f5,False,,0.0,0.0
4388716c-1211-4d24-b835-c47ef44e842f,6025cf7c-4966-455e-98a8-a428266ecb23,False,,0.0,0.0
1ef18ffc-42d1-4c4c-ae48-0bf232d4acd7,d24e4a96-f3b6-45ae-b8c7-f2360a6119f6,False,,0.0,0.0
3a68aea8-e4e2-437b-b37e-4e29afd033ab,fd780916-aa84-4060-870d-eea0bb09e763,False,,0.0,0.0
7f8438ea-48b0-49ad-a91a-071b4cce7009,0570ea72-a167-40f7-9de8-f62bd45f8e7f,False,,0.0,0.0
21493b8b-f7d6-45c3-8cdc-0b4b44752aec,e958c430-d21c-4643-88c0-8457464aea48,False,,0.0,0.0
5bedf7df-fc12-4bda-8b45-9e83c9ee418b,3a5b10ff-8076-4a77-b25a-2225885f40aa,False,,0.0,0.0
db016e07-73bf-4e5b-8890-ad65da89be63,bb2c23cb-361f-4924-a7a3-2e37475ce39f,False,,0.0,0.0
32c76213-44c6-446f-b7f5-0d3fc32213d5,30584d20-2711-4b60-93ac-d71bde03a536,False,,0.0,0.0
1748a16b-2ada-4aae-86fd-872e3de21616,49861a4a-0025-43ed-a2ca-9f04609eee72,False,,0.0,0.0
6ddef761-1c17-45d5-8d6e-d730e71c127c,140f9b24-fcc9-46c6-bc19-ef424cb9c5c6,False,,0.0,0.0
e6a6594d-7c3e-4188-8c48-acf527612bfa,2d49d235-bc77-4a20-b4a4-cb8027379316,False,,0.0,0.0
0614135f-1b85-468f-b73e-8b19762e4dcf,eb7fb03e-d14c-40b7-90ac-2a6d3bdad4ac,False,,0.0,0.0
3fbfa1e8-4505-4bde-932f-e15a19f8ad62,14c08edd-95f9-4545-a315-0039ced7430d,False,,0.0,0.0
32e69c49-a659-4491-86e1-54cbc1a6087d,a96bc761-3717-4e45-a570-6108fc78090e,False,,0.0,0.0
c6a50f1d-f158-4dc8-be9f-4e76252e1ca6,bab4eb77-959f-4841-ad19-312dde3b5a64,False,,0.0,0.0
1fec9bf7-6ec4-4421-a70f-99a04b2a573c,a48339f7-c703-4a4c-b150-f94fe2f2cf57,False,,0.0,0.0
6b8a24dc-5086-43fd-b7ae-ebbeb97548fa,82e6e14d-8d53-4190-a3ab-bef5a7742626,False,,0.0,0.0
822f1165-c3bc-483e-a403-bf1468f7afc4,25db9dbd-817f-4e3b-9a1a-59cf9b480ff5,False,,0.0,0.0
0ac7c3c4-1a1f-499b-9d97-2ead75ca65f2,5ef75904-b1d9-4480-8caf-014434b51e65,False,,0.0,0.0
8d077651-51e9-4504-bd57-ae7ba8c4c362,3286af00-2a8b-4289-9f19-297ebf86ad63,False,,0.0,0.0
59df0246-9cc6-4fa9-b7c0-79077d00fdea,15534416-bf3a-4509-a66e-cec56852833e,False,,0.0,0.0
e725faa0-4abe-4bfa-8927-22a350b779f7,652b1328-422f-403e-bc29-c667233089c9,False,,0.0,0.0
8114b48f-7609-4051-9349-1fd4708f8516,607b7b22-2d18-41d7-a02c-98871cecb536,False,,0.0,0.0
5659814e-8254-40cf-ad18-8e33371b3dea,9d148109-db18-4efb-8e53-4765ee6e5ef6,False,,0.0,0.0
547cfe9a-c3a6-43dd-a881-93f51ac8db23,145deec7-019d-412d-81f1-0d042f576e77,False,,0.0,0.0
2b9c4bf2-384d-483c-be3b-cd5355ce85db,1aca9cf6-7ab6-4c3c-9667-159d22021f9f,False,,0.0,0.0
6e3b8afc-8f8a-463d-b4b7-66efda262ae3,6b775489-16ca-4742-b0e5-2458e2832379,False,,0.0,0.0
2b3d6c6b-7fcc-416c-87ce-c2a0fc40f4e1,4fca946a-6c6a-48e9-8564-956a97f5f3e4,False,,0.0,0.0
1b5435fa-363c-41b0-af18-b8d164a20355,c5ba8420-5b4b-4466-b6fe-b3a6a37d299e,False,,0.0,0.0
b7e00582-c43b-4358-b24a-12bd0c7c9454,833d19ff-3168-49f2-995f-0d20f3966a62,False,,0.0,0.0
a9d5152e-4038-4191-8144-a7ed5bdea9df,a874d557-cd0e-4708-acbf-81d4b1720b65,False,,0.0,0.0
10dab64b-c32b-4520-8f02-41f16d57908a,8a73483e-26ec-41dc-b751-68f6c0485d0b,False,,0.0,0.0
9a718013-a719-4968-ba2d-30287667a679,53fdb674-87f7-46a9-b0a9-5fc90f1f43a7,False,,0.0,0.0
b3912e93-9a10-49ac-acec-c2aacfc3d8f9,1a5ca752-2705-4d96-97b7-32b313d579ae,False,,0.0,0.0
f6f2781f-0d29-4576-9c2f-6f6a1a63e6f6,6df3be7a-af61-4ae1-83a3-5aed33440c51,False,,0.0,0.0
c71edaf1-cc4d-4f00-87d1-fa370be5f8cb,6cacf6d9-c8bc-4c88-be60-0c12da8746db,False,,0.0,0.0
857be504-3df6-4406-ba73-d7bb5f34f44b,0289a49c-e036-400d-a4fd-da37ce635ae0,False,,0.0,0.0
8c7c9b42-1ad0-42be-bd4e-673361e76e79,9f6f4967-be87-4c4f-a0af-9f67ea4a973e,False,,0.0,0.0
c145827d-519e-4211-984f-fa1764e66ffb,ba2c43ec-43f8-4fcf-8997-0b27dbdcfb3d,True,2023-07-10 10:56:16.274748,442.0,54.11
099c1e29-5940-4289-8ab9-094ae1605dc7,5397ff39-de24-4ec5-8d6b-a0191fb8e3c2,True,2026-02-12 02:23:23.244393,16752.57,9506.51
2f411e99-e388-419c-97b0-0a761bdca8b5,cae322c3-6896-457b-b7e1-1681fe84f0fe,False,,0.0,0.0
0b0d7a15-3081-4784-9f0c-b0276dc67f83,0caaf782-dae5-408b-b454-83ed12ed553c,False,,0.0,0.0
5ef9854e-26d5-4364-a9f9-49e6d89c8bac,a1b95e07-af38-4794-a0eb-16f1d3e8947f,False,,0.0,0.0
b96dde17-586e-480a-894e-228ef7fbd928,7cba8dea-5086-4861-861c-ba485fa5c8d5,False,,0.0,0.0
0dc8a17e-3991-4703-8c32-190eb86e50e0,c8cd015b-5dc8-48f0-8c8d-f318b7609e4c,False,,0.0,0.0
14c28955-5673-46a5-8001-3551caa11ed5,af826da0-5a18-4557-8f24-73da4141c9c5,True,2023-11-02 21:47:32.876057,8534.62,854.62
73eda005-7af8-4e63-81f5-933c4ca6b470,a18abfa8-1ced-4991-87fe-b08e08f07b8a,False,,0.0,0.0
23fccbe7-bbfe-4fd7-89aa-48d8f78def73,2344f207-f0a1-4255-a71e-bf8e979bc54c,False,,0.0,0.0
cef7b02e-b341-4bed-af92-51e83aa9222c,3b759faa-18ce-48d1-85e3-be15f1dc5270,False,,0.0,0.0
d187a5a6-258b-4943-a6ac-04e74c34fc6e,8e47fb7d-8a7f-426e-b585-f440c3a98532,False,,0.0,0.0
57ade664-3ba3-4f32-8ad6-ea26247f7728,2651daa3-d8bb-4c4e-b3e6-270444087b43,False,,0.0,0.0
5357e28e-4495-4ab3-b7e1-a421fce3d448,62a73ff5-e498-41a8-9c02-8ab78068f766,False,,0.0,0.0
5cda96f7-d3cf-4332-9353-4e6ac80fb868,8b418bdf-e52b-4187-bc3b-5ed72dd5b752,False,,0.0,0.0
c9cde4af-8f9d-4939-b7d7-157bc9b801e0,ac5e1ec3-e1be-4ed9-b483-518e458fa881,False,,0.0,0.0
3286021d-7dee-4e73-a903-6db103f2fb27,dc160e3d-eb15-4f5b-81a0-578257ec95f3,True,2022-11-13 16:14:46.429075,24632.8,11106.79
3eaac640-87bb-4503-be02-07d9d7eb0f48,3217f93c-ac60-42a4-b85f-a73df17316d5,False,,0.0,0.0
9f711ddb-5ece-4d76-82f7-41fbaa3d67d8,7f2487bc-8c10-4bc1-b36b-8385522fb6b0,False,,0.0,0.0
4eb2ecd5-2e53-4ce7-a55e-ab90d76752fd,b4fc8fdd-875d-44cb-9b32-7b4edd44051b,False,,0.0,0.0
4c6f8ca8-a892-4111-9b00-8c860d12eff2,fcc6713a-7cbe-48bc-875b-ce8c47054796,False,,0.0,0.0
9ea21ff5-02f8-4d80-847d-f3587aba5280,13ffe66e-6ef2-4516-9f42-ca29a747520f,False,,0.0,0.0
fb53a9cf-cb2f-48f4-b3ff-317bbdcd16e4,166e6aeb-7f1e-41ea-a1ab-0704de8e2646,False,,0.0,0.0
416a10b6-7ea2-4e5c-8a8e-d97a56a48c05,4138aeea-8988-4d52-b599-d4751b139a48,False,,0.0,0.0
b2f1edc9-3a13-494a-8215-c24581221a79,390bde0d-98e7-492b-9f53-5718535fc8cc,False,,0.0,0.0
8bd2c4f8-1521-4f82-9f2e-bbaa9d4f90dd,9e929f50-995c-412f-aa96-08bd0f706894,False,,0.0,0.0
8cad2dcc-ddb3-4304-b080-387a2a844654,353fce99-ef9b-409b-a32c-ceaed7357f9d,False,,0.0,0.0
1a1b5143-6c75-459e-9024-d6cf5cc4ee3c,282f0aa6-730f-4b28-acaf-549ed37dcef3,False,,0.0,0.0
168b6e83-246d-4f18-964d-97b36b32aa55,f3986f93-6dd7-486a-b30a-0bb4da8fa656,False,,0.0,0.0
cf08cbe5-9447-493c-97bd-64439fcbdcd6,a1b95e07-af38-4794-a0eb-16f1d3e8947f,True,2022-10-11 08:15:14.753185,107244.19,69038.5
c12c7bdf-c571-40fe-8310-a1a796ff0466,fc3b8f4d-fe42-4b8f-8e5a-ef220f988297,False,,0.0,0.0
ec5e35ea-9ec7-46d2-8461-0fd1313d10ec,02b49d26-672b-4fa7-a95d-a34b5b860e79,False,,0.0,0.0
6312d8b7-ac5e-4dcf-abe9-7893a4a64445,8bb61e76-efbf-4c75-a6e5-4d66ee4ebb16,False,,0.0,0.0
6f3769fd-fa7d-4481-ba32-08f69c169881,e3fb7b87-a7a3-4c7a-81c9-a46487d22e31,False,,0.0,0.0
8105fd80-c8c9-40f2-9d56-359746e87f43,17a0fba1-1994-4293-bbc6-423eb58a4321,False,,0.0,0.0
ce57cffa-aff6-40f5-9e8e-c011a90e332a,1f4db543-f58b-42eb-9b03-89976cab2214,False,,0.0,0.0
d7831533-5ff3-4f0b-8552-7615d885b9d3,098bfdfb-202b-40d1-871a-5cecdbf0d42a,False,,0.0,0.0
347799d9-4b27-419f-aa7e-f7bc19a0db31,cb3ada7f-a10d-4623-a046-2998e37f24d7,False,,0.0,0.0
fa1dac10-2a76-48da-b0b5-d8ed33f08978,d5942bb2-7ddf-4270-bc60-037efc6f2e6e,False,,0.0,0.0
e92afb32-5dbc-4e86-b423-f1983236319b,5e331ed8-48f0-4cb2-9398-6e7f9f2c7e7f,False,,0.0,0.0
158e5664-e127-4ac2-bbf0-5777d2ebca68,3c64b7e5-54ef-4054-8206-ad9d9be6aa29,False,,0.0,0.0
bf20eadd-0f31-4c93-85da-7dd2828a3b8c,f09e64ef-8bea-4f03-a645-3b43d07e22a1,False,,0.0,0.0
dd74082c-9edf-4f8f-8d66-44a4ea3f6937,9ad28c4a-9798-439e-9a78-6fcac5a06501,False,,0.0,0.0
a96be849-566b-462e-9d92-f9aa7e8fcfd7,7453c9c3-8ebc-42b1-b866-5e813ff1254b,False,,0.0,0.0
edcdd400-35b8-4208-b7b9-8ee81171f3e0,f2203acf-8eed-4d34-b384-3346945f4281,True,2024-05-08 02:57:29.042996,1371.02,350.01
872b93e4-a6b2-495a-bf50-fd57e05a18d3,2a966a13-be04-496e-adb3-5ea8a43a5eda,False,,0.0,0.0
4ac07a3d-dae4-4154-b3c1-8349ad15999d,ee481499-c096-4be4-a755-978de5341283,False,,0.0,0.0
798df352-7072-49a6-a14b-698809a430c0,f605070b-ea73-4391-9840-f42533decf96,False,,0.0,0.0
fc53c4d2-b5d7-4eda-9bbf-fdf73bbb0e94,00bae133-babf-4447-a855-6690f4d85745,False,,0.0,0.0
a015b81e-71db-4c88-9e9a-7cbde1d639ce,91312064-101e-47fb-8532-5a3e6759d978,False,,0.0,0.0
81449431-06b5-481e-a2d6-0bbdcbd8af30,206faddb-1a31-487e-904c-01a1434fe133,False,,0.0,0.0
e74707ee-ed0e-456c-bfe0-c30c5fef581d,50c49c2b-e8c4-41fc-9f8c-1c815ce9a3d3,False,,0.0,0.0
54ce5916-ff43-4b2a-b0f1-e9d239a879bf,3e881490-681d-432b-85e6-d7080874688e,True,2022-11-09 18:30:56.881868,2043.16,261.03
73e8430d-831a-424e-9baa-bd9d2de34393,6bda623f-aca9-44d8-8381-863cfb0cd85d,False,,0.0,0.0
2118cb20-d5f5-4b74-b5af-8c5ad3337ad2,8afb9ff3-a7b1-4bcd-833a-c676b6d6e920,False,,0.0,0.0
ec523915-5cc5-48a9-ac01-eb37adb27152,724c5cd0-07ac-4372-a93e-e2d569b20a83,False,,0.0,0.0
20772777-fb59-44fa-96ef-d2010f6fa169,69ac030e-0958-46df-83d9-f8c35c922fa4,False,,0.0,0.0
ae167e47-5b9e-405f-942e-dae2b11a0d13,7ec4eb39-b0e4-40ce-a2d4-faa0a466c489,True,2024-06-19 12:34:07.813914,16282.55,6496.86
d54d7f49-db23-48bf-b2fa-39f93e6a78b6,922731e9-3aaf-4187-a638-4b25a9f9f36c,False,,0.0,0.0
3a7d9118-109a-4d7e-972f-a9a47fba0e43,f02a1b37-9865-496f-99f8-d29021abbbf2,True,2026-01-12 13:21:57.563010,3859.18,1560.48
c16f9fea-024a-4678-a9fb-692f8d756b33,c91463ac-af4a-4f31-89df-f7488a8b0677,False,,0.0,0.0
b598b2fe-5238-41b4-9444-d4fee97eb592,92419671-da2f-499b-a923-895d08429e20,False,,0.0,0.0
6e458fc1-8f35-4b94-8fd9-fcafef1a9a52,b05ab6bf-bca9-4eba-b5ff-dd0c2eda17d5,False,,0.0,0.0
fbfc50c3-e878-4018-b41d-74ce94042aca,9f999133-6e11-4dc4-bc37-531544bd8fcd,False,,0.0,0.0
e3aa7f9f-3b86-4ccf-acec-88b48fba32b3,30104525-5809-4249-9b90-f2327bdd41b3,False,,0.0,0.0
2428a0d0-c31d-4efa-8c51-3ae73a128041,f60fdbf2-23b8-4542-a602-3be329fda256,False,,0.0,0.0
cc6f0be2-f769-44dd-b7fb-17e261a565e1,c7efd8e2-5f71-4ac6-8087-1ba97344e407,False,,0.0,0.0
bda52cbc-1310-4403-a9cd-138e0f3bf3d1,4169de84-0ad3-48b9-ac10-180ec8d2382a,False,,0.0,0.0
5209bcad-a1e2-4378-8861-3529286852a0,1e767433-fe95-4f4a-ad56-c7c7ae455311,False,,0.0,0.0
50d4eaa6-a051-421b-ac74-a4dc6fc9ee0d,0ac22e6d-25ee-42db-95a5-7ad7fd05bd92,False,,0.0,0.0
2caae4c0-276a-4ada-bbc6-ce5042bd2688,b69b8391-e4ee-4f51-9ce8-5b7d0761dc0c,False,,0.0,0.0
8ba36cde-a6ba-408e-88cd-8f182af4673a,3ed1d8f8-153d-4c6b-9790-834b8b3236d6,False,,0.0,0.0
c6f92de1-57be-49f0-9abd-d74af3f72ae2,1b2b5f8b-a27e-4970-8452-ba518223c495,False,,0.0,0.0
56daff38-c99e-4469-bf75-09894c0a7316,6e025590-0f32-4b39-bce7-c8078c2d23a9,False,,0.0,0.0
5836aa46-f10d-41e4-bb5b-105720db50f2,3902d8a7-e5ae-488f-9942-339503d301cf,False,,0.0,0.0
d771e5fe-9a7e-4501-9724-3e6229d21bef,d7ee15bc-6ecd-4788-a31f-6c0fca66b8b7,False,,0.0,0.0
15eb6593-45f6-4268-a2f9-cb4499782256,924d4a86-efed-4e52-b9f7-3374e92af09b,False,,0.0,0.0
a8daed6c-bd6d-4816-bbe2-6497d7a52253,d14c6d19-ab44-4946-935b-cc84fd030266,False,,0.0,0.0
1b560884-6de1-4d9b-803d-0368aea4643b,516bbc7b-7c96-4c00-9903-0a15376d65f7,False,,0.0,0.0
aa5e8ce8-e29e-4a04-be01-a7bab88174f4,4d1f3b9a-04ca-4bf5-9b97-9060a7f12456,True,2023-07-17 08:06:40.494911,37637.33,23016.1
8706ada8-5e6d-4b8f-bdf1-f16bb6482d3c,fd7e1648-bc29-4d8d-915b-3aca208d0d01,False,,0.0,0.0
26dac1b8-b866-4281-9ee6-d84f0160612a,defa6d4a-474c-4879-af96-bbffdbc6ac37,False,,0.0,0.0
316f9a66-a71f-483e-9c50-13b18c2756d5,16acb78e-1a61-4efe-85d8-cc0839819354,False,,0.0,0.0
3c98aa37-5403-4b55-816a-e1fadf0e63f6,af178dbb-c461-4ac1-92b5-9aa4c07d0001,False,,0.0,0.0
195e7b42-d37a-456b-8616-6b1512f3be30,f765f8a0-ce43-47c4-abfd-dbf938498d35,False,,0.0,0.0
15b2fddd-ae6c-4055-b62a-ffc4909ae02c,b5c1f027-3563-459e-9c78-bade8ec7dccb,False,,0.0,0.0
56a81dd1-f8da-49a5-adec-24d8ae18a226,21366a4d-01a1-496e-bf34-d88926530bd4,True,2022-08-22 11:25:55.480230,5821.16,4372.62
15195343-94e2-4c18-ab31-3faa4bef5a07,04573e35-f4c3-459b-92a3-43b820e7b6ef,False,,0.0,0.0
697177ac-9003-466d-bd2a-301fc971a5fe,2a6445d3-48e8-4f79-98eb-a4621976a39a,False,,0.0,0.0
d575f87c-b1b4-4383-af01-fff89248afed,7b1463c9-30bf-4f5a-b01d-e9361527690a,False,,0.0,0.0
5037fc7b-c66b-4fc3-a10f-8b43a00d6447,9ef63a80-179f-4235-9f2e-f2803b5844f5,True,2026-07-13 15:44:33.491190,2213.01,242.61
4880e74f-f788-4c6b-a28a-ebefd5755a9e,d079fe4e-261b-447a-81e0-4baa2d701ddf,False,,0.0,0.0
44e679a3-b249-475d-9778-41b9675a92d2,23451386-ebaf-4098-a6f7-12cc81ca7732,False,,0.0,0.0
ced71f1d-c0a7-4467-b1b9-8205109879bc,03f2ffe0-c8ef-482f-b588-73899b5ffa2d,False,,0.0,0.0
4a24181c-a721-4986-bff3-8efa6090998f,3aa74acf-50b4-427c-ab43-bd837c4e1b98,False,,0.0,0.0
365113e4-fb2a-45a2-8424-627b317e2ae8,48c08d33-46f4-4ccb-b835-de289fd60efb,False,,0.0,0.0
3d4cbc78-6196-45d9-af27-a482be23383f,a2e13d75-b2e2-43cc-b873-335fca3f48a4,False,,0.0,0.0
d5beb6ca-cf88-4410-89e8-61a2163017ca,8bf9a66d-7782-483f-a9a9-b2d74e681465,False,,0.0,0.0
6aacd93e-fe19-4c1a-a831-f1338d8a06e0,c76e8e04-1b64-4f32-9aa2-88e1609c6c82,False,,0.0,0.0
89f43a0d-b86a-4309-9d44-9eb29e7eeb83,4459e2fd-2350-4275-8cef-f4f40efdcce7,False,,0.0,0.0
a6d50bf8-22dc-48ed-83ed-4fcb636db5bd,e70dc8b8-df33-4eb0-a8ff-561f3bc29d89,False,,0.0,0.0
d29b5957-6d10-49d1-9281-a5c869db3239,29f5010c-8b6a-4c97-b8f4-223bd21a5375,False,,0.0,0.0
22dc8fc4-266f-4e7c-88b8-75d8f281bae3,126f28a9-107d-4387-88c2-1370c2a423f2,False,,0.0,0.0
2a9f0618-68e3-496e-a351-3df476d7d4d2,1aca9cf6-7ab6-4c3c-9667-159d22021f9f,False,,0.0,0.0
edd91c98-49cb-4aa2-9755-ad634afc0943,7c115895-db1f-4973-a194-3347b9ebce1f,False,,0.0,0.0
9ab4289f-d852-4ba9-8a09-9ce12c693118,03864649-c4e0-41c7-ad18-50e92d53cf30,False,,0.0,0.0
8f69ccf2-b298-4d85-ad2f-b1589e5f99ef,bce4808b-2b5b-4e12-a06c-e216b54a126d,False,,0.0,0.0
42eda6db-328a-4b3d-b79b-29fece477ab6,a1b95e07-af38-4794-a0eb-16f1d3e8947f,False,,0.0,0.0
f521b2f8-68ea-41d0-ae83-e0eca22fa5ba,6d33758b-34d4-4b34-aca6-dd4b69dcce11,False,,0.0,0.0
3bd97446-f4dd-4e2f-9c8e-78616fc5c679,78dc340b-4051-491c-9ac1-ad6984f612df,False,,0.0,0.0
224daaa7-6ae5-45d0-aa77-2db43212857b,c2e8a700-3548-4cd7-a0ef-27f80061a789,False,,0.0,0.0
d115adf4-c87b-447f-9416-22ea4d3a64fe,1b96ee81-9ddb-4fea-9bd7-871c976b1a33,False,,0.0,0.0
dfa88590-b4f0-45c3-9c72-97a5167c8ac0,c81e4c13-e4f7-46ab-940b-d487b188bd6a,False,,0.0,0.0
fb584c75-5173-47a8-ad16-10eb03c06300,ec02e881-080c-4aaa-82c6-cc4277ba69f1,False,,0.0,0.0
bf5329e5-ebba-4110-8d2d-0a9fc87c1bcd,fab522e5-1600-4e9c-95a4-2c522147129e,False,,0.0,0.0
59a7ca87-948f-4107-a804-29cd63e81fdc,e1d5fcea-c610-424b-a0c8-667fb46f0145,False,,0.0,0.0
70136466-e8ab-4127-ad9b-ebc3928087ca,8eec22a4-f966-49c2-9796-b7b190b7f26f,False,,0.0,0.0
8787337f-3f8f-46df-8dfb-a2e1bf847767,0c586c0a-1cb6-417b-8974-52d8b082a958,False,,0.0,0.0
282be81f-bc8c-4feb-90e3-975d26456be7,6be26493-c32a-4b1b-a4dc-6a67a6d18c91,True,2024-02-03 10:47:32.673033,14290.54,6603.77
49c0587e-cb6d-4b34-a90b-ec9c957e9ead,996e782f-9aee-43e9-aea3-98c6ec677b25,False,,0.0,0.0
b57d7521-8129-4f78-b1c3-51e9481013bb,295c1b59-3807-4a8e-be3b-eb35e1ebef9c,False,,0.0,0.0
eb1bb075-ab89-4344-ad55-4c2b29d96a10,d387fcd8-cea8-4b7a-9ad4-ac13504089fa,False,,0.0,0.0
a343638d-d792-48b2-8d24-d3a55203df0e,63582706-d545-4254-89bc-6a803a887bed,False,,0.0,0.0
1de3fe4d-57c1-4865-a9bc-39148ad984c4,8eb4b40e-b1e6-4f11-946c-4404e2edbb63,False,,0.0,0.0
20bd9643-80f1-4270-83e5-a5589cff48b2,49ca4ae6-2d0a-495a-bdb8-65cff106b83d,False,,0.0,0.0
e6db395a-0167-4c64-ae80-003347134e32,81edceb3-8bb2-4f15-a045-d9e673ad562d,False,,0.0,0.0
872a4b53-eea0-4edc-ace0-618c789f3c01,9e9a1e40-ba49-4cd5-a185-3b1a63e12924,False,,0.0,0.0
2e9eb27f-204d-48c5-9ad1-c79b469ac05c,9181c8a2-30e3-4645-b66c-4a03378aa526,False,,0.0,0.0
ee3ea1d0-be39-4dc0-830c-71c612d0a302,65ea60d8-737b-4961-8f44-a6f10ffc93bf,False,,0.0,0.0
ece59312-24a3-4d70-9288-11a5b33d1e85,4864d025-fe41-4620-85b4-a13e60cd8424,False,,0.0,0.0
5c3a7976-a0e5-430d-8f57-1ebc06995f4c,477ab887-4ae3-4a94-b020-366c7a7634b5,False,,0.0,0.0
a4d042f3-853a-481a-85b6-7dd6c0135908,91d5bfdd-00eb-45a9-ab7c-5618b12a8b02,False,,0.0,0.0
becb2045-c01b-4a24-9b30-cf951f394a42,e9052c4b-2c4c-4385-a74c-87ebf10a373d,False,,0.0,0.0
2e882d53-b4b6-4a44-aedb-716370bc124e,725f875a-047c-4fe5-aac4-75a55b5cd6c5,False,,0.0,0.0
02fe8946-8898-4e31-98d4-afd7eb8f7b27,596bf99f-a111-4bb1-b952-0c712e31e772,False,,0.0,0.0
a7c7476b-1b45-4b95-9671-4bd515fa38cd,42f1287b-bf2d-4fcb-a319-3bf6faa855a6,False,,0.0,0.0
c40d3b75-99f1-418f-968b-eb8003a6e931,270a4855-d0b6-4ada-9b6b-8e34b344a147,False,,0.0,0.0
df718654-d1b3-4739-af39-6a57e2b6952d,3f612028-cb4a-4aa4-a520-53b68faa2da8,False,,0.0,0.0
8c3b7508-5a19-4577-b1cd-4442729a603c,1a0c0048-7108-4569-908d-6ac75baca439,False,,0.0,0.0
5c5353d5-e3b9-4ee1-b776-f3dd44ffb667,57988711-e602-4d06-b441-a695ece321fd,False,,0.0,0.0
c2ec09a2-9a5d-4a4f-a3c9-31f4cf99776d,35a02595-cfcb-4ed7-8599-9d7edd354aa4,False,,0.0,0.0
b0626b7d-8290-489b-a7eb-f64864b150ef,d7a29c6c-47bb-4bb0-851b-2775dd7b99a6,False,,0.0,0.0
0b66f003-a667-4776-a960-4cab06a0bb0c,310e8aed-07dc-4a0c-ab72-d6947d41cba8,False,,0.0,0.0
efb675e4-2385-42f3-bc82-05c7e8c9c0ce,48ae4aba-19b1-4ec8-ae97-38692ea151aa,False,,0.0,0.0
9fd8ad73-ba25-4c00-a729-33cf4c13eae7,2fa227c3-dc57-44da-90ca-beebdb721b14,False,,0.0,0.0
96f37c41-ce77-4be7-8b24-3bec25a08b66,41bc3273-5b5e-4d09-a9e3-74bd5b35300d,False,,0.0,0.0
66e1d8be-0b6a-4038-bd42-2267151a542a,434a7e17-eece-45b3-ba8d-a12744f64bef,False,,0.0,0.0
f6d973e9-5667-4866-b905-a7cc31c4807e,8a73483e-26ec-41dc-b751-68f6c0485d0b,True,2021-12-30 23:19:00.599418,33270.59,9429.87
eb2b85b4-ba0a-46c1-8852-859b0a89bb97,9760dd35-64b4-45c3-be5f-b9a285f801f0,False,,0.0,0.0
49ac0cd6-5469-4a33-ac66-15880acdfc5b,f28dacb1-2701-46e4-8c35-00bd60df109a,False,,0.0,0.0
a40c9f7f-f147-47c5-b680-fb4a3f90ee6f,121374ec-d9f5-4388-9202-5cd5d0b8bcbb,False,,0.0,0.0
385941a9-7e8f-4ea5-a1d3-079734523593,4a2e25a0-f6ee-4bdc-9670-0f55a03ef56a,False,,0.0,0.0
cc2a94d1-1070-4944-ba5f-3558519bf9da,2a184cbc-19fe-4052-9db8-0b51e9623c3c,False,,0.0,0.0
9b886d8b-09ed-49b8-8cb1-5cb9dd842c86,56516ab6-5f7e-4e7d-9d68-9315ccda78e2,False,,0.0,0.0
77ab1ecd-7116-4b0c-9be0-88797d02a547,504d39e0-d4f7-415f-be9a-f4fb7afe3780,False,,0.0,0.0
0e7d50cb-7d41-4b88-8be3-6b950488b183,e0c2442e-eb38-4cdf-8fd8-2aba0a6dc4ac,False,,0.0,0.0
6db45855-ec3c-4329-ae6e-17def9f6ce6d,3b289bee-3ebc-4752-8b4f-e656b6819b33,False,,0.0,0.0
8fb5d301-39d7-46c3-8367-ebc358c68590,9d96bf5e-4d9e-4bb9-beb2-f90442cf4e6d,False,,0.0,0.0
fd3aca4b-d3fa-48ee-962a-5c755560816a,b79ee140-1844-4abd-be41-635f150a5643,False,,0.0,0.0
c64b421d-529c-4a08-aec3-6f7738469d73,df3e03c2-2172-44cf-8808-1d218d204cf6,False,,0.0,0.0
3ad540b1-d65d-429f-8187-06435bae868c,197634e5-054b-4fbb-bad8-66baf252f8f9,False,,0.0,0.0
5d3448b6-f18f-4c01-85a3-1b96996f45c2,56685b02-7387-4896-83d0-81781d05ddbf,False,,0.0,0.0
4a634507-2891-4509-abc1-90cd28dca922,32b6f533-c5cc-4fb0-a1a6-2208a1f40627,False,,0.0,0.0
6ddcdbea-456c-4993-bc9d-1cf1e12aed6d,2553ff33-298b-4a25-903d-24cffdfbc585,False,,0.0,0.0
34654574-d84a-4502-bf59-4d0252e2c245,d73794d5-4cd3-4406-a0bd-60442e18b22b,False,,0.0,0.0
e7baeaaa-1b41-4498-810e-7ef0070f529d,6cd6cedf-52df-4152-88e6-cd4b4febaa0e,False,,0.0,0.0
b7e6d3b0-9266-41aa-a472-f8df1cd52c33,e13ae6f4-b5ef-418b-a90e-1a7e75be1ba7,False,,0.0,0.0
1631ef79-e848-415c-b701-d7b7746d2fb7,8151ef6c-7963-4f34-b0c7-556a6576796d,False,,0.0,0.0
58d42514-1f86-49ce-b1a6-b2063cc3593f,232e444c-de97-4f42-97d3-d848b6388b9c,False,,0.0,0.0
3049e5b2-f604-4c29-847b-657d3044d910,730825d1-396c-419c-a4ed-91b84d9e3b99,False,,0.0,0.0
37eb417a-2aba-457f-b89a-0cb114ad1c58,a754251d-04fe-42e3-a98a-470cb894550a,False,,0.0,0.0
0f3f083f-a6bc-405c-8ba6-89e5924cf439,4a13b17c-8d93-4a1b-a5d2-5bc33c3826aa,False,,0.0,0.0
f754929c-33c8-41b1-8e08-307751efb380,37d9f94a-87e8-43e5-b4ae-6f01bfc3535d,False,,0.0,0.0
0b7cc42e-a788-4107-b1b0-d7be7d44b6da,4d25d614-53aa-443a-ba9b-2b2c0b191955,False,,0.0,0.0
0c68b4f2-a07e-4ba5-bd2d-305178666ba0,16d49f2d-103b-42ed-9540-d6f59f8c9841,False,,0.0,0.0
14ca39ab-d8a7-489f-8f71-ec642f0cd256,d8c024a9-a99e-4f9b-b68e-af5851ddaa9d,False,,0.0,0.0
732058a7-4147-4af1-9716-f18dce112706,55ba1dfe-a30e-4e97-9406-1f23c91f8d86,False,,0.0,0.0
fd404980-7104-4296-a03b-dd72259deab0,24d4dba9-8cf7-4bd8-8d9a-58d83c7c5372,False,,0.0,0.0
1cf39d2b-028b-45ec-909a-f34cb3be8819,db9eb2e6-18f4-46dd-9071-ce940ff48fe8,False,,0.0,0.0
96cac2c4-5a3e-45a4-bc2f-62343553ddbc,664101fa-5d06-47cc-8a37-4f43c4cd8e19,False,,0.0,0.0
1edc68f6-d6bb-45f9-beea-9d9c20dbdc6f,d9fafbb9-d8a7-42cb-8374-c273cc707551,False,,0.0,0.0
e9c15180-8e56-47ed-9cd1-1a9a389d42ce,95eb44d9-8459-4302-8d1d-036e0d08da99,False,,0.0,0.0
53a97b96-706a-4375-98a3-7d2644456b81,b106c45a-71f6-4ee9-9f4a-47062e795ba5,False,,0.0,0.0
ba34af29-1e35-4967-a62e-5f1fb20d01e9,18ad8eeb-b760-4067-ab1e-5b379d15844d,False,,0.0,0.0
5b9642ad-f672-437d-b0d1-9dd27778e677,0bce8eeb-684f-4e52-a2f1-5aad8752d9fb,False,,0.0,0.0
218fe5d1-a287-4fc6-96f2-3b8732c0f078,c49b9178-43a2-49e4-b981-f289185c39ed,False,,0.0,0.0
ab918859-8e01-4fe4-99fa-6f2c1f34947f,de2bdf8c-a75c-47c0-86f5-8ae67a5c28ca,False,,0.0,0.0
99786930-de99-4301-b384-d694c6485bec,88f4ca54-1584-484b-acdc-1cc03fa60025,False,,0.0,0.0
e4dade6f-2322-4fda-84c6-0c90f0032c3e,b8ba61b8-41c1-4233-bf2c-1fd1f34ab83d,False,,0.0,0.0
4a9051a9-e713-44d8-86ae-6bb3294f0704,1ac7ea5b-b387-411d-9286-f97708aa6127,False,,0.0,0.0
100e5403-04c2-4e7d-b698-e3f55236bb07,7161c888-32c5-4d76-b70e-bb11affee02e,False,,0.0,0.0
ac78b563-53df-4c7d-aa2d-2511cff43f25,e322544a-8034-4d4d-98be-184d87e7a66e,False,,0.0,0.0
4ee8a2fd-f520-4158-a6c1-05119485a4d9,f977de8f-f140-413b-a4cb-bdb8c4beb48f,False,,0.0,0.0
7fd61079-f8c0-437f-860f-4defdb79029e,be6826d2-4aac-4fb6-8b14-5c963fa8a0e3,False,,0.0,0.0
1ee1e349-a596-46e4-a3b3-503aad4d60a6,dff4cc91-3164-4c14-b1a0-051f0acae683,False,,0.0,0.0
19d7998a-7b9b-49a6-b8d9-67c8adb839f6,bcbd6eeb-ceab-4f76-b776-f4e846f90964,False,,0.0,0.0
b4bf6a7c-d531-4ea5-8477-1256208a60de,f105c2d8-7acc-4c3b-b90c-a4475352db34,False,,0.0,0.0
2b0448c6-42a9-4fc3-8dd0-4fbb0e2bf431,db9b318b-12ba-4c10-9b45-caa9a13ea32a,False,,0.0,0.0
5eda595e-5e28-4ef3-be16-c5d7a666c487,4d156c62-a8cc-4e3b-bae3-438e2f43b2f0,False,,0.0,0.0
21532bc3-a47b-4162-bc8b-5c1b0b414b05,c6acdcaf-a4ba-4ef5-a84a-f9d8428e31ed,False,,0.0,0.0
4e00ec12-3c1b-4d78-9bf8-ca635c574328,d6e9fa04-df04-4782-81e6-206862d70bec,False,,0.0,0.0
df003505-4d62-4623-99e7-c0f60e2c2b56,04fb7e52-5834-45e1-a31f-167698a7e77b,False,,0.0,0.0
e4237c39-3cf7-4033-a454-9e5f57604e26,d52939e5-3be4-4056-a7ea-6db48802bbd2,False,,0.0,0.0
bf7e9aa7-8da8-44cb-be60-941921175241,78f45889-1e49-476a-90d5-2b99a2a1a620,False,,0.0,0.0
1a852cb1-268a-4f51-9afe-ae937cab22b2,61592130-aec5-409c-9226-15b299cd0df3,True,2021-10-11 23:55:14.102776,16973.56,4361.09
70cec802-db15-4073-9135-f502112709e7,33777a82-32ef-483d-a8d3-e1aac23f2471,False,,0.0,0.0
77f461ca-d204-4cee-be4a-41b2e27ddb3a,217c82b1-c884-4ac6-a19a-4805e03a0ab6,False,,0.0,0.0
ca888318-e3b2-4e35-843d-62e220432441,e7c5d314-a969-44fc-9141-70c1ca978f1d,False,,0.0,0.0
fc38c920-7548-4b31-b10d-836060d555ec,9c454443-7eb1-46f4-b61e-b3acf92df31d,False,,0.0,0.0
079e4b9c-8c91-4d8b-8034-5f053b96112f,f3cecaaf-71a2-46c1-b3ca-b4e3bbc3553b,False,,0.0,0.0
6025f8fb-7e88-43e8-8b3f-e0b035124246,741a5b09-a63f-43ea-ac85-2cc75eb00e6f,False,,0.0,0.0
2c6b3df0-9eb1-45c2-a970-af9c6ed335cb,17101a77-3d88-4b62-b3df-2a11b79257a3,False,,0.0,0.0
ef6da752-b819-4071-ae36-a8cd0e6500a1,381487da-2c42-47f3-9a03-718276f3304d,False,,0.0,0.0
7c517a83-7e40-4cdf-8b07-be2ed7b46dfb,5502ec67-42da-4572-8278-f61e17f2029c,False,,0.0,0.0
f6ee4c82-8328-41c0-8ae5-ca0aed028280,c95bc917-1c01-460c-acc9-d15ae10b3781,False,,0.0,0.0
74fdf979-5f38-433b-878c-8b5959393dae,9f40ce6a-07c4-48ba-b1f2-7f0fd1a9af91,False,,0.0,0.0
fac2a5a7-e157-4955-af19-27770a5531a8,6d3026db-20f8-460c-bf10-545a1dd3c5d2,False,,0.0,0.0
02910f04-6f66-4a8a-8065-dfb250a5c54f,c016215d-3807-4f3a-9cd4-aa85613c826a,False,,0.0,0.0
eab15e7f-6c6b-4852-909f-52e17f3bba9e,3768d6aa-fd34-421e-bb59-475ec88a9a74,False,,0.0,0.0
55910589-602d-4e5b-a11d-2661ab3206cb,2bb47785-5385-4e02-afe4-0ae899ccdde6,False,,0.0,0.0
0bf85529-f22c-4ded-b542-45ba15ba1298,9fc2e952-4e0b-4c8f-a07d-4d6c01d0468c,False,,0.0,0.0
7e26af16-2a5c-41fb-a311-9e2611a7525f,d5942bb2-7ddf-4270-bc60-037efc6f2e6e,False,,0.0,0.0
3f90da39-204d-412c-8706-1d012c57505a,f75ef2cf-153d-4754-b086-424afbfbd9f9,False,,0.0,0.0
cc94de43-e4e5-4b7c-9711-b72f3cfc5540,dc63a196-9463-40bc-af68-d3b34ef97a7d,True,2022-02-03 04:39:22.295527,249.75,113.48
dafb312c-52ba-4086-bb47-01f3d0cf59c6,6f77cc54-8bb1-47de-baa0-a29745e3e268,False,,0.0,0.0
27a1d1e6-4377-43d9-ba64-fd89e6f1852d,54867db3-efaa-4791-b5eb-0106767f5095,False,,0.0,0.0
67c593c6-b41b-4a17-86e4-58923429353c,ef3e9770-390a-4185-928d-fb8215ab1a47,False,,0.0,0.0
885dd942-1e04-4c52-990f-64e3fed19aca,02b49d26-672b-4fa7-a95d-a34b5b860e79,False,,0.0,0.0
d29ee23e-f017-4378-b04e-142bfb86089e,44ed3d94-4ea8-499e-b440-6c5f72bfa693,False,,0.0,0.0
9f44373e-3a90-4905-b20c-d5652d3cac50,d2376d22-9565-4c2f-8cf7-0470fda8977a,False,,0.0,0.0
d7079914-584a-43c5-8480-c674f70c0c1f,de14b989-4c91-472f-9ef7-c9e1ea882491,True,2024-09-05 19:04:24.461347,155666.04,58283.95
a322f733-4b45-478e-9314-ff9fa092ce8b,a9c55ff9-9dd0-4b9c-ac14-52b48bc1163c,False,,0.0,0.0
ea66077a-d4b5-4e7f-901d-08a6853d75d8,b0af70d2-4e3e-4f5f-8461-2c712eda833f,False,,0.0,0.0
4fd23999-f8ce-4676-aae8-23805d7f2dab,fab522e5-1600-4e9c-95a4-2c522147129e,False,,0.0,0.0
b2d0959f-616a-4348-ad29-a5b4e64dcb3f,5bf0e042-bf56-4386-a6e2-e3f47174bbc8,False,,0.0,0.0
cd6cae4b-44b0-4089-a857-0363dc564d5b,7f2382b5-0d1b-493b-a9ce-f59399a9a788,False,,0.0,0.0
7c2ac8f6-d050-4dbd-8216-934980667066,4cd3dfc4-d17e-4ecb-9a49-192f7732c94b,False,,0.0,0.0
26ebf4fb-1b0d-4d44-9171-11fab124cc9a,9a0f7242-eeb7-491f-b304-08fa90bf747e,False,,0.0,0.0
0a1058cd-412c-4ade-b991-89da5ae10213,6ced484e-acde-4588-ae92-0236b1ddecb7,False,,0.0,0.0
331906f4-3612-40f6-a68b-4ceec38d30e0,8f45c269-6b52-49dc-a0d8-b49272896055,False,,0.0,0.0
be43839e-455e-4e0a-a47f-b99445aeecd4,9cb076a2-0e55-4d71-871e-b65c600c8bc0,False,,0.0,0.0
25eaccb4-b490-4e81-97cb-ea6eda55be42,130aef28-f920-41df-8035-c5551bd12715,False,,0.0,0.0
50790221-44ba-4d28-bb1f-ff681ff8ff56,478fcedd-7134-4dec-89f6-53a97324c2bb,False,,0.0,0.0
777a9d72-0083-41f8-a6bd-f23ac977cdb0,97266a28-dd7d-4ff7-b32f-4bd725acf1b6,False,,0.0,0.0
a6b06759-38cf-4e89-904e-8a02e221dd3a,df40fe04-54cd-47b4-967f-017d9aa03078,False,,0.0,0.0
94d7c22b-5238-4fd0-9262-48177b75f17f,e55b116e-680c-40c1-8d57-9ea09b7d5a08,False,,0.0,0.0
1204aa56-a568-4652-9a47-6fac6e749126,a1919e12-7e1b-4edf-854f-6d2d99f2587c,False,,0.0,0.0
e357385b-da6e-4de3-9915-6ab718cf7a66,1e92c0ae-d886-4de4-9585-3f0b6b691bd2,False,,0.0,0.0
334907f7-d0a6-4348-98e7-450d2dde402d,a5e0ecfd-b96c-47ff-a5a0-f9e224f6548d,False,,0.0,0.0
435978df-d019-4a34-aeae-447ae2a561e6,f0a968a6-aea2-449e-bdc2-c940fa26897a,False,,0.0,0.0
43209c92-f770-4584-919a-0659e97a5d98,e2b6a842-d2a8-4922-a518-93471e910b71,False,,0.0,0.0
1682513d-c510-4553-8d78-4cd1774ee8a1,f316891d-8896-4456-b344-dde4bcac4426,False,,0.0,0.0
bb0450d4-aa21-4357-aef8-fecd244603ae,aa7898aa-95b2-468b-ac92-275a68599dc4,False,,0.0,0.0
2e2831fb-4779-4b4d-9c56-f48975aa49b0,4a4a1b64-8c10-43d4-974a-25a0b81768f8,False,,0.0,0.0
10794425-46f9-4ca9-b8c6-c94d83529597,01f39146-60ca-40ea-b946-5f6628b8bcc2,False,,0.0,0.0
e02d25b7-2a50-406f-abc7-a7f3a8c7686e,cc1de42d-07bb-4002-b1af-6608abfc8586,False,,0.0,0.0
f6ee738d-bc7f-48a8-98af-57e7d88b26d1,c5d899df-113f-440f-93b9-6213b6684e19,False,,0.0,0.0
59f1a17b-31ab-4222-8c3e-d7089361dbcb,0207006d-e883-44f4-b29f-2d6b8915a364,True,2025-07-03 10:45:15.961249,2071.18,1083.12
b083e290-14cd-4b83-9f7d-ef1777791240,b7e1cb21-2e80-4748-9e78-c6038ca3c793,False,,0.0,0.0
6a06d0af-c169-48e5-96b2-c44958f8c185,572d3274-e5c2-4467-8107-e87337f66fc4,False,,0.0,0.0
ad901a69-02e9-43f9-a149-2876d582fb20,9ea56510-4aa4-4837-bd9e-3bb20853d212,False,,0.0,0.0
4bb53494-94a1-4280-8f1f-6e9fd7d9f48c,a6cbb287-1432-4972-a8b2-9ad37867340f,False,,0.0,0.0
d88db900-6fb7-4538-a775-a10c1f1a66fc,640b1814-2812-49bc-9d3c-d2be08a97c0f,False,,0.0,0.0
d1528a5d-e82f-431a-8a28-eaf3583bf06a,4bf66063-8b91-4e2d-aaf9-ee3ee432d37d,False,,0.0,0.0
a47d7db1-2d7a-419d-802b-c743785b8b85,3b195b02-0a4a-440d-b608-90b921e8265a,False,,0.0,0.0
99224798-7249-4ac4-86d8-62d8e14cea36,732af4e8-e9d1-4994-9553-8cc94444a6bd,False,,0.0,0.0
93fb50ce-3391-42f3-abc7-3bcc1aacb94f,83d03e33-3296-44c0-8201-938b971444b7,False,,0.0,0.0
5f423a49-25a7-474c-bb6d-3b6ccf0a5a14,5397ff39-de24-4ec5-8d6b-a0191fb8e3c2,False,,0.0,0.0
bbfd15d0-4181-4b00-8cf8-6b030a74d81b,d2e9c930-eeec-475d-8772-36d0c39b7cb2,False,,0.0,0.0
71f17993-4702-40a8-afdc-b03bed61a4cd,fab87bb6-0a4c-4231-ad6c-18d074c0bea3,False,,0.0,0.0
9600bc85-82e2-45d9-9e77-0107a3e0ff9a,dce61522-0632-418e-b0dd-be62aa35b738,False,,0.0,0.0
cb3ed554-071a-44af-b361-d4e3c7ec6c7d,3a099c80-4d16-4503-9aad-dae806c6b8c2,False,,0.0,0.0
3c031868-438b-4bd2-be90-bfdd34c4c83e,302dc72b-1366-4d76-82fc-93d9b3ef29d7,False,,0.0,0.0
d25bee93-b590-4db4-a04e-3f31c68c53cc,c92c2f78-3768-408e-8177-497a25987d51,False,,0.0,0.0
f0a3b634-1714-44cd-8646-bd11a97c877f,5e065732-03d9-4317-9d7c-24ce85d5bed9,False,,0.0,0.0
703140fc-d28d-4642-986c-c843fd9b95cc,8947494f-96c8-4002-9215-2070e4eea1bc,False,,0.0,0.0
832ef742-fd93-4033-9483-97c4186de848,57549c43-ce96-4698-bc8b-7eb7037146f7,False,,0.0,0.0
6c6ab5fa-d09b-409d-835e-cc80fe15a12d,8e9ff74a-fb65-43ea-8f97-33429b2d43a3,False,,0.0,0.0
49124708-c439-4fbd-8bf8-e9d2487b293e,21d7ef88-448e-4408-acce-bc8640ac9243,False,,0.0,0.0
a41007a2-7ccb-4f23-81e0-267cae833ba7,995fa798-1f31-43fa-9c93-92456dd2c683,False,,0.0,0.0
bf27d45e-00c1-4427-9ad6-6338694c1b0a,56b243cd-da26-4c89-a4b5-6f4e08335cee,False,,0.0,0.0
f9a39c2e-3978-4521-b987-1297448571d3,5ff3fbbf-6880-434f-8ac5-a4c6c393f806,False,,0.0,0.0
a9354f74-85df-4f97-a509-0c6000c09e5c,a7fc1bad-76ca-4cbe-834f-b3a955849e58,False,,0.0,0.0
40623bfc-5dc6-4243-8e7f-93d4b7de2148,51f8deb6-3404-47f4-8a48-28afe4ff5eec,False,,0.0,0.0
d9c0b7c8-64c7-4c3a-a631-13048f5da667,ffad7df2-c959-45ec-9ae6-54b79e3b37e6,False,,0.0,0.0
5b4b2174-45ec-4b28-8d34-ad4ccbd7ba7f,5eb63bc5-e2f1-4e16-95c3-3faefce176a1,False,,0.0,0.0
939735b9-6828-4782-8f79-3e34f0433bb3,3d3fc0e0-944b-4f07-91e8-44c9b00ecc67,False,,0.0,0.0
66c56e40-ed79-473e-ae03-6b883140e842,23763f57-852c-42ce-b337-7b9ee60587ef,False,,0.0,0.0
3b66e7f6-4747-458e-b94c-bf3290011530,689ab92d-37c4-46a1-8e7d-e390d825b478,False,,0.0,0.0
be3f209c-2efd-42f8-870a-ef1dc0ff7636,0eba92ac-2d26-4022-bbd7-6e1fadeeb23b,False,,0.0,0.0
4ead9cb7-0eca-4b90-9215-37eb9a5f9b36,d034ce89-8364-4560-85b7-e83cc42f7d59,False,,0.0,0.0
585f337d-a949-4a82-aa4a-71e133116a5f,128e92ad-6b70-4ef6-be62-314e22e142fc,False,,0.0,0.0
f1d4e351-38ad-4c1c-9cc8-7da31ed2a826,6c27ca62-141f-4b4c-b977-93611204a9d9,False,,0.0,0.0
e165747d-a079-4856-8749-340dc510dedb,380bd4cb-18b6-46f8-8ba0-768a7b2021f7,False,,0.0,0.0
e0381009-a8dd-41f6-8afb-1d2c37be3ef0,5caf5c6a-64ca-48e8-8dde-dccc831bef03,False,,0.0,0.0
05eb3eab-521e-43d8-8a1c-4c5d1b1730f2,072a5087-67d9-483b-bfdf-c5c0876cacdd,False,,0.0,0.0
cd3be41d-3529-4ec7-ad9f-99a38f7771b1,2c5fd1ca-b0f7-42d8-8fab-0fb8210bf60a,False,,0.0,0.0
f0b0adfc-39fc-41ab-a0fa-8ffc1dcf9a84,02fea0e2-41a7-42d6-895f-a84518cb913a,False,,0.0,0.0
09fec241-cfd4-4777-b6b1-867d8ede26b1,c6a22085-38cb-405e-ae3a-1f32d70b1463,False,,0.0,0.0
ffa2f181-da84-436d-8f0d-94bacb227bc6,6828e25c-9307-436e-aeec-de56dd94b1cc,False,,0.0,0.0
34ca0266-823a-48a5-ad68-e37aa4909b38,baafe28b-e953-4b78-9d8f-5010f58f56a0,False,,0.0,0.0
4c91257d-9665-4046-843d-955575984197,a873abc8-15aa-4a3b-b612-3cdad216d058,True,2023-08-27 21:37:52.110332,123516.5,44805.1
445cfaa1-5d50-45f4-92b1-c5963aaf472d,1e557621-d1f7-4b45-845f-1770536b0351,False,,0.0,0.0
f857abd2-ca48-4ffa-b876-c5a25f169877,05b08ce0-d09f-4fc4-b9e8-2ba53ecbc10b,False,,0.0,0.0
88987515-d4e4-44e9-b44c-6044e3f6d080,c67a56e3-06fe-4fcf-87b1-326502f39ad2,False,,0.0,0.0
c93f30ed-fb6a-49ff-a5d5-852f7359e388,06dba492-b889-4a75-a80f-58fb2d0f0209,False,,0.0,0.0
2760c557-45e4-4adf-a323-1f7ec7ae1f9c,f8736e59-062b-46f0-8ea4-17feb85f0883,False,,0.0,0.0
13ea8fdf-7fcc-4c98-959f-1d401552b1b5,9d6d37c7-5e45-42ec-bd3f-b84a53e39b1a,False,,0.0,0.0
4f387e5a-5ce8-41b6-b0d3-12e0e4681e95,a3c05d75-b3b6-4eb4-abf0-1ba6ed1d3817,False,,0.0,0.0
94c6a724-9dfc-4044-ac81-357eaa78fc1f,9341dd73-a5d8-4541-ae82-2ce612b1d17e,False,,0.0,0.0
3cf36de8-ece5-4ee4-83d9-f3662242ae53,f5e1ab65-8bd2-46cc-b1cf-3224f0cb8112,False,,0.0,0.0
0e8f4925-1598-41ca-b6b0-3be8d7b8f0d0,36514258-4ca1-4720-a2b8-952ee11b1719,False,,0.0,0.0
840b6c77-1d6b-4ef7-8d14-60fb06ad5a15,57988711-e602-4d06-b441-a695ece321fd,False,,0.0,0.0
95e44ae4-e4b6-4d29-80e5-cf05cd643fc3,306542ee-2e51-4870-8191-073f8cfcb112,False,,0.0,0.0
bcc549d8-8c70-43aa-a644-851cf2e958e2,c1cb8d69-8fa7-4dec-a5a6-1a06a8422325,False,,0.0,0.0
d561a10e-ff65-4789-a16f-121d5ae1a1ac,6b4c2dac-df93-4659-a30c-e666d36e7cca,False,,0.0,0.0
e977b7ad-9a7a-4adb-809b-a037cf293a57,c69ee73d-832d-40cc-8ea9-93a01a8385f9,False,,0.0,0.0
ddc92924-54bf-437f-addd-8c19bfa867d3,696932ac-9349-466a-8588-15b3ed335d5f,False,,0.0,0.0
3b8a898f-da0f-43f4-9e19-87a0fd316367,13b8fad4-1ed7-4c8a-a0f1-963a0269b71b,False,,0.0,0.0
35e2b657-a166-4c40-bc21-3b65841f00a1,79810edf-5b8e-46fd-aa29-ee4cf2db83c8,False,,0.0,0.0
a601912a-92e2-462b-9b03-6c1e0d05f779,5532a5c2-233c-490a-a280-70d140d1bc31,False,,0.0,0.0
760b6ff3-e813-4101-a900-776c44c100e4,e7c5d314-a969-44fc-9141-70c1ca978f1d,False,,0.0,0.0
6010bf3f-2dc0-4378-8953-eef156d1baf7,df9a7704-adc2-4f16-a4b3-0768fdfd984e,False,,0.0,0.0
1208f922-d44b-402b-9630-35f4e47a0e7f,5415668e-4f75-43d1-9610-7189016ff44c,False,,0.0,0.0
4e7acca8-8622-435f-840a-1855e2adcc48,9e1823a2-3708-4b7f-8c27-4beb330f4bae,False,,0.0,0.0
8030d9a2-4f2b-459a-9bcd-4fc7bd856fdb,509ac91f-31ea-41f4-a364-8766a43a4bdd,False,,0.0,0.0
a911fdaf-4db2-49b2-967c-e907945c2b69,8874a1c5-08fe-4f40-9fe1-91732bdf3df4,False,,0.0,0.0
2a54d075-e6c8-4e02-94f7-982c4cc06c54,c9ceacdb-9f24-4788-805c-c2d749fa68d6,False,,0.0,0.0
b0f92f06-89b5-4d9c-ae34-20bedd65ab99,1e767433-fe95-4f4a-ad56-c7c7ae455311,False,,0.0,0.0
0cc96415-d5c5-446d-a4c1-ae8effdfa0ae,3ae61863-a544-4d55-93c7-f140ea224efd,False,,0.0,0.0
321cc53d-9174-426f-8e12-55a7a72b9ba0,fd7e1648-bc29-4d8d-915b-3aca208d0d01,False,,0.0,0.0
2ea8c90b-9425-4956-b8c0-0f6809566ee3,35a02595-cfcb-4ed7-8599-9d7edd354aa4,False,,0.0,0.0
4cb2d9bf-1e40-4cfe-a5a4-8180df87ce47,cff716ad-b85f-40e5-ab1a-a0c576990442,False,,0.0,0.0
ff086c78-b477-4f48-92d7-81173c0f6518,404eb634-f4e0-470e-90b6-8d0280dc3ba1,False,,0.0,0.0
b27973a0-4f60-44db-96f5-ad9e634ec117,dbd7b4b4-ea44-4cc9-a5cb-bf135b619ebe,False,,0.0,0.0
3ea15207-60d4-4f3b-afea-ef84ba377f8c,cc5732f2-871b-4b1f-a0e4-0a11d8fbfda5,False,,0.0,0.0
4515fa25-de27-457b-a74d-d4a35b4106b6,f60249b5-2637-4ce4-8049-f6b8f7d86a56,False,,0.0,0.0
d7c790cc-f1d1-4caf-8ca2-a07df8b32683,d61a4a69-30bf-4bd2-a23b-da76bcaf0ee3,False,,0.0,0.0
54079dd7-b0e0-41d7-8573-1634c72ca485,7d957e47-aed1-4cec-bcd7-e0eabf817a17,False,,0.0,0.0
252db3b9-96a2-4a01-b89c-1d311e42a60f,f46a9817-194a-489d-8f3f-be079dba68ea,False,,0.0,0.0
5d52c456-2450-4f2c-87f9-24391fb54bb8,0289a49c-e036-400d-a4fd-da37ce635ae0,False,,0.0,0.0
e727d8d5-a363-4fad-b444-c94d29d7c622,58f1a399-fbc7-4e98-b7ad-0afc5f429866,False,,0.0,0.0
b7839d7f-60b7-4e78-a23a-084940fd256e,65e92e49-b26c-4876-98fa-e8c71d10b6f6,False,,0.0,0.0
6cf01fb2-71c7-4f50-aca7-9195bf3d0ece,23e96b81-004e-4721-8cc8-fa21b601e5b2,False,,0.0,0.0
50f7a54e-2e2c-4728-9066-0d07b609ce49,93350c77-c599-4a45-a3a8-68d786a56845,False,,0.0,0.0
a2c5fd3f-cb1d-4cde-b490-f3c8121d3079,e988a44d-b9ca-4928-9e2d-22f6080fc9b3,False,,0.0,0.0
9534cda6-c39c-46e4-bcb8-299ccc5bae9f,a99e7d01-e5ae-41f3-a90b-98109bf4b57d,False,,0.0,0.0
1891c819-1051-4dcc-8dc2-3294ef26bf8f,2f8a637d-f330-4c59-b50d-456e19412cae,False,,0.0,0.0
9fc6376d-0fe0-4e24-80dd-afd57dc281e0,e7867bbf-0136-4f98-8a5a-62d3ec9fba0a,False,,0.0,0.0
45c12c69-76a2-48ea-b985-b1227bdeb938,1d96dc53-2344-4c54-8cae-f9ec6d44f723,False,,0.0,0.0
533618b6-d53d-4bba-a581-cb11d5b34233,555b9d60-8851-4075-bdbd-210bc2490241,False,,0.0,0.0
344d29c6-2db3-4dba-8e0d-936efcefde79,ab00764e-4ac8-4bda-a002-8f9a3b5d5c9c,False,,0.0,0.0
61c3cc8d-d3e6-421c-9945-91aeb13926ce,3f55f644-f278-4488-a5be-290abd4fb6fc,True,2021-11-10 23:12:34.258615,5897.74,3819.27
ff7ad09d-5b91-4f85-96d6-99f11bc90fb5,6f35fae2-c082-4f39-977a-e5a180b6068f,False,,0.0,0.0
206838be-d17b-4445-92ae-191868896f5b,8f962ff2-186b-4a71-9569-12ddf9cf2bd2,False,,0.0,0.0
23323df8-7b0c-45a6-a1a5-5f258b6b865c,129b1e2d-74a4-4600-af56-2306276c01fb,False,,0.0,0.0
84123454-5956-4178-86ed-4cb0df8e0586,7bd0a126-d086-44d6-b6e8-d3bd342f4b08,False,,0.0,0.0
2fbbbd45-692e-42eb-a875-db132f113c3d,5c699e1f-458c-441d-81b8-d47e7a5f1d32,False,,0.0,0.0
c3e90952-b1a1-4ec6-81a6-076ba7b59260,9f6e292a-bd6a-4ee8-991c-2be69e2189db,False,,0.0,0.0
b0d65505-337e-4bd5-bee9-08a0b5713bad,b77c1be6-febe-46a6-9eb5-d8d29620818d,False,,0.0,0.0
dd1d9c68-3e8b-4f8b-902a-96a79cd6b6fe,02b964d6-76d9-4b12-9443-3a8eed5acddc,True,2023-06-14 20:46:54.383976,17097.53,665.8
ac0b56b4-5473-48df-884b-a74f30f06fc8,b905a7b6-b97e-4830-9e01-86462c64f73d,False,,0.0,0.0
b09c7634-a89d-43cf-953f-c15146c3aab3,e19d4f0a-1c44-4135-a9d4-de06342ed9b4,False,,0.0,0.0
b7f47159-3d32-4e88-b249-03393cd2d456,5f9c041d-8323-44b5-bd59-3fa4e9b9339e,False,,0.0,0.0
9440ea3b-605b-469d-9d84-0b63ae10d813,6cdb930c-dc87-485e-8f6e-1e3025d6ad40,False,,0.0,0.0
d59b52f5-3f91-4b56-871f-9b2a62dcf333,3dcead91-8e93-4bd2-b269-eb4366fe47b3,False,,0.0,0.0
fbf72c18-7458-4145-8c60-7fc35e697627,7f14d81c-6f6d-48c6-8334-33e0aa566d79,False,,0.0,0.0
914b6a82-104e-4644-abaa-778fcf69dd17,b3cbc1c4-4cdf-4ab5-94a0-f4355b3d7f2a,False,,0.0,0.0
7bffbb47-f6e0-4bb4-a13b-8be20baacb9f,64a70279-8609-4880-af29-c0f72ebbfe0a,False,,0.0,0.0
9a23a81c-15d0-4ed5-aa83-d71dfa5cca31,cebbdf91-7c7d-4f90-995e-f944c64be810,False,,0.0,0.0
efc5d780-33c6-4902-a7cf-b038a3d22712,f49eaaa3-0ef1-47f7-aa84-6c2c6d9b5aa8,False,,0.0,0.0
814b2e75-e7b3-4a44-b50f-c18f22f8667a,16107d90-28c2-4491-ac83-995b53f0a378,False,,0.0,0.0
6e95a502-f836-4f4b-a3ce-21637a0d264d,72007655-02a2-43b0-a2d7-e45d402c04cb,False,,0.0,0.0
57dc97c7-3502-4291-8516-92b01bf1eb8d,dd50f7e7-d8fd-4386-8748-3ec122d1b5fa,False,,0.0,0.0
35523ef9-4cb0-4718-8e78-bf036068548d,192bb3bc-e843-4f65-aef0-244b2c19ee3d,False,,0.0,0.0
58742bfa-540f-4141-ac1a-1df67dbc7d55,fd236d28-4f2e-4a08-a3b3-dfd00ef90bcc,False,,0.0,0.0
43e3e13e-4526-4f01-8183-95bb71e08eef,00b30bda-6f26-4d7c-b634-fa4840480f7b,False,,0.0,0.0
540002f5-03f9-4fa0-8283-58b967ba7118,25b1ad19-c8b9-4543-9956-3604cdf94cb5,False,,0.0,0.0
c2505b64-5fe3-428f-9294-964e47b972f5,939d1b61-20d1-40ae-b0f9-08d240c06d72,False,,0.0,0.0
8698f780-cb8f-4114-b6cd-993af20c1739,4af83592-2e85-4bc6-a5ed-b1d9a4242b77,True,2026-07-11 01:40:16.100962,2349.56,1782.88
ad570791-263a-4f06-8548-b5d1a0563aba,ddc096d2-25fc-450a-be17-56edf0553964,False,,0.0,0.0
cbbd936d-9bb4-4f87-959a-794572b5a20c,d8e3cb62-fe24-4cd4-86bc-55dbae6c3a9b,False,,0.0,0.0
0a167c13-2aff-4407-86fe-76c580c883bd,6b766741-cd26-422b-9631-15d046f860a9,True,2024-03-10 05:18:47.510532,12113.55,4802.98
da381eac-d71c-47b7-b0a5-907021657bd9,8643eed7-dd30-44fc-b864-aaf78d73e7aa,False,,0.0,0.0
1143e175-b032-4cb5-b4f0-15bbb9eef220,6a45d1e9-511f-4533-becf-c0dbbfeb32a4,False,,0.0,0.0
63ec5b56-892d-44e5-87bd-da0e4fe2beb1,e3fb8c1d-7841-43dd-9034-4c867d14190d,False,,0.0,0.0
64608bb6-ba61-417f-9a1b-81f89e956453,c6e79a7b-f712-4813-8e01-009d8d59b363,False,,0.0,0.0
77d00f4c-75d2-46c8-bfe0-caf5f9c6ce0b,4da9b236-d15f-4acd-97df-c472e2fba2a1,False,,0.0,0.0
f299b91a-e311-4c69-bbfb-b76daeb3b089,0f6924f3-2f53-4a9f-8e0a-e1dd5b95ae5e,False,,0.0,0.0
c638b8e7-7cce-4c8d-a2bb-16dc170b1fe2,07789dae-e478-4edc-899a-c6ce5704c899,False,,0.0,0.0
e775b964-108e-4b70-8e93-d080b295d8e6,a2ded1de-c302-40d5-a214-5243f5d23fc6,False,,0.0,0.0
4feaae0e-1167-43cf-b248-df4eb87a2295,4087550b-f80b-4a34-b31f-24084d927676,False,,0.0,0.0
4c921dca-52c7-4bec-a713-51291ebfcc9f,a6789753-8f1a-4d4a-b2ce-d11f8f59748b,False,,0.0,0.0
5c941e77-eb98-4fbe-b589-277ec13acf87,51f8deb6-3404-47f4-8a48-28afe4ff5eec,False,,0.0,0.0
603da13a-9fb7-485a-943b-4a143356f0a4,5aa249bf-c827-4447-b8d8-e484d4e384a3,False,,0.0,0.0
89f99b30-770e-4b6a-b367-c3b297809e0f,899fad03-ebd2-4573-a012-a24e3c168418,False,,0.0,0.0
2a761d83-3d68-43a5-afa3-31606a50fa28,724c5cd0-07ac-4372-a93e-e2d569b20a83,False,,0.0,0.0
014c26b1-6e38-47bc-aae4-fddb33d1d049,c5c19ddb-917f-4389-a146-02b4eac2e8ad,True,2026-05-26 08:03:58.988306,3133.79,2426.27
e3f24c98-f005-4996-8f8e-6585d82ecfa4,7f5085e7-058c-4d44-b2a0-2b53565a4a42,False,,0.0,0.0
9dc1c6b4-f24b-4014-b0ff-ed70aa0af383,39323a07-2ec3-48e0-8d62-00500b3b5efa,False,,0.0,0.0
68cd77bb-7402-4807-aece-7a4dca85ddda,ee265c95-90f1-47ee-960a-5654b2403468,False,,0.0,0.0
291946bb-34a4-4fae-adaf-33b951d15dce,f1758208-2e29-4386-ae89-6265847aefa5,False,,0.0,0.0
56ecf1ad-9f70-4348-89de-6fabbefbae8a,84add36e-67b3-4154-a67a-e19a3c6736b0,False,,0.0,0.0
696c9063-213e-4765-b2e2-98fbef1b702e,24f384ef-df3d-4d65-bc25-bce108c2d2ce,False,,0.0,0.0
7091ee5f-2669-443b-a5d3-8d330fbab6af,8b418bdf-e52b-4187-bc3b-5ed72dd5b752,False,,0.0,0.0
11ead026-84e5-4802-9f6c-0f96c85e1512,611e5684-76af-43c0-b6c1-c052207ca173,False,,0.0,0.0
c66516f1-ee22-44ee-a30c-80f25366208a,e7b4638b-e871-490e-9cf9-cefa9dbb2aeb,False,,0.0,0.0
cd7253c5-9bc0-46bb-89e4-4ffccbddaf40,769eb31c-2683-4a4c-8133-25f1e76032c3,False,,0.0,0.0
031917d0-a75c-4ab3-a42c-bae5c956b0ea,98343ead-4239-413e-b33f-f435207479d2,False,,0.0,0.0
0d135d47-5cd1-4677-8884-5716729689e0,676e34be-78be-4228-8455-da792a4150de,False,,0.0,0.0
ea740c05-e1c4-4331-8a2d-5f73985cea1f,13974770-15bd-48ba-9caa-f6a5451ea1db,False,,0.0,0.0
42acdc95-c9c8-4d04-bb90-f32e8264526e,aa68a301-734a-494f-8ab9-e0dff4a3ee30,False,,0.0,0.0
d3ae72d2-edf0-4203-a0c1-1f6fd5efb4e9,5532a5c2-233c-490a-a280-70d140d1bc31,False,,0.0,0.0
d5e4837e-fb49-4642-82ab-8145561a6412,03539b9a-ebeb-4d98-80b7-10a640f66fde,False,,0.0,0.0
04baa1f3-eaed-474e-bfac-835497964249,ae5ec1fc-5eee-4114-823d-269c2da46bc5,False,,0.0,0.0
5501c622-e6be-4959-9ca4-081e7f9052bb,654fda31-18d3-4b67-9f9d-4db1d983dadf,False,,0.0,0.0
75b0aac0-1150-47d5-aec4-1452c9edf597,b61d1f43-8df8-4ff9-83f8-6f2d436c9e18,True,2025-11-05 21:48:28.087863,32686.12,8706.65
bcf582f5-2942-48d2-88c5-6b9bac065a45,f6295eb4-667a-4b91-ab86-08d1cdac6327,False,,0.0,0.0
022d777a-64fd-4c5b-9839-595284e0b14d,b88e33d1-6c10-46cd-9249-944e713db204,False,,0.0,0.0
5224ea13-5346-4606-9e08-0a45da62ccb0,be87dbac-a2ff-4996-ab5e-371f1ecd9ed7,False,,0.0,0.0
b0fbed10-9ef8-4f2a-8561-15f0b17a7393,c1886c58-5208-42d3-9c21-592004007c5d,False,,0.0,0.0
812eff9c-d8c7-486e-a390-edcc802bca9e,e47472d0-77e0-4d89-9197-aeb02ee49d62,False,,0.0,0.0
1aa47a7e-ccde-4240-ab85-c254845edff7,a9129abc-cda1-426e-a17d-b91d07059d15,False,,0.0,0.0
cef7af0d-7ee3-4aac-9a47-14ed1ea80980,4528bbd1-2df1-4e76-8f42-ce0a539e832e,False,,0.0,0.0
602ae207-9f75-4199-9620-6b057d321061,6ad5401e-07e9-4b0b-998d-eba36ec8261b,False,,0.0,0.0
f3484003-8a48-4ab1-ac49-e6ca2cfdbb5e,7ee50afd-1f3a-4502-bb1a-56bdafaea21d,False,,0.0,0.0
39281fc9-2463-4431-bec3-bb15b8c3221e,7aa83419-7479-4994-a2fe-9cb4fcec1791,False,,0.0,0.0
e9d75f3a-b106-4d02-bc24-a1c6065362b0,b0af70d2-4e3e-4f5f-8461-2c712eda833f,True,2021-08-07 22:03:56.892299,57728.78,35815.58
9101e291-c5a3-4cb7-a8cd-17238b260a85,6726f5b4-4175-41f4-a3db-0deaac48ceaf,True,2025-02-23 03:14:19.914947,385310.03,110741.05
a4d76b04-acde-4426-b0ba-dc1b4dd596e8,f8205c5f-17c5-42e0-9fe9-048dd08308b0,False,,0.0,0.0
2bd06350-1c52-4527-b89d-f5b249cb87fd,c41e63d4-9cb1-4b59-9245-6606596fb6ce,False,,0.0,0.0
31ed7013-4993-4c8c-81b2-c68d695f7fb9,01f39146-60ca-40ea-b946-5f6628b8bcc2,False,,0.0,0.0
cc433332-aae1-4bce-9edf-e55cce40a892,da7f624b-5716-4640-87a0-424659f43595,False,,0.0,0.0
971d8053-9877-4cf2-a885-33cf95bf11cd,34b34dcb-8b2c-45b5-b039-0686400d083a,False,,0.0,0.0
aabac109-7336-4f94-9bea-590d2ec77895,c87533e5-6bcf-476f-86bf-c38b7b8ae091,False,,0.0,0.0
ba7e589b-825d-46f2-b40f-a48c41bb30ae,9b0dfaab-049f-42c7-b1a7-d537b0ec7074,False,,0.0,0.0
9fe47f31-e212-4cc4-ad51-2c1ee291eabf,c3b5b2bd-1eec-4d0d-b5a8-edd7c9b49d09,False,,0.0,0.0
b9c3966c-684b-4a02-ab99-3ee376c89afb,5b1bab8d-98b0-4e7a-874f-555dde9389de,False,,0.0,0.0
4432328a-5ab1-425e-b3ce-212f43b7d785,c5ddf574-2543-4b1a-86ec-9e60e4433474,False,,0.0,0.0
73ba8c11-1cd4-4b2a-9bc2-92679a0f3d04,1336d4de-c5e9-43c3-bf44-23d549a1f7a1,False,,0.0,0.0
dd62f8bc-891b-44d1-bd92-22aa76c45e21,62c57829-6210-4734-9ded-b8538658c2e5,False,,0.0,0.0
6bf5d2a3-7825-4e7a-9c5d-f6be6da713e8,46983234-6246-45b9-9deb-7a4b17db4613,False,,0.0,0.0
db7ca21d-2755-4278-a975-8663d9737058,81edceb3-8bb2-4f15-a045-d9e673ad562d,False,,0.0,0.0
93f4695d-26cf-4aed-aaf3-156e126d6cd6,764f6842-f955-4aad-b5e0-bcbf5420d149,False,,0.0,0.0
f55861ab-4a84-4d23-8d12-c1486959bb66,fa33dec0-6d99-45f0-9623-6b475e4815f7,False,,0.0,0.0
8962f27a-3e3a-4db1-86e9-6867e3855c7c,ec7448f9-5b60-47b0-9777-676070fff474,False,,0.0,0.0
21b566af-0950-406a-8f2b-4d84be6f216e,459df649-cdf9-41d6-b22e-d234404c86f1,False,,0.0,0.0
d02d5e01-0596-4c87-8791-e32a8c39179a,9313ea0f-b5d6-4793-8003-fd3ed49bf21a,False,,0.0,0.0
306db017-9012-4fa5-b910-28d6c023e4ba,69d1b037-0385-4534-b23b-be88d478f5dc,False,,0.0,0.0
09b7ce24-a846-4ef4-aa6c-458dd1cfd2cb,9a86a2f5-415f-4099-824f-8429b43d4bf9,False,,0.0,0.0
47ebcd89-55d5-4b65-ad1d-302300844f49,66c67afa-057f-41df-a3af-85416eb194b8,True,2024-12-13 21:24:49.719171,71358.12,39095.49
9e6cc06f-fedb-4f2b-93ca-5f7fa7d50083,4d25d614-53aa-443a-ba9b-2b2c0b191955,False,,0.0,0.0
66942943-b006-47cd-a9fa-b79eb3fb9285,264e448e-1a87-47b0-855f-c748c6d273f9,False,,0.0,0.0
e838ec0e-9e2e-4450-a345-b275062484a7,517e71e0-47e5-4f56-8e96-551aeeba6ad9,False,,0.0,0.0
0f671f2c-05b1-4c7d-9dc4-195c20a1b0ec,ec7448f9-5b60-47b0-9777-676070fff474,False,,0.0,0.0
29ce86c0-6950-4876-ba04-1f584027c6e3,725687c2-0e54-4d51-8c44-5778f86e92d6,True,2024-03-24 13:37:53.782716,4196.38,2668.82
988bedfa-be30-4639-b6ee-8c5f563f317e,960f96d9-051b-4698-8463-299a2ba321ef,False,,0.0,0.0
4b4a9ed4-bc89-4c59-b923-ac6bbce729a6,4a9ab305-222b-462a-885e-05182d756dd3,False,,0.0,0.0
290b36eb-7eab-4e3b-82c7-53a227f7a355,cfab07f4-0022-494c-8dad-77367a272eb3,False,,0.0,0.0
e1cc9ab8-6915-4736-8453-50b8ac821e36,15458478-5865-4721-bc25-7ff18fb30b07,False,,0.0,0.0
fb330434-498a-4a46-83b7-5c02369b8f4c,fa75b5fc-7921-40b3-aa0a-8302276f8e0d,False,,0.0,0.0
1cb7040d-19e3-48e4-b4dd-c2054bd0d447,626cd59a-ec3e-43c3-b961-3250d3752185,False,,0.0,0.0
cbd92a52-91a4-4aae-872e-8362f7dcd205,c02d7e7f-9d74-4bb0-99c0-076f626cfccc,False,,0.0,0.0
3daf096c-9328-4d5c-a79b-b66af53f331c,39a90a45-104b-4372-816e-a5c24ab3c590,False,,0.0,0.0
369e8943-303d-4d3a-b2d3-edcb23c54195,2cabb9ad-a15d-47c4-ba38-204b2091a706,False,,0.0,0.0
ed81eda9-23cf-4499-bf1b-f1750c2f3e81,a117b864-82f5-4390-ad69-6cb3b774b61d,False,,0.0,0.0
5bf490f2-2e75-490b-88c3-45f0ae74cb14,419b7333-9b8c-431b-8111-61a7339b2275,False,,0.0,0.0
1b48d0e8-60b0-440d-930c-d85c5262d3c8,67f7aba4-0617-4c62-a243-b9ab2b0e817c,False,,0.0,0.0
97873fd2-e5eb-44bc-bbdc-7e52475c043d,c87df059-b2e3-464b-ae8f-d6ca59e0890f,False,,0.0,0.0
2684f36e-951d-44f4-9892-c919fefef692,d220f704-0da1-44c5-b0ca-6f70cb3ffc4f,False,,0.0,0.0
aa8f1b7b-80fe-40d9-814d-bd6fcdbbb7b2,36cf28af-9d64-42ce-a8de-4479911eb1cd,False,,0.0,0.0
49febcf0-d0d3-4ef0-946c-664664b6f4c5,57232faa-b578-4525-af0a-c5d6ee5e1fb5,False,,0.0,0.0
aa4deb18-f6b7-4331-9146-df1f753a84cf,7455c604-fee9-41f4-982d-45dc38e6a21b,False,,0.0,0.0
8192ea45-46da-4b4e-9a06-8c2f202b953c,a1d60cf1-8a95-40d8-8794-c44dab583656,False,,0.0,0.0
079e1531-28b9-4f96-ad19-8de9ac4e2af9,156c992b-cc97-4171-b926-393cf1974022,False,,0.0,0.0
f7dcd8be-0309-4ea1-ad9b-d75d0e912faf,d13b3a4d-87f1-4ab5-8e82-373e42be7d36,False,,0.0,0.0
1bbbec49-3b96-4945-9ae1-18cd6949332e,f644404d-df36-4764-9b7a-ec0490de2fee,False,,0.0,0.0
3cf2d83c-e089-4855-aa4d-fb3a4427e339,dedcc2ff-53d4-4caf-91bb-797af464a31f,False,,0.0,0.0
b3da9204-036d-43ab-85d6-5d9dae38ac28,da2777af-a6ed-4e6b-a43a-35624cdf5063,False,,0.0,0.0
7c6c3127-b6e9-4496-915f-413e0f485021,98cc3e26-a1a2-4f5e-975d-cd7e820740e7,False,,0.0,0.0
59ccadf8-619f-4cc5-b89e-a699982762d4,6a5b54e4-f0e2-4a55-a84c-3ab4e5b2df55,False,,0.0,0.0
d230288b-2c0c-4a56-8aa1-676fdca8ccbc,9b08725e-e1ea-40f2-8c52-b95c2146e7b4,False,,0.0,0.0
dcc6d6ce-6a36-4413-9fc3-11ba45504f7a,ff0e88ea-09f8-4e6f-9997-b85154842b4d,False,,0.0,0.0
f1e3a9ef-5a3a-4893-b692-891d3d392b4d,e498446d-38e6-4f15-8dba-2c36fb0100d9,False,,0.0,0.0
de3d641b-f6b3-4fd5-9d38-a5d0ce8b6b39,8844276d-c0a7-4490-9dcc-48a562c8570e,False,,0.0,0.0
9a74185b-feb2-4cc4-bef4-97c1c8ceb976,5e66d8fa-de69-4076-9f8c-edcdc91ceaae,False,,0.0,0.0
e77f7830-401a-49a1-91f6-073f85da4a5d,c5ddf574-2543-4b1a-86ec-9e60e4433474,False,,0.0,0.0
71b2cabb-d115-4c74-8050-03466dce39f6,67f7aba4-0617-4c62-a243-b9ab2b0e817c,False,,0.0,0.0
9c2b17c6-b0de-4885-8a09-396cab88985e,a37ae656-2a03-4bf9-9a4d-4948435bfa43,False,,0.0,0.0
156d2146-49cb-4798-82a4-2efc73a76674,855fecc6-f9d7-4979-9767-a6da231b0c86,False,,0.0,0.0
fdd8d011-4a14-4da9-bfac-5ceb076bd7f4,7f720ffc-9b6d-472f-a39b-66512ffbe857,False,,0.0,0.0
be332c3c-a13a-4abd-a003-c1b48521a451,0e60ec16-1f39-49f9-9cd1-126b1b17dab8,False,,0.0,0.0
8bdcc3f5-505d-458a-b8d1-2bfb6cacee03,f35c02fd-d88b-4a71-ba53-d4ca79d1acbd,False,,0.0,0.0
1ad6893e-c16b-4421-8dd1-28753fdbacf1,76fab828-0c6d-4a71-af54-d2b9747a2ecd,False,,0.0,0.0
0ddfb6ae-d6a6-414f-b5ac-aa4f7ff2ea8f,2d3b840d-a0db-41ff-91c7-0935f03256d8,False,,0.0,0.0
6125e01a-5e9f-42d6-819a-4346539da806,30104525-5809-4249-9b90-f2327bdd41b3,False,,0.0,0.0
d731ac3f-922a-4fe7-938d-3bde070906b2,2944e059-bafa-44da-a9e8-fe2a879f22eb,False,,0.0,0.0
d855a48a-a773-4e15-ab84-47c9a71f7bbd,22f50db1-6563-47d9-904a-3a7335bc040f,False,,0.0,0.0
3ff13715-1f05-4f11-8541-b65dd9425282,5739d3a3-7003-4ea7-b54c-e27a34be949b,False,,0.0,0.0
0b51ebf6-3c2e-4d8c-8602-ed53716a6c36,7f2632df-21c2-4510-b6b2-b13cb79f0581,True,2022-11-17 05:29:39.387411,2707.98,1224.01
ece73645-247c-4fba-a6bf-d1647362da01,b6a9e66b-19b9-4096-a46c-4e5b7f25d908,False,,0.0,0.0
48ac9bd2-bc32-487f-9d44-0af4623c995a,bdf68eb0-c7e7-4797-b73c-91ca82c3892b,False,,0.0,0.0
804943da-b766-4e32-baf7-2308b408ff42,3e84455f-a755-4468-9e74-e1224aed4cc8,False,,0.0,0.0
f295ab25-288f-4c6f-9d52-a51555ea3b37,3499a783-9b47-4e77-b133-5445d695847a,False,,0.0,0.0
a85b56ba-0835-4a4b-a580-689f80e7ae78,4b045067-1481-496b-877c-bc8ca5f604d7,False,,0.0,0.0
326d98db-7295-4a9c-9cca-eb54f9ab51b4,d057358d-c03b-4a8e-98ed-77989c266a1b,False,,0.0,0.0
9e4b62de-7d7b-40d8-936e-1954edd24f17,b97938ac-ead2-4702-8fcc-588e49ec6e32,False,,0.0,0.0
4655e0cd-2dcc-48ce-8950-7949c41664a0,b58194e0-04a0-4d55-b98e-1dc038a8ab55,False,,0.0,0.0
fb7e1a45-1e6f-407c-b92d-bf603c1715e8,09e218a7-6504-45b5-9232-78bf56688530,False,,0.0,0.0
2d5bbeeb-4652-4dcc-ac70-843466b968a8,712636bb-a455-4a22-87d0-2e2ce4406398,False,,0.0,0.0
63d487e0-23e0-4c29-9c11-f0a7b5f169c6,eaab0629-6a5e-4c28-a86e-8c8db98b06f3,False,,0.0,0.0
1d298a89-b059-4d28-ad10-7e850eb2122a,a203b5c1-5de1-4be7-9721-04cb6e21b4a2,False,,0.0,0.0
1de821e0-fb21-4e79-8ec3-26e7b9b8c23d,ec2597eb-9482-40ec-9966-80b38231f16b,False,,0.0,0.0
8a634a46-803f-46d8-805d-39a5513f8072,1dd18fcf-b99b-4d2d-b72a-69289c7871de,False,,0.0,0.0
8899b65c-da58-470e-9381-cfd21cfc0183,cbd93d47-966d-402f-bd98-03952621b899,False,,0.0,0.0
794ba07b-dda4-496e-8487-a1c340532923,ae2bcab8-551f-44f7-a5d6-9a97360824da,False,,0.0,0.0
6609aa46-c915-4914-b8cc-621c8253a207,1d7af727-ac13-44e8-a109-18c950168bd5,False,,0.0,0.0
64932b8f-42f5-457c-9c0d-03f07c3918e2,e054dba1-8f4e-4920-9df2-055436ba4892,False,,0.0,0.0
90685e64-c828-4b4c-b41f-9500202bf4b4,34cec306-c39f-4fb3-a5ec-c39cc6079cb1,False,,0.0,0.0
fb737a63-1875-4faf-8102-016e83aed337,781aee5a-ad79-4370-89e2-fc9e277230de,False,,0.0,0.0
3df116f3-ff0b-4e6a-9af7-7bf2c3c75a28,eb0230a0-3313-4402-a382-d280b44304e9,False,,0.0,0.0
23c22696-850f-458f-b8e2-bc06793d184a,7b6fb65b-8d70-400f-84a1-dd66bce88f22,True,2024-09-30 11:27:10.319341,1460.12,1036.75
66aa3316-2f95-4752-b0c9-efd9da2e3516,285e9704-3fca-4417-9989-cdb9450513d0,False,,0.0,0.0
f705fd95-6d42-49e2-8ceb-dd1f99a14660,f275de56-4e18-4cc7-b3fe-09e708fd4865,False,,0.0,0.0
c04ad897-576e-492c-88fd-d57c9b805b14,759f52c9-9232-4a95-bae0-1ea2ce4771b8,True,2022-02-06 16:03:51.461956,9059.92,6518.15
0066db08-b105-4739-9b9a-cfda35485a2a,2e8498c6-7c74-4b6a-b8b6-a2933d6f9aaf,False,,0.0,0.0
c6a7e300-3c61-4749-8d0f-e0a0b52f2a06,151248e1-1504-4b41-99c4-d7d61537846c,False,,0.0,0.0
39807649-a80f-4810-a07e-e669ec6dd430,6d3e4848-54d7-4728-99e3-05e54a5039e6,False,,0.0,0.0
cee0d3ae-0734-485e-837f-fc1ac12faf64,e6233aa1-9778-4819-ae9a-fb6be6a24a40,False,,0.0,0.0
40620158-1300-4cbb-bbfa-b311b9e9ee0b,9cca1eda-b5d3-4eb6-abab-2bc719e012e5,False,,0.0,0.0
27995a93-0ea3-48e0-be1a-dc398107d985,8d4363a2-3f2d-4955-b8f3-0ce351ef467b,False,,0.0,0.0
71bf3593-a6c5-4918-a25d-b8975ef2bd2d,f09d07f1-eac4-460c-9e4a-9260efd52c09,False,,0.0,0.0
9ea1347f-44c3-4a49-aa61-e3ce44bd47af,f1e4c27a-1cab-47e2-823c-794a415a53c1,False,,0.0,0.0
cbf22baf-ba24-44bd-9349-2ae5bb25a518,ee6d7a27-e95b-4b7b-a585-fc3d7bf7202e,False,,0.0,0.0
f7b6d8b0-6bbb-4100-a6cd-93de6351961c,01440fa3-5fcf-4c27-868e-47b0d87db947,False,,0.0,0.0
c1cedd5b-2555-4e5f-a025-ac69d71fa16b,206faddb-1a31-487e-904c-01a1434fe133,False,,0.0,0.0
7dc76b7a-3081-4c8e-ba59-60db76627a7b,d8b6a802-27e9-4dd3-b814-c4920c604d99,False,,0.0,0.0
4d054552-50a9-46d6-a971-c87a28773fd6,88ab7afd-6635-4eda-926c-f96cf40e285f,False,,0.0,0.0
e8387983-9080-4098-8dfe-a0ef3c4ec576,3b8846e6-1823-4790-8046-0d07d4539094,False,,0.0,0.0
2db173ca-173b-450a-aabe-eca3db0469cb,689ab92d-37c4-46a1-8e7d-e390d825b478,False,,0.0,0.0
67a4a178-45de-492e-a69a-2357bc855170,1ac7ea5b-b387-411d-9286-f97708aa6127,True,2023-09-19 22:06:20.186694,5230.65,585.63
f919db74-70aa-4873-82dd-14c01719d00a,2e3a9584-adf5-48fc-995f-2694b8edffe8,False,,0.0,0.0
1c736288-25c1-4a43-ae84-77cac9a4a434,d0207ede-1fa7-4e6b-bffa-749e45bfd2c3,False,,0.0,0.0
baadf0f1-bdef-43e1-964c-b1d11615f77a,1b829ae1-4700-4de9-91fd-de63d8e0713b,False,,0.0,0.0
507f7c67-fece-4a7d-8c16-5236627026a2,0b32b3a6-fe32-47e1-99cb-2d9ed109fd54,False,,0.0,0.0
b42df3ec-ef36-4d09-b336-0a76bcc0aba5,2e8139fe-e75d-4776-b3b5-ab5c9fb8d4b8,False,,0.0,0.0
e6a0eab0-8e47-4d2b-8a7c-80c45ea25ba5,33a37a74-8046-4354-b822-58a7d306e664,False,,0.0,0.0
2d940247-f213-42b7-a91b-eced8ff72bc5,5b345ede-d26b-4c21-87e4-7dbaf0ad73fb,False,,0.0,0.0
3f35685f-16d8-4b8e-bc6c-81ca34b34266,2650d902-16fd-4c70-a960-bd87ba9d64d4,False,,0.0,0.0
2ba416df-ec38-497b-9261-32ec739b4364,9635dc67-ad5a-4575-965d-6ed039b05c64,False,,0.0,0.0
c4232b6d-d35f-4211-b89a-7536ad40d94a,fe95c8c9-c16c-493f-9c40-5fa3de2752ba,False,,0.0,0.0
55f3da95-2ca5-4580-b2a2-9d4b72338abc,4a95c90d-7c17-4917-930a-835ddcea8b59,False,,0.0,0.0
37eeb7d5-2548-4633-b2a4-cc9763d4495a,eec335f7-57df-4c9a-a7e0-fe2511d67820,False,,0.0,0.0
43601cf0-f37b-4d1a-a841-64d4d1564a4f,7972c629-b248-41dd-a19c-44966856c822,False,,0.0,0.0
bdab3035-44c0-4f73-b178-e6d83e60a5ca,1836a027-2050-4d45-8b16-f0a7f6fa16a1,False,,0.0,0.0
487e1476-be83-42a3-8e63-422ec989b9fa,8e562fbe-7a9d-4ea0-815b-4add69e34120,False,,0.0,0.0
7a664121-bfcb-495f-9983-105ecb321c04,89131a4a-c5c6-4d8a-a022-7afc4ba82162,False,,0.0,0.0
fd1e13b5-68ec-4878-9d73-fbf19c5de14a,f8644f2f-ddfc-45c2-b72c-74985a15fc95,False,,0.0,0.0
488712fb-78f1-42f1-86ef-58c18b86d73a,49b04036-6486-4c75-bb89-85bc027d3094,False,,0.0,0.0
ed419e10-14d1-42c5-bc13-3aafc3ee4354,f2d1235d-d1f9-4f96-bd4d-28c8b14d53b0,False,,0.0,0.0
b5f57679-0e74-49db-bec1-245a7ce1cfc2,74773879-3eec-45dc-b660-302f477eb375,False,,0.0,0.0
3fe3323a-374a-4d15-88f8-057808000294,0c485217-5d54-4496-a1a6-51c5faaa53fc,False,,0.0,0.0
8c583bc9-c564-46fb-971c-3558b4723ab7,503ef9cb-1006-47c7-af2c-65fa50e363d5,False,,0.0,0.0
8fd48809-fd99-4749-855f-b83b069b3b2d,ac5200b5-029c-4bda-b37b-574e323f9bb2,False,,0.0,0.0
f856ea99-3716-48bf-b6f8-0f1a28df3277,c950824d-5a9b-441d-8508-2f78f17b25ef,False,,0.0,0.0
ccf12b8a-9f3c-4f1d-9f68-06db22fd4b32,72811822-fd26-4e31-8a00-c9be55c5e74b,False,,0.0,0.0
0bb79b26-4c1c-41d2-a5cf-1e92b8e12199,ee426792-ce2c-46df-8051-01e5a7b85447,False,,0.0,0.0
2fcb4fb5-f511-42b9-b092-09aaddbc05db,7a8b737a-31b5-476f-88e9-41fdb0850679,True,2023-10-24 13:01:55.087862,104169.97,52826.75
e917ce22-8bb7-4889-abd7-9014b1d417fc,75a8457d-74f8-44e2-b0a1-e5ddd403653e,False,,0.0,0.0
3c07fef2-0a6c-429f-ba80-1945a954f3e6,b9725caf-fea4-4063-b16a-83488fc8ed53,False,,0.0,0.0
9030a22b-2581-469b-b285-030a3f8ff3f0,60fba34c-3701-42fd-b09f-e5ab5813d72f,False,,0.0,0.0
351d50a5-cc55-4ade-9340-b564e99ee7e5,099c3693-fe59-489f-b035-fa61437478bd,False,,0.0,0.0
1e81f85a-c580-4ab4-9925-ee4da7f2e766,78bf9e23-00e2-4562-bea3-2d3485c8363f,False,,0.0,0.0
0e6e7c8f-6cd4-49c8-8560-64e348bba5fa,6ba57136-9144-4442-82d8-a7f546ef7aaa,False,,0.0,0.0
8405e9c9-9c62-41fa-9cc4-d6e11ee3cf10,1f09bd6b-bba8-4166-89f9-c43e6b074c79,False,,0.0,0.0
326a2ca5-3bcb-41ea-b151-ac487b44693b,f1db228c-b4a7-4a99-9572-d4083e11bb31,False,,0.0,0.0
a2e86ad8-9c1d-47ef-9423-97d6ab1ec8bc,9a0f7242-eeb7-491f-b304-08fa90bf747e,False,,0.0,0.0
948e5108-05b6-431b-8aaa-b42766545bf8,af326af5-78cf-436a-a020-72d991be0c2a,False,,0.0,0.0
f028e1b9-8eb6-4a3f-b7cb-adbd9807360f,078c7f1d-2e65-4eb1-95f3-04a02de94792,False,,0.0,0.0
bd25d3f2-4dd8-4b61-b70b-98f60eff0dea,b7017485-7b18-40a5-ad3e-8705cd525f9f,False,,0.0,0.0
f2d1eb56-7ddd-41dd-954a-a7640625eee3,2bb47785-5385-4e02-afe4-0ae899ccdde6,False,,0.0,0.0
816fa40d-f743-4f37-af59-3a9fb9b5d946,40d6c0ac-82ab-4b8d-a9fc-339fe9dcbdd1,False,,0.0,0.0
70f77a2a-46a6-410b-b8ca-8744c180b8bb,8a1b0744-0be7-4352-a85c-0862e9e02d8d,False,,0.0,0.0
50530ada-95fe-4ff3-893f-e479c04d5a12,d46b78f3-288c-41cc-8e92-b02181735a2a,False,,0.0,0.0
63e5788e-7ab2-4ae1-a5de-60fd139b47d8,5f786318-3e63-431e-9a6d-a2e5e0351e44,False,,0.0,0.0
440ed4e3-b053-4407-a270-eba5e31824db,50c49c2b-e8c4-41fc-9f8c-1c815ce9a3d3,False,,0.0,0.0
0fb1bfb6-07f7-4858-aa55-8b3d58797c71,ce9205ae-cdb5-482a-a78b-941fdcca9a71,False,,0.0,0.0
dd716c84-34ed-4b6f-ac6e-6b5d51f48fa7,2b94906d-d252-4321-8f64-710a5dbffb1f,False,,0.0,0.0
80b1186c-2440-4cc3-b192-5ede836d2a6a,b8f73fad-9937-4931-8333-59b960857b5f,False,,0.0,0.0
75e8eb22-41f7-4fb4-b5a5-e756b69d6fd7,87d2e18f-dc24-4f84-9019-19b726da7a1c,False,,0.0,0.0
e1f47db7-56d0-45ae-b330-6ad93554e7f6,a8350a40-0858-414d-952a-ed00d4aa826d,False,,0.0,0.0
a7388384-bcbc-4f90-af04-61f695bdf1da,f889c78a-6e24-4a6b-b09e-a0d08e2d33d0,False,,0.0,0.0
eb38fa9d-eb72-4473-87f2-1dbf7ecbc929,b9d9c1dc-1f9b-42b4-a6c4-ce9be483f4f1,False,,0.0,0.0
00de41a1-135a-42f3-9a47-304cc6f3d0ce,b9076ff3-263a-484e-a048-ba6e72ec6f04,False,,0.0,0.0
13913da8-9c5f-4fba-baa3-bfe0a8fc5fb9,f83f136d-d768-4211-aaed-5760d75b6911,False,,0.0,0.0
410127bd-07a4-4652-9b0f-31c98702b386,f3b93ebe-7849-43ff-97ca-eef5b8a4c19f,False,,0.0,0.0
b811cfa5-d2f0-4bc1-8c1e-b424a36c091f,53ad132c-0131-471e-8338-57e4877478d3,False,,0.0,0.0
6d1fe021-79db-4311-a9e9-bca2353cd7c0,7458d92c-a1da-4c7a-9b88-26edff4a9185,False,,0.0,0.0
b80d216e-3133-4e42-be24-990ac36dbe33,bb3494d1-f327-43ef-850b-d5b96f581316,False,,0.0,0.0
dce19f5b-6965-47ab-941d-0468691cf213,e282338d-27ae-400a-86c2-e2be83b5c73d,True,2026-04-24 19:28:26.086889,11888.48,4605.42
1df60faf-3060-434d-a8d2-599baf1cf0b9,f3b20598-a303-414f-a254-4d22944baabb,False,,0.0,0.0
937a6294-13ae-4006-b0d0-94f99b0b4358,60ca13d1-32b7-4456-9f22-b19432ce3db1,False,,0.0,0.0
4aff3891-3824-47bd-8edc-b6906236899d,ef3dc5a8-9295-4d18-ac7c-44a8e6c9e05e,False,,0.0,0.0
0c7c84e9-b87e-4ce8-88ab-bccda723d653,161fe564-c438-4a7e-8b16-5a76f82c0c20,False,,0.0,0.0
83770cd7-35ad-4096-9493-cc1a388d7a4a,79477aa8-0f1c-4455-871b-3b67d907a314,False,,0.0,0.0
ff97481b-c011-42d6-9dd5-c69cbfd78467,ecc06aeb-3ab5-41e6-9537-927280f2835e,False,,0.0,0.0
460360e9-907b-4b59-a5e0-c650c973bd16,1da85583-69cb-4141-9505-d99e2f7d987d,False,,0.0,0.0
543668e6-fd1c-4f70-bd48-1270d82fe515,3ad96cc4-c0ac-4a64-a426-d1c1feb24920,False,,0.0,0.0
544f855e-8fe7-4fb7-ba86-e73f5410fe82,0c9ef5aa-a8ef-43a9-8db7-5f5750452f2b,False,,0.0,0.0
688f4030-f256-47af-946e-bd831ebf72c4,98cb3cb4-e2f7-47ea-8cf2-fdf8ec1f5d97,False,,0.0,0.0
8a337871-ff2e-4bb8-9c15-e003a19de6d1,345ec501-df85-4192-921c-922affa2df47,False,,0.0,0.0
07339bf1-a2ff-4820-992e-7d6a8ebfbc0f,964d9921-41f9-4f45-86b5-dd45d41a4093,False,,0.0,0.0
906a14ce-94c1-41f6-8a03-c4972c5b58d7,e0222432-7ca5-4928-97dd-06916a71efda,False,,0.0,0.0
676a6899-57bc-46a9-9b4d-caf9f18df996,a3506764-37af-463b-82ac-1c61c9eaa5b9,False,,0.0,0.0
8a38e339-3b1f-4e0f-ba55-9db15e656335,45358d5a-2249-4a0f-ad58-35f3f87e213c,False,,0.0,0.0
b7a6e8b2-de52-4368-87aa-1f614ede5d51,1f0e523d-9cab-4954-8e2b-952ee58d55cb,False,,0.0,0.0
9336a07d-52a9-40be-96ce-84c00d7600f8,31116b6a-4b38-457b-afdc-4da3aee51b7a,False,,0.0,0.0
9e3cba9f-c8b4-44ed-9618-baa66e4bf723,a7f3cf5c-9818-43c7-8657-894f0c953522,False,,0.0,0.0
de68d325-2796-493d-956c-6559d45e2eaf,8ad09042-ef18-4725-b10c-88c063b55bfb,False,,0.0,0.0
96bd7985-847e-418e-abd9-9bb2333d7269,bf733026-9664-4ca5-a460-2d314e9f67a7,False,,0.0,0.0
c48e7da1-0b46-412e-b494-ac3e12545d5e,8b75190c-4f26-4e21-8e61-2e346548dfc8,False,,0.0,0.0
7a252d1a-2c68-473b-9775-524ab4e927e3,1aca9cf6-7ab6-4c3c-9667-159d22021f9f,False,,0.0,0.0
690ea02a-5efa-41d5-9fb0-b385c5861313,df3e03c2-2172-44cf-8808-1d218d204cf6,False,,0.0,0.0
b7a70452-4035-4df5-b468-f4c054894af8,3dcead91-8e93-4bd2-b269-eb4366fe47b3,False,,0.0,0.0
846fc3c4-a319-4f53-83a2-69a77da92995,ed0c082b-cb78-47a9-8410-710eca3761d2,False,,0.0,0.0
5cb25f4f-6858-4a37-8b84-ae09a640551e,007d3d37-b5b4-4dcd-8cc1-e0363c253eb3,False,,0.0,0.0
a76db674-ab64-4cec-a678-d54dfbf59043,5eb63bc5-e2f1-4e16-95c3-3faefce176a1,False,,0.0,0.0
1eb2584b-9122-4888-95cb-27f52bea59e7,ae3dc742-bef8-404b-bbcf-57d745f84c5d,False,,0.0,0.0
6ba7dba0-0da8-49c2-a7e9-745539eac40c,fa33dec0-6d99-45f0-9623-6b475e4815f7,False,,0.0,0.0
3b75a9ed-2860-401e-8587-1a1c341fc8ee,558c7208-283c-47ec-98b4-f757d91ade99,False,,0.0,0.0
ede531fc-c261-4a5b-969c-23d09e397d57,fb9c7872-112b-4360-8ad2-7057c127cdfd,False,,0.0,0.0
65ef56a0-6b08-4075-bc31-c6778194ec80,2b1feecd-95c1-47e6-ad08-79b4776e3a29,False,,0.0,0.0
02d29602-6ed5-4784-b171-e250e6b8117e,05155381-e4dc-4680-b284-71562e8ca6bf,False,,0.0,0.0
8b149f80-ba66-4d8b-ad7b-93efe38040d5,c87533e5-6bcf-476f-86bf-c38b7b8ae091,False,,0.0,0.0
ede0183c-7bc1-4f3d-b3e8-422bd32ce56c,f8736e59-062b-46f0-8ea4-17feb85f0883,False,,0.0,0.0
2dede1e2-8bb1-4245-b17c-d96f53821056,f20d3aea-a998-43ee-a2a1-12b53a880cec,False,,0.0,0.0
f2d74cbb-05e1-40fc-a314-122bfb662834,4b2a2bb4-097a-475d-b6ce-8d27bacc5ea6,False,,0.0,0.0
ceb42877-0112-4592-969b-eb2b6c7fea26,462270cb-db3d-419b-b0aa-999280c0e667,True,2025-12-03 10:26:59.071692,118266.23,43675.46
17d0befa-13c8-4231-9421-3ead26a1286d,f398d16e-18b9-40a2-a364-42e58abe5779,False,,0.0,0.0
cc8a1496-5b00-4b41-bdcf-4c5f624fea3a,753840d9-87ea-49f2-9e85-95360c11c74d,False,,0.0,0.0
23db1f77-b79f-4c43-ae79-ce434ea12f61,e05f8184-c115-4e8e-9586-768274dfb5ce,False,,0.0,0.0
3fedabb8-c4b5-4532-8ac3-1a2766b51b28,29d4056e-10f4-45e5-bdb3-e9a900252855,False,,0.0,0.0
e1a516f1-abe5-42ef-8d15-9c6647de18d9,96f22a06-15c5-4e34-b183-0345a4229f14,True,2022-11-10 22:53:32.699214,33571.74,10988.48
2475a5e1-2cef-43cb-8ee7-3534876e4fea,20b8d865-580e-40e4-bf02-7521c8ba5226,False,,0.0,0.0
3c88d9dd-14ba-4e24-9841-7ae7d28e6453,ae957e1c-667a-4370-ae12-d25593ca3df0,False,,0.0,0.0
2f696909-160f-4c63-b51e-ba367e9a029e,13865151-b092-4979-8434-d8b88ffbc222,False,,0.0,0.0
63328f3a-d4c7-43fd-8fb0-b0123415d886,b517272d-f779-4643-beca-c08c53b04133,False,,0.0,0.0
4cd32d4c-86b3-4877-adce-56a10c0a9860,87b31442-3a6f-466b-ba8c-178b4e90b61e,False,,0.0,0.0
a86d7c5c-654c-4c4d-9dc8-2fbfc8ebdaf5,85a33467-b110-4489-9022-c8a1042ac25f,False,,0.0,0.0
22ea84e8-75ba-4183-8a72-25c4120e00fd,20e8dae1-b1f0-4d9b-8e21-7fb3be654bf9,False,,0.0,0.0
c9ff8a89-0e14-4107-a3c5-a1634a57ebec,05722bc5-4b5e-4a40-9a5a-897790ba1d38,False,,0.0,0.0
2f2a7bd7-fa4f-4bc3-8005-c4dcf3003670,04d340e8-7ecf-4fc6-a249-a5869c186d49,False,,0.0,0.0
ba13daa8-0bf4-43a3-a0c4-49cb466e0d4b,1b2b5f8b-a27e-4970-8452-ba518223c495,False,,0.0,0.0
d9f83b8d-1816-4da2-9f40-4ffbfb0d8a87,3cbb32de-5a37-4e11-ab9c-7d7c8b713ce4,False,,0.0,0.0
fc81358d-399c-4763-9dbe-dd30b8812f31,eec335f7-57df-4c9a-a7e0-fe2511d67820,False,,0.0,0.0
e9d450d1-2feb-40c8-90ac-1682e1a0002b,6025cf7c-4966-455e-98a8-a428266ecb23,False,,0.0,0.0
a662d5e6-da4f-4a63-a191-d965d706e078,aaee3f08-ff69-4568-8d79-c20f4931bd94,False,,0.0,0.0
a4ae54c6-f07d-4f6f-990c-0f33ce15423f,00ef3377-08ed-4047-9900-1fc9ca445a6b,True,2024-01-18 02:57:18.073972,913.73,654.6
44a79702-11b3-44ea-807e-426f12884d70,1af0bb95-21c3-40e2-aa8f-37c74432dbd9,False,,0.0,0.0
6c23a496-e21f-474c-8a48-126dd0511f76,1bf2235c-5987-41e6-bc15-17fc99bf88ed,False,,0.0,0.0
839c432c-2059-4869-abdf-680196c45e2e,e0f0c823-d077-4d1f-b079-04e00ef92e30,False,,0.0,0.0
e8108d44-dcff-4150-9158-d7573dad1e45,e8048c91-4c15-47ec-8bca-e422b0c37157,False,,0.0,0.0
80bff6bf-bcd8-49af-bd31-d6f47eac959a,4b045067-1481-496b-877c-bc8ca5f604d7,False,,0.0,0.0
c14c427a-28fc-4f31-ba9d-ad29f1658bcd,22cdf6a0-1899-4d8c-bf02-671ba6eb5efa,False,,0.0,0.0
9b4a7f53-62bc-4f4a-8346-b35658ff1e97,f1bef588-9c08-41d4-8f20-2a19d0a836ae,False,,0.0,0.0
3929ab8b-f0d1-4e9c-8551-0c1e9f1847c0,79477aa8-0f1c-4455-871b-3b67d907a314,False,,0.0,0.0
23bbbc4e-7aa3-4ff8-ae2c-76a480bcdac8,11e12ee9-f664-42b9-b8d8-061976538a69,False,,0.0,0.0
27e96dd3-91b9-4d57-b7b2-c58b0b35924a,1ad4e764-85fb-44a6-bb67-24376426e700,False,,0.0,0.0
31ce7eb9-0304-4740-8858-5850e9955522,7a2f2c57-94ce-43b7-82fd-7e2d95eef403,False,,0.0,0.0
5dce395b-7ed2-4258-ac7b-9e8094736113,74650ff9-f014-4b87-965f-a125eb85105d,False,,0.0,0.0
e2a083a3-cb14-4aa8-bea3-1096e25e603a,c9a692f0-073b-478d-860a-a7f94a05e06d,False,,0.0,0.0
ed4660df-cd80-4521-a3b0-2bf8e5d07c65,db2be1be-ba73-4eb2-999f-46ebbcb760a9,False,,0.0,0.0
b3a7847e-836e-4064-8112-f1788488b979,916efd7b-7cc2-49b7-95b4-59923d49e4f8,False,,0.0,0.0
762bd781-7d89-46dc-aa22-c3031ad4df1a,96239346-29b3-42d3-88e6-36b5740da9d6,False,,0.0,0.0
0d66ee08-04bb-47cd-85f1-280533a4e6fc,48acdcf8-f92d-4dcd-805a-fd9405fe16de,False,,0.0,0.0
1d468f1d-232b-493d-95ec-f41e6f6c1dd7,a2a8d37d-aa22-43a9-ba25-90fcd91218a9,False,,0.0,0.0
a585f2ab-bc2f-4eb8-a43f-27c6c560d6b0,ae5ec1fc-5eee-4114-823d-269c2da46bc5,False,,0.0,0.0
c03e0ebc-0b1a-4d27-af44-32010f035135,e0222432-7ca5-4928-97dd-06916a71efda,False,,0.0,0.0
690bd0b1-d53c-4ddf-beff-84c31b314280,0abdbcd1-782c-4fec-9e5d-78a1c5bdb495,True,2022-06-09 04:57:50.148964,6918.48,4274.75
48dc2539-7d15-4b9d-806d-d736ee2dfd21,f001e73c-f5eb-47f9-8f52-3f8a905cbe00,False,,0.0,0.0
f794d5cc-b6a6-4016-bccf-d4be4241b4cb,cfea3a8f-7b8d-432f-b9f7-113dba9bb777,False,,0.0,0.0
8e4b44f4-10a7-4b09-989a-4ab7ab5d9d17,0c9ef5aa-a8ef-43a9-8db7-5f5750452f2b,False,,0.0,0.0
80c5a02f-0f03-422a-becc-2539a2a13a93,edced19f-f47e-4c3e-9d5c-0525ec8f3b62,False,,0.0,0.0
385d0689-b419-416f-821f-656ccf75796f,084a4052-4913-418b-9dcf-f347b5d84cae,True,2026-02-08 14:14:57.962275,7405.11,5697.36
0aa87174-7676-4f12-a210-ffa34b51907e,a9230810-c346-44f9-8bed-0104929ea405,False,,0.0,0.0
bb836621-fe74-43a4-88b0-6a34071a4158,216dfc70-2196-4bee-9a35-44b538118828,False,,0.0,0.0
46075cea-ca7b-4459-8f67-01cef7bee544,4083ff8f-e10a-4f9f-ae2c-219ab50f2f5c,False,,0.0,0.0
db029990-4f3f-444b-854a-bf0b62b4548a,ab204463-d92c-46c8-9da7-f990d59ec42e,False,,0.0,0.0
65eea42b-8c79-486a-afd2-a75f9ddc7e58,2a869922-f492-4b35-b6c2-1bc3d799d80d,False,,0.0,0.0
c7b1b9de-6868-4e6b-878b-ab7321fc02f1,7453c9c3-8ebc-42b1-b866-5e813ff1254b,False,,0.0,0.0
44cc6061-5c65-4a65-8b99-42434a842a95,5d210794-87ed-45ae-b9a2-1729130bb2a3,False,,0.0,0.0
37f05154-592c-4762-bf29-ac09b509518e,28c2783d-c138-498b-9c88-da6ee551da7a,False,,0.0,0.0
45127984-cad4-49f4-83c8-dd9ee1e47ba4,b1012b0f-174a-4825-964a-90627825e2f0,False,,0.0,0.0
fb3bc74a-0d3a-4abe-bf72-5d9daaf8397e,97477da7-3626-4c14-bc19-9ebc97a92b57,False,,0.0,0.0
37dbc4e5-40e3-42a0-8a8a-00cb6feb0340,f1aab637-72ab-47ff-88b8-547b638b66ac,False,,0.0,0.0
c077f5e5-6dfb-467c-b150-8d545366894b,728ac5fd-fc32-464b-871e-8c56cb3738c2,False,,0.0,0.0
3c845648-31f0-463c-956f-7ab0cd5b3469,6d56ccd8-0006-46d1-8715-60e4935f6c60,False,,0.0,0.0
cf7c0d62-971c-447c-ba49-cd139efb61c6,65ea60d8-737b-4961-8f44-a6f10ffc93bf,False,,0.0,0.0
2bbabb6a-18be-4b8a-b6f7-a0c12a153fc5,63a35592-34ef-4156-a55a-b787a292bd6c,False,,0.0,0.0
89e92792-2d9c-4dbd-90a3-b99b5728a902,ed1d6d27-03ae-4a62-b64d-a24314faa0f5,False,,0.0,0.0
16429b19-1010-4ff4-822d-077027972593,f1668e89-59f7-471a-894b-08d20f1536da,False,,0.0,0.0
8d60b414-80c9-4db7-84bf-6b55e281f81f,2b0d5b1c-027d-4e84-9b0e-09ffb6e3f5d3,False,,0.0,0.0
b3fb5030-7cc7-4623-9756-10af959d4553,781aee5a-ad79-4370-89e2-fc9e277230de,False,,0.0,0.0
14287c8c-a5e0-4531-9d0f-eeda2ee3e7e2,031d45fc-c9c0-4379-829c-34f70f5bc40c,False,,0.0,0.0
9243532a-77c3-467d-ad49-d92cd381e8df,23451386-ebaf-4098-a6f7-12cc81ca7732,False,,0.0,0.0
2c4ed6e4-ebc9-401a-a9f4-db620647dd84,8ce17e35-651f-4429-8117-1668ad724e2e,False,,0.0,0.0
69e59035-d0b9-4223-bf50-76ff2419310d,eee5b33e-2dd3-4f8e-9fcb-f48261e8baa5,False,,0.0,0.0
0a658f25-903c-4c4c-932d-2f8de89d5934,0f417135-d56c-45e4-a391-5adcc8096083,False,,0.0,0.0
56860d76-1c0f-42c7-b00f-f7cb3cb0b274,129b1e2d-74a4-4600-af56-2306276c01fb,False,,0.0,0.0
f8a4bbb5-05a4-44e9-b824-1c0382230623,6b4c2dac-df93-4659-a30c-e666d36e7cca,False,,0.0,0.0
b1609946-4486-4974-9264-72b97f047c43,316482fe-10a0-4260-8fbd-6062ab6d9aa8,False,,0.0,0.0
d4fcdade-4007-4de6-b907-9ca7566c0211,e05ff96e-d087-4c98-bc7d-0017f4c1540b,False,,0.0,0.0
91301043-2109-4b10-b0ea-a21109b39d12,30b69f93-c438-4125-a54d-befee1dd8d91,False,,0.0,0.0
74a78b03-a2c2-4ec3-9d69-ae59d9fbb9bc,fd55c844-c242-47c5-8613-71c199fd92a4,False,,0.0,0.0
a602ba6e-37b3-4a36-84a7-838415fca472,6932317a-876e-4409-b106-3540067b0c70,False,,0.0,0.0
88a5ee8d-3cc8-45cd-8291-b79b173c4058,323eab00-9fe7-4bb8-b8cb-74696142894a,False,,0.0,0.0
549ff672-e8a2-49c3-9d45-79af42bf5af9,b197603c-a45c-4178-947c-903018dd3aea,False,,0.0,0.0
df5b5b07-513e-4363-ab4c-09831fe8b073,0784781d-2006-4fdb-96ee-251359d12415,False,,0.0,0.0
fb5d0e07-b2ad-4f88-8f85-ab33de0aefc2,0426fe7b-0604-46dd-b0e5-ce91d082b3b4,False,,0.0,0.0
addc8591-78f6-41f1-a3e5-92287a8aeb87,7393c675-a3cc-47c1-84b6-ae47ea0970c6,False,,0.0,0.0
600ac4d7-29ee-4b13-b8ec-92b480e85801,6fad7460-2ef3-4ed1-8cdf-e58d8252caff,False,,0.0,0.0
f440d1b3-6547-4968-8a6f-368513f585c4,363dda7c-d939-40b6-8835-b19428130df9,False,,0.0,0.0
f3990680-d66a-47e3-a1e8-10db4a8d2c29,2312271f-e55b-4c65-90ae-41e41a6ad169,False,,0.0,0.0
20c7a980-fca3-4dd5-9e06-4ba00b2e2da6,bbf7f858-2dbb-4bdf-af23-4d87dc383057,False,,0.0,0.0
80b9e85e-4466-485d-b25e-8a31990dd8cf,7af7bd84-0121-421d-929c-717f636dde12,False,,0.0,0.0
91d32191-6e5a-4d2c-bb06-6f9ad111daa3,75ffb57f-f27d-493c-881f-af4bfd4454db,False,,0.0,0.0
7468fc20-9691-4bea-8b14-65cfe8f6edc1,f8eb51b8-5938-4971-b0f6-d8b690e65aa4,False,,0.0,0.0
d916ce89-f167-4a3b-9574-f0325ca06291,3fb00e1b-abc8-46cf-b798-bd221eb6d3f0,False,,0.0,0.0
cc1bac1a-a1dc-4aaf-a30f-98cb6e430407,19ffa018-c1c1-4a4f-915e-a371f0b10781,False,,0.0,0.0
e20367fb-657b-4cf7-ae97-ab92241a746d,634ee115-5c81-4bad-8bb3-4c1425818b22,False,,0.0,0.0
3c14b71a-553f-4eea-8913-519f496f70c9,a5ca5367-b598-455f-b9d2-3cfd692981b1,False,,0.0,0.0
3873286f-ddaf-468e-b858-73eb586331aa,29a7f041-2d51-4614-842a-584a6f8cd15f,False,,0.0,0.0
3f182fd1-69f4-4c3a-93a1-767c9c55517a,216bb956-ec46-4708-b982-9dd41828da8f,False,,0.0,0.0
631a1ece-29d1-4130-838f-749276366f23,170e0447-1a28-4f20-8e52-9b862433d80d,False,,0.0,0.0
b4ad1370-c77e-42a9-9f4d-1f0a4c2dd753,781aee5a-ad79-4370-89e2-fc9e277230de,False,,0.0,0.0
538a08e1-a77e-43ce-9a53-8551f572cca6,1719944c-9e5d-431a-a477-536f534fa89b,False,,0.0,0.0
b40e3d37-ea41-415f-ba8e-75066169be23,8861972e-57a8-4eef-b9a8-743d7d5b6037,False,,0.0,0.0
34d7f3c7-dacb-4d6a-baa4-4552f35460cc,da2a4996-aaef-4529-81aa-db8000401b20,False,,0.0,0.0
5f8d8e9a-c800-4452-bbc1-e6897d59afef,ae344b14-505c-4986-97f9-580e6e20cc72,False,,0.0,0.0
8befa393-6836-4447-ab9a-4ad236670834,ad735097-a0c4-4637-965e-a7b89514e86e,False,,0.0,0.0
3922886d-ca48-4492-93d9-f09e08566e3f,a01d9aeb-5206-4f1c-a30b-f0db1454578f,False,,0.0,0.0
c3770f49-f80f-4f4c-b5d7-987d76e1b844,94deff78-ccaf-419b-b8e2-74d8f250f86c,False,,0.0,0.0
9146ae6e-6669-4b80-8c2f-866e108e1ffd,bbc41107-ec4d-4550-b570-f44d4fc55e4c,False,,0.0,0.0
2ca98944-2b9c-4a90-885e-35d6f0594cf6,0067eaa6-483d-453a-bc9d-b77e398c31c0,False,,0.0,0.0
e3a4fe6c-c903-4679-86e9-5c3cb47661f6,39a90a45-104b-4372-816e-a5c24ab3c590,False,,0.0,0.0
48471daa-081e-4bd3-a26e-4a59e4f98d6e,46997fc2-7de5-4d45-8b00-ebbfaf0545d3,True,2025-11-23 16:39:02.457182,744.99,413.28
939fd495-d390-4eb6-a3b4-ea454493011a,b77c1be6-febe-46a6-9eb5-d8d29620818d,False,,0.0,0.0
e47dc4c6-3138-4918-a808-720409a2110e,5cbe693e-5e7f-48d9-bc33-499fc4916b7f,False,,0.0,0.0
e3f65e03-d7ed-4854-b912-dd4e456a54df,b9d9c1dc-1f9b-42b4-a6c4-ce9be483f4f1,False,,0.0,0.0
bd673d2b-099f-4725-aa4f-419000da427a,d47ffd35-751a-4b9a-b99f-5c063a24de17,False,,0.0,0.0
c104e967-c8b9-4738-9fb7-14a8932b1f25,02bbc915-9fc9-453a-ad32-1036fa6e8103,False,,0.0,0.0
7222b7b0-576c-4a49-a861-101d7758e642,ea467d0d-ce05-4ac8-9e0e-5cdf89d4d409,False,,0.0,0.0
83eef844-3015-4e4c-9fb7-3c658c74d39e,f3fd80f2-0423-493f-9e3a-564a8bf63e19,False,,0.0,0.0
e9c21445-766d-4f07-a923-1a58897193c5,371e7782-5e38-4274-8db4-a7fa18e43d85,False,,0.0,0.0
9433abd1-10c9-43b7-be5d-6f7ba85e6442,ab37ff0a-a574-425f-86ed-eb1183ade32f,False,,0.0,0.0
f50e7ae2-809f-4d4f-ab93-bc619f9d9bcd,a37ae656-2a03-4bf9-9a4d-4948435bfa43,False,,0.0,0.0
a98acfb9-cd53-4273-a70a-4e0c677c549d,f28dacb1-2701-46e4-8c35-00bd60df109a,False,,0.0,0.0
1df64b35-9756-44b5-9882-42734dbf2215,f5a02c0a-5021-43fc-bff3-e8188babb414,False,,0.0,0.0
c630f749-cd8f-42a5-b71c-832914115c6a,c53a8da2-2f2f-4254-a22f-3da5dab2a215,False,,0.0,0.0
4808034e-198c-4984-97b2-df0e1d8e8d6c,461e24a3-f2fb-494a-bd29-6f9c7d6af5c4,False,,0.0,0.0
ce143445-3715-4567-ae45-3afd5565f292,b195fa9f-3afd-499e-8a19-de1f5cd70899,False,,0.0,0.0
28e8ba6e-ffb5-449a-a57a-98af6fcbd374,17430eff-0431-4773-8544-3fb6ead24b3d,False,,0.0,0.0
eb0a5d30-24f7-4c58-8b22-04b85e15bb9b,d04a8ff9-eee1-4ab3-9f5e-c4d26282a4d5,False,,0.0,0.0
542f321e-f8d1-4a42-84d9-0a730e2c0c1a,ee4401c9-71af-45ff-9bbd-cdb6f117bec0,False,,0.0,0.0
66c17880-7a9e-4076-ad93-ad1f5a5ce1b6,576b67e3-eac7-457b-bc96-fd06ce8b30ce,False,,0.0,0.0
fcf0eda9-8875-41aa-b33e-07cd471f16f6,efb3eb37-6d57-4fd7-aea5-f54bfafbb18e,False,,0.0,0.0
e4e2615c-ce70-4e25-9b99-52c7858d4f62,f22fdeb8-97ca-4ad1-a6aa-78092c3b4e9c,False,,0.0,0.0
c2a1de02-8c90-4b99-91fd-24eb12fe2f93,f81379f3-a170-411f-a862-8d4bcc3c33f5,False,,0.0,0.0
c8a55ec5-a9b3-4477-a551-a15005ec7ad4,3dc0f8cf-1b6c-4937-a282-d170f5080d9c,False,,0.0,0.0
7d47ef25-ba45-4922-9fc7-1a8082d1e7b6,295c1b59-3807-4a8e-be3b-eb35e1ebef9c,False,,0.0,0.0
63b47437-11fc-4a8b-8b56-963d3798eadd,62d0abcd-bc3f-412e-89f3-2a99dfc735f8,False,,0.0,0.0
23c93524-0964-4134-8693-fae583628370,21a44c4a-097c-463b-a1dc-1d581ca88afb,False,,0.0,0.0
42f834af-ebac-4905-b07f-429726dac762,6bb17a8b-26c1-48f2-ab1c-0430df114270,False,,0.0,0.0
bdb0c5b3-c204-4320-8316-be0a1dc266f8,12a94f75-d243-4439-8be7-df76713a9af7,False,,0.0,0.0
986d769d-57f2-4f74-a6cb-e41add51014f,e09012d7-14ce-4f0f-b5d9-704d5fe12b57,False,,0.0,0.0
1b898f37-da17-46be-87af-9a2498cdf3c1,7bf18cf4-a740-4142-9cbf-7ee6ea258d83,False,,0.0,0.0
b4b335c8-d675-40b7-b011-2fd5f83f3735,367d9053-bec2-440d-b0b8-1b2952044e75,False,,0.0,0.0
110cb451-5d95-4bfa-b43e-e791040c6ea8,a117b864-82f5-4390-ad69-6cb3b774b61d,False,,0.0,0.0
535047db-f3b5-4293-9083-c0c023dede38,0dc5d7d9-f5bc-40c0-89df-af7c55492107,False,,0.0,0.0
d2023ba9-e655-42ac-9e7b-0b02353d02c2,8db7c020-7e8d-4bb3-b932-b23322c1d7a1,False,,0.0,0.0
0997c446-f277-471f-8b9e-0ce4ed0080f2,4221ad1e-17be-460d-996a-d4754efac302,False,,0.0,0.0
27a683ac-9786-4346-86e9-9586f06053f5,c5798f5d-9690-40b0-9182-88dd16965a15,False,,0.0,0.0
6d26e728-3138-4d2a-99a1-2b7b0fb5be7a,1ec80917-af74-4001-8023-539bc9f99d37,False,,0.0,0.0
550805ee-bbbf-400e-8eec-80ab2fd3a074,f02a1b37-9865-496f-99f8-d29021abbbf2,False,,0.0,0.0
3aa416e3-83a9-455c-b53c-bc2385d1436e,fd28750f-5868-4a1b-accb-cb41d7b205e5,False,,0.0,0.0
771cbee0-1ae7-4557-8451-ee106331dcd9,7e29bddc-fd5c-474e-8778-dbe69b29f76e,False,,0.0,0.0
4b2d2e81-f6f6-4c4b-991a-2645cb2bdfe2,2944e059-bafa-44da-a9e8-fe2a879f22eb,False,,0.0,0.0
a273b068-a90a-40df-81ab-93cd3df986f5,d5b26840-f4b3-493f-8b38-2c494853338d,False,,0.0,0.0
083efbba-3a21-4eb4-8117-7333f16e1ae9,5f786318-3e63-431e-9a6d-a2e5e0351e44,False,,0.0,0.0
59b83216-4639-4e7c-a8a4-c3aadf7ec759,f8642165-298a-4a60-afac-4e8cf6c94743,False,,0.0,0.0
69f5a1ad-9529-456b-a904-edd8412d4e45,95c7d0c2-6405-4dd8-9f1d-5ae0d3016d19,False,,0.0,0.0
1802f049-72f8-498f-90b5-95851e962bb4,c972d38d-3ee2-411c-afd2-908feea163a7,False,,0.0,0.0
c121e056-1f89-4d8c-b7c7-e361e2fb0733,161fe564-c438-4a7e-8b16-5a76f82c0c20,False,,0.0,0.0
5b380190-bf49-4d1a-9438-673318958685,d59dcbfa-db32-4207-af30-3fd078d3ca66,False,,0.0,0.0
a8c40992-67cc-4000-8e07-218370ddec9d,545b25b3-7e20-4afb-a858-f4f172f44add,False,,0.0,0.0
e778f043-039e-4340-9488-2bf124571523,d3dd8cf8-53a7-4e7d-9b86-9a7274242892,False,,0.0,0.0
2874e0ac-6919-4939-a0ec-434ca5e708ad,5f0a74fb-b6e7-4214-b3b5-f7d79d2f1794,False,,0.0,0.0
0087810d-8306-4822-b1d3-28508df3d3bb,d3d17709-a54c-4489-8fdb-a768e9390c7f,False,,0.0,0.0
4c837102-2b14-4dee-b662-931e2e0dedda,fe4995a4-112a-4ef5-b872-420e267d46e7,False,,0.0,0.0
39dfba60-5126-460e-b1c9-22d22c7c5587,844e2e8b-ff01-4ec6-9ec7-8f9ebed64914,False,,0.0,0.0
718b4145-0b47-4892-b180-91c5b2eaa519,d88a2b67-22c2-4a83-b424-0302e48bb336,False,,0.0,0.0
e85c55f5-a6ac-4185-beb1-636399dbdfc5,3d3fc0e0-944b-4f07-91e8-44c9b00ecc67,False,,0.0,0.0
d4ec332a-273a-43bb-ad71-b1f346ed3b47,b61d1f43-8df8-4ff9-83f8-6f2d436c9e18,False,,0.0,0.0
e7d2196e-453d-4447-9fc2-1685d11c4881,b2b51b60-5c89-406e-aa1b-248fea94d306,False,,0.0,0.0
2f99d44a-b6c1-4607-848b-46abb063e991,f68d6979-7fe4-4461-a4e1-ed797d99e386,False,,0.0,0.0
143f5746-7001-4f27-92fe-a2d733c9e544,4f3b81d6-3745-4be5-bfd0-96b42c85ab3f,False,,0.0,0.0
1fbf98fe-0e99-42b5-8acc-ed78e7f354ef,72f4c4b3-453a-4e55-afe2-43b3828648b4,False,,0.0,0.0
0f8fd031-a5cb-46fc-8984-8bfbd8f3dbd5,c3d31e5c-feee-4138-aa57-31f76e78cd59,False,,0.0,0.0
7e11a2bb-a20b-47c3-ac2a-93e598d577cf,2e0cf801-f436-4b12-8391-ef93aa012ab9,False,,0.0,0.0
358c206c-d087-4bcf-a80a-ee7b901ba461,eb068b1e-6fc0-474f-97d7-14f13192c29c,False,,0.0,0.0
ee81108e-08b0-4c11-b54f-be4380976f39,68353c7e-3eb0-49ec-8e6f-c9d441bff5b9,False,,0.0,0.0
3000fca3-3e8b-4f44-abc6-ac302b9b5f2d,a08ba0ef-5ddc-46f0-b444-10e5b95c1eda,False,,0.0,0.0
666267cc-8f51-40ce-b47e-afe352bcf6cc,6e047758-94eb-4ddd-8275-4eca91bf903d,False,,0.0,0.0
3378a735-e86c-45ed-a7dc-3935594d7a1d,5d210794-87ed-45ae-b9a2-1729130bb2a3,False,,0.0,0.0
9baba00a-66c0-49e6-90d3-b57bef90c0ef,eee5b33e-2dd3-4f8e-9fcb-f48261e8baa5,False,,0.0,0.0
6823fe5f-83c7-41af-8f41-b7cfb65f8528,6852c038-be54-4df1-8782-05fdc6026414,False,,0.0,0.0
48674e44-dbb2-4e5f-ae1f-15b30d05282d,c17c2577-3de8-4a53-8e7a-7311f33a72c8,False,,0.0,0.0
ac2c0d56-da72-483a-9e5d-e863543ddb15,37809a0a-4098-4e31-97f3-b054e266c16f,False,,0.0,0.0
7075808c-53a3-4460-865b-d7342187c688,7a5cd426-5c1f-4f7b-81c4-dda8ccbf1dfe,False,,0.0,0.0
ea3142ee-1a18-4c25-92ae-1b1960ee5836,09a3e57e-2c5b-4eb0-b03d-a2528c486219,False,,0.0,0.0
73fd1ea0-1047-4cf1-a4e1-8d5be9ef0ebd,97f483d6-74d9-4fb1-9dda-4e36cf292101,False,,0.0,0.0
6170950b-5433-4567-8d92-d90fc8d817d5,b4cb8396-2b08-4b7e-bec0-94b8b02d25b4,False,,0.0,0.0
c0a9f90d-50ac-4282-b244-906f5560d55c,1307afb6-728e-4994-b7df-79d830bd373a,False,,0.0,0.0
36e4ec81-fce0-464f-b5b3-a8e86061f577,c5bde81d-cb7a-4831-ae65-3bb6ec981b8e,False,,0.0,0.0
19d6b8b4-e73e-45e5-9231-d5a26edee815,4410d892-7419-4962-9f8f-a9dd7daf8db1,False,,0.0,0.0
3d230957-000b-4566-b201-08161485ad82,ef55c8e2-3b16-4e64-9849-73b7cb052418,False,,0.0,0.0
ff056a01-1ff7-4ce3-9198-f83daa0deed9,06b19eec-05d1-47ad-a828-b0b74cc1032d,False,,0.0,0.0
5f1b853b-a112-4e29-ae4b-64bc9e2a4b19,41e39149-7f30-4761-b2bc-e91aae8f191f,False,,0.0,0.0
c6aab8ca-9a40-4eab-9cf0-fb4011c7f129,a9fc73da-5926-4059-bfd0-b387963dbc5e,False,,0.0,0.0
3511b056-8899-45ca-9a87-f2d7eca351e9,dcaeedcd-67d7-4873-8f7b-524587aa2080,False,,0.0,0.0
59d36cda-c2f0-4b59-bd3c-603237323f94,803e82de-7a9e-4031-bf01-73e93ddbd9d1,False,,0.0,0.0
db3f7460-fc7e-43da-a762-5137e45106eb,3e5bd4af-d587-47a3-b93c-04f7663ab809,True,2023-01-13 23:20:36.471598,16367.83,3269.34
4a9af144-89e4-4c8c-9310-a99fb7149dd6,60094db3-b265-493e-8531-4fd0ac01e53d,False,,0.0,0.0
be16c702-8440-45e5-811b-791f5622e79c,2d1b143e-1da6-436d-acc3-f8aaa9943d14,False,,0.0,0.0
915a99c7-ba57-4bcc-a3cb-684095c50c47,a37dafca-e9a6-4f13-91c4-b8c675961b93,False,,0.0,0.0
a0d2c1b3-d481-4f33-8aef-0594df529e27,4d7efc8e-b68f-40dc-b18b-f53a3864bf75,False,,0.0,0.0
decaaefb-d08e-4a51-a6e8-6cfdfabc3ba8,44f4d74f-c629-4ca6-ad07-67746bc5bcd4,False,,0.0,0.0
1bb76a0e-c935-4238-b368-9b3bcdd44311,f34574ae-0519-48bf-8a2e-30d69adebcc2,False,,0.0,0.0
4d13db28-52ee-4302-a7bb-0d3fd504a802,afb144b5-624d-4ff7-81c8-d068931e5f89,False,,0.0,0.0
10156e46-2fbe-461a-b166-61f6393159e9,1ecadf24-f0d1-4a72-8b2c-7b1df5418b22,False,,0.0,0.0
342fafd1-bc96-43b2-a271-1e5421a5777a,90441ec6-5ef0-495e-a152-dc3a3894de06,False,,0.0,0.0
e6fb6250-f44c-42b1-a78d-5a274fc61176,ca359116-e22d-4fbb-99f1-9675be32fa85,False,,0.0,0.0
08ddd9e4-c1a1-4e90-9221-43cac184ef5b,54b279cd-0c24-4f00-8a4a-07e1234d65cf,False,,0.0,0.0
98e1a239-a54a-489f-b5cc-0cab3aa1b335,fe389c35-e28c-459c-8124-14079870fafa,False,,0.0,0.0
d1908a38-1f7c-4026-a395-c9c1674e5d8d,e70dc8b8-df33-4eb0-a8ff-561f3bc29d89,False,,0.0,0.0
d394f1c8-d054-47e9-9f29-67d3ab3a57fd,1b829ae1-4700-4de9-91fd-de63d8e0713b,True,2024-09-26 19:15:21.634099,243030.51,71756.44
76fc4ace-c7e4-4b4e-8b56-e01f83080f07,a893b7e0-4bd3-43b4-b7bb-f1542119e1c1,True,2024-08-03 01:17:59.971093,4540.79,8.98
39eb5304-d0ab-461d-8ba0-fd3e98c091c1,602596fb-d206-4a87-a2c6-0435dc5bb24f,False,,0.0,0.0
c6ee9402-7520-446a-86ab-cd25221e18b4,fc1b3217-83eb-4e95-9891-0c365dc57345,False,,0.0,0.0
e54939bb-6003-4e5f-a6f4-86022135dddf,883d9b03-de04-4086-83a2-9acd4cb50736,False,,0.0,0.0
e732cb5d-59d5-4d8f-a9d4-d6443f19ed2c,305c5d6f-0997-4b9a-9fdb-482df69d1805,False,,0.0,0.0
3f0e92a4-a36b-47c0-b0d3-3d8f707cc9f5,b0f1d209-7943-4f6f-9a55-4d255d144588,False,,0.0,0.0
9164dc9b-3b19-4264-99e2-7c240cc1806d,a76090e7-7c73-4166-82f7-79797466b319,False,,0.0,0.0
1c010ae1-a21f-41fe-b661-af0e8ea56201,f0a30219-c321-4788-8173-c12e6ac89d70,False,,0.0,0.0
1bfa78d2-fa61-4cc5-8155-22b3d3643dd9,619c03d1-9362-4966-9f07-fe07f0a0a77d,False,,0.0,0.0
87f0c8dd-64f0-4792-8511-47e5693fea46,0e77b689-3d40-4ee0-ba36-a26d42c0d1c2,False,,0.0,0.0
183538d7-c293-46dd-b6a1-f21624567baa,4fca946a-6c6a-48e9-8564-956a97f5f3e4,False,,0.0,0.0
94f9917e-2f05-4c70-bca6-3a4a3205c12d,9a463e70-3204-406d-b61a-84b9cec74f48,False,,0.0,0.0
04ac7610-7149-46d7-90b5-d896881e0ab6,aa7898aa-95b2-468b-ac92-275a68599dc4,False,,0.0,0.0
a1c25b1c-07d6-4307-b68d-d83cc3c45127,2e58e57a-4b4a-420d-a6f3-af262cc6c3c2,False,,0.0,0.0
5c7b7d1f-2804-426a-9c75-8a5ea349070a,f22fdeb8-97ca-4ad1-a6aa-78092c3b4e9c,False,,0.0,0.0
9d774b21-bfd3-42b5-8137-c173dacbb152,0a2cbb1b-e70c-4274-9930-300a07006af3,False,,0.0,0.0
08508dc2-3ea9-4b31-bec4-d041a71b49a7,c62d7b34-ddbd-47b1-8279-c1cc67b80414,False,,0.0,0.0
6ea1f79c-da90-4944-8dc2-75bf2ad8b260,297eb3ce-11e3-4175-b0ad-20702ca0ed97,False,,0.0,0.0
9ae0430d-6d82-4b69-99b6-78d72664423b,6e4ebe99-8740-4c48-9854-83efb9a893f3,True,2022-04-23 01:37:41.240270,9041.93,350.17
8117ad44-4534-4efb-85d5-51eff7977e73,17722cf0-f38e-4bc3-b7df-852c1779e7d0,False,,0.0,0.0
c9ce9cf5-8e76-4261-bd43-b8a8b169c4f9,625ac0d9-fce3-4a66-a23c-ff90968c5275,False,,0.0,0.0
2c68a8ca-7a0d-4d3f-b760-a0725e791839,f5946de4-ad9e-492f-9b02-7f54ae5b4ff8,False,,0.0,0.0
61a42f55-6b56-4916-9294-0a650e0727bc,c002c7fc-eb0a-47f7-9578-320ef4ca37a4,False,,0.0,0.0
6dad3e8e-8cb1-4a73-80d6-64cc33293e20,1e50661f-2fce-40ae-9b06-fec229071205,False,,0.0,0.0
27b80964-30e5-4a07-8680-e27eb16be3e3,2fbc9834-9dd0-4cde-ad37-45e890a6dffe,False,,0.0,0.0
45b62c06-de46-4fc8-b8bb-8e1b660e6a46,c64d8e70-1ea3-41e2-9662-f8835bbccb30,False,,0.0,0.0
716186a0-572a-408c-adc9-f4be12760922,a6d50103-18b6-45c5-86df-605bb0cebeff,False,,0.0,0.0
7788db7a-97d1-4ffc-94a5-39c6c285aa16,893e2de8-8509-43a2-a14b-1e1c4b403399,False,,0.0,0.0
6ceecfeb-df45-4516-941a-b5a5ea0bb359,b166681c-b2c2-4691-aa74-b216e66d8edc,False,,0.0,0.0
8fad53e7-df5a-4da1-bbb9-c839c9e6cb6d,e90c961c-c172-44d8-a6a2-1998afad738e,False,,0.0,0.0
821945bc-a2b8-4c3a-a46f-f4c2232eb06e,07789dae-e478-4edc-899a-c6ce5704c899,False,,0.0,0.0
cfb40835-7596-4b94-acc4-b65211ce1fd0,63719357-f7a5-4f8d-b689-c4c22ca26887,False,,0.0,0.0
930abf12-9ce3-4d2f-9208-f3ea441aaf00,f49eaaa3-0ef1-47f7-aa84-6c2c6d9b5aa8,False,,0.0,0.0
a45236c4-f5ee-4187-a2da-aa1330f441af,890d58e5-79c9-4246-b556-aeac81e87e90,False,,0.0,0.0
25b86ebf-13c5-448c-829c-0ac14f622c63,6b1b8c03-0b7e-4d79-8c1b-0d55933be58a,False,,0.0,0.0
39bcf96d-55c6-4b35-ad52-f22bcdeed5ff,00adad8f-cc5e-479b-a7fc-50e01e7e0e2d,False,,0.0,0.0
5debb35a-6bd8-444b-95e7-5c53e5523b66,924d4a86-efed-4e52-b9f7-3374e92af09b,False,,0.0,0.0
b1d8c259-203b-4878-ae1e-af71f58d88e0,665ec4dd-222e-4711-af6d-5b4bc356dee2,False,,0.0,0.0
a8952939-c2c5-40d5-8389-c14fa99fe17c,2700b560-9bd8-4990-b786-834b39c1801b,False,,0.0,0.0
6fb95470-e133-4c82-8b2f-d4ec97b4efb6,352d855e-95cf-4d81-ac47-016cecb359bf,False,,0.0,0.0
6d892b2f-e9ce-43c8-ba77-d4747b5dd7d9,1b96ee81-9ddb-4fea-9bd7-871c976b1a33,False,,0.0,0.0
14642549-3b74-4974-87cf-667adff7290e,aedb3046-595b-4abc-9b97-23324a9b37f0,False,,0.0,0.0
f6569d9e-af94-4119-8f58-576d1921f9d5,44de3376-8a53-4a16-8752-7e223aff81d1,False,,0.0,0.0
fef3352e-875e-443d-a4e6-a4db980b441a,8ff01845-0f90-4d63-a8b4-9b00c86768b2,False,,0.0,0.0
a406d4b7-9044-4d24-9067-c4735f333ef4,4fdcb645-44ec-49bb-8688-6817800d198e,False,,0.0,0.0
a2f8825c-3e8f-488d-94b0-e488a0da02e8,d0f95340-720d-476f-8d96-30be5580885a,False,,0.0,0.0
f99b0d56-caf8-4f7d-8a44-00cae0f3b923,e849c066-bee2-4b33-a104-bf7ab9312771,False,,0.0,0.0
b5fb0de7-75df-430c-9338-18ec2b507cd0,9dcb65be-3fc0-496e-84f4-caeb49a4443e,False,,0.0,0.0
90b7088b-a1e9-44a7-8cc5-f716fe346bdd,fba837a7-a03c-4494-8c6d-bed4be576fe1,False,,0.0,0.0
308fef30-fb0c-4d9b-9b4b-7f0faaf832c4,e3157b34-62f5-43b1-a8cd-ea8a7710199d,False,,0.0,0.0
cf96f3ea-4f8d-46f3-9883-afdb306cfa56,502e5598-3c3c-4182-a024-4fcf25445d8c,False,,0.0,0.0
f1d41e39-b232-47e2-99ad-097c7795bb4b,ac97e067-48bb-4c17-bccd-3eb62d51ca94,True,2025-05-10 10:47:59.075602,212763.92,168194.97
544c8bf1-6fc9-4aae-ace9-78b75a6a0c5e,6f9a544a-3de3-42e9-9141-26afce70d3f7,False,,0.0,0.0
0cc0db08-39b2-4232-a011-ba71ff17deef,1daf7374-a255-40ef-bdf7-f8f04236d2f9,False,,0.0,0.0
e70d78b0-0c0c-49f2-acc9-fab42ffd0ac4,d0d14782-421e-4ad4-b226-f24a230d27b8,False,,0.0,0.0
0da8125f-91db-4a0e-b0ae-d46faf362e6c,b062259e-524a-4652-8958-b354268e81b4,False,,0.0,0.0
ffe873a5-471b-4b25-9a46-58265e07061d,1dbd3a83-176a-4eb8-8f1a-befdf2e3fdc9,False,,0.0,0.0
517bd3d6-5556-4024-9ec4-263f65c70318,143e77c2-70fe-4e06-b6e3-1e8ef67fb352,False,,0.0,0.0
597df1c6-1c35-4b81-a3b9-961962511fdf,84dc5e33-7555-4a6c-96c1-de5749fa485d,False,,0.0,0.0
4ccd3193-8fe5-481e-b5ee-2d50e90e72d7,ccda08bf-5163-4bff-ad47-cb5af7b96b0d,False,,0.0,0.0
0e478f32-d4b4-43f4-b5f8-1954d5de92b8,0be1bd38-a1be-4068-925f-38eb00fc3ce3,False,,0.0,0.0
6a497b39-6a07-41e3-88fd-d125975cb055,8503e3b7-1700-4953-a2ae-f5080213d090,False,,0.0,0.0
685004d5-83f8-4a55-8c25-938464b02a84,eea90156-d5bd-4de2-a751-0ccfd358a5d7,False,,0.0,0.0
f535540b-32ff-4ce5-ae63-6fd20bfb5a89,78ac9c5e-5b5c-47cf-960d-cb39db988c39,False,,0.0,0.0
23f1e7df-c9ea-43fd-b22f-fd0e23978199,d9a9a834-7d91-4485-ad7f-1aa30b44cceb,False,,0.0,0.0
c425add8-f538-4b5c-bec2-a71145639d13,0c906c01-3b44-4abc-942e-c8b0cce52711,False,,0.0,0.0
6864abc4-a6ac-4246-a301-37aa3c8c1b80,1a950f3e-bd84-46da-a266-04f3c9afd545,False,,0.0,0.0
fde4011f-8093-4830-b152-f46b2be9172f,07d1316f-821a-4ac9-a957-2b45ed84859d,False,,0.0,0.0
ba38cd1c-8e22-4f46-bc30-8b057e4c2ebe,f0657d73-0e0e-475e-9b48-732fdbd0f097,False,,0.0,0.0
ee6b2394-33c7-4805-909f-7a36e4cc9fad,e4951ebb-d7c8-4cb8-af37-6fbe2cd31317,False,,0.0,0.0
cb9becb3-7c58-4012-8a88-73df13590978,62524390-52a3-469d-8906-9da96d3b867c,False,,0.0,0.0
c87cd315-d00e-4716-8ad2-7e9192deee9d,530a542a-8f05-494e-99a1-9ca8f3177bab,False,,0.0,0.0
d179b55a-c023-481e-959e-cb54175e47db,a5c3a0a9-a29c-4dbe-ae8f-0a8837280c98,False,,0.0,0.0
9c5f1c1a-fd65-4d4b-9f33-9474d4c95df1,cc464bb8-f773-4927-98d6-9943e0e5e2f9,False,,0.0,0.0
dbbc5b08-0525-44cc-983a-527f1327bef2,3d9ea33b-1de5-4fa3-9033-dd5e798f5e3f,False,,0.0,0.0
8aac763d-c410-4d03-afae-983aaa47cc01,df5325cf-8255-4a9f-9b72-7254ef022c92,False,,0.0,0.0
491fcb4b-71ae-4e18-b4da-dcf50fe51be1,76fab828-0c6d-4a71-af54-d2b9747a2ecd,False,,0.0,0.0
b66b697f-36fc-403e-951f-542c5e80a1ec,1e228ade-59c6-4a52-8f80-d1ef4615575c,True,2024-03-28 23:12:07.287105,18943.6,8934.92
7f8b10f6-0f3f-4e31-a3ae-f61c16aa0f83,2f8a637d-f330-4c59-b50d-456e19412cae,False,,0.0,0.0
19f1f449-29af-4a81-9dc0-b6f8a451bc88,f70f8b81-4f83-40da-99a4-8e556cf1bb98,False,,0.0,0.0
76485e09-05c4-458f-94cd-3dfb30517f41,648e85eb-d1c1-42db-a82a-113285eb4279,False,,0.0,0.0
e732e98d-a97b-47b4-8a24-fbfdb73e0262,66b1f859-adb5-45e6-bb88-e4ef567f3096,False,,0.0,0.0
8f1b8d13-35f1-4ea8-8343-30d7b9180fcc,91eca6b7-2d7b-4702-a365-798bcb6bb8fe,False,,0.0,0.0
641ca5dc-6c37-415b-8aaa-20e966f946f4,4b47b715-f937-4fff-b146-56f1787ed06b,True,2025-06-08 21:07:50.143771,14418.63,6921.03
b68c8dd3-678b-4fe8-ae7a-ce07a0835709,10e6e383-d736-450e-8ebc-5f603687f1e1,False,,0.0,0.0
b02d960e-48bc-41f3-b698-1c770e47bc36,0d97bade-647a-46e9-9a2d-0d7abac432f8,False,,0.0,0.0
c597d735-4ecc-4d20-a505-27c8f13307e6,129b1e2d-74a4-4600-af56-2306276c01fb,False,,0.0,0.0
d353e19c-ae90-4fe3-958e-4795d0827f25,c5954f39-cc5d-46e4-bbc1-0bbeed1c4d70,False,,0.0,0.0
13d44f27-2d01-4d1b-9884-3bc0a882442f,4b045067-1481-496b-877c-bc8ca5f604d7,False,,0.0,0.0
0ec0e094-b164-4d88-b097-e3958244184b,af5235bc-f8ab-43f4-b2f9-ade159debc39,False,,0.0,0.0
1bb4bc80-4048-4b38-9286-06dc378e19d4,38124f7f-8c46-4173-9699-e962319a009f,False,,0.0,0.0
9404f63c-fd9c-4b2a-91a2-315ea5a8bb70,f2203acf-8eed-4d34-b384-3346945f4281,False,,0.0,0.0
3da6269e-872a-4d4e-af28-6bff2353b9c9,bbe43aa7-8c58-4ff0-a15c-f032930e7347,False,,0.0,0.0
b5baaf5d-92d4-40c8-8544-7defff32300a,ff3d782f-4cdd-4af2-957a-d46184255121,False,,0.0,0.0
093a7470-f5d1-44c5-9fea-4bf3a605e941,fa11f0e7-566d-46e8-9c86-cf6f0285ede1,False,,0.0,0.0
19d82a6c-77d4-47cc-b28c-6bf669d42897,b75c3825-1c0f-487f-ab01-bba74b814a84,False,,0.0,0.0
477d1866-4184-4c4f-8678-01325c21518c,4679fe6e-9177-4972-8207-291eb3167953,True,2024-03-12 11:37:53.100469,5316.79,479.55
4ce9bab8-0127-4f37-9d69-206e79e79547,4819a23a-7d23-4d9a-b162-1e958d68f317,False,,0.0,0.0
ddc5887d-ff37-41a2-abb1-a87a02d1fe1a,a6e62c01-8529-474f-bc48-13d916c60b3d,False,,0.0,0.0
008b962b-fe6b-465d-aa4d-174bbdf92405,607b7b22-2d18-41d7-a02c-98871cecb536,False,,0.0,0.0
d84421f4-a828-4d49-a656-f3c398f38fe3,e62c54bb-ff01-4f14-997b-d00e34757171,False,,0.0,0.0
02a2b3a4-69ff-4a9e-b51c-eda9c21b4507,f0a968a6-aea2-449e-bdc2-c940fa26897a,False,,0.0,0.0
0bf24621-b1f0-4eb4-a4ce-65f125aac7fc,b67819ff-9bca-4ac2-9786-e4b747c3c3cc,False,,0.0,0.0
a545f966-68de-41f2-8e81-75d4bb99922a,3fa27ffd-3180-4811-9767-10d764188dde,False,,0.0,0.0
7ff60311-6b74-4202-8c97-00d34643edf6,523c0ed4-acd3-4c0b-b65d-95c2522c12e1,False,,0.0,0.0
375cb569-140a-418f-95ef-7b73302692e6,b6d62dfd-7365-4790-a9cd-17503b63be00,False,,0.0,0.0
82008f31-2832-4dd0-866c-186a3dddae38,cb505aa3-0c4a-4f81-a1c2-e70c629153bf,False,,0.0,0.0
40511536-083f-475b-a013-c0ec0c1e8211,b1e76ab9-127c-42f0-aa74-bb8724f47c35,False,,0.0,0.0
daa49c51-a677-46ca-a2d6-c41e45f0983f,d3ec1562-91c0-49ee-bad1-c48f6b39c4dc,False,,0.0,0.0
a4c37bd1-8878-47da-9621-53d3a5291c17,57b6b27c-bf18-474a-8743-d9f12d08413f,False,,0.0,0.0
0c87647b-8209-4b6d-a876-273039853661,cc5015cf-7c81-4d5a-8e5a-43726574708d,False,,0.0,0.0
11ccdfe2-4848-4f55-b07a-211f364cce02,ef252aa8-44a9-444f-a10e-193140686515,True,2021-07-18 23:55:54.875645,18056.31,3787.28
d6a2e8ab-b945-4b43-98d3-d2fff6c7534f,b0333c0d-5381-4235-b1cf-c83f359ee84a,False,,0.0,0.0
aed4be10-4868-4b5a-958c-87e63fd946bf,f12d0664-dd65-4951-b52a-a2af2b5457b7,False,,0.0,0.0
6fc7b3e9-ce2b-47b5-868a-8a5d8d7e4f92,d0207ede-1fa7-4e6b-bffa-749e45bfd2c3,False,,0.0,0.0
122d6add-2d2f-4765-bcf0-ec7107c9fb44,cc7e66de-3cf7-426e-98ed-c1e686474182,False,,0.0,0.0
62089345-92e9-4cf2-b76f-9aac6b7bbb87,e97f0af3-ec6c-4fcc-b9ab-b350f52b0682,False,,0.0,0.0
24219dca-f86c-4a07-ac23-9b8d794a3b0c,bcccd4b3-055c-4cac-a8ea-0d226c187782,False,,0.0,0.0
c605084a-32a2-4250-8ce7-6c494b80adf7,ac00cd5e-922d-4ba6-b5d5-b1199c09f0fe,False,,0.0,0.0
8b1e1138-30d8-477b-b6bd-3c3cc62296d2,6ea28b15-d0a7-43b9-a7ea-ae636f850440,False,,0.0,0.0
9c0568c0-9c0e-471f-b264-7072a62c4d9e,f22fdeb8-97ca-4ad1-a6aa-78092c3b4e9c,False,,0.0,0.0
ff03ad21-39cc-461b-b406-1cd545a58ae9,0528d309-6a56-487d-bb8e-37e2c32bba73,False,,0.0,0.0
513dac5f-6041-4d8a-ba7b-b9d2372327c1,2036971a-323f-4f19-923c-c117da1a9b09,False,,0.0,0.0
a733dd55-bc48-4914-806a-94fd84ab54eb,4a36acf1-f9e5-4053-b3cd-a586320c6b84,False,,0.0,0.0
d69719dd-22c6-49f5-8b26-3c0c2dffbe9a,8716f0b3-9619-4356-bcf8-d6f86cf322ab,False,,0.0,0.0
44f6e6b1-e3aa-4047-9526-64e50122c2e2,86413c79-e90f-4aac-a82a-e2455a422292,False,,0.0,0.0
bde63af8-87db-41ce-8685-3ddca0b02203,ffa6df21-6057-4624-aba6-71024b16d8a8,False,,0.0,0.0
ab73c48d-90ac-49e6-8f7d-751fc49704b0,7ef86974-ffb0-4027-9ca3-d15acad743d3,False,,0.0,0.0
4dc71a97-9520-4be0-92cb-9b84163851ad,4051dbda-d617-42cb-aabf-1a086b6de0da,False,,0.0,0.0
fc6eb13f-bd03-4722-b744-6bec4454c894,cb28ac77-f855-4dab-af33-268417a1f56e,False,,0.0,0.0
fc509b43-b7f5-441a-b14e-6e77fbc4982d,ab1e5fcf-3abe-4cc1-9115-a0ca09e8ede2,False,,0.0,0.0
34507d02-52d1-4558-8c89-f1197e2a5ee0,b800f540-7f69-43af-a921-3dfa86e979fe,False,,0.0,0.0
0184db18-bc52-4561-98d4-8bb2c03605c1,b91340e3-9afe-48a7-a0d8-82e46b8d8642,False,,0.0,0.0
106c6ee0-afed-40b7-b10e-612f5a93d023,d173bd6d-16a0-4e13-9b80-5cc7e2712ff8,False,,0.0,0.0
9942386d-2f1f-470b-8025-8a814ad110df,55525e11-b469-4821-87ca-7ddc171acd35,False,,0.0,0.0
b2c6e85e-b68c-4c07-8a77-20da8c404e16,61208478-6f18-4134-b618-5aee62ccf3b9,False,,0.0,0.0
81209367-835b-48fd-bd7a-fa8201e75635,7259f45b-25ca-447f-be33-ebd7e8e91639,False,,0.0,0.0
bdee4b2e-b0e3-40da-8b06-f2e3251fb806,e39f95a1-61a9-429d-adc2-735db26dfebe,False,,0.0,0.0
3c7358bd-8b27-4ee7-85c4-7a3f7d724f75,d3c0331b-c002-4999-8fb3-0320e9bdb511,False,,0.0,0.0
47c9a5db-383f-4b2e-a195-41d56537cf31,3ad0190f-0dc5-4340-a69c-db5b207495ab,False,,0.0,0.0
f2f50de3-f733-443b-b2a9-84236b471626,6fb0c665-4766-429e-8895-df3c7941a6a4,False,,0.0,0.0
305592ee-d6f6-4684-89f8-b7b0a1d5ada3,034f2029-1545-4b48-9b4e-279bfbab907a,False,,0.0,0.0
5ab7eccf-f8f5-4992-b716-8337b687410e,f5d68c8f-299c-4d73-8295-f5c984d77929,False,,0.0,0.0
ec24f24e-44f2-4587-be30-78a526567874,aa68a301-734a-494f-8ab9-e0dff4a3ee30,False,,0.0,0.0
320f7a56-16ed-4bb1-ac79-23e281ebc3af,d351df5f-310b-42d7-90b9-ae31c46ac405,False,,0.0,0.0
1bc63b90-6b26-4ef8-b53c-9f9cb69d94cd,c0c86a82-b2b1-4b81-a438-0f8a8ffd43cf,False,,0.0,0.0
cfa3588a-52b2-4686-b52f-3ee89b98949f,324ef0f7-aa25-48da-afd1-843d92071602,False,,0.0,0.0
8c91647d-bdc8-41c2-8d2e-81cdd6dd9e78,07789dae-e478-4edc-899a-c6ce5704c899,False,,0.0,0.0
c5127783-a269-46bf-9302-4c16cd31583e,6577aba9-9e65-49a5-92f7-d82a70186dce,False,,0.0,0.0
6d9a2424-e920-41c9-9da4-af2605c56d39,b64a46f5-eb6d-435f-a950-94bbf3c8e316,False,,0.0,0.0
76611fb8-7b87-4455-9f0b-3e19328d52e3,c524a1be-a6bb-451c-85d8-acf312a7186c,False,,0.0,0.0
d6dffa45-a6a0-4ea6-9b2f-0be74a851f94,adc77c49-c280-4fd5-a3ef-c4d9b85f4790,True,2023-03-01 22:14:14.568487,19929.77,2662.03
448ed3f0-6616-4e3c-926f-fb63ca8a5c60,de61f70d-76b0-4d9f-a73a-d8cbf8e7158b,False,,0.0,0.0
af986ce5-83bd-480e-bb0b-fb99a2c072a0,518d38f8-6904-4328-871c-db5df728a97a,False,,0.0,0.0
b66e341e-2a32-4dda-8581-e9935b968e63,9b4bf636-6035-448d-90cc-7a42d660a275,False,,0.0,0.0
4708ffe6-264e-40e5-9a7d-bcd4df364506,1c968b9b-5d67-4515-b8c5-ef5c88f757fb,False,,0.0,0.0
faab3af4-0534-456a-8afa-810778eaee9d,e090c65f-715c-4f85-8d52-9e8a4b5f9c24,False,,0.0,0.0
ac8b4889-af5a-4eed-8e21-c9af8a4bc658,5c4cbcb4-2f04-4f18-a1ba-0416e70320bd,False,,0.0,0.0
990b3ac6-69db-4083-bebe-9e63e99c4b0c,939d1b61-20d1-40ae-b0f9-08d240c06d72,False,,0.0,0.0
653bd61e-1031-4104-8954-cbfcd9307165,8da72e1a-1b21-4b27-beae-0fb8be56db4c,False,,0.0,0.0
fb31b15d-d5b0-47bd-99b3-9ac8ffee9f09,53332e5d-3ac3-4c05-ba96-a00dcaf6a7d4,False,,0.0,0.0
ce524d85-3b5c-4270-a718-fc2c797f29dc,7d883d25-fe54-4772-92fe-2d04640fac70,False,,0.0,0.0
7ea6b105-6f58-4d77-8738-b3fcd8e45853,e3f2df80-a7bb-4612-9a37-ef9d5983ce94,False,,0.0,0.0
ef117d17-d938-495b-8959-b6af9e2fb6cf,af7da5d4-238c-429d-bc2f-5047d205bba8,False,,0.0,0.0
e7c77a1d-0c5d-4121-b57f-848703dc2919,b03d3665-5c93-4629-a106-ae3288fb044a,False,,0.0,0.0
4e8a337b-9198-432f-b77e-75f4983ac7af,7232245c-d2c3-41c2-bded-abba4e1a7019,False,,0.0,0.0
87dbd433-70bb-4288-b5ee-56c1012184c6,6a961ac0-8651-42a6-8fe9-17808b8c6b6e,False,,0.0,0.0
de0aa677-780d-4850-a751-00b3a61b7b4d,1f0e523d-9cab-4954-8e2b-952ee58d55cb,False,,0.0,0.0
deb191e1-300d-4614-ac9c-3d1d5ff662b9,90b950bb-5e9b-4a6c-a0cd-5bb8dd357f0d,False,,0.0,0.0
26387a88-52b5-48a5-b686-744a71cfbce1,8d73f2a6-5c49-4ad1-b4b0-601442d6e3c8,False,,0.0,0.0
ed55e0a9-0244-465a-9a65-6c82a183ee5f,5ad2c420-f09d-4a8a-bcd9-915dc2b408fc,False,,0.0,0.0
3cfe9b56-ea38-4ac1-9f86-52add5ccfdcd,dc89e59a-5190-4e93-a9d0-c2ecaa8d904c,False,,0.0,0.0
333c27ad-1c55-46d7-872f-13996ab4c95c,183f36db-54be-47e0-b566-639489a8c57d,True,2021-08-22 12:30:31.088049,1960.73,798.13
479f435f-4d49-403a-bc4e-5c53ff0c1057,54da1012-5a3c-49e0-9158-6f467abdcb0f,False,,0.0,0.0
74ff52d2-a192-48ce-812f-bf4962aaa87d,16f89d97-0795-4c4a-962f-bcea7551eb4f,False,,0.0,0.0
c8de8892-c561-4364-9395-bffa9ebd2f02,020978dc-b811-4c26-b748-9b6b97f3d71d,False,,0.0,0.0
42158147-52c8-4269-91d5-a9a8546d1bfa,f23657ec-5acc-4d2f-a81b-a82763cf3b51,False,,0.0,0.0
56eacbe3-06f3-4ac8-bd8d-44f4adff3def,a8c1fb64-39bd-43ed-a481-2414f139dc4b,False,,0.0,0.0
2178e313-40a0-408a-add9-dc8029b1e6a5,b4fc8fdd-875d-44cb-9b32-7b4edd44051b,False,,0.0,0.0
3826386c-8ba1-41cd-a10c-989a4f3953f7,09e002f0-6191-4e64-b32c-dcc7da819b74,False,,0.0,0.0
b17da7de-4d7d-40d9-90ed-203cb4f4295c,b06f0681-4b98-42c5-97aa-5681428f54aa,False,,0.0,0.0
80f951ef-a27f-4321-83d3-9e9af90be7b5,fb50d324-129f-456d-ac99-562cefe3a150,False,,0.0,0.0
2453ae63-70f6-4826-8e0d-dc10a71c6c67,89131a4a-c5c6-4d8a-a022-7afc4ba82162,False,,0.0,0.0
45cfb422-6762-4228-9f87-dddb70525348,42186e6d-ab24-474a-9f2b-e8ba3f05344c,False,,0.0,0.0
95c0b066-3a5d-434d-b2a2-28e55e88d341,728ac5fd-fc32-464b-871e-8c56cb3738c2,False,,0.0,0.0
971ea74c-039e-41a2-bef0-77438856f076,9ae5fbbc-0f65-4cc9-8fbd-853a790f2b45,False,,0.0,0.0
8066bbf3-6c98-4556-ad99-dd734ef33458,dfe9a6ee-4300-4c97-80f3-beb154959740,False,,0.0,0.0
4b240bc6-a041-4800-8654-33b4db4d099a,9fc2e952-4e0b-4c8f-a07d-4d6c01d0468c,False,,0.0,0.0
2d70ed4d-24ab-4644-a125-b589b7495ca9,a7fb859f-7925-4d0f-a545-5ccc35b39c0e,False,,0.0,0.0
c4feb4b2-5caf-4730-ba25-2771d357e226,1407a94b-0e59-4ba4-b5ea-7f1e5ec51b50,False,,0.0,0.0
4968daac-582a-4739-948e-1453c78642d6,71a67925-1094-4b53-a6d5-1dc14ff90831,False,,0.0,0.0
e177827e-4a6e-49c8-9465-1d9ae70d1f5d,4e8172da-4a8d-4853-b6bb-cd585cdb7eda,False,,0.0,0.0
16d883b8-23a7-42d4-b382-8e82b76ed7f0,7400c7a1-0de8-45b2-9246-cc34bcdbe579,False,,0.0,0.0
d8edeb9f-75fe-4fde-a073-92afbdb855ea,0a4434d1-994a-461f-9110-7df927d23eca,False,,0.0,0.0
0980c655-5b27-4e8d-8846-8982e99b69c3,2018ed3f-9a8e-46e8-9bae-b471236bc49c,False,,0.0,0.0
6d338b84-f586-46c5-8561-f594ce77914b,e32a2749-eea7-467f-ae1c-b89a74f935ca,False,,0.0,0.0
9ddfa80c-89b5-461d-bc64-ba3bf81e6a59,060072c3-ea7a-409e-a77e-e2a9853b0173,False,,0.0,0.0
c44dcde7-b599-4cf0-9ba0-c22614cca188,ba2c43ec-43f8-4fcf-8997-0b27dbdcfb3d,False,,0.0,0.0
811f41ad-64e5-412c-9471-3c44db80b089,fab522e5-1600-4e9c-95a4-2c522147129e,False,,0.0,0.0
b0a6a5b6-84e9-4d05-bc0c-064cdf9bc660,eab10bcf-64c4-4063-ad68-53c64cd3a6a4,False,,0.0,0.0
40487cd4-eb02-459a-9b42-6f6a7583498f,2da5ba63-d3ff-4631-a2dc-b06c8c85328e,False,,0.0,0.0
d21b4029-835e-46b9-844d-623504c4f4e4,5f5e9c52-ef15-427d-aa21-ee30fcd77150,False,,0.0,0.0
1f4bae17-fe46-4b5e-80e8-5a3b5d18f2ec,e3d2549d-769f-4d26-bbb9-c4ee7641f1fb,False,,0.0,0.0
967873f4-30c2-4fba-a404-3724ae552562,1ac0dff3-6717-4ab7-a1f0-e5c51cda8918,False,,0.0,0.0
35c3b728-a1d0-422c-8526-a1c26937985f,5dc2fd9b-f1bd-457b-b8dd-dfc2963ba31c,True,2026-03-10 16:08:37.757139,28944.44,7037.19
cca7bf28-3dae-4fee-855e-683403d1ee42,92010309-1588-4873-a729-26b0ee0b683a,False,,0.0,0.0
83d0b7f5-9e04-41e6-a8a8-e7abfd26a778,907e5f2d-7f13-487a-b4e3-057067d17836,False,,0.0,0.0
db2c53cd-eeff-4744-a24b-8f6f3d37bf9d,d0713654-25cb-49de-8add-f902c46ea4cd,False,,0.0,0.0
383de08f-1946-4ac3-b7b1-8a0aab746d84,d0d14782-421e-4ad4-b226-f24a230d27b8,False,,0.0,0.0
2374fd31-8c81-493f-97ec-1382d3db1009,ffd8ca90-cc12-444b-bdcc-5163cf3b5aa8,False,,0.0,0.0
67f58393-ff74-4cc0-878e-b5e1def07925,ff8bb891-1b90-4e3f-a5ce-5ac51e22c6b2,False,,0.0,0.0
c23b3af6-1129-4b39-887a-19843df12477,dd088545-92c6-4b94-b5f3-405dda2bf1b7,False,,0.0,0.0
360efc2c-55b4-4ae2-9f89-442e806690aa,312997af-d7e3-45d5-807e-85061ec4816d,False,,0.0,0.0
6ab7842f-a330-4ac6-bd96-969c854f04b0,f6fa5eb6-51a5-4b4e-849c-00424efb4227,False,,0.0,0.0
668deb5c-0cd3-4ff8-a2d4-67a1d363c248,0c9ef5aa-a8ef-43a9-8db7-5f5750452f2b,False,,0.0,0.0
a8a6f5bc-9a72-4044-a0e4-cf8e878f4111,94e17c88-b37d-4941-aa32-fd19c1e84c4a,False,,0.0,0.0
5d025f77-e3c1-4097-bcd5-c33c6dffe477,c2045288-3bde-4b66-b01c-3f0c9b43324c,False,,0.0,0.0
33374d6f-7854-4e5a-860b-fa5cf73d550a,915fbbf9-53cf-4f73-a384-bb95921409e1,False,,0.0,0.0
d23001ad-f8d1-4a5a-a64f-853a45bbd597,2c33acb9-1a1e-4904-be76-3e5b1c011cb5,False,,0.0,0.0
4c1f4c33-e27d-4adf-8407-13ee6824d2bf,c22515fe-6f64-4a2b-8aef-9e25c9699ed6,False,,0.0,0.0
ec5cb694-eed2-4cc7-8908-5c9bbcafe017,c743eed3-ad54-4be9-9712-4b5a715c2507,True,2025-12-08 16:11:30.579453,3628.49,1908.02
34d3e56e-d492-431c-b9c3-133aa1d2ba7c,70c0a4f6-1065-4764-b40b-077950640ae6,False,,0.0,0.0
2b8aab5b-256b-4aed-9767-f40c83fe0af0,1e4f1499-b0a9-487f-9ea7-86bc6fdab002,False,,0.0,0.0
2d3b1e51-5d4c-475f-8974-61b834bdc949,d24e4a96-f3b6-45ae-b8c7-f2360a6119f6,False,,0.0,0.0
64241953-ca72-44f5-9a09-dc30c45ba26d,372f9fb6-041b-4c79-8014-680432de3097,False,,0.0,0.0
a5a4fb5c-6b27-4f09-b273-c647f4dcc6e6,89fd911f-2e06-433a-8498-a96b0d8660ca,False,,0.0,0.0
f5e929c5-7032-4d65-8f91-42ca964b0dbe,86403806-a366-4154-b136-e9e57f71a837,False,,0.0,0.0
c4840075-808f-432f-9494-c9e2fe2d69ed,aad74fe0-5f48-487e-a0e6-60c2b477caf7,False,,0.0,0.0
2e79fc34-1191-4831-b66d-c13a59203016,b1f6d38e-4297-4b04-a6f2-1e777ecbca9c,False,,0.0,0.0
a3341c86-e704-4be3-a3e0-6815e6ff5f30,a589c017-16f4-46b5-a760-a7dfce01fa3f,False,,0.0,0.0
c9248f45-dc84-4bce-82eb-afc61df2c1a7,0956f0e5-ef0c-4132-8151-55db179c0a64,False,,0.0,0.0
b7a2464c-ad3f-4cf2-8c47-fbd6b7b7ea35,8271bbba-f96f-4a1b-a4b3-b66b51b795ed,False,,0.0,0.0
c01c8a08-7d4c-4ef1-8d7d-4c5051eeb87f,21483249-414e-4cc1-9027-8ec26125cb48,False,,0.0,0.0
460bb303-3e95-4544-a79f-9f95c2164c94,aa9af6c4-3b08-4388-a9d8-34b6072e4e7a,False,,0.0,0.0
1f57a3ae-488a-4ea3-99db-dd125949ee88,a71dc051-b1c8-4969-b2da-c793663c36c1,True,2025-09-13 17:46:06.751755,369.0,287.69
8ff978f8-f666-4b85-914b-9e59fe3ff41e,23baa2ca-a90a-41cd-b4ac-51f0fcf086c5,False,,0.0,0.0
5e31a718-accf-4eb3-b3f5-9a28f8ec7038,35c87983-910b-47f9-a1ae-25a6f1966b21,False,,0.0,0.0
4541d999-38fa-4c45-98bb-05a421109a4c,916efd7b-7cc2-49b7-95b4-59923d49e4f8,False,,0.0,0.0
221c0232-c8c1-475c-9a37-953eccc3061b,8453d803-8519-469e-973d-a9cbab196705,False,,0.0,0.0
55ae6e19-0052-4cbf-b6bc-b8972fb32fac,76a6e2e6-d4d3-4808-a054-a51cab1ead74,False,,0.0,0.0
5ee4e330-c5d4-45c1-a387-006033ed3471,55c275e2-d363-421f-b11c-dad44e6ccc79,False,,0.0,0.0
57e191ba-b5ac-4010-ba62-21ecb4a007c6,eabb42d6-a81c-4995-9e00-801dcb8052e1,False,,0.0,0.0
2176e598-ee59-4956-941f-b44f2e1afbe6,614996d1-01db-40b4-8422-1bf274faebdd,False,,0.0,0.0
41e33ae3-6d52-48d2-80a2-53da54eb2045,9211d6cc-997d-4ca9-949c-0766ffb88ef4,False,,0.0,0.0
c6a2dfa4-505a-42c2-8cdf-86ff6e82b162,cb59b151-5dde-4466-bf03-66ef702724eb,False,,0.0,0.0
acc7679d-323a-45d4-8c47-1853b3f697fd,071c641d-2242-4baa-9ac6-2e25cf3cc829,False,,0.0,0.0
06386d98-038a-4adc-a84f-89a2c08bdc1c,709b5f65-ea3e-442f-a3cd-ec8466ed34e2,False,,0.0,0.0
d9dcd98e-0603-4be8-af05-664bed62ad34,dc9eec0b-8a09-48b4-80f2-b34e7365949b,False,,0.0,0.0
1a96fc58-51f5-4c30-b2f3-e19d9083ec26,1fac6d85-c433-44f0-9683-541bd1801014,False,,0.0,0.0
77aa4d45-1659-4238-a727-dcd426ebd524,db964db1-3c76-46e5-af41-87bc1493794a,False,,0.0,0.0
6da52a9d-f58c-4fb7-b3a8-d3c0a9e7c7ff,6e06f176-d140-4967-8d53-48d15b15674d,False,,0.0,0.0
97a5d3a7-a063-485d-9e04-1771db64a8a8,5468edcc-4256-4c8d-b1bd-d56a5e8fb079,False,,0.0,0.0
79d8dd7a-1255-4277-8770-fadddb5125cd,eb6d3598-232f-4fbe-aa5b-e35369331443,False,,0.0,0.0
d3a12eaf-ab0f-4439-b5e9-7f0a393bfeae,1533fe82-21b3-4264-99d7-6878def42b39,False,,0.0,0.0
37280f42-278e-4331-902a-8bc3360f1945,b43e9061-171d-481d-b57e-526c1627999a,False,,0.0,0.0
4d0a32fa-fde3-42b7-a7b7-22131b1bb59e,031d45fc-c9c0-4379-829c-34f70f5bc40c,False,,0.0,0.0
211e2b82-55c0-4d01-b8fc-c2d54f00268e,d5b6eac1-28ec-4d72-a36f-7abf82c901df,False,,0.0,0.0
1addd9ba-fa50-44ca-be1d-bab258de010d,3309cd89-f26d-4669-95e3-8f96a2bf0f3d,True,2023-01-30 12:50:29.358013,1190.67,510.49
a736d27e-2279-49a0-8e39-99b71cd10a52,54ad2b86-30b8-44e1-a440-4fef984bbbba,False,,0.0,0.0
df4f6b7b-c597-4cc3-8476-21df0de7bad3,72a35369-6de4-4fed-bece-128609f68439,True,2021-10-31 17:39:24.934066,102.68,21.77
08b63a9f-073c-4054-ac8b-36e28d0af77d,139b4c16-fbca-4bdc-86ab-fedd21491f7c,False,,0.0,0.0
622d18cd-679b-4493-b53a-d26b07b13bd6,fb3cd9c8-ebcf-481a-a1f3-b7803a5479ea,False,,0.0,0.0
1ddfa393-16f8-43ec-b9fb-45f30b10ac59,c972d38d-3ee2-411c-afd2-908feea163a7,False,,0.0,0.0
0d01deae-665b-4bc1-8d99-9eceb8cbadef,b4586ea4-15b8-4fa6-8fca-b2a910fb436c,False,,0.0,0.0
c228e1e2-7eef-4943-adca-16bf3e0372c1,f7df9baf-f2a8-4e6e-9c3d-a4eba012c6c2,False,,0.0,0.0
49fdba16-b2c0-42fe-9ee6-fda32937ccd4,f88c2664-01bc-475c-9cdc-23fc50805bbf,False,,0.0,0.0
d8734777-b667-41ec-8b6f-e9f3dba2a29b,156c992b-cc97-4171-b926-393cf1974022,False,,0.0,0.0
1df9e1c1-a1ca-4cf2-b302-06a58d5b9a52,cbbd3732-42a1-4429-9b05-0a6c235d2722,True,2025-12-07 08:58:24.637739,5922.88,1176.14
9adc62d9-203d-4164-b93e-7023b01c5592,bf96abad-e60d-4941-bfc6-8e1450b034fd,False,,0.0,0.0
967b7c69-ca5f-4907-bb95-40271929197f,2e0c5488-a76f-4d3c-a252-2f2656ef26a3,False,,0.0,0.0
750edd85-451d-46b5-9d12-2f36a257a11a,d03c9c2c-bc37-49b1-b48b-9a8c7eb3aefc,False,,0.0,0.0
c14a47e1-2d0c-478b-96b0-b53378ab126c,480d0cf3-406d-4351-aefb-e3b3f7d7f5c0,False,,0.0,0.0
073c2b5f-5056-4e19-a2dd-f0e3cedbca2c,fd7e1648-bc29-4d8d-915b-3aca208d0d01,False,,0.0,0.0
4bc06877-0ba0-49d4-b149-6a7f2be0b992,a6789753-8f1a-4d4a-b2ce-d11f8f59748b,True,2026-04-12 06:31:27.253076,5376.83,1945.13
9a7d1bb4-ba2a-4b45-bf52-7305ab0f840d,730825d1-396c-419c-a4ed-91b84d9e3b99,False,,0.0,0.0
4c32d2d6-0be9-46ca-b994-7ff9130d6d06,f41facd1-1344-42f6-869a-cda367d73e57,False,,0.0,0.0
1a83f98a-8a06-411b-8dd6-ae3b466157b2,e0b641d0-4345-429c-9655-8df410af54cc,False,,0.0,0.0
8087b010-26dc-44b1-814b-138218f1de0c,f605070b-ea73-4391-9840-f42533decf96,False,,0.0,0.0
73784d8b-43eb-4167-adc1-dd7af79fa9aa,61208478-6f18-4134-b618-5aee62ccf3b9,False,,0.0,0.0
050e1cac-75ac-4517-93b1-17c02fb64f14,c44ba50d-cb6c-4a6e-bb95-8291f3dd69d1,False,,0.0,0.0
b7c3a0f3-5564-43be-9ec2-7510bdd06c4e,c0c86a82-b2b1-4b81-a438-0f8a8ffd43cf,False,,0.0,0.0
ec5d7c7f-9a42-4663-878c-7ea9ae6d3738,adc77c49-c280-4fd5-a3ef-c4d9b85f4790,False,,0.0,0.0
c878b693-5cb7-4f5f-9b14-caef426d0afc,31a9b14c-7f49-40d9-9cc8-1f380c71aae2,False,,0.0,0.0
4437081c-cb6e-4103-9b0b-a61119b762f8,ee3f0127-d7de-4f4d-b9ec-02ca9e4152f9,False,,0.0,0.0
c6835981-9800-41df-8a2c-fc7ada12c0c7,bb02e930-e426-4ae1-859b-7de8d09d1263,False,,0.0,0.0
48b0538a-b006-442e-93c8-69d37ddce2ec,18323765-d145-4528-b91b-ad400b022156,False,,0.0,0.0
2317eb47-b205-4e59-8773-6ae8d94b6ab6,932df381-39f6-449b-88fb-95d1736d8da9,False,,0.0,0.0
d27abef9-9648-412f-8da6-b5a36b2f80cc,8d2bb00b-9c3e-4d79-a5a4-b1b446c524a5,False,,0.0,0.0
a4231944-5bf2-4690-84e1-b5f35862bd62,30e4541b-f07c-4ca7-abac-d8e1ff7661bb,False,,0.0,0.0
05021272-7fae-46b9-a609-7e9307bb93dd,dbafd3b1-50ff-4ea7-83f5-dc20d065699a,False,,0.0,0.0
214c9cf0-6771-4849-a52c-af8795ca0ecf,37663e35-cdba-4cac-be85-f617f17e993d,False,,0.0,0.0
1ed6d317-3cd7-4d8c-8ce7-808bde38d2e9,f2fb122f-7e34-4e79-bc25-d3bd88a72da1,False,,0.0,0.0
1fe1dd5c-cc79-4206-b033-03498cbd5c62,323eab00-9fe7-4bb8-b8cb-74696142894a,False,,0.0,0.0
80ee5b92-9521-4950-a1f1-14023df2e8ab,9d37c5a6-bd8e-480c-923c-cd6417576cc8,False,,0.0,0.0
a57589c9-75b5-41e8-9be5-fbaedd1bc247,2223ab94-f157-4169-83ad-6ffdb4479e70,False,,0.0,0.0
0a3104ee-b1c1-4294-97dc-c36752aa7fdd,81db9a62-10a4-47d5-a6b1-7ece85d0cf83,False,,0.0,0.0
6a086eeb-93d0-426f-9cb4-957f174758dd,0e721365-a4e6-4afd-a6cc-d201335dc080,False,,0.0,0.0
d5f56c35-a440-4938-a13b-c7395673e0a9,d554fadf-7633-4d1d-a694-940dddc5c146,False,,0.0,0.0
d98b8a92-1caf-4c4a-a9e5-064578562eb9,f392b60b-64c5-4e2d-ba41-348a7f3dadbd,False,,0.0,0.0
ff1dbccf-45d2-4734-8996-d7b68235d851,313e59a2-f546-45ee-9999-6d9d61eb8774,False,,0.0,0.0
be4efc41-2e12-4088-9dac-02d34ff2c752,c27f9590-333c-4c30-b4a1-1999dfcdd21a,False,,0.0,0.0
3f943584-8550-480f-88a0-7f8a22d28b5a,c9a692f0-073b-478d-860a-a7f94a05e06d,False,,0.0,0.0
7a1311c0-cfcb-4401-84f9-819ee6dc4efb,17a85108-43b9-4b02-b089-8400b2932bfb,False,,0.0,0.0
c00a59ef-806f-46db-b9b4-aefa52ae1cfb,3d7d9e1e-c7e1-46e3-bf71-d4015f09058e,False,,0.0,0.0
f8b2e10f-fe82-4f8a-8718-887188282fb7,386bf5fc-9b52-4a4d-851e-4fe83a6570b5,False,,0.0,0.0
06f4d653-0cd6-478c-89b5-c059502dfb22,c3d1b0b7-be94-4e36-9229-e29b56430354,False,,0.0,0.0
00055ccc-e5b7-4cac-9078-ee5db5757298,734bda19-c991-46cc-94a6-368b71d60744,False,,0.0,0.0
85177ab7-62c4-48a8-8d15-346bcb37da88,3f3d2b89-a37a-4c5c-8a9d-3213e04b1533,False,,0.0,0.0
9f25250a-d558-4f66-b9aa-1519a27790af,47d9dd10-272d-4ace-bfd0-dce0612c3b0d,False,,0.0,0.0
5791b83e-baa7-4f3b-ba0e-8cdc15afe6bd,b354f19d-3d22-4110-a63f-69ea0d5098fc,False,,0.0,0.0
4faad390-cc57-4602-a981-217eafbe55fc,945dbe02-6b43-48f5-97ea-6d52f84dca4b,False,,0.0,0.0
66c4ccb8-1877-4704-a9a3-8afbd706d993,4eda31cc-7320-4e30-90ba-8eddbec6573b,False,,0.0,0.0
f06bf65f-5b81-4a3d-a813-1a09426be4d6,504d39e0-d4f7-415f-be9a-f4fb7afe3780,False,,0.0,0.0
9fc59470-9ae6-4c12-a097-aa65e425ffdc,a6145f1b-79a3-46a8-9f23-a1b588e65e96,False,,0.0,0.0
2fbee31f-e0ac-4230-aee1-5bb90407abe4,24812872-e704-4b7d-a4e7-13588fb6002d,False,,0.0,0.0
2c526b46-8611-49e6-a117-a232220b01ce,1b9c67e0-81c8-4e2b-ad48-6d9ae69f1f78,False,,0.0,0.0
8baa7e20-3ed1-4632-a5f5-83f8b709d529,35868ed1-e4a2-418e-b328-8280e3ca0915,False,,0.0,0.0
10394cb0-ae57-406c-aa9f-cc220e8ee117,9211d6cc-997d-4ca9-949c-0766ffb88ef4,False,,0.0,0.0
ee926a68-84e8-457e-9de3-330287248fc8,3fa27ffd-3180-4811-9767-10d764188dde,False,,0.0,0.0
3ee7b770-0150-473a-9cca-9769e4ee1d81,1d0707aa-59ec-4e63-8b63-981eb1dc3a91,False,,0.0,0.0
cc440b31-37ab-4439-8d54-b2f00a805168,4d59f68e-05ff-42f2-be54-eceb8329bd1a,False,,0.0,0.0
efa75704-d997-48ac-a95b-867bd201d495,e0ebb3c7-b8a3-43fa-b769-44b886b5ca8f,False,,0.0,0.0
5656e5a3-faa1-4e6d-8397-fa5e142212d0,f486a251-1414-4827-a632-c350ff712ff4,False,,0.0,0.0
1b6f9d61-0297-480c-8c00-962fdabad39c,0b1f7526-a690-43d0-9850-147b62b97bbf,False,,0.0,0.0
0c823ab4-c961-452b-af04-83b1e191c1e2,65adafab-2a07-458d-943b-bf74e609456a,False,,0.0,0.0
96fb6674-6b60-45fb-ab10-4b9d355f0cdc,be00b0cb-c1ef-4aef-aa38-746e528f2346,False,,0.0,0.0
47dd2886-ba2e-474c-b02b-912ee0b283b8,676e34be-78be-4228-8455-da792a4150de,False,,0.0,0.0
056f40f3-f1eb-41ed-8e9d-8f22e7b6274e,bd00ff19-608d-4135-8f19-9b9217b4e6d0,False,,0.0,0.0
f035bbed-0144-46b7-b6d9-d43315bfaaee,6370e0f7-aab8-4c30-9cfe-793d360496b6,False,,0.0,0.0
c1f9f45b-27a6-419e-9f71-088894aa869b,0e913294-e3a9-4752-ad16-7ec3505f7c6e,False,,0.0,0.0
474eee1d-0b4d-40a1-a2a5-fd5aa1b055ef,4949ded7-76c3-4071-81bf-7df87ead63bc,False,,0.0,0.0
441143ca-e851-455a-b084-037315c6b153,c37e9c25-5d5e-4747-b83d-f10179ece854,False,,0.0,0.0
66b0cd62-3c8d-4a46-a37c-3d5663f591af,7aa83419-7479-4994-a2fe-9cb4fcec1791,False,,0.0,0.0
637f3fb9-88fe-465b-b994-1b79ad8acf16,161cd674-2978-468d-862c-06921efa91a0,False,,0.0,0.0
0b3b0da6-a1b1-4e24-bbc4-03a44cdf8ad9,50c49c2b-e8c4-41fc-9f8c-1c815ce9a3d3,False,,0.0,0.0
8d6bcc38-f020-4345-96b2-64190a65f0e3,d4d8c52e-d4c6-47db-bcb4-8481b4f82d12,False,,0.0,0.0
29bdca7f-481d-4137-b218-5b45b470eec7,d3e7acd9-7b16-4453-b042-eb9e061285a7,False,,0.0,0.0
1d3b8d8d-9e3c-4cf1-821e-4a03a01f2ebd,78bf9e23-00e2-4562-bea3-2d3485c8363f,False,,0.0,0.0
10a46289-e44a-44cd-8048-88dce198abd6,6001e75d-b872-4503-94f1-211050b57397,False,,0.0,0.0
c202ecd1-2010-4950-96f4-086baa81df05,b360e8af-91aa-4b5c-ab0c-bd6ca6032997,False,,0.0,0.0
2dce2b91-025c-4598-8b9b-dc218f13b6d7,cba9a0f0-3f34-48a3-b3d2-c4a9fc7b427f,False,,0.0,0.0
7542f638-1a47-41f5-878b-d3c0bc62ea68,80ef2ccf-8999-4812-9616-76fcbb1ffaf4,False,,0.0,0.0
de6673bb-04eb-4126-96f1-faeed0fa2a8f,2d598b9d-b3e3-468f-afce-09490dd1db5f,False,,0.0,0.0
10455ce3-4dbf-4915-92c4-dc306b851337,4135b443-2576-4869-9765-f41889939c6e,False,,0.0,0.0
a1c92386-782c-4d27-919b-c430ada9da1f,4a36acf1-f9e5-4053-b3cd-a586320c6b84,False,,0.0,0.0
5f488742-3b82-4831-a006-0a790117c9cc,6a21ab97-d04c-4e8e-9eca-88d3af665d67,False,,0.0,0.0
1dca06e8-ef94-4574-9cdb-e1e5a795ac11,db9b318b-12ba-4c10-9b45-caa9a13ea32a,False,,0.0,0.0
49b5944b-279a-469a-a21b-13e5325ec2a0,56d07ef3-f58a-4328-b5db-9c81073fdf7f,False,,0.0,0.0
1dc99ece-3910-4af0-b0af-bcecd8221b5f,16a3ce4e-ca5c-4c4a-a79b-d4394236fb0e,False,,0.0,0.0
3ae81b79-cdf4-477e-bc37-77ae2619a5ee,aee5b68c-6093-418a-a472-3a97a7178558,True,2021-12-21 08:57:15.871974,363.92,290.09
e0619770-7f45-461c-82e5-d37c13bd260f,d77dd689-a98d-41ec-bad4-1c9abac97a02,False,,0.0,0.0
231de33f-20ff-4aa8-bc75-23315014dd59,6cddab56-8c30-4073-a8e4-c8deddd98c67,False,,0.0,0.0
eb366fbb-dd7c-407b-a00c-b4120123a9ae,e3fb7b87-a7a3-4c7a-81c9-a46487d22e31,False,,0.0,0.0
c5b07c07-eb07-4418-a157-5257552787b0,2b998363-4e26-4d3f-ab28-efa9959ee77e,False,,0.0,0.0
976652b1-c8f1-4dd5-96e5-cdd924627a77,84c469b1-20c1-4845-825f-c70f90884400,False,,0.0,0.0
d42d7687-0047-44a4-82d2-dbce4e0a189b,f316891d-8896-4456-b344-dde4bcac4426,False,,0.0,0.0
b1b81799-a5ff-4cd9-8964-5521810beaef,5f0bb32f-e6dd-4be3-a89a-18fe5f8e74df,False,,0.0,0.0
8682304f-2a01-4be6-b438-450f335c6f73,11e12ee9-f664-42b9-b8d8-061976538a69,True,2023-12-22 11:14:42.747000,2626.48,1465.84
b302ee12-aa4b-4e1a-a44c-56cd4e1a3d54,fe1be3e9-bee1-4c65-b7a3-19c6619c4a06,False,,0.0,0.0
c69903c3-4271-4baf-b56b-cb504181b840,994a77f9-2522-4779-a004-1dd5fb932692,False,,0.0,0.0
57ea78e2-65cf-45c4-909b-fa117c680f1a,a117b864-82f5-4390-ad69-6cb3b774b61d,False,,0.0,0.0
46456088-2aec-4581-ab1b-8c0affc43454,e09012d7-14ce-4f0f-b5d9-704d5fe12b57,False,,0.0,0.0
a6553c6d-793a-4f26-b5fe-8db244bfffcf,dc9eec0b-8a09-48b4-80f2-b34e7365949b,True,2021-11-21 08:22:04.866009,25429.51,3829.35
9002bbfe-3e74-4123-adbc-beb68d6e8a2b,0bb9c606-5320-46af-beb0-b8d1e3e7e32d,False,,0.0,0.0
007484c2-ec76-4620-a2a6-1fdb01a30534,da970edb-a841-488d-93b3-4dafcca5ac2e,False,,0.0,0.0
df339aa0-a2f0-4b30-97de-5e8b9bf936fe,7c4a14cf-44b0-403f-8dfc-73c1e990ff49,False,,0.0,0.0
a43f0015-f375-4f30-892c-9ad3a15c2fbf,19b627b5-4c2b-4a96-a86c-1d888d67e82c,False,,0.0,0.0
f4ccc332-c6a9-4dff-8d51-96518910ab39,c9bbdda4-3080-4036-902f-4df3dffd1d40,False,,0.0,0.0
58a90d7e-596b-43ea-96a8-5d751402e348,eabd37da-c357-4620-be24-5711b4cb1a42,False,,0.0,0.0
6ec8b351-6216-47be-b9c0-02072b941794,40e07e0f-7cfb-4186-877b-4fffd114dda1,False,,0.0,0.0
8b5f7eb7-6543-4a93-9064-7cae092e109f,a5571020-cf8b-4199-ba1c-e4164b046117,False,,0.0,0.0
08826e9c-906e-44ad-95ca-c165ff16e8f8,c82211cb-e48d-41a8-820e-199bc44fdf5b,False,,0.0,0.0
632068c4-ef7c-4771-8619-5570fa534ac2,b0f1d209-7943-4f6f-9a55-4d255d144588,False,,0.0,0.0
bca296b1-dc0d-497e-bb56-6a4fcd162960,acdb425c-cff4-40eb-8730-24e4263490a1,False,,0.0,0.0
16a2ba43-bda6-403b-9741-852703baaeff,375af79e-9f3e-4f38-ad73-286bf517aed0,False,,0.0,0.0
0d6d3f93-33ab-4366-8657-0712f4187eff,07a76739-609e-4d33-ad92-abbf65c51c9a,False,,0.0,0.0
2ff7caab-d703-4717-88e7-ee3707cb60e8,9a2363fe-6901-488c-bd8a-3090353a044d,False,,0.0,0.0
a6dc9c9b-ac35-4ede-b102-3cad039008fe,ff75659e-4f3a-4530-89ed-6369ee869beb,False,,0.0,0.0
8e4cc968-0cda-40a7-8605-fb966506d2e6,b66db5df-4820-4942-88a5-9343c21ca2c1,False,,0.0,0.0
a3b7597e-4d99-4071-9103-5e65c2e74c56,18f67e0c-bd28-48b0-86e2-e0802a0f31e4,False,,0.0,0.0
7adf080b-0b1c-43c7-8aee-710d35de33d9,505739f3-1031-4582-a2d8-84ee5d89378c,False,,0.0,0.0
1bd867c2-5718-4012-bc0a-0858d88e1ba6,e6b23125-d568-492f-9032-5480b01b5658,False,,0.0,0.0
c0d3d596-7fdd-464a-873e-f4b83e4d54d3,e2d8d2e6-272a-44fa-8cd4-dd15f592478d,False,,0.0,0.0
7187ff19-90da-47e8-9dc7-ca059b10af30,6c8c4bac-9c13-4aa7-b483-6de8f1337e7d,True,2025-05-06 23:08:47.650254,50342.64,34662.7
45375936-e353-4053-9f14-2f7635efbf07,935b67b4-2fbd-4d23-a516-8cda99d6bf85,False,,0.0,0.0
eb2695a3-67fb-42c0-9a88-3d2f95417987,4341fd0e-244f-402b-8d53-280e1ebd55b6,False,,0.0,0.0
fd7d8165-9a69-41c9-96d7-251fa1ac92d7,f1eef895-d061-46b3-8abc-36fc24a887a1,True,2025-05-16 12:28:13.526756,25676.14,2075.29
a8c1c0c1-15ee-4088-bf72-3030feaae827,6df5fa4a-4a8e-4dd2-a067-982478adb182,False,,0.0,0.0
8b3c9330-671a-42cc-bf48-9a565662149c,15604ec8-1ca9-41d9-a5bf-13792587f6a0,False,,0.0,0.0
d41f86d2-0019-45a6-80bb-97c0c2d2a408,4f52ddca-3b90-4d87-947a-8ad4dcccea61,False,,0.0,0.0
430e63b3-d319-43c5-b3b6-1f0cee102c09,a6789753-8f1a-4d4a-b2ce-d11f8f59748b,False,,0.0,0.0
6657a8df-05cb-4f17-8f92-d5c1795698fa,43d8c607-f27a-4635-a064-62aea0683570,False,,0.0,0.0
187c3b46-2142-416b-af01-0810b60d3317,d10320a3-8a21-406c-b13e-3f6d0062cf68,False,,0.0,0.0
242a8274-aea7-4545-9d77-29ae397dbb19,2541f181-f29e-425b-bed0-4e680d250730,False,,0.0,0.0
f2717ece-d2ed-422e-a04e-3cd8fa015e23,1706c3cd-da44-4dee-94dd-bff40d81339d,False,,0.0,0.0
9cd04642-9698-4f0b-84dc-ec8180cec449,b6fac9b9-88bf-4b11-bd3c-c9e3a5a7a595,False,,0.0,0.0
a00e9d54-ca34-487d-ab1e-00130b9f0f89,d972c236-db84-4c06-984d-6427adaad2f9,False,,0.0,0.0
44dc9150-fb60-4466-9237-d201c8d07d0b,51cb3f06-1435-47ed-8cff-84c2eb41ce2f,False,,0.0,0.0
8166d378-5aa2-48e9-b21e-71fe47e9f7a1,6295b041-4bfa-41db-bcff-c54b2351fc3a,False,,0.0,0.0
64a4da35-2c55-4d04-bfd5-06a1c45bbc80,4635d22a-7be4-4393-a4b5-83300b1378a1,False,,0.0,0.0
6bf14016-d35f-4a6d-8629-d00e6e9aed01,44b2e5aa-f334-4f9b-badd-e398c09eb13e,False,,0.0,0.0
1018a130-4d5a-49aa-bf40-2ecd336ce3ff,2abb8747-d88e-4b86-a159-b48192a6dd56,False,,0.0,0.0
848e863a-9472-484a-a6a6-b896138843d2,fa98f0cf-42df-4d68-969e-3fde571ceacb,False,,0.0,0.0
e773228d-0e28-4208-9c4e-eb150ce091d9,0f6924f3-2f53-4a9f-8e0a-e1dd5b95ae5e,False,,0.0,0.0
b6650132-e1ae-4044-8ed4-a4a1ca04bab6,fa98f0cf-42df-4d68-969e-3fde571ceacb,False,,0.0,0.0
34f13f3a-a0a0-41cc-b2d5-92174fdbc0ef,f0e67cd5-faae-4f71-8be2-39725d2db4f9,False,,0.0,0.0
d00fe75b-8f53-4d9e-bef5-d76889bf891f,ab6b897b-0ccc-441d-9d3b-9ac6be24af96,False,,0.0,0.0
19216367-89e9-43a4-b893-97cabbb43044,092351d9-fedc-4b65-84aa-6e12208a9c4f,False,,0.0,0.0
c60e45c6-35a0-40a1-a304-f04d5ca3d6a5,5f0a74fb-b6e7-4214-b3b5-f7d79d2f1794,False,,0.0,0.0
fced30da-4b96-4210-8832-ee5f09e7b210,7a71ce7b-3248-4699-92b3-b3eba247a4f5,False,,0.0,0.0
5cabb86a-df01-44be-8664-e3ac03dc56f1,35910434-d342-46c9-8d88-136e67f778de,False,,0.0,0.0
b86384c0-c5df-4a5d-bba6-0fbf2cdd4e92,7ef86974-ffb0-4027-9ca3-d15acad743d3,False,,0.0,0.0
6286f6dc-06b4-400e-9440-8a520407ae1b,f0e67cd5-faae-4f71-8be2-39725d2db4f9,False,,0.0,0.0
ff4baf3e-0548-4ede-a3ff-11d3c062355c,252b473a-d2cd-4683-8c56-4c15e507b981,False,,0.0,0.0
1dca5bbe-e004-4feb-bad9-d8201d838dad,f04084d0-4739-469a-9bb2-bf95c376caa7,False,,0.0,0.0
eb0ca443-cb93-4314-9de1-fb9c776bad5d,c2cb0bc7-f032-4337-a10d-27dcbf153b90,False,,0.0,0.0
997f295f-32f7-46c4-a8dc-f1964ea6da8b,85475ee1-1e06-496a-a302-7b2102c1c269,False,,0.0,0.0
8985113f-efba-4bf0-8e75-c7697aa0a9be,55409902-4997-4fe3-a31e-388af82dd1f5,False,,0.0,0.0
443552b1-d59b-4378-9815-c070b889e303,49e785c7-cbd8-415e-ae98-b722cf97b016,False,,0.0,0.0
da985361-c09c-4481-a76f-afecec11a425,dfcc8eb4-bfbe-4892-a3ce-37db7cb8b49d,False,,0.0,0.0
3cdf1db2-28f7-4ddd-8211-76bfedddc726,3b895644-549d-43b5-8dfe-448cacb70476,False,,0.0,0.0
e8e44aff-00e6-4b6b-8e29-e9dd87db83c9,b354f19d-3d22-4110-a63f-69ea0d5098fc,False,,0.0,0.0
7c34f338-911f-4734-8a44-5b9757daf79a,b575dd69-0b61-49c4-844a-a5c98e56dda6,False,,0.0,0.0
1ddf743f-7d59-43f5-bb5e-e988368bda6d,3e2613ab-a98c-49cf-b25f-3382dbad54e6,False,,0.0,0.0
d6944115-9e23-4bbf-b7a8-a7a81e69dfce,f365185d-eafb-4b2c-b77c-32c24556a328,False,,0.0,0.0
a53d1248-fc1c-4155-acb9-ffc4f7a5fc7e,0ce06819-24c6-4f93-a081-9bf56940240c,False,,0.0,0.0
861be5fe-f551-49c6-96c5-8ef1b42c6a30,4a36acf1-f9e5-4053-b3cd-a586320c6b84,False,,0.0,0.0
860c0348-c45d-43bb-aef5-3eb97fea621b,cadc3379-c788-4847-95d1-0dfc9834e02f,False,,0.0,0.0
5e7b9f67-0be9-424d-b6a3-6276b16df45d,ef6739d2-6c82-4a41-b0d5-69ed4684ac73,True,2022-03-09 10:06:36.749362,20339.41,4060.41
06355893-0fb3-4cd2-99e0-3f766f0cd3be,3e7447a2-a672-432f-9c9f-0999e869839a,False,,0.0,0.0
86411138-d245-400f-9bb8-9cf3931dc414,b106c45a-71f6-4ee9-9f4a-47062e795ba5,False,,0.0,0.0
78bc0868-aa99-4e43-86b7-7fee78c9f9e4,909cca67-5a04-4fb0-9fcf-d7112aaf1966,False,,0.0,0.0
7d15872f-9d74-45d2-88fc-8b70acbeeaa1,109792a4-4b00-4cfc-a1f5-5aa5529e0da0,False,,0.0,0.0
948d73de-6148-4ca8-8559-c38fa833791c,aee4f488-df41-4155-98d2-bfd058622bb4,False,,0.0,0.0
f5caef08-259e-4050-beb6-488a1507395c,f644404d-df36-4764-9b7a-ec0490de2fee,False,,0.0,0.0
d0d4f9dc-c589-45be-b05b-8643124b83c9,5dc2fd9b-f1bd-457b-b8dd-dfc2963ba31c,False,,0.0,0.0
6b780b1b-2174-4a48-b1dd-a66fd3a6d6ed,025ec446-663f-430d-ab0b-b4578c0dc409,False,,0.0,0.0
a295a757-3db7-4746-9352-ad3f5fca9a26,9267e278-9bd7-49be-a265-eddaea02cc7d,False,,0.0,0.0
ae420726-32c4-4cb9-acde-268f3700b943,c56dbe29-65b8-438c-865f-5046f9a61744,False,,0.0,0.0
840db651-f04d-4e05-bb9a-d3529c1aa012,e2293661-e153-4d2b-b261-b0827387d450,False,,0.0,0.0
3f16c8b4-80db-4b19-a4fc-dd7e6ae38fbe,9c1817a3-5e2f-4318-a44a-79cd36b528a4,False,,0.0,0.0
06e730a3-1b43-4ddb-951a-7500d4dd875a,d81b6bb7-55c6-48d6-b647-2ba8793a650c,False,,0.0,0.0
29691d00-d4a2-4e72-bf6c-0e3ac2ded616,346003a3-67db-4a91-851f-cfef8305a8cb,False,,0.0,0.0
20a7f3bf-52c6-40a3-8ccf-60247b8ab08e,ea467d0d-ce05-4ac8-9e0e-5cdf89d4d409,False,,0.0,0.0
1f8db396-e42c-461b-a5aa-de3122c8fe90,10ae2dfc-3729-4854-a73e-54e5b119e78c,True,2023-12-02 21:55:21.655569,9416.44,555.26
dc2bdad6-4d09-4aa2-b567-0b8ab279b78d,05aa0cd3-5eb4-4406-8919-d9ff57dfba1d,False,,0.0,0.0
fcc08388-6a83-48db-8077-8942437de911,20a145c8-8962-41dc-8b67-563a9d7362f2,False,,0.0,0.0
291fa43d-8673-4ba9-96b9-680770f6e5cb,60920068-c403-4430-a31a-9c3c0d591303,False,,0.0,0.0
dff2fcfa-8005-4e29-8b24-d7a15582d93e,bab4eb77-959f-4841-ad19-312dde3b5a64,False,,0.0,0.0
8cd2cd22-c534-4765-b2d0-820169ddca3f,23d86a4f-c2e6-4c05-8926-8f85982c7129,False,,0.0,0.0
c2494a7d-78e6-4436-83b7-8564f0de25f7,6b775489-16ca-4742-b0e5-2458e2832379,False,,0.0,0.0
02070bcd-2c6c-4ee6-9f96-0bbda01a144a,6a961ac0-8651-42a6-8fe9-17808b8c6b6e,False,,0.0,0.0
d778d397-a436-4a78-a026-a49b569e4d11,d7f64255-cf97-4ff0-bafd-0718ebced334,False,,0.0,0.0
80571555-aa4b-4e49-aefe-1c9433b0240e,15458478-5865-4721-bc25-7ff18fb30b07,False,,0.0,0.0
f87d1f71-6ced-4a07-bab3-965f8a5ff5b1,d5b5984b-50af-4b53-ac4f-98383b1f3a0d,False,,0.0,0.0
21a098b2-702f-45ba-a2a8-2a76b2b34b3a,a96bc761-3717-4e45-a570-6108fc78090e,False,,0.0,0.0
eb6c4784-3d06-4596-ad1f-af2b1d00fe29,37d9f94a-87e8-43e5-b4ae-6f01bfc3535d,False,,0.0,0.0
b0df6dea-e786-49e9-900c-1cc52e0ba452,e53b7727-b209-41cd-873e-45170b4967db,False,,0.0,0.0
d8db7d69-fd25-4ab2-98d5-73ef0f890976,df40ae0a-e1cb-4d85-b4f1-7153e3b89773,False,,0.0,0.0
cdd87dcb-f4f3-4c5a-959f-520faa0fd0b1,394b5576-f887-4d7d-bb28-b3b18212f5df,False,,0.0,0.0
361e3f14-c28d-4cca-802a-26beda468174,0bb5c276-abe3-47f3-8066-703846dfe43f,False,,0.0,0.0
a1cb6867-4582-4463-b43c-9ab189cc680c,1e521d48-6a49-4f0b-a9cb-31b126ea945e,False,,0.0,0.0
c6cdb18b-64b9-4956-bc60-18d4b3e6e243,13865151-b092-4979-8434-d8b88ffbc222,False,,0.0,0.0
7ff13d33-03bc-4e4f-ae42-ae04bf53d8e9,cb3ada7f-a10d-4623-a046-2998e37f24d7,False,,0.0,0.0
fac94444-68fc-4a37-9d96-c67043533a09,c362f40b-d309-4fc5-acfc-4fb4268c3b15,False,,0.0,0.0
37639920-8c82-472b-9c2e-bd3de405c2f9,b69b8391-e4ee-4f51-9ce8-5b7d0761dc0c,False,,0.0,0.0
95a49919-64ff-44f2-98b5-429357614dd8,c742bbaf-7787-4d52-9d12-bbc65eaae175,False,,0.0,0.0
1cfda10e-397a-4ca1-bd16-b7651d6539d2,1d480843-a339-4f8e-920d-e24a3914dce2,False,,0.0,0.0
f46046dd-6e0e-4201-9f4d-ec14d88714f4,7f12e3cd-b09a-46e3-800d-ec5e1b6046ee,False,,0.0,0.0
3a449b21-84c1-4322-b69e-89aeb48c22a5,f0582911-0499-4aeb-98b6-a5b0c7c22f1b,False,,0.0,0.0
6fc454a3-eb96-46e6-9faa-58e336721a32,2e095630-d7b4-4669-942c-ef0517fc87fd,False,,0.0,0.0
7a03f24e-bb01-40be-852f-f8d8c8b4be8f,4b50045e-fd93-44a1-a5af-12b1d83c575c,False,,0.0,0.0
9482e7da-7d37-438d-9dac-7abea8be1aae,864b789a-cd9b-49fd-a04c-57f62bb47157,False,,0.0,0.0
4d292d1c-d9c6-44e7-8963-fdbe97f94f47,1d480843-a339-4f8e-920d-e24a3914dce2,False,,0.0,0.0
c3265f09-177a-4dd4-8530-e8eb2d36cbc4,a44a0d54-472a-4d93-ac6e-7aa80e81a1fd,False,,0.0,0.0
b354657a-cac1-4db0-a00e-daaf685fdf83,c76e8e04-1b64-4f32-9aa2-88e1609c6c82,True,2024-04-17 00:05:53.258856,16784.62,4845.1
628a1df0-2196-4e9c-aeb0-1ac840c8ed62,372f9fb6-041b-4c79-8014-680432de3097,False,,0.0,0.0
0c646a77-3253-4fd7-a875-83c909e49e08,2da5ba63-d3ff-4631-a2dc-b06c8c85328e,False,,0.0,0.0
5532193b-6a01-41be-8894-1d6959f0e35d,bf733026-9664-4ca5-a460-2d314e9f67a7,False,,0.0,0.0
def1dfed-a79d-4ec6-bbcd-a812b39e55e9,df40fe04-54cd-47b4-967f-017d9aa03078,False,,0.0,0.0
b0a7f1a2-9a31-4994-aafd-cd93baef590c,537356f2-cc9f-47d4-9da0-b6add3bb447f,False,,0.0,0.0
0185bfe6-9b57-44e2-a05b-a42e38bce26d,45bbfb02-f99c-498f-a2d8-d220bd36a04a,False,,0.0,0.0
d7785025-a0c6-48bb-8608-aff120538da7,9696e833-4728-4df6-8532-499e08a43ec0,False,,0.0,0.0
56121833-493f-4c07-becf-dc41348c75ff,68e438e0-5a57-4306-b0dc-80e80aee5a68,False,,0.0,0.0
d833b9ed-815b-460d-8ead-768d036b1d1b,552dad08-c536-40a2-8850-4c6b12cd1aeb,False,,0.0,0.0
f424a3ab-b846-4449-a013-0541f39de894,d0116cb3-8bb7-4cee-95c5-35c928c635ff,False,,0.0,0.0
903e7787-2ba2-4de5-9f8f-890621d3fb5a,82b3158f-7d03-4875-bb3a-ef0a5557bd35,False,,0.0,0.0
57b2a545-5bb6-4d86-ab76-646508a68ea0,eb2873e6-e465-4ed7-a07a-d1d42888c573,False,,0.0,0.0
11c3206a-3657-4046-83a4-ec416e972a5a,13d69792-126f-45ed-8485-e60db86ad0f8,False,,0.0,0.0
2899ab17-66a5-4665-8d29-5041abfb4af7,4bf5cf0e-97a1-42a2-9606-be66a2a2d1a6,False,,0.0,0.0
f8a93325-5103-42ed-a184-ab32f1b3b665,95eb44d9-8459-4302-8d1d-036e0d08da99,False,,0.0,0.0
1ddb85be-d602-4cf4-9e4c-7d639d2c19b1,640445a1-87e7-499b-8600-8f33814671a1,False,,0.0,0.0
2d858a02-6d48-44bf-9543-93d0b59e8192,3efa528c-34b6-49da-87a9-efafb92ab1b7,False,,0.0,0.0
8fbe4a62-26e0-4a4f-93af-6b8602571023,87eb754a-995e-45bd-8465-3d5fa51f4e7c,False,,0.0,0.0
7a69449d-8974-4ced-ada4-0b1fb352841e,477809ce-71f0-4cbe-8b72-8b16d6315151,False,,0.0,0.0
ef641922-55b1-4267-a4f2-badb7053c135,f365185d-eafb-4b2c-b77c-32c24556a328,False,,0.0,0.0
b3fa3625-ba3e-4000-8b15-1d19b128c14e,65108b6f-aedb-4272-8ef2-6cacca32c1eb,False,,0.0,0.0
4809b102-8d56-4253-95a7-22f0fb85595c,1b2aa4e4-c0e3-44e7-9b2d-f807fd225cba,False,,0.0,0.0
5cf45abe-8a23-4731-a195-8dce8b6a7e07,c9425b82-0c20-4760-814f-5b9f82a54c56,True,2022-11-13 23:58:49.322557,6941.95,342.32
a048b7e1-a31b-448f-a869-80c9445b2d9a,40b1fb20-d9eb-4495-9d7e-cb5f2b4786c5,False,,0.0,0.0
5236b577-47da-4612-8a27-b2a3129fff23,a754251d-04fe-42e3-a98a-470cb894550a,False,,0.0,0.0
3d9c0e0d-7df0-4295-9522-04b001c4455a,a7641ff1-ce8a-4e7f-be99-919ec696e772,False,,0.0,0.0
44aa0af2-cf31-4f78-9adc-b965fdd4ab76,6c905f13-ba7e-4b51-9892-e71aab87aea4,False,,0.0,0.0
57c5626a-fa20-4f39-b3a4-3ffb585d0512,49861a4a-0025-43ed-a2ca-9f04609eee72,False,,0.0,0.0
5f5669bb-074c-4704-aaa7-2d4a24af85d1,5f9094ca-e18e-463b-8d57-aef54aecb057,False,,0.0,0.0
d941c788-705a-4356-9c55-76bfa14d6c83,b1768686-d31e-46c4-b4b0-258bcad2b7c2,False,,0.0,0.0
86f6d7b1-6ddb-4228-8704-99a6749e6eea,14f32e9b-d497-4ff6-bd35-960301903474,False,,0.0,0.0
c8f9e3db-f30e-4fbf-a6e8-d03309fd2847,565f8687-3df0-4dc0-92e8-4094e19d768c,False,,0.0,0.0
a4dbab4c-ef88-4415-9ccd-046a8dc20a66,db872c8f-0551-4102-b6ef-66e43e61d359,True,2025-11-27 04:33:34.776023,22033.55,9439.43
0e267b65-2b04-421a-a7e5-abae46310fab,28c2783d-c138-498b-9c88-da6ee551da7a,False,,0.0,0.0
2311a044-475b-4cd7-af1f-addb4c71e6b7,4d315b7c-c273-473b-b9bf-cccad336a508,False,,0.0,0.0
cd5844eb-ffd6-495c-b5e5-a6d3bb27a271,f60249b5-2637-4ce4-8049-f6b8f7d86a56,False,,0.0,0.0
47ccb659-5920-4c0d-9f61-0a41eeeeed22,aed65001-b46d-4853-9126-ed1711958966,False,,0.0,0.0
35de9737-93e9-49ef-8cb3-83ae3dab1bfb,33d3958a-3b74-4fd2-8a2d-6f038f464f34,False,,0.0,0.0
bdca9d70-f375-4255-a238-de6df58ef1c1,3c1d10be-3025-47f7-9f3a-d6e8f6939800,False,,0.0,0.0
441b96bc-91f8-4275-8817-fbe6fd71c066,094a8492-d88d-41dd-b21a-3244cf6579ec,False,,0.0,0.0
afb61ea4-ba7f-426d-9178-f155245ce778,77ec2100-ec28-417a-92ec-c3bd16757d7e,False,,0.0,0.0
59233e3f-317a-4574-9aac-5678048e4dec,12a94f75-d243-4439-8be7-df76713a9af7,False,,0.0,0.0
a932df6e-67a4-4e42-8282-20e5c5ca7698,77ec2100-ec28-417a-92ec-c3bd16757d7e,False,,0.0,0.0
e47356bf-3cda-4f04-8f75-b219f2cd5da3,e119e331-0538-4bfd-81fd-1281861c2a6f,False,,0.0,0.0
6fd1c44b-775e-4d60-bf90-f680d0863cf6,734bda19-c991-46cc-94a6-368b71d60744,False,,0.0,0.0
af314385-790e-44f0-850b-6e30ccb1c03b,e0b641d0-4345-429c-9655-8df410af54cc,False,,0.0,0.0
1d4a5b93-44b3-483a-aa5d-35118e3a54fd,9f6f4967-be87-4c4f-a0af-9f67ea4a973e,False,,0.0,0.0
e83238ad-2cc5-4a20-83aa-37bcba84dbf5,b69b8391-e4ee-4f51-9ce8-5b7d0761dc0c,False,,0.0,0.0
60b8865d-6fbd-421e-b793-0098b1a045c6,2d1b143e-1da6-436d-acc3-f8aaa9943d14,False,,0.0,0.0
dd05aa58-79c1-4534-bc14-71296b75b47a,1122e28f-6c18-4b52-b3b9-66e28eaa0112,False,,0.0,0.0
5f1638b9-ec66-4009-9fb9-69db92d95d0c,3cd68ac3-5665-4d0b-8ac2-9f1dc72c3764,False,,0.0,0.0
573b865f-6d5e-4fae-b5ca-dcb2cfb460b3,f3098246-33ca-423f-b301-13f042bffd8b,False,,0.0,0.0
027aaa21-e85c-4362-8860-231f133d6671,aad74fe0-5f48-487e-a0e6-60c2b477caf7,False,,0.0,0.0
d42348d4-c1f2-4834-85d2-d6cbf0fc2978,c6642ca9-10fa-42fc-a9b2-a838edac4484,False,,0.0,0.0
e722ec87-99c7-4fa9-b47e-e95c494f7164,dcaeedcd-67d7-4873-8f7b-524587aa2080,False,,0.0,0.0
7b98d0a8-1129-4431-bb7e-2edf541c7ccd,c1f6afec-a15e-4655-a276-db301adecee4,False,,0.0,0.0
fff938e2-a6db-4aea-8f25-fb7990ca0a5d,c17c2577-3de8-4a53-8e7a-7311f33a72c8,False,,0.0,0.0
7a8639c9-1ea3-427c-b5c7-f8536ce0b7d3,cf674365-a4c1-4966-a682-c0fb159e9c9f,False,,0.0,0.0
eaf88fe2-73ab-408d-9e56-41a6a77dfbea,b944e469-2ef6-4152-bbc2-ede622758233,False,,0.0,0.0
476cae83-abc5-4fbb-bc6c-f4ce5a4aa212,a5fb9e9a-4ab7-45e0-b814-af2e81e26ceb,False,,0.0,0.0
f716e2ba-a843-48d6-8153-d41dcfe6833d,4acafd79-ec60-4353-b12d-2edce6b03b0d,False,,0.0,0.0
843cbecf-622d-4157-8c1e-f821327857bf,88bbc5bb-64d3-4090-98d0-fc616cb2170b,False,,0.0,0.0
b76ce5d7-feee-46ab-918c-d830ca668c50,8257909d-5e3c-4f18-a1b3-9d6494e2a33d,False,,0.0,0.0
2b045a45-2d1e-47a0-9f91-fc7f7288f188,950097ce-28bc-4d51-b1e4-53e6dc50522d,False,,0.0,0.0
b478a0a6-d870-40f2-8c39-4cdfc009cf1e,0e0f2704-5265-472a-96e5-b746245c92cb,False,,0.0,0.0
104c33c2-8574-4555-bddc-031f2124c8ca,9d47172c-ab01-4101-bb32-aadb1f41c851,False,,0.0,0.0
ef62029c-e18c-4155-9402-f336d1dfd2c0,6c262577-66d6-489e-ab91-e501f5bd62cd,False,,0.0,0.0
a5a5aa58-2e2f-4442-a2f4-9518d018721d,379f0075-ba72-486e-b79a-0c86c986b3e4,False,,0.0,0.0
4f37cbd9-7c5f-44dc-8f5c-b32b91c5f8e2,3082d7e6-e6ac-4778-97b6-e0a34730b04b,False,,0.0,0.0
83275bef-de89-4f0f-bf9e-de6d2ac9f6c5,473bccd4-84e6-478f-ae37-b72135ef2b60,False,,0.0,0.0
7374f6f8-83b6-4f65-adb1-bac57e639253,7fc4bd3f-84c0-4bed-9732-bacd8090661f,False,,0.0,0.0
742c4c4e-a66d-4071-a570-ad33a13a1e6c,9f6e292a-bd6a-4ee8-991c-2be69e2189db,False,,0.0,0.0
1215f1aa-3410-4017-8bc6-a59838e36713,8e47fb7d-8a7f-426e-b585-f440c3a98532,False,,0.0,0.0
4de7bef2-7a28-4efc-9bf6-abed9d01bdec,2fb1eb40-4f26-4edb-90d2-8a3220c6270a,False,,0.0,0.0
57f6cd7e-de21-4708-acd5-fd186168dd0b,8716f0b3-9619-4356-bcf8-d6f86cf322ab,False,,0.0,0.0
f10a6500-fdde-4e6c-a84f-1bac90784274,3e372c8d-8a13-4d8d-9292-4079dfee84b1,False,,0.0,0.0
e27cfdd3-fe94-4145-b33b-6fd54583adf3,411feb55-410c-4e46-8762-fc232c189303,False,,0.0,0.0
fd12da14-234b-4530-bac9-8b6868bc92d2,f91070e0-2cce-4cce-a994-a2ca7738381c,False,,0.0,0.0
67142069-d4f8-4961-b9d4-ce618ae4ac5f,096b9227-27bc-4004-b407-2f12261292e0,False,,0.0,0.0
c6ee3f35-889b-460a-b2f9-6a4dfe7ef1ed,3918d757-1b62-4489-b94e-52be346b544c,False,,0.0,0.0
30d3406e-35a9-4e4b-ae44-f5eeb1159646,4bae2c00-eb3f-4202-8579-609a3b1dfabe,False,,0.0,0.0
735f5da8-f5bf-4639-bf0d-e79753e6329d,f4f7bfdc-5d96-4459-8a3c-8743a80824f2,False,,0.0,0.0
0148ae63-9c46-4d05-9bdf-27b80e4de67e,8971b1bb-992b-4a0e-8a85-7fe44014c0f8,False,,0.0,0.0
0ad8d842-3fd7-4e7f-a732-1180f4d06f2a,3e4c23fb-1f0b-4094-997c-e0cf50ad9cd5,False,,0.0,0.0
a4efd170-73b1-4557-bb95-429266ad7c7b,df683491-baf9-4a9d-acbc-63edd1ddd3e6,False,,0.0,0.0
0b39661e-cf91-4d26-963a-457a85964722,33c25e62-7960-4810-ba37-298924290112,False,,0.0,0.0
1b5f41f1-ff1c-4154-9581-fb4fa288de3c,56784633-1429-4f31-b9b3-c0eefaf2be80,False,,0.0,0.0
0da90e48-17d9-43cf-a840-bff7cdef5ced,13d69792-126f-45ed-8485-e60db86ad0f8,True,2023-08-29 16:29:40.352516,3889.97,447.67
e7cd01eb-75ee-4866-a84d-ad71ef4e593b,4a9b0dc7-97e7-4b55-846f-c2131b87a428,False,,0.0,0.0
ac6ebfd3-4aa3-4abd-90a8-38ad36dc8975,39ef20ea-120e-4c83-99b4-4b98d5969658,False,,0.0,0.0
2778150a-d6cd-40d1-9e3b-469fa08820f3,1eca80e9-68bd-47aa-9666-600eeb0f61a4,False,,0.0,0.0
d99f213c-7546-427f-aeff-3f35e6299e18,23e8bb05-05ec-447e-aec4-32d0bf660225,False,,0.0,0.0
4ad412b2-504b-4a43-b05f-c9e502635710,72737998-34d2-44cd-9763-2be71b61508e,False,,0.0,0.0
e8c9eebc-606e-4ff4-bdbc-3bc45d1de4f1,63ce0666-4b78-4b1f-a68a-84572b924e09,False,,0.0,0.0
c65db938-0f45-487b-99a4-5afe71b29a17,5f9094ca-e18e-463b-8d57-aef54aecb057,False,,0.0,0.0
252de9e6-c4a7-4fdc-b24d-86336d4ec136,e489149f-6e5c-4ae7-be52-c22ca2070bf3,False,,0.0,0.0
60cad253-7338-4200-9411-a158763dd8e4,6cacf6d9-c8bc-4c88-be60-0c12da8746db,True,2022-08-08 17:43:39.272048,3254.21,2127.96
cdd0201a-58e5-4ef2-9b29-72e2823592ac,b7900752-7bfd-4c74-a441-e11e3ee1db8e,False,,0.0,0.0
6bf080ee-cb88-45c8-aea4-e89551366a7e,c2b8efc0-d76a-44da-8fbd-b62246c9ae33,False,,0.0,0.0
1ee710be-eeab-4bfd-b904-54bbde0cad49,88516447-6e5b-4598-a8f0-e3e02f369832,False,,0.0,0.0
13d1789a-f9e9-4d36-8ae7-e9119aad380b,3ccb9897-cadb-41c4-a00d-1e18aeadc03f,False,,0.0,0.0
fcfea716-4421-447a-8aec-12dd9327ccab,b5b25ed1-af1b-4316-ba0e-681bbd5db7a4,False,,0.0,0.0
44283725-9b2d-4e4d-b451-56781688ece0,ce908ee8-f657-49b2-a1de-ebef80b6d44f,False,,0.0,0.0
2c828c84-343f-47bc-984b-3eeaf15eff84,56b243cd-da26-4c89-a4b5-6f4e08335cee,False,,0.0,0.0
a52a4a03-13a3-4b04-b7f6-524bd202e8b9,7f527025-b3ed-4b04-a307-840278e6e25e,False,,0.0,0.0
052aaf17-7865-4429-b491-89785e1b76d9,f0a30219-c321-4788-8173-c12e6ac89d70,False,,0.0,0.0
62ffed8a-feca-4791-b811-ebe1714adf27,8fa50e32-4137-4168-af2e-cdc9673c984b,False,,0.0,0.0
19425b1d-dcd3-4d3d-8b8e-ddc3deffe4a5,e37fb2dd-2f8a-48e5-86bc-b0d00415052c,False,,0.0,0.0
8f24d5bf-a3d2-4fad-b5b0-bba04113dbd0,5e4908c8-290a-42d2-87f9-ee879f35e95d,False,,0.0,0.0
7a8eabaa-3edf-41bc-a8a4-e2f50bf9f850,f51ed666-6e4a-4daa-ba42-87f37e3f1d45,False,,0.0,0.0
b1ae4a09-1f4c-4d84-81e8-ce7f24b1bb2f,cb53e1ae-daed-41e5-929a-3babd08e6441,False,,0.0,0.0
2f003cb1-5a79-4401-ad13-bc854940144b,c362f40b-d309-4fc5-acfc-4fb4268c3b15,False,,0.0,0.0
cad75255-4ea4-457a-8b8d-88014c049e0f,73a44f97-e6fa-403b-ac85-ef207db8aa1c,False,,0.0,0.0
976a6db2-ee84-4c40-b134-cbbdae23c852,49e785c7-cbd8-415e-ae98-b722cf97b016,False,,0.0,0.0
8cfff66b-c048-4ef9-8d87-cb777fb511dc,c5404be9-e6d5-4568-b695-6a3815280e7c,False,,0.0,0.0
b4df12c1-ebe9-4a6e-86ed-6daa658f2492,022f8a47-04d4-45db-a3d3-997fd4066625,False,,0.0,0.0
74d0183d-a63f-46d0-9f3e-08b4c6c62c14,fa75b5fc-7921-40b3-aa0a-8302276f8e0d,False,,0.0,0.0
864e23ad-ade8-4002-b9ee-9ae02027afe5,ae1c64c6-9efd-49e9-a1dd-2f7f00c976e5,False,,0.0,0.0
022f423d-d9db-45e9-8183-02b177439bb6,ba52dbf2-f551-4cd0-b278-0c3be412b716,False,,0.0,0.0
36d06160-ed80-4b35-84fc-4dbf9f59541a,c391a132-8626-49ab-818b-6aa27016f6ad,False,,0.0,0.0
e22baf4c-85a2-46fa-b554-8d9fa551325b,ef252aa8-44a9-444f-a10e-193140686515,False,,0.0,0.0
e81690f8-f795-4e55-9d00-144b032dc1b3,7c781b98-9f32-4d3e-b358-206db49bc1ef,False,,0.0,0.0
cb9a5ea5-9378-4140-bd97-e6fb913e252a,34460c61-1bf1-47e1-97f1-33972905fe7d,False,,0.0,0.0
f7516c55-d961-45b4-a560-a5877c4b627c,aeb4eb8e-dd23-4782-927a-1a33f5110f36,False,,0.0,0.0
6ea755cf-d0ed-429a-8e71-3743521ec1bd,37f15695-ef67-486a-b93a-502f7a1e827a,False,,0.0,0.0
cf307a78-3b3d-42f6-9769-e7cb61c4b313,cfcae6b9-75a8-41d7-ab5e-ebe91478e20e,False,,0.0,0.0
67ec549a-15f1-4f9d-ad98-44fdf4c4c66e,f5239f95-6ac6-4272-8875-7d0612037b06,False,,0.0,0.0
caa8d83f-36e7-44d6-b39f-60f936c45223,7d058c07-01b4-4dfc-b1f4-36eacc8abd69,False,,0.0,0.0
59b20733-cad7-478f-8d1b-f4faf4542350,79cdc59e-7700-4b66-96c6-5adb028dd025,False,,0.0,0.0
c7395905-b618-4515-be78-3dc2ad988395,d4961e60-2daf-43de-84cc-98eb803f8f00,False,,0.0,0.0
fedd614d-d90b-49b4-8faa-b5e449fc2ecb,0c485217-5d54-4496-a1a6-51c5faaa53fc,False,,0.0,0.0
10d72afc-4d72-4ca7-ab53-ef902f6a5494,1eac66fe-fc30-477c-8f58-ed08f5b917b1,False,,0.0,0.0
56083176-fce7-4f7a-b37b-5bf7f0e6d97c,305c5d6f-0997-4b9a-9fdb-482df69d1805,False,,0.0,0.0
4e0be79b-872b-4ccc-b02d-b1494c831018,7ec469d8-6c97-44c0-a2b0-505509fff6ab,False,,0.0,0.0
a6ee86bb-8fd8-48aa-b39d-95dc5ecb9eac,5dc228d3-ab91-4d71-ba0d-24f5cff54357,False,,0.0,0.0
c1a4ede8-7059-4904-b400-406cdd6d060e,d7b798ec-fd2e-43ed-8b17-74d44cda028a,False,,0.0,0.0
055a828a-256f-4fd4-ae0d-94906895a332,a48687d4-cb29-4e19-9694-a5279720b88f,False,,0.0,0.0
7784555a-3b83-4528-b11d-676812747cf1,5ff3fbbf-6880-434f-8ac5-a4c6c393f806,False,,0.0,0.0
052118b3-9912-44e7-bbc4-b5984b75b3bb,aadbb2fc-9331-453d-9b36-84b41b13a85f,False,,0.0,0.0
311e73be-20d2-4e97-bedf-026045308655,518ba376-d76a-4c03-b534-f5214d564ca1,False,,0.0,0.0
511d0aed-4346-41f3-96d1-5e14d2a2ec28,65e92e49-b26c-4876-98fa-e8c71d10b6f6,False,,0.0,0.0
040b4890-3861-409a-8bf1-ea1516929223,1806699f-b1ac-41dd-b303-343c300b6e7b,False,,0.0,0.0
2e073463-9f3a-458d-8269-c6d19b0b0e9e,d5963842-567e-4c74-bd92-232a4fbb831a,False,,0.0,0.0
18838a1f-ba9a-41c8-b9d6-c9ad606633b6,648e85eb-d1c1-42db-a82a-113285eb4279,False,,0.0,0.0
3572b0ac-f3f4-4ebc-901c-109989d14308,83bccfa8-f019-49d0-bc72-873246e53c29,False,,0.0,0.0
86487207-fc56-46f8-967f-76868cd630a4,720f2288-0760-4502-b39f-51c3490ec6f3,False,,0.0,0.0
3d8761d5-84e8-4e2a-a232-8bf5b5120346,fcea545a-c066-48e4-b013-b8e468729600,False,,0.0,0.0
06b6398e-71fe-49de-82de-22f0500fb6b9,c82d4afa-95be-4ff6-b4ae-5a44cd7b6acd,False,,0.0,0.0
e3782e9b-781a-4f8d-858e-0d9e3d0426ba,7bf18cf4-a740-4142-9cbf-7ee6ea258d83,False,,0.0,0.0
5e485d78-5efb-49fb-8e3f-2f68ecd278dd,3955b110-fc2e-4301-9232-231d8dd7b77d,False,,0.0,0.0
6cb98e22-5e84-4f8b-bdfb-eeda918412c6,97e4e173-9d63-4da6-a29d-c0737a7b029b,False,,0.0,0.0
d8bd054a-3bc4-4959-a345-23b1963faacb,139c4fd6-c49a-4d85-a906-612085b059fe,False,,0.0,0.0
e09ac754-9bb4-4b23-8fd0-677cb2dabd18,ff75659e-4f3a-4530-89ed-6369ee869beb,False,,0.0,0.0
29c41bd9-88f5-45c4-8dce-203fb82e268b,a8c1fb64-39bd-43ed-a481-2414f139dc4b,False,,0.0,0.0
d82a56fb-55b4-4291-ae32-a733a279a47a,2663afff-87b0-4378-866b-9910841169cd,False,,0.0,0.0
2a97a8a3-a7d3-4105-b29a-c7c5caa7a028,112458e5-e7ae-468b-83a1-dcf0495efe40,False,,0.0,0.0
118467e3-f11b-4797-86dd-0876f8e64ad7,40fea948-d2d9-4f36-8de4-4f3a06633c73,False,,0.0,0.0
d8dcaf43-f437-4ecf-abcb-9f983693727f,10fab909-fcfa-4e61-ab7d-71bc17956e87,False,,0.0,0.0
c036d921-1de1-4404-b3a9-1c02a372453b,fdff67de-6a63-4d5b-9398-ba020141f1ae,False,,0.0,0.0
d6ca4c3b-0682-4bdf-9153-91dc7141b6cb,197634e5-054b-4fbb-bad8-66baf252f8f9,False,,0.0,0.0
2292e157-70a6-45b5-ad64-1a98dbc439fb,9174b136-8c0b-4c3f-ad4a-125926d24d46,False,,0.0,0.0
7c1c433a-995b-4f37-b3b5-b214a9151e9a,53921935-d6f8-494c-b9fa-35e6c98afa08,False,,0.0,0.0
65e59006-6d6f-4d1c-8731-c8bebb84e589,5497062b-a683-4a72-a6f6-ed64bd2af2c4,True,2024-03-28 19:34:00.497230,11360.49,5463.41
6b93cdf7-ffb0-45f3-ba2e-d4f548904591,51ffdef6-b660-4a31-b8b8-9fc4e47172b1,False,,0.0,0.0
d49768e4-223f-47a3-92a5-55d51f09323b,df61dbe1-b714-4c44-91b2-152483c38648,False,,0.0,0.0
23b8900c-aeca-4e6a-ae0a-49ffb304e6e0,c3b5b2bd-1eec-4d0d-b5a8-edd7c9b49d09,False,,0.0,0.0
7bf04492-370c-4fb4-8cec-7af1ba61ca2b,cae322c3-6896-457b-b7e1-1681fe84f0fe,False,,0.0,0.0
d34caf69-2b16-4687-af1c-cca784f34561,b87189e1-9e5b-4abf-8478-608888c62a79,False,,0.0,0.0
6f85c00f-36d4-415a-97a9-991c50decb32,74e5418d-baa3-40fa-8743-8e60cd4901c9,False,,0.0,0.0
2297bffa-02fd-47a3-8fa1-86d4fba0b3d7,84c2f2c4-efb0-4e3b-acb5-0ab92c23b779,False,,0.0,0.0
95315899-dcba-4df8-9148-b4683cd7d089,966925ed-9c0e-4e5e-8d7b-03695769993c,False,,0.0,0.0
aa08d273-6f9d-4318-9d32-f2b5e85bffbb,c1b156bd-fa2b-4df7-9c89-4d3970a6b5fc,False,,0.0,0.0
58fd2fbb-fa09-4061-8b41-f6649f28f73e,7cd5babe-d0e9-4e5d-8220-f0b6c5035b6c,False,,0.0,0.0
bff47232-ab64-4c14-b398-d2926816cdc7,26a97770-7983-4fc0-8eda-75d9bc41c770,True,2025-03-11 22:52:09.227351,54404.24,35876.8
2c64f137-dd48-4eee-8f7c-574fe1e67a0a,2310c9fb-0d5c-4547-b847-91e0e55d32af,False,,0.0,0.0
31432d16-8173-48ad-b296-4989d5ddc91d,5492112f-259d-437f-bf8a-16b8919a5591,False,,0.0,0.0
08024794-5c35-4413-ac47-278e0be8007b,71e007b0-bb6a-4647-ad2f-458d9237e145,False,,0.0,0.0
54aef584-eb2c-45bc-82dc-f9879cd1cf21,25c298e5-fb34-41dd-a71f-a59b8730130c,False,,0.0,0.0
6074af23-9bfb-47d1-8f98-a81233de3732,cac6a853-6943-4ab7-8ec7-5bdc6094d74c,False,,0.0,0.0
fde48a08-15e9-49de-a4f1-05aa34dcc23e,61b862b2-181d-40f9-b0d3-ce6fb437e204,False,,0.0,0.0
d1390188-d766-4e7f-a8e7-56ed9b204229,683c3806-c12a-4c55-8072-8ad4002072c6,False,,0.0,0.0
01d97198-93cd-4f25-aa3d-397871bbef61,c53a8da2-2f2f-4254-a22f-3da5dab2a215,False,,0.0,0.0
3fd80b96-be90-4416-b7a4-ac130aa715c5,7f3dcbf9-a0a5-4b74-aed5-a161ebfce2d6,False,,0.0,0.0
7643043b-c54c-43e7-a2b8-4304baf00738,1dadd807-16d8-4599-ac66-69e6befb3cb8,False,,0.0,0.0
49321d69-36df-402d-a6a1-1afb34be7a17,6b2e258e-afc6-4d34-9dbe-fabd8c881f36,False,,0.0,0.0
1499582a-870b-420f-9ef5-51ca7f54b6c6,076c1833-ca50-4117-95f9-6dfa933ac61c,False,,0.0,0.0
50f00834-cfdc-463d-8432-9a3f3e3cbea0,6001e75d-b872-4503-94f1-211050b57397,False,,0.0,0.0
26d10ce8-f70c-48e4-a976-2c9226da7c52,c96782fb-c417-4ebd-820c-be742e07a11f,False,,0.0,0.0
af788111-db23-4189-b1c8-47fd99577958,06e2ac94-9620-4553-b860-b58fbd8cc32e,True,2022-07-20 07:04:34.017540,4382.82,3128.89
59bbf62f-15ec-460f-a43e-dd4efd455cc5,27aedaae-8c48-43f4-bef3-89ba0a7016c8,False,,0.0,0.0
b376a95a-1f7c-493d-9ef9-cca47f06269e,358fb73f-b0bd-414f-84a5-24d9016d26d9,False,,0.0,0.0
06d0d327-83d7-4dbd-ba0a-1c2c3db6fdb9,e988a44d-b9ca-4928-9e2d-22f6080fc9b3,False,,0.0,0.0
0fa386c1-d45f-4475-adfb-781b46f6148c,294a8a71-bf7c-4627-b25b-7c88efadd4b5,False,,0.0,0.0
4130e104-4e1e-4f48-bc55-dfa58f503974,05b08ce0-d09f-4fc4-b9e8-2ba53ecbc10b,False,,0.0,0.0
9151344e-83a0-44fa-b601-12f0409498f4,bce4d414-a7ff-4051-ae8b-3239311d3751,False,,0.0,0.0
d81572ae-b85d-4e63-a959-a07899f276f5,dcc8c801-8c57-4243-b69f-ce1ae67d9f00,False,,0.0,0.0
0f71a44e-996c-4651-b638-ad67156b5215,ef6739d2-6c82-4a41-b0d5-69ed4684ac73,False,,0.0,0.0
9312c58a-5852-4a43-bc60-a2756655afcc,8da4f916-6fa8-4369-b3db-49d04e998b76,False,,0.0,0.0
0bff6585-cb92-4d79-8e59-d88d1b8ed3ac,b75c3825-1c0f-487f-ab01-bba74b814a84,False,,0.0,0.0
8ad3a775-6366-4f74-b457-47ba63741774,480a202f-1cde-4b69-b8fb-04f3cbbc04a3,False,,0.0,0.0
f5c98687-4bcd-41be-8a45-bd991c7bfcc0,1836a027-2050-4d45-8b16-f0a7f6fa16a1,False,,0.0,0.0
270c2605-af20-427d-9d49-64c0f647fbf6,53d2f38a-ed34-4d55-b673-f569a9305695,False,,0.0,0.0
66b9962a-a15c-466b-b24a-8855c1de1232,2f592f3e-1bbd-4513-b0bc-76c4e3fa6893,False,,0.0,0.0
7198ec1e-0b81-46e0-abaf-c57352335a01,2ab05af8-87e7-49e2-bf46-d9d3f2794e8b,False,,0.0,0.0
1d9dd93c-2be5-4919-86a7-5be349317686,64dd4384-b34f-41ca-bbde-c3f462171534,False,,0.0,0.0
8bb7a1ea-695a-48e7-a2b7-9929b9c25a42,d5b26840-f4b3-493f-8b38-2c494853338d,False,,0.0,0.0
b42b1456-4c75-4ccb-bdb1-886c8cb3c7fe,a2ded1de-c302-40d5-a214-5243f5d23fc6,False,,0.0,0.0
e796b092-9410-4f17-8bf2-926e418dbdf7,2fad3d7e-a4bf-4846-a60a-3bdb002ae6c6,False,,0.0,0.0
7a81a33d-e812-4379-ab13-7ae614c31531,c2cb0bc7-f032-4337-a10d-27dcbf153b90,False,,0.0,0.0
519a92ca-db49-4aeb-b119-84df1fb0c3cb,972a355c-fe5e-4b1c-875b-2fe1e3bbeeb7,False,,0.0,0.0
696f6b47-3e27-4ff9-9316-578727db26fa,4258828b-a23e-489b-8367-70b21a3a1233,False,,0.0,0.0
77bd5ab8-afea-440e-8d65-d6bdf867ca0a,944af6a6-83c1-4496-999a-2509203201a2,False,,0.0,0.0
e98b9a68-a53c-4ede-bffa-583a37034ac7,80ef2ccf-8999-4812-9616-76fcbb1ffaf4,False,,0.0,0.0
6ce27931-a3b0-47dd-949e-4c211f25428d,20141450-ae22-45bb-b1c3-6cb3445dc624,False,,0.0,0.0
52c9706e-db2f-48f9-980a-d47bf6872a83,1706c3cd-da44-4dee-94dd-bff40d81339d,False,,0.0,0.0
eff86354-6951-4ba6-a6b2-22c852983dcb,73a44f97-e6fa-403b-ac85-ef207db8aa1c,False,,0.0,0.0
7b385193-2319-41dd-9be0-5eeacce6f787,3fd6f99e-ea03-486f-97d6-6988013319d1,False,,0.0,0.0
5d1ea52a-4670-4b96-a4d0-a0d9d477af6f,aa1c5dca-f0c7-415e-83a0-b96b842ee348,False,,0.0,0.0
cbe33ebc-3d87-43af-a47e-94aa0bc1b6b6,198493ce-33e1-46f7-b57a-d70346281fb8,False,,0.0,0.0
8c5ddf04-4a90-4d74-baa9-f6b56f0a6f88,b481acde-eeaf-4b56-99b6-5b6b6ef1d60c,False,,0.0,0.0
1c43d2d8-4911-43d6-b2aa-c2aa196ed307,0b1f7526-a690-43d0-9850-147b62b97bbf,False,,0.0,0.0
80edf782-6d5b-45c9-ba86-f82138204eb6,f001e73c-f5eb-47f9-8f52-3f8a905cbe00,False,,0.0,0.0
0e35cdf6-4f62-4951-ae81-4913fd76b3c7,c8880b2c-651e-4bd2-a99e-9370ede40cf0,False,,0.0,0.0
15d570d6-774e-41e2-ad18-6eec812e7a2f,e6ef3a0b-dd1e-4932-b5cd-dc34920ee451,True,2023-02-07 05:01:02.557407,552.98,300.69
3a7841e1-ef3a-4e82-ad15-ed3556130fc9,00af085d-2b08-4fcd-b595-1ffd793130ce,False,,0.0,0.0
8e064ea1-435e-4033-8ed8-95aaaaa37761,0d97bade-647a-46e9-9a2d-0d7abac432f8,False,,0.0,0.0
ddf96f8c-2fc8-4d4a-a717-110a2a6124c4,1db60efe-740a-48ad-8545-448dad2aa94b,False,,0.0,0.0
8d0d9ff1-14ac-46aa-82ca-112463ccef88,bf2d57e1-30f0-4f6b-973a-905867d1cb6f,False,,0.0,0.0
964dd2f2-c586-4369-9c59-c8d3efbb8a95,4d315b7c-c273-473b-b9bf-cccad336a508,False,,0.0,0.0
d50f1b54-33a2-4404-95ee-c301c141f15c,a18af1fd-615a-4341-9d06-5ae84358ce3f,False,,0.0,0.0
fa2ccd2b-dca9-4ff2-abc3-e2ebebf068ba,8bc15738-ff1b-46a0-a8ec-b6a17233bf8c,False,,0.0,0.0
dd73fdb9-e311-4807-9338-bd4d087a59af,dd53abe1-2b2f-4082-b613-aed3b9da42b4,False,,0.0,0.0
84caa0be-8106-4db9-9480-d9e513819805,aeeb5608-b2ed-403d-9641-aee399d81764,False,,0.0,0.0
1b79afe7-3422-4026-a020-8330d5cd72b4,f84a9bca-2ab7-413d-899b-316743b6c14b,False,,0.0,0.0
0b726a6c-a52b-4a1d-8422-5a166388f6bb,63ce0666-4b78-4b1f-a68a-84572b924e09,False,,0.0,0.0
fab2c759-6048-424d-9ae7-98aa7e5a59c3,ac58d464-eb16-4eb0-8434-917090f43724,False,,0.0,0.0
bc3b3774-9ca5-4148-bb84-c2cc7340a1fc,ca7d60a1-d6f3-4b49-a168-2935b8b91656,False,,0.0,0.0
0079fbb6-c04a-4cdf-9732-8c590013dbbc,f3098246-33ca-423f-b301-13f042bffd8b,False,,0.0,0.0
240b35d4-773c-4448-af4b-3c66e8982f7b,cff716ad-b85f-40e5-ab1a-a0c576990442,False,,0.0,0.0
2904f222-5adc-43d5-8b71-98dabc07d763,883d9b03-de04-4086-83a2-9acd4cb50736,False,,0.0,0.0
9b5afe28-39fe-4ab7-840c-88a549f6ea7f,d685b08b-61aa-489d-8a7d-1de0fceae86b,False,,0.0,0.0
089fafe2-a3aa-4c70-8462-ee4697bbbadc,fe9d21c3-c5e9-4866-bbbb-dbd132d48c82,False,,0.0,0.0
84a1d6b2-89ea-4dc4-a1f7-c62843cec1f3,f5f5431f-4f40-46ed-9aa5-d4e236c077aa,False,,0.0,0.0
9e36b433-105c-42ce-b31d-e2b5a9042e86,4aeeccef-871c-4a58-9334-dce93145d4c5,False,,0.0,0.0
e0469dd3-0bda-40ea-bb75-42f5dc262456,6e06f176-d140-4967-8d53-48d15b15674d,True,2026-07-09 07:04:06.643589,6792.43,746.44
abe61362-15ff-4fd9-861b-7be898fe450d,a2807710-32d5-4d87-a1bd-1db7485873c1,False,,0.0,0.0
2ed03add-73f2-49b6-9e24-4fc108dd1f00,101c778c-a1a1-41b4-9dca-34888459f41e,False,,0.0,0.0
c1a1df61-7d4f-4755-8921-cec04c8d0944,3a25be44-db98-4cde-be7b-15a3eefdf1cf,False,,0.0,0.0
591c3d4d-1215-4604-8197-1540b1dd6f56,5fd24b9a-a527-4af5-bbd6-df9b36430f4d,False,,0.0,0.0
0609f59d-b72d-452c-b39c-3dae011dccc2,c8347776-04ca-43d1-b506-e337683d21a9,False,,0.0,0.0
d436da7b-55e7-4444-a1e9-65159207a45b,9c137f71-7a77-44de-86a1-c1ef2459bf96,False,,0.0,0.0
279acebb-9ed2-44d0-8420-7d2c05b32311,48acdcf8-f92d-4dcd-805a-fd9405fe16de,False,,0.0,0.0
f9695aa5-4902-4636-a3ab-ece5fd1a96c9,7161c888-32c5-4d76-b70e-bb11affee02e,False,,0.0,0.0
51f02d80-2120-4acf-ade5-a837723dcc38,6f35fae2-c082-4f39-977a-e5a180b6068f,False,,0.0,0.0
a7be0213-f364-4102-89fb-40a6244ebc01,c37180d4-91e6-40dd-972a-bf118f415cf0,False,,0.0,0.0
eef8b1f8-b600-436f-b21f-344fe2b4e9bd,e4529643-2a67-4ce3-9c0f-37d575a239b1,False,,0.0,0.0
ced32042-666a-47ca-a844-0a1a564bf5b3,dfcc8eb4-bfbe-4892-a3ce-37db7cb8b49d,False,,0.0,0.0
c8ba0e07-e337-481f-b877-8246c105c1b5,34460c61-1bf1-47e1-97f1-33972905fe7d,False,,0.0,0.0
6155c82f-81a5-43a6-9ceb-ebd02aaab0a3,7e83e815-9375-4195-a5fd-72f4fbb61ff7,False,,0.0,0.0
1242ebaf-382c-4a3b-b675-5b0a7c849374,7e02c8c1-e7c2-4aa7-a460-fdd72cedc1f9,False,,0.0,0.0
25114c8a-900b-456e-bc52-a6d98da53f83,3d948afd-864d-4a8d-9067-308a95cc34cd,False,,0.0,0.0
35a24325-b126-41a4-905c-2213cac00698,7455c604-fee9-41f4-982d-45dc38e6a21b,False,,0.0,0.0
5b8e34d6-a553-4147-b672-9db9211751ea,4e653eee-251d-464e-9eec-2af44db9eacb,False,,0.0,0.0
4f31e868-d926-40af-89ca-49734cea5ba0,b481acde-eeaf-4b56-99b6-5b6b6ef1d60c,False,,0.0,0.0
476b6d44-6a55-474c-af8d-c536fa7e9422,720f2288-0760-4502-b39f-51c3490ec6f3,False,,0.0,0.0
2b07b946-0346-479f-b250-7eced620dbda,61233eea-3b1b-4755-a600-fd684a69ed38,False,,0.0,0.0
d60a6f53-c690-418b-a8ae-f2218c477db3,779d7db4-23ca-4f2f-b9a7-59de2fb9950b,False,,0.0,0.0
2ad4ee6b-a9f6-478a-bbf0-49a0a24488e9,151248e1-1504-4b41-99c4-d7d61537846c,False,,0.0,0.0
4c565a63-968d-408e-b4ff-4d84ba0e6778,dc399fe1-bfd2-45d7-acaf-9eeb21b5b893,False,,0.0,0.0
d1d74888-ad16-4df6-a3a5-b279f248bf89,5bd537b1-c35a-4de3-972b-cd8d67fec003,False,,0.0,0.0
a8531263-0ccb-419f-b23f-3515e0ad090e,89d5e178-cf99-4da3-8f94-2b3ece05a281,False,,0.0,0.0
10fb5c27-97b5-4e70-ad8f-a2adf6ba19d2,bd76bb2f-f189-4bad-aad8-8bca53cf14e1,True,2024-10-16 18:14:30.485605,9320.31,104.96
e0adb985-c46f-4861-aacd-089d79a06301,aaae3222-3f19-4d0f-94c3-9b6d0e31275c,False,,0.0,0.0
7aef1619-8e36-423b-9654-98080bf99779,d516f81c-43d8-415f-8394-c4d84a240d4b,False,,0.0,0.0
c0b74c9f-2d3d-470e-b22b-847f008ea92d,fb81519b-ddc9-49b0-a89e-77e54f304094,False,,0.0,0.0
73ce3eca-747d-4bdd-9033-39f57e4d26b5,068187e9-a46d-4b51-ad30-0e335d8c4fea,False,,0.0,0.0
18a8af9d-101b-46e6-ade1-5b4adb0f68b1,0a2cbb1b-e70c-4274-9930-300a07006af3,False,,0.0,0.0
2135b785-3408-4f2c-8eb4-49e057bed40c,a9c55ff9-9dd0-4b9c-ac14-52b48bc1163c,False,,0.0,0.0
ac7828da-67dc-4711-b313-6168ba9a2898,bf5628b9-30eb-4400-9d55-8095e6c75732,False,,0.0,0.0
993685ec-d335-4576-8fde-3fbcf8cc109d,4a086284-b35a-4b1c-9625-583a6b32264f,False,,0.0,0.0
d1298573-d068-4499-854f-23a64c1bfe88,279e04e7-6100-4856-a2bb-0c8d7bdc80ac,False,,0.0,0.0
e4ce4782-f0d2-474d-bdea-47d1da3301d4,b703fa9f-e15c-4c37-a4ab-9bae5aca08f9,False,,0.0,0.0
25de047c-6c4f-4fa7-b89b-c133e17ecc35,2ddcc829-0d24-421d-97a3-5108d7b3c866,False,,0.0,0.0
a312dfda-c31d-463a-991c-48333eaf54b0,93ddbda1-34fe-4da8-87e8-6429e4fa6417,False,,0.0,0.0
4b9caa4f-353f-4cd4-ac7f-ced37610a216,9390e315-023c-4d0d-9c1e-b9f4564fd4ad,False,,0.0,0.0
d2ed4e45-bf4d-4ba3-9a03-b98b6cd4ace2,5ff3fbbf-6880-434f-8ac5-a4c6c393f806,False,,0.0,0.0
33ea819f-d95c-4697-8015-7c5a9c879258,4f7c1491-21fa-48a0-bcf4-ced1c17e3dc0,False,,0.0,0.0
e995d5da-0e26-4b2d-a40e-373fa71ba03a,2ed1027f-dcbd-4ef5-af8b-07d099c8cca7,False,,0.0,0.0
72e539fa-b8fc-4f8d-811b-84c355cb2db0,b8c52ae1-0d09-4714-bd99-8da8c0524da3,False,,0.0,0.0
e9942bc9-ba4a-4412-8cfa-9afd42ddc736,a19ccc9a-b732-4e2b-94a4-2bf0b96a5305,False,,0.0,0.0
a9e50614-f6eb-4bdb-a0b2-d52b131fd95a,bb2168c4-a318-4a65-896f-e30824f7e239,False,,0.0,0.0
d8efcdca-0d3c-40d1-9b9e-89e9b7a78570,571cdfbf-8dd9-4b83-9877-c24c8842955a,False,,0.0,0.0
c3c3d931-4ae8-4c27-9afb-49c98405aebb,e89afbfe-822e-4328-a792-1c1cf14e8d13,False,,0.0,0.0
f4ff622e-94cc-430e-bc73-e1829ff2c549,34da1f50-b1a7-4e09-861a-1396716728ee,False,,0.0,0.0
d51dd1d5-5108-4742-8313-4eaf4b466d99,17841919-3c29-49ed-b6bf-1f51f0abe316,False,,0.0,0.0
ac30b615-4e85-43d4-9972-e34e3c1f65fc,c6642ca9-10fa-42fc-a9b2-a838edac4484,False,,0.0,0.0
befc7e60-8540-4616-8325-9c683aa97be1,c07126f3-9213-4643-9a89-8be79e49b057,False,,0.0,0.0
3ac7b8ea-a0a6-4080-aaa2-86329afabe29,b1b8106d-e27e-4a13-822b-2e42cc1e713d,True,2023-09-26 00:16:02.448339,15685.92,2866.36
63e05437-ceda-4d6b-ad77-c8e1973f61a7,e17766b1-82ce-4e0c-903e-eaf204f73882,False,,0.0,0.0
859bbb45-7afc-4c4a-bcf6-f2bbbd9c3320,b1b8106d-e27e-4a13-822b-2e42cc1e713d,False,,0.0,0.0
8f6baf17-79c6-42ee-9bea-7ffc601b1860,3c304193-d975-4f32-ae1b-670f67c2e684,True,2024-02-18 03:35:39.877691,20801.97,2812.17
008e11d9-eed9-4ce1-960a-16006910f06f,bb8cea35-1bc4-4161-aff7-9a573183eab0,False,,0.0,0.0
18264eb9-6a5f-4ba9-b86a-a6dd52739b93,b1a63ccf-d597-4a14-a7dc-08577422acb0,False,,0.0,0.0
3fdc0abd-8a60-4677-b41b-9d4803441c32,910813b5-882f-4c64-b677-450f674dfb85,False,,0.0,0.0
be9b9812-6ea0-4961-bef3-e2b39d817896,2fb1eb40-4f26-4edb-90d2-8a3220c6270a,False,,0.0,0.0
c8eeb23f-6382-4fe5-9d41-0045af600a47,7259f45b-25ca-447f-be33-ebd7e8e91639,False,,0.0,0.0
eca0fba9-0f7b-4f2a-a85b-9ef18b7ba5cd,e0099d7a-ca22-4c56-afc8-503c7dd43e50,False,,0.0,0.0
a1673ee1-8a8d-4a06-9be9-52a3b33b0581,c69ee73d-832d-40cc-8ea9-93a01a8385f9,False,,0.0,0.0
260d1e0d-fdec-432f-ac2e-b351fc00ebb9,8d72441d-0709-4bf8-ad3f-9e041b14a2aa,False,,0.0,0.0
0a968ac5-5b2a-4fd4-9d16-9b00f5decdb7,c54f87ad-7750-4fbb-9af9-ae1b5d9dacbd,False,,0.0,0.0
5cf324ee-485a-471b-b60a-54ea5eebd171,0029691e-0c18-4305-8341-f831ea4a742b,False,,0.0,0.0
8879300c-c7a9-450b-81e1-2d1fcd73418d,c69eb431-cf34-4c15-a9b3-589ccf2109f1,False,,0.0,0.0
e906eeea-afb0-4390-a4ce-4fa29205c207,161fe564-c438-4a7e-8b16-5a76f82c0c20,False,,0.0,0.0
c143c54f-aacf-4a11-a64a-9ef2353ffc65,dcc8c801-8c57-4243-b69f-ce1ae67d9f00,False,,0.0,0.0
cdd82a97-d98d-4c06-ba04-02d0a048361f,49058e12-0277-4141-b240-ab1579a7e05a,False,,0.0,0.0
39c470a7-a65d-4d37-bbff-3ed1e566cbf1,4083ff8f-e10a-4f9f-ae2c-219ab50f2f5c,True,2022-02-23 22:20:06.319536,29100.89,3564.91
aa2124e0-2a04-4347-88ba-b4b9d6e10649,7ab417d6-2975-4ef7-9d3f-904a5ca0678b,False,,0.0,0.0
c4f0c88b-9498-4497-8169-8e0d67796682,35eaede0-ea83-456b-bd8c-93df41515f1e,False,,0.0,0.0
7dbf4299-23de-47a9-a04f-5fa72d8bab5a,c69eb431-cf34-4c15-a9b3-589ccf2109f1,False,,0.0,0.0
fb2d72ef-b08a-41e2-96c2-125598ac4051,5401e034-45ae-45d2-bbbf-d6926f125321,False,,0.0,0.0
f9c5e61f-559d-4bee-93eb-99ba80ed8fe2,aadbb2fc-9331-453d-9b36-84b41b13a85f,False,,0.0,0.0
e4a00306-dd24-4beb-ab9c-de049f00fb58,a873abc8-15aa-4a3b-b612-3cdad216d058,False,,0.0,0.0
84b03798-a480-46b2-8c45-fbe01506cc8b,e37001f6-d230-4588-aedb-bd896084d671,False,,0.0,0.0
519b4137-42de-4396-81f8-df35b05a837f,507409da-0242-4b7e-86c9-77ec41e327ee,True,2022-09-01 07:04:51.723039,54271.51,4555.08
33c623d6-ffd2-40bb-aff7-5fa34e42fbbf,8b1d2284-5b6c-4b7a-990c-2e2a6467e0c0,False,,0.0,0.0
718de2ab-6889-48e7-a5bb-2872a8d7c1f9,feb3a855-48e6-4273-8680-13786e607c2f,True,2023-03-27 08:45:03.150494,616.87,52.44
e31e108f-2621-4118-aafc-23fc34cea965,e3fe266b-a23b-4ed7-b0ad-f7ed4277171c,False,,0.0,0.0
7e310cab-646a-4fb5-9fa0-1a88482e26dd,5763c5c0-1934-449c-81b6-69c67f6c945f,False,,0.0,0.0
0790de18-a29f-43d8-a352-d0af387ef829,63bb48b6-7311-41a7-9122-06a244190e59,False,,0.0,0.0
f82add4a-6e88-4696-8995-2c1b907176a6,9635dc67-ad5a-4575-965d-6ed039b05c64,False,,0.0,0.0
abce4ec7-cb05-47d0-9f5c-0b1cbf7e9608,6b35a9b9-0bfc-4c45-8a43-aa23426ea2f9,False,,0.0,0.0
bdec93a6-bd46-423e-8ade-ec147ce43f5f,0db1565d-6d70-499e-830b-105742fbacf1,False,,0.0,0.0
e631889e-865f-47af-a3c2-d9c7a597bac9,f8736e59-062b-46f0-8ea4-17feb85f0883,False,,0.0,0.0
8fe850e5-f670-4123-8a12-ab6673c2e5cd,ee265c95-90f1-47ee-960a-5654b2403468,False,,0.0,0.0
cbfe7a77-31cf-45e9-b972-090bc1bbd6a5,fc0221b4-95eb-4914-aac9-8c18f63e7ed4,False,,0.0,0.0
ac4d0e46-637d-4d4a-866f-892762130cdb,354f9914-5698-47e3-b16d-a24334def7ee,False,,0.0,0.0
ac191bfa-1355-4f29-9bb7-1100d5b8584d,34d88c51-4f2e-43eb-b98e-249757a55d1a,False,,0.0,0.0
2d908564-c522-4af9-9d64-0c351ca561ed,b1cbe822-cbee-4876-9d87-6a3e94d6cbb0,False,,0.0,0.0
f3b78ed9-2450-46d5-a91f-2557f0c5a5ae,04aa8f68-b9ae-4292-8012-1516f1e7a280,False,,0.0,0.0
c9bd6ad3-be75-4d19-a7ce-5d43f450fc35,bc6699ff-bd73-4fcc-b1ff-18f9e8a541f8,False,,0.0,0.0
ded8b6a4-b9ad-4242-855e-edcc7e19120b,fb66bcaf-47be-40eb-836f-ad3831286dc8,False,,0.0,0.0
58576880-47e8-4ae9-87b0-adb60a8f76f0,fcc6713a-7cbe-48bc-875b-ce8c47054796,False,,0.0,0.0
7fa206dd-beee-414c-8892-d69ac47236e0,13189bf2-cf3a-4554-8f32-cd1499c69fcf,False,,0.0,0.0
f054deef-5a0e-45a2-90aa-08c84f3ce45d,af31dee8-81ea-4853-8415-a46760a55b8e,False,,0.0,0.0
8956a0cd-e993-4f25-b785-8b2a2baea985,12f04460-d6ad-4137-a196-5413d881a73a,False,,0.0,0.0
b922032e-8787-4528-8a48-64666b99a053,8a9cfc8d-5429-479b-9861-0b0ba280760f,False,,0.0,0.0
e18762e2-4986-48bb-877a-094c1175b5cf,32d9ec3e-6630-4af8-b044-9b5172624be8,False,,0.0,0.0
5da496a5-767f-4902-8212-3a826bf53182,03aa96d2-2ea2-4aec-bac2-84dd32a95261,False,,0.0,0.0
11faa028-1ebf-43c0-bc8c-3110c3973889,b7c315a2-dc16-4bae-a541-35f889238eb6,False,,0.0,0.0
bec2a34d-4365-4cb5-a623-81f8e1bd2067,364b9aa2-ec93-43cd-8e9a-8e7293fca973,False,,0.0,0.0
29a12629-ff70-447c-92a2-53bf67bf9547,d12b32e6-7d53-4cdc-9790-6117ed1d4adb,False,,0.0,0.0
b38a51f4-2515-4765-a776-392156261c42,cdbe6de6-1c74-4dfd-a431-6e6c800e1610,False,,0.0,0.0
b1b5e9c6-ae24-4621-af8f-29fdaf5facb6,43799d48-ce35-45ea-a25f-c9245c9557ea,False,,0.0,0.0
4b66f5b6-018a-4d21-bf99-feae5ddfab6a,e32a2749-eea7-467f-ae1c-b89a74f935ca,False,,0.0,0.0
6474b028-c365-4097-9ba5-4c51fa673026,75e8abfe-6af0-4106-a235-09a86bcfdfa4,False,,0.0,0.0
43eb7949-0db3-4958-8e4e-14960233dfd6,27d3584c-fb99-4c3e-9383-883b118f1972,False,,0.0,0.0
baeaa01b-0c0e-428a-ad3e-b27197f658f3,982e2afd-77fc-462b-9ffe-37090fa4c293,False,,0.0,0.0
46e4b3ea-277d-4ea9-9952-bff2e04cf454,4d7f6dfb-03c2-43e5-a150-e2162fd049b1,False,,0.0,0.0
98203920-896b-4cd0-9118-c22fd7c28819,f77e1ee6-0c15-4b28-8728-971988c75e8a,False,,0.0,0.0
70ac78d5-c882-4940-930d-61ca9abd01d7,5ad2c420-f09d-4a8a-bcd9-915dc2b408fc,False,,0.0,0.0
f6674ed8-ad96-4bdb-afbb-b4dcdeec41a7,ef252aa8-44a9-444f-a10e-193140686515,False,,0.0,0.0
6025313f-bbf3-415d-99f1-2ae7c1d9db12,00c85e9a-408a-4d2f-8c86-e6b66ffcc6e5,False,,0.0,0.0
b4cb75ca-3c9e-4ce2-843f-436b7501c242,cdbbbc7a-a48a-4be5-a0d0-dacc6a1917c8,False,,0.0,0.0
73217315-83a3-4948-8630-2c271ea577c0,b7636ce8-bd71-47cf-b5b7-7e0cba0ca93f,False,,0.0,0.0
9943f8ed-9b97-48d6-bd76-f1a47c6ce935,3e7447a2-a672-432f-9c9f-0999e869839a,False,,0.0,0.0
9f4583fe-d9dd-4cae-93fa-9b61c97c83de,4400592c-a0b3-45c7-8fe1-f0505cf9d973,False,,0.0,0.0
030229ea-7bf7-4f3b-961d-9799ec6329f4,237c56bb-48d1-40c6-9cdc-546cd4f0fd63,False,,0.0,0.0
48a7f990-8f07-4400-b453-e77a15753fc1,8e144e1f-b6b6-415c-852f-e1b1b6b4d8e7,False,,0.0,0.0
e847d2ec-942f-45b0-afca-c2cb12bd0d71,19664504-6e7e-4978-869d-7b0161f03b99,False,,0.0,0.0
e3ba12a5-6214-4676-8d02-c164a4998f6e,caea5bfb-3f70-41b2-b206-9ba39561a574,False,,0.0,0.0
adbc1aa1-54f2-47a4-b0e7-6e14807b0de9,b1f0b429-d54f-4d02-b976-c6377e9716ad,False,,0.0,0.0
93afcc06-0833-47c1-9970-748168613643,662b7ae4-c2aa-4e0c-af74-10dd57790735,True,2024-06-26 07:43:53.574266,399.75,128.17
b11913da-cee0-41b6-b92f-2cdabb8fd65b,a0624c48-d713-4c2e-a001-965b66f89b87,False,,0.0,0.0
d19e816c-8dfe-4783-a372-06cf0bf69ffc,98343ead-4239-413e-b33f-f435207479d2,False,,0.0,0.0
c2e14d91-784a-4033-904f-c883959ac50a,8f962ff2-186b-4a71-9569-12ddf9cf2bd2,False,,0.0,0.0
ccbfa5e3-cc0a-41d4-8d80-e0b42e1b9447,072a5087-67d9-483b-bfdf-c5c0876cacdd,False,,0.0,0.0
0167ccc3-0b54-47ea-813b-e70e4ab1d68d,22f5b1a9-3e4f-42ba-beb3-eae71885048a,False,,0.0,0.0
fe60dc28-8f69-4872-9071-7045d523bcb7,c7fe8dee-0bc6-471b-b25b-76a6f89c2ef6,False,,0.0,0.0
387551b2-98d4-490e-a72d-2fb6d3585f73,520b7950-dee4-454b-8afc-13fb6e8f19bc,False,,0.0,0.0
4a5cd1e4-54a2-4caa-984a-13882fe50baf,f47bffba-f561-4747-82d2-2c7408ea6671,False,,0.0,0.0
09bf9cf6-213c-49f3-b7de-df5520213c49,4a3e7903-43e5-47b9-8728-04aa88a0d69a,False,,0.0,0.0
8f500b8d-e1c1-4e6e-88fd-ff9982f52135,6b2e258e-afc6-4d34-9dbe-fabd8c881f36,False,,0.0,0.0
ddfd6324-06b6-4794-97ba-2b00d8ddbea8,b05ab6bf-bca9-4eba-b5ff-dd0c2eda17d5,False,,0.0,0.0
e4471a93-9d78-44d4-82ab-36107ee8b757,007fb3cb-cf73-4afa-b2af-6a55b08e8dd4,False,,0.0,0.0
737b70c0-d039-4bd4-b7df-61b6a48d2eb2,d8ccacd5-b35c-448c-b193-4d22976611ee,False,,0.0,0.0
9d4ceeea-a2c4-46dc-8a2d-89f92f5364b8,1d191f64-f8cf-414a-9ea7-e1ae7006a2c6,False,,0.0,0.0
34907e9e-5052-47e0-88b6-d3995d619afb,2b998363-4e26-4d3f-ab28-efa9959ee77e,False,,0.0,0.0
b7c3787e-9efd-4a1f-8f4d-7d1f0a1add33,11186c1a-8540-42b0-aaa8-2f4e4fc4e8cd,False,,0.0,0.0
bcfb05f6-45e6-4fc3-a1ab-e83ff7a2dab0,eb10052a-cead-4e1b-aa7a-4ce68d843ad9,False,,0.0,0.0
3ad5a22a-d0f7-4523-bd2c-d9b3dcb37932,206faddb-1a31-487e-904c-01a1434fe133,False,,0.0,0.0
239e9afb-bdb1-4720-822b-754386f155f7,8d9f42bc-b0e0-4156-8ef8-8a52e4cda3b9,False,,0.0,0.0
d732d2d6-beb3-4204-be60-3949a11184d2,426cd241-261e-4c4d-9868-7bc07de7ca5a,False,,0.0,0.0
e2650796-1d25-4de3-a702-530812d9641c,19edcdbc-ec39-412e-a3d8-89fae5a456d8,False,,0.0,0.0
fb4c205e-5357-4080-97bd-3f5817c4d8eb,aaefdbe1-d674-498a-aa97-cbce673659ef,False,,0.0,0.0
92c29f75-7834-41ca-9090-7bd6379545c3,d60b04a9-9173-4d93-b75c-4f3057696e2f,False,,0.0,0.0
8b20caf2-1fa1-4328-b1bb-f0376f656814,6cd6cedf-52df-4152-88e6-cd4b4febaa0e,False,,0.0,0.0
466ebee7-186d-4161-8ba9-ba3c0175260f,59430636-b0b1-49f7-b78f-78da14308e24,False,,0.0,0.0
872f97aa-0dea-4168-8c6e-bdff8895c440,c4bbf711-53ce-4524-8502-8ad9f568384d,False,,0.0,0.0
23fbc60d-cf03-4a3c-b2e4-5527154aa621,a793eb81-1d4c-4eb7-bb90-6c080cb140ed,False,,0.0,0.0
93cd3f80-8272-4fb0-b0b3-908fd4d9e654,56784633-1429-4f31-b9b3-c0eefaf2be80,False,,0.0,0.0
efbb072c-042f-459f-bc55-3e6eff6ee838,5d08c254-9e6e-4c9c-88bc-7784a8c99656,False,,0.0,0.0
e7906922-4962-423e-ac87-4288edb71984,3150e60d-ed89-42c2-839d-fd70a0fa7665,False,,0.0,0.0
d67143ba-9b52-4b09-ae33-11b1cea25e25,5ff540ca-9038-4b45-916d-9a42e7b795f9,False,,0.0,0.0
5ecfb15c-870d-41e5-966d-8831072a50b0,90b950bb-5e9b-4a6c-a0cd-5bb8dd357f0d,False,,0.0,0.0
48af994b-717c-4fc5-b445-23da61c0580a,636f1e3d-28c8-40b1-a7be-e26e9f30418c,False,,0.0,0.0
ef99eee4-a2cf-49df-9370-21eb2c27d913,f1eef895-d061-46b3-8abc-36fc24a887a1,True,2022-09-11 04:31:08.331304,34260.92,26802.88
cdd303ff-0030-4b42-ae01-cef41c8e7c67,353fce99-ef9b-409b-a32c-ceaed7357f9d,False,,0.0,0.0
d5d3f25f-b640-4afc-b07b-c7068d742373,b5230821-2c41-46f7-9045-f17ece2db215,False,,0.0,0.0
d06aaaa3-5ca7-4a6a-ae35-a2f098d347b6,e2c350af-42e3-47d9-a97b-43bd00b73636,False,,0.0,0.0
5a36f29b-6c0b-4dfa-8088-6c6441aca2fe,9053317b-5f4d-4c1d-92af-891a9639e2b7,False,,0.0,0.0
c4b18d19-a5b4-447c-8eab-3779760ee944,2906567d-d28b-429a-bb1e-5e1324cf8629,False,,0.0,0.0
5241ee95-5992-4525-8bf7-0152982ed4a4,296fc0d7-6a63-4a6b-81d0-d034abfbcc17,False,,0.0,0.0
207fd413-1487-4e6a-ad08-9c5e4740f671,a282bbab-fdb0-4520-b2f8-81eb754ce511,False,,0.0,0.0
0b74f490-8bfd-4325-b5e8-4b1a4532ec5e,a87da2af-3ae8-460a-adaf-ea5450b9e04a,False,,0.0,0.0
e2b23a4e-3995-47af-8a2d-fa1248121dc8,3f843c8f-a46f-47b5-8d45-e921e64b5523,False,,0.0,0.0
8cfb8f7a-da05-472a-b22a-8f8b00aeed9a,666bd0ee-b257-4bf7-a439-680010c69c57,False,,0.0,0.0
13e2ffba-2302-40ff-a667-e01d37cfe992,f5d92b55-74dc-4f13-8960-a41b25a744a7,False,,0.0,0.0
b6fefb3d-7876-4630-af8a-6c43b1729037,f65a5aa3-6314-4fcc-88b6-b9a29b5358d4,False,,0.0,0.0
6be4cdde-95ac-4869-9c6d-bbe655e8f63c,8fca9026-a738-40e8-9f3d-0200c5acf275,False,,0.0,0.0
26825ad3-3f82-4091-8a54-164bd88393ef,974a2447-ab73-460c-83f0-79b3f78ffd83,False,,0.0,0.0
1c659b07-1e10-48f2-b763-fd0c69ff588d,454c976e-c5bc-40a9-acf4-090928349f05,False,,0.0,0.0
8b279871-e32e-46aa-9bab-181dfe0e67e8,2d675be3-3fbe-4756-98f0-2d4124074330,False,,0.0,0.0
1d6b3a2c-255c-4eae-9add-c76d0ee7b35f,15604ec8-1ca9-41d9-a5bf-13792587f6a0,False,,0.0,0.0
06fd4cb8-9290-44ab-9484-20ced70fecf2,ac482af2-6e98-4798-82ac-0d6d10c88179,False,,0.0,0.0
654a4684-864a-48f2-96f9-ba88ba5658d0,318c6ee8-f1c8-4a37-a3d3-59b81c84f34f,False,,0.0,0.0
a261566e-5825-4739-897f-648ab3a11838,2ae2c9d1-365d-495b-a707-9421cfd2be23,False,,0.0,0.0
fe382312-2865-4734-a9a5-8a283d02e555,c881464b-c358-4cfb-875f-a0cf4974e1b7,False,,0.0,0.0
353674a9-b196-4473-8f12-2dcb29191426,669f9a4a-f2eb-4d5a-b819-fa11f584be73,False,,0.0,0.0
3923c051-8c63-4232-baa5-c3db8694c1bb,b5356bf3-b5f4-449f-9054-b5baa6b02299,False,,0.0,0.0
22e7ad4a-01cb-4741-a61b-7135941c00a6,81496136-6bc8-42f4-a893-a38a14dd9314,False,,0.0,0.0
8dbf5d38-2dfe-4bf0-a9d8-f2d805b3cce1,bdcaf089-3a76-4ae2-a5ec-276c862c9e66,False,,0.0,0.0
ca325c25-46e9-480d-834e-d8a6b7ad5cdd,4b2a2bb4-097a-475d-b6ce-8d27bacc5ea6,False,,0.0,0.0
46c1065d-9b1f-4f54-a79a-8707df98647d,8716f0b3-9619-4356-bcf8-d6f86cf322ab,False,,0.0,0.0
04ce4f37-755e-43a7-a9f6-ced7d9fbd3a0,44f2a0db-b20c-451e-8d47-7c015e61df62,False,,0.0,0.0
81c23c8c-baf6-4444-98b6-b9fad20e87a9,318f7980-2ec2-45a6-9293-23e289e10a5a,True,2022-08-24 02:43:48.318742,26555.1,9519.44
99909525-64ef-44d7-978b-bd208efc0bd7,e729b06f-a5db-4ca3-9630-202155afb783,False,,0.0,0.0
ae2f8936-bff6-450b-b96e-f47c5596e3c5,1d522106-71e6-4fd1-a846-d6880047eacb,False,,0.0,0.0
a1eca922-9c73-4dd5-a66b-9ed6c0d03194,fb3cd9c8-ebcf-481a-a1f3-b7803a5479ea,False,,0.0,0.0
958514c6-a242-477c-9f03-1c10019813ee,7f808dbc-adc0-4c1f-a3ea-46a8a6864e54,False,,0.0,0.0
07465128-4145-4ed4-adcc-2671dc5e9449,293572d3-fb63-43cb-8c35-bf2dec4fa141,False,,0.0,0.0
3817d7d3-3740-4e9e-a334-55dbfd03863e,7259f45b-25ca-447f-be33-ebd7e8e91639,False,,0.0,0.0
5d38582d-cd66-4347-85b0-c3db92cf9de2,03864649-c4e0-41c7-ad18-50e92d53cf30,False,,0.0,0.0
e441fb99-87b0-43fb-be40-752572972783,7e45fee4-6ea8-4b32-a38d-9fb071c487bc,False,,0.0,0.0
64b01b1b-6632-40d7-a7ca-eadfe07e8df9,21144198-5466-4ea9-9c5a-342e9d017d3c,True,2021-11-24 14:24:29.365062,1936.88,936.22
a26627b0-73a6-4387-9961-b8f0cdcab8c6,6cddab56-8c30-4073-a8e4-c8deddd98c67,False,,0.0,0.0
369dfe6e-ddfe-4cbf-9c25-bdcfc1378f5c,a4d6c76c-a3f5-4c8d-b9ce-fff31b3ec681,False,,0.0,0.0
b6f85c09-a5cb-46fc-853a-f6dd8df4f2a9,d0f64c6d-fa2b-4ff7-a3b7-aaf692dd8487,True,2024-09-12 11:21:06.056959,1262.2,678.03
3c93468c-37cb-48a4-8d57-854c1d95297e,c67e0a01-1d34-4563-894f-f117d952e7bc,False,,0.0,0.0
0be2e2c8-dd62-466a-9249-7507cc778808,7b6fb65b-8d70-400f-84a1-dd66bce88f22,False,,0.0,0.0
49158e4a-ba0c-436b-9a1b-9917f859fee1,f6295eb4-667a-4b91-ab86-08d1cdac6327,True,2022-09-09 01:06:36.155488,2600.35,945.4
027ea8c3-ad5f-4a9f-bd91-51e24475470d,8da72e1a-1b21-4b27-beae-0fb8be56db4c,False,,0.0,0.0
a9fd7f53-b67b-47a9-8237-f7608877a5a7,33252134-ebdf-4eb4-b679-9210efe87716,False,,0.0,0.0
8d9ba481-0638-47ce-aeb4-7083d7dc7592,c172494f-9eae-4feb-8f76-a282bba04391,False,,0.0,0.0
484f8155-ee47-40e4-b803-6fbc414fcdef,a513964e-965a-493e-85b6-9e95cc009f08,False,,0.0,0.0
8310c7c4-a371-450a-b203-9b896c563f78,90fdbb3e-6173-467d-9020-91168a608ef3,False,,0.0,0.0
bd3e9b6b-13b6-4f6a-8619-2ad2814bf0df,b8b758b8-22d8-408b-9269-6eeb77cf1eb6,False,,0.0,0.0
b70aa425-dc36-49f3-ac53-08ee6444abb5,dcc8c801-8c57-4243-b69f-ce1ae67d9f00,False,,0.0,0.0
e2753e4a-3062-4bd2-b9d1-1c10662ce09d,f0dac80a-57f1-49fb-bd24-e118d428df1c,False,,0.0,0.0
87eb0fa8-d155-467d-855e-299fb83e4864,732af4e8-e9d1-4994-9553-8cc94444a6bd,False,,0.0,0.0
cfc91e8e-77d7-4d9a-8d66-158aaab79dea,910aeb6f-6b56-4091-a65c-9da5be160640,False,,0.0,0.0
108cea9b-0a13-410c-b806-5905d0857df4,5c253a40-ba76-46f5-8a69-35bdc89eb2f2,False,,0.0,0.0
ce666c84-000b-4310-9ed5-4e9fe5c9900d,56885791-8f92-42c3-a727-aea402f93785,False,,0.0,0.0
6178e307-0352-446b-a612-91afe03f08e8,c0bf3b37-623d-4905-8c3e-b36ddc75f4cc,False,,0.0,0.0
e59b6fed-38fd-4b87-9be1-019727db3bf0,0eba92ac-2d26-4022-bbd7-6e1fadeeb23b,False,,0.0,0.0
1850b5c3-1463-4d03-b28d-5d76f217f378,ee426792-ce2c-46df-8051-01e5a7b85447,False,,0.0,0.0
e87d0595-dac4-477f-8778-a05447e61876,18721154-0dbd-484d-b753-3ff525f50323,False,,0.0,0.0
344b2312-ade8-400d-b91b-966148c80cd2,a01989d1-b998-4301-bdf9-e116df58c65f,False,,0.0,0.0
4ee4562b-3240-4a8c-89f0-53088801f1e6,86403806-a366-4154-b136-e9e57f71a837,False,,0.0,0.0
6552788f-f076-4128-a24a-92fc2faa94f0,ec7448f9-5b60-47b0-9777-676070fff474,False,,0.0,0.0
6b42ecda-5f3f-4960-ade3-39d1cce4b15d,4f4cea72-e493-4415-aa4b-f5dc0a599c13,False,,0.0,0.0
d2a80d00-bfc8-40c4-9050-1793bceec854,6bd95a4f-37bf-4cbd-87a4-53041ff3a9f8,False,,0.0,0.0
27fd8394-a550-4d0f-9572-2d0b8338b888,d7561954-d0e1-4881-98c2-fc34ebde34e7,False,,0.0,0.0
68ea9504-5316-47b5-9c5c-4fef0813cee3,05aa0cd3-5eb4-4406-8919-d9ff57dfba1d,False,,0.0,0.0
47dc5008-7cfc-4a67-8973-0947e588f9b9,c068a64c-d5d6-4a82-b500-d6ef0453ab6d,False,,0.0,0.0
4ec9e727-d976-420a-9567-3716900c4059,06822e13-6007-47be-b2b1-068ad58b5423,False,,0.0,0.0
2fbda620-1b20-4edc-9422-341c71ac5642,e21a47b9-9ad2-4609-906d-5518fc3b9c08,False,,0.0,0.0
3f9455ff-b361-4775-b264-1b7fe275c712,dce202f5-36ef-4201-9656-b5f91c6a16e0,False,,0.0,0.0
a1e38798-4d53-406c-9dae-2843b8152520,c99496ab-6db7-4a7e-b0a6-d78ba64e2384,False,,0.0,0.0
82502ace-eb25-44d5-b375-7840f1012578,2b31b5e7-40ed-4d57-84a6-24f3231830a3,False,,0.0,0.0
bf138897-95a1-4c1f-9560-9c7e6d50f3f9,a9230810-c346-44f9-8bed-0104929ea405,False,,0.0,0.0
0f6af14c-96b0-47de-87b3-3dcff32d422a,0e0f2704-5265-472a-96e5-b746245c92cb,False,,0.0,0.0
0bae7a97-ec79-4407-ad2d-311ff6780b03,d55c41b2-7c71-4adb-9f72-fe574b2c8bff,False,,0.0,0.0
f402633f-a851-4968-8e48-b8418bf22e9e,7f2632df-21c2-4510-b6b2-b13cb79f0581,False,,0.0,0.0
5fc9b8eb-c2f5-4952-82f4-0755c6f7afca,12e63e97-178f-4dd7-84c7-b9766c0d8d97,False,,0.0,0.0
9944c6c3-097a-43bc-a1fb-57ea196a0ada,67f396b4-0510-4ebf-b347-fd7bf0e3b50f,False,,0.0,0.0
d20c92f8-c5d2-42ac-9c0d-90b8bb5f0045,dd0cd405-9084-46de-830a-d57d19fdaf3b,False,,0.0,0.0
043bad5f-91eb-4728-8168-85d94b8a59c7,26a97770-7983-4fc0-8eda-75d9bc41c770,True,2026-01-26 10:20:20.597755,42094.38,17860.29
4fda6aeb-0781-4918-9206-71b7ccb77c7c,b8280725-70e9-4f08-89f0-9bd6a32785f7,False,,0.0,0.0
8f640b2a-6249-4f40-91d8-b226ea7a8b58,37309e25-f10c-44f0-a85d-9795b9138441,False,,0.0,0.0
dcfaa98f-8ddd-4987-8713-b1ddee9c96be,330c8461-0d06-4891-a980-8e3c9fa3fe4b,False,,0.0,0.0
ce2195c4-f8f2-450b-a4a2-5bfff5f0ef79,d5b4c4a4-f9d7-49ad-b850-b7b19d95f5c5,False,,0.0,0.0
dbf5b394-3f9e-41f7-b1bf-1a04d19672cc,d220f704-0da1-44c5-b0ca-6f70cb3ffc4f,False,,0.0,0.0
94cc4839-0603-48da-98cd-0146ae0b661f,b129a6a4-d3c0-46c5-984e-6851f2b158c7,False,,0.0,0.0
3a3be1bc-843f-4b84-a8a4-12bcb499983c,3a08daae-b70e-4920-8e65-9ebac2ad08d9,False,,0.0,0.0
6d36289d-5ddf-4449-a0ba-4286ab5a6899,b67cb2ac-94dc-4c97-8891-4d9982183bb9,False,,0.0,0.0
1b3572dd-ad20-42b8-9180-8e53c1d50634,2ed86804-57e2-4419-98e6-650123755bc8,False,,0.0,0.0
7ff93f5f-94ad-469a-bad4-15455dcdc690,fc424352-6d98-4038-b174-429ccffa9e4d,False,,0.0,0.0
d73f904c-255e-4018-91d8-32711d0b6108,dff4cc91-3164-4c14-b1a0-051f0acae683,False,,0.0,0.0
54222949-2ea6-4f52-aca9-08d0cff501d6,a7a13e62-a9db-4628-9748-ba0185147bc9,False,,0.0,0.0
d0990052-de3a-436a-9ff6-876d1cde4cb7,a53a43d6-1ef5-40d6-b5d9-89367085770f,False,,0.0,0.0
114c626c-c708-43a2-8114-bfd25f738b8d,aee0ba17-9d25-4068-9fca-fb85dc34d926,False,,0.0,0.0
a2c8a7bf-ec4c-45bb-8b1a-39fbf1197f9b,7f2632df-21c2-4510-b6b2-b13cb79f0581,False,,0.0,0.0
e85c74be-995e-428c-95ed-bc0357134d4f,d5672f5d-20bb-45b0-a015-7233baf90557,False,,0.0,0.0
43171a43-571a-4d76-ac83-a5237145fc20,3e141965-14c4-422c-8c90-cdc454ca6257,False,,0.0,0.0
aca55969-afd0-4fb9-85bc-ebdcb76be643,6b4c2dac-df93-4659-a30c-e666d36e7cca,False,,0.0,0.0
8b97ca71-3b11-4797-90d4-6524e043f946,ff0614bb-b85a-44cd-bf2b-f0e4ed55169f,False,,0.0,0.0
94c86435-43b3-4fe9-821b-36b17f28b7c3,c881464b-c358-4cfb-875f-a0cf4974e1b7,True,2025-11-03 19:39:15.910309,3249.58,1177.25
b29ec237-eed5-4f72-b760-a191db399169,ef4bd7a8-746b-402f-bebb-f6dfed84acc9,False,,0.0,0.0
9f5ad417-4a9b-4a62-b256-37a13e789b72,bcc9c2e6-9d2f-4a3e-a7b4-f9c831b5efb0,False,,0.0,0.0
2e76f116-2629-42cb-8ed5-60ba361451f7,8d5a9549-34f3-4b8e-9891-e25c2418c7fd,False,,0.0,0.0
0bca5bd5-2520-4edd-b9e9-b3f3ab1c745a,8d9f42bc-b0e0-4156-8ef8-8a52e4cda3b9,True,2021-11-24 08:27:32.420479,2706.88,1519.09
8dd7e626-eaf0-469a-8422-1d91c2b7a495,3aae37b5-87de-42ea-8118-d2a543ef0542,False,,0.0,0.0
d4e5c786-7735-4c30-803b-5e9d6c5f9d51,b81c14e5-7fcc-4b99-9dae-f60b01c08038,False,,0.0,0.0
e22104c7-831b-437f-9444-0d4847e539db,6025cf7c-4966-455e-98a8-a428266ecb23,False,,0.0,0.0
0092182f-a0f8-4e0f-975a-11ddd6ec131f,8fca9026-a738-40e8-9f3d-0200c5acf275,False,,0.0,0.0
2eeb01cb-6b5f-404e-9db4-68b0a17d097c,c4ca0233-4273-4de8-abad-2b997fa8c425,False,,0.0,0.0
20d07cd9-becb-4eef-af84-2bad54315f00,530a542a-8f05-494e-99a1-9ca8f3177bab,False,,0.0,0.0
687de808-dcb3-4112-8ace-a636d0106e4e,83b5ad03-c4bd-43eb-a7cc-427447808b87,False,,0.0,0.0
b39c50eb-5090-4df4-9de4-08155c0461d7,781aee5a-ad79-4370-89e2-fc9e277230de,False,,0.0,0.0
5d344cc3-2541-4e81-8c6c-83f01ecbab04,6fd8440a-5283-489c-831f-37eb2c981221,False,,0.0,0.0
f1072f98-bfd5-4e5f-9f3d-0e0d85a1f5c1,38124f7f-8c46-4173-9699-e962319a009f,False,,0.0,0.0
14a1b1be-179d-4ed7-84b3-2cc9eed3eb22,40bf5ca2-7064-42bb-a756-80bb3a215b51,False,,0.0,0.0
c391c30e-b82f-439b-9627-a49ed6606199,688cce17-6d2d-4c6c-83b6-6a270e2d79ba,False,,0.0,0.0
6291030a-f4bd-4141-b05c-a71a48e34efa,a2ded1de-c302-40d5-a214-5243f5d23fc6,False,,0.0,0.0
63ad3963-6833-43ef-8828-bf204d2b885d,710dcbb7-6e93-4789-a788-32d0dcfca748,False,,0.0,0.0
6ebb91b1-4bdd-46e9-8b65-a7422f260619,1ecadf24-f0d1-4a72-8b2c-7b1df5418b22,False,,0.0,0.0
88e63c61-ab7a-448b-9b1e-0016e03605f5,5714fc0b-b744-4158-a550-e249436c3827,True,2022-09-25 14:19:26.067795,44179.32,16977.93
3ddabc17-e078-4fc0-8de8-5258b1009952,650c4a03-af1f-4779-927b-a660bb335cf7,False,,0.0,0.0
6e94d073-fbc8-419b-a95c-759a48602d73,65cc59d6-2d52-4b16-a709-9d55c49943ce,False,,0.0,0.0
a17830ef-ca05-431c-9e69-0ea08fa7ad66,fd28750f-5868-4a1b-accb-cb41d7b205e5,False,,0.0,0.0
d161dd55-96af-43f8-8778-918f89bc2a05,0777cad1-c900-40bf-b1b1-59b61e8c8499,False,,0.0,0.0
91c09b0c-ace3-43f5-b5bf-a2962a6763fe,37f15695-ef67-486a-b93a-502f7a1e827a,False,,0.0,0.0
7000ccd7-71b2-483c-9fe2-4b521a589db4,59432577-221c-48a3-a559-925520b203ce,False,,0.0,0.0
0a0c477c-e2bb-41d1-a21f-c6ba5ca59ead,a3b4a240-7f48-4536-9f2e-444a501bcf44,False,,0.0,0.0
1c59ae90-25c0-4b7a-b2c7-3e197ad3b01b,a1b2a7e5-fb72-425b-b209-329d4aa7f4e2,False,,0.0,0.0
a39c01b4-c4e3-4952-9059-be65f576d7ee,20f5128d-51ab-4c77-a92f-adf7032124e8,False,,0.0,0.0
5ec7fe33-7665-433a-bb66-45892aeb5ef5,c2cb0bc7-f032-4337-a10d-27dcbf153b90,False,,0.0,0.0
96616224-07aa-478d-8f05-79b6f29c8b9d,a4a8a844-8bdf-4208-81c5-bc8b64e94d6a,False,,0.0,0.0
b1c06469-ad91-46f3-a73e-6e057aec44ab,e2eb0222-26c6-4746-8391-ddc53e33a833,False,,0.0,0.0
dd3b9cdf-1df3-4efa-b6bf-771b28e55ae4,d385d453-c7ea-4fd1-bf4f-38081a9d7acc,False,,0.0,0.0
9d3bdb53-bee3-401c-ae25-dd4cbd8fdac3,d92757a8-6ece-4ce9-9112-448d473407a3,False,,0.0,0.0
6b6dc416-4b2e-4b13-9b96-b30812b668f6,e756b705-ae40-4d26-a84f-52adf60768a0,False,,0.0,0.0
525f5d91-a23e-44fc-9b99-2d0cbdf91fbf,15458478-5865-4721-bc25-7ff18fb30b07,False,,0.0,0.0
914a2d96-c01b-449e-b57a-bc213fe96d7f,9d091856-4b3d-4578-8c69-a8cae32ffec3,False,,0.0,0.0
e0432c4d-03f4-4d3d-b293-68437a7eea39,1d7af727-ac13-44e8-a109-18c950168bd5,False,,0.0,0.0
a2b5d457-3183-4b1d-804a-342801b943c3,d1d46f58-2b72-4139-af61-997d61275e64,True,2024-11-20 15:21:34.697811,39416.9,23763.47
44d593fe-9b84-4441-adf4-63bf761451c6,82b3158f-7d03-4875-bb3a-ef0a5557bd35,False,,0.0,0.0
1b2fbe6f-8fc2-49be-ba57-cfc3c1e96ab4,c1192634-cad3-4250-aa5f-09cb81a603db,False,,0.0,0.0
fcf371c3-cf73-4f25-ab78-eba3ad11c5b3,8914bc96-5cb2-4033-b5e0-edd684c62e4b,False,,0.0,0.0
302ddbad-5898-4c91-a2a7-fa0c0f53411b,83674372-d33e-4b2c-bceb-cc1d6c019c07,False,,0.0,0.0
7b3a5fba-d7da-4229-97a2-fefc9a1ba541,7e29d9a1-05dd-4fbf-bd21-0b7df5b350ab,False,,0.0,0.0
36eec9bc-01bc-44f1-805f-e7281766cf2b,37309e25-f10c-44f0-a85d-9795b9138441,False,,0.0,0.0
df0a7dcb-0f98-4bf0-bc59-2fb60e422bc3,1e50661f-2fce-40ae-9b06-fec229071205,False,,0.0,0.0
e2fc46c0-3ee7-4acd-bac7-ce3b5d4d6387,8c1046bf-24b3-4794-a93d-b7fa8e8ded45,False,,0.0,0.0
9e981d8c-a600-41ea-8bcd-b38261cd2241,903506bb-ef6d-4fc6-afbd-f3690636f35e,False,,0.0,0.0
3981b66c-e8dc-4e53-8590-4557a7613387,47eb1172-2d47-484c-943d-9bff1a89383c,False,,0.0,0.0
ab1670cb-6c14-4db3-995c-08f2b212663a,f765f8a0-ce43-47c4-abfd-dbf938498d35,False,,0.0,0.0
e87e90e8-7e00-4cd0-8124-60b8e2f8f188,85915047-e6a5-47d0-a3c8-1fb94be730a1,False,,0.0,0.0
0b6e0c1c-189e-4f8d-acb6-e178f1414303,9d9b72b9-e5ab-486c-9e34-c29a701dadb0,False,,0.0,0.0
e465687e-1a19-463c-97fb-b1d91d7066ea,19f620a2-26bb-4675-ac6a-e5e1443cf3a1,False,,0.0,0.0
b6600b51-e22a-46df-83d6-a0ec93f98605,4e8d2654-cd37-40e6-a7eb-e3a50af9da16,False,,0.0,0.0
8a1ab2de-60b3-409d-8098-3cb9bc3dbe4f,1eca80e9-68bd-47aa-9666-600eeb0f61a4,False,,0.0,0.0
f7c211bc-1625-475b-8a86-5c0e0dd42101,58c68877-4897-46e2-9581-f33ea5b38959,False,,0.0,0.0
fdd5b727-1712-479e-b76b-428d1c14dbeb,ae34097a-c6ac-41e7-93e1-4d832f8af5db,False,,0.0,0.0
80c7c776-3165-49a3-8e49-79b6fa97d44a,0af20a23-e3c6-4f79-aa0e-0060ae2a9c01,False,,0.0,0.0
996a30b1-b6cc-4e77-944a-ada014480d87,64ea7b95-62a1-49fb-97de-b702b026d60a,False,,0.0,0.0
2953a0ef-3c87-45da-b781-c3487e627a85,709b5f65-ea3e-442f-a3cd-ec8466ed34e2,False,,0.0,0.0
38255f11-45ba-4f24-bc89-41e8cfb0b8bd,06e2ac94-9620-4553-b860-b58fbd8cc32e,False,,0.0,0.0
fcc9154d-aa2e-400e-b3be-e23d5b52c523,1182d657-f6e3-45f3-be28-cbd9cec84000,False,,0.0,0.0
06dda983-11f6-4ec3-883a-ac553f05199f,58fde70b-df91-47d5-a055-25c64bb3e035,False,,0.0,0.0
e8634044-a6d9-48a7-8bc0-b3a70bb07785,915fbbf9-53cf-4f73-a384-bb95921409e1,False,,0.0,0.0
dc96778f-3987-43a2-9cde-4af8ce398269,02bbc915-9fc9-453a-ad32-1036fa6e8103,False,,0.0,0.0
65f491d5-a5a6-412e-8769-65a19ebc5f34,cebbdf91-7c7d-4f90-995e-f944c64be810,True,2022-08-13 04:36:30.858359,6531.36,3945.5
9836ccd8-eff7-4131-93d2-3d7e64940ed9,9e541d3e-65e1-4146-ad8b-62b689cb09aa,False,,0.0,0.0
f199d8dc-f26a-437e-9fc9-7af9aaf65ee8,877bfb50-14d0-445b-9257-fa5d9fa4b54f,False,,0.0,0.0
a1a31a50-8e72-4617-88a3-1b8bd6c49cc9,0cdddf92-3711-4879-a1a8-d644b002c52e,False,,0.0,0.0
27f85f14-3671-4da7-9855-092c38538a9b,b166681c-b2c2-4691-aa74-b216e66d8edc,False,,0.0,0.0
6fc6ad7b-4479-475c-9920-4d295801b646,8257909d-5e3c-4f18-a1b3-9d6494e2a33d,False,,0.0,0.0
2a4afbb7-3976-4533-883a-18f5cc0ae1d6,a522f92f-4b20-46a2-aa1c-8b533e2e7201,False,,0.0,0.0
8ab4470c-8424-4844-98a0-c361f73ed10c,d74d930e-0e0f-4619-a926-61f516ca331c,False,,0.0,0.0
3ecd6610-8deb-4319-b332-39a4c34c9e14,19664504-6e7e-4978-869d-7b0161f03b99,False,,0.0,0.0
977544f7-ded0-48f5-bf9a-351203b023e2,5b345ede-d26b-4c21-87e4-7dbaf0ad73fb,False,,0.0,0.0
6f5b9a06-530c-4b1e-ac9d-1dabee4d117e,59430636-b0b1-49f7-b78f-78da14308e24,False,,0.0,0.0
18e68b49-b8cb-4710-855c-d1bb4076d2b4,b4586ea4-15b8-4fa6-8fca-b2a910fb436c,False,,0.0,0.0
c3ce8ca5-b64e-4170-957d-2b01ace8f5bb,640445a1-87e7-499b-8600-8f33814671a1,False,,0.0,0.0
dfc55250-00ad-40ce-8fd5-2ef7f878d5c2,492eb70c-2f03-4a0c-a423-421be61aa316,False,,0.0,0.0
8a470f46-7fd0-42a5-9f9e-837c795c7d1b,2f160f3d-05ba-4c78-a696-dea06c2aeb89,True,2022-03-16 13:56:09.399438,7428.81,1515.57
7ff462e8-9092-459c-85eb-c30069f57aae,8f45c269-6b52-49dc-a0d8-b49272896055,False,,0.0,0.0
ad19a5d0-edbb-4b84-843b-be4562fdc7c7,db6f3ad4-0cce-4325-9e88-ebab07fcb800,False,,0.0,0.0
e187d749-9baf-4d0d-8b71-8e2cc2e771d2,cc40d3a5-94be-40bd-b5d2-4173ee56aea4,False,,0.0,0.0
a7dfaa49-6187-42cc-b8b9-eabee9b8e831,a684b83b-1e81-4599-a483-8f5b42a5c37c,False,,0.0,0.0
3e214b9a-f63b-414e-8c1d-22e4278e076f,9e8fa807-5db9-4490-ac6b-2108ba9b519a,False,,0.0,0.0
618fbb39-0c0c-4a64-8bb9-2abd20c4c059,bada092a-5e4c-4ce6-9453-9cdb1ec88633,False,,0.0,0.0
24b1d3ad-9d34-4dc5-abd5-a2c9227b2c7f,306542ee-2e51-4870-8191-073f8cfcb112,False,,0.0,0.0
46fd25d9-f6e4-468d-b406-31e7d3b7998e,52949fbd-1243-4159-9df5-6402492ca612,False,,0.0,0.0
6e9c93fa-b7f0-4196-9a73-3c2ab217fd69,3c573da8-0abe-40fe-8375-9222f74c72c0,False,,0.0,0.0
baa2e6b0-99c0-4cd0-9d39-642c20f3ba67,7bdeb381-f4fc-46bc-812d-b1c403c3c30d,False,,0.0,0.0
91f635d7-bee0-4f73-a331-4472601cf3e0,ae344b14-505c-4986-97f9-580e6e20cc72,False,,0.0,0.0
f57600e8-fd00-4740-a9b0-93a3d21a0a71,4f848c31-7954-4f2d-a819-d4b9b1a6aed3,False,,0.0,0.0
2d457f64-93eb-48f9-95f9-590800c62fc6,226f93e7-9e5f-492d-b9c2-92597310453d,False,,0.0,0.0
33ce4533-ab6b-4f9c-8056-8ae92729a3af,ddc55228-38e1-4998-9dca-9cc3d48f16c5,False,,0.0,0.0
b7947840-ed48-495f-9e99-63241479be71,f55c6af8-c6b4-4036-baca-2a87766afbe7,False,,0.0,0.0
2893695d-e09e-4217-b2a4-1044dd6bf8ca,8c9bcaa6-07aa-440c-9762-0a6f6f24564d,False,,0.0,0.0
28da17f6-2456-43cb-bef0-e3b616920f07,7a5cd426-5c1f-4f7b-81c4-dda8ccbf1dfe,False,,0.0,0.0
23feead0-dbfb-4c97-9708-d42f43e823a5,acac1b18-be88-44ab-ba27-a8f803125cdd,False,,0.0,0.0
b6adffdf-a6be-49f5-bec5-8ec09ff30163,252d3404-a944-45e0-9ff0-f8eb6c0990b6,False,,0.0,0.0
a3e48dd7-e843-49bd-9c94-ccd26773c2c9,7c641c58-a52d-4946-bc03-032cc7f020cf,False,,0.0,0.0
b39ba8b5-8c49-4a1e-a949-8c2e77e27e6a,81b01ca4-8880-4d17-b3ef-e892e85cc863,False,,0.0,0.0
5e2aea29-7f82-475d-9eda-e62023a1752f,3cd68ac3-5665-4d0b-8ac2-9f1dc72c3764,False,,0.0,0.0
5822176d-43ed-43d8-a922-07cfd9bc0e18,4377be10-c719-45ea-84e4-992911196b23,False,,0.0,0.0
a5d7c456-9037-42df-8e73-15d0783c05be,9d719800-e30d-4d83-8844-cc496761f64e,False,,0.0,0.0
9bdb19fb-b98a-41be-b280-980d18e295d4,73cd3e91-2f5b-46f7-849c-230d3bb11ffe,False,,0.0,0.0
4ec32a8b-a131-494d-b9d7-7f12413a7e06,17664a5a-f24e-4477-af51-5686a88db0f3,False,,0.0,0.0
c42b835d-afe3-409a-938f-62bcb4ee476e,173e13d9-fc32-4db4-b5d8-053130e423e1,False,,0.0,0.0
d266d3d7-761e-48eb-a043-672827088ee2,5b5073c7-e6dc-4c76-ae7a-e3bb50340715,True,2026-03-22 09:19:58.571224,2981.29,1964.52
6801c174-1360-4961-b8ed-c75c0ec34371,52ed2487-8aa9-439a-b26f-f6fdcec98bf1,False,,0.0,0.0
4da618b3-4353-4123-a48f-a891066531d8,7f849eea-c661-4011-b3fc-e192cf8e31a3,False,,0.0,0.0
51ba40c7-1b5a-4f55-a35c-f7facc80dd81,9c7e3507-4f9a-4528-8d0b-906366c5558f,False,,0.0,0.0
5371ce77-f111-45bb-b05c-ec9eaa71aaca,44087701-aa66-40ed-af0b-5b2b97514f49,False,,0.0,0.0
7faa279d-7344-48b6-a371-5e50c01aa3be,ab00764e-4ac8-4bda-a002-8f9a3b5d5c9c,False,,0.0,0.0
faea649f-35a7-43ff-b391-01aedfd8f0be,1a9e82f5-0228-4e49-a4c4-e73c4c46bad8,False,,0.0,0.0
dff95a23-5402-4c89-bce6-97aca9d5740a,d0d0d99d-b7a4-4237-a77f-172590ea31de,False,,0.0,0.0
d124da86-8622-4806-8d14-6a5953621343,93432c76-d604-4e9f-b1ed-10f544e928ac,False,,0.0,0.0
469d4c23-fa27-4f84-a5da-2d11478888af,b1195d16-9aec-419f-b38e-f31f08ae64bb,False,,0.0,0.0
66d963a8-661f-4893-a172-174573bf1952,9a463e70-3204-406d-b61a-84b9cec74f48,True,2024-05-25 18:59:59.703447,17561.1,13276.02
01cc58ca-e39e-4c59-8f2f-aa4bbebd9a12,bda91c8a-abb6-4c94-aecb-343b28569821,False,,0.0,0.0
fff674af-7c7d-4e06-ac52-ec383c4d2758,354f9914-5698-47e3-b16d-a24334def7ee,False,,0.0,0.0
c4be7016-0922-4c2a-a2c6-3d1bd5ffeab7,a93dbf91-66bb-4d3c-acad-002a62a765d3,False,,0.0,0.0
edece926-e99e-42d7-9fc3-5f227dccecb0,8d9f42bc-b0e0-4156-8ef8-8a52e4cda3b9,False,,0.0,0.0
f22852c4-44ee-452a-b1e0-b4b6d8a209b9,295c1b59-3807-4a8e-be3b-eb35e1ebef9c,False,,0.0,0.0
1e4b0f9d-0c1e-42e4-ac4f-912ba67347d0,f5d92b55-74dc-4f13-8960-a41b25a744a7,False,,0.0,0.0
a48f48bc-86b4-4aeb-ac3e-634c87ebbfd3,e62c54bb-ff01-4f14-997b-d00e34757171,False,,0.0,0.0
4d579302-9c5f-43eb-ba14-769629c54316,72811822-fd26-4e31-8a00-c9be55c5e74b,False,,0.0,0.0
561a4574-0c67-45cc-91a1-4485532ab2d2,d0f64c6d-fa2b-4ff7-a3b7-aaf692dd8487,False,,0.0,0.0
6f9a3ace-1299-4f0e-9d09-7b18b00b542a,9ea56510-4aa4-4837-bd9e-3bb20853d212,False,,0.0,0.0
5c14883e-eded-43a8-9a0f-536f24fca3ea,060fc65e-9011-4e99-9aee-c74ff2591fc7,False,,0.0,0.0
57ed2039-7de0-446f-9356-5889c2a5b29e,c01ba459-ec7f-4c2e-bb00-59ff563bf6e0,False,,0.0,0.0
5b8b3c32-9848-4a7b-ab40-64ff402b3060,910813b5-882f-4c64-b677-450f674dfb85,False,,0.0,0.0
b06f026f-72b7-49fe-94dd-bdcb10aefa6f,f53ca48b-268d-49f4-be5b-8a9233f8457c,False,,0.0,0.0
938a5016-04fe-4e3e-a772-bef021cda71f,e55b116e-680c-40c1-8d57-9ea09b7d5a08,False,,0.0,0.0
f8dad7bb-e910-4a7a-ab1b-197b4644ed86,2d9be542-9bc8-4ea5-a2b5-e74d38c0f0c3,False,,0.0,0.0
48ba201a-b7c4-42bf-90bd-d0f1e276021d,4459e2fd-2350-4275-8cef-f4f40efdcce7,False,,0.0,0.0
0fbfac88-fb08-4b90-8eee-3bb22b6755ac,1182d657-f6e3-45f3-be28-cbd9cec84000,False,,0.0,0.0
6852ae3a-7b17-4aa6-9624-ee5ad7ed0ac5,dfb2591d-f9b5-41db-925e-acaf8b67cdcd,False,,0.0,0.0
d6ba77be-6037-44f0-bf38-24000e610e3e,65126fe3-410f-41df-945e-49c7e78579d2,False,,0.0,0.0
b5a63125-a422-4a4f-813e-1f45df22cb21,82e89b5e-4bcb-48bd-bfca-79d85f42cf6b,False,,0.0,0.0
51153c09-90d5-45a5-8ab8-73c56631b520,48acdcf8-f92d-4dcd-805a-fd9405fe16de,False,,0.0,0.0
9bb7bffd-da2a-4987-a365-d940a51fc3b8,0942f1cd-a7f1-4425-8ced-c55b41365c29,False,,0.0,0.0
e3c33b2d-9244-4de4-a247-fe1b7f90c526,f3098246-33ca-423f-b301-13f042bffd8b,False,,0.0,0.0
617f92bd-f85f-408a-948a-1760460e5924,1b9c67e0-81c8-4e2b-ad48-6d9ae69f1f78,False,,0.0,0.0
f267af38-f557-4708-adac-1df1a90c76b7,92419671-da2f-499b-a923-895d08429e20,False,,0.0,0.0
1f494ade-45ed-40e1-a25c-f56d97e0b24e,0cbe735d-bbfc-4897-b027-1efc049fb2fd,False,,0.0,0.0
b5ffa218-eb36-45a0-886c-635752d00d19,97f483d6-74d9-4fb1-9dda-4e36cf292101,False,,0.0,0.0
586f5b51-fbba-4aa9-9aac-316b98b02d2a,184c4178-935c-41d1-993c-5319f43e075b,True,2023-11-28 03:28:12.960852,44478.22,5470.98
d1f6c9fb-8a42-4c3e-a681-6206afbf7a19,092351d9-fedc-4b65-84aa-6e12208a9c4f,False,,0.0,0.0
192b9676-21c0-420f-96ad-55cb75230e56,3efa528c-34b6-49da-87a9-efafb92ab1b7,False,,0.0,0.0
72940a8f-c35e-47cc-a32d-9dd6905a5f56,76435b4e-1508-4aec-8079-3ca3c73e54ab,False,,0.0,0.0
496cf74f-0de7-4da2-8754-4e1db32a3a5e,75c41c37-8eea-487f-9d3c-c9cadb247ea2,False,,0.0,0.0
7cb5b111-dfdd-44dc-8d6e-d90fefbcdc91,fe95c8c9-c16c-493f-9c40-5fa3de2752ba,False,,0.0,0.0
432c9e60-e7ee-40dc-9f82-9ff7d714e13c,8da72e1a-1b21-4b27-beae-0fb8be56db4c,False,,0.0,0.0
713e3a32-e6ac-424d-aad7-5a37b1cf4a42,896f07e5-fabb-4975-a789-3317c2afaa5f,False,,0.0,0.0
620af065-5f04-4bce-a2f6-fbe436c8e510,30de0010-fe31-4408-a671-cd819c2b05eb,False,,0.0,0.0
6b8a533e-0820-40c1-a970-61c9be85fe8d,29568d7d-d57e-4322-8396-63d0133ee71e,False,,0.0,0.0
a3658995-8ccb-4ed6-ae85-88ee0c51822d,0528d309-6a56-487d-bb8e-37e2c32bba73,False,,0.0,0.0
7952e4ad-e12d-4bcf-8b6a-36cd14e95829,64bb419d-dbc4-4cdd-9554-5bb97622f59a,False,,0.0,0.0
50fcdcf8-e701-4d84-8962-225a24c202f2,5e4908c8-290a-42d2-87f9-ee879f35e95d,False,,0.0,0.0
b884e246-6cb6-4349-8f4d-01ef56e7f718,1d5f9ff2-a5d3-49af-9ae6-c21b111139c1,False,,0.0,0.0
5e79889b-c029-4e3e-a3ce-862a59789c6d,626b6e7a-fe49-46cd-8a12-516809bdbd25,False,,0.0,0.0
176fe896-c5e7-479b-b85c-2c33234c1acd,9f40ce6a-07c4-48ba-b1f2-7f0fd1a9af91,False,,0.0,0.0
8b8cd522-db5c-4e61-9d6a-d5c78abb0d67,0247b04d-6361-4032-8b73-633f9e269012,False,,0.0,0.0
7c9ff115-01a5-4e84-a39f-cf732ea5d158,e004c471-85e1-428d-ae70-f6f5015a749b,False,,0.0,0.0
5287e7b8-3df7-4444-8c17-c96f3094cd3b,33252134-ebdf-4eb4-b679-9210efe87716,False,,0.0,0.0
cbdbc58b-735f-4f41-a0db-b63beededb84,b3700e92-92f1-4a69-a74f-6635f236b2ee,False,,0.0,0.0
403ef359-6c2f-4721-89cd-84ef08ed3755,935e2c27-5485-40db-a208-c875c41c233d,True,2025-06-19 19:47:39.164077,3539.24,2627.67
29c2c5b9-a7f9-4fea-9005-a1c382cec383,cc361369-2636-4245-a9b8-8f333c5d815e,False,,0.0,0.0
e5f39841-b5aa-43d2-ad3f-f1c1bcd4ecab,a830b0ba-d43d-447d-a0c4-e0f916e4e6e7,False,,0.0,0.0
8448a03f-2da3-4c46-9ee0-625b71f50a89,db9b318b-12ba-4c10-9b45-caa9a13ea32a,False,,0.0,0.0
2a22712e-e5c6-433d-afd2-dc0ae5afe4ef,0abdbcd1-782c-4fec-9e5d-78a1c5bdb495,False,,0.0,0.0
5ffca03c-e665-4758-b701-30cc5f83abde,44de3376-8a53-4a16-8752-7e223aff81d1,False,,0.0,0.0
787cbfef-3cdf-49f7-8edf-70dcd12bde75,d03c9c2c-bc37-49b1-b48b-9a8c7eb3aefc,False,,0.0,0.0
a9b5eb4b-e600-4be7-8fde-4dff2eeaedab,940d8bcc-e926-4a56-a95a-e210973cb616,False,,0.0,0.0
2ec134f5-30dc-4cdc-8cba-d75ab406a23f,ffc9cf29-7dbd-40f0-9544-59026bfebd17,False,,0.0,0.0
250dd4e4-0577-4102-80b7-12f9881e297a,a8f4c2dc-2bc1-4824-9dae-8912cf70ea88,False,,0.0,0.0
3e515608-01e8-4df8-bf79-5f38033fd4d9,2e401311-c973-484e-ad4c-041374be3766,False,,0.0,0.0
782cb044-4955-4035-aa4c-a140e75f4066,e6fe01cc-5553-431a-afd9-d09a8a74a19a,False,,0.0,0.0
4553fff7-c241-4f05-95ee-89410dfe02ba,d3d39ff9-dc25-45f1-9258-7a1a226e1ecb,False,,0.0,0.0
880638cc-3c27-4f3d-85d2-1df1cea74202,676cf539-c9be-43d7-ab1b-0f5260ae9b09,False,,0.0,0.0
0880042e-095d-40b4-91af-fa60a65282cc,353fce99-ef9b-409b-a32c-ceaed7357f9d,False,,0.0,0.0
89583ee4-c3e7-4e58-8266-fda888740e71,473bccd4-84e6-478f-ae37-b72135ef2b60,False,,0.0,0.0
47e3692c-7fa4-404f-b320-d80578dfd311,c7569b9b-ca12-4556-b5cc-a86b92e92aa7,False,,0.0,0.0
64b763fd-34e8-48d0-a0d6-0213195b2a93,5e9a35cf-0699-476d-9288-b06ad51f03b1,True,2025-07-31 14:29:26.896573,36227.77,23041.36
072a91b9-8901-45dc-8251-5f60cdd3e88d,8ad09042-ef18-4725-b10c-88c063b55bfb,False,,0.0,0.0
d27114af-4172-4102-8b1d-684575787e7f,a01d9aeb-5206-4f1c-a30b-f0db1454578f,False,,0.0,0.0
8a9d6835-c483-4aa1-bd94-0a4333f30ef3,64907a63-36a8-453d-8e90-ee87a4dd2fe1,False,,0.0,0.0
1582fd8f-4772-4a62-b2a5-5bb9f17468ff,652b1328-422f-403e-bc29-c667233089c9,False,,0.0,0.0
134c01e4-fbdd-4689-8b72-dbbdbca8c19d,2ebfaf4c-8135-42e7-b8c0-0141ddf194d4,False,,0.0,0.0
19e4a8da-30c3-400b-a88a-b6bb5a3b66d6,af5235bc-f8ab-43f4-b2f9-ade159debc39,False,,0.0,0.0
99d1ed75-9cd8-45f1-a71f-4cb7d0ab2463,1b993f82-fdd3-4eea-92d8-8eb166b9ce27,False,,0.0,0.0
66cf714f-f3a0-4705-9d6d-2f74f7fd30d3,f3fac150-7429-4f81-83a2-15ffa660604f,False,,0.0,0.0
5337231a-9ec4-4f83-85e2-8ac600e5a27c,c0ff979e-bd29-4827-a0f2-d1dc6b55ae42,False,,0.0,0.0
7a1bf277-8486-4e47-873d-217a25664076,27facb5d-c74d-4800-be1e-0254e35aac0c,False,,0.0,0.0
71e2c27b-f725-4928-b0e9-bb1f30e7f2ee,e0094827-9672-463f-8f0a-1d5b14570a44,True,2022-06-30 16:18:15.996502,5344.43,3863.15
e113bfaf-3dc6-4154-be42-92fd3f67aa0c,2a6445d3-48e8-4f79-98eb-a4621976a39a,True,2022-01-10 23:13:39.574420,7425.94,3837.32
2325c3f2-c8f1-4df1-9ca0-fefcb3c22b16,f5b0fa1c-b013-4951-a3db-2b6da8cfa238,False,,0.0,0.0
cd8219a3-db25-4340-9647-58c653cc5514,0e03622c-110a-456d-b2d9-32a41583367e,False,,0.0,0.0
4c224e22-d39e-46a1-a206-adc1197c0010,2d3dab8a-7047-4d9d-9208-26b8611eb15c,False,,0.0,0.0
d7015dbe-e647-40f4-ac92-e55ce3641696,81a4dce0-c800-4f5e-b139-c12d3881efd7,False,,0.0,0.0
78a1f2fe-53f2-4824-8153-41e7bfccf352,01f73517-7c4a-42db-a105-06680e49a743,False,,0.0,0.0
7dd16cab-c98f-4229-bf42-4f14447add05,68127855-e384-4c71-8271-b0d0ca5c159e,False,,0.0,0.0
944267ec-fdd7-4628-92e3-64d3f1d8859e,bea17713-fe36-44bf-b9e4-21bc1120653d,False,,0.0,0.0
137569c7-24d9-4cd6-a405-f383a1798c57,861d3a8f-d24c-49a6-b776-fc5da2d99503,False,,0.0,0.0
767acd27-e805-4838-9e75-9c15c77dcfa0,cdf5a57f-9c4e-4e7f-be44-b4c74955f0b0,False,,0.0,0.0
978ec172-18dc-4527-9671-c7173f3ce047,6d3e4848-54d7-4728-99e3-05e54a5039e6,False,,0.0,0.0
f3f8e719-e543-4ce4-afb2-c0cc3f327062,e60584a2-08f5-48e7-853b-cc3a4c26fd27,False,,0.0,0.0
ec7f3929-d245-4337-ba63-d6a0dfb0b930,129f9fa5-3b6a-48cf-a0df-542da5b813c2,False,,0.0,0.0
b2f98dc3-df70-4e96-9492-7948acd41a0a,a7641ff1-ce8a-4e7f-be99-919ec696e772,False,,0.0,0.0
7e948ebd-939e-4dcb-a6eb-ff53b3913825,66849b64-34e2-41b8-b606-9f22b6f23b07,False,,0.0,0.0
65347b3a-dc35-4456-8335-a8783e1ce9e8,24ea2f78-24fa-450e-ac70-d93aa260f227,False,,0.0,0.0
f2a1d1b6-cb93-4ac3-8fec-726d91d43e1c,e26e750f-c27d-4696-bc44-35083a9321f7,True,2023-09-13 03:19:20.828429,50000.25,19487.71
2246fb40-821a-4a8d-a8c9-3a2f7b27aa94,64fff7a6-35ce-4da8-9d3d-c371d6ac0d84,False,,0.0,0.0
ba9ddf07-0383-4de1-b707-52d9202cd572,61a93ecf-ec0d-49ba-8b94-729c03fde24e,False,,0.0,0.0
4b3a194a-73f9-47ba-b560-18e675c6509f,076c1833-ca50-4117-95f9-6dfa933ac61c,False,,0.0,0.0
2e9326d3-94a8-429b-a586-84992c3938aa,020978dc-b811-4c26-b748-9b6b97f3d71d,False,,0.0,0.0
aed8a37d-d924-43b3-a40a-80c588dc35f3,060615bf-d1b5-4519-844f-376a4bd01f7a,False,,0.0,0.0
8e3862a5-659b-44b2-9c9f-e2c0f5d97d36,86413c79-e90f-4aac-a82a-e2455a422292,False,,0.0,0.0
1decfe38-43a6-4825-9b84-780e8466e347,648e85eb-d1c1-42db-a82a-113285eb4279,False,,0.0,0.0
2079e28e-db72-4bd3-b8f7-fb8ae92bfb1c,ae3dc742-bef8-404b-bbcf-57d745f84c5d,False,,0.0,0.0
27ebfe1f-016a-4a6d-96c9-b7e83c05c4e0,c33a8761-618f-478a-a66b-4b6db9ec28ff,True,2023-08-30 11:48:32.909416,2111.97,987.0
c7c36ab8-db48-4b54-a47e-24855c84c738,31d46873-c29d-4b1c-8fcb-6df2c5e3b186,False,,0.0,0.0
40353220-3ab8-4297-b342-5b65a92f69a5,3e72e402-3a43-47a1-b52d-ed780f94db38,False,,0.0,0.0
40b01519-b1c7-4f23-8fed-4dde0510d105,b91340e3-9afe-48a7-a0d8-82e46b8d8642,False,,0.0,0.0
fe345b72-05e9-4d75-abeb-d8651d3f254f,1d3208db-a28f-47d0-9612-ad538172d09d,False,,0.0,0.0
21c58606-b461-4755-a6da-02f14385f3fb,3464fd00-ea21-4067-8cf1-493afbb8704e,False,,0.0,0.0
3325736a-52c2-4323-a60c-17d20101e2a6,434a7e17-eece-45b3-ba8d-a12744f64bef,False,,0.0,0.0
adae5a16-ca6e-4abb-b55a-79992619fc89,6f72bca4-db64-4c30-95dc-4812902ea8c3,False,,0.0,0.0
fc8525c1-1f43-4b2c-b9fd-cf93fe166363,b88e33d1-6c10-46cd-9249-944e713db204,False,,0.0,0.0
5aeebbdd-bf62-4f7f-85a6-86e3a1d69bcc,d74d930e-0e0f-4619-a926-61f516ca331c,False,,0.0,0.0
78933e09-d684-4010-92b9-a104cd8af20a,63265564-0175-405a-bfc1-428a7c7ab691,False,,0.0,0.0
e5dd502c-8766-4e00-89fb-aa99daeaa884,de61f70d-76b0-4d9f-a73a-d8cbf8e7158b,False,,0.0,0.0
f805f32c-5132-43c9-8952-84e118a9cb1d,b89b9722-3aa4-4cd7-89e5-8ebc673d4de0,False,,0.0,0.0
abd5e082-886e-40a0-b3b2-b83c93f0241d,5a332b7d-1c54-4db8-b1dd-fdbb80cf9dc7,False,,0.0,0.0
ecc7e5fe-82df-43e4-b07f-7fcb71f4a596,5339eb18-2aa3-4d5e-a58e-8fb63c884bee,False,,0.0,0.0
ca817e64-26cf-4ccc-8ce0-3cec357d57fb,b7696e0e-c07c-4f32-be5f-e7f59252a620,False,,0.0,0.0
aada4b44-ce6f-41bf-9a43-fb3857ee2bac,d057358d-c03b-4a8e-98ed-77989c266a1b,False,,0.0,0.0
11915d67-7ff2-414e-b2f8-9da3ffcf83fb,6cc2e20f-c3a0-4289-b88b-a4454e6c2bae,False,,0.0,0.0
69c08cc2-8397-463f-8cf0-f4d965dc3b2e,3ca0cbd6-78e8-4f15-8775-3db0b795e838,False,,0.0,0.0
e60f7cc0-f360-43cf-ae33-6850a2f6a628,d0b2b078-d393-4f3e-9a5f-838f23ee4016,False,,0.0,0.0
234548e0-b16b-4054-800f-2ec2c177072a,33d3958a-3b74-4fd2-8a2d-6f038f464f34,False,,0.0,0.0
aa32ed14-9f54-419e-9c40-4966da2780eb,99adf607-c26e-4dbd-9acb-0045a449aefa,False,,0.0,0.0
74d9d19d-06e8-43cb-aacc-9b9b5cbe3341,0496122f-5525-40d1-88d4-0d840b653f5f,False,,0.0,0.0
73c0328b-1d2f-451a-bc38-6b96b320a394,b703fa9f-e15c-4c37-a4ab-9bae5aca08f9,False,,0.0,0.0
a09dbaf2-a329-4ab0-a994-51a5ba78701c,f3b20598-a303-414f-a254-4d22944baabb,False,,0.0,0.0
59872770-6df7-4e3a-bc46-8430f9b90a71,1165ed7f-8cce-4653-aa39-6c71b276c469,True,2023-11-17 19:59:49.773605,11951.32,720.9
724f5615-d2d9-438d-89d9-a1a3bd3bdf52,68a650ce-f7fb-48d5-8e28-a0886771dc17,False,,0.0,0.0
21fccb4d-3601-4283-8ee6-6f7aea5b21e5,094f5166-0bae-4d2b-bbec-e5d5a8856294,False,,0.0,0.0
efc59032-c3b8-4403-b1aa-794dd229a2e1,b7636ce8-bd71-47cf-b5b7-7e0cba0ca93f,False,,0.0,0.0
39d54070-c1ae-4693-bb17-0ed394cb9e5e,51f8deb6-3404-47f4-8a48-28afe4ff5eec,False,,0.0,0.0
ec96d0a0-3376-4ba2-b220-87da80980eed,3d7d9e1e-c7e1-46e3-bf71-d4015f09058e,False,,0.0,0.0
d8520cfd-27b3-403d-b775-7e10feeb4747,00937ba0-65a0-4e43-bd2d-ca8673020b26,False,,0.0,0.0
e7ecd4d4-b447-447e-bf24-23471cfb993c,d3e7acd9-7b16-4453-b042-eb9e061285a7,False,,0.0,0.0
28e01f6f-0626-44b0-a051-497d1c653a7e,b89b9722-3aa4-4cd7-89e5-8ebc673d4de0,False,,0.0,0.0
a8b57fd8-fccc-4b3a-a40a-f8dae3d66aa9,8e2b4d2c-af49-4395-a775-957e3ea6ca65,False,,0.0,0.0
b041de05-ee2d-4172-a5d2-8c2926a9ed3e,24f3984a-264f-4171-8a0d-08aedb6e82cc,False,,0.0,0.0
2501dec8-fb32-4dc9-94a7-742daaeba955,fc3b8f4d-fe42-4b8f-8e5a-ef220f988297,False,,0.0,0.0
199d1bff-46ef-47d9-aa5b-c2e030333815,cf35fdb9-bdf1-4708-a6c0-df52f71de9c5,False,,0.0,0.0
ddcdf851-3142-4718-bbb0-37cf87aa702e,f5f5431f-4f40-46ed-9aa5-d4e236c077aa,False,,0.0,0.0
087af802-ac3b-4345-a5ba-9580d37458c1,ae991937-0846-4aa4-bfa4-cfdd01c31adc,False,,0.0,0.0
00f54906-6400-4156-893b-e31d1de50199,761c7a2b-5263-48e0-bc59-69c6a6ea0997,False,,0.0,0.0
6ffaf521-2b1b-42b4-a38f-3efa33830679,1182d657-f6e3-45f3-be28-cbd9cec84000,False,,0.0,0.0
d8a94003-d0a1-4541-b6a2-656ba0e66679,6a5e52e1-f20b-4b32-9ca8-d3ea77cb751d,False,,0.0,0.0
ba15a733-3dfd-42ea-8c8f-e544bb3c1151,61458972-06fe-49ea-bea0-9deb7d84dae5,False,,0.0,0.0
185c8b44-f937-45fe-9327-a2feca40e4e7,d0a05417-2bac-4c89-b1d8-3f7868437031,False,,0.0,0.0
96ae15c3-669e-4f1b-adc6-906fd7e224fe,a2e25753-56ff-4b3e-b80c-fd3dba6a741c,False,,0.0,0.0
619cbe46-7853-41d7-bb28-e327d6c67555,9be5662a-dc97-4a81-bdee-d56a21ddd27e,False,,0.0,0.0
8634766e-8ead-4aa8-869f-3b70b1efa547,59fbb46d-51d3-449c-bfff-a983081190e9,False,,0.0,0.0
806a1574-a6b4-4d71-947a-4ed05fb665e3,0eca3630-7342-44e1-a957-a9dd5258e6d8,False,,0.0,0.0
b3e51015-570e-4096-bed2-f3836e72f9bf,16b3c475-4080-4548-8f25-152b27ce0017,False,,0.0,0.0
d1d794cb-d34a-46a4-b6f3-3d9f0446be3c,929b4c7b-f270-4a23-a957-811d2fd02b45,False,,0.0,0.0
bcf2ef05-322e-4b98-a231-943ad376dbb8,477ab887-4ae3-4a94-b020-366c7a7634b5,False,,0.0,0.0
8d7b8db2-ea86-4991-9ee3-62e0c6aab0f7,2ae2c9d1-365d-495b-a707-9421cfd2be23,False,,0.0,0.0
2d5d7036-2f9d-4162-91de-d980a0178f9e,3c9b7cd1-983e-4d3b-b176-6ffc05fbd075,False,,0.0,0.0
e7bc6635-1ac0-41e6-a251-6c54a4260463,ef55c8e2-3b16-4e64-9849-73b7cb052418,False,,0.0,0.0
e4564f54-6734-442b-8ed9-35c64bbf6562,45f97eab-b43c-4be2-a3fc-722194fe41ec,False,,0.0,0.0
00ec0bdb-006f-4678-a844-96bddf72aeab,85ce7878-a616-4c23-9039-0646f47a4d1b,False,,0.0,0.0
e6307c75-e7a7-4c3e-8cd6-7cff543bc7b8,4377be10-c719-45ea-84e4-992911196b23,False,,0.0,0.0
050e0e30-91e3-4df2-bd03-81dbee1c4eca,9053317b-5f4d-4c1d-92af-891a9639e2b7,False,,0.0,0.0
f241f0b3-d0da-47a4-bcd0-427534ccee80,14c08edd-95f9-4545-a315-0039ced7430d,False,,0.0,0.0
0726f846-1704-4088-962c-be50d66c1ab1,0262bf90-3bd8-4e22-8b0f-ab8e9fa4ce21,False,,0.0,0.0
e044492b-251d-48fd-9fa6-d36cde63b864,a9fb1b54-8fbd-4cfd-8651-a34f5a0f3cdb,False,,0.0,0.0
551be74d-f093-4a41-8873-79f3a0da4412,2223ab94-f157-4169-83ad-6ffdb4479e70,False,,0.0,0.0
0863fc08-150b-46aa-977a-f69a51699970,07fb3bdd-9559-4433-8b30-0329f55c12c6,False,,0.0,0.0
b13cbbe9-9d36-4587-80ad-1e240a5de4a1,21351574-4adb-4f79-bf82-bf843e86cc14,False,,0.0,0.0
2675ffc5-1be9-40be-af34-2f113f732b2f,960a3974-1efd-493b-a896-0c250bb1bad8,False,,0.0,0.0
868d85bf-7dc2-4ba0-8fee-e2f01fe7bbdf,1e521d48-6a49-4f0b-a9cb-31b126ea945e,False,,0.0,0.0
f2c1864b-64e5-4570-aafb-e5b7e0b1eef8,121d87ac-fb26-4d27-9889-55c0090d7d2f,True,2025-03-10 09:23:09.526901,24739.68,9295.67
52128dc1-6e3d-4e98-88e6-87c6a2ed758e,1806699f-b1ac-41dd-b303-343c300b6e7b,False,,0.0,0.0
7a6ab23b-5208-4db9-acdb-a40cc6ee2f91,dee7dad7-1168-4433-8518-8d4dc5a8646c,False,,0.0,0.0
f7d325b6-1c63-4709-a0ed-4f76de09e4f1,668b179f-7e11-43ab-91cf-c46bc037c059,False,,0.0,0.0
5a20055e-c6c0-42d0-8a2c-37ef51588c35,23c52c31-1e93-4ed6-902a-12a5630ae016,False,,0.0,0.0
0e75e6b2-dbef-42f0-bdd7-5d0f51ba634d,a484be3e-2191-490c-bc86-1a6af55db8b9,False,,0.0,0.0
b4f6b319-b0da-4da1-a9da-46e8018083dd,b0385cd1-fb86-41c1-98be-6c14b2675285,False,,0.0,0.0
1832a3dc-5f14-40d0-b2c0-ebac3a6ccb16,6c5b07b6-f127-47bd-b862-32528c45b36c,False,,0.0,0.0
cf3ad6a8-2bf8-462b-8a5d-a3161d51d13e,1345c526-a4ab-4e56-8d03-bd2fd7169b2a,False,,0.0,0.0
547d44d2-f5b0-4a15-b68f-83b6c69325dc,bec4ee08-70ec-49c4-924b-035f24b9be69,False,,0.0,0.0
f5f42fb9-8b3a-4bd6-aaa3-5639639d19c6,e16c77ac-e69b-425c-a8e9-772b8fd7dced,False,,0.0,0.0
9ed2b5f5-8641-481e-a7a5-0d88c7a49041,d586ff50-7002-4916-a112-8e82969c8d45,False,,0.0,0.0
1e281441-2d1f-4a9a-a661-29c5728aadc9,efe5f873-da60-414c-9f16-bfe5df8b6c1c,False,,0.0,0.0
4c3bcbe7-139e-4c89-90ce-29929a575dd6,06339f7f-8ec4-4aab-aefb-4b37a50ee5e7,True,2024-11-28 15:37:35.253471,703157.85,469973.31
977c4f25-afa7-49ed-9307-1e036abf7e70,ea299a22-9914-457d-b62f-b6ee172dc647,False,,0.0,0.0
b301c33a-8e2a-46ee-b58f-87c7231e33bc,07a1012a-e8f8-4e43-8b99-69081d575d69,False,,0.0,0.0
ed6c6074-fbbb-4554-9715-c11c56f9bee2,b5b2872b-a15b-493e-897d-1e5c3155dc87,True,2026-06-19 05:38:47.777300,13394.01,3781.38
391841a0-e28a-4233-bb27-1ed94fbfb86e,2018ed3f-9a8e-46e8-9bae-b471236bc49c,False,,0.0,0.0
2553e7a5-4b84-4112-8da2-93d1f9378857,a18abfa8-1ced-4991-87fe-b08e08f07b8a,False,,0.0,0.0
e1e2fe88-c1d2-4b96-b491-651f4d419955,0937a982-96f4-4688-b33b-5a5d0a45f604,False,,0.0,0.0
da4dfcdc-cd2c-4b99-b12b-a8ea41ab9e3c,9dcb65be-3fc0-496e-84f4-caeb49a4443e,False,,0.0,0.0
304ed454-60eb-4438-b18c-1c9ad44936da,6cd6cedf-52df-4152-88e6-cd4b4febaa0e,False,,0.0,0.0
ae242c3c-0bcd-43e7-b5a5-27ef61dd3bcd,df42eabd-604f-4c8d-961a-9968230a37e5,False,,0.0,0.0
83c4109d-269f-4e9f-8506-fe1dc42b042b,a5c3a0a9-a29c-4dbe-ae8f-0a8837280c98,False,,0.0,0.0
167407e9-ed90-4be4-a20c-c41fda5e28b8,e716eb38-581f-43df-be71-bda810128b96,False,,0.0,0.0
5dd303b6-69cf-40a1-853d-d9d9abb9b069,5b69a9a8-f8e9-4d27-9c3d-bae4c1315e84,False,,0.0,0.0
7ffc09ee-ae61-40a7-91ac-d402740d4d1e,81b83de2-ec07-4a4c-8f72-8efc3187dc09,False,,0.0,0.0
d1c9ab1f-6d34-4174-9863-93cdd513c757,db82b67d-dd7e-4ae6-b69d-5ad492b5a7e3,False,,0.0,0.0
b3079d84-be64-478e-821c-7465e7e29976,094d4b8a-67ee-47f2-b433-005aa5b33e2e,False,,0.0,0.0
7b202e6c-eb71-49a6-a315-d0dd5ca12e23,ac58d464-eb16-4eb0-8434-917090f43724,False,,0.0,0.0
56070b12-a505-4241-80d4-a4cca56b1f5e,0f90bfaa-b44d-4088-97bc-6e8af9653f72,False,,0.0,0.0
d9157b9e-ea7d-4608-a1e7-2fe4486c81a3,5dbe0139-c895-48d9-8907-19db252a95db,False,,0.0,0.0
627acf32-23da-4e9f-a6fc-8fbff91ab2cc,d8d99ad8-255f-40b9-9a87-09bd1fc23099,True,2022-01-13 16:24:12.888122,11010.69,4241.46
d2d7cb1d-4c5e-4bc2-9b39-6dd76c291871,5cff7279-0c12-4a1d-a300-df89da07aa8b,False,,0.0,0.0
a030dabc-9da5-4858-baf5-2ef44628e231,5e9a35cf-0699-476d-9288-b06ad51f03b1,False,,0.0,0.0
2c1b335e-46b6-4674-9cec-16140fca6172,040ebf47-78ab-4513-a03d-b91863c279aa,False,,0.0,0.0
138fde61-66ca-4262-8110-ba2f943ec9c6,743de03a-e05c-4fb9-ae0e-f4aae65e0ac3,False,,0.0,0.0
8291b476-4ed2-4424-9a4c-a6c68a8dbf26,0af87147-bf44-4a67-b0cf-99906841667c,False,,0.0,0.0
649163b1-a190-4688-a76a-69fe0aa9dd1f,8af6d268-1bd0-4f9b-b861-2769242e4cff,False,,0.0,0.0
b2255c04-ec80-4d18-833b-ed440613a446,34491318-42d0-4a0b-8c55-542d02cb42d1,False,,0.0,0.0
fdb298f1-a3a9-4e6a-bde5-c1b3d24e6da9,22897671-7234-4df0-85f0-3f1ccd4a3c8e,False,,0.0,0.0
046243b1-8d52-44be-a39f-b45c23bc539f,f45045ad-2454-4c98-9510-71bcc15d3abb,False,,0.0,0.0
f321be79-d353-4667-ac28-d33a249d2d73,111ac671-f593-4884-980f-65609cf540d9,False,,0.0,0.0
9d2c3081-d1c4-4f40-a5c5-cbee0815f536,9860f848-a74b-4973-b949-54dbfb2cef68,False,,0.0,0.0
aab4a590-a2ef-40d1-8565-be1c2156f429,7f297630-bbca-4210-afe6-1a89d059b594,False,,0.0,0.0
60688b5a-ff00-4e33-a275-3742878296c5,a5b01639-0895-4db1-85e5-26e19b559178,False,,0.0,0.0
ec07b895-81bc-4f82-a2f5-38ffa4e20f6b,7a0430c4-58fc-4448-a555-e0870ebb51ae,False,,0.0,0.0
2050b939-d177-4ce4-82d3-0aba3190a0f2,a0ca381c-bc3d-468a-87d4-9f499cc15301,False,,0.0,0.0
7c5203a8-ce94-450e-868d-2573fb81cfde,14fe9960-a539-4212-a34a-35ebec2be308,False,,0.0,0.0
fa5cb719-c2d2-461f-8243-3109b516a9d1,85261ad4-94ed-4114-b672-e14bcc4bbc6f,False,,0.0,0.0
c1abad1f-f7c2-4a45-9cd4-7414d2ac0874,d5b6eac1-28ec-4d72-a36f-7abf82c901df,False,,0.0,0.0
c44a9a66-4e4b-4c3b-b7bb-0cfed79baae9,de4b2801-38be-418f-96d0-d89df2314c7d,False,,0.0,0.0
0cd3d419-cf31-46f8-b49d-3ccfdcab3435,9ef63a80-179f-4235-9f2e-f2803b5844f5,False,,0.0,0.0
7cc93c54-31a5-445d-aeca-487dc2da58e0,4410d892-7419-4962-9f8f-a9dd7daf8db1,False,,0.0,0.0
a0f16539-a17f-47bf-8e84-5bc4f93a85de,e604d38c-0a9b-4471-b1a7-9435b7c52ba7,False,,0.0,0.0
efff7d35-aaba-49a8-9a5b-287964a047ad,3efa528c-34b6-49da-87a9-efafb92ab1b7,False,,0.0,0.0
88212e3c-b94c-4dde-8ab7-2508531a7bb6,c07126f3-9213-4643-9a89-8be79e49b057,False,,0.0,0.0
50e8a476-bd94-4a20-ad55-5bb26fff6c0e,3d4a49ae-e83f-4a2a-92fc-6f48e7e337c4,False,,0.0,0.0
8a963405-a8bc-4853-a5ff-5d2e5418fa4c,d0116cb3-8bb7-4cee-95c5-35c928c635ff,False,,0.0,0.0
236126cc-d7aa-42f8-9561-602f46d67306,1d3208db-a28f-47d0-9612-ad538172d09d,False,,0.0,0.0
55eb4bfd-89bf-4714-becf-0a4be4ddd332,d8ef8f09-4a15-41ff-828c-92a6330e6bd9,False,,0.0,0.0
eb33628c-d00a-41a1-879d-e7e148e1f827,b106c45a-71f6-4ee9-9f4a-47062e795ba5,False,,0.0,0.0
ffe1a1e0-792e-4412-aa56-af41484f18e0,97d20300-97f3-4baf-81fe-1d86e545fcc6,False,,0.0,0.0
4b8c924f-d745-4079-8581-c3db8941f556,92689d81-276c-4202-90a1-2a0b5f96600d,False,,0.0,0.0
10ad5316-55a9-4f11-b383-cfd5c65d0ab3,2d3b840d-a0db-41ff-91c7-0935f03256d8,False,,0.0,0.0
90fdcb51-7fac-45d6-9815-4fda54225200,9c2f3381-7736-4b28-a25e-75c8f8f431f9,False,,0.0,0.0
749c1044-7743-4940-b741-256b1c34bb4e,632cd092-5b80-4397-b347-e18df7dea35a,False,,0.0,0.0
a556471a-2da3-496f-bdb4-136daa445620,e2b6a842-d2a8-4922-a518-93471e910b71,False,,0.0,0.0
27f058e8-5330-4753-85e3-28ee8f47f1b1,78dc340b-4051-491c-9ac1-ad6984f612df,False,,0.0,0.0
612e4d57-4011-487e-81f5-187f8a08baf5,8e1483d2-2f99-48ae-b36c-1a10e4bc9bef,False,,0.0,0.0
2efa284d-fc98-4edc-9823-e92c42481908,f2b2d2f2-b366-41c5-8ef4-83f671d5a861,False,,0.0,0.0
7ea708d9-0988-4fc0-b145-c5910e5d68df,ab6b897b-0ccc-441d-9d3b-9ac6be24af96,False,,0.0,0.0
5f8034b0-c63f-4c9c-8811-bfad6e2f01ab,b04fd83c-1773-4d21-a906-222b8a00cf6f,False,,0.0,0.0
826b329b-0880-452e-be62-9b79a1117d4f,c1204784-51e5-4918-9f04-ea9f4505f98e,False,,0.0,0.0
66f2b401-3993-472f-8e00-8639905ece1c,8c6ef4cd-f9d6-4e8e-bd61-de15ae53719c,False,,0.0,0.0
6da64936-e08e-4857-ae4a-6f6e3ed2faad,02b49d26-672b-4fa7-a95d-a34b5b860e79,True,2023-07-23 05:16:27.536414,5552.11,664.3
6c87bec6-c223-4ea1-9a08-0d4b5a66d5df,0777cad1-c900-40bf-b1b1-59b61e8c8499,False,,0.0,0.0
6c3d9815-4089-401c-b6c2-e89042db2d2e,a7fb859f-7925-4d0f-a545-5ccc35b39c0e,False,,0.0,0.0
3bd73015-748d-4c22-8948-91c70eb8d1db,e16874df-5639-4a74-a768-b119fd9077b6,False,,0.0,0.0
b94edf0f-6a52-468d-8530-3307b60dbdb4,e4a6da33-bda5-4100-bbaf-f9ca565854d5,False,,0.0,0.0
8576d29a-874f-4e66-847d-3c7c90425929,ae957e1c-667a-4370-ae12-d25593ca3df0,False,,0.0,0.0
1a2e6a01-a7d2-4376-b0ed-da0df5a5a824,dd50f7e7-d8fd-4386-8748-3ec122d1b5fa,False,,0.0,0.0
98b1ff82-c0d5-4e41-ae9d-a9ad76456d0f,352b6689-a39c-4730-8f62-06f19403ad3d,False,,0.0,0.0
84e2afcf-6740-4452-b213-7c1078a18641,6c05df93-969c-482a-bb9e-88f856ebd83a,False,,0.0,0.0
9b290f00-d0c8-4c73-9590-8832fa7797e5,bd303739-8f5a-4787-8edd-8e22536019db,False,,0.0,0.0
054b2e47-268a-46d6-a97e-7e0c23d6420c,e53b7727-b209-41cd-873e-45170b4967db,False,,0.0,0.0
ccb16f7b-c94b-43de-9fd7-f4c3f0abeec1,96944fa8-afb7-4dcd-afb6-f3c9a798deba,False,,0.0,0.0
d37eae1d-8620-4dcd-bc5d-b4ac0de10b96,b95175be-5c89-458a-96b4-4b0c576bd523,False,,0.0,0.0
62cc561c-7f86-4256-8ef1-9252871b8925,af5235bc-f8ab-43f4-b2f9-ade159debc39,False,,0.0,0.0
e914685a-3cf3-4d21-83e0-a2012aa02c5f,d30606ae-69ed-4072-bb81-c774c67651b3,False,,0.0,0.0
bc52ba1a-8edb-4d94-bb47-0a4ab177296d,24b0e62f-85ba-4504-be07-90f18fc23d26,False,,0.0,0.0
070b67f6-3636-45e4-9933-76e883725c60,b9a3773d-d283-4904-940b-f9dc65fd5412,False,,0.0,0.0
30f5314c-4d12-4224-a07e-5e5288831c9f,90c031a8-a28e-4ff6-a1fa-b7e41c230f19,False,,0.0,0.0
a3ba842c-d829-4ef2-a2b8-ca186ab09e66,16d49f2d-103b-42ed-9540-d6f59f8c9841,False,,0.0,0.0
2558fff8-d9e5-493e-9d47-094963346a2b,960a3974-1efd-493b-a896-0c250bb1bad8,False,,0.0,0.0
9a7fcf6a-882c-4246-b35f-e719e2c46d4f,8a5abc61-9924-45ee-bc8a-fb1dba99267e,False,,0.0,0.0
160bbe3a-9728-4a8f-a086-de119806ed59,ffb1c192-15e5-4e78-863e-9bb3f37296a2,False,,0.0,0.0
944a9847-31a5-44ab-83d2-84efc9d1ae57,455f8af7-d21d-437a-9504-882cd6d21f63,False,,0.0,0.0
54fef645-8664-46b3-b45a-fbd2a2cddef8,76237f14-9d86-47ff-b758-16cf761df97f,False,,0.0,0.0
8f285241-d240-4540-b40a-d132100fcd6f,c329732b-5114-4ac7-9588-e38e8dbff478,False,,0.0,0.0
bfcb585f-5f2b-4318-a209-511b1de289da,bb2168c4-a318-4a65-896f-e30824f7e239,False,,0.0,0.0
218be13d-136c-46a5-b6d7-80cdd8fc9ee3,b91a7793-5e7a-4fce-b530-57b9295026e5,False,,0.0,0.0
ea6eeadb-4cd3-4c6c-af85-3e6967c23efd,16e7bff3-d2a6-4853-8c50-1e6e27ad082f,False,,0.0,0.0
e6e746e1-f9fe-40ee-b221-5c91fb2ac127,1ec80917-af74-4001-8023-539bc9f99d37,False,,0.0,0.0
249ca30c-1b2f-4043-aa45-0f5f97534525,b0e28479-a8f0-4513-a650-bc24f84b241f,False,,0.0,0.0
e8dde0db-70a4-4f2a-bd3f-62d2c6fb2c80,b6ef2c43-7b93-4d83-9f13-08200f3b35f9,False,,0.0,0.0
89719c1f-213c-4c7b-a662-ef751d6f1475,2d3dab8a-7047-4d9d-9208-26b8611eb15c,False,,0.0,0.0
dfd91acf-702f-4136-bd54-6ce4167140a2,850f7bdc-ddf7-4263-a806-5678ad478200,True,2023-03-29 14:05:33.712805,11834.4,3868.87
ef0bcc25-c20b-497e-a061-6f3f5ef8c367,df94a2f8-0644-4f36-b31b-38886b6ab820,False,,0.0,0.0
81dceee9-6bd7-47ac-9f11-bfd3bb8c1046,094a8492-d88d-41dd-b21a-3244cf6579ec,False,,0.0,0.0
bed6ea87-2d85-4b3e-be37-e57076757d8b,250d235f-1feb-41e7-bbb1-591b2e832bbe,False,,0.0,0.0
7a26e4e6-ccb8-4629-aac5-1b3ff97d9096,ab30f1b1-bb4c-4947-8748-b576fe3a4f96,True,2025-11-07 12:56:23.740677,22049.52,126.9
d8792f94-6ef4-4e54-aadc-f4abc4378635,0bb9c606-5320-46af-beb0-b8d1e3e7e32d,False,,0.0,0.0
8e2f1bb1-8a7f-4e24-8ccf-fad44cc16f83,f0e67cd5-faae-4f71-8be2-39725d2db4f9,False,,0.0,0.0
f03e23f8-13cf-4fe3-9425-f8f0896c6833,53921935-d6f8-494c-b9fa-35e6c98afa08,False,,0.0,0.0
840dda87-ce59-4017-9bb3-46473e6d6593,b54ec323-1e53-45da-8780-b3eedcfa02a9,False,,0.0,0.0
914242e5-4024-42d0-bb28-af0dcbf78990,5526db8e-922f-4bcf-8501-e79ef1204008,False,,0.0,0.0
77b8ba6a-c086-4abb-ba18-883617cd1077,7731b193-e283-4b28-af9e-a625f091f0f9,False,,0.0,0.0
e26adbdf-8871-4aa4-96c7-26874a5ddf12,c2b8efc0-d76a-44da-8fbd-b62246c9ae33,False,,0.0,0.0
62e4f3ad-28b9-4fd3-8d9f-503bd83fb4da,37d9f94a-87e8-43e5-b4ae-6f01bfc3535d,False,,0.0,0.0
63e6a11c-40d7-4c8b-9fad-f3654dc3db47,d9f0fa1f-c2a1-4a12-89ce-ab51a79a80da,False,,0.0,0.0
42312393-f35f-4a33-8e70-25b303f1234b,08683cbf-aa0b-4687-9d12-4a2233d9014f,False,,0.0,0.0
88e7b107-415d-486d-81df-691c7652cf5f,20323ec5-2f4c-4a5e-869c-4218ecb55c92,False,,0.0,0.0
8537f988-37d7-4a1b-be16-4ccbc8a2a8ca,c9425b82-0c20-4760-814f-5b9f82a54c56,False,,0.0,0.0
11f8307b-38d7-415b-885a-4bde64b21590,dca4b19e-5ffd-41cf-bc8e-920df692f963,False,,0.0,0.0
9f151fd2-13c6-4b94-92de-5471a66d737a,7d6dca57-cc80-4698-8765-88fe75f53328,False,,0.0,0.0
c94da4e9-4f2a-4c72-8342-95e021fb5a3c,b195fa9f-3afd-499e-8a19-de1f5cd70899,False,,0.0,0.0
0b8ddf64-1e36-47ae-8cef-f19401cfeb30,0043384a-f987-4ca6-9f2e-621e930951a6,False,,0.0,0.0
c9082252-0e60-4bb8-a4e7-e392f5f0d712,1dd19a42-cb8b-457b-915c-13dec14df98e,False,,0.0,0.0
7f189c9c-054f-46f4-8477-2e4b7a9694a3,47155ad3-8ca0-4d2a-9a93-98e6f487b599,False,,0.0,0.0
2b19a9aa-b5f7-4a50-98ff-694deeeec1ec,5a0fdf61-5571-4266-96c0-2601db4d2d18,False,,0.0,0.0
b659b129-3aaf-4d64-8809-6479620f4e46,c7569b9b-ca12-4556-b5cc-a86b92e92aa7,False,,0.0,0.0
ddb294be-5202-4448-ba17-782dc28ece51,8f6a9f1b-ad82-44e3-8eeb-2a03f676831f,False,,0.0,0.0
ce2ef3b2-99fc-4614-8831-8f0bc9e56799,3fab0c74-bbbb-4ccc-8d8e-352b37328d15,False,,0.0,0.0
b07934ce-e8d4-43e0-8a3a-4cb679a90e4a,eb19071b-0b35-40a1-bfa5-e99ffb23a4b7,False,,0.0,0.0
6245580f-3f38-44e1-b92c-f1b139513a46,32e72520-4d83-4055-97ac-720e0626d3be,False,,0.0,0.0
a778f139-aae2-4b7f-8cb7-ed677bb9f40c,bd00ff19-608d-4135-8f19-9b9217b4e6d0,False,,0.0,0.0
7a77bb92-b5c0-4ecd-b675-26182ebb31f9,0426fe7b-0604-46dd-b0e5-ce91d082b3b4,False,,0.0,0.0
001cd321-ea7a-46af-b78e-dc77cf66534f,c6a22085-38cb-405e-ae3a-1f32d70b1463,False,,0.0,0.0
1412e07b-4b60-4bf3-acd4-4a8a52cedacb,a0f155fb-8d64-4c21-8fc9-3778288510d1,False,,0.0,0.0
89cc2f1e-966a-4d3f-9f30-6c58caa8f780,86403806-a366-4154-b136-e9e57f71a837,False,,0.0,0.0
3ba29acc-ea9d-4382-bf6f-d6bfef03ce54,0fa38669-b33a-42a9-ba73-42fc741d6857,False,,0.0,0.0
36811c52-d974-431f-a59e-9ab3fe169582,81d9cff9-9de2-48ca-8edc-3a083442853a,False,,0.0,0.0
c789db9d-ffbf-4f71-89da-2a304e41d506,9bc27450-a3a9-4472-b002-0f5e8a5acb4d,False,,0.0,0.0
28ff3424-e1ca-4b98-af05-03998999e43c,12049b0a-9e11-471c-a8ae-6b4bdec2c775,False,,0.0,0.0
743cfcc1-8613-44a2-ade9-19b0ae5bcee7,63265564-0175-405a-bfc1-428a7c7ab691,True,2022-10-15 01:10:31.421252,9545.99,1227.52
93b83011-de61-45a1-96a4-981772056d2b,32e72520-4d83-4055-97ac-720e0626d3be,False,,0.0,0.0
fbd3d280-03f5-401f-9cd5-91f20bd226ee,96fdad96-2681-45bb-9fbb-3a4326da916c,False,,0.0,0.0
70bcc8e9-898c-4dc1-971d-d21e7209d374,7f527025-b3ed-4b04-a307-840278e6e25e,False,,0.0,0.0
7c773ff5-9aee-4656-9310-517e394be49f,da69aa76-be4c-4dc5-bb57-40e9876796d9,False,,0.0,0.0
26e3d9da-a035-4fb6-a438-999de51facbb,afe1d845-a18a-4249-945a-1de3731dc76f,False,,0.0,0.0
8c2ca922-4add-4c43-8161-82e641027557,14669189-5ca4-4e71-a8f0-e5f2e1568ad3,False,,0.0,0.0
53169520-890c-451d-b8cf-0e2122037bb4,e6b23125-d568-492f-9032-5480b01b5658,True,2022-06-30 07:29:41.542574,63665.79,4076.63
f1269d70-d5f3-4749-9da7-70808047f957,3f55f644-f278-4488-a5be-290abd4fb6fc,False,,0.0,0.0
ea17ea95-2db0-4642-9415-367b82ce6275,73cd3e91-2f5b-46f7-849c-230d3bb11ffe,False,,0.0,0.0
5e862102-310a-44bd-ab9c-d06d0f80c76b,d1c1f266-ce9c-4015-87c4-0854d6d4eb06,True,2023-10-15 05:03:36.474967,14078.51,5867.99
b6e42f41-2d3e-46d4-b38d-2d65b4185a05,929b4c7b-f270-4a23-a957-811d2fd02b45,False,,0.0,0.0
ebac9c71-db2f-4b64-a47b-e0301d660421,90c031a8-a28e-4ff6-a1fa-b7e41c230f19,False,,0.0,0.0
2bf81303-d5cd-4deb-9f70-020fc4f10782,1be52474-bb14-4720-b9d2-6141c5a435cb,False,,0.0,0.0
802b8c98-0d96-4b43-8717-20976b37a0e5,cc1de42d-07bb-4002-b1af-6608abfc8586,False,,0.0,0.0
397e308f-e1e8-4b7c-8eeb-917cca61e501,bd0443f0-7027-41f1-9ef3-6d4d9d85aa72,False,,0.0,0.0
1524119e-0e20-4afa-a89d-40f0d2ab102c,c3bf7d44-acc9-474d-a3af-f1a4a6ebb88c,False,,0.0,0.0
41d9baa2-c4a8-48e2-957a-6e540e35a692,76bd0773-d805-4e6a-ad91-6caf9c446194,False,,0.0,0.0
ec88bcdf-a030-48be-aac5-850980ab9cf4,8a02711e-02f3-44d0-aeb8-c6eb700affff,False,,0.0,0.0
1aca0cca-7c5c-4591-8b00-4e2b0d2a278b,97affdcd-26a1-4f29-a85c-ecb9ed6d216d,False,,0.0,0.0
8148c9fa-95d7-4c5d-9051-4e34544dbb71,9bc88efe-4688-4612-8b64-e782718296af,False,,0.0,0.0
a3c13ec2-eee9-4fb4-bdd8-08ee9e98dec1,bf79dcb6-abc4-4f76-9718-27dfb4c0c39a,True,2023-08-27 09:25:57.657507,124171.86,51239.63
f232d60a-464d-455f-aa67-00a6616e4eea,5e065732-03d9-4317-9d7c-24ce85d5bed9,False,,0.0,0.0
2b124139-f694-4157-83de-59886c24f92e,aa7898aa-95b2-468b-ac92-275a68599dc4,False,,0.0,0.0
a6c2315b-c4f3-4d40-bad2-d02625822a5e,f9fb722d-a51c-4d2a-b3bf-bdabb7b24f20,False,,0.0,0.0
8d23c35e-423c-4e27-81b2-015718dc8481,fdbf4aa4-e211-4c10-9368-c594e09b6f17,False,,0.0,0.0
90fa9e82-3d05-47df-86db-5fc68ba4e45f,d972c236-db84-4c06-984d-6427adaad2f9,False,,0.0,0.0
f3486d0e-916a-4228-b773-c18a3ecce906,2d49d235-bc77-4a20-b4a4-cb8027379316,False,,0.0,0.0
76de0bcf-64a3-4fd5-a6c7-a136924f3b59,c362f40b-d309-4fc5-acfc-4fb4268c3b15,False,,0.0,0.0
abe45e41-f1e2-4b0f-a28f-2648e6dddd5e,90c031a8-a28e-4ff6-a1fa-b7e41c230f19,False,,0.0,0.0
33fe2f9d-9110-4969-9242-deb95b1cf005,97e4e173-9d63-4da6-a29d-c0737a7b029b,False,,0.0,0.0
29f3154f-5fc4-4911-a9d3-c28068e848a3,46cbeb60-37d7-4d4a-b718-a6ad2209cd5f,False,,0.0,0.0
231f4c89-0691-4bba-a64a-2f0cf5db3052,0067eaa6-483d-453a-bc9d-b77e398c31c0,False,,0.0,0.0
15ec212e-18a9-49c5-96f4-5e4d84744fd4,c5c19ddb-917f-4389-a146-02b4eac2e8ad,False,,0.0,0.0
fc910a3b-f214-4813-88ab-77d2cf073238,0c9ef5aa-a8ef-43a9-8db7-5f5750452f2b,False,,0.0,0.0
da318259-3e30-42f7-ace0-954012efb0e2,5a357945-5813-4496-aed9-dac5d18097f4,False,,0.0,0.0
f2b23f04-4fd5-4d05-9a21-72c5de9df64d,0b53d4e6-301e-4689-bffc-b3fe23593443,False,,0.0,0.0
792802d6-f8e7-493a-8d1b-ea9cdab4428e,d12b32e6-7d53-4cdc-9790-6117ed1d4adb,False,,0.0,0.0
5f88c5e2-4942-4e7d-80e7-48bbf2d025cf,f88c2664-01bc-475c-9cdc-23fc50805bbf,False,,0.0,0.0
877d90ab-f1fd-4024-9038-442fbb07e04b,057eccfa-15f3-4747-90bb-5ed3c9765bdf,False,,0.0,0.0
6c44017e-2d6b-426c-905d-4d4e490abe9d,478b640b-3868-4ee5-aae9-81cb2c6d523b,False,,0.0,0.0
6393a279-51bd-4dbc-8260-72e8ddb1c76e,cc40d3a5-94be-40bd-b5d2-4173ee56aea4,True,2022-12-08 15:09:57.971682,17614.31,8544.54
4cc5a208-5151-42a7-bfe3-e8fef3b24713,402bf495-39e9-46ef-bff1-80d21af03c73,False,,0.0,0.0
45c5bb05-77b3-455c-b67d-04ede6483d48,32773b28-ab3d-48ac-b5dd-b7d2ca7cd927,False,,0.0,0.0
bca7a5da-d1ff-42d6-ba81-b5eb7e9b1762,24c4e6ca-8a66-4d77-a049-315b00938d5e,False,,0.0,0.0
d2701999-f556-4905-8381-4d92159a193c,bff49e06-59e3-40f6-93b7-8bab38151095,False,,0.0,0.0
5143f138-ad62-4db0-a5f2-b3ea80faaa56,7a2f2c57-94ce-43b7-82fd-7e2d95eef403,False,,0.0,0.0
9c2ccef9-42c5-4bee-8b73-92b1f934b9d8,679b03d4-fdc6-4ebf-b96a-3419f906dfde,False,,0.0,0.0
15e16417-aab7-4b6b-b7fc-517625c54391,2344f207-f0a1-4255-a71e-bf8e979bc54c,False,,0.0,0.0
09c45cfe-34ed-4199-9d91-df6e0623960c,5b5dc6ed-ef45-49fb-9955-5d44b245e656,False,,0.0,0.0
8ce71d9d-26e7-48f7-8399-0a1985be85b2,4a298783-099c-4929-9705-9671b031a179,False,,0.0,0.0
cd99bd06-be50-4544-ad09-7a9b741bb53e,8e07d8fc-83b1-41ec-bba5-a5dfb5786277,False,,0.0,0.0
e6e2f845-e2ce-495f-bfc0-db37f0cf1391,624f88a5-16a0-4b2c-9ddc-a90ae7215e6c,False,,0.0,0.0
0a6f3994-53c6-43fe-a156-b3eb427c70fd,c82585fa-c60b-446e-86bf-1fb70e2bd8c9,False,,0.0,0.0
6aba5e48-d7ed-4ecf-a471-06f6e22383c2,227c27df-377f-4ac2-be19-cad732af7b95,False,,0.0,0.0
2c46885d-5c72-4519-900a-e9fde45c9b49,4a36acf1-f9e5-4053-b3cd-a586320c6b84,False,,0.0,0.0
73f124f7-5b84-4493-b311-0514e8a35b99,8338b815-cd9a-4a65-9de6-346755ec2b78,False,,0.0,0.0
5ddb4b6c-8db1-4402-bdf4-dacb386c835e,be901a64-a0cc-4d31-8e22-efcfd02b4c3a,False,,0.0,0.0
dfac1ef0-ba66-4120-bbd6-c5ac7baa3b89,35c87983-910b-47f9-a1ae-25a6f1966b21,False,,0.0,0.0
92aedbcf-0d90-4a4e-bb3f-cd2c5c60a511,ec0389c1-23ff-48b2-865a-5dcda016d50a,False,,0.0,0.0
ef3d7709-4491-4ed1-a58f-78e4cac90f4d,ddbb3fa4-0679-44f2-ad92-38a459225b53,False,,0.0,0.0
6d43a42b-ce16-4a5c-bccb-00b93a313337,7f849eea-c661-4011-b3fc-e192cf8e31a3,False,,0.0,0.0
cbc47890-4a95-42e0-b803-ea12d929ab65,fe034a0e-74cd-473b-816b-44e19d4a305f,False,,0.0,0.0
4015256a-ed47-4758-af24-78ffef3e5663,fd780916-aa84-4060-870d-eea0bb09e763,False,,0.0,0.0
576a149a-e520-45c9-9e98-be4b0b3c1fa7,28d217d6-65a6-4c40-b5fe-ea0a5d3da878,False,,0.0,0.0
a95d8064-5d87-40a7-952a-7d45b999c01c,61592130-aec5-409c-9226-15b299cd0df3,False,,0.0,0.0
01f0d958-a376-4004-909c-24ad29047849,e877a70d-692f-476c-9a20-4dcc4ae8e236,False,,0.0,0.0
97f786c2-2e8d-44e6-9d9b-2ae336c5f76a,e6bd4bbc-e3a0-4a3c-8c44-d60f8efe59c3,False,,0.0,0.0
c931a59a-e980-491e-b54d-c65ea774b105,c82585fa-c60b-446e-86bf-1fb70e2bd8c9,True,2022-10-17 03:35:00.634566,10896.2,5900.62
374e4d5b-79ca-4096-b0a6-74c14150f450,98343ead-4239-413e-b33f-f435207479d2,False,,0.0,0.0
ad4762d2-5b60-4563-82d4-23d4b07ec335,527c9dea-6324-4e63-b535-ddc2c555b4b5,False,,0.0,0.0
76f968e9-873a-4395-b9ba-eb39699a078f,9b23854f-a3df-45f0-a97e-86fe3f8b015e,True,2026-02-28 00:29:23.871175,15813.13,123.0
009ce45e-b63c-4aa7-bd8d-8882a9967a4a,21ce7ad0-73f5-4a4e-b67a-004b71d87c8f,False,,0.0,0.0
4ac82a23-b259-456c-ba72-eb3e95c82787,6e0bc459-ce30-46f3-abb4-ee3817467451,False,,0.0,0.0
107e79f1-d021-45af-87cb-12bd27934057,f5e1ab65-8bd2-46cc-b1cf-3224f0cb8112,False,,0.0,0.0
d5f1df39-a33a-4298-84d0-0e3c299171fa,8ff01845-0f90-4d63-a8b4-9b00c86768b2,False,,0.0,0.0
f7e408f0-3221-4861-a799-41776176c473,004fe610-299a-4d68-ba0d-bbe1c105ab46,False,,0.0,0.0
ad25d8b4-336e-474d-ae55-6a1b6d72d157,0a524e33-3a08-47d8-9666-7ba856bebe18,False,,0.0,0.0
2e07c322-cd57-4893-8a9a-dfaa9f8b1341,bab4eb77-959f-4841-ad19-312dde3b5a64,False,,0.0,0.0
d608a476-5586-4398-be54-9edc5a32c5eb,944af6a6-83c1-4496-999a-2509203201a2,False,,0.0,0.0
f040efe0-5b07-4832-b66b-02fca630050b,e1b3b9d1-f887-4c21-b69d-2be14bf91d08,False,,0.0,0.0
f20766dc-73c1-4198-ad40-0a5710ea2e4b,032a0c06-4f55-458e-8618-93ec82d768c6,False,,0.0,0.0
1ed6ac9f-9ec9-479e-a458-265175d905ba,305c5d6f-0997-4b9a-9fdb-482df69d1805,False,,0.0,0.0
2575fccb-ab06-4594-ac9e-a701db56f174,21ce7ad0-73f5-4a4e-b67a-004b71d87c8f,False,,0.0,0.0
eef21a51-311b-439c-96b9-144acabd7fa2,2541f181-f29e-425b-bed0-4e680d250730,False,,0.0,0.0
5f2e2ffb-62ca-466c-bff9-0f867614adb2,b1fe69b8-0936-412c-a36d-feba6148ca39,False,,0.0,0.0
321fe429-279b-4d9f-b6c4-9fc775fb6b60,e16c77ac-e69b-425c-a8e9-772b8fd7dced,False,,0.0,0.0
e64ff056-d8b2-4d1f-87f7-d6c6b5c37891,aa3961be-c93f-4c2c-94b5-e773df973c95,False,,0.0,0.0
7504c922-0649-411a-91cb-65461ea8453a,c04f4bd0-bcfe-4408-9ac7-25a740b60c17,False,,0.0,0.0
cdf5b130-e940-4e7f-82fd-70a05ad114dc,1dadd807-16d8-4599-ac66-69e6befb3cb8,False,,0.0,0.0
0ddb3ab7-1592-4bad-bcb4-cd788431d3ff,266a8b90-ee28-42f4-8a76-a0ea0b6b9944,True,2023-10-05 04:45:19.675676,4662.68,931.4
40d85178-d927-4d9f-93b5-79df0e34b828,2c1e86bb-aac0-46bd-9140-a95d62cef959,True,2025-11-06 22:45:51.514027,1028.71,87.8
20848276-2708-45ae-aa7e-cee4487159a4,e119e331-0538-4bfd-81fd-1281861c2a6f,False,,0.0,0.0
7bd52e09-4f85-46b7-a12d-04dd4a99d25a,5c3e82e9-6867-453f-8ad2-1d5dacfb605e,False,,0.0,0.0
5203176d-75c1-42e0-81ee-96956dab2940,e2b6a842-d2a8-4922-a518-93471e910b71,False,,0.0,0.0
2003cfa4-a5ce-4942-a98d-e75ce7b218e6,f001e73c-f5eb-47f9-8f52-3f8a905cbe00,False,,0.0,0.0
10a9503b-1f1b-4748-8543-287e346a518b,18bc2e3b-20f6-48d8-9436-9f5d89cc6b08,False,,0.0,0.0
5c274330-490a-4faf-bd78-977970a1c9af,af001605-ae93-4319-a11f-98efdc3c423a,False,,0.0,0.0
29465b04-2bf2-473c-b587-1439e531a1c0,3ff5ea79-7cae-4dfe-b4dc-70c6e8acd757,False,,0.0,0.0
0f58e9d2-cbcd-4589-8849-2963d853bdcc,1ff49019-ac4a-4701-87d7-a39309cf1063,False,,0.0,0.0
3e4a0851-2330-4e35-8349-58ec76b2be08,9af4ab8a-8908-43f9-9619-5c4f4db1f8cb,False,,0.0,0.0
051a54cc-93c5-4ff0-8a50-71738af6a68d,c0ff979e-bd29-4827-a0f2-d1dc6b55ae42,False,,0.0,0.0
6b58a9a4-ce93-46e7-9384-e9864d6e785f,96b0356c-a49c-487c-87c9-021ffdc6dba9,False,,0.0,0.0
1b66d82c-83f6-4b82-9875-1fd14cff5e67,147eeb2d-5a39-44e8-95e7-7e009eb01a8e,False,,0.0,0.0
c658a843-491c-4c17-868c-f4b0e8f902b6,d4d8c52e-d4c6-47db-bcb4-8481b4f82d12,False,,0.0,0.0
b535991a-585a-4877-938e-97c97bced85c,5e66d8fa-de69-4076-9f8c-edcdc91ceaae,False,,0.0,0.0
09e30b10-8086-4c67-b7a0-3ed476477385,ac0d8818-8349-4078-bc4b-2732a170920c,False,,0.0,0.0
0d85d141-5f91-41b2-b644-7f42c94563d9,0faae5bf-b900-4086-aa21-e1537b2cefe1,False,,0.0,0.0
7d879297-3925-4ca8-a445-48f1acf7fe6d,989f5496-53ce-44c4-a7a1-550cf4fd7fd5,False,,0.0,0.0
f1acc2b4-046f-46b2-bb3a-0528eae328a5,ce339ee0-15b5-4510-abfb-9abfeb34e953,False,,0.0,0.0
ff67c930-09fa-42a1-b598-5e3e97ff4c13,4a7109c6-74f8-4694-bc95-9cad75e7f531,False,,0.0,0.0
e97b6199-cb21-43a7-b635-bf20b1c14150,5f89a98c-2d6d-42cb-aeee-dca934664ef1,False,,0.0,0.0
bfa6ec53-9c2d-43da-8330-bb149a308e24,0823e20b-08ff-4421-876e-e7c026c53162,False,,0.0,0.0
2aa1784e-b8d9-45a1-9979-7049188ed867,47eb1172-2d47-484c-943d-9bff1a89383c,False,,0.0,0.0
b0d18fd0-842a-4574-848f-e5bf8f5d4e34,d91e7e1a-6e48-4e95-a228-23f82a46cb32,False,,0.0,0.0
28df3be1-2dbd-4ad1-82c0-fb2704bc4c2c,a8c12f22-78ea-404d-9b6b-09920d2a9d7a,False,,0.0,0.0
546fa169-b8ce-4248-a563-5b9a01861f1a,f08d5f51-9742-42a6-a8a7-926043a8007e,False,,0.0,0.0
d7b7af52-5bb8-4640-a661-8665aadb5a1f,b129a6a4-d3c0-46c5-984e-6851f2b158c7,True,2024-04-17 22:57:52.995487,4040.33,3156.33
1dc7b941-65ee-4490-bdf6-2e6253cd4c0c,eec335f7-57df-4c9a-a7e0-fe2511d67820,True,2021-10-18 08:05:32.797488,55018.73,30335.59
4cb4227e-8868-4fde-9a84-4e887b76cc7a,503ef9cb-1006-47c7-af2c-65fa50e363d5,False,,0.0,0.0
67c113d3-4656-4256-bf80-5f0302e3c5a6,bf5628b9-30eb-4400-9d55-8095e6c75732,False,,0.0,0.0
6f6018c5-7408-4fbd-aa87-5e7865109f51,561657a8-163d-4f6f-a69b-ded71c474b1c,False,,0.0,0.0
8ad78670-c5f3-42b7-9820-0894eeb7e83c,84c2f2c4-efb0-4e3b-acb5-0ab92c23b779,False,,0.0,0.0
921f3c97-70f5-41bb-b70d-6a7d27e222e2,2755d942-89cf-427c-9f5b-787eb6131739,False,,0.0,0.0
4e7b8e4c-8eac-4dbb-b5bb-85baf46ec095,ea4cd607-8e48-4a8c-a3e4-79461fcfcb8e,False,,0.0,0.0
00db7b17-e7a3-4053-aad8-bd20cfec3f00,e8d7ea29-3694-478c-aed1-95c9a8c62c4d,False,,0.0,0.0
a65c481e-d9cc-4e12-8842-cffa9c64bc33,ca359116-e22d-4fbb-99f1-9675be32fa85,False,,0.0,0.0
79b6056b-d8c0-49d9-9aa0-a2edc6fa7b49,60920068-c403-4430-a31a-9c3c0d591303,False,,0.0,0.0
b224fe14-fee3-4252-8587-a86732ce6421,5fb14f5b-81c0-4a3f-b8f7-03ec70bb034d,False,,0.0,0.0
880b5709-ac28-4273-b065-57c2ad43895f,47155ad3-8ca0-4d2a-9a93-98e6f487b599,False,,0.0,0.0
608b86cd-15ab-4820-af36-182ff442a9c3,c61f98b1-6097-4bc0-a4ab-d0358f65abf9,False,,0.0,0.0
a435b05e-eeab-4685-857d-4bec4938ad4b,496b75fe-cc5b-49b5-ae9b-8fb501c90e2a,True,2026-07-16 20:13:05.225644,41558.14,12378.0
1bd0669e-7e87-436d-ae56-8d9685d12091,393f8079-8e15-4734-a5e1-7dadd2f62f9d,False,,0.0,0.0
80dda403-4e5d-42f4-8455-36b2e7893e81,599a20f1-81dc-457c-964c-af2f6d442c3f,False,,0.0,0.0
35569317-f8be-41d9-9bb0-c10b3f2bf133,ab86fc70-a89c-4d28-8e08-215adbe6fc7f,False,,0.0,0.0
18a450e5-9e0c-4200-bd34-2e12469869da,cf674365-a4c1-4966-a682-c0fb159e9c9f,False,,0.0,0.0
1517af1c-24d5-4d28-b01d-7f5486a38804,06c0965d-d68b-417e-97cb-97197a3367d0,False,,0.0,0.0
3545feaf-c82f-40fa-9c46-79a143c01744,2cd4e76d-f40a-46cf-b1c7-8a33db5983d3,False,,0.0,0.0
61b5ea86-d9bd-4f94-97bd-7248ef6d7e65,4f842010-a48f-41f1-9be4-0ba9902ad019,False,,0.0,0.0
deaacf33-c3d2-4c6f-af08-fa670334011f,3dcead91-8e93-4bd2-b269-eb4366fe47b3,False,,0.0,0.0
b7ce1d70-5f07-486a-867f-b5c6f6f3fd13,6e8649f1-055c-42ad-bd71-017f5e3a5dad,False,,0.0,0.0
dd9b9091-b1b5-42f0-a9f0-cd252cf97bf2,5fed5cb7-a6e8-4b4f-a5bb-7f3b687bb3ce,False,,0.0,0.0
a50d3cbd-1e72-4a24-8746-52882470c468,6ba57136-9144-4442-82d8-a7f546ef7aaa,False,,0.0,0.0
72ba71c9-19a1-45c8-88a6-10327f6a72c5,3fb00e1b-abc8-46cf-b798-bd221eb6d3f0,False,,0.0,0.0
546de35c-b8c6-4c00-8a62-5b6fdbb2758f,131ad6fa-c8b8-4c6c-af54-2dc69a24beb8,False,,0.0,0.0
3b19a059-f3c4-4301-b9cf-242d504a3920,9c6c3c4e-8f5b-4149-ab67-212a29b76b37,False,,0.0,0.0
4144a93c-872c-443c-b644-f1ea21ea516a,264e448e-1a87-47b0-855f-c748c6d273f9,False,,0.0,0.0
fc966da0-d8ca-43ad-8254-3d6a284df2e8,a7e70139-19f5-4f3c-bb90-4dfeafa1ff17,True,2025-09-21 16:57:08.955428,3103.11,2471.47
7f85711f-c2d7-4a0c-b091-1c101bc3186f,1407a94b-0e59-4ba4-b5ea-7f1e5ec51b50,False,,0.0,0.0
0688b6a2-78d6-43f6-9d60-b8c7ce69175f,1f92bdc9-9883-4e3e-a4c6-34ce3dad2abf,False,,0.0,0.0
371eaec6-393c-4d95-b4a0-ac77acb7c48e,b33aa6b9-7a23-4f3c-81f6-028b4a0efbe5,False,,0.0,0.0
120f5977-8b4b-4cdf-99c0-851a6d91e673,8874a1c5-08fe-4f40-9fe1-91732bdf3df4,False,,0.0,0.0
4ac4e4ff-5abe-4b5f-949f-0aa37ab047b9,1ab01dc1-39db-4ebb-b538-c985c533af2d,False,,0.0,0.0
7c7cb876-d3d6-4d7d-946d-2f9f65b9d564,ceb7803e-c3fc-4c0e-95c2-c94db3fdc2b8,False,,0.0,0.0
4e23633d-1552-4e1d-b187-d180b5cb8d53,567a25f8-5d12-490e-b6a9-0f786370fda9,False,,0.0,0.0
9fbef6c2-b1dd-4493-9b9f-5107dfaa82c8,3150e60d-ed89-42c2-839d-fd70a0fa7665,False,,0.0,0.0
7f6a81c9-c466-49c0-97a6-13817aae8fb2,ad735097-a0c4-4637-965e-a7b89514e86e,False,,0.0,0.0
4b9f6c3f-854e-49de-9a86-f7ed2a0bcc00,6789278d-cc86-4c85-8212-173f5e997f0d,False,,0.0,0.0
e0e94e5c-a1e2-417a-95b4-df4de1540a05,1ccc575e-6c6b-4d66-94ba-c2b5ca4514d1,False,,0.0,0.0
f8983657-ebc0-4358-89c6-7de558d382f7,82095583-e03f-4c17-8c65-037491e22c1e,False,,0.0,0.0
481cef73-b2cd-47f1-8c87-91a17087b83e,d61968aa-7fb8-46b2-8573-3d101d3ebe5b,False,,0.0,0.0
d006f812-e094-4afc-95fc-0a33f625a218,56fb9a22-e2b6-4f5d-9805-2a559118b0e6,False,,0.0,0.0
ce17f55d-db8f-487f-80bd-d666651d6054,e97c0337-28f6-4012-aba5-a631cb776246,False,,0.0,0.0
d49906c0-abfe-49ea-8625-c2cfaf9cfdda,a0ca381c-bc3d-468a-87d4-9f499cc15301,False,,0.0,0.0
9b9703d5-75ac-41ab-b21f-498ef1444f71,477809ce-71f0-4cbe-8b72-8b16d6315151,False,,0.0,0.0
7c78f490-1330-4c53-b431-77ec24465b85,93de2da0-40ff-4822-9d8d-074742d361aa,False,,0.0,0.0
5d2d8808-4c01-4427-95a4-90b1a7052335,2036971a-323f-4f19-923c-c117da1a9b09,False,,0.0,0.0
6aced0ee-e059-4265-b3c5-a1440357bdcc,7f297630-bbca-4210-afe6-1a89d059b594,True,2026-05-22 12:48:35.380615,5207.91,3613.74
ce9cc879-0a41-4ba5-a173-bd521290a091,ae957e1c-667a-4370-ae12-d25593ca3df0,False,,0.0,0.0
86c49ef7-629e-4853-85f8-051ec0d52ff9,02b964d6-76d9-4b12-9443-3a8eed5acddc,False,,0.0,0.0
9e9bae83-9c34-433f-9703-7af685c3233d,a08ba0ef-5ddc-46f0-b444-10e5b95c1eda,False,,0.0,0.0
179fe455-794a-4c83-8ac7-fffa66ff35a1,b7900752-7bfd-4c74-a441-e11e3ee1db8e,False,,0.0,0.0
f4f07456-1d57-4be6-8cbf-50148e13ef2c,df823a94-8114-4235-b5b4-aee10836a865,False,,0.0,0.0
7be20973-30c0-468d-b57c-b79c5e879b5c,50aefe0d-f836-43b0-81e7-719cd667a724,False,,0.0,0.0
1762b087-d071-4944-b855-f40ff7ba92b3,b2ea6850-94bf-4660-8e87-9c6249fa555e,False,,0.0,0.0
1270b122-02a5-4ff8-82d5-ee8e0e68999f,ac5200b5-029c-4bda-b37b-574e323f9bb2,False,,0.0,0.0
2950f125-36b3-47b4-b15f-881fd75ac41e,cc40d3a5-94be-40bd-b5d2-4173ee56aea4,False,,0.0,0.0
ca749979-54b0-49cf-b65f-a760b77592b2,796c6ae6-fc19-485d-92d1-3d77da532699,False,,0.0,0.0
8d309fad-4cdd-4d38-a90a-409d301fe0aa,7bf18cf4-a740-4142-9cbf-7ee6ea258d83,False,,0.0,0.0
7b974bc9-d113-4511-a756-37357e0d2d77,42f1287b-bf2d-4fcb-a319-3bf6faa855a6,False,,0.0,0.0
30c4da78-795c-46d7-a3e3-6d179ad07029,0e5d8626-19f7-4775-8f2f-633b60013e38,False,,0.0,0.0
6c186e48-84c1-4331-810b-776e31e3256d,2e44d349-9122-4311-b74e-5dff06906169,False,,0.0,0.0
ee7bf260-2f56-44ec-a93e-6194d424143f,9c7e3507-4f9a-4528-8d0b-906366c5558f,False,,0.0,0.0
b9fc2bd4-c27b-47da-8749-d916e6d63599,fa11f0e7-566d-46e8-9c86-cf6f0285ede1,False,,0.0,0.0
aed9a472-e08c-41fe-b4d9-7b7258d33a65,e2293661-e153-4d2b-b261-b0827387d450,False,,0.0,0.0
243122d2-a975-48b4-9da0-da1b755bd7b9,c7efd8e2-5f71-4ac6-8087-1ba97344e407,False,,0.0,0.0
6d31b605-9b43-432e-b050-d26951c2b52b,7a0430c4-58fc-4448-a555-e0870ebb51ae,False,,0.0,0.0
eaf8c545-3322-4491-819d-256d969bc47f,9c4cc0fd-fee4-4434-9d2b-11d0e976d79f,False,,0.0,0.0
9a716971-1930-4b54-8d0d-6700166a5554,b9a3773d-d283-4904-940b-f9dc65fd5412,False,,0.0,0.0
9ab42451-4301-4db0-84e7-48b05a51f314,7da2fb48-d14d-4890-b5db-ed2c3d4caf01,False,,0.0,0.0
ebc53403-c5d6-45da-917a-b1f031aff528,44482593-e232-4c25-bcd6-2aba93c1392f,False,,0.0,0.0
ef0b03e2-ac53-48ab-9746-f09281314f00,32d9ec3e-6630-4af8-b044-9b5172624be8,False,,0.0,0.0
7e679de5-a686-4b37-b58f-d23fe9f9190e,84cda1d2-3c32-42ee-a437-e3804a10ff5a,False,,0.0,0.0
82b45a18-982a-4359-bbc9-c63bf54692a4,929b4c7b-f270-4a23-a957-811d2fd02b45,False,,0.0,0.0
a1e1ec61-cf87-4986-8964-d6d903474b1a,1f1d1b20-be91-4d2a-bf02-4c09051d1800,False,,0.0,0.0
e288657d-019a-4e59-a6b1-4ed64f104960,cd03a402-c827-47c0-9337-bb3466e1608e,False,,0.0,0.0
e2b6a583-a6c4-498c-acef-9993d672365b,5ad2c420-f09d-4a8a-bcd9-915dc2b408fc,False,,0.0,0.0
ddfd1e71-c4fc-4d53-acbf-a15af6edcb10,cc7e66de-3cf7-426e-98ed-c1e686474182,False,,0.0,0.0
e07f3393-f4e1-4c32-b0cb-fb067eea49e2,9b48c6fb-333f-417b-a054-e592101b3c72,False,,0.0,0.0
81788e2a-fc09-4a3e-a56b-395cbc4f4f94,e15680e9-ec06-4d73-b84e-2f114b523dc2,False,,0.0,0.0
eba2e649-a7b7-4121-9dbf-63fb5df83ad7,e6e005dd-31c2-4ddb-b2c5-b9b954c06524,False,,0.0,0.0
f843e0d0-366d-4e87-8cc0-d6a8f5daf713,ac58d464-eb16-4eb0-8434-917090f43724,False,,0.0,0.0
2e42ed01-407d-4c5f-b83c-6066c4ebe71b,6d2616e2-2a3b-473f-92fe-55f53732d5fe,False,,0.0,0.0
003e36d8-dfca-4c4b-8bbf-7b81b7418edd,0917f2d6-121a-4b14-8600-9101b9b0b99e,False,,0.0,0.0
2c06e751-fb51-4535-96de-f6a58385840e,254c5028-8a6f-4508-8d0f-e9b5b9e826d0,False,,0.0,0.0
f9923b1c-d0a7-4aea-814a-cd608a50ce91,50d8ae13-5a66-4824-a021-6b00a43ccdd5,False,,0.0,0.0
89727d3c-465e-458d-bea1-691afe7a82b1,1993edfe-583f-497d-a8c9-d68c7a3338e0,False,,0.0,0.0
85b0f366-c1f8-43ff-b579-616325af977a,1f8452fb-6c26-4326-8dc6-d899ee209e85,False,,0.0,0.0
3106efa7-c8b6-445b-a598-0ebb44aac531,81ec334f-c766-478e-b673-7d1619a1459d,False,,0.0,0.0
1bfdda47-5a3a-42ee-bd86-88b04a786497,9e929f50-995c-412f-aa96-08bd0f706894,False,,0.0,0.0
aaf81037-8d80-43d7-8ef6-344de079c311,858c5992-882c-4812-b3c3-c4289338e35d,False,,0.0,0.0
ef083c6e-84ef-47ad-815e-bf615305aae9,5e452956-81e4-4e99-8c28-6323d27f6d1f,False,,0.0,0.0
44690a1e-0a15-4057-8a4a-72908b502904,a84f3d75-69f8-46b9-881d-07d0ec2fb9e6,False,,0.0,0.0
6b6c11f4-6b14-4c93-9f69-a1e90872b40d,e3157b34-62f5-43b1-a8cd-ea8a7710199d,False,,0.0,0.0
75a17b4d-55fb-4ab9-8cd5-8c327c11a8d5,ff8bb891-1b90-4e3f-a5ce-5ac51e22c6b2,True,2026-03-05 16:25:11.609520,5018.63,1593.97
3a2bcba2-1cd0-443b-a15d-fe38cd20f332,5e9a35cf-0699-476d-9288-b06ad51f03b1,False,,0.0,0.0
099dc3b5-907c-45eb-b51e-d7893cac13c2,cc7e66de-3cf7-426e-98ed-c1e686474182,False,,0.0,0.0
3487a3b5-3145-4812-8405-3a0b6799dce6,73b171e5-cc56-4dff-8314-d41cf699734e,False,,0.0,0.0
13d7343b-2671-456b-aa58-a14454d85df5,4f22fd57-bb5d-43c5-b6cb-407134781d96,True,2025-10-14 20:10:56.176192,129.4,91.66
2703c131-d4d1-4397-a2a4-dada3b28d1e5,934fa5c8-8ac0-48d3-a0d0-2f5a24d6281f,False,,0.0,0.0
49c756cc-bc33-4d1e-9b41-293400bdefb6,c8b1ef8c-12a5-4eaf-b0d4-ad0c23a29fe4,False,,0.0,0.0
d74fe7fb-4625-4971-bba5-d5d97c027929,b069acba-8d9b-4935-9af3-80a4ef70f8b6,False,,0.0,0.0
adefc13f-9f8d-4f91-8d83-eb72fb3f0d45,fe3d81d8-0eb9-4aed-a39a-d4dfafd3ec8b,False,,0.0,0.0
ac2ccb6d-9df3-407c-b3a2-e79989348cec,b960df1f-1715-4d76-afc1-aaeb340ce8c9,False,,0.0,0.0
92ff7e86-2bea-4390-8f63-00fd74cc45de,24da0109-4461-4c94-a29c-c64fb8f89cba,False,,0.0,0.0
47ea6b05-c161-4ff6-b2ee-5f7a9ebaa47f,becfa316-c66b-4a01-8f90-1410bfba290b,False,,0.0,0.0
5ed9ff42-0833-4de5-b8eb-d48399a59c64,650c4a03-af1f-4779-927b-a660bb335cf7,False,,0.0,0.0
b3da22ba-3b2e-436f-8cc0-71ae073f7987,47691dcb-d0c9-4fc1-913f-24955ebc23bf,False,,0.0,0.0
b70af3fc-2092-4c28-a12d-9fb304355a63,00937ba0-65a0-4e43-bd2d-ca8673020b26,False,,0.0,0.0
0537d858-be91-427b-bf49-b8845b0e99e3,42186e6d-ab24-474a-9f2b-e8ba3f05344c,True,2022-05-17 16:04:59.055973,173725.1,75130.43
838327cf-0cb1-4473-a28f-da101caa7094,895d603d-8172-413b-ac52-75582c77a125,False,,0.0,0.0
b6f922a7-c588-4845-a6a3-bfc3fc39150a,0cdddf92-3711-4879-a1a8-d644b002c52e,False,,0.0,0.0
414572b1-c094-488f-969e-c4029ce809ce,e0ad8c81-f297-4a6e-a8f3-0754358e5535,False,,0.0,0.0
7cd87b4e-f0f3-4c49-a262-0c2f1f10635f,82d621dd-f00a-4b85-bc50-1ef8bb94c73b,False,,0.0,0.0
39fca2ad-5290-4284-9948-e07141e18e63,ec2c1148-d67d-4117-8c77-15050f95e5dc,False,,0.0,0.0
a709e474-1fc1-4121-a9eb-519e8512aa54,7024cf94-0830-4982-96fc-1a769e1d5748,False,,0.0,0.0
575f983c-43d1-4e57-ad6d-b55165e2a9bc,7c4a14cf-44b0-403f-8dfc-73c1e990ff49,False,,0.0,0.0
b704b2f6-17d8-4124-a835-65208cfade7d,ce908ee8-f657-49b2-a1de-ebef80b6d44f,False,,0.0,0.0
2d386b00-986b-476c-95bd-727cf3096fcf,dc89e59a-5190-4e93-a9d0-c2ecaa8d904c,False,,0.0,0.0
3ddc93ce-8b40-46c1-ae0f-28fa024e490e,7f12e3cd-b09a-46e3-800d-ec5e1b6046ee,False,,0.0,0.0
d33c7eb9-1e97-4b2e-ac44-7d9401c44440,121374ec-d9f5-4388-9202-5cd5d0b8bcbb,False,,0.0,0.0
cc6e64f7-4c7d-487e-b350-5437ee532a9e,d59dcbfa-db32-4207-af30-3fd078d3ca66,False,,0.0,0.0
3f659681-8041-4e21-98ea-25d0f2869979,f6423513-9ba1-43ac-a49e-2575339c0ee9,False,,0.0,0.0
94024390-78e4-4ed2-b78c-cbd29912f850,558c7208-283c-47ec-98b4-f757d91ade99,False,,0.0,0.0
3c4427de-b030-4046-9bd8-fb1c72810e7b,3a58d606-a302-4b2f-81de-ca4c625cade5,False,,0.0,0.0
05d07b4b-ed9f-4097-8b54-1bc0fb3120ed,75c41c37-8eea-487f-9d3c-c9cadb247ea2,False,,0.0,0.0
201dfd59-7a02-4f47-9bfc-0c19611b5665,1c852510-1bfd-4626-ba93-ef0e780d90b6,False,,0.0,0.0
9b38aaed-332a-4a73-ad38-0082c71f05e9,c9ceacdb-9f24-4788-805c-c2d749fa68d6,False,,0.0,0.0
66f5d93a-5934-49b3-97f4-075f82323fa7,f6d2a20d-b3d5-4708-9d1a-f023a73ff524,False,,0.0,0.0
66989dcc-31ae-4ea6-b36e-f088227902ce,6d473b55-db1c-41cb-b002-983102bda3a7,False,,0.0,0.0
9b4a4b10-45d1-437a-8b17-969fc4b4af10,2c613d5c-8af4-4753-923f-128ee67882ae,False,,0.0,0.0
a2ddfd81-c17f-482b-945d-6952a6e9d764,e726f649-e650-4ae5-9b25-97f3dd00a64c,False,,0.0,0.0
5bbb8f67-3003-4871-8a7b-ed7800464139,9bc88efe-4688-4612-8b64-e782718296af,False,,0.0,0.0
da61a1dd-e63e-4e4d-b519-dd143fb225c9,b281738e-d7c7-48e6-a495-430e0d6f885a,False,,0.0,0.0
42d6fa2c-9f1d-4167-a782-e25dd9244dcf,5577526f-6096-46ba-b03a-c41d3e9011e8,False,,0.0,0.0
bc4f6f32-aa23-4237-82b6-16d80cb027c5,05476e17-0f9b-4aca-8081-a70437c200e3,False,,0.0,0.0
ec0299e2-3db9-4a68-a2d8-f571b0c770ff,53ae0bce-0ccc-4432-a913-ed3b7f5c62cc,False,,0.0,0.0
97b1c249-97f1-43f7-a9f0-e11529273253,173e13d9-fc32-4db4-b5d8-053130e423e1,False,,0.0,0.0
8dd6fc40-808b-4ea7-8105-5f3ace9ee6ff,85406adb-983a-4235-9891-f8cfd7d050be,False,,0.0,0.0
8f245f91-6a02-4c96-ba30-c0686c305e30,80cb135d-2d78-4a72-bdeb-d029785218de,False,,0.0,0.0
50ea1f17-2ca2-46c7-b4f9-7ac7919f9583,418495a4-b777-4cb9-a97c-696b356766ec,False,,0.0,0.0
8dcb79d6-c0c0-4de6-9cf7-b9aaf15bd869,960f96d9-051b-4698-8463-299a2ba321ef,False,,0.0,0.0
1367a5be-bf2f-4c20-a2e9-92ec42a65436,b8cf3f6a-c129-4e67-854a-778bc0383a81,False,,0.0,0.0
428ff53b-7954-4098-8790-aa9f3e63a31f,0c9ef5aa-a8ef-43a9-8db7-5f5750452f2b,False,,0.0,0.0
459afca5-e76d-4db1-be23-55a64b1594a7,b53a2800-7d86-4a55-b6d8-3fad1ccda878,False,,0.0,0.0
d2a0754f-d641-4add-8f66-094fe52d129c,b504cdaf-1708-4003-ba84-3b35c2bde805,False,,0.0,0.0
a82ce031-afc4-45de-a267-ff4ef8dada6a,fa7cf893-24f2-45fc-a4d2-48572d7e085d,False,,0.0,0.0
6556a918-80d4-43d8-877f-bb2e9f668374,db2d0fff-f047-44e9-b3fe-b7dea2e0f358,False,,0.0,0.0
fbcea61b-85d7-4114-95c2-9b115a1036c8,85915047-e6a5-47d0-a3c8-1fb94be730a1,False,,0.0,0.0
49cfac49-87ea-4545-a806-c514ef77959e,3834e80b-6638-4c22-a1d2-80a21038f8e4,False,,0.0,0.0
58055577-c434-4321-8bf3-4b6a35b6ddd1,192cc87d-d8c4-498d-98e9-bf3804ae6d5a,False,,0.0,0.0
e4239fc8-3c07-4d11-8ad4-62f3f0cd8345,386e995d-3b01-4893-bd9d-38e36e078bdc,False,,0.0,0.0
efc90508-7c6c-4438-9c39-2b87f10bd8d0,3eda9150-3993-4371-bc60-ae1c8818d277,False,,0.0,0.0
cc811ad9-b3f8-4421-9ddf-00936ee0125e,488bd31f-4019-475a-98e4-18359b7215f8,False,,0.0,0.0
aabc0499-c24f-4edb-a670-ad22441cfc5c,d5672f5d-20bb-45b0-a015-7233baf90557,False,,0.0,0.0
5327e745-d79a-4dc5-9fbe-7f6a3e92daa5,bf4d4bd8-7222-4838-85cf-dce6e7b4dcd3,True,2023-12-21 19:56:03.932956,36264.65,19862.59
02a0ed09-eff6-4661-b8f6-9dcaa8e28e31,5ef59cd3-e078-42d6-a92c-b8ed8fa05149,False,,0.0,0.0
ff2a1889-38a0-4b49-9de8-985f5b7a6a83,10e6e383-d736-450e-8ebc-5f603687f1e1,False,,0.0,0.0
ee05eba4-a97c-42ee-8247-09cb59f3dc6d,2a6445d3-48e8-4f79-98eb-a4621976a39a,False,,0.0,0.0
5fe8977a-d122-4585-9fe8-da3848c85d23,2280229d-9d1b-40f5-9fc6-1eb31c534b87,False,,0.0,0.0
c12b0a98-2dba-40ad-88b6-e303d635f37e,49058e12-0277-4141-b240-ab1579a7e05a,False,,0.0,0.0
ad99de62-7a73-48f1-a625-7400a0373e80,91312064-101e-47fb-8532-5a3e6759d978,False,,0.0,0.0
9f2fead2-2a05-48a5-a42b-eed41b6c9b96,efef1246-16d4-42f7-bb6b-c3b774309740,False,,0.0,0.0
23a0fc77-1f0f-4b02-b534-6b5a22e505a6,92262ecf-310f-4eb5-8b2c-4e211dce0e8c,False,,0.0,0.0
fbddd5e8-fbd8-41e6-846c-01534d131a24,5f0b5135-8566-48c8-a173-e27437fc511b,False,,0.0,0.0
9417a8ce-9cc9-44df-9aec-7000b2018468,ca3e7f3a-51a0-433c-8d13-c33bc80aa7cf,False,,0.0,0.0
da17ad2a-17b6-4aa8-b258-4514dcc25b0e,b85acaf0-d7fd-4197-b750-6c46ddd0bcc0,False,,0.0,0.0
b7a07e2c-504f-4c7a-8d83-b9ce425e56b7,803e82de-7a9e-4031-bf01-73e93ddbd9d1,False,,0.0,0.0
cc2d9672-8e69-446a-9170-dd88153a238c,979c2adc-d3fc-4621-8cfe-8711725c5c5f,False,,0.0,0.0
b42c9366-8a8c-48aa-aab3-f5842ce2344b,d2d07acf-7f1e-4dcc-955d-8f95b1ceb8e6,False,,0.0,0.0
0d1e34f8-623b-4601-8a91-4e8c33bf29f4,24812872-e704-4b7d-a4e7-13588fb6002d,False,,0.0,0.0
19c9dd88-59aa-451e-ad4f-40340c273b39,57988711-e602-4d06-b441-a695ece321fd,False,,0.0,0.0
12afc0a6-2e95-4be1-b85c-064b71f8ed56,f330f931-3b8f-49d7-822e-dfc438107177,False,,0.0,0.0
d73fd224-acb8-4681-b7bb-91082252ebc3,28d42725-f611-40ec-916f-b778ba8f3e6c,False,,0.0,0.0
7dc7e1e2-2277-4dae-9d99-08f708fc2f25,17101a77-3d88-4b62-b3df-2a11b79257a3,False,,0.0,0.0
eb5b8200-2dd3-4c1c-a4c6-4ee405c07a9c,7ddee37d-ebba-4a66-aa4e-4d28c0fce144,False,,0.0,0.0
2ee3e488-d56b-4c06-aac8-abc707e1a268,8776b75f-ecef-43a2-be19-b37aa966544f,False,,0.0,0.0
bed67654-99ac-4f23-9c1d-e4fc79c0b222,e28065d7-bc49-4467-8f81-0db2bbc1686b,False,,0.0,0.0
0b96a651-8922-41d8-9a8a-b81611422ba8,926730dc-1c0a-4411-9086-af36fa0a5de5,False,,0.0,0.0
969d41fd-c921-4c12-ba67-fe09e792049e,ac5a61d3-94fc-4275-94e8-45bcbdfe7f18,False,,0.0,0.0
6dcca4d2-15ae-4092-aaa8-53df3b4c2669,c768edb9-05d8-4146-97f4-2764de1a8a8e,False,,0.0,0.0
05062c1f-b26a-40f2-bcfd-ca9ae60d176e,6e4ebe99-8740-4c48-9854-83efb9a893f3,False,,0.0,0.0
02ccd4bd-4f8c-4dbf-ad88-0e4007d98120,e05f039c-d98e-4024-8813-20254dacd33c,False,,0.0,0.0
96b46b0a-429a-488d-92c4-bf57f55687df,f5f30d6e-7632-44d4-9866-177e63abd48f,False,,0.0,0.0
58148efa-7d20-4290-aa75-4f1d0ce473d4,37809a0a-4098-4e31-97f3-b054e266c16f,False,,0.0,0.0
e70d0056-618d-4de9-965c-268198c92ef1,9fd90541-f597-4e00-968d-1defbb926370,False,,0.0,0.0
0baaa9a3-02dc-450b-951d-9e1984367b10,d9fafbb9-d8a7-42cb-8374-c273cc707551,False,,0.0,0.0
b6fc6217-55d9-4b9a-9453-dd908aca7d7f,32803153-382e-40e8-859f-99d73acf0cbf,False,,0.0,0.0
952fda35-9cca-41a1-99b2-ae9b3d78867e,f8930a13-d770-47c8-8053-9b74fa00a281,False,,0.0,0.0
ab999456-f3e1-49e4-a396-a45109c5c4f1,09d1c11f-ecbb-4aac-a46b-f89a5097621a,False,,0.0,0.0
066f8cf2-ef57-452a-beb5-f23759cd1fb1,9b23854f-a3df-45f0-a97e-86fe3f8b015e,False,,0.0,0.0
9298b4bb-5045-4b56-9856-11bea1396873,910813b5-882f-4c64-b677-450f674dfb85,False,,0.0,0.0
2a950c97-953c-4ee9-a3e7-5c2867e1b160,df3bd35c-35c5-4df0-b43f-847a29baadcc,False,,0.0,0.0
65c7dafa-5986-4a11-9441-740732484b4f,df3bd35c-35c5-4df0-b43f-847a29baadcc,False,,0.0,0.0
bc134532-b315-4572-98ff-a43584322fc0,d99598fb-9eea-4337-8646-f5c1ea89cc6d,False,,0.0,0.0
45deb254-7b3d-4efd-a97b-b89ece78b266,cc1de42d-07bb-4002-b1af-6608abfc8586,False,,0.0,0.0
170d3551-36eb-412c-a80e-962664d1d349,2a9d0c6a-3ffc-4e13-9c1c-ac23533487f7,False,,0.0,0.0
9473e548-f8c4-4eed-b286-719f878dc221,8988266f-8e67-47d8-831b-dc7053a3b34e,False,,0.0,0.0
a6017983-2f40-4e6e-8e77-e261f0c275be,1f5c5c10-76be-4057-8002-a34fd3b060d8,False,,0.0,0.0
b8e1f83e-9686-48e0-b2c2-5b0036c489c3,c2b2315d-d608-46ac-9cf2-f216539cbe4f,False,,0.0,0.0
9aea3602-b3d8-467f-8fa9-37b3f0b6ca0e,96b0356c-a49c-487c-87c9-021ffdc6dba9,False,,0.0,0.0
4e2ba38c-2324-4484-9c72-1d3ed21eb0f8,dde630e0-cbee-4346-9d1c-153ef6ebcacf,False,,0.0,0.0
0ec0ea7a-82d5-421e-8aaf-7eb1819173a5,edb49f8d-e606-432f-920d-5830ba5b70e7,False,,0.0,0.0
510158b3-2c91-4609-9eb2-199d5366ddc4,02a49e9a-2a8c-4efe-8def-bf070553c66b,False,,0.0,0.0
a4a7d756-e044-4e9d-ab16-0c5e9d5b130e,99155bef-28c0-4e9b-960b-63a92a36856d,False,,0.0,0.0
60185f4c-c520-40ab-915a-d8017edfca3c,7e1e7e84-3003-4603-9782-d6a7c6b92071,False,,0.0,0.0
5c9f5cc5-dccd-4a16-ab95-0916c8d1336a,0823e20b-08ff-4421-876e-e7c026c53162,False,,0.0,0.0
ece4c5ff-28f8-4a9f-90f4-3cf27e807b7f,deef7995-1f88-4ed9-8efa-bf951227557d,False,,0.0,0.0
b3b2142e-ed12-421b-ae4a-130dd28b825d,4a95c90d-7c17-4917-930a-835ddcea8b59,False,,0.0,0.0
46521275-d52d-4eb6-afc2-7c3c4d9d0a5f,40508324-875c-4067-b432-327f0db04a2c,False,,0.0,0.0
e1eb3899-0ef8-42f5-8475-3529273c3bb2,15604ec8-1ca9-41d9-a5bf-13792587f6a0,False,,0.0,0.0
6ab4b2e1-5795-49cc-a0f8-a3c6c41e15ff,39a9a8a9-81f2-4a73-bf20-f661091d1643,False,,0.0,0.0
605f5c58-6ee1-4a48-b820-c817faf64a4e,60bf684e-240d-483a-8dd0-64e34b50c34d,False,,0.0,0.0
bd24e4bd-4c14-4e51-b8aa-78567dbffbea,9cb076a2-0e55-4d71-871e-b65c600c8bc0,False,,0.0,0.0
23b0407c-ebca-4fc4-88e2-641394a6e58a,07a1012a-e8f8-4e43-8b99-69081d575d69,False,,0.0,0.0
3cd36a2b-ffbc-43c5-8596-d078d0cb1bb0,563b0ab8-bba9-427b-8b8f-63c28ab1e605,False,,0.0,0.0
fe5f2f60-1418-40f8-b904-8589dbd9add1,9e9a1e40-ba49-4cd5-a185-3b1a63e12924,False,,0.0,0.0
212451a6-5aa7-45bc-bfad-0726d43ab441,394b5576-f887-4d7d-bb28-b3b18212f5df,False,,0.0,0.0
4407d7c3-a56e-45cb-8bcf-6c6271bc136d,df5325cf-8255-4a9f-9b72-7254ef022c92,False,,0.0,0.0
757ffaf9-b930-4ace-b716-3caed7539c87,9696e833-4728-4df6-8532-499e08a43ec0,False,,0.0,0.0
3b26063a-c5ef-49e0-8a07-7e8812d9636e,4a9ab305-222b-462a-885e-05182d756dd3,False,,0.0,0.0
533af0b3-2662-4031-93cb-529ee0ed6664,92689d81-276c-4202-90a1-2a0b5f96600d,False,,0.0,0.0
e492c839-43e5-4246-a44e-17b0ce3a8af8,3d4a49ae-e83f-4a2a-92fc-6f48e7e337c4,False,,0.0,0.0
e4ec874c-2b0d-4e4c-b419-3a70f2a1486a,9bc88efe-4688-4612-8b64-e782718296af,False,,0.0,0.0
77701401-b2ff-4e6e-885b-914fb5db741c,ee426792-ce2c-46df-8051-01e5a7b85447,True,2022-08-12 07:09:15.457708,13141.56,1257.91
a23390ee-f9e6-4c5e-ac04-a05e4032ff65,e3157b34-62f5-43b1-a8cd-ea8a7710199d,False,,0.0,0.0
c6f29738-d7f7-4936-88fe-f29fb433b8ab,901b938f-b703-4e19-920f-65b31164d2e6,False,,0.0,0.0
64909216-851a-48ae-a8ce-4fcd2099edc1,cb5475bf-3c31-485d-ae35-0ed7ce955086,False,,0.0,0.0
2adf63df-a50b-4534-a35a-c1f02977119e,e6defc16-ea6d-4cb6-a245-65d450026d68,False,,0.0,0.0
60797f6b-6fe0-4521-a4f2-8a46658848e2,741a5b09-a63f-43ea-ac85-2cc75eb00e6f,False,,0.0,0.0
08bb0ad6-f363-4e5e-84ca-6e30bc4ad064,433d65c2-c0f5-4e46-b14f-4be5530619e4,False,,0.0,0.0
041ca455-a002-408d-9f8c-0806b1e369d2,1aca9cf6-7ab6-4c3c-9667-159d22021f9f,False,,0.0,0.0
31332888-0605-4ac8-8076-faffd1ae9562,afd063d6-35dd-4534-9528-68557858406c,False,,0.0,0.0
1ec93b81-a984-4d83-9402-26a95d805f7e,9bd0e94e-601c-4f82-baa5-9b3b8c283b62,False,,0.0,0.0
4d324f1b-fda0-48e0-a63f-32e3cfcfddc6,65173bc6-ceb8-4364-8e24-2b1dc5736b1c,False,,0.0,0.0
e95ec041-6ae5-458c-ad2f-bdd0b4f8b64d,17abe966-517e-47c8-95cd-3d70e1e3afdf,False,,0.0,0.0
21d9f128-9728-4ad7-82c0-b2c05ab8975e,cb3ada7f-a10d-4623-a046-2998e37f24d7,False,,0.0,0.0
8dad1976-f315-451c-8b93-7bf098ff2df0,49ca4ae6-2d0a-495a-bdb8-65cff106b83d,False,,0.0,0.0
26097658-c4a1-46d5-80f1-cc16d372cf33,17a0fba1-1994-4293-bbc6-423eb58a4321,False,,0.0,0.0
4bae85a6-9cf9-4bd7-b9d3-755274c1da9c,2c0ca9c0-314a-4ace-8677-4ddcaad414ad,False,,0.0,0.0
d8ed86a1-b09c-4435-b628-6e0ec617255c,ee481499-c096-4be4-a755-978de5341283,False,,0.0,0.0
77d0d09b-50a3-4cf3-b683-784bb0f70edd,732af4e8-e9d1-4994-9553-8cc94444a6bd,False,,0.0,0.0
550b33e4-fbcf-4b1f-b9fc-86b66efeb16c,b8c4535c-44ac-4bbe-bd88-857bcc282628,False,,0.0,0.0
d8770bca-a00c-498b-9206-17ce57a7f870,6b6a838e-498a-4d9d-8391-59b8c145217f,False,,0.0,0.0
deabfeae-ecdc-4bc8-85b3-e08011f83472,d4022243-ec35-4b0c-9612-66fbe4a6bf51,False,,0.0,0.0
2abefb84-502b-4f6e-8a6c-6d1b07b5e943,c316959c-ce64-4ebe-a0e7-118acf8da52b,False,,0.0,0.0
86fa4ae9-03c1-48c0-b5cb-124da61bc678,8673173a-e5b5-4f30-8486-8583906ae95d,False,,0.0,0.0
042acaaa-7c40-471f-a0a8-440b78d6e741,d057358d-c03b-4a8e-98ed-77989c266a1b,False,,0.0,0.0
23c3da83-3b77-477f-8d6d-afe024b01c1a,3881e713-22be-40bc-b7eb-178670f7cd82,True,2023-07-20 07:58:53.186729,7524.76,1161.61
ed2196fa-3edb-4171-bb10-45429700280e,00937ba0-65a0-4e43-bd2d-ca8673020b26,False,,0.0,0.0
9272a300-b603-4102-b2fa-7b8b0f0639f4,16b5b5fc-199f-4b17-94ab-a577e3311ee6,False,,0.0,0.0
a66bc7a7-8dfe-4cff-949d-674bca76073b,2d28746a-5a6d-4285-978f-48ebc9fbe7f1,False,,0.0,0.0
82ec889f-2a20-4db9-84d6-daf328340b1e,20514111-7fee-46c1-9ba1-17ce80ce9afc,False,,0.0,0.0
7958a3dd-f6f6-47a8-a702-fd9fa38a6a65,161fe564-c438-4a7e-8b16-5a76f82c0c20,False,,0.0,0.0
61b4cbee-05d8-481a-9098-8cdf9012faf5,9d47172c-ab01-4101-bb32-aadb1f41c851,False,,0.0,0.0
0b0bcdb8-2dce-45ed-a52b-3dd56479437d,d650e1f3-2231-4476-8005-05394e3b744f,False,,0.0,0.0
7dd7f0ff-a39f-4243-a5a8-0774cc083a34,ab707385-6c81-4f55-9906-d534438f9d83,False,,0.0,0.0
39f43d56-7c7c-415d-b199-1f810bbcbd80,0f92b3fb-081d-45b6-a224-81801d4ac6f9,False,,0.0,0.0
77930c5e-0467-420f-b59b-c1b9f2093b6b,078c7f1d-2e65-4eb1-95f3-04a02de94792,False,,0.0,0.0
f9160304-493f-4db2-b59b-b0713a2903dc,66c67afa-057f-41df-a3af-85416eb194b8,False,,0.0,0.0
2626eeb6-6694-47eb-9439-6195834eb9cd,e7867bbf-0136-4f98-8a5a-62d3ec9fba0a,False,,0.0,0.0
47982478-c5bb-4f0c-9122-f584b4bcdff1,651c21fd-efda-449e-8c67-43e15f9209ec,False,,0.0,0.0
ce16ed38-b5f1-461f-a97c-a15e4950452b,2e671517-e8e5-4412-a60f-475f9ac88b74,False,,0.0,0.0
bceb2d1e-3dc9-417c-a892-7e1be346c3f3,a54680ad-8107-45f3-aa0c-e0e1cb70c67b,False,,0.0,0.0
2bc0b9fd-7ec1-40b8-9673-b923413514c0,352b6689-a39c-4730-8f62-06f19403ad3d,False,,0.0,0.0
c0c35f12-a923-4ce6-8deb-ca36bec00f80,3309cd89-f26d-4669-95e3-8f96a2bf0f3d,False,,0.0,0.0
721ec538-5769-477a-a862-1bdf40b43b39,a6ef8273-6f77-4027-a656-cfbc8ed2de16,False,,0.0,0.0
6ca9f318-2c9e-4968-8335-5bfe6f66881d,f2e5cecf-9b6c-4494-a0e0-b67321b6eb84,False,,0.0,0.0
dad65ef4-38b3-483f-841a-7fe723045768,a8f4c2dc-2bc1-4824-9dae-8912cf70ea88,False,,0.0,0.0
692e9fa6-d279-45fa-9330-4d8b5fbaae0c,db9b318b-12ba-4c10-9b45-caa9a13ea32a,False,,0.0,0.0
97879c8c-f839-44d3-a363-9fb0057c80de,93350c77-c599-4a45-a3a8-68d786a56845,False,,0.0,0.0
baf1264a-42a4-4fa3-ac5e-3a6f5df6cf06,7c4cec7d-ce55-454e-b68d-6f3819e3b84f,False,,0.0,0.0
ebd7dd6a-238d-4996-9658-cfa68157c11e,cf92bd95-9b48-4302-bd2b-87148de0b52a,False,,0.0,0.0
9b40176d-f07a-4220-8459-0a7323180794,81572c3c-df4e-4a91-a450-f04fbae0054d,False,,0.0,0.0
0c35b2de-4d2e-4df4-8555-15fb4aec75af,a3506764-37af-463b-82ac-1c61c9eaa5b9,False,,0.0,0.0
6a1a8ad0-381b-49e7-841d-98ab5b2eaf51,d51878a7-c962-4855-9f4e-f5d61b1a5a06,False,,0.0,0.0
91b0b078-1ee4-4cff-a01c-6a825adaeda4,dc406c3b-2e50-478b-945f-d39a376788ab,True,2021-11-02 00:47:09.185882,117172.72,67585.56
4e242b6f-926d-4f00-bd42-1a5412fbbe13,0476444d-0658-45a8-b251-561eb43d9643,False,,0.0,0.0
06b3f93e-a428-4136-b137-617e98892478,9c174363-bc44-4b36-989c-568d5674e177,False,,0.0,0.0
3e489246-1a6e-4bd8-b82a-10af72f53168,37663e35-cdba-4cac-be85-f617f17e993d,False,,0.0,0.0
8f7eb018-a5dd-462a-9aef-33da189cd4ad,42650798-4b80-4fa6-bab1-fa122d5737a0,False,,0.0,0.0
f042b416-880f-4e30-8759-e69c1151dcdd,59fbb46d-51d3-449c-bfff-a983081190e9,False,,0.0,0.0
95c1e02e-56bc-422d-9b82-cc920dda36f9,9381ebb3-a7f2-407e-b821-947c43a7320c,False,,0.0,0.0
114d54ad-b2dd-4382-a9af-fe3cda894ec5,2c21f1ed-f4a9-45b0-91c3-7e19dbfeed4a,False,,0.0,0.0
f37ae855-1742-42b4-8c63-31fee0094d19,524ec63c-1ab4-4e05-bdc1-dda00619feb0,False,,0.0,0.0
ec273d2e-3b5e-49c1-8126-b7d2dfecd57d,52335cad-3905-4fc0-a151-f6edb2297aff,False,,0.0,0.0
0fd38c7f-7cab-4d38-a00a-f69e6ef84cd9,078c7f1d-2e65-4eb1-95f3-04a02de94792,False,,0.0,0.0
4dad5586-685e-44d8-a184-fdee55eaf0b0,85261ad4-94ed-4114-b672-e14bcc4bbc6f,False,,0.0,0.0
13945ab7-df0c-4abc-b5a8-11d2b68b4b1b,58c714f2-a3aa-4839-bc35-bc9a521a21a4,False,,0.0,0.0
46cbabb8-884d-4244-9256-e8fe12c93348,5d2d113b-fb5e-4c15-8bfa-e8d6b4ed4d1d,False,,0.0,0.0
2b6c21cd-0149-4048-99a9-25a239861517,a82762b4-7939-49cd-b858-2767d4031364,False,,0.0,0.0
39a5b60d-7840-4b8e-917f-07c2659fdbd3,52949fbd-1243-4159-9df5-6402492ca612,False,,0.0,0.0
400c16ba-dbfb-4f57-a499-e576870285c8,764f6842-f955-4aad-b5e0-bcbf5420d149,False,,0.0,0.0
85c883f7-be9b-421c-9391-bfe8d3840ae7,29c649ec-2b48-4034-88e5-e76e68eac538,False,,0.0,0.0
ff660878-c767-4eab-8b8c-b89dbd8b4566,d8ccacd5-b35c-448c-b193-4d22976611ee,True,2023-06-10 00:48:13.333256,2482.42,1660.84
30e8d72a-61bf-401c-8fa6-d2c25731fbc5,8716f0b3-9619-4356-bcf8-d6f86cf322ab,False,,0.0,0.0
bbc3c0ba-2322-42b8-8c41-2bd1507bea85,b81cc43b-f99a-4620-aee2-f9bf8ad303b1,False,,0.0,0.0
2d743ca2-b1ee-4379-90fb-dba83a4d0cee,7161c888-32c5-4d76-b70e-bb11affee02e,False,,0.0,0.0
f8c978f3-79c0-41f4-af3c-694ad64b869c,49ca4ae6-2d0a-495a-bdb8-65cff106b83d,False,,0.0,0.0
81f56b74-a304-4ef2-a288-eac2c7cb9a44,1ab88733-80e1-4c41-8a9a-727fb2a12a55,False,,0.0,0.0
80ccbf2a-5b07-4bac-bfdc-9f2a73aba4b1,5b69a9a8-f8e9-4d27-9c3d-bae4c1315e84,False,,0.0,0.0
d12fe7b0-0c9b-4e49-92b4-a38666e320a3,8da4afbe-1bf5-4332-8eb1-8cd30e9f52f7,False,,0.0,0.0
0a964852-a854-46ce-ac2b-523712ff92fc,c91463ac-af4a-4f31-89df-f7488a8b0677,False,,0.0,0.0
deabe8d5-25d5-49fa-8253-a6caece930a4,83674372-d33e-4b2c-bceb-cc1d6c019c07,False,,0.0,0.0
2b643d6a-167d-4294-835d-eae836e54cb5,76b851e9-bfe7-46da-91a8-5948501d5146,False,,0.0,0.0
9c1b35ba-5fcf-47b9-b043-ae8da0dd12ab,018af2d2-427c-4d5f-bc3d-bcd8c7050c5b,False,,0.0,0.0
55f47f8f-ae84-4eec-bb41-8af052ff8c6c,d1d46f58-2b72-4139-af61-997d61275e64,False,,0.0,0.0
c9e92b40-74b5-4ab8-8bad-e0d9b7583943,6ecf4ff1-6f97-480c-8bcb-b729b0646038,False,,0.0,0.0
a31f714e-e3dc-41af-8319-ca4c4672ae40,5a0fdf61-5571-4266-96c0-2601db4d2d18,False,,0.0,0.0
cc7dccb9-b89a-495e-9f92-160f3d17fa15,b9a1f8c5-929c-4513-9e6f-46b9a77465af,False,,0.0,0.0
0458b375-89c6-470c-becb-27b20fec836d,d68bc80f-9dd2-4036-a737-cac9242e3d71,False,,0.0,0.0
740aef8f-2d02-4b2e-b3b7-674efdeed883,fab8cd39-d6b3-481a-ad37-0c84a011d446,False,,0.0,0.0
b6bd88c1-f625-448d-b103-14f75ed0e3bd,145d2f7e-f057-412b-945e-b87f0eff6a6b,False,,0.0,0.0
d90b645d-2ae4-4529-9551-c2e6d8ef903d,8b418bdf-e52b-4187-bc3b-5ed72dd5b752,False,,0.0,0.0
c5016b01-d304-4e8d-9f90-7e1aa7d09bd9,b5bef85b-ec0b-4ca6-9ec1-6a3450f35bb4,False,,0.0,0.0
89141349-1a60-4626-b02c-815c25799ee6,4580ee86-18ce-4087-a53c-e1148d185c2a,False,,0.0,0.0
a053b758-bb85-4bf1-b386-379196e6ee52,16d49f2d-103b-42ed-9540-d6f59f8c9841,False,,0.0,0.0
33bbc1da-fdc5-402a-92ea-125e54fcce24,d37d8533-714a-4ae0-b98e-1f36ffdb3a38,False,,0.0,0.0
4857e4f8-b63b-41d5-8547-1f0009fd1669,28791fa4-7a80-4dd0-8286-2014ff41e2a0,False,,0.0,0.0
7e8ca553-b7c6-49b5-bfdd-e6ac276942f8,478d365f-c209-4ac4-84be-71b901dfe84a,False,,0.0,0.0
f8cdae5c-b07d-45f2-a6f6-20949a841bb5,c98a2fa2-3dba-44d7-935f-52da1f324096,False,,0.0,0.0
50a53a7b-5bc3-44ab-8002-eebe5326e36d,f93adb04-4d24-4ef6-be50-e2da7bbe4efe,True,2026-06-21 07:46:15.308110,5732.95,2438.39
dcf11729-1c4b-49c0-bd5b-f8d823650144,9b4cccb0-8f88-4e63-bce4-858eb5622984,False,,0.0,0.0
81de37de-c178-4878-8936-7eba60117bc4,a8350a40-0858-414d-952a-ed00d4aa826d,False,,0.0,0.0
061f06a1-562c-4199-a0e6-cf314e76350e,5f5e9c52-ef15-427d-aa21-ee30fcd77150,False,,0.0,0.0
7ab9b3d6-12ce-40b3-b6dc-f24cfeae3fdf,f76ffc87-a888-4750-b6a8-31c77f63d2b6,False,,0.0,0.0
665f978b-280b-4f7e-97b3-debd44eb2454,ba8f4592-37ea-4bed-b866-9ba9044ffc73,False,,0.0,0.0
9b633a2c-ae1c-477b-a9e3-e133021da0e0,e470dab0-e520-4332-a4a5-8bd60a328c88,False,,0.0,0.0
716bbf7e-5245-4c0a-a5f1-7b36125432ee,9d6ba3b5-cda8-48b5-adf6-cca41761f1ce,False,,0.0,0.0
2da1e64f-be00-4aa5-948d-2bd96fb19dfa,f0c3dc02-c4f8-45ce-92ca-910d738cf3da,True,2022-11-14 06:23:54.465656,2496.77,715.0
4c762c69-7867-437a-ade8-1f61dca356bf,1407a94b-0e59-4ba4-b5ea-7f1e5ec51b50,False,,0.0,0.0
de4aa483-049e-4a0e-b4d2-dc711f7c13d4,4459e2fd-2350-4275-8cef-f4f40efdcce7,False,,0.0,0.0
a79d69b6-abd1-4d33-a5d8-9bf9d98d7a00,87b31442-3a6f-466b-ba8c-178b4e90b61e,False,,0.0,0.0
6161d909-cbab-4701-a3b7-fc8e705b4ca0,e7e4a92a-138c-449c-853a-cbfc8bc7393e,False,,0.0,0.0
7a1c4e7f-8c0c-4f1e-acf7-ffc1f18fcf20,63582706-d545-4254-89bc-6a803a887bed,False,,0.0,0.0
8829f3c3-49b4-40cd-a6cc-6c4411daaaa4,7af7bd84-0121-421d-929c-717f636dde12,False,,0.0,0.0
fdc6bea5-13e4-44f8-8904-ebe7552c985c,bbe43aa7-8c58-4ff0-a15c-f032930e7347,False,,0.0,0.0
03137bf7-1633-4f96-8d2e-3915b2b49730,43b6c6ef-35c8-4133-bb8b-1581cba95e23,False,,0.0,0.0
7776f0e5-447e-4c36-9945-1109f704adda,e7b986cb-76df-4b9a-bfad-4b74f4c800a4,False,,0.0,0.0
0252ff8d-c8e8-47fe-ba47-ed4499b83985,b4586ea4-15b8-4fa6-8fca-b2a910fb436c,False,,0.0,0.0
49f8e7b4-ca41-49c6-bc83-ed43a67fcef6,06dba492-b889-4a75-a80f-58fb2d0f0209,False,,0.0,0.0
1af759c1-55c7-45e9-993c-15e961bec215,929b4c7b-f270-4a23-a957-811d2fd02b45,False,,0.0,0.0
dc60f946-30b3-41f3-ab54-a7083dc27f20,b9da7480-4b8f-45ff-ad8b-0dd99e7badb8,False,,0.0,0.0
9fb00fa9-db34-45c7-ac04-9c17f952cf00,44b2e5aa-f334-4f9b-badd-e398c09eb13e,False,,0.0,0.0
b29a3a89-2019-4ebe-9913-0713a0ae7fd5,f44f5031-a82d-4879-87cc-4d1c7bf6b2ad,False,,0.0,0.0
132984c2-79a0-4888-a1a4-ed2694346846,1a0c0048-7108-4569-908d-6ac75baca439,False,,0.0,0.0
2e16f0f0-2a3e-4c6a-a65c-714902f6e930,4d7e6eeb-04eb-4694-92da-e5a7bc11733c,False,,0.0,0.0
5491aa54-6e59-40cf-8811-5cf3522e3481,8d4363a2-3f2d-4955-b8f3-0ce351ef467b,False,,0.0,0.0
2ba69818-5633-4791-8a61-e5f8673b592c,35868ed1-e4a2-418e-b328-8280e3ca0915,False,,0.0,0.0
de048040-2abd-4c62-964e-eeca6bb4238a,b06f0681-4b98-42c5-97aa-5681428f54aa,False,,0.0,0.0
9364eff4-520d-4021-aaa2-effe3d9c10b9,e941cff1-046c-425d-b40b-d8b6a521f3ae,False,,0.0,0.0
3cef2fc4-e3db-4b7a-8585-8252d8a3ec00,ac5a61d3-94fc-4275-94e8-45bcbdfe7f18,False,,0.0,0.0
0c2268dd-a4a9-475f-bf60-eeedc5e5dc0e,1ccd3552-b1e0-49ad-bf80-b3f8b3ebc460,False,,0.0,0.0
19cde552-24bf-4769-b9d4-485ccf64527b,66c09e7b-741a-426d-8bca-fbdb54b0f552,False,,0.0,0.0
5f94c605-4135-412d-b232-bc198c1ad9f8,f3310760-87e6-4238-ad59-2953e24297fc,False,,0.0,0.0
5e64da04-d2cb-4a23-a3fd-85067499191f,67f396b4-0510-4ebf-b347-fd7bf0e3b50f,False,,0.0,0.0
adcc4ffa-d192-40ca-839a-d979fa5caed5,6e8649f1-055c-42ad-bd71-017f5e3a5dad,False,,0.0,0.0
84f4f95e-fdf9-46b7-8d2a-25aa08334d1d,62c57829-6210-4734-9ded-b8538658c2e5,True,2025-06-18 19:44:24.955261,9995.57,4763.99
f3a538f7-93ef-40d9-80f2-b1bbe3b4059b,12e1725b-0b94-42ab-b8e0-c2e1fe7f9299,False,,0.0,0.0
4f3bf8ca-a81c-4acc-8f17-3157eac3be19,960f96d9-051b-4698-8463-299a2ba321ef,False,,0.0,0.0
0c5b0bb2-f8c5-48de-adc3-b6de894880c5,79dd7b95-1558-4c6d-b120-3b7a1dcccf24,False,,0.0,0.0
387ec815-90ed-4ada-bde2-1561edc17259,ecf60826-3c1e-4ac4-9af0-9b921da9c3c5,False,,0.0,0.0
1d731282-56f9-4025-9330-8681f6937084,e810c030-2edf-4b1a-ae35-5704b82f76ef,False,,0.0,0.0
9040e66d-694a-40dc-96ca-e38544d7c44d,bf5e39fb-14b3-4352-ad6a-53cb2f991807,False,,0.0,0.0
eec2b367-f7c4-4fe2-97ef-11f09853373b,960b9746-9b51-4232-bca7-644d47b76d17,False,,0.0,0.0
76221393-d35b-48d4-b681-e2d72fefa343,88bbc5bb-64d3-4090-98d0-fc616cb2170b,False,,0.0,0.0
7481828c-cf8b-421f-b5b1-6f6aed3429a0,4badb973-1ed0-4243-9ae6-9d9798fb7955,False,,0.0,0.0
4fd12692-b431-4bda-ba7e-cf9f5b8994d8,ddc16c3a-4f9d-4780-a1cf-33a4f6214132,False,,0.0,0.0
32addda9-9be0-4cab-be2b-9cbb61adc91b,4b47b715-f937-4fff-b146-56f1787ed06b,False,,0.0,0.0
f0ef19d8-3a8f-47cd-b50f-2685f0abb9eb,89797b17-eeb3-4b22-b077-d33ed04cc4db,False,,0.0,0.0
b7cf944f-7bb8-4d4d-ac5e-6b3b851b3781,9089bcfd-9145-4617-b9c1-f1b288c79c98,False,,0.0,0.0
0b044f51-054d-4a59-b2f5-b5f402bc682e,7e83e815-9375-4195-a5fd-72f4fbb61ff7,False,,0.0,0.0
27401a2f-1a12-4ce1-bb98-ea799bfd1a0a,74e5418d-baa3-40fa-8743-8e60cd4901c9,False,,0.0,0.0
0e9c7ad8-6ce6-48dd-bf4a-d2442c338a69,9c137f71-7a77-44de-86a1-c1ef2459bf96,False,,0.0,0.0
97a4f985-0a3c-4099-b786-96dc4f296903,7609c580-2fd4-4a8e-a5d0-6bcf596d88dc,False,,0.0,0.0
fe7d1934-5685-4e11-b168-2be84ae29e55,676a504c-dbeb-41e2-b9a0-1a0b64657945,False,,0.0,0.0
6ca442d1-d801-447f-8a4b-142083cfd264,6d473b55-db1c-41cb-b002-983102bda3a7,False,,0.0,0.0
4c0d5786-917e-46da-9903-7a8f77d45adb,5fd229bc-8e67-4bc8-8401-6c6f480af459,False,,0.0,0.0
2713385c-53eb-48d2-b275-de92f39f77ab,96944fa8-afb7-4dcd-afb6-f3c9a798deba,False,,0.0,0.0
34c05f6d-7b35-432c-b35e-ac4b9516dcfb,b7e1cb21-2e80-4748-9e78-c6038ca3c793,False,,0.0,0.0
c4e6eb52-cdf1-46b6-a45b-3eb372947de9,cfc01fbc-a5dc-433d-b0bb-2a0e39d02b29,False,,0.0,0.0
f242832e-27d1-4ee3-aceb-475124880842,4bf1d7a8-b904-4b4e-9f57-1ce3d3a085ec,False,,0.0,0.0
122c53d0-69f0-487d-b1bc-7e5f2b1bf35b,28d217d6-65a6-4c40-b5fe-ea0a5d3da878,False,,0.0,0.0
35bbf874-03d7-42ea-9b6b-116572bc5683,64bb419d-dbc4-4cdd-9554-5bb97622f59a,False,,0.0,0.0
da8c0bef-0f0a-43b2-8d55-b754288f8231,3d5e1fbf-f22a-46f6-92e4-455c0112ae15,False,,0.0,0.0
856be3da-9f15-47b2-9265-abfaa667ddbe,fed46e35-1891-4896-a848-849e0dacf645,False,,0.0,0.0
84500ff3-e078-4884-be9c-4532b07276e4,fbff1829-aea3-498b-80bd-204e32714f01,False,,0.0,0.0
074a86af-cb08-439f-a673-eecb1b7bedf5,7f720ffc-9b6d-472f-a39b-66512ffbe857,False,,0.0,0.0
c7c7fdac-bed7-403e-bdb1-f259f6d661c3,3217f93c-ac60-42a4-b85f-a73df17316d5,False,,0.0,0.0
a0aaa37b-1b51-4e83-adaf-bd7e4811f655,0803ad31-4e1e-4f3d-a910-22b80d60e364,False,,0.0,0.0
3421a9b2-4ac8-4088-89c7-349881f0e378,9e9a1e40-ba49-4cd5-a185-3b1a63e12924,False,,0.0,0.0
82fecf41-06cb-46d9-9407-e7caad2d7328,5487452b-226a-4b48-8428-6ad922e40b50,False,,0.0,0.0
1eabade5-a543-4c7f-868e-d926f90bd719,c0c86a82-b2b1-4b81-a438-0f8a8ffd43cf,False,,0.0,0.0
9956bcad-5aff-4909-a1db-9d1af5e5ad43,1049f904-9d25-4dc4-922d-ef06fa33dca5,False,,0.0,0.0
0bb13871-715c-4e1f-b4e3-9bf08d73b041,6bb73dac-9681-4aed-b5ec-c661d3b4a1d1,False,,0.0,0.0
7398a5b7-0c13-4b1d-93cc-384d47e943fa,3da34aca-1e07-44a8-828f-d8cb80189536,False,,0.0,0.0
3173e7a4-095c-42e6-a642-8c62c125dc27,8c1046bf-24b3-4794-a93d-b7fa8e8ded45,False,,0.0,0.0
0633cebd-a519-4df0-b35f-a6b28538a80a,85475ee1-1e06-496a-a302-7b2102c1c269,False,,0.0,0.0
d344de39-b383-4518-9805-9dfac0deca42,aa9af6c4-3b08-4388-a9d8-34b6072e4e7a,False,,0.0,0.0
4893176c-f7a5-4887-b5c8-0ef4b71b785d,0029691e-0c18-4305-8341-f831ea4a742b,False,,0.0,0.0
92400acf-e246-4dba-9e93-de0118217e1e,5995e5f4-4c85-45c1-b159-f8a48a802429,False,,0.0,0.0
dec6d23e-7c9c-4026-b8d1-e668a10c1b2f,dc8f79c8-bd95-4829-a72c-f300c917a68e,False,,0.0,0.0
7c0891ff-fd01-40be-a4f7-bd83527589fd,29ca6e42-d09a-42dc-a3dd-65b3998549bc,False,,0.0,0.0
c702c31e-def0-4acd-9cfa-19c2f409cc30,1e7c30a0-7614-47f3-9817-3ad5ca1ac0b5,False,,0.0,0.0
003348c5-271b-4730-81d5-670fa6fde3cd,42f8bae4-0145-43df-bd0e-be4e877f867c,False,,0.0,0.0
e1ef40c5-0a31-4ce8-a103-f0df096d2049,b75901d0-3036-481c-80d9-8272e52e1409,False,,0.0,0.0
416f34cc-fd87-4d72-bafc-8f568a60f72d,45d89da6-0a5b-4eb2-9667-91896ed5ca30,False,,0.0,0.0
647b1c20-a168-479e-9a69-57325b4a2884,f0c46591-b2d9-45fa-849e-e02aeea28810,False,,0.0,0.0
e8cf5aa0-76bd-4f96-8e2a-10d326f3b731,dea43dfd-29e1-4b4c-b701-f1f4a48f93b4,False,,0.0,0.0
27420a6b-15c5-4774-8bfe-bae520e75e78,cb37a85d-93c4-4d32-973b-df7a8e14338e,False,,0.0,0.0
75c9b29e-6e74-4557-9965-cf2aaafeebd8,c5ee154f-6c3f-4efb-87ba-1cc7c58e411e,False,,0.0,0.0
d2c873f2-b8e3-4cbc-b9a4-35fb2ca35656,44d44eca-976b-4158-aa93-26f6ec221123,False,,0.0,0.0
deb03aee-796f-40b1-9507-e717bc3d9f9c,224a94a5-763a-4eaa-b340-fa855b2955f1,False,,0.0,0.0
fd06f31e-313b-4667-ac7b-330ed2fb1d56,34460c61-1bf1-47e1-97f1-33972905fe7d,True,2023-10-26 21:20:14.629562,910.38,532.81
1e78d1d3-7a93-4b47-b19c-5bc527f8d39a,d8e3cb62-fe24-4cd4-86bc-55dbae6c3a9b,False,,0.0,0.0
75c6dbd7-390f-4fc6-852d-ae9b61b53c0c,b195fa9f-3afd-499e-8a19-de1f5cd70899,False,,0.0,0.0
30daba33-f742-444a-bcd3-1fe07b048281,bb2168c4-a318-4a65-896f-e30824f7e239,False,,0.0,0.0
7605d54a-4d4e-468b-a9e9-bc755514a080,0e721365-a4e6-4afd-a6cc-d201335dc080,False,,0.0,0.0
3bbd5de6-1c93-4bcf-9c38-0c52d7231d71,3f13d74a-5c7f-45ce-bea3-9cb17a4e438d,False,,0.0,0.0
ec6eb482-cd08-4c98-a333-bb6904f4ac9a,15690641-07c4-4918-b91c-6d9dcf41c7ca,False,,0.0,0.0
8b603421-cc05-4382-9f59-fd180591bf6b,9a8b8524-4fac-40ff-9385-3f450ed57c8c,False,,0.0,0.0
740a9cd7-6394-4712-a8ac-2230388fcc94,ab707385-6c81-4f55-9906-d534438f9d83,False,,0.0,0.0
0f964791-4a4b-42a4-82b4-08301632313f,9b08725e-e1ea-40f2-8c52-b95c2146e7b4,False,,0.0,0.0
0bb0f306-6643-434e-a785-cb13e12561c0,59432772-64ba-42bf-9c99-f2bc55dcb8a8,False,,0.0,0.0
8785de4c-c9f4-4037-a36c-1d0c29de44ce,0a2cbb1b-e70c-4274-9930-300a07006af3,False,,0.0,0.0
7ede32cb-ac40-4ccf-aeb9-87f908977e90,afedc6c3-6979-45ea-99de-fd207d3a8826,False,,0.0,0.0
1135fa64-af34-495d-b810-7578eb106892,3503ae05-1efe-4e73-8bb8-815707f6008e,False,,0.0,0.0
0326ce7a-0382-44ca-b873-7cce357844ae,82330e6e-b89c-46e9-9d39-b50542696d14,True,2023-08-29 10:46:37.807076,3316.07,345.87
dd1d2c5c-d8e4-4b28-aa68-bebd8babe139,e6e005dd-31c2-4ddb-b2c5-b9b954c06524,False,,0.0,0.0
730e1c04-f0c0-4223-af80-9efafd3d4a9a,d353db1c-3d59-4f7b-b377-4ed1b039ba0d,False,,0.0,0.0
c87ab522-3295-4ba0-85dc-b448a616e51c,25c298e5-fb34-41dd-a71f-a59b8730130c,False,,0.0,0.0
c4584845-2e14-4128-812f-60986e68b99d,6e19f773-3a5c-41bc-9797-29e87a8d8320,False,,0.0,0.0
c2e00c0c-1183-4799-9621-2e52b25a5303,145deec7-019d-412d-81f1-0d042f576e77,False,,0.0,0.0
da75c9cc-ae03-404c-8e10-e57cd9e0ac6c,427288fd-5513-416e-ac39-e3ba90080708,False,,0.0,0.0
30e547e1-e635-4358-93ef-43a02e70feef,fd9c70c3-2972-4882-a6d9-d3d105ddf023,False,,0.0,0.0
e1959000-7e3b-42ed-8f3b-a104b976d2bf,c7706e6d-1fc7-45eb-88b1-2a442dc149dd,False,,0.0,0.0
31686ceb-4741-49d7-abc6-8fb894968017,7eca5b2d-341f-4b4a-b6ca-f84012adbc1b,False,,0.0,0.0
1dd01953-cc9a-4741-b2e3-255256f17c8f,d8e77ca2-19b1-4043-bb70-324e36a09573,False,,0.0,0.0
91974f46-6a27-445f-a534-20cf4708823a,e5141d91-8127-4cf9-803b-d70b054dc5a9,False,,0.0,0.0
fac1d6ef-d859-417c-af5a-6534f338bb50,61127927-cd6a-4e30-8567-f81fb8e3fb43,False,,0.0,0.0
fac6f375-d952-436b-9fac-15975a2fe782,9d30b0f7-f6a9-4c38-93f7-4636c7be5406,False,,0.0,0.0
b53c34b5-c496-4ae5-b9de-89a600007a83,55957cd1-a691-40e6-9600-b3cf3f0e3075,False,,0.0,0.0
d1b52b06-d07a-42ab-99e3-989a9e56245e,779bfee4-a6f7-4a50-8903-528a5e0fb618,False,,0.0,0.0
b6929931-a15b-478b-aeca-d9134be2ac9f,66d78e18-a347-4f18-a341-6840f5b3029a,False,,0.0,0.0
63c77004-b562-4742-8c92-744b66a5d84d,be7a38c6-bc8e-4e55-9b97-151da89e4fa6,False,,0.0,0.0
07671154-0395-4f7a-88cd-214713a137d3,e7b986cb-76df-4b9a-bfad-4b74f4c800a4,False,,0.0,0.0
c46ae1d7-36bd-4fa8-8a94-1b88018dfe86,ff36fe7f-c1ab-4f4c-a3a8-bfbe96289af2,False,,0.0,0.0
a955c868-077e-49c2-b131-2529153083e2,f945cfd4-678e-495f-a2de-b12c5821f077,False,,0.0,0.0
e40316dd-adff-4e19-bb03-092e7623c3b9,b90914d8-ac79-4d55-83d2-15148c0a268b,False,,0.0,0.0
97f8ea4e-47e8-494e-b3d6-8a8c8309d0ac,19b627b5-4c2b-4a96-a86c-1d888d67e82c,False,,0.0,0.0
94cf9a7e-e5fd-43a6-825b-128233574e31,fb1eaa6e-d19b-4b23-9602-3639047ad506,False,,0.0,0.0
f88e6af5-5253-40d2-9b7f-6b4de4ed5d1c,81db9a62-10a4-47d5-a6b1-7ece85d0cf83,False,,0.0,0.0
74958288-9720-42b7-97d9-a5d8f14794fd,9619cf44-3ac5-424f-a3a0-51e85f5c6553,False,,0.0,0.0
c79a47e4-1612-40d1-9562-c4037f5e6a96,8bb61e76-efbf-4c75-a6e5-4d66ee4ebb16,False,,0.0,0.0
aaa67978-04d0-418b-836a-cdc404385737,40f62c58-4ac2-4e89-9b80-6a19c11f2240,False,,0.0,0.0
3ab3a5c6-aa37-4af5-8b1f-64670f8dc032,82d621dd-f00a-4b85-bc50-1ef8bb94c73b,False,,0.0,0.0
7edf638f-8dd5-45ef-858f-99ee495da1cb,cb697bf9-384e-40c1-b1ae-b0b964804241,False,,0.0,0.0
09965fb6-a453-4b02-9861-421da37fd54b,1336d4de-c5e9-43c3-bf44-23d549a1f7a1,False,,0.0,0.0
56fb49e6-a78c-48ba-808e-a1ea4c362c97,487f70f0-e5e4-4935-93bd-99f9c5f4656a,False,,0.0,0.0
98643d86-a143-4e63-9296-a0093b372c52,666ef491-88dc-4e09-8413-377b38d52946,False,,0.0,0.0
a78683f3-3f79-4b06-8d6e-734f9bacddd9,4400592c-a0b3-45c7-8fe1-f0505cf9d973,False,,0.0,0.0
9a63de7f-b9b0-4f32-9cf5-d96f98608c8f,6070b244-c5c0-4d05-ad37-ba8ce7c8f28d,False,,0.0,0.0
035651bb-361c-427d-a0d1-38f1cdd8a77b,2ac3aafc-94fe-4779-9355-652e5ec7a8f6,False,,0.0,0.0
be00be6b-d269-45d1-85a8-a140e379f8a7,dca21033-16ec-44b5-8f6a-d43f09536c4a,False,,0.0,0.0
86fe8978-8b79-4f1c-9195-d6c71c393eaa,069d887f-9ad8-4fa7-b7f9-0812bf9bd810,False,,0.0,0.0
590ca57e-edf3-4277-87b0-642d60da2603,1604c332-09a6-4674-8b1f-a32544e5f394,False,,0.0,0.0
d658361c-61f9-4f35-8ea6-2e58418a9174,19848c74-6b51-4da0-ac21-d6c536c7b748,True,2026-05-01 04:57:00.303758,17495.26,6299.16
b143acf9-c369-4cf5-b739-7014e2f00773,2e0c881c-1068-4337-ae5e-ccf7df4924f2,False,,0.0,0.0
abe750d6-02fc-4348-bb7e-1c3c71cc93f4,b800f540-7f69-43af-a921-3dfa86e979fe,False,,0.0,0.0
b578cf77-19e6-45cc-82db-236000caa913,37eb9827-869c-444f-91d0-dc7af56ccffa,False,,0.0,0.0
aa7e4e49-c969-4627-a962-68d63e5f22ad,1c526dd1-fdfc-4a9d-b618-187c37e2dc86,False,,0.0,0.0
189b20be-bc70-4d21-aaf7-da0ae1b54740,0de5fd7b-dcec-4307-b9e2-4cc0ca63d3d0,False,,0.0,0.0
f9e8e392-b455-43ea-9157-7113b5799931,0eca3630-7342-44e1-a957-a9dd5258e6d8,False,,0.0,0.0
51bb7655-426a-4ce5-811b-14e36b636eb2,9bc27450-a3a9-4472-b002-0f5e8a5acb4d,False,,0.0,0.0
ca7fb1e0-32e6-4681-aef7-101e353fa89a,7792a78a-792a-43f4-8b1f-a8629fa0aa69,False,,0.0,0.0
9dae4c3b-6d15-41fa-bea7-f11277ed788a,1192e4dc-c99a-4a60-9fb4-6e9e15490c7e,False,,0.0,0.0
afab9173-29d0-4f2f-8643-69bf367fae3a,474d3a1a-695a-42da-ad14-e5bf848622e3,False,,0.0,0.0
844efd47-0fb1-4099-b8cc-6220ba40a912,f30b15eb-9d69-4f34-bab7-b78f209875b2,False,,0.0,0.0
a9c78f7b-e1ba-48e9-a85d-344d2181288f,4aff5eee-32b2-4952-8376-37d672a9dfa1,False,,0.0,0.0
1c6af415-966e-4844-a0b9-2b853a858fac,fee33607-6fec-4ac2-90d2-abfe0425c430,False,,0.0,0.0
92e772a6-34d3-418d-96f1-ae49bf078fc6,eb2873e6-e465-4ed7-a07a-d1d42888c573,False,,0.0,0.0
36f0b9ce-986d-4466-b05b-eec116af9bff,68e0c800-9e48-4e45-a904-ee42884526f5,False,,0.0,0.0
282fcc18-93ad-44d1-9e83-85b217985051,4ad76a0d-5219-4d62-a25c-6c5cf629c955,False,,0.0,0.0
a597b7b1-b802-47bd-91ac-765a616ceeb4,eec335f7-57df-4c9a-a7e0-fe2511d67820,False,,0.0,0.0
00e42e24-f1b5-421f-ad62-7592146046a7,e13ae6f4-b5ef-418b-a90e-1a7e75be1ba7,False,,0.0,0.0
e8568407-b445-4144-8c33-8fbb397f9b1e,0ce3dcce-0b2a-4994-8cff-a0376feb3d46,False,,0.0,0.0
b7fd7e29-169d-4449-9d85-437fff044a0c,33252134-ebdf-4eb4-b679-9210efe87716,False,,0.0,0.0
8913180a-fcbd-4638-9bbd-9c6a42b42224,bd00ff19-608d-4135-8f19-9b9217b4e6d0,False,,0.0,0.0
348fa04e-d893-4ca5-b8c7-8507fb1f72e8,305a1bef-6909-43c4-ab13-b71df96846e7,False,,0.0,0.0
b4ae848f-0919-4776-a18f-ff58f7b717d1,c4ddfe54-917c-4f11-b81e-d083929614b5,False,,0.0,0.0
89a0aca3-87de-4c42-a2de-3e55f82678be,1b19b829-d0fc-4577-8ec7-56748b19f320,False,,0.0,0.0
465d7b41-a53b-451a-8f9d-51920229e977,9e181620-5f27-4ee1-8b07-9752a93429ae,False,,0.0,0.0
1040c11b-c3f3-4e42-82d0-a50a02e9ae75,3eaf5f08-28c5-41e3-a8ac-4518eb8f54d8,False,,0.0,0.0
7dc98dfc-7312-41a4-94b9-d3f9ac77ee75,f3310760-87e6-4238-ad59-2953e24297fc,False,,0.0,0.0
927bac00-f480-4803-9456-25f4ede41cba,82ee6e08-0ba9-4e1e-b588-8aa1f9e33543,False,,0.0,0.0
5f3ca8c4-4ba4-4bcf-b920-85a81b2daf41,6595fa90-4584-4215-8e30-20b68815251c,False,,0.0,0.0
b0976a1e-4f01-440e-b530-c4ebbd3ef698,144be8bc-e207-4595-be20-9925a72427a6,False,,0.0,0.0
bfaf5475-83a4-4601-8351-b96c78fb1cbd,d66f3fff-a93f-47ec-8ee4-3f7fd7680657,False,,0.0,0.0
6dfa246d-8875-474c-a4c9-f7416947619d,934fa5c8-8ac0-48d3-a0d0-2f5a24d6281f,False,,0.0,0.0
5506aa12-47af-43f1-b508-6e505115baa0,f1e34d6c-6c02-4976-9e73-b307f37590d3,False,,0.0,0.0
932d6827-481d-46c8-8aa2-f4fbc36e6731,68c4b51a-8166-456c-b04f-bce932dcea5b,False,,0.0,0.0
bc81646e-f9dd-4a89-9d97-d07340d2a65c,c3e8212d-744f-4ff8-8257-7dd19d193891,False,,0.0,0.0
ba399254-cd76-4ff6-9c71-a96664773bc8,18deabfe-5172-44f0-a285-f766f9d46d34,False,,0.0,0.0
8acc54ea-7b6e-487e-a2c8-e55a1b8add37,1f1d1b20-be91-4d2a-bf02-4c09051d1800,False,,0.0,0.0
36fa9ce2-e479-4559-b3d2-4aba8ea228e8,108fd94b-b294-49b6-a53d-ff523e7b8fb1,False,,0.0,0.0
aa009277-6052-4da6-a129-74722b63a82e,82ee6e08-0ba9-4e1e-b588-8aa1f9e33543,False,,0.0,0.0
18a838da-ff12-4240-a2a4-8919f72fdde1,6bd95a4f-37bf-4cbd-87a4-53041ff3a9f8,False,,0.0,0.0
75285234-71ae-470c-8ede-cdb4224f3007,0394fc90-7ca2-401f-ab77-fbe41e57072d,False,,0.0,0.0
ed959ddb-91a9-4692-ad9b-44e0a4a917ab,a87da2af-3ae8-460a-adaf-ea5450b9e04a,False,,0.0,0.0
c4f990ab-4198-4481-8114-7f6e9f089284,2f160f3d-05ba-4c78-a696-dea06c2aeb89,False,,0.0,0.0
2b4e387a-53a9-414f-a157-076354b210da,562e121f-e5fa-455d-9320-8f77e5bdbb3e,False,,0.0,0.0
28918cc4-1ff6-4692-9d4d-471d177f607c,17722cf0-f38e-4bc3-b7df-852c1779e7d0,False,,0.0,0.0
45fcd902-913b-4662-a554-ef70601a31e5,9c88f367-c46e-40a4-9086-b124c7422b51,False,,0.0,0.0
687b758b-e138-49b7-9c1d-32b4ec372e15,6370e0f7-aab8-4c30-9cfe-793d360496b6,False,,0.0,0.0
41bc344f-ea01-45e8-88c4-eb76102b04ea,fe3f5662-0468-4a4a-a1e5-835e3e9f069a,False,,0.0,0.0
474f086c-ef6c-4477-9700-cdb483e7b2e9,39ef20ea-120e-4c83-99b4-4b98d5969658,False,,0.0,0.0
0bc64d00-b556-4fb9-a69f-3635788635b0,250801c0-8d2a-4e18-a51d-7a23d5b483b6,False,,0.0,0.0
15d3bee6-2b56-401b-82eb-527b05b3643a,b2ea6850-94bf-4660-8e87-9c6249fa555e,False,,0.0,0.0
327deb25-9d37-4559-9fc1-7b5721d87402,fd9c70c3-2972-4882-a6d9-d3d105ddf023,False,,0.0,0.0
454147b8-ddc9-4833-9f8b-927f2f4bf865,82c273a9-771d-4808-88db-039cc78fc57d,False,,0.0,0.0
756d218c-a83c-4f44-b152-a7792f5e2df9,c4593083-db40-4797-8ecc-4bd986db41b4,False,,0.0,0.0
4e5ec407-f45f-497b-97bf-ccc57bcba95f,5122f001-70e6-4474-8534-bd7686423a80,True,2026-07-09 19:02:55.103658,9329.51,6081.79
8e28f64e-4b5d-4d0d-a773-384e6c144695,ae5ec1fc-5eee-4114-823d-269c2da46bc5,False,,0.0,0.0
9490363c-b1e0-4c23-aa08-8bb993360a6b,9599b267-390f-416d-9b06-f07242442fce,False,,0.0,0.0
fc37d87b-55a1-4104-a4aa-27ea9f26a6ba,92f72f86-3958-489b-9e05-4c8a28605c20,False,,0.0,0.0
eade7a64-0c1a-426d-9b0a-ba745cccacb8,bff49e06-59e3-40f6-93b7-8bab38151095,False,,0.0,0.0
fdd65946-3d6f-48eb-b239-316811738778,80ef2ccf-8999-4812-9616-76fcbb1ffaf4,True,2024-04-27 21:31:31.294369,38027.09,2670.87
1ce99d4d-be5c-47b2-a520-f28cd78f1758,3edf665f-a597-4064-942a-965f1465b466,False,,0.0,0.0
6ce6ae76-4bd3-4101-ad43-4062589bbafa,5eda2838-c7b9-4bd9-95a8-edb9b1a4da6c,False,,0.0,0.0
5978bbce-403d-4791-8071-23b8c6bc7153,f392b60b-64c5-4e2d-ba41-348a7f3dadbd,False,,0.0,0.0
4a7c8459-4709-440b-85ab-e040544184fc,944af6a6-83c1-4496-999a-2509203201a2,False,,0.0,0.0
905d6c9d-1966-4ae8-9799-f35431d5e6fd,c351c359-6739-4010-b9dc-86a923c560d2,False,,0.0,0.0
442529bd-ef28-47ba-b6b7-35201ee0d88e,c5a24d77-7cc3-4e98-9f39-7fa5ce96cc5e,False,,0.0,0.0
b5cd074e-c57e-4336-9e64-849c6b7fb6ca,e55b116e-680c-40c1-8d57-9ea09b7d5a08,False,,0.0,0.0
f553f0ed-3cba-43a0-b4b5-190391fe6714,f5b16d2f-e1fc-4171-8a23-792cac553173,False,,0.0,0.0
3efe5b12-d753-4ce1-8851-acfcd3333b78,eee5b33e-2dd3-4f8e-9fcb-f48261e8baa5,False,,0.0,0.0
414de820-0843-4bc7-b2c7-99c6fa94590e,33252134-ebdf-4eb4-b679-9210efe87716,False,,0.0,0.0
93953544-dc12-487d-afa8-e49c9184e8ac,fe318a9e-8e49-4061-9805-aa2b2d6436ea,False,,0.0,0.0
f8bf6e66-54a9-4845-8880-cbe0e698d12d,afb29df9-7ddd-43dc-ba13-06b5be54b9d8,False,,0.0,0.0
fe327d63-342d-48b3-bc2e-ea7c357e5a55,f3fd80f2-0423-493f-9e3a-564a8bf63e19,True,2025-02-18 21:50:21.418707,165640.93,106024.12
15b550a3-074e-417a-a954-d8c0d23dc3fd,1a950f3e-bd84-46da-a266-04f3c9afd545,False,,0.0,0.0
a7114c4f-b0b5-48f8-ae64-eaa1f25aaa0c,24f384ef-df3d-4d65-bc25-bce108c2d2ce,False,,0.0,0.0
882dd5a5-a00f-47a9-aa8a-5aea8bbb28c2,0a6246b9-e624-46fe-a044-3dc9459b556f,False,,0.0,0.0
8284792c-3cb6-455a-90b1-9fb01bc03067,a96bc761-3717-4e45-a570-6108fc78090e,False,,0.0,0.0
78f0f326-c54d-4072-a32f-05deb02c1b69,eb0230a0-3313-4402-a382-d280b44304e9,False,,0.0,0.0
7f077084-a74b-4e17-8fd9-9c8b1444f7ce,b8692e43-3fa7-4954-8bfa-fb8c623c2c71,False,,0.0,0.0
ce4cd777-d183-4334-857c-c58aa0c1647e,4a36acf1-f9e5-4053-b3cd-a586320c6b84,False,,0.0,0.0
dc637f96-4a6d-4c0a-9cd4-6dc75fc56eae,f714bab7-6ef5-4d48-a98f-8c8ad63c04c0,True,2022-04-26 15:25:32.744059,37403.23,27442.36
4804f2d9-3c51-48fc-89a2-f29c05edd99b,b77c1be6-febe-46a6-9eb5-d8d29620818d,False,,0.0,0.0
80f4ffb3-6c4f-423b-8a20-9a250ad47d66,80dac46f-2171-4e00-8261-c03dc6df62a7,False,,0.0,0.0
23c4a662-fc7f-42b0-8f6f-0980dd830885,250801c0-8d2a-4e18-a51d-7a23d5b483b6,False,,0.0,0.0
d2e54d81-abfc-4ba8-a0e1-379f339c638a,10b7de33-d627-424e-8f5a-f64ef21b7a7f,False,,0.0,0.0
b63d355e-31f0-4ce3-8159-401bb36acb6a,e7f8daa8-104c-4b6e-aadf-1b58d4a84169,False,,0.0,0.0
4eb010d7-ed08-4e6f-b3c2-6e995fe60f4e,679b03d4-fdc6-4ebf-b96a-3419f906dfde,True,2023-01-10 19:12:52.591330,23789.52,14567.47
a1f76075-3714-4a1b-9ea8-5da7eb638ddf,01f239e4-3965-4c7a-82ff-3b13d32a27d1,False,,0.0,0.0
dd6467d3-3bf6-415a-96e0-288dd123fa46,9d96bf5e-4d9e-4bb9-beb2-f90442cf4e6d,False,,0.0,0.0
65734a54-9195-4d89-8919-b94aaa719435,3f3d2b89-a37a-4c5c-8a9d-3213e04b1533,False,,0.0,0.0
8056bc91-f3ee-44cb-901f-85f61c297ccc,49e785c7-cbd8-415e-ae98-b722cf97b016,False,,0.0,0.0
24e00ec9-4e8c-4cab-88e2-e6432c1e681f,eb680076-96f5-49cb-9e87-ad6d6db3bda5,False,,0.0,0.0
65631352-9828-4d1e-803a-36382948a573,f35c02fd-d88b-4a71-ba53-d4ca79d1acbd,False,,0.0,0.0
c1279107-2016-446c-932c-ed5b60f38798,1a04409f-37d9-4c58-9902-bf0bba891427,False,,0.0,0.0
a2dde1ad-488c-4538-8c4b-9ca1e1a062cc,34da1f50-b1a7-4e09-861a-1396716728ee,False,,0.0,0.0
c99d01ac-6e56-4d24-a90a-a20371e37b91,13ffe66e-6ef2-4516-9f42-ca29a747520f,False,,0.0,0.0
7aa43feb-d0c7-4dc2-be58-b7007e03c239,a0ca381c-bc3d-468a-87d4-9f499cc15301,False,,0.0,0.0
8875352b-4db7-4d21-a40a-d97541e8eeb6,924e48b4-504e-4b66-874c-146ccea6c978,False,,0.0,0.0
5408f0a8-461d-4e6d-9e88-6451ee727daa,e37001f6-d230-4588-aedb-bd896084d671,False,,0.0,0.0
cfc4d130-5659-436e-8dd2-f79024fc4421,9d719800-e30d-4d83-8844-cc496761f64e,True,2026-05-22 00:14:08.455297,59572.38,27024.09
c4685b3e-28d9-444c-b495-f0516a4f18b6,a99e7d01-e5ae-41f3-a90b-98109bf4b57d,False,,0.0,0.0
46b72065-03bc-4dd6-9e29-e3032f829bf7,296fc0d7-6a63-4a6b-81d0-d034abfbcc17,False,,0.0,0.0
52b493ae-0a4f-4e84-946b-62f30055e518,ae5ec1fc-5eee-4114-823d-269c2da46bc5,False,,0.0,0.0
4f77f5b6-010a-4e85-b8c4-5987c67132b5,e3e32e42-29ac-42f0-a6f6-290a592b4112,False,,0.0,0.0
a260705e-5948-4f6e-a154-3cb31727834c,3e2613ab-a98c-49cf-b25f-3382dbad54e6,False,,0.0,0.0
ef4f4e72-e711-4bd4-abd8-adaae692e8ca,1d480843-a339-4f8e-920d-e24a3914dce2,False,,0.0,0.0
a2bac5a8-f259-49ba-af34-814f648242cb,f70f8b81-4f83-40da-99a4-8e556cf1bb98,False,,0.0,0.0
bb86f4fd-d72c-40f7-93f9-6f690040d763,bbaa6e4a-fe25-471b-bd5b-fecedbd0ad57,False,,0.0,0.0
02b6543e-0d64-4bb5-8e11-3f6491bfeb51,9d47172c-ab01-4101-bb32-aadb1f41c851,False,,0.0,0.0
4fd789c3-0871-43ec-8fc3-275b814bfa34,c1a8a33b-6b77-4e6e-a123-61753e22a676,False,,0.0,0.0
0d3f7335-b509-4299-9181-9a5483344306,af7da5d4-238c-429d-bc2f-5047d205bba8,False,,0.0,0.0
06f6837a-b8d5-4b87-93c1-4828fb7bf3e7,a06a7de4-9755-428f-9147-c3ba2f875748,False,,0.0,0.0
d0d59854-5715-4705-bb19-36f34d346cd6,092351d9-fedc-4b65-84aa-6e12208a9c4f,False,,0.0,0.0
2702ca0b-9e04-4260-8b1b-4b5d9827304e,96e15645-8ad8-4f05-9991-77b932888f78,True,2024-06-09 15:38:37.668459,14869.41,9094.59
b1952652-62ef-4d9b-9ef3-726f55bc79e9,2978ad8f-0cc0-423f-a221-6ec62e5a7731,False,,0.0,0.0
e35c890b-3ba7-4cee-903c-c388b65a2a40,b3700e92-92f1-4a69-a74f-6635f236b2ee,False,,0.0,0.0
9bda26b6-803c-40ee-abfb-2143336229ed,80ff8beb-631e-4726-8364-9c91faca60d4,False,,0.0,0.0
cea9cb50-91dd-40a7-acd7-114d8f83f475,0c4d862e-5ef8-4a9b-8cfc-a54b8ac31e08,False,,0.0,0.0
49077fba-a53e-4f88-9c4b-0fd272d1987b,5ed560c3-7afe-417e-8f9b-6d33be00565d,False,,0.0,0.0
6fb04122-1e11-4a86-9313-68615ca9de5e,5a45b8cc-117d-4f63-8e8b-84ebe9e24240,False,,0.0,0.0
ac9a4382-6a2f-4d7b-8810-6873cc0cb1a2,bdcfc42b-8122-41db-aa6a-58b294568b74,False,,0.0,0.0
257fb8d2-d57a-4e83-a10c-5ac4a6f19fbb,725687c2-0e54-4d51-8c44-5778f86e92d6,False,,0.0,0.0
c5b0bde3-d886-4b34-a5d8-2d9d765a13c5,fb3cd9c8-ebcf-481a-a1f3-b7803a5479ea,False,,0.0,0.0
563850a0-67db-4d00-bb37-76aa3d35c0d5,903ce3b1-6158-4ec7-b05c-b0aed795187f,False,,0.0,0.0
3c7f1220-7c1d-494b-95d2-5888f9323734,323eab00-9fe7-4bb8-b8cb-74696142894a,False,,0.0,0.0
448091bd-a5f0-4824-9f80-1384d186e25f,6c05df93-969c-482a-bb9e-88f856ebd83a,False,,0.0,0.0
e7df0cb2-f64e-4215-80b7-f2dcd66e89c6,5502ec67-42da-4572-8278-f61e17f2029c,False,,0.0,0.0
ae036e09-f20a-4338-a016-3969c9b1cbea,4e0d4d6f-f324-44fd-8f13-72bbdb55667b,False,,0.0,0.0
2120dc82-a1e8-401a-8c61-6fa809f8f314,ffb1c192-15e5-4e78-863e-9bb3f37296a2,False,,0.0,0.0
ed806fa3-e624-4a8f-a617-4aa42e118306,7fb0b7b6-5b43-4e1a-b26a-cdeaa6662e73,False,,0.0,0.0
5fa59a31-f414-49c2-913a-bef642c91a8a,02f38593-5fcf-460e-b71f-e000884831ce,False,,0.0,0.0
4b349ec0-1d8f-455e-ae41-a7e85c5f8e8d,a7b414b4-4e32-4993-a014-ec53f87c318a,False,,0.0,0.0
31404cb7-f468-4dce-9a87-0e4fb8b08636,6bb17a8b-26c1-48f2-ab1c-0430df114270,False,,0.0,0.0
336be4e4-4af4-46c9-a176-af5beee99b57,48b1e8cc-679a-4d56-b6e6-222e3be9cfb0,False,,0.0,0.0
77c06a6f-edfb-42f0-8da2-2fbfe6a8d25c,3e16918f-7648-48d7-a934-3f601ccfb86d,False,,0.0,0.0
eeb7c3e6-4842-4b3a-9886-fbd215f77ce9,4eda31cc-7320-4e30-90ba-8eddbec6573b,False,,0.0,0.0
501331fc-5f43-4eb4-9e3a-f25d928501d4,5f5310d7-6d7f-40cd-b43c-4990c007e123,False,,0.0,0.0
7af2f167-c1ac-462c-8d58-2ca726057934,20b6a33c-15d3-44dc-8dc4-aa1006062b52,False,,0.0,0.0
032f965a-7718-4f6a-afbe-d9033296676d,1b705635-54fe-48cf-b383-1f178d399ec4,False,,0.0,0.0
c51ba679-97c8-400b-b221-e4a0876a8180,0ee503e3-298d-4c45-a407-675048107252,False,,0.0,0.0
3aab37f8-a521-4b96-a1ad-e8c967e2c58a,e586ee20-c73e-49e9-9806-9315ce62665f,False,,0.0,0.0
f97f6766-d920-4461-88a2-810e62053b6f,f0582911-0499-4aeb-98b6-a5b0c7c22f1b,False,,0.0,0.0
a2ee0aad-d46a-4253-9c47-18a7b552e4a5,084a4052-4913-418b-9dcf-f347b5d84cae,False,,0.0,0.0
ed54fa5f-0631-4589-b967-bbd944505889,fed46e35-1891-4896-a848-849e0dacf645,False,,0.0,0.0
2fa0349b-90df-4247-8f79-2eb3d05b1b42,4dbb5559-8c12-46ef-b1fa-b84d80dd8005,False,,0.0,0.0
eb576849-28f8-48f2-b0b1-4553068adea6,3933c2ed-9c66-45cd-b939-8e8e25fc57c7,True,2024-04-03 02:37:54.151174,116273.74,51876.78
264c8a35-4676-4702-907b-62937accc75a,9860f848-a74b-4973-b949-54dbfb2cef68,False,,0.0,0.0
08ca7221-a152-4c5e-b58a-f9e5d1ed4f87,46230245-dd7c-415a-aeb2-51526002ed7b,False,,0.0,0.0
34450aee-7659-46df-b83b-354ad94db198,bfcc8e33-c7da-450f-8bab-99ee6a3990da,False,,0.0,0.0
4a58eed0-921b-4072-86f2-88307d0e71d0,8a1b0744-0be7-4352-a85c-0862e9e02d8d,False,,0.0,0.0
d880d0b1-fc0f-49a5-a9f2-de74f2445366,ae57927f-730c-4e0e-96f9-92984634a5f6,False,,0.0,0.0
5d8d763d-bc0e-4a5e-a4d1-b98b1ea404f4,a6789753-8f1a-4d4a-b2ce-d11f8f59748b,False,,0.0,0.0
63bfa727-1448-4231-8723-078b7cb0f6ab,3ed1d8f8-153d-4c6b-9790-834b8b3236d6,False,,0.0,0.0
fece3ba0-8e66-4d7b-950d-d50dc532e918,7bdd42e3-26e8-4cb6-abb7-e6cc067b30d1,False,,0.0,0.0
a5ded159-ea34-4913-b85b-45259223d2af,e090c65f-715c-4f85-8d52-9e8a4b5f9c24,False,,0.0,0.0
e4b91beb-c0cd-48bd-868a-57e4e6d0c9d2,9523175b-c0d5-4c17-a1a5-564247d41385,False,,0.0,0.0
88b62773-40e4-46df-aa27-b37a7de8df67,8612944f-977b-4e96-b232-398b1f3c4a38,False,,0.0,0.0
aac349f6-85d7-402c-b0aa-b2ad7e0c5c6e,2951c8a7-cd21-4a34-8a49-ba1b3ab5a9f1,True,2025-04-13 21:44:16.466671,3438.56,2282.91
82a08ff3-f4e0-4cb7-9d42-75a917fc4e7d,e054dba1-8f4e-4920-9df2-055436ba4892,False,,0.0,0.0
e999a5a1-50e7-487d-a104-4d38d4190c05,0a524e33-3a08-47d8-9666-7ba856bebe18,False,,0.0,0.0
d7663306-83e8-41dd-a6c9-6e51fd8beb86,24f384ef-df3d-4d65-bc25-bce108c2d2ce,False,,0.0,0.0
145faeb7-52c3-48be-af65-83d2d6db6cb1,2bfaba2d-dafb-4997-9352-8440023d35cf,False,,0.0,0.0
3b1c223a-4fdd-4911-8e85-adb8e3e01d31,683c3806-c12a-4c55-8072-8ad4002072c6,False,,0.0,0.0
5bf52000-a96a-4f39-a59a-2be4a48c0d63,5c098a5c-585d-4d17-9258-14d9638cf9e3,False,,0.0,0.0
e245e86e-e62c-4908-8a84-8a5254cdb5ab,5d5b0bd9-0ebf-4523-aaad-89265d9a24cd,False,,0.0,0.0
ebe6614a-1b84-4238-8dd7-a344e75292e2,59fbb46d-51d3-449c-bfff-a983081190e9,False,,0.0,0.0
387e711d-edd7-452e-abcb-eb802ce2d69f,5cbe693e-5e7f-48d9-bc33-499fc4916b7f,True,2021-10-30 08:21:07.127547,23063.25,10891.67
163cbc90-de16-4ec3-877f-4e104eb8c106,611b92ab-34aa-4abd-b975-74330b5ed148,False,,0.0,0.0
d667cbeb-020b-42c2-a37d-ff2c8e443842,40bf5ca2-7064-42bb-a756-80bb3a215b51,False,,0.0,0.0
4498b30d-e591-4416-ba9d-1360a416aae3,6f6afbe1-6dec-4f06-bc45-0b7c7f6d19a8,False,,0.0,0.0
674de109-920d-4985-8b56-14078357c6ce,5f786318-3e63-431e-9a6d-a2e5e0351e44,False,,0.0,0.0
baee43f1-0a7f-4a1e-95eb-39c1c5cc7cd3,c743eed3-ad54-4be9-9712-4b5a715c2507,False,,0.0,0.0
20745428-41a4-48dc-a215-83a36b5e5c13,e21734c6-d36f-41c9-8caa-2cd36ae71db3,False,,0.0,0.0
301b4606-8e81-4731-a373-5afcd067a1c4,0c906c01-3b44-4abc-942e-c8b0cce52711,False,,0.0,0.0
d923972a-ae69-43ed-a06b-2fca83495ab2,eea0e30e-96be-452e-a5c1-efd6cf1f5a98,False,,0.0,0.0
14eee0ed-61fd-4db0-8e9e-7f9f18c40c5d,8d2bb00b-9c3e-4d79-a5a4-b1b446c524a5,False,,0.0,0.0
9ff09e78-ba75-42fc-95ce-cd2d39efee0e,7f7eedaa-ae01-4882-af9d-cdf04e9720a0,False,,0.0,0.0
27876093-416b-42c4-ba54-a1848a8e237f,9619cf44-3ac5-424f-a3a0-51e85f5c6553,False,,0.0,0.0
6b5e0433-acc9-4a07-a9dd-a2ffcb8358d6,e05ff96e-d087-4c98-bc7d-0017f4c1540b,False,,0.0,0.0
98df7f5a-5491-4d62-aa93-81cc7255f956,877477ad-94a2-4b24-8028-286b5402b337,False,,0.0,0.0
c59721d1-7f62-4935-a43e-78916927d7ad,ef3bbcb5-4135-44d3-8108-cc5d9351a5da,False,,0.0,0.0
3651c786-4887-4914-98b0-2f6144a536c9,1b3f0866-d590-42df-8470-f4aeaeadd1dc,False,,0.0,0.0
5e4ed6f8-4c0e-4357-a700-3ca2a617e1ad,56fb9a22-e2b6-4f5d-9805-2a559118b0e6,False,,0.0,0.0
919f7d18-e235-423b-9c88-862b78035b64,db6fca27-00a5-4ee7-bfc3-8d4c76ae71ce,False,,0.0,0.0
ed9c5ba9-0744-4bec-8e65-29544d43edef,6a3098aa-6729-4b46-8418-dce5fad5ab17,False,,0.0,0.0
b0078a2f-52c4-400b-8f45-0c67a71ff04d,8e2a4c5a-97d5-4683-a9c7-c2dd77e42950,False,,0.0,0.0
86674b01-9a33-4571-aa6d-68e239afce87,eeb687c3-b8a6-4bf6-b3d5-4f3e635b36bd,False,,0.0,0.0
d72d1769-46b5-4e85-9258-74e4878cf387,130aef28-f920-41df-8035-c5551bd12715,False,,0.0,0.0
7ee8c22f-3c41-40bb-96fb-fb4227c0ebaa,e70dc8b8-df33-4eb0-a8ff-561f3bc29d89,False,,0.0,0.0
8d984899-62ff-457f-a219-13d50542aec7,06b19eec-05d1-47ad-a828-b0b74cc1032d,False,,0.0,0.0
a7db4c86-210a-4241-b4c3-cc413e7ce0f7,f55c6af8-c6b4-4036-baca-2a87766afbe7,False,,0.0,0.0
1613f5f0-dce6-4317-887c-59722930b962,a5868874-4c31-47b6-96f3-05d7cece12fc,False,,0.0,0.0
94a72d84-bf2b-4799-aabc-1a189f18bfe5,a9230810-c346-44f9-8bed-0104929ea405,False,,0.0,0.0
88519ce8-0cd0-4350-866c-d9196e3a6e7a,c53a8da2-2f2f-4254-a22f-3da5dab2a215,False,,0.0,0.0
7050a838-d1f1-418a-96a6-3e6f4423704f,1c30f3f5-598a-4bd1-9e35-b2472de3153d,False,,0.0,0.0
ababf708-fd70-4b7e-adc2-d2823d532d4a,5339eb18-2aa3-4d5e-a58e-8fb63c884bee,False,,0.0,0.0
dc685fad-18cc-42b4-9bcf-88399e011893,d9fafbb9-d8a7-42cb-8374-c273cc707551,False,,0.0,0.0
574be22d-db8e-4436-a56d-90927f0510ac,c69ee73d-832d-40cc-8ea9-93a01a8385f9,False,,0.0,0.0
9559bb5c-9bfd-42fd-9802-c25a7d099ac9,656e5170-bd1a-4704-8801-36fc095f6d43,False,,0.0,0.0
dc8cb209-d97e-41a2-8e03-78d359546a23,ab1e5fcf-3abe-4cc1-9115-a0ca09e8ede2,False,,0.0,0.0
d997353e-e79a-4788-ae3c-154c8205b3af,eb6d3598-232f-4fbe-aa5b-e35369331443,False,,0.0,0.0
d6331e1b-89a4-4159-b549-21c4ea2e1173,cc027d43-d622-4179-bb5a-d45d535322bf,False,,0.0,0.0
6cf759db-fdc3-4e13-a110-be835603affc,091e11df-a2cf-432d-8c34-f9de531b1e76,False,,0.0,0.0
488fe311-a41e-431a-919a-ad3615797882,5cdbb28b-be6e-4511-8b2a-a744e14f043f,False,,0.0,0.0
7b48374e-f0f1-4c5c-9dff-162441a8a9a1,e88668a4-e0f9-4296-8a89-b4606d8ec757,False,,0.0,0.0
c50dacd0-0466-4db6-a1d6-7c9adc439554,9053317b-5f4d-4c1d-92af-891a9639e2b7,True,2024-06-18 18:40:10.627284,27639.38,127.15
bb413705-6546-4f0f-88f4-91cc2234143d,a6e997ae-d909-4489-b229-29b66f246189,False,,0.0,0.0
cba351ff-0b0e-42e4-b49e-9b4465d6ba5f,6fd8440a-5283-489c-831f-37eb2c981221,False,,0.0,0.0
e89642c5-e4ae-47ff-ae65-945a159b757c,b67cb2ac-94dc-4c97-8891-4d9982183bb9,False,,0.0,0.0
d6c4bb44-e4b9-4234-a7d5-c38ee6693786,6b6a838e-498a-4d9d-8391-59b8c145217f,False,,0.0,0.0
df1a3c9f-a782-49de-b8bf-84419142b93e,3876fdaa-7af8-4c9f-a913-cb7645071807,False,,0.0,0.0
1ce07909-359d-4f07-a48d-ff435cca7512,3242f61c-ea3d-49b2-8319-8f412467f4a3,False,,0.0,0.0
e5dd8af4-f3c4-40b2-804e-e84431860415,48cff1da-7bbc-4b5d-874f-92058f9d7375,False,,0.0,0.0
50502b66-f570-4963-967a-598175d8adc3,f5b127e1-9a72-4bf3-bb54-93e6ff630fac,False,,0.0,0.0
e4f2fd1c-fdb0-4229-a608-2500ba47b6d8,679b03d4-fdc6-4ebf-b96a-3419f906dfde,False,,0.0,0.0
8c0945c9-594a-44f6-af30-234da45c6b0f,8849066e-539d-4223-848d-276cacae8af8,False,,0.0,0.0
940479bb-858f-4e54-876c-a61aa2ad2693,45590d60-265f-45c1-b8e7-e190642bb07d,False,,0.0,0.0
a4cf4538-96e1-457c-a339-8384d87b7046,af178dbb-c461-4ac1-92b5-9aa4c07d0001,False,,0.0,0.0
b68d980a-cbb1-4516-9d9d-98c7a13a8df3,cd853347-3457-4c7f-af5d-b99c85f3cb12,False,,0.0,0.0
15dab84d-b7a4-48ea-a68c-27aa2b71e6c7,dc399fe1-bfd2-45d7-acaf-9eeb21b5b893,False,,0.0,0.0
d43385de-f814-429b-ade1-49263e4555fe,b417dee1-b8dc-4390-8127-8b8612ea7890,False,,0.0,0.0
3b063911-6075-4b48-8380-584bf19ebcd8,9c2f3381-7736-4b28-a25e-75c8f8f431f9,False,,0.0,0.0
598d4724-4d13-45e9-9cf9-527ddc32b253,48acdcf8-f92d-4dcd-805a-fd9405fe16de,False,,0.0,0.0
f4d286a7-f403-460e-92ef-9ffcc982ea9f,81b01ca4-8880-4d17-b3ef-e892e85cc863,False,,0.0,0.0
87f0db78-a3f1-41eb-b040-2c0f9c3cb39b,53921935-d6f8-494c-b9fa-35e6c98afa08,False,,0.0,0.0
e2524e5e-9a5c-4bf0-adad-5928d13c35f7,e62c54bb-ff01-4f14-997b-d00e34757171,False,,0.0,0.0
99242d38-92be-4a2d-a92f-e16ab2672db2,2ebfaf4c-8135-42e7-b8c0-0141ddf194d4,False,,0.0,0.0
f1cf5643-2acf-4972-a8fa-d7dd30d021a7,6334db06-52ac-4e30-91c8-10ef802643c4,False,,0.0,0.0
0c64f2b2-d1bb-4813-8ce7-3d991f5c906b,d685b08b-61aa-489d-8a7d-1de0fceae86b,False,,0.0,0.0
d41d7213-d96d-4866-ba6b-8802854957a7,0a148b9f-b6db-45fb-8d73-7aa20ab832ea,False,,0.0,0.0
f7025c92-c7b5-4b03-9e4e-839661958f7e,8c490e4c-c780-4892-aa93-f2c4094183bf,False,,0.0,0.0
0b15583f-5e6e-4855-bffb-4e8aecaac549,0c858238-4746-4fb7-b3c3-2015dbb93bf6,False,,0.0,0.0
24be5c96-60fd-42cf-b9c8-92853e28366c,e586ee20-c73e-49e9-9806-9315ce62665f,False,,0.0,0.0
279fcbdd-1521-423f-bbee-299aafe8835a,2838c714-d121-4aed-ab81-e22464535f72,False,,0.0,0.0
0ca4a70b-3685-4729-94ba-052db08a2bb3,cf048f3a-6fa5-49d0-ae1f-18acb701001e,False,,0.0,0.0
1f01ab3e-e0b6-4317-ba2c-8cc2b25df482,9c6c3c4e-8f5b-4149-ab67-212a29b76b37,False,,0.0,0.0
e5816f84-a59c-44e7-952b-e916e5f38337,78e33d35-f4e0-440f-876e-6a0641d0b488,False,,0.0,0.0
7ca68701-0c80-4b95-afd7-0b460f81953c,6d473b55-db1c-41cb-b002-983102bda3a7,False,,0.0,0.0
ffcf728e-f0db-4c02-a443-cad4d1dcec5c,d1d46f58-2b72-4139-af61-997d61275e64,False,,0.0,0.0
4e5b6c74-55f4-43ed-bea8-e9b82d0c4b1a,a0ca381c-bc3d-468a-87d4-9f499cc15301,False,,0.0,0.0
5a740d1e-844a-40e5-b52b-b4886e4dc88d,74d90398-c17a-408e-bf2d-a31889ee49ed,False,,0.0,0.0
1a6aa805-afe5-4c63-9b32-c3b64090089c,e0ebb3c7-b8a3-43fa-b769-44b886b5ca8f,False,,0.0,0.0
2494780a-e97d-4369-aba0-3d6ad7ecd44c,50aefe0d-f836-43b0-81e7-719cd667a724,False,,0.0,0.0
c1f73080-851a-4c1c-9f72-1e747d7c1487,4059d846-ff17-4b76-b7be-51dffd5eb636,False,,0.0,0.0
85208d79-c0cd-4774-b881-17c84b73a6e3,9c4cc0fd-fee4-4434-9d2b-11d0e976d79f,False,,0.0,0.0
f25fcc9f-9f75-44e5-8a00-89ed61a3983d,459df649-cdf9-41d6-b22e-d234404c86f1,False,,0.0,0.0
8ea20773-cfc7-4069-89de-9b0828ae1c5e,89b4db80-8a32-484a-a401-461af5b92b3c,False,,0.0,0.0
12fc9e01-1e56-4418-9a35-27a782df3b59,434a7e17-eece-45b3-ba8d-a12744f64bef,False,,0.0,0.0
16b83354-fe82-40e9-a949-56275574eba6,0ea66dbf-a011-48d8-8630-419c40c71862,False,,0.0,0.0
4b989131-787b-47cd-a6e0-ed29b62e272e,3dc0f8cf-1b6c-4937-a282-d170f5080d9c,False,,0.0,0.0
d61f8939-5b60-44d0-a242-540b2c859c6f,5d08c254-9e6e-4c9c-88bc-7784a8c99656,False,,0.0,0.0
615aa755-e99f-49bd-894c-ea09f9d33df8,e7270909-0500-4955-94d7-1e4a13149627,False,,0.0,0.0
fa36faaf-c32c-4279-8a18-32c3b735b28d,a53a43d6-1ef5-40d6-b5d9-89367085770f,False,,0.0,0.0
191f51e6-7cc8-4952-8e52-61a9d4e71b45,db0f1685-93dd-4e65-8a12-f3d93e98f09d,False,,0.0,0.0
e6bafb86-b7be-4c1e-9529-398108468e3a,9b58e20a-7c8d-4aef-b0a0-4e0b3a4d1f57,False,,0.0,0.0
e6918e3a-69a1-44c9-a735-bfc29d95c20b,0bace8ac-6dac-49b6-b6ea-525de0d768bb,False,,0.0,0.0
b4da8c2f-4292-4ba4-9599-e84d6614b903,584f218a-39dd-41e1-a222-c7758f24da7e,False,,0.0,0.0
91c411b6-8d61-4b88-b1f0-dc11345c4e66,f8644f2f-ddfc-45c2-b72c-74985a15fc95,False,,0.0,0.0
4084638c-9b98-441c-95e6-7728b2806ad3,517eb16a-9922-4b37-ad9e-b2d25adea2a4,False,,0.0,0.0
a07ec686-85d8-4be5-83a8-a78a3cc5d347,16a3ce4e-ca5c-4c4a-a79b-d4394236fb0e,False,,0.0,0.0
3896698e-d0f8-463c-912a-ef37c68e03f7,f765f8a0-ce43-47c4-abfd-dbf938498d35,False,,0.0,0.0
3e28c9d9-a4d5-49e8-8abf-127688d86fb7,d5471932-3e03-45ea-a3bd-916be674b2ca,True,2024-01-22 06:11:43.906450,1848.29,900.26
45a73310-6d35-42be-a93a-6e38e53c338c,1daf7374-a255-40ef-bdf7-f8f04236d2f9,False,,0.0,0.0
015262cd-fc6c-481b-86d2-ce793761fc8a,15458478-5865-4721-bc25-7ff18fb30b07,False,,0.0,0.0
8ff07fc6-489c-4c30-ac03-142ec226c0ab,3f843c8f-a46f-47b5-8d45-e921e64b5523,False,,0.0,0.0
3d15aee0-c3f9-481e-9f67-9cc2a24ebad7,2a869922-f492-4b35-b6c2-1bc3d799d80d,False,,0.0,0.0
b65f2fb6-0596-450d-b5e7-9784ee86dc5d,b2290f1c-8e68-40c1-b3cd-9709c0da1043,False,,0.0,0.0
f1991237-133a-4e73-96d1-8601607fc4aa,a8c12f22-78ea-404d-9b6b-09920d2a9d7a,False,,0.0,0.0
753b456c-49fb-4ee7-ab2f-27b123750179,f392b60b-64c5-4e2d-ba41-348a7f3dadbd,False,,0.0,0.0
5253e3c5-e289-4ba1-b8ef-39bed9ade9aa,f4aa15ac-3971-43ef-9339-e78dc05db901,False,,0.0,0.0
cc1b2421-2cc6-4f96-b294-3d92611cc4ba,f8644f2f-ddfc-45c2-b72c-74985a15fc95,False,,0.0,0.0
6e9051f3-7984-4cf7-8983-55b0bf8c885a,3f612028-cb4a-4aa4-a520-53b68faa2da8,False,,0.0,0.0
d5dc4328-254c-4d3e-92dd-0fe0c92a4d4b,954e95fb-362f-4bc2-99d5-d66c072b50ed,False,,0.0,0.0
6d8b82b2-4571-42b0-9d5e-035ff8f20157,66e6c48a-d679-4ab4-aae6-c3da5f2d38b8,False,,0.0,0.0
5b62bdb7-fbb1-41fe-82ea-7bbc91eb1a58,8da72e1a-1b21-4b27-beae-0fb8be56db4c,False,,0.0,0.0
1104dbc6-4a69-417b-b7b1-6857f9a79347,43799d48-ce35-45ea-a25f-c9245c9557ea,False,,0.0,0.0
e9e5392a-d40f-44ee-a155-46c39d517d5d,49058e12-0277-4141-b240-ab1579a7e05a,False,,0.0,0.0
10e07d68-fc9e-4fbf-8d9b-c80738e94ba4,5caf5c6a-64ca-48e8-8dde-dccc831bef03,False,,0.0,0.0
f7a37163-58a8-4324-9f55-a832792c86a9,a2807710-32d5-4d87-a1bd-1db7485873c1,False,,0.0,0.0
ea2145ef-687a-4adf-bc0c-4db1b3a1f69b,ac1cfcfc-f1c0-46ba-95ff-7d9dbd5a0760,False,,0.0,0.0
3707144b-d893-4f80-9a9b-c71621a04fef,3edf665f-a597-4064-942a-965f1465b466,False,,0.0,0.0
90a84424-4757-4ed8-add4-ec3f6b79f0c5,ae57927f-730c-4e0e-96f9-92984634a5f6,False,,0.0,0.0
96490233-a5f9-474e-88bd-b80fa907df37,99474e78-77cd-4b25-8786-140f2339df60,False,,0.0,0.0
861093d7-9f77-4d8b-a7dd-ac878ec29ef4,a8c1fb64-39bd-43ed-a481-2414f139dc4b,False,,0.0,0.0
dbf5fb23-283a-4b93-b6e1-8a56a2e34e6f,5ef993c3-07d7-4fec-9d34-a21912990cb3,False,,0.0,0.0
602cd079-c314-4758-a84f-2a04b760d21d,c17c2577-3de8-4a53-8e7a-7311f33a72c8,False,,0.0,0.0
2de1f789-0910-4659-a525-197a9a7c9b48,669f5e4f-eddb-4d45-a702-d3cb8f021e9c,False,,0.0,0.0
c3e06205-ccdc-48df-970c-0c9abcb3fb44,79fc3831-ee9a-41b5-ae58-d695e15ab8f3,False,,0.0,0.0
56c4da0b-9518-49ec-9297-ffc30b668d2d,d27e5846-4c7f-4cd6-b032-97d2a911610c,True,2025-10-22 04:33:22.576581,266236.52,65552.23
e9de65b2-93d2-4313-9234-c876c0d7c9e6,f2128a48-7a6d-4868-a4d1-2e3b34f5b8eb,False,,0.0,0.0
a0ec0a67-2f5f-4338-aabe-7600cff5ccdb,fe95c8c9-c16c-493f-9c40-5fa3de2752ba,False,,0.0,0.0
d897c5e5-d39f-42ad-b101-81afcfb988aa,57d9f647-4cda-4bf4-98f9-bfb4b2a43bf4,False,,0.0,0.0
c6719368-9130-459f-a0ab-6257fbd56667,9f999133-6e11-4dc4-bc37-531544bd8fcd,False,,0.0,0.0
c1fae7ec-55ef-4a6e-9862-da4f424bdb72,d6e11e55-e6a4-443c-b06c-fdb6c046f297,True,2022-05-01 10:57:15.166730,9785.43,4822.21
fe4fc3c4-bd02-4bb2-a135-f38e4d6b24cc,7148c007-0faf-46b4-9c63-df5edd712dc5,False,,0.0,0.0
7f8313c1-1947-4593-a518-a4b50b469252,2ed86804-57e2-4419-98e6-650123755bc8,False,,0.0,0.0
9f58d5c8-0ab0-4447-9986-23bcd9a3491a,3b8879a2-6078-4a69-80f8-95ff23352f7f,False,,0.0,0.0
51ea6631-9413-4039-a642-78e350a657cc,4e85661e-3bc6-44e2-add5-346eab2f4642,False,,0.0,0.0
cde20c8d-093d-41d0-84f3-19cf840a8b9a,1dd18fcf-b99b-4d2d-b72a-69289c7871de,False,,0.0,0.0
9782db13-b66e-47d8-9866-54b070a8dd3d,ae2e7dd2-19a2-4602-a8a3-d3a35fdd67bb,False,,0.0,0.0
c390802f-0ff1-4925-958e-fc44a9b89105,129f9fa5-3b6a-48cf-a0df-542da5b813c2,False,,0.0,0.0
365439fe-5003-4c7f-b7c4-a59808923af2,745d8729-5bc7-4822-bcfe-06e3c395899e,False,,0.0,0.0
eccec935-9858-48c2-92f1-87d6ae87d182,e7b4638b-e871-490e-9cf9-cefa9dbb2aeb,False,,0.0,0.0
4183836e-8b64-41ec-94b8-d81d4eb47f8a,031d45fc-c9c0-4379-829c-34f70f5bc40c,True,2026-05-07 12:39:11.025007,5126.87,2202.37
aa1ade9c-c9c4-4522-8f70-c2859109b1bb,8fc45e9e-b60a-4a9c-be8c-ea8a255c4297,False,,0.0,0.0
4268e89b-2ad0-429e-8fd4-641edd2677ee,264e448e-1a87-47b0-855f-c748c6d273f9,False,,0.0,0.0
1067ce36-cc4c-4b75-add2-f212ac664bd8,1806699f-b1ac-41dd-b303-343c300b6e7b,False,,0.0,0.0
5545aeb3-b827-4b29-ae80-eb4e563cb35c,44b2e5aa-f334-4f9b-badd-e398c09eb13e,True,2021-12-11 06:03:21.795852,4262.23,1020.7
e2283faa-ebae-4419-803a-df086567dc6b,f47bffba-f561-4747-82d2-2c7408ea6671,True,2022-06-22 07:21:06.179395,2431.68,1042.48
534fecac-0be4-4506-9a39-b45cf037a232,34491318-42d0-4a0b-8c55-542d02cb42d1,False,,0.0,0.0
4c909261-f2bd-49e5-b0e9-d1116d156a61,a8575900-7a8c-4c36-a5d7-71639b2aeea6,False,,0.0,0.0
2722917c-9369-4b40-af4a-f92dd3570bfa,8e562fbe-7a9d-4ea0-815b-4add69e34120,False,,0.0,0.0
231f7a76-f2f4-4c7d-abe1-2533af2f8fed,b8e55770-5e46-4f1c-a169-20d1b78cbafc,False,,0.0,0.0
fbe05a17-20fc-4a7c-bdbf-b47c49e74131,8861972e-57a8-4eef-b9a8-743d7d5b6037,False,,0.0,0.0
67385104-7992-4771-979f-464bf939e8fd,caea5bfb-3f70-41b2-b206-9ba39561a574,False,,0.0,0.0
53dfe48b-dc41-4dab-be30-36e9ddb5fd77,80dc4873-9eb3-48ad-9c15-b25e2379750a,False,,0.0,0.0
b47bd9e6-e25f-409b-b529-daade2a6071f,83c7f1d9-a3d7-4d9b-a9b2-97702aaa9394,False,,0.0,0.0
e6a1d98f-bf26-478e-aef4-5c9862749f24,a0ca381c-bc3d-468a-87d4-9f499cc15301,False,,0.0,0.0
8a9fe551-3fcb-4810-95e3-eaf7f0f2c91e,e0099d7a-ca22-4c56-afc8-503c7dd43e50,False,,0.0,0.0
d50956bb-3093-4f26-bf37-7e31244c02d0,57cc6c2a-b61c-47e8-9c58-a3bea1ac78c9,False,,0.0,0.0
c9743edc-4f54-4078-b620-001e318e652d,8bf4a93a-3210-488f-862c-13c37e390638,False,,0.0,0.0
b13c7e6c-b698-405c-a816-82e14e3fa8f1,3aa74acf-50b4-427c-ab43-bd837c4e1b98,False,,0.0,0.0
ad86116f-705e-4476-bbc7-ba189919b58c,c5a0b7c3-e132-4e39-9891-b0a4b4d4813a,False,,0.0,0.0
573a4c9f-b11b-4f98-a475-88bb6dd14ed7,0279d6d8-e869-48cd-8f0c-b156ffc6ce15,False,,0.0,0.0
65b112ba-4a7d-40ed-8fc4-b4463a363879,de2bdf8c-a75c-47c0-86f5-8ae67a5c28ca,False,,0.0,0.0
36699ddd-f4a0-478e-820a-0e7062b4e5d5,5e4908c8-290a-42d2-87f9-ee879f35e95d,False,,0.0,0.0
968d02b6-ea92-4bc8-8fb0-241e0683411e,da4a9d0b-d18e-431b-b35d-8adb6c4928d4,True,2024-07-08 14:32:28.824877,5012.26,1659.54
46a2cb8d-f52e-4234-a3d1-92fbee3ce32c,f12c2046-1cdb-46cb-a9c3-d3719f688611,False,,0.0,0.0
cb06538c-4b05-4e9b-ace8-a6140260d3d7,90208d23-86ff-46f2-a970-1e00520fc3e7,False,,0.0,0.0
5616728e-234c-4464-b86c-1571c4958a85,68ec88eb-60d2-442e-a670-af0fc40586bc,False,,0.0,0.0
6a039f3a-587a-4739-bf2e-80b0143e5e10,1ccd3552-b1e0-49ad-bf80-b3f8b3ebc460,False,,0.0,0.0
f41185eb-31f6-4c81-8606-5bc972b4d33b,4a2e25a0-f6ee-4bdc-9670-0f55a03ef56a,False,,0.0,0.0
c59ccb19-8a0a-4f2b-957b-eaadd2f45433,314e9b45-0715-41b6-a506-6540c7d77fbb,False,,0.0,0.0
91dfefbb-6c45-421d-bcbc-92abdf4bbb0d,071a8d53-63e0-4207-913c-b0099cff77c5,False,,0.0,0.0
a7962470-f16a-45b0-a83d-0147b06a3a49,0c0575ab-2dce-4207-800e-45409492ba69,False,,0.0,0.0
fa2893fe-f2c9-493e-9492-57c6c05e76c5,b8280725-70e9-4f08-89f0-9bd6a32785f7,True,2024-12-02 00:37:21.489851,1989.98,706.48
e09a3eb4-ae74-4cdd-88a8-4a5553038f68,291c9094-cb2c-4efb-84c3-b30d435f59e6,False,,0.0,0.0
5c7e2a66-7aa2-4a48-ab30-f6774e7a5286,6c8c4bac-9c13-4aa7-b483-6de8f1337e7d,False,,0.0,0.0
f5d19fec-0085-4202-87d5-693a646acab0,1812362f-c076-492d-b3a4-69a556f7e6bb,False,,0.0,0.0
c791e319-4e42-4bcd-8388-db6bf71e0cbb,c0c86a82-b2b1-4b81-a438-0f8a8ffd43cf,False,,0.0,0.0
96403c66-7114-4013-b726-607ee41b6ffc,a18abfa8-1ced-4991-87fe-b08e08f07b8a,False,,0.0,0.0
f25f7f61-a37f-4c81-9100-269245b9fe9b,bff9e3b2-8e79-4982-9a5d-5ace61d9407c,False,,0.0,0.0
36fcc05d-4643-4ab9-9164-ea0d279a8263,c798c498-499d-4830-8d67-6a99a94a3567,False,,0.0,0.0
a195734d-7df7-4898-8ed1-b06e239334ba,e6c9fd54-24bb-4796-89d6-8cdc5ed0b58c,False,,0.0,0.0
9f686711-3802-4697-b4c9-63854053a34e,6932317a-876e-4409-b106-3540067b0c70,False,,0.0,0.0
a8f0c112-ed8f-49d1-bb3c-e5e29d079709,85fcfa18-189b-47a3-adf8-3de2151d892c,False,,0.0,0.0
4ad61414-6014-4d7b-800c-a607842bd911,8988266f-8e67-47d8-831b-dc7053a3b34e,False,,0.0,0.0
77adced3-c948-4d76-961a-b44c1c5aa68c,842ca512-f369-4683-96b5-cf7ae0389eb7,False,,0.0,0.0
08ba32e7-4e28-43e6-aacf-7bc73ebbcf43,1b3206f0-0689-4b1c-975a-ae69e9707c9e,False,,0.0,0.0
6bda20be-4c22-4815-ac57-fa60abc4f080,c1fcdfc3-21b2-4aa6-95bc-cd83bb853c91,False,,0.0,0.0
3a0de485-ddd4-4a14-a060-d90836940a2c,95e2f91b-da88-4b20-b819-58f22b258bdf,False,,0.0,0.0
aaf43c5f-29bb-4573-9bf3-c12663a3c1d6,adc77c49-c280-4fd5-a3ef-c4d9b85f4790,False,,0.0,0.0
4b349820-c273-4e61-8b1c-6ca26d525ce8,d7b798ec-fd2e-43ed-8b17-74d44cda028a,False,,0.0,0.0
e3b5b51c-2414-44f0-a5b1-98e5475b4bff,52e6ef74-150b-41d8-b882-c32691f28485,False,,0.0,0.0
0fd2d40b-b6f9-490a-98f8-4eb724667af3,4f7ebc54-94f3-4a1b-b096-0fbb1c89fe3c,False,,0.0,0.0
9c06f372-98eb-4d71-9790-04fa77b4b8de,209f9f95-9f04-4dd0-9337-27c0c533fd1e,False,,0.0,0.0
dc4522b0-a2b5-46fe-8ba9-7b91591a9bdb,20514111-7fee-46c1-9ba1-17ce80ce9afc,False,,0.0,0.0
6770f30d-46fc-4890-8b64-aea661d48206,cdbb6c1f-5a8d-485e-b7eb-a7e91dd07ec8,False,,0.0,0.0
0d3657c7-e0f5-49ee-8161-54fc8d0634b0,d8e06ea2-de5e-48e5-bb3a-3e15ef1920da,False,,0.0,0.0
5dba721a-25bd-4031-a426-5b4afd91da48,91eca6b7-2d7b-4702-a365-798bcb6bb8fe,False,,0.0,0.0
4f213202-ea77-4657-b3aa-16bb7750e9c6,0ae95eb4-842a-4bac-ac7e-80ad29709912,False,,0.0,0.0
cf1ae32a-de43-424d-ad0a-585f88cc316c,d8528abb-1a87-4c25-a29f-1962ebd795f5,False,,0.0,0.0
c6e602e2-f77b-423b-a8e1-f2cac979533d,3473b11a-73a5-44c1-bc8b-c1890d8adcc6,False,,0.0,0.0
41ee11b6-1a63-44be-81ec-a5474e74a1e5,96b0356c-a49c-487c-87c9-021ffdc6dba9,True,2022-09-20 11:34:16.103580,10402.6,2597.68
cc9006e6-93d5-4a96-92fc-c198d1983a5a,69ac030e-0958-46df-83d9-f8c35c922fa4,False,,0.0,0.0
9823f7b6-f745-4272-a772-94b43de51151,a1d60cf1-8a95-40d8-8794-c44dab583656,False,,0.0,0.0
98b1f654-20d3-446c-b777-b13fb0ce6b75,d1f2789b-ea95-4113-96ed-4815c415ac73,True,2022-02-21 21:21:11.131317,5319.8,1358.25
80a19c58-3a19-4de5-91d6-f7d418accf43,9bfe970a-2591-4ffa-89cd-33a65f6f83c5,False,,0.0,0.0
20016761-7e6b-4ebb-9965-892476884ecc,ab707385-6c81-4f55-9906-d534438f9d83,True,2025-12-29 19:05:28.680659,5014.53,1097.73
93eddc36-75ad-4f09-9375-912f51a15508,3964afe6-9e6e-47d7-876f-3b07a2ec377a,False,,0.0,0.0
2fe73511-4d21-457e-9e13-c282695ccbc5,70d21fea-eba5-4500-9f55-6ba6896d3a54,False,,0.0,0.0
22b523be-8dee-40ed-944d-53360cbb05d4,e5642b96-9624-4a9d-9cea-0ac0d466f946,True,2022-10-10 14:11:23.646569,31378.29,8793.91
27882f67-8344-4f27-9db5-6af8a85b1f5c,bb3f4297-1033-4eb4-bacf-41f0902fe243,False,,0.0,0.0
a5654942-2173-4537-b331-7a68b7ec0962,80dac46f-2171-4e00-8261-c03dc6df62a7,False,,0.0,0.0
7c8f03b0-9ef7-4cde-ba1e-9e90dc23b2a1,33c00b7d-61f8-43f4-81ae-35bb2faa49dd,False,,0.0,0.0
c246dc5b-67a2-47a7-aa88-0674ea6b2880,291c9094-cb2c-4efb-84c3-b30d435f59e6,False,,0.0,0.0
886ebcdc-6d69-4e24-80ce-2bf9ab6f6fbf,59432772-64ba-42bf-9c99-f2bc55dcb8a8,False,,0.0,0.0
1001e67a-80f6-4767-8750-e3731f120611,b417dee1-b8dc-4390-8127-8b8612ea7890,False,,0.0,0.0
b9b70c1d-2061-4f00-b18f-784d57c70589,068187e9-a46d-4b51-ad30-0e335d8c4fea,False,,0.0,0.0
e8b33f95-de51-43eb-9297-0aa3d244aa23,626cd59a-ec3e-43c3-b961-3250d3752185,False,,0.0,0.0
691da1ca-dc28-4ad4-bea3-2a26d09027bc,b1b8106d-e27e-4a13-822b-2e42cc1e713d,False,,0.0,0.0
339a5718-113b-473d-ba23-e6f391b03520,a74b151c-4b2c-4c4e-8e70-263a8245b08f,False,,0.0,0.0
53b8ead5-7995-40af-b96e-059220dba0b3,182ebfd2-90c7-43ba-9db4-eef0afb79cd8,False,,0.0,0.0
a1389683-f8a3-4fc1-a404-480bd7d17082,48c3a59d-ec71-42e7-b028-eb2d5e9432d6,False,,0.0,0.0
4a63b91d-b5d1-47fb-8434-733c0814d371,7c923cab-2488-4330-8399-5af3021e2689,False,,0.0,0.0
e41dac94-c256-4353-b7b8-91f5c41185ce,43c36988-7303-4257-b90f-f1c09744ceb0,True,2024-07-07 15:55:39.874991,14040.91,2010.47
639cc844-452c-435c-9f36-93065cb58a65,1456a858-df63-4cb2-89a8-9d04bdc313b8,False,,0.0,0.0
93cb3440-0a6c-4132-b120-1213f3457e0a,a3b4a240-7f48-4536-9f2e-444a501bcf44,False,,0.0,0.0
d462cadd-cca6-4d44-a767-d42caeddefbb,b521d095-94b2-4af0-9080-9121fe41bb81,False,,0.0,0.0
e839805c-9be5-456a-b716-f0f598911c7c,63fe0717-f6a8-48cc-ba11-df76d6e75f73,False,,0.0,0.0
9327dee6-b288-4780-b079-83090ead5298,c766dd63-683e-4858-9bbe-b0d9802ccb52,False,,0.0,0.0
829654f4-73fe-41b5-97a3-04c77a43a4aa,fbcb4db6-9a51-4c62-9ace-65501544409d,False,,0.0,0.0
9023337e-f1bd-49f9-842c-49583210ef78,0413d049-52a0-428b-ab25-a58af5953b2e,False,,0.0,0.0
fa83d33e-4648-4eda-a17d-2d6fb68464e2,278976c9-4b7d-4b08-ac5b-fe79709ad1ab,False,,0.0,0.0
473b6518-1f6d-47d7-861e-2a07bf3f101f,afef2e1c-f34b-43b9-9818-2703fc800953,False,,0.0,0.0
b08d04f8-651e-40ad-8956-9bbefaab11c4,22530aa4-15d1-42b0-b6a6-b583dcac7b04,True,2024-08-22 01:36:54.024157,189990.62,114867.26
13bfcb76-3338-4cee-a057-1c938cf975e2,1e46c88e-2bc0-40e4-b700-942853a0730b,False,,0.0,0.0
42b48d75-f48c-49b0-8f3b-66f19f6e0a4d,ff0e88ea-09f8-4e6f-9997-b85154842b4d,False,,0.0,0.0
f39d03e6-fd47-4d6b-9ae5-4f7e1aa42763,c44ba50d-cb6c-4a6e-bb95-8291f3dd69d1,False,,0.0,0.0
03051731-8248-4b8f-9bf3-ef57e6f99e9e,e97c0ea5-341c-4d10-9415-0ad9479fea14,False,,0.0,0.0
0b625aff-5485-4b14-a12a-f42122e73d0d,b360e8af-91aa-4b5c-ab0c-bd6ca6032997,False,,0.0,0.0
b67655fc-dc2b-4734-b6bf-dd9f271d4def,3d948afd-864d-4a8d-9067-308a95cc34cd,False,,0.0,0.0
3ca02133-aeed-4b4c-a15f-e1ad5dbee6d4,192cc87d-d8c4-498d-98e9-bf3804ae6d5a,False,,0.0,0.0
5f7b90d1-42ba-44d7-be68-680ce19329f1,49861a4a-0025-43ed-a2ca-9f04609eee72,False,,0.0,0.0
307a1a35-db93-4359-b765-9ca8e125c12c,61e561bb-ca79-4b30-ad70-881b52647c6f,False,,0.0,0.0
84c6e657-47e9-4487-ba13-3f9a963232d6,3ed1d8f8-153d-4c6b-9790-834b8b3236d6,True,2023-08-22 12:59:29.889382,31122.12,21439.31
16577bb0-67c0-4197-a0c8-4fd29e60e4f1,5492112f-259d-437f-bf8a-16b8919a5591,True,2024-06-17 20:31:21.718394,8901.66,2792.11
32cbef32-14f1-496d-a291-583aed8cf6d2,db2be1be-ba73-4eb2-999f-46ebbcb760a9,False,,0.0,0.0
9937f27d-f457-429e-be33-0614f6268542,5415668e-4f75-43d1-9610-7189016ff44c,False,,0.0,0.0
3d2d2147-deef-48d8-aa19-acc388bc943f,b382c1ae-ffec-44eb-bab7-42a14cfa4f8a,False,,0.0,0.0
ad027972-8899-4a0e-9cf0-991398fcef33,5ae0bb5a-7977-43fe-b4cc-721462b215ad,False,,0.0,0.0
73b3e9a7-3f96-4a1c-82dc-119d8678b7c7,353fce99-ef9b-409b-a32c-ceaed7357f9d,True,2024-02-27 15:48:20.697026,10023.82,3811.73
0c13294a-d8a0-4b42-ab63-5693371dfe8e,d4eee313-8c48-4218-a892-ab6fedb92750,False,,0.0,0.0
e938ba54-7100-4ea0-a03f-9284f4af5c30,11186c1a-8540-42b0-aaa8-2f4e4fc4e8cd,False,,0.0,0.0
c09e7f91-72e1-4dbd-a0e0-5eca650e90cf,58c714f2-a3aa-4839-bc35-bc9a521a21a4,False,,0.0,0.0
5387823e-d17c-4033-8d4c-6c352e6d88c2,50aefe0d-f836-43b0-81e7-719cd667a724,False,,0.0,0.0
fa6f2a60-da83-419a-8485-aa1897518fea,3fd8027f-e755-4655-9916-2e44b0a17621,False,,0.0,0.0
38681b7b-b75b-4975-afc2-c171929348ac,3e84455f-a755-4468-9e74-e1224aed4cc8,False,,0.0,0.0
ba562de2-4b2c-4681-91b3-d9e56e73b0f6,45590d60-265f-45c1-b8e7-e190642bb07d,False,,0.0,0.0
65b1dde0-9612-4fe4-8094-2db0ca36fb0f,466aa217-ae29-47c1-84d4-65dfa8d65147,False,,0.0,0.0
2402a2f8-7b68-4446-ad48-779460487c41,cebbdf91-7c7d-4f90-995e-f944c64be810,False,,0.0,0.0
bf67cb71-6ccb-43ba-bcd1-1ce0b35c3349,3ae61863-a544-4d55-93c7-f140ea224efd,False,,0.0,0.0
cf2aa589-acfa-4c6e-96e1-567b56942d0f,0693d01a-cfd6-4b31-8fcc-85202c2de0bd,False,,0.0,0.0
1ed90f94-ba7d-4af7-9dcf-fb0e2615811e,2dd10250-f713-47f8-8522-11a8f1c1d53b,False,,0.0,0.0
3e48f155-3ce6-439e-96fd-3e11228ac226,c798c498-499d-4830-8d67-6a99a94a3567,False,,0.0,0.0
b7552f8a-1d13-4221-af31-63b7c69a458e,55c275e2-d363-421f-b11c-dad44e6ccc79,False,,0.0,0.0
66960f44-0902-4826-b2fe-674ec88f48fb,4a95c90d-7c17-4917-930a-835ddcea8b59,False,,0.0,0.0
38bfb69a-d564-4c69-a052-430fbb5e5501,cf492a27-4089-4b7c-8866-7469e6162980,False,,0.0,0.0
caee66cd-c923-4793-8d53-60ab29a88766,354f9914-5698-47e3-b16d-a24334def7ee,False,,0.0,0.0
b29b66d4-d9f8-4b6c-a015-f53ae633250d,cc464bb8-f773-4927-98d6-9943e0e5e2f9,False,,0.0,0.0
e9a56d94-63a8-4dce-b535-e5da2f2b8778,6b35a9b9-0bfc-4c45-8a43-aa23426ea2f9,False,,0.0,0.0
46854784-8f75-42f6-9037-ef5c6a09e5e0,b4c21dd6-2ed1-4d37-b63f-a63fa1d29dff,False,,0.0,0.0
e2983b04-86af-457d-9f05-0ce9036511b0,db9b318b-12ba-4c10-9b45-caa9a13ea32a,False,,0.0,0.0
ddc1d5dc-e23c-4066-9cb8-8e8a422a3fe8,8e05cadd-a6f8-45ac-830d-afb577756059,False,,0.0,0.0
59954f0e-cd2b-4e81-b9aa-07f6ec0515e8,30b69f93-c438-4125-a54d-befee1dd8d91,False,,0.0,0.0
12e0bd02-7e9b-4ce9-ac25-97fae636841c,56689e24-fe39-4df5-be2e-e0669e30d1d6,False,,0.0,0.0
fa9c781e-2ac7-4bb7-aba0-7dbb4f1caa8d,d08ef8b5-c556-4034-b177-3184a3d2e30b,False,,0.0,0.0
e71f301b-08c9-489b-8e8a-1a6bb15d7df8,4702fe75-5e98-4fdf-8a3a-1171a432cc60,False,,0.0,0.0
e6915b86-343b-4acf-af55-9e2614624c27,381487da-2c42-47f3-9a03-718276f3304d,False,,0.0,0.0
9d6ea81c-c064-49b2-93c4-c7e48fb6c107,03d2a7ca-3775-43ab-9447-6a01ec67f7b7,False,,0.0,0.0
34e42209-2f96-47d4-97f3-2deeb4f2fb45,cfe4ce7b-2cd2-4623-a3be-6d6c88f25856,False,,0.0,0.0
34a1a577-a3e3-4649-9d72-e1701a4e4c3f,ee265c95-90f1-47ee-960a-5654b2403468,False,,0.0,0.0
673ebcaa-c672-4902-9ff9-d92556f7b5b5,66849b64-34e2-41b8-b606-9f22b6f23b07,False,,0.0,0.0
a2f60321-6069-4545-8049-1c8e72ebd0ca,562e121f-e5fa-455d-9320-8f77e5bdbb3e,False,,0.0,0.0
0ea37ab5-4b41-427a-96ba-eb5461595b48,1ec80917-af74-4001-8023-539bc9f99d37,False,,0.0,0.0
1fbbe6a9-8320-4bf2-846e-170a648f1452,ef5e0d74-fe2e-4c0f-9c68-a6142644b6f9,False,,0.0,0.0
7c4105af-9910-4131-a3e2-d083a580b3a3,9d6d37c7-5e45-42ec-bd3f-b84a53e39b1a,False,,0.0,0.0
b83d4e06-af38-4339-b791-3dff92698298,8d1d37a3-0c88-4f7b-a84b-3c5517759710,False,,0.0,0.0
369badda-4ede-49f8-ba7f-1ec7fbae9bef,96be541b-0b0a-400f-8462-ecae0cce769b,False,,0.0,0.0
90fd9058-3149-472b-91f7-30ee24c84ac3,40d6c0ac-82ab-4b8d-a9fc-339fe9dcbdd1,False,,0.0,0.0
fb9b2f8b-2340-49ca-94d9-43a8c79e6e0b,b08307e1-a9b7-41f5-a0fe-d1f372fa10f7,False,,0.0,0.0
dec9677f-fb28-4473-a3bb-9103637f78c3,a874d557-cd0e-4708-acbf-81d4b1720b65,False,,0.0,0.0
a041909f-8d21-4d2d-8ba5-6443bf1a1e1d,ab13b31a-a4f1-4126-ae0c-2cb51f63ed1f,False,,0.0,0.0
28b5d607-23fb-4385-aa88-18cb4c579f78,7c976337-ee66-4fd2-833b-14ed216c0ed0,False,,0.0,0.0
7344d589-9212-4c68-938d-f67227281163,a2ded1de-c302-40d5-a214-5243f5d23fc6,False,,0.0,0.0
efbf377c-bcdb-4b52-8509-08fceefbf5ac,32e72520-4d83-4055-97ac-720e0626d3be,False,,0.0,0.0
026506c5-6158-46b9-ba48-23e76e76118b,23763f57-852c-42ce-b337-7b9ee60587ef,False,,0.0,0.0
cae2ab1c-c02d-4124-ae7e-8d08d60ea58a,3347216c-7a7d-4d78-a70c-ada1c783870a,False,,0.0,0.0
e9bc8100-da42-4d5d-aad0-3d9532c30390,5d316263-4959-4f6e-8c1b-7e93be162e89,False,,0.0,0.0
2ac6e3ce-4dad-4bee-9bad-2a29afc07948,4fa87a65-00d3-4021-b0eb-453ed67df90d,False,,0.0,0.0
7818e6ce-0c0e-4f2c-b413-f5a846c60656,37b71c72-b9e2-46e0-aea6-4fad153f7fee,False,,0.0,0.0
61b4b898-d2af-4c24-b3e8-70202155030d,0c858251-10e9-40ff-9857-8862310565b6,False,,0.0,0.0
94f5a070-8574-451a-94eb-c3eab1a86075,bbc41107-ec4d-4550-b570-f44d4fc55e4c,False,,0.0,0.0
c7415ec2-4064-4858-af89-9879454d4946,ef4bd7a8-746b-402f-bebb-f6dfed84acc9,False,,0.0,0.0
f5bc884f-53e2-439b-95bc-583c46a21224,78bf9e23-00e2-4562-bea3-2d3485c8363f,False,,0.0,0.0
52118259-757d-43b6-82b9-cc05ea81b2dc,730825d1-396c-419c-a4ed-91b84d9e3b99,False,,0.0,0.0
8a17d771-706d-4293-ba80-534515e72a5f,82330e6e-b89c-46e9-9d39-b50542696d14,False,,0.0,0.0
1a66d3da-f3aa-419b-9d6d-0625be0c82d3,aad29f81-7fe9-4b4f-8a7a-d5f3bdacb371,False,,0.0,0.0
cf007495-8404-4cca-9de4-1abc6b947bca,f05ad4ec-33f9-4264-9e5e-d279cd2c614b,False,,0.0,0.0
af133a8e-5637-4da3-8982-053760236d36,18b47298-a9ca-403d-b4d1-20248c84c302,False,,0.0,0.0
6a9f9d6f-708e-4160-a56d-74eb3d0bc0b0,4bbb2e9a-8af5-4d42-8576-7c743ffb9577,False,,0.0,0.0
513ce5ad-8ceb-4341-a2ab-e010cfff2c12,cfef7fd7-a17e-4816-9a97-793bdddf8a27,False,,0.0,0.0
76cffccd-07e2-48f3-980c-4d9148381f0e,6f77cc54-8bb1-47de-baa0-a29745e3e268,False,,0.0,0.0
741d338c-4cea-4a8d-a41c-5e2f0e34359c,ef19117f-a452-4def-827b-8c898d3f433b,False,,0.0,0.0
00251c25-93ca-4091-859c-a0ffa93bc5de,b6eea1cf-8bec-4264-8340-55005f6bbc54,False,,0.0,0.0
aa24054f-79a7-4721-bbbc-dac3debe149f,3ea426b8-3f7b-46ec-85df-f8e291136499,False,,0.0,0.0
3be7b9df-2ab0-4b8f-8881-845922acca35,80ed319c-ef01-4e79-a9b2-4a990a8260b6,False,,0.0,0.0
1ebfb1cf-07c3-4c56-b22f-4f75e37977b3,2fa227c3-dc57-44da-90ca-beebdb721b14,False,,0.0,0.0
f7c88a16-bfdf-46e3-a054-6a14994c4919,40b1fb20-d9eb-4495-9d7e-cb5f2b4786c5,False,,0.0,0.0
0d10e52d-a34b-4f9c-8f86-6afe4d417c8b,c4bbf711-53ce-4524-8502-8ad9f568384d,False,,0.0,0.0
44fbf615-80cb-44f6-8aa0-b83c658adec3,dfb44eef-7038-4338-8c2d-189b2422262e,False,,0.0,0.0
88f91854-58bf-4105-a8b0-2244c5dd48b0,116f176a-755d-4764-8bc6-fdb98a497bbd,False,,0.0,0.0
ae3d7e42-f0be-4c3e-80e1-124129767d07,9c137f71-7a77-44de-86a1-c1ef2459bf96,False,,0.0,0.0
2cd8f90c-6d2e-4d08-9210-0b2a0cfb070c,b5e9489c-a331-44b0-b181-38900e592949,False,,0.0,0.0
de3ed47e-a00c-483e-89b9-77f5a935c329,6b161276-d8e8-4a7d-a459-1a9b82673f9a,False,,0.0,0.0
9ec2f21e-5ac3-4f95-91a1-67a7b39cde31,2978ad8f-0cc0-423f-a221-6ec62e5a7731,False,,0.0,0.0
b2222dbb-f03f-4ca4-91c5-2adb092766df,9d9b72b9-e5ab-486c-9e34-c29a701dadb0,False,,0.0,0.0
1cca1535-c975-4f27-879f-b7093f7f33b3,23bf1f71-a901-4db8-80ae-50f37770014d,False,,0.0,0.0
0e4513ba-8359-415c-932c-be45572bda53,5ef59cd3-e078-42d6-a92c-b8ed8fa05149,False,,0.0,0.0
d0f06bf4-4834-41ad-9cf6-45f4e55ca64a,01910880-0f5a-4a7c-be4d-b9ea636404e8,False,,0.0,0.0
918ac435-e802-4578-beef-69709505bd09,8d4363a2-3f2d-4955-b8f3-0ce351ef467b,False,,0.0,0.0
eeb9f295-fac2-48bc-ba89-010856e55d6e,e69cf4c8-72d6-47e9-95af-bf6fc7b0a9e2,False,,0.0,0.0
1bf768b4-3e25-4335-beac-a5faac0fadb0,ec32006d-da7b-4adb-9ce3-31182e857464,False,,0.0,0.0
66c7c9b7-4ba4-4402-9b20-5507e558f26f,8612944f-977b-4e96-b232-398b1f3c4a38,False,,0.0,0.0
c475c8c9-7b6a-44cd-abf0-8ac73c17370e,e716eb38-581f-43df-be71-bda810128b96,False,,0.0,0.0
ffbaf8b5-8f98-43bc-984c-84cd9b33eb06,b770beaf-d5da-408b-ae94-c0b5aaf1c938,False,,0.0,0.0
1549da47-ecee-40f9-bce9-8179ab4855bd,844e2e8b-ff01-4ec6-9ec7-8f9ebed64914,False,,0.0,0.0
64a83148-daf3-4475-9d21-787ad802296d,0ae19e7e-1b6d-4927-9315-de9ac4024764,False,,0.0,0.0
54139abd-38b5-4e49-bbbc-cc84e21940c7,8eb232b8-54b5-4b05-af67-8fc82308961b,False,,0.0,0.0
dd769805-bae6-4d9d-87b6-bc8f5e1756e1,de60d544-e953-4b87-8344-819d1d80f7cd,False,,0.0,0.0
bedab4d9-6086-4ac9-98cc-7ac4cead1612,a0d60422-1a32-4219-aeb1-3e3cd3cb6d14,False,,0.0,0.0
c7758b90-d728-4842-ba9b-d99ed3793567,e2d8d2e6-272a-44fa-8cd4-dd15f592478d,False,,0.0,0.0
3d46d0ec-cd79-4dcf-99ed-f5a6d40b5c6d,505739f3-1031-4582-a2d8-84ee5d89378c,False,,0.0,0.0
b65fe405-3800-4ce1-9a87-4a90fb9c9197,db95e988-3398-4604-a9c2-371e71836f01,False,,0.0,0.0
2ce1813e-16ec-471e-8f7f-2ea3c1f81e40,5bf0e042-bf56-4386-a6e2-e3f47174bbc8,False,,0.0,0.0
c9c5f3f9-e544-4ceb-840c-a501009ea474,c2e8a700-3548-4cd7-a0ef-27f80061a789,False,,0.0,0.0
3220e3fa-03a1-4d06-8106-25784d5d0a88,1e32e3e1-5058-4a4a-9771-3fff49714ec3,False,,0.0,0.0
ce6e3b55-261f-488d-88b2-cae423791af0,5a0ed9b7-5e22-47d4-a74f-232bfb876271,False,,0.0,0.0
ec67c620-78ee-4e7a-9def-d84d3f9c51c5,90a71d24-b277-4e31-8655-6f9a7692f681,False,,0.0,0.0
d7e8094c-ad63-4ca0-b072-aa868ff470ea,6f0dc87b-dfab-44e2-af25-762cd34d09ae,False,,0.0,0.0
d6c67001-31d4-460b-b089-0ca7e7662a26,8612944f-977b-4e96-b232-398b1f3c4a38,False,,0.0,0.0
746150bc-bb16-42bc-b627-fc916b1389f7,520c31d3-ab65-49eb-b9dc-e742ccea7dd0,False,,0.0,0.0
0547f758-0de1-408c-8b73-5bc69a9e6a6f,710dcbb7-6e93-4789-a788-32d0dcfca748,False,,0.0,0.0
df8e760d-dbbd-4c13-97c3-b5f38879b40f,8971b1bb-992b-4a0e-8a85-7fe44014c0f8,False,,0.0,0.0
d34b5264-90d8-4188-ac83-accd76650a39,f12c2046-1cdb-46cb-a9c3-d3719f688611,False,,0.0,0.0
04cb3711-030c-4929-bfc2-75cff4393fe7,95c7d0c2-6405-4dd8-9f1d-5ae0d3016d19,True,2026-03-20 21:55:13.064682,12399.2,4125.02
eb1a6b15-04b8-4283-84f5-0b2619658df3,7b6fb65b-8d70-400f-84a1-dd66bce88f22,False,,0.0,0.0
62ab4df7-019f-4904-89cb-77e100f0bbc1,6ccb9163-4d8e-4d5e-8df4-73bbc577d3a5,False,,0.0,0.0
3c9d1735-598e-4532-b105-54cdb2b41b83,c9a5c042-c878-4b08-91a3-3332d882ce3c,False,,0.0,0.0
45a39960-f3d8-4572-8b9a-6049c7ca36ea,3f55f644-f278-4488-a5be-290abd4fb6fc,False,,0.0,0.0
a590015c-c58b-4020-8750-1cdecaa4f814,fafb6c18-f190-4cec-82d4-54e1017f040e,False,,0.0,0.0
786d737c-1ef1-45c1-9755-60af7b65be92,ba8f4592-37ea-4bed-b866-9ba9044ffc73,False,,0.0,0.0
28c0cafa-b1a9-4a02-a59c-d0fcd52bb7c3,84c2f2c4-efb0-4e3b-acb5-0ab92c23b779,False,,0.0,0.0
79cb4cd3-23b9-49ba-8b22-5998f665f156,781e2d35-2fa1-42bc-b4ce-5f319aff48af,False,,0.0,0.0
dc3a30e7-0747-4ee5-be21-c21735e28582,be60808d-bcb3-4076-b688-f76ea504ee5a,False,,0.0,0.0
471688d4-9719-493d-a1df-c27b55d77e2f,9ad0afdc-e280-4ef0-8b90-1a34a3d6f33a,False,,0.0,0.0
2fa505ad-df3b-40f2-ac74-f5d40f2087b2,a76090e7-7c73-4166-82f7-79797466b319,False,,0.0,0.0
a831ac62-66b5-4451-ac13-a1049d542f9f,ba52dbf2-f551-4cd0-b278-0c3be412b716,False,,0.0,0.0
2123abc7-92e2-41d3-8348-5b8fbc63a56b,e988a44d-b9ca-4928-9e2d-22f6080fc9b3,False,,0.0,0.0
f1b04f17-cb7d-4a93-a97d-ec5298194ba1,4d7f6dfb-03c2-43e5-a150-e2162fd049b1,False,,0.0,0.0
9754671f-c133-494b-bcbf-2152a5383dd4,8d5a9549-34f3-4b8e-9891-e25c2418c7fd,False,,0.0,0.0
43737f9a-69f2-4cc8-a5a2-dbe041a8c924,576b67e3-eac7-457b-bc96-fd06ce8b30ce,False,,0.0,0.0
6d8307d4-4a26-435c-a768-4c85383a5279,0fc64cf0-108d-4f04-a948-9bdac1199d43,False,,0.0,0.0
1bd0dda5-fee8-4552-b41c-029476fa709d,e09012d7-14ce-4f0f-b5d9-704d5fe12b57,False,,0.0,0.0
c1b3fa3b-dad5-4b24-9a97-81a5cd97a009,216bb956-ec46-4708-b982-9dd41828da8f,False,,0.0,0.0
0cd856c6-a1a2-4af6-bfb2-64d951feeb35,10ab9db1-a5e5-478a-b943-23c3a38dbe8c,False,,0.0,0.0
803d29a2-0d8a-4c0c-af54-2d101a23611f,af001605-ae93-4319-a11f-98efdc3c423a,False,,0.0,0.0
13e52b73-c5f6-4b4a-9866-7e7fc34fef65,84c469b1-20c1-4845-825f-c70f90884400,False,,0.0,0.0
86d8c0f9-3122-4337-91e8-26938869e52a,52a7c5d6-08ca-45a8-b822-b39dfbe770a6,False,,0.0,0.0
16b0982d-6070-4074-856a-7012f9d8a778,eb068b1e-6fc0-474f-97d7-14f13192c29c,False,,0.0,0.0
408a6d5d-a2a1-4cf1-9b35-de53dfd49565,5fa9a39e-ee47-48d4-b9fb-97b9abf1a574,False,,0.0,0.0
aa6347ea-f787-4697-9f3a-20c1b9299e88,02fea0e2-41a7-42d6-895f-a84518cb913a,False,,0.0,0.0
18640462-81ce-41da-8b52-e520637a1685,d61a4a69-30bf-4bd2-a23b-da76bcaf0ee3,False,,0.0,0.0
c6d3bcf2-c32d-4b4e-b196-dce19c117bf4,8f962ff2-186b-4a71-9569-12ddf9cf2bd2,False,,0.0,0.0
b08970a9-0f7f-4c91-a8c0-d5edab77a22a,e0ebb3c7-b8a3-43fa-b769-44b886b5ca8f,False,,0.0,0.0
145cfad7-cf78-4cf9-8e8d-45f27f8b4d78,fd7e1648-bc29-4d8d-915b-3aca208d0d01,False,,0.0,0.0
bd60bc8b-2508-4572-a1a4-6a037d735699,4998ef25-e794-40ee-8a5e-d28785a63296,False,,0.0,0.0
a0e3642d-31bd-4aeb-99f6-72ce201578f8,4410d892-7419-4962-9f8f-a9dd7daf8db1,False,,0.0,0.0
e234ecc0-4570-4360-bae7-362cf205fc40,bc1af663-a096-4a2f-bc58-196e2064774f,False,,0.0,0.0
b6dd7fff-fa93-4d90-b534-37a9ede9fd05,aac5e8a3-2567-4f2a-9227-b7accdca6bef,False,,0.0,0.0
330f0284-3f36-4ca8-831d-3279ef484773,63bb48b6-7311-41a7-9122-06a244190e59,False,,0.0,0.0
a0a5fc2d-0822-450f-b9d9-60a6958afe65,334dd7aa-25c1-4899-a89a-92c5003742ae,False,,0.0,0.0
91d85c35-310f-4fa5-9328-6fddd8da0187,ff0614bb-b85a-44cd-bf2b-f0e4ed55169f,False,,0.0,0.0
49f87b4b-779e-499c-a6e2-483910460c2e,31c1b3f3-a2a5-400c-b6fa-64725436273c,True,2022-07-25 23:18:08.158900,1110.55,277.64
d7e6a5dc-0b25-4041-aaa9-b4e3845a3f4d,9d30b0f7-f6a9-4c38-93f7-4636c7be5406,False,,0.0,0.0
3103128b-5439-4216-a812-fea4f129e807,c6bdce43-0902-4afd-964e-9cd4cade4865,False,,0.0,0.0
9f580618-62fc-40f9-afac-c25a57b0cf86,47d9dd10-272d-4ace-bfd0-dce0612c3b0d,False,,0.0,0.0
658eca6d-3c63-4dd6-b40e-815972c5fc4a,518ba376-d76a-4c03-b534-f5214d564ca1,False,,0.0,0.0
cadc6236-27cc-4cd1-91b2-42f3d8722f74,5ef59cd3-e078-42d6-a92c-b8ed8fa05149,False,,0.0,0.0
83b2f69e-dcdd-41e7-969c-689f62b1f587,4e33db37-3142-4d81-8912-fddc0d36d15b,False,,0.0,0.0
1b04e802-6049-4499-8afb-efe6a0da685d,b6fac9b9-88bf-4b11-bd3c-c9e3a5a7a595,False,,0.0,0.0
b52af51c-c407-4156-aad7-edb467a25f4d,bea17713-fe36-44bf-b9e4-21bc1120653d,False,,0.0,0.0
186051d2-c84c-43e9-b0cf-19741156ec7b,4f842010-a48f-41f1-9be4-0ba9902ad019,False,,0.0,0.0
0260f043-ecf2-4410-bd92-e81a242e2a53,aad74fe0-5f48-487e-a0e6-60c2b477caf7,False,,0.0,0.0
e72debd7-578d-4765-a270-c1c169909983,ab09ec62-8e46-4d8b-b555-d6ee40571cf3,False,,0.0,0.0
6e53b2b5-8f0e-4ce1-b3a2-2b14996aa336,c5857b6b-7b98-4c6e-9ac6-e2bf00b36478,False,,0.0,0.0
59216a18-3ee8-49a6-a698-8087989df75c,e90c961c-c172-44d8-a6a2-1998afad738e,False,,0.0,0.0
666320a0-e54e-46b4-8dad-1d31d17b8d32,ef5e0d74-fe2e-4c0f-9c68-a6142644b6f9,False,,0.0,0.0
de9d63fa-87e9-448b-a97d-47e715a439bb,924d4a86-efed-4e52-b9f7-3374e92af09b,False,,0.0,0.0
5fc3d7f6-834c-4b4f-9da9-4b8c084323f5,f31fbee0-358a-4854-89b4-af175e6bed7a,False,,0.0,0.0
5622f29c-99b4-4f6c-add1-5b00c138c511,5a744822-fd07-4913-a657-abb6b81f2807,False,,0.0,0.0
8fc84036-af8f-46d8-9152-eec34d5d6967,b5e18851-619f-4688-b6a8-6371bf693365,False,,0.0,0.0
11fc8eef-6eef-4635-9a66-1a664261ae24,d650e1f3-2231-4476-8005-05394e3b744f,False,,0.0,0.0
36231ff6-081b-410a-adef-bd4f4b21a323,aeeb5608-b2ed-403d-9641-aee399d81764,False,,0.0,0.0
1548fe38-d36f-4643-a4ed-04cceb85fe99,f5d92b55-74dc-4f13-8960-a41b25a744a7,False,,0.0,0.0
28a71619-17bb-40ce-ba14-f3af9b6fc3b1,3f13d74a-5c7f-45ce-bea3-9cb17a4e438d,False,,0.0,0.0
6a0387fc-fab1-4ee8-ba03-afb934eba391,b960df1f-1715-4d76-afc1-aaeb340ce8c9,False,,0.0,0.0
1596d33f-34e8-48bf-b7e6-0d653c47b290,f3cecaaf-71a2-46c1-b3ca-b4e3bbc3553b,False,,0.0,0.0
5158bf61-2cf8-471f-89a3-b8ee3a625c80,f7f9efbc-4ba7-4c70-96a5-4aa01e1296dc,False,,0.0,0.0
12721257-83f0-4d3f-b5c6-76954ad56bd3,4f848c31-7954-4f2d-a819-d4b9b1a6aed3,False,,0.0,0.0
2b852a7f-2e7e-4364-829a-f60f54db1101,40d1ff56-0c78-4409-b96d-c079a75908f0,False,,0.0,0.0
4e8dd6fe-e550-4d1c-bc18-322a7f253990,af88239f-d4a3-418d-ac08-f40119271805,False,,0.0,0.0
9431aba7-ac40-4117-9b33-9ec99e040eba,b4f7af31-1fe8-4be4-a3ba-b56cdb2bfd4f,False,,0.0,0.0
9e1fbb35-bf7b-4e9a-9731-4c13af35b5a2,20b8d865-580e-40e4-bf02-7521c8ba5226,False,,0.0,0.0
3ee72828-08d1-406f-b1ba-422c39281fcc,132ab649-0017-4ca3-8ccc-5afef02a2956,False,,0.0,0.0
7abcba93-da29-4cbd-a101-b96f908a9b91,fa3bc921-c484-4743-8c8b-a7603e3a0dfc,False,,0.0,0.0
395a3581-af4d-4f26-ac1d-526a6db9fcf2,3e447305-eb55-420d-81d2-31cb66bd5d42,False,,0.0,0.0
d55f8b35-42a1-406a-a14e-7a6dc527e31c,b1f20ebf-7d76-4495-b10f-c4158f7c0071,False,,0.0,0.0
f2064a6f-507a-4128-8645-fcefa8b2ff49,9f35ba40-43e2-4caf-9767-a0d7e8b2f81a,False,,0.0,0.0
ba29aea0-8fd2-4efe-833f-2b07e9d69e4d,83d04bac-21e3-4238-92b1-178bfd6c47e3,False,,0.0,0.0
941e19f3-6b9d-4eb0-bc6e-b828f4ce5277,9d09cf19-a079-465a-8cc5-b7058af263bd,False,,0.0,0.0
e240c582-fcb5-478a-862d-4c19b3994ec5,6f0dc87b-dfab-44e2-af25-762cd34d09ae,False,,0.0,0.0
c6df5390-7908-4dd3-bfc4-3286bb51145d,1f8452fb-6c26-4326-8dc6-d899ee209e85,False,,0.0,0.0
48a4302b-fcb0-41d0-ac55-e2d686ca4664,e11b2f5a-9f14-456f-ad35-839bf4d62658,False,,0.0,0.0
b1a0959b-9cfd-48c8-b899-37a63ea7adf1,29f5010c-8b6a-4c97-b8f4-223bd21a5375,False,,0.0,0.0
f547400b-6070-499a-bf90-a3c5fd5a0f59,2b94906d-d252-4321-8f64-710a5dbffb1f,False,,0.0,0.0
a380a49d-8e2e-4db0-a31c-a5182c6ad31b,ec0389c1-23ff-48b2-865a-5dcda016d50a,False,,0.0,0.0
406c9fa7-6db9-48ae-9b92-9ed51dddfac7,6789278d-cc86-4c85-8212-173f5e997f0d,False,,0.0,0.0
fea4f56d-fafd-4506-ae74-90dc47f983be,26fa466b-1573-4a73-8266-557cefc66c4c,False,,0.0,0.0
e406fa52-a7b3-437f-af40-7b3b877e0144,97266a28-dd7d-4ff7-b32f-4bd725acf1b6,False,,0.0,0.0
7adcca10-0b66-4df1-9eeb-47e6fb983bb8,5f0a74fb-b6e7-4214-b3b5-f7d79d2f1794,False,,0.0,0.0
6477edff-f623-40ac-aaf6-50b3e5b4fee3,7e02c8c1-e7c2-4aa7-a460-fdd72cedc1f9,False,,0.0,0.0
9817d6b7-9f8b-41fa-b0a0-a17e312e5ae5,8844276d-c0a7-4490-9dcc-48a562c8570e,False,,0.0,0.0
d5d30d06-39e0-4ba4-a629-f28b08d24de2,5cbe693e-5e7f-48d9-bc33-499fc4916b7f,False,,0.0,0.0
af04aeae-4eea-4ad6-bb97-35ba38fd74da,e2293661-e153-4d2b-b261-b0827387d450,False,,0.0,0.0
21d7b93d-46eb-4f90-b745-21d3a388c9e4,0ea66dbf-a011-48d8-8630-419c40c71862,False,,0.0,0.0
a72b355d-61dd-4999-b7aa-4b0986723f85,b800f540-7f69-43af-a921-3dfa86e979fe,False,,0.0,0.0
0a75443d-1442-4997-bd60-61681d6991bc,0ef40214-014b-4836-87ad-fc55c99cb5f3,False,,0.0,0.0
819e4693-f046-45c8-afff-b0b7c9d16e41,edced19f-f47e-4c3e-9d5c-0525ec8f3b62,False,,0.0,0.0
48b3287d-3d2e-4de8-9ad3-d7fc281e2eee,1ca691e1-dda7-433a-b334-5e5bdca3aa0a,False,,0.0,0.0
c4f24945-1e0c-497f-9880-4eceede5db2b,433fca8a-f72a-4b7a-aa78-b0884c9b9009,False,,0.0,0.0
892f5c04-d1b8-453b-a2f8-20ef638eaceb,1fda98c9-40a6-4de4-9271-e2959b21c065,False,,0.0,0.0
4a152949-cdf1-422f-85e9-8b110559c19c,e13ae6f4-b5ef-418b-a90e-1a7e75be1ba7,False,,0.0,0.0
a87688b3-1bfc-44d0-a19d-b66b691ab4b9,60421eb5-ca6b-4ccd-bf8b-c509484f0da6,False,,0.0,0.0
c10b3622-ef24-4eb4-bc16-c55c6782bfd6,87a8cadf-eca7-4d15-8c8a-e9ca930cc62d,False,,0.0,0.0
14f43d5a-5348-4c42-9db5-721494932a23,394b5576-f887-4d7d-bb28-b3b18212f5df,False,,0.0,0.0
72818f20-9d4d-4869-bd7e-cf9208225782,16acb78e-1a61-4efe-85d8-cc0839819354,False,,0.0,0.0
532160de-8aed-46cb-a6d6-dfcbdca25423,0c0575ab-2dce-4207-800e-45409492ba69,False,,0.0,0.0
f9fae2a6-4703-4afc-85ab-b4d630ce435b,c6a22085-38cb-405e-ae3a-1f32d70b1463,False,,0.0,0.0
207fd22b-7ac5-4786-b5fb-092a21c28a26,81edceb3-8bb2-4f15-a045-d9e673ad562d,False,,0.0,0.0
ca4868eb-f268-4907-80a6-b4a0a6727e83,a19f304a-af71-4929-bda5-e1d1aa3db493,False,,0.0,0.0
531da9d8-6643-4b33-bef4-d74d111504d8,71a67925-1094-4b53-a6d5-1dc14ff90831,False,,0.0,0.0
98f15af6-2483-4851-a249-cdd413d39b89,f42050e8-3730-4f79-913a-27afa9179e02,True,2025-02-14 20:41:37.914381,30389.17,21157.61
a1df12a9-43b4-4381-94e8-e707a6361b71,76435b4e-1508-4aec-8079-3ca3c73e54ab,False,,0.0,0.0
283da8ec-19ec-4e04-be4f-54f583a3b177,ab30f1b1-bb4c-4947-8748-b576fe3a4f96,False,,0.0,0.0
5e00b847-f4f0-49ad-903d-3c5b2ca48621,c1cb8d69-8fa7-4dec-a5a6-1a06a8422325,False,,0.0,0.0
652510da-433a-46ca-b60c-cd1c5c75e60b,50d8929c-5157-4f3e-9766-cd4326d18922,False,,0.0,0.0
e9d40e78-2f04-4d14-8662-cf30a7ca2cab,9d30b0f7-f6a9-4c38-93f7-4636c7be5406,False,,0.0,0.0
695978fe-ea21-489c-a21e-2fec8d6f3885,66e6c48a-d679-4ab4-aae6-c3da5f2d38b8,False,,0.0,0.0
836d250c-068d-47d4-bfda-d2acc3d82ad9,d08ef8b5-c556-4034-b177-3184a3d2e30b,True,2022-09-26 20:11:07.968034,12514.44,6381.61
dc0b15a3-895b-4b03-b831-50afa2a318f0,0eca3630-7342-44e1-a957-a9dd5258e6d8,False,,0.0,0.0
006f2c09-e134-4cb9-9471-b8e56d1a9c12,1ac0dff3-6717-4ab7-a1f0-e5c51cda8918,False,,0.0,0.0
c9748dcf-c7ee-479d-803d-551c7424405f,5b5dc6ed-ef45-49fb-9955-5d44b245e656,False,,0.0,0.0
70f50f6e-385d-4b80-838a-9048f445d067,23d2789d-ce2c-4739-a552-abc65a86503a,False,,0.0,0.0
53932b26-6784-404d-a588-4fc199ebefed,306542ee-2e51-4870-8191-073f8cfcb112,False,,0.0,0.0
d9c43c0c-43a4-40bc-b6f7-cd0ec4af9dd1,84e69ef9-a629-4bb2-9352-e5785e13ab9c,False,,0.0,0.0
3585ff41-0e7d-4128-8a65-8442c72ae131,3f444245-4a33-4325-a4a1-0253cee8efcf,False,,0.0,0.0
63d44211-6da3-43fb-9256-54a7d2d23717,6c905f13-ba7e-4b51-9892-e71aab87aea4,False,,0.0,0.0
4c390d6b-c090-47e0-927a-04d0dfd690e3,c3f67602-0879-4480-87ab-777056724b4c,False,,0.0,0.0
a00328f5-09a8-4662-b998-acc42c8faa8e,f765f8a0-ce43-47c4-abfd-dbf938498d35,False,,0.0,0.0
cdf5008e-d058-4386-ba3f-26ec17971082,fdab0afa-dbc7-445d-8994-41c5ad8f6932,False,,0.0,0.0
d55c4c03-6fdb-4f2c-b612-f438f6d2c774,898a52e0-c50e-4599-8914-4c1b728c0b4a,False,,0.0,0.0
d167dc4e-e20e-4780-9d49-f90f00ded932,121374ec-d9f5-4388-9202-5cd5d0b8bcbb,False,,0.0,0.0
86614ca3-620e-4ecc-9765-9445eeaed2aa,434a7e17-eece-45b3-ba8d-a12744f64bef,False,,0.0,0.0
173a8f27-e6cb-4588-a710-9dab2398281a,4679fe6e-9177-4972-8207-291eb3167953,False,,0.0,0.0
1323a691-60c9-4c3b-b17e-a80cbdba3e8a,f1bef588-9c08-41d4-8f20-2a19d0a836ae,False,,0.0,0.0
94840b29-29ca-41d1-9bde-132d0fd37faf,dfb2591d-f9b5-41db-925e-acaf8b67cdcd,False,,0.0,0.0
ae2842ab-d334-447d-9c5b-78dd2b49dcd8,2591855b-87fc-4d1a-948f-0e3c8ce90fdf,False,,0.0,0.0
56fa863d-9348-47ad-91ec-549dcb98828d,5d2d113b-fb5e-4c15-8bfa-e8d6b4ed4d1d,False,,0.0,0.0
1e131def-cb08-495c-b7d8-6272754a38ba,5a6f9b6b-5070-4efc-b7ca-273b3506880f,False,,0.0,0.0
62d8a6d5-bd37-4152-95d8-2de46ad297cd,e36345fc-899f-4cfb-af6f-5d6a09ed1c7c,False,,0.0,0.0
3b09c4c9-fa9c-463f-9a26-8abacc862d2f,dc247a02-286c-43e0-82b5-166d0f3cc54f,False,,0.0,0.0
a5de6a3f-f1dc-4d4c-aec9-218dca1603a9,9bcfe969-473f-4005-a66c-3392396c6135,False,,0.0,0.0
cbcad58e-0840-46dc-86b4-ad7ca7ad2e78,6e025590-0f32-4b39-bce7-c8078c2d23a9,False,,0.0,0.0
a5d4c273-b4f0-46c3-bca0-6314c51aede6,903506bb-ef6d-4fc6-afbd-f3690636f35e,False,,0.0,0.0
6cb8b506-f62f-45d1-999b-16fff763b01a,445f1ad1-b801-4d83-baea-50545fb56c40,False,,0.0,0.0
75bc2911-1e8f-4adb-bd4e-979b4c65a39a,131ad6fa-c8b8-4c6c-af54-2dc69a24beb8,False,,0.0,0.0
4213be2b-45e6-4eb7-b826-250980ecfdcd,d7ea8625-11c3-438b-b0c6-9b42df0ff647,True,2023-07-10 17:41:07.398640,10415.12,7819.72
ed8fbd56-3b71-4237-8fca-d020251eeaa2,a4d37418-581e-40ef-b8ef-6c712b9fff6a,False,,0.0,0.0
4f9fdd3d-5392-4111-8440-b542bf8fd93b,ff2c37dc-6bfc-4bd7-9831-3d758b719ba7,False,,0.0,0.0
d25784a4-c4ec-44c7-89b6-7469ac928d10,0e721365-a4e6-4afd-a6cc-d201335dc080,False,,0.0,0.0
15cc59f1-968a-4f2b-a875-a5dea0581bcd,7f258778-8140-4ce5-82e8-118f9ca3d9d1,False,,0.0,0.0
3b97e9cd-c344-49dd-945d-03061637d64a,99d75477-5f8b-40f7-b92e-efe040a8bd6b,False,,0.0,0.0
352aded5-90d8-4491-a23f-62dbd0be70c9,84e69ef9-a629-4bb2-9352-e5785e13ab9c,False,,0.0,0.0
07c50188-ae18-42b9-88be-91c396cd3b61,bccb296d-3bf5-400a-a82e-25e3d2832c0d,False,,0.0,0.0
5c29520d-8551-4340-97d3-eeedc7d466f4,e5b2fd55-b0a5-43c1-b409-1297031fdae1,False,,0.0,0.0
2d18f58b-b235-4688-bce2-5dbd9351ee73,244700ca-31e3-460a-82ca-a526ffa0a1af,False,,0.0,0.0
7f270567-0166-4a76-97c4-b2582b1ecf70,fa709240-af8f-48b4-901d-cc22e22a75cc,False,,0.0,0.0
02ad130d-c929-4e9a-9762-08d9cb7d5843,c4593083-db40-4797-8ecc-4bd986db41b4,False,,0.0,0.0
4bf2772f-d9ca-48e9-9bc4-e72f78930754,ab6b897b-0ccc-441d-9d3b-9ac6be24af96,False,,0.0,0.0
33e11a74-a288-462c-991c-fc6c4a9907e4,33dcd09c-a8cc-4023-a43f-daf08a8016fe,False,,0.0,0.0
c998b6ae-ee03-45c4-af0e-2373d67d2688,a4d37418-581e-40ef-b8ef-6c712b9fff6a,False,,0.0,0.0
1b80d93d-a6b5-4b99-a144-cd5d3c662333,f5260cb1-29bd-44d4-b7bb-24ab7447b052,False,,0.0,0.0
701afebb-6543-49c5-8cee-2939a158e5be,8a1b0744-0be7-4352-a85c-0862e9e02d8d,False,,0.0,0.0
a0565f77-c77a-4f35-becc-05553c90cd30,61b862b2-181d-40f9-b0d3-ce6fb437e204,False,,0.0,0.0
18088c0a-cd04-46d2-9e88-876e70fb6394,6fa760a9-c19b-4e2a-b517-6bfad298345c,False,,0.0,0.0
c84da0f8-0950-4ea9-990d-d49ee8dba501,05e71b68-0cf8-42b3-8a66-c2113eb4a3ee,False,,0.0,0.0
bcf29660-34b5-4579-9deb-ec82396c6daf,513be62e-d9ff-4acd-b284-03566d1eb9b4,False,,0.0,0.0
3909d9a2-7499-409a-b8d0-807143b9fb1d,accc1507-42f8-4fc5-92bc-b64dc59498c5,False,,0.0,0.0
bb396b6f-527e-4cd9-9bcb-12bd30f36b3b,ba2c43ec-43f8-4fcf-8997-0b27dbdcfb3d,False,,0.0,0.0
98e643c0-1534-4d06-a855-3e6b8a32f46b,940cbc1d-469a-49ee-822b-a8e9db93db00,False,,0.0,0.0
1e003204-5b33-4d1f-b55e-b336578ed820,c8c67501-b45f-452f-b349-3fec37aa530b,False,,0.0,0.0
1c872e1b-9189-49f3-8c5e-98de0dd49f66,f0c46591-b2d9-45fa-849e-e02aeea28810,False,,0.0,0.0
7181c00c-75fe-478c-8903-afc17f8fe8f7,2f8aeb01-c73f-41d2-b059-5815bf32dbc5,False,,0.0,0.0
6cf6db98-5ae1-4168-a2d7-4d9be972709d,3ff5ea79-7cae-4dfe-b4dc-70c6e8acd757,False,,0.0,0.0
77cfd1e0-3df8-4ff5-9473-518a1a32e847,45358d5a-2249-4a0f-ad58-35f3f87e213c,False,,0.0,0.0
b558183d-0e61-4690-ad0d-9445fd16cef2,0ab6c155-2e42-4010-a9cd-10722127130e,False,,0.0,0.0
bc07ebec-e4d7-4fe7-ae68-4024e74d05f5,318c6ee8-f1c8-4a37-a3d3-59b81c84f34f,False,,0.0,0.0
8b9b94ef-49b6-4742-a673-1356b9a52c3d,113145d2-4346-4ce5-8895-d134acb4b5c3,False,,0.0,0.0
21c0325a-b302-4300-a670-688ac595515d,efa107ee-ed75-4494-864b-4edc101905bf,False,,0.0,0.0
b2a35d59-d554-4098-8ace-ca7f4987b1da,291c9094-cb2c-4efb-84c3-b30d435f59e6,False,,0.0,0.0
9f5b1e00-4931-4457-9630-0ba4dceb118c,1ac0dff3-6717-4ab7-a1f0-e5c51cda8918,False,,0.0,0.0
67cff564-de33-4595-ba7b-245bdd65c37c,a282bbab-fdb0-4520-b2f8-81eb754ce511,False,,0.0,0.0
425978e8-52e4-4b76-9f0d-89d9817e7db3,a8c649ab-eadd-46c6-9c4d-e578c19473fe,False,,0.0,0.0
ca6396f7-d903-426c-bdde-1fc175455df6,9b465e04-b4cf-4cd7-b2a1-c14d46a49f8d,False,,0.0,0.0
79b7a83a-f015-4245-8936-a12c955ef352,b8a35c0c-4486-4697-9c1d-73b3250a8bc0,False,,0.0,0.0
953daa31-6417-4d30-a9fd-d928092754db,50029c14-39a8-4a83-88cc-f7ad3b54a3f0,False,,0.0,0.0
f4beceeb-b7f6-4bcf-9571-e00b5c43d71d,53f42383-21b7-4e70-a647-bcfcc2886352,False,,0.0,0.0
1d1b8658-b7df-416f-833f-56d1660cb0af,d27e5846-4c7f-4cd6-b032-97d2a911610c,False,,0.0,0.0
74bd1462-314b-4b76-a311-8756b0f375d2,e2c350af-42e3-47d9-a97b-43bd00b73636,False,,0.0,0.0
d0f1c001-a882-45d2-9fa3-0ca31bae73cb,128e92ad-6b70-4ef6-be62-314e22e142fc,False,,0.0,0.0
39b90a10-a709-4581-80e8-cc79b102b286,80dac46f-2171-4e00-8261-c03dc6df62a7,False,,0.0,0.0
5422a8bc-63d3-4610-89c0-db378bd8222c,eabb42d6-a81c-4995-9e00-801dcb8052e1,False,,0.0,0.0
0e474db6-23ba-495b-8f8d-06c2a08bd711,53054058-80e2-4e40-bb89-1988c04d3cca,False,,0.0,0.0
540d0ba8-3843-4565-ac40-bc3565053f39,502e5598-3c3c-4182-a024-4fcf25445d8c,False,,0.0,0.0
8fd3b66e-61b0-4d68-bd9a-b412a00d50f8,dca261ea-d432-416a-b396-9a862a8daa45,False,,0.0,0.0
b6d23643-6b70-47de-952e-606942839fc5,5f0bb32f-e6dd-4be3-a89a-18fe5f8e74df,False,,0.0,0.0
bcb9ed09-5a69-4d71-9ab2-24dc8380e1a6,273fd952-fe77-49f9-8533-4baf222b8537,False,,0.0,0.0
a1b084e4-245b-48a0-8d53-66356255105d,32b6f533-c5cc-4fb0-a1a6-2208a1f40627,False,,0.0,0.0
376297e7-737d-43b0-b2da-01cd9209d809,a07c68c2-1ce2-4c5b-8165-53a1e4203a34,False,,0.0,0.0
54ab9c5b-f02c-460e-ae62-5aa6fcec51e2,1ec83ceb-c201-426f-a924-b4722363bd37,False,,0.0,0.0
5f1459a9-1ff8-492a-8418-85cf75fffe16,b9f9d376-c79e-449b-aaba-8f0cc9eb6e3c,False,,0.0,0.0
4159dde2-21de-4428-9022-b5b89557e182,cb28ac77-f855-4dab-af33-268417a1f56e,False,,0.0,0.0
0262b213-87fe-4baf-9112-7dd56470d5b1,19dad534-be2b-4dee-b848-c332ee1caec8,False,,0.0,0.0
2262b894-7d4a-40e5-ba2a-bcb5b10aa3dd,8eb58d5c-7e8f-4f03-87e0-3fade9b2af2e,False,,0.0,0.0
e863ff9d-cb13-4a11-bae0-db08dac0cb4a,5c42adcf-5acc-416d-999d-ed5edb84aa96,False,,0.0,0.0
7ae45083-2bc9-4e7e-bf46-bc06fae549cf,2767ec01-6e8b-4bd6-afcf-7c8ed5b1f09d,False,,0.0,0.0
d4432f83-0601-4e60-ac43-1540bead0839,ae372e39-af39-4095-9461-1ef142bf18d2,False,,0.0,0.0
7b2187bb-f705-4823-99d4-d66dc9f55cbb,8a1b0744-0be7-4352-a85c-0862e9e02d8d,False,,0.0,0.0
88c458b3-c2a8-4191-b631-e03f033c27c1,2bd346cb-e1ad-44fa-a974-eaeebdb1d20f,False,,0.0,0.0
