merchant_id,category_id,merchant_name,country,risk_score,created_at
bdd640fb-0667-4ad1-9c80-317fa3b1799d,b74d0fb1-32e7-4629-8fad-c1a606cb0fb3,Davis Ltd,UG,42,2024-06-01 10:29:38.875842
23b8c1e9-3924-46de-beb1-3b9046685257,972a8469-1641-4f82-8b9d-2434e465e150,Winters PLC,KR,39,2023-06-19 04:41:45.321527
bd9c66b3-ad3c-4d6d-9a3d-1fa7bc8960a9,6b65a6a4-8b81-48f6-b38a-088ca65ed389,Prince Ltd,EC,41,2023-10-26 07:28:12.409063
972a8469-1641-4f82-8b9d-2434e465e150,17fc695a-07a0-4a6e-8822-e8f36c031199,"Reynolds, Fisher and Golden",TM,75,2023-12-22 17:46:06.049848
17fc695a-07a0-4a6e-8822-e8f36c031199,b74d0fb1-32e7-4629-8fad-c1a606cb0fb3,"Moreno, Perez and Lang",NZ,24,2026-05-05 23:03:01.107415
9a1de644-815e-46d1-bb8f-aa1837f8a88b,c241330b-01a9-471f-9e8a-774bcf36d58b,Bell-Ballard,GD,60,2023-07-21 13:02:24.244668
b74d0fb1-32e7-4629-8fad-c1a606cb0fb3,bd9c66b3-ad3c-4d6d-9a3d-1fa7bc8960a9,"Johnston, Coleman and Scott",LI,46,2025-05-26 14:37:50.780049
6b65a6a4-8b81-48f6-b38a-088ca65ed389,b74d0fb1-32e7-4629-8fad-c1a606cb0fb3,Kent Inc,TT,19,2023-01-22 04:59:42.937010
47378190-96da-4dac-b2ff-5d2a386ecbe0,6b65a6a4-8b81-48f6-b38a-088ca65ed389,George-Stephens,CU,68,2022-11-02 07:08:23.821952
c241330b-01a9-471f-9e8a-774bcf36d58b,17fc695a-07a0-4a6e-8822-e8f36c031199,Lopez-Fletcher,KZ,90,2024-09-17 23:27:27.130027
6c307511-b2b9-437a-a8df-6ec4ce4a2bbd,972a8469-1641-4f82-8b9d-2434e465e150,Lane Inc,FR,42,2024-07-24 07:30:21.923200
371ecd7b-27cd-4130-8722-9389571aa876,6b65a6a4-8b81-48f6-b38a-088ca65ed389,"Smith, Pena and Watts",ID,32,2025-07-22 07:53:52.293246
1a2a73ed-562b-4f79-8374-59eef50bea63,6b65a6a4-8b81-48f6-b38a-088ca65ed389,Ortiz-Rodriguez,CR,39,2023-10-18 05:39:13.324741
5be6128e-18c2-4797-a142-ea7d17be3111,bd9c66b3-ad3c-4d6d-9a3d-1fa7bc8960a9,Pearson-King,NI,36,2023-05-29 19:20:55.269357
43b7a3a6-9a8d-4a03-980d-7b71d8f56413,9a1de644-815e-46d1-bb8f-aa1837f8a88b,"Henderson, Diaz and Hill",TG,97,2023-11-29 17:52:18.303357
759cde66-bacf-43d0-8b1f-9163ce9ff57f,17fc695a-07a0-4a6e-8822-e8f36c031199,"Sanders, Harris and Arnold",FR,36,2023-03-21 20:17:38.402008
ec1b8ca1-f91e-4d4c-9ff4-9b7889463e85,23b8c1e9-3924-46de-beb1-3b9046685257,"Olson, Wood and Peters",KI,3,2024-03-21 00:19:46.784135
4b0dbb41-8d52-48f1-942c-3fe860e7a113,6b65a6a4-8b81-48f6-b38a-088ca65ed389,Hinton-Lane,KP,73,2023-05-15 06:19:00.475403
e2acf72f-9e57-4f7a-a0ee-89aed453dd32,9a1de644-815e-46d1-bb8f-aa1837f8a88b,"Sanders, Taylor and Shields",BS,8,2025-06-21 10:09:13.135183
3139d32c-93cd-49bf-9c94-1cf0dc98d2c1,23b8c1e9-3924-46de-beb1-3b9046685257,Adkins Group,KG,97,2026-06-12 23:16:44.762424
a9488d99-0bbb-4599-91ce-5dd2b45ed1f0,17fc695a-07a0-4a6e-8822-e8f36c031199,"Avery, Garcia and Romero",TN,70,2024-03-14 23:08:42.480155
fc377a4c-4a15-444d-85e7-ce8a3a578a8e,bdd640fb-0667-4ad1-9c80-317fa3b1799d,Owen-Mendez,YE,41,2023-06-18 05:58:20.450671
ddd1dfb2-3b98-4ef8-9af6-1a26146d3f31,c241330b-01a9-471f-9e8a-774bcf36d58b,"Mann, Martin and Oconnell",PL,68,2024-12-01 02:58:57.516232
7412b293-4729-4739-a14f-f3d719db3ad0,9a1de644-815e-46d1-bb8f-aa1837f8a88b,Brock and Sons,ST,13,2022-04-18 14:09:14.018107
29a3b2e9-5d65-4441-9588-42dea2bc372f,47378190-96da-4dac-b2ff-5d2a386ecbe0,Frost-Graham,EG,49,2023-03-25 14:14:19.110735
ab9099a4-35a2-40ae-9af3-05535ec42e08,bdd640fb-0667-4ad1-9c80-317fa3b1799d,Baker LLC,MT,60,2026-03-19 22:43:21.843094
aefcfad8-efc8-4849-b3aa-7efe4458a885,c241330b-01a9-471f-9e8a-774bcf36d58b,Lynch Ltd,NZ,2,2024-06-29 16:33:39.954354
a28defe3-9bf0-4273-9247-6f57a5e5a5ab,bd9c66b3-ad3c-4d6d-9a3d-1fa7bc8960a9,Arias-Morales,BY,60,2022-07-13 20:00:19.151855
3eabedcb-baa8-4dd4-88bd-64072bcfbe01,b74d0fb1-32e7-4629-8fad-c1a606cb0fb3,"Meyer, Dawson and Harper",CU,5,2025-08-10 08:26:59.785189
451b4cf3-6123-4df7-b656-af7229d4beef,972a8469-1641-4f82-8b9d-2434e465e150,Bowman Group,SL,44,2025-03-07 17:57:29.458265
b02b61c4-a3d7-4628-ace6-6fa2fd5166e6,47378190-96da-4dac-b2ff-5d2a386ecbe0,Harris Ltd,PA,27,2023-10-26 20:30:00.900831
5304317f-af42-412f-b838-b3268e944239,bd9c66b3-ad3c-4d6d-9a3d-1fa7bc8960a9,"Mitchell, Johnson and Greene",MD,32,2021-10-14 14:28:12.570802
0e51f30d-c6a7-4e39-84b0-32ccd7c524a5,17fc695a-07a0-4a6e-8822-e8f36c031199,"Hale, Gilbert and Craig",KW,21,2022-12-14 10:02:49.590560
ce177b4e-0837-48a3-9261-a7ab3aa2e4f9,bd9c66b3-ad3c-4d6d-9a3d-1fa7bc8960a9,Allen-Smith,SC,8,2022-02-24 22:18:59.401201
10f1bc81-448a-4a9e-a6b2-bc5b50c187fc,b74d0fb1-32e7-4629-8fad-c1a606cb0fb3,Miller LLC,LA,72,2023-12-29 02:22:53.146848
9132b63e-f162-47e4-a9c3-49e03602f8ac,17fc695a-07a0-4a6e-8822-e8f36c031199,Gomez-Foster,LC,50,2023-05-19 08:35:44.142809
366eb16f-508e-4ad7-b7c9-3acfe059a0ee,47378190-96da-4dac-b2ff-5d2a386ecbe0,"Gonzalez, Smith and Padilla",MK,67,2025-12-27 17:56:18.341578
e27a984d-6548-41d0-bfcd-9eb1a7cad415,b74d0fb1-32e7-4629-8fad-c1a606cb0fb3,Dunn Ltd,PT,44,2024-12-22 10:24:32.512027
24933b83-7577-40a9-a491-f0b2ea1fca65,23b8c1e9-3924-46de-beb1-3b9046685257,"Herman, Bailey and Richmond",MH,58,2022-10-21 18:02:36.791007
beb79919-3f22-4af8-a3be-d01d43cf2fde,972a8469-1641-4f82-8b9d-2434e465e150,Perez-Mccarty,NP,3,2023-03-26 05:24:20.954969
bf3c4c06-4343-48bc-89fa-6a688fb5d27b,47378190-96da-4dac-b2ff-5d2a386ecbe0,Spears-Andrews,PT,86,2023-01-09 18:31:06.753311
956269f0-e5d7-4875-adad-d6c795a76d79,23b8c1e9-3924-46de-beb1-3b9046685257,Thompson-Hunter,NL,70,2025-08-21 22:04:18.433309
ff50bde4-3825-47b8-9cab-cc97663f1c97,c241330b-01a9-471f-9e8a-774bcf36d58b,"Jones, Phillips and Arroyo",NG,2,2024-04-04 02:52:40.317466
7e570ddf-8270-40a8-a369-b584ff5e9ff0,47378190-96da-4dac-b2ff-5d2a386ecbe0,"Frye, Walter and Li",PL,87,2022-06-09 08:18:15.011904
dc713d96-0c0f-4195-817a-f08a1745d6d8,c241330b-01a9-471f-9e8a-774bcf36d58b,"Wright, Ramos and Bennett",AT,44,2023-04-30 16:43:10.722708
28f49481-a0a0-4dc4-a720-9bdf1c11f735,17fc695a-07a0-4a6e-8822-e8f36c031199,Carrillo-Todd,TJ,2,2021-08-18 22:41:56.196558
98ae4334-6c12-4ce8-ae34-0454cac5b68c,23b8c1e9-3924-46de-beb1-3b9046685257,Maldonado-Mosley,AR,81,2023-03-02 19:07:03.388943
988c24c9-61b1-4d22-a280-1c4510435a10,972a8469-1641-4f82-8b9d-2434e465e150,Olson LLC,NL,35,2024-09-21 09:13:15.815646
405cacec-8774-49a9-b7d2-1e02ff01cf99,b74d0fb1-32e7-4629-8fad-c1a606cb0fb3,Reyes and Sons,BT,98,2024-07-09 23:08:13.205724
f143262f-dc5c-4eed-8da0-365bf89897b9,6b65a6a4-8b81-48f6-b38a-088ca65ed389,"Haynes, Mcbride and Gutierrez",TW,87,2023-05-01 08:27:34.050024
1d53434b-b881-49b9-ae27-0da702f06b90,bd9c66b3-ad3c-4d6d-9a3d-1fa7bc8960a9,Black-Smith,CU,30,2021-09-22 19:32:16.431100
c0398710-8976-4334-a281-7efdae849217,bdd640fb-0667-4ad1-9c80-317fa3b1799d,Wright-Davis,VE,8,2025-03-27 22:20:02.031906
5715bd6f-a416-4293-84c2-e2e3444ea7c8,972a8469-1641-4f82-8b9d-2434e465e150,"Goodman, Peterson and Spencer",KI,22,2022-10-14 23:52:23.471425
287d06ca-6f4c-469a-8b22-d3081c8eaee9,23b8c1e9-3924-46de-beb1-3b9046685257,Woods LLC,HN,44,2021-12-18 10:32:07.793005
b8db0672-f42d-47cc-80d4-af5974273ca3,6b65a6a4-8b81-48f6-b38a-088ca65ed389,Shannon LLC,TT,58,2022-01-06 15:51:53.885237
f8cda88b-436d-46e2-b83c-fe0be037e5ed,972a8469-1641-4f82-8b9d-2434e465e150,Valentine Ltd,SG,36,2025-03-06 05:04:56.228667
81f76d1c-2dbc-4134-830f-f46e8026695f,23b8c1e9-3924-46de-beb1-3b9046685257,Porter and Sons,MR,69,2024-09-15 18:59:15.375427
a013ac6e-deda-4e16-9b3d-bd5ce9a1fa6f,9a1de644-815e-46d1-bb8f-aa1837f8a88b,Moss LLC,CN,77,2023-09-13 05:28:55.679048
81f631d4-a392-41a7-9777-a4774c66e0a8,9a1de644-815e-46d1-bb8f-aa1837f8a88b,Perez and Sons,VN,93,2022-12-01 14:28:07.597725
5fb8d16c-2720-497d-b2eb-d6899be578c7,c241330b-01a9-471f-9e8a-774bcf36d58b,"Kelly, Maxwell and Wilson",ST,31,2026-05-27 18:00:12.313006
f4188f3f-8a14-4e62-a95b-4715c333e861,972a8469-1641-4f82-8b9d-2434e465e150,Lowe Ltd,TM,47,2024-12-27 04:33:12.098826
eb2263dd-87c5-421e-ac24-a3c5c754108f,9a1de644-815e-46d1-bb8f-aa1837f8a88b,Austin-Duran,KE,55,2022-10-06 17:30:12.396741
7d154385-52fb-443b-9954-6eb400257ad1,23b8c1e9-3924-46de-beb1-3b9046685257,"Rubio, Charles and Watson",BF,80,2025-09-02 14:40:00.115719
5cec4eb5-edd9-4831-9ca3-5cfb04fc6d82,c241330b-01a9-471f-9e8a-774bcf36d58b,Vasquez-Galloway,TW,62,2025-09-19 16:18:44.145151
ce88cb2d-d4e8-4839-bc3e-058be0f3eab0,23b8c1e9-3924-46de-beb1-3b9046685257,"Melton, Henry and Joyce",MX,30,2025-03-16 23:41:18.814469
3da9c2a9-0ed4-4f1a-bd4c-bf374eb93eff,c241330b-01a9-471f-9e8a-774bcf36d58b,"Ramirez, Walker and Ray",CN,55,2024-02-29 01:48:50.882728
14296c07-f26b-4776-913e-4de2e0c53cb8,972a8469-1641-4f82-8b9d-2434e465e150,Fox Group,NA,16,2023-11-02 02:50:31.602843
d0e6e660-7c69-4ee1-bb5e-4bcf15ed6269,6b65a6a4-8b81-48f6-b38a-088ca65ed389,Ayers-Johnson,SV,12,2021-12-04 17:20:59.416919
885f6e66-c2b6-42c5-ba5d-310011b7e948,b74d0fb1-32e7-4629-8fad-c1a606cb0fb3,Long-Parks,AF,17,2023-05-29 18:02:03.862215
a8e56e0c-20de-435d-a031-d750c40db9b4,47378190-96da-4dac-b2ff-5d2a386ecbe0,Bryant Inc,PL,16,2022-04-11 22:45:30.604607
2a45c2ab-8cbf-4db0-b264-accc79ac1b1e,6b65a6a4-8b81-48f6-b38a-088ca65ed389,"Holmes, Stewart and Smith",SI,12,2026-06-05 20:44:00.813189
9b49bd26-df57-459a-8715-a10343dac043,17fc695a-07a0-4a6e-8822-e8f36c031199,"Clark, Carpenter and Nguyen",PK,8,2024-09-24 17:30:21.307046
edcd465e-3638-4821-b6e0-7cc06c52c49f,23b8c1e9-3924-46de-beb1-3b9046685257,"Hensley, Lopez and Baker",BF,84,2025-12-14 17:28:51.062725
b09b2a5c-badc-432a-8159-0f538a0f4efb,17fc695a-07a0-4a6e-8822-e8f36c031199,Ruiz-Austin,BS,3,2023-06-15 09:39:02.826256
66245bfa-4fcc-439a-b683-d2e6337ea2df,6b65a6a4-8b81-48f6-b38a-088ca65ed389,White-Coleman,BG,16,2026-06-12 02:45:58.706254
5f987c71-a65e-488e-abf3-ad39fec21bbe,c241330b-01a9-471f-9e8a-774bcf36d58b,Haynes-Watson,IR,30,2021-12-08 19:01:55.385182
7394988f-847f-49b4-a64d-1bcb702753a1,47378190-96da-4dac-b2ff-5d2a386ecbe0,Ramirez-White,CF,23,2026-03-07 15:28:08.149105
1064005c-3985-43cf-bf76-be1d1efa2197,47378190-96da-4dac-b2ff-5d2a386ecbe0,Krause Ltd,CD,92,2025-04-16 06:20:09.441017
8dcdcd03-969b-4662-8562-8059568cc69b,bdd640fb-0667-4ad1-9c80-317fa3b1799d,Olsen Ltd,LT,5,2023-08-28 13:50:28.955274
01d74256-3860-4ab6-96a4-02f23ae8cc93,47378190-96da-4dac-b2ff-5d2a386ecbe0,Brock-Peters,UG,84,2021-08-27 19:54:12.085708
0f1259e0-a18f-46b6-b535-106e122c9a56,b74d0fb1-32e7-4629-8fad-c1a606cb0fb3,Gonzalez-Marsh,BY,65,2026-04-18 11:57:06.511167
080aadfb-e7c9-4b26-9141-25c63a9bedd4,47378190-96da-4dac-b2ff-5d2a386ecbe0,"Hernandez, Shaffer and Thompson",JP,30,2022-10-30 00:38:26.115745
839fbc50-1223-4513-9496-f63cdc1110c1,6b65a6a4-8b81-48f6-b38a-088ca65ed389,Taylor-Barry,TM,21,2024-10-22 06:29:09.196016
7c441fe7-ab42-40a7-874a-493b3ceddf2d,bdd640fb-0667-4ad1-9c80-317fa3b1799d,"Holmes, Le and Floyd",RO,84,2025-12-16 08:25:17.779418
b92da22b-21df-406f-8a0b-3c3336d8393a,6b65a6a4-8b81-48f6-b38a-088ca65ed389,King-Garrison,FM,70,2025-09-23 05:08:21.018015
93829b43-922f-415a-a1e3-db63ef7ddc76,6b65a6a4-8b81-48f6-b38a-088ca65ed389,Ross Ltd,LS,22,2023-09-17 11:48:39.047497
7914c120-c8dc-419f-be35-11287900f7f9,bd9c66b3-ad3c-4d6d-9a3d-1fa7bc8960a9,Brown LLC,BH,82,2022-02-15 13:38:57.905745
1825bc54-30be-445f-a835-14f2ceb81f9d,bdd640fb-0667-4ad1-9c80-317fa3b1799d,Combs-Davis,CM,72,2022-07-02 22:22:23.326300
5ab33edf-6e59-4ed3-a8b3-17fa18d0752b,6b65a6a4-8b81-48f6-b38a-088ca65ed389,"Cook, Ward and Castro",SZ,32,2022-11-06 13:06:58.951641
dd2467ac-778e-4db3-a93d-ffbc6c6fa611,bd9c66b3-ad3c-4d6d-9a3d-1fa7bc8960a9,Cooper-Jenkins,TV,33,2023-01-22 15:49:00.707515
a748dbcf-ac61-4e63-8dde-29a6baa4b71a,bd9c66b3-ad3c-4d6d-9a3d-1fa7bc8960a9,Dillon-Mccarty,GQ,16,2024-02-11 16:36:00.433623
0f844fef-1931-49ee-a56c-0941fbf24050,bdd640fb-0667-4ad1-9c80-317fa3b1799d,Ray Ltd,SE,76,2025-10-24 23:20:11.634041
ccf3a171-56dc-4907-ba6c-34ab6712303a,17fc695a-07a0-4a6e-8822-e8f36c031199,"Ryan, Krause and Mitchell",SZ,38,2022-10-06 02:14:16.117807
310c0c00-3fa7-4104-9bf9-0e27dc96925e,c241330b-01a9-471f-9e8a-774bcf36d58b,Nunez-Freeman,VC,98,2025-07-16 00:03:43.014463
23e2fcb4-72d8-467d-894a-05e430b187ef,b74d0fb1-32e7-4629-8fad-c1a606cb0fb3,"Griffin, Miller and Austin",BF,14,2023-06-01 09:11:39.301689
766ecb15-474e-4c19-aef9-12766c006f61,c241330b-01a9-471f-9e8a-774bcf36d58b,Welch-Thomas,ME,36,2023-11-28 14:18:30.536165
134c6c92-ec5b-427c-9fde-4fbf3ff350bf,47378190-96da-4dac-b2ff-5d2a386ecbe0,Davidson LLC,GA,97,2025-05-07 04:15:55.447593
db20a56e-dc81-4fe7-8eda-8bbb71710434,b74d0fb1-32e7-4629-8fad-c1a606cb0fb3,Welch-Duncan,SI,23,2023-09-23 21:39:55.115715
a6f2f7b8-0cf3-4b58-9910-8be58ce21ea3,47378190-96da-4dac-b2ff-5d2a386ecbe0,Miller LLC,CV,66,2025-04-11 21:16:09.374029
03c72ba8-d605-4770-8a63-f881ffd0f9d5,6b65a6a4-8b81-48f6-b38a-088ca65ed389,Edwards Ltd,TJ,85,2025-06-08 07:12:39.110523
c0e9ab30-ed26-42e9-97e0-11b7f8102383,23b8c1e9-3924-46de-beb1-3b9046685257,Page-Jacobs,SZ,2,2022-12-05 13:01:58.122782
680ac07a-2a93-4d62-bc83-5dc0d9441fa5,bdd640fb-0667-4ad1-9c80-317fa3b1799d,Nelson-Wallace,SA,91,2024-11-25 03:15:22.386189
dd59ba71-36b8-4481-bb3a-4e3e7c52fa17,b74d0fb1-32e7-4629-8fad-c1a606cb0fb3,Adkins-Meyer,CR,73,2024-07-26 02:44:38.818522
2a25a888-0f02-4ad0-a706-7ef466aa9385,b74d0fb1-32e7-4629-8fad-c1a606cb0fb3,Gutierrez-White,GR,65,2026-02-03 07:57:21.407086
63f2ae24-fc3d-4348-808d-4127610461e3,6b65a6a4-8b81-48f6-b38a-088ca65ed389,Martinez and Sons,GQ,75,2024-12-07 11:54:58.325670
c8fe3ccd-c8b8-49c6-ad30-49cf43e458fc,17fc695a-07a0-4a6e-8822-e8f36c031199,"King, Manning and Brady",DZ,67,2022-11-27 22:04:24.738423
b253d218-6c4a-47ea-8906-17f2747b6dba,bd9c66b3-ad3c-4d6d-9a3d-1fa7bc8960a9,Jackson Inc,DE,52,2023-07-31 13:11:44.335860
c88a618e-fed4-457d-bb02-6576f512c4c3,6b65a6a4-8b81-48f6-b38a-088ca65ed389,Brown Group,KI,62,2021-08-21 03:17:29.631588
7c967f79-b7e9-4aca-a970-65e18e46d534,9a1de644-815e-46d1-bb8f-aa1837f8a88b,"Brown, Wise and Warren",YE,23,2023-08-13 14:13:22.945276
37bb3eec-4bf5-4b52-b09d-258c27a0c3d7,bd9c66b3-ad3c-4d6d-9a3d-1fa7bc8960a9,Garcia PLC,KR,26,2022-03-11 22:23:30.827468
bc594585-9445-48c0-8ef8-c2d6f7fd5646,bdd640fb-0667-4ad1-9c80-317fa3b1799d,Miller Group,WS,68,2022-11-17 15:29:14.234375
504867ba-bf7b-439b-8f9a-ea4b8acd4e10,bd9c66b3-ad3c-4d6d-9a3d-1fa7bc8960a9,Perez-Rojas,AF,82,2024-07-15 23:47:45.374174
7a0ecfea-958c-49ba-8cd6-20c20ea2622b,17fc695a-07a0-4a6e-8822-e8f36c031199,Sims-Anderson,RU,55,2026-06-04 03:17:03.160499
87f7e1fb-da4b-49ca-ab5c-f46780bacd64,bd9c66b3-ad3c-4d6d-9a3d-1fa7bc8960a9,Johnson Ltd,VU,6,2023-02-18 23:24:25.120761
82010c62-f5f5-4b22-8e8f-a8e0284d82e5,bdd640fb-0667-4ad1-9c80-317fa3b1799d,Dalton-Nguyen,FM,35,2022-08-26 03:12:50.574558
118a9d29-2f92-4996-99f1-95d014822f53,17fc695a-07a0-4a6e-8822-e8f36c031199,Mcdonald-Pitts,FR,22,2021-08-19 22:58:37.352938
dca02eec-acda-4acc-9165-e21098543881,c241330b-01a9-471f-9e8a-774bcf36d58b,Dunn-Taylor,CI,43,2023-03-02 18:04:41.427645
f10c718b-1eb0-438a-a75d-d5af3c365296,b74d0fb1-32e7-4629-8fad-c1a606cb0fb3,"Ryan, Garza and Bryant",BJ,15,2021-11-11 07:44:29.011289
94340a03-3f07-4814-91d6-3f78e3e9de99,b74d0fb1-32e7-4629-8fad-c1a606cb0fb3,"Fields, Elliott and Mills",AD,86,2022-12-25 14:09:48.608090
14fcdd54-9e8f-4965-8a2c-827e98326856,47378190-96da-4dac-b2ff-5d2a386ecbe0,"Ferguson, Stout and Olson",DE,60,2025-02-07 06:26:27.347216
90b2b633-956b-4c0c-a849-9b926b5252e3,c241330b-01a9-471f-9e8a-774bcf36d58b,Ballard Group,UY,12,2025-09-05 04:11:00.062388
42c18a62-ef48-48d5-90fd-9d3f85d51695,c241330b-01a9-471f-9e8a-774bcf36d58b,Diaz-Green,CL,49,2024-06-25 14:26:05.401941
506e5a9a-b758-488d-ab73-295b344a54b8,bd9c66b3-ad3c-4d6d-9a3d-1fa7bc8960a9,Smith-Mills,SK,42,2024-09-19 04:11:11.697285
21813d25-6552-48a6-83ff-50113d1a85dd,b74d0fb1-32e7-4629-8fad-c1a606cb0fb3,Cooper Group,BY,38,2023-03-10 07:40:07.749087
750cab75-4ccc-4bc2-a53f-8a28abf3e3fc,bdd640fb-0667-4ad1-9c80-317fa3b1799d,"Smith, Weeks and Arroyo",HU,82,2023-06-28 09:59:50.954269
ef8c485b-c07a-40f2-add4-253b50f0fd0a,972a8469-1641-4f82-8b9d-2434e465e150,Evans-Cannon,GA,45,2026-03-12 02:04:00.872665
9f044aed-7552-4327-8262-7f7312922f83,972a8469-1641-4f82-8b9d-2434e465e150,Harper-Robles,CA,35,2021-08-09 21:40:07.956381
19985f15-ff00-4d4d-9020-59e4ff9ab5c2,17fc695a-07a0-4a6e-8822-e8f36c031199,"Brooks, Jenkins and Castro",PY,30,2023-03-31 22:46:31.786222
8181a8cc-3691-47eb-89a2-688b12c136e0,b74d0fb1-32e7-4629-8fad-c1a606cb0fb3,Wright-Espinoza,AR,88,2023-04-11 11:40:56.770646
5958a499-eeea-463e-a1e8-ac6843e42caf,b74d0fb1-32e7-4629-8fad-c1a606cb0fb3,"Price, Gray and Baker",SD,30,2023-10-07 11:38:20.097084
3e896c64-e117-4ac3-919c-4ea3e1805081,972a8469-1641-4f82-8b9d-2434e465e150,Garrett-Black,PA,78,2023-11-08 13:28:09.685995
702cdd20-2862-48b8-88f4-ef125e9953d2,b74d0fb1-32e7-4629-8fad-c1a606cb0fb3,"Aguirre, Cohen and Mitchell",MX,6,2025-04-04 00:51:54.728797
4d71c366-b41b-4143-8b10-550cd5704f32,bd9c66b3-ad3c-4d6d-9a3d-1fa7bc8960a9,"Patel, Adams and Lopez",BG,67,2022-08-06 14:50:48.262295
ce9e1a11-fcbb-4e59-bbdd-cf7c9c96e9ec,9a1de644-815e-46d1-bb8f-aa1837f8a88b,White LLC,CM,80,2025-01-12 03:19:40.615290
aaf91531-0200-41f0-8768-a84fa76afde6,23b8c1e9-3924-46de-beb1-3b9046685257,Walsh PLC,KG,7,2024-11-27 23:01:45.020454
ee87905e-4ca4-45ea-8dfa-6a56d12dbc9a,c241330b-01a9-471f-9e8a-774bcf36d58b,Nelson-Dean,NA,52,2022-10-27 21:33:43.864833
e0ccedc5-f05d-476e-9a84-a51aa9d3d7c7,47378190-96da-4dac-b2ff-5d2a386ecbe0,Flores and Sons,RO,14,2021-09-14 21:03:53.686216
e3c43657-1d8c-4bac-83b4-09ef2260e70f,17fc695a-07a0-4a6e-8822-e8f36c031199,Booker Inc,ER,73,2025-10-21 09:47:02.337484
27cb6f2a-8da0-4097-be0f-051b1b66b5a9,9a1de644-815e-46d1-bb8f-aa1837f8a88b,Compton LLC,GW,15,2026-05-20 05:01:37.188205
35ebd32d-9ad6-40ab-8821-2ddb45b89cd9,972a8469-1641-4f82-8b9d-2434e465e150,Martinez-Gonzales,ST,21,2024-09-12 23:40:06.018466
afffcfd2-341e-440b-97c7-00aab7b56ea7,c241330b-01a9-471f-9e8a-774bcf36d58b,Hall and Sons,IL,35,2024-05-08 01:05:45.341348
81627cf1-4394-42e6-9a58-7e8aa25d6b29,b74d0fb1-32e7-4629-8fad-c1a606cb0fb3,Snyder LLC,VA,66,2023-04-09 12:54:42.276641
e87d1c78-e7c4-41c7-8049-7b717d106c60,47378190-96da-4dac-b2ff-5d2a386ecbe0,Collins-Lloyd,KZ,91,2022-07-31 23:34:57.406952
a2607723-17a0-4f49-8d01-280fd89a40c0,b74d0fb1-32e7-4629-8fad-c1a606cb0fb3,Ford-Moody,OM,2,2026-06-20 12:28:17.799215
0b49452d-46d4-43f3-9450-281c6c6f7633,bdd640fb-0667-4ad1-9c80-317fa3b1799d,Miller-Christensen,KM,35,2023-05-23 04:04:51.414343
217d65a0-c568-41cd-9563-f61600e85ece,bdd640fb-0667-4ad1-9c80-317fa3b1799d,Brown Group,VE,82,2023-01-01 21:06:58.564392
295d6fbf-430f-401d-bad4-09e2a319dcb4,47378190-96da-4dac-b2ff-5d2a386ecbe0,Daniels and Sons,CM,78,2023-02-13 19:45:08.649369
b4a69f3c-8d3a-4d99-b11c-21c9bdc14f1f,47378190-96da-4dac-b2ff-5d2a386ecbe0,Huang LLC,NR,20,2024-11-30 17:26:53.386056
1ca3c448-0279-46a6-8f97-97b06d7ce3c9,972a8469-1641-4f82-8b9d-2434e465e150,Clayton-Martinez,CY,82,2021-09-09 22:38:31.347982
b0e6a969-e213-42b0-b1ee-dba313432e61,47378190-96da-4dac-b2ff-5d2a386ecbe0,"Wright, Wise and Ramos",ZW,10,2024-09-01 01:50:40.923365
093923de-8bab-4e3b-a628-6bfbe767dcea,bd9c66b3-ad3c-4d6d-9a3d-1fa7bc8960a9,"Vang, Gonzalez and Moss",AO,25,2022-05-18 10:37:37.257478
8d7248e2-951f-48d0-9e84-f058d5a804eb,b74d0fb1-32e7-4629-8fad-c1a606cb0fb3,Boyd and Sons,ER,66,2023-04-21 02:13:28.911628
0ab54bde-20a0-4502-ae06-809725e97977,9a1de644-815e-46d1-bb8f-aa1837f8a88b,Price-Ali,CV,25,2023-09-14 00:20:21.337603
eededb07-e623-4689-9d59-cd2a4eea04e7,6b65a6a4-8b81-48f6-b38a-088ca65ed389,Moore-Chandler,CH,54,2026-07-10 12:42:50.717139
0a368ce7-dc57-4131-b8e1-daa7cbceabde,47378190-96da-4dac-b2ff-5d2a386ecbe0,"Pineda, Meyer and King",KM,33,2021-08-29 16:49:19.663100
ae9bec36-35c7-436c-9b99-62c6e61fecc0,17fc695a-07a0-4a6e-8822-e8f36c031199,"Evans, Ward and Williams",GY,36,2026-05-30 11:56:05.242018
5a8aaeca-1a50-4ec3-aabc-25fa3fe12e47,bdd640fb-0667-4ad1-9c80-317fa3b1799d,"Robinson, Rodriguez and Chen",DO,95,2024-04-29 02:56:14.990765
dfed2c43-e256-46dc-8f54-86b7c7b5b2bc,bd9c66b3-ad3c-4d6d-9a3d-1fa7bc8960a9,Smith-Bauer,SE,14,2023-12-31 04:08:50.989422
bfddc3d9-9ee3-4c2a-b94d-62046808593f,c241330b-01a9-471f-9e8a-774bcf36d58b,"Wilson, Mccormick and Smith",SZ,65,2022-09-19 14:17:43.787277
3c9ad14c-ee0c-4eb5-acfe-db992790cebd,6b65a6a4-8b81-48f6-b38a-088ca65ed389,Perkins Ltd,ME,80,2026-02-24 04:54:48.561685
ccc56569-f9e8-4369-a999-b735dd56cc94,9a1de644-815e-46d1-bb8f-aa1837f8a88b,Barker-Moore,ST,54,2022-03-15 11:00:03.733734
698c206f-e1a4-4e10-ad53-4dd0cf8ebc5a,6b65a6a4-8b81-48f6-b38a-088ca65ed389,Wright Group,FR,52,2024-07-30 16:16:47.799697
ecab3301-bc8f-4d29-adea-94930658663a,47378190-96da-4dac-b2ff-5d2a386ecbe0,Parks LLC,PY,3,2025-10-16 14:47:58.923892
696608aa-ee49-4329-884a-7b28550a1b46,972a8469-1641-4f82-8b9d-2434e465e150,"Brown, Kelly and Moore",QA,99,2022-01-11 01:22:18.230371
bc2cbb0d-dd33-4cc7-ab7f-089acd5f4822,bdd640fb-0667-4ad1-9c80-317fa3b1799d,"Moody, Martinez and Hall",JP,41,2022-08-20 14:55:31.334851
28c13091-444d-410b-bf87-e362cf8d446a,bdd640fb-0667-4ad1-9c80-317fa3b1799d,"Kramer, Sherman and Trujillo",JP,6,2026-07-03 18:46:10.424190
61ee411a-1bac-47a7-b386-f7a4c991603f,c241330b-01a9-471f-9e8a-774bcf36d58b,Quinn-Smith,TL,25,2024-05-25 05:55:53.936168
787f2425-dbcc-4477-89e9-db0adf465290,972a8469-1641-4f82-8b9d-2434e465e150,Howard-Taylor,BZ,13,2022-06-09 03:40:10.676638
eb1fa9f2-d10b-41d0-b317-347038f16a81,b74d0fb1-32e7-4629-8fad-c1a606cb0fb3,Washington Group,TZ,98,2022-05-04 12:47:32.561216
d20eac17-4e20-4d1a-9983-36e375d66ed4,23b8c1e9-3924-46de-beb1-3b9046685257,"Phillips, Terry and Lopez",SA,8,2025-06-06 20:50:10.266961
39118497-3a43-42ba-9f0f-06cbcb9bc326,bd9c66b3-ad3c-4d6d-9a3d-1fa7bc8960a9,Stephens LLC,MN,21,2025-03-20 05:23:38.847795
6601ddd0-3170-4437-a8f7-ef5a060edf5b,bdd640fb-0667-4ad1-9c80-317fa3b1799d,"Mcdonald, Dillon and George",TL,98,2023-07-20 11:19:03.956140
11c58ef0-dd46-4c09-8752-87aa5408f9ac,17fc695a-07a0-4a6e-8822-e8f36c031199,"Martin, Schmidt and Cole",IS,68,2023-08-02 23:38:12.185312
59e4b671-4774-4c58-85f8-bc16f7860b50,bdd640fb-0667-4ad1-9c80-317fa3b1799d,Weaver-Gibson,MX,25,2025-04-19 22:36:13.324995
adf4e62d-6651-429e-8268-690ba43825b5,6b65a6a4-8b81-48f6-b38a-088ca65ed389,"Hunter, Gross and Andrade",MV,79,2023-08-20 15:11:23.603422
54c63cd8-8945-4f27-97fa-2d8dfb2ca025,bdd640fb-0667-4ad1-9c80-317fa3b1799d,"Vincent, Parsons and Allen",MC,68,2024-07-16 07:12:24.561668
e08596db-1d87-4966-8710-d430f071d879,bdd640fb-0667-4ad1-9c80-317fa3b1799d,"Brown, Coffey and Fuentes",CD,45,2023-02-21 05:56:04.264868
94a1875d-2db6-4edb-82de-ffccf86c2ca2,23b8c1e9-3924-46de-beb1-3b9046685257,Warren Group,PL,60,2023-05-12 04:22:22.744266
09cb3942-43f5-4a85-bbc9-f87af668a617,23b8c1e9-3924-46de-beb1-3b9046685257,"Moore, Campbell and Ortiz",NI,12,2022-01-26 20:53:00.017025
587ef344-6f3f-420c-98b8-e4cc1bc044fc,9a1de644-815e-46d1-bb8f-aa1837f8a88b,Rodriguez-Mills,NO,32,2025-12-19 16:44:17.103054
6fb78271-504d-481f-8953-5b63ba81edd9,b74d0fb1-32e7-4629-8fad-c1a606cb0fb3,Williams and Sons,CY,96,2026-05-06 13:00:11.247130
1d9af659-82ec-4f2d-bbf6-e16f9b3080d5,17fc695a-07a0-4a6e-8822-e8f36c031199,Russo and Sons,AT,92,2025-05-09 01:35:17.374153
30a900ad-939b-462d-a645-f129629c2ae3,bdd640fb-0667-4ad1-9c80-317fa3b1799d,Washington Inc,JM,13,2023-02-18 06:33:49.179381
6fa17735-b572-43d0-8b5c-ea6a41357e8c,bdd640fb-0667-4ad1-9c80-317fa3b1799d,Duncan Group,PK,31,2024-03-22 02:45:11.852188
ce777f00-ecf2-4e76-8519-7ff4006ed6e3,bd9c66b3-ad3c-4d6d-9a3d-1fa7bc8960a9,"Burns, Hanson and Garza",CL,78,2023-07-04 03:21:01.954199
f0b5156b-b82c-4074-afd5-dea589d7fd6c,23b8c1e9-3924-46de-beb1-3b9046685257,Diaz PLC,TM,20,2025-11-02 18:16:54.711378
3270e4fa-abae-4f43-bcae-8081bdf070aa,17fc695a-07a0-4a6e-8822-e8f36c031199,"Jones, Conrad and Clark",MW,18,2024-01-07 14:48:30.532070
f2e9702d-11e9-4daa-ae69-81a35d3d9e56,c241330b-01a9-471f-9e8a-774bcf36d58b,Hebert-Collier,AG,93,2023-11-12 03:39:13.976204
9f871ce7-5487-4d4f-abb7-a385aa0b7b14,9a1de644-815e-46d1-bb8f-aa1837f8a88b,Owen-Brown,TT,60,2025-09-03 15:31:07.658152
1fe771d6-d917-4793-a9d3-c2e6505cc686,b74d0fb1-32e7-4629-8fad-c1a606cb0fb3,"Paul, Zamora and Short",KI,63,2023-10-16 17:58:34.923455
81d2c7de-4ce1-4b90-a669-7833b841d0a0,972a8469-1641-4f82-8b9d-2434e465e150,"Brown, Jensen and Rice",AU,6,2026-03-01 04:45:12.718497
5380b904-688c-4015-aab9-7e494f2d4796,b74d0fb1-32e7-4629-8fad-c1a606cb0fb3,"Jones, Torres and Blackburn",KH,32,2022-06-07 08:01:27.981978
8dedf9fb-4bb0-4f20-b27c-40266703b636,6b65a6a4-8b81-48f6-b38a-088ca65ed389,"Davis, Hardy and Schmidt",CF,93,2022-12-26 15:25:50.611571
aa38d0a1-6ba2-4efe-b11c-6eb62095eef6,bdd640fb-0667-4ad1-9c80-317fa3b1799d,Lee Ltd,KM,43,2024-03-16 16:57:40.287231
bf85bf0e-ad64-456c-a10f-aa3ff0bbac67,9a1de644-815e-46d1-bb8f-aa1837f8a88b,Hudson and Sons,VN,2,2023-03-20 00:05:08.282765
91b0e1d9-9d92-42af-ac8d-0e44e71e43a6,6b65a6a4-8b81-48f6-b38a-088ca65ed389,"Curry, Perry and Garcia",PA,60,2023-11-12 08:22:02.733136
d56f0350-8c45-4ce2-a7f4-8ad54d0b0d1a,17fc695a-07a0-4a6e-8822-e8f36c031199,"Ray, Craig and Park",BB,23,2022-05-28 13:16:44.980547
35ce8841-4973-4d6c-8dca-bfb7001a9a8b,972a8469-1641-4f82-8b9d-2434e465e150,Andrade-Jackson,MH,83,2026-01-29 19:53:41.894547
9b4e2c24-9479-41e6-8927-7d9b6e0d2648,23b8c1e9-3924-46de-beb1-3b9046685257,Pierce PLC,CU,31,2023-06-18 00:46:58.967396
7118e364-7709-4749-927e-ecfaa79ac9aa,9a1de644-815e-46d1-bb8f-aa1837f8a88b,Sandoval-Ferguson,PT,5,2024-10-22 15:38:15.620213
82dc4c8e-36b5-429a-acf5-e81e71316269,9a1de644-815e-46d1-bb8f-aa1837f8a88b,"Ramos, Gomez and Edwards",RS,83,2026-06-01 02:57:23.686208
f5b78cc7-e6b3-4944-8b32-3e357922bac2,bdd640fb-0667-4ad1-9c80-317fa3b1799d,Kirk-Gutierrez,PK,34,2023-08-06 05:32:51.280454
a8aa7158-2b70-4525-bc67-f831cbc84759,47378190-96da-4dac-b2ff-5d2a386ecbe0,"Jordan, Swanson and Franklin",IS,10,2024-09-22 04:15:01.558279
a9f25336-83f4-49a9-88a6-39d015b52908,9a1de644-815e-46d1-bb8f-aa1837f8a88b,"Gardner, Brooks and Pierce",AG,89,2024-08-21 03:27:12.559918
17e8392a-55ce-45db-9e87-e04ca2086977,bd9c66b3-ad3c-4d6d-9a3d-1fa7bc8960a9,"King, Nixon and West",DJ,2,2022-03-28 00:18:31.694427
3c20592f-c04a-46c4-b3b6-3fe1d1843324,972a8469-1641-4f82-8b9d-2434e465e150,Smith-Johnson,MK,11,2024-08-23 01:13:30.413428
ce7ae7f6-3982-4cff-8f77-a665ac3c5640,972a8469-1641-4f82-8b9d-2434e465e150,Larson-Holmes,SC,50,2026-07-16 03:53:02.454484
0bd4a990-0640-4e0f-a5b8-fd4b32fa2de8,bd9c66b3-ad3c-4d6d-9a3d-1fa7bc8960a9,Smith-Joyce,SC,31,2024-07-16 21:12:57.287651
9c7c7377-79a2-4903-bbe3-3b243eae0032,c241330b-01a9-471f-9e8a-774bcf36d58b,Foley Inc,GE,56,2025-03-16 00:01:49.908839
74962764-12a4-4ef0-84bb-b7a9d98868dd,bd9c66b3-ad3c-4d6d-9a3d-1fa7bc8960a9,"Short, Ellison and Dixon",MG,79,2026-04-09 14:30:41.868788
935f2b0a-a138-4ddc-a2d9-de5d6a18ce4c,bd9c66b3-ad3c-4d6d-9a3d-1fa7bc8960a9,"Howe, Moore and Johnson",MA,73,2023-03-03 12:06:45.642683
624c69b6-b244-45a7-b7e5-848131c681ec,972a8469-1641-4f82-8b9d-2434e465e150,Moore-Baker,SL,87,2022-10-17 09:27:56.983329
25c73c44-3e75-43b4-a64f-a6637e8f8095,b74d0fb1-32e7-4629-8fad-c1a606cb0fb3,"Wright, Scott and Evans",MW,83,2024-05-22 14:52:03.965801
e4855aa1-016b-4287-b008-05cca7f36ae9,972a8469-1641-4f82-8b9d-2434e465e150,"Ross, Hardin and Navarro",SG,9,2023-11-26 18:16:00.609759
e2add909-c521-4f2d-9c45-d539c03f3538,47378190-96da-4dac-b2ff-5d2a386ecbe0,"Nguyen, Olson and Freeman",BI,99,2021-12-31 01:48:44.719416
3805f907-6cd6-4193-8746-8f591b494e15,bdd640fb-0667-4ad1-9c80-317fa3b1799d,"Warner, Weiss and Davis",EC,21,2023-05-25 04:29:16.715342
b227462c-f53d-4330-8dda-24ba2d06e8cf,6b65a6a4-8b81-48f6-b38a-088ca65ed389,"Evans, Cross and Johnston",TD,73,2025-04-04 18:08:35.963827
8eb22579-0cdb-4ca4-b6ec-bdd68498e113,b74d0fb1-32e7-4629-8fad-c1a606cb0fb3,Deleon LLC,CZ,28,2025-12-17 10:09:15.496309
1f115b76-d92c-4227-aadf-50853fcb7546,23b8c1e9-3924-46de-beb1-3b9046685257,Hobbs-Hamilton,MH,62,2024-10-24 11:59:01.704920
76f2dbfe-cd29-436f-a222-82e174daaebf,6b65a6a4-8b81-48f6-b38a-088ca65ed389,Kane and Sons,TD,7,2024-04-21 02:52:26.745430
8f15ba58-fce6-4504-87f8-424daae65fc1,bdd640fb-0667-4ad1-9c80-317fa3b1799d,"Delgado, Guzman and Smith",WS,80,2025-11-10 18:19:33.075945
c1581092-f335-4ba3-913a-7052986f9025,47378190-96da-4dac-b2ff-5d2a386ecbe0,"Reyes, Torres and Williams",TM,16,2025-10-17 18:53:10.314609
d0a44432-9cd6-4852-b14c-7df4e4347d51,47378190-96da-4dac-b2ff-5d2a386ecbe0,"Cunningham, Murphy and Wolfe",LU,97,2022-05-08 15:55:20.674782
6d3ee1dc-8139-4443-a45b-712eb8225688,23b8c1e9-3924-46de-beb1-3b9046685257,Williams Ltd,PK,4,2023-05-22 22:30:31.809402
722764e6-8c41-461b-a827-a1b9d4a02e53,b74d0fb1-32e7-4629-8fad-c1a606cb0fb3,Maddox-Mullins,VC,4,2025-12-01 05:43:51.799174
dc8aee30-be60-43f7-a8be-9288e5af6e39,c241330b-01a9-471f-9e8a-774bcf36d58b,"Wagner, Walker and Roberts",CU,40,2022-06-02 22:09:00.335560
c074718e-425a-409f-b337-c59979844388,bd9c66b3-ad3c-4d6d-9a3d-1fa7bc8960a9,Hernandez-Rogers,IT,17,2026-03-25 08:37:22.880753
46fde062-a33d-47af-9701-410d3f4b1a70,b74d0fb1-32e7-4629-8fad-c1a606cb0fb3,Duncan-Williams,KM,52,2026-02-24 14:05:29.016740
7c0e8cd8-8573-4793-8715-b2b9c40c5d91,c241330b-01a9-471f-9e8a-774bcf36d58b,Baker-Ross,KI,93,2023-02-27 07:28:37.180882
709b7d97-464c-44af-bd3f-3799a07295e9,47378190-96da-4dac-b2ff-5d2a386ecbe0,Ayala-Anderson,MX,52,2023-01-03 23:54:29.826096
3c07c574-4925-4af1-b6aa-e05b13d5f2f7,972a8469-1641-4f82-8b9d-2434e465e150,Castillo and Sons,BJ,36,2026-01-06 09:20:32.472989
e49d681d-51d8-4c64-95fa-1ab8458f1f19,bdd640fb-0667-4ad1-9c80-317fa3b1799d,Foster-Duncan,KH,38,2022-07-30 23:44:33.986918
269cd696-236c-4b87-94a0-bccb8a476a87,23b8c1e9-3924-46de-beb1-3b9046685257,"Gilbert, Fitzgerald and Sanchez",RO,50,2023-11-07 03:48:37.485981
271e3ee2-b1a6-41f1-a20e-99d33b33f3d8,bdd640fb-0667-4ad1-9c80-317fa3b1799d,Adams Group,MT,63,2022-10-08 10:58:37.836977
6a34c854-1071-4d51-b6c5-9dacb4d7e28e,17fc695a-07a0-4a6e-8822-e8f36c031199,Cohen-Johnston,PW,63,2024-07-23 14:32:30.113625
7746d0ba-8ae8-405b-94b4-a48268586eba,17fc695a-07a0-4a6e-8822-e8f36c031199,Powers Group,UZ,62,2026-06-29 08:48:36.020905
d5385b0e-34f3-493c-8ff0-a55c6a702e2f,b74d0fb1-32e7-4629-8fad-c1a606cb0fb3,Bailey-Flores,KM,99,2025-07-11 23:36:53.253531
c51155ff-e7a3-4e81-a3b4-c08b6b8e869f,47378190-96da-4dac-b2ff-5d2a386ecbe0,"Rios, Carrillo and Jackson",EG,7,2026-05-29 11:45:03.169654
05000bc6-b20d-4b6e-b231-1f1795863a76,47378190-96da-4dac-b2ff-5d2a386ecbe0,Jensen-Branch,TR,27,2024-01-17 10:40:58.886546
9360715f-c3fe-4183-a172-b725db52ca58,bd9c66b3-ad3c-4d6d-9a3d-1fa7bc8960a9,Hanson-Alexander,KN,92,2022-02-05 22:45:12.320411
f1578470-0182-47c4-ba1b-58066160a6b4,bd9c66b3-ad3c-4d6d-9a3d-1fa7bc8960a9,Gonzalez LLC,SD,86,2024-07-24 23:45:19.996959
63d62a39-c0e3-4efd-8c71-e0fe5a0cdd7c,bd9c66b3-ad3c-4d6d-9a3d-1fa7bc8960a9,Todd Inc,KM,14,2023-03-14 21:33:26.098625
d5f25073-f414-42b1-a442-9ebbda7b9095,972a8469-1641-4f82-8b9d-2434e465e150,Singh and Sons,SL,71,2026-02-22 08:11:15.680076
bc10fa52-bf5d-4fdf-89c8-d2ab6b44fa8d,6b65a6a4-8b81-48f6-b38a-088ca65ed389,"Mcintosh, Melton and Wilkins",IL,86,2022-05-04 19:19:32.952685
e5d6f6e6-9a6e-42f5-8cc4-29038bcf53a1,9a1de644-815e-46d1-bb8f-aa1837f8a88b,Cooper Inc,CO,5,2023-11-09 01:04:12.010832
45df16b6-382c-443f-bcfc-9b793875394c,6b65a6a4-8b81-48f6-b38a-088ca65ed389,Cole-Johnson,MC,55,2026-05-10 14:56:38.775023
638c254c-076e-4bba-bc53-08bf6f92f25e,bdd640fb-0667-4ad1-9c80-317fa3b1799d,Singh and Sons,LI,2,2021-07-30 12:32:59.592846
cc530e36-addc-4e13-ab3b-4d37560c95ee,6b65a6a4-8b81-48f6-b38a-088ca65ed389,Payne LLC,TZ,62,2021-09-14 23:31:18.775392
d72b6108-2a40-4f12-b963-f37f67814c1f,972a8469-1641-4f82-8b9d-2434e465e150,"Webb, Blair and Thomas",TT,91,2024-12-05 01:21:59.321153
fb10987f-20ac-4703-ab67-146a77a6e17c,bdd640fb-0667-4ad1-9c80-317fa3b1799d,"Barnett, Bennett and Escobar",MG,21,2025-11-17 09:10:50.821194
e82c7d7b-06e7-45f9-88bc-539c9f4c3b79,6b65a6a4-8b81-48f6-b38a-088ca65ed389,"Williams, Jackson and Campbell",TV,79,2026-07-09 23:56:49.894013
a9ba5a27-907b-4e36-9786-48f864de82e6,972a8469-1641-4f82-8b9d-2434e465e150,"Williamson, Brown and Pena",VN,21,2025-11-08 10:41:37.962239
6db99102-a48b-4dbe-957d-94a106f028ff,9a1de644-815e-46d1-bb8f-aa1837f8a88b,Jones Ltd,NA,10,2021-11-23 10:54:10.454946
2e85cb21-7631-4e9d-9de9-f86322bd3388,6b65a6a4-8b81-48f6-b38a-088ca65ed389,Alvarado-Durham,BJ,87,2023-08-18 15:23:58.709529
53cd6268-610c-4373-8299-9aa40cdf742b,972a8469-1641-4f82-8b9d-2434e465e150,Lin-Smith,BD,58,2022-11-04 19:37:56.660892
56666f9f-53ac-4ab9-b467-2cd9362f5e5c,bd9c66b3-ad3c-4d6d-9a3d-1fa7bc8960a9,"Hughes, Whitney and Romero",AT,39,2025-02-14 11:15:24.196546
473bd358-610e-4a64-a130-1617c2dff335,47378190-96da-4dac-b2ff-5d2a386ecbe0,"Garcia, Stewart and Delacruz",ES,5,2022-02-23 21:21:26.114363
6bebac31-d4f8-4d72-b382-1cfdc083b73a,bd9c66b3-ad3c-4d6d-9a3d-1fa7bc8960a9,"Miller, Gonzalez and Rasmussen",DJ,65,2025-06-05 04:09:23.117291
78660765-14f7-4e8d-95bc-b8d04094dded,47378190-96da-4dac-b2ff-5d2a386ecbe0,"House, Smith and Wright",HT,13,2024-10-11 16:00:42.308581
0d557b61-8a17-4dfe-bfc0-0dc804f64d86,23b8c1e9-3924-46de-beb1-3b9046685257,"Torres, Burns and Garner",BY,85,2024-03-19 10:55:41.423873
39669fa7-5997-4043-b3b1-025bfff9f585,23b8c1e9-3924-46de-beb1-3b9046685257,Reed LLC,TL,90,2021-08-30 06:29:13.792594
f510ab53-c7fe-439f-9190-f938a66fd7f7,23b8c1e9-3924-46de-beb1-3b9046685257,Garrett-Young,CD,85,2023-12-13 00:04:51.799135
07f194f9-c115-4d6d-8a4e-5b70a6d964a3,9a1de644-815e-46d1-bb8f-aa1837f8a88b,"Hill, Brown and Scott",SB,53,2025-03-04 19:57:46.451643
d6d7b3b8-3309-4d35-bf4d-f561f319c125,bd9c66b3-ad3c-4d6d-9a3d-1fa7bc8960a9,Zamora-Briggs,GD,82,2023-01-03 23:04:56.486615
3d114802-2702-478b-9f0f-da8d05379ff6,47378190-96da-4dac-b2ff-5d2a386ecbe0,Raymond LLC,PY,45,2023-07-15 12:06:48.199847
1d48a071-ab61-47b1-b93b-4c3220500494,972a8469-1641-4f82-8b9d-2434e465e150,Hernandez Group,LI,32,2025-08-27 15:58:31.404879
770c7798-37cc-463b-b2a0-345990604f62,bdd640fb-0667-4ad1-9c80-317fa3b1799d,"Taylor, Blair and Meyer",PS,36,2025-05-21 20:45:26.023399
5e6fea07-c453-4f1d-8199-2fdfb31022f0,972a8469-1641-4f82-8b9d-2434e465e150,"Salazar, Garrett and Perez",HT,81,2023-05-12 13:04:36.382867
f6b751f7-9b74-4245-9b1b-c8952af43ab7,bdd640fb-0667-4ad1-9c80-317fa3b1799d,Berry Group,ES,99,2025-02-15 15:39:35.430049
c71d5e60-1d52-46ab-b7e6-427cbf780e3f,17fc695a-07a0-4a6e-8822-e8f36c031199,Browning-Murphy,GW,60,2024-02-07 03:54:36.957387
4fa03f26-f6f7-40cc-a9ec-8e49d1bdb8c0,972a8469-1641-4f82-8b9d-2434e465e150,"Anderson, Delgado and Carpenter",CA,11,2024-10-16 07:21:26.237505
edcb8cb6-0692-4c63-9424-aed51bac5c15,6b65a6a4-8b81-48f6-b38a-088ca65ed389,"Mcbride, Huffman and Parker",EC,63,2023-09-08 15:23:01.696453
e87466d7-ad66-41bd-9367-6a024fdc6e1b,6b65a6a4-8b81-48f6-b38a-088ca65ed389,"Roach, Browning and Jordan",ZA,21,2022-03-01 12:07:30.797648
f1043785-658b-4523-a014-1de9f54ad0a2,b74d0fb1-32e7-4629-8fad-c1a606cb0fb3,Douglas PLC,MV,52,2022-04-10 13:09:16.646038
9793b9b4-1374-4146-b2c5-bd89b70b3420,bd9c66b3-ad3c-4d6d-9a3d-1fa7bc8960a9,Stewart PLC,TW,55,2022-11-09 07:52:58.940489
3e2b6091-a092-452a-94a0-57a7b0cc1b3b,bdd640fb-0667-4ad1-9c80-317fa3b1799d,"Fry, Wilson and Stewart",NL,26,2025-09-01 23:38:28.947006
4d3485c5-c5c1-4eb4-b27b-3d901a16342c,bdd640fb-0667-4ad1-9c80-317fa3b1799d,Acosta LLC,BI,68,2025-04-24 03:16:32.389861
ce3714af-99b4-4350-af2b-99b4d9acd158,bd9c66b3-ad3c-4d6d-9a3d-1fa7bc8960a9,Ali-Turner,BH,34,2022-02-07 02:12:33.817274
90e0f4a0-fbdd-4933-8bd5-8bf61efd76e9,9a1de644-815e-46d1-bb8f-aa1837f8a88b,"Peck, Shannon and Mahoney",VA,52,2022-05-22 11:53:24.640355
8861fe18-58e2-4888-8a83-81bec85aca46,b74d0fb1-32e7-4629-8fad-c1a606cb0fb3,Hernandez-Lopez,ID,82,2023-08-10 23:28:10.555552
11a72609-5edd-4bbf-a959-76636daa2e68,9a1de644-815e-46d1-bb8f-aa1837f8a88b,Lopez PLC,CI,99,2023-03-30 13:24:22.581343
033d2bce-575a-4d2c-a5c5-650c8186a576,9a1de644-815e-46d1-bb8f-aa1837f8a88b,"Adams, Bradley and Hall",AZ,93,2026-02-09 05:26:35.617277
7d7ddbed-d284-476c-ab88-f83dd97dc9cd,9a1de644-815e-46d1-bb8f-aa1837f8a88b,Hall Inc,AE,52,2025-07-09 19:00:00.632599
5cb85aed-f5f6-4c97-aefb-63b11b049863,bd9c66b3-ad3c-4d6d-9a3d-1fa7bc8960a9,Miller-Chan,BN,29,2022-08-05 14:38:06.917782
75b17a55-d426-4982-a43e-4288a2b5b498,9a1de644-815e-46d1-bb8f-aa1837f8a88b,Shaw PLC,PA,38,2022-01-11 07:45:56.009991
2d174fc9-6f7c-45ea-a72a-6d8eb5122df8,6b65a6a4-8b81-48f6-b38a-088ca65ed389,Joseph-Brooks,MR,42,2024-10-02 10:30:40.152539
a6846099-f729-4951-8591-31d2bbda0242,23b8c1e9-3924-46de-beb1-3b9046685257,Henry-Taylor,UZ,21,2021-11-30 05:14:32.048705
eb6c1016-cee6-44d0-9dac-6e8345241ea6,17fc695a-07a0-4a6e-8822-e8f36c031199,Perez Group,ZM,42,2026-01-15 01:30:50.253478
7701f7bb-7bc6-4e1f-864e-e6e389c5b31a,bdd640fb-0667-4ad1-9c80-317fa3b1799d,Schaefer Group,AT,13,2024-01-01 16:05:22.101601
97ac6aa8-bb24-48a3-9363-57b66f81cf4f,bdd640fb-0667-4ad1-9c80-317fa3b1799d,Newton and Sons,EC,64,2022-10-07 21:00:59.525941
3ed8c56c-da09-4fa0-9282-8d8044b591f7,17fc695a-07a0-4a6e-8822-e8f36c031199,Jones Group,LI,17,2022-11-04 18:19:51.338605
4767d76c-162f-4a24-af43-613cd4aac9a3,bd9c66b3-ad3c-4d6d-9a3d-1fa7bc8960a9,"Burns, Nguyen and Ellis",CD,9,2023-01-08 05:09:34.429311
c01f36bf-3e6d-458b-b367-c28de1b294de,972a8469-1641-4f82-8b9d-2434e465e150,Patterson Inc,MC,41,2023-10-08 00:18:19.880954
ab0e664e-9c3e-42d5-91e1-aa9676f72255,bd9c66b3-ad3c-4d6d-9a3d-1fa7bc8960a9,"Moss, James and Edwards",PG,1,2025-06-24 20:31:04.126131
7e8adee7-0758-4201-961e-16d16105716b,bdd640fb-0667-4ad1-9c80-317fa3b1799d,"Crosby, Armstrong and Herrera",MT,2,2025-01-15 11:48:40.049425
7cd0129d-2e8d-4e87-9334-20e6d9d80b8d,bdd640fb-0667-4ad1-9c80-317fa3b1799d,"Liu, Buchanan and Meyer",CR,60,2024-05-20 15:45:13.219311
4223623b-cc3e-4dde-9ad5-cf06364d7c87,17fc695a-07a0-4a6e-8822-e8f36c031199,Bryant-Rich,DZ,48,2024-07-07 11:56:02.809131
989d9d4a-e15c-4666-8797-b2c957207246,9a1de644-815e-46d1-bb8f-aa1837f8a88b,Stone Group,TO,29,2025-05-08 06:43:28.235132
8e485223-46b9-4991-a14e-b70db380c73a,bd9c66b3-ad3c-4d6d-9a3d-1fa7bc8960a9,"Williams, Hughes and Hubbard",TH,97,2022-04-14 06:34:32.395281
30e912f2-f2b4-4abf-8441-aefd0299436a,47378190-96da-4dac-b2ff-5d2a386ecbe0,Lee Group,FR,10,2022-12-26 16:25:19.699098
680bac63-b856-4035-bdc9-829015eabb27,17fc695a-07a0-4a6e-8822-e8f36c031199,Wilkerson-Ayala,FJ,58,2022-08-25 13:58:16.872647
3d85de89-c217-4429-8e20-07247d137018,6b65a6a4-8b81-48f6-b38a-088ca65ed389,Murray-Henderson,ID,60,2023-05-26 04:49:19.223401
b63b4dc3-a559-4463-b9e1-3ceab0cbc61f,bdd640fb-0667-4ad1-9c80-317fa3b1799d,"Ellison, Vaughn and Mckee",RW,21,2023-05-11 08:37:49.625325
046a0df5-cafd-4613-b2bb-912d7da67785,17fc695a-07a0-4a6e-8822-e8f36c031199,Gallegos-Hayes,OM,28,2022-12-31 18:36:39.738339
6786d506-38ba-4abc-8b53-05e517d2582e,bd9c66b3-ad3c-4d6d-9a3d-1fa7bc8960a9,"Mason, White and Richards",GD,75,2026-04-08 07:57:29.538456
a9f948b2-4e63-44bb-be49-3f43b118f68d,bdd640fb-0667-4ad1-9c80-317fa3b1799d,"Payne, Long and Morris",JO,34,2022-05-03 01:04:07.399036
8db06746-7927-4973-9e78-1fd794e0d3ba,972a8469-1641-4f82-8b9d-2434e465e150,White PLC,GR,8,2024-09-17 13:42:04.547558
ff233d5f-6ced-415d-9800-7c0287ea7ff5,17fc695a-07a0-4a6e-8822-e8f36c031199,"Huang, Khan and Davis",FR,59,2023-12-02 22:01:36.497742
5a104129-54ae-4d1b-8ce6-424dbef59fe6,b74d0fb1-32e7-4629-8fad-c1a606cb0fb3,Holt-Meadows,SZ,86,2023-09-29 05:30:05.774351
4e7ed827-455a-4762-b428-a656b3ee4d3b,bdd640fb-0667-4ad1-9c80-317fa3b1799d,Higgins Inc,DK,72,2023-01-07 11:04:56.041658
b8a6171f-1ee3-4dc4-bb04-8a8b405bfdc9,bd9c66b3-ad3c-4d6d-9a3d-1fa7bc8960a9,Wilson Group,NZ,49,2025-04-06 03:47:40.900604
be2d740a-1e9b-43bc-90c7-c006314d3441,23b8c1e9-3924-46de-beb1-3b9046685257,"Cox, Mills and Cruz",SM,79,2025-01-07 07:29:42.346921
b0ae8f08-c31e-4bbc-b36c-b62b892e6161,47378190-96da-4dac-b2ff-5d2a386ecbe0,"Salazar, Moore and Pierce",FI,17,2022-04-11 12:55:38.590144
bd1531c8-3764-4bda-b108-d4482f65fafa,c241330b-01a9-471f-9e8a-774bcf36d58b,Tate LLC,BT,60,2023-01-02 19:27:42.457207
96ef2ad6-b97e-4703-86c8-adfe7bf47042,9a1de644-815e-46d1-bb8f-aa1837f8a88b,"Savage, Huffman and Martin",TV,87,2023-06-19 15:03:23.620235
98c7472a-864e-4a13-829c-fc0cfa02eaec,c241330b-01a9-471f-9e8a-774bcf36d58b,White Ltd,AR,88,2024-09-22 19:23:28.735501
d52721e7-19bc-443e-bb02-bebb48729a4d,bd9c66b3-ad3c-4d6d-9a3d-1fa7bc8960a9,Barnes LLC,ZM,45,2021-09-07 02:16:30.379896
5c62b3a2-3a3c-463e-8bd6-cee631b1b099,6b65a6a4-8b81-48f6-b38a-088ca65ed389,"Mack, Griffin and Sims",SV,83,2022-08-08 11:45:21.140718
b540b30e-039f-4a25-8d61-68bd2defe193,6b65a6a4-8b81-48f6-b38a-088ca65ed389,Roach and Sons,BY,69,2023-01-22 05:05:07.071910
0ba6eab9-4639-447b-a067-bdac88bd13d1,23b8c1e9-3924-46de-beb1-3b9046685257,Dean LLC,GA,32,2024-06-18 21:10:17.657656
4ac9778d-8da8-4ee4-8df5-6ac6f96b648a,9a1de644-815e-46d1-bb8f-aa1837f8a88b,Ellis Group,AU,44,2022-11-03 16:58:52.262398
a34b6cf6-2053-4a42-b1af-db65b289f224,b74d0fb1-32e7-4629-8fad-c1a606cb0fb3,"Aguirre, Franklin and Snyder",CU,65,2025-02-23 21:32:08.233917
1a432f0a-7daa-49f0-80b6-fce2de53790a,23b8c1e9-3924-46de-beb1-3b9046685257,Chapman Group,AF,87,2025-04-09 07:21:31.370356
48ca7651-92f5-4f7b-8323-d342df6a8f93,c241330b-01a9-471f-9e8a-774bcf36d58b,Ortiz-Miller,ML,8,2026-07-11 01:29:53.207840
5738811d-70c2-403f-ba8d-03aa782a65e0,23b8c1e9-3924-46de-beb1-3b9046685257,"Smith, Khan and Ramirez",NE,77,2023-07-29 02:32:44.602736
40a26c60-0d27-4659-b72a-da9b2f32751e,c241330b-01a9-471f-9e8a-774bcf36d58b,"Grant, Bryan and Williams",TN,72,2024-08-20 09:13:18.370449
1d34d08e-7a4c-45d4-9c99-e04cf0e98b3b,bdd640fb-0667-4ad1-9c80-317fa3b1799d,Brown LLC,ST,87,2022-05-25 03:44:01.827738
7de31a51-6694-4343-90ba-58e3d2762bdc,6b65a6a4-8b81-48f6-b38a-088ca65ed389,Thomas Inc,BN,43,2023-04-07 13:19:44.468137
afbb411a-a123-4a8c-93b7-a88612f70c97,bdd640fb-0667-4ad1-9c80-317fa3b1799d,"Lane, Morrison and Rivera",LV,1,2022-04-28 14:45:29.115847
cfa701cd-2631-400b-a6d7-94d30db95301,47378190-96da-4dac-b2ff-5d2a386ecbe0,Williams Group,ER,51,2025-10-21 23:45:22.973034
15ce6a66-4dc8-4a1e-b2f9-e5fa90164161,9a1de644-815e-46d1-bb8f-aa1837f8a88b,Martin LLC,KZ,24,2023-02-11 22:05:21.501065
8edddfcd-1e52-4770-bf89-7142fe716b14,b74d0fb1-32e7-4629-8fad-c1a606cb0fb3,"Guerrero, Graves and Armstrong",ZA,99,2023-06-01 14:43:31.046489
989bc4da-9b37-422b-aa8a-616fc3b290d0,c241330b-01a9-471f-9e8a-774bcf36d58b,"Thompson, Gibson and Riley",ZA,24,2025-11-14 08:41:12.533362
c693da11-39c6-41ca-9e50-aa42ca6dfda1,b74d0fb1-32e7-4629-8fad-c1a606cb0fb3,Davis LLC,BA,17,2023-12-21 02:36:10.502028
e893be3d-7354-4a6f-a160-745985c7504b,c241330b-01a9-471f-9e8a-774bcf36d58b,Richardson-Gray,SM,5,2022-05-22 19:13:39.340797
96a9954f-dc33-41f9-8c1f-55ab715629ee,bd9c66b3-ad3c-4d6d-9a3d-1fa7bc8960a9,Chang PLC,SB,20,2024-03-03 03:21:51.371721
9191b363-4e2d-4645-adc7-cac7fd72b050,23b8c1e9-3924-46de-beb1-3b9046685257,Carter and Sons,ET,21,2022-06-03 05:52:47.504232
f5c9b047-9c10-4572-8f6b-40d09efba58b,47378190-96da-4dac-b2ff-5d2a386ecbe0,Neal LLC,GE,58,2026-01-11 07:09:06.888764
c342bd2b-f295-456e-9967-5f06bd767e35,6b65a6a4-8b81-48f6-b38a-088ca65ed389,Rose-Warren,TO,31,2021-08-12 22:39:36.337663
43bfd931-3605-4f54-a021-c0ca3531968d,c241330b-01a9-471f-9e8a-774bcf36d58b,"Clark, Brown and Duncan",PY,11,2026-04-12 06:28:05.143809
3d67cde9-2834-44c0-94c8-b3b4a911d192,b74d0fb1-32e7-4629-8fad-c1a606cb0fb3,"Rice, Miller and Ramsey",SC,52,2023-04-04 04:23:49.397791
2812859a-1337-439e-8d4f-5d272c7f0b79,47378190-96da-4dac-b2ff-5d2a386ecbe0,"Peck, Andersen and Mitchell",MH,15,2023-02-02 19:28:24.393785
b07aa066-7354-45ea-a894-9b8d00af5b3a,972a8469-1641-4f82-8b9d-2434e465e150,"Abbott, Green and Andrews",MK,83,2022-08-31 14:06:00.594308
085b15fb-4a8f-4810-b84c-2f29980402a2,972a8469-1641-4f82-8b9d-2434e465e150,"Gomez, Anderson and Hart",VN,7,2022-12-08 05:05:56.469291
48603b32-b4fb-4eb9-89c1-3de73b4206c5,bdd640fb-0667-4ad1-9c80-317fa3b1799d,"Daniel, Jimenez and Morton",TJ,28,2025-06-07 18:17:53.788003
1238d630-743b-45a2-9c0f-2fcfb3f6fe0d,6b65a6a4-8b81-48f6-b38a-088ca65ed389,"Hall, Roberts and Lee",CU,51,2025-06-28 07:48:20.124892
43b9da13-ec85-4f37-bbc1-a987aff8754d,bd9c66b3-ad3c-4d6d-9a3d-1fa7bc8960a9,Johnson Ltd,BJ,58,2024-10-16 23:26:10.336554
96fc734d-a003-4d28-8a8f-3653c9af18f8,b74d0fb1-32e7-4629-8fad-c1a606cb0fb3,Mclaughlin and Sons,OM,5,2023-04-29 23:53:37.882434
32a447b2-ef04-457d-8dcc-c33aa9434aa0,23b8c1e9-3924-46de-beb1-3b9046685257,"Duarte, Gutierrez and Cook",NP,5,2023-11-03 18:22:54.980584
398d1ca6-8b68-40b5-9d61-fac36cd5e859,23b8c1e9-3924-46de-beb1-3b9046685257,"Shaffer, Lewis and Davidson",YE,94,2026-02-08 17:31:05.075376
44007d5a-e88d-4719-a624-2b40a5cb63a2,b74d0fb1-32e7-4629-8fad-c1a606cb0fb3,"Campbell, Tyler and Parker",MT,96,2026-01-28 00:59:34.089656
0f44704f-1247-4a4e-a469-98e8d39e198b,9a1de644-815e-46d1-bb8f-aa1837f8a88b,"Pierce, Wang and Wilson",BN,8,2025-09-28 22:03:08.610887
9854ce4e-4ebf-45c3-8ae9-b4a72a79ea68,bd9c66b3-ad3c-4d6d-9a3d-1fa7bc8960a9,Peterson-Ramsey,TN,64,2025-10-09 10:53:30.919920
ebd34616-91b7-4d8e-9301-6989bfbbb17f,47378190-96da-4dac-b2ff-5d2a386ecbe0,"Choi, Collier and Lee",BR,10,2025-06-17 00:38:42.769363
77fc9703-1fd5-4423-b06c-5c5649e2623d,c241330b-01a9-471f-9e8a-774bcf36d58b,Nielsen-Mendoza,CN,38,2024-03-01 02:20:24.382908
670acc5c-b321-4f21-8dd8-eb85b04d3376,9a1de644-815e-46d1-bb8f-aa1837f8a88b,Robles-Brewer,SI,96,2022-09-08 00:06:12.312050
8a3c3b5e-801e-41da-85b1-ed25f1533ae8,c241330b-01a9-471f-9e8a-774bcf36d58b,Moore-Murray,KG,92,2022-07-22 19:30:31.255460
9918ee46-1497-4658-b010-f7197e695d0d,c241330b-01a9-471f-9e8a-774bcf36d58b,"Huang, Ford and Olsen",BZ,81,2024-11-11 23:53:01.274969
bc0a6a5d-6e99-4e3e-a3b1-37fc0a3450fc,9a1de644-815e-46d1-bb8f-aa1837f8a88b,"Brown, Meyer and Cunningham",CL,95,2023-07-15 16:15:16.668364
069f14f1-4018-4c6e-9a8c-fa3c5283aac7,bdd640fb-0667-4ad1-9c80-317fa3b1799d,"Stewart, Herrera and Clark",SB,8,2022-01-14 10:54:07.124673
ac9ed156-f63f-4e41-ba9a-ca5e176132ed,972a8469-1641-4f82-8b9d-2434e465e150,"Rivera, Hendricks and Flynn",HT,25,2023-03-11 17:06:47.088461
964db03f-9340-4fad-9c4a-d56bd6016237,c241330b-01a9-471f-9e8a-774bcf36d58b,Montes LLC,BF,73,2021-11-17 16:03:29.685165
c3c75611-ffe3-4a49-854f-92fff366bad4,9a1de644-815e-46d1-bb8f-aa1837f8a88b,Morgan Group,US,66,2024-04-23 08:39:26.480469
9384ec2b-44fe-4cae-9248-a9a7ac1aa554,9a1de644-815e-46d1-bb8f-aa1837f8a88b,"Ferguson, Martin and Obrien",SR,79,2024-03-20 12:28:58.944858
2cd94cbb-c19a-458c-835b-1c8c0a4c9f7f,17fc695a-07a0-4a6e-8822-e8f36c031199,Larson LLC,LS,50,2025-04-01 15:18:22.336879
7135f221-a6c9-437f-84da-d06a7872bdeb,bdd640fb-0667-4ad1-9c80-317fa3b1799d,"Hodge, Mckinney and Nelson",AO,67,2025-11-27 12:33:27.744826
ff37d19c-2e76-428b-8735-44f9ea83bf00,6b65a6a4-8b81-48f6-b38a-088ca65ed389,Crawford and Sons,GR,49,2026-05-25 03:57:40.736934
d0725b5c-a281-4044-af96-288295d82980,17fc695a-07a0-4a6e-8822-e8f36c031199,Hayes-Sampson,JP,36,2021-10-28 04:10:14.890563
785299f4-175b-498d-b814-01027de1bdfe,17fc695a-07a0-4a6e-8822-e8f36c031199,Warren and Sons,ID,68,2024-05-17 20:44:17.451030
5230dfbd-5553-42fe-a889-803e5913f9d3,b74d0fb1-32e7-4629-8fad-c1a606cb0fb3,Brooks Inc,MW,78,2022-10-13 19:10:31.229347
292bd156-db94-4570-9ac7-0ec0ab8ddeb4,972a8469-1641-4f82-8b9d-2434e465e150,Gentry Group,MA,41,2022-10-28 14:11:38.970220
7ed70ed7-b194-490b-a961-929e546e035a,9a1de644-815e-46d1-bb8f-aa1837f8a88b,"Johnson, Webb and Porter",MK,89,2025-03-29 07:26:43.244231
668409e3-f1f8-443e-a99f-131849c8a43f,972a8469-1641-4f82-8b9d-2434e465e150,Peterson Group,BJ,62,2024-12-28 11:32:37.369451
0964fbbf-8cd3-41b0-82b0-1cfdd045dd1c,bd9c66b3-ad3c-4d6d-9a3d-1fa7bc8960a9,"Russo, Collins and Murphy",DJ,10,2024-10-18 10:57:42.464009
409d3602-5084-4242-968b-1625746f7891,b74d0fb1-32e7-4629-8fad-c1a606cb0fb3,Short PLC,JO,21,2022-10-08 12:44:01.922232
c5c5b37a-f85e-46a1-9dad-09b252c21221,6b65a6a4-8b81-48f6-b38a-088ca65ed389,"Haney, Harris and Johnson",BO,36,2024-12-28 08:50:39.767570
d32e6dcd-83bc-4478-9d6a-c7b86778043b,972a8469-1641-4f82-8b9d-2434e465e150,Reeves-Boyd,SN,12,2023-10-28 19:41:24.843122
de8ede0b-a85c-4e4a-804b-6fabfcf56188,23b8c1e9-3924-46de-beb1-3b9046685257,Collins Inc,TR,91,2021-09-29 10:13:03.032559
0de051a6-69ca-47d2-b644-14fd8ae769ed,c241330b-01a9-471f-9e8a-774bcf36d58b,"Charles, Wiggins and Cook",GY,2,2024-08-03 08:38:14.264219
9f64eeed-5c9d-427d-84b8-71bb300568d2,bd9c66b3-ad3c-4d6d-9a3d-1fa7bc8960a9,Garcia Ltd,SI,13,2024-04-20 23:17:35.059959
71299889-a01a-4992-bf9d-3e64c1a6423b,bdd640fb-0667-4ad1-9c80-317fa3b1799d,"Edwards, Lane and Collins",VA,53,2021-12-31 19:01:35.175034
445dcc38-341c-4494-8d36-6dfcc28ebd70,6b65a6a4-8b81-48f6-b38a-088ca65ed389,Flores and Sons,SC,32,2022-06-29 22:57:19.463538
49bc473f-ed7b-4656-a18a-15368c99a894,bd9c66b3-ad3c-4d6d-9a3d-1fa7bc8960a9,Hill-Flores,KR,95,2025-09-11 23:06:45.672534
7c16128d-b2c0-4394-a17f-29e170286046,c241330b-01a9-471f-9e8a-774bcf36d58b,Lambert-Nelson,MZ,16,2021-11-11 05:23:43.990899
a14923c2-f920-464c-8763-fcd01f15c7b6,b74d0fb1-32e7-4629-8fad-c1a606cb0fb3,Hill Inc,VN,32,2026-01-22 06:07:25.894242
b5b453ca-3d42-493c-8c9f-d3349bdf0377,c241330b-01a9-471f-9e8a-774bcf36d58b,"Castro, Garcia and Daniels",BG,32,2024-02-27 05:56:21.988701
03802b70-8d03-491e-8f8d-5238288b78b5,17fc695a-07a0-4a6e-8822-e8f36c031199,"Flores, Thomas and Bush",ST,98,2021-11-06 02:30:26.543802
3985fb62-17dc-4eff-a872-13f98d605936,c241330b-01a9-471f-9e8a-774bcf36d58b,Andrews-Jackson,MC,11,2022-09-06 13:41:40.860068
1d0bc9bd-e9b5-45cf-9766-5cdafe049059,17fc695a-07a0-4a6e-8822-e8f36c031199,Austin-Morgan,CG,10,2024-06-21 12:23:59.045593
a5d04d53-1e12-42e3-b272-92b6762172ed,b74d0fb1-32e7-4629-8fad-c1a606cb0fb3,Williams-Johnson,TV,15,2024-06-13 11:14:53.706859
eec259dc-7f95-497c-a76a-a6ced50755d9,47378190-96da-4dac-b2ff-5d2a386ecbe0,"Williams, Reyes and Miller",PW,17,2023-11-12 19:18:58.099905
b495db4e-8245-4fb4-8ab7-706eb77350ca,17fc695a-07a0-4a6e-8822-e8f36c031199,White-Carlson,IN,40,2024-03-24 12:01:11.380396
7b85179a-d5b0-47e0-aa5d-932b45ff2c83,bdd640fb-0667-4ad1-9c80-317fa3b1799d,"Soto, Vaughn and Griffin",TD,18,2025-06-13 23:14:18.567351
74eff545-3e65-4603-b8e3-654bfaf14ff0,c241330b-01a9-471f-9e8a-774bcf36d58b,Edwards-Roth,AT,55,2023-02-20 06:02:27.097403
30cbd755-6232-417a-a507-41818d1fb540,c241330b-01a9-471f-9e8a-774bcf36d58b,"Chang, Lamb and Miller",AU,73,2024-09-17 14:11:19.416168
bf0d073d-821c-4336-9970-cf60ebff8d15,bdd640fb-0667-4ad1-9c80-317fa3b1799d,Bradley-Davis,LU,25,2022-07-11 15:58:15.134212
11df12d7-dd30-4e89-a2f2-35f2e11b868d,23b8c1e9-3924-46de-beb1-3b9046685257,"Mcdonald, Bryant and Cohen",NL,59,2022-02-15 12:48:53.885275
dabac50d-ca3d-4859-85ce-099c46b82659,9a1de644-815e-46d1-bb8f-aa1837f8a88b,"Miranda, Ruiz and Meza",IL,78,2021-12-17 05:34:47.867334
c9a7d91f-ef2a-4713-9702-10496a39aaa6,47378190-96da-4dac-b2ff-5d2a386ecbe0,Callahan PLC,FR,89,2022-07-13 10:30:10.460825
00a81de9-d20f-47d0-8465-6d6b81fb18b3,6b65a6a4-8b81-48f6-b38a-088ca65ed389,Durham-Myers,LT,22,2024-04-03 10:14:15.489268
d664d264-4c6e-47ff-b9de-7a3a486822b9,17fc695a-07a0-4a6e-8822-e8f36c031199,"Stark, Rivera and Valencia",BH,30,2022-08-14 13:47:20.545480
a8f1e091-ffb8-402d-9475-dbc996418ced,bdd640fb-0667-4ad1-9c80-317fa3b1799d,Chavez-Johnson,CU,84,2023-12-24 17:35:52.840083
7250ee18-260a-4962-9d81-b7f57d5911c6,b74d0fb1-32e7-4629-8fad-c1a606cb0fb3,Rodriguez-Mendoza,GA,85,2024-05-22 15:52:52.242166
551ac8ea-585a-4afa-bbfd-cc1289e06ab3,17fc695a-07a0-4a6e-8822-e8f36c031199,Campbell LLC,SY,44,2024-06-14 06:40:08.921798
6090d697-8b1e-4b9d-834b-9fbb8d4a75b8,9a1de644-815e-46d1-bb8f-aa1837f8a88b,"Andrews, Romero and Sullivan",ES,32,2025-11-06 13:33:21.673080
de9e3757-5260-401e-aecf-67d2749176f4,b74d0fb1-32e7-4629-8fad-c1a606cb0fb3,"Robles, Nguyen and Banks",LS,51,2022-02-06 14:49:16.637125
3d225c30-b28f-41de-bb14-0bc3304b8590,bd9c66b3-ad3c-4d6d-9a3d-1fa7bc8960a9,Patel-Morales,TW,46,2025-12-22 21:51:35.901573
db23aa8c-3bca-4f85-a20a-60ac9261549d,c241330b-01a9-471f-9e8a-774bcf36d58b,Allen-Sanchez,HR,21,2025-06-06 15:11:25.262153
517400f8-0b2c-482a-a928-8e92c68a152f,bd9c66b3-ad3c-4d6d-9a3d-1fa7bc8960a9,Dickson Group,BH,99,2022-07-08 16:39:30.922899
e9d68f23-b489-4070-b914-f8a8bea4ff31,17fc695a-07a0-4a6e-8822-e8f36c031199,Peterson Ltd,GW,32,2025-07-28 10:36:48.321292
fd08b32c-62d6-4e93-a198-5d54cfb87e6f,9a1de644-815e-46d1-bb8f-aa1837f8a88b,"Reynolds, Baird and Bradley",SA,94,2024-08-12 23:51:33.665997
a6eab79e-d21c-42f8-8ada-4f80a9e782d4,47378190-96da-4dac-b2ff-5d2a386ecbe0,Stephens-Young,BN,39,2023-10-29 03:56:49.166337
f6febc0e-7ecd-4baf-a6f0-5fcffb16e5db,17fc695a-07a0-4a6e-8822-e8f36c031199,"Caldwell, Stevenson and Joseph",TM,12,2021-07-18 20:33:47.290912
f72169bb-8096-4718-a051-acef097a1e10,bdd640fb-0667-4ad1-9c80-317fa3b1799d,Wilson-Carlson,VA,47,2025-04-25 22:19:58.042069
19b17e80-dea4-4e17-94fd-9ad39716108e,972a8469-1641-4f82-8b9d-2434e465e150,Peters-Short,ME,18,2024-07-20 03:29:35.222889
1986b4b2-70b7-4868-9854-80f0dfcaf0b7,17fc695a-07a0-4a6e-8822-e8f36c031199,Parker Group,AZ,21,2024-01-03 13:09:16.704647
03edd1f8-74f9-4d17-a912-b4bf86a4bae4,c241330b-01a9-471f-9e8a-774bcf36d58b,George Ltd,LY,13,2022-06-05 08:02:34.047092
def57689-68f4-4bce-a4e7-5e8eb8f21423,c241330b-01a9-471f-9e8a-774bcf36d58b,"Wise, Gray and Snyder",BN,21,2024-01-30 08:54:18.548590
1327f1bc-2784-478f-b84f-16b3a79fbfaf,17fc695a-07a0-4a6e-8822-e8f36c031199,"Brown, Robinson and Taylor",NI,8,2024-02-11 23:38:30.341031
43d88870-f81d-4aa1-8812-0a8e78308930,b74d0fb1-32e7-4629-8fad-c1a606cb0fb3,"Berger, Fields and Smith",US,46,2026-04-20 11:08:50.621673
65c17795-b155-46bc-9f8d-ed9756abf2f1,972a8469-1641-4f82-8b9d-2434e465e150,Guerrero Group,SZ,7,2023-01-16 03:36:15.726853
541cdfcd-da0d-4a5f-948f-8b74a65bb1f2,bdd640fb-0667-4ad1-9c80-317fa3b1799d,"Carter, Gilbert and West",VA,23,2025-11-17 17:52:11.844676
889b78d5-dbfd-497e-aca2-b148da330aa1,17fc695a-07a0-4a6e-8822-e8f36c031199,Maldonado LLC,BR,96,2022-10-15 17:11:52.889095
a075e927-5110-4492-b442-7e0b61484bb3,b74d0fb1-32e7-4629-8fad-c1a606cb0fb3,Hudson-Gentry,TG,75,2022-12-02 16:25:13.684279
7cea2045-c268-483e-a32f-2e63b7fddd71,c241330b-01a9-471f-9e8a-774bcf36d58b,Sellers-Zuniga,QA,86,2024-05-07 22:24:14.468710
9e11d2cd-0930-4ef6-8a80-068ddf547e50,c241330b-01a9-471f-9e8a-774bcf36d58b,"Haas, Cooper and Davis",CO,22,2023-02-01 21:22:19.279699
af34cf65-a193-44b2-bc19-e71d118405ad,9a1de644-815e-46d1-bb8f-aa1837f8a88b,Carr PLC,IR,89,2023-09-29 13:27:15.189822
3a3c8a71-ff57-4e2b-8991-ab9bebc2026f,17fc695a-07a0-4a6e-8822-e8f36c031199,Abbott-Phelps,RS,22,2026-06-06 13:38:12.400569
fa745761-6f18-4108-9723-199dbf2c14a0,972a8469-1641-4f82-8b9d-2434e465e150,Wood PLC,BB,92,2026-04-09 23:37:40.723663
b4323070-a23d-4c2f-82a7-96891933918c,23b8c1e9-3924-46de-beb1-3b9046685257,Smith PLC,CA,29,2023-12-25 08:55:41.274956
2a96e1e2-7194-4ae2-99ba-d7aedf615a5c,972a8469-1641-4f82-8b9d-2434e465e150,Rodriguez-Campbell,AZ,13,2023-02-20 21:20:46.654659
0769165f-e746-4cb9-8ca9-cf07b1aa0f6a,c241330b-01a9-471f-9e8a-774bcf36d58b,Young Ltd,SB,82,2026-06-01 07:38:46.298248
0e5dd462-cbd0-4ef2-930a-37df0bc61066,c241330b-01a9-471f-9e8a-774bcf36d58b,"Long, Flores and Reyes",SD,2,2023-11-24 04:35:25.062065
6e417d47-5ff5-45ea-9bc4-40f14b1a269b,bd9c66b3-ad3c-4d6d-9a3d-1fa7bc8960a9,Graham-Clark,GR,29,2022-05-11 20:41:34.508317
697c3923-87fa-441a-be83-b91f25440fe0,c241330b-01a9-471f-9e8a-774bcf36d58b,Wells and Sons,CF,85,2021-11-14 16:15:20.197406
2e183554-cae2-4e66-ae8a-781390e0a95b,bdd640fb-0667-4ad1-9c80-317fa3b1799d,"Cruz, Middleton and Larsen",MG,79,2023-09-14 21:33:28.479259
9c07a751-1437-4509-acd1-586a2b840c67,6b65a6a4-8b81-48f6-b38a-088ca65ed389,Roberts Ltd,NR,52,2023-01-25 06:54:39.789498
aee1e86b-9ea5-46aa-a1ee-6c5bdeef580f,17fc695a-07a0-4a6e-8822-e8f36c031199,Taylor Inc,QA,27,2026-03-03 17:26:48.359753
9549c931-e9af-499d-bf67-1eec3da70577,972a8469-1641-4f82-8b9d-2434e465e150,"Smith, Griffith and Tucker",KI,50,2023-10-05 07:42:48.990322
a34db7c5-760d-4bbb-bb70-b3a124a35cf2,6b65a6a4-8b81-48f6-b38a-088ca65ed389,Proctor-Taylor,GT,95,2024-09-24 20:30:28.266658
aab612c9-415d-474a-b5a6-69814104a8b5,b74d0fb1-32e7-4629-8fad-c1a606cb0fb3,May Group,AO,79,2024-03-27 12:37:12.139935
771ad655-cdfc-4ee0-a61e-de900267deb3,23b8c1e9-3924-46de-beb1-3b9046685257,English-Dominguez,BG,23,2022-06-16 12:26:28.973415
8beddb12-ad77-482f-89a2-3a89e6b5a92c,bdd640fb-0667-4ad1-9c80-317fa3b1799d,Hanson-Gibson,AR,88,2025-06-09 04:22:20.132344
f1faf665-7115-43f3-92e8-9d1028711733,972a8469-1641-4f82-8b9d-2434e465e150,Arnold-Cole,FJ,44,2025-05-11 01:46:43.120885
4c955f6a-966b-4964-bcd6-bdca5876fd09,6b65a6a4-8b81-48f6-b38a-088ca65ed389,Perez-Coleman,SN,77,2022-08-11 07:53:00.901200
b0b862ef-6c9f-42b9-b647-8986a3917c99,23b8c1e9-3924-46de-beb1-3b9046685257,Lane Ltd,UZ,22,2024-01-20 07:15:47.930448
4d57d880-d865-469a-b4f3-310340066ff2,bd9c66b3-ad3c-4d6d-9a3d-1fa7bc8960a9,Joseph LLC,MU,43,2023-02-22 08:46:25.182304
da743152-627b-41a1-bfd6-f23232ffe294,bdd640fb-0667-4ad1-9c80-317fa3b1799d,House-Johnston,KZ,37,2024-03-12 13:38:13.094906
61a11729-3cb9-4350-9b4d-a0fe7bb38605,bdd640fb-0667-4ad1-9c80-317fa3b1799d,Good PLC,LA,61,2022-01-21 21:35:46.536008
4bbe4aff-9326-4ffd-9be4-bf5192698698,bd9c66b3-ad3c-4d6d-9a3d-1fa7bc8960a9,Bush-Wilson,LK,97,2023-01-16 22:11:39.926323
059dd55d-4b94-4e30-b303-f438fe2110d0,17fc695a-07a0-4a6e-8822-e8f36c031199,Nixon-Miller,AM,56,2024-08-04 01:41:08.880938
6553867d-a881-4fd3-947d-577bfa5a91ca,bd9c66b3-ad3c-4d6d-9a3d-1fa7bc8960a9,"Simon, Terrell and Terrell",TG,3,2024-05-25 17:28:35.842066
dd750e98-90e0-495f-8212-b554464458b4,bdd640fb-0667-4ad1-9c80-317fa3b1799d,Marshall-Miller,RO,63,2022-04-26 06:41:31.120630
f93e08d5-bea2-4dfe-873f-6e1baf908e3c,bdd640fb-0667-4ad1-9c80-317fa3b1799d,"Davis, Kennedy and Harmon",BF,19,2022-04-29 13:08:55.822356
bec39a37-9b3d-44bd-a91e-314e0c8e29e3,6b65a6a4-8b81-48f6-b38a-088ca65ed389,"Miller, Schultz and Yates",MW,23,2025-05-17 13:08:24.320234
e726be23-e776-4886-9534-ee1d7f2984f5,c241330b-01a9-471f-9e8a-774bcf36d58b,Austin-Berger,MT,29,2025-06-22 00:01:16.483791
3ae909fe-cc82-48da-8696-f5e64944051b,23b8c1e9-3924-46de-beb1-3b9046685257,"Osborne, Harrison and Hunt",MC,30,2025-10-21 12:39:34.009232
3810ae66-5a31-44cc-8d4b-69a99b689c88,bd9c66b3-ad3c-4d6d-9a3d-1fa7bc8960a9,Berry-Rivera,CN,39,2024-08-05 03:49:53.402911
402913ec-9ef2-493e-b0ac-7d7ba2f963a3,23b8c1e9-3924-46de-beb1-3b9046685257,Yu-Yates,NR,25,2022-04-30 21:47:53.997233
c478f6f1-b88e-4318-816d-83edad81f8bd,bd9c66b3-ad3c-4d6d-9a3d-1fa7bc8960a9,Jackson-Neal,ME,8,2026-04-30 02:10:53.337732
2303f6c6-d69d-42f1-ae4c-84ffa8c01f05,b74d0fb1-32e7-4629-8fad-c1a606cb0fb3,"Curry, Acosta and Elliott",NP,58,2026-06-13 17:40:58.159895
a0a11839-e745-4704-98df-bc3ca0d4de3d,bdd640fb-0667-4ad1-9c80-317fa3b1799d,Soto PLC,SY,16,2024-10-23 08:34:21.408525
c9e26074-4f16-49a0-8a17-991ea5769411,c241330b-01a9-471f-9e8a-774bcf36d58b,Berry Ltd,CU,72,2025-06-27 08:46:06.830409
5d678bb1-945e-42e4-888a-93ec70d9c9f8,6b65a6a4-8b81-48f6-b38a-088ca65ed389,Lamb-Weber,CI,1,2025-06-10 22:35:04.561621
e8dd5e5a-1712-4b16-a1a4-344fbb7bee03,c241330b-01a9-471f-9e8a-774bcf36d58b,Washington-Martinez,OM,5,2022-11-21 21:36:15.467052
6a5e6920-bf5a-47e6-93a3-dd5a4b8c5bdc,c241330b-01a9-471f-9e8a-774bcf36d58b,York LLC,CL,3,2026-03-17 12:16:32.480739
c958e75e-21d5-4971-b367-49b52cf6bf75,c241330b-01a9-471f-9e8a-774bcf36d58b,Anderson-Campbell,VE,65,2023-11-26 21:15:10.407362
5da8d6d2-f8b3-4a8b-a05f-b8bc8a16a06c,23b8c1e9-3924-46de-beb1-3b9046685257,Smith-Rodriguez,MN,4,2025-10-28 14:43:34.530221
45c45a3e-e9da-484a-8075-9f1f87e5f0fe,bd9c66b3-ad3c-4d6d-9a3d-1fa7bc8960a9,Kent Ltd,MH,99,2023-01-23 10:04:49.434947
e9ff1cae-41c8-4a8c-aa1f-955ad499da99,47378190-96da-4dac-b2ff-5d2a386ecbe0,Hopkins LLC,FI,96,2022-04-08 17:26:52.852991
f7a67b94-7b5a-411a-b1b6-4afed31edf1a,b74d0fb1-32e7-4629-8fad-c1a606cb0fb3,Green Ltd,LV,64,2023-03-19 09:30:16.240915
ded255d0-bf1e-4366-8b8e-63d4ce7607ad,972a8469-1641-4f82-8b9d-2434e465e150,Washington PLC,NZ,98,2023-04-25 07:20:46.386314
77e490c7-1d7b-4313-8de2-2f1c56b60afc,c241330b-01a9-471f-9e8a-774bcf36d58b,Cooper Inc,BG,89,2025-04-08 20:41:42.152336
c1101266-2408-46dc-9346-d1a9f6802cdb,17fc695a-07a0-4a6e-8822-e8f36c031199,Larson and Sons,GW,10,2023-10-17 05:01:08.515141
ad238d36-dc32-4c97-b9c1-e262f76c8ede,23b8c1e9-3924-46de-beb1-3b9046685257,Mullins-Gutierrez,HT,21,2023-09-02 15:09:34.759245
65bcc272-fadd-4ea3-aca5-e2fdb966442a,6b65a6a4-8b81-48f6-b38a-088ca65ed389,Young-Alexander,BW,46,2023-07-06 15:20:42.499488
8eac0a33-cdf9-44a7-9882-b5c1f79efd70,972a8469-1641-4f82-8b9d-2434e465e150,"Jackson, Lane and Wilkinson",TZ,91,2023-08-18 16:53:27.640045
6502d6a2-ca6a-4224-971e-16cc5da36f1b,47378190-96da-4dac-b2ff-5d2a386ecbe0,May Inc,AG,27,2025-05-09 22:10:14.540222
1fa382e8-895c-4d99-83b3-8eb403902c5d,17fc695a-07a0-4a6e-8822-e8f36c031199,Jackson Group,GT,66,2023-07-25 21:15:09.017502
bfbf397b-ac3e-4b0d-9e5b-a13d746cdb77,47378190-96da-4dac-b2ff-5d2a386ecbe0,Turner-Reese,NG,41,2026-05-21 22:56:32.677170
618ae305-95a5-4afa-831d-029fac1e86d8,972a8469-1641-4f82-8b9d-2434e465e150,"Hall, Vega and Price",AE,13,2023-04-24 17:15:01.083321
5f18e583-f0b6-483f-a377-f6f1d289f0ab,c241330b-01a9-471f-9e8a-774bcf36d58b,Thomas-Berg,GB,9,2025-07-27 17:17:46.730666
78b2b549-3bdb-409e-acc2-16a01bbc91f7,17fc695a-07a0-4a6e-8822-e8f36c031199,Roberts Group,SO,36,2026-06-02 11:19:06.063219
f1738856-e25d-46eb-9e9a-9f83066803ee,47378190-96da-4dac-b2ff-5d2a386ecbe0,Gregory-Nixon,TN,86,2025-05-18 17:40:55.748836
9c2e58de-ea4e-4617-93f8-382b8fb864e4,6b65a6a4-8b81-48f6-b38a-088ca65ed389,"Blanchard, Davis and Schmidt",BD,90,2021-08-22 12:37:51.692680
a2a9d4d8-102e-4de5-a5cc-8bf738ab854c,bd9c66b3-ad3c-4d6d-9a3d-1fa7bc8960a9,Blanchard-Reynolds,AL,58,2025-01-24 05:11:30.139985
b379cb1e-e8cd-40cc-b6da-3ca0d2e82f38,bdd640fb-0667-4ad1-9c80-317fa3b1799d,"Garrison, Rogers and Adams",WS,54,2022-08-02 21:56:47.333393
1dde7969-6886-43db-a634-8e784d5c55c7,bd9c66b3-ad3c-4d6d-9a3d-1fa7bc8960a9,Scott PLC,HU,12,2025-02-15 17:46:00.658593
0986bbeb-f23e-423d-8b9b-d93423c86d30,972a8469-1641-4f82-8b9d-2434e465e150,Murray-Leonard,BG,81,2023-01-07 07:27:23.198236
1dba1267-7e1c-45a1-bef5-18a64dead645,23b8c1e9-3924-46de-beb1-3b9046685257,Navarro PLC,BO,78,2023-05-30 23:49:54.346718
899ca782-e323-4d1a-bc1b-dacc18e19331,bdd640fb-0667-4ad1-9c80-317fa3b1799d,Meyer Ltd,BG,14,2023-02-25 16:58:38.993746
5efa9c5b-7421-4f46-a37e-4b0122bae10e,b74d0fb1-32e7-4629-8fad-c1a606cb0fb3,"Kaiser, Edwards and Smith",CN,34,2025-07-01 07:56:08.427612
b24cc64f-be3e-4e57-b30a-9e32aba4fc03,6b65a6a4-8b81-48f6-b38a-088ca65ed389,Decker Inc,OM,53,2023-03-04 17:15:03.763039
965befdf-6b4b-4411-8a4a-0e2df22b5b98,b74d0fb1-32e7-4629-8fad-c1a606cb0fb3,Davis-Garcia,EG,20,2024-05-05 13:46:29.184947
e2aa7a5d-278e-400d-ba02-66efbe055787,17fc695a-07a0-4a6e-8822-e8f36c031199,Bell-Hardy,JM,75,2022-07-17 04:36:38.481770
d56ce8ea-1959-4b5a-a7a8-f6366a35df59,bdd640fb-0667-4ad1-9c80-317fa3b1799d,Lee-Johnson,BD,16,2022-08-14 13:10:17.546298
f065c817-687a-4850-9d9b-62317d45d8ef,b74d0fb1-32e7-4629-8fad-c1a606cb0fb3,Brown PLC,KW,95,2024-01-22 10:16:08.986362
b0b63bcf-0860-4833-879d-0cdaf396ea37,b74d0fb1-32e7-4629-8fad-c1a606cb0fb3,"Shannon, Robinson and Greene",MG,70,2025-10-28 21:59:51.687326
71d79665-7181-4dcf-b79e-fc6e5edb0d3c,47378190-96da-4dac-b2ff-5d2a386ecbe0,Erickson Inc,UY,56,2022-01-29 01:17:37.566466
5cd8fe1a-dafe-48a9-bc71-e0bef3579560,bd9c66b3-ad3c-4d6d-9a3d-1fa7bc8960a9,Gates and Sons,TD,83,2022-10-04 23:18:04.245157
5e09a9ee-af88-4dec-bb1e-143b196f4dfa,47378190-96da-4dac-b2ff-5d2a386ecbe0,Douglas-Yoder,HN,58,2023-03-04 08:23:36.348582
a5135ea0-fa53-434d-a6d5-901d8b621d41,bdd640fb-0667-4ad1-9c80-317fa3b1799d,"Pratt, Lopez and Rodriguez",JP,4,2023-12-10 22:46:46.387454
46a02a9b-65ec-4acd-8f80-35f55bd20c98,bdd640fb-0667-4ad1-9c80-317fa3b1799d,King Group,CO,4,2025-02-24 02:59:49.908989
f2f25eef-1f45-4bfd-b7dc-67e030974b2b,972a8469-1641-4f82-8b9d-2434e465e150,"Mayer, Fowler and Livingston",UZ,20,2023-11-23 00:46:40.272147
1777e8cb-7468-4b98-92fe-2fded918b3e5,47378190-96da-4dac-b2ff-5d2a386ecbe0,Hammond-Schwartz,MY,10,2026-05-26 10:27:50.666378
a3b5cece-a446-4e72-b64c-911aa9ab364a,9a1de644-815e-46d1-bb8f-aa1837f8a88b,"Carrillo, Morris and Martin",QA,24,2021-10-09 22:59:06.395653
0cf2b69b-0577-4ea9-b899-924698de8ebb,bd9c66b3-ad3c-4d6d-9a3d-1fa7bc8960a9,Ramirez Inc,KM,99,2024-11-03 04:22:20.879202
fd235def-3e5a-47e3-9560-db22c96b5edb,bdd640fb-0667-4ad1-9c80-317fa3b1799d,Price-Ferrell,CM,26,2024-12-25 00:21:12.507760
34885a46-9088-4eaf-8977-6598203c8c25,972a8469-1641-4f82-8b9d-2434e465e150,Sosa-Baker,KM,37,2026-02-01 18:18:15.296524
8de08fc2-c3e1-4a85-946e-f10411906f50,47378190-96da-4dac-b2ff-5d2a386ecbe0,Jones-Krause,BO,85,2023-12-24 09:18:01.292740
d0243d72-3748-467f-961d-33ba350843f0,bd9c66b3-ad3c-4d6d-9a3d-1fa7bc8960a9,Bishop and Sons,BO,54,2022-12-11 13:10:37.349980
c63d04ee-541c-4a86-bba5-cd2fdea45c19,47378190-96da-4dac-b2ff-5d2a386ecbe0,"Vasquez, Thomas and Mack",ID,21,2024-07-29 22:00:27.793025
989240ac-e689-43a9-89e4-8e8c25c61c45,b74d0fb1-32e7-4629-8fad-c1a606cb0fb3,Mendez Inc,ST,74,2023-06-02 19:29:36.920895
fbe94499-dbc0-40fd-86fb-7bf300b9d4a3,972a8469-1641-4f82-8b9d-2434e465e150,Baldwin-Garcia,GA,38,2022-01-19 04:51:08.247820
8a4b8f7c-2147-4a15-bcce-96f6250a4578,bd9c66b3-ad3c-4d6d-9a3d-1fa7bc8960a9,Jones Ltd,SA,46,2024-09-28 01:01:09.788476
1c24220e-2cab-47e7-8c6b-66e5402adf9c,c241330b-01a9-471f-9e8a-774bcf36d58b,Waters-Smith,MA,4,2022-12-04 01:38:13.519875
21bddb41-0699-4731-9dcf-8766a93b12cd,17fc695a-07a0-4a6e-8822-e8f36c031199,Hernandez-Bowman,LK,60,2023-05-23 15:21:40.808353
c9d6a63b-ca3c-4f5f-9bb5-c40c03cde2e3,17fc695a-07a0-4a6e-8822-e8f36c031199,Ortega LLC,MK,57,2026-02-28 15:24:33.123825
040a3aae-52e2-4fd9-96bf-10ab3ce915e7,bd9c66b3-ad3c-4d6d-9a3d-1fa7bc8960a9,Graves Group,GN,45,2022-02-05 17:12:31.757060
20733f6d-0d6a-45b3-83ef-20162c9b662e,47378190-96da-4dac-b2ff-5d2a386ecbe0,"Smith, Zimmerman and Wise",PA,20,2022-03-20 04:24:04.472814
1d181ee9-86ad-4a8c-abc4-123ebde13c1b,972a8469-1641-4f82-8b9d-2434e465e150,Graham-Anthony,LC,17,2025-04-17 06:50:43.507323
72c22a16-79eb-4168-9045-56e5bee3eb79,17fc695a-07a0-4a6e-8822-e8f36c031199,Fernandez Inc,KI,71,2023-03-02 15:18:11.061896
97fa7f04-8363-4007-9cae-9610c72c1fe3,972a8469-1641-4f82-8b9d-2434e465e150,Finley-Meyers,MM,4,2025-06-02 16:49:43.885902
38b77c07-80fb-4296-b3b6-a09b1beaf6ac,17fc695a-07a0-4a6e-8822-e8f36c031199,Martinez-Nichols,TG,93,2023-08-12 14:13:42.697077
ba2c98ce-0b19-488e-9d77-a45ef206c269,b74d0fb1-32e7-4629-8fad-c1a606cb0fb3,Cook-Turner,JP,14,2022-04-21 02:52:22.387124
a8addf36-ddf2-45eb-a8a3-f341c8819065,47378190-96da-4dac-b2ff-5d2a386ecbe0,Chen Ltd,TD,3,2022-04-18 15:34:19.071763
a4b1f991-7542-4646-8d37-a539857dd3b3,b74d0fb1-32e7-4629-8fad-c1a606cb0fb3,Diaz LLC,HN,88,2023-01-14 17:20:45.990758
ffa361be-0f92-40e1-87f9-7d05f6ca6b8b,17fc695a-07a0-4a6e-8822-e8f36c031199,Randall LLC,SL,80,2022-07-18 04:22:22.811997
6d204496-66d0-4371-98e8-8ebb7a9e8eef,c241330b-01a9-471f-9e8a-774bcf36d58b,"Harris, Spencer and Ponce",IQ,58,2021-12-25 16:01:22.781351
b65feea9-7d82-4264-9ba3-62e7afa415e5,c241330b-01a9-471f-9e8a-774bcf36d58b,"Lee, Dominguez and Mosley",LB,55,2022-10-08 18:51:11.233288
e63658c9-12d0-498d-b18d-4d05e8e22743,b74d0fb1-32e7-4629-8fad-c1a606cb0fb3,"Barker, Tucker and Mcclure",MC,4,2024-05-28 21:04:11.890266
25f934bf-9bb9-4155-9275-eb9414aeaf5c,c241330b-01a9-471f-9e8a-774bcf36d58b,Moss-Taylor,SR,24,2025-05-10 22:54:30.276659
9fd34579-4667-42ce-a04e-178c10d08d11,17fc695a-07a0-4a6e-8822-e8f36c031199,Johnson PLC,SC,34,2022-11-06 01:52:09.109239
b64fa54a-8c61-4654-95da-75c1a21150f9,bd9c66b3-ad3c-4d6d-9a3d-1fa7bc8960a9,Burns Inc,CA,30,2024-03-13 17:09:34.912215
98eeac2b-fe9f-4caa-a182-f347533f5a72,b74d0fb1-32e7-4629-8fad-c1a606cb0fb3,"Schneider, Porter and Hanna",BF,82,2023-01-01 03:25:27.917764
816bcb9f-7426-4193-8b7e-6b3c87d292a6,23b8c1e9-3924-46de-beb1-3b9046685257,Levy-Smith,LY,19,2021-08-26 20:36:03.819630
cb08587d-1963-426d-ae21-8b099afd4015,47378190-96da-4dac-b2ff-5d2a386ecbe0,Brown-French,NG,31,2025-05-27 23:06:37.161471
a79b44b6-da50-4fed-9d4a-3d81b3a7d0e0,c241330b-01a9-471f-9e8a-774bcf36d58b,Sullivan and Sons,MA,60,2021-11-19 03:23:31.675048
8d244e3e-c4da-4ddb-a0b1-5abaa6a27967,c241330b-01a9-471f-9e8a-774bcf36d58b,"Contreras, Ellis and Gregory",VU,60,2025-06-22 03:56:51.102516
6e191042-370b-4063-9d90-e79eb888f6ed,bdd640fb-0667-4ad1-9c80-317fa3b1799d,"Hernandez, Riley and Buckley",RU,19,2025-02-06 02:47:19.383245
69efafb1-3a7e-4e14-a359-eee173991a47,9a1de644-815e-46d1-bb8f-aa1837f8a88b,Moss Group,IT,49,2023-02-11 07:24:24.406453
66132e69-7418-4109-93d1-bf0f56c438e4,b74d0fb1-32e7-4629-8fad-c1a606cb0fb3,"Smith, Meadows and Montgomery",BR,63,2025-10-23 11:49:16.217701
50032b35-1857-4baf-bac7-e2b96a7e4c36,6b65a6a4-8b81-48f6-b38a-088ca65ed389,Haynes and Sons,GA,83,2026-01-25 20:27:45.303010
4140752c-aa44-4259-9001-8b7b6d4067f4,c241330b-01a9-471f-9e8a-774bcf36d58b,Jackson Inc,CU,22,2023-10-10 03:30:39.547651
afd380c4-2713-482c-b41e-a3ac5fd23109,47378190-96da-4dac-b2ff-5d2a386ecbe0,Hoover-Davis,SK,24,2025-12-19 09:10:16.007811
175a81ec-112f-4612-b969-9ed2ec48bf55,23b8c1e9-3924-46de-beb1-3b9046685257,"Jackson, Garza and Meyers",HT,76,2022-06-19 05:29:56.405088
6e8f75a1-17dd-4d81-95da-705cd4ef00aa,c241330b-01a9-471f-9e8a-774bcf36d58b,Wilson PLC,KP,30,2023-11-20 05:02:47.665353
5f65c8ce-bd21-4c11-be9d-61ee18b87245,23b8c1e9-3924-46de-beb1-3b9046685257,"Walker, Brock and Simmons",SZ,58,2023-11-06 11:20:07.008556
0f5ae9d3-8e6e-4003-a14f-3f12cfd01cbd,17fc695a-07a0-4a6e-8822-e8f36c031199,"Gregory, Nguyen and Daugherty",TG,31,2023-03-18 02:22:59.317437
8fca7b6a-8fc4-4092-b4e5-59e596229348,17fc695a-07a0-4a6e-8822-e8f36c031199,"Gardner, Morris and Oconnell",GE,64,2024-12-06 12:16:22.436626
692ac139-1f4a-4ca1-ab85-fd595463adc7,9a1de644-815e-46d1-bb8f-aa1837f8a88b,Duran PLC,CM,19,2025-01-23 16:58:51.742909
f0ede303-aa53-419c-9fa4-bb9f5a856750,bd9c66b3-ad3c-4d6d-9a3d-1fa7bc8960a9,Rogers Inc,MR,48,2022-10-27 06:53:14.710016
ea74bb18-de3b-496f-ac45-96f6c012a0ff,6b65a6a4-8b81-48f6-b38a-088ca65ed389,Thomas-Perry,RS,45,2025-04-13 07:28:37.546146
49a214ae-f7e8-48e5-8d2b-91efb8976ec5,bdd640fb-0667-4ad1-9c80-317fa3b1799d,"Wood, Martin and Sanchez",CV,94,2021-08-29 04:59:12.397846
1a85910d-5a05-4c11-8ffc-a6b199b479d4,9a1de644-815e-46d1-bb8f-aa1837f8a88b,"Williams, Garcia and Boone",AZ,55,2022-02-20 14:50:10.757470
279c658a-3676-4ce5-81e5-c9f693f277cc,972a8469-1641-4f82-8b9d-2434e465e150,"Bennett, Moore and Hobbs",GW,55,2023-08-07 02:48:39.454088
d8e7012f-3968-4c81-bb70-c3b8a81fdec3,bdd640fb-0667-4ad1-9c80-317fa3b1799d,Smith and Sons,MC,97,2023-07-11 16:33:56.664928
8e676a01-d86a-4460-99a1-120e1bb43332,b74d0fb1-32e7-4629-8fad-c1a606cb0fb3,Mann PLC,OM,18,2023-12-23 03:19:46.027004
47503f1d-c33a-4f6c-9d69-1fba5e187b24,47378190-96da-4dac-b2ff-5d2a386ecbe0,Butler-Aguirre,CF,63,2021-10-13 16:00:26.027815
6dda4f8d-cea6-4f4c-b9e5-8ff092f837d4,972a8469-1641-4f82-8b9d-2434e465e150,Schwartz-Harris,PH,92,2024-03-08 21:53:08.395647
c4767556-f97b-42dd-8f9b-72aed85c16bd,972a8469-1641-4f82-8b9d-2434e465e150,"Nelson, Cole and Allen",CI,47,2026-02-09 05:46:36.762141
accb461a-9d13-4363-9f29-4a8bd1846c39,9a1de644-815e-46d1-bb8f-aa1837f8a88b,Bishop Inc,AO,75,2024-02-08 10:40:36.279870
9be71737-06b8-4231-8e86-7f3ca487eeab,bd9c66b3-ad3c-4d6d-9a3d-1fa7bc8960a9,"White, Porter and Clements",SB,57,2021-08-16 12:56:40.902055
b18753e6-d457-4ad9-a867-a096edd877c8,9a1de644-815e-46d1-bb8f-aa1837f8a88b,"Serrano, Turner and Barnes",AU,45,2023-09-24 09:07:01.203459
45f50c52-2e2f-4f77-8769-79d644777442,b74d0fb1-32e7-4629-8fad-c1a606cb0fb3,"Young, Wilson and Moreno",IR,33,2021-09-14 13:03:59.380695
ebe9e207-4f19-4ec0-832d-4526b3e4110a,c241330b-01a9-471f-9e8a-774bcf36d58b,Montgomery PLC,IT,17,2024-01-24 17:51:00.269049
2e709838-0190-4620-99dc-abd056febfb9,c241330b-01a9-471f-9e8a-774bcf36d58b,"Robinson, Townsend and Hopkins",TZ,70,2025-07-14 18:26:24.126353
a847bce7-90fa-4b57-a4ac-2130deaf528d,bd9c66b3-ad3c-4d6d-9a3d-1fa7bc8960a9,Brown-Rodriguez,MV,4,2025-06-29 21:38:28.021700
bdb025ff-2451-45a4-91d0-59b26699cd99,b74d0fb1-32e7-4629-8fad-c1a606cb0fb3,Jennings Group,KG,20,2024-01-02 11:02:49.847583
177d6e7e-07d9-44ce-b8c8-8faea2178f84,bd9c66b3-ad3c-4d6d-9a3d-1fa7bc8960a9,Thompson-Santiago,BS,47,2024-06-01 16:20:05.096533
604e46cb-3712-42d1-87cd-b6a1bf012e32,23b8c1e9-3924-46de-beb1-3b9046685257,Brown LLC,BH,91,2024-09-18 10:42:24.628873
284bf962-5744-4596-b422-21676b7a2460,c241330b-01a9-471f-9e8a-774bcf36d58b,Clark-King,IT,15,2025-03-20 04:12:53.941953
530ac1c7-b8ba-4368-8fc7-77685ebbcca5,972a8469-1641-4f82-8b9d-2434e465e150,"Trujillo, Chang and Williams",VA,70,2024-05-15 07:34:53.141974
98a21f1c-914d-4fae-b100-13a7c6deb2f0,6b65a6a4-8b81-48f6-b38a-088ca65ed389,"Williams, Medina and Moore",MV,47,2026-06-01 02:05:10.930048
27d415b6-0d77-45a0-a222-b6a615bfbe97,47378190-96da-4dac-b2ff-5d2a386ecbe0,Washington Inc,SA,78,2025-06-12 11:06:25.411943
0cbd3c03-9e2a-44ac-8122-b5b3284c03d2,b74d0fb1-32e7-4629-8fad-c1a606cb0fb3,Jacobson Ltd,AM,75,2024-03-15 01:22:19.228945
716fda0a-45a8-4829-94e2-86e5ac8936bc,bdd640fb-0667-4ad1-9c80-317fa3b1799d,Watkins-Nguyen,MU,9,2025-07-15 08:08:48.141474
9b69554d-7c54-435f-ac8c-3b6aa974d079,bd9c66b3-ad3c-4d6d-9a3d-1fa7bc8960a9,Burgess LLC,MV,90,2025-10-10 11:08:49.515728
372f871a-45ee-432d-aa07-f2137129cec7,47378190-96da-4dac-b2ff-5d2a386ecbe0,Maxwell LLC,PA,16,2021-12-25 03:58:27.564663
585d3f86-1d23-44e6-8329-20b7c143f426,bdd640fb-0667-4ad1-9c80-317fa3b1799d,Garcia Ltd,BD,69,2026-02-26 14:47:37.688620
ad9fb00d-4882-473c-9c63-45ab6e0ed1e8,47378190-96da-4dac-b2ff-5d2a386ecbe0,Kane-Bennett,GR,61,2024-08-04 23:48:37.295890
86e52753-7c93-46cc-97d7-a560adb14670,6b65a6a4-8b81-48f6-b38a-088ca65ed389,Jones PLC,GA,10,2026-07-05 06:39:26.763252
3873e57f-0ba0-48e8-8ef4-92c1aac93316,bdd640fb-0667-4ad1-9c80-317fa3b1799d,Brown-Graham,MU,50,2025-04-21 02:03:33.572244
0e0630cd-996d-4c50-bc04-a168652ffb49,9a1de644-815e-46d1-bb8f-aa1837f8a88b,Reilly Group,ER,3,2025-05-18 20:36:17.671746
f200c261-4d29-41ab-b455-12f701f7c7ec,17fc695a-07a0-4a6e-8822-e8f36c031199,Hughes and Sons,KM,77,2023-09-12 22:44:25.741315
c3a00c6f-2321-41e1-8471-04c036136e15,9a1de644-815e-46d1-bb8f-aa1837f8a88b,Cortez-Chen,NR,94,2022-12-05 13:31:09.694877
1eb74b56-53ff-43a2-8a19-35014169b9fc,c241330b-01a9-471f-9e8a-774bcf36d58b,Harris-Martinez,SN,70,2023-10-20 02:17:59.081016
6e3f683a-bf3c-4140-bf54-a51101fa964e,17fc695a-07a0-4a6e-8822-e8f36c031199,"Carroll, Ramirez and Rodriguez",BF,81,2025-12-11 23:53:59.200840
88575117-6155-4667-a112-507c2cfa55b0,9a1de644-815e-46d1-bb8f-aa1837f8a88b,Ellis-Jackson,HR,51,2025-03-28 09:33:59.346744
8f0881ee-8011-416b-bae8-8926b423ccde,17fc695a-07a0-4a6e-8822-e8f36c031199,Robinson-Phillips,KP,19,2024-10-17 19:01:45.294962
5aaab32f-ce63-42b6-ab05-347fd556b37d,17fc695a-07a0-4a6e-8822-e8f36c031199,Clarke Ltd,AU,42,2021-11-28 07:29:42.366754
bdf66ba5-dc9c-46de-a5a6-74c212738a23,972a8469-1641-4f82-8b9d-2434e465e150,"Whitehead, Lane and Tran",SR,35,2024-10-13 00:54:22.700119
75b27455-04cc-4ede-afac-16730ad45230,bd9c66b3-ad3c-4d6d-9a3d-1fa7bc8960a9,Miller PLC,MG,46,2023-03-30 12:18:52.984216
5024bdc6-dcb3-4df3-93ee-cdc6ebd14d2c,bd9c66b3-ad3c-4d6d-9a3d-1fa7bc8960a9,Atkins-Robinson,AR,26,2024-03-07 15:55:56.814109
67884209-92ca-425a-ade5-93329364f3d0,972a8469-1641-4f82-8b9d-2434e465e150,Hood-Ramirez,UZ,69,2025-01-02 18:04:59.099907
4a1dab32-6aed-4dc7-a3e0-5309b5a1b949,47378190-96da-4dac-b2ff-5d2a386ecbe0,"Patterson, Salas and Wright",TW,93,2025-08-23 19:37:04.720217
f758dce2-0556-4aea-a7b0-32831d7c0098,23b8c1e9-3924-46de-beb1-3b9046685257,Riley-Snow,LU,64,2023-09-15 14:18:41.866847
f296d9f0-cd23-42c2-abff-e17b532401fc,47378190-96da-4dac-b2ff-5d2a386ecbe0,"Shah, Mcintyre and Villanueva",IN,37,2021-08-26 04:27:35.205833
b08a4895-d4ff-4666-b5c8-e90d9e3d750d,bdd640fb-0667-4ad1-9c80-317fa3b1799d,Baird-Williams,GB,84,2024-06-01 12:55:56.681304
6fcc57dd-168f-4e12-9ca2-60c9eb7607c9,bdd640fb-0667-4ad1-9c80-317fa3b1799d,Quinn-Gordon,UA,49,2021-07-29 13:20:55.660818
6f887f28-3e49-4d09-9b19-d8b8d8302081,17fc695a-07a0-4a6e-8822-e8f36c031199,Schmidt-Mendoza,GM,21,2025-09-07 10:52:01.434639
1422373f-8622-48d1-a683-e10796c044d0,9a1de644-815e-46d1-bb8f-aa1837f8a88b,"Nicholson, Chavez and Allen",TW,74,2021-08-21 09:59:03.410449
beed10b6-4f6e-474b-9eda-b0276550f74a,9a1de644-815e-46d1-bb8f-aa1837f8a88b,"Mullins, Steele and Russell",AT,64,2022-09-02 06:25:13.189247
c77444cb-5543-4c3c-b8b8-f24e56ea57b3,bd9c66b3-ad3c-4d6d-9a3d-1fa7bc8960a9,Anderson LLC,LV,5,2023-09-06 00:19:08.230999
a21b0307-82af-485c-938d-994c2b0abedd,b74d0fb1-32e7-4629-8fad-c1a606cb0fb3,Holland Inc,RS,70,2022-11-02 16:04:36.053928
31a3ac4d-828c-47e7-87d5-b7be1d30d990,47378190-96da-4dac-b2ff-5d2a386ecbe0,Castillo LLC,VU,90,2022-08-28 23:51:47.307937
59e1ac09-5970-4859-86b6-e4ade7ea8d5a,c241330b-01a9-471f-9e8a-774bcf36d58b,Warner PLC,NZ,4,2024-11-30 19:04:02.264962
a53bc024-d1a6-4d87-b54e-2019ba35844e,6b65a6a4-8b81-48f6-b38a-088ca65ed389,"Silva, Bray and Ford",NP,39,2023-03-06 10:11:36.780741
1a5165ca-3c7c-4d85-a5cf-0041d0a643fe,9a1de644-815e-46d1-bb8f-aa1837f8a88b,Sawyer Group,ZA,35,2023-10-31 21:38:28.430890
2c6a6e9a-3280-47a1-8187-222b257d5e52,6b65a6a4-8b81-48f6-b38a-088ca65ed389,Clarke LLC,LK,1,2024-11-14 02:37:40.729810
c257cf73-c29d-482b-a722-796e9a36d1ec,17fc695a-07a0-4a6e-8822-e8f36c031199,"Marshall, Schultz and Dalton",GB,24,2025-05-23 23:52:31.063744
f387e1bd-2d59-42c6-934a-5a2fa7cf705c,6b65a6a4-8b81-48f6-b38a-088ca65ed389,Cruz Ltd,BG,57,2024-05-31 23:48:32.038119
76c5a0dc-7e7e-4419-a0c1-4035c5d95f51,c241330b-01a9-471f-9e8a-774bcf36d58b,Schmidt-Phillips,CD,70,2023-04-26 14:32:27.270167
9458054e-c287-4f06-9050-f7efc1235c91,972a8469-1641-4f82-8b9d-2434e465e150,Wolfe-Salazar,TG,41,2025-12-11 13:52:10.931870
e1cde87f-ec95-4f87-ae5e-c36572eb7474,c241330b-01a9-471f-9e8a-774bcf36d58b,"Norton, French and Miller",MW,54,2025-11-17 17:05:16.383025
fc8d5b93-a2a2-491f-a49b-1cd99082889b,6b65a6a4-8b81-48f6-b38a-088ca65ed389,Fitzgerald-Brown,WS,46,2022-04-22 15:20:49.168171
f891b0c3-dd3f-487e-92bd-c6619fe0a8c7,c241330b-01a9-471f-9e8a-774bcf36d58b,"Cox, Williams and Reyes",GD,60,2025-05-29 14:10:27.542321
70944bdb-26a5-44e3-90ee-7a92a09151e0,23b8c1e9-3924-46de-beb1-3b9046685257,Harvey-Diaz,JO,60,2022-07-29 09:54:50.953742
a1a27485-7134-4c2a-b80b-3657117b355b,17fc695a-07a0-4a6e-8822-e8f36c031199,Wong Ltd,SN,57,2022-06-14 13:35:26.047133
97674900-4651-4367-8bdc-43184d85a3d2,47378190-96da-4dac-b2ff-5d2a386ecbe0,Castro and Sons,PL,31,2021-09-03 20:15:01.617867
12fe28bf-81e0-4489-9a18-e2a30e614bcd,972a8469-1641-4f82-8b9d-2434e465e150,Zavala and Sons,NO,84,2024-07-21 04:21:29.380340
09a0a0f6-73b0-4091-b634-c1694f76e388,9a1de644-815e-46d1-bb8f-aa1837f8a88b,"Wilson, Mendoza and Crosby",TO,24,2025-10-07 12:58:34.047506
497de16d-d4ea-420a-9e65-96540e9058b6,bdd640fb-0667-4ad1-9c80-317fa3b1799d,"Pitts, Warner and Mullins",WS,89,2025-06-10 09:47:59.899311
fa34d2e8-dd3f-4d7e-a508-dc9513a4a492,47378190-96da-4dac-b2ff-5d2a386ecbe0,Flores LLC,TN,36,2024-03-30 05:45:23.354616
98159d6c-9d71-4084-971d-abf9daf481a7,bdd640fb-0667-4ad1-9c80-317fa3b1799d,"Frazier, Ramirez and Brown",SI,85,2026-04-26 08:29:26.826844
949077c2-7674-456f-a26d-719d81cf3252,17fc695a-07a0-4a6e-8822-e8f36c031199,Chavez-Mason,IL,30,2023-03-07 23:05:14.209506
bd29ede9-cab4-423b-b448-83858de7ad6c,972a8469-1641-4f82-8b9d-2434e465e150,Harrison PLC,DK,24,2023-02-13 19:40:18.841815
e8b77f7b-7321-4f6b-8a80-76ece5582e16,bd9c66b3-ad3c-4d6d-9a3d-1fa7bc8960a9,"Bryan, Lam and Hayes",MU,30,2022-09-11 04:02:18.066437
30307633-a6de-41d8-9258-17b7cf501889,9a1de644-815e-46d1-bb8f-aa1837f8a88b,Marsh-Dougherty,PT,86,2022-08-03 06:38:01.923188
80599b93-79c2-42e4-9ae1-a991524f93ff,23b8c1e9-3924-46de-beb1-3b9046685257,Lopez Group,CH,92,2023-01-22 03:53:57.382807
73557b9d-0fd6-447e-b52d-4af2269ed4c9,bd9c66b3-ad3c-4d6d-9a3d-1fa7bc8960a9,Miller and Sons,GW,7,2023-08-31 18:42:18.850975
d65e59dd-e62d-4d06-8f9b-85581a7f195b,17fc695a-07a0-4a6e-8822-e8f36c031199,Mullen-Jones,CO,35,2022-11-24 23:52:59.957957
15969802-b6dd-4257-bb7d-9f1c57eb89b1,47378190-96da-4dac-b2ff-5d2a386ecbe0,Hill Ltd,AL,55,2026-03-23 19:52:02.187777
0a0537f0-2c2c-422b-a568-95c6812a1f9b,23b8c1e9-3924-46de-beb1-3b9046685257,Crawford and Sons,IT,92,2022-08-18 16:02:50.428370
fdb1429e-7010-4d13-b526-b22d3f6c21f7,c241330b-01a9-471f-9e8a-774bcf36d58b,"Crane, Johnson and Butler",KZ,14,2023-04-27 21:11:49.704898
9c1c3517-85d2-40a6-8629-5b5d707df251,6b65a6a4-8b81-48f6-b38a-088ca65ed389,"Weaver, Anderson and Reed",IS,10,2022-03-25 17:05:23.778382
eafde7d9-5f73-4a3e-9d28-6aa428a39779,23b8c1e9-3924-46de-beb1-3b9046685257,Rojas-Smith,BS,80,2026-01-14 11:40:41.204449
c6435300-68a5-4c68-a32d-bb5e486bb6bf,17fc695a-07a0-4a6e-8822-e8f36c031199,Brown and Sons,HU,16,2023-09-28 19:47:50.415989
0d67d38e-990f-4c5b-adcc-3daf569f3ab3,b74d0fb1-32e7-4629-8fad-c1a606cb0fb3,"Newman, Jenkins and Cooper",SR,54,2025-09-18 06:58:24.496619
55ab946d-a5b5-4dc2-a181-c85eca0ac6ac,6b65a6a4-8b81-48f6-b38a-088ca65ed389,"Buchanan, Tucker and Wade",KE,95,2023-06-02 23:39:23.175206
8ed6ad5e-1831-4aa3-9466-9d1910df9974,bdd640fb-0667-4ad1-9c80-317fa3b1799d,"Wilkinson, Wallace and Torres",LU,89,2023-10-06 16:45:58.290982
4082cbb9-48bd-4b3e-a2f5-df2badaa44ca,9a1de644-815e-46d1-bb8f-aa1837f8a88b,Villanueva LLC,TO,77,2025-04-06 12:57:51.245289
f6e39356-a814-4562-9a00-3f16b9469bcf,bdd640fb-0667-4ad1-9c80-317fa3b1799d,Mccormick and Sons,MY,70,2025-03-30 04:21:03.907861
267eddce-df8f-4197-9a4a-99b2e806133c,23b8c1e9-3924-46de-beb1-3b9046685257,Watson-Roberts,AZ,44,2023-06-12 16:03:50.560246
a9e27ba9-952e-4abb-94dd-5061555736f8,bdd640fb-0667-4ad1-9c80-317fa3b1799d,Hernandez LLC,VE,73,2023-10-11 22:06:47.705903
4f6b58c8-598d-4aec-aaaf-e5432434a678,17fc695a-07a0-4a6e-8822-e8f36c031199,Huber-Montgomery,IS,45,2023-07-16 22:21:50.521672
a981b098-b2cf-452d-a7f3-33b3f7baf55e,c241330b-01a9-471f-9e8a-774bcf36d58b,Joseph LLC,ML,56,2022-07-28 11:28:40.920691
b576255e-9854-4f22-a102-f9c964575bc4,47378190-96da-4dac-b2ff-5d2a386ecbe0,Mcpherson Ltd,IQ,84,2023-06-12 19:56:06.521852
8f158449-4f40-422f-95b0-2530f020e992,9a1de644-815e-46d1-bb8f-aa1837f8a88b,"Conway, Bauer and Martin",KM,82,2025-08-13 09:23:40.275229
54170a17-caaa-4bbe-a4bb-f962606e0e1c,bdd640fb-0667-4ad1-9c80-317fa3b1799d,Williams LLC,ID,57,2022-01-03 12:26:46.440704
b3ecb951-ab8c-4f97-a0b7-1785d02ce0c1,bdd640fb-0667-4ad1-9c80-317fa3b1799d,"Martinez, Green and Lopez",TD,21,2022-06-02 17:08:39.909959
ff4625af-bd20-463b-b275-b5f3d436a7a8,23b8c1e9-3924-46de-beb1-3b9046685257,"Mann, Wade and Spence",UZ,68,2026-02-09 18:58:10.887156
17ec889c-86c1-46cb-a996-30f7af77520e,47378190-96da-4dac-b2ff-5d2a386ecbe0,Watson PLC,AL,50,2025-03-02 01:37:54.944860
822c4d32-6c64-4c15-aba3-01cba561e1e9,bd9c66b3-ad3c-4d6d-9a3d-1fa7bc8960a9,Ferguson Inc,CM,33,2022-02-25 04:59:30.954846
4f11d8dc-5cd3-4369-84aa-c1b75ca0c428,bdd640fb-0667-4ad1-9c80-317fa3b1799d,Sullivan Group,KP,91,2025-04-29 16:00:40.298564
577bc55a-36d5-4494-b37f-d50d2e25b5ee,17fc695a-07a0-4a6e-8822-e8f36c031199,Gould LLC,TN,7,2022-02-22 18:01:24.452783
31274148-7c7c-404e-8422-d03ef29a6339,b74d0fb1-32e7-4629-8fad-c1a606cb0fb3,Smith Ltd,HR,70,2023-12-28 03:53:52.440608
27aa7cbc-2337-4bbc-bffe-77c839feb99c,9a1de644-815e-46d1-bb8f-aa1837f8a88b,"Cantrell, Rivera and Thornton",LI,15,2024-07-26 12:38:32.952878
c9c23e69-d82c-4565-8bb9-07ec13c11754,bdd640fb-0667-4ad1-9c80-317fa3b1799d,Kemp-Montes,IN,82,2025-04-17 00:33:02.934329
8a2e6a93-c558-4bb2-81f7-f3fb19e45c6a,17fc695a-07a0-4a6e-8822-e8f36c031199,"Estrada, Marsh and Chandler",EE,32,2023-02-16 15:18:51.411407
86cac6f4-e238-4e93-bd17-c5e8d5ca69ab,17fc695a-07a0-4a6e-8822-e8f36c031199,Morgan-Rodriguez,PA,75,2022-07-01 17:20:12.677786
e05b46c5-5636-4094-a974-31db09a9d1c1,9a1de644-815e-46d1-bb8f-aa1837f8a88b,Mccullough-Taylor,PL,20,2026-06-21 00:53:49.278890
98e52499-218c-4e1c-9e37-4f7ac42cbc39,bd9c66b3-ad3c-4d6d-9a3d-1fa7bc8960a9,"Wilson, Johnson and Williamson",AM,88,2025-07-17 12:45:05.846649
2e4bebc4-2989-4880-a77d-1be96070b6a1,17fc695a-07a0-4a6e-8822-e8f36c031199,Griffin Inc,OM,15,2023-05-06 03:01:40.125287
9feefdff-c566-4a81-b15e-54f6d4d30795,b74d0fb1-32e7-4629-8fad-c1a606cb0fb3,Brown-Davidson,AG,48,2022-10-27 03:40:38.646832
b89f72f3-2a60-4652-a714-7668cf1d7d3a,17fc695a-07a0-4a6e-8822-e8f36c031199,"Fox, Harrington and Wang",PT,71,2022-02-07 11:21:11.495586
5d42b9e9-692e-47b6-8b2f-6d5c700b5d5f,17fc695a-07a0-4a6e-8822-e8f36c031199,Johnson PLC,AZ,21,2023-10-30 10:35:49.135563
f836f571-3cce-476c-b836-c448ad261ec5,17fc695a-07a0-4a6e-8822-e8f36c031199,Rhodes-Rosario,MK,42,2021-07-31 04:51:59.366647
c09cb506-48f1-496d-9c4f-fb4671b701aa,c241330b-01a9-471f-9e8a-774bcf36d58b,"Foster, Henry and Morrison",QA,26,2025-07-24 03:25:55.345907
3be79df4-72ec-416e-88a7-23e9bfa016c2,c241330b-01a9-471f-9e8a-774bcf36d58b,"Harding, Kerr and Ward",DZ,14,2023-07-18 23:53:49.274608
f7315749-4f39-49a8-bd3a-258288b4f474,bd9c66b3-ad3c-4d6d-9a3d-1fa7bc8960a9,Baldwin Group,TH,57,2025-10-30 21:45:17.710352
e76adca9-7811-4802-88cc-7cfecf01f944,bdd640fb-0667-4ad1-9c80-317fa3b1799d,Hughes-Smith,GM,37,2023-04-26 16:06:34.130197
ada58417-5e2a-432d-b1ab-0b56d5c9fdc7,17fc695a-07a0-4a6e-8822-e8f36c031199,Bell-Madden,NE,58,2026-04-10 01:09:06.130299
70cafdd8-fc04-4f08-9207-0158f2771f63,47378190-96da-4dac-b2ff-5d2a386ecbe0,"Miller, Luna and Wallace",BG,21,2025-09-22 15:10:18.113433
c7332304-4822-4120-84f9-eccd7630a8a7,bdd640fb-0667-4ad1-9c80-317fa3b1799d,Lara-Roberts,TT,82,2023-09-18 19:05:13.728511
6b2d5b09-8707-4ad4-80be-7e3561c2645a,bd9c66b3-ad3c-4d6d-9a3d-1fa7bc8960a9,"Waller, Coleman and Mosley",BR,69,2025-10-13 05:16:35.992024
331f63fb-d11f-48c0-a97c-a4fff75d599f,972a8469-1641-4f82-8b9d-2434e465e150,Houston PLC,IS,3,2023-01-18 01:56:19.911182
df7d0dd7-236e-4608-9acb-394acd1f5318,bdd640fb-0667-4ad1-9c80-317fa3b1799d,Thomas LLC,VA,87,2026-07-17 14:48:05.605060
7b07fd31-a424-4f23-8d5b-a7cd400035f0,bdd640fb-0667-4ad1-9c80-317fa3b1799d,Mcneil-Fox,TG,90,2021-12-19 04:16:08.977545
ef2ddcc4-8df6-41da-9f07-c1a5dfc620ce,6b65a6a4-8b81-48f6-b38a-088ca65ed389,Jones-Choi,KW,37,2024-10-05 06:17:14.274729
8412a335-d88c-456d-b61e-5fdb1a435206,23b8c1e9-3924-46de-beb1-3b9046685257,Davis-Ortiz,BI,88,2023-06-29 14:20:29.419885
1578d709-48f9-43d0-9fea-e1e0d9e604b3,6b65a6a4-8b81-48f6-b38a-088ca65ed389,Perry-Peters,OM,49,2023-11-25 18:04:10.519617
73069588-45d5-468d-a90a-3abbc35b9fea,b74d0fb1-32e7-4629-8fad-c1a606cb0fb3,"Bradley, Melendez and Gonzalez",EG,19,2026-04-20 05:36:02.594330
d4bf7a4b-25b8-442f-836b-15c7e7c225da,c241330b-01a9-471f-9e8a-774bcf36d58b,Roberts-Henry,IL,89,2022-12-01 15:20:26.848099
e916da57-f248-43ab-977a-8a5f6ffe33b3,c241330b-01a9-471f-9e8a-774bcf36d58b,Davenport-Torres,IS,85,2024-10-12 03:51:27.541548
e27718c5-737d-4fb6-9113-76e038d77b9a,23b8c1e9-3924-46de-beb1-3b9046685257,"Singh, Walker and Moody",IL,12,2023-02-28 07:26:22.316071
6a36af18-06d3-4b93-ae33-688d597e6845,9a1de644-815e-46d1-bb8f-aa1837f8a88b,Baker Ltd,SA,61,2022-03-31 23:08:40.397912
5fbbf0b1-8083-49c8-a57e-01c90da23e5c,9a1de644-815e-46d1-bb8f-aa1837f8a88b,"Kennedy, Valdez and Stafford",CN,41,2022-10-15 16:09:04.962575
14e4180c-fe99-46a3-a2db-c8503c5bf3a7,bd9c66b3-ad3c-4d6d-9a3d-1fa7bc8960a9,White-Knox,GT,33,2024-05-13 23:41:36.479561
519554e3-0737-4c86-b97b-5f515ffa46ef,23b8c1e9-3924-46de-beb1-3b9046685257,"Sanchez, Wilson and Ramirez",ZM,50,2022-03-08 14:40:59.083583
b6f6dbf1-d6d4-41cc-995d-82f8ee4a9b5d,bdd640fb-0667-4ad1-9c80-317fa3b1799d,George LLC,EC,68,2022-04-28 09:33:45.112269
25637cc3-ca97-4bf5-95d5-96afa663d2cd,9a1de644-815e-46d1-bb8f-aa1837f8a88b,"Castillo, Graham and Scott",CY,71,2025-01-07 06:57:20.689898
eada79a3-4970-4d9a-89ce-3cfb2339ba19,17fc695a-07a0-4a6e-8822-e8f36c031199,"Alvarez, Benson and Wilson",VN,86,2025-05-10 01:01:25.699285
d4c3a832-b231-460b-b8f2-ce6bd46b415d,47378190-96da-4dac-b2ff-5d2a386ecbe0,"Quinn, Smith and Green",TD,33,2021-11-06 16:22:20.952751
781799ff-b49e-44cc-8243-69e72387eaf6,bdd640fb-0667-4ad1-9c80-317fa3b1799d,"Brown, Flores and Johns",BE,81,2025-07-22 06:13:37.204832
e7e646c7-0158-4463-9d87-76a072d78bdd,b74d0fb1-32e7-4629-8fad-c1a606cb0fb3,Howard Inc,HT,24,2025-11-16 01:43:36.860777
3735262d-4184-4b03-84dd-7054144823f7,17fc695a-07a0-4a6e-8822-e8f36c031199,Ward-Fields,CI,61,2024-11-05 23:36:13.883005
f0b2a5d1-8c7e-4f42-a646-eaf9d5c0244d,17fc695a-07a0-4a6e-8822-e8f36c031199,Williams-Carter,TD,61,2023-05-27 18:12:16.161390
6c5a6c93-871c-4884-9bdf-90f2ba2c0f19,23b8c1e9-3924-46de-beb1-3b9046685257,"Mayer, Palmer and Miranda",AZ,98,2023-08-14 14:23:45.451797
3cd5fd7f-49c1-4669-86b3-3fe61c76bdf6,bd9c66b3-ad3c-4d6d-9a3d-1fa7bc8960a9,Duran PLC,ER,28,2022-05-01 13:08:24.032359
3d0a5f0c-0c39-4ec7-9f31-74054d183eba,b74d0fb1-32e7-4629-8fad-c1a606cb0fb3,Stephens LLC,LA,58,2022-05-28 19:49:25.357368
9f708368-cb3c-48ca-a392-57316b79afcc,9a1de644-815e-46d1-bb8f-aa1837f8a88b,"Marsh, Nelson and Wolfe",SD,43,2026-03-23 19:23:57.109866
d6312a80-1c61-4ec2-9014-2131750565f5,23b8c1e9-3924-46de-beb1-3b9046685257,Davis-Carpenter,OM,41,2026-05-15 18:48:41.061434
893ad232-98c3-43ca-bff4-cec6e7b7b4c6,9a1de644-815e-46d1-bb8f-aa1837f8a88b,Smith PLC,TT,39,2025-04-02 22:22:16.759603
93364f7e-83ef-49f3-a1c7-cc8a04351b64,23b8c1e9-3924-46de-beb1-3b9046685257,Watson-Washington,LB,86,2025-08-05 18:12:05.223219
4a90cd0c-24c1-43b9-b7f2-85723defa849,23b8c1e9-3924-46de-beb1-3b9046685257,Mccall-Martin,BB,49,2022-06-14 14:48:59.485101
5a5226e6-9d64-4932-8066-853d6de299a1,23b8c1e9-3924-46de-beb1-3b9046685257,Moore and Sons,TG,17,2025-12-09 07:46:14.011686
2ff3cde4-6aa4-4c9f-9217-04753d959e3f,bd9c66b3-ad3c-4d6d-9a3d-1fa7bc8960a9,Pope PLC,VC,98,2022-02-02 17:21:50.414635
8603156a-15ea-4bcf-ab10-21ceaa143cd8,23b8c1e9-3924-46de-beb1-3b9046685257,"Norris, Cisneros and Mathis",GT,70,2022-05-10 11:30:27.188941
f4124360-1153-4e99-9c50-8720f982f4e0,972a8469-1641-4f82-8b9d-2434e465e150,"Arnold, Avila and Wilson",BH,70,2024-01-12 14:07:05.677998
c9525185-81e0-4a5e-8b48-f49686abd4e7,47378190-96da-4dac-b2ff-5d2a386ecbe0,Moon-Wilson,LC,98,2023-01-27 21:18:58.197897
0534a101-8ddc-4719-81f3-8dd4fd034ada,9a1de644-815e-46d1-bb8f-aa1837f8a88b,Mclean Group,IL,65,2024-09-01 21:33:30.440525
0b251279-785a-45d0-9f92-a62163f4c69d,bdd640fb-0667-4ad1-9c80-317fa3b1799d,Collins-Cox,IE,74,2026-02-01 22:24:08.984463
5f90bed6-fb25-464d-a30a-a767a2bb522b,6b65a6a4-8b81-48f6-b38a-088ca65ed389,Preston-Harper,AM,85,2022-11-14 05:26:33.467377
5b6a8102-0428-4378-bf50-23f440ef3935,b74d0fb1-32e7-4629-8fad-c1a606cb0fb3,Jackson-Torres,GD,5,2023-02-24 07:05:42.692461
3dba6da8-5844-49fc-914b-9547c9dc72b8,c241330b-01a9-471f-9e8a-774bcf36d58b,"Olsen, Walker and Vincent",MH,2,2025-06-17 08:35:54.300823
1a89b71e-a0d5-42c8-a837-fe68bba205ca,bd9c66b3-ad3c-4d6d-9a3d-1fa7bc8960a9,Watts LLC,SR,22,2023-03-15 11:42:20.638230
c1b5b5ca-bc35-46df-94f7-9dbac5811d2d,bdd640fb-0667-4ad1-9c80-317fa3b1799d,Clark Inc,VC,57,2025-12-27 02:47:46.544386
5a304528-0b59-4562-a227-219f551ff086,17fc695a-07a0-4a6e-8822-e8f36c031199,Vazquez-Bowers,BD,66,2021-09-18 10:48:19.942696
a48e40f1-d042-4dfa-96ab-087a8bc78e81,972a8469-1641-4f82-8b9d-2434e465e150,Smith Group,US,74,2025-11-26 10:48:42.740804
af475b49-c775-4395-9494-05f02cd2a404,c241330b-01a9-471f-9e8a-774bcf36d58b,Williams-Rodriguez,GW,98,2026-02-10 07:50:35.577859
7a8104de-b205-47bb-bb16-f75776f186ab,6b65a6a4-8b81-48f6-b38a-088ca65ed389,"Palmer, Brown and Wilson",MG,16,2021-10-10 20:52:39.347470
2285b2ef-cfbe-4fe9-aea9-c542a1b970d0,bdd640fb-0667-4ad1-9c80-317fa3b1799d,Williams-Turner,CD,51,2023-06-06 11:55:54.207740
f1901b7e-c6b4-49ef-b74e-ba9310275b53,c241330b-01a9-471f-9e8a-774bcf36d58b,Webster Inc,BO,39,2024-07-14 22:43:37.191628
339b77a8-4b1f-4d7b-8977-c513752a7d25,bdd640fb-0667-4ad1-9c80-317fa3b1799d,"Harris, Santana and Lopez",SD,86,2024-03-03 01:56:59.567486
e2c328aa-3310-4475-8a86-22250b36e356,972a8469-1641-4f82-8b9d-2434e465e150,Johnson-Thomas,PA,76,2022-05-02 19:22:36.489592
4f612217-eef1-4694-90ca-e32d0aba590e,6b65a6a4-8b81-48f6-b38a-088ca65ed389,"Mcmahon, Rush and Bailey",CG,88,2021-08-14 05:35:50.412927
d0be73ee-fd37-4539-a5f2-02f983f02dc7,17fc695a-07a0-4a6e-8822-e8f36c031199,Wyatt Ltd,SE,40,2026-01-11 09:33:58.942698
095ffa81-40d9-4bce-b930-ba208b040f49,23b8c1e9-3924-46de-beb1-3b9046685257,"Allen, Hudson and Garcia",BO,38,2022-01-02 04:32:32.802051
493e904d-30ec-4796-a59b-457fc0d7ac73,9a1de644-815e-46d1-bb8f-aa1837f8a88b,"Hines, Rice and Baldwin",GW,60,2026-06-26 14:06:37.716573
0c3ce284-c7e5-4bbb-9cb5-1c535b62a8df,17fc695a-07a0-4a6e-8822-e8f36c031199,Jackson-Webster,GA,59,2022-02-08 05:41:01.532712
45f18619-54f9-4429-a7de-02ccdda4f4a7,23b8c1e9-3924-46de-beb1-3b9046685257,Beltran Inc,LR,10,2023-12-03 15:45:24.322882
6fdc0bad-5e36-4127-8ca1-b45c1fdd980a,bd9c66b3-ad3c-4d6d-9a3d-1fa7bc8960a9,Knapp Ltd,TO,99,2026-06-17 18:44:11.054458
7092947d-be49-49ec-a667-d3bbe3b56360,47378190-96da-4dac-b2ff-5d2a386ecbe0,Richardson-Lawrence,MR,64,2025-10-28 10:28:12.095068
56cb1ab0-62fb-46d7-b4db-ca07e506f670,b74d0fb1-32e7-4629-8fad-c1a606cb0fb3,Nunez-Rodriguez,KZ,63,2024-03-24 02:58:17.890376
b12b6680-7f07-4cb9-afd3-40c0f945f2fd,b74d0fb1-32e7-4629-8fad-c1a606cb0fb3,Zavala-Coleman,NI,49,2022-03-20 09:41:22.963178
cc1b4157-ec9f-4c54-9e0a-72ab7f5db163,9a1de644-815e-46d1-bb8f-aa1837f8a88b,"Perez, Rodriguez and Rollins",BN,64,2024-07-23 15:30:38.489553
15260718-cd18-4a82-8447-ceab84ef4324,6b65a6a4-8b81-48f6-b38a-088ca65ed389,Owens PLC,BA,32,2024-09-22 23:27:47.951321
6e3c4532-1434-4f62-acac-028cba220065,972a8469-1641-4f82-8b9d-2434e465e150,Simpson LLC,NP,7,2023-02-06 16:30:15.704215
2e326567-d284-454e-bebe-c0db9a3a6103,6b65a6a4-8b81-48f6-b38a-088ca65ed389,"Roberts, Bowen and Miller",JM,21,2023-11-22 07:54:48.555637
1a43db54-523a-4993-8b34-46bc8ba435cc,972a8469-1641-4f82-8b9d-2434e465e150,Wilson-Campbell,CV,20,2026-01-21 19:08:19.528350
4baf0f5e-a932-4094-93f2-8f11147f6570,6b65a6a4-8b81-48f6-b38a-088ca65ed389,"Fitzgerald, Mcdaniel and Randall",AR,26,2022-03-09 01:39:13.639979
b7b8c1a5-9a45-493d-b227-890e4e76833a,47378190-96da-4dac-b2ff-5d2a386ecbe0,Spencer LLC,LR,68,2024-10-28 14:57:33.134029
71a3fad2-b094-4d2a-aaa9-3b436d15f16f,bd9c66b3-ad3c-4d6d-9a3d-1fa7bc8960a9,Lopez-Jones,UZ,86,2023-05-16 13:54:52.943395
ba108217-0ad7-49a2-b277-16ec59fefbbc,bd9c66b3-ad3c-4d6d-9a3d-1fa7bc8960a9,Crosby-Richardson,ML,15,2024-08-11 12:38:01.395164
9d66e815-5a41-43b3-a95f-176cdebac186,23b8c1e9-3924-46de-beb1-3b9046685257,Lutz Group,LT,85,2025-02-15 02:06:07.897266
a3b442bd-4649-4296-af58-42c3ff86cc31,c241330b-01a9-471f-9e8a-774bcf36d58b,"Garcia, Kim and Barrett",NE,79,2023-12-07 11:49:05.052380
0eaf04b5-f2a9-4c8a-8a9e-4a62fae3114b,bd9c66b3-ad3c-4d6d-9a3d-1fa7bc8960a9,Wilson Group,CF,86,2025-04-15 06:18:50.869662
67fd64c4-a334-458a-abd2-b5121335e5db,bd9c66b3-ad3c-4d6d-9a3d-1fa7bc8960a9,Neal-Madden,MR,92,2025-10-20 19:37:05.675925
bff9507d-cd14-403e-8359-9af65d01f55f,17fc695a-07a0-4a6e-8822-e8f36c031199,"Schaefer, Levine and Brown",PW,14,2022-07-11 09:53:25.419800
07f8d4f0-f3ea-4184-a8f4-e3ceadedda80,17fc695a-07a0-4a6e-8822-e8f36c031199,Morgan PLC,KE,27,2022-08-22 11:00:22.063513
ad973b67-9b89-45cb-9942-644c248d31ec,23b8c1e9-3924-46de-beb1-3b9046685257,Martinez-Massey,VU,40,2022-03-12 00:10:27.767098
20509c62-08e8-45d7-b02c-1821c8040fb7,c241330b-01a9-471f-9e8a-774bcf36d58b,"Porter, Hubbard and Miranda",AT,58,2026-04-03 18:15:51.549402
a52964ff-c74c-4890-bc6a-3174113634a5,9a1de644-815e-46d1-bb8f-aa1837f8a88b,"Nelson, Clarke and Schneider",DK,28,2022-09-02 20:31:44.520181
f31046dc-6202-4ee6-9cb5-e69c5dc7b3e6,17fc695a-07a0-4a6e-8822-e8f36c031199,Kelly-Estrada,MN,26,2021-12-15 01:06:25.402797
2747b93c-9ae7-4eab-884a-67809136f1f8,9a1de644-815e-46d1-bb8f-aa1837f8a88b,Archer-Dixon,BD,63,2022-01-07 01:21:32.218314
5ef787b8-f2e6-495f-b32e-2016add702c9,bdd640fb-0667-4ad1-9c80-317fa3b1799d,Tate Inc,JP,66,2023-07-25 10:37:14.749905
13aec376-c359-410a-b1a6-014c5f3c44dc,17fc695a-07a0-4a6e-8822-e8f36c031199,King Group,CZ,25,2025-12-23 15:24:38.828220
5df06e8c-878a-4ed9-a33f-fc8292ec89af,47378190-96da-4dac-b2ff-5d2a386ecbe0,Fuller and Sons,UA,3,2022-01-26 02:53:19.192537
4758367b-a649-4cdc-907b-907265e58f34,c241330b-01a9-471f-9e8a-774bcf36d58b,Garcia Inc,AR,72,2022-09-04 01:57:46.121018
06a241af-1d0a-47f7-b5e4-a4713fe68c9c,23b8c1e9-3924-46de-beb1-3b9046685257,Jimenez Inc,CD,44,2022-06-20 02:49:54.001896
848af440-7fc1-4858-afa0-d842bc55300b,bdd640fb-0667-4ad1-9c80-317fa3b1799d,Reyes Ltd,UZ,97,2024-11-03 02:13:48.969666
1e2595b8-8fc9-486b-a9dd-ebf563119aca,c241330b-01a9-471f-9e8a-774bcf36d58b,Hernandez-Howell,GH,42,2023-03-10 02:08:06.568665
b43bd27f-42a2-49a6-8664-12854303cbc1,47378190-96da-4dac-b2ff-5d2a386ecbe0,Wolf Ltd,KW,99,2026-05-31 14:13:04.361028
9ca3fbb3-ff11-48ba-b6ee-1640723ef466,c241330b-01a9-471f-9e8a-774bcf36d58b,"Saunders, Sparks and Harris",SE,6,2024-11-19 12:07:11.569721
ffa623d0-ea9e-4c8d-b1a8-b71f491b90e9,47378190-96da-4dac-b2ff-5d2a386ecbe0,"Jimenez, Wagner and Daniels",VC,39,2024-02-22 10:11:50.832062
22bf18f5-1f65-4a87-b33e-e3447dbf4bc1,47378190-96da-4dac-b2ff-5d2a386ecbe0,"Payne, Cisneros and Johnson",SZ,52,2024-06-05 23:24:15.364015
2c33350c-73b9-41d8-92f5-131ada52d2ee,9a1de644-815e-46d1-bb8f-aa1837f8a88b,Beard-Wilson,SE,23,2025-12-17 13:14:17.059053
ff4c96d6-71f2-4e8f-b69f-68c3e60fd420,6b65a6a4-8b81-48f6-b38a-088ca65ed389,Edwards-Bennett,TT,89,2025-05-05 16:05:16.421137
f7b217c7-ae92-4a71-8f7d-cb431679742f,bdd640fb-0667-4ad1-9c80-317fa3b1799d,Johnson-Thompson,LC,50,2022-03-15 11:25:35.455157
aaf78c67-51d0-4109-bc90-2838d8741408,c241330b-01a9-471f-9e8a-774bcf36d58b,"Dalton, Turner and Mccarthy",LY,43,2023-08-27 15:32:03.877677
8ccc9cea-109f-48ee-b5a4-720058f0dd23,972a8469-1641-4f82-8b9d-2434e465e150,Jordan-Edwards,GM,19,2024-11-06 10:32:42.693488
4cc9f5f2-e42e-4037-8a55-2ea08acbbe09,bdd640fb-0667-4ad1-9c80-317fa3b1799d,Freeman-Rodriguez,MT,69,2024-06-09 23:53:28.400895
b5a5f8e6-b639-4f04-a852-4385d9f2dd0d,6b65a6a4-8b81-48f6-b38a-088ca65ed389,"Henry, Spencer and Ryan",TV,51,2026-03-20 18:19:43.836102
2c913a7c-a340-4f08-b341-91b8ed6522b4,bdd640fb-0667-4ad1-9c80-317fa3b1799d,Alvarez-Dickerson,AU,11,2021-09-18 10:55:00.830750
3967e60a-823d-4107-9c8a-c066cb2fafa3,bd9c66b3-ad3c-4d6d-9a3d-1fa7bc8960a9,"Brown, Baker and Garza",KM,12,2026-01-27 12:23:31.733514
cac4d0eb-3373-430e-bc31-a5971f119c0f,972a8469-1641-4f82-8b9d-2434e465e150,Jensen-Gomez,RS,74,2023-06-21 02:15:57.450003
7e7838c9-ca55-438b-bc9a-be10238d6f44,6b65a6a4-8b81-48f6-b38a-088ca65ed389,Flores-Johnson,CZ,8,2021-10-13 15:27:09.848873
9280c5aa-8dd4-495b-9c63-b6f306ba8cd3,9a1de644-815e-46d1-bb8f-aa1837f8a88b,Anderson LLC,MU,24,2022-07-14 08:24:48.212269
fba6abf7-cdbc-4653-b7a7-e8b75e70f65f,c241330b-01a9-471f-9e8a-774bcf36d58b,Pacheco-Silva,CF,92,2022-06-15 15:15:47.695741
e25df9a8-9ca8-45c4-a138-afe08d38bbd8,b74d0fb1-32e7-4629-8fad-c1a606cb0fb3,"Peterson, Davis and Reed",BR,41,2022-04-05 00:23:06.718688
65edcfe3-4f2d-4d3f-90d4-de39161237c9,6b65a6a4-8b81-48f6-b38a-088ca65ed389,Jenkins-Brown,BO,36,2021-09-18 06:02:23.645877
7a89cbeb-b807-478a-b788-f5d1ffe575f6,23b8c1e9-3924-46de-beb1-3b9046685257,Wright Ltd,GR,85,2025-07-08 08:46:30.153631
68d0a2a8-c4e7-47dd-a929-de738693fd9d,c241330b-01a9-471f-9e8a-774bcf36d58b,Watkins-Lozano,TM,72,2022-05-09 14:05:48.364644
20156a72-12e1-43a6-932c-ae01d2c65ee4,6b65a6a4-8b81-48f6-b38a-088ca65ed389,Melton Inc,SC,55,2023-02-26 23:04:10.555394
12fc7a87-a470-4d48-9128-b9b1f8ede0ca,bd9c66b3-ad3c-4d6d-9a3d-1fa7bc8960a9,Jackson-Ryan,TR,9,2024-05-27 16:44:14.963217
8471b4b0-ae1b-4f69-b740-d83173318749,b74d0fb1-32e7-4629-8fad-c1a606cb0fb3,Murray Group,ZM,47,2023-12-18 13:12:07.611613
d43cdd6d-e0c1-4f1e-a0da-897258321ee4,bd9c66b3-ad3c-4d6d-9a3d-1fa7bc8960a9,"Robertson, Fisher and Smith",SY,15,2023-04-06 23:39:51.785817
96792482-a3c9-48e4-8d22-38e6c7bf4fbc,b74d0fb1-32e7-4629-8fad-c1a606cb0fb3,Chapman-Odom,ES,48,2024-09-08 02:35:43.396136
21084dd9-f75d-4e3c-848d-56502e9522d6,23b8c1e9-3924-46de-beb1-3b9046685257,Hudson-Morris,NL,82,2025-08-17 22:31:53.045564
de431e06-e924-4069-80bb-ae526ec01269,c241330b-01a9-471f-9e8a-774bcf36d58b,Stokes Inc,SO,42,2024-06-06 00:54:38.806078
84a2576c-1fc9-45f8-94d6-07350e2f8958,9a1de644-815e-46d1-bb8f-aa1837f8a88b,"Leonard, Rogers and Shaw",ES,60,2023-10-21 14:02:35.840850
2976aab2-2a26-4770-8ddb-1b36272c0588,bd9c66b3-ad3c-4d6d-9a3d-1fa7bc8960a9,"Morgan, Mendez and Cox",CM,84,2022-08-14 06:52:29.819040
39b86bb2-b596-4a7c-af4a-fa885299e505,bd9c66b3-ad3c-4d6d-9a3d-1fa7bc8960a9,Harris-Reid,SM,70,2024-08-25 14:14:47.243114
84d67c4f-f0df-4684-b28e-41225894f7f1,47378190-96da-4dac-b2ff-5d2a386ecbe0,Pittman PLC,BF,12,2024-04-09 20:06:09.811871
143029a9-d88f-4c94-88b7-63d5e519dd7e,b74d0fb1-32e7-4629-8fad-c1a606cb0fb3,Mitchell Inc,UZ,2,2022-02-18 02:44:00.672356
f4d375c1-a293-49fa-b240-d7a14027ab7d,17fc695a-07a0-4a6e-8822-e8f36c031199,Davies-Morales,PW,7,2022-12-10 00:28:26.467854
a0017720-200b-4903-8642-6c458d03f17a,c241330b-01a9-471f-9e8a-774bcf36d58b,Weber Inc,KM,80,2025-05-21 09:46:47.107620
17eaec83-8892-442f-9d4b-2bf94d85e9c7,b74d0fb1-32e7-4629-8fad-c1a606cb0fb3,"Richard, Davis and Rogers",SL,3,2026-03-01 03:39:39.773213
9780c215-2b2b-48e9-a417-c09380a8a23d,47378190-96da-4dac-b2ff-5d2a386ecbe0,Knight PLC,SK,3,2023-03-25 20:19:35.506134
2bd3cdcd-2779-4685-94a5-3fdef10d27c8,bdd640fb-0667-4ad1-9c80-317fa3b1799d,Simmons-Reed,OM,27,2026-01-02 21:14:34.951723
e6e987ca-b87b-4384-9fdd-de2ea8a2b7ad,b74d0fb1-32e7-4629-8fad-c1a606cb0fb3,Pearson LLC,LB,40,2022-10-27 03:40:20.815925
ec86a890-d7b0-4bdc-966e-3cbe9aea622f,9a1de644-815e-46d1-bb8f-aa1837f8a88b,"Brock, Reynolds and Fernandez",IQ,33,2025-07-30 16:12:00.106426
dd20c3bf-d342-4f08-8a8b-b5b490494583,c241330b-01a9-471f-9e8a-774bcf36d58b,Perry LLC,FI,92,2023-12-24 23:03:13.810484
f2d3f761-0ba3-4279-94cb-056407437c3b,47378190-96da-4dac-b2ff-5d2a386ecbe0,"Robertson, Powers and Kelley",TR,1,2024-04-15 08:31:31.042837
43c07d43-93a7-4792-8561-b8dca4364fcd,bdd640fb-0667-4ad1-9c80-317fa3b1799d,Burton PLC,KE,8,2024-11-10 04:13:46.285365
92779574-c457-4cc3-b5f7-89bca6b07458,972a8469-1641-4f82-8b9d-2434e465e150,Ray and Sons,HN,32,2024-11-18 21:03:24.726374
07c0d116-a394-4d54-9e3c-5a886aa56e6d,47378190-96da-4dac-b2ff-5d2a386ecbe0,"Hayden, Harmon and Mcdonald",LS,48,2023-04-04 04:44:56.130462
8baaf744-a08d-421b-a395-4cb17f7f6c0a,972a8469-1641-4f82-8b9d-2434e465e150,"Patel, Mendez and Hammond",HN,4,2024-02-20 21:12:20.828216
4d560a3d-f4e7-469a-a454-09374a27ebf2,c241330b-01a9-471f-9e8a-774bcf36d58b,Michael-Barber,ML,94,2021-11-10 05:14:19.136999
ceae71cf-ce00-4af0-beb0-51817ba24588,bd9c66b3-ad3c-4d6d-9a3d-1fa7bc8960a9,Boyd LLC,HT,70,2023-05-16 06:52:51.501725
741b77f5-4c24-4053-a7f5-ae02af5b8f47,47378190-96da-4dac-b2ff-5d2a386ecbe0,Hernandez-Hernandez,PH,19,2024-10-02 21:46:49.809129
2877f5d9-0f56-45f8-b048-faa112ae5c22,23b8c1e9-3924-46de-beb1-3b9046685257,"Cannon, Richard and Jenkins",KW,32,2026-05-14 18:51:10.391356
76e5ae78-7bf7-41d3-aa66-2fce7089fc6d,972a8469-1641-4f82-8b9d-2434e465e150,Walters Group,AE,9,2022-03-05 11:17:30.073625
24c778a5-9b4e-464b-9716-dc2e343ada2a,9a1de644-815e-46d1-bb8f-aa1837f8a88b,Colon-Lucas,CI,12,2022-09-05 17:28:52.140480
51beb80e-b7e6-414c-9c8a-49225005680f,23b8c1e9-3924-46de-beb1-3b9046685257,Mcdaniel-Young,MD,11,2023-10-31 07:37:16.285558
586a346a-dc5b-47d1-bcef-1972bbf483ce,6b65a6a4-8b81-48f6-b38a-088ca65ed389,Wilson and Sons,GY,46,2022-02-05 21:51:44.534702
c2baf0e0-2179-43f0-a612-4ab4f9b21e6e,6b65a6a4-8b81-48f6-b38a-088ca65ed389,Sanchez LLC,PA,16,2024-04-18 05:04:22.049540
1b2ededb-8fc8-4fc0-83d5-bceb5edbb8ee,bdd640fb-0667-4ad1-9c80-317fa3b1799d,Washington-Esparza,ES,1,2023-01-08 23:37:38.695881
1f5d988f-776a-4f09-bde2-885951b1943c,bd9c66b3-ad3c-4d6d-9a3d-1fa7bc8960a9,Lucas-Johnson,NE,63,2025-11-28 18:50:56.038762
24108e9a-3f77-4cae-b318-b96d44790612,c241330b-01a9-471f-9e8a-774bcf36d58b,Nelson Inc,ML,21,2023-01-29 15:38:12.251019
f204be89-4a4b-4563-8cf4-77ef18c8a616,47378190-96da-4dac-b2ff-5d2a386ecbe0,Clarke-Ramirez,BR,30,2023-09-22 11:24:42.976434
6b0ae0e3-9d89-4047-9d39-d7936257a4a2,17fc695a-07a0-4a6e-8822-e8f36c031199,"Thompson, Phelps and Stuart",MH,13,2026-06-19 12:03:47.201045
e6fdd7af-dd84-4acc-b672-94643f8ea40a,9a1de644-815e-46d1-bb8f-aa1837f8a88b,Casey-Brown,TJ,34,2021-12-16 11:13:02.052140
ef0a573d-53d2-456d-9040-158728e213bc,972a8469-1641-4f82-8b9d-2434e465e150,Edwards LLC,SD,4,2025-11-17 05:00:26.264157
3098f7b2-500e-45c0-b89b-df7f93e34c35,c241330b-01a9-471f-9e8a-774bcf36d58b,Lester Group,BO,28,2024-01-25 16:17:51.179408
fef7d9ea-7f8e-4483-a8ca-aa1dc35bec2c,23b8c1e9-3924-46de-beb1-3b9046685257,Powers-Blackwell,ML,95,2023-07-13 23:21:24.902529
e10b1a47-7fae-4748-b781-321e83c501cb,6b65a6a4-8b81-48f6-b38a-088ca65ed389,Hahn-Ramsey,TD,59,2026-04-01 20:42:29.604803
170d7507-05ee-41d4-bf53-a88e4efc8248,9a1de644-815e-46d1-bb8f-aa1837f8a88b,Young PLC,RO,27,2026-07-15 11:52:57.188081
750d112e-8164-4eec-a4ab-851bf1fac6e7,17fc695a-07a0-4a6e-8822-e8f36c031199,"Mason, Martinez and Beck",UY,69,2022-07-08 20:07:50.339548
95560a2d-3713-4466-bda0-6476f778c676,47378190-96da-4dac-b2ff-5d2a386ecbe0,"Herring, Huynh and King",GT,25,2025-09-28 23:36:58.386410
4806f804-0cf0-474c-8c74-dc0f5a575539,bdd640fb-0667-4ad1-9c80-317fa3b1799d,Young Inc,PE,3,2022-08-27 02:35:33.347534
d7c4fe9c-e1e0-4ffc-98f6-fd7f7eb162f1,17fc695a-07a0-4a6e-8822-e8f36c031199,Murphy-Silva,NL,97,2021-08-17 11:38:47.969471
4926ce5f-7878-4140-ac2a-4f71a77d95f1,9a1de644-815e-46d1-bb8f-aa1837f8a88b,Shaffer-Manning,GT,68,2025-03-18 07:26:40.355918
1b84edc3-d8e0-49de-8217-ea0e896490ab,17fc695a-07a0-4a6e-8822-e8f36c031199,Robinson-Rodriguez,TN,25,2023-04-25 07:28:28.032291
43b47ee5-e1e8-4e7e-a249-8f666e51484d,9a1de644-815e-46d1-bb8f-aa1837f8a88b,Booker Group,CN,20,2024-07-19 09:10:45.766962
673ba8bd-c38c-4dec-9da3-9a73ba3df7ff,9a1de644-815e-46d1-bb8f-aa1837f8a88b,King-Lawrence,SO,34,2022-04-21 02:48:42.187974
0d18ab95-668c-4477-8b95-017c5dae1201,b74d0fb1-32e7-4629-8fad-c1a606cb0fb3,Ferguson-Lyons,HN,26,2025-11-04 08:23:45.033946
5cce5ba9-31d4-4e09-8fd3-3afc91fdfa4f,972a8469-1641-4f82-8b9d-2434e465e150,Stewart Group,NE,5,2024-03-02 18:57:52.590881
62e7c1a6-12d2-4a06-89e1-cd138da00495,6b65a6a4-8b81-48f6-b38a-088ca65ed389,Vega-Richmond,GQ,99,2025-07-18 09:17:51.021498
8cc36f3b-c3af-4cfe-b34a-6ca38116e3fc,b74d0fb1-32e7-4629-8fad-c1a606cb0fb3,Cox Ltd,TV,61,2023-05-11 05:38:46.970101
9f8cc29f-fd35-4c5f-9347-9a3b479bc637,47378190-96da-4dac-b2ff-5d2a386ecbe0,Underwood-Smith,TL,92,2022-09-11 18:02:59.895904
20f0156a-1e6a-4628-9c6d-52d5ae2e9af9,b74d0fb1-32e7-4629-8fad-c1a606cb0fb3,"Johnson, Stevenson and Lindsey",CU,93,2026-04-12 15:54:07.571280
5f89ed12-64d6-4fbf-98c0-1e2bf99f0704,bd9c66b3-ad3c-4d6d-9a3d-1fa7bc8960a9,Vazquez Ltd,UZ,9,2024-03-13 10:15:38.843832
8ece1128-56ce-4b42-bc9e-1dcbcb7e6268,bd9c66b3-ad3c-4d6d-9a3d-1fa7bc8960a9,King Group,IL,50,2023-06-01 19:31:34.166292
24eeb4a6-c145-45c7-9d98-6115f05eeefe,6b65a6a4-8b81-48f6-b38a-088ca65ed389,Fowler-Haynes,JO,6,2022-01-16 19:47:38.708415
66c14dca-8255-4a61-9a3b-031932f57510,17fc695a-07a0-4a6e-8822-e8f36c031199,"Martinez, Camacho and Mathews",LV,83,2022-05-16 10:28:06.254683
09f64405-0b99-4034-8a4e-255280051b10,972a8469-1641-4f82-8b9d-2434e465e150,Smith-Yu,KW,60,2024-09-18 08:01:24.643091
cdd0b4d4-5542-47de-b6ad-f48b2314d0c8,6b65a6a4-8b81-48f6-b38a-088ca65ed389,Turner-Mayer,CL,44,2024-08-19 21:08:12.888431
2620f9a9-74fd-43d1-84f2-fd0f79474bfa,9a1de644-815e-46d1-bb8f-aa1837f8a88b,Evans and Sons,BR,11,2025-10-04 21:00:24.846236
23c8afdb-83f8-4f16-a4a4-474c9b33e3a4,23b8c1e9-3924-46de-beb1-3b9046685257,Welch-Suarez,NE,66,2025-04-19 14:51:26.801480
518b2f21-9cf2-4859-ae6e-2e7253f591dc,972a8469-1641-4f82-8b9d-2434e465e150,"Sullivan, Johnson and Delacruz",NL,47,2022-04-21 15:04:44.001248
9dd2f9de-fd98-4e33-a498-abe92999bbef,972a8469-1641-4f82-8b9d-2434e465e150,Ruiz-Gutierrez,SD,73,2026-04-03 14:00:24.116659
97fe56c5-4c9a-4f24-97b4-c294bd44089d,9a1de644-815e-46d1-bb8f-aa1837f8a88b,Love-Mcdowell,CY,85,2024-08-04 07:46:19.592688
827c9f8c-d40a-45e9-81df-6517561c9210,9a1de644-815e-46d1-bb8f-aa1837f8a88b,Holloway Ltd,TR,88,2025-11-01 08:54:39.600295
901bcdef-b56f-48ce-bd66-971e88476c56,bdd640fb-0667-4ad1-9c80-317fa3b1799d,Hunter-Bell,SA,98,2022-12-08 09:44:14.925535
044251db-d0d4-4a67-b992-8faa4cbf131d,6b65a6a4-8b81-48f6-b38a-088ca65ed389,"Daniel, Kelley and Murphy",ZM,86,2026-05-04 09:10:10.649249
1c0f0bdc-ac7e-437c-94cc-1e2a5e4cb287,9a1de644-815e-46d1-bb8f-aa1837f8a88b,"Johnson, Williams and May",FJ,3,2026-04-15 19:58:18.237038
4ec3f970-956d-40e4-aaa2-6216fada98f5,bd9c66b3-ad3c-4d6d-9a3d-1fa7bc8960a9,"Ramos, Davidson and Smith",EG,76,2023-01-10 09:56:43.061573
df41e335-b9ae-48e4-a615-99c8cbf81f86,47378190-96da-4dac-b2ff-5d2a386ecbe0,Fuller LLC,PH,92,2026-01-18 06:42:35.975515
98cf1188-06d2-4913-a117-3719b023a0ea,23b8c1e9-3924-46de-beb1-3b9046685257,"Miller, Moore and Black",AL,30,2026-05-28 00:50:40.671302
a7d4cf50-f791-41e5-83f9-cd6b797ebe87,6b65a6a4-8b81-48f6-b38a-088ca65ed389,"Hines, Bradford and Jennings",DM,90,2026-01-05 02:36:40.336348
9416e4dc-c6b2-4def-b8d8-b7f1c86c6544,c241330b-01a9-471f-9e8a-774bcf36d58b,Hayes-Russo,CL,21,2023-11-19 14:55:21.588910
0d259caa-b8ad-4d87-ba40-45dd93dfd907,bd9c66b3-ad3c-4d6d-9a3d-1fa7bc8960a9,Green Ltd,NL,28,2022-03-23 12:50:00.225850
86341718-2ba6-4db3-bafe-b1149561c813,17fc695a-07a0-4a6e-8822-e8f36c031199,"Serrano, Marsh and Gonzalez",IN,90,2026-03-27 04:33:31.985480
c64c9647-9ea7-417c-b89f-7039a107cc46,9a1de644-815e-46d1-bb8f-aa1837f8a88b,Richardson-Long,TG,62,2021-07-18 14:21:39.291569
d25864f2-25d4-40fc-a154-2765d756ba9c,c241330b-01a9-471f-9e8a-774bcf36d58b,Duffy-Wilkerson,LC,33,2022-10-19 22:19:17.538182
9293f705-0815-4147-be00-980eae441e21,9a1de644-815e-46d1-bb8f-aa1837f8a88b,Smith Inc,PW,85,2024-04-27 21:02:29.374658
30d73df7-1c22-4cea-b355-56a5f2bd92f2,972a8469-1641-4f82-8b9d-2434e465e150,"Holland, Sims and Meadows",CH,35,2023-02-07 00:09:03.947200
6b352f85-504e-4687-b0e7-e75604d9145e,bd9c66b3-ad3c-4d6d-9a3d-1fa7bc8960a9,Gonzalez-Haynes,BZ,52,2026-02-27 15:07:50.452667
34323ec6-b0c4-401c-a9b7-c0fa26c432f6,972a8469-1641-4f82-8b9d-2434e465e150,Williams PLC,CN,34,2024-08-10 15:03:23.681933
9c89d374-c664-45a7-8077-3e33690e7e62,bdd640fb-0667-4ad1-9c80-317fa3b1799d,Burke-Hernandez,AU,41,2026-05-04 18:46:03.412153
d92f3c1e-df70-4b2a-b8bb-22a5eba742d2,972a8469-1641-4f82-8b9d-2434e465e150,Jackson-Bradley,NR,51,2021-11-03 02:30:05.914007
b4adaf89-0ff1-4a9f-ba37-0623bc5fd4dd,bdd640fb-0667-4ad1-9c80-317fa3b1799d,Higgins Group,AR,47,2023-08-06 09:07:46.160645
8f964685-3514-4890-84c8-6c4623595fa4,bdd640fb-0667-4ad1-9c80-317fa3b1799d,Wilcox-Snyder,FM,82,2022-04-06 13:04:27.656100
7a768555-a987-4218-bf84-faef5336723b,c241330b-01a9-471f-9e8a-774bcf36d58b,Reeves and Sons,DM,58,2025-08-27 21:28:32.210733
f4e95734-5052-4700-a077-96a38685abaa,9a1de644-815e-46d1-bb8f-aa1837f8a88b,Roberts-Snyder,BN,75,2025-05-14 06:03:11.271011
887b03e5-e980-4808-b5ac-824c2c55aef7,17fc695a-07a0-4a6e-8822-e8f36c031199,Reynolds and Sons,CO,57,2025-07-30 16:11:24.961854
ad05b912-5ab2-4d4a-8bd8-8fcd57a2be4e,972a8469-1641-4f82-8b9d-2434e465e150,"Lewis, Holloway and Acosta",SG,23,2026-04-19 12:08:00.835398
ae455cc6-b88e-430f-9e1e-994ac5a11f5c,bd9c66b3-ad3c-4d6d-9a3d-1fa7bc8960a9,Barnes Group,SM,48,2022-10-03 17:43:39.287146
43ad3d62-b17c-4b21-8dbc-2c1ca4afe7bd,bdd640fb-0667-4ad1-9c80-317fa3b1799d,Johnson LLC,MW,22,2025-06-22 22:00:40.028155
f5141058-3138-4975-bbf3-3a349c2dfa97,9a1de644-815e-46d1-bb8f-aa1837f8a88b,Williamson and Sons,NO,17,2024-10-09 19:58:34.671933
4c6a70f4-8ede-444d-876c-f68c3f1be0d0,23b8c1e9-3924-46de-beb1-3b9046685257,Aguilar-Holland,MH,69,2023-07-01 23:54:30.912380
fb756923-f910-4bb3-b105-32523990e2c9,6b65a6a4-8b81-48f6-b38a-088ca65ed389,Smith and Sons,CN,11,2022-07-06 02:05:39.970257
b4746349-49fc-4cd8-856b-ad4c4c3077c4,c241330b-01a9-471f-9e8a-774bcf36d58b,Mccann-Sanders,MZ,94,2025-09-18 14:30:09.142715
7d2f4e58-b47a-4c5b-b0b3-901535102852,17fc695a-07a0-4a6e-8822-e8f36c031199,Reeves Ltd,MC,15,2021-11-23 18:10:46.425727
8f7c1d59-594b-4a3a-bad4-65a15129950d,b74d0fb1-32e7-4629-8fad-c1a606cb0fb3,Fitzgerald-Scott,TH,91,2026-05-12 05:39:31.874013
b8beff3d-cb9f-4f6d-af3a-6f27ef06fccb,c241330b-01a9-471f-9e8a-774bcf36d58b,Hawkins Inc,GY,35,2022-12-04 09:09:37.240824
92cf6021-1f33-442d-89ac-908746015028,23b8c1e9-3924-46de-beb1-3b9046685257,Galvan-Ruiz,LC,33,2026-01-03 02:08:12.446866
e5508ea2-6133-434d-8b0e-8eb1ad371d9e,6b65a6a4-8b81-48f6-b38a-088ca65ed389,Barajas-Crosby,KE,84,2022-02-28 10:28:00.328835
585abefb-d181-4f77-a500-1423faebcd19,23b8c1e9-3924-46de-beb1-3b9046685257,"Mckinney, Pacheco and Smith",CL,16,2025-03-29 17:03:10.458185
257f7595-cdfb-4db9-85e7-8b23f4613f09,972a8469-1641-4f82-8b9d-2434e465e150,"Harvey, Turner and Foster",LU,34,2026-04-07 12:11:59.842320
f48f709c-49a2-4441-8ac4-de854a5b1aff,bdd640fb-0667-4ad1-9c80-317fa3b1799d,Anderson-Mcclain,LU,66,2022-04-21 06:05:57.507920
ec8be537-58ab-4778-943b-45e3b6d1f6bb,17fc695a-07a0-4a6e-8822-e8f36c031199,Carpenter LLC,UA,99,2023-10-05 15:44:06.878485
bf519362-41a6-4fed-a7ed-c8d8713f8f8c,47378190-96da-4dac-b2ff-5d2a386ecbe0,Gordon LLC,UZ,40,2024-11-26 14:15:01.338442
d3f4a49b-33ba-4a88-b6c7-d6fa7aa4f052,bdd640fb-0667-4ad1-9c80-317fa3b1799d,Anderson-Stewart,VE,28,2025-05-06 22:22:21.391284
8fe069b6-eeda-4802-8568-f42689e03e22,47378190-96da-4dac-b2ff-5d2a386ecbe0,"Hamilton, Green and Edwards",CD,47,2021-08-06 14:51:23.238387
1bf645f6-2324-4211-8588-fc1bb2384849,6b65a6a4-8b81-48f6-b38a-088ca65ed389,Porter LLC,WS,39,2022-02-17 03:37:50.473037
3d4196fe-963a-4617-bdab-07e79d9d028e,9a1de644-815e-46d1-bb8f-aa1837f8a88b,"Ward, Jordan and Orr",BD,70,2023-02-06 04:39:28.068503
e7ba26ac-ab7a-4d1c-8cfe-f6833e11bafe,b74d0fb1-32e7-4629-8fad-c1a606cb0fb3,Austin-Juarez,BN,73,2022-01-21 08:13:57.201248
3b9b2d45-a350-45e4-b9c5-9df987f255d6,bd9c66b3-ad3c-4d6d-9a3d-1fa7bc8960a9,Black-Graham,SZ,20,2024-09-07 19:16:04.237286
548e1f6b-69ce-4e4e-99a6-92c90d700ea4,bdd640fb-0667-4ad1-9c80-317fa3b1799d,Stewart Group,MH,1,2023-11-25 07:01:09.145895
ae62990c-19bd-4f93-b8ef-7666b7a4c719,17fc695a-07a0-4a6e-8822-e8f36c031199,Peters Ltd,PE,72,2024-11-05 00:20:29.259464
f6eab3a0-0153-4221-a331-0a28c550eca8,23b8c1e9-3924-46de-beb1-3b9046685257,"Yates, Brown and Hernandez",NE,87,2023-01-14 15:52:53.806070
286ed390-edd9-4a1a-ba58-5b278ce3e7c3,17fc695a-07a0-4a6e-8822-e8f36c031199,White Group,ZM,63,2022-03-02 23:31:24.186804
e1721c83-ef5e-4376-a723-fb72682b163a,6b65a6a4-8b81-48f6-b38a-088ca65ed389,Martin-Mcdonald,PG,67,2025-04-04 15:47:31.797868
a689b424-7a3a-40e1-b9c7-73a0e0decc3d,47378190-96da-4dac-b2ff-5d2a386ecbe0,Carney Group,SZ,4,2023-10-25 17:14:30.203261
4988e418-f6c3-4218-8183-6315330f8be1,23b8c1e9-3924-46de-beb1-3b9046685257,Alexander Ltd,NZ,58,2021-11-23 12:31:47.308877
0f25477d-a559-40e7-8910-fade52380bf2,bd9c66b3-ad3c-4d6d-9a3d-1fa7bc8960a9,"Washington, Vasquez and Singleton",JP,25,2026-06-09 18:56:56.846545
a6fd0cb1-16e6-45c0-84cb-294fe86e8e63,bd9c66b3-ad3c-4d6d-9a3d-1fa7bc8960a9,Martinez Inc,TW,47,2026-02-04 17:15:18.286706
bd1a8f4b-88ff-4d40-bb72-c86d92fa675f,bdd640fb-0667-4ad1-9c80-317fa3b1799d,Oneill and Sons,QA,38,2023-04-02 09:00:54.356117
098c60b3-efc9-409e-99af-6e09b91e3d6e,6b65a6a4-8b81-48f6-b38a-088ca65ed389,Brady LLC,ME,15,2022-11-26 20:48:04.183831
6afa828c-2cd1-4b9f-abe5-841fe9c96c52,9a1de644-815e-46d1-bb8f-aa1837f8a88b,"Macdonald, Willis and Silva",CR,63,2026-06-26 03:56:16.017838
ef158d5b-2d00-4d05-966d-4627e1dace6a,6b65a6a4-8b81-48f6-b38a-088ca65ed389,Fox PLC,ES,21,2023-06-14 15:37:28.840201
d61169a1-ff46-46bf-894d-916deb6d2fed,47378190-96da-4dac-b2ff-5d2a386ecbe0,Butler Inc,EG,99,2025-12-31 07:26:24.757516
2fb21e66-7ed1-4aab-89b7-c9bc65a16fa9,17fc695a-07a0-4a6e-8822-e8f36c031199,Tate Ltd,RS,57,2022-02-09 00:23:52.446497
df4e713e-f64e-4dfc-bfbe-ac7aefc59738,bd9c66b3-ad3c-4d6d-9a3d-1fa7bc8960a9,Clay Inc,TZ,53,2023-11-16 22:07:24.313372
0997623a-e072-4d96-8a1a-81f5ed10f004,17fc695a-07a0-4a6e-8822-e8f36c031199,Maldonado-Becker,SE,46,2024-06-20 05:46:17.170952
9a4ffc0c-9165-42ed-8c63-6e95025f5543,17fc695a-07a0-4a6e-8822-e8f36c031199,Brooks-Hickman,BS,14,2025-12-04 03:30:43.223282
55c551fc-fba5-4cc8-adaf-37661b780ede,17fc695a-07a0-4a6e-8822-e8f36c031199,Hood and Sons,CZ,76,2024-12-31 15:42:47.204854
a42d0cd7-fd35-4f6a-b450-388748d90846,bd9c66b3-ad3c-4d6d-9a3d-1fa7bc8960a9,Miller Ltd,AF,17,2025-07-07 18:53:55.349338
e3a68a70-7e71-4b55-8639-bd418b15bd94,c241330b-01a9-471f-9e8a-774bcf36d58b,"Castillo, Fuller and Adams",UA,39,2025-05-03 01:14:01.238306
811414f8-d9df-4d0e-a25a-ed6cf0458043,972a8469-1641-4f82-8b9d-2434e465e150,"Smith, Booker and Douglas",UA,9,2022-09-01 04:16:31.785799
cf0e6d2b-315c-467a-85d8-a6ad77d0359e,47378190-96da-4dac-b2ff-5d2a386ecbe0,Nguyen-Dennis,MN,99,2022-01-22 03:25:39.343240
bb2aa146-2999-494c-94a7-b69b1cd66b09,c241330b-01a9-471f-9e8a-774bcf36d58b,"Meadows, Robles and Anderson",GQ,77,2026-07-13 18:42:21.508917
b7f60cdf-41dc-4c60-a5f6-0735757b6b29,47378190-96da-4dac-b2ff-5d2a386ecbe0,Solis LLC,CF,79,2024-07-23 17:28:54.467283
564cfbd2-bc92-4d81-839b-058c2faabe0b,23b8c1e9-3924-46de-beb1-3b9046685257,Yates-Manning,PH,82,2024-07-15 22:22:22.284391
aca58d95-915a-4c30-8b86-b5a1ca6fbff8,6b65a6a4-8b81-48f6-b38a-088ca65ed389,"Crane, James and Ross",MU,97,2023-05-11 00:58:00.557831
9c678393-2ced-4c0d-b173-04b5c1dd484a,6b65a6a4-8b81-48f6-b38a-088ca65ed389,Allen Group,LI,6,2025-11-21 13:55:28.227214
67ce378f-e5a4-483b-a383-889adb2c6ac8,b74d0fb1-32e7-4629-8fad-c1a606cb0fb3,Smith and Sons,OM,91,2024-11-13 05:05:48.031156
53f30073-83e9-4ef4-ad7d-f5d0d3b59af7,6b65a6a4-8b81-48f6-b38a-088ca65ed389,Price Group,EE,23,2025-09-22 22:49:08.594466
186b2880-ab54-4a15-a69d-01ff1634725b,bd9c66b3-ad3c-4d6d-9a3d-1fa7bc8960a9,Holland-Best,SE,59,2026-05-12 00:42:34.175885
7a3a6e96-23ff-43d3-bb4f-b88a2f4dd219,9a1de644-815e-46d1-bb8f-aa1837f8a88b,Martinez Group,WS,91,2023-08-27 00:19:59.077973
01bf9e73-3f80-4385-af92-40b652d78f10,bdd640fb-0667-4ad1-9c80-317fa3b1799d,Fitzgerald-Dorsey,TZ,98,2024-09-25 04:15:45.257169
725d4259-3c4b-4eec-a231-ee7342c2d2eb,b74d0fb1-32e7-4629-8fad-c1a606cb0fb3,"Munoz, Howard and Davis",IT,46,2025-11-13 22:06:16.503530
546252e7-f43b-4052-8459-bd6ec0f63229,bdd640fb-0667-4ad1-9c80-317fa3b1799d,Hunt-Burns,BY,38,2022-12-11 15:50:54.600169
92a81713-b90e-444b-951c-25d54d4c5280,47378190-96da-4dac-b2ff-5d2a386ecbe0,Alvarez-Hart,HT,14,2025-03-01 05:12:32.072817
5c0b9b10-a757-4b10-82f5-25b902ed73ce,bdd640fb-0667-4ad1-9c80-317fa3b1799d,Davis-Henderson,KG,72,2022-12-03 17:43:20.242480
aaf407f7-0fe7-4149-bc7e-5368b1594847,bdd640fb-0667-4ad1-9c80-317fa3b1799d,Austin-Hamilton,SA,62,2022-10-20 13:17:30.748806
28e333b6-4e8a-4c4b-b724-20411e43fbd2,b74d0fb1-32e7-4629-8fad-c1a606cb0fb3,Davis-Palmer,LV,35,2024-01-31 08:09:33.771742
ec50ace4-80a5-4e65-afa2-855967c96204,23b8c1e9-3924-46de-beb1-3b9046685257,Rhodes-Holland,BE,19,2023-08-23 07:24:54.057049
c5144d98-b41c-404f-a346-f415e5267a2b,17fc695a-07a0-4a6e-8822-e8f36c031199,"Moore, Simpson and Soto",TM,30,2025-09-22 04:43:24.473554
a38295d3-1e0e-4546-b0b6-dedf4f9c4027,6b65a6a4-8b81-48f6-b38a-088ca65ed389,"Miller, Mcdonald and Miller",SI,78,2026-06-17 06:22:08.243509
5e175b66-4b87-459f-b0cd-7f05ea87855e,6b65a6a4-8b81-48f6-b38a-088ca65ed389,Evans-Joyce,SL,84,2021-12-16 16:44:41.150039
f5159494-3818-4fd3-b889-936a9d5817e8,bd9c66b3-ad3c-4d6d-9a3d-1fa7bc8960a9,"Leach, Skinner and Mills",TT,25,2022-01-18 15:18:43.594429
74797b61-2737-4b52-ba6a-210722319050,b74d0fb1-32e7-4629-8fad-c1a606cb0fb3,Carroll-Arnold,SE,40,2025-07-28 20:30:08.235568
5fa5e0aa-9b11-4530-bd24-7c11bf6b8cdf,bd9c66b3-ad3c-4d6d-9a3d-1fa7bc8960a9,Palmer PLC,NP,88,2022-10-04 06:03:01.203663
e9ad0e9b-8c9a-41e9-b3b2-63376a74dbb7,9a1de644-815e-46d1-bb8f-aa1837f8a88b,Gutierrez-Marshall,JO,14,2024-01-07 21:04:12.825171
cd4f8b2b-899a-4252-81e1-b94a78883058,9a1de644-815e-46d1-bb8f-aa1837f8a88b,"Carroll, King and Scott",LI,26,2024-07-01 09:23:02.946804
c3093b6e-37e9-42e2-935a-c07aaa0217d0,bd9c66b3-ad3c-4d6d-9a3d-1fa7bc8960a9,Mack Inc,MV,87,2024-11-14 12:33:37.248751
98874bfe-c136-4c65-ae2a-e3413f59e4f2,b74d0fb1-32e7-4629-8fad-c1a606cb0fb3,Yang Group,LB,22,2022-01-23 19:32:36.890821
86879aa9-14f5-43d0-8991-2032df85c777,bd9c66b3-ad3c-4d6d-9a3d-1fa7bc8960a9,Hartman Group,TW,48,2025-06-13 01:44:00.480527
5c9deee0-b42a-4456-8736-5a84725e134d,6b65a6a4-8b81-48f6-b38a-088ca65ed389,Miller Ltd,EE,83,2025-01-31 20:50:31.979370
1cb9b73a-906d-4c8c-aad0-8c8913fe8a29,c241330b-01a9-471f-9e8a-774bcf36d58b,Edwards-Ramsey,CV,51,2024-05-06 20:23:20.832226
e723ada3-8c32-4db2-942a-895e0fcf601f,972a8469-1641-4f82-8b9d-2434e465e150,"Cole, Morton and Peterson",BB,3,2025-09-24 05:37:36.180884
89628f6e-929c-43b3-b3c0-8bf18167999f,bdd640fb-0667-4ad1-9c80-317fa3b1799d,Clark Inc,LK,42,2023-06-04 06:42:16.831628
dabf984e-53ff-4461-aa1f-1b61265cb9d9,972a8469-1641-4f82-8b9d-2434e465e150,"Hendrix, Green and Nunez",ES,19,2024-02-20 16:33:14.229384
ae27d432-1dc1-47eb-b11c-767385351a69,b74d0fb1-32e7-4629-8fad-c1a606cb0fb3,Ferguson-Smith,GE,73,2026-03-03 15:09:24.964001
7d23d479-9549-4a82-b787-ef8d3495311e,972a8469-1641-4f82-8b9d-2434e465e150,Smith Ltd,NR,28,2023-06-16 15:12:05.211866
720b274b-82a7-4586-a61d-9cde1747f387,9a1de644-815e-46d1-bb8f-aa1837f8a88b,Stevens-Sullivan,SI,84,2024-07-20 16:59:58.196736
21c71aa3-7414-43b5-8e3e-25f2cf0671c7,47378190-96da-4dac-b2ff-5d2a386ecbe0,"Church, Guzman and Tucker",IT,45,2024-06-30 00:53:21.453994
905c7bdd-74f0-4eae-aa59-43ce836435e3,bdd640fb-0667-4ad1-9c80-317fa3b1799d,"Li, Jensen and Vazquez",TR,71,2025-07-06 05:23:48.395213
ac3a812f-765e-4cb5-8f0d-55400ec7d662,17fc695a-07a0-4a6e-8822-e8f36c031199,"Leonard, Ballard and Miller",VE,78,2026-04-25 06:40:13.748745
0592bfa5-b928-423f-8ee4-334ece920136,b74d0fb1-32e7-4629-8fad-c1a606cb0fb3,Smith Inc,KW,63,2024-06-03 03:50:18.578366
00c59f30-d103-4424-8124-1bb4655ce508,bdd640fb-0667-4ad1-9c80-317fa3b1799d,Horton and Sons,BZ,73,2022-02-17 11:34:44.615276
12b2102d-940c-4503-b7c8-6152beed0af9,972a8469-1641-4f82-8b9d-2434e465e150,Clark Ltd,LY,19,2025-05-13 05:24:36.437761
b34c6c73-5833-4b30-ac77-6e950b981ccd,9a1de644-815e-46d1-bb8f-aa1837f8a88b,Santos Group,JM,47,2023-05-07 15:56:48.971799
0f6ce9bf-fe7e-4362-8a89-b0f0105291d3,23b8c1e9-3924-46de-beb1-3b9046685257,"Garrison, Ryan and Miller",DM,14,2024-11-27 06:31:30.405722
fc737d92-11ab-4d11-a4eb-8000ef40d162,c241330b-01a9-471f-9e8a-774bcf36d58b,Hernandez-Henderson,CL,38,2026-01-23 10:52:35.093839
497ec6d1-081f-46dc-b8d9-a88aef0bea4f,17fc695a-07a0-4a6e-8822-e8f36c031199,Martin and Sons,JO,53,2023-08-27 07:08:08.477299
22ab7752-c4db-4a62-ae13-418d68ab80ea,c241330b-01a9-471f-9e8a-774bcf36d58b,"Park, Maynard and Ruiz",IS,61,2023-07-07 00:14:15.842518
bab2b77d-fa74-4cc8-a43a-fb7ac40d4874,bdd640fb-0667-4ad1-9c80-317fa3b1799d,Richards-Harris,RU,36,2025-04-07 05:04:00.490166
5fdcabbf-6b9c-471c-b6ba-745ba55871e3,9a1de644-815e-46d1-bb8f-aa1837f8a88b,"Gallegos, Myers and Cook",OM,40,2023-04-13 04:47:59.723097
72d35458-61ea-4f30-a42e-707afe2bd987,9a1de644-815e-46d1-bb8f-aa1837f8a88b,Mccoy Ltd,GR,81,2025-06-26 05:55:58.866991
60a399d4-e821-4716-aac8-0da1de9f6f5b,972a8469-1641-4f82-8b9d-2434e465e150,Petty-Allison,DO,30,2025-10-21 07:12:49.217125
f6d22a7b-aec7-4a82-948b-4376602a4e57,6b65a6a4-8b81-48f6-b38a-088ca65ed389,"Lane, Simon and Duarte",JO,9,2024-05-29 23:52:56.787390
220b9ea9-8a0f-4508-9fe2-c0a0a96b3c42,972a8469-1641-4f82-8b9d-2434e465e150,Freeman Group,IL,64,2024-02-27 15:02:32.145371
1e5ebe54-5907-4299-9c3b-bdd8a74e02a9,6b65a6a4-8b81-48f6-b38a-088ca65ed389,"Garza, Carr and Gregory",UZ,33,2026-03-30 22:34:07.803943
649f7d88-8989-45ab-be2b-34d82db0728d,6b65a6a4-8b81-48f6-b38a-088ca65ed389,Hall-Brown,GB,52,2025-08-10 22:43:08.154133
fa8dae42-ba54-4920-a099-d18087623997,17fc695a-07a0-4a6e-8822-e8f36c031199,Henderson LLC,CD,89,2024-09-07 00:32:09.611892
c194f97f-00e3-4026-95b6-de85390239d9,972a8469-1641-4f82-8b9d-2434e465e150,"Brown, Orozco and Butler",HT,14,2025-06-07 01:29:09.876904
76876c62-4c61-445e-ba7e-5d9405d1fb63,23b8c1e9-3924-46de-beb1-3b9046685257,Wilson-Dean,TL,75,2024-11-20 19:19:33.896631
6c93a791-8b60-4511-b816-8aebac6a7c85,bd9c66b3-ad3c-4d6d-9a3d-1fa7bc8960a9,"Reed, Terry and Smith",IT,53,2021-09-02 18:39:28.687061
3acb43a3-d2c7-4ffb-a118-433b882ccd1e,bd9c66b3-ad3c-4d6d-9a3d-1fa7bc8960a9,Barber-Harrison,CV,99,2024-05-18 06:43:26.285889
27b608dc-589d-4cb0-b5eb-89c23f5cf2f3,972a8469-1641-4f82-8b9d-2434e465e150,Hall-Robinson,BY,59,2021-08-31 01:05:00.949553
e00da49d-effa-4002-b040-413c4690fb15,972a8469-1641-4f82-8b9d-2434e465e150,"Morgan, Guzman and Kirby",GA,78,2026-04-10 10:42:18.921816
083f64c3-1ce3-42f8-83f7-25feb99b2b5a,c241330b-01a9-471f-9e8a-774bcf36d58b,"Mcdonald, Ware and Sharp",TG,94,2022-01-14 09:19:55.335903
9d6b9b62-6b53-4a19-a902-b73fcf39f648,17fc695a-07a0-4a6e-8822-e8f36c031199,Moyer-Whitaker,SE,41,2026-02-23 06:42:37.201589
e39836bb-e23d-4faa-afad-49e9c41c147e,972a8469-1641-4f82-8b9d-2434e465e150,"Delgado, Ward and Kennedy",TW,68,2025-07-21 08:58:07.907493
1139fa12-34c1-43ea-bd9c-4e6404015ced,c241330b-01a9-471f-9e8a-774bcf36d58b,Howell LLC,DO,68,2025-03-10 08:34:19.385974
7249f62c-0898-4462-980c-b95c19d45deb,6b65a6a4-8b81-48f6-b38a-088ca65ed389,"Curry, Estrada and Anderson",AT,92,2025-10-16 04:21:49.464082
df495037-b40a-4181-ac09-bdb799086e47,9a1de644-815e-46d1-bb8f-aa1837f8a88b,Moore Group,US,8,2022-10-23 22:05:12.427389
0b531932-bd94-49aa-bea6-e5b20c760d28,9a1de644-815e-46d1-bb8f-aa1837f8a88b,Leon Group,BB,2,2025-08-20 10:58:07.882665
8a2db2e6-3bfd-48a6-b05f-ddf566fadca0,6b65a6a4-8b81-48f6-b38a-088ca65ed389,Young-Hawkins,SR,86,2023-04-07 06:08:56.647483
c6ac1b04-dd1d-4cd1-811f-6bf5379ef467,b74d0fb1-32e7-4629-8fad-c1a606cb0fb3,Howard LLC,SO,41,2026-05-30 21:41:11.214110
fe54ee4b-80ff-4173-a3df-ecd70e731dd7,c241330b-01a9-471f-9e8a-774bcf36d58b,Rhodes-Thompson,FI,55,2022-10-15 03:07:57.054854
ea98fef8-d0d7-4e37-bbf2-025f4a0d2b73,c241330b-01a9-471f-9e8a-774bcf36d58b,"Johnson, Brown and Jordan",AF,16,2023-10-10 10:48:49.086578
93d563ae-51a3-4c26-937b-f79bbb44badc,6b65a6a4-8b81-48f6-b38a-088ca65ed389,"Perez, Hoffman and Tucker",RW,93,2021-10-13 05:50:24.923116
d18183d1-ac2b-4cfc-85c5-1060991121e7,23b8c1e9-3924-46de-beb1-3b9046685257,Glover-Hammond,AR,62,2023-11-01 17:25:08.664146
e0527739-4d40-4f1b-bca5-be2952171bf3,47378190-96da-4dac-b2ff-5d2a386ecbe0,"Adams, Hernandez and Vaughn",MN,48,2026-07-01 16:08:16.181986
8570b59f-a903-4e67-bc56-8b5324acb722,bdd640fb-0667-4ad1-9c80-317fa3b1799d,"Munoz, Garcia and Williams",GA,30,2022-11-10 13:26:59.495211
46707cd6-4ced-4164-a9df-14e9389641dd,6b65a6a4-8b81-48f6-b38a-088ca65ed389,Lloyd-Estes,JM,12,2025-07-06 07:11:46.449999
97777f10-f2d2-493f-8e85-140d0f9aeb70,972a8469-1641-4f82-8b9d-2434e465e150,Villegas PLC,TO,35,2022-08-04 07:46:52.584731
2cd58759-e95d-4761-bc36-dc59e134edfc,972a8469-1641-4f82-8b9d-2434e465e150,"Casey, Meza and Colon",NP,11,2025-05-25 14:29:30.504472
8e4c3ab5-6d5d-4477-adc2-9178a0411612,17fc695a-07a0-4a6e-8822-e8f36c031199,Romero and Sons,ES,64,2024-04-12 09:23:17.038029
582b91ee-f8e8-435b-8c00-988a7ee1011a,6b65a6a4-8b81-48f6-b38a-088ca65ed389,"Wilson, Harris and Ward",PA,50,2023-02-25 18:31:37.489162
61935990-abdd-4a8f-a4b0-5c89f10bce9c,17fc695a-07a0-4a6e-8822-e8f36c031199,"Carter, Alexander and Hunter",SK,85,2023-07-20 20:16:29.179573
b2414482-5198-44d8-8643-3603c92a7d7c,6b65a6a4-8b81-48f6-b38a-088ca65ed389,"Harrell, Moore and Cox",CN,21,2023-04-15 10:54:53.475440
4cc57e0d-2633-4018-a883-ac6e6a944054,c241330b-01a9-471f-9e8a-774bcf36d58b,Martinez and Sons,PH,69,2025-08-15 03:54:36.147860
89b5aab0-c121-49db-af12-b150605fb1eb,bdd640fb-0667-4ad1-9c80-317fa3b1799d,Montes-Hammond,KE,48,2025-10-07 13:55:10.839415
39b02e2a-d96e-484f-bdb0-174e7938878a,c241330b-01a9-471f-9e8a-774bcf36d58b,Sanchez Group,CG,20,2025-10-29 08:38:40.080860
24f43c62-b523-40de-9b87-d29c4cfd0fc1,47378190-96da-4dac-b2ff-5d2a386ecbe0,Mitchell-Jackson,VC,67,2023-03-19 11:18:21.475181
0ec0713d-ea2c-4a51-b688-d11fce4758be,9a1de644-815e-46d1-bb8f-aa1837f8a88b,Watson-Fischer,MA,44,2024-08-16 15:03:15.613154
6aa0426d-f7c0-45f7-a9a5-3b4f8ff8869d,bd9c66b3-ad3c-4d6d-9a3d-1fa7bc8960a9,Soto-Sanchez,CL,33,2025-03-30 02:00:32.173661
636f6e5c-2253-4706-87ad-8b268eaa5841,6b65a6a4-8b81-48f6-b38a-088ca65ed389,"Fisher, Perez and Pham",PA,73,2025-09-22 02:04:03.145766
548c1d84-340d-4049-8147-65063e2bf9c9,47378190-96da-4dac-b2ff-5d2a386ecbe0,Hardin-Villanueva,NR,61,2022-09-06 13:01:22.777297
73253aa3-ec17-4298-943d-f5b3a58e83dd,9a1de644-815e-46d1-bb8f-aa1837f8a88b,"Norton, Cox and Johnson",SA,9,2025-09-08 07:02:55.708025
891f6912-17ab-4863-9efe-ef4fd8ddbbc0,b74d0fb1-32e7-4629-8fad-c1a606cb0fb3,Carrillo Ltd,IN,68,2022-01-18 22:38:22.670985
0d31812e-30c3-4756-9453-f867b97e6224,bdd640fb-0667-4ad1-9c80-317fa3b1799d,"Acevedo, Miller and Edwards",BT,35,2025-02-25 08:39:20.198416
9adf4709-ac75-4344-a08e-149e44b9e602,17fc695a-07a0-4a6e-8822-e8f36c031199,Hamilton Group,CU,81,2024-09-27 17:15:53.364130
12a1fe7d-dfa5-4722-8a1f-c9df9a591974,17fc695a-07a0-4a6e-8822-e8f36c031199,Keller Ltd,IT,98,2023-02-09 09:57:39.715703
966be275-c2fe-4954-8dfd-9531302b7831,c241330b-01a9-471f-9e8a-774bcf36d58b,Orr Inc,ES,88,2024-01-11 22:13:17.778660
378e6510-8f10-433e-abe4-2e7db96c1163,972a8469-1641-4f82-8b9d-2434e465e150,"Whitney, Lloyd and Liu",SV,96,2022-06-22 23:26:26.923023
e8334da5-de95-4695-b579-c1437ab99428,9a1de644-815e-46d1-bb8f-aa1837f8a88b,Barnes-Blackwell,CI,65,2023-06-16 19:59:08.822957
e8b3d763-f4ff-4f3a-8d9d-baeb553d2625,b74d0fb1-32e7-4629-8fad-c1a606cb0fb3,"Spencer, Torres and Newton",MH,8,2022-11-13 07:29:11.268414
30a5648e-efe9-43d0-b639-08bf03ece8ff,47378190-96da-4dac-b2ff-5d2a386ecbe0,Smith-Ramirez,BR,45,2025-01-29 19:11:02.697745
bf337a15-1e08-4f20-bdd1-51b0f64ab6ec,bdd640fb-0667-4ad1-9c80-317fa3b1799d,"Bishop, Thomas and Powell",CH,87,2023-04-19 04:58:21.466218
ea18d32c-7a9a-4ef5-811b-d1c4ffe3f366,9a1de644-815e-46d1-bb8f-aa1837f8a88b,"Harris, Stephens and Kramer",GN,47,2025-07-28 16:22:58.237387
b42a2d93-9aba-4f15-b214-90623e1a963e,b74d0fb1-32e7-4629-8fad-c1a606cb0fb3,"Ramos, Reed and Cain",ZA,40,2026-01-08 19:50:06.282373
3d44cb2c-ea45-4a41-a589-ada1345af934,bd9c66b3-ad3c-4d6d-9a3d-1fa7bc8960a9,"Sullivan, Gonzalez and Turner",BO,76,2025-04-26 07:33:46.695561
48769153-c688-43fe-9255-5c758d55119e,6b65a6a4-8b81-48f6-b38a-088ca65ed389,Medina Group,LR,54,2026-05-04 20:11:44.343191
a6129a1c-889d-4b76-b75c-30b561730c48,17fc695a-07a0-4a6e-8822-e8f36c031199,"Higgins, Hobbs and Meyer",DJ,76,2023-02-27 09:02:10.438283
5c11ab6d-42f5-43f5-8ef4-c34d5bf86f3c,47378190-96da-4dac-b2ff-5d2a386ecbe0,"Campbell, Davis and Arnold",SD,46,2022-02-06 12:55:24.718319
774c0afa-7f4d-408c-a1ff-f6c08347f1da,17fc695a-07a0-4a6e-8822-e8f36c031199,"Peterson, Reid and Johnson",LT,47,2024-06-14 12:30:39.908278
b8f0188e-fb37-4fae-8d85-63ca193e638d,47378190-96da-4dac-b2ff-5d2a386ecbe0,"Vargas, Allen and Schroeder",IS,15,2026-02-01 15:48:18.347044
51facefa-d6f8-4f7a-82fa-1da878308631,c241330b-01a9-471f-9e8a-774bcf36d58b,"Henderson, Wagner and Dennis",PH,19,2025-01-16 17:01:43.172853
501ba851-5ee6-4495-b400-29c3ea11905b,972a8469-1641-4f82-8b9d-2434e465e150,Green-Romero,ZM,26,2024-05-06 12:15:36.753727
dd34aa18-9001-4ed4-8bb4-01e769f753f1,47378190-96da-4dac-b2ff-5d2a386ecbe0,Williams Ltd,LK,52,2025-04-29 23:12:31.669675
0426fcc9-255b-40e2-bdc2-b74b38a56b49,17fc695a-07a0-4a6e-8822-e8f36c031199,West PLC,SG,93,2024-03-26 21:54:18.570604
95831d58-ef4c-4119-8da5-d39b42c21797,c241330b-01a9-471f-9e8a-774bcf36d58b,"Smith, Morgan and Young",GQ,22,2023-07-14 17:27:50.577955
4b91b8cb-6ae6-4582-b852-b3cd9442b5e6,47378190-96da-4dac-b2ff-5d2a386ecbe0,"Zhang, Cunningham and Kline",BN,21,2025-01-08 07:45:26.705322
3ae28023-5472-4d2d-b239-9ffb27046f25,bd9c66b3-ad3c-4d6d-9a3d-1fa7bc8960a9,"Wade, Richard and Hall",MA,51,2022-07-15 16:07:18.342069
3ee82983-d557-4241-91dd-b9bf613d2de9,972a8469-1641-4f82-8b9d-2434e465e150,Mitchell-Glover,FM,38,2021-12-30 07:13:09.261617
f186e47a-a794-4320-8cf6-e8b87fd238c3,47378190-96da-4dac-b2ff-5d2a386ecbe0,"Armstrong, Taylor and Gray",KW,20,2024-07-13 23:08:34.676999
c36b9a0a-41e0-4a89-966a-9ce7af521b94,c241330b-01a9-471f-9e8a-774bcf36d58b,"Wright, Murphy and Aguilar",AZ,29,2025-12-05 09:47:08.841466
b93b17fb-f76d-45fd-bd16-45a0d253d966,9a1de644-815e-46d1-bb8f-aa1837f8a88b,Gibson-Thomas,NR,51,2023-07-26 21:37:14.086928
75f8e3a8-7d97-4c0f-bd56-09c4a4461663,23b8c1e9-3924-46de-beb1-3b9046685257,Poole-Miller,BZ,4,2022-11-10 22:03:19.998977
5a2837b2-cb83-43f2-bb96-f6022b115c36,b74d0fb1-32e7-4629-8fad-c1a606cb0fb3,Coleman and Sons,MA,55,2025-02-14 07:22:43.951955
8bea75c1-b866-47aa-a3d4-526b2b54ff7a,23b8c1e9-3924-46de-beb1-3b9046685257,Lewis-Miller,SK,71,2024-03-17 00:03:48.593114
e3ad64d4-eab9-4b02-af1d-c1217d024c6d,23b8c1e9-3924-46de-beb1-3b9046685257,"Fox, Chapman and Stone",LB,92,2023-07-12 12:14:03.409774
f50d7a37-a44d-4fec-bd85-d7fa8ac97b01,bdd640fb-0667-4ad1-9c80-317fa3b1799d,Wiggins-Silva,ET,28,2026-02-24 08:30:33.869815
d6cd3155-08a8-4c7f-8621-38ad0f09105c,bd9c66b3-ad3c-4d6d-9a3d-1fa7bc8960a9,"Henderson, Alexander and Galvan",TH,4,2022-01-23 04:40:00.812603
d1682e09-f1f7-4904-9307-5157d8c128e7,9a1de644-815e-46d1-bb8f-aa1837f8a88b,Dennis-Butler,HR,22,2026-04-28 22:28:50.318226
01a25ed1-c3ab-45f1-8c6b-7074ab102c9b,6b65a6a4-8b81-48f6-b38a-088ca65ed389,Thomas and Sons,YE,76,2025-08-13 12:37:24.118752
a175a9c3-d7b1-42a9-a332-a50e6992896e,47378190-96da-4dac-b2ff-5d2a386ecbe0,Dawson-Anderson,AZ,45,2025-12-24 14:46:45.901635
26a9e100-b509-409b-9166-58ce3b3f3800,b74d0fb1-32e7-4629-8fad-c1a606cb0fb3,"Palmer, Rice and Benson",ZW,67,2023-01-05 16:41:02.797555
74bd0c93-8177-4661-b7fe-032c02571851,972a8469-1641-4f82-8b9d-2434e465e150,Kennedy-Francis,YE,86,2024-05-24 01:57:31.025546
a3422e50-9e2a-4324-8f79-a8a75f8a14bd,9a1de644-815e-46d1-bb8f-aa1837f8a88b,"Wood, Crane and Guzman",AG,66,2021-12-15 02:05:53.970774
e9aa144b-9dd4-4675-af14-5064aab07015,17fc695a-07a0-4a6e-8822-e8f36c031199,Rodriguez-Wood,HN,88,2026-07-17 03:04:11.157058
0406ff44-7ce4-4679-a8c6-dbc07bb3447b,6b65a6a4-8b81-48f6-b38a-088ca65ed389,Williams-Hernandez,CU,34,2023-10-04 02:41:12.250555
694d7b00-8d38-4327-883f-13c601b158e9,bdd640fb-0667-4ad1-9c80-317fa3b1799d,Torres-Brooks,TZ,91,2021-09-30 09:53:14.088394
b8e19f56-8787-4a21-8448-2a220308aa5e,bdd640fb-0667-4ad1-9c80-317fa3b1799d,Tucker-Moody,MT,55,2024-04-13 16:29:04.592739
49646b96-fa3c-4628-8926-21df465568b7,9a1de644-815e-46d1-bb8f-aa1837f8a88b,Bowers Group,GN,1,2024-11-17 23:31:16.559747
b2a6e468-d02b-4243-8091-3ac10463750e,c241330b-01a9-471f-9e8a-774bcf36d58b,Zuniga LLC,GQ,72,2022-11-29 22:40:29.865291
f090f5a0-ce61-4199-ae3a-0ba8ac8d6c7d,23b8c1e9-3924-46de-beb1-3b9046685257,Lewis-Fuentes,FJ,87,2024-01-06 23:53:38.815350
eb053fc4-1b65-4dab-ade4-6e91e8e6e840,17fc695a-07a0-4a6e-8822-e8f36c031199,Smith-Kelley,IN,38,2025-09-16 15:07:15.237478
3db02235-261e-4555-863e-1f2a18a806ef,bdd640fb-0667-4ad1-9c80-317fa3b1799d,Harrell Group,PW,6,2026-06-17 14:04:08.258631
409e7a80-86c5-41d6-9ea9-f50831227592,b74d0fb1-32e7-4629-8fad-c1a606cb0fb3,Berry-Knight,CZ,86,2022-10-09 00:20:05.162971
cb80f288-446f-44dd-9abc-a6e5d0b1e3eb,bdd640fb-0667-4ad1-9c80-317fa3b1799d,Harrington-Alvarez,RU,25,2022-09-03 08:50:11.874032
f5948a54-5f80-4eeb-943a-9aff659b0105,972a8469-1641-4f82-8b9d-2434e465e150,"Bass, Anderson and Taylor",ER,82,2024-10-13 03:19:30.499153
3e42df5b-90a3-4bbf-b580-e05067f1698c,47378190-96da-4dac-b2ff-5d2a386ecbe0,"Murray, Cole and Cole",ES,17,2022-08-16 08:29:05.925692
4ccb2355-39d1-47ff-b27e-1442fd7fe973,bdd640fb-0667-4ad1-9c80-317fa3b1799d,"Nguyen, Marsh and Beck",SB,61,2021-08-09 15:08:38.637645
14a34f7f-d90d-419b-93fb-e043af1d5a1a,972a8469-1641-4f82-8b9d-2434e465e150,Hughes-Mccullough,JM,12,2022-10-05 23:04:23.889586
a65f7b8a-dbb4-4021-bdde-64afa75b395a,9a1de644-815e-46d1-bb8f-aa1837f8a88b,Weaver-Rubio,CO,6,2021-08-24 21:21:35.851580
67c0518b-17ef-4621-881c-79d4c27437eb,9a1de644-815e-46d1-bb8f-aa1837f8a88b,Fitzgerald-Brewer,FJ,90,2024-08-08 23:45:10.740007
79db7862-8d7d-4772-a08e-2f5c61177270,6b65a6a4-8b81-48f6-b38a-088ca65ed389,Mann PLC,ZW,27,2025-09-25 04:21:37.562134
b3eda8f1-026b-4383-a301-ec030e5d8c6a,bdd640fb-0667-4ad1-9c80-317fa3b1799d,"Hogan, Zimmerman and Hoffman",BT,8,2023-08-13 23:01:57.624579
d867888b-7ff6-4824-952a-eaec2bdfcb41,b74d0fb1-32e7-4629-8fad-c1a606cb0fb3,Schneider Inc,SI,83,2024-04-19 14:26:36.083683
54ce26be-c8cc-42c2-a518-a4186f14b3f6,bdd640fb-0667-4ad1-9c80-317fa3b1799d,Friedman PLC,RS,65,2024-05-20 09:22:37.570524
f94d8fcb-dba3-496f-ba32-3f6990dbfad6,b74d0fb1-32e7-4629-8fad-c1a606cb0fb3,"Todd, Bernard and Boyd",AE,57,2023-08-09 22:30:34.543277
eb4d8f42-8735-40a2-a511-09611869a217,bd9c66b3-ad3c-4d6d-9a3d-1fa7bc8960a9,Shaw-Smith,GH,93,2025-10-13 09:30:40.756927
e6b9d31a-361f-4d90-bad1-fa330ae4ac11,6b65a6a4-8b81-48f6-b38a-088ca65ed389,"Mayer, White and Smith",AD,99,2024-06-12 18:49:12.535674
9118c400-e336-4243-b139-c476de3ce88b,bd9c66b3-ad3c-4d6d-9a3d-1fa7bc8960a9,Sanchez Ltd,NZ,40,2024-09-05 10:42:04.360477
ec95b3ac-0beb-4c34-8566-7c4879ba630a,bdd640fb-0667-4ad1-9c80-317fa3b1799d,"Wallace, Roman and Lawson",BJ,14,2025-12-26 17:18:56.437191
47c68688-ecf3-4053-af36-b8cc13087974,6b65a6a4-8b81-48f6-b38a-088ca65ed389,Chapman-Henry,RW,35,2026-06-10 01:00:10.493013
a879d8f8-9042-4eb7-8b04-0f53e63949d4,bd9c66b3-ad3c-4d6d-9a3d-1fa7bc8960a9,Morgan and Sons,TH,48,2025-04-11 17:53:38.076484
d9b59f84-edc3-41c3-adea-2d2d086c405f,23b8c1e9-3924-46de-beb1-3b9046685257,Johnson-Rice,VA,84,2025-01-28 14:41:18.424072
3508507a-f622-4842-8402-2b3c508211a5,bdd640fb-0667-4ad1-9c80-317fa3b1799d,Scott-Wilson,GE,56,2026-06-15 03:04:15.210437
d218c9d6-c093-4fb0-a4e9-bcfd9647ff9f,bd9c66b3-ad3c-4d6d-9a3d-1fa7bc8960a9,Weaver LLC,KN,49,2025-07-24 04:03:49.366407
edcabf94-65f6-4a53-9226-a8b3b674410d,23b8c1e9-3924-46de-beb1-3b9046685257,White Inc,EE,13,2022-11-11 06:15:52.065325
905f9096-2996-46e2-8c9d-690713b22cec,23b8c1e9-3924-46de-beb1-3b9046685257,Parker Group,AZ,61,2023-05-25 01:32:00.469085
d9750f00-d5ab-48ae-9112-fbc03d8f95f4,9a1de644-815e-46d1-bb8f-aa1837f8a88b,"Jackson, Mendez and Nguyen",NL,49,2026-01-16 15:05:57.417585
8a624cbd-e582-4678-ad52-29dd639fc471,bdd640fb-0667-4ad1-9c80-317fa3b1799d,Reeves LLC,FM,46,2026-03-24 23:02:13.167098
bd5ff093-c16f-4bcc-a243-bed754ec3f33,23b8c1e9-3924-46de-beb1-3b9046685257,Garcia-Thomas,IN,62,2023-02-22 14:51:35.377064
b076a7dc-fd0c-4433-8a5e-151b23d3cd4c,9a1de644-815e-46d1-bb8f-aa1837f8a88b,Scott-David,VE,8,2023-05-01 00:59:41.871974
bed63da0-8033-45c2-9413-d64db962c8a7,bd9c66b3-ad3c-4d6d-9a3d-1fa7bc8960a9,Williams and Sons,MU,43,2026-05-02 14:50:43.397847
1901ef87-0dbf-4caf-988a-3f87f96d40f8,972a8469-1641-4f82-8b9d-2434e465e150,"Willis, Vasquez and Goodwin",ZM,20,2022-03-20 13:31:14.238795
1375ee90-d6b3-41e4-bb6d-ca0d6fe5040b,bdd640fb-0667-4ad1-9c80-317fa3b1799d,Avery-Adams,TV,97,2025-11-04 09:12:24.348161
9d264599-c4dd-4df5-9aec-56a857311609,6b65a6a4-8b81-48f6-b38a-088ca65ed389,Marshall-Russell,GW,90,2026-06-23 01:16:13.369308
f80b2cea-658e-44a2-9879-cf35f4719986,b74d0fb1-32e7-4629-8fad-c1a606cb0fb3,Johnson-Schultz,DZ,39,2022-10-11 19:59:22.914521
a255e1bb-0795-4c1f-938d-6b8cc607b1e9,b74d0fb1-32e7-4629-8fad-c1a606cb0fb3,Adams PLC,MG,85,2024-03-26 22:49:42.406801
735741e5-fe1a-4ba9-8896-9c5b45f8c28d,bd9c66b3-ad3c-4d6d-9a3d-1fa7bc8960a9,"Garcia, Hines and Pearson",RO,49,2022-03-10 02:27:49.241956
8d93e14a-5b16-4158-ba67-470c7d98302f,c241330b-01a9-471f-9e8a-774bcf36d58b,Torres Group,SM,64,2026-06-13 11:23:54.643930
2f8c83e5-6e8d-4644-a01b-fbcbf0eebcce,c241330b-01a9-471f-9e8a-774bcf36d58b,Miller-Fields,KM,62,2025-06-19 02:13:23.088008
614c721d-a921-4b4c-95fb-e976ae007b7e,bd9c66b3-ad3c-4d6d-9a3d-1fa7bc8960a9,Patton and Sons,EG,54,2024-01-30 15:57:18.410337
4b9dfd58-9e5d-4c7a-85ac-c35415f00cb4,23b8c1e9-3924-46de-beb1-3b9046685257,Fernandez-Jackson,KG,9,2023-12-03 17:52:31.569462
12d15585-b68e-47fa-bf17-5534cc4d5819,bdd640fb-0667-4ad1-9c80-317fa3b1799d,Medina Group,HT,88,2023-02-10 10:31:27.412977
6147adeb-277b-4667-8499-d0a615007170,b74d0fb1-32e7-4629-8fad-c1a606cb0fb3,"Hayes, Smith and Marshall",JP,37,2025-07-31 03:49:03.663268
277eb0aa-a247-441d-88ad-0899b630794d,b74d0fb1-32e7-4629-8fad-c1a606cb0fb3,"Roberts, Stanton and Smith",SV,49,2024-07-25 03:28:18.556057
5c56d9bc-5111-431d-a3be-441dbd5a0c9e,23b8c1e9-3924-46de-beb1-3b9046685257,Nelson-King,RU,41,2025-02-22 00:15:18.592565
f165d779-0154-4950-976d-e21f1b46ebdc,b74d0fb1-32e7-4629-8fad-c1a606cb0fb3,"James, Bell and Chen",RW,17,2025-02-17 08:51:18.112114
c2e79a98-5c23-4d8d-b1da-35b94eea9db8,6b65a6a4-8b81-48f6-b38a-088ca65ed389,"Pittman, Campbell and Martin",ZM,88,2024-10-07 18:56:47.864488
16591c89-21eb-4aa9-9a2b-d69c450f69ee,bdd640fb-0667-4ad1-9c80-317fa3b1799d,"Hart, Turner and Foster",MX,21,2024-04-24 19:12:34.437623
8e969227-72e7-4b51-ae54-ac6d2ff8e87e,47378190-96da-4dac-b2ff-5d2a386ecbe0,Rivas Ltd,US,51,2026-06-20 21:36:32.520177
1a7167c7-6875-4545-832f-52c48e0370cf,b74d0fb1-32e7-4629-8fad-c1a606cb0fb3,"Lutz, Johns and Clark",MK,59,2023-11-14 15:48:31.079137
8de1596c-5a9a-406a-96f1-42a206b919aa,bd9c66b3-ad3c-4d6d-9a3d-1fa7bc8960a9,"Bernard, Flores and Fleming",ST,39,2024-05-31 15:57:07.478400
c8d0f9e5-9919-45ea-98d0-0c2c17d30f32,6b65a6a4-8b81-48f6-b38a-088ca65ed389,Reid-Petty,RO,55,2021-10-23 02:37:06.402797
0328c136-629e-43d8-9d1c-a267530ddda6,b74d0fb1-32e7-4629-8fad-c1a606cb0fb3,"Chavez, Sanchez and Bird",KE,41,2024-08-21 00:23:03.534462
c777a07f-6346-44ef-a9ef-74e34ab6821c,6b65a6a4-8b81-48f6-b38a-088ca65ed389,Clark-Haley,BY,39,2024-01-11 19:36:10.745530
8f3dc97f-e6b0-4a0a-b98f-5dbe15aede0f,9a1de644-815e-46d1-bb8f-aa1837f8a88b,Smith-Holt,GN,13,2023-09-22 12:17:41.170385
3e245fbf-fa69-4cd2-be23-90f3e7bbaefc,47378190-96da-4dac-b2ff-5d2a386ecbe0,"Nielsen, Lynch and Smith",CG,64,2026-04-23 14:53:50.332059
af70de70-2b69-495e-8567-1b58926bffa5,17fc695a-07a0-4a6e-8822-e8f36c031199,Chambers Group,TW,11,2022-05-26 20:32:27.068387
44d7df9a-238b-45b7-ab64-777c6177a771,bd9c66b3-ad3c-4d6d-9a3d-1fa7bc8960a9,"Woodard, Warner and Farmer",JO,19,2024-05-05 13:10:53.990059
255bfc1c-7e3d-4ee4-84b6-4ec14d16f049,bd9c66b3-ad3c-4d6d-9a3d-1fa7bc8960a9,"Miller, Mcdowell and Curtis",NL,11,2024-05-03 18:59:17.532308
46a56fe8-6f46-41b1-aace-1aa9103246b3,bdd640fb-0667-4ad1-9c80-317fa3b1799d,"Johnson, Collier and Powers",PE,77,2021-10-31 01:01:27.642437
c85cd714-7bf6-4552-8cbc-90446bcd5ce7,6b65a6a4-8b81-48f6-b38a-088ca65ed389,"Martinez, Stanton and Bennett",LR,46,2023-04-13 17:53:21.472416
f1b88d65-406f-44d6-9c72-aebd13b11e59,23b8c1e9-3924-46de-beb1-3b9046685257,"Howard, Thompson and Tate",HU,45,2025-11-18 07:43:40.138875
7eece88d-a002-452a-b88c-ddde3f2086c2,bd9c66b3-ad3c-4d6d-9a3d-1fa7bc8960a9,"Terrell, Martinez and Wood",HR,1,2022-04-14 00:16:14.933326
75366b9f-320f-42c0-9dde-01889803b22e,6b65a6a4-8b81-48f6-b38a-088ca65ed389,Wallace and Sons,NO,40,2024-12-14 10:24:40.814356
01bb819c-4dfe-4117-a2af-711f1b628a9d,6b65a6a4-8b81-48f6-b38a-088ca65ed389,"Smith, Campbell and Morse",CI,19,2021-11-14 09:49:30.903970
d773f98d-550c-4fe9-a54c-11d9f2e61828,972a8469-1641-4f82-8b9d-2434e465e150,Lee-Velasquez,EE,76,2025-02-19 18:01:08.772480
dcb9075e-cdd7-4460-a140-77d39ec4ea48,972a8469-1641-4f82-8b9d-2434e465e150,"Turner, Robbins and Young",PL,72,2024-05-23 10:28:48.863026
6e3cdd4f-55b1-45e4-b0b2-7304545cd88d,17fc695a-07a0-4a6e-8822-e8f36c031199,Coffey-Johnson,LB,72,2026-04-13 00:07:32.084725
a6aa59e5-dc08-4f29-92d3-3488d0c30018,9a1de644-815e-46d1-bb8f-aa1837f8a88b,Conway-Mann,HR,61,2025-03-07 23:43:55.071334
4ce953a7-22d9-4db3-982a-2277f966d59f,17fc695a-07a0-4a6e-8822-e8f36c031199,Smith Ltd,CI,12,2025-02-10 03:37:42.175763
b1fead13-f280-4f1d-9a6c-0db952171c88,b74d0fb1-32e7-4629-8fad-c1a606cb0fb3,Rodriguez-Ramirez,LY,61,2023-12-31 06:28:04.004104
2d79a2d1-506e-40c7-baa0-61e9336b00cb,23b8c1e9-3924-46de-beb1-3b9046685257,"Snyder, Arnold and Keller",MC,33,2025-01-23 23:53:04.098698
51b30182-f7fe-404f-a5f3-0779f6ee5cdb,b74d0fb1-32e7-4629-8fad-c1a606cb0fb3,"Chambers, Morrison and Thompson",MY,45,2026-04-04 14:22:57.848284
a205e54f-b1e8-409d-bc20-b9f24a9c589e,c241330b-01a9-471f-9e8a-774bcf36d58b,"Anderson, Brown and Green",MA,90,2026-06-22 23:06:50.654456
c82f78fd-936c-431c-b7bf-52447db2a7aa,b74d0fb1-32e7-4629-8fad-c1a606cb0fb3,"Foley, Ibarra and Daniel",CN,92,2022-08-14 23:00:06.083796
47c1c017-6045-4909-936d-47d73e0f84ce,bdd640fb-0667-4ad1-9c80-317fa3b1799d,Lee-Gregory,RO,69,2023-10-21 14:22:36.480863
5d71a898-6497-4593-892e-8c93d105c8d6,b74d0fb1-32e7-4629-8fad-c1a606cb0fb3,"Byrd, Mendez and Becker",RW,8,2024-03-27 04:05:59.934149
33261887-9058-41df-ae9b-f3e11d27c09a,17fc695a-07a0-4a6e-8822-e8f36c031199,Smith-Simmons,US,25,2024-12-01 00:44:05.087439
2e0fb5b3-8bae-491e-bf4c-c10f979c30cf,bd9c66b3-ad3c-4d6d-9a3d-1fa7bc8960a9,"Hahn, Williams and Mcmillan",NG,91,2023-03-13 13:44:16.829208
06e3f949-8cd3-4c62-8482-9b71ae84b81c,bd9c66b3-ad3c-4d6d-9a3d-1fa7bc8960a9,Richard-Russell,LA,46,2024-05-23 15:01:37.106052
f166cdcf-762c-4fbc-ba2a-a7baf3f81c31,972a8469-1641-4f82-8b9d-2434e465e150,Frazier Group,GW,87,2025-12-03 15:31:09.809636
cc351e4f-703e-457f-b5ab-8466b5578b00,23b8c1e9-3924-46de-beb1-3b9046685257,Ward-Blake,AT,30,2026-04-11 00:38:38.647077
11b461e9-b15d-472d-94ce-e27c4a94ae9f,23b8c1e9-3924-46de-beb1-3b9046685257,"Walker, Ramirez and Fisher",JP,47,2022-04-07 08:25:29.337098
cb881c32-cbb0-4a8b-9908-a121d1a7ba20,bdd640fb-0667-4ad1-9c80-317fa3b1799d,Stewart-Myers,IQ,87,2024-03-29 09:26:08.927824
23a13e20-7fd2-45ee-ac48-436668bd80d7,17fc695a-07a0-4a6e-8822-e8f36c031199,Miller-Armstrong,SD,49,2024-12-13 04:22:34.763698
40afbf3f-3df5-4967-8d86-70bda2224f96,972a8469-1641-4f82-8b9d-2434e465e150,Mooney and Sons,GM,47,2023-02-12 05:12:18.964371
6c521d13-b719-4b68-a775-ee42a89e22f2,c241330b-01a9-471f-9e8a-774bcf36d58b,"Coleman, Jones and Wright",NE,84,2021-07-30 07:49:03.348436
72f60958-12ef-4101-a082-786fca00ef58,23b8c1e9-3924-46de-beb1-3b9046685257,Murphy Inc,BH,82,2024-08-04 04:39:18.245160
950df1a0-7aaf-4001-9912-316afd9e8e20,bd9c66b3-ad3c-4d6d-9a3d-1fa7bc8960a9,"Garrett, Johnson and Reynolds",TJ,18,2025-02-07 09:57:07.354278
ec6a37ad-81b1-4db9-88cc-4d49669b29b8,b74d0fb1-32e7-4629-8fad-c1a606cb0fb3,Watkins Ltd,LI,66,2023-05-03 08:53:30.031569
6b15c11b-b113-450b-9ea0-50c6eb9ed274,b74d0fb1-32e7-4629-8fad-c1a606cb0fb3,Pittman-Wright,IL,68,2022-02-21 12:26:29.638690
f7eae66e-ca6c-4f9b-8969-71018b2c550a,972a8469-1641-4f82-8b9d-2434e465e150,Allen-Peterson,GQ,94,2026-06-06 19:06:31.964648
cff2b1c4-e53f-4644-b39e-4df25c0a1feb,17fc695a-07a0-4a6e-8822-e8f36c031199,Underwood PLC,LB,33,2024-08-11 23:11:29.537529
ea163354-a35f-49c1-9804-95628972abbd,17fc695a-07a0-4a6e-8822-e8f36c031199,Harding PLC,NG,36,2024-03-11 10:07:57.447787
3f8c1097-c4da-4c2e-9bff-a27915c1604f,9a1de644-815e-46d1-bb8f-aa1837f8a88b,"Gonzales, Davis and Griffin",MX,82,2025-03-12 18:33:23.256939
2a9528c3-5ae1-4bad-aa29-60fda85894df,47378190-96da-4dac-b2ff-5d2a386ecbe0,Miller Inc,PA,19,2025-03-16 17:55:39.671496
902f3465-0b57-4720-9cd8-758ba5a1c825,23b8c1e9-3924-46de-beb1-3b9046685257,Bennett Ltd,NO,28,2022-10-15 07:26:50.820329
a590fd3c-ad6e-4c57-a520-c3d0fbcdbf5e,17fc695a-07a0-4a6e-8822-e8f36c031199,Patton Inc,MZ,40,2024-07-20 11:00:07.101284
54e38579-c0af-4193-b780-ef2f664d5922,bd9c66b3-ad3c-4d6d-9a3d-1fa7bc8960a9,Brown-Bishop,IL,84,2025-05-03 17:04:35.324328
1b1f2eb1-6e32-45a8-8bd5-cc86f73936e9,972a8469-1641-4f82-8b9d-2434e465e150,Jones-Byrd,BF,97,2022-06-10 11:09:18.892768
38d5101f-423c-4d9d-993e-478302b34254,c241330b-01a9-471f-9e8a-774bcf36d58b,"Williams, Horn and Morales",IQ,76,2022-06-13 22:18:38.222669
8ed8a80d-84cf-4e39-bf31-c29f82bbad84,9a1de644-815e-46d1-bb8f-aa1837f8a88b,"Walton, Hall and Greene",RU,15,2024-10-15 21:35:33.442626
38958939-9342-409f-b00a-c64c949cd8d4,6b65a6a4-8b81-48f6-b38a-088ca65ed389,"Hanson, Chavez and Marshall",ZA,41,2024-01-07 21:01:30.015895
768b4f7e-6421-4e66-9fc6-4cd0721e8b1f,bdd640fb-0667-4ad1-9c80-317fa3b1799d,Hobbs-Harvey,GN,39,2022-02-21 04:24:29.849499
b0c07fcc-96ad-44df-adf7-5924c5b8386b,c241330b-01a9-471f-9e8a-774bcf36d58b,Curtis-Lowe,LU,2,2021-12-27 16:15:34.355766
ff69723d-584f-485b-a697-384d801e8690,6b65a6a4-8b81-48f6-b38a-088ca65ed389,Gibson LLC,ZW,63,2026-04-10 19:21:22.475521
4ba17233-1ac3-4f31-bb96-e2d10649bcf6,b74d0fb1-32e7-4629-8fad-c1a606cb0fb3,"Lee, Garcia and Larson",BD,29,2024-05-31 04:43:13.243942
15fa9483-f633-4c2d-aba9-00e16a7d5d96,bdd640fb-0667-4ad1-9c80-317fa3b1799d,Watkins and Sons,KP,74,2026-04-16 01:42:13.527641
baeb286b-f0d0-470f-94d1-3d551db6b844,23b8c1e9-3924-46de-beb1-3b9046685257,"Martinez, Hicks and Kelly",PE,66,2023-06-25 12:22:51.787091
57d337d3-4fd8-4bbb-992c-11072444d301,bd9c66b3-ad3c-4d6d-9a3d-1fa7bc8960a9,Hardy-Wallace,NE,51,2023-08-01 06:21:00.110451
8567c805-34f5-41c0-88c5-eb2a7490adeb,bdd640fb-0667-4ad1-9c80-317fa3b1799d,Taylor Inc,GN,75,2025-01-09 17:53:55.240922
18fdd2b9-79e5-49aa-992a-35497ba109d0,47378190-96da-4dac-b2ff-5d2a386ecbe0,Anderson PLC,TO,77,2022-03-27 21:34:04.154970
73d39457-b25f-43df-b8d4-9848702ba49f,6b65a6a4-8b81-48f6-b38a-088ca65ed389,Palmer-Pearson,DM,10,2023-04-05 21:05:06.619690
0b705933-4cde-4b6b-9132-567c51a40d2a,23b8c1e9-3924-46de-beb1-3b9046685257,Collins-Mcclure,SO,14,2022-01-09 00:26:09.235206
05c8234b-1d76-4a66-b5f5-9cb0cf685878,47378190-96da-4dac-b2ff-5d2a386ecbe0,Hernandez LLC,GA,82,2023-04-27 12:57:55.860106
1bff3142-a5e1-4b55-97d3-f4ddd963dc72,b74d0fb1-32e7-4629-8fad-c1a606cb0fb3,"Cooper, Wood and Smith",YE,51,2025-01-29 13:20:56.193532
ee0f65a8-2a13-4c1f-8cd0-15c1ad5900dd,47378190-96da-4dac-b2ff-5d2a386ecbe0,"Sandoval, Thomas and Young",CG,73,2025-12-09 07:12:21.818308
84182d35-3e71-4433-bd90-b81afbe0e6b8,9a1de644-815e-46d1-bb8f-aa1837f8a88b,"Trevino, Henderson and Gonzalez",VE,39,2024-01-16 11:19:01.961710
54bbbcf8-28fe-4761-8d49-fe3f2ca8f783,9a1de644-815e-46d1-bb8f-aa1837f8a88b,Davidson and Sons,VA,28,2022-06-20 00:11:07.724992
76492e64-f55d-4e6d-ad26-8b378f5242d3,972a8469-1641-4f82-8b9d-2434e465e150,Peterson Ltd,LS,3,2023-07-21 00:57:33.400851
a137f8e4-67b1-4040-8c39-b9253b5ae288,c241330b-01a9-471f-9e8a-774bcf36d58b,Neal-Holden,CO,84,2022-09-04 20:13:50.536942
a84554c3-a3f6-4c61-afb7-0dab2f383b43,c241330b-01a9-471f-9e8a-774bcf36d58b,"Schwartz, Christian and Knight",UY,70,2026-06-21 22:06:23.855629
bcc57be0-0779-450a-a544-e3136ea05d13,23b8c1e9-3924-46de-beb1-3b9046685257,Jensen-Barnes,SR,27,2024-09-15 22:48:50.337956
7317591a-3283-4aa4-a212-ab7c9d361cb6,b74d0fb1-32e7-4629-8fad-c1a606cb0fb3,Garcia Inc,AO,2,2023-03-30 08:23:23.685172
0123a348-638a-4df6-adf7-2cd3979aa051,17fc695a-07a0-4a6e-8822-e8f36c031199,Robinson-Smith,WS,93,2025-04-20 22:01:43.412620
47419b48-34ae-4abd-b6fc-e0acb4698db3,9a1de644-815e-46d1-bb8f-aa1837f8a88b,Steele Group,AO,38,2024-02-29 15:20:11.285593
cbc72f1a-cf08-4a54-b429-9924c0986750,23b8c1e9-3924-46de-beb1-3b9046685257,"Lewis, Castillo and Tate",MU,3,2021-08-24 05:00:12.249314
ccac2fb5-1a0c-4c04-93cd-129110042d82,17fc695a-07a0-4a6e-8822-e8f36c031199,Aguirre-Bennett,BW,16,2024-07-28 22:06:10.015465
5da49cb9-2fdc-4992-8971-8eeadf3a098a,c241330b-01a9-471f-9e8a-774bcf36d58b,Lopez-Fritz,MA,94,2026-06-15 07:11:15.974883
1d2c2721-7522-4646-b273-75bf5373bf4d,972a8469-1641-4f82-8b9d-2434e465e150,Smith-Howard,LT,40,2021-11-02 23:10:10.210253
7d4ed26e-dcd5-4fae-abb3-16a743299780,47378190-96da-4dac-b2ff-5d2a386ecbe0,"Wilson, Roberts and Lee",MH,2,2023-05-30 09:26:48.955469
503b4078-a39c-4ec6-b746-4c02871854c1,9a1de644-815e-46d1-bb8f-aa1837f8a88b,"Durham, Ward and Hester",TG,81,2022-05-21 16:35:23.905379
647dc392-9c7e-4575-a37d-dcd698d3148b,23b8c1e9-3924-46de-beb1-3b9046685257,Gonzalez and Sons,BI,41,2026-05-12 16:17:00.588110
5a1baf0e-5911-46dc-9d3e-503a9645f0e4,bdd640fb-0667-4ad1-9c80-317fa3b1799d,Mcclure Ltd,TD,12,2024-03-10 05:35:58.320403
2c2ac34b-9e0b-4b01-b536-59efd873dad9,17fc695a-07a0-4a6e-8822-e8f36c031199,Morgan PLC,BE,35,2021-07-26 11:08:58.843074
ccf4ffb0-b4bb-473f-ac70-51d1d051267f,47378190-96da-4dac-b2ff-5d2a386ecbe0,White Inc,SI,65,2023-06-20 14:08:51.292498
97154633-9d4e-4b71-ab2e-c80e4c255823,9a1de644-815e-46d1-bb8f-aa1837f8a88b,Cameron Inc,GE,55,2021-09-06 10:53:05.233517
502cf0ee-224a-46a6-ac0f-680115b24e1d,c241330b-01a9-471f-9e8a-774bcf36d58b,Decker and Sons,ML,45,2026-01-25 22:17:01.272256
1df05d18-4e2d-4255-bd13-1a3d1e2c2e7d,b74d0fb1-32e7-4629-8fad-c1a606cb0fb3,Pena-Dyer,SO,79,2024-05-11 18:27:40.907159
243012da-b185-4eb8-9f90-fc872edc017e,17fc695a-07a0-4a6e-8822-e8f36c031199,Boyle-Torres,FJ,90,2025-11-03 07:31:11.156678
98af5cca-6b11-47cb-a372-542482c56b21,c241330b-01a9-471f-9e8a-774bcf36d58b,Wood LLC,DJ,85,2026-04-28 06:33:34.251224
6c4c450b-623a-40fc-9326-7d25234b4562,9a1de644-815e-46d1-bb8f-aa1837f8a88b,"Jackson, Rose and Lloyd",SO,62,2022-06-27 03:48:23.653614
8991b01a-a2b0-4c4b-bc96-6b552f8d8ded,17fc695a-07a0-4a6e-8822-e8f36c031199,"Keith, Johns and Jones",MY,49,2024-08-24 18:57:16.603141
ee4205ee-a52f-43ec-ab4e-2281b184d1fc,47378190-96da-4dac-b2ff-5d2a386ecbe0,Andrade and Sons,VC,95,2022-06-14 22:21:20.301152
2ab7b2ef-8e0e-4033-ac59-1da8fff96acf,9a1de644-815e-46d1-bb8f-aa1837f8a88b,Lee Group,GT,25,2022-08-20 17:55:35.813973
2fe5b140-23ea-4956-89f1-137d7d592e19,6b65a6a4-8b81-48f6-b38a-088ca65ed389,"Brooks, Greene and Rowland",JP,23,2023-04-09 10:39:59.004701
9e91a71c-7374-4cbf-978c-57d3508850d3,23b8c1e9-3924-46de-beb1-3b9046685257,Mccall PLC,DK,24,2025-11-26 13:49:53.962743
f3abea0d-5be9-4db3-9d92-dd7c0db977a9,47378190-96da-4dac-b2ff-5d2a386ecbe0,"Lopez, Nichols and Clarke",MR,38,2026-02-08 13:39:59.715625
31f3f0c0-22f3-4068-bc0f-549d02740f73,17fc695a-07a0-4a6e-8822-e8f36c031199,Wright-Soto,LS,28,2024-07-17 03:47:46.169826
8fc3d7d3-f6bd-40c7-a24a-2a50d0b1fde0,b74d0fb1-32e7-4629-8fad-c1a606cb0fb3,Salas-York,NG,21,2024-05-31 03:56:12.411458
68bd075b-7eb6-481e-a72f-947d816462cb,c241330b-01a9-471f-9e8a-774bcf36d58b,"Blackwell, Clark and Miller",GM,54,2025-12-31 21:27:58.488508
b5cbe3f5-6a66-4184-bde1-bf5daf4847f0,bdd640fb-0667-4ad1-9c80-317fa3b1799d,Gibbs-Mendez,TG,18,2025-01-27 22:06:19.001487
2ad11fe8-7d1b-495e-b1a0-449dd703262f,c241330b-01a9-471f-9e8a-774bcf36d58b,Romero Ltd,ES,36,2025-12-10 09:49:41.591089
cbbed980-07e6-4cb0-90bd-e9001529e6f5,17fc695a-07a0-4a6e-8822-e8f36c031199,"Brooks, Stone and White",HU,99,2022-06-07 02:07:27.728201
085eb489-4ac6-4780-b874-9f3cc2d49b56,c241330b-01a9-471f-9e8a-774bcf36d58b,"Brooks, Neal and Baldwin",AL,45,2022-04-15 18:46:06.975695
49e64c22-89a0-47eb-b98f-569b465cc2cb,23b8c1e9-3924-46de-beb1-3b9046685257,Wells-Perkins,AZ,73,2025-08-21 14:27:00.891129
90ce77e9-7513-43b9-87de-96ea2b0fbe44,9a1de644-815e-46d1-bb8f-aa1837f8a88b,"Morse, Silva and Johnson",AO,53,2021-09-11 08:42:04.892594
7eccdaf4-c413-4dc2-85c5-ae8abe15ad12,bdd640fb-0667-4ad1-9c80-317fa3b1799d,Jacobson Group,TW,30,2021-09-26 18:17:33.786256
929d6377-1cfb-455f-82c4-2e488cbadae5,bd9c66b3-ad3c-4d6d-9a3d-1fa7bc8960a9,Foster LLC,SL,60,2024-03-25 16:46:49.423244
8b0901ab-c66d-4eb3-8494-5e091d3ca5a4,17fc695a-07a0-4a6e-8822-e8f36c031199,Oneal-Duncan,CA,98,2026-05-02 12:13:40.066454
8ac35ac4-5dea-4737-bdab-3441d2c2a960,972a8469-1641-4f82-8b9d-2434e465e150,Scott-Miller,SC,32,2026-03-31 20:47:25.697332
c28fa16b-0aa6-4cb9-81bc-be59d296a12d,bd9c66b3-ad3c-4d6d-9a3d-1fa7bc8960a9,Phillips PLC,MY,67,2025-07-31 01:40:54.321235
37f25d36-8bdd-4ee3-b0fd-6672b80f16c5,c241330b-01a9-471f-9e8a-774bcf36d58b,Hall-Williams,RU,67,2023-02-07 02:46:50.571356
bc69c155-1a37-46bd-acd6-f011fd61f13b,17fc695a-07a0-4a6e-8822-e8f36c031199,"Oliver, Simmons and Mcdonald",BB,28,2023-01-01 03:55:51.734016
3f5e3b8c-c058-4da5-a757-075bd47f83b1,6b65a6a4-8b81-48f6-b38a-088ca65ed389,Richardson-Jimenez,DJ,44,2023-04-16 09:28:52.993496
0840405a-ffd2-4491-9ff3-89aa4c36a70c,972a8469-1641-4f82-8b9d-2434e465e150,Reyes-White,JM,79,2022-06-12 10:18:45.290957
dcb91d5f-593c-472b-8347-dbca7321a8b2,bdd640fb-0667-4ad1-9c80-317fa3b1799d,Baker Inc,KI,41,2024-02-19 19:36:23.471096
dd83ad03-7066-4289-9644-84a0d1151fff,b74d0fb1-32e7-4629-8fad-c1a606cb0fb3,Valenzuela-Phillips,AR,63,2026-01-16 22:53:22.259460
cfd7f3b9-c68f-4ba5-9e0d-02b5fe7402cd,6b65a6a4-8b81-48f6-b38a-088ca65ed389,"Hunt, Schneider and Hartman",GT,23,2024-01-12 18:18:38.937101
bcd4344f-cf8a-468e-b5ba-93573ca87f31,bd9c66b3-ad3c-4d6d-9a3d-1fa7bc8960a9,Garcia Inc,ZM,75,2024-07-24 01:41:27.603371
dc6dafff-59c2-4153-b06b-0f0c96822e22,9a1de644-815e-46d1-bb8f-aa1837f8a88b,Johnson-Gonzalez,FM,48,2026-07-13 07:09:41.088917
6d9c5b50-a1fd-4187-9c3a-1e0bb5f3f8aa,23b8c1e9-3924-46de-beb1-3b9046685257,Leonard LLC,HU,32,2026-02-22 01:19:14.911493
c8ebe27a-23a4-470e-9dbc-15c02a7dc57c,b74d0fb1-32e7-4629-8fad-c1a606cb0fb3,Mcgee-Mack,AU,57,2026-03-26 14:18:41.610833
ce315937-34fa-42b6-9043-7e4c34e50699,6b65a6a4-8b81-48f6-b38a-088ca65ed389,Lee-Munoz,IR,33,2026-03-09 18:34:11.165999
88438de2-59cf-4b0d-91f0-647d0f321333,9a1de644-815e-46d1-bb8f-aa1837f8a88b,Murillo Ltd,AE,24,2024-04-13 16:11:14.434920
2b1ac76c-89ec-4c51-98cb-aa5247f53019,9a1de644-815e-46d1-bb8f-aa1837f8a88b,"Daniels, Green and Carrillo",CM,39,2023-06-28 01:30:33.289726
4aea1b8f-b43c-4e0a-ba9f-c10e52daf681,17fc695a-07a0-4a6e-8822-e8f36c031199,Short-Logan,MT,34,2023-10-13 23:20:29.340003
f3d04ffb-4470-4848-929e-cc924a11be44,6b65a6a4-8b81-48f6-b38a-088ca65ed389,Bautista-Underwood,TD,56,2022-02-15 11:43:46.523903
e67093a0-fc48-4615-83b0-b35cdba6fdf8,bdd640fb-0667-4ad1-9c80-317fa3b1799d,"Smith, Valdez and Hays",MZ,28,2024-04-25 12:15:35.284749
22b5f457-1860-4d28-90af-b235ade68f51,c241330b-01a9-471f-9e8a-774bcf36d58b,Grimes and Sons,CO,37,2023-03-27 20:04:17.354898
695e5ea9-c923-4c64-8006-2b5bf67839b2,972a8469-1641-4f82-8b9d-2434e465e150,Cummings and Sons,SZ,7,2023-05-16 18:46:12.859648
46feacd4-fe13-43cd-8f2d-5c15eb346d3a,972a8469-1641-4f82-8b9d-2434e465e150,Hall-Matthews,IR,68,2022-09-28 05:43:41.120734
b390b059-207b-4e21-a7e8-d18eddf6d4ac,bd9c66b3-ad3c-4d6d-9a3d-1fa7bc8960a9,"Todd, Sharp and Murray",BS,37,2025-08-19 00:39:14.180930
257035db-3fea-490a-a1f8-072dddb7570e,bd9c66b3-ad3c-4d6d-9a3d-1fa7bc8960a9,Edwards and Sons,BO,56,2022-06-26 21:35:12.566122
3f5fbf4f-d417-4230-9274-ee11b61df906,972a8469-1641-4f82-8b9d-2434e465e150,Carrillo-Wolfe,BN,65,2023-07-26 06:10:31.725552
64880945-ad1d-4537-97f3-4368c2efeecb,bdd640fb-0667-4ad1-9c80-317fa3b1799d,Gonzales PLC,SD,65,2023-05-03 07:39:35.122042
a1e518a2-93d2-48d4-a465-5c397d4d2add,23b8c1e9-3924-46de-beb1-3b9046685257,Brooks PLC,WS,47,2026-02-15 20:48:03.065160
600b4b35-6a0a-47d5-a0b8-575544caa5a2,47378190-96da-4dac-b2ff-5d2a386ecbe0,Torres Ltd,MA,20,2026-02-24 02:39:01.724907
cb6ad0c7-a235-4dd4-9355-08d073b5bad5,c241330b-01a9-471f-9e8a-774bcf36d58b,Porter Ltd,ES,19,2025-08-06 19:57:32.830057
67213a70-17d5-4f59-84d5-98f7e14fe093,23b8c1e9-3924-46de-beb1-3b9046685257,Morgan-Barnes,NI,29,2026-02-03 04:31:19.569943
b1d81887-4739-4c7b-bff3-0c8d83ff3e96,17fc695a-07a0-4a6e-8822-e8f36c031199,"Goodwin, Farmer and Vaughn",AO,74,2025-01-30 05:45:43.577917
7466ef02-5e7b-42c8-a097-dedbefb3b939,47378190-96da-4dac-b2ff-5d2a386ecbe0,Nguyen-Johnson,AL,60,2025-09-27 05:57:07.201491
94fb09f0-53c9-4ae7-bcf0-7bb3f343d9eb,47378190-96da-4dac-b2ff-5d2a386ecbe0,Weeks and Sons,CH,18,2022-01-14 08:17:15.308436
d8dff535-c62d-4aea-9e70-bd3000a21367,6b65a6a4-8b81-48f6-b38a-088ca65ed389,Carroll-Lloyd,SR,92,2024-02-22 06:59:33.188960
f8ded777-bb1e-4ae8-97d8-21b8bb93cd40,bdd640fb-0667-4ad1-9c80-317fa3b1799d,"Berry, Myers and James",UY,35,2024-11-10 15:49:24.734890
b28187c4-aa05-4442-a284-e8fd755cee2a,bdd640fb-0667-4ad1-9c80-317fa3b1799d,Brown-Hughes,CZ,43,2023-02-23 08:19:07.024231
cbb18c79-1036-408d-99a0-90075bb47c18,47378190-96da-4dac-b2ff-5d2a386ecbe0,Rodriguez-Hudson,BY,95,2024-03-06 23:25:54.499047
f7d7465d-37c3-43c9-a5d0-b51788d00abd,6b65a6a4-8b81-48f6-b38a-088ca65ed389,Fowler-Torres,LK,91,2024-06-02 04:13:35.451859
7ea5a387-363b-45cb-9329-37246dfd171a,c241330b-01a9-471f-9e8a-774bcf36d58b,Garcia PLC,TZ,11,2024-03-15 08:31:36.614550
48998e5f-d40e-43ce-92a7-4a4144bed486,47378190-96da-4dac-b2ff-5d2a386ecbe0,Johnson Ltd,MX,49,2023-07-07 19:30:51.552375
216e9fe5-93f3-4596-8c1c-8b0556771f36,b74d0fb1-32e7-4629-8fad-c1a606cb0fb3,"Burns, Lopez and Jones",FI,38,2024-04-10 18:05:28.907453
c9ce44bd-7c3f-4add-9a38-5db590eeb067,bd9c66b3-ad3c-4d6d-9a3d-1fa7bc8960a9,Campbell-Hall,UZ,64,2022-07-19 21:28:29.214658
c3231466-aebb-490e-a4e7-51de57ff51d9,bd9c66b3-ad3c-4d6d-9a3d-1fa7bc8960a9,"Warren, Gibson and Wood",KR,69,2023-02-22 21:56:48.514355
a04d4d14-197d-4ae1-8bc2-ea720c648ca2,23b8c1e9-3924-46de-beb1-3b9046685257,Jackson Group,LI,8,2023-10-13 21:58:56.363762
042b03ca-75a7-4686-9632-1d31c8acffcf,17fc695a-07a0-4a6e-8822-e8f36c031199,Moore-Rodriguez,NO,34,2022-07-14 14:47:04.147011
28719b9b-db8f-4e32-adef-50031fce01e3,bd9c66b3-ad3c-4d6d-9a3d-1fa7bc8960a9,"Barnes, Paul and Price",SG,48,2026-04-07 08:05:15.709018
fde91c42-002c-4c22-b4de-5f7070f81dba,9a1de644-815e-46d1-bb8f-aa1837f8a88b,Anderson and Sons,CH,56,2023-09-04 11:55:17.204159
fee5ce69-33cb-402e-ad84-414df54191ea,23b8c1e9-3924-46de-beb1-3b9046685257,Reynolds-Mckinney,AO,76,2023-09-20 14:28:30.026479
e1d46f82-21c5-4e41-a8ce-e951b0478ea4,bd9c66b3-ad3c-4d6d-9a3d-1fa7bc8960a9,Moore-Andrews,KI,65,2021-12-15 09:52:07.093348
dfda35b2-28b2-4f21-8d47-0ed6a6663769,17fc695a-07a0-4a6e-8822-e8f36c031199,Matthews-Shaw,IS,31,2021-08-30 11:29:04.931267
17e52113-4626-43be-a068-8849eec71a30,bdd640fb-0667-4ad1-9c80-317fa3b1799d,"Stevens, Harris and Ritter",PK,4,2022-01-24 11:01:02.131430
1519830c-4019-4303-9c45-7e4da79313b8,bdd640fb-0667-4ad1-9c80-317fa3b1799d,Brown-Ross,FR,50,2024-05-07 21:54:27.564786
a61f0b96-e75f-445a-aa1d-3fc65f31273d,c241330b-01a9-471f-9e8a-774bcf36d58b,Fox PLC,BZ,69,2024-08-04 07:40:13.945912
a0279a18-6576-4410-8d41-ee472a5fda18,47378190-96da-4dac-b2ff-5d2a386ecbe0,Stevens-Johnston,IN,30,2023-01-27 13:59:11.239120
c156e501-b30e-46e8-b9da-5f8c4e35da80,b74d0fb1-32e7-4629-8fad-c1a606cb0fb3,"Davis, Lucas and Ellison",TD,88,2026-07-04 01:37:36.047920
1758d47e-a7cd-4143-ade2-14293bf0d9c1,bdd640fb-0667-4ad1-9c80-317fa3b1799d,Graves-Dawson,TR,59,2025-05-25 11:30:20.323252
36a2c52b-0047-4139-985d-f528b4258e19,6b65a6a4-8b81-48f6-b38a-088ca65ed389,Myers-Colon,PW,67,2025-05-25 15:58:28.602429
97fb613a-21f8-4d06-93f3-cade7a10013f,bd9c66b3-ad3c-4d6d-9a3d-1fa7bc8960a9,Perry and Sons,MT,75,2025-01-14 06:52:59.878941
71efe72a-ae13-491e-84fa-4c7239e7a4f1,6b65a6a4-8b81-48f6-b38a-088ca65ed389,"Quinn, Ellis and Bartlett",JP,45,2024-03-07 08:45:05.868314
57f479b5-b212-46ee-8210-63710260a123,17fc695a-07a0-4a6e-8822-e8f36c031199,Hale Inc,NP,4,2021-10-01 23:34:00.672729
dc3f42e0-fcf7-4842-9edf-3bfad12e0eb5,bdd640fb-0667-4ad1-9c80-317fa3b1799d,Hale-Williams,BW,26,2026-04-11 23:05:14.712815
7a4a902f-21d6-4b0f-b1ac-040d6c1cc405,b74d0fb1-32e7-4629-8fad-c1a606cb0fb3,Hill Ltd,GN,27,2023-01-29 19:33:22.079176
16de66c9-6210-4ef6-ba9c-43081221cddf,17fc695a-07a0-4a6e-8822-e8f36c031199,"Carter, Hendricks and Wolfe",NE,46,2024-06-24 18:57:41.247263
1a6b6a7d-1a38-4ad6-8e53-2ffdbb134f02,9a1de644-815e-46d1-bb8f-aa1837f8a88b,"Barrera, Kerr and Jenkins",TJ,64,2026-01-17 00:53:39.699580
4c9bff5c-e188-4eaf-9e18-85c35037cd6b,9a1de644-815e-46d1-bb8f-aa1837f8a88b,"Martinez, Wood and Campos",IT,91,2024-04-04 04:34:00.306994
d038e153-c601-418b-a1fa-01ba231ae7c7,6b65a6a4-8b81-48f6-b38a-088ca65ed389,"Miranda, Nguyen and Hayes",RO,51,2024-09-30 10:09:42.151705
a43e558c-2215-4f00-9fdf-0e05c0cef31b,47378190-96da-4dac-b2ff-5d2a386ecbe0,Clark-Williams,JM,50,2025-03-28 23:36:43.272214
11836c4f-2492-44c7-ad58-db1bfe31537a,23b8c1e9-3924-46de-beb1-3b9046685257,Jones Ltd,ME,6,2024-03-19 16:14:43.761606
9c3de1b0-022b-4683-9033-da6587cf63fd,47378190-96da-4dac-b2ff-5d2a386ecbe0,"Brady, James and Reese",SN,59,2021-10-12 03:54:45.799757
59e7703a-70aa-4b0d-aa03-8ad4a667b982,c241330b-01a9-471f-9e8a-774bcf36d58b,Sanders Inc,SD,15,2023-01-22 04:37:07.446124
bf8e8bfa-a0c9-4a72-b68a-cd40b8f14e3c,47378190-96da-4dac-b2ff-5d2a386ecbe0,Wilson-Stark,HN,30,2022-06-26 17:09:08.845021
9db7284b-6965-41d1-ab7e-2e6426c0747e,c241330b-01a9-471f-9e8a-774bcf36d58b,Santiago-Marshall,MU,42,2026-05-13 18:01:35.737866
379d58f9-dc26-4108-b140-11a1afc2ccfc,c241330b-01a9-471f-9e8a-774bcf36d58b,Jones-Kelley,AM,37,2021-10-21 17:02:12.531547
23d7e6a1-19b8-44fc-a587-1d8916312fc6,b74d0fb1-32e7-4629-8fad-c1a606cb0fb3,Reeves Group,SB,42,2025-09-02 06:54:08.091531
bae1e137-96ee-40e5-9f87-3b46c0a0473a,bdd640fb-0667-4ad1-9c80-317fa3b1799d,Ruiz LLC,ZA,35,2025-11-29 12:18:47.335376
6dec6bbd-f697-47a1-99fe-3d53624fea4b,b74d0fb1-32e7-4629-8fad-c1a606cb0fb3,Jackson Inc,MX,87,2025-03-27 16:11:17.747694
3f6eed9d-23cb-4943-8a84-000350834fef,c241330b-01a9-471f-9e8a-774bcf36d58b,"Garcia, Phillips and Nichols",MR,6,2024-02-29 20:28:17.976782
3f87dfc2-1591-42f2-a505-da9c46e75a2c,17fc695a-07a0-4a6e-8822-e8f36c031199,Jackson-Powers,ST,68,2022-06-08 13:06:15.862115
b89f3a92-999a-4d86-99db-13028dab66d3,9a1de644-815e-46d1-bb8f-aa1837f8a88b,Byrd and Sons,LC,18,2023-05-26 03:37:48.494552
f0f7ad22-c76a-4e0f-88f0-91f09b8b38ae,c241330b-01a9-471f-9e8a-774bcf36d58b,Howard-Robinson,CD,73,2025-01-14 19:13:09.753314
d8d994b8-d90f-44e9-86dd-f6cab0c30a59,b74d0fb1-32e7-4629-8fad-c1a606cb0fb3,Stafford PLC,PG,29,2026-02-05 00:05:22.582352
34981735-4d38-4415-a036-35fca88d4108,17fc695a-07a0-4a6e-8822-e8f36c031199,Ramos Inc,GR,77,2022-01-14 02:36:20.932474
304b2370-8270-4238-9b5f-8f39848b34f0,b74d0fb1-32e7-4629-8fad-c1a606cb0fb3,"Cain, Davidson and Moran",TR,59,2026-04-17 18:39:28.309065
a56b61e0-4ba8-44ca-a449-cb6fbf72ae52,47378190-96da-4dac-b2ff-5d2a386ecbe0,Myers LLC,AR,47,2026-01-02 13:45:30.698993
cb35097a-e5dd-48f1-88a7-38ab0df83e12,bd9c66b3-ad3c-4d6d-9a3d-1fa7bc8960a9,Williams-Smith,MY,17,2025-02-07 22:57:47.829978
62c965b2-7eb0-462a-bd45-74ebf4655a21,6b65a6a4-8b81-48f6-b38a-088ca65ed389,Wang-Mcfarland,HT,96,2021-11-28 04:45:51.616840
a3595d1f-7fe4-442e-bdb7-88a61cdcc4c2,23b8c1e9-3924-46de-beb1-3b9046685257,Kerr-Gonzalez,PE,22,2022-07-24 18:46:01.351479
e3837348-873d-48bd-922d-d7be980bc81e,b74d0fb1-32e7-4629-8fad-c1a606cb0fb3,Fisher Inc,MN,68,2022-07-30 11:53:40.409291
5c70ee97-fca4-4567-8316-d2d6fa4a58ef,23b8c1e9-3924-46de-beb1-3b9046685257,Hoover-Frazier,QA,69,2024-09-29 11:45:09.500014
6307d4d1-21c9-415d-9104-5a16ef15ab72,972a8469-1641-4f82-8b9d-2434e465e150,Walker Inc,TM,37,2021-08-15 10:16:20.089349
6bbdb66f-9181-4091-96c6-f45cdc5e4e78,b74d0fb1-32e7-4629-8fad-c1a606cb0fb3,"Jackson, Jackson and Perry",CD,49,2026-02-25 20:48:00.775872
2c3aacdc-aed5-4a46-8bde-005b5d8babd7,bd9c66b3-ad3c-4d6d-9a3d-1fa7bc8960a9,Ochoa LLC,BA,13,2022-07-29 04:54:11.198436
fcc4091b-f457-47c6-b894-6a15c34201db,23b8c1e9-3924-46de-beb1-3b9046685257,"Sims, Weber and Villa",KR,34,2024-12-27 21:58:40.460085
965d744f-0445-41a8-92af-97e4c536c66e,c241330b-01a9-471f-9e8a-774bcf36d58b,Mcmillan-Martinez,LT,86,2026-03-01 22:21:31.079123
373aedf8-431e-430f-8387-f74d1149d096,b74d0fb1-32e7-4629-8fad-c1a606cb0fb3,Rodriguez LLC,CV,53,2021-07-26 14:33:27.875152
f2dcb12b-0f7a-4302-ac2e-28150a3217d2,bdd640fb-0667-4ad1-9c80-317fa3b1799d,Smith Ltd,ZM,87,2022-09-29 22:45:11.236793
495743a2-81b1-4b80-a5e1-b0f5ca0ee8c4,6b65a6a4-8b81-48f6-b38a-088ca65ed389,Smith-Lewis,BS,51,2025-08-11 19:37:43.023618
c4615234-8044-4eb2-b66e-dbf4a0ea0251,bd9c66b3-ad3c-4d6d-9a3d-1fa7bc8960a9,Jones LLC,BY,3,2025-09-13 01:55:15.400511
66fba71d-b3a9-4caa-ac6f-6d2e6a59c043,23b8c1e9-3924-46de-beb1-3b9046685257,"Hanson, Williams and Mcclure",TJ,42,2026-06-19 16:01:09.632255
89a3c811-895c-4fde-a3fa-40691519fd38,bd9c66b3-ad3c-4d6d-9a3d-1fa7bc8960a9,Turner-George,DO,98,2026-06-24 13:38:06.769050
15669e36-4708-403b-a716-10c19db54283,17fc695a-07a0-4a6e-8822-e8f36c031199,Marquez PLC,GE,32,2025-09-04 10:31:50.284358
ebc1bb52-82e4-4d4a-943a-c1c54f560ed5,6b65a6a4-8b81-48f6-b38a-088ca65ed389,King Inc,RW,51,2023-05-27 21:41:57.571522
27c6cbb1-cedd-469d-b96c-9a0a3404c02a,c241330b-01a9-471f-9e8a-774bcf36d58b,"Nguyen, Mccoy and Price",UA,85,2025-09-24 22:04:29.954332
9620bee6-6406-4ace-93a5-e8508950ddd6,b74d0fb1-32e7-4629-8fad-c1a606cb0fb3,"Anderson, Thompson and Gill",HU,46,2021-10-07 16:29:55.431119
a65be22b-d5a3-46d9-8362-a810a2611b8d,b74d0fb1-32e7-4629-8fad-c1a606cb0fb3,"Stewart, York and Olson",BS,21,2022-04-02 16:03:47.336166
4f67448e-10ec-4b1f-a4a5-c736ae59aa52,b74d0fb1-32e7-4629-8fad-c1a606cb0fb3,Smith-Barr,CV,44,2022-10-10 12:20:12.562836
f413db19-bade-4d5d-afff-15ccb2dc6c34,6b65a6a4-8b81-48f6-b38a-088ca65ed389,Reyes-Davidson,NA,11,2024-11-19 19:51:11.264869
3e9639ba-0ed2-4c9d-bd17-5712d8b22277,bdd640fb-0667-4ad1-9c80-317fa3b1799d,Gordon Ltd,VE,68,2025-12-14 13:26:39.507675
1db14bfc-6f3a-4115-acb4-678c16120aa6,972a8469-1641-4f82-8b9d-2434e465e150,Hall PLC,PY,1,2023-08-29 03:27:30.971063
0e165b12-9bdc-40d1-9cbf-7b8c74102d5d,9a1de644-815e-46d1-bb8f-aa1837f8a88b,Parker Ltd,SK,92,2024-05-24 20:56:03.674459
a8761e85-bddf-403a-aa84-30f84f2da233,47378190-96da-4dac-b2ff-5d2a386ecbe0,Todd-Harvey,RS,63,2025-11-11 07:41:53.911510
033e02f7-1e93-4127-acf7-2140bd9bc648,23b8c1e9-3924-46de-beb1-3b9046685257,Taylor Group,TN,24,2024-09-03 12:02:12.486993
02e7df89-b395-4a98-a320-4ff5b538f96c,bdd640fb-0667-4ad1-9c80-317fa3b1799d,Harris-Bennett,PS,99,2022-07-27 02:20:38.541336
58c1aad6-f3f8-4ea4-bf14-eafa29f0ef7c,c241330b-01a9-471f-9e8a-774bcf36d58b,"Johnson, Mclean and George",HT,13,2025-12-08 14:23:54.010642
d28fcf68-c871-47b3-8468-b74d85e3ade5,23b8c1e9-3924-46de-beb1-3b9046685257,Stevenson-Murphy,BH,98,2025-03-24 04:37:40.227283
5f32d5d8-2abe-4585-825e-0259b88416d2,b74d0fb1-32e7-4629-8fad-c1a606cb0fb3,Stewart-Buchanan,SA,11,2022-11-27 19:14:52.919582
df9b141e-c7f7-4da1-bff1-5840207e863f,bd9c66b3-ad3c-4d6d-9a3d-1fa7bc8960a9,Meyer Group,ID,51,2024-12-29 13:03:41.981771
1e38f711-e2ec-43f4-bba1-aed944cdbfdd,c241330b-01a9-471f-9e8a-774bcf36d58b,"Hess, Christensen and Perez",NG,17,2023-08-16 10:42:24.608029
55c34853-0783-443c-a65f-ad87c57c7498,23b8c1e9-3924-46de-beb1-3b9046685257,"Rivera, Allen and Ryan",KR,99,2023-08-12 08:12:03.315286
861b4f5b-45a0-4539-ade8-370ace9e9ebd,b74d0fb1-32e7-4629-8fad-c1a606cb0fb3,"Mcneil, Solis and Horton",SZ,82,2022-12-07 19:04:05.277169
f99cea5c-b65a-40f1-8350-ab061059ea28,23b8c1e9-3924-46de-beb1-3b9046685257,Franklin Group,LU,86,2026-01-18 11:56:01.338582
7f0386fa-13ba-4c91-a0a5-fde6939f71a2,bd9c66b3-ad3c-4d6d-9a3d-1fa7bc8960a9,"Morris, Ramos and Smith",CZ,24,2025-08-17 10:55:24.477238
0e3141ec-5c31-4464-82c2-99f07487d772,b74d0fb1-32e7-4629-8fad-c1a606cb0fb3,Jones-Lee,AZ,19,2023-12-26 12:48:19.656347
2ab8bd33-911f-430b-9bff-00b07fe670f3,972a8469-1641-4f82-8b9d-2434e465e150,"Braun, Mays and Martinez",LI,37,2024-07-17 21:49:25.988647
c5f8e2f8-414f-4994-a845-77805e20c957,bdd640fb-0667-4ad1-9c80-317fa3b1799d,Watkins and Sons,FM,85,2024-09-04 03:13:53.851116
ac93281a-92eb-4ab0-a4ee-c67c1a57f9e4,17fc695a-07a0-4a6e-8822-e8f36c031199,Romero Group,TM,8,2023-07-10 03:46:16.111608
bda3c162-3a78-464a-9d86-80cbb90800f3,47378190-96da-4dac-b2ff-5d2a386ecbe0,"Mcdonald, Martin and Gonzalez",US,28,2025-01-08 23:47:04.985486
dbd30aec-0b46-4173-80a8-547382425912,6b65a6a4-8b81-48f6-b38a-088ca65ed389,Thompson-Wright,NE,5,2023-10-16 03:36:45.827478
0bc57207-3e9a-4c86-8325-4fbddce8e1c5,47378190-96da-4dac-b2ff-5d2a386ecbe0,Ray-Faulkner,AF,17,2024-11-09 15:44:11.641894
eb93f78c-620a-4158-9d2d-904f78c59073,c241330b-01a9-471f-9e8a-774bcf36d58b,Nelson Group,IQ,36,2022-08-29 03:34:16.590623
f5d8fb91-ee60-41ac-add0-622e266bf2ea,47378190-96da-4dac-b2ff-5d2a386ecbe0,Tapia LLC,FM,19,2024-09-24 07:58:34.710097
cd98f9e2-8d88-4beb-890d-9655db842660,b74d0fb1-32e7-4629-8fad-c1a606cb0fb3,Gray-Ruiz,GE,64,2022-02-13 11:22:35.439194
a7dc2bc0-bd9c-4693-b6ca-1127e9f87970,972a8469-1641-4f82-8b9d-2434e465e150,Wagner-Moss,TW,91,2026-01-20 13:57:25.623167
3f8e2d0d-5261-4dec-b979-d5f56b5bc975,17fc695a-07a0-4a6e-8822-e8f36c031199,Weiss Group,TJ,98,2023-12-27 02:50:39.973024
51e744e4-b864-4a08-aa75-752d6a8fcacb,bdd640fb-0667-4ad1-9c80-317fa3b1799d,Gill Group,RW,11,2022-06-17 19:14:53.596575
92502e59-13f0-4822-9374-8a1145712959,bdd640fb-0667-4ad1-9c80-317fa3b1799d,Blake LLC,ST,54,2023-03-07 19:28:19.711977
ac5f12ef-8085-4147-9e91-0f365f705b25,bd9c66b3-ad3c-4d6d-9a3d-1fa7bc8960a9,"Medina, Tran and Thompson",SB,45,2026-04-05 23:28:20.085455
3922a7e4-2de9-42f8-8d7b-ec04e6e59b32,6b65a6a4-8b81-48f6-b38a-088ca65ed389,Ford-Chavez,KW,47,2022-10-29 08:54:46.929775
0bc1f9e5-fb3d-4063-8409-c5eacde918b3,23b8c1e9-3924-46de-beb1-3b9046685257,Hart-Castillo,CF,12,2024-12-12 10:08:16.418808
e0827f76-11a5-49b4-a6a3-02d6f43e8c48,972a8469-1641-4f82-8b9d-2434e465e150,Taylor-Harrison,GW,21,2026-03-13 10:47:25.908422
c605e58a-4845-4343-9db4-49dc77106966,23b8c1e9-3924-46de-beb1-3b9046685257,Hendricks Inc,LI,11,2023-07-15 03:41:22.298600
161d5c87-53c9-4e59-8f89-e3b2d847dc53,17fc695a-07a0-4a6e-8822-e8f36c031199,Hensley Ltd,PL,92,2024-03-23 06:29:54.719714
5e717fca-020a-4497-b4ed-51458d9765c7,47378190-96da-4dac-b2ff-5d2a386ecbe0,"Brooks, Sullivan and Perry",KN,5,2022-12-19 21:08:00.112020
c8d57717-9055-436f-8aa5-f9d3335f2f59,bdd640fb-0667-4ad1-9c80-317fa3b1799d,Waller-Brooks,RO,81,2024-05-24 02:01:35.887996
3e19fc1d-9f6a-4a65-bd54-da044dcd0009,17fc695a-07a0-4a6e-8822-e8f36c031199,Parker-Archer,SG,56,2022-02-01 01:56:20.257034
f8cbab4c-9779-4e84-9e47-2e2276c3e642,47378190-96da-4dac-b2ff-5d2a386ecbe0,Ortiz Inc,TH,20,2022-02-21 00:03:07.686167
c6a07656-c5c9-4b91-bf6e-f9ed7e4ce29f,bdd640fb-0667-4ad1-9c80-317fa3b1799d,Cruz PLC,SZ,41,2025-08-28 16:35:42.098303
8beb4e78-e683-43a3-bb82-b7963207343e,47378190-96da-4dac-b2ff-5d2a386ecbe0,Lee Group,ES,46,2025-12-18 08:41:08.651483
268b84b6-3ec0-4285-8bc4-ec0ec2aef674,6b65a6a4-8b81-48f6-b38a-088ca65ed389,Wise-Walton,BR,12,2026-04-18 05:23:09.522997
061efb95-68f8-4063-aeb1-9ad201a1fb0f,972a8469-1641-4f82-8b9d-2434e465e150,Hicks-Burns,CA,70,2024-04-26 00:53:19.409162
a2cd1590-58af-493c-8aa2-b4c93ba5bd76,c241330b-01a9-471f-9e8a-774bcf36d58b,"Richardson, Brown and Cruz",NO,17,2024-01-13 08:10:04.684418
0274ce40-e090-46b6-b186-a5a8d6ee526b,17fc695a-07a0-4a6e-8822-e8f36c031199,Fitzgerald-Allen,ME,19,2022-03-07 02:09:42.213153
c2492e5e-005f-40e6-95c3-b2dbf374190d,17fc695a-07a0-4a6e-8822-e8f36c031199,Dorsey LLC,BO,26,2026-07-10 00:59:42.995087
bcf2fc3b-d958-44c2-a053-8c1ba84510a1,9a1de644-815e-46d1-bb8f-aa1837f8a88b,"Mann, Johnson and Wade",MT,48,2023-11-21 08:41:04.351558
34879e41-1a9c-472a-8eb9-047dba2ac3d9,b74d0fb1-32e7-4629-8fad-c1a606cb0fb3,Green Group,CN,52,2022-02-02 15:16:27.084364
6b790d01-3cf8-4d20-bbad-793f87a1ec02,6b65a6a4-8b81-48f6-b38a-088ca65ed389,"Hernandez, Wright and Lane",TW,96,2022-09-08 12:06:06.997638
f8f9a45d-0f55-4896-b610-396b7df59abf,6b65a6a4-8b81-48f6-b38a-088ca65ed389,"Skinner, Smith and Wise",AL,70,2025-09-16 08:24:17.897768
47a2a10b-b62e-4b49-a472-96a4ff38b918,23b8c1e9-3924-46de-beb1-3b9046685257,"Dawson, Cruz and Mccarthy",DK,55,2022-06-19 20:19:34.512303
3b41c943-ebd8-43b1-8b3d-0c3617d09810,47378190-96da-4dac-b2ff-5d2a386ecbe0,Stone and Sons,SK,75,2025-05-10 12:08:14.983831
69be173a-850e-40ad-9872-f72ee5b4a1ae,b74d0fb1-32e7-4629-8fad-c1a606cb0fb3,Martin-Simmons,AE,33,2025-07-29 14:48:22.531126
755d814b-5f5b-4255-a544-9887b36ab3ed,972a8469-1641-4f82-8b9d-2434e465e150,"Turner, Ponce and Barrett",CM,62,2022-10-02 10:33:20.821707
94ad6252-15bc-4a3e-bf76-55d7f97c6c3c,972a8469-1641-4f82-8b9d-2434e465e150,Willis-Gross,DM,88,2024-08-14 15:38:09.441052
a3209116-222d-46a4-8163-b6ce1877bc06,6b65a6a4-8b81-48f6-b38a-088ca65ed389,"Booth, Rodriguez and Armstrong",FJ,23,2023-09-26 00:38:06.068824
97867b12-1328-4726-a4f4-34d6d1e91691,972a8469-1641-4f82-8b9d-2434e465e150,Olsen-Adams,OM,15,2022-04-04 15:48:19.302693
a995ecc3-6f5b-49a6-8ff1-c51f915cb31b,9a1de644-815e-46d1-bb8f-aa1837f8a88b,Conrad Group,CI,27,2024-07-12 04:43:14.904857
4aab47b2-3c9d-428a-a176-1930f6d70248,17fc695a-07a0-4a6e-8822-e8f36c031199,"Parker, Benitez and Velasquez",AZ,75,2021-09-30 22:07:05.928405
ed1115d7-50a4-4c85-99d5-7b0242d04d55,bd9c66b3-ad3c-4d6d-9a3d-1fa7bc8960a9,Davis Ltd,NO,64,2026-03-18 22:06:48.717097
d4f76322-b362-40d2-a498-8bdecd0254db,c241330b-01a9-471f-9e8a-774bcf36d58b,Warren-Pena,SA,81,2025-05-18 06:21:21.578938
73e7f042-516c-4b0a-9385-3918bc4015fa,23b8c1e9-3924-46de-beb1-3b9046685257,"Jordan, Thompson and Lopez",DO,51,2022-06-28 01:09:56.147126
f18cccdc-131e-4723-bbcd-f203459ee674,47378190-96da-4dac-b2ff-5d2a386ecbe0,Gonzalez and Sons,YE,53,2022-08-06 05:48:58.998791
c5285425-c7a9-433c-a2d8-39d333e4f986,c241330b-01a9-471f-9e8a-774bcf36d58b,"Fry, Hayes and Olsen",SL,78,2023-02-18 12:58:19.398308
1b0c62eb-27c8-4c6c-9be5-a4c395af6d0c,47378190-96da-4dac-b2ff-5d2a386ecbe0,Harris Ltd,RU,91,2024-05-21 16:44:35.349353
50647c59-774f-4354-b316-ce642a147a96,bdd640fb-0667-4ad1-9c80-317fa3b1799d,Lamb and Sons,CU,82,2026-04-15 06:23:53.785995
5bb8b9c8-8932-49f3-9ee8-9a4c681134e2,c241330b-01a9-471f-9e8a-774bcf36d58b,Bird-Savage,AE,92,2023-04-02 07:42:48.475626
73b0d676-3527-45c8-8534-ca08f6f24d1c,bd9c66b3-ad3c-4d6d-9a3d-1fa7bc8960a9,Sims-Weber,SY,51,2026-04-18 14:23:06.350465
da3c45ca-43d7-4f2b-b69d-e1e34eed4124,6b65a6a4-8b81-48f6-b38a-088ca65ed389,"Martin, Carter and Gray",NL,47,2026-02-25 09:59:37.063992
cebeabaa-2859-4b34-9725-d2c71eb2a7b8,9a1de644-815e-46d1-bb8f-aa1837f8a88b,Brown-Johnson,MZ,4,2023-04-18 08:04:48.003224
b46788bd-d38e-43e4-8de1-087bafa14a55,17fc695a-07a0-4a6e-8822-e8f36c031199,Woods Ltd,AG,7,2022-07-19 09:04:49.626925
370b9a29-0a53-4df9-9a72-083cb266986c,17fc695a-07a0-4a6e-8822-e8f36c031199,Smith LLC,KE,35,2024-10-06 06:32:02.556642
25f88c74-53ea-4919-9b48-62c2d5ff2a1f,9a1de644-815e-46d1-bb8f-aa1837f8a88b,Ortega Inc,CL,48,2023-07-02 13:35:30.993660
f7e9101d-3f8b-4433-b60e-695c1759ba96,b74d0fb1-32e7-4629-8fad-c1a606cb0fb3,Clark Inc,NZ,73,2022-04-23 12:56:34.693005
0c880714-8372-47e0-a570-46ea5b11f51f,bdd640fb-0667-4ad1-9c80-317fa3b1799d,Morrison-Hatfield,KE,72,2023-01-01 20:21:06.243228
d1f16485-429a-4a7c-8c80-d33aad5be3c8,47378190-96da-4dac-b2ff-5d2a386ecbe0,Frederick-Kennedy,WS,45,2021-11-11 04:32:18.468456
f3bc9a71-07f4-4ee5-ac82-989ffd9cfbb0,bd9c66b3-ad3c-4d6d-9a3d-1fa7bc8960a9,Munoz-Rogers,GD,81,2022-06-18 21:44:49.670545
8e52fc42-73c3-44a6-9ac7-26b667863fb3,972a8469-1641-4f82-8b9d-2434e465e150,"Wu, Key and Montoya",IR,81,2022-07-07 20:30:42.040214
183fea70-3ff6-479e-8cd4-b90abf8211bc,c241330b-01a9-471f-9e8a-774bcf36d58b,Ortega-Gray,SK,97,2024-10-31 14:44:54.035253
cb371d97-cdcc-4d6a-9a16-998c7648776e,bdd640fb-0667-4ad1-9c80-317fa3b1799d,Hester LLC,LI,96,2023-09-27 10:04:39.907664
0fc98d2e-030f-4be9-9f17-8f9323c97a1e,c241330b-01a9-471f-9e8a-774bcf36d58b,Smith Ltd,VE,72,2025-11-25 04:31:52.728887
38e7e019-fb89-46c8-87ec-fe71d49347fc,bd9c66b3-ad3c-4d6d-9a3d-1fa7bc8960a9,Hardy-Barron,MR,19,2021-11-21 15:49:51.520666
668c879b-d2dc-42c8-b2b8-d8aa21768dd7,23b8c1e9-3924-46de-beb1-3b9046685257,Johnson Inc,TM,63,2022-10-09 18:56:05.879686
f004e897-a15b-4e18-afb0-64065f4b1a97,23b8c1e9-3924-46de-beb1-3b9046685257,"Ramirez, Lyons and Briggs",CF,38,2024-03-09 04:51:50.808244
960be0f4-9513-4c22-9583-9b99a50a13dc,bdd640fb-0667-4ad1-9c80-317fa3b1799d,Hayes-Parks,DM,67,2024-04-29 21:04:01.332849
13325c31-d010-418a-aadc-9960424211e2,6b65a6a4-8b81-48f6-b38a-088ca65ed389,Robertson-Keller,CV,59,2022-04-05 18:18:37.730113
329fc417-1081-4d45-bf45-f8a20594b24f,bd9c66b3-ad3c-4d6d-9a3d-1fa7bc8960a9,Andersen LLC,JP,69,2026-05-13 17:33:47.330936
cf2e3296-7184-4713-a55f-65b7e709fba6,bd9c66b3-ad3c-4d6d-9a3d-1fa7bc8960a9,Schultz Inc,SK,13,2021-10-29 12:31:50.950140
d8e70aeb-e7b3-4085-978b-e96820f87ba2,9a1de644-815e-46d1-bb8f-aa1837f8a88b,"Nguyen, Wallace and Lawson",LA,47,2024-12-19 11:11:44.013826
1f5df912-54e0-4431-8f13-3b65d450afa2,6b65a6a4-8b81-48f6-b38a-088ca65ed389,Stevenson-Bauer,GA,61,2023-08-05 13:20:48.791236
0cf697a5-7603-436c-b139-4e3c0aee2557,47378190-96da-4dac-b2ff-5d2a386ecbe0,Patterson-Huynh,VE,31,2024-03-19 15:26:25.944500
6ee35607-92ea-4324-ac93-e5962b015723,47378190-96da-4dac-b2ff-5d2a386ecbe0,Hatfield-Vincent,LC,80,2024-08-20 14:45:16.011765
7f0223bc-651e-4252-b974-4cded259f960,972a8469-1641-4f82-8b9d-2434e465e150,Navarro LLC,MR,96,2022-05-24 06:02:37.159411
6d39da75-aee7-4ab2-a1fa-8e7a078c26ce,17fc695a-07a0-4a6e-8822-e8f36c031199,"Lee, Thomas and Meyer",SI,22,2026-03-17 10:23:30.628701
e886a011-36f7-426c-9a9c-06792c3d17e2,23b8c1e9-3924-46de-beb1-3b9046685257,"Glover, Moran and Johnson",UY,93,2023-05-25 07:49:45.268623
722dce13-47a4-4c42-8665-34972fe922aa,47378190-96da-4dac-b2ff-5d2a386ecbe0,Robles-Turner,ID,86,2022-04-05 23:42:09.324102
9d3616a1-08de-4921-a60c-b547e2280fe3,6b65a6a4-8b81-48f6-b38a-088ca65ed389,"Davies, Archer and Owens",PW,43,2022-01-23 11:58:03.066308
a5b40983-3eeb-404a-9df2-372e9e825aae,bd9c66b3-ad3c-4d6d-9a3d-1fa7bc8960a9,Friedman-Olson,PL,67,2022-09-17 15:59:09.647412
e1fdc6d1-6978-4221-bfb7-5c574b8c031f,47378190-96da-4dac-b2ff-5d2a386ecbe0,"Allen, Lewis and Mullins",GE,54,2023-06-14 02:59:16.438896
1674eb65-0f9c-4300-baa1-c5678cf9eea9,bd9c66b3-ad3c-4d6d-9a3d-1fa7bc8960a9,"Graves, Garcia and Holder",LS,10,2024-05-10 13:50:20.946017
6b52f93c-2321-464e-a20d-4a1f479f6628,47378190-96da-4dac-b2ff-5d2a386ecbe0,Martin LLC,AE,42,2025-08-11 22:37:22.472071
cc152a1b-e278-4642-a484-e035330faaa3,23b8c1e9-3924-46de-beb1-3b9046685257,Miranda-Robinson,WS,64,2025-05-21 17:51:39.248168
fe7c80e9-a179-4e93-bfc8-25ac869bc00f,c241330b-01a9-471f-9e8a-774bcf36d58b,Wade-Lynn,CR,21,2022-02-21 10:37:54.671039
04ffeab2-cb7b-4b3a-8b2d-158acd5ae324,47378190-96da-4dac-b2ff-5d2a386ecbe0,"Martinez, Taylor and Nichols",DM,80,2022-08-31 23:13:12.912796
b69f75c5-c82b-41be-a1eb-64e6fd498e20,6b65a6a4-8b81-48f6-b38a-088ca65ed389,"Vasquez, Pope and Cook",SL,76,2024-09-07 07:54:35.726299
c80c2195-8b65-44ce-bacc-99705beec570,47378190-96da-4dac-b2ff-5d2a386ecbe0,Huynh PLC,VC,66,2024-05-12 06:28:22.467934
90ce82e8-e9a5-4368-9812-9eb27c13f47a,17fc695a-07a0-4a6e-8822-e8f36c031199,Schneider Group,PY,41,2021-11-29 22:51:47.753071
453b45fe-636c-4499-9254-aad3809cd839,23b8c1e9-3924-46de-beb1-3b9046685257,"Paul, Hardy and Valdez",AG,24,2024-10-14 21:43:58.389307
98dc9e0b-51a1-45df-86ac-10102e0869c1,6b65a6a4-8b81-48f6-b38a-088ca65ed389,"Burch, Kim and Hall",LB,35,2026-02-05 06:38:08.567453
cf89569d-e550-4736-8780-6e713811b519,9a1de644-815e-46d1-bb8f-aa1837f8a88b,Wilson-Miller,NI,56,2026-03-25 11:41:35.518035
cf03f0c8-0eff-45bd-87eb-340dc74e48ff,6b65a6a4-8b81-48f6-b38a-088ca65ed389,Peterson PLC,EE,30,2024-10-07 11:14:28.184117
5b80b8d1-8788-4fed-b8c0-4ed8fdd4ff21,17fc695a-07a0-4a6e-8822-e8f36c031199,Garner Inc,CZ,57,2022-12-15 19:06:56.636492
3b964c74-ffe6-4994-9580-4c2ac44fc4b8,c241330b-01a9-471f-9e8a-774bcf36d58b,"Richardson, Castaneda and Finley",PW,94,2024-08-15 23:33:17.704799
3f738f50-19a2-476f-a8dd-2bfdf956be95,23b8c1e9-3924-46de-beb1-3b9046685257,"Mclaughlin, Collins and Lawrence",BJ,47,2023-10-17 03:24:43.018222
889fe107-443b-4d0f-bdbc-3093a8284442,9a1de644-815e-46d1-bb8f-aa1837f8a88b,Boone Group,AF,35,2025-04-14 01:50:48.983394
bcaff931-ead1-4464-8a8e-858cd0f81063,17fc695a-07a0-4a6e-8822-e8f36c031199,Wise-Salinas,KR,19,2024-12-16 00:43:29.427551
f2a32efd-ff13-4c80-8398-c3320e500785,17fc695a-07a0-4a6e-8822-e8f36c031199,Meyer PLC,ME,8,2024-08-09 16:45:28.795613
fb8fe8c4-d8b4-4ead-9360-8edf382b5b86,bdd640fb-0667-4ad1-9c80-317fa3b1799d,"Walker, Foster and Medina",ET,26,2023-04-09 06:12:31.024435
ef69a980-5ad4-49ef-a36f-a890cc21cbdb,23b8c1e9-3924-46de-beb1-3b9046685257,Stewart-Cabrera,FR,71,2026-06-26 04:43:47.499721
2c78644f-d860-45a2-bdd5-b0f8d6d744fd,6b65a6a4-8b81-48f6-b38a-088ca65ed389,Hood-Porter,MD,30,2023-10-26 20:16:39.207263
5168bbf2-97af-4bde-bc8e-9d782d14e9f4,bd9c66b3-ad3c-4d6d-9a3d-1fa7bc8960a9,Hernandez-Campbell,BY,7,2026-02-21 00:13:25.192825
5bd93609-b297-4782-bcf4-74aace63cb1a,c241330b-01a9-471f-9e8a-774bcf36d58b,"Ortega, Solis and Warner",SO,67,2022-04-23 14:42:49.284390
b4157cea-0738-4ba4-9770-a3dbe9fa97e2,bd9c66b3-ad3c-4d6d-9a3d-1fa7bc8960a9,"Flores, Shaw and Barker",PK,65,2024-03-23 15:01:38.040345
91519998-f293-4585-9a07-d758b357f3f9,6b65a6a4-8b81-48f6-b38a-088ca65ed389,Shea-Mccarthy,LS,36,2023-05-06 15:09:13.815164
f2c84743-9027-4770-a460-d0d2904883c1,6b65a6a4-8b81-48f6-b38a-088ca65ed389,Welch-Lewis,BY,25,2022-04-07 16:03:56.170480
cf767343-fced-4994-9631-c383303014d0,23b8c1e9-3924-46de-beb1-3b9046685257,Padilla-Bennett,BH,37,2024-09-23 09:53:36.835786
8ac8ad93-7e02-421d-b86b-543ae1b243cc,6b65a6a4-8b81-48f6-b38a-088ca65ed389,Hernandez-Moran,VU,1,2022-06-01 08:33:08.155312
09b7fdf7-7d8d-4ddd-acf1-49cb4f1e1a37,bdd640fb-0667-4ad1-9c80-317fa3b1799d,"Michael, Walker and Fitzgerald",PT,15,2026-05-19 13:31:44.524478
9a069295-3b8d-4447-8e61-065f171b1b80,9a1de644-815e-46d1-bb8f-aa1837f8a88b,Gates Ltd,UG,37,2026-07-16 13:59:26.863980
7a5d7c82-86c5-447c-851a-00393803dcee,6b65a6a4-8b81-48f6-b38a-088ca65ed389,Evans-Briggs,DJ,13,2025-12-14 13:07:27.719202
9d37efb6-eafb-4e90-94ec-84ce002ccb25,bd9c66b3-ad3c-4d6d-9a3d-1fa7bc8960a9,Ritter PLC,BJ,8,2023-05-21 03:17:01.477031
573bfc17-2167-435e-8e73-34f233932b6c,6b65a6a4-8b81-48f6-b38a-088ca65ed389,Rogers-Gregory,MG,5,2021-08-25 04:30:41.729145
cd6bb03b-eb35-47a0-ad6e-0291b7893986,bdd640fb-0667-4ad1-9c80-317fa3b1799d,Todd-Myers,ZW,60,2025-07-27 20:47:25.624938
0f3f0f48-52d6-4779-9e43-79cbd8230076,47378190-96da-4dac-b2ff-5d2a386ecbe0,"Acosta, Campbell and Leblanc",TJ,73,2022-04-06 21:29:54.754230
b466fab6-962c-44dd-a5d0-7461059c1574,47378190-96da-4dac-b2ff-5d2a386ecbe0,"Chase, Long and Anderson",GR,1,2023-11-04 21:07:59.484829
1c654aa2-c63c-421d-a443-5958eacf33a9,17fc695a-07a0-4a6e-8822-e8f36c031199,"Glenn, Brown and Michael",LY,36,2025-02-04 19:22:09.941046
5d696bc8-dc54-459b-86bb-42c7d8b2f8b6,c241330b-01a9-471f-9e8a-774bcf36d58b,Ellis-Martin,YE,35,2024-04-01 20:05:35.119365
b45c9a54-5fa3-4531-9291-6e60f5e72daf,972a8469-1641-4f82-8b9d-2434e465e150,Ramos Group,AL,66,2022-09-05 11:22:09.999316
96053035-6545-4030-a981-fa54f121e129,9a1de644-815e-46d1-bb8f-aa1837f8a88b,Merritt-Clark,FI,63,2023-07-22 12:09:44.365402
52961fb3-4d40-4b28-9628-ddcd19dd3e8c,b74d0fb1-32e7-4629-8fad-c1a606cb0fb3,"Gonzalez, Curtis and Cox",IS,23,2025-09-29 04:59:11.911928
bb7b6c05-2852-4ca2-b9d2-014a22ee7f07,17fc695a-07a0-4a6e-8822-e8f36c031199,"Garcia, Floyd and Garrison",JM,9,2023-04-23 11:51:33.664234
a3a6ef83-cab6-4107-afd6-9b3af2dd9456,c241330b-01a9-471f-9e8a-774bcf36d58b,Clements-Simmons,NP,34,2026-04-03 00:22:50.043177
51397c06-a630-4d9d-bcb9-23f5f5edf382,47378190-96da-4dac-b2ff-5d2a386ecbe0,Howe Inc,TV,46,2023-08-26 00:57:07.344792
8fddbebc-f7ff-48d4-b509-f08a2c988bca,bd9c66b3-ad3c-4d6d-9a3d-1fa7bc8960a9,Mccann-White,ZA,78,2023-08-19 19:16:31.514084
9d1c0838-edc8-4ca8-a3bc-d6f3b18d2c8c,b74d0fb1-32e7-4629-8fad-c1a606cb0fb3,Wilson PLC,KP,4,2025-03-18 09:03:53.240397
aa604892-3926-42e9-9b58-eb49c9784b52,c241330b-01a9-471f-9e8a-774bcf36d58b,"Morgan, Hamilton and Hernandez",MN,30,2023-10-06 14:09:18.452842
60ddc7f1-2ce3-4822-9080-12b896c56fe7,c241330b-01a9-471f-9e8a-774bcf36d58b,"Powell, Johnson and Allen",VU,95,2023-06-27 07:50:48.140522
4b657bcc-b041-4f19-bbe7-18354e8bf78a,17fc695a-07a0-4a6e-8822-e8f36c031199,Turner-Carlson,NA,75,2023-05-12 21:16:21.017878
0075d3d5-ba94-4a66-ad7e-4a452099e71f,b74d0fb1-32e7-4629-8fad-c1a606cb0fb3,Delgado Group,IE,99,2023-03-05 07:31:57.881566
92a54d04-f2dd-41f5-b3b6-d344f2e3c6f0,23b8c1e9-3924-46de-beb1-3b9046685257,"Esparza, Lambert and Davis",TJ,72,2023-07-16 09:25:42.193125
c55523ed-fe89-46c8-99cb-3540643ffdae,972a8469-1641-4f82-8b9d-2434e465e150,Hancock-Santos,SR,3,2025-02-27 20:34:17.313604
2e9ce8ff-084a-4c4b-9146-8cdcf7164b73,23b8c1e9-3924-46de-beb1-3b9046685257,Chen-Wallace,BA,14,2022-07-28 23:52:24.145698
cf0df860-ebc9-4914-9176-a9d19a3624d6,b74d0fb1-32e7-4629-8fad-c1a606cb0fb3,Wilson Inc,KM,60,2022-08-18 03:55:43.407825
a3bfe403-388c-4751-9c83-79aef7b02805,23b8c1e9-3924-46de-beb1-3b9046685257,Burns Ltd,FR,77,2022-07-01 16:37:57.372600
7f05fbf5-efca-4577-9aa6-f7cb90c7e6ac,bdd640fb-0667-4ad1-9c80-317fa3b1799d,"Walker, Matthews and Archer",BO,45,2022-07-08 08:01:54.871918
13eb22c9-bece-421a-94c7-743b2401342a,47378190-96da-4dac-b2ff-5d2a386ecbe0,Hill-Mcgee,UA,96,2025-11-29 07:58:15.995174
51cbf9e5-fb7d-4ba1-98c8-8c483ced4d1f,bdd640fb-0667-4ad1-9c80-317fa3b1799d,"White, Washington and Newman",DE,34,2024-11-03 00:19:44.135008
f68c62e6-e2a4-4909-a2dd-22d52afaab7b,6b65a6a4-8b81-48f6-b38a-088ca65ed389,Evans-Martinez,CA,45,2024-08-21 03:27:57.395626
ab86bafd-b57e-4883-9258-6d9016b6bf61,23b8c1e9-3924-46de-beb1-3b9046685257,Brown-Stout,ES,61,2026-01-17 04:18:44.368855
55f3ad50-e2fb-4984-bab2-7bcea39c3bd5,6b65a6a4-8b81-48f6-b38a-088ca65ed389,"Lopez, Hess and Smith",GM,83,2024-04-14 02:03:08.743520
35adde88-43e4-4668-82ea-d2df725656e3,bd9c66b3-ad3c-4d6d-9a3d-1fa7bc8960a9,"Roth, Logan and Moreno",IT,16,2025-05-13 03:02:21.201842
59b9222c-115a-4fac-b173-fcdf3fe1e8f3,9a1de644-815e-46d1-bb8f-aa1837f8a88b,Stone PLC,EE,66,2023-08-02 10:07:59.626923
b86d066b-1ba8-47c6-897a-24ad41b455b8,bd9c66b3-ad3c-4d6d-9a3d-1fa7bc8960a9,"Reeves, Tyler and Martinez",IN,40,2024-10-06 00:36:42.531762
702f31e5-62cc-4604-8c53-644b0053f649,b74d0fb1-32e7-4629-8fad-c1a606cb0fb3,Sheppard Inc,TM,17,2022-08-11 20:54:39.591370
2a9527f6-f817-4ebf-ab6e-64c5bb8aa843,c241330b-01a9-471f-9e8a-774bcf36d58b,Atkins Ltd,CA,34,2022-04-02 01:15:07.577480
e1bbb8cd-7e3a-4f07-a9fd-28e6e271fff9,47378190-96da-4dac-b2ff-5d2a386ecbe0,Smith Group,CN,16,2022-02-01 08:52:10.511014
6016c743-8bc8-4a02-99ea-493660f34ebc,23b8c1e9-3924-46de-beb1-3b9046685257,Martinez-Anderson,SK,60,2024-10-21 01:38:48.680365
c9ea356a-7abf-4ebf-942c-b1ae19f738cb,17fc695a-07a0-4a6e-8822-e8f36c031199,Delgado Inc,TZ,66,2023-01-17 09:32:23.076230
c21c3fb3-a6a5-40ff-93fb-71d0dd326d9c,9a1de644-815e-46d1-bb8f-aa1837f8a88b,"Scott, Mullins and Miller",KH,66,2025-09-15 23:20:22.112463
7387928a-29a3-4b6d-b9bf-ca38afe9be90,972a8469-1641-4f82-8b9d-2434e465e150,Hunter LLC,MV,90,2025-06-01 11:40:18.858488
088dbd82-d883-43f8-8c98-03de12de9e5a,972a8469-1641-4f82-8b9d-2434e465e150,"Jackson, Rowland and Barrett",LS,13,2024-08-29 18:19:50.940420
42d943ee-5197-4e75-8523-d4fd4b7f2183,972a8469-1641-4f82-8b9d-2434e465e150,Turner PLC,TR,56,2021-10-18 21:07:19.366369
5780be17-12fe-4c2b-9acf-42c5f3a02120,23b8c1e9-3924-46de-beb1-3b9046685257,Hopkins-Wallace,UA,31,2022-08-18 13:31:10.927999
29310971-601e-4211-a34f-76b42b8c03bf,972a8469-1641-4f82-8b9d-2434e465e150,"Henry, Edwards and Bartlett",UY,34,2024-04-20 10:54:28.380763
f11c0ac5-8c0b-493a-9333-5bc9bb635ff5,bdd640fb-0667-4ad1-9c80-317fa3b1799d,Obrien-Dixon,IS,39,2022-04-30 03:41:00.263550
5683ede0-17d5-4563-ba60-ede1e5eb772d,9a1de644-815e-46d1-bb8f-aa1837f8a88b,"Garcia, Weiss and Young",LK,67,2023-06-19 17:51:14.437906
e4aa786d-9d17-4218-bc3b-0de5981262ac,bdd640fb-0667-4ad1-9c80-317fa3b1799d,Thomas and Sons,VE,8,2024-02-18 00:18:14.817160
6e6b34b9-07ef-4ba8-b45a-6ab37b94a34d,c241330b-01a9-471f-9e8a-774bcf36d58b,Guzman and Sons,SV,87,2022-06-12 05:51:46.077049
9b792afa-2a3d-418d-a754-a29ff143e545,9a1de644-815e-46d1-bb8f-aa1837f8a88b,"Howard, Anderson and Dean",PY,78,2023-10-04 22:09:33.495423
0db5d441-2837-4418-af27-c1b9e3c6dedb,bdd640fb-0667-4ad1-9c80-317fa3b1799d,Pierce LLC,GE,55,2025-01-05 06:43:03.699047
f9722cc1-349e-44a9-94c2-9d5c19ec0829,9a1de644-815e-46d1-bb8f-aa1837f8a88b,Santos-Martin,DO,27,2023-06-22 19:29:37.879054
8dda4ff2-b27b-4bb4-a8c6-90b230a2cee8,c241330b-01a9-471f-9e8a-774bcf36d58b,Miller-King,AD,93,2024-11-17 00:23:19.857585
8a45a905-badf-4397-acf2-6429b8d77d2f,6b65a6a4-8b81-48f6-b38a-088ca65ed389,Bentley-Thomas,HT,53,2022-11-29 02:08:57.557029
4c2272f3-4811-4562-a91c-f19243e8644b,23b8c1e9-3924-46de-beb1-3b9046685257,Jones Ltd,GM,39,2025-04-10 05:54:24.948170
64953d5f-0cb4-4891-988d-f23b3ccff6eb,23b8c1e9-3924-46de-beb1-3b9046685257,Cowan-Terry,BW,65,2024-05-11 18:25:50.866290
7daec949-d700-4461-8cb6-b0ba925f8199,972a8469-1641-4f82-8b9d-2434e465e150,Klein PLC,VE,17,2022-04-28 13:49:48.181019
00fa0eb4-5c5f-48d4-8df4-07b82751ab86,bd9c66b3-ad3c-4d6d-9a3d-1fa7bc8960a9,"Holland, Dixon and Martin",CY,30,2023-07-21 20:37:35.499209
d2eaef18-4b67-47a1-966e-cfe36d779595,972a8469-1641-4f82-8b9d-2434e465e150,Stewart Group,CV,53,2025-06-14 18:48:01.394548
7af6cd41-99a7-499b-a005-f5e1a97a2846,b74d0fb1-32e7-4629-8fad-c1a606cb0fb3,Johnson-Munoz,DM,13,2022-07-14 04:37:35.211926
34fadee1-0696-4d48-98d4-2238331de35c,bdd640fb-0667-4ad1-9c80-317fa3b1799d,Nelson PLC,PY,21,2023-08-08 01:11:52.387961
fa207403-4ab4-47e3-a360-76812bbba89d,9a1de644-815e-46d1-bb8f-aa1837f8a88b,Sutton Group,AD,19,2023-11-20 16:09:04.460853
1d91fe39-d801-4004-b93b-ed1b14f9c394,bd9c66b3-ad3c-4d6d-9a3d-1fa7bc8960a9,Murphy Inc,LI,53,2025-11-19 03:34:48.388701
788fd0cd-65c0-4b93-88ed-abdd4ef03f80,c241330b-01a9-471f-9e8a-774bcf36d58b,Blankenship-Strickland,BO,19,2022-03-13 08:56:06.607152
43d75413-a939-4bd1-a516-b0d47d3572cc,b74d0fb1-32e7-4629-8fad-c1a606cb0fb3,Melton and Sons,BF,57,2026-03-14 14:32:26.454009
6334fa2a-8b4b-47e7-a451-5ae01754bf08,c241330b-01a9-471f-9e8a-774bcf36d58b,Smith-Bennett,CU,25,2023-02-15 10:10:08.772549
61a66444-e2af-4629-9efb-336e2f546033,23b8c1e9-3924-46de-beb1-3b9046685257,Gray Inc,SE,86,2026-03-17 20:01:08.422706
0b6c03c8-721e-4419-afc3-e6495e911b91,23b8c1e9-3924-46de-beb1-3b9046685257,Thompson Ltd,OM,31,2024-08-09 04:19:40.671776
436e3c49-770e-49db-b092-d40143675d58,972a8469-1641-4f82-8b9d-2434e465e150,Chapman-Roman,NO,81,2025-03-21 18:57:05.420772
907276ea-44c0-4a9a-964a-cb1f39eb038a,bdd640fb-0667-4ad1-9c80-317fa3b1799d,Rice Ltd,TL,55,2025-12-03 13:14:04.896141
b24beb96-c092-4b74-a6b0-7ff60fc79913,bd9c66b3-ad3c-4d6d-9a3d-1fa7bc8960a9,"Grimes, Arnold and Lawson",PW,23,2024-12-03 19:25:58.239021
ab0b4cc5-15f0-4a19-98c1-80d2aadf3692,47378190-96da-4dac-b2ff-5d2a386ecbe0,Jackson Group,LR,32,2025-06-24 02:28:25.823667
69fb0763-8a9c-46f7-8ee4-e5125802b640,b74d0fb1-32e7-4629-8fad-c1a606cb0fb3,Reed Ltd,KI,62,2021-12-21 13:11:04.782973
3a3e46b0-96f8-4ff7-81a7-2883f8802878,b74d0fb1-32e7-4629-8fad-c1a606cb0fb3,"Faulkner, Schmidt and Wheeler",SC,74,2021-08-02 18:48:01.684696
6319629b-d73e-4bb9-8f9c-a17b8db8dadf,972a8469-1641-4f82-8b9d-2434e465e150,Woods-Anderson,PS,10,2025-11-08 14:12:47.757320
f7336094-6b2b-48b9-85c7-f3bed183010f,23b8c1e9-3924-46de-beb1-3b9046685257,Parks Ltd,CL,72,2021-10-22 06:57:01.066576
efb56207-ddec-440b-afe3-af13891778e8,972a8469-1641-4f82-8b9d-2434e465e150,Sandoval and Sons,GY,54,2025-10-21 23:20:16.571685
3c53090e-e1b4-4171-929d-674d798e175f,9a1de644-815e-46d1-bb8f-aa1837f8a88b,Bradley-Adams,TJ,52,2023-02-10 02:09:26.497920
6511e61a-1436-45f5-8c81-926079ec533c,bd9c66b3-ad3c-4d6d-9a3d-1fa7bc8960a9,"Fowler, Wood and Waters",MX,20,2026-01-19 19:50:20.405874
08e3f771-b6dc-4d05-9a9b-ccc1e71c681a,bdd640fb-0667-4ad1-9c80-317fa3b1799d,"Franklin, Mann and White",MT,32,2022-07-23 16:25:07.617932
844e250b-e684-490c-923b-78208089b8c5,6b65a6a4-8b81-48f6-b38a-088ca65ed389,Lindsey-Shaw,MV,14,2022-04-18 23:36:30.528959
fb95d0fc-ad72-4d05-924c-de09ccea5031,17fc695a-07a0-4a6e-8822-e8f36c031199,Cisneros-Meyer,MA,50,2022-08-10 22:54:59.474146
f3025d16-1eca-4ae9-a5bf-213d9eca381b,17fc695a-07a0-4a6e-8822-e8f36c031199,"Keith, Cervantes and Torres",PY,28,2025-09-30 04:47:34.563585
f2f5b176-2c41-4bd3-b2f4-44abc1d71f4a,972a8469-1641-4f82-8b9d-2434e465e150,Meza Group,MH,53,2023-05-11 18:05:23.721007
363e6ef4-f8df-4c3a-aacb-4fbdfbff8a7d,9a1de644-815e-46d1-bb8f-aa1837f8a88b,Bruce-Walters,KR,24,2026-02-02 10:00:22.602374
0aeccec7-204d-49da-b156-7f2acef74829,bd9c66b3-ad3c-4d6d-9a3d-1fa7bc8960a9,Blair Inc,SK,79,2024-06-17 10:42:39.746792
aee14f87-fcff-49e3-940f-f5896c624c2c,47378190-96da-4dac-b2ff-5d2a386ecbe0,Johnston Inc,LB,22,2025-09-07 12:15:49.457024
d2938e6e-ff4d-4930-b3b0-fb536f75ee8a,17fc695a-07a0-4a6e-8822-e8f36c031199,"Mitchell, Noble and Stokes",SM,30,2023-12-02 13:22:12.606662
98550b1e-d588-4c1c-a5db-5946a091e5b4,bd9c66b3-ad3c-4d6d-9a3d-1fa7bc8960a9,Hayden Group,BR,63,2025-01-22 20:56:49.809869
ba236c22-e92a-4b97-91db-1a374204d733,bdd640fb-0667-4ad1-9c80-317fa3b1799d,"Romero, Cross and Castillo",UY,4,2022-12-29 01:51:53.956075
16476e3f-1127-4207-8eae-1325ea074d80,c241330b-01a9-471f-9e8a-774bcf36d58b,"Jennings, Rhodes and Patel",GH,77,2022-01-19 07:27:47.887361
8d536c75-65b9-4e94-8e6d-e263635a775d,9a1de644-815e-46d1-bb8f-aa1837f8a88b,Sullivan PLC,DM,59,2024-05-09 01:43:11.334260
850a48d4-46b5-48de-9b4b-b8eb537d0bd1,23b8c1e9-3924-46de-beb1-3b9046685257,Bartlett Ltd,ZW,87,2026-01-18 00:35:35.432305
032a461a-df9b-4c1f-aacb-1f6d7549c9f9,bd9c66b3-ad3c-4d6d-9a3d-1fa7bc8960a9,Klein Ltd,IT,8,2022-04-21 13:34:49.996237
966b62ea-9f80-496b-b34e-356ac95b61f8,bdd640fb-0667-4ad1-9c80-317fa3b1799d,"Brady, Sanchez and Stevenson",LC,82,2023-08-15 03:57:39.393043
1cce08e9-6b6a-4061-881c-8d3185c69fbf,47378190-96da-4dac-b2ff-5d2a386ecbe0,"Sutton, Williams and West",CV,12,2024-03-16 01:09:35.239891
910c4cb7-25f0-4b0a-a64e-f59d6a18e5af,6b65a6a4-8b81-48f6-b38a-088ca65ed389,Craig PLC,NZ,31,2024-08-20 01:43:21.774346
f6ff3521-c225-4530-952a-53459682d9ff,23b8c1e9-3924-46de-beb1-3b9046685257,Thompson LLC,TJ,78,2022-05-03 00:06:12.377457
1b0ae22e-ecc8-47a6-99a6-f80ef08ce6c2,6b65a6a4-8b81-48f6-b38a-088ca65ed389,Palmer Inc,PA,34,2024-04-21 14:26:17.698796
c926a021-19da-4262-8790-3dc5900c0af7,47378190-96da-4dac-b2ff-5d2a386ecbe0,Simpson-Jackson,RW,82,2023-11-22 11:27:01.028137
e1509425-891f-4683-9e12-dbf1493d6196,bdd640fb-0667-4ad1-9c80-317fa3b1799d,Morgan Ltd,MD,98,2026-06-17 15:51:14.052237
439e754c-6930-46ea-a0bd-a1ee5807cf74,17fc695a-07a0-4a6e-8822-e8f36c031199,Decker Inc,ID,75,2024-12-28 23:08:38.570400
92701d60-7c4f-48e4-a7a0-2a3d620f230b,6b65a6a4-8b81-48f6-b38a-088ca65ed389,Evans-Carter,LA,76,2026-01-23 04:49:41.759557
2c154804-0997-49a3-b919-955c9be4f19f,23b8c1e9-3924-46de-beb1-3b9046685257,Smith Ltd,CL,49,2026-06-04 13:14:16.577752
9e45455e-24d3-4751-a729-4d3c46818a88,972a8469-1641-4f82-8b9d-2434e465e150,"Long, Leblanc and Hickman",TH,79,2024-11-11 07:26:53.053954
66d71d97-b193-48b8-ae49-c0799bd0d4c7,b74d0fb1-32e7-4629-8fad-c1a606cb0fb3,"Robertson, Barry and Walls",NZ,57,2022-04-11 18:11:36.348337
e1035e1c-e3bb-42ae-a552-ac5309eda6f5,bd9c66b3-ad3c-4d6d-9a3d-1fa7bc8960a9,"Charles, Brown and Smith",CF,95,2023-10-08 10:27:57.778817
0c9e5550-3cd1-4f3f-b0c5-827854dccba5,17fc695a-07a0-4a6e-8822-e8f36c031199,Murphy-Gomez,MG,93,2025-04-27 23:07:32.776996
44c1f1b5-ebbb-4763-b9a7-e63bbee975da,6b65a6a4-8b81-48f6-b38a-088ca65ed389,Bailey Ltd,EE,26,2022-03-22 13:59:33.291987
567e642e-052d-4b9a-9f58-4603e5a3d8e9,c241330b-01a9-471f-9e8a-774bcf36d58b,Morales Inc,AR,18,2023-06-13 15:24:22.693967
4f9a5f98-4d95-4273-8b2c-c805d1403430,bd9c66b3-ad3c-4d6d-9a3d-1fa7bc8960a9,Jordan and Sons,MM,96,2023-06-10 18:11:00.893949
dbb54645-7dda-41b6-97c4-caed47c4cc51,972a8469-1641-4f82-8b9d-2434e465e150,Rice and Sons,PT,86,2022-05-25 05:49:48.810191
f8f58a26-1924-4644-af52-7666b23909f4,47378190-96da-4dac-b2ff-5d2a386ecbe0,Martinez-Freeman,SV,38,2021-08-23 09:25:39.408979
4cec495b-2267-46e3-ba5b-6ac5de703b72,b74d0fb1-32e7-4629-8fad-c1a606cb0fb3,Hammond LLC,LY,81,2024-12-25 14:24:07.168968
c626e38f-716f-4276-be64-ac2af96671a5,bdd640fb-0667-4ad1-9c80-317fa3b1799d,Ruiz LLC,ZA,87,2025-08-19 16:42:14.963799
ba92992e-44f8-453c-9224-6d05d3692867,972a8469-1641-4f82-8b9d-2434e465e150,Diaz-Mcclain,NO,88,2026-03-14 00:56:28.194519
16db80db-a543-448e-9adf-e9816ab19e15,972a8469-1641-4f82-8b9d-2434e465e150,"Cain, Rodriguez and Gonzales",GH,50,2024-06-20 01:56:31.618295
e9d6bb7e-361d-4014-b114-56de301c8db3,47378190-96da-4dac-b2ff-5d2a386ecbe0,Martin-Gomez,VE,8,2022-06-15 00:24:49.878737
7c059799-bdae-4eff-a83c-510ed2efa93b,9a1de644-815e-46d1-bb8f-aa1837f8a88b,Smith-Stephenson,TJ,41,2026-01-05 13:17:08.334901
5fb8944d-de00-48aa-8439-6fc0c26e2706,47378190-96da-4dac-b2ff-5d2a386ecbe0,"Gonzalez, Lopez and Williams",ET,6,2026-05-24 21:48:10.113343
ca9f1d59-83e8-4700-8e63-813ed22e3226,9a1de644-815e-46d1-bb8f-aa1837f8a88b,Fisher-Rivera,MU,69,2026-04-11 15:22:59.938155
b5a6571c-4fa5-435e-90cc-460428b26b1b,9a1de644-815e-46d1-bb8f-aa1837f8a88b,Martin and Sons,MR,44,2024-05-18 00:16:53.459308
c7cfeca8-22b9-424c-a744-3fb881bd55d5,17fc695a-07a0-4a6e-8822-e8f36c031199,Moyer-Bird,EE,64,2025-12-21 05:49:01.455696
9194821e-e11b-40d4-8637-9f04d9ee7dc9,17fc695a-07a0-4a6e-8822-e8f36c031199,Fisher PLC,AE,29,2026-06-25 21:37:18.000771
e00bd534-3158-41fb-ac7a-0d3107692583,23b8c1e9-3924-46de-beb1-3b9046685257,Marsh-Klein,AG,28,2025-12-22 20:41:10.781531
0ec0ad4b-d644-4a9d-b362-d476d53ae57f,6b65a6a4-8b81-48f6-b38a-088ca65ed389,Potter-Deleon,FJ,11,2021-11-20 18:13:41.416555
0cf173f9-74d9-41f5-8877-58043fde9814,6b65a6a4-8b81-48f6-b38a-088ca65ed389,Shaw-Mclean,PA,65,2022-03-21 09:16:11.322988
32f8dbab-b462-43e8-9c41-8a83eb04159c,bdd640fb-0667-4ad1-9c80-317fa3b1799d,Anderson-Rosario,ML,19,2023-01-17 00:05:03.889401
76d70561-d2d1-4ef5-9e4c-4fd1462363a9,6b65a6a4-8b81-48f6-b38a-088ca65ed389,Martinez LLC,SL,9,2023-07-06 18:34:06.831032
ec4e8cbb-a2aa-478c-a59e-0258814ff657,17fc695a-07a0-4a6e-8822-e8f36c031199,"Smith, Cohen and Williams",FI,27,2022-04-16 22:39:15.980595
3defa7ba-07d2-4d4d-ae61-716a1fb621ae,23b8c1e9-3924-46de-beb1-3b9046685257,Jordan-Harper,AF,34,2026-07-05 04:20:16.317554
7233d5af-9813-4da1-bd21-20ad5f59fb4d,23b8c1e9-3924-46de-beb1-3b9046685257,Hamilton LLC,TZ,44,2025-07-01 10:01:14.009984
797e3984-ded7-43ef-b5e4-a9c12d761ffa,9a1de644-815e-46d1-bb8f-aa1837f8a88b,Tucker-Hodges,KR,68,2024-11-20 12:06:58.605067
5820b3f2-5989-4d6c-8d24-34f9963dc8bf,47378190-96da-4dac-b2ff-5d2a386ecbe0,Williamson Ltd,LS,82,2026-05-08 23:32:44.532935
42378962-e4fd-4c34-9670-7a2129dc073e,bdd640fb-0667-4ad1-9c80-317fa3b1799d,"Lopez, Campbell and Wilson",BY,15,2023-02-23 14:41:47.724981
1723ecdb-b058-4256-94b3-e8cfbfbbeab3,9a1de644-815e-46d1-bb8f-aa1837f8a88b,Gamble-Wright,MN,51,2025-02-06 03:01:45.848880
0cb5ee5c-62f5-47c2-8706-fec248fa4e98,47378190-96da-4dac-b2ff-5d2a386ecbe0,Gonzalez-Mccarthy,ID,13,2026-04-15 13:57:09.223868
c7a2f280-927f-4103-9a94-08c029b44cb1,6b65a6a4-8b81-48f6-b38a-088ca65ed389,Haynes PLC,SC,83,2021-12-16 15:50:20.492847
38aa76df-db6b-439b-b6dd-9529f704d72f,9a1de644-815e-46d1-bb8f-aa1837f8a88b,"White, Riddle and Garza",AL,49,2024-07-22 19:24:48.797234
34ec5264-ad7d-4f81-b9a0-f145a5bab050,bd9c66b3-ad3c-4d6d-9a3d-1fa7bc8960a9,"Hernandez, Martinez and Morales",UZ,70,2025-07-16 15:59:48.317142
83666636-68d5-46b8-a6ce-6d7a44e2a94b,6b65a6a4-8b81-48f6-b38a-088ca65ed389,Mooney-Hickman,IR,56,2021-08-16 02:10:27.987685
f796611f-c7c1-4b1b-9d58-631b052226b9,47378190-96da-4dac-b2ff-5d2a386ecbe0,Smith-Gonzalez,AU,76,2025-12-31 04:24:49.875514
795e6f2b-0247-4360-aea4-a441c47fa57e,bdd640fb-0667-4ad1-9c80-317fa3b1799d,James PLC,KH,51,2023-08-19 19:50:48.227921
2c56e0cd-a5ba-4472-a1df-5609e959137f,47378190-96da-4dac-b2ff-5d2a386ecbe0,Graves-Baird,IS,37,2022-05-22 16:33:58.944842
3948fe22-022a-4dda-8d05-79e299e4704c,9a1de644-815e-46d1-bb8f-aa1837f8a88b,Rogers Group,BA,17,2025-10-19 12:15:08.488940
f168c605-ce1a-4669-9bbc-6cbc409ca8f2,9a1de644-815e-46d1-bb8f-aa1837f8a88b,Hicks Ltd,QA,58,2022-07-03 15:00:23.778456
b599277f-f78e-49e8-b676-291d4e329b4b,972a8469-1641-4f82-8b9d-2434e465e150,Torres LLC,MY,87,2022-12-11 17:42:05.005471
e53e5f4c-6c7e-4a2c-867f-358ba48aa108,bdd640fb-0667-4ad1-9c80-317fa3b1799d,Ramirez-Bell,BD,90,2024-02-23 08:45:19.179981
7580e4e9-5945-4186-9a01-8d296060b1eb,c241330b-01a9-471f-9e8a-774bcf36d58b,Wright-Jacobson,MC,29,2026-02-14 14:45:30.926780
4d59616b-7779-457f-b7dc-8c784082fcda,6b65a6a4-8b81-48f6-b38a-088ca65ed389,Williams Inc,MA,33,2023-12-29 01:50:22.693027
9fa4a627-d306-48be-8548-867bad5cba24,23b8c1e9-3924-46de-beb1-3b9046685257,"Garner, Lewis and Kennedy",ID,60,2026-01-27 03:43:09.935205
01e187d8-1a31-4044-95a0-f35665abc9ff,bdd640fb-0667-4ad1-9c80-317fa3b1799d,"Garcia, Lopez and Vaughan",IS,91,2021-10-20 22:26:43.029048
f76b9723-a990-4071-bfda-9a9382f29004,23b8c1e9-3924-46de-beb1-3b9046685257,Cook-Rodriguez,YE,89,2022-09-27 01:21:07.613405
8fbba749-5fcd-459e-96e1-8109d7e174e6,bdd640fb-0667-4ad1-9c80-317fa3b1799d,"Smith, Arnold and Atkins",BG,55,2023-01-28 22:21:20.333396
485d831c-9bea-4529-9801-7a2fa5b83693,bdd640fb-0667-4ad1-9c80-317fa3b1799d,Ward-Patrick,TO,10,2023-10-15 18:58:20.999564
7b53359e-1bac-4d0d-af35-b30b4c68eb17,47378190-96da-4dac-b2ff-5d2a386ecbe0,"Maxwell, Rice and Watson",AT,47,2023-09-16 14:31:37.530382
46c79b36-fd05-4963-9616-af7e1057a002,bdd640fb-0667-4ad1-9c80-317fa3b1799d,"Hill, Silva and Miller",VC,23,2021-09-29 19:59:20.258624
46e1ee40-dc8a-46a7-933c-2ed5a3fe0479,972a8469-1641-4f82-8b9d-2434e465e150,Anderson Ltd,PW,85,2025-04-17 14:21:29.984208
f3c2944a-b60a-4dcc-a7f7-745142da8609,c241330b-01a9-471f-9e8a-774bcf36d58b,"Martinez, Willis and Barr",UZ,21,2025-05-05 10:27:12.677914
30385dd7-4c7d-4313-a6c6-81b0e4729be5,9a1de644-815e-46d1-bb8f-aa1837f8a88b,"Roth, Lee and Griffin",ZM,13,2023-11-01 12:17:20.255294
3d846fc9-c3f6-4136-846d-5a3b2661c426,b74d0fb1-32e7-4629-8fad-c1a606cb0fb3,Jones PLC,PH,33,2021-12-11 11:52:07.968964
db7904e0-ce30-461d-8e88-c8ece651e3e1,23b8c1e9-3924-46de-beb1-3b9046685257,"Cooper, Swanson and Mayo",RW,24,2024-04-19 16:32:43.331098
6772fe9f-999b-4859-8f5e-0f0bcd67b5df,9a1de644-815e-46d1-bb8f-aa1837f8a88b,Ferguson and Sons,EC,11,2022-03-13 13:05:20.113698
23d26b8d-ae46-424d-91d0-5ef3a91883fc,b74d0fb1-32e7-4629-8fad-c1a606cb0fb3,Anderson Group,PY,17,2026-06-08 10:19:38.955782
7f53d344-a7c8-44e4-8684-3c86b8a60402,c241330b-01a9-471f-9e8a-774bcf36d58b,"Dawson, Snow and Malone",AE,68,2024-08-30 19:28:10.145538
e82b5b36-4269-428c-8bac-bedfff5a229e,c241330b-01a9-471f-9e8a-774bcf36d58b,"Hester, Jacobson and West",KH,47,2025-03-20 13:18:27.377718
bc9a7998-6365-4c2a-a793-cb096b271eff,23b8c1e9-3924-46de-beb1-3b9046685257,"Wilson, Graham and Webb",GB,25,2021-08-22 00:54:30.114562
fea82e3a-b544-41cb-9541-0a9d090aaa93,23b8c1e9-3924-46de-beb1-3b9046685257,"Velazquez, Gordon and Johnson",ST,94,2023-06-13 03:13:14.428631
57d9cbb0-309e-47ba-90e6-56e592715f6e,c241330b-01a9-471f-9e8a-774bcf36d58b,"Hill, Ponce and Roberts",CA,73,2026-01-24 19:32:17.626334
afb28b3d-38ec-4b4d-b69f-5eabb9ff2c29,b74d0fb1-32e7-4629-8fad-c1a606cb0fb3,"Brown, Compton and Lee",AZ,21,2023-06-11 22:32:55.197617
79c9c839-c8ef-4377-a368-84f588ddd880,bdd640fb-0667-4ad1-9c80-317fa3b1799d,Simpson-Patel,MN,84,2021-09-21 15:57:40.066411
5bc677ca-abff-4286-b0cf-9d73e8121ef0,6b65a6a4-8b81-48f6-b38a-088ca65ed389,"Mata, Martin and Christensen",AT,83,2024-11-25 23:36:17.743816
2b843ef3-d86d-455d-8cd9-916481df62f4,bd9c66b3-ad3c-4d6d-9a3d-1fa7bc8960a9,Hart-Myers,VA,83,2025-01-10 13:13:43.583791
8ee9581a-e061-465f-a859-6f8cd73418fe,9a1de644-815e-46d1-bb8f-aa1837f8a88b,"Nelson, White and Moore",LC,12,2023-03-22 21:20:16.599652
7885187d-18fc-43b7-8b35-6e9a2e5eeb6a,47378190-96da-4dac-b2ff-5d2a386ecbe0,Vargas Inc,DE,37,2025-07-23 15:47:21.324529
b9a5d4d0-4237-41f1-bdac-dc5e20c0f275,9a1de644-815e-46d1-bb8f-aa1837f8a88b,"Gibson, Zimmerman and Warren",MA,42,2025-10-23 20:17:40.911647
e9a1c6d5-c34e-4baf-8f1c-b2ccceef9fa8,47378190-96da-4dac-b2ff-5d2a386ecbe0,Phelps-Phillips,LK,17,2025-06-18 21:55:00.054734
e64b9b37-ae01-4122-b269-921c2edd9141,b74d0fb1-32e7-4629-8fad-c1a606cb0fb3,Arnold-Jackson,EE,48,2023-07-31 13:43:56.401800
38e59b27-16dc-4a6e-a789-077055ec024a,47378190-96da-4dac-b2ff-5d2a386ecbe0,Ferguson LLC,CO,28,2023-04-03 17:57:08.361977
df162ec3-be84-4aa2-b92c-04da5af3da5a,23b8c1e9-3924-46de-beb1-3b9046685257,Bowman LLC,BS,41,2026-04-04 21:18:43.906668
e3082ddc-c9c0-4b7d-aba4-170b4e9d23e9,6b65a6a4-8b81-48f6-b38a-088ca65ed389,Nelson Inc,NL,99,2025-02-20 04:54:08.486495
95e7f614-42b4-4281-9f26-946654d1332a,6b65a6a4-8b81-48f6-b38a-088ca65ed389,"Whitney, Mayo and Clark",CL,47,2024-04-21 17:07:52.194967
1e26ed31-d9e9-4758-b6b9-04364b46ef33,23b8c1e9-3924-46de-beb1-3b9046685257,Smith LLC,BG,18,2023-12-27 15:42:47.483554
a267d32f-ddcb-44bc-8dbd-c5da787515b9,972a8469-1641-4f82-8b9d-2434e465e150,"Jacobs, Wood and Miller",PA,78,2022-11-16 22:47:58.122669
9ee339ff-f1bd-4598-948f-664a9565257b,b74d0fb1-32e7-4629-8fad-c1a606cb0fb3,"Henson, Baker and Anderson",DZ,99,2026-02-09 22:13:08.933004
31cd9f6e-e3b1-4d36-b8e3-6397123b31cf,972a8469-1641-4f82-8b9d-2434e465e150,"Phillips, Galloway and Garrett",KN,71,2026-02-19 19:43:01.492403
ae423568-de14-453b-9eac-41d9801f4909,972a8469-1641-4f82-8b9d-2434e465e150,Holloway and Sons,BH,13,2021-12-19 19:20:19.826791
69c165ae-4c61-4ae8-87a3-7f1061b512ed,9a1de644-815e-46d1-bb8f-aa1837f8a88b,"Sanford, Thompson and Bonilla",KW,82,2024-11-15 14:35:57.585633
26996aab-daaf-4529-9eef-f82a0dd70158,c241330b-01a9-471f-9e8a-774bcf36d58b,"Sandoval, Parrish and Crosby",BY,13,2023-02-19 19:19:42.278702
57b936b0-3346-4332-be0a-824e232a5e82,9a1de644-815e-46d1-bb8f-aa1837f8a88b,"Rodriguez, Reese and Reyes",ST,31,2024-02-02 02:34:25.825374
e4917f7d-91c4-4efc-bcb8-96bb68c0cbef,c241330b-01a9-471f-9e8a-774bcf36d58b,"Scott, Sims and Munoz",IT,2,2022-02-10 06:32:20.124017
24aa5685-7523-46ce-bc95-0bbae8184f34,bd9c66b3-ad3c-4d6d-9a3d-1fa7bc8960a9,Montoya and Sons,FI,16,2025-08-06 13:17:05.484883
2e2bdc6c-b736-4c4f-9cc5-d97550fe8199,47378190-96da-4dac-b2ff-5d2a386ecbe0,Adams-Perkins,TD,9,2025-07-29 06:48:33.392953
55273407-7cd2-492f-94b0-0f62c768b07f,c241330b-01a9-471f-9e8a-774bcf36d58b,Moore-Hall,VE,73,2022-01-29 10:43:06.179685
503be788-2d44-4af8-bc94-76b1a18b5d15,23b8c1e9-3924-46de-beb1-3b9046685257,"Hamilton, Hernandez and Mendoza",LK,38,2021-11-30 20:21:58.707054
73b9c2ac-0134-476b-8ed9-fa95a26e865b,9a1de644-815e-46d1-bb8f-aa1837f8a88b,White-Lopez,AM,75,2023-05-30 20:01:23.605417
c606ddc4-c2dd-401d-b59a-15334605ec0e,b74d0fb1-32e7-4629-8fad-c1a606cb0fb3,Lopez Group,LT,54,2022-04-25 04:45:58.587440
288f3435-c3b5-44db-9387-03c92b29bf36,47378190-96da-4dac-b2ff-5d2a386ecbe0,"White, Campbell and Collins",GQ,56,2025-07-20 13:45:48.764690
c79ddb62-c379-44c1-8903-94ea7d54ec82,bd9c66b3-ad3c-4d6d-9a3d-1fa7bc8960a9,Roth Ltd,LB,86,2025-06-09 08:05:33.490496
6f07b60f-9d4e-4b5d-a120-bfba1689e0b8,c241330b-01a9-471f-9e8a-774bcf36d58b,"Lopez, Thomas and Simmons",KN,97,2025-11-11 05:22:34.565710
6dd49c96-6744-4b9e-aded-cba5a22c3d4f,bd9c66b3-ad3c-4d6d-9a3d-1fa7bc8960a9,Stout-Waller,DO,87,2021-08-04 13:36:07.078031
0131ff3b-6221-4670-ba36-e788f71fb9a6,b74d0fb1-32e7-4629-8fad-c1a606cb0fb3,Ramsey and Sons,TZ,45,2021-08-11 12:14:17.351333
bb0c7919-330c-4ff5-88a5-fa0d09a85dc5,972a8469-1641-4f82-8b9d-2434e465e150,"Christensen, Smith and Garcia",WS,34,2025-07-30 16:06:04.457218
e45a87e8-039a-4ed5-b337-b2615f8392d5,6b65a6a4-8b81-48f6-b38a-088ca65ed389,Smith-Serrano,MM,9,2025-11-23 00:54:48.169419
87f1d48c-d54e-4948-81c0-c5e3527c8f50,b74d0fb1-32e7-4629-8fad-c1a606cb0fb3,"Michael, Anderson and Carrillo",SI,88,2024-08-18 13:25:21.548767
010e4265-ad3f-4dd4-8496-26ba30c9a2be,17fc695a-07a0-4a6e-8822-e8f36c031199,Thomas-Burton,AL,8,2022-04-29 06:50:25.251334
39ec8ca1-3fb2-4f47-bbcd-6c18a06e8de5,b74d0fb1-32e7-4629-8fad-c1a606cb0fb3,Sparks Inc,TL,7,2024-09-03 09:13:49.147749
4fe54745-5827-4e80-a082-1918b18ad67d,bd9c66b3-ad3c-4d6d-9a3d-1fa7bc8960a9,Daniels LLC,NA,36,2025-11-25 05:03:36.614334
80daa8ca-6230-4d27-9a4b-160621019bff,23b8c1e9-3924-46de-beb1-3b9046685257,"Miller, Taylor and Malone",NI,18,2023-11-06 09:33:06.306455
10b6a662-2ac1-45ca-8e5d-8f1296b31f4a,9a1de644-815e-46d1-bb8f-aa1837f8a88b,Ochoa-Parker,TL,3,2025-11-28 22:59:57.641217
f2ce7eeb-4c56-4b8f-8bb4-32b3d2e76deb,23b8c1e9-3924-46de-beb1-3b9046685257,Moore-Brown,SV,28,2025-06-22 14:04:06.989464
85319f0f-ba53-4122-b4b7-96204a73b0bf,bd9c66b3-ad3c-4d6d-9a3d-1fa7bc8960a9,"Adams, Stephens and Smith",BH,70,2022-01-27 05:23:03.831067
6f04af36-567c-4d44-862c-92fd98abb2e7,9a1de644-815e-46d1-bb8f-aa1837f8a88b,Garcia LLC,BI,44,2022-02-25 17:01:45.060263
2240063b-fed7-47be-afd0-d2f7e3524444,17fc695a-07a0-4a6e-8822-e8f36c031199,Hunt Group,FI,21,2025-01-23 20:48:29.399363
7d7c59a5-e6c1-4650-bf02-f5b057bd56c9,6b65a6a4-8b81-48f6-b38a-088ca65ed389,Smith and Sons,PS,28,2022-07-17 07:38:31.532829
2a35ce30-303c-404b-8007-93365bf7dda1,47378190-96da-4dac-b2ff-5d2a386ecbe0,Perez Group,SC,54,2025-04-10 09:57:21.254009
cfdfc6f9-eb0f-427c-a82a-3879f2b5a7ea,bd9c66b3-ad3c-4d6d-9a3d-1fa7bc8960a9,Gomez LLC,CY,54,2021-12-13 03:48:54.149013
396d1ffb-3a79-4efa-84e5-5bd56744acd4,c241330b-01a9-471f-9e8a-774bcf36d58b,Dorsey Ltd,ZA,65,2022-01-01 10:08:01.004497
3610901c-2196-43b5-bc21-109bba27bc64,bd9c66b3-ad3c-4d6d-9a3d-1fa7bc8960a9,Mcdaniel-Espinoza,IQ,21,2026-04-20 09:13:43.438117
812faa38-96f6-4c09-859c-1ba0bbec721d,bd9c66b3-ad3c-4d6d-9a3d-1fa7bc8960a9,Vasquez Inc,BS,99,2021-07-24 23:12:53.439574
b60b4f87-5dd8-4ffc-9f87-8b322b429596,9a1de644-815e-46d1-bb8f-aa1837f8a88b,Garcia LLC,EC,13,2025-07-02 13:25:18.957953
600c9c71-0990-4647-8ac8-d87ea689d07f,bdd640fb-0667-4ad1-9c80-317fa3b1799d,Jones-Cook,PA,57,2022-09-16 14:17:34.075679
c5709e30-417b-4634-a3ec-152ce0653245,b74d0fb1-32e7-4629-8fad-c1a606cb0fb3,Mclean-Gillespie,BD,49,2021-10-17 06:14:33.065910
980b6853-0c70-41eb-9f85-c2dd88e44a48,bdd640fb-0667-4ad1-9c80-317fa3b1799d,Munoz and Sons,IS,54,2021-12-09 23:23:35.743663
1bad52a8-a976-4c4d-8c47-2187fea35d37,17fc695a-07a0-4a6e-8822-e8f36c031199,Moreno-Greene,UZ,10,2023-02-23 01:49:37.332215
0c5921f8-050d-4bfe-960b-f603a750350e,c241330b-01a9-471f-9e8a-774bcf36d58b,"Coleman, Barry and Mcdaniel",FJ,53,2024-03-10 14:54:49.601124
71be94c3-6ab1-4db6-9da4-66feb0937085,6b65a6a4-8b81-48f6-b38a-088ca65ed389,"Roth, Bailey and Garcia",FM,44,2023-12-04 07:18:16.454137
40b374f8-8c1a-42c7-9fa3-ed1f61584f88,972a8469-1641-4f82-8b9d-2434e465e150,Stanley-Cantu,SD,47,2022-07-13 06:16:26.239103
349b5089-2733-4670-b3ad-a2ba797209c0,17fc695a-07a0-4a6e-8822-e8f36c031199,"Lindsey, Mccormick and Hensley",NE,53,2026-06-26 02:37:49.529518
0261c87a-a15c-459a-af8c-a888b1f81ad9,972a8469-1641-4f82-8b9d-2434e465e150,Strickland and Sons,EC,74,2024-07-27 15:21:08.754385
19d9d0b5-a962-4996-abbe-3b5a4d15f7d8,972a8469-1641-4f82-8b9d-2434e465e150,Hernandez-Griffin,ZW,46,2022-06-22 17:51:46.502813
9f6facc1-451d-48fe-8532-fc74a9987bdf,6b65a6a4-8b81-48f6-b38a-088ca65ed389,Briggs-Wilson,AE,13,2022-12-26 00:20:23.212398
6b382a0a-231d-460b-b362-cd559b0ada0b,23b8c1e9-3924-46de-beb1-3b9046685257,Moyer-Ramirez,AD,37,2024-12-03 18:06:53.004077
82f73861-1adb-48cf-a60c-1638d4a5a81e,bdd640fb-0667-4ad1-9c80-317fa3b1799d,Morris and Sons,KR,24,2025-11-13 15:08:06.205985
485f7888-1e23-4a4b-9e21-741fb8011026,bd9c66b3-ad3c-4d6d-9a3d-1fa7bc8960a9,Saunders LLC,IS,2,2021-11-06 20:05:34.155300
7f6bd3c6-1b34-4937-88e6-09391d2fed2a,47378190-96da-4dac-b2ff-5d2a386ecbe0,Snyder-Olson,TJ,86,2022-06-20 16:01:41.280352
c72850c1-3322-468b-9be7-8aec32da81f0,972a8469-1641-4f82-8b9d-2434e465e150,Guzman-Fields,MG,81,2021-07-29 11:34:15.163493
f91e5fcd-85ec-4729-94dd-1b56435391b2,c241330b-01a9-471f-9e8a-774bcf36d58b,Pham Ltd,CL,14,2022-06-04 02:11:49.142890
68e5c8cd-b414-4e4a-9ba0-c3e033a0daa7,17fc695a-07a0-4a6e-8822-e8f36c031199,Reyes PLC,LV,10,2022-07-14 00:42:53.071154
8c52d271-0a16-4e18-a90e-3e894b9c22f4,23b8c1e9-3924-46de-beb1-3b9046685257,Ryan-Vasquez,PT,35,2022-04-06 17:30:36.026569
b02e21aa-352b-4ec8-a90d-21cb7f111a36,972a8469-1641-4f82-8b9d-2434e465e150,"Underwood, Cruz and Carpenter",TN,25,2024-04-02 18:00:12.687530
3c088990-54a2-4051-bb0c-cad9eee13cae,23b8c1e9-3924-46de-beb1-3b9046685257,Rose-Frank,MC,3,2026-05-29 08:10:32.599715
16c8e3d7-abf0-463e-8343-8b6400b3700f,23b8c1e9-3924-46de-beb1-3b9046685257,"Robinson, Miller and Ward",BT,17,2025-01-16 05:34:37.323246
92fbacf6-d5d1-4669-9c45-3357e8294a67,972a8469-1641-4f82-8b9d-2434e465e150,Mcknight Inc,TM,12,2025-01-21 12:43:39.544988
f30ee4fe-262e-4559-be7d-9a19ab450578,9a1de644-815e-46d1-bb8f-aa1837f8a88b,Grant-Rosario,PL,54,2021-12-03 08:11:54.370121
13365c0c-82ff-4f2e-878f-07cf170fa87b,b74d0fb1-32e7-4629-8fad-c1a606cb0fb3,Brown LLC,BT,24,2022-06-24 12:57:15.313317
e79f9f3d-19ee-4c3b-b93c-4b0bb93b770c,c241330b-01a9-471f-9e8a-774bcf36d58b,Allison-Delacruz,CI,29,2023-02-24 21:40:39.074061
74eda60e-3b2d-420b-a4f3-418541822509,bd9c66b3-ad3c-4d6d-9a3d-1fa7bc8960a9,Phillips and Sons,BW,43,2026-07-03 12:10:25.020911
439db29d-4bc8-4c16-ba2f-bd74fd1935cc,bd9c66b3-ad3c-4d6d-9a3d-1fa7bc8960a9,"Bonilla, Durham and Sanchez",EG,25,2022-05-10 13:41:34.599186
d02c75f9-198d-43a4-8cd2-0e4376dae194,c241330b-01a9-471f-9e8a-774bcf36d58b,Brown and Sons,ZA,60,2024-09-20 03:09:51.668815
da2cf852-0a19-4939-9fc7-ab262cb941fc,9a1de644-815e-46d1-bb8f-aa1837f8a88b,Hayden Ltd,BT,90,2024-07-03 15:01:12.980334
ad409244-cd35-46ef-9c37-07394a629c5e,bd9c66b3-ad3c-4d6d-9a3d-1fa7bc8960a9,Bennett Inc,ER,65,2024-07-20 12:15:03.269962
1dabb10a-bd10-487c-ad0e-0597500d92a7,23b8c1e9-3924-46de-beb1-3b9046685257,"Hanna, Watson and Miles",LB,84,2024-01-29 04:55:09.174248
e3ea2d7f-c219-4845-99eb-404c1851d1cf,6b65a6a4-8b81-48f6-b38a-088ca65ed389,"Perkins, Woods and Wheeler",UA,28,2022-12-21 03:44:02.966999
236dd176-da1c-46ae-8279-e2ab0bbf6334,17fc695a-07a0-4a6e-8822-e8f36c031199,Johnson LLC,YE,16,2023-09-04 20:52:02.038733
54231dbe-2ba6-4158-a5ae-cf37a9d1a28e,bdd640fb-0667-4ad1-9c80-317fa3b1799d,Miller Inc,AO,47,2025-08-31 14:19:50.103521
f480b91e-700e-4efc-a4ff-c31a5b86ea69,bd9c66b3-ad3c-4d6d-9a3d-1fa7bc8960a9,Carroll Group,DO,81,2025-03-22 00:27:12.313289
bbaa574f-e0e3-45ce-84af-ecb79f2ebefc,c241330b-01a9-471f-9e8a-774bcf36d58b,Cannon Group,AG,92,2024-03-12 20:16:09.754270
57bcad3a-d0a1-4fe8-9f64-2a5317cba85d,6b65a6a4-8b81-48f6-b38a-088ca65ed389,"Taylor, Rose and Rush",GM,58,2024-10-25 19:48:31.972189
6676cc75-6699-4af5-9d24-181c2ed087d4,972a8469-1641-4f82-8b9d-2434e465e150,Jenkins-Rogers,DZ,76,2026-05-20 23:14:05.890358
d5f0fb6a-4596-4a75-b4df-b83ff659f188,b74d0fb1-32e7-4629-8fad-c1a606cb0fb3,"Dominguez, Mitchell and Moore",MR,27,2022-10-20 13:10:35.347240
7a6e43d0-d9c5-4cd9-b09d-721b62be4009,c241330b-01a9-471f-9e8a-774bcf36d58b,"Johnson, Potter and Gordon",PK,53,2025-04-25 10:47:56.266516
e2d903c8-a61a-4d8e-abf7-240fccc62fed,23b8c1e9-3924-46de-beb1-3b9046685257,Sanders Group,BR,42,2021-11-13 00:32:26.508863
21ec4754-1cf1-4654-aab2-02c2cc0243c6,b74d0fb1-32e7-4629-8fad-c1a606cb0fb3,"Vaughan, Gibson and Dawson",RS,59,2021-11-09 14:33:54.109985
fb481ded-0f03-4337-b9f6-143bb2383056,17fc695a-07a0-4a6e-8822-e8f36c031199,Ellison-Shaw,HU,47,2023-04-07 13:45:16.553199
1a8cf13c-28ce-431e-9827-4fc3f1458426,17fc695a-07a0-4a6e-8822-e8f36c031199,"Perez, Huynh and Nelson",KP,94,2025-03-17 09:36:41.446723
7b90942f-973b-4977-a946-28206a80cac2,9a1de644-815e-46d1-bb8f-aa1837f8a88b,Boyd and Sons,KZ,34,2024-08-22 21:56:31.428445
702b7014-adab-4c2f-91a6-46dacd613988,47378190-96da-4dac-b2ff-5d2a386ecbe0,"Lewis, Montgomery and Robinson",BA,37,2025-08-19 05:49:34.121615
c7774fae-6137-48c3-9c7f-aca62e671784,9a1de644-815e-46d1-bb8f-aa1837f8a88b,Carson PLC,ET,6,2021-12-10 23:02:44.517982
dcd1c413-0760-401f-9c81-fc465bcd236c,6b65a6a4-8b81-48f6-b38a-088ca65ed389,"Skinner, Velasquez and Mcdonald",AE,7,2025-05-13 23:04:44.322071
ba2eeeb3-d6aa-4382-a144-6b45af390a9d,b74d0fb1-32e7-4629-8fad-c1a606cb0fb3,Delgado-Sullivan,TW,96,2025-02-14 17:05:30.528549
7bab1baa-2172-40aa-a44a-913af933a9fa,47378190-96da-4dac-b2ff-5d2a386ecbe0,Martin-Pratt,LK,96,2021-08-08 20:45:42.511148
e3395b1a-1ce9-4871-bcf5-9d5feb9f33cb,972a8469-1641-4f82-8b9d-2434e465e150,"Coleman, Nelson and Garcia",CO,25,2025-04-07 03:15:59.087975
1036ca81-0bc4-47ba-b0d0-ebcb6949ece5,23b8c1e9-3924-46de-beb1-3b9046685257,Morrison-Bradford,KR,33,2021-12-26 01:57:04.975514
032a09e0-5071-45f0-a7ac-590c42f90f92,b74d0fb1-32e7-4629-8fad-c1a606cb0fb3,Allen and Sons,BF,55,2024-06-26 00:16:21.337949
865a7766-ad8c-4fea-9e4b-061eb45e9463,9a1de644-815e-46d1-bb8f-aa1837f8a88b,"Rodriguez, Lewis and Smith",MU,58,2026-02-15 08:39:18.461935
b9493906-939f-44eb-be5e-215ec47cc30b,bdd640fb-0667-4ad1-9c80-317fa3b1799d,Lopez-Harris,MA,7,2023-05-09 02:05:16.002047
f4acc7e2-fa57-4cea-b957-134490a4a421,47378190-96da-4dac-b2ff-5d2a386ecbe0,Allen Inc,JO,57,2024-12-12 17:49:02.405504
84e3b774-569a-4ef0-9f86-5633ab7aeb66,47378190-96da-4dac-b2ff-5d2a386ecbe0,"Cunningham, Elliott and Tyler",EE,12,2024-12-07 11:21:34.754519
9e44e98c-b359-490e-b030-9aaf85ea16e0,23b8c1e9-3924-46de-beb1-3b9046685257,Williams Inc,IT,16,2021-11-15 06:15:06.508032
ba05dd0f-a966-4a5a-aecf-1ed21861c9f3,bd9c66b3-ad3c-4d6d-9a3d-1fa7bc8960a9,Smith-Kelly,CU,80,2022-11-09 05:10:28.643566
a9e8f0d8-5883-49de-bb5f-be413fa2bde0,17fc695a-07a0-4a6e-8822-e8f36c031199,Benjamin-Porter,TM,43,2025-09-28 11:00:33.518992
260e37cc-6287-4624-a433-1510ad21b4cc,17fc695a-07a0-4a6e-8822-e8f36c031199,Walton-Swanson,KW,77,2023-10-19 04:18:49.004593
e45e2ad0-8eef-45dd-9391-6dcfd6cade2c,bdd640fb-0667-4ad1-9c80-317fa3b1799d,Park Inc,NG,7,2025-04-03 08:16:32.103572
02fb2869-0df8-4b89-9ce7-eed1fcdfe961,6b65a6a4-8b81-48f6-b38a-088ca65ed389,Russell-Figueroa,GR,51,2023-12-12 08:21:25.907760
816ce054-282c-4470-af32-f72aa4b5c723,6b65a6a4-8b81-48f6-b38a-088ca65ed389,Shaw and Sons,ET,73,2024-01-16 11:53:30.053272
7eef09ab-da14-4a47-b823-51d9d94df188,972a8469-1641-4f82-8b9d-2434e465e150,Matthews Group,IR,32,2025-05-12 02:18:55.330821
c05db774-132a-4e58-aa57-e880de9205ea,b74d0fb1-32e7-4629-8fad-c1a606cb0fb3,Willis-Christian,FR,75,2023-02-10 10:04:52.669443
54b58635-3dab-4614-9215-0ed87ddca413,c241330b-01a9-471f-9e8a-774bcf36d58b,Martin-Fleming,EE,8,2026-07-16 12:06:13.760417
81c61eeb-0ce3-48c8-8735-4e4ff85b6d0a,bd9c66b3-ad3c-4d6d-9a3d-1fa7bc8960a9,Mcclure Inc,KE,97,2022-06-30 10:49:40.608144
60ee64ba-a4b0-418e-8ced-470739034b65,9a1de644-815e-46d1-bb8f-aa1837f8a88b,"Hall, Lewis and Maldonado",IL,87,2024-06-24 08:24:37.578004
142e3df0-3c28-45dc-912d-aea8673d2920,c241330b-01a9-471f-9e8a-774bcf36d58b,Mack and Sons,MC,89,2021-10-03 22:19:46.674493
92b26acd-cd1f-45a3-b1b6-5ca175873920,c241330b-01a9-471f-9e8a-774bcf36d58b,"Black, Chandler and Curtis",OM,72,2023-04-23 09:49:31.213294
7f9ad277-db49-4e6d-9688-782f72b696ca,47378190-96da-4dac-b2ff-5d2a386ecbe0,West-Anderson,IN,45,2023-11-14 00:50:09.101936
fb0d3cda-1e63-4261-90e9-688872730e7b,bdd640fb-0667-4ad1-9c80-317fa3b1799d,Ward-Chase,BW,86,2023-11-07 23:59:57.562512
048c8480-a743-4402-bec7-fb117f53dc0a,17fc695a-07a0-4a6e-8822-e8f36c031199,Williams-Marquez,RW,59,2026-02-28 08:23:36.388910
092c4801-698f-44f8-a747-d24a1a46d536,972a8469-1641-4f82-8b9d-2434e465e150,"Hughes, Clark and Bishop",MH,4,2025-10-10 19:08:07.840056
d36ec1bd-000b-4f5e-8c91-bd138ea02346,6b65a6a4-8b81-48f6-b38a-088ca65ed389,Rubio PLC,TT,67,2026-05-28 12:33:20.476542
f692641a-9aad-40ce-8ab2-4f241744ee3f,bdd640fb-0667-4ad1-9c80-317fa3b1799d,"Gamble, Davis and Smith",MM,29,2023-11-11 14:56:23.452598
e3de4ec0-4dfa-41be-a335-b2c89e7b1e95,47378190-96da-4dac-b2ff-5d2a386ecbe0,Payne-Novak,MG,29,2026-01-14 20:52:46.134114
a7939a2e-34f4-4404-8ff5-070182226c16,9a1de644-815e-46d1-bb8f-aa1837f8a88b,Porter Group,BA,98,2023-10-21 17:12:42.681906
57423882-f34a-4949-b4ca-0ad7abe5be96,972a8469-1641-4f82-8b9d-2434e465e150,Jackson-Phillips,SK,98,2022-04-03 10:11:06.313169
d10bf4dc-0de4-4af4-9347-94cc5d04032d,47378190-96da-4dac-b2ff-5d2a386ecbe0,Ramirez LLC,PG,28,2025-04-18 14:39:34.757513
54fc286f-7457-4d47-9825-301039112943,17fc695a-07a0-4a6e-8822-e8f36c031199,Davis-White,ZM,77,2023-08-23 05:18:09.562154
99966612-9ea8-4552-8475-66bf8f660bbd,17fc695a-07a0-4a6e-8822-e8f36c031199,Scott-Kennedy,LA,79,2021-08-31 15:47:01.145425
5d00df1b-a83c-4c2b-b776-e729791f49f6,17fc695a-07a0-4a6e-8822-e8f36c031199,Hines-Ramos,DO,87,2022-03-29 14:00:03.228691
18f1a1e4-1d30-4290-b3d9-2aceb7461b72,bdd640fb-0667-4ad1-9c80-317fa3b1799d,Case PLC,AZ,44,2023-02-16 08:28:24.145886
008ffab9-38c4-4b38-a8ae-57b9c262cad0,bdd640fb-0667-4ad1-9c80-317fa3b1799d,Williams-Trevino,TV,90,2026-06-29 10:56:56.808762
a2379e6f-d473-4534-9aea-635257632e1e,6b65a6a4-8b81-48f6-b38a-088ca65ed389,Ortiz-Harvey,MV,4,2024-09-14 11:07:28.925617
8c357321-4abf-4f5c-8cc7-147ff6e5203c,6b65a6a4-8b81-48f6-b38a-088ca65ed389,"Anderson, Richardson and Kirk",DE,90,2023-07-17 08:53:06.730895
1b37ef19-b3bc-412f-9fb7-474e85a0d089,9a1de644-815e-46d1-bb8f-aa1837f8a88b,Brooks-Fleming,SO,9,2021-08-12 10:16:53.350153
7e0f60b2-2a06-4609-a599-bd3c0bb81d38,972a8469-1641-4f82-8b9d-2434e465e150,"Cole, Rich and Esparza",TN,5,2025-07-02 03:53:01.595957
be153187-b783-41d5-9264-04b923f47a55,23b8c1e9-3924-46de-beb1-3b9046685257,Oliver Ltd,GE,56,2024-11-07 11:32:17.779867
41191aa7-1b61-4453-a8c2-094db8b818cf,23b8c1e9-3924-46de-beb1-3b9046685257,Figueroa and Sons,ME,96,2022-05-29 11:36:01.127360
1ee93260-3002-4831-b227-e8d89c60c81b,47378190-96da-4dac-b2ff-5d2a386ecbe0,"Nicholson, Smith and Farrell",NZ,84,2024-07-04 18:35:12.682612
3730dfba-6494-4d5c-9a29-6905ee22a70b,17fc695a-07a0-4a6e-8822-e8f36c031199,Bennett-Hudson,LY,50,2022-06-18 19:24:01.470242
30c9c51f-c80b-4af7-9315-fafa7500f785,972a8469-1641-4f82-8b9d-2434e465e150,Walker Group,KH,75,2022-01-07 03:51:28.108304
c1d48a10-1b96-4925-9682-d038b77f69b9,c241330b-01a9-471f-9e8a-774bcf36d58b,"Davis, Owens and Day",KZ,15,2023-07-02 12:42:20.577924
a21c0c06-ed37-4567-8be7-728e6a1aba9d,bdd640fb-0667-4ad1-9c80-317fa3b1799d,Rodriguez-White,JO,32,2022-04-17 16:47:31.409905
1f8b4af1-96bc-432d-ac11-7babd6642fe8,b74d0fb1-32e7-4629-8fad-c1a606cb0fb3,Lowery Group,GE,28,2023-03-25 22:59:01.437170
75175f39-7354-44fb-a44a-0371c5ab4e57,bd9c66b3-ad3c-4d6d-9a3d-1fa7bc8960a9,Gonzalez-Murphy,LV,22,2021-08-26 13:06:01.165974
811317a8-f4c8-4393-96dd-6c82a8909e31,9a1de644-815e-46d1-bb8f-aa1837f8a88b,Peterson-Munoz,ME,17,2023-07-04 05:54:57.232365
011c4544-7fb3-4be5-b6bf-2f7222778161,17fc695a-07a0-4a6e-8822-e8f36c031199,Park Group,SC,59,2023-01-23 05:52:23.801484
8da03d88-0c6f-4051-bc78-842387c5f526,17fc695a-07a0-4a6e-8822-e8f36c031199,Ramirez Inc,TG,90,2026-04-27 07:56:47.311158
95ca788d-d6bc-4712-aecc-a931ef705d01,17fc695a-07a0-4a6e-8822-e8f36c031199,"Moore, Harrison and Bowman",CH,71,2024-04-16 03:16:38.515743
c7f4f4f9-8222-4ad3-aca3-91d47ba16dd7,bdd640fb-0667-4ad1-9c80-317fa3b1799d,Carroll-Huerta,IQ,57,2022-09-06 20:24:08.385881
b11af726-2d5d-4395-a901-a768ebd14b0c,bdd640fb-0667-4ad1-9c80-317fa3b1799d,Brown-Stokes,BW,26,2023-12-23 11:05:51.675357
d0b3d752-bb01-42a5-ac74-5800941c23fa,bd9c66b3-ad3c-4d6d-9a3d-1fa7bc8960a9,Irwin-Lewis,SG,25,2025-02-28 15:02:42.190555
a8535961-632d-4302-9a82-833c20dda0ff,c241330b-01a9-471f-9e8a-774bcf36d58b,Parrish Ltd,GE,10,2023-09-16 10:25:55.871597
52645a59-e1f8-4b33-9b2d-5a2a99bd6240,972a8469-1641-4f82-8b9d-2434e465e150,Nelson-Reid,IL,45,2026-04-12 23:14:19.156557
6b2d9ccc-6279-403c-a1a2-cfe7810d5c57,17fc695a-07a0-4a6e-8822-e8f36c031199,Thomas LLC,GM,83,2022-05-05 19:36:35.246276
b148b2a6-ea79-47e1-9be7-02abfac08fc4,23b8c1e9-3924-46de-beb1-3b9046685257,Miller-Russo,PT,11,2026-05-22 17:20:55.722970
65daced0-460a-4125-bf8c-93d4c32afc4a,6b65a6a4-8b81-48f6-b38a-088ca65ed389,Savage-Warren,IL,77,2021-11-04 02:05:23.464745
4b4ef503-f872-4413-97c5-982cf6ae10e8,23b8c1e9-3924-46de-beb1-3b9046685257,"Orozco, White and Brown",AU,53,2026-05-08 17:35:54.248570
235fc3d5-2224-4806-8e07-2a5273edb223,47378190-96da-4dac-b2ff-5d2a386ecbe0,Peterson-Mullins,CI,72,2021-11-17 03:16:32.406228
e2ed8686-b334-42cb-9a3f-0ad169a9aff9,23b8c1e9-3924-46de-beb1-3b9046685257,Gonzalez Group,SI,68,2023-02-28 07:56:47.592921
d7d3b9d9-4c85-4233-8325-bd9ebf98e734,47378190-96da-4dac-b2ff-5d2a386ecbe0,Alvarez-Barker,KM,95,2023-12-05 12:03:44.838035
505c7527-dc57-446d-8c3d-031ab3952193,b74d0fb1-32e7-4629-8fad-c1a606cb0fb3,Sheppard Group,ZM,28,2022-12-28 07:29:32.106979
8db78572-ef7d-4821-bca0-258eb63d65d5,6b65a6a4-8b81-48f6-b38a-088ca65ed389,Gaines-Hudson,ER,75,2022-09-20 09:18:39.156366
35afbb2d-336d-4786-b7a3-c30aa1f0fa7a,23b8c1e9-3924-46de-beb1-3b9046685257,Hoffman PLC,PY,65,2026-04-05 16:14:04.240758
afc5c20e-4a63-4af5-b6e1-e7ac9fc97264,b74d0fb1-32e7-4629-8fad-c1a606cb0fb3,Miller Ltd,CU,49,2025-07-24 12:39:08.784125
21f6c63d-ac20-4f11-abd3-3927586528e6,9a1de644-815e-46d1-bb8f-aa1837f8a88b,"Jensen, Morris and Downs",PT,47,2023-08-17 06:46:56.525264
f9a55cf2-a66c-4fa1-b5dc-8a9afb38cd91,972a8469-1641-4f82-8b9d-2434e465e150,"Newton, Doyle and Stewart",TZ,52,2021-08-10 15:12:59.646285
8ae0b8a0-80ff-4909-ad85-2212f554e1f8,b74d0fb1-32e7-4629-8fad-c1a606cb0fb3,Mosley and Sons,LI,88,2023-01-31 10:28:09.766484
b5d9ad36-5287-464d-a30a-6658b1be6df2,972a8469-1641-4f82-8b9d-2434e465e150,Lin-Wilson,MR,54,2022-05-03 14:12:54.805973
8ff19886-5a2c-41bc-82c2-26ff1d8b32d9,23b8c1e9-3924-46de-beb1-3b9046685257,"Russell, Meyer and Smith",TM,60,2024-09-11 07:07:31.673681
f1530f68-9215-483a-9532-caba7af985ff,c241330b-01a9-471f-9e8a-774bcf36d58b,Harding-Mathews,MT,57,2024-12-18 04:17:05.434772
ac9b389a-6adf-4568-b5ca-a993aacad101,b74d0fb1-32e7-4629-8fad-c1a606cb0fb3,"Cole, Montes and Davis",KM,47,2023-09-09 09:18:18.497127
88addab1-d765-4a18-a4d4-66ebbf74531c,6b65a6a4-8b81-48f6-b38a-088ca65ed389,Reese and Sons,TZ,31,2022-02-25 11:17:14.299389
6c21835d-d8e8-497c-a0a2-59014932936e,23b8c1e9-3924-46de-beb1-3b9046685257,Horton-Schroeder,AU,46,2022-03-11 07:32:23.396402
1b41a61e-85d1-41ef-8344-edb3ceed0ffc,17fc695a-07a0-4a6e-8822-e8f36c031199,"Gray, Bailey and Farley",LI,26,2022-12-14 18:04:30.404034
0d95aaf5-2534-41bc-a180-b78a06783c34,bdd640fb-0667-4ad1-9c80-317fa3b1799d,"Ray, Smith and Cervantes",ME,5,2025-03-02 12:04:52.161797
4458b006-332c-4e0a-8e7d-a698ab95c72f,b74d0fb1-32e7-4629-8fad-c1a606cb0fb3,Turner LLC,CA,84,2025-07-30 22:09:04.836709
fbc8c77e-2933-4fc4-8918-a346c00c200c,6b65a6a4-8b81-48f6-b38a-088ca65ed389,"Fuentes, Martinez and Porter",ZM,52,2025-11-11 23:13:14.198139
257c54bc-4024-4424-aef2-ab2f495fa2fc,9a1de644-815e-46d1-bb8f-aa1837f8a88b,Gutierrez-Bell,MK,75,2023-05-23 20:33:51.474424
c8cba592-b0ca-42eb-8fe1-621ad6e1ba00,17fc695a-07a0-4a6e-8822-e8f36c031199,"Simmons, Dickson and Rogers",AG,54,2026-05-25 03:40:32.898640
8a8a4105-c0eb-4875-b439-67294b8e5509,9a1de644-815e-46d1-bb8f-aa1837f8a88b,Ellis LLC,DJ,33,2021-11-10 05:33:18.551193
73dd3bc6-d064-45a8-9bd2-9cb108453b2f,23b8c1e9-3924-46de-beb1-3b9046685257,Tran and Sons,NL,50,2023-10-12 09:45:49.969453
acef45c4-de37-40fb-9db9-4eee1a3c2131,bdd640fb-0667-4ad1-9c80-317fa3b1799d,"Graham, Mitchell and Keller",PY,38,2023-08-18 11:29:50.867430
396c357b-dd66-4071-8fd7-b1a1bd4f6118,b74d0fb1-32e7-4629-8fad-c1a606cb0fb3,"Kim, Campbell and Oliver",LT,27,2022-08-04 11:04:01.724830
638e1388-8faf-4d4a-a5a9-9ebcbe0ec2da,b74d0fb1-32e7-4629-8fad-c1a606cb0fb3,Cowan Inc,LU,98,2023-03-05 15:50:38.771286
cbfd4a31-c8c8-4ad6-82cb-cdc73cd30e99,c241330b-01a9-471f-9e8a-774bcf36d58b,Banks PLC,KH,15,2022-09-17 06:11:06.851562
b1644235-49a2-4fde-b235-7a3ccc7f9517,c241330b-01a9-471f-9e8a-774bcf36d58b,Garcia-Brady,BZ,96,2025-11-26 04:02:38.560552
61af663c-ed2e-4bcd-8c06-df90aa1c4023,23b8c1e9-3924-46de-beb1-3b9046685257,"Ho, Garcia and Wallace",ER,61,2023-02-08 16:59:09.553469
c9c1ad45-f4ea-4b97-aaa4-15b56336c815,23b8c1e9-3924-46de-beb1-3b9046685257,"Shaffer, Contreras and Christian",MK,21,2026-02-14 06:33:22.564764
f740d87c-500a-474e-af65-e8ccf9cf8499,bdd640fb-0667-4ad1-9c80-317fa3b1799d,Walker Group,KP,46,2026-05-28 23:35:31.640391
be6127a8-0351-409d-8dc5-fb068d5809b7,c241330b-01a9-471f-9e8a-774bcf36d58b,"James, Gonzalez and Harrison",DK,69,2025-06-23 19:37:52.972781
de6cf36b-9edd-4182-b3fd-862d4057e470,6b65a6a4-8b81-48f6-b38a-088ca65ed389,Bell Group,PT,6,2024-04-26 11:39:36.497370
716ca1f2-dec0-4f3a-9c46-1b34c7eab19b,6b65a6a4-8b81-48f6-b38a-088ca65ed389,Odonnell-Newman,ST,38,2024-06-06 01:42:48.838093
a23ff67d-e957-4bc2-b9bd-8bd6d479cc36,bdd640fb-0667-4ad1-9c80-317fa3b1799d,"Foster, Ayers and Casey",ER,62,2023-03-14 12:51:23.740182
5e244824-a5cb-4c6e-b5a4-c55bb4629214,6b65a6a4-8b81-48f6-b38a-088ca65ed389,"Campbell, Hobbs and Baker",GB,86,2022-07-07 22:12:25.141463
bd0b0fa2-8bee-483f-96a0-6bf2c14ebd10,47378190-96da-4dac-b2ff-5d2a386ecbe0,Nunez-Smith,AO,62,2022-03-07 02:56:33.550768
b993ff63-c6b1-4d94-b24b-cc3d9a7791a2,972a8469-1641-4f82-8b9d-2434e465e150,Johnson-Johnson,OM,82,2023-02-25 16:24:20.969391
72e588e9-4b4f-4b2e-b189-10ecf6dbb2b6,bdd640fb-0667-4ad1-9c80-317fa3b1799d,Randall-Stone,VE,78,2024-09-15 08:32:36.892161
13106665-aec2-4b19-bbc3-98d82d6bc882,bdd640fb-0667-4ad1-9c80-317fa3b1799d,"Greene, Rogers and Haley",PH,74,2026-05-26 10:34:26.795316
bc2e2b59-2c7d-4667-b664-c7202fddb26a,bd9c66b3-ad3c-4d6d-9a3d-1fa7bc8960a9,Allen-Beltran,UA,46,2022-09-09 00:26:42.359138
0a670143-6090-403c-9e8d-f8ad838b77ad,17fc695a-07a0-4a6e-8822-e8f36c031199,Jensen Group,TR,13,2024-07-04 14:05:58.641727
43a534d2-8e7d-4f5a-8773-e66a6db2b020,17fc695a-07a0-4a6e-8822-e8f36c031199,Solis PLC,MD,95,2022-09-23 19:04:17.702493
d89462e8-9580-4c3a-a932-a211214c0a4d,47378190-96da-4dac-b2ff-5d2a386ecbe0,Anderson-Fields,NZ,94,2025-08-22 19:26:40.411101
77617d80-549f-434c-8171-f5a74148bd11,c241330b-01a9-471f-9e8a-774bcf36d58b,"Thompson, Strong and Holmes",ES,3,2023-12-27 05:05:05.036019
0a398bf7-27a1-48a0-afff-a2f4b5ae329d,23b8c1e9-3924-46de-beb1-3b9046685257,Hall-Mckinney,MZ,94,2023-11-22 19:33:09.743887
98cd2655-5297-41ad-adba-948427591ad4,23b8c1e9-3924-46de-beb1-3b9046685257,Gordon Ltd,PY,6,2021-08-22 09:01:20.939653
a0180791-eeb0-43fe-860e-a4d50d04dcb6,9a1de644-815e-46d1-bb8f-aa1837f8a88b,"Mueller, Cameron and Burton",HN,93,2024-02-06 01:38:47.702771
4d187b75-a971-431f-97d8-05949d9887bc,47378190-96da-4dac-b2ff-5d2a386ecbe0,Hood-Moore,ID,8,2022-01-08 12:08:08.748172
8cd74c27-929a-4586-8a37-6c367d94bf10,bdd640fb-0667-4ad1-9c80-317fa3b1799d,Harris-Davis,RS,44,2025-04-17 22:53:30.421582
b52a9e6b-c8b6-48e0-92a8-50c55bab7f4a,47378190-96da-4dac-b2ff-5d2a386ecbe0,Smith-Carrillo,MR,33,2024-08-29 18:48:31.883229
f4fd25b7-384f-4e3b-8680-4a8a515f352c,47378190-96da-4dac-b2ff-5d2a386ecbe0,Johnson Ltd,US,81,2021-12-13 10:28:48.141318
c948384b-1174-4357-8546-74262f120b9e,47378190-96da-4dac-b2ff-5d2a386ecbe0,"Knapp, Miller and Reyes",LU,75,2023-12-31 12:11:40.188451
8b074d1a-6a7a-4841-a8cc-812a8150e0c9,17fc695a-07a0-4a6e-8822-e8f36c031199,"Gross, Lucero and Walters",RO,77,2024-07-22 10:05:15.309570
597278c5-1789-4e63-a746-5743897b303d,47378190-96da-4dac-b2ff-5d2a386ecbe0,Lopez-Delgado,GD,50,2025-12-30 22:24:13.744631
a9d049dc-369e-4af8-a226-49ee38a06ffe,972a8469-1641-4f82-8b9d-2434e465e150,Phillips PLC,MZ,11,2026-05-02 22:48:25.255138
4b27b079-5c5d-4f1b-94c0-c6c254f6516e,23b8c1e9-3924-46de-beb1-3b9046685257,Barber Group,KG,95,2022-11-15 17:38:38.792065
9e47a339-c0ae-4b1a-b347-673637ec07a6,9a1de644-815e-46d1-bb8f-aa1837f8a88b,Hopkins-Hill,BB,28,2023-10-16 19:14:50.554361
8fb3a134-ff23-46e9-b990-3d9687cec69d,972a8469-1641-4f82-8b9d-2434e465e150,Burton Ltd,HT,70,2025-06-06 16:49:39.092037
a6388854-fb2b-4b80-808b-d674d2dd3e26,9a1de644-815e-46d1-bb8f-aa1837f8a88b,"Camacho, Rodriguez and Ho",SD,41,2025-07-01 23:47:04.484115
5893ef12-ab3f-4d22-9d5e-6aee0240f59a,bd9c66b3-ad3c-4d6d-9a3d-1fa7bc8960a9,Rodriguez LLC,CD,16,2022-12-04 08:49:52.927964
a46b6fce-e78d-447c-bd87-703472173fa3,9a1de644-815e-46d1-bb8f-aa1837f8a88b,Kline-Davis,NL,68,2022-04-05 06:02:03.934712
3e6b74fd-9f02-4cbf-ab29-d9129d1b83df,23b8c1e9-3924-46de-beb1-3b9046685257,Kirk-Durham,NP,99,2025-10-13 03:43:34.485905
e2ba9fce-aebb-4f9c-8a35-653cf57a431e,23b8c1e9-3924-46de-beb1-3b9046685257,Myers Group,IQ,48,2021-11-02 17:41:35.487586
cbd431cc-ea7a-4c21-a1a1-a29c5228ed8d,47378190-96da-4dac-b2ff-5d2a386ecbe0,Gutierrez Group,TR,56,2022-10-11 06:24:51.029038
41afeb2a-62c8-43f4-9d06-149ef1eab64a,b74d0fb1-32e7-4629-8fad-c1a606cb0fb3,"Jones, Mcdaniel and Brooks",MZ,64,2024-09-16 01:33:11.010903
06531d47-4867-4b30-b956-77318a4cfe1f,bd9c66b3-ad3c-4d6d-9a3d-1fa7bc8960a9,Schultz-Hayes,UA,59,2023-03-07 12:16:33.676924
c53f1db3-d275-4d43-8451-7303e94d4fbe,bdd640fb-0667-4ad1-9c80-317fa3b1799d,White Inc,AT,90,2025-09-01 06:28:07.592677
823c7ef9-cd85-45ce-83a9-c2355ffd4015,6b65a6a4-8b81-48f6-b38a-088ca65ed389,Keller Ltd,DK,62,2023-12-16 04:35:12.252668
4be318a8-0b39-4ccf-bc9f-3bc37210045a,9a1de644-815e-46d1-bb8f-aa1837f8a88b,"Bond, Wilson and Cooper",SG,76,2022-04-10 19:08:07.319675
5200044b-3148-4df8-a6ca-8d50e5f5c891,b74d0fb1-32e7-4629-8fad-c1a606cb0fb3,Webb-Mendez,DM,11,2022-11-28 01:29:57.691583
189099c9-f2be-429f-9514-9755838e9a61,47378190-96da-4dac-b2ff-5d2a386ecbe0,"Smith, Boyd and Scott",KG,89,2023-02-22 09:38:30.718402
c5f833cf-f4ce-4477-b8bc-a9ac2ada62ce,17fc695a-07a0-4a6e-8822-e8f36c031199,Lee Inc,UG,18,2026-06-21 06:42:10.178748
a07eafb1-01e0-4ad8-8880-2d4d89b8b7ee,bdd640fb-0667-4ad1-9c80-317fa3b1799d,"Johnson, Hunt and Hernandez",MC,19,2024-07-26 09:15:02.820133
a127dc6b-ab9b-453d-b5f5-c65410c2c2e5,c241330b-01a9-471f-9e8a-774bcf36d58b,Wilson-Robinson,SL,87,2024-03-23 08:41:36.867093
af76b6c2-dd6d-4b41-b692-a531c6097cd8,b74d0fb1-32e7-4629-8fad-c1a606cb0fb3,Taylor-Miller,FJ,55,2025-08-30 23:46:25.644963
34a0dcd4-1a9a-429e-95ee-25876c98fd9b,17fc695a-07a0-4a6e-8822-e8f36c031199,"Case, Adams and Olson",TN,82,2024-10-09 09:19:25.804606
e0ee5e8a-b3e6-44c6-9428-df6c89aa4293,bd9c66b3-ad3c-4d6d-9a3d-1fa7bc8960a9,Bailey PLC,GB,26,2026-05-01 22:49:49.697678
6f6bbdf3-c673-42e0-bdca-c10ff9e9cf93,47378190-96da-4dac-b2ff-5d2a386ecbe0,"Phillips, Mcgee and Simpson",CU,6,2024-07-13 06:23:30.584492
12767d13-f093-4776-9116-d014a5850828,bdd640fb-0667-4ad1-9c80-317fa3b1799d,"Potts, Nielsen and Wright",CO,4,2022-02-22 18:12:10.263458
0614ac41-275c-45dc-afa0-8cbebf343ca7,bdd640fb-0667-4ad1-9c80-317fa3b1799d,Mcdaniel Ltd,HR,29,2025-03-18 07:46:38.643408
09b2eae6-54eb-4c91-b784-ae08758fc8fa,bdd640fb-0667-4ad1-9c80-317fa3b1799d,Hayden-Garcia,LT,59,2025-03-22 02:43:13.946895
2d90e4ee-0de4-433e-92c0-620c1667c518,bd9c66b3-ad3c-4d6d-9a3d-1fa7bc8960a9,"Collins, Bauer and Mckay",BF,98,2022-07-08 22:59:01.831053
12087e20-8ede-4b46-807d-0affcb51a911,9a1de644-815e-46d1-bb8f-aa1837f8a88b,Hamilton-Griffin,BW,17,2025-07-15 19:26:00.878432
e9366a85-3a46-4be3-9255-a4de9330ba83,c241330b-01a9-471f-9e8a-774bcf36d58b,"Burgess, Cabrera and Dean",KR,43,2022-12-15 18:34:52.873392
737cf8b5-6356-4add-a85a-9f2b4236c0bf,bd9c66b3-ad3c-4d6d-9a3d-1fa7bc8960a9,"Reyes, Gonzalez and Gomez",CV,80,2025-06-30 22:42:08.894892
50ffde64-6eda-4a8c-a789-e7d0a155eb2c,6b65a6a4-8b81-48f6-b38a-088ca65ed389,"Weiss, Cole and Preston",LY,66,2023-08-29 10:03:52.978769
1e494952-ac5d-4e57-a3b6-64f40452f779,c241330b-01a9-471f-9e8a-774bcf36d58b,"King, Ortiz and Munoz",PK,34,2025-08-20 20:31:40.836212
b864a47b-a434-47fb-8182-978288eae7d4,23b8c1e9-3924-46de-beb1-3b9046685257,"Clements, Moreno and Sanders",MY,8,2021-08-06 21:12:38.452061
bef6a59a-c186-4221-9030-56b79e4c24dd,47378190-96da-4dac-b2ff-5d2a386ecbe0,White LLC,DM,13,2022-11-06 13:38:53.041996
d926fe41-b36d-4121-8ba6-fe0995ea6825,bd9c66b3-ad3c-4d6d-9a3d-1fa7bc8960a9,Gibbs-Howard,PK,8,2022-04-07 00:49:18.930208
80b9ec30-ed94-498b-9b92-3c67129538df,17fc695a-07a0-4a6e-8822-e8f36c031199,Lewis LLC,AD,94,2021-09-02 03:00:59.359367
af95be79-c971-4f51-8a32-bb221b2bb2ec,c241330b-01a9-471f-9e8a-774bcf36d58b,Thomas-Edwards,KM,96,2024-10-19 23:14:27.978148
481186e9-1625-44ca-9b47-e6394d2551eb,6b65a6a4-8b81-48f6-b38a-088ca65ed389,Flores Inc,CY,94,2025-05-10 04:47:01.777269
61a451ff-700b-4b43-ad3b-9d13c3e90323,23b8c1e9-3924-46de-beb1-3b9046685257,"Murphy, Marshall and Pope",FR,65,2021-12-08 16:36:46.724636
07e3c39a-a925-4745-9276-9c9665262474,9a1de644-815e-46d1-bb8f-aa1837f8a88b,Hoffman Group,EC,43,2023-11-14 00:36:07.264169
38491ecc-8891-47fd-a804-d0ac795741bb,17fc695a-07a0-4a6e-8822-e8f36c031199,Guzman-Rose,KI,39,2026-02-03 10:35:42.223507
cbf925b5-6418-46b7-bf2b-43b422e9e527,c241330b-01a9-471f-9e8a-774bcf36d58b,Hoffman Ltd,KP,81,2022-04-13 12:38:22.398564
4b83b570-8bb4-495a-9976-b2bacc27f386,47378190-96da-4dac-b2ff-5d2a386ecbe0,"Shah, Aguirre and Powers",BR,59,2024-09-02 22:51:52.024927
4c4d6e40-24e2-426c-a250-d133f5cb5be4,17fc695a-07a0-4a6e-8822-e8f36c031199,"Stafford, Fisher and Avila",ER,84,2024-04-26 23:25:59.467955
f7222fbe-ea06-494b-a310-ff72ad62d094,23b8c1e9-3924-46de-beb1-3b9046685257,Li-Gonzalez,GW,88,2024-07-06 10:22:44.747657
a5df6f85-bab5-43fb-9dfc-d1d5cb863dea,17fc695a-07a0-4a6e-8822-e8f36c031199,Lang Group,GA,86,2025-05-03 01:19:22.198668
02dabd76-f310-4525-b517-9e725f857b21,972a8469-1641-4f82-8b9d-2434e465e150,Mooney Group,NZ,93,2022-01-30 17:11:27.421056
243113fd-8e19-4d07-9ff0-b9bf8db3c2c1,b74d0fb1-32e7-4629-8fad-c1a606cb0fb3,Martinez and Sons,BW,86,2022-11-29 12:19:15.078878
929daf9f-0149-42af-8ab1-a5041f8c56e0,9a1de644-815e-46d1-bb8f-aa1837f8a88b,"Murphy, Reyes and Ray",RS,44,2022-12-03 21:23:44.686681
8c2aa0b1-8982-4bf8-a4e2-89c098be5ff0,23b8c1e9-3924-46de-beb1-3b9046685257,Smith-Logan,HN,9,2025-01-27 19:00:02.480722
35c606b5-4e00-4d55-95ca-dfaff26d3dd3,17fc695a-07a0-4a6e-8822-e8f36c031199,"Travis, Buck and Mitchell",DE,37,2023-10-23 19:55:30.415013
b9d707a9-e74e-40b3-bdce-635fbf905d6a,b74d0fb1-32e7-4629-8fad-c1a606cb0fb3,Johnson-Ferguson,LA,74,2022-05-11 10:37:18.924041
e7d73d1d-69a3-4991-b634-646c5806a961,b74d0fb1-32e7-4629-8fad-c1a606cb0fb3,"Williams, Newman and Jones",TH,36,2022-03-09 16:25:38.055792
2477f047-8336-4758-99f9-3502a55bc44f,17fc695a-07a0-4a6e-8822-e8f36c031199,Gallegos Group,MR,92,2026-04-28 23:49:18.755342
9dec2b83-3885-4f7e-af1a-25a829344e15,47378190-96da-4dac-b2ff-5d2a386ecbe0,"Turner, Stewart and Reed",AF,28,2022-03-01 05:54:20.640308
1d57e734-31bf-4cf6-80b3-af7cd5b211a9,972a8469-1641-4f82-8b9d-2434e465e150,Hawkins LLC,QA,42,2025-11-18 14:45:52.266377
913a1734-ccb6-4571-abc5-35452e6d7a04,bd9c66b3-ad3c-4d6d-9a3d-1fa7bc8960a9,Salazar-Long,DJ,43,2024-04-22 01:34:01.287843
c04446bf-d9f4-4bbd-8dec-644cda2d2156,972a8469-1641-4f82-8b9d-2434e465e150,"Riggs, Snyder and Davidson",LY,85,2023-05-22 11:53:16.561305
8c8181b4-fe8b-4ccb-bd75-a5f3eeafca83,17fc695a-07a0-4a6e-8822-e8f36c031199,Cameron PLC,BZ,88,2023-02-13 16:42:45.621999
12b99a50-8cb6-41f0-a509-6396761579e7,9a1de644-815e-46d1-bb8f-aa1837f8a88b,Johnson Inc,PW,42,2025-02-22 17:34:03.174527
402d105b-113e-4f84-abf3-90964a68369c,bd9c66b3-ad3c-4d6d-9a3d-1fa7bc8960a9,Taylor LLC,SY,66,2024-04-17 14:16:26.306086
94a1eab0-b9c0-47aa-b289-f58b1923cafc,23b8c1e9-3924-46de-beb1-3b9046685257,"Ramsey, Perez and Miller",LA,55,2024-09-08 10:22:16.971574
5b6d6b7c-54b2-4582-b398-1e9e7cb882a0,972a8469-1641-4f82-8b9d-2434e465e150,"Barrera, Wood and Leach",MX,72,2024-10-10 06:39:25.431554
3c0a584e-a7cd-43cb-abda-06b220d2b528,17fc695a-07a0-4a6e-8822-e8f36c031199,Villa Inc,MC,48,2023-07-10 06:48:18.585731
11defebf-9e98-461d-88fe-bf6d199c8d94,972a8469-1641-4f82-8b9d-2434e465e150,Ware-Williams,GH,91,2023-03-06 09:48:26.164462
7c6166df-515a-4b43-b189-1f48e66e2c11,bd9c66b3-ad3c-4d6d-9a3d-1fa7bc8960a9,Valentine Inc,PW,22,2025-09-21 18:57:10.542336
a8cfe589-9dc8-4e1a-940e-7d01735d88f3,6b65a6a4-8b81-48f6-b38a-088ca65ed389,Murphy-Salazar,SV,27,2021-09-19 00:26:44.988544
27035b27-958c-4936-b186-78ce4e40bfba,c241330b-01a9-471f-9e8a-774bcf36d58b,Nelson-Jackson,MT,93,2022-12-16 14:25:15.326889
cec56969-5d4f-4107-911d-dc7990c80420,972a8469-1641-4f82-8b9d-2434e465e150,Silva Inc,PL,67,2024-05-15 21:10:19.212437
2b2bf58c-6da5-4dad-b56a-abc050fb35b0,23b8c1e9-3924-46de-beb1-3b9046685257,Flores and Sons,MA,13,2024-05-21 04:50:01.975441
c921057c-3f05-457c-902e-d818013ca998,23b8c1e9-3924-46de-beb1-3b9046685257,"Barron, Church and Gutierrez",HN,45,2025-12-16 23:04:17.158838
a40dfea5-bd64-487e-b652-ae9938b5e89a,bdd640fb-0667-4ad1-9c80-317fa3b1799d,Barnett-Boyd,BY,10,2021-10-27 23:06:12.564369
5c074653-d711-43e4-86d4-7d416fa5d3b0,972a8469-1641-4f82-8b9d-2434e465e150,Lane Ltd,MW,9,2025-02-16 19:57:21.539100
54e14f3a-bba4-4ae0-adf8-f7672261ddef,c241330b-01a9-471f-9e8a-774bcf36d58b,Bray-Morris,CN,54,2022-03-15 18:25:27.157865
7202fae5-767d-4b27-bade-4367e0bd202c,47378190-96da-4dac-b2ff-5d2a386ecbe0,"Webb, Davis and Miranda",LB,27,2021-11-11 14:33:15.508314
7caa281b-4e33-4644-8657-20ae5bd67d4d,b74d0fb1-32e7-4629-8fad-c1a606cb0fb3,"Miller, Hansen and Salas",CR,34,2021-11-18 22:36:13.286015
a542deb9-2cff-45f8-9bdc-74a98d3a5d76,c241330b-01a9-471f-9e8a-774bcf36d58b,"Holland, Foley and Neal",MZ,1,2022-04-20 17:59:25.703259
47d6723c-d77f-4eeb-94fc-3a5d9b4bf377,b74d0fb1-32e7-4629-8fad-c1a606cb0fb3,Bonilla Inc,LR,32,2024-02-27 15:42:29.301289
e42c0aea-23d7-463d-9391-d017dbd4a86d,b74d0fb1-32e7-4629-8fad-c1a606cb0fb3,Smith and Sons,JM,89,2026-03-30 19:18:58.221814
bbc99473-4363-489c-b249-5cff89e2df24,6b65a6a4-8b81-48f6-b38a-088ca65ed389,Cardenas-Lopez,GQ,93,2022-09-20 03:13:35.247487
ba388c8f-1393-49d1-a06a-187de2e6e7a6,bdd640fb-0667-4ad1-9c80-317fa3b1799d,Peterson PLC,ZA,71,2025-04-26 02:41:08.468721
d97e8d3c-04c4-446a-a461-0160134d695a,c241330b-01a9-471f-9e8a-774bcf36d58b,"Palmer, Edwards and Blackburn",NO,67,2026-05-28 14:27:23.473600
d0095507-07fc-484e-a1b2-462781d67019,c241330b-01a9-471f-9e8a-774bcf36d58b,"Gibson, Moore and Wagner",UG,84,2023-03-27 11:55:26.439236
c4ea4ece-67b6-4467-9432-d79794f6c67a,6b65a6a4-8b81-48f6-b38a-088ca65ed389,Robinson LLC,MX,20,2023-08-10 12:27:24.926884
09624ec9-e803-42eb-b677-7be4970c9eb4,972a8469-1641-4f82-8b9d-2434e465e150,Hester-Parrish,SN,94,2025-04-19 03:44:50.457855
e4dc4306-8b20-4e3e-82b7-c0488d3543be,972a8469-1641-4f82-8b9d-2434e465e150,"Harris, Ross and Jones",BN,35,2024-01-03 06:36:17.825040
a7668617-78db-4de3-8a28-4792ffaca645,972a8469-1641-4f82-8b9d-2434e465e150,Martin-Parker,LY,99,2024-04-08 10:26:24.700992
647ac591-5da6-4a3a-a60c-cfb4c6735380,9a1de644-815e-46d1-bb8f-aa1837f8a88b,"Wong, Thomas and Walter",RW,91,2024-03-02 02:55:42.641236
96f01335-c5ab-48da-a435-4021392a9fc4,b74d0fb1-32e7-4629-8fad-c1a606cb0fb3,"Rodriguez, Smith and Murray",SV,90,2024-10-02 01:00:22.657630
22460ac9-4a7e-4bc2-9b6f-1c33bbb4c0ce,9a1de644-815e-46d1-bb8f-aa1837f8a88b,Johnson-Stanley,SZ,78,2023-07-11 02:38:10.992342
172e8c68-82aa-4c46-8049-9bbf76f6a778,bdd640fb-0667-4ad1-9c80-317fa3b1799d,Bell-Wilson,TZ,17,2022-04-26 23:37:32.262112
02b622e9-808e-48d2-9d26-4b1b6593b659,6b65a6a4-8b81-48f6-b38a-088ca65ed389,"Miller, Reynolds and Hernandez",AR,18,2025-08-28 15:12:47.283309
f6c8b8b9-d915-4664-bd27-4ad5a9a54c24,c241330b-01a9-471f-9e8a-774bcf36d58b,"Jordan, Cook and Alexander",GN,45,2025-08-13 03:27:57.716989
af2537f5-9d31-462a-bb5a-bb36ce7968b7,b74d0fb1-32e7-4629-8fad-c1a606cb0fb3,Davis-Wong,UZ,93,2023-10-14 23:59:52.938158
23ef5561-839e-4623-81d8-41d32a74b90c,9a1de644-815e-46d1-bb8f-aa1837f8a88b,"Reilly, Lee and Lopez",EE,84,2022-02-13 10:05:39.646299
90fcc9f1-2ddc-456b-a8c2-cce9723b80d4,9a1de644-815e-46d1-bb8f-aa1837f8a88b,Wheeler PLC,GW,53,2026-02-06 09:29:56.943713
df482e7c-a8cf-4f62-90d9-170cf2dec75c,17fc695a-07a0-4a6e-8822-e8f36c031199,"Snyder, Hamilton and Maldonado",MN,91,2022-11-06 03:25:39.765604
bb64a525-bc65-4d94-a56d-4d11f7bd8499,9a1de644-815e-46d1-bb8f-aa1837f8a88b,"Wright, Rodriguez and Wilson",ML,82,2022-09-27 21:34:36.405162
0a58f43c-5bda-4655-b06d-ca247bc6e121,47378190-96da-4dac-b2ff-5d2a386ecbe0,Johnston and Sons,LV,68,2024-10-07 09:51:26.425669
3b53f64b-7cd6-4da4-82ef-da8b38048786,c241330b-01a9-471f-9e8a-774bcf36d58b,Patel LLC,SC,65,2024-05-01 09:30:30.024802
3be8a5df-5e93-4de0-83ac-e8751017ab44,47378190-96da-4dac-b2ff-5d2a386ecbe0,Andrade Ltd,AD,1,2021-10-21 19:08:01.893870
8494205c-34ef-4552-ab28-6d090af57e60,c241330b-01a9-471f-9e8a-774bcf36d58b,"Sullivan, Long and Robinson",VA,58,2025-10-04 05:51:32.941295
635a11f2-5c7a-483d-8a9d-2704e860bcb1,6b65a6a4-8b81-48f6-b38a-088ca65ed389,"Adams, Harris and Floyd",US,26,2022-09-02 19:07:39.894083
e1ad640c-7463-435e-aafb-9f20783c91eb,c241330b-01a9-471f-9e8a-774bcf36d58b,Walsh-Mccarthy,GB,20,2021-10-03 08:58:37.620277
a605b7c9-fb07-4e93-8a37-31ab0be3534a,47378190-96da-4dac-b2ff-5d2a386ecbe0,Gross-Davis,MY,87,2022-08-21 21:24:33.549042
f7ebc69a-b428-4f0d-9a6c-f45952f6531f,c241330b-01a9-471f-9e8a-774bcf36d58b,"Velez, Howell and Stevenson",BO,10,2022-09-15 20:19:07.494010
4603c9ee-d463-4183-a231-72118578b1c6,6b65a6a4-8b81-48f6-b38a-088ca65ed389,"Allen, Edwards and Jones",KH,59,2022-04-22 16:29:05.788970
94213090-4368-4e93-bded-cb7ad5ba304c,6b65a6a4-8b81-48f6-b38a-088ca65ed389,Cook Group,GT,75,2025-11-23 15:05:38.000920
606cc2f5-2c81-4bf0-91f6-04068b5a8683,bdd640fb-0667-4ad1-9c80-317fa3b1799d,Rivers Ltd,CU,41,2024-01-18 02:51:10.879767
96721e98-5d84-46e0-a0e6-96ffa75743f9,c241330b-01a9-471f-9e8a-774bcf36d58b,Patterson-Smith,SB,5,2023-02-27 17:23:04.578458
13ed280a-d5e1-4d1f-a5f2-2dfba741104b,17fc695a-07a0-4a6e-8822-e8f36c031199,Ibarra-Jackson,ET,65,2025-04-28 11:49:01.218490
f9012b9c-6057-453a-8067-f79084440504,972a8469-1641-4f82-8b9d-2434e465e150,Wheeler Group,BD,17,2024-11-22 23:41:08.146737
67e54646-8430-40fa-b90f-ecf5e8410a39,23b8c1e9-3924-46de-beb1-3b9046685257,"Smith, Marks and Kennedy",GH,22,2021-08-22 02:49:05.150522
585409d9-de22-4c3f-9136-6db15a578607,6b65a6a4-8b81-48f6-b38a-088ca65ed389,Fuentes PLC,KI,98,2025-05-15 23:24:58.839301
e31db345-7b6b-411e-8aeb-99597ca2f582,bd9c66b3-ad3c-4d6d-9a3d-1fa7bc8960a9,"Mooney, Conley and Fox",NZ,41,2024-01-02 20:35:34.098233
e1ccff0d-8078-436d-81b0-62c19aad9234,972a8469-1641-4f82-8b9d-2434e465e150,Fischer Inc,BW,93,2024-11-21 20:28:15.682408
3ae0acdb-2a65-44af-b09d-338b23936d45,b74d0fb1-32e7-4629-8fad-c1a606cb0fb3,Torres Ltd,LU,68,2025-01-11 01:00:12.695106
47e321c2-a4ba-48bf-83b8-fa0513bc0dc6,c241330b-01a9-471f-9e8a-774bcf36d58b,Chavez-Navarro,MV,69,2024-04-17 10:03:53.129525
28489240-2fd9-4ce1-a676-27ca3625fc20,47378190-96da-4dac-b2ff-5d2a386ecbe0,"Scott, Tucker and Diaz",TD,11,2021-09-29 05:42:47.341204
d123f7c1-b7a1-467e-9a1e-00365cbaa496,23b8c1e9-3924-46de-beb1-3b9046685257,Carey LLC,EG,56,2024-06-28 19:19:56.411747
6a241f46-3af7-4a21-a93e-7b5b1e4ae3a7,bd9c66b3-ad3c-4d6d-9a3d-1fa7bc8960a9,"Cook, Holmes and Beck",NO,51,2022-08-03 07:55:13.741172
1d03c3d5-b862-4cc3-9489-9c37cfa9026b,972a8469-1641-4f82-8b9d-2434e465e150,"Washington, Nelson and Stone",CZ,21,2024-06-16 03:37:18.164965
7aa1219a-7a93-48bb-acdb-d5f27b44acd0,c241330b-01a9-471f-9e8a-774bcf36d58b,"Smith, Irwin and Chase",JM,99,2021-07-31 00:20:32.844956
a5b2c7ea-2947-4f54-973e-129c35f0b1be,bdd640fb-0667-4ad1-9c80-317fa3b1799d,"Mcknight, Howard and Johnson",KR,76,2025-01-19 14:58:31.753848
3e612d66-05bf-4618-a930-b0c4d5576899,b74d0fb1-32e7-4629-8fad-c1a606cb0fb3,"Figueroa, Mcpherson and Howard",MW,26,2024-06-14 00:57:25.031660
97a418b8-92d0-4319-a0bd-14220b0b81de,23b8c1e9-3924-46de-beb1-3b9046685257,"Davis, Knapp and Gray",GQ,19,2023-05-21 05:02:34.055233
833c8f55-a129-4fa2-a27d-4660293fc266,17fc695a-07a0-4a6e-8822-e8f36c031199,Sheppard Ltd,RO,60,2026-01-13 22:30:01.712528
2598f383-9280-4da2-a40b-50e40a086989,bdd640fb-0667-4ad1-9c80-317fa3b1799d,"Gardner, Gaines and Archer",AU,71,2022-05-13 18:38:20.050106
ec257a75-421d-4dca-aa95-59080e503fd8,bd9c66b3-ad3c-4d6d-9a3d-1fa7bc8960a9,"Thompson, Lozano and Bailey",IL,47,2022-08-10 12:40:53.086856
67cbfc39-f54f-4b92-8442-906f2e16f0b6,23b8c1e9-3924-46de-beb1-3b9046685257,Myers-Butler,NL,71,2024-03-23 05:10:45.048323
a33b3dfd-9048-45c6-b820-5aa7996f7e88,bdd640fb-0667-4ad1-9c80-317fa3b1799d,Parker-Williams,EE,26,2026-02-13 07:00:33.518044
ba5c865d-b834-4070-a0e5-f6e504c44853,b74d0fb1-32e7-4629-8fad-c1a606cb0fb3,"Miles, Flowers and Martinez",DK,40,2025-04-07 02:37:03.149678
f27f3ad7-4890-4b6d-9240-ef02a9681fc1,17fc695a-07a0-4a6e-8822-e8f36c031199,Knight-Sparks,MY,5,2022-12-13 21:02:18.274564
9b4547e0-72fe-4dc2-b772-aa9715f39d39,bdd640fb-0667-4ad1-9c80-317fa3b1799d,Roberts-Montes,KZ,21,2024-04-28 19:11:23.920007
7b4e9ecd-de07-47b1-b8ae-8d5dfe268e77,9a1de644-815e-46d1-bb8f-aa1837f8a88b,Ho-Thomas,SI,78,2024-02-05 22:06:12.080755
6928043e-d492-451a-b828-3a052baa43c9,17fc695a-07a0-4a6e-8822-e8f36c031199,"Hernandez, Levy and Hanson",CD,4,2022-05-05 21:28:48.201569
95284c0a-cb6b-4562-a488-c84d99d090fd,bd9c66b3-ad3c-4d6d-9a3d-1fa7bc8960a9,"Martin, Tucker and Brown",PT,23,2022-07-21 02:07:52.794142
9f8acdeb-2e8f-45a8-847a-3b7ed209383b,b74d0fb1-32e7-4629-8fad-c1a606cb0fb3,Smith-Williams,BS,84,2024-07-31 14:03:09.959288
2aefcf3b-43b7-40ef-82c4-1c54a8debd88,c241330b-01a9-471f-9e8a-774bcf36d58b,Petersen-Martinez,LY,15,2023-03-20 18:58:16.111170
ec1f41ce-57b9-4dfb-af82-e70cb9644e4f,47378190-96da-4dac-b2ff-5d2a386ecbe0,Torres-Jordan,LA,93,2023-03-07 05:25:32.996047
119fb03e-9731-4c91-98b6-691b74169e82,47378190-96da-4dac-b2ff-5d2a386ecbe0,"Flowers, Williams and Taylor",ES,8,2022-11-05 09:19:59.895103
21d8b96a-62ad-4157-a0d2-759a3ad51382,47378190-96da-4dac-b2ff-5d2a386ecbe0,Glover-Shaw,BZ,41,2022-02-20 13:50:17.019001
85d0691c-33cd-4d56-843d-72db1bcb404c,23b8c1e9-3924-46de-beb1-3b9046685257,"Moore, Miller and Nelson",TD,19,2022-12-21 02:48:04.609239
af32baf8-811d-44af-a8ca-7483dc0e3375,bd9c66b3-ad3c-4d6d-9a3d-1fa7bc8960a9,"Gonzalez, Richards and Miller",NA,46,2021-09-08 13:53:52.752661
9b02c535-2649-4478-9396-6f0a6b77af9e,b74d0fb1-32e7-4629-8fad-c1a606cb0fb3,Johnson LLC,AL,28,2024-07-23 19:45:05.933439
e6cfcbd8-79d2-4001-ad6b-8a4e18a70609,17fc695a-07a0-4a6e-8822-e8f36c031199,Cain Ltd,DK,91,2024-10-19 13:19:13.889747
e0b4659a-09fe-4cdd-998d-65ba9d6022c5,23b8c1e9-3924-46de-beb1-3b9046685257,Henderson-Rasmussen,LB,68,2024-02-07 14:39:58.377703
c09c2ebe-80da-4ed7-880b-cb0ec8ab96ac,bd9c66b3-ad3c-4d6d-9a3d-1fa7bc8960a9,Orozco LLC,CN,15,2023-07-28 19:48:15.608497
