risk_id,customer_id,risk_score,risk_category,assessment_date,model_version
4078d503-2f27-4adc-a11c-cbe45596e83b,CUST00006253,742,Very Low,2026-03-08 10:58:06.670261,v2.1.0
b480b5c9-cef3-4845-b155-afdac0c44f79,CUST00009236,623,Medium,2025-07-27 01:08:41.799722,v2.1.0
769600ce-0b37-4c3e-808a-e8bfbe06362b,CUST00008741,300,High,2025-10-26 08:44:51.592034,v2.1.0
66471fd3-54f4-4d01-a62c-f9ab9ae80fbf,CUST00002882,600,Medium,2025-10-07 10:31:06.336128,v2.1.0
a331d8ef-3db4-4bbb-991e-74aa09afe44a,CUST00008719,300,High,2026-04-12 21:38:11.676973,v2.1.0
1108490d-7c85-4065-9436-c6a00469df0a,CUST00001036,419,High,2026-03-22 01:41:31.075940,v2.1.0
718b2097-51c3-4240-a488-cb472e5a8401,CUST00004379,467,High,2026-06-08 18:32:19.082656,v2.1.0
e0a5774d-ce20-4c45-bb03-22820527e7e1,CUST00004834,725,Low,2025-08-18 15:59:29.789435,v2.1.0
6585977a-8d63-46b7-85ee-5b45e7c88fbc,CUST00008925,455,High,2025-12-19 00:22:19.476448,v2.1.0
f03168ec-6635-40d4-8caf-992254dfe5d6,CUST00006170,715,Low,2025-07-28 19:06:06.987341,v2.1.0
f72d94cd-6df0-442e-b9a4-9e7e744c00c1,CUST00005892,582,Medium,2025-10-05 18:26:04.850452,v2.1.0
33562d60-69b4-4b56-bfc9-5c7ab1d3e24b,CUST00004429,592,Medium,2026-01-18 11:43:47.412882,v2.1.0
27c09621-bb6d-4393-8f09-1a8956b613f6,CUST00006568,300,High,2025-07-27 14:30:52.589818,v2.1.0
8e17e86a-956d-4ddb-8979-98a790ed2e05,CUST00002660,764,Very Low,2025-09-28 12:52:11.249579,v2.1.0
959fd8dc-6c99-402b-8a41-b6b03a336338,CUST00005706,708,Low,2026-03-12 06:38:15.633517,v2.1.0
fde5a4db-76e6-4fd8-8929-6e25a2b713b1,CUST00002357,700,Low,2026-02-01 22:43:58.438845,v2.1.0
c828132a-60d6-46e8-9300-2fbefb211436,CUST00009367,580,Medium,2025-10-06 10:14:10.513414,v2.1.0
19871bdb-04f6-49b0-aa24-df49ef66fdb8,CUST00000609,458,High,2026-02-18 03:16:05.619931,v2.1.0
c0eb936d-87fc-4fa6-82e8-e89867d11f08,CUST00000353,457,High,2026-05-09 13:10:47.231742,v2.1.0
152da938-c429-429d-9280-efda4880b022,CUST00008614,422,High,2025-07-20 06:52:23.643488,v2.1.0
24c07204-f5fd-41e9-a469-45a822d71eaf,CUST00003554,442,High,2026-05-08 05:31:29.393806,v2.1.0
4db5651f-46f8-4bab-ab68-4816e82d6ff4,CUST00001086,513,High,2026-03-29 21:37:44.578843,v2.1.0
c9a89090-0425-4b06-9051-f8c379a47982,CUST00000970,404,High,2025-11-19 04:27:39.723622,v2.1.0
fbf0b5aa-321b-4635-a5e6-cf90dd564c15,CUST00007188,374,High,2025-09-12 16:48:09.528972,v2.1.0
f4b3a2a4-4599-4976-bad4-2325f082aee2,CUST00003405,616,Medium,2026-07-02 12:36:24.215378,v2.1.0
21136a5a-fdd7-4847-93ee-a8c6ce4765f4,CUST00005575,450,High,2025-11-17 20:24:49.199159,v2.1.0
11acaf42-ccd2-4e36-beda-8af750a3f03b,CUST00006967,321,High,2025-08-20 18:53:40.094645,v2.1.0
96354c97-961a-4542-b52e-acacb9b1b61a,CUST00001662,517,High,2025-08-22 05:41:57.170610,v2.1.0
a62fa10e-5ea5-48c4-80d7-9606eb1228a2,CUST00004609,350,High,2026-05-23 10:50:19.980314,v2.1.0
13369145-4bf9-41a0-a14d-0a0c3c2fb0f4,CUST00000131,486,High,2026-02-23 10:01:26.988173,v2.1.0
a01fe305-a624-4041-9877-feb19fb4a479,CUST00005141,488,High,2026-05-08 16:59:57.837856,v2.1.0
f1bee558-c2d3-4b15-b8f0-db5b02efbdab,CUST00009735,482,High,2026-04-10 10:33:37.343505,v2.1.0
2d08e5f0-6818-46a7-8a84-53a2acc9a37f,CUST00001993,693,Low,2026-01-29 18:21:12.317820,v2.1.0
8c130528-69ee-458e-93c4-6975ba7a3c8e,CUST00006580,610,Medium,2026-07-08 08:00:21.261335,v2.1.0
932f8d95-5623-47f1-a049-8209c982f0d4,CUST00001594,687,Low,2025-12-03 04:02:53.408489,v2.1.0
f89f7dbb-67dd-48a0-9723-097792a2e65b,CUST00008080,526,High,2026-02-04 12:57:44.462363,v2.1.0
862c5b6c-f330-4d3b-8ee9-eda2fee7c78b,CUST00000851,471,High,2026-05-16 20:16:08.027000,v2.1.0
aa34dc83-ce06-4bd3-ba28-7a3023fd974e,CUST00007984,367,High,2026-02-28 19:42:08.536144,v2.1.0
da8f6fe5-e7ef-4edd-9856-6359b313c581,CUST00009569,494,High,2026-05-28 15:25:21.162486,v2.1.0
bf8c1ac1-0bea-4c9c-a8d5-3b856573ba71,CUST00005223,419,High,2026-02-13 18:50:13.226901,v2.1.0
6bc484ae-53da-4400-b5a0-20de5ea1348c,CUST00000121,453,High,2026-04-01 06:00:51.428470,v2.1.0
628243e6-751e-4ddf-93ac-ebacc73b18b6,CUST00001635,541,High,2025-08-03 15:35:31.977384,v2.1.0
156d421c-32dc-465c-b63e-eaff7e401c49,CUST00000875,583,Medium,2025-10-09 03:36:29.719591,v2.1.0
6d86900f-04f6-4057-a542-05ff2485a696,CUST00005028,530,High,2025-10-31 14:36:43.568969,v2.1.0
16c5124a-a26a-4825-9bd1-fb558ada788f,CUST00001072,357,High,2025-08-16 01:20:38.350697,v2.1.0
1a764d91-8f60-46f1-815a-9c221959a03a,CUST00009304,607,Medium,2025-10-10 22:29:44.544101,v2.1.0
ba8a8b41-4b9d-4319-9d8e-f2e4e6bf7939,CUST00008227,424,High,2025-08-23 19:15:39.443506,v2.1.0
69379597-0b61-4782-8022-e40b4528a58d,CUST00002498,771,Very Low,2025-10-27 10:33:23.608314,v2.1.0
4625b03b-2783-4638-bd22-fcbc1958916f,CUST00000376,470,High,2026-03-07 02:09:50.186958,v2.1.0
f5ac9941-60aa-4d49-89d8-fa75ac94a000,CUST00003718,365,High,2025-11-28 03:56:16.756064,v2.1.0
81e88044-7566-4bcd-9051-0536269d2e29,CUST00001132,300,High,2025-11-30 02:49:27.051532,v2.1.0
88a7a2be-9901-488e-82a9-64a5404cd51b,CUST00008372,300,High,2025-10-02 10:23:42.060200,v2.1.0
8010e5e2-1eb4-4e51-8356-4a07499c9472,CUST00009543,659,Medium,2025-10-23 10:10:12.648259,v2.1.0
3f6fbbd3-ae00-4488-9efc-8ac797085668,CUST00006497,449,High,2026-06-25 00:23:45.547632,v2.1.0
d6dc7ace-2f63-411e-9d3e-a5445f88f269,CUST00005253,555,High,2026-03-11 14:25:45.570885,v2.1.0
796b3e7e-d387-479d-9763-aa00fbc96537,CUST00005327,480,High,2026-02-25 09:24:10.335248,v2.1.0
b32da9ba-cd22-4e38-b96b-1bae47e097ac,CUST00008403,439,High,2025-09-18 10:04:01.140584,v2.1.0
b9b92f38-0865-42d5-9635-45c862ab3552,CUST00009308,684,Low,2026-04-10 05:15:25.873445,v2.1.0
a725cff5-5e47-4cbd-8b38-1fc71d42a850,CUST00002866,381,High,2025-09-15 14:15:13.357387,v2.1.0
e3e0dc31-7deb-492c-a455-5235f5dd166d,CUST00003358,415,High,2025-12-03 12:07:19.199309,v2.1.0
eaacb9c7-372b-46dc-bd7a-cef5bee5e597,CUST00006974,625,Medium,2026-07-14 07:49:51.141875,v2.1.0
a609801d-2d6c-4a18-b93d-93349e9d68e9,CUST00003361,458,High,2026-03-08 15:59:27.461779,v2.1.0
eb702d1b-a2ed-4fee-b575-805f663c8181,CUST00007728,426,High,2026-02-06 07:59:40.029564,v2.1.0
1e8336e7-3fca-4c41-9fe1-7187faf9bcdc,CUST00002178,424,High,2026-03-24 23:04:15.180325,v2.1.0
63059705-ecf4-4c2d-805c-c5e674dcdbfb,CUST00007947,395,High,2026-05-21 18:08:39.532523,v2.1.0
dfd5c514-3f12-43e6-aa80-1c6567c39900,CUST00001663,583,Medium,2026-04-27 08:08:08.344688,v2.1.0
57e6c05a-ee50-4512-a5d8-f0cb7e5187ed,CUST00009836,505,High,2025-10-09 13:41:13.538280,v2.1.0
635877d2-e435-4b3a-8f97-da653155595a,CUST00007658,474,High,2025-07-29 15:17:22.922415,v2.1.0
f11dda11-e4dc-43c7-9a99-7dbf7eacb693,CUST00002191,659,Medium,2025-11-10 03:05:32.557996,v2.1.0
aee76b07-a65e-42b8-8526-40940e56198c,CUST00001301,506,High,2025-10-23 16:51:32.139574,v2.1.0
11fb3c14-a283-418e-902a-685be2e56727,CUST00007290,357,High,2025-10-02 23:19:53.895583,v2.1.0
e4c53b94-f7ef-4c4a-8d8e-76923613ab61,CUST00006478,443,High,2026-06-27 07:13:36.927107,v2.1.0
000c9f5b-18ea-43d7-9350-6be86cfe39e0,CUST00001434,605,Medium,2026-06-02 23:56:05.827545,v2.1.0
b9706be2-e74e-47e7-8aa0-4bd9ddda804a,CUST00003695,726,Low,2025-11-09 20:17:50.809397,v2.1.0
cd65fcb5-59e6-4de7-8f62-62a05764bc8e,CUST00007555,300,High,2026-03-14 07:19:28.924903,v2.1.0
34082f26-a470-4565-90c8-ec02f867d2c1,CUST00001822,405,High,2025-12-09 09:55:15.454950,v2.1.0
c1df9a6f-957e-4eac-a49b-8d0b9957dec6,CUST00004300,351,High,2026-06-16 22:36:40.848879,v2.1.0
6253c6ce-3342-4e07-9a1d-97c7594b6a8d,CUST00006998,741,Very Low,2026-01-01 12:05:30.775212,v2.1.0
87b2a7a3-8cd3-40ba-8579-538fd7c78329,CUST00003315,561,High,2025-10-22 15:46:57.485815,v2.1.0
284a7d7d-8b45-4393-a5d1-fb50c4410c23,CUST00007039,380,High,2025-10-15 23:47:03.150637,v2.1.0
7ebfbca2-1597-41c2-81b2-c85ec2efb71c,CUST00003960,428,High,2026-02-07 22:43:30.008599,v2.1.0
b4dbe384-c81f-4225-acb6-eb3f6e9e2bae,CUST00007379,702,Low,2025-10-21 21:02:11.576374,v2.1.0
cf0128e3-81be-4b3f-9132-8fe83a9048ed,CUST00008582,405,High,2026-02-16 10:14:49.762783,v2.1.0
8012abb4-12f2-4fa6-afd9-108ff13b4588,CUST00000090,348,High,2026-06-10 20:00:23.712602,v2.1.0
0e3b90ae-0618-4ecb-be77-78aecdefaea6,CUST00002066,838,Very Low,2025-12-10 18:57:20.298982,v2.1.0
18ab77ff-c6e9-45b3-a03f-3d9af93af6ef,CUST00003912,455,High,2025-10-06 00:25:11.296046,v2.1.0
fce01e3b-c903-4681-a8e2-53cbe22840e2,CUST00003956,620,Medium,2026-07-17 06:04:54.898238,v2.1.0
b54bd227-94b4-450d-974f-ade09b3025b6,CUST00008136,511,High,2026-01-20 00:17:30.734607,v2.1.0
f67fbab9-571e-4628-8ca6-4e0eb491f1be,CUST00007944,430,High,2025-08-20 02:47:48.319884,v2.1.0
9c6d50c7-6102-4ac4-89b7-2c842b5038fc,CUST00009297,820,Very Low,2025-08-04 02:55:03.020555,v2.1.0
2d8485b5-658e-4de2-866d-4aa22a5dd9ca,CUST00000994,493,High,2025-08-26 23:03:52.659105,v2.1.0
0c3a86ec-2265-429d-8733-d4f63b2b1052,CUST00002096,628,Medium,2026-03-04 01:56:53.092269,v2.1.0
7d6657ad-c1dd-44db-a7f9-92cab14bcafb,CUST00002883,320,High,2026-05-03 05:05:03.392250,v2.1.0
613f8e4b-5804-4b49-817a-9f9404e50853,CUST00003271,409,High,2025-12-19 02:27:34.622066,v2.1.0
f525ce1e-eee0-48bc-b1b4-7dfd1bdda237,CUST00008377,323,High,2025-08-10 02:46:31.051723,v2.1.0
1ac672be-dcc3-4604-8ea9-abe6ed56602f,CUST00009973,639,Medium,2025-12-04 07:05:23.076795,v2.1.0
5b01118e-a3e5-4423-90b2-59540c140576,CUST00000612,389,High,2026-07-16 17:40:03.420192,v2.1.0
fb04c53c-ea0a-42f6-9302-bdd8e42bcfd0,CUST00008079,702,Low,2026-01-27 03:59:45.702106,v2.1.0
b94646c6-39f4-4790-892f-902cf173018e,CUST00004106,300,High,2026-07-07 14:08:47.997661,v2.1.0
bf1cf2a9-e928-433d-8d12-089c632d8c72,CUST00004885,556,High,2026-05-28 07:17:41.817573,v2.1.0
3bc681f4-4249-4821-bd6a-b462efb87711,CUST00004108,517,High,2025-07-22 02:32:47.578460,v2.1.0
53ce3a9b-8182-4fd9-a605-7e2f53cdcdba,CUST00009948,504,High,2026-04-07 03:34:52.182989,v2.1.0
bb814823-9fa0-4ff1-96b1-fc9be565c33f,CUST00009498,317,High,2026-03-23 21:36:58.143834,v2.1.0
6c89c4d8-1eb6-495c-ab08-9dba7eb91464,CUST00004497,380,High,2026-01-30 00:51:34.956543,v2.1.0
6f52a4d7-866d-4e34-9adf-021961a20acd,CUST00009448,602,Medium,2025-10-23 08:49:56.077482,v2.1.0
1b747785-b211-4b05-b735-c25432cda615,CUST00002405,762,Very Low,2026-03-09 00:25:26.263868,v2.1.0
cbedd1c9-60db-4786-85d6-c60ab9e7ae81,CUST00000462,519,High,2025-08-27 15:44:46.492391,v2.1.0
3e5707a2-4d42-4923-aa93-a6a06a18076e,CUST00009194,408,High,2025-12-23 16:57:16.237339,v2.1.0
492e6753-885c-4400-b69c-9a7918447db5,CUST00008729,791,Very Low,2025-12-30 15:08:23.217572,v2.1.0
89da7474-a387-4422-a077-33a256d24aa0,CUST00002521,529,High,2026-07-01 06:49:41.417378,v2.1.0
35855dd4-0e9a-4346-a1d2-cc33846f9384,CUST00000592,459,High,2026-06-02 19:25:24.014338,v2.1.0
1cf1badc-7ed7-4653-9f9c-c5f02b3da50f,CUST00004914,459,High,2025-10-22 02:42:42.739843,v2.1.0
a85f0657-c380-42e9-9b71-94e23eeca9b0,CUST00006456,540,High,2026-01-16 17:55:27.814794,v2.1.0
5d545e1d-0a69-4e76-a487-0a8958b238d7,CUST00000018,370,High,2025-09-21 03:55:34.229793,v2.1.0
bf02b66c-eff5-40b1-bd2e-336542707bd9,CUST00009172,300,High,2026-06-16 05:46:59.792455,v2.1.0
4b82bc54-b907-4240-b524-3d5dde7e1901,CUST00000193,300,High,2026-05-31 20:39:48.691437,v2.1.0
eb24d286-818a-442c-88e8-d6858c648c8f,CUST00006778,555,High,2025-11-03 22:00:07.494320,v2.1.0
6abe0d10-27d1-4615-b64f-5472341724e0,CUST00005040,620,Medium,2026-03-08 06:47:04.526820,v2.1.0
53dcd3be-06e0-46ed-98bc-ac810cbb0bee,CUST00003149,707,Low,2026-02-25 07:59:36.194219,v2.1.0
19ea16cd-a5c9-4eb9-a907-b0fc074f642e,CUST00008709,643,Medium,2025-09-11 17:39:32.448054,v2.1.0
7444ec4e-abb0-4893-9ec9-162c34cc03e0,CUST00000894,640,Medium,2026-04-22 09:53:36.015120,v2.1.0
337a2a90-4217-4f3b-8a2d-2e5e8968c0bd,CUST00005395,488,High,2026-01-30 21:58:25.657421,v2.1.0
f07df0d3-31ca-4939-955d-cc1fde0a508c,CUST00000723,726,Low,2026-04-28 07:09:34.228754,v2.1.0
f37e94ce-4941-4b99-bdca-ab2b8d7afc22,CUST00005004,658,Medium,2026-01-27 14:51:34.820094,v2.1.0
98468987-8b64-4084-83e2-e5096ec8b5a2,CUST00006610,575,High,2025-07-18 02:55:11.175129,v2.1.0
85b78ad2-7151-4485-8ecf-98efb165686f,CUST00009287,508,High,2025-11-13 07:22:51.113698,v2.1.0
c84a0814-9a0a-43fd-93c5-5c8775e5aea6,CUST00003643,300,High,2025-07-25 00:38:06.417610,v2.1.0
027978de-ebf7-4394-8174-1fcf63a8a814,CUST00005871,323,High,2026-06-22 06:09:43.751428,v2.1.0
55617d53-76e5-49f7-8b5b-4338eecf198f,CUST00004417,427,High,2026-06-03 20:34:18.315891,v2.1.0
9ccc9ef9-49d3-4714-9ede-b8fb5e6c6737,CUST00003500,300,High,2026-05-17 16:05:13.550351,v2.1.0
913ccf98-8ed9-4cd5-b080-bced6adb2ba0,CUST00003856,654,Medium,2025-11-07 05:30:06.071603,v2.1.0
2689c00d-5810-4bd0-bad4-5d38703f8da1,CUST00005838,300,High,2025-08-08 01:39:53.186813,v2.1.0
dab88d06-9065-49e2-b0d9-977e669f90a1,CUST00004216,300,High,2026-06-03 14:19:41.127548,v2.1.0
df1ebb93-6548-4c4f-9286-ab208d223186,CUST00001929,466,High,2026-06-28 18:38:17.650615,v2.1.0
982f439b-8ac0-4392-bdd6-03263c371097,CUST00007984,701,Low,2025-08-18 04:43:27.374395,v2.1.0
9d7034c7-f94d-4185-b9c3-7a27deef1d7f,CUST00008587,353,High,2026-01-11 09:58:56.749400,v2.1.0
dcc8843e-cd22-4083-bbe6-bfdc3a06166f,CUST00006856,543,High,2025-08-12 04:36:25.173202,v2.1.0
def5c855-3ff6-4c66-a439-b5f080f6d453,CUST00004796,418,High,2026-04-21 17:09:45.730051,v2.1.0
74fa2a83-9b06-44da-945d-e8236e78b02a,CUST00002450,699,Low,2026-04-23 15:01:38.905351,v2.1.0
04f915cf-826c-400c-b3a0-7e1f78f1a9bc,CUST00007850,460,High,2025-09-02 19:21:19.549872,v2.1.0
3879b06e-be98-4750-9d2a-488a288163f4,CUST00006945,484,High,2026-01-07 12:07:04.531114,v2.1.0
6f468015-ed6c-4855-995b-e0b6e33ff82a,CUST00008666,581,Medium,2026-02-03 17:21:10.851771,v2.1.0
70c13be4-8ca2-4e3f-b2d6-ccf9631c97de,CUST00004103,415,High,2025-10-22 17:19:46.064511,v2.1.0
9112c8a4-a8c3-46fa-95e5-6584b2dd9445,CUST00004225,707,Low,2026-06-01 13:26:43.155205,v2.1.0
875cfaba-b7cd-4198-833a-e5b33268c0e6,CUST00001146,347,High,2025-12-19 11:01:56.270503,v2.1.0
3d8123b4-5fd4-40b1-8c1d-836b01808672,CUST00007783,658,Medium,2025-10-03 06:28:44.054410,v2.1.0
4dac0515-c4f8-405e-bc2c-f2004e3b80da,CUST00005480,589,Medium,2026-01-30 21:14:48.299446,v2.1.0
aa8408d3-d7d7-4c21-bacb-e0da8d6536ee,CUST00007194,557,High,2026-04-10 12:18:26.045470,v2.1.0
a19f2d5a-e542-4c13-8e8e-c7593e7e3381,CUST00003433,512,High,2025-09-29 09:08:55.003508,v2.1.0
5c607f07-1454-4b4d-b609-389695cf597d,CUST00005353,479,High,2025-11-08 18:20:12.711481,v2.1.0
acf3ccfd-ff44-4c0d-90c0-ddf7e7de785c,CUST00002109,429,High,2026-07-16 09:08:49.528718,v2.1.0
3586d6a0-b685-4219-8f7b-c5588835eafc,CUST00007366,496,High,2026-03-12 06:34:54.297121,v2.1.0
df3a2e5e-63f0-4901-8498-a8d93ebcdd6b,CUST00005242,452,High,2025-12-24 22:11:12.689668,v2.1.0
539c4fc5-3dce-491f-a3de-3152f87e0560,CUST00008232,325,High,2026-01-22 22:51:08.175538,v2.1.0
b45195fe-bd58-4c99-90a5-3a59dff98ca0,CUST00009580,468,High,2025-08-31 02:36:01.463907,v2.1.0
81a160db-fc85-4df8-b7bb-cf6676c1f90c,CUST00001094,518,High,2025-10-07 23:32:58.544608,v2.1.0
3219fd28-56b6-4b7c-9005-784fd5e6af98,CUST00008628,711,Low,2025-11-18 09:29:00.830099,v2.1.0
e9a78124-03e7-4f91-a531-00a20d9bc8e3,CUST00005596,371,High,2026-02-17 18:52:46.914853,v2.1.0
9c0a7ee0-f793-4351-b830-3e46f81fe89d,CUST00000466,586,Medium,2025-10-09 23:02:13.866261,v2.1.0
6cb9a460-6562-4eec-89db-60a61b81b815,CUST00001664,425,High,2025-10-06 08:16:45.863748,v2.1.0
26e3f66b-636a-4599-b0a6-d453a55ce990,CUST00001273,515,High,2025-08-12 20:12:54.073012,v2.1.0
06c43a79-ff24-4085-8b12-e636b648df18,CUST00007328,536,High,2026-03-05 10:00:13.411392,v2.1.0
9bcff6f2-46af-4e39-a43b-fdc53bda3399,CUST00001093,530,High,2025-10-09 12:45:19.431098,v2.1.0
431ff84c-9b76-4d42-8531-c18f8e69d1c6,CUST00009676,300,High,2026-06-13 14:36:04.319551,v2.1.0
6d9024d9-c1c2-421a-b4e6-c1865ccd9b0e,CUST00007486,608,Medium,2026-05-27 21:15:51.382062,v2.1.0
64996571-ff91-455c-9680-f2cf8d15aec9,CUST00005734,690,Low,2025-08-12 19:01:30.684096,v2.1.0
eef73080-afb7-4300-b09e-0722394b8b12,CUST00002314,547,High,2025-10-12 20:11:53.413559,v2.1.0
5a2737c9-e5e8-4f96-aa05-7849a06d99d9,CUST00001783,651,Medium,2026-03-19 06:00:19.139562,v2.1.0
a86e6c15-0524-4ccb-9e29-1a4859a055e3,CUST00001910,587,Medium,2025-10-04 03:51:18.371672,v2.1.0
41c30d18-3068-4117-b0c3-73562b1d42eb,CUST00001345,626,Medium,2025-09-04 05:43:14.079888,v2.1.0
d4eb247b-3c69-4827-a9a0-25334eb4359c,CUST00007344,330,High,2026-06-24 14:23:59.914245,v2.1.0
5b117d23-64e2-4a93-9c0d-3b997f6d6cb9,CUST00003426,675,Low,2026-02-11 11:32:00.140689,v2.1.0
85292b68-9060-4770-9c48-2814aa649002,CUST00007351,577,High,2026-01-06 13:13:38.792170,v2.1.0
53f90ea9-d496-4cb4-adaa-aa068bc9e7dc,CUST00002211,507,High,2026-04-30 11:41:32.032815,v2.1.0
94af23d4-ccea-48ae-bbbe-1e06dc8d47e4,CUST00003521,716,Low,2026-05-08 20:13:53.579314,v2.1.0
fb64a799-3046-48e9-b82e-02fb655b61c3,CUST00008024,335,High,2025-09-25 10:59:39.399300,v2.1.0
f03b8796-f25c-4475-b763-f9c81e623b97,CUST00003254,527,High,2025-08-22 07:34:44.114884,v2.1.0
ccd8d117-354b-4457-8f9a-1b6aee68a6b4,CUST00007113,774,Very Low,2025-12-22 08:23:52.365686,v2.1.0
1dfe3c45-76aa-4c45-bdb3-803d47ebbfd5,CUST00007057,660,Medium,2025-12-19 14:53:42.781883,v2.1.0
daf455dd-971e-4058-8eed-bb5f2ea1d034,CUST00004445,567,High,2026-01-04 11:43:58.154721,v2.1.0
16775d05-1d8b-42bc-9375-f960798e7759,CUST00006790,456,High,2026-04-10 04:48:38.105380,v2.1.0
ae762d77-6337-4afb-b7a5-0e56da707639,CUST00008906,300,High,2026-03-20 20:27:31.250694,v2.1.0
37e7cd6c-2710-4683-8e42-6bbc3545238a,CUST00000248,513,High,2026-07-12 08:51:45.755460,v2.1.0
1e39c88a-241d-49a9-8fd5-97a9f015ef86,CUST00003269,525,High,2025-08-22 20:36:50.777624,v2.1.0
d93083ad-df83-459f-a017-3299710d9aeb,CUST00001968,300,High,2025-12-11 23:11:17.507283,v2.1.0
f85d9087-7e38-4b9e-aa12-3fc4da1be44d,CUST00000461,411,High,2025-11-18 20:09:06.742561,v2.1.0
909dd462-f06e-4ec8-81ad-a769dac02b50,CUST00008420,412,High,2026-05-28 15:07:16.748135,v2.1.0
7a2ce3e4-88f9-40be-ae4a-7ee3a44c03e2,CUST00008514,300,High,2025-10-16 17:34:06.284250,v2.1.0
b357b169-7013-46e2-ba2f-4d4c5add924c,CUST00001955,357,High,2025-09-25 09:13:56.308515,v2.1.0
095167fb-e742-443d-918b-4a052109b4c4,CUST00006715,321,High,2025-12-28 18:20:43.294993,v2.1.0
7a99f582-e813-46dd-9f3e-b669113d2e5a,CUST00005860,300,High,2025-12-19 00:01:11.531501,v2.1.0
f9705225-2227-4141-b5a1-a88c66edc9ab,CUST00005525,370,High,2025-10-27 15:33:59.594337,v2.1.0
10a1e89d-0eb4-4bc4-a458-32d3fe7303e5,CUST00005171,597,Medium,2025-10-17 03:39:00.126913,v2.1.0
7b3f353c-be40-450a-a1ee-94aeb55969c7,CUST00000459,571,High,2026-06-20 03:01:52.774235,v2.1.0
ac36a61c-4aa9-4cc4-82c4-47dbd307920b,CUST00001774,377,High,2025-12-26 18:17:03.935135,v2.1.0
514bd895-ced7-4073-81c7-0a4fb91d1f67,CUST00009300,635,Medium,2026-05-28 12:17:10.302805,v2.1.0
a3f4406c-a8b6-4ab3-b39a-ff72b04c1ce9,CUST00009304,300,High,2026-02-03 21:55:34.599097,v2.1.0
81ad51d9-e6ad-4e07-803d-af3b6b72b8aa,CUST00006053,694,Low,2025-08-05 09:21:06.559498,v2.1.0
884dbc09-fa02-40b2-bae4-b14ac8824cea,CUST00007423,564,High,2026-07-17 21:22:37.045129,v2.1.0
d1d81656-0831-4da8-82f6-2f1e96509610,CUST00002877,300,High,2026-05-19 06:19:25.791085,v2.1.0
b1d39cce-9744-4c89-aa6e-9299cd4d0d1e,CUST00004562,575,High,2026-07-06 19:53:43.076123,v2.1.0
3e8529e4-8a67-46a7-abb8-696a3ec1fa19,CUST00006748,576,High,2026-06-21 06:13:02.321904,v2.1.0
c742f233-7895-4b4a-b8eb-9eb195c69277,CUST00003704,300,High,2026-05-23 21:22:11.235238,v2.1.0
ffe1e88f-45cd-4637-8460-2dc945ab13f1,CUST00006696,647,Medium,2025-09-16 15:44:59.811194,v2.1.0
b0074e80-fc2b-48ee-b39c-e9838778deab,CUST00004580,525,High,2026-01-11 06:55:12.786591,v2.1.0
3909d898-51cf-4152-863e-9617f41df728,CUST00006313,581,Medium,2025-10-03 23:33:51.091542,v2.1.0
920e496e-d175-40f8-911c-be7dd4103a9d,CUST00003265,659,Medium,2025-12-11 09:19:46.637346,v2.1.0
8922f141-7021-4fa6-ac15-61d895817d58,CUST00000505,524,High,2025-08-08 07:53:25.837177,v2.1.0
84a9e587-82cf-4563-8f66-99d23b022716,CUST00009112,531,High,2025-12-03 07:53:38.666651,v2.1.0
6fdeb041-764e-42f4-8610-85ddc3242dab,CUST00006792,477,High,2026-07-12 18:53:15.061622,v2.1.0
8450a5cc-15f2-4633-9270-6f255871c944,CUST00002413,626,Medium,2025-10-22 18:36:46.893131,v2.1.0
f25228a6-5a19-4797-ae2a-a2b63b8dc4ff,CUST00002060,773,Very Low,2026-04-30 06:52:52.991052,v2.1.0
f88e194a-cc06-4926-aa51-03dca6095a13,CUST00009868,589,Medium,2025-12-31 02:24:02.925912,v2.1.0
0f161ce5-3008-4cdb-83d8-8bd8f92a12db,CUST00007735,361,High,2025-12-19 09:53:19.561415,v2.1.0
6dae4544-4fba-4e20-a2ab-23054634c87d,CUST00000341,572,High,2026-07-02 13:31:24.060751,v2.1.0
d79cf2b6-08d2-4f66-b215-282ca6ff3a3d,CUST00004703,627,Medium,2026-07-16 11:32:35.020731,v2.1.0
77fc4890-725e-47b1-84b2-f68700c0f82c,CUST00000460,306,High,2026-02-05 21:38:18.258874,v2.1.0
3241b2a1-32a3-4a35-a419-9aa4e4863d61,CUST00009802,613,Medium,2026-04-06 07:18:04.283741,v2.1.0
380c4c56-3f83-40fa-88d7-724029bfa18b,CUST00001670,300,High,2025-09-12 10:49:06.548812,v2.1.0
b28b532c-926e-4de5-b43a-18cbe104d483,CUST00004900,496,High,2025-11-03 06:46:34.518266,v2.1.0
1c57fc49-2c30-4e09-973c-f27aa47ee160,CUST00004874,300,High,2026-07-06 17:22:49.691059,v2.1.0
1d08024f-9ff4-4856-b709-2af673edd551,CUST00006498,470,High,2026-02-14 10:51:43.533692,v2.1.0
942f0bc2-5a5e-416c-abd7-a4744f68e0b2,CUST00008162,300,High,2026-01-31 22:39:34.830235,v2.1.0
89a8fe1d-57d0-4809-a704-09553679f83f,CUST00006725,850,Very Low,2026-04-17 02:28:51.293334,v2.1.0
d109c5cc-263a-43fd-8f9f-ce4bb89b9403,CUST00005379,653,Medium,2025-08-07 19:00:13.425509,v2.1.0
666685fa-b741-4264-b1c7-828f90bf2331,CUST00008461,487,High,2026-02-16 06:40:02.125457,v2.1.0
3365c174-6adc-41e7-9f03-5110c76c206b,CUST00006063,435,High,2026-01-17 13:46:20.781290,v2.1.0
816800e2-13f7-44d4-b2f5-ff5311823e61,CUST00005367,543,High,2026-05-25 08:38:40.515316,v2.1.0
19c6bf15-865c-4a76-a57a-ae4487d1ae7c,CUST00007038,300,High,2025-09-13 09:55:27.033346,v2.1.0
fce9c4f9-7018-43d1-9d25-9e565a7f27e4,CUST00003817,520,High,2026-07-03 19:51:50.205001,v2.1.0
d252a6bb-4a37-4cf0-9010-19c4d493867a,CUST00003948,300,High,2025-08-16 04:08:40.359170,v2.1.0
77ed5352-97b8-4017-8615-0625b33068cc,CUST00004292,602,Medium,2025-09-23 18:48:13.235879,v2.1.0
158f9c45-bf9f-4f6f-b3e9-43df94e5d6ef,CUST00001042,323,High,2026-02-20 05:50:29.764975,v2.1.0
12862895-9c64-4a93-8de0-cbfa3ed91455,CUST00005981,588,Medium,2026-03-21 12:39:28.297970,v2.1.0
851dfb77-2399-432d-a248-eac770b9a4c0,CUST00009564,657,Medium,2025-10-11 19:38:51.220716,v2.1.0
e93bd610-6fc5-4942-b981-3dbe775ac942,CUST00006892,300,High,2025-08-30 16:48:14.226263,v2.1.0
00edea72-cfb7-46fd-b3fb-3c4e088afa09,CUST00002080,458,High,2026-06-08 01:57:05.736132,v2.1.0
83545cde-9fb9-43c8-8b02-37aebb711e3e,CUST00002395,439,High,2025-10-15 20:10:16.729314,v2.1.0
3f694f09-135d-49c9-b478-be413d95d9c3,CUST00006687,544,High,2026-02-20 01:19:07.974998,v2.1.0
0c2c6911-f37a-4ff0-8e6b-3ccb7e246085,CUST00001521,618,Medium,2026-03-01 03:15:22.804832,v2.1.0
3e5a2bce-2796-4dda-b75c-af819ad9fb83,CUST00004034,635,Medium,2025-12-18 00:43:53.977876,v2.1.0
98769710-dad0-49c9-8946-30c0534c1516,CUST00005683,373,High,2026-02-16 02:14:16.343679,v2.1.0
45216cc9-c9de-4a8c-9509-fa87c6ff6cc0,CUST00004879,732,Low,2026-01-24 20:29:40.139405,v2.1.0
205bdac9-9aa4-4618-8b32-185da261f40f,CUST00006654,325,High,2026-06-24 07:19:02.612936,v2.1.0
8a80cf90-974d-49d4-8f47-0d1539d3dd9b,CUST00005074,636,Medium,2025-09-30 12:23:37.631780,v2.1.0
2e39c582-d552-4f31-a91d-ed62a7d76ec8,CUST00008652,580,Medium,2026-04-05 11:52:19.582876,v2.1.0
29fd121c-e62e-47f4-b06b-856b8b1153a0,CUST00006002,523,High,2025-10-13 02:10:13.593607,v2.1.0
0757ac32-72d1-484c-8b5a-7488c9ee4969,CUST00008677,627,Medium,2025-12-09 11:16:13.479728,v2.1.0
ec5d28f2-3ab1-43b0-8e0f-1d66489c7f86,CUST00000555,633,Medium,2026-03-20 05:46:55.039729,v2.1.0
087544ba-a10c-42d1-aa2c-4110de2e7599,CUST00000662,422,High,2025-11-04 11:36:32.647980,v2.1.0
db2f6da4-b998-4db1-87ad-6658ec0c4b53,CUST00002951,401,High,2025-11-10 09:26:24.311971,v2.1.0
570540ea-14dc-4355-bd24-2beb2ed04827,CUST00006329,586,Medium,2026-04-18 12:34:13.294895,v2.1.0
575c5245-45f8-407e-8416-3c26092786fd,CUST00000399,633,Medium,2025-08-13 09:48:07.912678,v2.1.0
d22fef48-360b-48df-9c71-6aecb3862758,CUST00008239,517,High,2026-01-01 07:07:39.249897,v2.1.0
406d8303-8829-41c7-b9af-f3f48b6da52a,CUST00003955,680,Low,2026-07-17 14:07:07.198071,v2.1.0
a9601bc2-b02a-42e1-b048-f97fc87dd41f,CUST00009398,548,High,2026-07-16 17:26:56.635501,v2.1.0
6d4c3679-3e73-4ab5-b7b7-9b377375983a,CUST00008927,552,High,2025-08-13 16:05:33.234911,v2.1.0
cb5a0870-b1dc-4b7a-99c8-230d83933d64,CUST00004495,519,High,2025-10-03 18:21:58.359473,v2.1.0
c75d8a53-2ec2-49d1-8275-c63f9032e712,CUST00005465,423,High,2025-10-22 18:35:23.475369,v2.1.0
0a83469d-f489-439d-9dd8-716a4b858725,CUST00006684,382,High,2026-06-23 18:38:03.810872,v2.1.0
50c75543-f4d4-4b23-81d6-c7e074fca2ea,CUST00004009,665,Medium,2026-06-04 15:21:02.180881,v2.1.0
3421bdc9-3cf9-4946-8470-710ca0b1a039,CUST00006508,403,High,2026-06-04 01:22:42.914741,v2.1.0
4c5bdbed-de84-4b01-b5d4-7ad7912a7d13,CUST00009888,633,Medium,2025-11-29 21:05:32.784182,v2.1.0
9b483544-458b-4eb3-baa7-af82b6628038,CUST00002723,300,High,2025-09-13 12:40:39.143533,v2.1.0
a6b7c0b9-145f-4ae9-b11d-29a5abcfa990,CUST00004932,778,Very Low,2026-05-18 10:18:53.424900,v2.1.0
63c72b75-12d6-41b5-bb53-cb27047d29cd,CUST00003296,602,Medium,2026-03-31 20:58:07.681442,v2.1.0
88f25f4b-2846-4306-b751-64864d4cb30f,CUST00000184,300,High,2026-02-26 07:43:37.770084,v2.1.0
72f2cb7f-228e-4573-a002-646b698cb3fe,CUST00002315,447,High,2026-07-13 11:45:17.159491,v2.1.0
d620aaba-7d05-43c8-a49a-dde28fe3c5d6,CUST00008480,607,Medium,2026-03-13 18:30:22.008250,v2.1.0
87fe0f67-0239-4bf5-9a66-d42910744b97,CUST00006529,478,High,2025-07-20 18:28:55.727100,v2.1.0
e66df826-1501-4ba4-ba70-f45dce833233,CUST00007685,554,High,2026-05-12 08:26:43.476347,v2.1.0
bff8d015-cc1e-4be9-a4de-470db8562008,CUST00004328,523,High,2025-11-04 06:11:20.247184,v2.1.0
ca88e8fd-c230-452e-8973-cb74f2080f06,CUST00003050,561,High,2026-03-17 05:00:46.543564,v2.1.0
7d3fcef2-3fd9-4006-8091-8b2303e1a28d,CUST00006494,540,High,2026-06-25 20:20:30.256407,v2.1.0
389b71ce-01e0-41da-b1db-5ce8dcd66d4f,CUST00009643,779,Very Low,2025-09-04 23:04:13.244057,v2.1.0
daf8f113-9cc4-4999-b1b8-a0c3bcc67db5,CUST00003878,599,Medium,2025-08-29 01:43:36.079247,v2.1.0
ce313a67-0cda-4336-b2cd-7560db7ef51b,CUST00004588,596,Medium,2025-08-26 00:09:30.091078,v2.1.0
5e9c4753-1a8b-4111-9f22-6b579f565cf4,CUST00007059,600,Medium,2026-02-04 23:19:56.384361,v2.1.0
1c4999c8-4f14-4bd7-b374-0f3b6698832c,CUST00007829,462,High,2025-10-25 09:14:44.636091,v2.1.0
9b986352-bb6b-40bb-951c-42dced9f60a0,CUST00004736,478,High,2026-02-23 19:41:59.176518,v2.1.0
e24b626c-7113-4b85-a2ba-f381bb0787c7,CUST00006000,371,High,2026-04-06 00:19:22.339922,v2.1.0
c3ff4beb-100c-4a1a-af36-f7e6eeffd1c7,CUST00009649,679,Low,2025-09-30 06:35:30.635427,v2.1.0
4727e874-7f3a-4bfa-846c-9dcf2bc9cf01,CUST00009022,640,Medium,2026-03-06 13:29:03.829715,v2.1.0
3b6d5eeb-949e-4562-8eef-f3d4e21b7ad0,CUST00005453,477,High,2025-10-22 07:55:34.292001,v2.1.0
023520ff-1e7a-4845-9a2c-7521c57a134e,CUST00007693,498,High,2026-01-12 08:15:34.685869,v2.1.0
5c700fd2-fa8f-476a-9754-dd14fd7d3480,CUST00002407,606,Medium,2026-06-13 13:52:08.640157,v2.1.0
dd1ff307-f0f1-495d-81f3-741865200b15,CUST00001435,423,High,2026-05-22 22:38:55.509065,v2.1.0
b191e6fc-8aae-44e6-ae6f-41f191f332da,CUST00005517,705,Low,2025-08-20 14:58:22.378815,v2.1.0
d4959089-7145-434c-b74c-900dad89fd58,CUST00006281,458,High,2025-12-19 14:52:12.830790,v2.1.0
4ed2bd9e-b993-42bf-bad3-30b3358c924a,CUST00008934,586,Medium,2025-10-26 23:13:08.784313,v2.1.0
581934c4-77ff-4772-87e1-9b6252a07afa,CUST00009294,550,High,2025-07-19 04:59:14.374481,v2.1.0
9086c456-5b55-45d8-ab11-cf1a7c17ae85,CUST00003414,547,High,2026-04-25 13:21:09.745356,v2.1.0
4b1139f1-51a5-4c85-a4a9-9a83aeb23971,CUST00006983,666,Medium,2026-03-07 14:41:22.649568,v2.1.0
435c44ef-165b-4628-974d-0ca59744fcfc,CUST00002654,451,High,2025-10-21 14:08:37.060452,v2.1.0
f0f6818e-5bf2-4a0d-8d24-019d3c49e468,CUST00003809,465,High,2026-04-14 15:21:32.089776,v2.1.0
abb3c5a5-90ae-4015-b19e-aa72f60e0860,CUST00006644,300,High,2026-02-04 09:48:17.405854,v2.1.0
4ea5eed2-2781-4896-b8aa-2ad5d52a7f89,CUST00002138,726,Low,2025-12-21 02:54:27.192927,v2.1.0
b5cdbc74-7088-420e-97ba-383e17b63ec8,CUST00000985,659,Medium,2025-07-21 10:40:08.157740,v2.1.0
6ef63ff8-4dc8-4ef4-b9c6-874d4f556c4a,CUST00003513,675,Low,2025-08-14 09:28:34.627969,v2.1.0
0aeae5cb-88a0-41c6-bd58-411979730678,CUST00003411,499,High,2026-06-05 11:00:19.313285,v2.1.0
e6c2e61f-2e68-4bf4-8a8f-3ff899889656,CUST00007439,613,Medium,2026-06-13 01:31:39.295573,v2.1.0
cfe8a89a-9c4c-4d63-a1d3-f454e531d8d5,CUST00005757,300,High,2026-02-02 04:25:12.720622,v2.1.0
748879a9-ac57-4d71-aa5c-80ec70b0a1e4,CUST00003416,619,Medium,2026-05-18 17:45:58.709458,v2.1.0
c4a6a902-b531-4195-8e1f-00464f0e7715,CUST00004029,415,High,2026-02-15 16:02:44.607193,v2.1.0
0b5f91ed-d625-41fa-b5b3-a8381c15b046,CUST00007862,581,Medium,2025-09-10 00:03:40.494394,v2.1.0
dcf2d0a9-e627-47ea-964d-7d1a0ebfe23e,CUST00002299,382,High,2025-09-02 11:03:48.606369,v2.1.0
84e07bd5-8282-44e0-97ba-26cc009e143b,CUST00009202,300,High,2025-11-07 12:01:31.368541,v2.1.0
3319daa2-c7e9-42af-a079-82c15d9857d7,CUST00001759,484,High,2026-06-11 06:09:45.509137,v2.1.0
2b89b4a2-9d62-4b79-85ea-ace91d47dc16,CUST00004419,572,High,2026-05-04 16:31:25.399063,v2.1.0
55797883-a510-415b-8a2d-798d931240e5,CUST00006637,633,Medium,2026-05-28 06:37:08.154721,v2.1.0
68738715-1d92-4a8d-b62c-00f0670799cd,CUST00004487,444,High,2026-06-11 05:39:51.438762,v2.1.0
6c3ae264-f022-4639-a430-e3ce5dd0f9fa,CUST00004366,345,High,2025-10-02 15:23:13.860182,v2.1.0
f46c6708-96d3-4c42-afee-cafd6dd7f22f,CUST00008975,586,Medium,2025-10-17 01:13:28.104807,v2.1.0
798f37d5-54b0-49e9-b78a-34677fd08953,CUST00005306,311,High,2025-08-24 10:58:15.181580,v2.1.0
2bb4257f-2069-4957-b523-81794fbcdd6d,CUST00005837,850,Very Low,2026-04-28 20:13:06.294049,v2.1.0
e7f7943a-9c01-44ef-bea6-3277efc84dff,CUST00008307,592,Medium,2026-06-05 20:01:09.362128,v2.1.0
1bbfdff5-aa8d-4339-b808-47f475c0fba0,CUST00001399,599,Medium,2025-12-13 08:06:48.007301,v2.1.0
becc9157-d2fe-4c4f-88ab-1ac17ebf7a1d,CUST00005550,450,High,2026-03-01 14:28:35.421187,v2.1.0
6fe109ba-02ee-4b2a-abce-612e6df2a1b5,CUST00009383,497,High,2025-09-12 08:41:02.895668,v2.1.0
f4603837-b97d-4adc-b361-5345ff6f6f05,CUST00003405,300,High,2026-06-22 13:01:13.723657,v2.1.0
3fcfac9f-96c5-431f-88ea-a3b0a4ac830e,CUST00006506,487,High,2026-05-29 16:49:57.699710,v2.1.0
1f836004-7f36-46ad-9b3b-68869939d5ed,CUST00008417,602,Medium,2026-07-09 11:05:40.062810,v2.1.0
b8e296f3-bd24-4f29-a684-046563ad8a1c,CUST00005604,615,Medium,2026-05-10 00:56:13.122425,v2.1.0
a13e295c-a5a6-4ca2-b751-0e981f498906,CUST00007891,564,High,2026-06-04 20:11:22.476682,v2.1.0
05b33b66-db29-4e02-8d0a-75857602df02,CUST00005246,394,High,2025-07-26 23:10:40.678822,v2.1.0
f81fa2ec-c4b1-4ea2-b673-47fe8b5f8c40,CUST00000351,417,High,2026-04-12 22:27:14.582155,v2.1.0
b330664c-47e9-40c4-9c33-3d51b8bf6aad,CUST00003679,648,Medium,2025-11-16 05:45:53.115022,v2.1.0
cb982ac7-176b-42d2-ab0a-a2f75b0891bf,CUST00004114,375,High,2026-06-22 21:12:55.180633,v2.1.0
4b7ec02c-444e-473a-a572-c9c713bd8a6d,CUST00007427,614,Medium,2026-05-06 22:06:26.489363,v2.1.0
e7b4221f-dc99-41bb-840c-5c8958ed0361,CUST00004956,402,High,2026-05-29 12:05:04.430535,v2.1.0
8ef5f71b-ef11-4381-ae06-40a144f46afd,CUST00001551,581,Medium,2026-05-10 00:44:26.145319,v2.1.0
651189f3-921f-4817-af82-298e4b35a7c7,CUST00003715,534,High,2025-10-23 08:39:41.340966,v2.1.0
4331db81-d903-4616-9c08-a06ece73db42,CUST00003228,300,High,2026-05-01 11:50:33.517918,v2.1.0
a070cbf8-073d-405b-b704-f3fe3771f85e,CUST00004885,504,High,2025-08-26 09:26:49.145153,v2.1.0
d40ee3b6-2b04-4b59-a95a-2163670f8621,CUST00002691,300,High,2026-06-01 11:06:40.916137,v2.1.0
a4516eef-619c-40c3-8bd3-12aa15a77957,CUST00002388,565,High,2026-05-27 12:07:44.563848,v2.1.0
5488b8fa-8758-4aaf-b345-5ded3b42e7f4,CUST00001164,567,High,2025-10-07 03:42:26.102087,v2.1.0
656a6729-f729-4350-8b61-01df4f1c2ec7,CUST00009551,527,High,2026-05-12 03:54:31.933959,v2.1.0
610d9fba-82aa-492b-935a-6ff053c75aac,CUST00001850,534,High,2026-01-02 00:48:51.656709,v2.1.0
feae3a16-5807-4114-8e32-730a7befcdd2,CUST00002055,300,High,2025-11-06 09:08:11.630215,v2.1.0
524e882d-6aac-4f67-bd3f-e9ba332b8862,CUST00004708,540,High,2026-05-04 09:42:51.945555,v2.1.0
ad4be6c1-3645-48a7-8d8c-27e26833a648,CUST00000104,452,High,2025-10-09 00:57:14.710918,v2.1.0
62a4438b-fb05-44a4-83ab-419013717e28,CUST00001370,367,High,2025-07-26 13:20:36.318463,v2.1.0
8777c7da-8fcd-45e0-8d5a-f2a46341c210,CUST00008460,512,High,2025-09-26 10:50:09.743993,v2.1.0
84b19615-2ae0-47c6-b26c-3f5730569297,CUST00003012,300,High,2025-11-14 19:22:19.732791,v2.1.0
b4affadf-e11a-42c5-824d-c1cfa9c3c079,CUST00008040,403,High,2026-05-29 14:37:01.602473,v2.1.0
a8f10912-25a7-4f0e-8083-561a794eeb44,CUST00007376,725,Low,2026-07-06 01:25:28.197731,v2.1.0
6ae94032-ab86-4b11-bbe2-d156202edae4,CUST00009218,300,High,2025-10-27 20:38:57.706326,v2.1.0
da9d2d59-44a4-4d4d-87b6-720415adb701,CUST00008315,670,Low,2026-03-09 04:58:53.874062,v2.1.0
c1839376-bf79-4199-9099-ea0578121e24,CUST00003495,359,High,2025-12-10 21:23:29.260157,v2.1.0
60889f2c-dae2-459f-8aed-2887889ed168,CUST00004886,448,High,2026-07-11 06:25:45.655398,v2.1.0
abae0112-9153-43f4-8a5b-b104c308f594,CUST00009863,509,High,2026-01-29 18:14:42.308878,v2.1.0
7ed63100-a941-48da-8b72-bc3276b2795c,CUST00008695,609,Medium,2026-06-25 23:02:02.478622,v2.1.0
1f6d7b43-17ab-411c-84f0-edb8854c633b,CUST00000430,561,High,2025-08-29 00:57:53.212953,v2.1.0
a4ab2c98-7f2d-4166-8df0-f551686650f0,CUST00006831,398,High,2026-07-07 08:12:19.896267,v2.1.0
25fb55bb-7537-4b2a-9694-f9ae4a43ddad,CUST00002125,804,Very Low,2025-09-21 03:11:21.433051,v2.1.0
ebaa97aa-6d3b-4e70-94df-37a1421d8f5e,CUST00007027,592,Medium,2026-07-04 11:15:05.293428,v2.1.0
01aa7923-a9cc-4c67-9256-2f645896e28c,CUST00006342,321,High,2025-10-22 20:55:15.919018,v2.1.0
ab4abbc1-a75a-4466-a93c-e2d99d972d31,CUST00006357,599,Medium,2025-08-26 12:08:14.564182,v2.1.0
38a99293-0d2c-4991-a177-789e3adcecf5,CUST00008456,605,Medium,2025-12-23 15:11:17.804192,v2.1.0
b079dc09-5a51-4be5-a6bd-af4868f673b1,CUST00005282,476,High,2026-04-10 00:09:28.143121,v2.1.0
4925ed75-0eb8-4854-80ab-b83a05aa95a9,CUST00009605,486,High,2025-11-09 11:31:36.193240,v2.1.0
51361119-1109-4489-b93b-fadabfa0878f,CUST00000421,341,High,2026-02-24 07:47:16.744645,v2.1.0
184ab70c-33ec-4b19-9cd1-72093a62655e,CUST00008595,618,Medium,2026-01-20 16:55:06.478302,v2.1.0
c899e233-c1bd-497f-80ef-35a42458c2a5,CUST00001373,652,Medium,2025-12-05 14:26:14.598465,v2.1.0
b59415ad-812c-4492-b0a9-95a23da7b2d9,CUST00000920,603,Medium,2026-02-13 12:08:20.669379,v2.1.0
3bbdc2e9-1b89-4578-bf33-47e004e18f8e,CUST00000643,401,High,2025-10-18 22:44:34.879474,v2.1.0
7d8fb191-f80d-4544-8f43-512924d7f0ae,CUST00007628,300,High,2026-04-02 18:56:54.082640,v2.1.0
8b99e568-0a64-4bb9-9efc-2c2bb4b766b9,CUST00002049,300,High,2025-07-18 12:43:55.220248,v2.1.0
00189da1-8da9-4c14-ab2f-922e995da7d9,CUST00004934,504,High,2026-06-20 23:16:35.145811,v2.1.0
1ae3167c-9de6-4646-a416-357339542489,CUST00001742,609,Medium,2026-01-30 13:50:51.520930,v2.1.0
2d9afd17-026f-4c71-a2ea-a525c7c2520c,CUST00005907,559,High,2026-04-06 16:15:26.553494,v2.1.0
a22ec2e7-1a69-4675-80c9-2101d2f1047d,CUST00009039,366,High,2026-04-14 21:39:46.731560,v2.1.0
c7a87123-8143-450b-8a92-cf56c260291e,CUST00000811,526,High,2026-03-19 20:28:30.668467,v2.1.0
46143ac0-b36d-448b-8805-0fdc97996d1a,CUST00009665,729,Low,2025-11-27 22:35:04.830533,v2.1.0
192f1d93-428d-479f-bc87-bfb954ddd546,CUST00007508,639,Medium,2025-08-12 11:16:49.084627,v2.1.0
299e319b-6c55-46da-9275-81e36ee8917a,CUST00007512,564,High,2026-03-17 12:27:17.263996,v2.1.0
fd8a8d5a-d8c1-4d20-95e9-c598e58384c3,CUST00002930,482,High,2025-11-15 12:21:39.364587,v2.1.0
3f999b9b-7e78-4344-8daf-59057ce289b5,CUST00008573,720,Low,2025-11-09 13:36:57.137376,v2.1.0
49c9ff71-5804-45c9-83e0-ab907094dca5,CUST00001999,516,High,2026-05-23 15:24:18.299348,v2.1.0
81b593de-60b2-4c2f-8e06-49a3bf567c22,CUST00000457,850,Very Low,2026-04-06 19:05:59.262806,v2.1.0
316152b4-f647-4239-90cc-6bdd2feb6ba2,CUST00007858,306,High,2025-11-04 14:27:34.532864,v2.1.0
97a941a0-df91-476f-85fe-b5e930ea4385,CUST00001404,440,High,2025-11-07 21:01:18.434168,v2.1.0
f2c82ae7-c252-4b13-a74e-fcb5c20d282c,CUST00000080,522,High,2025-12-14 01:46:51.201569,v2.1.0
e9681f37-3fec-45e7-9852-c3ec0fb168a8,CUST00005882,383,High,2025-12-11 21:15:06.780679,v2.1.0
71ff4f0b-4963-498a-a7fb-63d95932cf51,CUST00001156,580,Medium,2025-11-02 21:32:57.173138,v2.1.0
f5ebfe36-cdee-4877-86a3-7314851dd471,CUST00002013,478,High,2025-09-02 09:40:51.470931,v2.1.0
2a430cc6-98d1-4857-83dd-e42880368044,CUST00001119,483,High,2025-12-18 11:26:17.957040,v2.1.0
8665ea66-7c90-4f85-ae10-fcbdb278f4c5,CUST00009503,571,High,2026-06-26 08:54:32.101223,v2.1.0
20d11da7-a18f-4467-a934-6c458a1ad682,CUST00004586,340,High,2026-03-22 07:06:47.587034,v2.1.0
052e79c5-6f31-40d5-9191-067c5222974f,CUST00008467,384,High,2026-06-12 15:41:00.266019,v2.1.0
8d39ba27-944d-49e5-9d0d-60718fa876a2,CUST00000410,772,Very Low,2026-02-27 17:21:45.706740,v2.1.0
59a31775-03d4-48d0-8e79-4a7fdb1be5e1,CUST00009980,566,High,2025-11-04 19:57:39.740899,v2.1.0
39b9ea8c-dda7-48f2-92ce-19ff30bacfbc,CUST00004534,305,High,2026-02-03 00:59:33.979499,v2.1.0
2c722b20-ff11-4d88-aee0-1c70726c556e,CUST00006487,362,High,2025-07-18 01:27:54.131859,v2.1.0
e0a76da3-5e47-4c66-8ec2-f20805bd6bb9,CUST00003710,441,High,2025-10-30 16:55:24.418011,v2.1.0
aae03731-64dd-4260-84dd-e1cc9c5d9ad8,CUST00006447,464,High,2025-12-21 22:12:10.858757,v2.1.0
3f8efd0d-fc67-4a4f-a9d7-d015149a5c30,CUST00005613,556,High,2026-02-14 17:54:50.624210,v2.1.0
687464d8-55dd-4bbe-b17f-182ae350c727,CUST00000610,501,High,2026-03-14 00:53:56.524913,v2.1.0
b77c0e88-6fdc-489a-af76-15fb9cd1df25,CUST00004927,300,High,2026-01-03 17:52:53.562743,v2.1.0
cbeb3ef9-2419-4db6-a671-d40e5b8d75db,CUST00000547,564,High,2025-12-26 09:46:24.056475,v2.1.0
f24ff067-4f1d-4ef2-b0c8-b44f4d4b3bfa,CUST00007191,557,High,2025-10-03 23:09:42.693843,v2.1.0
7e623d87-3d1e-4d80-ae12-5ca7feb1bc23,CUST00008591,811,Very Low,2026-01-06 17:44:35.547588,v2.1.0
3769ec79-faf9-46db-b416-29c8c7746eac,CUST00009384,305,High,2026-06-12 01:26:29.408924,v2.1.0
06071f21-3510-42de-9cc8-789430d95ec4,CUST00003660,300,High,2026-05-04 15:40:07.204784,v2.1.0
d43c99f2-040f-4dde-8e37-98b7a2ceb74b,CUST00009069,349,High,2025-09-17 21:22:50.591293,v2.1.0
db4b4443-98aa-404c-b586-27b0c5db00d3,CUST00006912,674,Low,2025-08-17 21:12:14.366413,v2.1.0
18f495d6-640c-4fb0-93c8-d16196665a08,CUST00001969,671,Low,2026-01-22 04:14:06.997564,v2.1.0
2fe72b24-cba0-43ca-a7ab-95c4f381cc30,CUST00001902,300,High,2026-03-06 02:06:51.489015,v2.1.0
9c19f4a9-87de-41f7-b0a6-06c5b041915c,CUST00007424,449,High,2025-11-17 08:05:11.286268,v2.1.0
c9a734b1-0b3d-44e0-ad1e-508d797e4dfb,CUST00007113,300,High,2026-05-12 20:00:37.206589,v2.1.0
dd3947f2-a691-4250-8351-eb7a4523c363,CUST00001541,476,High,2026-04-18 06:12:11.905905,v2.1.0
3ff5dd20-95c3-43cd-8c15-8863a5c0446b,CUST00004216,568,High,2026-03-20 15:28:19.357716,v2.1.0
05569740-f1d5-4124-824c-db00367455a2,CUST00001486,618,Medium,2025-10-07 23:03:10.191741,v2.1.0
d7eac90c-471a-4a8b-b897-ed31f283b1df,CUST00004418,542,High,2025-09-28 15:25:54.716750,v2.1.0
0ca1973f-3863-415f-89e8-358bfc65f6dc,CUST00009766,670,Low,2025-07-26 20:00:49.512193,v2.1.0
fa1fd80c-d361-42d4-a107-dcac464c5d24,CUST00004422,355,High,2025-10-15 08:08:15.525049,v2.1.0
9fbed2c3-90b1-4f16-94fc-69e60fc50b20,CUST00001985,402,High,2026-01-07 10:50:16.178518,v2.1.0
4524a2ae-cdab-48d5-84d0-0a1cc0321360,CUST00006907,335,High,2026-05-24 06:30:12.098521,v2.1.0
7adaad42-6bd6-474f-9b82-588c5e2e541a,CUST00007314,345,High,2025-08-13 12:18:05.201725,v2.1.0
42d5adcb-5861-4fc8-b6f5-c180d8f441a6,CUST00007736,300,High,2025-12-16 06:47:49.571628,v2.1.0
ad364f49-da7f-4a61-93d8-0820797ee97b,CUST00004780,341,High,2026-03-04 22:16:43.861880,v2.1.0
48d1e99e-c04d-4dbd-8294-ebe259e3db72,CUST00008229,481,High,2025-09-26 22:16:45.434892,v2.1.0
0c15d4f4-d0fe-4b38-96f5-e2156cfe1710,CUST00001466,328,High,2026-03-29 05:58:51.245207,v2.1.0
17c84e88-82e8-4d86-ab70-8713b60b994d,CUST00001548,582,Medium,2026-01-14 11:29:53.806890,v2.1.0
b54823cb-b1d6-49fa-987f-c0d64dc8fa5a,CUST00007627,300,High,2025-10-15 00:36:56.547885,v2.1.0
7f9aef0e-5d99-449e-abfb-7bd5144f56ce,CUST00000242,663,Medium,2026-03-14 12:45:13.457340,v2.1.0
7f255ce4-a928-4d2c-a19d-1344e64cf3fd,CUST00008041,609,Medium,2025-07-19 22:30:40.362150,v2.1.0
c3b993d9-5eef-455a-8e51-e0cd554c8850,CUST00002157,406,High,2026-04-18 04:40:51.734027,v2.1.0
dcca917d-3450-443c-8ed5-09ed59bde5c6,CUST00009528,542,High,2026-04-25 03:56:48.280637,v2.1.0
a2ec043a-b15d-4abd-b9d0-2180947215dc,CUST00007621,589,Medium,2025-08-25 20:13:31.178609,v2.1.0
011262f4-04b2-47c2-984c-9e3439aae08b,CUST00006295,446,High,2025-12-20 04:38:10.203656,v2.1.0
687ef40b-d8f1-4412-9beb-9b3cf0130bc7,CUST00009574,657,Medium,2025-09-20 03:41:13.580529,v2.1.0
b1968feb-a27e-4152-83be-c705a0871003,CUST00002516,387,High,2026-07-02 19:12:25.493180,v2.1.0
32fae297-dfdd-4e11-b096-ba6fdfe32d67,CUST00001718,596,Medium,2026-01-23 02:11:59.989907,v2.1.0
d14fc583-dcca-46ff-9825-0e2689090a2b,CUST00009446,555,High,2025-08-05 06:06:32.322230,v2.1.0
90eacf1f-7cd9-4c64-bbe5-868a30fcd232,CUST00007974,484,High,2025-10-16 22:19:08.322884,v2.1.0
ea2d5e4c-f14a-42a7-aeb0-52fe874f0f6f,CUST00004959,391,High,2026-05-23 18:13:10.152581,v2.1.0
5ac6afdf-62ee-44e3-8d86-cd5fa9496fe2,CUST00008813,611,Medium,2025-12-31 15:08:29.320440,v2.1.0
528c8205-3c32-411b-b3e9-52a62aa675f8,CUST00000560,300,High,2026-05-06 14:55:56.126567,v2.1.0
9e5d34e7-179f-467b-bee1-ba814676a651,CUST00009368,373,High,2026-03-18 17:43:58.266706,v2.1.0
ef418c3d-767b-4aea-88ec-5a42ad266688,CUST00006762,346,High,2026-07-13 17:32:05.337810,v2.1.0
871998be-209d-414f-93ce-ca7cdcdc6cd7,CUST00007078,600,Medium,2026-02-20 09:29:55.614527,v2.1.0
a4852363-cb42-4f20-b97b-7304f1e9f3d6,CUST00009098,562,High,2026-06-29 21:43:33.113184,v2.1.0
4ca96420-2fc5-4b74-8516-e7999d681860,CUST00008006,611,Medium,2026-06-08 11:55:56.604356,v2.1.0
afe727aa-d1d9-4d9a-b4cb-f544a6189eae,CUST00001830,563,High,2026-02-26 16:16:11.609180,v2.1.0
4a1088d8-2411-42ee-99a6-16af313191f3,CUST00007407,534,High,2026-04-06 14:53:22.507660,v2.1.0
f8df3baf-76bc-49b6-88dc-e350404d2827,CUST00006888,652,Medium,2026-01-18 06:40:15.285928,v2.1.0
be1d7750-1d6a-4e8e-8b73-b01eb0d25ba0,CUST00000508,300,High,2026-05-17 06:28:36.018638,v2.1.0
c0c5b4d0-96a6-4124-8208-9b8d2a0715e3,CUST00006749,357,High,2026-02-03 00:25:14.507231,v2.1.0
abb2a05c-bd44-42b3-9560-7ce5cff573c9,CUST00003602,300,High,2026-06-10 14:37:03.250793,v2.1.0
a47fa6ff-78fa-4779-bf29-b6cdda9e3082,CUST00001433,591,Medium,2026-04-15 12:36:42.463193,v2.1.0
a9d7f9ca-bebe-4e1b-ab5f-fa4dce11478e,CUST00009489,422,High,2026-01-07 06:47:19.888774,v2.1.0
fc00e14e-b8de-4c08-9758-7035eecbf0b9,CUST00009600,300,High,2025-10-20 13:55:03.268342,v2.1.0
1d21942f-12e3-4420-a2cd-48e372187247,CUST00003447,627,Medium,2025-10-16 05:09:03.125302,v2.1.0
88fbbedc-ad30-4c2b-91bd-ce97febf3966,CUST00008435,349,High,2026-03-07 19:29:37.617726,v2.1.0
979261ec-cf16-42c9-bb97-7ebe5424c880,CUST00004969,300,High,2026-04-23 14:50:44.260553,v2.1.0
1d59c072-9e86-452a-87c2-c50e27daa69f,CUST00008591,379,High,2026-01-24 07:29:44.570262,v2.1.0
3ccfb3ba-9c83-437a-a1f0-1bea65ca407f,CUST00005482,300,High,2026-03-03 19:49:58.964247,v2.1.0
739417f7-6fc9-44fe-9392-7bed571c2ffa,CUST00005067,546,High,2025-10-26 04:57:43.138651,v2.1.0
4c30e8a1-00bf-4c49-928d-8433ab4bf039,CUST00000504,727,Low,2025-08-15 05:06:25.742304,v2.1.0
1a1cb003-2675-4912-bf9d-175ec2a35ba6,CUST00008290,821,Very Low,2025-10-30 06:31:51.824557,v2.1.0
db46ef54-2045-49db-ab98-578f2158b506,CUST00005986,468,High,2025-10-25 03:41:45.901404,v2.1.0
e885e449-550f-409b-99c4-35b9d865112c,CUST00004381,497,High,2025-11-11 16:24:14.447265,v2.1.0
94ca9e85-2758-4343-84d8-f040567a457a,CUST00006619,501,High,2026-01-31 04:45:05.085828,v2.1.0
dcf3952d-76a4-418b-839b-ff79c7562f0c,CUST00000729,400,High,2025-09-06 10:51:37.728513,v2.1.0
8111c011-3be5-482d-aa7f-0e7ef4bd61be,CUST00007032,721,Low,2025-10-10 09:05:21.462752,v2.1.0
7969553d-9934-46f6-ac6f-7e32ca6650e7,CUST00008628,733,Low,2026-03-28 08:54:15.023971,v2.1.0
224f547f-2ec5-418c-b24a-1ba243fa901e,CUST00000637,499,High,2026-04-01 22:12:26.359802,v2.1.0
99787580-ba81-4b74-80c4-39a222d7b350,CUST00009769,300,High,2025-08-10 08:55:16.885561,v2.1.0
e59723c3-a72f-482c-a5d7-8108e4fee61e,CUST00000004,553,High,2025-12-13 18:49:29.702335,v2.1.0
f2e0d960-5ebe-4f5c-9132-67ec29dab3fa,CUST00001506,522,High,2026-02-01 02:18:20.511541,v2.1.0
6061ded9-ebd9-495c-86b0-428a02a7476c,CUST00005388,626,Medium,2025-12-16 18:29:01.741195,v2.1.0
826b86be-3bf5-46df-b85f-de38bf6a4651,CUST00004296,300,High,2025-10-01 10:58:02.225627,v2.1.0
3acb7a6c-100d-4b5f-b4de-73bed8eb1371,CUST00002233,536,High,2025-12-18 08:47:02.072487,v2.1.0
8964a9e1-7d68-400f-a58c-ff53b43bedda,CUST00001064,581,Medium,2026-06-13 09:30:12.983623,v2.1.0
03e90d8e-f817-4ca4-a1c7-2269395eab46,CUST00005954,443,High,2026-02-16 05:48:23.877077,v2.1.0
4b2c9864-e107-4bf9-b142-cff930ff9ea9,CUST00002329,547,High,2026-03-28 22:41:39.266848,v2.1.0
9d5446b8-bc83-4ec3-adf7-a1b5b1b6d299,CUST00004571,311,High,2026-05-26 19:48:50.566159,v2.1.0
5089a324-1b71-4b40-8c04-56ce8bcaad93,CUST00000256,373,High,2026-04-23 12:55:29.921590,v2.1.0
f8487c8e-b3e7-464c-a206-98c73272e89c,CUST00003815,574,High,2025-12-03 20:14:07.709280,v2.1.0
ec59785d-fff5-4158-acba-fe0af3fd5366,CUST00007078,538,High,2025-07-20 01:35:25.153094,v2.1.0
dfbd10c8-7191-476c-bc90-3c21296e0477,CUST00002276,752,Very Low,2025-11-23 09:20:23.671591,v2.1.0
ab522e90-46f1-4896-970c-d29b804b7da7,CUST00005315,300,High,2026-04-19 02:41:19.604066,v2.1.0
ce4cd9a7-e56d-4e20-945a-c9b003eed8e8,CUST00007921,513,High,2026-05-25 15:01:35.665850,v2.1.0
8e370d70-09eb-41ba-a700-1c73d9a3de56,CUST00001280,363,High,2026-07-01 03:26:53.485492,v2.1.0
0a675e17-04f7-48c0-8829-9fab4e0ae356,CUST00000831,300,High,2025-12-17 22:56:47.994331,v2.1.0
3804a52d-5e19-4cf0-b07f-777127c3b81a,CUST00009248,391,High,2026-04-16 22:26:58.621804,v2.1.0
bfae97b1-86bd-4f7c-97f9-43919176c1f5,CUST00000681,306,High,2026-02-02 09:10:17.119341,v2.1.0
ca29cc50-8fab-41c6-8c53-eb76262ec411,CUST00000822,435,High,2026-02-23 05:52:26.690535,v2.1.0
ef9f55e1-3961-4b35-a6d3-27e0da5321c0,CUST00008997,449,High,2025-10-06 11:05:45.354562,v2.1.0
e339f416-b6f5-4638-bf9b-5aaadbede959,CUST00008267,564,High,2025-10-06 01:18:14.596437,v2.1.0
ddb0b28f-024d-4e31-abfc-7ad2564e41ce,CUST00007528,463,High,2025-12-24 02:20:24.835406,v2.1.0
285a5f6f-62b9-429c-bcd0-d34199bd0a32,CUST00000948,317,High,2025-07-28 12:19:52.580506,v2.1.0
a479e166-7afe-4abf-8ef7-f1567d14c18c,CUST00000005,399,High,2025-11-17 16:20:15.272290,v2.1.0
72323d15-6a4f-43d2-b503-f2f5a4f0db5d,CUST00004963,503,High,2026-03-22 23:06:05.172382,v2.1.0
e76b3912-733e-4a4f-80d4-fc66e8727373,CUST00007097,527,High,2025-12-12 14:02:58.388376,v2.1.0
99cca624-35cc-4f92-ac99-32ad4cca796a,CUST00001949,348,High,2025-09-16 04:38:57.010780,v2.1.0
bd7517b4-da7f-4780-a24f-d53b544f8be3,CUST00002579,583,Medium,2026-01-04 14:56:11.548325,v2.1.0
7df3e239-a936-488a-80e8-429a831a8b9e,CUST00008474,335,High,2025-09-02 12:39:40.705063,v2.1.0
1afaf9d2-fccf-466d-9428-56c48306bdcf,CUST00000460,576,High,2026-03-02 04:27:42.641621,v2.1.0
d8181895-2cf3-4a92-af2a-74d64a049717,CUST00007277,652,Medium,2025-07-27 18:17:17.203627,v2.1.0
5a725194-f7ef-4ba5-8f19-34b3822c9b7d,CUST00001830,529,High,2025-12-08 19:47:37.207964,v2.1.0
c847ce13-4860-4fd3-baa6-e7a37ff09d68,CUST00007729,850,Very Low,2026-02-09 01:13:52.808829,v2.1.0
457386a0-749f-48b4-ae5e-a6386a19ae97,CUST00001464,501,High,2025-07-27 19:28:36.121421,v2.1.0
4176373a-bf41-4cdb-8334-a9f6b0e3ad19,CUST00002007,454,High,2026-03-09 16:05:44.956324,v2.1.0
35632681-0b0c-4e97-833f-044a90e9ffcc,CUST00001497,628,Medium,2025-09-05 11:24:56.893870,v2.1.0
469a945f-581c-43b3-8d04-753ef22ef619,CUST00004194,402,High,2026-01-02 13:02:39.910544,v2.1.0
aeb89b0b-490d-41f5-894e-c611e32ea5c5,CUST00008911,470,High,2025-08-05 06:41:22.903857,v2.1.0
6504926f-2943-4668-9d7f-2142f837c890,CUST00005337,768,Very Low,2025-12-03 09:02:24.558765,v2.1.0
5f2c9efb-d4f6-4f45-979a-821dfafbb3cf,CUST00006888,668,Medium,2025-10-03 05:16:11.710547,v2.1.0
6135afc4-1c5e-4658-8724-f021834fe461,CUST00005986,453,High,2025-11-14 06:57:30.777347,v2.1.0
5bba15f6-e929-40e1-beeb-146048bb046e,CUST00002611,572,High,2026-04-21 22:39:48.927369,v2.1.0
87c6f3a2-ace5-407a-85a9-504d47ff36b7,CUST00006162,431,High,2025-12-03 09:14:09.895236,v2.1.0
93c20868-f57d-44d5-954a-b9cfcdf55165,CUST00004072,623,Medium,2026-04-18 13:50:39.471325,v2.1.0
c29b93d0-34aa-459c-9548-7ef0b881c9f9,CUST00001470,424,High,2026-05-17 18:21:19.038634,v2.1.0
684a7c38-8ebf-473a-aa12-0a3ecc74ad54,CUST00004186,494,High,2025-10-18 01:15:30.128772,v2.1.0
ea1e32d4-227d-4b8d-9961-6fd4fe888ea3,CUST00006721,691,Low,2025-08-16 19:52:37.364014,v2.1.0
a13f679d-fcdb-4058-83fb-999f1f27cb1f,CUST00008671,393,High,2025-07-24 23:48:57.272249,v2.1.0
55225eb7-3a4f-4109-bc60-1497342e4ba8,CUST00008134,734,Low,2026-01-30 22:19:28.488663,v2.1.0
a578ca75-72bb-4660-b50a-27c13d40fb6c,CUST00008968,488,High,2026-07-18 02:51:31.368598,v2.1.0
9a5a86f8-acae-4851-aed7-d1a83f0ca5c2,CUST00003078,461,High,2025-11-22 17:34:30.177247,v2.1.0
31a1c668-8a4e-4db8-aa88-a4e91f382f26,CUST00006746,550,High,2026-03-12 08:54:49.512646,v2.1.0
1ae68f17-36c7-4e69-ae89-fd6f6301769d,CUST00001506,749,Very Low,2026-04-29 06:00:29.101046,v2.1.0
d25e0cbc-bd86-4282-bdab-565386c8215d,CUST00008064,520,High,2026-03-12 23:01:53.592302,v2.1.0
84bc6535-4efe-44c6-ac8f-dd0360b7f07f,CUST00009398,344,High,2026-04-19 09:20:02.102941,v2.1.0
5085206a-2e62-43b4-9cdf-d2cea7b3b9c8,CUST00006128,647,Medium,2026-06-29 17:58:30.751821,v2.1.0
3a491632-a470-4087-aed8-bc0621c44867,CUST00003853,300,High,2025-09-28 17:27:16.422094,v2.1.0
d273c29c-a35b-4509-af40-56ab8db8c2f6,CUST00002752,511,High,2025-07-25 08:33:10.826253,v2.1.0
4309a040-d982-4e51-ad3b-2507501fc3d6,CUST00006097,300,High,2025-09-11 13:39:13.456991,v2.1.0
db2e7acb-2b1c-4854-811d-a416ea248f51,CUST00005427,465,High,2025-09-02 00:19:45.981768,v2.1.0
ce495e77-b11a-478c-a4a6-885c66fcdced,CUST00005568,327,High,2026-03-19 10:13:20.022536,v2.1.0
12358800-f899-4e36-be80-0e28cc636f17,CUST00003547,532,High,2026-02-08 21:31:43.208996,v2.1.0
a9302af6-e6ff-4f64-bd40-805b9403f321,CUST00007467,539,High,2025-10-05 12:31:53.474748,v2.1.0
441dbeb1-c3b0-4039-8d5e-db7783c3ff1f,CUST00009618,548,High,2026-03-30 09:14:55.438862,v2.1.0
840addfe-5dab-4a22-84ee-29b8a600512a,CUST00001303,410,High,2026-04-24 00:21:04.828730,v2.1.0
81b9b9ce-208b-4938-b110-a30e2f701f72,CUST00001363,568,High,2025-09-17 04:42:21.700924,v2.1.0
edff2569-d178-42e4-8dc3-55b3346f8607,CUST00003589,769,Very Low,2026-02-24 16:53:32.851378,v2.1.0
f6bda8c6-2770-49c2-b790-b8edf5866be9,CUST00006923,434,High,2026-04-17 02:02:36.346381,v2.1.0
8eaa2737-f321-4db1-8348-07e1db98afc0,CUST00003465,622,Medium,2025-08-28 17:52:27.585426,v2.1.0
fdf5bb01-b523-48ba-9a4d-599eb70c6906,CUST00005101,593,Medium,2026-05-13 03:42:14.862225,v2.1.0
9b5a1c48-5b93-421c-98d2-2e089f738303,CUST00007131,743,Very Low,2026-07-05 06:25:02.748353,v2.1.0
5f29363f-945e-44b0-acb0-b9e1e9dc795b,CUST00008654,594,Medium,2025-08-26 09:28:27.704875,v2.1.0
58e93250-9aa2-41c5-babb-33d816d81eb9,CUST00003681,300,High,2025-07-27 06:59:51.294319,v2.1.0
a6d00ce7-09b1-4d19-a664-ac0ba61461f4,CUST00009555,300,High,2025-11-08 20:26:56.404651,v2.1.0
6afb4366-6b22-450a-9744-c3bbd2100c39,CUST00001509,549,High,2026-03-22 07:22:13.511455,v2.1.0
e63b5028-459e-4a9f-95ba-cd9fa84281c5,CUST00007808,432,High,2026-07-02 21:01:11.297634,v2.1.0
599d0728-b2bd-4d8d-b9b6-af7394609913,CUST00000334,407,High,2025-12-09 18:53:03.494168,v2.1.0
fa2a8a2b-7568-4e5e-b9ce-facb7dc0fe2a,CUST00009389,821,Very Low,2026-04-05 01:33:14.283364,v2.1.0
f007e272-df95-4633-b69f-3d8fcb5be1b1,CUST00004630,744,Very Low,2025-08-14 16:04:24.788223,v2.1.0
90a569e7-7349-4d79-940c-01908659fca4,CUST00005893,701,Low,2026-03-27 03:40:00.801391,v2.1.0
231393c5-cd5b-420d-a595-0799d0e37428,CUST00005349,523,High,2026-03-04 00:09:46.685990,v2.1.0
a0bd7502-9fef-47f5-b36c-db48209fd250,CUST00002493,630,Medium,2025-08-24 03:08:56.594014,v2.1.0
678243bb-4f5d-4c88-aa9f-ae7a902e6127,CUST00000270,308,High,2026-04-26 01:17:19.351452,v2.1.0
f8757243-c65f-4a7d-9fad-e96fed1ef706,CUST00005740,610,Medium,2026-05-24 11:22:23.268510,v2.1.0
79b7280f-1cf1-404e-93c5-ba038efd5796,CUST00008404,467,High,2026-02-22 04:58:14.820109,v2.1.0
81304411-7dfd-46ec-a796-12b21e2a8ecf,CUST00004747,528,High,2025-08-31 03:02:46.729792,v2.1.0
5c987b5d-f32e-44b8-9f3f-c24207b26cb8,CUST00009309,419,High,2026-07-12 06:03:00.465840,v2.1.0
9dd04080-4603-42b1-b022-369f167ba1ad,CUST00005495,680,Low,2026-04-29 18:18:01.009383,v2.1.0
36b1a268-a44d-4621-b6fc-61a77f910325,CUST00001798,507,High,2025-11-21 17:24:41.560045,v2.1.0
a3316f17-51e9-4b1b-9d19-16af60963fe3,CUST00008463,337,High,2025-12-21 08:57:55.871853,v2.1.0
9e691180-fa3a-41a5-bafe-dc0919d4ee60,CUST00006802,433,High,2025-11-30 06:14:31.310102,v2.1.0
8ded1c44-2ce2-4163-ad15-fca7aa0007b9,CUST00008970,403,High,2026-01-18 17:02:15.066191,v2.1.0
c4ff4e75-c433-4ebd-bee4-24466edab7e6,CUST00002926,714,Low,2025-11-19 13:03:26.100067,v2.1.0
5fb52dc3-98ab-40c1-b676-821fcfbe2db1,CUST00009169,356,High,2026-05-24 05:04:57.773260,v2.1.0
af35aa6e-a042-49b1-a0f5-9fa415a21ca8,CUST00005957,604,Medium,2026-05-14 06:15:43.686805,v2.1.0
b84303fd-b6b5-430d-9c00-937c1584c5d5,CUST00007090,539,High,2025-08-25 11:02:06.278651,v2.1.0
2c0c5316-d95c-48aa-9b6c-1bf36e41012f,CUST00006924,488,High,2026-07-03 19:56:23.610673,v2.1.0
4d729534-0f7d-4d9c-aaf5-fd37cb295cc7,CUST00007092,563,High,2026-03-07 01:17:35.398775,v2.1.0
ce8d237b-51ac-466a-b61a-7799a56beffd,CUST00004277,572,High,2026-05-16 14:09:21.834574,v2.1.0
17acab1e-83be-4d3b-8194-2dabba317652,CUST00000044,467,High,2026-04-02 06:00:16.139951,v2.1.0
dbe88c15-3648-4537-ab9a-0d69dd03c5d6,CUST00003151,516,High,2025-12-23 23:16:56.866401,v2.1.0
868ee434-0997-423b-8920-f64838abd4dd,CUST00006140,401,High,2026-04-11 22:10:48.686790,v2.1.0
9a7f8cd5-04e2-44fd-a5cb-e696928f699e,CUST00004076,300,High,2026-07-05 13:01:03.651615,v2.1.0
4da06056-0f3a-490e-a2ab-a7014614b484,CUST00005471,817,Very Low,2025-10-24 13:23:02.881045,v2.1.0
697ebbe0-fbe5-497e-8742-1f9a39ffd326,CUST00009669,766,Very Low,2026-05-09 02:23:13.383291,v2.1.0
b0fac5fd-53f2-4547-9ba6-301658c5344c,CUST00003444,499,High,2026-01-30 11:24:04.331140,v2.1.0
79461b36-da03-4541-918a-66e208b87d81,CUST00006384,300,High,2026-01-10 12:07:47.086701,v2.1.0
3a9ec730-4bf7-4156-ab8a-c9bc1a70e89e,CUST00001837,517,High,2025-12-24 00:02:53.284058,v2.1.0
4a54a10f-392e-41a6-80f1-fd8f1e6e513b,CUST00003748,470,High,2026-04-10 21:54:25.253906,v2.1.0
734f5b25-49d6-4dde-a484-932d44586f7e,CUST00004500,356,High,2025-10-23 22:35:51.137797,v2.1.0
da2ba0d2-1e92-4bbe-82cd-0472fabfd5be,CUST00003866,501,High,2026-05-24 23:49:11.338456,v2.1.0
79091f86-143c-426e-b257-fc5f97174b70,CUST00009241,495,High,2026-05-17 07:53:43.450142,v2.1.0
e6903fc9-8a15-46bb-ad94-0799533c5cee,CUST00007848,480,High,2025-08-18 13:34:22.194938,v2.1.0
3c78498a-cf46-40b7-8479-a447c5ee8e69,CUST00005317,709,Low,2026-06-04 22:04:26.522943,v2.1.0
9f71a2c0-7786-4355-b896-26c221b657d9,CUST00001181,423,High,2025-10-14 23:33:18.170601,v2.1.0
e745fd8b-6c56-4466-aa14-773bf8e2d22f,CUST00002886,538,High,2026-01-03 15:25:46.397563,v2.1.0
05cb41ce-8c27-4660-aec0-0bb5fe16be1b,CUST00002340,486,High,2026-02-25 19:55:40.462833,v2.1.0
16589292-9696-4f15-b7d8-b05d8e023185,CUST00006349,339,High,2025-12-03 08:02:09.417199,v2.1.0
5980bf4f-72f9-4cd2-b68e-cd9f27a149aa,CUST00004792,656,Medium,2025-07-28 09:29:02.252831,v2.1.0
d9b85921-6e70-463b-ba49-c468a9651f60,CUST00001754,551,High,2026-05-24 17:09:18.003963,v2.1.0
1162738e-ad39-4ff4-b9a5-ecace038a999,CUST00006648,445,High,2025-09-22 07:52:16.366603,v2.1.0
1b757938-3d0c-44f0-ac98-23085e96d07e,CUST00008995,478,High,2025-10-03 09:17:54.112482,v2.1.0
423b94ae-5e37-42fd-8eaf-0d203a32ef01,CUST00005464,451,High,2026-05-05 07:30:49.056682,v2.1.0
c608e668-7844-40c7-81ce-9c6b16d09d74,CUST00008998,616,Medium,2025-11-19 05:14:07.024281,v2.1.0
83c75827-375b-4e77-a0fb-ab31ee427470,CUST00008887,304,High,2026-06-04 10:34:49.196756,v2.1.0
9456f97b-01a1-4830-8c9c-9cc4b1664567,CUST00004463,556,High,2026-03-31 00:18:54.496723,v2.1.0
ce0f8ede-766a-4d64-aabe-1445ebc07c99,CUST00006379,384,High,2025-10-26 19:36:38.510234,v2.1.0
5d646942-0904-4c9d-8c2c-332e711a620f,CUST00002010,487,High,2025-07-21 14:53:20.038447,v2.1.0
fb429e3b-c050-485f-98bd-746d417155d6,CUST00000876,555,High,2026-06-29 04:23:44.478389,v2.1.0
b23bf715-321c-466c-9b85-ce50a29a4825,CUST00002611,514,High,2025-08-18 04:22:09.638687,v2.1.0
e2f4fc2f-8aad-400a-8aba-5b59667cd16b,CUST00007288,324,High,2026-04-06 21:54:30.075425,v2.1.0
0931f03c-1b00-4539-9e08-4225603268c5,CUST00003584,692,Low,2026-01-12 08:39:46.128456,v2.1.0
5fde7149-b3cf-4ef3-bec7-1751cdfd5513,CUST00006958,490,High,2026-04-20 19:47:45.814478,v2.1.0
c27fece8-d68e-4282-92e0-f587c467c4f2,CUST00008490,469,High,2026-03-27 03:37:20.604048,v2.1.0
1409d2ec-4032-4460-a670-ce8be7a3600d,CUST00007752,382,High,2026-03-10 19:44:11.288760,v2.1.0
bd552e2d-7ea1-42d9-a3ac-782ddc4e6c2c,CUST00006277,632,Medium,2026-01-13 04:19:43.294242,v2.1.0
f5b2cc2a-c703-4472-be27-21b0c9066050,CUST00005225,422,High,2026-05-03 12:33:57.185374,v2.1.0
6121323e-d3c8-4405-819f-bdd19250a781,CUST00005238,722,Low,2025-08-20 21:35:24.017369,v2.1.0
9d7b81fa-e4d3-4168-9feb-683e6fa77f35,CUST00003835,351,High,2025-10-06 20:22:03.108262,v2.1.0
1f3a35c0-17c5-4853-a690-325fedd28d0d,CUST00006700,457,High,2026-03-27 13:56:48.627842,v2.1.0
d101d879-b6ed-4eff-a1e5-af0ff5d92b4b,CUST00003852,379,High,2025-11-06 18:02:06.854423,v2.1.0
95ef87eb-52ea-454d-8996-6dae08946ae0,CUST00000054,718,Low,2026-02-15 07:41:00.075659,v2.1.0
9f100300-f4b9-42f4-982e-80dcfc66e13b,CUST00009219,430,High,2026-01-06 18:23:40.303015,v2.1.0
7107e8b3-f495-4be0-9a70-7adc8062fb4f,CUST00001558,600,Medium,2026-01-27 19:50:27.217777,v2.1.0
c98ade34-4e4d-468c-8360-177458d5ed7d,CUST00003824,300,High,2025-12-20 07:46:15.484532,v2.1.0
4bbba267-1abb-42f6-8f1a-9d3bc1794d48,CUST00008351,549,High,2026-04-16 08:35:51.649416,v2.1.0
43549b27-7683-4f93-a86a-a05d249e879c,CUST00006788,660,Medium,2025-11-15 17:32:37.636709,v2.1.0
682ac625-02e4-42d7-8b7f-37ba8d7d95cf,CUST00009125,394,High,2026-03-31 14:57:51.856852,v2.1.0
86462855-ef82-419b-844b-fa390b678d88,CUST00000028,488,High,2025-10-24 20:41:42.164151,v2.1.0
72e4f01f-00f9-40cb-95df-b944c2a4ef11,CUST00005360,597,Medium,2025-10-17 17:39:03.439303,v2.1.0
e2ff0241-798b-4041-b2b5-52f407811727,CUST00008074,432,High,2025-08-30 23:32:49.901975,v2.1.0
c8ea0b4f-6c69-42f8-865e-040ff2bc72c6,CUST00007934,450,High,2025-09-26 06:03:15.706196,v2.1.0
44380950-1914-4e04-a366-3ca2b8fb50d5,CUST00008505,663,Medium,2025-08-30 13:53:41.407334,v2.1.0
bcb2a783-f93d-4251-9999-00a9b192a07a,CUST00009852,374,High,2026-01-29 15:09:41.687528,v2.1.0
afbc9e58-a103-4e3e-bc8e-571e1f933a8c,CUST00005576,527,High,2026-04-22 07:04:40.288433,v2.1.0
d4fee507-8835-4f58-a7ef-d478e354c8ba,CUST00000718,728,Low,2025-09-23 12:53:08.698247,v2.1.0
8f6faece-1dd3-41f6-8ee7-28b6f9fa9e7d,CUST00000157,576,High,2025-10-04 22:40:56.955104,v2.1.0
928fd3d7-2e27-46fd-aeb3-9582c7630da3,CUST00005941,402,High,2026-01-10 18:16:30.988245,v2.1.0
3fc77aaf-f00c-410b-9d2e-b2863fdf7230,CUST00007522,300,High,2026-04-08 13:26:41.589053,v2.1.0
f6727bef-4da8-495a-8a79-2e7c2b7863fa,CUST00004581,423,High,2026-07-09 14:36:33.996866,v2.1.0
eec294f7-a9dc-4961-8eb1-ca57750cede5,CUST00001200,300,High,2026-01-25 12:44:51.174327,v2.1.0
86916485-540b-45ae-8e6d-4879b931603e,CUST00005524,483,High,2025-10-29 06:36:19.367590,v2.1.0
f59b39bd-913b-4cf7-b681-f84af3091446,CUST00008258,633,Medium,2025-08-23 15:05:39.854129,v2.1.0
c559c4a9-9a00-4062-9d42-e91822d07845,CUST00000283,423,High,2025-09-26 19:29:41.164779,v2.1.0
1d53c15a-410c-42b4-9b5f-0d86940263f4,CUST00006949,458,High,2025-10-08 23:58:10.134464,v2.1.0
05d5c054-a195-47b9-8fda-c8f5a44c4138,CUST00008496,375,High,2025-09-21 10:50:53.421513,v2.1.0
84464e54-50e5-47c6-ad9e-c9260732f076,CUST00000802,525,High,2025-07-23 01:55:40.290331,v2.1.0
07e35f37-d3aa-4ce3-a596-e836cbd67cee,CUST00005695,300,High,2026-01-29 00:00:24.000356,v2.1.0
8ec615b7-53c8-4bf3-980f-dfd28e2cd162,CUST00004577,774,Very Low,2025-10-26 02:27:14.121109,v2.1.0
99d9ccdb-ba22-4e4b-857e-4060bdae0db9,CUST00002497,378,High,2026-07-08 18:20:31.926947,v2.1.0
7ce87816-4aea-4757-a1a5-ed80ae47e833,CUST00004547,592,Medium,2026-02-05 00:31:06.828496,v2.1.0
5fdec1c5-bce6-44e1-8a5c-e9e9fbe1a98e,CUST00004044,459,High,2026-03-29 15:18:00.549875,v2.1.0
f0fe754a-8199-4f62-a14d-7d3482fe23e2,CUST00001675,388,High,2025-09-02 00:50:32.621502,v2.1.0
3b36b4b4-bf29-4519-b9a3-f4756eddc681,CUST00004527,404,High,2026-05-31 02:37:44.728271,v2.1.0
b2673880-6c9f-4acb-9ae7-9af1dcd947ea,CUST00000096,314,High,2026-01-13 04:49:53.371112,v2.1.0
6b37b09f-ae76-4f32-b9a5-5a3931492a07,CUST00007862,657,Medium,2026-06-01 15:57:30.279339,v2.1.0
78f99a1b-626e-460e-945d-f5dfee3e8232,CUST00007889,667,Medium,2026-02-12 14:00:57.025794,v2.1.0
6146bc65-fd7d-4b88-a175-7f22eb08e1b0,CUST00001137,498,High,2026-01-05 08:31:39.470379,v2.1.0
1606660d-0c03-4d2a-885e-3d5489bda2db,CUST00001141,661,Medium,2025-12-25 18:57:01.579015,v2.1.0
5b9ff726-e047-46a5-a638-e2fbf37ef751,CUST00005161,613,Medium,2025-09-23 05:59:39.674491,v2.1.0
6f7f6938-4830-430f-af8f-5c9a3612357f,CUST00006411,410,High,2025-08-05 16:15:45.500709,v2.1.0
4d346dba-db4f-4f5e-920e-7e71cd5020c7,CUST00000493,300,High,2026-06-26 15:02:39.482421,v2.1.0
5cdbacb2-1325-403e-8aad-ef3b75555b67,CUST00003478,597,Medium,2026-01-08 09:33:57.842038,v2.1.0
34cb42e8-d0c7-4b60-af4a-9e2ce036affd,CUST00003907,348,High,2026-05-14 04:22:30.380184,v2.1.0
f5577ad7-9b19-4550-8be6-949b25429efd,CUST00004691,498,High,2025-12-11 06:24:42.968380,v2.1.0
0f3857d3-724b-4f83-b013-df8f2aec995e,CUST00004674,382,High,2025-08-13 23:17:35.489064,v2.1.0
dcd7c25f-4114-4407-b27d-ec91563cffc1,CUST00005332,300,High,2026-03-04 19:28:36.000618,v2.1.0
ee8cc07e-1f8a-450a-83d9-be501c34d16b,CUST00002817,300,High,2025-08-06 11:49:51.404654,v2.1.0
55245ea7-8d87-4aba-aadf-742429e2a1c9,CUST00003513,578,High,2025-09-10 09:44:12.785073,v2.1.0
4cb80003-ee87-4a60-b17c-3b95479c0dac,CUST00009613,678,Low,2026-02-08 11:37:24.575544,v2.1.0
b78af6f9-b2d0-47be-9caa-e7c922bfc931,CUST00009716,681,Low,2025-11-05 21:15:21.034630,v2.1.0
618a8e1d-e3af-4155-a0bd-c490270f61b2,CUST00000750,638,Medium,2026-07-15 22:21:15.803982,v2.1.0
77931559-73db-4fd0-9c6b-0b8ba9fbb9f9,CUST00001942,470,High,2025-08-30 04:13:28.677495,v2.1.0
cc76047d-4393-4df1-93e5-6a9e0b838bdc,CUST00006118,520,High,2026-04-23 02:50:03.991089,v2.1.0
4932815e-16bd-4b6f-9541-6f69bdbb1aa8,CUST00002003,508,High,2026-02-24 08:44:30.052414,v2.1.0
e6bdba83-e0eb-4561-b555-0df0ef2b4840,CUST00004071,380,High,2026-05-02 17:21:03.611790,v2.1.0
399e3d96-a7b8-4b16-96d9-ba012bcf1b0c,CUST00008779,583,Medium,2025-10-08 08:13:33.402957,v2.1.0
a8b58ebe-14ab-45cc-bfbc-4a054786b74e,CUST00000887,385,High,2026-01-24 18:39:07.531955,v2.1.0
b60682b4-9b83-4414-8a59-4e7f45eb3512,CUST00008022,311,High,2025-12-29 11:00:30.032676,v2.1.0
e4baffd8-9219-4225-a2dd-5bd7f34b43c4,CUST00007963,662,Medium,2025-12-26 14:41:33.845493,v2.1.0
ddeedc80-7b72-4d08-8c86-0fb25d2ec61f,CUST00002556,300,High,2026-05-28 01:55:16.389477,v2.1.0
bab9bfb1-49b9-4286-acab-49a469fd3050,CUST00007499,432,High,2026-07-14 12:16:59.118298,v2.1.0
e5c469b6-0cea-4f00-a37e-c9010832f11b,CUST00008123,525,High,2025-11-06 10:47:47.749602,v2.1.0
71c5769d-1f16-46a4-b132-1f9e0a64ea1f,CUST00006486,825,Very Low,2026-03-01 17:40:59.219861,v2.1.0
386a590b-2a08-421b-bb88-e75d7affb818,CUST00001784,529,High,2026-02-25 13:47:05.755159,v2.1.0
3d68d4dd-f71f-4851-a2f7-92eb7d1a662e,CUST00000305,451,High,2026-04-14 05:21:06.829599,v2.1.0
1e15d88c-dcf6-46f7-93db-f961528794a6,CUST00002878,300,High,2026-06-29 00:15:17.787855,v2.1.0
b2017b91-d409-49ff-8da7-cc0a4eceb902,CUST00008266,614,Medium,2025-10-01 19:19:32.088067,v2.1.0
77ff2759-d1af-4ec9-b108-c86ea357ed06,CUST00002732,300,High,2025-10-02 23:42:10.377601,v2.1.0
b0c8151e-c4e6-4a93-9b00-bbe8d71ea4e0,CUST00005626,677,Low,2026-03-16 03:03:40.372341,v2.1.0
5cb76d7f-3feb-40d8-abd8-96f73d36207e,CUST00001170,342,High,2025-09-13 06:37:53.232748,v2.1.0
5b664d56-0e0a-4049-930b-35c6806aac64,CUST00007869,585,Medium,2025-09-19 09:30:52.257761,v2.1.0
cbe84ed7-b3a5-40da-b88f-0670d0e3735e,CUST00009791,765,Very Low,2025-08-14 07:54:26.250789,v2.1.0
aae6bdb6-22e4-4f57-965e-c425d4a7add6,CUST00000140,408,High,2025-07-18 21:21:41.071789,v2.1.0
0c266600-c99b-44be-948b-740ccd47d86e,CUST00009212,748,Very Low,2025-12-29 10:54:50.473643,v2.1.0
f23baa78-934c-4600-8d04-b88bbe26ffa2,CUST00002606,394,High,2026-02-19 19:06:47.118232,v2.1.0
377153c1-a8f6-4741-bb55-ce92efb2f066,CUST00007469,768,Very Low,2025-11-01 07:00:56.491500,v2.1.0
991bb8dd-a961-48eb-a011-73ba568ef907,CUST00007337,612,Medium,2025-10-10 10:58:18.424159,v2.1.0
06eba0ff-e93c-4690-9540-2e4ad0d1f635,CUST00006251,785,Very Low,2026-04-02 02:54:42.487154,v2.1.0
e26d5d04-da51-44ba-a8b1-1d77dabfe5c9,CUST00005479,337,High,2026-03-31 16:07:36.782048,v2.1.0
8fc203c7-cb37-4248-8ba7-97525da701e7,CUST00008530,592,Medium,2025-12-30 17:50:10.703157,v2.1.0
80600bfb-7d2d-488e-be0f-699bebac0968,CUST00006525,681,Low,2026-03-25 23:21:28.453069,v2.1.0
e241d7d7-5a78-45c4-aed7-43468f0089eb,CUST00007609,495,High,2026-06-20 08:41:20.918220,v2.1.0
d039111e-6ea2-4279-8c17-f7ba9d02fbe3,CUST00005817,850,Very Low,2026-05-01 15:49:05.050292,v2.1.0
ff18048e-7a20-4d77-b822-a01342272e6d,CUST00002688,639,Medium,2026-03-03 05:00:54.516768,v2.1.0
0c27fbe0-a2ad-4bf5-b40e-7425ccebf560,CUST00005210,380,High,2026-03-16 09:40:42.731000,v2.1.0
67a37469-1a1d-40fa-8912-8fe258195b2d,CUST00007197,530,High,2026-06-23 22:13:13.054692,v2.1.0
ca6d840c-b04b-4119-93b1-7bc47f31f696,CUST00000648,542,High,2025-12-20 04:34:22.116663,v2.1.0
34fa0531-511a-43ae-99b0-1db9f5437068,CUST00000317,730,Low,2026-02-01 19:24:35.220502,v2.1.0
d943da07-bd17-4505-ab65-d9da6431c6f9,CUST00003904,373,High,2026-03-11 10:55:01.990845,v2.1.0
58a7b4c4-8c09-4fae-b4e6-18c1c4f8b7c0,CUST00005940,602,Medium,2026-06-14 16:49:24.155953,v2.1.0
9295a323-b830-4313-9744-5751abe7e0d1,CUST00003715,618,Medium,2026-05-15 19:57:25.274451,v2.1.0
88574440-fa40-4ed0-a5e8-b6cd5d2070c7,CUST00006402,581,Medium,2025-08-12 23:52:05.369462,v2.1.0
aa7255fb-b1f7-4f84-bb32-6dd0b487404d,CUST00008926,573,High,2025-09-16 12:20:45.655822,v2.1.0
15e5514f-8bd4-49ff-a37e-ae2084e20788,CUST00009941,697,Low,2025-11-07 06:21:28.761149,v2.1.0
89840501-d657-420a-b3de-3555a5a97bb4,CUST00000342,300,High,2026-04-17 11:05:25.110512,v2.1.0
fdb6f7ef-6d3c-4fa1-b296-7ab4d09777f9,CUST00000655,699,Low,2026-02-10 19:26:20.584702,v2.1.0
6c3b0d44-02eb-4c63-904c-bc35ed93b0d6,CUST00001047,314,High,2025-10-31 07:47:52.141972,v2.1.0
6ef854cb-e750-46cb-aedf-83283859221b,CUST00007207,606,Medium,2025-09-01 07:57:39.561654,v2.1.0
09778818-a152-4d07-96c5-9978ca26aac7,CUST00003491,694,Low,2026-03-26 10:41:33.557690,v2.1.0
784e7493-2a69-47dd-a5bf-ec868aba38eb,CUST00003146,641,Medium,2026-03-30 11:36:15.167086,v2.1.0
48204e66-48a3-4179-9c37-0da4ad9bc090,CUST00004800,478,High,2026-06-27 05:10:49.262632,v2.1.0
529c2765-4196-42c7-a3cf-49d651640d17,CUST00003750,537,High,2026-01-16 16:55:32.368656,v2.1.0
d22e4776-11da-4267-8e01-0a556edad86b,CUST00007517,542,High,2026-01-14 06:23:49.374935,v2.1.0
5f8cad00-3243-4739-9b47-bcf58bad5dbd,CUST00009789,488,High,2025-08-16 07:02:26.283737,v2.1.0
0ec6bf7e-272b-487e-862a-98c20afa3fbc,CUST00002091,703,Low,2025-08-01 11:19:00.243235,v2.1.0
eceba8dc-4260-4633-8e9f-753a2ab70135,CUST00002686,850,Very Low,2025-12-22 16:57:58.499354,v2.1.0
e0be8943-13c7-46c5-8f80-58ac6035b447,CUST00003895,653,Medium,2025-11-12 15:18:01.113140,v2.1.0
94d461ec-5737-48c3-ad8c-991b4bea6fbb,CUST00003161,300,High,2025-10-17 08:34:17.799289,v2.1.0
9eb8a934-5fb3-48a1-b1cf-ae84ce920c97,CUST00007389,300,High,2025-08-20 06:27:22.451116,v2.1.0
7507e709-c891-453c-8e15-30c88829bf38,CUST00001333,451,High,2026-07-04 05:47:18.707368,v2.1.0
56fcae65-7822-40ad-8aba-d5466324fc72,CUST00004389,499,High,2026-05-19 05:43:09.285963,v2.1.0
654d491a-0a81-4cd4-9abb-d1e8712b6d36,CUST00008902,490,High,2026-02-12 23:57:50.437088,v2.1.0
a8ce68c0-84b5-41c0-9bc1-5fabe5cae6ab,CUST00008630,323,High,2026-06-30 04:16:15.561158,v2.1.0
ab70e43b-0046-4425-a9b4-31d322400793,CUST00004361,300,High,2026-07-17 23:55:06.872284,v2.1.0
023f4aa6-716c-48ec-9b64-c785940c686d,CUST00009916,332,High,2026-03-20 10:57:56.473519,v2.1.0
779f5794-bf17-4c06-823c-ff0310085ecc,CUST00006895,604,Medium,2025-10-24 08:22:32.295532,v2.1.0
d4f0014c-0fd4-472d-be86-fd1d4eb5c29c,CUST00001958,336,High,2025-08-01 14:34:04.288263,v2.1.0
01e3eee9-6314-4e63-b782-f9bf2831defd,CUST00004357,806,Very Low,2026-04-20 03:10:39.826358,v2.1.0
b1c2928a-3d0a-4cd0-bb04-0a997720b850,CUST00007711,534,High,2026-01-05 18:12:14.267134,v2.1.0
0c07cc40-8269-4218-9062-5f7d04775e8a,CUST00002203,502,High,2026-03-12 20:52:56.959554,v2.1.0
a0cf58fd-cb2d-4486-992b-e4183a722f82,CUST00003118,327,High,2026-06-17 11:58:51.125389,v2.1.0
20f854ce-d669-4c07-bd04-6b8956f0b985,CUST00009366,599,Medium,2025-09-22 04:47:49.105785,v2.1.0
2a53d86f-cfdf-44b1-9616-5042f48873a7,CUST00008179,396,High,2026-02-16 16:45:56.457872,v2.1.0
866ed2e9-a113-4559-af5e-5ff965546b11,CUST00004203,508,High,2026-03-06 18:16:37.808647,v2.1.0
cd5e619b-a913-4596-8345-3cca2f45d3b0,CUST00009057,427,High,2026-01-13 12:15:25.324130,v2.1.0
7bafc9b6-2582-464d-949b-0ea5c7b855de,CUST00005863,597,Medium,2025-08-20 05:42:56.527419,v2.1.0
64285cd6-39c8-4e66-99e6-54a703c4f16c,CUST00008252,300,High,2025-11-22 00:02:59.191772,v2.1.0
ab801412-8257-49b2-b226-98b49b190b5b,CUST00009668,697,Low,2025-11-16 15:36:28.985473,v2.1.0
cf85146a-d059-4b60-acb1-a7dd52002fb8,CUST00006436,435,High,2026-03-19 16:08:10.244714,v2.1.0
44eb3bf1-9613-4557-957b-8cfc8d70baa7,CUST00005147,570,High,2026-05-27 04:35:20.818455,v2.1.0
64b684f0-3a43-49ea-a23f-6cdddaf6de27,CUST00006676,647,Medium,2025-11-15 08:53:11.143394,v2.1.0
35fce8f1-d5e1-4be2-8db7-cd06bbe01487,CUST00009005,527,High,2026-03-28 06:29:01.000045,v2.1.0
74b95151-1492-476a-b829-4408126a2e1e,CUST00009193,507,High,2025-10-31 04:21:16.878723,v2.1.0
03aaed18-d641-454b-8ba4-e4dedb092696,CUST00002821,634,Medium,2026-06-28 03:14:46.996902,v2.1.0
6d9f1b3c-1206-49c7-ad11-4b9abe05d55b,CUST00002025,697,Low,2026-05-11 01:25:52.576793,v2.1.0
363c91fb-8777-403e-808a-2669fbf0778e,CUST00002040,446,High,2026-02-03 19:55:17.463818,v2.1.0
39e9bb55-93ef-4d2a-b91f-c0b9884832e6,CUST00004919,359,High,2025-12-31 00:48:05.123705,v2.1.0
95430602-ea97-4910-8d80-07715fbbd3bc,CUST00009364,300,High,2025-11-09 18:53:18.896290,v2.1.0
06569e95-41fd-4c54-8d2f-e3f49cdab4ac,CUST00001994,538,High,2025-11-12 23:38:49.529232,v2.1.0
a8ef041f-64ff-49ff-b182-cfe22dc41e47,CUST00005782,491,High,2026-07-07 06:18:47.295130,v2.1.0
1ed9811f-4d71-4344-b8fe-b07d4d02b945,CUST00004389,516,High,2025-12-12 12:48:29.571558,v2.1.0
27fc6e4b-8439-40eb-bd9e-c56c2f67a370,CUST00006948,596,Medium,2026-01-21 20:44:02.081339,v2.1.0
74157398-273f-4b70-b4c3-144c45e683df,CUST00005419,300,High,2026-07-13 19:31:21.197395,v2.1.0
487f1cb3-c6c5-46b7-b222-b4006bc6daf3,CUST00004193,373,High,2026-03-15 02:47:59.193906,v2.1.0
2ddd2e89-47b9-4233-b74f-f99b4f5a5cf4,CUST00008567,682,Low,2026-02-01 02:09:06.812421,v2.1.0
fcfe5964-b302-4ee1-a178-260dab3ec23c,CUST00005990,495,High,2025-12-15 20:20:08.494355,v2.1.0
8e80e696-15db-476a-911d-1d996692865e,CUST00006734,519,High,2025-09-24 10:12:36.736996,v2.1.0
4d60dc92-1252-40bb-a809-5379381c3af7,CUST00005476,440,High,2025-11-27 01:10:39.726999,v2.1.0
5d93d2bf-f48d-4146-ae41-dc2897c37347,CUST00001572,576,High,2026-04-20 04:42:20.911539,v2.1.0
fb25b053-ae72-45dd-9f2c-0ffbfab2d2e7,CUST00001543,479,High,2026-03-03 08:05:22.567962,v2.1.0
68770bd6-a236-4f97-8982-7abfdb322eab,CUST00009957,738,Low,2026-04-21 11:48:04.708976,v2.1.0
0c1ef596-0c09-494c-8503-87cbb61fc604,CUST00002979,567,High,2025-09-30 06:14:57.588245,v2.1.0
2ab558e9-86ff-4744-bb3d-f5acb64115ac,CUST00001379,319,High,2026-02-03 12:14:03.156631,v2.1.0
fe1b00c9-4cec-4901-9245-f327b6201021,CUST00009768,625,Medium,2026-06-21 17:39:48.408359,v2.1.0
c2246632-72d1-4b8b-a882-aac47a0baaba,CUST00003697,318,High,2025-12-24 22:19:37.949550,v2.1.0
2688f662-1e0b-497b-8732-d56f6c158fcf,CUST00001698,316,High,2026-03-29 22:35:55.831001,v2.1.0
15408d26-1535-45c3-9cb4-467774cc279d,CUST00004185,534,High,2025-08-31 06:17:54.856188,v2.1.0
3c9c16e0-b73d-4056-8b4d-d0ba204b0485,CUST00001100,552,High,2026-07-08 08:16:41.156126,v2.1.0
4192e6cc-cdb3-4c62-ad0a-3976d20b9c16,CUST00000453,304,High,2026-02-25 07:07:46.455986,v2.1.0
8872ee62-fe45-4d53-9bed-48a136f87711,CUST00001103,566,High,2025-10-13 07:31:50.844144,v2.1.0
e74ccbd5-54d5-426f-8c80-e6224cd362a5,CUST00003085,300,High,2025-09-13 18:12:41.903367,v2.1.0
5a78cd2e-bfcb-46a8-b250-1a72251639a5,CUST00006831,566,High,2026-02-04 02:25:45.122485,v2.1.0
5b3a4a34-27a3-418e-8fff-146018678511,CUST00002726,445,High,2026-02-04 14:48:35.921137,v2.1.0
468f1466-3d7c-4768-aa5f-0a0171bcf4d8,CUST00009353,300,High,2025-08-20 22:57:22.157612,v2.1.0
1fd82677-3a10-4352-bb84-22ee0d6cd662,CUST00005925,624,Medium,2026-07-15 07:47:40.592010,v2.1.0
f3f92cdb-ee0a-49f4-9999-a69f473c3b56,CUST00000206,543,High,2026-06-16 08:25:51.161837,v2.1.0
a57468f3-786f-4f42-9f43-756259b4ec26,CUST00004664,631,Medium,2026-01-02 10:50:53.374356,v2.1.0
dc47fae1-e5de-4575-97ca-e3fa13380d08,CUST00006422,398,High,2025-08-29 19:35:12.255756,v2.1.0
e108b9a6-b378-4643-afab-e1306def6829,CUST00008308,300,High,2026-05-17 20:16:26.448827,v2.1.0
c267a3d5-1f33-4df2-be1b-9f55fa46d9c1,CUST00007861,586,Medium,2026-01-15 22:32:48.230912,v2.1.0
283d5a37-1b52-4282-a85b-8b6e5019e5e9,CUST00007036,540,High,2026-04-05 15:28:45.975045,v2.1.0
0e4f92af-9376-4cbe-8708-a8891758159d,CUST00004740,657,Medium,2026-01-19 18:33:23.837337,v2.1.0
86623321-7a57-40e8-9546-2ab2d8ec8f92,CUST00004707,307,High,2025-10-25 18:41:01.281408,v2.1.0
02a4b43d-8933-4481-888d-3f65d5d8389b,CUST00001791,599,Medium,2026-05-18 18:53:47.183442,v2.1.0
57140770-23de-48e6-873e-b784021adc7c,CUST00001515,550,High,2026-07-10 22:29:45.086482,v2.1.0
ca1215a0-758e-4371-9147-e09278e8bcab,CUST00002026,566,High,2025-10-14 22:23:35.858054,v2.1.0
7cf7e2c5-6534-4c7f-964d-8fc2db2596b5,CUST00002912,553,High,2026-02-04 06:09:50.497137,v2.1.0
5e594f22-03dd-41e2-b194-590adb62efcb,CUST00003270,300,High,2025-12-05 00:19:46.553333,v2.1.0
a1e15dd2-7a22-4d06-8152-d0e5c0fd3ee6,CUST00007290,491,High,2026-06-19 14:46:53.834199,v2.1.0
8c73c9f2-d4b4-4586-a3c8-e7c2225bf48f,CUST00005130,740,Very Low,2026-01-19 13:01:27.640402,v2.1.0
654a0c0c-7bd1-47f6-a3bc-b191083b2134,CUST00003416,645,Medium,2026-06-04 01:52:10.491526,v2.1.0
f1fdf56d-4ce2-4414-be6e-a5bd45413f91,CUST00004412,436,High,2026-05-29 11:45:33.866652,v2.1.0
85141b81-0e66-445e-b9e3-50c43f4fdf95,CUST00009234,455,High,2025-10-26 19:25:30.361541,v2.1.0
6d811903-6658-472c-af4e-2179a541511a,CUST00007356,569,High,2026-05-02 10:54:40.523840,v2.1.0
2aacac09-649e-4556-aca3-62a60d6d167d,CUST00004091,332,High,2025-12-16 11:11:32.515210,v2.1.0
5901f565-8520-4264-8ff0-1953c4481a75,CUST00004189,392,High,2026-06-24 03:18:13.917863,v2.1.0
227e8e7b-2418-4501-90c7-81556bd33bf5,CUST00007905,585,Medium,2026-01-19 08:36:47.792779,v2.1.0
a81b34b1-1d55-4f66-80c1-6ea2674e3655,CUST00005527,300,High,2026-05-13 14:38:47.100256,v2.1.0
2c13ee66-362d-4c65-884a-4186cdf325de,CUST00008065,307,High,2025-10-29 05:12:19.125965,v2.1.0
8b14d82f-781a-49af-9d9e-942c23d82d53,CUST00006335,470,High,2025-11-03 22:58:32.132503,v2.1.0
64d2cc1f-7248-4e3b-9135-d96204e34d8b,CUST00001185,514,High,2026-02-17 06:51:42.754665,v2.1.0
b7759578-94e4-44b7-93bb-b29cbac1584b,CUST00005419,300,High,2026-07-17 18:02:41.219502,v2.1.0
22d9a129-20c5-435d-ac2b-36fcf5a56975,CUST00001399,539,High,2026-01-12 17:58:35.154362,v2.1.0
9c3d3cde-6cae-4fa0-95a5-3cdb0ec579cc,CUST00009909,481,High,2025-09-10 04:27:30.388715,v2.1.0
666183c2-6051-4019-8702-8da739a0e005,CUST00007312,524,High,2026-01-30 14:58:29.105329,v2.1.0
fa2969ae-3bda-4e17-a9bf-8541fd88ca49,CUST00001914,383,High,2025-11-20 23:10:49.115286,v2.1.0
af86c09f-a318-4942-8972-ef45b85a999e,CUST00000198,798,Very Low,2026-02-04 11:52:56.224305,v2.1.0
c8cdc3a7-fb44-428b-9302-08b87fb25227,CUST00000730,717,Low,2026-02-01 09:29:03.031250,v2.1.0
84533220-9a72-4889-b24c-e9682b34d043,CUST00000645,559,High,2025-12-31 05:20:53.863477,v2.1.0
085738a3-e445-4d41-8b98-7373a5b89380,CUST00002859,467,High,2025-11-12 10:31:46.891957,v2.1.0
fa39d319-c262-452a-a568-de04ff63a491,CUST00009977,355,High,2025-09-24 19:35:17.152848,v2.1.0
5bada382-52dd-4eb0-b16d-30605f619dba,CUST00006008,525,High,2026-03-29 16:00:37.740838,v2.1.0
c2791e43-2e1e-465d-aeed-a6eac3e95d3f,CUST00008239,641,Medium,2026-02-11 18:08:51.233540,v2.1.0
7469876c-2ba3-496c-a2b6-b547b896a174,CUST00005766,495,High,2025-10-11 05:15:32.449763,v2.1.0
0e5d69f4-609d-437e-8ca8-8d364b506fa3,CUST00002658,358,High,2026-04-27 04:08:36.256966,v2.1.0
cb548af6-c292-4a32-b0c8-7f4689e39bf7,CUST00000953,446,High,2025-08-02 20:30:30.294727,v2.1.0
ab3cc6db-fe96-47a3-a2f2-323b79754766,CUST00006542,300,High,2026-04-15 21:48:47.865783,v2.1.0
a3d47993-a7bb-4b67-84c5-e86b6ed3f0d1,CUST00003052,622,Medium,2026-04-01 11:45:54.061345,v2.1.0
00496565-b509-467e-90cb-eb4c97618647,CUST00006060,457,High,2026-05-10 06:31:20.526289,v2.1.0
24113694-d6b3-47f5-9fb8-a4fe9ee32e3c,CUST00004594,356,High,2025-12-05 22:10:49.267567,v2.1.0
eeec8be5-3d13-4ffb-a11c-68cdf6a5f1e0,CUST00007970,521,High,2026-03-17 07:38:37.178192,v2.1.0
efc9f7bd-7fe6-4eb0-9f91-915f06704610,CUST00002242,364,High,2026-05-13 16:22:57.811945,v2.1.0
f2acc6de-77f7-4de8-bf13-86b7de4937e8,CUST00000968,512,High,2026-07-11 03:31:23.065698,v2.1.0
ef0a54fa-7cfc-4a4a-8911-2ca8039af550,CUST00000736,546,High,2026-01-14 19:50:19.429182,v2.1.0
b89e89d7-86a7-4ba0-8907-3b05482e4084,CUST00005248,333,High,2025-07-31 10:24:42.102055,v2.1.0
d05cab8e-6e7b-42ef-8a32-0bb35ba39ce2,CUST00007276,750,Very Low,2026-01-17 08:52:13.219882,v2.1.0
8d0cab17-23a1-48ac-bcef-0c5fa0da41b8,CUST00001965,438,High,2026-02-18 11:17:12.000089,v2.1.0
a559c303-7b3d-4727-bcfb-dd0273766978,CUST00003099,420,High,2026-05-31 13:29:27.187889,v2.1.0
c392997b-8890-4e1a-98bd-e1e3c39790a9,CUST00007191,527,High,2026-06-02 04:50:58.847773,v2.1.0
2b30e049-3043-4025-9425-beffa45681d7,CUST00009033,331,High,2025-12-25 17:31:30.820894,v2.1.0
61e15f87-272e-4e0e-b8b0-58dc56a33e8e,CUST00004745,411,High,2026-01-26 00:16:03.595299,v2.1.0
71efb446-4e83-4369-8d8a-5fe399c0bd54,CUST00000546,487,High,2025-12-31 19:13:42.617172,v2.1.0
50e89adb-a917-4799-b35a-923b4a7edd1b,CUST00009256,599,Medium,2026-04-07 18:40:33.141476,v2.1.0
dcef430f-0649-4c1b-bfcd-e50492b6168d,CUST00001015,524,High,2025-12-14 15:40:51.068980,v2.1.0
c1a28341-0619-491d-8919-ecec4fcb7539,CUST00000400,658,Medium,2026-03-14 01:33:45.455810,v2.1.0
57ff7045-85b0-4f60-b9bf-af3b3d483a96,CUST00007363,300,High,2025-09-12 07:00:00.229412,v2.1.0
53685a25-a7c4-4443-b7a4-6713f34586bc,CUST00008970,516,High,2026-01-05 09:20:54.949757,v2.1.0
b0ad588e-dbb1-4550-b1d4-c2082b0ac08d,CUST00006481,570,High,2026-07-06 21:42:47.100272,v2.1.0
4cf32dd0-7227-4f19-a00d-7b07ddcbfb92,CUST00005972,300,High,2025-11-18 13:39:11.482795,v2.1.0
885fab11-407f-4e51-84ca-58b1f74bbb36,CUST00009007,563,High,2026-03-27 21:59:20.143592,v2.1.0
bcd721c8-4ff6-4046-b344-1e899a784c2c,CUST00000194,377,High,2026-03-12 06:13:07.688568,v2.1.0
9e93656e-41f6-4b97-85ab-c55a62fe8988,CUST00007547,601,Medium,2026-05-25 00:16:36.464674,v2.1.0
5dcaf13d-d852-4ecf-b588-b0454bc139aa,CUST00008300,515,High,2026-05-25 05:19:34.539897,v2.1.0
50e5ea5b-909e-4f25-9771-d2395081b0f1,CUST00001166,745,Very Low,2026-05-27 18:41:38.439461,v2.1.0
b82449d5-b44e-4ae6-9cd4-4f66943d4a68,CUST00006008,658,Medium,2025-12-03 16:58:40.235142,v2.1.0
991597d9-06f6-46ec-a827-6a95bf699de0,CUST00003346,300,High,2025-11-10 13:40:56.436132,v2.1.0
14d85f25-8d7f-4eb9-94fb-c775cf122edf,CUST00001502,395,High,2026-04-06 10:00:40.046361,v2.1.0
7659b940-b961-4256-a27b-98f95056b096,CUST00007270,580,Medium,2026-04-21 06:38:26.415087,v2.1.0
b2fc7775-1b9b-457a-bf0d-d09df3f6ca3b,CUST00000107,753,Very Low,2026-06-01 13:00:24.570929,v2.1.0
3afaa56e-df72-4169-99c5-0e8644b422d2,CUST00002545,485,High,2025-07-31 00:35:22.416215,v2.1.0
ce97734f-4465-495c-823b-b146c31b7f8c,CUST00002935,720,Low,2025-08-11 21:39:59.455731,v2.1.0
838a339a-9658-4374-a97c-c67bb16eb5c8,CUST00003791,613,Medium,2026-03-05 10:30:45.582373,v2.1.0
295fa43a-c681-415e-98c3-324ba5a135f7,CUST00008286,448,High,2026-06-19 06:33:00.444928,v2.1.0
5e9e7daf-8e76-4c89-9946-c4b7d1abd481,CUST00000631,638,Medium,2026-07-17 05:06:10.530286,v2.1.0
eb64ad64-1cf9-41a3-9bd0-cd380908f900,CUST00009341,457,High,2026-04-16 15:52:53.088828,v2.1.0
fd98b386-1cb5-4bee-91e0-1d4a90090d09,CUST00007704,309,High,2025-12-23 09:59:47.171010,v2.1.0
8004a8d2-0865-416f-bd01-0b6f49ad6928,CUST00009145,424,High,2025-08-22 20:50:07.750289,v2.1.0
42464473-1259-4ab2-b87e-5e595e65c848,CUST00004102,615,Medium,2026-03-06 09:11:16.923409,v2.1.0
10003c25-8da1-4a90-9f06-1074e55db91f,CUST00009999,484,High,2026-06-01 14:43:36.482465,v2.1.0
a50f630f-3812-4a8f-beb7-bbd683fa105a,CUST00001553,320,High,2025-12-26 23:05:10.923651,v2.1.0
5da08678-9cba-4761-866e-c25f13249d81,CUST00003680,401,High,2026-03-28 09:21:15.477959,v2.1.0
d47414a1-0a13-4025-9878-00924f0c47d4,CUST00000693,762,Very Low,2026-06-12 21:06:18.622175,v2.1.0
d36dfa0e-c675-4a23-ac48-6a3032454a20,CUST00006975,549,High,2025-08-03 17:03:08.856931,v2.1.0
5965048f-17c7-4337-9904-77ba0ba11195,CUST00004154,404,High,2026-05-04 16:42:33.148249,v2.1.0
795b682d-e2fe-4091-a196-86bf8055f47c,CUST00004086,638,Medium,2025-11-02 01:29:53.457041,v2.1.0
5801c2d1-aa25-48d1-9634-d48d47a9aab0,CUST00002209,585,Medium,2025-12-01 19:40:25.311992,v2.1.0
82c42b57-29ca-4736-b414-2f8c748bf502,CUST00007868,687,Low,2025-09-09 01:56:11.612460,v2.1.0
cb3acf13-6e22-4502-a56e-ec31060246c1,CUST00007491,327,High,2026-01-27 21:58:59.273912,v2.1.0
122853da-d882-4c6f-8a1c-7589fd60e1de,CUST00004378,454,High,2026-02-09 14:41:46.444873,v2.1.0
76b3ea24-6d35-4301-8938-30832845771b,CUST00005193,316,High,2026-05-03 08:56:31.812120,v2.1.0
679e8fb3-1d0c-484d-ab43-5ed9f7791ad8,CUST00005614,577,High,2025-09-17 23:56:33.137959,v2.1.0
a6a0a73e-a5dd-4078-83c8-d3fdc3121544,CUST00000324,300,High,2025-08-15 18:07:27.394133,v2.1.0
32e7c919-274d-4733-bc3c-081ab3fa0c7b,CUST00004314,408,High,2026-05-31 23:28:39.312782,v2.1.0
db60c0d1-b0c3-4c8e-9b7f-2b9abda1da92,CUST00008115,353,High,2026-03-01 06:08:20.496398,v2.1.0
7f778bcb-6f67-4cab-9ca2-163a13a8b5de,CUST00008052,626,Medium,2025-10-13 20:57:46.162545,v2.1.0
2731803e-8228-4fb7-baf7-1d1a1b8cbe43,CUST00009073,425,High,2026-06-16 07:32:48.271795,v2.1.0
3b2cb3bd-f821-40d0-9056-895e2520ebd5,CUST00001556,584,Medium,2025-09-08 04:26:32.111017,v2.1.0
8df5a1ce-280b-46a3-ac9d-0eb68949c8f6,CUST00000251,300,High,2026-01-02 08:14:10.072166,v2.1.0
e00e089e-1f0f-4aa1-8537-c8cdcc355c67,CUST00005700,471,High,2025-10-18 16:12:39.849856,v2.1.0
c550c8e8-3f87-478c-91c4-a97af8d9dfc0,CUST00004464,458,High,2025-10-19 04:02:21.523128,v2.1.0
6fe149ba-3c64-4136-bbb7-428ba1026904,CUST00002957,577,High,2025-07-21 08:16:56.263499,v2.1.0
6c65d32d-ea65-452d-b7d7-0170baf702c8,CUST00008992,503,High,2026-05-07 19:07:37.586972,v2.1.0
556ff029-699b-422b-af41-93fad10d9850,CUST00008990,765,Very Low,2026-06-12 01:41:31.861222,v2.1.0
a2a70e39-5ccd-49a0-8a95-08199c610fd6,CUST00001109,474,High,2026-03-22 09:40:51.830732,v2.1.0
fe7044e1-7b96-4c32-902e-7dda71a78725,CUST00000144,380,High,2025-09-13 14:40:59.000155,v2.1.0
b3133bd7-081b-443d-b99d-a34b0a339bd2,CUST00004490,469,High,2025-12-26 06:00:14.164523,v2.1.0
86fae022-03cc-4102-b7a8-47b45de4dc25,CUST00006175,850,Very Low,2025-11-21 03:03:07.181226,v2.1.0
1f1d5d7c-31b2-48b1-8dc3-56decca41432,CUST00004620,497,High,2026-02-17 12:25:09.179744,v2.1.0
ae817130-dff8-4e60-817e-dcab0e81a319,CUST00007181,850,Very Low,2026-03-08 06:41:23.950557,v2.1.0
99d6c84e-8e29-441f-9c45-b86e7c0cab71,CUST00009555,507,High,2025-12-19 21:17:49.153451,v2.1.0
5e7248b3-00ed-4521-91d9-ec73167b0e31,CUST00007375,300,High,2025-10-17 06:12:27.641703,v2.1.0
1506c7be-7692-48dc-b4f3-b6b67f13c8e0,CUST00005806,546,High,2026-05-22 15:38:16.805489,v2.1.0
9f3f3d17-80f2-406d-b08b-d63b66e4f96e,CUST00000966,468,High,2025-09-28 16:11:42.247591,v2.1.0
08aba93e-619c-437f-b73b-2e225f6a525f,CUST00008783,482,High,2025-12-05 10:02:07.298645,v2.1.0
402cd5dd-f964-4fcd-8029-922788819c23,CUST00005866,632,Medium,2026-01-10 09:35:33.215918,v2.1.0
407055e2-fb18-417a-8033-c8c1614e83d2,CUST00007739,422,High,2025-10-12 13:11:41.713423,v2.1.0
045f3369-6f85-4a09-8998-9927842a00d0,CUST00005646,545,High,2026-02-11 19:14:37.414922,v2.1.0
5a947829-4d6a-4e0f-a412-1e4628054c80,CUST00008487,502,High,2026-02-12 20:34:12.330298,v2.1.0
58860166-892f-4e3d-a723-5f3e0c97c587,CUST00000839,445,High,2026-07-15 11:36:24.750035,v2.1.0
5e827948-1237-4f75-b4bd-fe8d83e5d652,CUST00006479,519,High,2025-11-02 17:49:42.959375,v2.1.0
2919fc27-60e7-4d53-9cc8-d8c5fba2559f,CUST00004788,340,High,2026-07-10 02:19:59.922448,v2.1.0
6d7f7442-7cf7-4f8b-b55b-1091506fef75,CUST00007394,333,High,2026-03-15 07:47:28.528590,v2.1.0
cb027503-73b6-42ad-9d22-ce08cd45756a,CUST00009828,327,High,2025-10-26 03:56:08.894464,v2.1.0
3c311b7e-c1a1-4557-9ed0-63ea2695c4ea,CUST00007447,695,Low,2026-02-09 14:42:16.582810,v2.1.0
30442025-8fcf-4c49-b6a4-11f8953a857a,CUST00009993,484,High,2026-03-25 09:27:37.541141,v2.1.0
d9b73d16-6221-4277-acb5-f0c41a3702cc,CUST00009509,482,High,2026-04-15 21:29:42.028080,v2.1.0
0dfa06f4-23da-4cbc-87b1-fbca738fc9cf,CUST00004753,570,High,2025-08-04 19:49:00.474056,v2.1.0
2e927f33-075c-4c8a-81fe-710d71c2a306,CUST00002901,418,High,2026-02-24 09:31:13.610700,v2.1.0
8247ef10-4203-44a4-b5f1-519f4e038ecb,CUST00004141,350,High,2026-01-15 08:05:55.844830,v2.1.0
e802f21a-8d44-411f-b577-59402cc9f915,CUST00001095,584,Medium,2026-06-13 03:30:53.817736,v2.1.0
e8b1fbd5-8784-4706-b53d-0289fde32c92,CUST00009618,549,High,2025-10-30 10:36:57.282342,v2.1.0
636c207d-6170-40b3-a919-fc225561ce20,CUST00004433,300,High,2026-05-05 16:31:21.892230,v2.1.0
73970e06-87d3-469a-bd37-5430514cda0f,CUST00001219,411,High,2026-02-24 15:17:33.881910,v2.1.0
52d123f2-0f8b-4bd5-bd62-5a524fc0c762,CUST00007060,539,High,2025-11-23 14:16:03.390563,v2.1.0
78cdc116-4dc5-4f9f-b384-b87c4742b23c,CUST00002821,425,High,2026-03-07 10:20:46.309112,v2.1.0
36a50eb6-652f-4f33-a12d-56604449fb63,CUST00005361,344,High,2026-03-01 16:29:22.519636,v2.1.0
d23a0de2-4bec-4730-924a-3c97994ce8fa,CUST00007712,524,High,2026-03-22 11:01:38.090960,v2.1.0
1115066b-f466-4467-a6df-365ffbe0b2ab,CUST00006600,592,Medium,2026-04-07 05:23:30.457506,v2.1.0
0f4d1a62-4820-4107-ab4a-540225adedb1,CUST00001017,395,High,2026-03-15 16:08:01.843849,v2.1.0
2e4ee951-cfbf-4441-ba23-6b30049de2cc,CUST00002945,850,Very Low,2026-05-20 02:34:07.078987,v2.1.0
f2198eb8-7e9f-4426-b05b-97fa3c429a85,CUST00007952,437,High,2026-03-04 08:58:43.550548,v2.1.0
0c36542d-49d8-475f-834b-54efb795786c,CUST00008430,524,High,2026-06-12 20:55:36.190853,v2.1.0
081542e8-da7b-4bc8-8333-5a458524539d,CUST00000235,463,High,2026-03-10 23:34:23.960837,v2.1.0
ed5cb795-bfa6-463c-a8cf-e3dc30939b4a,CUST00001150,603,Medium,2025-11-07 17:56:17.460612,v2.1.0
4230c4f3-00d2-4a6a-b7cd-2322211ba712,CUST00005596,592,Medium,2025-12-25 22:03:25.034646,v2.1.0
8097657e-9c3c-4cba-878e-f4c4d1ddb03d,CUST00003537,586,Medium,2026-02-14 14:18:41.568526,v2.1.0
6c28cd8f-b0db-42a6-8de9-8faa7dbc2286,CUST00008311,537,High,2026-04-11 09:35:47.853880,v2.1.0
409506b2-39b1-466b-8a80-eb425993bc87,CUST00008331,300,High,2025-08-19 19:59:39.143212,v2.1.0
056f4417-38ee-49da-9c15-14ec07b9ae8a,CUST00003713,715,Low,2025-11-02 16:46:26.612902,v2.1.0
c536173b-71e0-46bd-aa4a-6bf1d9cdc8f1,CUST00007915,437,High,2026-04-16 22:08:40.319912,v2.1.0
0bf7ae9d-ca49-49ca-acf5-73270aec945d,CUST00000842,300,High,2025-09-20 01:31:31.334032,v2.1.0
ef4c6e0f-e776-4350-a3b9-4996459cbee2,CUST00004020,380,High,2025-09-04 04:23:15.847309,v2.1.0
20027ffc-cdac-4b8e-ac30-0f66c2f896ae,CUST00002789,795,Very Low,2026-01-30 22:13:32.246623,v2.1.0
b92aa703-ed0a-4c23-a266-7d63b352c851,CUST00009192,509,High,2026-07-07 17:45:04.241037,v2.1.0
8f013869-597d-4201-b2cc-4f3410717edf,CUST00002598,370,High,2026-01-27 19:13:52.211912,v2.1.0
392d00f6-9a51-4215-aa78-b0bea54e9b75,CUST00002534,300,High,2026-06-16 13:18:51.293158,v2.1.0
375011cc-186f-4480-8b0c-08278913fd9a,CUST00003768,563,High,2026-05-17 05:37:49.210917,v2.1.0
bd9164ff-a7ec-4d81-9976-966cc0d1f9e6,CUST00009429,490,High,2025-10-19 18:26:41.118461,v2.1.0
7ac23fb8-d91c-469b-be59-823afc8c1888,CUST00001544,456,High,2026-05-15 02:56:22.696290,v2.1.0
418e304f-d324-4a46-abe6-87471315ed15,CUST00005354,422,High,2026-01-09 21:40:08.759499,v2.1.0
2c83b8bd-3387-40ed-b389-e391632e3ebc,CUST00004003,550,High,2026-05-08 11:23:28.485687,v2.1.0
dad5092a-e166-478b-843a-df2a64911efc,CUST00003300,530,High,2026-04-16 14:04:00.338909,v2.1.0
b2b2802c-dbaa-474e-afb0-79419f9cf70f,CUST00000828,715,Low,2025-11-18 15:00:11.843399,v2.1.0
a81314a7-c051-448e-a6d2-8177e4e496a7,CUST00005527,573,High,2025-08-28 23:27:24.053189,v2.1.0
635ce5a2-01a9-4f51-8939-00b1aa0321b1,CUST00003431,408,High,2026-07-04 14:23:53.439234,v2.1.0
3acf8440-f461-4cbf-b1db-e02365256912,CUST00009775,612,Medium,2025-09-07 07:44:55.962689,v2.1.0
d7817d91-d592-4019-80c6-569d48f70cba,CUST00001956,512,High,2026-07-05 22:00:55.953961,v2.1.0
4d243d07-a95f-4327-9b73-0b7b66231e2c,CUST00001422,527,High,2026-05-28 01:41:33.739218,v2.1.0
a4692074-890e-47d0-8420-e975087b019d,CUST00000262,300,High,2026-04-08 10:12:59.589755,v2.1.0
98614ea1-1936-4649-aa21-a91540ba075e,CUST00004576,537,High,2026-07-10 19:50:42.650717,v2.1.0
e3694822-fd55-47da-9c95-0c7c183e3814,CUST00004501,458,High,2026-07-06 04:45:40.056334,v2.1.0
184e30f1-6215-4cde-8962-90b80e5c8f54,CUST00005878,457,High,2026-05-07 18:43:43.871219,v2.1.0
5b4a394d-026d-48df-9ffd-2077bddb99c7,CUST00009044,679,Low,2025-11-28 12:12:10.669478,v2.1.0
cd5d8085-a869-41d7-a6b7-be9b04025e96,CUST00004453,361,High,2026-05-02 16:50:06.142721,v2.1.0
9bea4ce6-f8bf-4318-9c36-db0fb405de22,CUST00005559,540,High,2025-07-22 23:54:51.324494,v2.1.0
d363c578-2378-4253-8c67-fb0317f5fa82,CUST00005926,396,High,2026-01-29 21:22:14.676957,v2.1.0
0bedd416-64b2-4091-a1e3-643dde67fa81,CUST00005514,300,High,2025-12-31 00:27:06.613687,v2.1.0
cfbf8225-0bd3-4148-933a-a114a7ce14bc,CUST00009486,499,High,2026-03-20 15:45:31.620097,v2.1.0
28d3fceb-fe5a-4558-9e8d-5dbe48e2118e,CUST00007989,664,Medium,2026-03-20 11:29:05.044035,v2.1.0
f1394378-490f-4f61-9906-6e81da34d382,CUST00005105,300,High,2026-02-16 10:01:12.488403,v2.1.0
7aee8905-a3ae-4850-9813-9ad100ae0ee6,CUST00003980,300,High,2026-05-14 07:01:09.656646,v2.1.0
71d46ed0-4bef-4d28-9eaf-9125207194c4,CUST00000962,578,High,2026-06-26 08:16:46.991828,v2.1.0
60e8a2f8-a06c-4e84-ad23-b5fe6e189792,CUST00006083,588,Medium,2025-08-26 11:38:33.343730,v2.1.0
4bab3e62-c326-47fa-90d5-de497285a494,CUST00008924,300,High,2025-10-11 07:32:00.039109,v2.1.0
aa9f79f3-e02c-4ca7-836f-f06c1f1534d7,CUST00005935,680,Low,2025-07-27 01:16:00.262387,v2.1.0
a30b3189-c9ec-4294-b010-b863b3f63258,CUST00000269,534,High,2026-06-05 20:53:49.572446,v2.1.0
983aafa0-64fc-4216-bcf2-aeea96315d04,CUST00004125,300,High,2026-02-07 23:04:08.550111,v2.1.0
d2405397-5843-454e-97cb-d8681ceeb1d1,CUST00000090,536,High,2026-06-17 04:49:13.084648,v2.1.0
1752fe3d-4865-4cf0-8be9-73be883a8ea7,CUST00002919,611,Medium,2025-10-06 18:21:30.291794,v2.1.0
1ba31d59-d137-4c7c-bde9-77ed921410bf,CUST00009804,719,Low,2025-08-10 00:03:07.478593,v2.1.0
0cbd4c53-2a2d-4dc3-98dd-dbe1a2dbed91,CUST00003021,680,Low,2026-05-14 19:37:29.826015,v2.1.0
fde6ffd4-419b-463b-8ff3-8cca7b594f66,CUST00007811,710,Low,2026-06-15 01:22:49.627532,v2.1.0
04618ed3-df2f-43f0-98e7-c00bf7b22d6d,CUST00006247,502,High,2025-11-05 06:49:59.559413,v2.1.0
b20d18d8-e8a0-49b1-87db-f964e6eaa7eb,CUST00008551,300,High,2025-12-14 00:55:48.531230,v2.1.0
7945d26a-fd9f-4a7b-b3e0-401a1d54b11e,CUST00005953,781,Very Low,2025-09-06 23:09:30.282559,v2.1.0
69843158-b85d-420f-bc9e-168f3c27cff9,CUST00006969,300,High,2026-06-28 12:36:29.380111,v2.1.0
0122b5de-2580-4fbd-8720-15021f5b062a,CUST00007516,424,High,2025-11-06 01:53:36.836272,v2.1.0
28f5eee3-b4cc-449a-b447-6ee9d99251f8,CUST00003084,620,Medium,2026-01-13 20:08:09.048196,v2.1.0
68e080a3-cec0-405b-bcd8-a553518dfdfb,CUST00009344,312,High,2025-08-22 09:52:06.241821,v2.1.0
9a958c70-407a-4694-9a4d-6da0db3e2b1d,CUST00006908,452,High,2026-06-06 23:24:31.762777,v2.1.0
8efb93a1-23c9-4274-9a9a-1d47fd630bbf,CUST00003765,717,Low,2025-09-05 11:06:18.569717,v2.1.0
5b02d1b5-a55e-4972-8227-187290d4ad20,CUST00006868,620,Medium,2025-12-30 14:26:20.274191,v2.1.0
c023c155-6452-4d64-a64d-9b97a9d367fe,CUST00005191,432,High,2026-03-19 19:13:40.599893,v2.1.0
ca42da27-b3e3-4bcd-ba89-8121951ed935,CUST00003807,479,High,2026-04-15 08:05:40.625915,v2.1.0
2b8150d2-86ca-4361-afa6-ebbfbe0ebfc0,CUST00004380,535,High,2026-06-28 10:05:18.487783,v2.1.0
772d3f3f-93d5-415b-9ef7-78372467fda0,CUST00008378,436,High,2025-12-17 23:52:16.308045,v2.1.0
dd623b64-d8fe-4a97-86a1-72e639af7c95,CUST00006895,300,High,2026-04-15 00:27:31.339929,v2.1.0
df0cce1b-e5a3-4bb5-a6bd-fa5c8ed55506,CUST00000242,523,High,2025-09-12 08:25:02.437301,v2.1.0
93fbcbb7-91bf-4478-888f-9bc000d8591a,CUST00009094,390,High,2025-12-16 10:41:05.502808,v2.1.0
7b924ff4-6400-471b-8edd-a5c1065c1690,CUST00004424,405,High,2025-08-23 01:54:23.584849,v2.1.0
4b0fcff3-e02e-4ffd-9893-786b11d038f2,CUST00006486,476,High,2026-01-12 15:24:19.283909,v2.1.0
ef840f17-a7e1-4a83-9c2a-c8db1c6c4b9d,CUST00002251,425,High,2025-12-13 23:21:09.262368,v2.1.0
7254bd96-b710-47d1-ac41-0a18a3e3c3e3,CUST00006877,624,Medium,2026-06-30 10:42:57.574767,v2.1.0
9436b6ec-6808-4e73-a777-6ac907059134,CUST00007505,528,High,2025-07-29 20:41:23.227185,v2.1.0
e1c4113e-9fdf-4f96-87e4-e944b3a7e974,CUST00003938,300,High,2025-11-30 05:53:00.087873,v2.1.0
599a88ca-a44e-4f20-8860-c5d73a35c560,CUST00006102,384,High,2025-12-26 20:29:46.993683,v2.1.0
c8b3af31-3a7a-4727-96e1-31da15b0a8dc,CUST00005686,300,High,2026-06-30 02:14:42.548437,v2.1.0
a0d0aec4-c46c-4f28-932c-f0ff47292b80,CUST00002088,412,High,2026-05-26 08:34:39.911305,v2.1.0
98d0f912-afc1-459c-9659-342008e962aa,CUST00001952,301,High,2025-08-23 04:49:31.659075,v2.1.0
0f3ff87a-caea-4c65-b8a9-33729ea9ea77,CUST00004183,642,Medium,2026-03-25 08:24:55.118203,v2.1.0
b0f6f012-5117-476c-a767-d0d62fc26898,CUST00006630,483,High,2026-02-01 18:33:49.451805,v2.1.0
06694afe-f317-4d2f-82d6-1ff87e85ecf9,CUST00007254,467,High,2026-07-10 01:26:22.551491,v2.1.0
d3a47a9d-2b29-47d5-9bff-3282931aed70,CUST00005198,532,High,2025-11-25 21:57:19.717243,v2.1.0
4f8024ea-c2f9-49fa-9874-3b70a871749b,CUST00006307,511,High,2025-12-10 07:54:11.597219,v2.1.0
3ef84241-6b11-40da-8a05-9c9fbf410a97,CUST00005943,548,High,2025-09-25 05:43:22.686657,v2.1.0
47159c89-2231-4740-bfa6-afde71bcc2d8,CUST00003931,495,High,2025-08-31 12:43:46.005071,v2.1.0
1b5b4318-40f3-4649-9932-a2775f4297fd,CUST00009452,532,High,2026-05-23 15:33:43.447587,v2.1.0
6d430533-ca4a-445f-b9a1-e23e81cdd7b1,CUST00005876,633,Medium,2025-12-30 23:50:59.954595,v2.1.0
dd658579-7c53-485b-b73b-cdf2a1841e81,CUST00009793,548,High,2026-03-16 23:34:42.096075,v2.1.0
c74ebfb1-84b4-489d-9c73-38b9a057372c,CUST00009232,393,High,2026-03-09 06:56:02.462499,v2.1.0
10917970-c5a0-4a9a-9979-63e1c512e114,CUST00003772,772,Very Low,2026-02-21 00:20:41.398025,v2.1.0
213f6cb2-eb06-4d92-8167-2e23744ded40,CUST00005912,535,High,2025-07-25 17:07:15.560748,v2.1.0
aa7c13a0-f99b-410d-a617-75627d56a2ea,CUST00007703,373,High,2026-05-01 06:45:33.177204,v2.1.0
2e6b15c0-526d-48df-85ec-6c989b088743,CUST00005991,338,High,2025-10-14 20:58:23.385616,v2.1.0
0a9287cd-943f-4b6b-ab5f-6479ef8810fa,CUST00007830,589,Medium,2025-09-01 21:43:30.804760,v2.1.0
5760998e-445f-4ea9-ab7d-bd6a5510b3b7,CUST00007285,303,High,2026-02-09 02:51:42.137142,v2.1.0
c7f6d5c3-6139-4c94-9ab9-e3fe02161654,CUST00005950,562,High,2025-08-11 23:19:36.479598,v2.1.0
087c19da-b7cb-4c90-b68e-0963708a8619,CUST00008819,439,High,2026-04-23 09:05:33.309369,v2.1.0
d23988c6-96bc-4b1c-914f-ddd8a5c53a20,CUST00000474,632,Medium,2025-10-01 13:47:54.446484,v2.1.0
41750f4d-8740-41b0-b6cc-8db6f63276dc,CUST00009444,382,High,2025-10-04 18:53:03.801341,v2.1.0
0ce3541c-46b8-456b-b797-7f4b36429acf,CUST00006842,325,High,2026-05-31 13:26:52.982974,v2.1.0
324d48cf-50ec-4917-b85f-7e1ad54b6017,CUST00009724,300,High,2025-11-14 21:58:51.087939,v2.1.0
b4940e30-3cf9-4826-830a-9d1e709fe70f,CUST00008008,375,High,2025-09-09 19:19:52.302109,v2.1.0
1e6b7a02-98c7-4dc8-b24b-12e4661a945d,CUST00001500,458,High,2026-06-11 19:44:44.151238,v2.1.0
a5678a6a-eb76-4d25-a183-c4ade4d513ef,CUST00002578,712,Low,2025-07-18 22:45:44.749469,v2.1.0
e0f79c2c-8799-47cc-96a7-72de54a0ad1c,CUST00009603,440,High,2026-05-27 10:29:19.510962,v2.1.0
2f0653f0-cb78-4618-8b36-e1cac29d3a85,CUST00002989,674,Low,2025-09-08 18:12:24.397347,v2.1.0
e3906c66-298a-455f-81cc-8981d105b617,CUST00003459,556,High,2025-09-03 09:23:11.374038,v2.1.0
413c64a1-f391-4b25-a1bc-3298c0854d1f,CUST00004358,300,High,2025-10-17 11:04:52.313442,v2.1.0
b82d4435-b19d-4bb0-9926-17f72f550d13,CUST00001455,471,High,2025-09-19 15:30:23.577045,v2.1.0
b5812a2e-f9b5-4d5a-80f4-70930fde3d4a,CUST00000365,377,High,2026-03-16 08:34:45.508226,v2.1.0
565bde6e-0ac8-4972-9b0b-0741665584ef,CUST00005231,476,High,2025-07-27 07:53:21.380843,v2.1.0
925b8b19-565b-49c0-a414-d3ab4b11edb5,CUST00008168,422,High,2025-07-23 08:10:07.423293,v2.1.0
ab55dfbe-e118-438d-8f9f-104f43c1a286,CUST00006980,442,High,2026-05-02 10:43:21.493305,v2.1.0
c8fdb866-4c88-474e-bcd9-abb4607feed3,CUST00001122,379,High,2025-10-12 19:33:28.879453,v2.1.0
4a46395e-90d6-46c4-9509-36f5d0fba740,CUST00008011,422,High,2025-11-13 04:00:34.549469,v2.1.0
d7f98733-df0b-452c-ab5e-564898283969,CUST00008006,338,High,2025-09-19 13:18:25.376778,v2.1.0
76c62da8-64b1-40e9-83ad-ffdd00fabfaf,CUST00001542,300,High,2025-08-06 01:13:25.973305,v2.1.0
784a138f-5fb7-463a-8b88-d39632dc3c70,CUST00004272,321,High,2026-04-14 19:37:44.909735,v2.1.0
ea5e003f-d7b9-4b0d-b8ed-c34340a22a77,CUST00000663,300,High,2026-01-26 01:26:46.076270,v2.1.0
9dc22ad8-b4a3-461e-ad96-0a9acabae3ac,CUST00003885,546,High,2026-04-16 06:13:46.228615,v2.1.0
73594ad4-732d-45f9-b1dc-9d7b9883d166,CUST00008135,641,Medium,2026-01-07 20:33:52.201927,v2.1.0
0a44fb6f-8b14-422e-a796-d23476e40966,CUST00004675,647,Medium,2026-04-28 01:49:02.313140,v2.1.0
02d95963-a3f7-4034-80f5-941ebe3d0104,CUST00002929,435,High,2026-01-21 08:49:38.733453,v2.1.0
a20ad500-d5f2-4351-9634-60e492d9eec6,CUST00009927,366,High,2025-08-26 17:50:52.603433,v2.1.0
74192017-dba7-4646-aa56-7b63885f09da,CUST00005092,329,High,2026-01-17 22:26:08.520157,v2.1.0
22582e42-7827-4768-aed8-41e259772495,CUST00009457,404,High,2026-06-28 05:11:35.855478,v2.1.0
3a103c1c-a6f9-4f34-8426-8092b5c217c5,CUST00006028,555,High,2025-08-02 18:02:03.021057,v2.1.0
f6e223c5-312b-4675-96f5-6d0b78b819ed,CUST00004436,713,Low,2026-04-29 23:29:11.540226,v2.1.0
b3f104cd-8fad-4ad8-838d-799ee1614c7c,CUST00008594,561,High,2026-05-30 13:39:11.623218,v2.1.0
13a8425d-a3cd-4844-bc3b-8f7b52ffdad2,CUST00007459,670,Low,2026-01-24 08:49:22.319580,v2.1.0
b23c349a-3c80-40d5-943d-d035f31266ba,CUST00003653,360,High,2026-01-01 04:59:50.946611,v2.1.0
30551cbf-5f76-4583-8b26-2643990f13dc,CUST00005044,344,High,2026-07-05 00:19:43.757869,v2.1.0
98dbbfee-133b-4c33-88ac-b5d99f517444,CUST00007543,440,High,2025-08-09 03:05:15.326396,v2.1.0
d26f75e6-8169-4e59-ab1c-9df2c2bad4b8,CUST00000779,699,Low,2026-01-08 20:32:49.714151,v2.1.0
0c833f49-4774-42f6-bf0d-151bfa50a310,CUST00006988,403,High,2025-12-11 14:23:13.673698,v2.1.0
18e55488-b3cb-4ed8-a1a7-800a7b4748ef,CUST00002713,415,High,2026-03-25 12:04:21.553497,v2.1.0
e97fb5e6-13c7-42c8-9f96-9870d86bbfb6,CUST00006198,369,High,2026-01-12 23:29:08.799252,v2.1.0
9d0bc409-3a28-4d19-af82-93b77228adf8,CUST00000306,536,High,2026-06-15 04:07:32.903370,v2.1.0
543c7c72-3400-4742-a374-06424f008e14,CUST00001977,310,High,2025-08-13 18:06:31.115893,v2.1.0
cbecfffe-1020-40a9-99e4-b5750f4ad540,CUST00004447,325,High,2025-08-16 10:05:47.766966,v2.1.0
1d750208-c319-48ea-a71c-fb7c5f66aae1,CUST00002962,372,High,2026-02-25 02:05:45.207081,v2.1.0
64c06c83-0bce-4c8c-8204-839570702006,CUST00001640,733,Low,2025-08-10 21:39:40.896773,v2.1.0
04659fea-707a-4469-8cf6-f881a20617be,CUST00009259,565,High,2025-10-26 08:37:51.293826,v2.1.0
021fb844-5ef0-4d6f-85e5-3f0e9ea4b6d6,CUST00000799,303,High,2026-03-06 03:18:19.056512,v2.1.0
a4f0c9cd-f7dc-440e-875f-955150d8e968,CUST00009767,744,Very Low,2026-02-03 04:40:03.223166,v2.1.0
da2763ab-fe38-466f-8c5e-ecd2dc66c7ff,CUST00001394,539,High,2025-11-13 16:24:15.185850,v2.1.0
ff009bbf-12a3-4d6a-afdf-c9812264bbc4,CUST00008808,563,High,2026-07-16 04:34:29.509976,v2.1.0
f08a3c70-0bed-458c-81a9-4a209308dc98,CUST00005316,570,High,2026-01-27 16:38:26.051815,v2.1.0
516951dc-987a-482b-9633-6933fbe167c3,CUST00006960,491,High,2025-12-30 15:04:01.651559,v2.1.0
2c97c906-57fa-40dc-96ad-5bf9f7f29431,CUST00004324,660,Medium,2026-02-24 00:55:57.427807,v2.1.0
48ff7393-59d6-4640-9b49-e67a854e9a43,CUST00008629,601,Medium,2025-08-23 03:16:52.532092,v2.1.0
79185aca-3a43-4d32-8416-5ec06c7f1d39,CUST00006370,572,High,2026-03-31 05:32:11.841292,v2.1.0
20678f34-6256-403b-a86f-2d33e63146f0,CUST00005402,300,High,2026-05-25 09:16:59.273554,v2.1.0
7f8de5e9-fc9d-4dc5-bd33-5821fd19668a,CUST00000554,300,High,2026-03-12 15:41:09.351660,v2.1.0
b125c43e-bb6b-4778-87a4-4490c233ff28,CUST00005080,504,High,2026-04-24 18:26:57.867754,v2.1.0
7de1decf-06ad-4cf2-af29-8f3739f217dc,CUST00005665,794,Very Low,2026-04-07 04:36:58.948226,v2.1.0
2132a50c-d246-445d-9a24-ae6ebcf7bcf1,CUST00009447,328,High,2025-10-04 10:44:50.138007,v2.1.0
151d532e-1a5c-4e39-a369-f2c634949ef5,CUST00002462,822,Very Low,2025-12-29 20:07:43.272619,v2.1.0
1f2152a5-07ec-414e-b94e-9242cd7a5470,CUST00000462,474,High,2025-10-09 08:49:35.403919,v2.1.0
a6a458b1-d30b-4c18-8c95-c18e4fc9ce31,CUST00000648,401,High,2025-11-18 16:53:59.617634,v2.1.0
f8f7d012-702d-4fc2-a81c-bdefa606cd57,CUST00007306,472,High,2025-12-30 13:10:09.155340,v2.1.0
91c3ef32-a29c-4e22-8430-859b7744ccce,CUST00007294,300,High,2025-12-16 20:22:19.572034,v2.1.0
7fe3c31c-dfa5-4d2e-95b3-0b9a5621f604,CUST00008283,536,High,2025-08-21 15:24:22.727360,v2.1.0
d226a0cc-eb5e-4f58-b5fe-ff78b0bc3de5,CUST00000560,300,High,2025-12-20 18:49:03.079879,v2.1.0
c810138b-978b-4325-a674-69ec9c5e6560,CUST00003864,634,Medium,2026-03-17 20:04:57.246118,v2.1.0
3c4101f8-a27c-4ed1-b6bd-64df0add337c,CUST00000819,607,Medium,2025-12-01 14:56:22.581085,v2.1.0
3022e06f-3349-4cce-8cab-c810ee18102f,CUST00004506,383,High,2025-09-11 15:54:10.252250,v2.1.0
7a59d5e7-d418-435c-b78b-755be5f384a3,CUST00001246,648,Medium,2026-06-20 00:34:19.104620,v2.1.0
eee0fb67-6fb8-47ee-a3db-c695d97ecd49,CUST00008741,660,Medium,2025-08-11 10:22:52.081675,v2.1.0
a6465bde-4071-4422-a2b3-5943b20b7131,CUST00001986,300,High,2026-05-17 17:01:09.896822,v2.1.0
dfbaa1ef-5dd6-4670-8bb3-1df7f38de038,CUST00007967,593,Medium,2025-08-20 23:08:21.706716,v2.1.0
f270ccb2-f65b-4045-876a-bae7c6c7a36a,CUST00001443,421,High,2025-08-22 04:22:02.305468,v2.1.0
940c3b19-c32c-4fd0-bea9-5301203a8656,CUST00003057,411,High,2026-04-13 18:00:54.282165,v2.1.0
004b69d3-6f36-4639-8f61-c7b120cbde41,CUST00002040,423,High,2026-05-10 09:40:53.028407,v2.1.0
7717195e-e118-458c-a9f7-118b3fcfd95e,CUST00002137,467,High,2026-02-06 02:55:08.421939,v2.1.0
1bcf4109-568c-4a71-a3d5-13d19aedde08,CUST00006620,521,High,2026-02-17 02:43:07.789228,v2.1.0
0b5a2719-2eb4-45e2-8073-aab85e795e76,CUST00001453,386,High,2026-02-08 00:38:18.207535,v2.1.0
a19742a3-31ec-48b6-a3c6-06098dff7633,CUST00005530,517,High,2025-11-15 07:30:15.209012,v2.1.0
6beb6e94-b203-409e-a9f4-093276888df0,CUST00007662,631,Medium,2025-08-31 13:21:24.402874,v2.1.0
f4416721-a5a1-406d-be3b-e4328749e817,CUST00000326,300,High,2025-11-24 01:27:45.249110,v2.1.0
a61fb42d-4509-4216-9cda-c71ba10027a4,CUST00005600,601,Medium,2026-03-17 22:07:19.139835,v2.1.0
493adadf-ca34-46db-87ec-2cd776ea0ef9,CUST00009923,446,High,2026-04-17 22:43:06.010144,v2.1.0
8a83358b-6135-4a05-b3eb-4b44e52d4219,CUST00007974,408,High,2026-05-30 23:23:38.765534,v2.1.0
99c93c53-0da7-4fd9-9f0e-c095b8f1facf,CUST00009425,449,High,2026-04-07 06:33:05.479173,v2.1.0
086649f4-797e-4540-bbe2-819aea51e07e,CUST00003638,645,Medium,2026-07-06 14:39:23.761717,v2.1.0
c992f375-55a1-490b-b60e-6633842364ad,CUST00009746,470,High,2026-02-22 04:57:26.740513,v2.1.0
5fd0d284-3b5c-4ef7-9f5c-79028961147d,CUST00008386,444,High,2025-11-23 08:21:09.847326,v2.1.0
43797fd1-9dcc-476d-8e7b-413da78e1dc3,CUST00007491,464,High,2026-02-13 23:48:06.114340,v2.1.0
56ee685d-2679-4619-8766-2122736b9638,CUST00006167,577,High,2025-10-03 14:43:26.327547,v2.1.0
d8761377-79af-4245-b51d-fee36d8a83f3,CUST00006617,378,High,2026-03-14 18:41:58.135013,v2.1.0
aee8862e-6a2b-4e3c-85b5-cc0b0fd13922,CUST00003045,445,High,2025-10-07 19:35:00.133782,v2.1.0
57846c10-883b-48d0-8876-25a3264ddfe6,CUST00002153,484,High,2025-08-26 10:31:22.908826,v2.1.0
e3139ed0-292b-4eed-9e52-23c04cea47fd,CUST00006744,345,High,2026-05-22 16:14:49.792220,v2.1.0
30ccc207-85fd-4065-806b-e101be2402bb,CUST00002872,850,Very Low,2025-11-29 03:51:31.038151,v2.1.0
52366dc0-c54e-4cc1-b9aa-71cad32b2644,CUST00004742,497,High,2026-04-22 10:43:28.599144,v2.1.0
bd534ab2-67d7-48ff-bafe-1caf68912d18,CUST00004460,674,Low,2026-02-12 14:19:46.274287,v2.1.0
10d430f4-4bcc-4fc2-baa7-5dfb21dea930,CUST00009602,545,High,2026-05-08 17:48:55.703012,v2.1.0
feb910a3-11fd-4c74-8a81-cf850129830f,CUST00006447,708,Low,2026-05-22 14:20:02.305076,v2.1.0
f2690e61-e963-4a17-a263-ca7b0ed42cc3,CUST00008466,771,Very Low,2026-07-08 20:32:53.842978,v2.1.0
a2ccd423-7967-4065-8cab-2833d86ee39c,CUST00003668,492,High,2026-05-12 20:02:24.341834,v2.1.0
39b6953a-44b7-4bb6-b3fe-ad38c2b97ef2,CUST00005356,300,High,2026-02-27 00:20:34.030512,v2.1.0
4d1a09de-9586-4614-be74-ed20e58e18e5,CUST00003532,355,High,2026-03-09 15:39:11.840399,v2.1.0
e9abf7d1-b6a6-429d-ad67-62da0602af04,CUST00001562,494,High,2025-07-27 12:02:29.228169,v2.1.0
f61a406b-2af2-4b4b-957e-41974b1fcfff,CUST00009054,453,High,2026-06-22 06:02:11.692674,v2.1.0
589cab6a-c64d-481f-bfaa-e3257016aa03,CUST00009429,332,High,2026-05-16 20:45:39.171108,v2.1.0
bc3df559-fbcd-42dd-90ff-e7e9b6e560c4,CUST00004027,529,High,2025-10-23 14:17:21.256489,v2.1.0
766f8626-0cf2-4b7e-820f-dcfd1e876969,CUST00003482,476,High,2025-09-21 19:23:26.353026,v2.1.0
7b8677ba-e7a1-4696-a9a6-b76ae7036b8a,CUST00008850,388,High,2026-03-31 13:35:43.662844,v2.1.0
ad3db359-e1c0-4d72-902f-f34160a913eb,CUST00009851,300,High,2025-11-07 18:23:32.253448,v2.1.0
2198425a-8338-49ab-8dfa-6a9ce51600b6,CUST00007987,388,High,2025-11-19 00:43:40.980211,v2.1.0
1731839d-9030-477d-9f94-a89cbd9bbf18,CUST00000561,475,High,2025-07-20 03:25:42.784283,v2.1.0
9a70a9eb-b198-4759-8a68-f9f313f427de,CUST00001111,850,Very Low,2026-05-31 14:54:51.786416,v2.1.0
364c3d03-766a-4a29-b817-8c408d82e39c,CUST00000059,436,High,2026-02-09 18:08:29.278616,v2.1.0
eddf7081-9afc-498c-bc3c-a2ae2dfd108b,CUST00008905,400,High,2025-12-11 07:05:09.736526,v2.1.0
0328621b-c974-4135-b043-ac922567f262,CUST00006897,430,High,2025-09-07 17:32:45.006143,v2.1.0
216ff431-4bb2-47b5-9707-e6ccb3cbb0e1,CUST00008555,300,High,2026-03-06 04:08:26.045959,v2.1.0
aaec5cd1-757e-4b11-b9a1-abcc0bcf64a0,CUST00000640,583,Medium,2025-07-29 02:38:21.960132,v2.1.0
e6a19101-7b3a-4801-83c2-9c56ca89fdea,CUST00000225,709,Low,2026-04-16 10:08:35.900109,v2.1.0
65c84e42-cc1c-42e7-a392-1cf33209bf77,CUST00002446,554,High,2025-10-04 11:42:35.500137,v2.1.0
61c4e41a-ec57-4607-a844-baf2118ef818,CUST00000903,472,High,2025-12-18 06:03:27.169948,v2.1.0
53a270a5-9ae4-4691-bf07-223335f6ee66,CUST00000365,627,Medium,2025-11-19 10:07:08.500156,v2.1.0
f61c7bcc-05aa-4704-ae5c-8e016b290302,CUST00005177,360,High,2025-11-30 01:42:11.745281,v2.1.0
d29c9432-4116-4206-a8f4-f3e2a83a3f6b,CUST00001511,605,Medium,2026-04-07 11:14:37.452720,v2.1.0
cc0bf992-38b6-47cc-96c4-a9022d3e93b2,CUST00009625,519,High,2026-04-27 15:27:40.574687,v2.1.0
fdddae2c-6928-4ecc-9aa6-f1091d1629b8,CUST00009267,845,Very Low,2026-02-10 05:17:44.021382,v2.1.0
a502adbb-14d5-4aab-9a43-619657a94112,CUST00005862,639,Medium,2025-08-17 22:37:10.881901,v2.1.0
6be0125c-d63a-47d6-83cc-76a5e344ab47,CUST00006976,632,Medium,2025-08-06 03:03:46.846780,v2.1.0
d6992374-c61e-43f0-a396-84746f147cf5,CUST00001772,504,High,2025-09-13 09:43:26.566797,v2.1.0
bead582c-630d-40e9-a56c-b2812e72a9c5,CUST00000258,850,Very Low,2026-02-28 13:43:40.397760,v2.1.0
7261eff5-9bef-4dd9-be16-5ba2c16808e0,CUST00009999,499,High,2026-03-21 01:45:16.673078,v2.1.0
4618de9e-4386-44bc-8f3f-5c979ea196e8,CUST00004627,519,High,2025-10-25 07:05:41.598637,v2.1.0
10d237e2-57b2-4291-9ce3-f061bf6c7b0b,CUST00002745,371,High,2026-03-16 16:18:08.577135,v2.1.0
30cacbbc-1543-469d-be8d-037b03fd53ee,CUST00004667,615,Medium,2026-01-11 07:06:02.206555,v2.1.0
3c361e40-94fd-4638-8fcb-c55d946ad865,CUST00007948,514,High,2025-12-26 08:45:35.699956,v2.1.0
d2e8abab-1c0e-4446-97dd-a92461ca4b92,CUST00009143,300,High,2025-10-25 16:25:17.991572,v2.1.0
0388940b-eb0c-41fe-96c5-3d2a409826b6,CUST00005151,401,High,2026-04-19 15:33:25.479753,v2.1.0
88f1ec3d-3eae-41bb-958d-758f3978d1f2,CUST00005653,551,High,2025-08-28 11:36:13.055612,v2.1.0
8d2820f9-f4f3-40ca-8686-be1d285fda78,CUST00009023,653,Medium,2025-12-21 22:25:35.031938,v2.1.0
7eb47459-7acf-4312-a1db-234e993907b6,CUST00007516,544,High,2025-10-29 08:46:38.079261,v2.1.0
35c01641-d431-439a-b4c7-b8e0a201c427,CUST00005417,412,High,2026-03-22 17:21:15.621094,v2.1.0
655c4d46-ed08-490c-8294-55ca8162a613,CUST00008442,697,Low,2026-01-11 15:36:45.326869,v2.1.0
d4b643a7-885f-4f3d-9b42-edb90394697a,CUST00004376,445,High,2026-03-18 13:49:50.033047,v2.1.0
73e9891a-321e-4d8f-abbb-2ef8e39465d0,CUST00007036,686,Low,2025-08-03 12:01:27.721524,v2.1.0
a2125102-ef6d-4b29-b9fb-89b3ca5fdbd8,CUST00007920,545,High,2025-12-09 06:41:26.640801,v2.1.0
17318a70-6f03-4120-b4f1-17620364e41f,CUST00005689,636,Medium,2026-02-21 19:26:43.444507,v2.1.0
9cf671b3-126f-42ab-b6e3-4cd4af290845,CUST00007416,480,High,2025-07-20 17:17:23.340352,v2.1.0
d7a5de1b-5543-44bd-9108-e8397de1e080,CUST00001294,300,High,2025-11-05 00:04:35.232504,v2.1.0
60c304e5-e509-4e24-b1eb-42ceb4748c7e,CUST00003080,588,Medium,2025-10-03 01:31:58.916485,v2.1.0
e3bac95d-1deb-4a1d-b66a-e4134bfb7306,CUST00009326,300,High,2025-09-06 00:52:26.519517,v2.1.0
85fca442-d321-4650-a5ff-5e3279049fa0,CUST00008029,826,Very Low,2025-10-19 05:43:45.531256,v2.1.0
506f4266-91c4-4f1a-8c2d-6acad9531e02,CUST00005974,407,High,2025-11-14 18:08:54.562028,v2.1.0
91c153cc-6aa9-4fae-8e17-bce36e0975b8,CUST00000565,300,High,2025-07-20 17:39:54.620913,v2.1.0
f5c3ba4f-4e78-4dc3-ae53-524f5ae873ab,CUST00006797,495,High,2026-04-16 18:03:11.481345,v2.1.0
890643e4-d417-47e6-a1d4-283b4c0d3ac9,CUST00005674,300,High,2025-09-20 02:00:18.479368,v2.1.0
0188feb9-f3bb-4f21-b116-18df70b0e7fe,CUST00007384,376,High,2025-12-03 18:42:49.989670,v2.1.0
4581905a-be63-4c75-9824-822508cc8f95,CUST00006261,578,High,2026-03-31 22:07:12.289353,v2.1.0
233da6b5-0d3d-4e4e-a3a9-7541ec18e4a5,CUST00008229,569,High,2026-01-16 15:05:10.801015,v2.1.0
07841d29-2683-4f8c-b6df-0f24f527b2de,CUST00002403,542,High,2026-05-18 06:53:22.560255,v2.1.0
783cd4cb-f031-4589-8a44-d04eb036d9e7,CUST00006472,451,High,2026-05-08 08:51:50.450638,v2.1.0
15460a8d-ddf5-46e8-9922-bc7c3f355eed,CUST00004231,468,High,2025-08-13 05:42:11.418028,v2.1.0
6166af10-a033-4ceb-80c5-df3542e34a9a,CUST00006628,647,Medium,2026-05-28 15:55:34.466555,v2.1.0
914a229e-d99d-4043-9d39-744b8929b0d6,CUST00006255,561,High,2025-08-02 08:43:05.300340,v2.1.0
94649523-dec6-456c-8256-77df27f68f81,CUST00004286,510,High,2025-07-24 18:11:25.722268,v2.1.0
bb292316-76f5-4e04-883c-5bfc4996ebee,CUST00005796,300,High,2026-06-19 08:35:43.758710,v2.1.0
28e9b54b-e478-4197-aed0-86bf6e4fa57d,CUST00004687,370,High,2026-05-28 18:57:22.102512,v2.1.0
d2a714ef-8327-40bb-8a90-ed9d22b339a7,CUST00000612,691,Low,2026-02-13 04:52:23.834954,v2.1.0
a5bb285a-0a69-4375-835b-1ea3e865e597,CUST00002654,448,High,2026-02-12 08:11:26.352199,v2.1.0
65e2637a-ba51-4e7f-8798-ef87e5e41cff,CUST00000465,399,High,2026-04-03 01:12:15.422505,v2.1.0
769f7808-2cdf-4fc5-b654-343974d8ab6a,CUST00003482,558,High,2025-12-17 11:18:42.019575,v2.1.0
226a9dd8-4b7c-4840-bacc-2d1cdb8b949d,CUST00003001,523,High,2025-08-28 23:29:19.715381,v2.1.0
6e570664-e6aa-4f70-abbc-1c05c8f6c7c0,CUST00009951,354,High,2025-07-25 12:43:48.927012,v2.1.0
eaca1eac-d264-4d95-aa49-e4c43dcb3cf0,CUST00008967,544,High,2025-11-13 12:44:47.699963,v2.1.0
54a51099-0072-4d8f-a95a-5bd93e144629,CUST00004085,787,Very Low,2026-05-06 14:06:15.674526,v2.1.0
bbc7e048-077f-4555-b276-ef1843d5e84c,CUST00004201,530,High,2026-02-28 16:14:39.749022,v2.1.0
2c39e7f7-0c28-4840-8b23-b157256fd242,CUST00009995,313,High,2026-05-17 19:14:46.083963,v2.1.0
6a5a1702-871e-4588-84c2-0096930da15b,CUST00004392,470,High,2026-06-18 20:23:15.236488,v2.1.0
80346510-eed8-4c69-a71b-bbdd786f8ad1,CUST00003274,503,High,2025-08-19 02:25:55.397829,v2.1.0
b532d754-a962-4cf0-a308-a9202e8b881e,CUST00003637,739,Low,2026-05-22 08:27:13.998801,v2.1.0
6eb47a5f-0969-466b-86a2-744391c76dac,CUST00002043,397,High,2025-10-14 18:45:37.760432,v2.1.0
6d891041-3ec7-4151-a816-2107d88d4e80,CUST00002240,641,Medium,2026-02-17 23:48:39.782955,v2.1.0
4b9d2ea7-e5c5-45ac-82e4-1b5e7d2fe36d,CUST00006065,300,High,2026-01-25 06:50:11.643360,v2.1.0
41c33261-3d7d-4a79-8555-a3766e8aef87,CUST00003599,534,High,2025-12-09 11:06:09.170382,v2.1.0
7374471c-9f0b-4f75-bb8a-e8761ce2b12d,CUST00004677,586,Medium,2025-11-08 05:41:56.435370,v2.1.0
ce05007d-f5b4-4161-a1e5-8d1ccc3ac792,CUST00004914,643,Medium,2025-11-18 21:59:54.981696,v2.1.0
c0b3c384-bd5a-4c84-957f-32692dda1f4e,CUST00001248,704,Low,2025-11-16 13:30:22.589900,v2.1.0
46e4993a-b3cd-402e-a9e2-42256f2423d4,CUST00008583,300,High,2025-09-17 07:43:03.480763,v2.1.0
1c8abd0b-389d-423c-aca4-76b0ec95fb6b,CUST00005710,550,High,2026-01-20 08:40:50.242709,v2.1.0
ab9953a3-44e7-428f-96f0-23f19e288bbd,CUST00003095,411,High,2025-08-28 13:26:12.570352,v2.1.0
7222e388-3203-45db-aa9a-0b06a3c09860,CUST00008304,611,Medium,2026-01-20 04:01:26.603382,v2.1.0
d29a7f5f-89ec-4ead-a838-a2a68815ca68,CUST00004877,429,High,2026-06-13 19:00:28.476871,v2.1.0
d748f010-7674-4eeb-99cb-842905ed3cfa,CUST00009432,705,Low,2025-11-22 12:26:47.017442,v2.1.0
e5c2b713-ee03-4d60-bdf0-6373b3443699,CUST00006421,773,Very Low,2026-04-09 13:56:14.409667,v2.1.0
c77402cb-ccb2-42d2-883d-60423e437497,CUST00004911,366,High,2026-05-13 00:36:48.815889,v2.1.0
bc8afda1-7095-4399-aeea-6e4222475999,CUST00006068,300,High,2026-05-11 14:19:31.620684,v2.1.0
609921c0-2e3a-49a6-b957-7ae858480949,CUST00008553,435,High,2025-10-12 04:58:57.691236,v2.1.0
3e36d187-67df-47bd-92f7-0ae298d9b264,CUST00008976,478,High,2025-09-09 09:36:05.534916,v2.1.0
3f54e981-b440-4a35-93d5-c876f4f68ccb,CUST00001851,300,High,2025-09-27 23:08:38.201961,v2.1.0
8ab07cee-1b0a-48f9-9a70-caed22befeaf,CUST00008440,693,Low,2026-02-22 22:23:29.744933,v2.1.0
c6116f74-0d89-47d2-a123-21c41c33edff,CUST00009506,654,Medium,2026-04-21 13:46:17.384735,v2.1.0
86747598-f42e-4a90-95ed-0972901e2ffb,CUST00000099,300,High,2026-03-14 07:56:28.790561,v2.1.0
b55ef7f5-c5f9-4404-8fa1-87c14fe98057,CUST00005854,508,High,2025-09-20 14:43:37.624610,v2.1.0
24e2de22-1f47-4461-8a80-464012df21b5,CUST00006599,300,High,2026-04-26 04:30:27.120490,v2.1.0
b2bcb09c-abb7-4b26-a2fc-f23988c0203a,CUST00002182,522,High,2026-01-14 09:13:04.511579,v2.1.0
111bbf0c-3f1d-4726-a685-d80b476aaa0a,CUST00000417,711,Low,2026-04-19 11:11:51.733621,v2.1.0
26e73023-0628-44e7-8723-d2a51b429e4f,CUST00008326,538,High,2026-04-21 10:48:26.602604,v2.1.0
605973ef-b547-4c70-a80b-7bf4e66b203b,CUST00004856,711,Low,2025-12-28 20:54:08.684005,v2.1.0
a1e9d968-8331-4ba4-a7eb-32e22c522e14,CUST00001816,797,Very Low,2026-06-20 10:49:15.955152,v2.1.0
83308e6b-b47d-472d-9d25-ae7df0c97321,CUST00005405,694,Low,2026-02-09 02:06:22.183011,v2.1.0
eebf8e09-bb77-48a4-b9c7-0b877fb55862,CUST00007845,359,High,2026-03-06 22:46:45.335839,v2.1.0
26b220b1-924f-4f31-995a-3ec12db15efc,CUST00001775,537,High,2026-03-03 00:18:52.920098,v2.1.0
1c5f6755-f8b7-48ed-b7cb-74dc93d22ee1,CUST00006021,300,High,2026-05-29 13:41:14.467880,v2.1.0
68f64a4f-2064-4c3e-a95c-b121b77f66ab,CUST00005302,656,Medium,2026-03-03 23:56:38.124141,v2.1.0
d73ab146-62c3-4cb6-817c-857adcfe7569,CUST00005000,669,Medium,2025-09-11 01:09:46.863007,v2.1.0
f7d5dcab-7c71-44cf-9aa0-09f93d5d37cd,CUST00006031,423,High,2025-08-11 20:29:15.431778,v2.1.0
04b00fdf-a38d-4a67-b161-6c4505b40aab,CUST00008504,541,High,2025-12-26 10:11:47.127553,v2.1.0
44d0950d-3563-44c5-8116-18ea2136106d,CUST00006383,321,High,2025-11-05 12:21:28.527087,v2.1.0
f2159c84-0cf2-46ce-bbb8-3174bbf1c995,CUST00005864,432,High,2025-10-26 05:37:48.411012,v2.1.0
ef85a9b0-2930-4654-bddc-72da8819150b,CUST00009665,300,High,2025-08-07 10:17:52.768124,v2.1.0
682c408c-dd6b-451e-b472-8a5fc644a739,CUST00008675,550,High,2026-01-19 05:06:00.152152,v2.1.0
47b81037-b2ea-4457-90a1-8c396d830b7e,CUST00005718,527,High,2025-11-08 06:52:02.593911,v2.1.0
9429ed98-a8a5-4144-991c-dd55165992b2,CUST00006989,428,High,2025-12-29 23:16:30.491542,v2.1.0
e6194415-9aa2-47ce-853f-44f8e6b67f79,CUST00005926,419,High,2025-08-07 16:35:28.315194,v2.1.0
6d78e352-ff29-43c8-b5ea-b28f57ac59b1,CUST00003733,471,High,2026-05-17 16:21:35.037482,v2.1.0
9b9c79aa-5595-4900-8add-59112bf99345,CUST00000037,307,High,2025-08-14 22:30:43.947047,v2.1.0
ec397777-4796-4d5a-b725-6d1ee4df869f,CUST00005497,374,High,2026-05-29 13:42:54.158570,v2.1.0
2b77d690-5c3c-49d0-9890-dc597ac3982a,CUST00002471,640,Medium,2026-05-26 07:12:11.125590,v2.1.0
74780b25-ac7a-4d4f-b9d4-c517e70796a0,CUST00005349,433,High,2026-02-27 12:55:21.351016,v2.1.0
0f125b51-0cf2-47f4-b351-78ab8998b55e,CUST00003366,536,High,2026-01-19 02:44:29.245704,v2.1.0
8cb3a41f-d95c-494c-a142-de44e484eac7,CUST00003789,433,High,2026-01-02 21:55:33.664890,v2.1.0
b1b16001-4b81-407b-84de-b6e30dafd6bb,CUST00003595,350,High,2026-02-05 08:54:39.390801,v2.1.0
f15394e4-58ad-4c32-8a8e-23d998a3c440,CUST00001579,300,High,2026-05-03 02:47:29.188405,v2.1.0
a1dce1b5-bdba-477b-a2c0-dda7548522e3,CUST00008963,556,High,2026-06-10 02:56:50.579210,v2.1.0
8557520f-bce9-4f82-97ef-7ce3b829ce58,CUST00002774,461,High,2025-12-29 04:09:51.756414,v2.1.0
dd893f05-d7fe-43bb-b210-400ad9fcc74a,CUST00000112,693,Low,2026-05-09 16:33:31.123393,v2.1.0
c7baa736-eb87-421b-9905-053098f8de8d,CUST00007200,784,Very Low,2026-03-12 23:45:26.471258,v2.1.0
a01e34a2-46c1-4044-b882-d13357a2559d,CUST00000016,678,Low,2025-11-12 08:19:59.173152,v2.1.0
ba7ca246-ec8b-4e67-b3dc-1aed2511d02a,CUST00004148,379,High,2026-01-07 15:09:23.668736,v2.1.0
a59a331b-653f-4f88-9b04-82d0d304480f,CUST00003868,652,Medium,2025-09-11 00:19:07.169960,v2.1.0
54b96d1c-1ce0-4d93-8b22-c1480606a061,CUST00000920,492,High,2025-08-09 12:16:36.019433,v2.1.0
55978755-4b21-4252-96cd-d6c39e06fa8a,CUST00009492,300,High,2025-08-24 17:10:45.416526,v2.1.0
b0219dcf-a049-4537-a18a-42bf07aac417,CUST00009837,570,High,2026-06-11 07:26:12.129658,v2.1.0
2b8b1fc5-8ccd-4489-bf7e-fb9bbb5fa3ca,CUST00003910,499,High,2025-11-20 08:23:59.224555,v2.1.0
5e42b5b3-0ad2-4025-a99a-491841be3ccd,CUST00004939,499,High,2026-04-04 19:25:31.205773,v2.1.0
e46b3834-6895-4a27-8a03-70867bfcac70,CUST00000284,423,High,2026-01-18 04:39:43.639429,v2.1.0
46faa437-9f4f-40de-b69b-889ba0696a79,CUST00004096,591,Medium,2025-09-18 22:31:00.012645,v2.1.0
13f82ec8-1988-48d1-b27a-9d807f5bbd83,CUST00008077,504,High,2025-10-16 09:34:07.281248,v2.1.0
e6fcd141-1892-4e3d-86a8-398e33e9f090,CUST00002604,367,High,2025-12-24 19:11:26.294192,v2.1.0
5dd7add5-bad9-4ae2-aacf-1e88495827dc,CUST00002091,629,Medium,2025-12-25 09:46:21.475300,v2.1.0
1beb8a60-99f5-4e04-a00a-c5bbdc31e9ea,CUST00002194,339,High,2026-01-24 20:11:25.743393,v2.1.0
128962de-70b9-495d-83ab-1a993edaf153,CUST00004457,341,High,2025-09-13 21:26:16.176275,v2.1.0
60fbb71e-a52c-4dcd-992f-4697d3e3f358,CUST00000893,568,High,2025-12-01 02:14:15.566248,v2.1.0
f9977eed-1e89-4fa9-82fe-43937c081228,CUST00001481,547,High,2025-10-29 05:41:01.976430,v2.1.0
71cbbae9-d4e9-46c0-a391-8a4114327227,CUST00004575,528,High,2025-12-14 05:04:51.953813,v2.1.0
91f0693c-7515-42ca-bbcd-e6ea1f645daf,CUST00009499,573,High,2025-11-18 11:57:06.723948,v2.1.0
59ae788d-5cdd-4d06-8757-756321afd9db,CUST00002844,304,High,2026-02-21 06:49:50.317352,v2.1.0
3fb8370b-47ec-418a-badf-6f02b714926d,CUST00008462,567,High,2026-05-02 04:04:49.923445,v2.1.0
b4ef30c0-a6be-4287-848d-1c76d425bb09,CUST00005340,362,High,2026-03-11 08:01:48.261266,v2.1.0
ac83744c-2c03-43d5-b44d-19ecf8a119bf,CUST00002209,305,High,2025-08-10 23:40:26.984776,v2.1.0
1f4f3cd5-066e-4cdd-bbbf-7e774b1dc977,CUST00004682,509,High,2025-08-21 10:19:23.236164,v2.1.0
f8776ba5-f691-4723-9939-6990e5422d29,CUST00008869,541,High,2026-03-22 16:25:01.892972,v2.1.0
f4bae43d-6de5-45bd-b6f2-fd71a0630d73,CUST00002361,552,High,2025-10-29 16:40:15.039871,v2.1.0
c0e2c9dd-6cba-4823-9334-3e9764ee827b,CUST00007250,453,High,2026-04-08 05:58:55.885228,v2.1.0
43608c49-9701-4c65-b8d1-9a2071d31d2d,CUST00007827,333,High,2026-03-14 17:11:23.541937,v2.1.0
80d15d65-bd09-4602-9969-9d097b28c425,CUST00003164,341,High,2026-06-13 22:41:21.219922,v2.1.0
411bec08-1806-44ab-8252-f89116ea0ce2,CUST00000130,659,Medium,2026-06-01 20:51:59.749814,v2.1.0
ce4a5a3b-fef3-4254-90e7-1bf99823e692,CUST00007257,309,High,2025-11-16 16:04:41.764385,v2.1.0
a9d3989c-625f-4766-9af4-dbd4eea0cc87,CUST00004169,484,High,2026-02-15 18:03:41.018572,v2.1.0
430c7a2c-8c0b-4b06-a743-5f49f6dca9df,CUST00009034,542,High,2025-09-07 13:38:02.069007,v2.1.0
29e1e078-79df-42ee-b12d-9656eaa21cbe,CUST00002627,657,Medium,2025-11-22 16:21:06.239581,v2.1.0
a71b62eb-1d33-458d-8b3c-2d2607e7034a,CUST00005198,316,High,2026-07-06 08:30:07.221382,v2.1.0
9bbe8f7d-0521-4404-9efb-da881d0009ed,CUST00008393,565,High,2026-03-30 00:36:51.787744,v2.1.0
479d39c7-0ab3-46a3-bb70-a72e593c73fa,CUST00002549,536,High,2025-12-08 01:42:58.634763,v2.1.0
d24aab6d-753c-4a4f-817e-66ecd2b81c52,CUST00005005,434,High,2026-02-20 05:53:42.945895,v2.1.0
6fbf3640-3fab-42a9-be15-ec7bf1528e56,CUST00004488,300,High,2026-06-25 12:12:31.779116,v2.1.0
4fdb67af-ba1d-4d36-9dec-c0112e07a90b,CUST00009736,697,Low,2025-11-07 23:37:37.891567,v2.1.0
25f83fd6-5e99-43f0-a47c-197506860ce1,CUST00000614,466,High,2025-12-02 11:47:13.417882,v2.1.0
823719a1-1f3c-4ff0-a0b7-7e63adc80977,CUST00001173,300,High,2026-05-03 01:25:31.405543,v2.1.0
1a829dbf-b918-49af-b9bf-03eba44aac22,CUST00008070,392,High,2026-05-10 22:05:21.542061,v2.1.0
3a36183c-5279-4f61-bc20-5fc3338a40f1,CUST00004847,452,High,2026-03-19 15:59:10.323904,v2.1.0
31ea315d-8ff3-46bf-ab4e-e621ad63d37b,CUST00004867,471,High,2026-05-16 16:21:43.462462,v2.1.0
a4e8633d-bdb2-4dae-834a-e91abe53bfab,CUST00005768,533,High,2026-04-13 17:49:41.291877,v2.1.0
73049e36-b5dc-4530-a42b-df069c206a84,CUST00008290,757,Very Low,2026-03-25 06:05:06.542427,v2.1.0
bbaf410f-8975-4a51-b761-db73bbf49ca2,CUST00003700,511,High,2026-01-26 04:08:39.654150,v2.1.0
cf4169d6-6395-4b36-addd-d2f101dc2dd3,CUST00002019,384,High,2026-03-10 20:48:18.717334,v2.1.0
3a85ef99-ebe3-4dfb-ae11-4780188af7b2,CUST00001146,300,High,2025-12-19 13:23:06.922746,v2.1.0
3a7616d8-8f18-4893-9e27-b2ea067ea4ec,CUST00002210,469,High,2025-11-27 01:36:17.713798,v2.1.0
b5ec201b-e3e4-4d88-adaa-a51732e2d231,CUST00004970,481,High,2025-11-27 08:21:02.914282,v2.1.0
ef560eb8-2ca8-4751-8c70-a7704dbd8e32,CUST00002273,440,High,2025-09-21 18:02:53.467813,v2.1.0
ac4cabbe-5be6-49b5-a97d-28998633eaf9,CUST00007920,536,High,2025-10-04 03:28:05.262907,v2.1.0
e6c19904-d2cd-4bd8-aee5-e008794aedf3,CUST00000599,363,High,2026-06-29 00:56:21.334159,v2.1.0
9f692eb7-09e9-4e1b-95e7-fe7d31e69c4e,CUST00006139,493,High,2026-01-11 12:26:27.074458,v2.1.0
f3ecbff3-f968-406d-a1c0-03fc28a9df05,CUST00005241,314,High,2025-10-08 15:43:43.112106,v2.1.0
50164af7-b285-4516-a08e-506853de4c9c,CUST00003729,506,High,2025-09-06 03:46:17.532956,v2.1.0
23c127a1-0094-474c-a6ff-e4e3b68ea25b,CUST00008042,381,High,2025-08-15 02:19:02.193701,v2.1.0
289e4297-cdbb-4f43-a215-ebf547e80867,CUST00007782,579,High,2026-05-22 07:57:47.732666,v2.1.0
1211a7aa-cd7b-4a04-b004-eb60db04509c,CUST00000539,638,Medium,2025-08-23 20:28:56.377906,v2.1.0
38d82bba-8be0-4898-8f51-8815e46148ab,CUST00004555,673,Low,2026-04-25 11:12:34.039572,v2.1.0
76e7ad63-78b9-481e-ab70-a46b663653f3,CUST00009866,382,High,2026-05-18 22:21:59.897472,v2.1.0
507c5a98-b77f-4ca4-9065-8d72ec3d7b02,CUST00009295,794,Very Low,2026-06-05 16:03:08.804357,v2.1.0
ad197ea9-23da-461e-b452-216ef4f3258f,CUST00001330,736,Low,2025-07-31 16:47:31.650990,v2.1.0
c5ce9003-1329-40ec-8cbb-ce9922efa84b,CUST00003441,529,High,2025-11-17 21:54:08.380283,v2.1.0
b6177080-838f-490a-a239-eb6aa943f8f0,CUST00001533,361,High,2026-04-23 19:10:30.768334,v2.1.0
4e520d0e-7b6e-44e3-8f97-6f04b007ec04,CUST00004419,348,High,2025-09-03 18:39:04.003444,v2.1.0
091b1879-8542-437b-a6be-acd67c7635cc,CUST00008685,549,High,2025-12-02 12:08:33.509501,v2.1.0
a675691d-4644-486d-abd5-e0229f788c79,CUST00007579,454,High,2025-09-15 04:07:36.438611,v2.1.0
c661acc1-e3a7-40e4-b4af-b0b24b80cf5d,CUST00000328,690,Low,2026-05-17 13:16:40.478844,v2.1.0
c0e8cb59-fabf-4707-a97c-d21d7ecff238,CUST00003134,641,Medium,2026-04-25 13:09:54.138086,v2.1.0
bc2a9357-dc9a-4e71-8194-7c46c6cc32ce,CUST00008722,423,High,2026-05-09 09:47:23.073115,v2.1.0
8c421f0f-51ba-4ae2-a9cc-ee088a80d9e4,CUST00003222,300,High,2025-09-16 08:58:59.751045,v2.1.0
ac4e58d8-3b6d-4987-9488-9bfbd9d85a81,CUST00009131,763,Very Low,2025-12-24 18:26:48.100172,v2.1.0
34c9b2c2-a2c2-4cff-884c-26fa00d57073,CUST00008720,300,High,2025-12-14 23:23:40.736323,v2.1.0
3b7af7b4-9368-4e99-a1c2-8bce7a8536c2,CUST00004471,300,High,2026-03-21 22:44:30.175692,v2.1.0
477aeb33-bab8-4089-8423-6b2d5fa71cbf,CUST00004493,382,High,2025-10-12 16:02:21.859087,v2.1.0
66b68082-1c43-4dfa-aabb-ec7aad780a07,CUST00003841,427,High,2025-12-27 03:38:45.416866,v2.1.0
5f7e4928-b22c-4d27-8a64-69dd50738911,CUST00006063,682,Low,2025-10-29 23:30:59.546928,v2.1.0
b9a3dc50-5cb5-4d44-9fc0-fa9582823d03,CUST00005037,428,High,2026-04-17 07:23:53.287897,v2.1.0
96820db3-0c5d-4159-8e55-3a3324599891,CUST00008615,397,High,2025-12-28 21:06:05.212461,v2.1.0
360759fa-55e1-49bf-b985-a9556db3435e,CUST00008794,654,Medium,2026-01-28 22:55:12.872085,v2.1.0
5d213801-d914-4e9a-aaac-2aa04c6707ee,CUST00006372,539,High,2025-11-07 22:37:40.712307,v2.1.0
c4354666-6f9a-4d2a-a291-99b0e3312b1b,CUST00005877,486,High,2026-05-09 06:06:34.023310,v2.1.0
55592c23-536e-4fc1-8aa9-a9ee84d8a8e6,CUST00001683,471,High,2026-01-05 05:11:05.627883,v2.1.0
1bb11421-71a9-4ad6-a9aa-4f18b5afe9b5,CUST00000411,382,High,2026-05-18 22:18:36.864310,v2.1.0
0d94a2ae-2cb6-4fff-8115-987d3bb52042,CUST00009121,426,High,2025-11-29 06:18:44.008694,v2.1.0
3bed4e07-e873-4fd6-ab2a-0cdca4d4220f,CUST00007962,345,High,2026-06-28 20:13:20.740029,v2.1.0
cf57334a-9a7f-4966-bd3a-82277a573b65,CUST00000263,594,Medium,2026-07-12 11:16:10.672370,v2.1.0
3be8100c-2e04-4f2a-a91b-cbeacb6601b5,CUST00001890,650,Medium,2026-01-02 12:52:57.196148,v2.1.0
d29c93ed-e7a6-44f1-a056-99e46f56ea33,CUST00000813,591,Medium,2025-10-28 19:51:00.181195,v2.1.0
16e4e064-51ea-434a-9ca6-c63404d563fd,CUST00003834,595,Medium,2025-12-04 09:18:31.591434,v2.1.0
3e7f8b94-1bc3-4fe7-abe9-d44574a45f7d,CUST00004224,716,Low,2026-01-26 13:29:33.295095,v2.1.0
b64147fb-d7f3-495b-b30b-ccc1f73d59d9,CUST00009966,565,High,2026-07-05 19:58:53.015928,v2.1.0
75e7cb42-d8e2-4f0f-b103-4762056e2a42,CUST00005778,300,High,2026-05-12 06:34:45.188178,v2.1.0
13253cec-05de-4113-ab30-c25c378e508a,CUST00008761,746,Very Low,2026-05-06 13:33:09.804115,v2.1.0
81b0489e-54a8-44d8-a911-5ddebc8bcb2b,CUST00003604,300,High,2025-09-06 11:04:30.019267,v2.1.0
f654c16b-7b97-4c54-be60-d8ea8f8c2388,CUST00002878,597,Medium,2025-10-17 05:22:29.347266,v2.1.0
0e046426-5d97-4b26-93d1-7bec18a86713,CUST00005884,651,Medium,2026-03-09 02:19:41.574238,v2.1.0
b7175054-3a2e-45ca-8a8f-db1572910736,CUST00006486,313,High,2026-06-02 04:12:21.668140,v2.1.0
670d9324-ac9d-4e24-a903-1d66d89aa6e9,CUST00006750,300,High,2026-02-05 10:52:39.904602,v2.1.0
1882bfc3-c6ed-4390-80d2-912edb79f254,CUST00000963,566,High,2025-08-24 09:11:01.081095,v2.1.0
cf493ddc-f23f-480b-9871-010079710f00,CUST00004343,552,High,2026-05-22 20:47:43.261316,v2.1.0
ab38add3-d24a-48a7-90ad-e9e8bfac2ab7,CUST00000993,629,Medium,2026-05-24 19:01:26.271575,v2.1.0
87fd28d1-d097-4fb8-90a2-1eb6c2c640c8,CUST00004933,510,High,2025-10-30 00:42:02.278034,v2.1.0
29c3832a-0f39-4ff2-bfac-2019318d6cde,CUST00004391,527,High,2026-04-22 15:12:20.350672,v2.1.0
ccd232df-b2b2-44ab-990a-484550108aaf,CUST00001192,482,High,2025-10-25 13:07:47.024301,v2.1.0
e872a644-15a6-4fd4-8f6f-6fc739087db1,CUST00004991,509,High,2026-06-13 13:36:13.035887,v2.1.0
8de1cb0a-47c2-4381-b448-9acf44a7a958,CUST00007325,767,Very Low,2025-09-09 17:31:46.637082,v2.1.0
2416536d-70c1-498b-a154-cdd3d6be2417,CUST00007129,417,High,2025-12-24 16:41:10.089317,v2.1.0
1e424718-4ef4-4a26-a199-b894be8f2d8d,CUST00000292,539,High,2026-06-28 13:56:17.487761,v2.1.0
239128ae-bc8d-49b4-8cf4-be15313fdfd2,CUST00008131,433,High,2025-10-07 00:14:18.765930,v2.1.0
be460211-1872-46df-8b15-77c7a16e65e7,CUST00009477,458,High,2025-12-29 16:23:10.889606,v2.1.0
322d18bb-1047-419f-a9b3-70cfb0125e39,CUST00002365,505,High,2025-11-22 14:17:08.020361,v2.1.0
706d1fd3-06e3-4a6c-87e5-01ac0c8377b2,CUST00007115,549,High,2025-07-27 15:41:28.170238,v2.1.0
ee493834-5802-44cf-bd74-045fe9ea079e,CUST00000264,478,High,2025-08-06 08:44:37.528639,v2.1.0
2a7478af-b8b0-4a5b-8c94-ec70d5833a03,CUST00002094,657,Medium,2026-01-17 06:22:49.988496,v2.1.0
5e5e5d9e-9275-43e9-821c-40b6b313e432,CUST00008327,533,High,2025-10-12 00:40:50.431497,v2.1.0
11b9f979-5cf7-4825-8517-b9526424c370,CUST00000389,419,High,2026-07-16 03:40:37.954334,v2.1.0
219ccf66-238c-4226-96f6-e54cd97402fc,CUST00005622,602,Medium,2025-12-01 20:18:04.258099,v2.1.0
ba3b7e30-721f-4036-ba74-1ae51e5a78fd,CUST00007396,464,High,2025-07-28 04:59:30.932720,v2.1.0
72625c3a-38d0-4832-aed0-e30e9ab115af,CUST00006822,507,High,2026-06-22 21:18:11.338156,v2.1.0
3df68965-be93-4ea4-8ebc-f4f47bf9e527,CUST00005020,521,High,2026-05-20 09:55:28.565619,v2.1.0
7619f590-2527-40b1-9f45-cb60dbf8527f,CUST00009171,300,High,2026-03-12 07:18:21.724651,v2.1.0
57e4cc03-5253-4071-a1bd-0a0c21a098c8,CUST00003091,636,Medium,2026-05-02 22:57:33.852537,v2.1.0
1190fece-a4a1-47c3-bdbd-482a468e040a,CUST00002511,522,High,2025-09-06 04:04:17.863574,v2.1.0
e1e4ba64-edf1-49fb-81e3-635964f83115,CUST00006655,324,High,2025-10-30 16:37:21.404854,v2.1.0
cda04dfa-8ba8-4fcd-ac80-8d55761c2a5c,CUST00005385,409,High,2026-05-16 23:23:51.222496,v2.1.0
3652d235-8a39-46a1-83a1-dd2b2e5fafb9,CUST00009118,517,High,2026-03-29 03:30:23.980487,v2.1.0
79393fbe-a9b5-4867-828f-0124f7d6d8ef,CUST00004170,736,Low,2025-09-06 14:31:48.334436,v2.1.0
6e400f00-dd03-4539-b46b-77f872ac83ec,CUST00009874,449,High,2026-04-01 14:28:02.822047,v2.1.0
a28fa34b-9e0c-4e3c-b7b5-f564d70d5288,CUST00005490,606,Medium,2025-12-28 18:14:22.283669,v2.1.0
6cbff827-e351-4526-9781-d28c518ec293,CUST00009200,532,High,2025-07-19 19:56:14.678614,v2.1.0
41cac33e-8a3e-4c00-ac69-1e6799b743eb,CUST00000924,300,High,2025-08-15 20:22:50.748387,v2.1.0
0f024140-a5bd-465e-bb74-8dbafc5095c7,CUST00008042,686,Low,2025-10-19 09:16:27.845771,v2.1.0
65ff9c84-583c-4966-b921-5375b2b8d14d,CUST00001242,300,High,2026-05-18 20:59:34.093796,v2.1.0
980ad8c5-3293-4286-97cb-55ca8723b2fe,CUST00007884,507,High,2026-02-03 08:35:34.689150,v2.1.0
e32c73a0-bfed-453e-ac89-f07ef55f17a6,CUST00004126,414,High,2026-04-09 12:40:20.130516,v2.1.0
fba79a38-7852-422b-a8ae-a5abeba7d6ed,CUST00005395,505,High,2026-01-26 16:13:30.079590,v2.1.0
d1fdb24b-e0d5-4c16-b37b-a5da95e05eca,CUST00004379,527,High,2025-08-27 12:32:38.397921,v2.1.0
2ac25345-a563-497b-bcab-e233ea142585,CUST00008557,585,Medium,2025-10-31 03:20:09.439367,v2.1.0
0b42739e-bc1a-452f-a346-62f9ed33c153,CUST00006352,450,High,2025-11-04 21:43:32.743642,v2.1.0
6cc2dd3a-c1cc-490e-a227-190f5ff7969a,CUST00006544,499,High,2025-08-04 08:28:00.681097,v2.1.0
69f38c82-1306-44c9-8559-09b332dcc071,CUST00002999,776,Very Low,2025-12-18 05:59:47.850284,v2.1.0
f7443b7c-efd7-45aa-82a6-6e398c84e96b,CUST00006955,431,High,2026-05-03 21:02:08.581970,v2.1.0
77e2f559-55b0-4755-b5bd-66fedd66459a,CUST00002256,514,High,2025-12-31 20:51:17.722202,v2.1.0
dd6123df-88a1-478a-8873-5963df70f640,CUST00008638,641,Medium,2025-08-27 09:39:37.335183,v2.1.0
c9f18783-0dc7-4f9d-bec1-2288c962de0d,CUST00007249,339,High,2026-06-13 12:12:25.312058,v2.1.0
9f600f85-c718-4bfa-8eb3-31cd16aeaa09,CUST00006491,622,Medium,2026-02-20 20:46:40.435130,v2.1.0
71b60950-b49f-4d14-9d33-6e5912b0bb66,CUST00001573,482,High,2025-07-23 21:58:30.070628,v2.1.0
6c23ffbd-715e-4846-b3b9-38b57bbd0a41,CUST00008787,587,Medium,2026-01-22 03:33:59.859025,v2.1.0
d8f0e660-7df0-437b-9cce-c1bd9ab85b69,CUST00002518,452,High,2025-10-14 06:40:41.836256,v2.1.0
1ff43be9-32af-4a27-87c5-fbee74b68c5c,CUST00007932,300,High,2025-09-08 08:28:00.443365,v2.1.0
b15e63b1-89dc-41f6-9808-291c7b250a81,CUST00002437,486,High,2025-12-21 16:30:42.430594,v2.1.0
62f0ac43-f851-475e-a28c-2f88423d810f,CUST00007327,522,High,2026-02-27 11:10:47.693931,v2.1.0
af95ba55-e880-4ddf-909e-dce270210ad4,CUST00002073,405,High,2025-10-13 18:38:06.175059,v2.1.0
f563a52f-db38-469f-ac21-569cb3ecdfa5,CUST00002894,471,High,2025-12-17 01:26:17.628151,v2.1.0
47a72948-4ce6-4c5f-9b38-2dd31ad45cfd,CUST00008349,625,Medium,2026-03-17 13:37:33.775049,v2.1.0
a23087fa-b72f-4d4a-a469-8efda8edc8ff,CUST00006022,523,High,2025-08-18 04:22:40.975449,v2.1.0
bb9d72ee-7862-4a54-89f9-1eb34d38dad8,CUST00007829,572,High,2026-07-08 21:29:38.462194,v2.1.0
f8ed1659-6cd6-4adb-93ca-65942a59d816,CUST00002217,522,High,2025-08-11 15:10:02.525693,v2.1.0
63b40940-f247-40c5-82d0-37425dd183e6,CUST00006378,431,High,2026-01-26 01:13:03.036338,v2.1.0
e9a641f8-b5a7-413f-86e7-42e05a818f3f,CUST00006515,585,Medium,2026-01-19 05:01:10.186456,v2.1.0
23f764dd-a2de-4abc-b386-9b1736799127,CUST00009779,513,High,2026-07-13 21:22:59.771456,v2.1.0
9efe6591-351a-4c16-8721-07a7d9277135,CUST00003170,554,High,2026-02-05 07:28:10.866346,v2.1.0
5f8f92d6-63b7-4e0b-a3c0-9d2469b7cb82,CUST00006691,542,High,2025-12-07 12:31:49.358613,v2.1.0
f21a4fef-9e58-4cd5-bfac-a17d1408d6b2,CUST00001157,559,High,2026-01-05 14:59:52.545787,v2.1.0
b1c52926-6853-4582-99cb-d03911304536,CUST00006118,345,High,2026-03-07 02:02:39.349287,v2.1.0
5f356b16-b127-43df-94dd-7c20ae077c93,CUST00006075,644,Medium,2026-07-11 05:27:46.063052,v2.1.0
31591967-f3e9-4842-86f6-3bfdac861179,CUST00003640,610,Medium,2025-10-18 13:20:38.324892,v2.1.0
b100669c-9aff-4b2c-85c0-5f6015948434,CUST00002641,356,High,2025-07-23 20:16:55.799156,v2.1.0
d777a717-70aa-4fe1-a25c-84d514dbce03,CUST00007840,431,High,2026-05-01 21:53:01.984448,v2.1.0
6f0a41c1-c2c6-430a-9751-3552a84ba3c6,CUST00002514,428,High,2025-11-20 20:21:45.248899,v2.1.0
ae7e01f1-31db-4e1a-a28d-710c37f4b69a,CUST00004768,479,High,2026-04-11 14:41:30.317488,v2.1.0
096fcdb3-232a-4bb1-8fbe-88e137c4cab5,CUST00008900,515,High,2026-03-04 09:03:23.105006,v2.1.0
74147af9-d70d-41eb-8d2a-eeae6f7e0db4,CUST00003886,636,Medium,2026-04-25 16:42:09.186422,v2.1.0
99cd3ba1-fa4b-4645-9eb7-6bc0e66c068d,CUST00000128,700,Low,2026-04-12 10:22:45.590358,v2.1.0
4d085447-f2e1-4c26-b1ac-0331a1ad3901,CUST00005358,346,High,2025-11-16 08:41:05.939482,v2.1.0
5cc16f3a-b738-43c7-8160-a18ebcdd04c6,CUST00000922,560,High,2025-08-03 02:32:33.610910,v2.1.0
6155b789-22e6-42bd-bd5c-092c434e8d34,CUST00008587,420,High,2026-02-02 08:07:55.609890,v2.1.0
54fd770e-9d04-461c-ba11-156d82ba96e3,CUST00008470,300,High,2026-05-11 00:55:48.504013,v2.1.0
f4bcbdbb-d902-4c5d-b963-b2b925c3354d,CUST00009875,412,High,2025-09-19 20:41:45.358841,v2.1.0
6496b99d-f4f2-46f8-90a7-084f8788f6fc,CUST00002000,546,High,2026-04-28 11:41:01.128749,v2.1.0
6ce7ce5c-832c-428c-9feb-873258e6fae2,CUST00000520,759,Very Low,2026-01-03 14:40:46.186872,v2.1.0
9c4bef34-2405-443e-9d23-f12e4aff57ff,CUST00001677,377,High,2026-03-28 21:31:19.042477,v2.1.0
711ce4a4-bd13-4ebd-9371-894214f35772,CUST00004926,692,Low,2026-03-05 15:33:05.369446,v2.1.0
77f12cb8-f415-4fd4-b736-240efc7fea30,CUST00001546,502,High,2026-05-10 07:18:02.110677,v2.1.0
16c64d4f-af52-4176-aa7b-109af60365a6,CUST00005338,300,High,2025-08-09 23:01:50.988584,v2.1.0
e10ebcce-2349-4622-a9eb-102d82fd0d26,CUST00007185,518,High,2026-04-27 09:48:19.529175,v2.1.0
e21aa90c-22af-41c6-b37e-15ab2a006874,CUST00000884,486,High,2026-01-01 01:48:57.598098,v2.1.0
181a8ef8-a5f0-43bf-ab2e-6d1b0957cd6b,CUST00002902,594,Medium,2025-11-02 02:09:13.749732,v2.1.0
20032f19-3000-44d3-b834-47b1c1cec674,CUST00009497,580,Medium,2025-08-02 21:54:07.076118,v2.1.0
cc5ae9d8-7799-47b6-860f-bccea72a70a8,CUST00006271,300,High,2025-09-28 18:24:40.882514,v2.1.0
9410e164-8e75-4fa1-8269-136e3d9a0259,CUST00000146,556,High,2025-08-02 05:14:38.746328,v2.1.0
ac548f01-f55f-4686-abcd-f45db9a22634,CUST00005013,528,High,2026-06-23 19:36:45.604356,v2.1.0
3e77b68d-79cc-4c2b-a0fd-8cc05d7ae458,CUST00004256,698,Low,2026-01-22 03:38:07.864837,v2.1.0
fb932858-bfe9-432a-8163-edfe9a7f8cfa,CUST00005467,663,Medium,2026-07-14 04:19:07.987965,v2.1.0
c8bafed1-12da-4138-9653-7d9b68755030,CUST00004442,736,Low,2026-02-01 05:59:00.365769,v2.1.0
d2b7701a-bbbc-4bab-854d-f486b856ec58,CUST00007392,481,High,2025-10-18 10:23:39.613665,v2.1.0
ed5d185f-63d4-474d-9b1e-2a78e5fde4e3,CUST00003904,658,Medium,2026-04-19 01:04:26.656364,v2.1.0
b13faa86-d1d1-49f2-a258-7111c8ce1014,CUST00001251,566,High,2025-09-25 17:04:24.512364,v2.1.0
295e4912-da50-4708-ae36-b4e8585bd501,CUST00005689,437,High,2025-11-25 07:03:23.831965,v2.1.0
434edce8-d017-4396-88ac-5e21d22dc985,CUST00005026,541,High,2026-04-29 02:34:35.186965,v2.1.0
70a2f416-457e-4d9f-8cf0-848e51984084,CUST00002762,399,High,2026-05-30 03:17:11.659007,v2.1.0
68efc635-700b-4886-a9dd-c8e0bea98d12,CUST00006428,429,High,2025-11-16 03:28:43.700019,v2.1.0
58f894e1-3c54-41e1-a560-daf81e8fa961,CUST00007432,300,High,2025-09-01 09:01:28.973766,v2.1.0
e68533db-23c7-4c90-a60e-009aee8b0730,CUST00009030,509,High,2025-11-29 07:52:27.926786,v2.1.0
7aef8b6f-559d-4e32-a382-9eb330d3906c,CUST00007395,577,High,2026-06-07 18:55:55.192916,v2.1.0
7a738cb2-38e1-4d16-90dd-9fc9abc3db0e,CUST00000554,405,High,2026-04-15 09:33:49.029848,v2.1.0
0398fe52-a912-4988-979c-f13c8f2f59e3,CUST00000691,691,Low,2026-06-09 16:05:03.243998,v2.1.0
8810ad72-ed24-46e6-9519-50adbb1ec2bd,CUST00000026,398,High,2025-12-06 03:08:30.877784,v2.1.0
6f84da2b-afb1-472d-995b-6a5e44ca5d7c,CUST00007381,412,High,2026-07-08 13:20:02.087212,v2.1.0
f7e1d9ef-79b8-40e2-b56e-0662809f3457,CUST00009761,387,High,2026-01-15 03:30:18.222177,v2.1.0
ff57b272-c689-4a66-b7a4-378f95d2bbf3,CUST00002923,325,High,2026-01-15 15:04:38.350746,v2.1.0
2db943ce-9e62-414f-a224-ba261835a8d8,CUST00004997,473,High,2026-06-20 12:11:25.377384,v2.1.0
a14c5ba7-6a85-402f-8029-82c6f0196722,CUST00003221,591,Medium,2026-01-23 13:45:15.021177,v2.1.0
9d763598-e32d-4ba8-a2d7-dee1498a2fcb,CUST00007271,455,High,2026-05-06 12:34:42.691043,v2.1.0
c9845ab6-dae1-4d21-8736-e874d46fa6bc,CUST00006408,630,Medium,2026-04-09 11:19:37.402811,v2.1.0
674a99b4-9a99-41e7-87c9-b45809b21e07,CUST00008399,350,High,2025-08-15 17:45:42.693363,v2.1.0
ef33d5f0-6efa-42df-aa1d-e6c3b7de6aab,CUST00006605,724,Low,2026-02-22 22:52:03.703515,v2.1.0
3dcdd966-601b-456c-b4d6-0103f46fe4e8,CUST00007618,553,High,2026-05-14 06:21:10.660342,v2.1.0
31837691-dd8f-4b92-a7fd-85c9d1932b0b,CUST00005393,394,High,2026-02-02 03:24:15.551764,v2.1.0
3b37ecd7-fb42-4e95-bc35-b41b6cc03472,CUST00004887,368,High,2025-11-12 05:34:08.240351,v2.1.0
e1def4f3-8da4-4726-9dca-4f5bf45e6f87,CUST00002384,300,High,2025-08-16 03:46:17.488601,v2.1.0
4fe98c88-8b6c-4b63-92e1-7710f0817884,CUST00006988,449,High,2026-03-16 07:21:57.388880,v2.1.0
1fffa470-cbc6-4252-b56a-8ae6c055ca69,CUST00001166,593,Medium,2025-11-06 20:34:32.815750,v2.1.0
a4f158ee-2324-4142-9c9d-3fe2dac23fa2,CUST00003528,432,High,2026-02-23 00:20:35.614185,v2.1.0
73705065-5550-4d02-be6f-82214a3ba95a,CUST00009633,692,Low,2025-12-20 13:08:16.417327,v2.1.0
64f30fc3-c89b-4009-bf3f-82fd0eb796c5,CUST00001899,351,High,2026-03-26 20:13:09.962205,v2.1.0
3ab3bd91-492f-48d3-86f9-77d005a45995,CUST00008252,525,High,2025-11-23 07:28:59.358489,v2.1.0
9f725ed7-e0fb-46ad-8632-9d8f5d5d5d0e,CUST00007237,363,High,2025-08-02 09:10:54.692299,v2.1.0
c0c035f9-f0db-477d-a208-f925e9bedc96,CUST00004936,385,High,2026-05-31 16:26:37.443440,v2.1.0
73220aae-0e07-453f-8e46-771200ffabaf,CUST00005631,438,High,2025-11-23 16:21:25.079747,v2.1.0
440ac89c-6ca6-41f6-864e-63d4410706a3,CUST00005812,581,Medium,2026-07-17 11:27:18.902166,v2.1.0
1a90167d-78d0-451e-9f9a-bac79eccb771,CUST00003094,460,High,2025-10-26 04:35:35.015267,v2.1.0
7d665ea4-72a2-432e-bd34-1cc98f684533,CUST00004836,301,High,2026-07-10 20:35:26.122332,v2.1.0
816804cb-2814-4ed6-9300-0e0c003865f6,CUST00007353,598,Medium,2026-06-29 03:00:32.228822,v2.1.0
7a1a92d9-9d0d-43a5-aaa9-f5c27333cf7e,CUST00008922,300,High,2025-08-14 07:41:58.232664,v2.1.0
1d1d3af0-6708-4e8d-9f32-537c24560bee,CUST00001605,300,High,2026-03-07 18:11:18.854673,v2.1.0
0ca2b4b2-0784-4450-aba5-a4fb807376c2,CUST00001614,652,Medium,2025-11-27 14:36:17.435815,v2.1.0
24662088-f613-42f2-82b1-d1aec993c3e7,CUST00006782,300,High,2026-05-06 12:07:18.211478,v2.1.0
2fa9b1fa-d866-4444-a1b8-e14a7abb5641,CUST00008735,467,High,2026-03-23 01:27:25.186408,v2.1.0
c9833b25-e11e-4945-8731-364a7623eb9c,CUST00001406,300,High,2026-06-30 21:49:47.441995,v2.1.0
74112512-f4e5-4598-a25e-89414b728649,CUST00000045,540,High,2025-09-08 01:28:37.989337,v2.1.0
f148eac3-c230-401c-9682-215da44785e2,CUST00008947,573,High,2026-02-24 19:44:41.710850,v2.1.0
0e4784bc-c98f-4699-aa01-626ca4c4bdb9,CUST00004610,346,High,2026-04-29 06:41:59.562835,v2.1.0
30504ac8-a5b6-4a3e-8222-f6362845ddab,CUST00000063,381,High,2025-07-30 14:56:45.776778,v2.1.0
09f74e48-f735-478b-a70c-275d2fd5c479,CUST00006124,654,Medium,2025-08-11 11:15:29.488543,v2.1.0
55add9f9-ebbd-41d6-9896-0ad705dfcf92,CUST00006590,692,Low,2026-04-28 06:11:08.113698,v2.1.0
efffebcb-688d-4112-bb9e-e416ac7a81eb,CUST00005111,429,High,2025-11-28 17:03:14.915125,v2.1.0
3b5672d4-89f0-4819-9f93-aad3e83b95b5,CUST00007132,551,High,2025-12-04 17:54:59.280531,v2.1.0
d48e9cb5-4c50-40d1-902a-fabc3e4dffa0,CUST00004013,699,Low,2026-02-10 02:14:13.406303,v2.1.0
4884fab2-5a92-4646-885f-a21e16727a99,CUST00000423,391,High,2026-02-23 22:01:21.769136,v2.1.0
9aa5fb70-5fcf-48c2-bb59-46c2e071bb9f,CUST00003607,400,High,2026-03-22 22:24:06.057633,v2.1.0
8f4dd552-9dfd-4119-b1e8-dc97f15b2dff,CUST00007449,300,High,2026-06-29 11:03:57.623621,v2.1.0
98ee89c3-d0dd-4b50-ac5a-5815f3fb3ff3,CUST00001197,507,High,2025-11-30 18:53:11.972867,v2.1.0
57b4ce36-ce95-4ae9-8b73-6ad9e71caf48,CUST00005273,465,High,2026-04-22 14:55:19.222247,v2.1.0
809ac1f8-3895-448e-ac39-f75d7351a1e0,CUST00003981,515,High,2026-02-12 12:46:02.043533,v2.1.0
29d524b1-2e07-43dd-a7af-b572a085a773,CUST00009491,461,High,2026-01-27 07:01:29.704232,v2.1.0
7605ee9d-a44d-4a9c-968e-7dc30b903f3d,CUST00007119,589,Medium,2025-12-10 06:58:39.307133,v2.1.0
efe09900-5a49-4d07-8698-4be5a2b4e7f9,CUST00000926,418,High,2026-03-12 03:48:00.684198,v2.1.0
638d3ed8-a4c9-45c9-a9f9-1c4c8d3a542b,CUST00000024,378,High,2025-10-17 01:56:33.039192,v2.1.0
5c9eef00-9e68-4daf-bc8a-8066e55f9a00,CUST00007461,463,High,2025-08-28 08:22:11.916912,v2.1.0
9060e4b7-148d-4fb5-8d59-8e970b70fb45,CUST00005667,300,High,2026-04-12 14:39:21.322429,v2.1.0
9176dfd1-a651-4330-8191-376746bdc0f8,CUST00008622,585,Medium,2026-01-16 04:24:22.506208,v2.1.0
a1b504f7-c58c-4d11-93c4-52d78a95dfb9,CUST00007913,598,Medium,2025-12-06 06:08:42.587231,v2.1.0
47e6a3b7-0b36-49bc-a1c6-9acb39995971,CUST00001404,539,High,2026-02-08 01:23:41.451847,v2.1.0
ab379164-d939-4a01-a493-afb1f7bb9103,CUST00006144,473,High,2025-10-21 12:34:41.474029,v2.1.0
ea0adaa7-0a5a-48db-b4a3-46feba9b8b77,CUST00009762,405,High,2025-10-20 23:32:39.591362,v2.1.0
ba7df2e5-14c3-49b3-a457-4aafda8ad204,CUST00009050,438,High,2025-12-27 21:49:46.792082,v2.1.0
86b2e253-8bcb-49f0-9314-436f63a890ab,CUST00009040,394,High,2026-07-16 19:48:14.803878,v2.1.0
21e5d745-b1ba-48a9-ac9d-4b5b8b1eba87,CUST00000921,544,High,2025-10-30 05:12:18.137225,v2.1.0
5a05e024-2f85-4c7a-b88d-bf394aefc758,CUST00004021,413,High,2026-06-17 15:32:26.997981,v2.1.0
e0be5d33-3dcb-4358-8a66-489b541b77fb,CUST00006616,456,High,2026-01-13 07:38:58.884786,v2.1.0
9c5f861a-45bf-4c70-a1c9-cb1cfad29d0f,CUST00005532,300,High,2025-08-31 16:55:00.746744,v2.1.0
c9f1b9d0-d1b4-4025-9cdc-20a20601eaa9,CUST00006200,327,High,2026-05-25 09:34:38.099517,v2.1.0
86906cf3-e492-43cf-892e-3e20426773d2,CUST00000620,476,High,2025-12-30 00:24:15.679020,v2.1.0
6eee105e-9f6c-476c-a999-137bd1a90809,CUST00000204,470,High,2026-06-11 03:30:40.923257,v2.1.0
1bd3abdb-d093-41ec-9c95-04cb7e2379e8,CUST00001851,447,High,2025-12-27 11:38:40.400019,v2.1.0
c1765dca-a2bc-4ba0-b95a-38a5276e7626,CUST00007247,807,Very Low,2025-08-18 23:27:33.240286,v2.1.0
40e92288-643a-4206-bf8f-a137bcdbd13d,CUST00006098,507,High,2026-03-23 23:32:05.636405,v2.1.0
de2f84fd-1245-4474-8adb-c8f6a2e531f9,CUST00003252,768,Very Low,2026-05-22 17:32:33.889583,v2.1.0
dd769dd3-89cc-43b4-9b28-b69d40c30b84,CUST00003749,300,High,2025-11-11 15:20:10.952987,v2.1.0
672e287f-09ba-4dd1-8ca9-8cac371e0adf,CUST00002088,700,Low,2025-11-21 19:21:12.305787,v2.1.0
768c59dc-e29d-45db-b1c3-34df742c29ba,CUST00000932,434,High,2025-08-10 15:08:49.350504,v2.1.0
058a6ec0-9649-48fb-9a10-3555a15d2618,CUST00000007,493,High,2026-01-31 22:27:02.512956,v2.1.0
a1a73f9d-254f-47db-9013-5939598143be,CUST00008522,670,Low,2026-06-08 11:06:22.588478,v2.1.0
20e09243-6112-4096-b242-bdd0501e65fc,CUST00004274,453,High,2026-05-24 20:44:31.476035,v2.1.0
38776584-9263-499e-a6c5-8dfb0c687f5d,CUST00008856,478,High,2026-04-03 21:27:15.977552,v2.1.0
bd0a8cc6-c9ae-4440-8e65-83c28995696c,CUST00006274,455,High,2026-06-21 14:36:37.067157,v2.1.0
4f70edb0-59f2-4910-9738-f40822338d74,CUST00004037,491,High,2026-03-07 19:49:55.259247,v2.1.0
2c8eb8ed-2891-46e0-9672-9161c50858fb,CUST00007698,526,High,2026-05-03 19:15:31.249151,v2.1.0
f4b7f15a-5fb8-453c-93df-85b8bac998a7,CUST00003723,300,High,2026-01-19 17:32:14.738949,v2.1.0
0fae7645-acd7-46bb-9a1a-b765982cda16,CUST00000560,692,Low,2025-08-31 05:44:26.955223,v2.1.0
7e7283e9-ba2d-4cea-9581-5bb614ffc8a6,CUST00009418,616,Medium,2025-09-29 07:39:08.514436,v2.1.0
5afdded9-feae-4545-8ef1-7108a8a839a7,CUST00000015,300,High,2025-09-06 15:16:04.787421,v2.1.0
e21cdfb7-ad90-4e5c-9079-11574f5b85e9,CUST00006050,373,High,2026-05-02 14:07:38.021422,v2.1.0
97ed5fc0-c698-4aee-9927-baa66864ffba,CUST00002921,300,High,2025-07-27 12:18:22.095005,v2.1.0
a26bd4d4-accf-4bfd-a413-8f1f83db3397,CUST00001359,478,High,2026-02-05 06:19:32.233942,v2.1.0
9468c547-1f61-4197-98f4-cf82d3af3985,CUST00004375,559,High,2025-11-29 15:41:36.257174,v2.1.0
e43a787c-211c-4d0e-8004-47b31c7417cb,CUST00009547,508,High,2026-05-07 10:36:44.929793,v2.1.0
c3375b3c-fdb6-4794-8ebb-0fd8f597a364,CUST00009066,527,High,2026-02-04 09:30:40.659126,v2.1.0
1e51f4cc-e57a-4c67-8bdc-429c66c5ffd5,CUST00008786,300,High,2026-02-26 10:05:56.924848,v2.1.0
5d2404da-6bee-4b93-b9f3-0e18bacb73af,CUST00008098,300,High,2025-08-18 09:39:03.193603,v2.1.0
a7c4b3d9-b1d2-4756-bd7c-90b9c2702b76,CUST00006055,456,High,2025-11-07 21:04:29.520296,v2.1.0
bb809b61-8478-4b4f-a18a-8454a6e4c35e,CUST00008348,420,High,2026-07-18 00:07:00.908346,v2.1.0
19675bf0-3fa8-4265-bc0b-b0a509921202,CUST00001755,775,Very Low,2026-04-06 11:20:44.075581,v2.1.0
adc0f36a-e049-4768-86f9-79e2c558f24a,CUST00000897,749,Very Low,2026-01-25 22:01:42.995827,v2.1.0
e3951983-8b77-409f-a370-0eb3b46829de,CUST00004707,374,High,2026-04-24 20:13:06.656733,v2.1.0
ca5f08d6-4d26-49b1-9ffe-07f756ad886a,CUST00006974,520,High,2026-05-14 15:06:08.068685,v2.1.0
45ef88ba-03de-4886-ab0f-b6fc97cf31ca,CUST00002999,805,Very Low,2025-08-13 20:23:15.777152,v2.1.0
5ace1500-fb1c-43ef-aa1d-f3a940227d5e,CUST00000187,543,High,2026-07-08 01:33:14.479131,v2.1.0
de16a4a5-4495-4666-b46a-bda0f7d0479e,CUST00001746,521,High,2026-03-09 12:29:33.287879,v2.1.0
c4c36c33-0849-4f1d-8b34-a282478b28e4,CUST00001497,482,High,2025-12-29 06:16:30.366370,v2.1.0
fe3e2939-97cd-4ec3-9752-13e7eb0c62cf,CUST00001270,487,High,2026-03-23 07:34:43.869155,v2.1.0
f8a448a4-7886-4289-a252-bd30b54acab7,CUST00007986,643,Medium,2025-11-20 17:50:25.982733,v2.1.0
b6d40535-bf47-41c7-a2d9-9075a6b283b1,CUST00009454,501,High,2026-06-03 13:53:40.724152,v2.1.0
2cb819bb-7a29-4950-b852-bd251f73b0fd,CUST00005645,656,Medium,2026-04-28 21:30:15.255937,v2.1.0
47d6ddc5-2c70-4aeb-8563-8a46bd988e1e,CUST00001598,553,High,2026-03-08 14:11:12.123426,v2.1.0
253f867f-fa73-47ca-9c80-e90d1c3023eb,CUST00004690,453,High,2025-09-22 08:57:06.661908,v2.1.0
27953243-473c-4d77-a236-4941476ad35a,CUST00003451,560,High,2026-07-05 19:57:01.328061,v2.1.0
c7d0ecfe-e7fa-4ec4-a124-79b425e214c0,CUST00007063,521,High,2025-12-22 22:08:05.055284,v2.1.0
91bc4731-f5d1-48ca-9dc0-c2c9a2d3c704,CUST00001690,691,Low,2026-06-15 12:59:30.706231,v2.1.0
fb783e5a-4908-4423-bb06-fba955605332,CUST00009155,413,High,2025-08-07 03:38:32.679018,v2.1.0
7b19364e-2939-45a0-af31-1fbc5b110a99,CUST00002249,639,Medium,2025-09-01 06:16:23.705469,v2.1.0
a7d1f311-2957-48b2-9817-fe5a7b0129d1,CUST00000402,692,Low,2025-09-11 19:12:12.690046,v2.1.0
71532f8c-650e-4618-a528-11d37701d8c0,CUST00008936,488,High,2025-09-16 01:15:04.000623,v2.1.0
ab59c00c-7f17-4298-83c3-d44a0b93a4af,CUST00009435,567,High,2025-11-12 18:16:24.141746,v2.1.0
64a0bfc6-38e7-406b-a791-8b8fe519700f,CUST00004738,300,High,2026-04-02 23:44:30.842542,v2.1.0
13fd004f-a01b-495f-8704-bae0b873f6d6,CUST00007860,613,Medium,2025-11-21 07:03:43.059369,v2.1.0
7d281381-998c-4921-82fa-61f49a4b45b7,CUST00005170,579,High,2026-06-26 13:38:44.862804,v2.1.0
d65af077-5c80-424f-bdff-d0a01671f1c8,CUST00006542,540,High,2026-06-09 18:36:44.896682,v2.1.0
456dd5c9-1afe-424b-b4da-34cdc1d3ccdb,CUST00009432,712,Low,2026-05-22 21:09:30.638662,v2.1.0
dc4ecb61-8837-4997-af77-497da3b7cac3,CUST00000897,626,Medium,2025-10-17 10:39:09.575743,v2.1.0
85c9e83c-97f4-444d-a37e-b4ec9974f5f8,CUST00002781,443,High,2026-03-06 20:39:52.977851,v2.1.0
14f47679-a9c1-4475-89cf-ac36f074b9e5,CUST00000600,572,High,2026-02-04 02:27:01.126268,v2.1.0
aa982c86-5991-4679-844d-abdec060ceaf,CUST00002278,614,Medium,2025-09-01 15:07:09.958362,v2.1.0
813561a9-a0cf-4cfb-a8d9-04cd04069dd5,CUST00004685,609,Medium,2025-11-05 12:23:40.149282,v2.1.0
168d4fd8-3da4-49f6-902d-ace782e19395,CUST00003119,468,High,2026-01-28 18:14:49.347201,v2.1.0
74cc4c56-feed-4abd-8288-ebc1573d638f,CUST00008527,300,High,2026-01-17 11:20:32.049290,v2.1.0
a4c59040-da9c-43aa-b50f-d2165d8e3244,CUST00002738,300,High,2025-09-17 12:07:42.631574,v2.1.0
010ca466-1650-4b28-ae8b-6f8b6b43b5ae,CUST00008398,747,Very Low,2026-06-26 19:48:27.131924,v2.1.0
32b03c4d-4880-4dc1-9b86-69e862936dc5,CUST00005215,300,High,2025-09-12 05:32:11.772632,v2.1.0
e661770b-9bd8-48c4-8677-f827cae61758,CUST00000424,510,High,2026-03-15 12:12:03.379893,v2.1.0
5665e34b-9e9e-4cff-b522-a96768effaee,CUST00001351,550,High,2026-04-07 02:48:02.026524,v2.1.0
cae58a0e-92ab-48d5-81dd-e9a284624fb3,CUST00003863,747,Very Low,2026-02-23 22:24:32.758725,v2.1.0
cdcd3230-2f67-46cd-b141-9d07cb0fb51a,CUST00000781,490,High,2026-05-21 15:19:20.911885,v2.1.0
55cea094-fd0a-4a13-8be3-01d6dbe93df4,CUST00006793,333,High,2026-02-08 18:26:49.517387,v2.1.0
3a41f7af-d61f-4eee-b55e-c9f948797dc1,CUST00004521,671,Low,2026-05-15 07:43:47.025652,v2.1.0
34dd0dfe-a349-43fd-8ac2-cfad8c473b85,CUST00007102,308,High,2025-07-28 06:37:18.667024,v2.1.0
344ca943-d80f-4ea2-9e49-538c1831c90d,CUST00003472,369,High,2025-08-03 12:24:50.124549,v2.1.0
4f601970-9d99-4977-af81-66d795bb5ed5,CUST00002438,633,Medium,2026-03-09 04:44:10.134510,v2.1.0
a5ef5c79-7813-4a74-a8bf-70535c304745,CUST00009854,433,High,2026-02-13 13:44:41.484127,v2.1.0
105021bd-c006-4693-8e05-3d2c2ae84bdf,CUST00008433,300,High,2026-03-12 17:33:20.801199,v2.1.0
a4906db8-2ac6-4630-920a-1dd5761509ce,CUST00001162,322,High,2026-04-24 00:53:06.714740,v2.1.0
4ec11b97-c52e-4f57-8bbf-47e4a90a5751,CUST00002126,380,High,2025-12-17 01:36:23.153150,v2.1.0
11aaa9f3-241f-432d-a538-1af3113e9c26,CUST00008635,614,Medium,2026-03-08 07:09:00.358860,v2.1.0
ab56ad71-c720-4da0-829e-48b7e6a2c7fa,CUST00002786,549,High,2026-01-15 19:35:19.581667,v2.1.0
19dc6e4c-655c-4b3f-869f-9626746cc2bc,CUST00005947,721,Low,2026-03-03 23:28:33.101678,v2.1.0
cdbd27af-360a-42d7-b073-f36673a4a0d6,CUST00002626,384,High,2025-10-31 17:05:56.000371,v2.1.0
9d6c2f14-8fa3-4b89-941a-84a9b7e52ea5,CUST00000724,604,Medium,2026-07-02 07:40:20.857606,v2.1.0
3c7af5b4-f701-4345-a6a0-638a7a1b44f5,CUST00006422,836,Very Low,2026-01-10 07:17:06.129730,v2.1.0
c52e24de-5043-461b-b27b-dc3861f1e215,CUST00008767,710,Low,2026-05-07 19:36:35.644913,v2.1.0
e70fa90d-4f38-483e-a271-63c831f675a2,CUST00007868,673,Low,2026-03-25 02:22:19.138030,v2.1.0
868f355b-262f-4523-aa2d-bb14c74b23fb,CUST00000861,656,Medium,2025-11-03 13:08:26.158166,v2.1.0
fdb26033-f94e-4070-94b9-392476081416,CUST00001594,519,High,2025-08-13 13:34:14.500993,v2.1.0
2cff8222-969d-4eeb-9bb3-be8c99eaae92,CUST00009106,564,High,2025-08-08 19:05:23.763279,v2.1.0
d0ed1a88-7843-4fd3-918f-f55c83371e37,CUST00007793,300,High,2025-12-25 11:22:58.705137,v2.1.0
7c40994c-91e9-49dd-bfe6-dd64b7cb1d0c,CUST00000901,591,Medium,2026-01-10 18:44:09.070500,v2.1.0
64c41aa5-84f5-4a03-9e7d-904d1f2d961f,CUST00005147,416,High,2025-09-30 10:19:24.376945,v2.1.0
87d08af0-534e-4526-9b7d-2d8814617639,CUST00005254,451,High,2026-02-24 11:44:41.755522,v2.1.0
8d65709e-d6c9-4b7e-98df-ad4088b96cb2,CUST00009931,651,Medium,2025-11-09 01:55:47.406956,v2.1.0
fdd236ca-3e9e-4963-bb18-e9c7ceba4560,CUST00008523,689,Low,2026-04-06 06:54:11.917691,v2.1.0
6e0c4280-769d-47d4-9de5-55f1b4d17d2b,CUST00004516,612,Medium,2026-04-12 01:43:31.833632,v2.1.0
f8093572-53e9-400e-b992-a45e9560824f,CUST00003824,418,High,2026-05-28 07:16:28.085885,v2.1.0
8be12f32-2587-4b61-84b4-7fa411806fbd,CUST00001887,322,High,2026-07-09 03:48:07.855840,v2.1.0
9f21ca7d-e76c-44f1-b74b-a232d062c7f0,CUST00008527,743,Very Low,2025-09-03 16:10:16.922275,v2.1.0
ffb87792-72fb-4682-a257-3268b715c2e1,CUST00002954,300,High,2025-11-30 05:58:23.207261,v2.1.0
5b7e2443-430c-488e-a5fc-3e61c1f54230,CUST00001444,384,High,2026-02-08 01:12:23.139450,v2.1.0
612e766b-e9fd-465f-9354-7c9bac08ab31,CUST00005386,838,Very Low,2025-11-11 11:11:59.780630,v2.1.0
df1d597f-60e4-427e-8dd5-fbd9b370c8b4,CUST00000202,443,High,2026-01-04 06:53:35.649344,v2.1.0
60698133-017a-4a24-94c7-1884b580da41,CUST00009016,476,High,2025-10-23 14:29:57.018229,v2.1.0
c11c0e05-1f44-4708-8549-b2de4393fe60,CUST00001989,417,High,2025-10-16 11:06:14.725274,v2.1.0
5dbe8378-383a-4efd-9edd-f471560aff3a,CUST00004016,414,High,2025-08-22 06:32:03.761578,v2.1.0
6c61f4af-fc07-487a-a741-3f94bba8d2d8,CUST00002760,494,High,2025-10-31 21:50:07.624866,v2.1.0
71f37eea-4352-45fb-bc37-949a10ff8514,CUST00008841,412,High,2025-12-05 05:16:18.880254,v2.1.0
4ee6eb01-91a1-4882-a3e6-e22e0df5ebf0,CUST00001926,578,High,2026-02-27 16:09:27.545837,v2.1.0
c1da5049-108c-4b8b-8d6f-e2be616fc18a,CUST00000683,551,High,2025-10-16 14:11:03.694635,v2.1.0
895708d8-1686-48d5-a1ec-642b62a648d3,CUST00002904,461,High,2026-05-29 22:59:04.390620,v2.1.0
dcd8cc29-bd5b-426d-949a-c6b1a766af0d,CUST00006422,397,High,2025-09-14 05:47:44.077131,v2.1.0
4780e8f0-d986-4597-8dc4-fc9c31c5e2b3,CUST00002184,379,High,2025-11-14 12:07:49.753967,v2.1.0
690a3ac7-326b-455a-9616-b50f2a35dd0a,CUST00007323,393,High,2026-02-13 21:46:21.345430,v2.1.0
cf9961da-784e-4349-830b-4678a843f0ca,CUST00007853,601,Medium,2025-11-09 03:05:26.200912,v2.1.0
acea4dda-a298-4989-a074-adba48eb6c2d,CUST00003799,678,Low,2026-04-22 15:14:43.771207,v2.1.0
9a3ee5c0-1fca-44c2-83f1-f3d5c49c3504,CUST00006782,643,Medium,2026-01-15 21:34:58.168681,v2.1.0
63e231e5-6fab-4b50-969a-84ec40f90e41,CUST00009863,813,Very Low,2026-01-21 21:51:39.864270,v2.1.0
36c09f89-836f-4430-8182-55968a7cadc3,CUST00009318,439,High,2026-01-16 01:54:52.445342,v2.1.0
9c312de7-0e83-49f4-a0dc-bceb7c0e7ff7,CUST00009647,368,High,2025-11-07 14:29:54.537504,v2.1.0
2020c4e2-0c4e-43fb-8ed1-16c96805e97d,CUST00004698,300,High,2025-07-26 09:03:52.324271,v2.1.0
a65106eb-33bb-4f38-81e3-604367310fb9,CUST00003926,452,High,2026-06-28 03:35:26.056553,v2.1.0
307d4ca4-833b-4c30-ac4b-1f3de46629e0,CUST00006113,763,Very Low,2026-01-18 12:30:41.482303,v2.1.0
d102a7d7-b2c1-43ab-af49-3f82bea40d3d,CUST00002923,408,High,2026-07-05 23:38:58.795074,v2.1.0
6bbb1993-75b6-4d5a-9350-802228f31cd8,CUST00002629,416,High,2025-10-04 11:48:39.743533,v2.1.0
817ed087-d319-4cdc-84c0-2a6c8ef36e2d,CUST00007114,355,High,2025-11-23 19:18:01.154737,v2.1.0
18228cb4-251d-448b-a2f2-aeced187e6b5,CUST00001665,469,High,2025-08-05 08:55:54.206176,v2.1.0
8454ed57-cccc-4c3f-b769-d534692b7d46,CUST00002988,439,High,2026-01-14 16:01:49.728574,v2.1.0
5a28d4ec-2035-4166-97c5-01ad2246e09c,CUST00005845,640,Medium,2026-06-05 04:16:57.918129,v2.1.0
c1fe506a-73b4-44be-b18f-b66a456664ec,CUST00006446,670,Low,2026-03-13 20:59:35.259476,v2.1.0
12ee58dd-357b-4b02-86d5-2fc35dafebcc,CUST00005459,545,High,2026-01-05 18:57:29.096811,v2.1.0
513bdc0d-dab5-41ea-a7d3-7465d57ad285,CUST00001036,452,High,2026-01-29 22:24:32.288953,v2.1.0
4287baae-d053-44cc-a4f4-c4918739a6c7,CUST00002061,664,Medium,2026-05-23 08:00:58.681217,v2.1.0
8f78ae64-dfeb-4a70-80b2-1ff1bd12af7f,CUST00008592,489,High,2025-12-22 07:18:57.852369,v2.1.0
5b6be709-21eb-437d-92a8-6996bf1574a9,CUST00008891,601,Medium,2026-06-05 05:18:06.532285,v2.1.0
6a24af60-fc47-4327-bdd7-43df4b547f80,CUST00000967,650,Medium,2026-04-09 15:04:03.893304,v2.1.0
1722acd0-9b7e-4d92-9294-6fe92b429870,CUST00005051,479,High,2026-04-22 21:41:30.248474,v2.1.0
c4e3b18b-ede0-42b6-acd5-90e1dd769f0c,CUST00002852,413,High,2025-11-28 13:37:32.425936,v2.1.0
76f53154-bb4a-4f41-87fa-e6a3ce7b1389,CUST00006114,552,High,2025-12-11 05:18:32.460815,v2.1.0
4a23ae62-a930-4952-b652-5fe282974c02,CUST00004018,544,High,2026-02-11 04:51:31.281600,v2.1.0
91ad4cc6-6143-4d5c-97d5-543e94529123,CUST00002806,651,Medium,2025-09-27 00:12:29.972671,v2.1.0
e2d43f61-8dc8-4dc5-846a-c36aa5a88254,CUST00000094,414,High,2026-02-04 23:19:33.844531,v2.1.0
88769b10-18db-4b66-bae2-7b7fdb4d34a0,CUST00002185,651,Medium,2025-08-13 18:28:06.014253,v2.1.0
756f675a-5f37-47f8-bdcc-0fe1b5a3c8b5,CUST00002362,586,Medium,2026-01-18 02:05:22.609081,v2.1.0
1bcbe7d2-a8df-4e79-9f96-b4e617f824f0,CUST00008469,463,High,2026-04-23 02:29:22.845130,v2.1.0
08c345b4-5f7c-4649-982f-0e26d51618f5,CUST00009943,700,Low,2025-10-28 01:52:15.577521,v2.1.0
4c44af72-02da-4171-9d73-43542619b3fd,CUST00000721,342,High,2026-07-14 04:02:18.119543,v2.1.0
a650cd4b-0c9d-4563-a462-5899306c5056,CUST00004712,755,Very Low,2026-03-23 10:07:04.260990,v2.1.0
5698d0a2-fd2c-47e6-8096-e11ae375e268,CUST00001710,300,High,2025-08-30 07:22:31.983308,v2.1.0
2b0a21a8-6ddb-4ef9-b435-c9bf4547cbb9,CUST00008536,736,Low,2026-07-09 01:14:54.984149,v2.1.0
7f8326fc-7304-4d71-b605-1b6ffdb9a686,CUST00004987,746,Very Low,2025-12-08 18:46:19.471997,v2.1.0
e194ca47-6010-42f7-acd6-f6ed1c3979c9,CUST00007151,532,High,2026-05-04 05:47:05.983149,v2.1.0
6ff30dc0-4d77-4a00-81d4-cbb7f7f6cdd5,CUST00006814,742,Very Low,2025-11-18 18:14:49.292084,v2.1.0
301b7e52-df52-4bec-95ee-c83a6c237f51,CUST00000946,741,Very Low,2026-06-25 20:30:16.044989,v2.1.0
eb87e65f-6a0d-4629-ae68-60eae299ed45,CUST00002753,396,High,2026-04-19 15:45:00.631238,v2.1.0
233d895c-a6d6-4941-a1c1-0b33a0863262,CUST00000117,377,High,2025-09-28 14:48:01.016870,v2.1.0
611bda66-f2d1-4ea4-82a9-bfd9f2cbf96d,CUST00003776,538,High,2026-01-19 20:45:08.836174,v2.1.0
37461936-67d1-4cc7-86d9-bff143384035,CUST00006666,543,High,2026-01-16 13:28:10.382412,v2.1.0
630a2cd9-2593-4f11-877c-f5edf983f5c0,CUST00000621,729,Low,2025-08-03 11:01:29.933718,v2.1.0
fbf34c7e-1c88-4384-9b97-259ad6e6d276,CUST00008916,486,High,2025-09-05 23:08:04.663068,v2.1.0
94dd349c-092f-4533-8a6c-2dae0eaf90b3,CUST00003683,302,High,2025-11-16 13:15:41.616071,v2.1.0
8f6b6a2a-a553-4337-8d16-0c9bc086d34f,CUST00005167,660,Medium,2026-01-06 22:38:03.085565,v2.1.0
d318a120-8bd2-49fc-95e5-598c73286e41,CUST00009390,497,High,2025-12-31 19:45:31.320310,v2.1.0
711a1f63-0779-484f-be23-8064e5f25bd8,CUST00007885,480,High,2026-02-24 08:14:27.252719,v2.1.0
d11405a2-401b-4daa-8ea5-31e91033baf2,CUST00004559,570,High,2026-01-22 04:42:22.295858,v2.1.0
a4ebf5e2-f549-42b4-a8a7-848972358667,CUST00003818,593,Medium,2025-11-14 16:46:35.670882,v2.1.0
caa1280a-db48-4f54-ad19-040d0c9041bc,CUST00004462,599,Medium,2026-02-26 19:54:52.846454,v2.1.0
da93ed9f-00e4-4537-9f44-54198db2aa34,CUST00003904,449,High,2025-09-15 06:21:38.161198,v2.1.0
2015d125-7c89-4a76-852f-b1f5f847dfbc,CUST00004370,518,High,2026-07-14 17:24:23.307662,v2.1.0
f8a8c56c-708f-4e11-9f63-d73ebc1bbbfb,CUST00006245,654,Medium,2026-04-13 22:36:09.881310,v2.1.0
8da5e288-4039-4437-b86e-b2ec7c05569e,CUST00001626,384,High,2025-11-04 04:55:23.149300,v2.1.0
22dc07ee-e54d-453e-8719-48d113d3456c,CUST00002113,366,High,2025-11-17 18:28:32.226959,v2.1.0
95b8243c-9c50-4a54-9e6d-b2a91fcb4f86,CUST00001812,429,High,2026-05-16 10:29:33.484259,v2.1.0
2525da22-4160-4e01-8fec-c47c9523e44e,CUST00002306,468,High,2026-01-28 08:16:11.473678,v2.1.0
d38e39cf-fa1e-4d35-887d-cc3317fb7c37,CUST00007442,737,Low,2026-04-02 18:32:58.964374,v2.1.0
5443a8b7-d390-4428-829c-863b7c1cc12f,CUST00005172,424,High,2025-11-04 09:47:55.706709,v2.1.0
3f1fcb59-8d5c-44dd-9e56-ed89b303e898,CUST00009290,696,Low,2026-05-11 20:33:54.572983,v2.1.0
46f26273-e0a2-4851-9c32-8ec18ef49869,CUST00009236,659,Medium,2025-11-29 10:50:34.159472,v2.1.0
052808e5-49b0-40ad-a351-5d526d154308,CUST00003077,560,High,2026-03-21 00:19:54.442383,v2.1.0
d1252f72-29f1-4680-8077-9b89faf8fff7,CUST00004246,300,High,2026-07-10 19:27:27.476840,v2.1.0
99e846cb-eda2-4ec2-98bd-d3d407205519,CUST00002206,567,High,2026-02-16 02:29:58.392957,v2.1.0
eaf1c8de-a2fb-4451-a56a-73774010b94d,CUST00008329,424,High,2026-05-04 22:04:05.319923,v2.1.0
7b86da47-7fe0-424d-9b4b-d9e162598d72,CUST00003607,409,High,2026-04-08 19:55:28.689907,v2.1.0
5b4e1c2d-0691-4c05-ad64-d693bf6dbd1f,CUST00002787,664,Medium,2026-03-26 05:07:55.857482,v2.1.0
758368fc-3557-4330-833a-605438904c34,CUST00004038,489,High,2025-07-27 15:29:21.234345,v2.1.0
e75c55cd-1a34-461f-9d32-442c08212b2f,CUST00001644,355,High,2026-01-07 06:03:02.094066,v2.1.0
98bdbcf5-3229-4f0c-823e-6f9e4cddbab8,CUST00008555,773,Very Low,2026-07-06 03:00:58.652438,v2.1.0
bf23e975-8865-4883-b3f4-7a0954723d31,CUST00004671,630,Medium,2026-04-29 20:39:18.570948,v2.1.0
c2e2b0b7-5f5a-4892-9abb-1f9356f455cc,CUST00003068,497,High,2026-04-27 09:33:24.121580,v2.1.0
ff255124-7876-46d9-a215-976b87c43080,CUST00007958,494,High,2026-02-13 21:18:40.134805,v2.1.0
be445636-85e6-4084-b16a-709b26946348,CUST00003106,300,High,2026-04-07 09:31:36.894105,v2.1.0
d01b5ea6-829f-40c5-8eda-246114d508bc,CUST00008121,335,High,2026-02-16 00:55:54.003647,v2.1.0
731b0f82-bcd2-41dd-8251-8967c0a377f7,CUST00001282,557,High,2025-09-18 04:34:28.117355,v2.1.0
4002ef08-0837-46c4-b260-c2481e2eea63,CUST00003389,535,High,2026-03-04 15:47:27.472161,v2.1.0
fea7424b-3383-461f-a015-673a9788c915,CUST00004183,409,High,2026-03-01 06:21:43.203945,v2.1.0
5d219e11-0e03-47aa-98f4-6a5a344c1716,CUST00004833,347,High,2026-05-21 03:22:32.894187,v2.1.0
cd49aee9-87b0-41e2-8128-e8180988f1d3,CUST00003322,691,Low,2025-09-09 21:16:23.014047,v2.1.0
b20ae6bd-f6a4-4f19-935a-a706e270873c,CUST00005202,385,High,2026-03-23 12:59:42.915214,v2.1.0
a97a2307-508b-4632-ae87-68dd0ba2256a,CUST00001711,591,Medium,2025-07-29 10:38:46.354921,v2.1.0
87fd7906-e87d-4514-9064-02b593f9ea54,CUST00006200,300,High,2026-06-29 05:38:44.248275,v2.1.0
7b595b4c-5f45-470a-92e8-f426ce653e5e,CUST00005369,675,Low,2025-08-27 01:13:27.954310,v2.1.0
05d01d04-d046-4c20-a374-58f8dc2134ce,CUST00005626,467,High,2025-07-24 19:54:25.506941,v2.1.0
51f51faf-77a1-43d3-ab14-1983b7779b40,CUST00001337,420,High,2025-11-09 11:39:34.885285,v2.1.0
b35f1da3-68b3-4392-9b9f-6b4f0b74c0e8,CUST00000975,300,High,2025-09-11 05:19:00.234620,v2.1.0
993ade37-9e66-4535-bc48-fd7803a3daa0,CUST00000103,422,High,2026-03-27 02:39:58.441737,v2.1.0
22b421eb-f69f-4276-aa05-84f455ee2fad,CUST00003223,527,High,2025-12-14 19:10:35.566360,v2.1.0
9afb0fb7-c5f8-43c0-bf56-dfe0e12224ff,CUST00003282,605,Medium,2026-04-26 23:07:40.335439,v2.1.0
be143234-d314-4548-92e5-67fe262097c9,CUST00007820,573,High,2026-06-19 02:58:20.598376,v2.1.0
62671eb3-0027-4adc-96d1-ea2c0bf38f43,CUST00003129,586,Medium,2026-06-01 16:49:02.016271,v2.1.0
c8eab4e7-f223-4b78-8b27-ade65e4acecf,CUST00003002,562,High,2026-04-12 16:04:46.508386,v2.1.0
a4fd1531-1591-4cc1-94ea-44d4f14e843c,CUST00005471,558,High,2025-08-09 15:50:58.100498,v2.1.0
313c6ec4-9613-4bc2-b421-4efee99b3d8e,CUST00003857,493,High,2025-09-06 08:18:16.550148,v2.1.0
d53696dc-9f1b-4c31-81c0-2c9592ba8ea3,CUST00001960,609,Medium,2025-10-01 15:24:51.445567,v2.1.0
6409d72c-1f8c-4392-829d-41eb18fce3c5,CUST00002096,674,Low,2025-11-13 15:12:46.344806,v2.1.0
3b56b9c5-aeb7-4ac7-88e1-aeed0bade111,CUST00009654,457,High,2026-03-16 18:49:40.290711,v2.1.0
1a897755-bbc2-4562-8f6f-c72fac0d15d7,CUST00001793,514,High,2026-01-25 20:06:47.740763,v2.1.0
22203047-a48f-41f9-b0d7-2eae33def2f4,CUST00008917,379,High,2025-11-09 12:11:11.927683,v2.1.0
44511874-4334-41dd-a547-d91d9ad28ca7,CUST00002427,625,Medium,2025-09-19 03:58:56.029506,v2.1.0
d4a4f973-e280-4ae6-adbb-9132f26888e6,CUST00008002,506,High,2026-06-16 01:22:05.345500,v2.1.0
13609ad7-1d85-4603-9005-ad1ab716bc2f,CUST00008915,534,High,2025-11-19 22:39:47.322653,v2.1.0
52a750c0-f32b-493a-8d38-6dfda8dab123,CUST00005405,471,High,2025-11-24 07:30:04.968899,v2.1.0
1e8ba222-6a6d-49ee-af25-c79f7f52a7a3,CUST00008896,464,High,2026-04-25 20:59:01.813079,v2.1.0
d6b4c3b4-626c-4e25-9e5c-8a010ad219f4,CUST00000504,609,Medium,2026-04-07 05:21:30.057721,v2.1.0
52494a19-4e88-4442-ab36-dd1aab2c96c4,CUST00003131,501,High,2026-03-09 20:59:59.435081,v2.1.0
bcc50183-dba5-4320-9e5b-bfe3f9948768,CUST00000401,451,High,2026-03-28 03:19:29.089897,v2.1.0
cb801f1d-2fd0-4083-bb37-305c998b6f0f,CUST00005595,718,Low,2026-02-25 17:41:29.577328,v2.1.0
e97329f1-a29c-45a8-a2c9-6fd0ef586f81,CUST00006132,490,High,2025-09-26 03:14:53.627707,v2.1.0
ebfdaf8d-0ade-4fdc-b8c8-f598868140f2,CUST00007377,321,High,2025-10-15 22:50:03.278785,v2.1.0
3277c3ff-4873-49f4-8bef-05065925b031,CUST00000428,602,Medium,2026-02-06 17:57:37.104653,v2.1.0
0243de84-9c53-4fb7-84ca-4bf0f4865524,CUST00003332,482,High,2025-10-08 01:02:13.753041,v2.1.0
4ff04c63-03e4-4767-be5f-3293a335760c,CUST00009906,342,High,2026-07-08 06:12:27.826470,v2.1.0
76d88c72-f505-4d26-ab31-ba6af8369b0e,CUST00002438,516,High,2025-11-03 14:43:28.266198,v2.1.0
89536467-6a98-4c21-9b1c-93fb6a8026f2,CUST00006827,450,High,2025-10-31 11:14:51.266951,v2.1.0
2f837358-1179-45ba-a5ce-c5734d152986,CUST00007843,300,High,2025-10-01 14:51:14.650890,v2.1.0
03a3224f-f474-4180-9cba-c7d6a4036e57,CUST00004610,628,Medium,2026-04-01 09:39:52.395721,v2.1.0
7fc32077-0248-4525-b591-2a8d8f3eae26,CUST00004032,528,High,2025-11-10 17:00:35.091790,v2.1.0
006da4e4-48f1-4570-bed1-0c9afb0ded37,CUST00006107,386,High,2025-11-22 07:25:53.684233,v2.1.0
21ef3885-9f59-4100-bdac-014bb52cc2dd,CUST00006351,358,High,2026-06-23 22:30:00.229743,v2.1.0
306c1845-7ec9-4bee-9667-d304058802a4,CUST00007181,643,Medium,2026-05-04 10:14:20.832352,v2.1.0
af573b80-f0bb-45ce-9438-2c76fc4c3dd1,CUST00005679,793,Very Low,2025-10-25 18:58:11.294601,v2.1.0
596203f0-b263-4f7f-91c9-4017cc2b1176,CUST00002993,548,High,2025-08-31 10:13:32.979843,v2.1.0
77296f80-0beb-462a-9510-0316b34353e8,CUST00004347,461,High,2026-03-22 01:00:53.581887,v2.1.0
d6461aed-80f7-4aa3-bf18-2a4c97ab7614,CUST00003395,300,High,2025-12-03 14:12:53.168594,v2.1.0
5a7c1e20-5302-4ae9-b3a5-a1419bdb4510,CUST00007890,406,High,2026-07-10 21:45:31.313868,v2.1.0
cda5ea70-08b5-4ccd-a25f-c22a6cdb5544,CUST00004240,497,High,2026-05-12 19:36:25.457691,v2.1.0
66d6d233-54ed-420d-ad4a-ae12d884dd5c,CUST00004968,300,High,2026-07-01 13:46:43.885304,v2.1.0
9f75d6b3-f1d6-430b-83d1-7f89bde6bf0b,CUST00008851,615,Medium,2026-05-07 18:58:33.453587,v2.1.0
ac35c693-704a-4916-ae88-4237c6498a30,CUST00005315,628,Medium,2025-10-31 23:56:41.659441,v2.1.0
7acb2e2f-b70d-4c3b-8ae2-723e07892088,CUST00007758,591,Medium,2025-10-30 23:12:18.755907,v2.1.0
9c6e3014-0f73-4728-90c7-869544e936c4,CUST00007410,786,Very Low,2026-04-04 17:53:52.076287,v2.1.0
710f89ad-8497-4d9f-815d-7dd0783ca012,CUST00006776,479,High,2025-11-21 10:02:45.974348,v2.1.0
469343e7-e240-4f4c-9337-1f99894d1a41,CUST00007470,455,High,2025-12-26 11:40:10.174825,v2.1.0
e700b172-ebc7-4461-86d0-af35dd9ccb83,CUST00003711,841,Very Low,2025-10-19 13:49:58.832807,v2.1.0
abda873c-6f89-49a9-8082-9b549e341c6d,CUST00007075,512,High,2026-01-08 21:24:01.826086,v2.1.0
957150c1-8b36-4128-81a0-018b5aa3047e,CUST00008206,781,Very Low,2025-09-29 17:11:10.757275,v2.1.0
b412cf15-ae25-42cd-a10d-e52bbaa5df97,CUST00007095,300,High,2026-01-30 14:57:05.353902,v2.1.0
ba780fe6-8b26-4f6d-b171-4ab866377ff7,CUST00006095,616,Medium,2026-06-23 16:34:13.960081,v2.1.0
f0ef0b1b-6d5c-4cf5-b79e-466e531bea1b,CUST00007598,559,High,2026-03-29 04:22:37.945288,v2.1.0
61559c96-d3d1-4cb6-9061-1120bde024ab,CUST00001971,604,Medium,2025-09-06 01:12:30.394593,v2.1.0
f0213060-4741-4983-b31a-0cdbdb35f61e,CUST00004315,619,Medium,2026-02-27 18:47:01.636281,v2.1.0
350c1c33-6dcd-4413-93e6-ca87783592d4,CUST00003793,325,High,2026-02-17 05:55:19.120148,v2.1.0
0364e32f-77c5-4b74-b064-6fe6a45c168b,CUST00008372,438,High,2025-10-14 11:14:08.309191,v2.1.0
83896b0f-01bd-4e1c-ba2f-0d190a5a4d2e,CUST00007046,578,High,2026-03-19 13:30:37.593965,v2.1.0
05e2edad-9d86-4365-a7de-3fa7f508532d,CUST00000771,381,High,2026-01-27 20:53:20.096545,v2.1.0
a526a399-facd-4837-88a2-ad51bbf2bab5,CUST00002083,584,Medium,2026-03-07 21:58:32.485689,v2.1.0
cc143bc8-0fc7-46af-ab91-09a752263d6e,CUST00004328,300,High,2025-08-06 02:01:52.000881,v2.1.0
d209a48c-3d80-45e7-b08d-6ba0bd9ba83a,CUST00005501,432,High,2025-12-15 20:48:26.096824,v2.1.0
c6077864-b5e5-4bc8-af91-fb67212d1553,CUST00008833,300,High,2026-04-05 22:05:42.798562,v2.1.0
20c98226-6f49-456b-98f3-013364896653,CUST00003294,388,High,2025-08-23 15:15:33.016204,v2.1.0
33c40ee2-82b9-4ffd-add6-ffedb355e3fa,CUST00003818,685,Low,2026-04-25 10:15:25.013168,v2.1.0
09745ed2-3eb0-4077-bc53-7e8a1c69e999,CUST00001372,599,Medium,2025-07-19 19:19:33.536368,v2.1.0
16a90889-5d0e-4357-8b13-e79b73bb15e6,CUST00004404,498,High,2026-02-03 22:09:54.625230,v2.1.0
b9157bfb-0b99-4c93-9fb3-df525dd9a368,CUST00006052,728,Low,2026-06-22 06:10:17.324808,v2.1.0
46a88bb2-bb72-4fe9-b712-6ad10da355e2,CUST00000594,410,High,2025-12-13 12:45:35.024898,v2.1.0
5864f35e-7713-4b36-88e6-228d6106b2a4,CUST00004049,342,High,2026-06-24 10:10:25.086925,v2.1.0
ff33cbb7-0bcf-4c5e-a3a7-904a1fe396c0,CUST00003686,621,Medium,2026-06-03 17:44:48.958624,v2.1.0
4e4c0039-e254-4a20-96f2-2fd35e14cd8d,CUST00002247,360,High,2026-01-08 07:06:20.913144,v2.1.0
3a11f4cc-4aeb-4444-8412-8bc8fa4dbbb2,CUST00005532,382,High,2025-09-28 18:17:23.536208,v2.1.0
3257281f-64b9-44ec-9cf0-b869e62406fe,CUST00009986,415,High,2026-07-04 23:20:44.851975,v2.1.0
ad3ca866-29b1-409c-9d30-c9915a6a038f,CUST00006352,582,Medium,2025-11-12 05:11:08.387501,v2.1.0
4ef1ab0d-7e43-4ac2-b322-8c5cef8e1d32,CUST00006947,404,High,2026-03-10 19:41:34.077813,v2.1.0
493aaaa9-83c4-4b2b-b60a-ea8c8b7bae67,CUST00006247,780,Very Low,2026-06-14 12:39:50.911463,v2.1.0
ad5b1409-4503-4c65-887f-258156025116,CUST00003540,498,High,2025-08-19 14:05:52.339552,v2.1.0
dea546d9-15c8-49dc-acf1-87b88ca84d2e,CUST00007010,674,Low,2026-02-12 14:37:18.654950,v2.1.0
0af31ef1-4e40-4a58-b208-5c8b264b7aba,CUST00007021,712,Low,2026-01-29 08:55:23.121730,v2.1.0
2396328c-1525-4bb9-8e38-25c8f8c7715f,CUST00009285,348,High,2026-04-08 00:34:57.669229,v2.1.0
74c924f7-edac-4caa-af92-8fbb94f97894,CUST00002712,781,Very Low,2026-06-25 00:31:32.336074,v2.1.0
c30aecd7-31c3-4be0-9157-ca94374bd625,CUST00001980,713,Low,2026-06-16 11:03:33.360316,v2.1.0
3865a7bf-af6e-40f0-8387-0d8a96ac3faa,CUST00001269,385,High,2025-09-19 20:28:56.902752,v2.1.0
d058bfe6-3c8e-4809-a364-ff578207439a,CUST00004781,605,Medium,2026-06-05 03:27:15.705490,v2.1.0
4abaff42-f7ed-4dda-be75-5b6c7b23557d,CUST00008341,363,High,2025-09-20 02:49:41.835585,v2.1.0
4bd6d793-ff5f-4ad4-b1a0-9d9a0f871e6b,CUST00003231,675,Low,2026-06-18 19:12:16.973989,v2.1.0
b93707fb-36b0-4219-8989-c8743808070f,CUST00006255,391,High,2026-07-17 02:52:31.336708,v2.1.0
7f8b0b29-e9b4-4621-85fa-bdee883a8811,CUST00004496,662,Medium,2025-12-09 21:51:56.973933,v2.1.0
8a0bf46f-a0f0-495b-9296-260cf7860a70,CUST00007713,594,Medium,2026-01-14 20:19:22.866434,v2.1.0
2f7ca775-58cc-472a-b4d3-c5993855242c,CUST00003073,366,High,2026-06-24 23:59:38.894243,v2.1.0
3b55fb02-1345-4c2b-8cc1-b670d7196f48,CUST00005068,489,High,2026-07-04 07:43:09.958606,v2.1.0
9e857a09-5fda-4fa4-9450-37748bc933b3,CUST00000482,605,Medium,2026-06-21 03:20:54.272038,v2.1.0
f76f94b0-6455-43a3-822f-6873772dbac6,CUST00005970,597,Medium,2026-06-03 03:13:36.689790,v2.1.0
fc37b675-2c58-49dd-8673-5b8a6cf17bf3,CUST00002990,344,High,2025-07-21 07:08:25.589194,v2.1.0
19fc5d55-bbfa-404c-827f-475c370131c5,CUST00000499,661,Medium,2026-02-10 08:31:26.747512,v2.1.0
31bb779e-03bc-4323-b6a1-cf2a0a8fd651,CUST00002443,389,High,2025-08-26 02:28:43.571358,v2.1.0
0256f4b4-cdf1-4f93-9dab-288209a421d8,CUST00001909,581,Medium,2026-07-11 22:35:42.624937,v2.1.0
b6bcf468-7556-4449-8ffb-6b8bb638acf9,CUST00007173,453,High,2025-10-29 20:18:20.938934,v2.1.0
a0cd7288-a18f-43a7-b4a9-3924dba665af,CUST00002931,373,High,2026-07-14 04:06:54.855330,v2.1.0
6e27b08f-afbe-4cd0-bee1-d51fa7f45d0d,CUST00003847,496,High,2026-02-01 08:20:53.928280,v2.1.0
e71e1b9d-11bd-42ca-9419-c775c52e21b8,CUST00000796,455,High,2026-01-14 07:25:27.855848,v2.1.0
a589875b-125f-4c86-858f-2e1ebcbf815b,CUST00005752,573,High,2026-06-25 17:06:09.973464,v2.1.0
679aceb2-fd8a-49e3-95c9-e60ac99bd188,CUST00000957,531,High,2026-05-24 18:05:31.490535,v2.1.0
91f3cc7f-c9c2-4028-bb16-6c30bfd5fd81,CUST00006329,300,High,2026-01-04 20:27:51.850049,v2.1.0
ca17213c-b122-4a26-a5fd-8e883ff712ad,CUST00006204,320,High,2025-09-26 08:02:42.393117,v2.1.0
badff744-b1aa-4bef-8083-bfde1590ea29,CUST00004438,319,High,2025-08-28 01:20:28.098768,v2.1.0
1b575ba8-8f8f-46fc-a4a2-7eaa395f175e,CUST00008440,364,High,2025-09-15 06:17:32.544481,v2.1.0
c80ff3aa-5d82-4ff6-a79c-0cba3ed9f32d,CUST00008633,369,High,2026-01-01 12:38:26.808948,v2.1.0
67c86ae9-cdbc-425d-a5a2-98de417802aa,CUST00001358,561,High,2025-10-19 21:01:43.907475,v2.1.0
0c736c01-fc3c-4192-a67e-677b20545376,CUST00001316,525,High,2025-09-23 22:04:58.867920,v2.1.0
7f44cbee-f462-43fb-9013-886837df4851,CUST00006383,509,High,2026-04-12 22:55:20.460925,v2.1.0
131fc0cc-54e3-4fff-9286-42879e311fca,CUST00003206,629,Medium,2026-05-02 17:35:10.423604,v2.1.0
359f6662-7c90-494a-92c8-d05da863c553,CUST00009369,387,High,2026-02-10 06:56:26.141695,v2.1.0
c9247103-a9d8-4566-b31f-223479eca5c6,CUST00009360,461,High,2026-04-20 12:03:55.827232,v2.1.0
dcb1eef3-28b4-4886-9982-4214101adfbc,CUST00003261,472,High,2025-09-20 00:15:10.665343,v2.1.0
8b2f124b-4331-434c-a136-6d853f25e242,CUST00004624,300,High,2026-05-26 14:40:53.212680,v2.1.0
2ebce45f-d235-44cc-baa6-026e4823e786,CUST00004687,825,Very Low,2026-06-10 13:10:05.614328,v2.1.0
e7b8de52-ee92-475f-b1f1-b6dc21cc5744,CUST00005691,535,High,2026-05-15 23:06:03.590931,v2.1.0
c553815f-ed2b-43d3-9ce8-b0c61e3716d6,CUST00000161,836,Very Low,2026-01-22 02:43:59.720700,v2.1.0
82533ef0-f827-4e7c-8a17-fd612bebc549,CUST00004403,604,Medium,2025-08-18 14:13:44.904333,v2.1.0
096c1a7c-dd9a-43ae-8074-81e3fa95e59a,CUST00001586,423,High,2026-03-19 08:26:34.282513,v2.1.0
fe78ab1e-ac04-45db-8917-cd372d33b930,CUST00009719,585,Medium,2025-09-23 09:39:15.579214,v2.1.0
4c88df8c-aff8-4203-8d39-646e4e8a6db4,CUST00004293,668,Medium,2025-09-07 06:28:35.837856,v2.1.0
ef1a9dc7-8603-4a39-a293-ff181499a194,CUST00005147,373,High,2025-11-13 02:31:16.472034,v2.1.0
53d3119b-fa8f-4188-83b9-712119689c49,CUST00005148,536,High,2025-10-16 12:13:40.334854,v2.1.0
055d96cb-3610-45d0-958f-a50107233e8b,CUST00008034,645,Medium,2025-10-21 03:53:16.141041,v2.1.0
40a9fac5-c880-4728-885f-ef5c9df2fc48,CUST00009539,732,Low,2025-10-11 22:25:45.997047,v2.1.0
3082a054-b9a6-4d1e-a0fa-e9320afbc9d5,CUST00005515,634,Medium,2026-04-19 05:09:23.668511,v2.1.0
551884e3-c2e8-47f7-891c-be9cedfe47da,CUST00006423,300,High,2026-07-01 08:44:49.033328,v2.1.0
191f8f6c-cfdc-4b97-8bf2-701fd5a00a3e,CUST00009225,619,Medium,2025-11-05 04:41:29.149446,v2.1.0
c58afc34-7159-49c2-89ab-c2fc18a3fee0,CUST00006588,754,Very Low,2026-04-07 22:31:17.107763,v2.1.0
4157fa81-d000-4146-a67c-33d25e40e173,CUST00001006,365,High,2025-07-22 02:08:58.444932,v2.1.0
67a550bd-f9d4-45f3-b904-393b805830c3,CUST00000703,300,High,2026-03-13 15:56:17.442225,v2.1.0
201de7ae-36a0-4e29-838b-66238f1bdeb5,CUST00008663,440,High,2026-03-27 22:32:59.517062,v2.1.0
96b6702d-0e1c-4337-ab99-99d08cdda5c3,CUST00004657,342,High,2025-08-09 14:28:25.137806,v2.1.0
a810e2be-f799-4154-ace0-4c9004c0da9a,CUST00009002,346,High,2025-08-30 02:14:14.310790,v2.1.0
2b16cff2-c82b-4fe8-b86a-8099aa2a6393,CUST00004164,495,High,2025-11-06 23:17:50.737734,v2.1.0
c748992c-e56d-46eb-90df-d7bd75e6c389,CUST00009487,659,Medium,2025-12-12 23:41:29.025458,v2.1.0
8b7394aa-5fc1-4beb-b06a-beea6eb8c778,CUST00009411,503,High,2026-01-17 10:52:49.845465,v2.1.0
34dbb978-41bb-4d1b-83be-d03d5784a00d,CUST00009573,526,High,2026-06-09 20:17:58.085042,v2.1.0
aa7ed777-b3a4-4184-83a1-a86a5fbcf967,CUST00001294,684,Low,2026-03-31 21:07:07.617665,v2.1.0
08282c55-6507-4d4d-b964-16dbda5ef633,CUST00008958,505,High,2025-11-08 11:51:53.018996,v2.1.0
68f64650-c5ed-45b7-b321-1f9480c2d7fe,CUST00006562,563,High,2025-08-29 19:08:41.693867,v2.1.0
71569811-c937-4231-a798-289e93158adb,CUST00008581,410,High,2026-06-17 12:29:08.727867,v2.1.0
a41ef008-ab4f-462a-8943-e8cea6a9e221,CUST00008077,300,High,2025-11-02 16:08:07.658204,v2.1.0
16762a62-c1f1-4b0a-893e-ac03e16ca0b0,CUST00008611,573,High,2026-02-27 09:33:57.005957,v2.1.0
8617895c-c6a4-4bcf-9966-02342a24f19b,CUST00009113,566,High,2025-10-05 22:44:07.409766,v2.1.0
f4c2c5b4-ef1f-4e96-94e9-5107722f88ea,CUST00007645,423,High,2025-09-04 16:44:18.797626,v2.1.0
3a99c6e2-601f-4610-a267-00c8afd46adf,CUST00007465,390,High,2025-09-11 20:41:40.423907,v2.1.0
ef965568-9cb0-4b4f-a55c-6ebf88d6fe28,CUST00002563,538,High,2026-04-17 00:22:14.853973,v2.1.0
3a99d3b3-2e08-4256-8da3-32c4c2399d92,CUST00002228,300,High,2026-02-24 03:40:08.069764,v2.1.0
c1efb9d0-e442-469c-b5bd-64b5e8a2f8b1,CUST00002661,519,High,2025-12-16 19:06:34.302921,v2.1.0
75661ce9-8087-4663-9a42-be102d0c2a7d,CUST00005258,300,High,2026-02-03 12:21:52.396871,v2.1.0
bf816374-e292-479a-8c9f-d5ec75544d14,CUST00004271,433,High,2026-01-05 21:04:21.323468,v2.1.0
f1be8b21-d4c3-421a-ae88-9239c81154c1,CUST00001172,563,High,2026-01-30 05:39:27.765865,v2.1.0
3ac72f5e-9940-4a56-9f73-c79d43301701,CUST00007214,475,High,2026-03-17 11:11:56.901310,v2.1.0
6efcc155-71b2-40d8-a9da-ef51101d520b,CUST00008642,591,Medium,2025-10-05 16:27:01.915529,v2.1.0
e46b313a-2d4e-477e-9b7c-5e21d3c16082,CUST00007040,363,High,2025-10-16 07:07:45.221817,v2.1.0
6b48b3b1-1ea8-4339-b15f-7f5e4ec6e990,CUST00006862,585,Medium,2026-04-19 13:46:20.719426,v2.1.0
ac8bd1e8-7ded-4028-8a01-89c93500a622,CUST00006760,599,Medium,2026-06-01 19:35:56.533042,v2.1.0
2db9b952-2faf-41b1-aa60-2c2ebebc2614,CUST00002239,584,Medium,2025-08-16 19:33:43.647616,v2.1.0
38b6cab1-e50e-4d12-8f67-70a431b0a0a3,CUST00000376,545,High,2025-12-28 01:59:31.984390,v2.1.0
61f0996f-3f23-4f5e-b1d1-32e8dfe8b7b6,CUST00007091,772,Very Low,2026-03-31 22:57:05.817287,v2.1.0
64b3f8c5-1aff-4b85-91fc-bc0f79bea9df,CUST00006155,531,High,2025-08-15 10:32:10.983688,v2.1.0
0d948ff7-644b-4476-99ec-59988b8821f8,CUST00001959,446,High,2026-02-08 23:16:27.428241,v2.1.0
9ef1763c-8cbd-4648-9231-31097bf74475,CUST00004670,579,High,2025-08-09 11:15:46.402622,v2.1.0
b322e334-28f1-4a6c-93ab-499f46b3c964,CUST00008803,300,High,2026-02-02 22:28:06.762169,v2.1.0
cffa1da4-6d0b-4134-b4cf-957d87be8528,CUST00000765,715,Low,2026-01-18 12:53:05.580531,v2.1.0
7b0f93e9-56bd-4de3-b53f-720a5cec7d2e,CUST00000902,570,High,2026-02-12 02:04:19.540367,v2.1.0
5bd13657-76f0-43b1-bceb-7be44a43d2ca,CUST00005736,469,High,2025-09-10 15:28:36.038256,v2.1.0
45f85610-ef5a-4a28-b7c4-a404a565a6d9,CUST00005808,300,High,2025-11-14 18:06:25.671175,v2.1.0
a869d7ef-898c-486b-a3ba-f5463f00fa57,CUST00001157,673,Low,2026-01-23 23:05:44.645001,v2.1.0
44a9fde2-f7b4-4538-8324-02fa1d1e729c,CUST00006116,350,High,2025-08-29 08:50:19.692716,v2.1.0
74ff3e1d-6574-4a16-a698-d2a2664646e2,CUST00002010,300,High,2025-09-30 22:24:24.453173,v2.1.0
6cf3d3f1-5245-496f-bb3a-5d04dbeedb91,CUST00004470,450,High,2026-02-15 21:38:21.337576,v2.1.0
619c5900-ae53-416e-adb0-30e59004bbf7,CUST00006929,348,High,2025-08-20 03:04:45.465368,v2.1.0
b4272cf3-2bb2-488a-8b0d-68683418616d,CUST00009242,371,High,2026-01-20 07:44:04.308121,v2.1.0
7f5d6ce0-5dba-493a-9886-d1d7b95338a1,CUST00008413,510,High,2026-05-09 06:42:26.574114,v2.1.0
a02ba7aa-2247-4146-bad6-2f1590c001bd,CUST00003028,393,High,2025-12-30 12:35:07.390646,v2.1.0
b8c2da95-9686-4ae1-9278-8a5d49233a73,CUST00000011,633,Medium,2026-01-21 08:54:50.690484,v2.1.0
2ba239e5-3e07-4dad-b2bd-dba10a56a322,CUST00006277,488,High,2025-12-31 18:05:32.903242,v2.1.0
5a01f724-0665-40e6-b612-1a5c501e40d7,CUST00001724,628,Medium,2025-08-08 00:00:48.353378,v2.1.0
2db59463-919a-4edc-95cb-739eb88fe254,CUST00003279,675,Low,2026-01-02 19:00:14.126331,v2.1.0
9f97eba0-a67f-4b54-b30a-250df1a2e115,CUST00009246,507,High,2026-05-08 15:07:58.754906,v2.1.0
b4451829-e4a4-4480-8f23-88ff2e53d5c2,CUST00009378,522,High,2026-04-08 02:00:22.533097,v2.1.0
4d7983a0-7a37-4b4e-b827-74f3ef23e1bf,CUST00002815,492,High,2025-12-09 12:41:52.909535,v2.1.0
5367baf0-ea6a-4807-b9d8-6366fbfcb433,CUST00005696,523,High,2026-05-12 02:44:22.907120,v2.1.0
e6c8b4c9-1e76-4e93-8971-00edbad18052,CUST00000624,602,Medium,2026-04-16 07:26:59.172340,v2.1.0
e329596e-9f0e-478d-80cd-49b2241a9417,CUST00007419,592,Medium,2026-02-14 03:14:39.917294,v2.1.0
87d76eb0-7cb2-4f02-9cd7-b92e9096da47,CUST00005370,789,Very Low,2025-08-03 10:54:22.348174,v2.1.0
1280d470-1a97-40b1-9678-36fe47f6113c,CUST00002753,516,High,2025-11-20 17:57:50.486480,v2.1.0
91bfd51b-2215-4fad-9f51-58e200c6a05a,CUST00004560,300,High,2025-08-10 04:48:38.713904,v2.1.0
a33476fd-6be0-4069-92ab-d2622e835d8b,CUST00002244,370,High,2026-07-16 00:09:21.905024,v2.1.0
51656c27-f9c3-4080-b3e2-4a5f1c99569b,CUST00008361,300,High,2026-06-24 06:14:06.654553,v2.1.0
bb49bf89-e40b-4be0-9324-80db6ac56a90,CUST00006786,474,High,2025-08-12 02:54:42.974326,v2.1.0
d49723f8-fe51-467e-9872-f942bd8824c7,CUST00001717,783,Very Low,2026-06-23 23:09:32.911744,v2.1.0
760d53a9-12bc-46bb-af2f-faa6043a5753,CUST00007156,479,High,2025-07-29 12:05:12.946869,v2.1.0
5d93dc21-2462-4168-9010-6a2c5cb03174,CUST00009118,646,Medium,2025-12-14 05:56:09.952777,v2.1.0
7dcd4a69-dea6-4917-8f29-2c2298ec4c08,CUST00004349,535,High,2026-04-24 18:31:52.370322,v2.1.0
dc51b764-8c54-4910-9aa9-c862f94d0ba4,CUST00000988,543,High,2026-04-23 14:58:06.011515,v2.1.0
38655fe4-704f-468a-ad8b-cb865ceb108b,CUST00008146,300,High,2026-07-10 05:44:29.192363,v2.1.0
5f273479-9c9b-467f-afa0-3c7c3c03ee81,CUST00003857,565,High,2026-03-10 19:32:34.464156,v2.1.0
3dfb3124-0851-419e-ba1e-45e0f6f5aab2,CUST00006159,436,High,2025-12-18 10:41:54.729758,v2.1.0
0f1edaae-1d24-436b-a32d-a099a72ddec3,CUST00006981,374,High,2026-07-15 13:02:57.567275,v2.1.0
e8bd69f0-47ec-4f77-84eb-14421563a7b3,CUST00009421,430,High,2025-12-04 14:37:52.357473,v2.1.0
9c1f4a69-d464-427d-b377-eed4b4056ebd,CUST00003439,300,High,2026-05-31 12:47:21.763795,v2.1.0
74941f2b-3598-430f-ad65-82e30e628fee,CUST00006761,300,High,2026-06-14 02:24:40.663211,v2.1.0
fa7c86a0-da1c-4be3-8f9d-2d7e7110aacd,CUST00009744,389,High,2025-12-02 02:43:30.939768,v2.1.0
f47d0f0d-4503-48ff-9740-bae799dffb46,CUST00009092,374,High,2026-03-24 06:33:25.543569,v2.1.0
a0b9197d-f067-41d7-afc5-a6cb211775af,CUST00000320,390,High,2026-03-16 15:01:16.412395,v2.1.0
c997f406-4234-45b5-a1d6-4336749b889b,CUST00004527,300,High,2026-01-30 21:17:00.053218,v2.1.0
ad6cd41e-f7b3-443e-96e9-60b52a1ee7d8,CUST00001684,393,High,2026-03-13 14:37:47.010797,v2.1.0
fb804984-8365-417e-9cc3-28d495472b34,CUST00001935,499,High,2025-11-21 22:22:26.517200,v2.1.0
f4fa813a-e2df-4cb5-99e4-1ab17022b280,CUST00006605,679,Low,2025-09-21 02:21:49.193445,v2.1.0
744fb5c0-4d2f-4e71-949c-772bbccef857,CUST00006874,359,High,2026-01-30 03:23:08.219021,v2.1.0
c18b5015-521f-412a-b233-daa44fa05bb3,CUST00001264,435,High,2026-01-27 01:36:48.405960,v2.1.0
1959b4c4-f021-4973-8ebb-5a8ac93c3986,CUST00008752,587,Medium,2026-04-09 18:08:11.198025,v2.1.0
9d90bcaf-e494-4c0d-adb6-ac818e8c2d4c,CUST00000412,440,High,2025-10-07 05:57:20.355031,v2.1.0
9426c1c6-78bd-4675-86c3-6c117483be0c,CUST00000160,617,Medium,2025-07-19 04:21:09.851627,v2.1.0
19ab155e-9224-46b1-b4cc-b771e3e00baa,CUST00007252,642,Medium,2025-07-26 05:11:56.722173,v2.1.0
d4b3596f-4c32-48ab-9c07-3d92075c5868,CUST00007946,435,High,2025-11-03 21:17:06.066671,v2.1.0
f260ee5b-5ba8-40f3-9399-9b4b58a2d4c6,CUST00005340,639,Medium,2026-03-20 21:38:41.207893,v2.1.0
af9838e8-f734-4b31-8716-4443b265846d,CUST00007869,300,High,2026-02-01 18:23:01.830043,v2.1.0
b154cdee-e6d7-4c10-bacb-340348ceeeb2,CUST00009052,738,Low,2026-01-28 04:42:32.452860,v2.1.0
55e3241c-0b74-4978-9283-fb147ac0cb76,CUST00005111,343,High,2026-05-14 15:17:11.955112,v2.1.0
4b669a74-d427-42c9-8b48-0ad1d9531189,CUST00009296,512,High,2025-10-16 07:32:16.055886,v2.1.0
d6c7e3a6-54f6-4c90-8d67-e18038b6599f,CUST00009036,821,Very Low,2025-11-21 08:15:35.370835,v2.1.0
a3377bd3-821e-44b9-8cdf-0f6a1ca6c909,CUST00002190,478,High,2025-10-26 14:11:09.688503,v2.1.0
3f6a6884-4ff5-4bdc-9766-a654794d5077,CUST00007323,613,Medium,2026-06-25 07:01:15.290004,v2.1.0
9b341ac3-653c-4bbe-9aa4-ee6a44bcbee3,CUST00002732,556,High,2026-04-08 17:17:33.254726,v2.1.0
8bbc31c0-b42a-4a16-9329-354bf7b57128,CUST00002168,524,High,2025-08-28 03:04:32.474569,v2.1.0
91dfcebb-c6c9-4ea9-bbd5-49878fedeff8,CUST00003850,438,High,2026-05-09 13:35:53.335706,v2.1.0
b04ed7aa-74ee-43dc-aa71-199514a3ba1b,CUST00002059,434,High,2025-12-18 00:52:08.887086,v2.1.0
6cd118d0-35c4-43da-a564-53f194d694e4,CUST00004377,552,High,2026-04-23 16:56:51.036221,v2.1.0
d5bee615-52ea-471e-bbff-d86a4c5c4cdc,CUST00003040,503,High,2026-06-05 16:42:18.403826,v2.1.0
ffa3aff9-5942-4ed4-abb3-ed223eefcb24,CUST00009617,433,High,2025-07-23 15:03:14.265354,v2.1.0
dd5f5b2c-f691-4221-8729-1f4826380161,CUST00008215,430,High,2025-10-01 04:22:07.335179,v2.1.0
2a991115-f22e-47dc-b98b-63c0261753fa,CUST00004754,393,High,2025-08-23 18:20:34.938328,v2.1.0
1ea1bb3a-b00f-4247-b698-126ec8c4c063,CUST00004079,693,Low,2025-07-30 04:13:41.669841,v2.1.0
1223c947-ea09-48e2-a9e3-2dd01dedfb0a,CUST00007929,619,Medium,2026-02-21 05:56:44.170945,v2.1.0
bc2b86c7-92aa-4810-890e-87977aa86193,CUST00000259,456,High,2026-03-31 18:44:43.055882,v2.1.0
46b5987a-e6e1-4470-9d0f-920df608fd11,CUST00002634,519,High,2025-08-04 16:35:29.818940,v2.1.0
fb8d8ca7-be9f-46de-805f-bc6487260157,CUST00007446,557,High,2026-04-14 09:18:43.310744,v2.1.0
c49f1926-5325-4666-b861-40717915047b,CUST00002245,501,High,2025-12-11 20:04:05.477487,v2.1.0
9a5278a8-852b-4589-9fb7-1dd81f585746,CUST00005705,698,Low,2025-10-11 12:04:06.745662,v2.1.0
d417370c-6b27-47db-8b5c-b72161cd053f,CUST00009665,616,Medium,2025-10-05 06:26:11.106502,v2.1.0
e9332378-880a-4ac6-8ec4-e0a1c9242b5b,CUST00002243,808,Very Low,2026-05-29 09:09:31.243155,v2.1.0
36220c74-ac9d-44a6-9ca7-468eeb355847,CUST00003167,405,High,2025-08-07 12:40:53.512042,v2.1.0
a7e7ce27-efa2-41e4-9b2f-97b0a9da1cc0,CUST00009692,529,High,2026-01-17 22:56:12.276525,v2.1.0
9eee64b4-aa23-43ca-86d5-251940ff0f13,CUST00006409,465,High,2025-10-31 13:31:14.368824,v2.1.0
1c30c520-a2b7-4611-8fb6-d5bc0aa87490,CUST00004673,579,High,2026-05-11 20:53:35.537108,v2.1.0
3f36c2af-55f7-404d-ae07-87acff67a1de,CUST00008918,722,Low,2026-04-11 02:12:48.094077,v2.1.0
15056df3-dce8-4754-9fe7-d563b105fe20,CUST00009773,516,High,2025-11-11 09:20:23.755747,v2.1.0
69f1f4ef-74a1-4f6a-b51e-d3915aca0dba,CUST00000680,628,Medium,2026-02-21 07:06:34.196902,v2.1.0
b037879f-8b74-423a-9893-e9174ee53766,CUST00002080,711,Low,2026-03-20 13:09:35.665223,v2.1.0
e59c3abb-d8f1-4d22-a126-9333d1d34f2d,CUST00003732,458,High,2025-11-12 00:46:48.390866,v2.1.0
866eabd9-7d48-4552-9beb-35cf39f5f72d,CUST00002290,300,High,2025-11-05 03:06:04.614035,v2.1.0
07aba5f5-5755-4fc6-a925-6d74dc870545,CUST00008515,412,High,2025-09-08 05:41:35.700138,v2.1.0
b359a81b-5e10-48c3-97ec-3623044fd67d,CUST00003270,540,High,2026-03-16 01:10:13.162116,v2.1.0
8868c602-fb52-4bc2-b9d4-0a6aca49a0ee,CUST00006367,451,High,2025-10-06 15:30:51.404972,v2.1.0
fbb8e96b-6258-49f9-8457-4c52c24733af,CUST00009148,606,Medium,2025-11-04 16:01:33.265471,v2.1.0
45a26028-87cb-4772-bf79-e881cb4d6f50,CUST00002647,582,Medium,2025-08-09 04:14:48.061362,v2.1.0
81ef1f03-c881-4149-9923-98e6f68b62b3,CUST00007820,392,High,2026-06-29 08:24:27.278531,v2.1.0
70d474c2-3794-4aaf-9722-d148e40f0aa6,CUST00008650,636,Medium,2026-06-04 05:16:03.012680,v2.1.0
b913f267-1b65-43da-9653-53f1380424c5,CUST00006941,530,High,2026-06-15 20:34:39.737484,v2.1.0
b8a24d16-48d9-4cc9-ab56-6a1a692a6eed,CUST00008002,312,High,2026-03-03 13:12:44.182580,v2.1.0
c068d027-ad69-48c3-a82a-e2a91f7880b1,CUST00000249,425,High,2025-12-20 22:38:39.994515,v2.1.0
2151d20c-6a7c-4438-bcbd-81b7753caf90,CUST00000551,621,Medium,2026-01-14 22:23:58.347029,v2.1.0
05b273f6-40f2-4fc6-ad61-2b7bbd625e55,CUST00007586,629,Medium,2026-07-08 00:46:10.272119,v2.1.0
0b5c53cb-4e85-4687-a4a9-810e32a4fcb6,CUST00008690,738,Low,2026-06-26 19:37:37.756253,v2.1.0
8e4081a0-e03a-483e-8cff-4df0d5142faa,CUST00001571,494,High,2026-03-20 02:44:02.818974,v2.1.0
13415bb6-c147-4bb9-a4f0-b51c5677cb59,CUST00006111,300,High,2026-04-30 22:04:52.182944,v2.1.0
c02c2579-218c-41e4-af29-cb194a57c55c,CUST00007228,479,High,2025-11-11 07:51:23.123634,v2.1.0
96a6f117-bd9d-42a0-9216-9f0dbcf8d196,CUST00006705,523,High,2025-12-16 23:18:30.547177,v2.1.0
d19ce729-239d-404c-8de3-6055470c1007,CUST00004030,507,High,2025-09-10 09:54:44.656690,v2.1.0
174776dc-afa1-4385-8944-2ca028877263,CUST00002968,504,High,2025-12-02 09:51:58.783230,v2.1.0
ac63c0ca-ba95-4e06-8f57-1a2c995afcc2,CUST00004603,433,High,2026-04-19 10:56:13.614694,v2.1.0
7f3b3e20-fd76-42b4-89a8-a019654b3b67,CUST00008795,639,Medium,2026-01-06 20:39:32.406780,v2.1.0
d2c63b55-66a5-4fa9-8195-9415b0222745,CUST00003314,300,High,2026-05-24 03:01:31.573324,v2.1.0
a021f653-2811-4669-9826-40eee51c6efc,CUST00006417,300,High,2025-11-04 18:05:23.773504,v2.1.0
d52b4db6-a49d-4d7f-bccc-efaef8b2473c,CUST00003350,372,High,2026-04-02 08:21:18.198053,v2.1.0
3e0495d1-c7c8-4604-a823-c3af304f4cee,CUST00002565,701,Low,2026-05-08 05:08:49.554159,v2.1.0
be716d2d-bcc1-4a5e-bf2d-73ddfcb3f0ad,CUST00000254,755,Very Low,2026-06-17 00:18:29.730439,v2.1.0
a6ce974a-cce4-4c58-b1b7-10d77042233a,CUST00009028,549,High,2026-02-08 07:38:48.941223,v2.1.0
3254e55b-fdfa-4bf7-9621-53f050d9eac6,CUST00008529,521,High,2026-07-06 09:17:17.256412,v2.1.0
ee91a003-34f3-4136-a7ae-77c336206d97,CUST00002681,453,High,2026-02-06 10:56:55.104790,v2.1.0
6c166051-cb3d-43b5-b5bf-89675205282b,CUST00005521,618,Medium,2025-09-04 21:19:53.544685,v2.1.0
ef9fb087-bd4b-41fb-972e-0677ebd72496,CUST00008441,468,High,2025-10-14 14:44:46.077591,v2.1.0
79e803af-bd4f-43ef-9b8e-8be2635533f5,CUST00006751,513,High,2025-09-30 04:18:27.604279,v2.1.0
22dfa58e-43af-4f59-80ac-10a75035a8e9,CUST00009964,654,Medium,2026-03-11 02:46:29.826954,v2.1.0
4b2b34a0-6093-4023-90fc-24d1d9fbfd74,CUST00003365,554,High,2026-06-19 17:55:09.712369,v2.1.0
daa16579-e4a7-4b4c-b177-0c48a1e4f3c4,CUST00004102,300,High,2026-05-23 07:40:28.616251,v2.1.0
8d5a745e-ece2-4a2d-8cd7-d54b342b80ae,CUST00005028,366,High,2025-08-20 16:25:25.927903,v2.1.0
de5130c7-ceb1-45e9-b93d-2c9187f691a8,CUST00009449,717,Low,2026-04-08 13:26:32.475914,v2.1.0
14c5356c-1d69-4e29-9009-7b5e4f7e90ed,CUST00001305,521,High,2025-09-25 11:37:22.145672,v2.1.0
3a0e5c1c-e533-4a2b-9d37-a5ac9f45b441,CUST00001607,462,High,2025-10-23 23:10:35.454080,v2.1.0
325ec999-228c-4994-9074-85ae61587590,CUST00000810,424,High,2026-03-20 23:09:10.950078,v2.1.0
ea379843-52bd-4039-85b1-094e7e6c7b77,CUST00000318,458,High,2026-02-23 02:58:35.802300,v2.1.0
ebdc642a-3055-4590-af6e-0744be4bd404,CUST00004662,566,High,2026-06-01 23:51:14.172753,v2.1.0
9e770053-746f-4197-aa79-0dd8a09fd810,CUST00008642,300,High,2025-09-24 15:18:03.391526,v2.1.0
115340ce-b722-4714-8f14-3b423ecda4ca,CUST00001227,511,High,2026-04-22 02:45:16.760367,v2.1.0
c41afecd-6aaf-49d7-85fa-0b053b19cd03,CUST00000233,550,High,2026-04-08 10:59:33.237431,v2.1.0
b166f49a-51a2-4939-9962-6fa053fbe56d,CUST00009019,405,High,2026-02-07 00:39:20.943206,v2.1.0
23aca3e8-9d5c-423d-aa36-d24220cf8aa8,CUST00003799,340,High,2026-01-09 00:09:40.413532,v2.1.0
e16b5dec-4ee2-4f52-a98c-61b132bf164a,CUST00007331,712,Low,2026-05-31 11:30:20.791463,v2.1.0
25462b5c-4ca9-4073-bf29-14281bd7790e,CUST00009744,341,High,2025-11-16 12:35:30.853931,v2.1.0
a86d3116-ecb6-48a6-b410-4cd0f669dc02,CUST00008895,612,Medium,2026-07-02 10:54:43.929724,v2.1.0
17e35414-299f-4414-9fc5-c9f49659c588,CUST00001465,777,Very Low,2025-07-23 12:19:05.719354,v2.1.0
6894b15b-0a7e-4bde-9a2a-15c8d3ef5096,CUST00000666,707,Low,2026-06-25 04:49:27.237196,v2.1.0
1290885f-1007-456a-ba9d-6e7a1d4e550d,CUST00004679,578,High,2026-07-04 07:14:51.449829,v2.1.0
760eb0b1-d9d1-4022-9e53-e3e02cfcf07c,CUST00000382,418,High,2025-08-29 18:16:20.334357,v2.1.0
1431c3cf-8b60-4466-b4c5-a46995149447,CUST00009863,300,High,2026-07-17 23:54:53.938451,v2.1.0
d7937821-9c50-4f8d-abe5-52835c28e6ab,CUST00006070,412,High,2026-01-08 20:00:43.659625,v2.1.0
5c82d52e-9f33-496c-8728-2ebd89757c04,CUST00009686,465,High,2025-10-14 12:25:12.994906,v2.1.0
78c50764-1f80-4ef5-b453-2c2d4ef7e6e5,CUST00006634,850,Very Low,2026-02-23 15:56:43.648919,v2.1.0
7190ab7c-90bf-4051-86ea-c35fada2b783,CUST00000876,520,High,2025-09-30 14:37:11.261484,v2.1.0
0023f49b-55ed-4852-9eec-58398f6607e7,CUST00002516,658,Medium,2026-06-17 03:41:08.092009,v2.1.0
42b412d4-84d4-43d2-8c08-a142fc11b214,CUST00001090,505,High,2026-02-04 13:18:04.485998,v2.1.0
8ab4e949-a9a7-48ff-b831-d764a1d08ae5,CUST00003129,724,Low,2026-04-27 03:52:30.840621,v2.1.0
80b9bee0-492f-4158-bb07-eb531346f04b,CUST00005508,618,Medium,2025-12-03 22:41:46.172476,v2.1.0
ea63a386-06ca-4e91-965c-ba365fdeb77e,CUST00002125,300,High,2026-01-28 19:45:20.187241,v2.1.0
1b326e70-82a5-4da8-b3ad-035d237fcd7d,CUST00009056,850,Very Low,2025-11-26 03:05:22.950018,v2.1.0
56a74fbc-bc74-4a29-99c4-2ad8dab6c8ea,CUST00001012,697,Low,2025-10-21 10:41:35.223130,v2.1.0
860e6390-982b-4bbe-8411-8b45e00321a5,CUST00002865,300,High,2026-01-21 05:08:00.169964,v2.1.0
001b6d1a-22df-4091-9728-753e4ec7bc4a,CUST00004561,484,High,2026-01-15 12:55:12.257182,v2.1.0
5c37b774-354c-452b-ab29-27b3423c7365,CUST00009103,469,High,2025-08-22 22:16:57.930939,v2.1.0
a204e2aa-a1d5-483f-8900-99e08f25d2e4,CUST00003560,850,Very Low,2026-07-11 07:54:31.474635,v2.1.0
e13d131a-211c-4b33-a42a-8136e6b0d444,CUST00005996,664,Medium,2026-01-05 09:20:49.302294,v2.1.0
dc313a8b-2b00-4d18-8256-7827fe2a6b26,CUST00000904,434,High,2026-05-20 14:47:19.207573,v2.1.0
d8ae5e22-28b5-4480-b689-ffb14219f047,CUST00009269,472,High,2026-06-16 20:42:30.170456,v2.1.0
aaf1e02e-4fea-415e-a4cd-3551ba466620,CUST00000896,661,Medium,2025-11-30 07:25:01.339507,v2.1.0
b1c75f9b-5f5f-4b01-81cc-b85b45b8401d,CUST00001453,700,Low,2025-12-16 02:19:09.115385,v2.1.0
d88fd30f-8a64-4d32-b0eb-1abcb438b552,CUST00004730,436,High,2026-02-08 08:51:48.318065,v2.1.0
37d22839-7ddf-491f-ab74-00d04cf9a7d1,CUST00008412,561,High,2025-10-06 17:32:32.304203,v2.1.0
ba66f404-f7bf-4ceb-be9d-e6447e63cd72,CUST00004101,650,Medium,2025-09-09 05:01:48.533781,v2.1.0
1a8779d0-9bac-4992-8353-c0490e4dc3ae,CUST00005050,429,High,2025-10-21 03:47:23.742058,v2.1.0
9dcbc7de-db92-4e4d-9fdb-101f34377480,CUST00009206,538,High,2026-06-24 07:46:23.328424,v2.1.0
a0a90a7c-cfa8-4ae4-8a9e-45206ef419cb,CUST00009553,561,High,2026-02-14 10:32:04.423230,v2.1.0
55807c45-5d65-48f9-a186-e4c6d8d722c9,CUST00007396,415,High,2025-12-17 10:17:45.026569,v2.1.0
da7e56bb-f884-44d0-bf43-fbc34b6c0bac,CUST00006630,303,High,2025-09-11 13:54:30.634569,v2.1.0
3fff04f3-d3f7-421c-a06e-628fb2860aeb,CUST00006061,624,Medium,2025-11-15 09:25:35.745168,v2.1.0
7fd89b54-aed4-43ae-bcb2-133818069b31,CUST00001524,711,Low,2025-12-03 15:29:27.493806,v2.1.0
e32502e2-bace-4080-9226-d5d230b91d01,CUST00004077,394,High,2026-05-18 06:57:51.198555,v2.1.0
77b0df2b-65ba-4474-bd25-4a66e27e6c8f,CUST00003471,300,High,2026-01-16 06:39:49.063537,v2.1.0
f32e40e2-fdfd-4352-94c3-4c0ff044a4f9,CUST00009874,725,Low,2026-03-14 00:02:34.770378,v2.1.0
2e8c4dc1-1eac-41cc-ba49-3b869c29281b,CUST00003916,300,High,2026-03-25 01:06:27.746294,v2.1.0
2248c26f-661d-44a4-a0bb-f9ab55c0c10f,CUST00009838,390,High,2025-10-19 21:34:16.556420,v2.1.0
fdda6e30-1a9e-4e00-afd2-d8a0102e3c47,CUST00004228,492,High,2026-05-13 23:47:03.940600,v2.1.0
89bf30fe-250c-457a-87f6-57ab824f3517,CUST00009450,481,High,2026-07-05 22:05:10.231436,v2.1.0
f7f8be12-952e-443f-8730-a39e5330635e,CUST00008984,615,Medium,2026-03-09 06:50:46.490124,v2.1.0
2555668b-019c-445f-9238-386d16e3ad9d,CUST00008157,459,High,2026-01-13 02:20:59.282268,v2.1.0
90281c52-80a8-4a18-94fa-4e86382be487,CUST00000113,300,High,2025-09-17 08:36:08.751610,v2.1.0
b3e37e34-22b1-45e9-8649-e4bec1f09dae,CUST00003761,528,High,2026-05-04 06:28:16.432922,v2.1.0
4a7d9a91-39e4-4908-8185-3659629817d9,CUST00005157,300,High,2025-09-17 17:38:57.351467,v2.1.0
313eebd2-9339-489d-9c4e-1d2543d26378,CUST00006218,674,Low,2026-04-07 00:00:07.927487,v2.1.0
791fed2e-d053-407c-9d08-141ba186e14f,CUST00003683,588,Medium,2026-01-12 06:22:13.234308,v2.1.0
2f2fc96f-7f48-41a1-be87-8702aa94cbd6,CUST00003600,499,High,2026-06-17 19:13:35.979146,v2.1.0
453bc854-2bd8-4caa-87df-30c6c2a4d71d,CUST00001980,402,High,2026-01-31 22:08:53.620193,v2.1.0
ebe0838e-eec8-46ee-b55d-b34e43a8f117,CUST00007329,811,Very Low,2026-03-09 07:51:15.791948,v2.1.0
a4696613-9b62-48b5-8401-2c90efb804c3,CUST00002409,300,High,2025-08-08 08:44:15.846472,v2.1.0
140c460b-eece-4a55-ae3c-2ac073b663aa,CUST00002964,450,High,2025-07-30 06:23:51.375374,v2.1.0
678cf7a9-1f97-4593-bb07-573315c62127,CUST00002749,450,High,2026-05-23 03:51:09.792988,v2.1.0
9fb06d55-4816-4980-93fd-8cd4d6a5f5e7,CUST00004077,684,Low,2026-06-28 03:11:55.695505,v2.1.0
3a4316eb-32a9-4f00-ae71-f1b5a83e10c4,CUST00003228,504,High,2026-03-18 23:19:25.493954,v2.1.0
1ad80e39-3439-42ea-a999-20d8f066da6d,CUST00004757,341,High,2026-04-23 01:55:03.101147,v2.1.0
4fd65ca0-be5a-483a-af30-59cb3583d684,CUST00002370,650,Medium,2025-12-15 12:50:16.491222,v2.1.0
f2d6eaf2-880f-401b-aea1-0c95e79ad47d,CUST00001004,300,High,2026-05-21 15:27:05.197052,v2.1.0
26efcfb0-da21-4398-b9a2-1d0c67b4fe9c,CUST00008578,489,High,2025-10-10 10:35:46.455372,v2.1.0
3c2b2583-31b9-44cf-9f17-e4908b20411b,CUST00004641,536,High,2026-04-02 04:47:07.229025,v2.1.0
05905327-cfc7-48b5-8508-b7f5dfb0fc2b,CUST00003661,505,High,2025-07-21 06:02:18.693226,v2.1.0
e4e71c43-e359-409d-b9c7-f0e370d72a98,CUST00003403,611,Medium,2026-01-18 15:02:24.233263,v2.1.0
232b3cf8-b4ce-4dc4-bf56-745bb1b93761,CUST00003932,300,High,2025-12-01 05:17:39.734135,v2.1.0
b23d43da-db97-4532-8c18-1fdb50a90e3e,CUST00003196,850,Very Low,2026-02-28 13:42:07.430062,v2.1.0
5f5aa1fe-4349-4690-8eaa-bb40885eb3b8,CUST00001229,558,High,2026-03-18 10:31:06.977266,v2.1.0
e039e33a-326e-4fd2-b109-0c82efc7466c,CUST00001854,446,High,2026-02-28 02:10:02.716627,v2.1.0
24516941-0173-4ff3-89df-63d66795a260,CUST00001920,391,High,2026-01-10 09:33:29.909947,v2.1.0
c030b2e6-f823-411a-b84c-c60ee8a39833,CUST00008903,452,High,2026-01-12 02:19:16.002428,v2.1.0
add29c98-b5b5-4769-b14f-4e35ad360a24,CUST00000109,495,High,2025-07-20 07:52:08.403939,v2.1.0
bec90465-b15a-47ec-85ad-c61d4ca924fc,CUST00006596,603,Medium,2026-02-04 09:28:54.217777,v2.1.0
6013ebbb-94d1-47d2-ad3d-5e459c077775,CUST00005873,322,High,2025-07-22 05:47:21.872556,v2.1.0
89eaeff4-a29e-45d4-a25b-25545ade203a,CUST00007315,611,Medium,2026-01-27 06:39:16.915123,v2.1.0
3d002757-554a-46e2-8bbe-f1859deaca1d,CUST00009766,321,High,2025-10-26 06:13:04.912197,v2.1.0
3ef547a5-c6e3-44d9-ba1a-48f722a86380,CUST00005978,522,High,2026-07-09 22:15:21.737625,v2.1.0
1cc7d6d3-aa50-494b-9aaf-379339dd62b8,CUST00004788,616,Medium,2025-07-24 04:10:28.426894,v2.1.0
6bed4f54-4b0f-4ede-9689-f61a10ef4784,CUST00004337,300,High,2026-05-10 21:50:51.746874,v2.1.0
007b4fb2-6bd2-49a8-925c-67787de3b304,CUST00001197,721,Low,2026-03-21 02:19:03.925327,v2.1.0
8ec7fa89-ec51-4bed-8f14-ce46278dcb89,CUST00002573,566,High,2026-05-08 08:34:45.247411,v2.1.0
f882e17a-7593-493d-8a8b-b582eeeb2a1e,CUST00002116,420,High,2026-06-15 04:45:41.930655,v2.1.0
e8ddbf49-1c49-4ca3-9532-7242e4bd6391,CUST00004605,459,High,2025-08-25 23:59:13.187975,v2.1.0
95d7613f-4aec-4b82-88be-8a4be236e4f3,CUST00004635,452,High,2025-08-22 02:10:16.007797,v2.1.0
9fe86b62-23be-422f-a89f-2dee5a995d89,CUST00001328,300,High,2025-09-10 07:06:22.648569,v2.1.0
605ceced-ad9b-42da-b0ff-2d110566f25c,CUST00007251,573,High,2025-09-26 00:20:13.252421,v2.1.0
b8fb0031-a867-440d-8bf2-fadeac9c565b,CUST00004363,626,Medium,2026-01-26 04:41:36.546895,v2.1.0
79949e92-fc66-4c6b-9592-581d19c98b33,CUST00003176,444,High,2026-05-11 15:52:49.311140,v2.1.0
c48d7e0f-a584-4cc3-ba7d-c2940a7eee80,CUST00004066,613,Medium,2025-10-23 13:12:40.141574,v2.1.0
940f30e0-033c-4e47-af0c-cc53a8e0ebe0,CUST00005801,633,Medium,2025-12-09 21:00:19.624116,v2.1.0
723a2177-1c32-4bc4-b50c-acaa2310b2ff,CUST00000656,775,Very Low,2025-12-01 03:59:14.333745,v2.1.0
a3c60472-d7a5-4aca-a442-20f7209cd21a,CUST00009282,301,High,2025-12-13 05:02:43.782154,v2.1.0
b94fd92f-b458-4e80-901e-06870e2a1c6f,CUST00007465,425,High,2026-02-09 06:34:48.710934,v2.1.0
725f0a19-3a0b-4ec5-b3cd-4ce60a70bdf1,CUST00007240,483,High,2026-07-14 14:03:06.357934,v2.1.0
e370931e-29b0-483f-93bb-dd5fef964778,CUST00003188,600,Medium,2025-10-08 09:43:01.694849,v2.1.0
a622dfea-4f45-4a02-a403-d74976b27378,CUST00006635,422,High,2026-03-24 18:03:04.987980,v2.1.0
8968910b-3b6f-4e33-ac92-2c6f54483fcf,CUST00000783,300,High,2026-05-23 14:06:22.301894,v2.1.0
9f089ade-7a3f-4cf5-b57d-524b810de970,CUST00005919,653,Medium,2026-03-13 16:23:49.515898,v2.1.0
80aa60a2-f1d2-4468-804c-a100cc6e4365,CUST00009977,546,High,2026-05-27 08:50:59.431374,v2.1.0
f558fd1b-34b6-41a9-bdd5-e0d30854722d,CUST00009530,361,High,2026-04-21 08:15:14.143366,v2.1.0
89d30b11-00c2-4015-ad78-166337792038,CUST00009574,367,High,2025-08-21 01:30:34.765630,v2.1.0
d54f7264-f52b-4b6b-9caf-b04335ebf61c,CUST00008989,591,Medium,2025-12-03 10:26:38.624120,v2.1.0
86c8c2fd-4a65-458f-9cbb-1cf7df6a1002,CUST00005300,340,High,2026-02-04 18:45:17.414058,v2.1.0
a47f642b-0b94-4644-b726-97ea96f2dc3f,CUST00008769,415,High,2025-08-07 09:47:48.319749,v2.1.0
70bb4d7c-f2a2-492d-be39-e29e7418f02f,CUST00005618,303,High,2025-07-21 08:44:40.603601,v2.1.0
3ef0766a-4fca-4c04-9168-37efe44cf0bb,CUST00007715,548,High,2025-09-18 12:12:50.237987,v2.1.0
7cfbbc4b-99ba-405f-9dd8-bf31a5d16ccf,CUST00007467,517,High,2026-01-16 11:32:43.348845,v2.1.0
c89dd923-dfeb-4631-b567-c83fd3cd6308,CUST00000416,605,Medium,2025-12-23 09:27:16.335122,v2.1.0
dd56f30b-dd2b-4973-b455-a7d96e6482ea,CUST00002228,521,High,2026-04-30 09:33:40.164258,v2.1.0
fc5dee4e-b738-4337-a1cb-7a27d454095a,CUST00008308,850,Very Low,2026-02-09 14:04:12.222101,v2.1.0
ca8f8707-31e0-4a5f-aec6-1c62067c1304,CUST00004334,612,Medium,2026-05-27 06:34:51.107295,v2.1.0
a70f9820-b947-4182-b214-d3a6ed7d643a,CUST00008110,513,High,2025-08-21 17:49:32.266425,v2.1.0
3792b94a-9584-43ba-9f60-aafbfdb52e04,CUST00006108,416,High,2026-01-26 19:37:23.987268,v2.1.0
49bc1378-a6e4-465c-9cf0-dbe6d5410852,CUST00008961,575,High,2025-08-02 10:54:18.581457,v2.1.0
34d24682-bb58-443b-a59f-d6ac88e3dac1,CUST00000236,421,High,2025-10-03 03:08:16.218446,v2.1.0
3dbb1e31-8f8f-4fd3-af7c-4fd8b1f9889c,CUST00005836,522,High,2026-05-30 23:36:39.533225,v2.1.0
7336a59d-24fd-4bd4-915a-844675ef2a8b,CUST00003816,671,Low,2026-06-07 01:59:40.952750,v2.1.0
955927d7-324c-410b-a99b-a7595046dcd5,CUST00006425,487,High,2026-01-07 14:01:41.045146,v2.1.0
cc654229-5871-4b79-8110-1f1c2adda092,CUST00008636,549,High,2025-08-03 22:03:27.818337,v2.1.0
58fb3dd9-a071-4ca5-b02d-b84498adb65b,CUST00009899,495,High,2025-08-14 01:37:26.099186,v2.1.0
98b57104-e759-4110-b6ba-a169f845aac7,CUST00001584,451,High,2026-06-20 23:21:39.497334,v2.1.0
7d93556d-30e2-495d-b287-4996adf6e7cc,CUST00003331,622,Medium,2026-06-11 09:03:24.348071,v2.1.0
77ba13c8-704b-4ecc-815d-9a4426ed7a80,CUST00006454,489,High,2026-02-08 17:29:56.013158,v2.1.0
65251ad1-2cd2-4194-92aa-47be2f364bd3,CUST00006711,521,High,2025-07-29 22:18:56.790233,v2.1.0
834dd16b-cac5-44e3-9da9-5da5acc3cb3c,CUST00009427,409,High,2026-06-22 03:14:58.867794,v2.1.0
eeef0893-40fa-4d83-9898-af56beaaca80,CUST00004763,434,High,2025-11-09 18:36:14.440194,v2.1.0
ded12063-8774-4eb0-ac0a-94562e00773c,CUST00009036,534,High,2026-07-04 01:54:53.397051,v2.1.0
736549f1-1920-4e74-bb32-0813e3ad49ac,CUST00004295,516,High,2026-02-17 07:43:27.359063,v2.1.0
42ef4552-8153-4104-8621-78bddad2de5d,CUST00008272,649,Medium,2026-04-18 15:59:19.709778,v2.1.0
c948b524-f8c4-4d49-ba39-cf9851302c2a,CUST00001287,552,High,2026-04-04 05:21:49.492392,v2.1.0
a8b2c47a-7387-4030-8fe2-7845a33595ea,CUST00001321,463,High,2025-12-10 09:16:26.365459,v2.1.0
b6108db9-088a-48c9-8355-9837dc00f686,CUST00005567,446,High,2025-08-15 00:19:20.105917,v2.1.0
74dfa7bc-e46e-4f6c-a87c-f976999b8de1,CUST00005680,325,High,2025-09-15 05:54:23.674938,v2.1.0
07575c18-05cc-460b-a3a8-6798af587ac0,CUST00008987,489,High,2025-10-13 17:49:41.551001,v2.1.0
9793b855-117e-47c0-abe8-b4c6973f96c7,CUST00003045,412,High,2026-05-18 18:15:11.377068,v2.1.0
c1ee0416-cfac-475b-880a-72e668e55724,CUST00005778,515,High,2025-12-07 01:09:36.321347,v2.1.0
dc283c27-8b09-445d-9635-82c8f5c36a11,CUST00002165,300,High,2026-06-10 08:38:10.946502,v2.1.0
6b6b4447-87f9-4a05-bdcf-1a474f6b6306,CUST00002740,543,High,2025-11-16 01:46:14.972268,v2.1.0
b8c7efbb-d322-4e53-8477-03ac38d16b60,CUST00003242,432,High,2026-04-19 21:23:46.079640,v2.1.0
4936967b-b6bf-4ddb-beed-26e12b0612e4,CUST00009623,673,Low,2025-09-07 00:40:47.955323,v2.1.0
b0731c3d-0ec1-4acf-80ff-500d09fdebe9,CUST00002747,300,High,2026-07-13 22:40:01.959714,v2.1.0
2da19507-99ae-44b6-a60d-0d55c04f0dd2,CUST00003622,583,Medium,2026-04-08 09:45:02.602284,v2.1.0
1c367e22-b6aa-4ce8-a0a0-cde0fd91c99d,CUST00000890,591,Medium,2026-01-16 19:44:11.809819,v2.1.0
904b0753-b152-4f4f-8305-b5fe6520701e,CUST00008027,300,High,2026-07-08 18:35:28.022539,v2.1.0
bea8a0a1-fc0c-4ffb-b64a-6161b2182ea6,CUST00007841,452,High,2025-08-06 12:35:48.127106,v2.1.0
f455b559-0b23-4e30-adc5-5ed2728d2890,CUST00006600,515,High,2025-12-24 13:19:02.603683,v2.1.0
90c2b0aa-8b97-45e0-9128-2e8541346d3b,CUST00009969,483,High,2026-05-20 05:31:38.760189,v2.1.0
990b6c36-3815-48a1-8afd-14eef33a117f,CUST00007086,345,High,2025-11-19 07:27:39.384030,v2.1.0
ac7dd46f-f42e-44ee-a9ba-292452d07d65,CUST00000239,571,High,2026-04-24 18:49:32.385761,v2.1.0
d278f077-31c2-4e15-b8cc-d68749adf4f5,CUST00000509,715,Low,2026-07-01 15:57:58.348819,v2.1.0
e4d0b9d0-b76b-4a9b-934b-e99f2b3f5ec0,CUST00008206,441,High,2025-12-09 19:18:37.397438,v2.1.0
85ad9a41-6ff9-4ccc-81ba-db96805c637e,CUST00009325,446,High,2026-04-26 10:42:12.269858,v2.1.0
434b8678-7720-4b50-8f11-ac6aa5d95512,CUST00004970,563,High,2025-07-28 17:35:53.098159,v2.1.0
438152b7-53fd-4324-8cf8-367096e089ce,CUST00003245,555,High,2025-10-25 17:49:32.884103,v2.1.0
a3b57307-6a2b-4584-916b-a9bef48dcac5,CUST00008627,601,Medium,2026-07-15 10:40:34.523600,v2.1.0
b579f343-7068-46ae-af8f-4a5e46f0972a,CUST00001576,339,High,2026-01-13 02:25:07.745176,v2.1.0
261a51ac-ed24-4ea8-af8f-79d7f186c9ad,CUST00002131,608,Medium,2025-11-24 20:51:44.031847,v2.1.0
f9fdb76f-ecbe-4edc-9463-e1de2503f3f0,CUST00008109,452,High,2026-06-26 15:44:20.297030,v2.1.0
9f9bfbef-aa36-4d09-a4d5-39d20d7be19c,CUST00004809,300,High,2025-12-22 15:22:55.631624,v2.1.0
07474d93-a5e3-4f97-8d6f-2a16d60c2ccd,CUST00001701,691,Low,2026-03-23 03:56:55.197246,v2.1.0
93ed1aac-b1a7-40c3-a322-eb1d67330606,CUST00008655,581,Medium,2026-03-16 05:11:52.968063,v2.1.0
17a8bd5c-c87a-4497-a1b8-0773184369e8,CUST00001914,496,High,2025-08-18 05:04:50.647015,v2.1.0
e22d37f4-9d00-400d-9047-a7d94a55733e,CUST00007862,589,Medium,2026-02-28 20:32:42.334336,v2.1.0
9b684d19-4d43-4a16-8fe7-5390cb9fed8f,CUST00009754,632,Medium,2026-05-05 09:28:00.433127,v2.1.0
25e0b0ce-d70b-4ce2-9dbc-ab1fc5a7819f,CUST00004168,682,Low,2026-04-04 08:50:41.705079,v2.1.0
69e99623-4e4a-44d5-bcd9-849f6586989c,CUST00004343,321,High,2025-08-16 21:01:55.813221,v2.1.0
5871ff9c-66ee-451a-9ec5-88270e8f204c,CUST00008659,313,High,2025-09-12 05:46:14.242370,v2.1.0
57391965-e309-4f26-9df1-73ae8cc0ccfc,CUST00005390,676,Low,2026-04-03 20:17:52.090580,v2.1.0
2f5509db-22f0-42c0-ae9c-03f5f98ff604,CUST00001646,504,High,2026-03-06 10:31:46.782275,v2.1.0
63c5301f-b07f-4bc1-9180-c8c345fc8cde,CUST00005402,714,Low,2026-04-14 01:32:50.685238,v2.1.0
c5b67dc9-2868-4c92-9ddd-8d62d198bbbb,CUST00004875,444,High,2025-11-10 13:49:55.259451,v2.1.0
97771868-36ef-47fc-a0d9-19b713fe4f42,CUST00002771,365,High,2025-08-25 19:54:23.180772,v2.1.0
8da8d2c0-30b0-4f38-ae26-6f76c7ee6b79,CUST00008865,709,Low,2025-07-19 19:26:48.260792,v2.1.0
83382e43-e996-439d-958e-03885d7b91a7,CUST00008161,510,High,2025-11-07 12:06:18.699128,v2.1.0
318be191-39d3-4c01-8d52-eab19ea21445,CUST00006617,674,Low,2025-11-26 08:51:25.445557,v2.1.0
02a75719-fcbc-49f9-a426-0170550022fb,CUST00006575,472,High,2025-10-24 10:36:52.430964,v2.1.0
c1de4dbb-e396-41ad-a6bf-5cde24af8934,CUST00000621,725,Low,2025-09-04 07:25:52.558974,v2.1.0
2986c096-b875-4b7c-b3cf-75eeb295acec,CUST00004014,571,High,2025-09-24 08:32:17.041358,v2.1.0
6f218b53-fcbc-430c-ba1c-fe6435f260cd,CUST00002662,398,High,2025-12-28 20:21:45.421035,v2.1.0
299a6945-e961-437b-ae26-afdeb377ccaa,CUST00004158,591,Medium,2026-02-05 12:37:27.747854,v2.1.0
619fd63d-4e7d-41c8-801f-9f0cd3ecf700,CUST00001741,413,High,2025-12-13 22:43:26.309436,v2.1.0
6a32e03a-310d-49ce-906f-2769e4578cc0,CUST00004522,577,High,2025-07-27 12:06:43.971805,v2.1.0
0f751041-3f83-45a1-a5e0-8f0012ceeda6,CUST00003270,534,High,2025-11-24 04:14:03.732383,v2.1.0
3489fdc3-7124-461e-8779-6e4929d92099,CUST00008190,619,Medium,2025-08-20 21:41:08.298368,v2.1.0
ada63d3f-f7fe-4a59-b7ed-de70c737625b,CUST00007160,500,High,2026-02-21 08:12:54.243431,v2.1.0
b64cdd20-d8aa-4263-bd62-c61f09598786,CUST00006705,618,Medium,2025-11-13 09:47:06.292266,v2.1.0
d8e3e480-bcaf-49c3-848e-7292e22c8901,CUST00002996,433,High,2025-12-05 14:48:35.256455,v2.1.0
383dec6f-75d4-48ce-81eb-68ccea9dfae2,CUST00008832,387,High,2025-11-01 12:10:13.817157,v2.1.0
2548bbf7-3f7d-416b-993e-8e99a44c14e6,CUST00001126,424,High,2025-12-06 13:15:52.316220,v2.1.0
b2f71c41-f999-4fdc-894c-9ca5c5f17bca,CUST00000005,686,Low,2025-08-17 20:21:44.295041,v2.1.0
0c264167-14e6-4314-bbcf-adac1775b8ec,CUST00001751,506,High,2026-06-12 01:02:56.267619,v2.1.0
f786f66e-6fd9-437d-8c5e-e091c3b93e37,CUST00001595,300,High,2026-06-13 12:44:20.447807,v2.1.0
6810a0bd-eb1b-4fce-bed3-a06ad8531423,CUST00006770,393,High,2026-07-10 04:20:13.143397,v2.1.0
e9a90a7d-a311-45a2-838e-dfdd89dd02f5,CUST00000855,422,High,2026-02-11 19:34:28.315609,v2.1.0
54fdfa9b-4453-4263-8a03-88bec9acb3ee,CUST00007959,430,High,2025-09-17 20:25:47.543600,v2.1.0
d699a0ae-47cc-4d02-b4f9-301d4b98ab7c,CUST00004397,441,High,2025-12-03 23:18:43.951980,v2.1.0
ec22fcab-f275-4e4b-9125-bad17395e63f,CUST00002436,390,High,2025-09-06 14:56:43.086807,v2.1.0
f2587c7d-7b0f-4310-8d58-71d084d13e83,CUST00003546,841,Very Low,2025-11-04 21:33:03.842787,v2.1.0
0e0ae1cc-9291-4dd3-844d-75e8521cdb23,CUST00007283,564,High,2026-01-14 00:30:46.059625,v2.1.0
5c384f42-756d-4a2d-8186-784f7326d054,CUST00007135,515,High,2025-08-10 00:29:28.758762,v2.1.0
9a5b5b31-76b2-4c7a-8c4b-453de2879935,CUST00003838,546,High,2025-12-23 16:10:28.274589,v2.1.0
35d67092-3cb8-4289-9a72-54ea99cfa418,CUST00002714,407,High,2025-12-18 17:11:19.365184,v2.1.0
82dcd93f-8d12-411b-833d-73a522a1eedf,CUST00002804,690,Low,2026-01-10 18:33:43.736746,v2.1.0
b081be4d-977f-4860-9389-01b90dd24ea7,CUST00002856,474,High,2025-08-15 00:10:51.094308,v2.1.0
9928c2f6-703f-4c89-b32b-b76122434e0f,CUST00002327,464,High,2025-10-17 20:14:46.176674,v2.1.0
a430fc48-f1cd-49aa-94b6-b05690f2e355,CUST00000212,517,High,2025-10-15 23:27:21.687048,v2.1.0
b6f82cff-64c6-4d9e-ba2b-68285b04f478,CUST00009497,525,High,2026-03-03 04:48:07.076030,v2.1.0
943154d1-435d-4d01-8d67-c7f15a08de9f,CUST00008691,371,High,2026-02-19 19:04:15.738030,v2.1.0
27dc007d-6820-4088-b351-ac40498579bb,CUST00006553,591,Medium,2025-09-27 08:02:07.707815,v2.1.0
8c7c4190-3ae4-403d-adfe-21cb0aeffe47,CUST00009740,578,High,2025-08-25 23:36:02.763046,v2.1.0
8d2dd812-4ff3-4d81-a723-c3dd8f67f06a,CUST00007239,432,High,2025-11-06 04:27:55.942212,v2.1.0
ee16e9c1-9371-4207-8244-6b28d1a96696,CUST00004168,520,High,2026-06-29 11:03:55.513391,v2.1.0
77eff9e5-4b79-4ea5-b60d-dcebea262ab2,CUST00009190,609,Medium,2025-11-16 06:02:34.958244,v2.1.0
81e1de79-abb1-4f82-9c10-d0a0a6dc89db,CUST00002517,517,High,2026-03-01 10:21:45.142024,v2.1.0
c286b61b-2d3d-43b7-a358-c98c4666716a,CUST00000370,631,Medium,2026-05-07 14:14:52.633803,v2.1.0
504e9849-0e10-4acc-a2d8-0e7f42c8e539,CUST00004727,850,Very Low,2025-11-15 06:35:24.941612,v2.1.0
e25578e1-06ae-4b72-b782-c6b3df8e816d,CUST00008429,317,High,2025-11-17 04:07:26.642420,v2.1.0
e9042edb-7cc8-4f7f-a9bb-c92a5b1fad48,CUST00000872,507,High,2026-05-11 18:10:08.121361,v2.1.0
89712eb9-33a7-46de-89d3-3ff81f37a083,CUST00002714,527,High,2026-05-27 20:09:05.786066,v2.1.0
5ac782d8-89f3-469b-8559-8f493b94d3ff,CUST00002453,350,High,2026-07-08 17:43:57.010856,v2.1.0
79629c81-3128-48b8-9b30-32de8f8a0f0c,CUST00007228,334,High,2025-09-05 15:08:28.012735,v2.1.0
a6a9dd42-6ec1-4098-baac-86bad7139f2d,CUST00003922,705,Low,2025-11-12 00:46:49.652571,v2.1.0
2b692616-407c-4834-881d-041761de2c29,CUST00009738,477,High,2026-06-28 21:31:34.860427,v2.1.0
2e41ad6f-5c4e-442c-886a-4dcd991d188b,CUST00003299,490,High,2025-09-29 06:31:21.404178,v2.1.0
3c314d23-0d62-4d06-8097-6879c3623cbc,CUST00004394,481,High,2025-11-09 15:57:42.860298,v2.1.0
d7be300e-8bf0-404f-a36d-a81a8a3c5bec,CUST00007298,507,High,2026-07-05 05:08:10.733302,v2.1.0
d087f029-d644-4d45-a9ae-0e48845eb92b,CUST00000503,342,High,2026-07-06 17:31:10.079202,v2.1.0
a0b33281-da36-4535-95a9-e81fb383a343,CUST00005924,634,Medium,2025-11-01 08:40:16.377100,v2.1.0
a132bff0-5661-4212-b2ed-8c80f6f02368,CUST00001348,300,High,2026-03-28 17:44:22.805578,v2.1.0
63532f3d-8405-4bff-9a1e-25b68baa4380,CUST00005320,795,Very Low,2026-01-13 05:57:32.147006,v2.1.0
226271f5-3dd8-4ae7-b0e0-d3741524dbf4,CUST00009536,649,Medium,2026-02-13 05:55:34.458108,v2.1.0
f4170c81-5ffa-4245-90d7-8656179626b1,CUST00007178,613,Medium,2025-10-14 10:56:23.533490,v2.1.0
af27543a-6c08-489f-841b-d80e5c488fc8,CUST00004373,300,High,2025-12-02 06:19:01.896843,v2.1.0
d9ba0c22-ade6-4836-9a05-b7a71498da8b,CUST00006219,300,High,2026-05-12 03:06:05.868964,v2.1.0
c36563be-ff53-4ade-a8a3-961bd40ca1aa,CUST00009113,367,High,2025-12-08 10:16:54.154314,v2.1.0
2e57ad31-d0f8-460a-8754-4520a8fc0969,CUST00004957,344,High,2025-08-28 12:13:11.983338,v2.1.0
3e3856c3-c085-4239-8967-2c0220450be9,CUST00002654,708,Low,2026-02-08 20:29:05.644264,v2.1.0
2914ce14-27f1-467c-a417-742021f912c9,CUST00005602,647,Medium,2026-02-19 05:13:36.171902,v2.1.0
61e457bf-46b5-48e2-b278-763b0c953703,CUST00005726,426,High,2026-02-02 04:45:37.003493,v2.1.0
e501a226-68ef-4300-a89e-6c30458dd6a2,CUST00000939,556,High,2026-03-23 21:38:09.591551,v2.1.0
ea24b325-0a9a-4ff8-8ba5-c41d4d28754c,CUST00004543,465,High,2026-02-03 19:56:37.871192,v2.1.0
e32f3421-790c-4b1c-8927-0267ae20017c,CUST00006288,419,High,2026-06-30 23:42:58.931456,v2.1.0
50786145-1127-44c4-8d80-d3fed5a215fc,CUST00007835,778,Very Low,2026-01-02 12:22:34.617679,v2.1.0
d7f4a2b9-a4b9-4618-9539-3a844cc2eb85,CUST00002493,468,High,2026-04-02 15:16:56.027586,v2.1.0
b852b1ee-3b1a-46a1-88fa-61453f336834,CUST00008808,522,High,2025-12-25 01:17:51.241018,v2.1.0
5605626d-cbbb-4cdb-a58a-700fcc243059,CUST00006071,554,High,2025-11-01 07:38:46.018953,v2.1.0
e3818aea-deef-431c-9ef2-e4ed801e5187,CUST00001316,430,High,2026-03-27 23:08:04.001125,v2.1.0
9abf7d9e-7ca8-4cda-9ffc-a58ca3d96d19,CUST00005462,751,Very Low,2026-05-13 00:45:44.222607,v2.1.0
fe08aefd-0dfa-4dec-b9c6-88eaed7329de,CUST00002736,633,Medium,2026-05-04 12:26:36.720120,v2.1.0
13c71dac-f62b-4ddf-9688-848cea2521cb,CUST00001411,467,High,2025-12-14 08:20:37.149979,v2.1.0
aa497037-778a-4f8a-a78d-8a76785097c4,CUST00008438,567,High,2026-01-16 06:40:43.748825,v2.1.0
5c2ad29e-b7c3-4664-a397-3fc82c6253de,CUST00007881,568,High,2026-03-06 05:34:42.202636,v2.1.0
b80892a0-3e41-4280-943e-e9bbcdee15f1,CUST00008771,511,High,2025-10-14 07:24:22.094599,v2.1.0
036b2efc-7396-4471-beed-2b17ac0e6d60,CUST00000104,518,High,2026-03-15 11:35:17.410951,v2.1.0
28f89abc-3e51-4111-972d-b63a54bdcafa,CUST00007418,603,Medium,2026-04-05 03:29:49.977829,v2.1.0
1a6258e6-79ed-4dad-b8e3-b71d9f6544c9,CUST00008693,575,High,2026-05-02 02:45:51.100670,v2.1.0
8127874d-7bec-460d-823c-ce57bd2a142e,CUST00006060,300,High,2025-08-13 22:16:02.256774,v2.1.0
9aea916a-da09-4625-960e-ed8d00e4f50c,CUST00004644,686,Low,2026-07-14 18:09:01.744825,v2.1.0
376f5fb7-28d2-4845-a348-c80e0156d89f,CUST00005067,575,High,2026-01-08 22:45:46.902764,v2.1.0
3f55a6e8-1516-41fb-acfe-75718c2b3306,CUST00008549,392,High,2025-12-11 07:16:04.643877,v2.1.0
ae03cc73-9b25-4547-bd20-6796fec57f24,CUST00001419,706,Low,2026-01-18 22:45:05.430344,v2.1.0
dc912fb6-5ca6-4f70-b042-f5be2f1b1ba0,CUST00002657,516,High,2026-06-19 01:50:37.182045,v2.1.0
b9d7508c-54b6-4eed-9ffb-e2f0c39aa1e9,CUST00008809,611,Medium,2026-03-27 13:15:38.070006,v2.1.0
640608a3-c02c-4a10-a8a5-4cd169df7f8b,CUST00003257,565,High,2026-02-01 11:22:12.160965,v2.1.0
6335affc-506f-443b-b727-385ad9b8b187,CUST00005625,365,High,2026-05-02 17:10:35.229001,v2.1.0
57e1d921-ec7d-4149-bb2d-659c5b526d95,CUST00007713,438,High,2025-11-26 05:27:21.295328,v2.1.0
1565027f-7035-4b72-94e9-bf3a6fcdc641,CUST00005887,436,High,2026-06-09 23:39:28.907844,v2.1.0
be8012c4-d27c-427c-a1db-e5dcf2eed032,CUST00007756,680,Low,2026-01-30 00:17:44.457798,v2.1.0
2d3a574a-161a-4134-a261-0a7ef7d0d2c7,CUST00002062,623,Medium,2026-03-08 00:02:33.362144,v2.1.0
31a047db-27a0-4542-9511-0aa64c89d4ee,CUST00000490,759,Very Low,2025-08-17 22:50:16.457616,v2.1.0
d72e7482-d14f-455e-9e45-6601cb91e1d6,CUST00001266,300,High,2026-04-24 18:22:23.886344,v2.1.0
e7cd7b83-6c70-46f4-846c-16378e3acf1e,CUST00001804,533,High,2026-03-15 02:17:05.491201,v2.1.0
2bce4ae2-d4ec-4394-afbc-450dce3cd228,CUST00004065,582,Medium,2025-11-24 13:49:43.593008,v2.1.0
bd6e0080-22af-4ab4-9f80-fc9d6960dbdd,CUST00003624,330,High,2026-03-11 05:21:07.394852,v2.1.0
d8a60d44-60d4-4de7-93cb-c48628a713e5,CUST00003869,714,Low,2025-08-03 02:12:03.063331,v2.1.0
62c2c683-e985-445f-9947-3b1efa6846eb,CUST00007317,691,Low,2026-07-12 03:58:48.482660,v2.1.0
ed82af80-ebe8-402e-9bc6-bfcee8a22332,CUST00008286,512,High,2026-03-22 08:27:45.765206,v2.1.0
80d88c36-90cb-4d1c-9447-6ae837a89ebd,CUST00008626,542,High,2025-12-10 20:51:35.718540,v2.1.0
b49d6118-c763-49ab-ac82-f3dead739dcf,CUST00002498,404,High,2026-04-18 19:44:35.708560,v2.1.0
8a6e93ef-f122-4bd6-91fc-262ab316e43c,CUST00003708,449,High,2026-07-05 15:08:53.405086,v2.1.0
d2a2524f-7e40-44fa-b81b-4f66c50ead6c,CUST00002211,518,High,2025-12-22 03:10:35.958279,v2.1.0
81d64780-f860-455b-a5b7-b5f86cd88f2f,CUST00003861,300,High,2025-07-21 18:21:57.281151,v2.1.0
829b256b-9d16-477f-8f75-25336a90471a,CUST00007571,525,High,2025-10-20 09:56:42.447898,v2.1.0
eb7d6485-c0b7-4fac-87c0-c77d4885fcfc,CUST00008124,421,High,2026-01-20 10:22:19.303721,v2.1.0
9ca9c30e-300c-42dc-acdc-ce301b7b1465,CUST00008308,599,Medium,2026-01-23 09:33:48.165854,v2.1.0
311640f0-af87-4ff1-a08b-38ce467b53e8,CUST00002944,735,Low,2026-02-14 22:35:26.595021,v2.1.0
f202067b-671b-41e6-a9dc-62593008ed1e,CUST00002357,676,Low,2026-02-13 00:16:55.601075,v2.1.0
2d975121-ad8c-4425-9b52-d80b5f6eaf83,CUST00009783,463,High,2025-12-27 17:29:40.064303,v2.1.0
a84a4b10-42b9-4210-978d-efc899009bf2,CUST00009549,704,Low,2025-12-07 18:29:41.701535,v2.1.0
ebf18979-d2ee-40c7-921c-848530281408,CUST00009799,475,High,2026-04-26 00:04:23.931468,v2.1.0
07a5cb2d-d902-4c48-852a-377be17bb8f0,CUST00002831,687,Low,2026-02-17 21:20:41.870789,v2.1.0
1adbc292-f159-40b8-b64d-827e84679e2a,CUST00008532,850,Very Low,2026-01-16 16:52:10.547608,v2.1.0
a3b5eef0-b456-4300-b5ce-758b270aacc7,CUST00006193,819,Very Low,2025-11-20 21:48:28.779088,v2.1.0
710531d7-2112-4592-9d9c-7d7b70e34445,CUST00004262,671,Low,2025-07-26 21:13:01.156994,v2.1.0
72be5a6b-5f22-43cd-a8c4-fbf8bcb44fc7,CUST00004704,402,High,2025-08-25 02:21:40.489567,v2.1.0
0925d1b8-9025-4b10-9fc2-162a5cf8fc33,CUST00000496,552,High,2025-12-16 20:14:50.780473,v2.1.0
bc7e58ab-d789-40cd-ac8d-ce13b31cc450,CUST00005442,554,High,2026-07-04 04:10:56.361106,v2.1.0
0c9398b8-858c-4389-bb1b-efc94e724b83,CUST00004750,428,High,2025-08-29 07:20:33.455666,v2.1.0
b8589300-8754-41ce-9b38-058135cec9f2,CUST00007757,524,High,2026-06-26 11:38:53.184114,v2.1.0
22179fa7-ff25-40ae-b0b0-cbeee5926fbd,CUST00002481,589,Medium,2025-09-07 15:47:50.153027,v2.1.0
597cd539-be26-4fe7-aabe-2d975b58f0d6,CUST00008508,300,High,2025-11-08 19:51:45.243324,v2.1.0
8d457766-8d64-4b56-b45f-37f83fafdd82,CUST00008274,665,Medium,2025-12-31 05:14:35.762007,v2.1.0
1f0b4a30-aa21-4109-9a58-cf21e548c4d6,CUST00008963,582,Medium,2025-10-01 11:15:21.600182,v2.1.0
40d72e39-f8c9-4240-a4b8-f4b86b23feb0,CUST00006034,432,High,2026-01-10 07:07:12.251018,v2.1.0
a5985e8d-4d9b-4034-8940-bcbf4709b4db,CUST00009854,346,High,2026-01-07 19:49:59.290459,v2.1.0
0625f76f-eeb2-461b-bc96-47260021d971,CUST00004394,300,High,2025-12-24 22:45:50.838274,v2.1.0
86bcc6b4-6753-4511-96e7-fe4c40f553ba,CUST00001134,352,High,2026-03-29 09:33:58.424628,v2.1.0
862c5607-251b-4aed-b594-9aa1518454c5,CUST00001792,310,High,2025-11-11 09:23:26.085787,v2.1.0
039278a0-33bd-4806-b88e-64d5b7fcb9ef,CUST00007250,514,High,2025-11-04 13:56:58.403255,v2.1.0
4f93722a-bc10-4755-b86d-b03489e7d638,CUST00002487,475,High,2026-05-09 19:48:07.722256,v2.1.0
1c360766-452d-422b-9131-82cbeea7f940,CUST00000750,824,Very Low,2025-08-28 22:42:59.378703,v2.1.0
3fd7f1f9-1d2b-4978-b134-2d8847f80ab4,CUST00008763,300,High,2026-05-24 01:36:53.330414,v2.1.0
10fe8a69-1126-4a63-8cf6-4b6f40ad9ec3,CUST00009944,300,High,2026-03-11 13:51:19.615475,v2.1.0
e19d95ee-8ffa-4705-b45b-072228b79e98,CUST00008378,499,High,2026-03-22 05:32:51.163254,v2.1.0
3e020f05-0fb4-4cb0-9a7a-89bf756c5acc,CUST00001021,708,Low,2025-09-15 22:35:42.718609,v2.1.0
134c0aa8-9d63-4028-8559-efe6c834c79b,CUST00000231,459,High,2026-07-12 06:32:31.400630,v2.1.0
1fa11803-35b2-4711-804b-bc10cfbb1005,CUST00007877,649,Medium,2025-10-14 23:59:20.461323,v2.1.0
783169f6-bba2-49b1-8aba-95f953716182,CUST00002040,436,High,2025-09-19 15:07:18.612578,v2.1.0
64e07767-f939-487f-967f-f9265b88f736,CUST00002837,300,High,2025-09-14 09:37:04.362995,v2.1.0
bdefeac1-8151-4793-a413-9d483bbfc85e,CUST00002490,451,High,2026-02-07 09:24:29.593599,v2.1.0
98408221-ad8f-4fcf-b592-2d64d9d524c3,CUST00003222,759,Very Low,2026-07-02 23:33:35.919926,v2.1.0
fb6290ee-f74f-40ea-8ee4-000ca73fdffc,CUST00007653,785,Very Low,2025-10-10 14:17:48.299797,v2.1.0
683e8dd6-f1bb-4684-9fca-ac610e5f2dbb,CUST00007951,633,Medium,2025-12-12 20:27:19.014173,v2.1.0
2dde804a-71b9-46ad-8cac-5b3ef1c98370,CUST00007265,359,High,2025-09-23 06:45:59.973184,v2.1.0
a224a034-69e2-45ad-babf-860c0263d71d,CUST00008530,434,High,2026-03-08 20:11:26.824339,v2.1.0
179fb27c-7161-4cf0-a027-5eb5ca9d3d23,CUST00006583,622,Medium,2025-12-22 17:53:36.831815,v2.1.0
0fde8050-d917-49d2-8e63-22f757ce3cda,CUST00005955,300,High,2025-07-28 13:47:56.894662,v2.1.0
6c041085-0281-4f9c-b6ee-4c1dee2abee0,CUST00008810,586,Medium,2026-02-27 05:01:14.498414,v2.1.0
4e334e7c-af19-488c-9b66-0067c6b99035,CUST00000540,850,Very Low,2025-09-27 23:36:19.126329,v2.1.0
12d286d0-7752-42ab-a2eb-970b0bf901c8,CUST00001443,481,High,2026-02-19 05:01:02.726744,v2.1.0
acfc5eb7-6fb7-4bac-8ad4-ebe57cf625c7,CUST00004736,491,High,2025-12-06 22:20:52.068039,v2.1.0
e0ded7c4-e7d0-4991-aed1-35e3971598c7,CUST00002993,783,Very Low,2026-04-01 07:26:59.782639,v2.1.0
8da93e1a-6cd7-41bd-86b4-a0b72995d254,CUST00007677,397,High,2025-10-01 01:45:50.488292,v2.1.0
19f530f4-b26d-413d-86c1-8e7f8b5aceb4,CUST00009322,671,Low,2026-04-18 16:36:41.043160,v2.1.0
07276cd7-2db9-40ae-b049-e3583a5a9106,CUST00004962,312,High,2026-05-09 07:02:16.435173,v2.1.0
5dcb4595-2377-4c44-b1cf-4d26137802db,CUST00001343,850,Very Low,2025-08-09 18:19:31.788282,v2.1.0
5ce7f5b1-0524-4174-8153-c520ffc7b1c1,CUST00003368,400,High,2025-08-24 01:50:26.539142,v2.1.0
4f2729f5-f9e5-423b-8877-c09e6906b2d4,CUST00003428,301,High,2026-06-01 09:28:05.514579,v2.1.0
79b6524c-242f-40ba-bef6-54d970465f9d,CUST00003281,566,High,2025-09-24 04:45:06.175645,v2.1.0
d1373fe8-7d82-4493-b9a7-c6d73ca96145,CUST00002802,688,Low,2025-11-13 23:24:43.795307,v2.1.0
b9dc2117-d898-4844-8d83-e14af32385e6,CUST00001950,754,Very Low,2026-01-01 00:41:01.880249,v2.1.0
f9542eae-2271-43ea-805e-d8e90b7b5887,CUST00009278,689,Low,2025-10-21 17:38:00.838994,v2.1.0
d5a4af29-784e-4ccc-a3f5-181ccf0fea46,CUST00005741,300,High,2026-05-28 23:34:17.792062,v2.1.0
bcd6d70c-a7cc-458b-87f9-5c098c1c0fa8,CUST00004256,425,High,2026-01-26 15:43:47.557629,v2.1.0
e794f12f-23a1-4e6a-9da8-48759c36f3c9,CUST00004199,633,Medium,2026-03-08 08:10:44.913200,v2.1.0
49cc6219-8f0f-49b7-bdb9-71a914456075,CUST00001996,336,High,2026-02-20 22:48:34.859385,v2.1.0
d27c3bfc-e80e-4dc0-a038-cf1b4ea7e1f7,CUST00002324,565,High,2026-02-26 04:29:22.460460,v2.1.0
d1bf10f0-0ca9-4cab-84ef-5d5007a52153,CUST00002286,403,High,2026-02-17 07:26:56.808290,v2.1.0
a713e2bb-5653-43d3-a36c-9dad1b821159,CUST00006948,523,High,2025-11-21 23:43:49.931487,v2.1.0
35b4a83e-bdce-42ca-9f54-63c08c5f5f03,CUST00007817,409,High,2026-05-22 17:30:46.082143,v2.1.0
a441f819-218c-416d-8f0e-b8af9b7c6bda,CUST00005803,404,High,2026-02-28 09:33:35.088072,v2.1.0
c634c5df-2aa8-4c74-b1e0-820754f67065,CUST00008207,628,Medium,2026-05-11 02:56:27.262813,v2.1.0
19399940-2f58-40a0-a409-c5df96392756,CUST00004956,322,High,2026-04-01 18:25:52.325445,v2.1.0
9908f6e9-dcc8-4471-9bcc-58769d7bfde8,CUST00000914,427,High,2025-11-03 13:14:12.123171,v2.1.0
7838c927-11e7-47d4-a754-db729f6ac9e1,CUST00003601,736,Low,2026-02-27 08:19:49.638440,v2.1.0
7bfb08a5-996a-4712-8c94-89bd19139b6f,CUST00005564,560,High,2025-08-17 20:49:19.499317,v2.1.0
b0b74c4c-708b-44cc-b41d-76b05d425d69,CUST00004300,300,High,2025-09-04 20:03:38.404656,v2.1.0
b4afedba-0b47-430d-84d4-4be7addadd21,CUST00002300,300,High,2025-08-29 23:03:13.057568,v2.1.0
f5581e37-b0a5-4822-9bea-e6b747caa8b4,CUST00007946,540,High,2025-11-06 10:47:40.119692,v2.1.0
26e5dee7-0b25-4950-b902-a642781969c8,CUST00002451,538,High,2025-09-22 18:25:51.541234,v2.1.0
b7d8962a-de32-4c6c-8642-955c701231c7,CUST00009187,709,Low,2026-03-28 04:24:17.879699,v2.1.0
7db2b25e-6e2e-4a65-a480-da74a8356c0a,CUST00006742,477,High,2026-01-20 11:40:29.548641,v2.1.0
df44b9a7-69a5-4255-8bfe-2d2c70d7c45a,CUST00001538,501,High,2025-12-17 16:05:25.059585,v2.1.0
053ecccd-1b82-48a8-abe2-5a6e686c82d0,CUST00005401,317,High,2025-09-06 06:25:05.942888,v2.1.0
6e3b9aa7-b34f-40c4-89df-d1650ab77734,CUST00000346,593,Medium,2025-12-05 01:24:57.997839,v2.1.0
394587ef-d184-470a-b655-9bb959799521,CUST00006089,364,High,2025-09-23 18:10:44.449605,v2.1.0
d10661f7-15d2-43d2-9cfb-b9ee741dabe4,CUST00006931,300,High,2026-03-07 00:33:41.546011,v2.1.0
cc1d6133-4c61-43eb-8106-9a2cb3e9ad62,CUST00002683,300,High,2026-03-28 04:22:23.796194,v2.1.0
20347939-7cdd-48c0-bb2c-a1be1b976a99,CUST00003254,300,High,2026-03-10 14:06:06.471773,v2.1.0
98f680a6-603c-4d53-819e-cc7b2e6fe35e,CUST00007104,676,Low,2026-07-18 02:47:10.206752,v2.1.0
bd67b438-0608-4e02-afe4-29573af46cd6,CUST00001139,396,High,2026-02-05 14:08:13.658626,v2.1.0
86b2d2c1-d405-4dd1-940a-8b19d4aa7b71,CUST00002310,425,High,2026-01-12 17:59:28.155053,v2.1.0
26efebaa-9b34-4c04-bb33-3451dc0fc77a,CUST00009542,440,High,2025-09-07 03:42:44.719796,v2.1.0
92650b51-9e1a-4c60-b3fb-e6b7426e2de1,CUST00005874,349,High,2025-11-09 19:26:22.473528,v2.1.0
bac8b1bd-8153-4551-a3dd-21b96156c9e9,CUST00004250,718,Low,2025-12-29 15:16:22.569596,v2.1.0
cb54616f-6fd9-4ad6-b752-793d6749da11,CUST00007858,512,High,2025-08-06 11:51:00.461468,v2.1.0
5cea64da-c8eb-4f2e-9281-3251dbbda920,CUST00005743,441,High,2025-11-26 01:09:28.369870,v2.1.0
7bd46054-246c-46d2-882d-e54e23083ef7,CUST00009889,381,High,2025-07-21 09:54:46.072270,v2.1.0
c0a3c308-43d7-420b-aab0-01358824deca,CUST00009178,601,Medium,2025-09-05 18:44:13.945440,v2.1.0
b661849a-74fc-401a-a8a6-4d1da1ea3ce3,CUST00003978,351,High,2026-05-11 15:53:38.222206,v2.1.0
3716cef4-5c24-49dc-ac0f-d562d853d7d0,CUST00009748,587,Medium,2026-07-04 22:36:04.123788,v2.1.0
8f087e56-ef5f-4848-83b2-09f9e68e5f0f,CUST00003475,377,High,2026-01-18 12:27:18.153003,v2.1.0
4956ad3d-bfe2-4fac-9457-8c426f92a49f,CUST00002024,387,High,2026-01-14 16:41:36.817080,v2.1.0
9881fd7c-43c6-4622-985c-b963ffdda290,CUST00000312,492,High,2026-03-24 23:47:36.072940,v2.1.0
bd315351-3a21-4720-8dc0-8342e6d05a13,CUST00003020,300,High,2025-12-16 17:13:23.919510,v2.1.0
3c081a27-7b95-4896-b518-af1a3bdb3a70,CUST00003914,428,High,2026-05-20 16:11:47.867473,v2.1.0
310c2d1a-4e34-4d6c-a693-9e7198ee6cef,CUST00003998,480,High,2026-01-12 09:43:45.481610,v2.1.0
6cf40448-f855-417b-a278-a5ae3aefb22f,CUST00000697,439,High,2025-08-17 02:34:39.112898,v2.1.0
31f30219-d08f-49d2-a9f2-ac17eff8f8d3,CUST00008891,350,High,2025-07-29 04:25:27.140750,v2.1.0
832116bf-1bdf-49c8-ab05-f2eb438a8b46,CUST00008990,519,High,2026-04-21 21:08:46.792491,v2.1.0
7a56b211-9e80-4ab8-acae-8cdecbf06a9e,CUST00000181,562,High,2025-11-01 14:17:48.164208,v2.1.0
083cb567-503e-4b7c-806c-0d64e3a501c4,CUST00004795,300,High,2025-10-26 07:12:04.980788,v2.1.0
c693e7cc-183a-408a-a08a-d2c6904cd5b7,CUST00000387,519,High,2026-01-30 06:27:17.236014,v2.1.0
918bbe1a-1a1f-4f0c-b4c2-8bcf626b5de8,CUST00006303,429,High,2025-09-17 08:23:10.293796,v2.1.0
88aa8db9-f94a-4906-b059-e13178bbf7da,CUST00009396,451,High,2025-12-31 22:40:34.285342,v2.1.0
85ea09a4-cc83-42ef-8040-5308b5c13295,CUST00000862,344,High,2026-04-15 02:38:36.451330,v2.1.0
fd2684e1-9db9-4175-9a15-85bba7424436,CUST00000952,300,High,2026-04-23 15:46:25.192595,v2.1.0
c42991bf-2295-4c94-a881-1ced82686e07,CUST00009385,329,High,2026-02-03 16:40:28.077754,v2.1.0
281feb37-cfae-4a06-9dd0-214bc9697e75,CUST00007689,514,High,2025-08-28 06:17:13.490728,v2.1.0
4bfd4db5-41ac-4e81-8c45-3ffb1f18bb83,CUST00002867,489,High,2025-08-28 15:00:53.146379,v2.1.0
a106ddac-a1aa-4aae-b4ab-31e06fe82ad7,CUST00009447,338,High,2026-04-27 00:21:41.190465,v2.1.0
63f94761-cd5f-4e29-9420-3e887b53f936,CUST00007039,524,High,2026-05-14 14:36:22.225318,v2.1.0
d1ce9cea-6d24-4320-a58f-ed29f819c207,CUST00008844,574,High,2025-11-28 21:43:44.090823,v2.1.0
e46c81f7-30f7-426a-82cb-1ad799b4c318,CUST00006831,434,High,2026-05-14 08:42:59.879182,v2.1.0
ebff75c3-0658-4744-a1b2-9242b7f3db64,CUST00008319,609,Medium,2025-08-02 02:39:16.266104,v2.1.0
b88de9af-b968-4efa-9437-73059994844a,CUST00002434,499,High,2026-04-06 12:18:53.658557,v2.1.0
b34f918c-d4f0-4862-a741-01f68375d69c,CUST00006239,485,High,2026-02-02 11:06:30.053137,v2.1.0
32ed7ff9-8809-4e71-b458-dfbe20603933,CUST00004722,377,High,2026-07-14 10:02:35.343812,v2.1.0
68dd5c18-2f3c-4f06-ab94-563429e9a421,CUST00004398,358,High,2025-08-24 07:39:52.523717,v2.1.0
6b00256b-cbbf-48f0-b766-6f1e711999c3,CUST00006033,625,Medium,2026-05-17 02:06:26.463264,v2.1.0
814f016c-df61-49b5-bc04-88bcbe5e92bf,CUST00002057,654,Medium,2026-04-18 08:01:15.422415,v2.1.0
1040f999-4630-4bec-a51a-69cc7bdc44f1,CUST00004909,300,High,2025-11-03 15:33:06.269883,v2.1.0
bbfdf0ac-d33a-40c5-b30d-a7d81d1333fe,CUST00009811,417,High,2026-07-17 21:38:30.085890,v2.1.0
bd08da1f-d391-4691-b52c-e29b3db67b2f,CUST00007253,425,High,2025-12-29 04:09:08.813361,v2.1.0
14b11a66-229c-4717-bf5e-1e086c089d45,CUST00002117,300,High,2025-11-22 05:26:55.633260,v2.1.0
e2d126a1-d975-452f-b412-7fd9db82ed64,CUST00006034,381,High,2026-05-12 05:09:12.344173,v2.1.0
d46884e2-6583-4a60-a3b2-43c2ed406729,CUST00007306,680,Low,2025-12-25 06:41:17.026613,v2.1.0
233dd455-a3c6-47e5-a338-a6ca6cfe619e,CUST00001414,359,High,2026-07-15 22:42:04.239214,v2.1.0
06150829-623f-4ce8-8521-8f52047e6fdd,CUST00004680,350,High,2026-04-27 04:54:27.208532,v2.1.0
6e707839-91e6-4839-8665-c737dab2893d,CUST00003523,434,High,2025-10-12 10:55:08.115448,v2.1.0
a2cd9ca1-d630-4174-96f3-4f428a9da618,CUST00004656,622,Medium,2026-05-10 00:19:55.609784,v2.1.0
ce61f2ec-a1ca-4700-a0f9-b3a4f67c2c70,CUST00005735,610,Medium,2026-02-17 15:30:23.204988,v2.1.0
280fef60-52e2-4b26-808b-a4d84db1a8ea,CUST00005089,671,Low,2025-11-22 23:27:08.886492,v2.1.0
48dbed63-2f82-460f-aebf-995b4ffbcae4,CUST00002625,693,Low,2026-04-03 12:12:19.060700,v2.1.0
c434881a-0db8-43f0-b78a-aa2035dc7579,CUST00003620,678,Low,2026-03-06 00:37:19.748721,v2.1.0
1c56ed69-c3e7-462a-8382-5a996badf556,CUST00009065,550,High,2025-09-16 12:51:42.090304,v2.1.0
aa0debe1-36db-4df0-b2dd-ca290683687f,CUST00001125,302,High,2025-09-06 18:24:25.061720,v2.1.0
32327376-ff96-4ffa-9425-d77b478bc5ac,CUST00001770,464,High,2025-10-01 09:05:05.942697,v2.1.0
a4a6e79d-25dc-45b8-b472-6cf149560047,CUST00000443,716,Low,2025-10-01 11:55:00.805885,v2.1.0
8cd4ca44-3dec-4919-aa58-6a4418381f08,CUST00001407,383,High,2025-08-08 14:13:23.485689,v2.1.0
5d589963-98ac-419a-acaf-96f6170e46b4,CUST00007326,487,High,2025-11-23 01:04:15.454028,v2.1.0
aedefe37-3047-4d92-b701-4124b3b5727e,CUST00000168,310,High,2025-10-28 13:49:49.731517,v2.1.0
5bf15f8c-3d58-49f6-aecd-7588a483a988,CUST00009320,525,High,2026-01-30 16:37:20.772729,v2.1.0
e47079b5-20e0-4254-8dd6-5ae0e219b363,CUST00006462,357,High,2025-11-13 02:58:35.710972,v2.1.0
2eddbc75-c1f6-494d-8f49-27ca8af43067,CUST00003383,546,High,2026-04-01 01:28:22.689515,v2.1.0
ec85f019-fe95-4b14-8865-c43d81696951,CUST00009210,300,High,2025-10-31 14:07:56.780047,v2.1.0
4a37b12e-5951-44fe-9c70-1a8072cb3ffd,CUST00004741,686,Low,2025-10-23 13:22:18.563968,v2.1.0
edb7856c-e3b6-4b3a-b322-5ec17ece973c,CUST00000944,300,High,2026-05-27 07:04:35.059522,v2.1.0
5693e35b-f818-4a0a-9521-e386dea8fd6e,CUST00009523,572,High,2026-07-12 20:27:38.185564,v2.1.0
932728be-4e1f-4aaf-a3b2-5dd861affec6,CUST00009839,516,High,2026-03-23 00:28:53.177572,v2.1.0
f98643ac-1d07-4f7c-8a8f-5dedc7f03642,CUST00004991,360,High,2025-08-21 16:37:39.355046,v2.1.0
97dc34e0-21b6-433f-a6e7-f22c64ee2991,CUST00006383,300,High,2026-07-04 13:20:05.674212,v2.1.0
476262be-c1e2-474c-9da0-fcacefad91af,CUST00000232,636,Medium,2026-04-30 21:05:08.988492,v2.1.0
479fd49c-794e-44ee-b3b9-45c160793ff7,CUST00005108,464,High,2026-06-18 11:36:45.684274,v2.1.0
4fbc41f8-28fd-4ee6-a51b-08604fc087df,CUST00003664,330,High,2026-07-15 09:48:09.806305,v2.1.0
bdacf6ea-1892-485d-9235-40f88e7d44e7,CUST00003511,411,High,2026-05-30 14:14:15.910755,v2.1.0
8c2f761e-1d24-4aa6-89c2-6a33bf81b624,CUST00000274,615,Medium,2025-09-02 06:10:40.438469,v2.1.0
6d7d687e-1ed7-4e1c-b92c-6c4b47a3e0e1,CUST00002184,345,High,2026-05-30 05:44:43.888734,v2.1.0
e1d88559-9748-421e-9cbd-c294f551ba74,CUST00009874,374,High,2025-10-17 02:31:02.809050,v2.1.0
c997d11d-fbf1-4468-abf7-3f32d6e53f1d,CUST00008995,614,Medium,2026-04-03 17:49:23.436578,v2.1.0
9d335663-33d2-4b8f-bc31-fd6cb8b3fcda,CUST00000336,395,High,2026-05-16 12:10:45.528565,v2.1.0
7e657a39-9176-4f10-8bf6-51b18a7a113b,CUST00002000,300,High,2026-04-22 00:48:04.971075,v2.1.0
e8c241f8-d031-4511-9eeb-7b48231bf370,CUST00006896,652,Medium,2026-03-21 21:36:59.285187,v2.1.0
464bef36-ac3c-4007-ae65-f14e5e09dc8e,CUST00006127,470,High,2026-01-12 16:23:03.796616,v2.1.0
73d5257d-ceae-43fe-8b96-8feff3bae42f,CUST00004731,400,High,2026-02-13 19:28:48.987912,v2.1.0
3e3aa082-80bc-4234-91d1-e7216f4b1d7a,CUST00007056,643,Medium,2025-10-24 01:25:00.227097,v2.1.0
08a68eee-e23e-40a5-8529-e23e0098a053,CUST00002950,424,High,2025-12-16 04:54:15.789669,v2.1.0
74ba557a-24db-4a7a-831f-3b9a8c950025,CUST00002301,630,Medium,2025-12-29 23:57:27.462707,v2.1.0
32d3bbdc-4adc-40e7-a6ef-ef0aaedc358c,CUST00007580,564,High,2026-03-06 08:08:08.050316,v2.1.0
ca365356-a32a-4adb-9b6b-cacdadba1c2e,CUST00000798,642,Medium,2026-06-04 08:52:18.837794,v2.1.0
14ada7a6-e4f8-49f3-ac00-1a26d492da70,CUST00008011,743,Very Low,2025-08-20 21:57:11.523010,v2.1.0
3e8406c1-4083-4707-bea2-7f3a81097c61,CUST00008669,739,Low,2026-01-22 05:39:02.216715,v2.1.0
0bf45675-16c9-448f-b825-c6118f0eb684,CUST00007935,806,Very Low,2025-10-27 12:45:58.579957,v2.1.0
7716ae39-61e0-465a-ad52-3720f250ac73,CUST00002403,300,High,2026-06-24 21:36:15.559559,v2.1.0
e89a8bad-e729-44d2-b789-161268cfe9a0,CUST00005381,465,High,2025-11-29 17:05:45.605508,v2.1.0
558bcbb2-1261-47de-9055-2c0f77b23a52,CUST00007675,792,Very Low,2026-06-29 23:36:21.099678,v2.1.0
9493e8bb-cd69-4835-bfe5-5c8b5b91a41e,CUST00006122,603,Medium,2025-11-14 10:50:45.409668,v2.1.0
1d95020c-b48e-49b4-82e2-cf59535daac6,CUST00008700,575,High,2025-07-18 19:35:06.494931,v2.1.0
138d73cc-8b46-4925-89c7-d0baa355de73,CUST00000893,427,High,2026-04-26 15:47:26.988626,v2.1.0
41e8d2be-3fc1-4ebd-b2e8-e27f0b92bfcb,CUST00006092,737,Low,2026-04-11 12:47:22.666363,v2.1.0
54b2bb3b-46e8-4d58-87a0-ebeb1904cc0b,CUST00007882,439,High,2026-04-10 21:04:50.185247,v2.1.0
1cd4b15e-d9ea-4d83-9b24-e7d4ccb18199,CUST00002959,393,High,2026-01-01 08:33:46.162438,v2.1.0
824efab0-d92a-4d56-ab06-be36a44c0f40,CUST00006449,710,Low,2026-03-17 11:37:55.220022,v2.1.0
19c95fc8-f9f4-4039-9f0b-323450e47f6f,CUST00004427,300,High,2025-11-25 18:00:04.099013,v2.1.0
74e74b03-e8af-4328-87f9-7804900b0277,CUST00007326,430,High,2025-08-10 01:02:53.740700,v2.1.0
af4f7367-7d5f-44f4-9f2f-693ec66759fb,CUST00006753,384,High,2026-01-29 02:32:35.734620,v2.1.0
78678ba4-d159-44e5-8263-69b14be05848,CUST00007186,354,High,2025-10-05 11:21:05.752172,v2.1.0
d40eb697-56b6-40d7-8a0d-8db2e9ab0e0f,CUST00008860,573,High,2025-12-21 20:03:17.902545,v2.1.0
f3a1f04d-5a7f-4356-88a5-1282d8ee7feb,CUST00004995,300,High,2025-10-03 06:56:44.796642,v2.1.0
e66a7b9a-e302-4a82-8cb9-99970e0374dd,CUST00005858,686,Low,2025-10-23 23:50:10.112963,v2.1.0
c5a4e77b-978d-45dd-8f5e-d099ccfcd6ca,CUST00003797,493,High,2026-05-16 10:58:04.840494,v2.1.0
c0c803ca-5ae4-4077-99c1-11f839281834,CUST00003617,328,High,2025-11-18 06:35:14.264364,v2.1.0
df7d2eb6-b1cd-4a0e-829a-4e5982b9e625,CUST00000432,427,High,2026-02-13 23:56:03.311234,v2.1.0
a6728ee2-2b3c-4989-b2c6-b56b562f8f87,CUST00008424,439,High,2026-02-09 16:34:21.132695,v2.1.0
e98cc43a-b0a8-4d46-b23c-8378db2f9d56,CUST00007094,693,Low,2026-01-11 04:15:44.107590,v2.1.0
da09fb08-a603-48c8-a3e6-c28edf035970,CUST00005949,589,Medium,2025-11-20 11:02:44.458519,v2.1.0
47db6a08-8750-4c25-803d-f385d506b78c,CUST00007593,551,High,2026-03-24 04:59:34.938015,v2.1.0
1b699917-4fb2-4399-856f-a871a6e08833,CUST00005282,300,High,2025-08-04 14:15:02.274120,v2.1.0
f0c799a8-3776-4c08-b94e-93ba65512e07,CUST00007316,325,High,2025-08-23 06:45:17.842918,v2.1.0
084051df-0a71-4a91-ba1c-22ea97188b9f,CUST00009943,415,High,2026-04-30 05:17:46.267506,v2.1.0
300db7d8-ec2f-44f0-82d0-0bb6fb65aeb2,CUST00003042,603,Medium,2026-01-01 18:29:24.355104,v2.1.0
7a250374-2f49-4523-a69a-968ad0375236,CUST00004362,471,High,2025-09-01 06:56:23.866358,v2.1.0
30983595-3371-4eff-ba8a-0ca5d5c8dca0,CUST00004187,461,High,2026-05-27 03:52:29.118925,v2.1.0
95413a34-6de9-4912-9caa-147cc41a5571,CUST00001673,576,High,2025-12-26 02:06:48.189203,v2.1.0
caca953d-f1f5-49f7-bd07-db496e1c227c,CUST00009333,359,High,2025-07-18 03:49:54.192281,v2.1.0
f7e4f751-6d4c-4e4a-b55b-f78545513629,CUST00000378,592,Medium,2026-07-02 19:46:59.623538,v2.1.0
a7f56208-b894-4028-a457-c0132f26071e,CUST00000087,378,High,2025-09-29 19:22:46.227276,v2.1.0
45177c11-3e3f-45c1-a5c0-55a6c66e6b18,CUST00000009,803,Very Low,2026-03-26 09:56:16.229225,v2.1.0
a7a8a81d-649d-4b9e-ac5e-6f006d8b40e0,CUST00003734,421,High,2025-09-04 02:13:30.473522,v2.1.0
8e07b4b2-df32-403e-9574-9abdda1e0ce6,CUST00000379,758,Very Low,2026-03-12 07:37:34.020332,v2.1.0
f31d94ae-dedb-485f-a4fa-12da9f11e525,CUST00008395,698,Low,2025-09-13 23:27:53.826869,v2.1.0
71efb740-db9e-406f-890d-fef1b3cfc497,CUST00001522,340,High,2026-06-23 13:57:18.343393,v2.1.0
3aead424-ef91-41e4-bb68-14baad76e2ed,CUST00009941,410,High,2025-10-25 23:53:43.697976,v2.1.0
6921b492-faa5-40d6-a2d9-c7b61a1a0c2e,CUST00002733,300,High,2026-03-13 23:52:03.581941,v2.1.0
b9c511cb-fced-453f-b33e-fc75b9d5b342,CUST00006854,330,High,2025-10-17 08:45:32.360405,v2.1.0
a5a659a9-1631-4aef-8722-2939a328bb48,CUST00006498,430,High,2025-11-30 17:23:59.608874,v2.1.0
87ac38d4-db30-445d-b9bb-8e31d1024a4c,CUST00004286,362,High,2026-06-13 00:24:10.480376,v2.1.0
86786870-3c4f-4699-8b7e-8d21a6ae28a2,CUST00004581,596,Medium,2025-09-16 08:51:35.224411,v2.1.0
4a124f41-2cd8-4619-8a59-1104f455caf5,CUST00001035,515,High,2025-12-09 16:08:30.193507,v2.1.0
99dde26e-2cfc-4ae7-a8e5-309b19abc7d6,CUST00007581,455,High,2025-11-06 11:55:38.585109,v2.1.0
0be9ea81-abee-480d-af8d-80b822be75a9,CUST00003913,340,High,2026-03-30 09:02:30.708679,v2.1.0
af5ddffb-8855-404d-adc2-395128bf4c37,CUST00009660,627,Medium,2025-10-11 10:21:19.391750,v2.1.0
015797a8-ab38-4ca9-9dbb-7f965cf6a92c,CUST00002565,386,High,2026-03-14 07:43:58.303999,v2.1.0
795e305a-ac90-44a9-8b5a-2d3bd96ca680,CUST00009925,694,Low,2026-03-31 22:21:17.264551,v2.1.0
62d37ba5-01b0-40e5-a809-17fca4fd4fe3,CUST00004271,602,Medium,2025-07-18 07:25:44.198816,v2.1.0
4323690c-80b4-4b86-8e60-488d9cf21099,CUST00003964,317,High,2026-01-08 01:28:47.415619,v2.1.0
f0dcf45a-fe27-4c1f-8083-0f7daff27cca,CUST00009752,364,High,2025-09-04 09:07:16.304661,v2.1.0
b50de910-8e3a-4907-9c62-328cefca206a,CUST00001538,581,Medium,2025-10-08 12:38:29.300687,v2.1.0
1258eccb-2537-4e86-b465-f20c6d74f9ec,CUST00000490,603,Medium,2026-03-23 06:28:19.341222,v2.1.0
18a43501-8496-4431-a5e2-521b90acf849,CUST00000887,452,High,2025-07-21 07:18:49.753926,v2.1.0
da187268-ccd2-4125-b97f-9df4a7f45582,CUST00007518,485,High,2026-03-28 23:20:38.277053,v2.1.0
dd2db3f2-cd97-41c6-937d-23e20d9cd894,CUST00007199,509,High,2026-05-12 08:29:17.845520,v2.1.0
70d91ff8-d77b-45d4-9e58-0a694eb811f9,CUST00001727,403,High,2026-07-13 19:50:07.605068,v2.1.0
e8e4ff78-cfcd-469f-8f4c-ed2e9b7eae38,CUST00006277,475,High,2025-12-19 03:48:33.317261,v2.1.0
fd6747d5-44ea-421b-b7a0-582872da1a07,CUST00003069,385,High,2025-09-04 04:31:20.348788,v2.1.0
f308d4a1-2cf9-4c7d-9cef-a4ec9fb9ee78,CUST00005156,695,Low,2025-08-12 18:46:14.134851,v2.1.0
dc7bf91f-7290-4ba2-9e73-aa47c2dd415a,CUST00004276,517,High,2025-12-04 19:48:20.514090,v2.1.0
6627206c-c004-4aca-a8af-e7e953e79610,CUST00000490,573,High,2026-04-10 19:36:11.116793,v2.1.0
0c24a1f2-360b-4fb0-967c-52b0cd4cddb2,CUST00005837,654,Medium,2025-08-24 07:45:31.177102,v2.1.0
72e919f4-df7c-41a6-96db-1e58b8248cd6,CUST00003849,635,Medium,2025-11-09 08:40:13.848813,v2.1.0
43b5aa1e-a30a-4c06-98bb-f431bd58e7b1,CUST00006366,550,High,2026-06-04 16:26:41.133498,v2.1.0
b4061670-501c-448a-b9ab-c36a88f512a2,CUST00004042,423,High,2025-09-05 23:56:56.952088,v2.1.0
9652d481-68ad-446b-9fdb-d49438c00a0c,CUST00001435,420,High,2026-04-26 09:52:32.288995,v2.1.0
21fb31e0-fc3d-48b4-8e24-39afffa44719,CUST00009776,750,Very Low,2026-04-18 23:54:25.892216,v2.1.0
c0990bbf-9fa2-4bd8-b0a3-a7689a0d4cc4,CUST00007684,850,Very Low,2025-09-04 13:02:04.466938,v2.1.0
f02054be-d3f0-4201-944d-15317ee4282d,CUST00004821,360,High,2026-07-15 13:46:54.342909,v2.1.0
7ef50c0a-2df2-4d95-b365-0a454a057602,CUST00000672,362,High,2025-09-08 02:07:20.516899,v2.1.0
0a24b8bf-e806-495b-ab48-0870a8305316,CUST00008572,835,Very Low,2026-01-27 16:12:53.628798,v2.1.0
4f948a5d-d7f3-4fb3-8607-c94c1a3be312,CUST00004228,535,High,2025-07-21 00:11:39.194479,v2.1.0
dd3dd00f-e600-425a-b5ae-3c88223d50ad,CUST00006515,688,Low,2026-03-12 07:49:40.261285,v2.1.0
61e695ac-5251-4797-b234-fefb75076959,CUST00002228,665,Medium,2025-12-25 15:42:45.235303,v2.1.0
8295a811-736a-4b4c-a6dc-326b83b7f6e1,CUST00000992,465,High,2026-04-07 18:34:20.733924,v2.1.0
88cae743-3b7f-48bd-bd8e-79546a7189dc,CUST00002415,555,High,2026-03-04 07:30:19.956794,v2.1.0
481cf573-0613-448c-b7bb-63d588a210a6,CUST00009883,806,Very Low,2025-09-11 04:48:57.484282,v2.1.0
76ab703f-f8a6-42dc-90e0-58b2ef294bda,CUST00002706,334,High,2025-12-15 06:51:24.444896,v2.1.0
0b57829c-78dc-495f-8275-81485a80067b,CUST00004425,628,Medium,2026-03-25 16:10:51.369300,v2.1.0
f694b0cd-ebb4-4952-9551-ece7de2e9aa5,CUST00006953,649,Medium,2026-05-28 00:07:54.358763,v2.1.0
fa89e3ea-0f09-409b-8884-73b3662a4e09,CUST00000813,590,Medium,2025-08-18 13:47:35.386445,v2.1.0
22eb9404-74d9-4d72-91a0-a1f58f789cc8,CUST00009084,450,High,2025-08-23 14:33:35.031667,v2.1.0
b7f3c891-8605-4d84-becc-e7e738f6872d,CUST00001414,380,High,2026-04-18 17:39:52.622463,v2.1.0
d5ec591f-efe7-41c4-b943-9aa2a39d99ec,CUST00001806,551,High,2026-02-18 05:58:12.475286,v2.1.0
516a2dc6-fbf6-4a7b-aba8-efda2aabf297,CUST00006454,375,High,2025-12-05 04:14:17.578717,v2.1.0
73f37ada-da01-4ef6-b23f-2b2863662c9b,CUST00007307,710,Low,2026-07-04 17:30:49.261270,v2.1.0
fe68e6b3-518f-4879-9738-fc3e90a0b8fb,CUST00006295,300,High,2025-11-09 18:46:13.227856,v2.1.0
30677527-f37f-49af-a07e-c114630a3a4e,CUST00001332,579,High,2025-09-06 23:37:28.353083,v2.1.0
58da14a4-be59-4682-82a8-e59046e30251,CUST00000739,449,High,2025-10-27 01:44:19.230747,v2.1.0
c74b13eb-afee-4fad-8892-1f107a2ea265,CUST00001701,553,High,2025-08-17 16:24:38.489087,v2.1.0
b45fc1b2-6ac6-4ab3-8d19-d20ede1a659d,CUST00005426,674,Low,2026-02-05 00:50:55.412520,v2.1.0
1d0aee64-01ec-4ac1-9064-8fd20db16bfc,CUST00006762,711,Low,2026-02-22 01:25:53.863969,v2.1.0
d7a581aa-b4d5-4f4d-a8b9-1ad0986ede1f,CUST00006909,330,High,2026-02-24 19:55:19.017899,v2.1.0
09c71f9f-25ed-4c98-a663-8d8f3c45580d,CUST00001431,589,Medium,2026-04-28 10:10:03.676373,v2.1.0
3703d035-3be1-4ca9-a835-66799c1f345c,CUST00001759,782,Very Low,2026-03-27 02:27:15.213554,v2.1.0
5f82b1bf-7f46-42b7-91b6-8b15706fc60e,CUST00008597,637,Medium,2026-05-23 14:19:31.296296,v2.1.0
20bf966e-7ebe-4b7a-8a95-d0f4706ee0fa,CUST00006737,499,High,2026-03-15 09:19:48.444759,v2.1.0
9c963a9e-2dd9-42a8-9603-76d5f52b436b,CUST00005428,666,Medium,2025-11-05 02:05:32.384272,v2.1.0
dd9bfacf-6796-4104-91dc-3f17bdb1ba8a,CUST00009129,599,Medium,2026-01-23 00:22:16.540128,v2.1.0
2eef3626-1681-4a2e-b626-050b7a7e23fb,CUST00007396,554,High,2026-01-20 00:15:33.104924,v2.1.0
bf3c252b-8b45-4ccc-90bb-c9c3efdf2d9f,CUST00005876,626,Medium,2026-04-17 01:19:28.347724,v2.1.0
9589eae1-4fa4-42e3-bf62-2f2a20aa9474,CUST00004009,300,High,2025-11-02 20:33:26.487944,v2.1.0
2c56bc5e-a176-4f70-85b1-ef33ded034a0,CUST00007938,633,Medium,2025-08-06 20:14:47.661198,v2.1.0
265df865-ea08-4948-a647-124547191e32,CUST00008839,303,High,2026-06-10 20:47:33.618270,v2.1.0
40c5107e-3ebc-45f4-a0e4-cd8e3077fc8e,CUST00008827,343,High,2026-07-01 14:19:40.850303,v2.1.0
54b5d567-4433-4225-8402-09479c4cbc58,CUST00005116,589,Medium,2026-01-14 15:58:25.127892,v2.1.0
4bc861fa-264f-4447-91e9-f664906b9221,CUST00009056,678,Low,2025-08-28 02:11:25.996461,v2.1.0
43a05b1e-ea78-4201-93e2-9ae3bfe08910,CUST00009812,649,Medium,2026-01-16 09:07:38.365150,v2.1.0
78d62b0e-ddf3-47c6-a1f9-2db7a8477b69,CUST00004299,694,Low,2026-02-19 20:09:08.895663,v2.1.0
1adbe764-36c9-4de9-af05-56199dc16740,CUST00003205,566,High,2026-01-26 20:44:21.642407,v2.1.0
07c4301a-a6b2-4395-8d90-de64219a3d4d,CUST00006288,625,Medium,2026-07-10 00:09:48.471098,v2.1.0
077101fa-f3ed-481a-9821-fe11fd940d6e,CUST00008266,512,High,2026-07-13 08:40:55.551944,v2.1.0
96efe148-291f-41e5-83ac-ac5ceb2ce26d,CUST00006915,520,High,2026-06-24 00:27:49.787591,v2.1.0
7bc3c620-63fe-47de-a1b0-56afc81e9960,CUST00006809,489,High,2025-09-04 02:50:12.923801,v2.1.0
3ab7c9b6-1401-414a-8682-a3c423989ba3,CUST00006156,754,Very Low,2026-05-28 07:35:44.267335,v2.1.0
bbddd396-f58e-4d5f-9bbc-83cc06faba2f,CUST00004528,537,High,2026-02-10 12:11:33.876086,v2.1.0
a80ac851-5b17-4eb9-9ec8-21c0087e1305,CUST00002908,492,High,2025-11-28 09:01:28.621207,v2.1.0
6f58723c-ead4-4e98-9fcd-b63a4f4f644b,CUST00007032,531,High,2026-03-24 08:24:45.943669,v2.1.0
a8822f5e-77d9-4ff0-8fe8-1e5fe5f84022,CUST00002349,526,High,2026-04-22 11:46:45.062523,v2.1.0
36f01aa4-230c-4b04-b2ab-61583eeb2827,CUST00006236,422,High,2026-07-01 12:24:44.838635,v2.1.0
9dd8be32-6e1b-4a62-acb4-9b272b90fee6,CUST00009745,532,High,2026-04-25 06:45:33.595480,v2.1.0
4e638beb-42c0-4c00-81aa-2a532c083ea5,CUST00003749,661,Medium,2025-07-24 00:12:07.045681,v2.1.0
3593df16-b3f0-452c-82a3-90c2f1a59652,CUST00008745,642,Medium,2025-08-11 13:52:51.459942,v2.1.0
cb11296e-1ddd-43db-8d09-24e31339c135,CUST00006713,678,Low,2025-10-21 16:09:35.574490,v2.1.0
603777f5-55de-421c-83f4-2d7c61081d2a,CUST00009100,433,High,2025-08-01 11:01:09.767860,v2.1.0
7295d723-32e2-4bc0-bbf0-9df713dcd039,CUST00008436,636,Medium,2025-08-08 23:57:43.838246,v2.1.0
1387ef56-f5a8-462d-8d3d-276dee11431c,CUST00009128,493,High,2026-05-02 04:38:00.125665,v2.1.0
2c0331eb-4ebd-41e4-90bb-86ae38e53f5f,CUST00006187,442,High,2026-01-18 22:44:01.093904,v2.1.0
89d15aa8-8441-4130-8c3e-f5d0a21a5cbb,CUST00004729,470,High,2026-03-04 11:48:23.512920,v2.1.0
e36416b3-4fde-4537-83e4-2f6508f2b53e,CUST00007100,569,High,2026-01-16 21:58:53.927580,v2.1.0
c441c6a5-aa71-40f2-94f5-20ffcf679aa0,CUST00002008,442,High,2025-12-16 15:29:01.772458,v2.1.0
c58059b0-ec4f-4a7d-b1eb-158ab845c63f,CUST00006944,458,High,2026-03-31 05:48:37.045034,v2.1.0
f3e26b5d-db7e-4a5d-b46a-e7be3b8cb6f1,CUST00009336,442,High,2025-08-17 00:26:56.699964,v2.1.0
4b6d3a01-e40f-480c-9664-00514bec0352,CUST00001962,662,Medium,2026-01-29 21:18:18.247610,v2.1.0
d6cf7f51-0fbb-49b6-90c4-92880686653f,CUST00005384,340,High,2026-02-27 22:01:38.299253,v2.1.0
86a56f7f-232a-4626-ad10-80c219bcc32d,CUST00004145,527,High,2025-10-27 06:07:20.085093,v2.1.0
a0005738-dd9b-40b5-9a40-2411adea99a6,CUST00007194,828,Very Low,2025-11-08 02:28:33.773987,v2.1.0
d7cb0f10-5870-4e3a-a555-495845720f13,CUST00009635,437,High,2026-01-20 15:52:51.379665,v2.1.0
f619f505-11ca-4d14-93d0-d8541f1e5e5e,CUST00003226,501,High,2025-09-30 03:05:13.672689,v2.1.0
d199a3c6-d7e8-4f39-b1e9-b3f047e6b3f4,CUST00000690,460,High,2026-05-09 01:10:02.647330,v2.1.0
f3f08e3d-365c-4f6c-ae27-a018d86b49cb,CUST00000961,510,High,2026-01-29 19:46:27.078867,v2.1.0
359d2a5b-6ea3-403d-868d-3e25ca7f4908,CUST00007147,850,Very Low,2025-12-07 14:57:54.886055,v2.1.0
4ef6dd06-6b40-4bda-85e6-68db8c31f8b7,CUST00008614,328,High,2026-03-06 13:58:40.110045,v2.1.0
2c4c3ecd-1aee-4da0-aa58-c399fd931b41,CUST00007706,699,Low,2026-05-18 17:09:55.473075,v2.1.0
0ee6e5d0-73fa-450c-aeb3-c73cb1745f19,CUST00003298,440,High,2026-03-23 15:52:38.443668,v2.1.0
ea872e89-2907-44f9-822a-c44f7a51631a,CUST00006115,585,Medium,2025-08-11 01:27:20.239453,v2.1.0
0be56bff-0d75-46f6-b4f2-27fb9bd91147,CUST00008046,593,Medium,2026-03-30 02:19:54.345392,v2.1.0
86659a94-b426-4a66-a830-a743246cf7b8,CUST00006985,491,High,2026-04-10 12:32:47.807595,v2.1.0
216d6fcd-8dfc-4898-87fb-daf8d829b374,CUST00009730,572,High,2026-05-23 01:50:34.841915,v2.1.0
11e7a82d-fe05-415f-8d96-ed76033a12cc,CUST00007880,688,Low,2025-08-08 01:29:46.588369,v2.1.0
7a9ad754-ad69-421b-98bb-4c3869fc9d69,CUST00007106,554,High,2025-08-18 09:37:38.518661,v2.1.0
e2226c5a-44f6-4817-b681-064bab5c3212,CUST00003044,452,High,2025-12-23 14:29:07.901973,v2.1.0
0b6ebd78-291c-424c-820a-221a303723e0,CUST00000325,442,High,2025-12-30 12:03:19.537205,v2.1.0
b7092624-0953-49e2-84f8-ddac841599b2,CUST00003694,598,Medium,2026-02-25 06:47:07.454762,v2.1.0
db37419a-c7ae-4d97-8c4b-1f0949c83cbe,CUST00002948,309,High,2025-11-07 21:04:08.893080,v2.1.0
9bdb9709-9582-4865-9745-a6c4143e8eb6,CUST00008248,521,High,2026-04-14 19:24:50.258243,v2.1.0
62a00dd0-b90f-4661-8297-3900d0d6b79a,CUST00006378,656,Medium,2026-04-14 10:20:18.659890,v2.1.0
396c41a9-c5af-405e-b700-f1b13a8116f9,CUST00002236,553,High,2025-08-30 12:54:55.436038,v2.1.0
b748181e-595b-4152-8e94-cde682fdfb62,CUST00005267,552,High,2026-04-02 11:11:36.573066,v2.1.0
e1ae3a90-0a5f-4104-b071-5ac175eefdb4,CUST00005024,354,High,2026-03-31 03:05:02.035494,v2.1.0
d848f6ee-8f36-4651-a5ef-76f6ed27924a,CUST00000968,530,High,2025-09-15 18:01:27.082614,v2.1.0
1614136d-7b13-42f4-aa8c-8af0ee896e9c,CUST00006913,744,Very Low,2026-06-30 23:49:04.682496,v2.1.0
bf3b3fc8-0960-4a42-8434-f11195dac1b1,CUST00007983,492,High,2026-01-24 22:26:46.158205,v2.1.0
92e8fc4e-57ce-4470-99af-3246338abaf9,CUST00006899,651,Medium,2026-04-29 21:23:01.254821,v2.1.0
1e12f4c3-c4d5-4f45-9558-a16939b0964b,CUST00008129,501,High,2026-04-07 03:57:51.172379,v2.1.0
1c7c2c6f-1136-43c8-bacf-05584c8745a4,CUST00002451,352,High,2025-09-16 21:27:49.867229,v2.1.0
1301a4ff-a62a-481f-b47d-24d11b66ccf1,CUST00006532,520,High,2025-09-02 06:32:59.670601,v2.1.0
1347f2a6-e829-47a3-b03e-2769952da978,CUST00007560,359,High,2026-04-29 05:03:07.218141,v2.1.0
8addd724-f22f-4a56-9b2a-0f4f50570c48,CUST00001583,768,Very Low,2025-10-24 01:49:53.943792,v2.1.0
25cd8670-cfbe-47f3-9fb7-8a842aa1ebfa,CUST00000114,522,High,2026-06-06 16:00:20.559639,v2.1.0
104bd26d-0322-4c5b-9ba1-3ad9c14aa757,CUST00000694,311,High,2026-04-25 16:04:46.019384,v2.1.0
0cde8f22-2366-4b3e-84c2-93637e7823d4,CUST00005264,372,High,2025-07-28 15:14:11.468210,v2.1.0
204a4b94-2b9d-4f3c-9c47-e3be8a2735da,CUST00002026,623,Medium,2026-05-08 16:49:13.240495,v2.1.0
64ee1346-b1d7-4dd4-8b06-e0fae7c4fccd,CUST00004567,387,High,2025-10-25 06:01:23.834212,v2.1.0
09db78b4-61bc-4511-af33-3a1f0f278bf2,CUST00009511,800,Very Low,2025-08-10 05:47:35.498554,v2.1.0
e033e410-fb1f-474a-86d6-ec82c50a9572,CUST00006026,532,High,2026-04-04 01:57:40.690125,v2.1.0
a9d91bae-74d4-4541-ae2b-7e6972251725,CUST00008348,606,Medium,2026-02-13 12:41:48.662913,v2.1.0
1bd53e42-982f-4ace-935b-b3622a3e7779,CUST00008707,552,High,2025-08-15 01:29:02.630816,v2.1.0
0a2001d3-4cbe-4e95-b955-9151e562eea9,CUST00004181,454,High,2025-12-31 04:03:40.098017,v2.1.0
eed279b4-65d8-4eff-b53c-d30a9f239eca,CUST00000734,399,High,2025-11-26 10:39:58.698272,v2.1.0
4da0c728-1c72-40c2-a36c-95d415347768,CUST00009833,450,High,2026-01-16 09:22:05.054770,v2.1.0
e3dc3fca-987c-4d7d-b922-1b71ecd9de2b,CUST00009867,558,High,2026-02-09 23:05:39.890883,v2.1.0
3d154ca1-bb62-40bc-a4d2-bf3964102f54,CUST00006926,580,Medium,2025-11-29 04:58:10.136254,v2.1.0
805dabc3-7033-4e97-b375-5e1be88e6ce0,CUST00000727,368,High,2025-10-19 02:11:34.818705,v2.1.0
0a2d01d0-9d8b-4ef0-a148-5b1e75e41fb3,CUST00000378,595,Medium,2025-08-24 11:56:47.236448,v2.1.0
ee4905e9-0c31-43d5-9f3e-f0863ed14f1f,CUST00004469,300,High,2026-02-12 12:41:03.102097,v2.1.0
c9df9176-a176-4c58-b829-664a4bfd0a30,CUST00001852,445,High,2026-04-07 21:36:30.313554,v2.1.0
b24a39b7-2728-4836-b4d9-4d7e6d032b02,CUST00007661,472,High,2025-10-09 08:02:42.082680,v2.1.0
c03138e3-9ba0-44f7-ab32-1bbe40873476,CUST00006567,762,Very Low,2026-01-19 18:08:36.563356,v2.1.0
d602928b-06af-404b-9570-c3f954bf6249,CUST00001080,666,Medium,2025-08-02 23:55:56.613485,v2.1.0
dc465c02-ac88-4172-b420-343bf5cf600e,CUST00005268,549,High,2026-05-29 02:07:50.700519,v2.1.0
1bd7af1d-352c-4846-8e5f-89648645631c,CUST00008410,411,High,2025-10-15 05:35:09.557324,v2.1.0
8a9231cd-0cb0-49f5-b83a-529790a4286a,CUST00008516,316,High,2026-01-06 05:16:54.607453,v2.1.0
56abd31e-6b45-4769-9561-f64fbb700071,CUST00008164,450,High,2025-12-04 19:00:46.166031,v2.1.0
acd2eecd-4277-4eff-80fd-67ca800283db,CUST00007308,804,Very Low,2025-09-10 17:30:46.253334,v2.1.0
0b7cdf3d-58d8-46e8-849e-18e0e82c73c5,CUST00004921,363,High,2026-06-23 00:13:56.728589,v2.1.0
b766b3ee-94a8-455e-88ed-a68559442e22,CUST00000861,444,High,2026-05-27 02:24:58.009241,v2.1.0
756a2fcb-3fe3-48d3-b815-d1c0df8057ed,CUST00005443,363,High,2026-02-04 20:11:12.174260,v2.1.0
ec3245fb-f573-4ebf-b6ff-cc5d34ecbe04,CUST00000555,352,High,2026-06-16 17:21:09.324893,v2.1.0
4d528278-e6c6-46d1-8e96-130f1322e0f2,CUST00000068,839,Very Low,2026-04-14 10:24:20.001781,v2.1.0
18af4e78-56d5-4939-9053-59fdf6f8a234,CUST00008280,372,High,2025-12-18 01:59:50.424280,v2.1.0
b9023c18-7e84-4b7c-b0f6-b99f58c0d0d3,CUST00009807,646,Medium,2025-11-12 10:44:45.214963,v2.1.0
6d7731d1-bef7-48ee-ad1d-52db2c642606,CUST00008951,516,High,2025-12-16 22:42:43.587164,v2.1.0
a17ac20e-6549-4782-8657-d879468eb8f1,CUST00005652,369,High,2026-04-06 23:46:39.780498,v2.1.0
4379ebab-b01a-4fc0-b2bd-ca774b8cb0ae,CUST00007237,602,Medium,2025-10-24 23:41:19.768815,v2.1.0
e12f2d9d-e484-4141-83db-fd57f466a2f0,CUST00002003,300,High,2025-08-15 08:38:45.704759,v2.1.0
055bfb4b-fc5a-45a4-9d4a-ff7847baa20e,CUST00007409,681,Low,2025-12-01 01:51:12.896391,v2.1.0
a7831e0f-4423-4732-9800-abd6f5b2667d,CUST00000354,643,Medium,2026-01-17 06:40:37.485544,v2.1.0
11504b65-4318-476b-ab08-f46960352cc6,CUST00003728,578,High,2026-06-12 08:06:18.316737,v2.1.0
9a3ae280-fd93-451b-8f6d-e6e621aee443,CUST00004650,300,High,2025-09-21 09:59:46.314635,v2.1.0
275cf7db-ece0-4ab7-9d93-e8a0f1f51fae,CUST00000446,476,High,2026-05-07 16:32:26.534823,v2.1.0
7aab18d4-de4a-42db-8bb4-a12ed2bc9d48,CUST00000928,416,High,2026-07-11 08:44:42.211142,v2.1.0
95cba171-80a5-49f8-bab8-d7cdc8a55c05,CUST00005686,640,Medium,2026-07-01 09:08:15.984265,v2.1.0
f022df46-ffaf-417e-b9b8-9dcd98d8c72e,CUST00001494,380,High,2025-08-12 02:05:57.400215,v2.1.0
e7836ad5-6d0d-47a1-a031-40af781a1ae2,CUST00000448,300,High,2026-01-03 18:48:38.187660,v2.1.0
f8ec888a-061f-4b17-a7a7-47412ed4ba4f,CUST00003342,540,High,2025-10-29 00:32:27.387170,v2.1.0
6b771a3a-80d4-480f-ba09-205d3788bf0a,CUST00008427,356,High,2026-05-22 11:37:42.095498,v2.1.0
1a4ff56d-a00d-4a0e-a496-c8387ad83b89,CUST00004769,384,High,2025-11-14 10:56:52.779468,v2.1.0
ce06ee84-840e-45f6-bef4-b6cdad7c51de,CUST00006053,300,High,2026-02-04 22:10:23.146113,v2.1.0
1593018f-840f-4da4-b84e-e600ad2417d7,CUST00005518,522,High,2025-07-20 19:45:45.106091,v2.1.0
e48a100b-0b37-4d21-b706-f450c6feaab2,CUST00000163,729,Low,2025-09-29 04:56:30.612330,v2.1.0
19b2704c-15ec-4d2e-829f-51d1f08b8ebe,CUST00005700,330,High,2026-02-08 20:06:04.475209,v2.1.0
2961be59-9eb7-4fcb-900c-ca67583d94c7,CUST00002394,599,Medium,2025-11-05 21:54:09.777402,v2.1.0
46b2f426-94dd-4758-a499-4e512a3d4964,CUST00005619,359,High,2026-03-02 08:29:56.504037,v2.1.0
6288cffb-3835-4049-86a2-be367d148d2f,CUST00003795,531,High,2026-01-03 08:34:36.098002,v2.1.0
cc29a3e7-0d84-452a-89d4-cdf5c6a4b764,CUST00002010,541,High,2026-02-19 00:31:38.628909,v2.1.0
0e605563-e02e-422b-aae4-55146dbfa7be,CUST00002080,428,High,2026-01-14 02:35:16.600734,v2.1.0
247093f5-c7e9-417c-8c6f-a82feb5b8fbb,CUST00007785,630,Medium,2026-04-26 02:26:56.769028,v2.1.0
feda20c1-f390-45e8-9be7-2ab4183e2c2b,CUST00007742,367,High,2025-09-27 06:55:57.838635,v2.1.0
eadb85ff-cc90-4065-8996-6f031f749c40,CUST00000670,492,High,2026-06-11 18:58:35.413544,v2.1.0
9fee626f-98a1-44fc-9b35-d319bd3b19d9,CUST00005036,561,High,2026-04-21 16:06:40.659386,v2.1.0
b7494327-c445-48e7-b8b1-82dacfb97bf4,CUST00000355,366,High,2025-10-15 10:37:48.061207,v2.1.0
a88c5ea0-cd4c-4f14-8a19-cec2c56b3382,CUST00002125,375,High,2025-07-20 05:48:49.162238,v2.1.0
01912ba5-1431-4e4e-9a69-6b81b4ef4211,CUST00003641,721,Low,2025-12-14 16:11:05.260042,v2.1.0
570bc1a7-73e9-4dd3-b9f9-6d1e9770ca71,CUST00000769,324,High,2025-10-11 00:18:32.228464,v2.1.0
0d621d07-6fba-40cb-95f4-f27c89745595,CUST00009547,503,High,2025-11-21 10:34:25.173706,v2.1.0
e30efeb9-4216-444e-96e7-a52d1641c1f2,CUST00003641,654,Medium,2026-05-20 13:24:39.288085,v2.1.0
f8c1992e-f56e-4c82-b265-9e75815566b7,CUST00007790,550,High,2026-06-03 07:13:09.089503,v2.1.0
48e36b17-f122-45ec-b007-f11b8383c2bf,CUST00003970,552,High,2026-06-30 06:03:32.641032,v2.1.0
d9af4cba-e09d-4ec0-95f0-77660a19b177,CUST00005438,574,High,2025-07-18 10:43:21.227202,v2.1.0
0645aeb2-ac20-4406-ae5d-b8c027704262,CUST00000637,746,Very Low,2026-03-14 23:40:28.071788,v2.1.0
b8145ee6-051d-4e46-8e6b-0e04a8653cf5,CUST00007669,300,High,2026-05-24 00:05:21.818759,v2.1.0
5112f76c-a433-4f16-87fa-2dcba1aae799,CUST00006616,850,Very Low,2026-04-09 12:29:57.002246,v2.1.0
a1372949-688e-4706-91e6-af6d309d4147,CUST00007687,494,High,2025-08-24 21:05:55.761136,v2.1.0
5b20d996-90ab-4215-8439-78eebffdeb1d,CUST00003196,517,High,2026-01-27 10:07:59.960242,v2.1.0
7c45e170-0805-43ac-9ade-201154d77642,CUST00002267,761,Very Low,2025-10-12 21:37:35.904050,v2.1.0
f40e8b36-dad0-43d1-b197-c5e1db2cf9c4,CUST00003015,568,High,2026-01-13 14:54:49.371129,v2.1.0
1f7d599c-4d4a-40e6-b6ba-8ec4db5b802b,CUST00002798,464,High,2025-08-08 18:55:57.090088,v2.1.0
3ed90e4a-4db9-46e3-a012-f8af806d032b,CUST00008073,590,Medium,2026-07-17 01:00:44.489537,v2.1.0
932d40c4-5cd9-4963-a8db-c888f5e4647d,CUST00000101,557,High,2026-04-03 20:04:53.267858,v2.1.0
c765b0ab-a8fc-45f7-b9cb-3328cc0e30f9,CUST00005849,314,High,2025-08-20 21:21:21.067634,v2.1.0
54861959-4920-4104-85cf-ee2e0571bd45,CUST00008703,652,Medium,2026-06-19 09:34:37.118148,v2.1.0
f2816c54-5228-4153-917b-5316821a00e1,CUST00007363,690,Low,2026-06-10 15:18:47.867848,v2.1.0
b49a72a5-5fef-4346-9902-91e18e86afd0,CUST00004116,568,High,2026-01-23 17:59:28.441519,v2.1.0
984019c6-68e7-44d9-a32d-e5e769cade6b,CUST00008111,341,High,2026-03-30 21:21:44.905777,v2.1.0
e2271618-15c7-4a92-8494-8bf100b5395e,CUST00004928,360,High,2025-11-30 23:04:54.887975,v2.1.0
613a378a-bce3-495e-a99f-2d43497032ff,CUST00007084,702,Low,2026-07-08 20:37:12.230875,v2.1.0
1c0479b1-d90d-4696-8520-d4f6d295f31b,CUST00003533,570,High,2025-08-17 22:08:27.175330,v2.1.0
7c7d760c-a15a-4976-b26a-2b0d0d851cd5,CUST00008452,395,High,2025-08-21 19:42:42.325103,v2.1.0
0428eed0-d1a9-4698-a174-2dfc42f10b9b,CUST00007551,542,High,2025-09-04 16:15:25.324713,v2.1.0
c3653b87-fd1d-4989-859c-3dbd004ac1b1,CUST00006455,516,High,2026-05-13 09:30:16.509302,v2.1.0
17c29af5-626e-4204-af1f-5bf203753f1d,CUST00000908,333,High,2025-08-14 05:51:09.838750,v2.1.0
19ca15fd-eb90-4abb-8e9a-49d241c07712,CUST00004030,300,High,2026-02-10 07:17:12.817950,v2.1.0
4d862867-1acb-42c6-9248-872d6778fd28,CUST00003347,512,High,2025-12-23 18:51:43.859293,v2.1.0
2cda97b4-1fcb-4029-abdc-4bf00a9dfcc6,CUST00004602,646,Medium,2026-07-05 02:00:45.542117,v2.1.0
c5adb31f-baee-468e-a030-ad947155520e,CUST00009586,566,High,2025-10-12 09:23:27.125512,v2.1.0
95917b8e-fda8-4a31-822c-213a675a469b,CUST00005687,493,High,2025-10-21 05:41:26.158005,v2.1.0
0c2d4e1f-32a5-4547-8233-4355ce937412,CUST00009906,421,High,2025-11-09 23:11:57.181232,v2.1.0
7da928cf-3b69-43d0-92c2-058fc6a3b7f5,CUST00001896,554,High,2026-05-06 09:40:29.036197,v2.1.0
cd4ba10f-101f-4418-a99d-bfd1e9349bd0,CUST00001895,784,Very Low,2026-03-30 20:17:56.967129,v2.1.0
1ee15fd8-ed6c-402a-be05-206f27266b16,CUST00000174,637,Medium,2026-04-12 11:50:00.347008,v2.1.0
22b38485-a1ca-447d-b96f-fc3fdccc1130,CUST00007844,300,High,2025-11-11 01:55:27.479642,v2.1.0
f3bce656-4cb5-472d-bb50-27aa74d8c510,CUST00006275,460,High,2025-10-25 05:48:23.651067,v2.1.0
8c4c2da1-4934-41e4-8253-2cfa7fcb2d21,CUST00003468,496,High,2025-08-14 04:35:55.694136,v2.1.0
7a4e559f-46f6-446e-bf4d-4e662b1f18cf,CUST00000476,366,High,2025-09-29 22:50:12.831360,v2.1.0
b51ffacf-cb78-4d14-9b96-faf79543e106,CUST00008097,410,High,2026-04-28 18:38:49.452407,v2.1.0
a5dba21e-6d15-4fcd-ba4c-c467b9f4eeb0,CUST00002406,553,High,2026-02-16 11:19:01.122949,v2.1.0
01ca7f07-952b-4f17-9f46-9697193539eb,CUST00001749,578,High,2025-09-12 16:11:53.739681,v2.1.0
ba2932d2-55d1-42be-868c-8d03f007847d,CUST00007488,593,Medium,2025-09-15 22:46:41.870948,v2.1.0
e5da3e41-ab4f-405e-b967-d779404f514c,CUST00006322,511,High,2026-01-04 03:14:02.144614,v2.1.0
3da76c1a-a73b-4a86-89f2-aa12dc146c51,CUST00004290,587,Medium,2025-12-13 09:17:53.281285,v2.1.0
ed7e2ea8-1c82-458a-819f-4d6d25ac311b,CUST00003015,394,High,2026-01-29 15:41:33.511553,v2.1.0
124e2487-f761-40e6-be0a-ac59c8216255,CUST00009279,348,High,2026-07-05 05:39:47.266484,v2.1.0
f80fd0ce-7846-4e7e-acb0-8afc913b81a6,CUST00003631,656,Medium,2025-10-01 17:59:45.555622,v2.1.0
48522d22-4353-4297-b60f-7dd6351605df,CUST00009850,425,High,2025-11-07 12:27:29.270394,v2.1.0
26180193-5b8e-4b2c-b52e-e3ac7a2718e1,CUST00003312,530,High,2025-10-22 16:54:09.187555,v2.1.0
ac959311-4532-4f05-8036-6e87f7c47c81,CUST00001053,587,Medium,2025-08-30 17:02:24.440728,v2.1.0
6d89815a-c9b4-43d2-80c9-8e340edf7a03,CUST00003663,407,High,2025-09-13 11:31:30.843597,v2.1.0
4f237a2d-7f70-4cc4-b353-e76ece07ce58,CUST00006390,744,Very Low,2026-03-25 11:41:55.560511,v2.1.0
1c95130a-bb85-4a60-9a9e-c701be3c341b,CUST00003660,599,Medium,2026-05-15 17:48:50.545226,v2.1.0
f473a134-3ae9-4bd3-bffd-678f291938bf,CUST00006118,707,Low,2026-03-29 10:34:18.541225,v2.1.0
93d8547f-fe80-45ee-8597-f9911efa93a4,CUST00002542,483,High,2025-08-01 15:25:41.107416,v2.1.0
2626603d-506e-4723-9970-e23ec75d9c9f,CUST00001270,610,Medium,2026-05-19 05:25:20.682794,v2.1.0
827449b4-d9a2-499f-beb7-a88fa90e6e70,CUST00005514,570,High,2025-11-14 15:16:01.955901,v2.1.0
fdbd8987-cd52-40ac-8ce1-8f3464ee8696,CUST00002068,300,High,2025-08-20 05:27:25.524737,v2.1.0
82c43f5c-0c52-4d4d-84e9-9272dfca00d1,CUST00000924,738,Low,2025-10-16 13:43:58.809268,v2.1.0
d12c7829-0b34-4e01-bca6-b33e566278de,CUST00000839,737,Low,2025-11-24 20:15:44.219361,v2.1.0
76e42751-f907-4b62-943e-dc2b4a08fee3,CUST00005493,453,High,2026-01-21 10:46:15.422572,v2.1.0
93ba0e66-dc7b-416f-ab12-b865be1411f7,CUST00002606,562,High,2026-03-22 05:56:01.051233,v2.1.0
120b00d0-36df-4a8d-b89e-92cba7c5b13e,CUST00003569,300,High,2025-10-20 22:27:58.793870,v2.1.0
ae3e2cb5-5bd4-4389-a91d-ec72f1551252,CUST00005570,594,Medium,2026-07-14 17:56:24.571584,v2.1.0
5ca44904-f772-40a2-89f9-b32c0f09eb65,CUST00006858,672,Low,2025-07-29 06:21:53.414450,v2.1.0
fb878148-6f5e-4361-a9f9-c18b766652fc,CUST00000113,562,High,2025-12-12 14:42:42.730446,v2.1.0
6684e4a3-9af2-4645-94bd-f80a85e431eb,CUST00000722,478,High,2025-12-30 01:47:36.921681,v2.1.0
98d61c6f-80f4-4d5f-8929-f748d74282ad,CUST00006049,362,High,2026-04-17 03:22:58.065855,v2.1.0
f9920923-130c-470b-b34a-72dae570abc4,CUST00000991,483,High,2025-10-17 04:03:17.427694,v2.1.0
c9d99fd5-2c2b-4fdb-ac55-66247f207a1d,CUST00007378,575,High,2026-01-02 16:04:00.825370,v2.1.0
059079e1-3395-45ac-a21c-a700a4d6027c,CUST00004384,595,Medium,2026-05-07 12:40:21.619685,v2.1.0
7f8e8e13-94a5-48a7-bc03-97b6c3cdf818,CUST00001586,517,High,2025-09-06 23:17:56.034980,v2.1.0
40407b10-5869-48b1-bd81-7183245a6751,CUST00002043,585,Medium,2025-07-22 06:43:05.467829,v2.1.0
ea55b431-eb42-4f64-b65d-d03f4d8a4a82,CUST00000150,516,High,2026-05-17 04:45:04.459303,v2.1.0
f92da39b-8b39-4401-b6b1-34e5b520ac64,CUST00004141,500,High,2026-07-11 18:51:18.915520,v2.1.0
69a2768b-3ec5-49e7-ae6c-4d6d0e727476,CUST00005794,642,Medium,2025-09-03 15:43:30.242352,v2.1.0
8688a3a3-519a-4180-8355-687e917ccfbf,CUST00004826,523,High,2026-05-14 18:01:48.513317,v2.1.0
f974a10a-1cc7-4857-935d-e78472e51747,CUST00000528,356,High,2025-11-30 20:52:15.324309,v2.1.0
b199eb18-1335-4f6f-9b54-2e07d9dee45e,CUST00007783,468,High,2026-03-05 02:56:37.342738,v2.1.0
6587bf1d-2980-48cf-a760-72241ad2772f,CUST00003198,551,High,2026-03-10 09:03:38.843869,v2.1.0
9dbb1bd5-39fa-4088-9cdd-d92927828e14,CUST00001498,631,Medium,2026-02-15 14:25:02.467740,v2.1.0
34d01e6e-b35a-4703-9e7e-402965480544,CUST00002460,755,Very Low,2025-10-20 10:39:58.997447,v2.1.0
d9869614-3e8f-47e0-a5f1-fae4fee06bc9,CUST00000880,525,High,2026-05-10 18:15:09.404819,v2.1.0
131eb1f9-bf15-48cb-8b4a-6faaa3e2de84,CUST00008738,433,High,2025-07-25 21:00:06.611434,v2.1.0
9638e631-adf3-4550-832d-251ec789b744,CUST00004681,432,High,2025-08-10 11:03:11.020915,v2.1.0
bb754e39-a792-43dd-a493-d24f1b636839,CUST00003975,329,High,2026-06-12 12:58:14.598603,v2.1.0
3044eb7d-a48c-4a73-a0c0-be0a3e56402a,CUST00007668,387,High,2025-12-26 20:55:09.220423,v2.1.0
870e9516-5622-49be-b600-5697e68c8bd5,CUST00006036,300,High,2025-09-02 22:51:44.910730,v2.1.0
b964073a-153c-4056-8e47-6efd02ba6b00,CUST00001386,392,High,2026-06-13 11:36:10.570702,v2.1.0
550bdac1-7249-4d80-a5e5-869da5b839f7,CUST00000558,440,High,2026-05-16 19:50:37.934419,v2.1.0
b88142a7-b9b7-44ea-a65e-061588395066,CUST00001793,499,High,2025-11-16 00:11:36.389077,v2.1.0
b9427f31-e578-4d3a-85e1-9dcfdd634a40,CUST00009561,363,High,2025-08-02 12:10:20.469708,v2.1.0
4b57abb9-e1a1-4318-b5ed-c79ee3f076d8,CUST00008763,485,High,2026-01-02 06:52:39.050956,v2.1.0
5d5f7f2c-2833-45a0-b800-43b4dfe97026,CUST00000785,405,High,2025-09-17 06:27:35.110712,v2.1.0
ccf6cdac-6b73-4d50-a22c-42d5e6fd780e,CUST00004661,376,High,2026-02-12 12:26:16.187872,v2.1.0
df53fdef-f262-4c49-96a7-42adfac579ea,CUST00006506,457,High,2026-05-14 00:36:13.291208,v2.1.0
f301c833-90da-4b98-80b1-4585af2281b6,CUST00001406,407,High,2025-12-09 04:22:13.324565,v2.1.0
0ff3aa9e-d928-4162-bcb3-f41116c35a4c,CUST00005658,667,Medium,2025-07-28 16:20:28.936885,v2.1.0
996be002-74d2-4b07-a4de-4f3fa5853e98,CUST00009945,491,High,2026-03-24 10:47:13.645723,v2.1.0
1d0dbb7a-4b29-47d7-a120-dafd0d8055f4,CUST00005989,501,High,2025-09-19 00:41:35.562640,v2.1.0
6fcd4a7b-2de7-43a0-95bf-1ea0c430d2fb,CUST00001519,638,Medium,2025-10-04 08:03:23.471044,v2.1.0
edb31bc4-1f54-4303-ab27-d78fd3a296dd,CUST00005137,405,High,2025-09-24 06:25:42.287489,v2.1.0
25b17663-273f-4184-ba96-90337d6f7b6a,CUST00000175,602,Medium,2025-10-28 03:02:40.287834,v2.1.0
8e66b8e1-24a2-4fda-a0b1-f21c1ff8e55c,CUST00003425,451,High,2026-06-05 13:47:15.597803,v2.1.0
c71f78fa-5898-475d-aa5d-f14e1c614c15,CUST00009715,480,High,2025-07-30 13:38:07.348382,v2.1.0
fb846a05-f6b4-4213-9f50-a7134d06d7be,CUST00003849,387,High,2026-03-01 01:27:34.889321,v2.1.0
ffb14fcf-7ecf-4f38-b2fb-013eaa8f25be,CUST00007662,454,High,2025-10-15 16:23:49.391460,v2.1.0
0d62fc3b-a31e-442f-8775-5e48aeeabed5,CUST00000709,343,High,2025-11-02 16:43:39.721019,v2.1.0
cf801a21-8d54-4a93-8573-3cebb1e22847,CUST00001419,300,High,2025-12-15 09:19:53.288146,v2.1.0
0ebe6764-7d81-4c25-b0eb-aacedb3308f7,CUST00001128,436,High,2026-02-04 01:06:40.826034,v2.1.0
e80ac0ea-88c2-4c30-9a37-e0b715d01662,CUST00004538,419,High,2025-08-09 04:26:04.379839,v2.1.0
eae8ca34-373b-404c-b313-a0a7cfb13e55,CUST00008971,331,High,2025-10-28 02:21:20.974751,v2.1.0
310de68c-b313-4e2c-9f76-8ad56680e180,CUST00003264,468,High,2025-09-06 00:53:04.762328,v2.1.0
803d6e78-5d92-4f84-a29e-75c91d87ca3f,CUST00005549,556,High,2025-09-28 18:18:21.348116,v2.1.0
8a887d7f-cd41-40f2-bf2a-fee7822250ea,CUST00004539,393,High,2026-06-06 00:33:29.906247,v2.1.0
4b0d4cfe-492b-48aa-a3ea-cfea5a16f464,CUST00006450,428,High,2026-01-25 23:03:59.421372,v2.1.0
1bbcb413-fcf5-47a7-93ec-e72f421db10a,CUST00002203,638,Medium,2026-03-05 06:56:53.728984,v2.1.0
ce81eba2-caee-4d84-9610-cfc61ac4a644,CUST00000296,523,High,2026-05-06 21:31:10.415635,v2.1.0
daa9c285-3e50-43fd-b878-2eb9bdbaba8c,CUST00006409,487,High,2026-05-04 05:20:17.092026,v2.1.0
65fa9275-f7bd-4d68-befe-6320c276bf8c,CUST00004081,795,Very Low,2026-07-14 06:46:52.700032,v2.1.0
05674852-3a20-4eb3-80a9-4b063d945601,CUST00008242,473,High,2026-04-29 11:59:33.428579,v2.1.0
0aeb2728-aac9-4d65-9ef7-8a8386a953b6,CUST00006020,498,High,2025-11-26 01:47:50.044547,v2.1.0
12793121-47f0-44e0-a6f8-72f44b9db855,CUST00006569,515,High,2026-02-01 19:01:08.652316,v2.1.0
a2fb4be2-390b-45dd-98d7-2ec013c83915,CUST00003005,522,High,2026-01-10 22:29:26.566662,v2.1.0
564bc8de-512a-4ec1-bf29-76622fdba2ca,CUST00003609,552,High,2026-06-16 06:12:51.666062,v2.1.0
89f0486b-2c18-4f67-b121-27e119c50175,CUST00000118,521,High,2026-01-17 09:45:55.333375,v2.1.0
449854b6-0593-4ed5-9d2d-b17faf795994,CUST00008672,354,High,2025-12-06 18:21:49.348927,v2.1.0
ea428e56-64d5-4f68-9c34-63035d45d1a0,CUST00005328,300,High,2025-09-21 14:07:46.054893,v2.1.0
6dfeb3ac-0109-46ae-995c-9064ac237d4d,CUST00007187,387,High,2025-11-11 09:06:39.208535,v2.1.0
7626f917-1ddb-4e95-9323-92e4cdaa2d33,CUST00001614,590,Medium,2025-10-05 21:47:06.253693,v2.1.0
b94fc7b4-c861-4e14-b366-e40bc3fdb9f9,CUST00005624,559,High,2026-06-10 01:57:56.731501,v2.1.0
f10dbb6b-cce0-4daa-87fb-f7678ad3fbba,CUST00007629,506,High,2026-04-28 06:23:11.009776,v2.1.0
8ef1885d-a342-4bd7-b21e-48f96491a371,CUST00000986,378,High,2025-08-08 07:30:11.985802,v2.1.0
a2b8333b-51f2-418e-b398-eac2d08659ee,CUST00009096,540,High,2026-07-15 01:25:56.209229,v2.1.0
20cb411f-4743-46ef-997a-06eb8502a4b2,CUST00004316,741,Very Low,2026-01-27 06:46:59.067428,v2.1.0
793d6993-3e53-414d-88a9-d1a52318e77f,CUST00008996,505,High,2026-04-23 23:51:39.863453,v2.1.0
5330f0d3-9d44-40d1-b7f3-55eeceba27bf,CUST00007519,376,High,2026-07-18 00:12:38.656209,v2.1.0
299160b5-2004-4ced-9bf2-f659d52b0d5f,CUST00005191,316,High,2026-07-08 15:34:49.366041,v2.1.0
b3fc58bd-674c-4601-9675-d8a3a7510f9d,CUST00003165,632,Medium,2025-08-23 11:39:36.846868,v2.1.0
58fcfd0b-85d2-4712-b318-d241c385e242,CUST00002148,693,Low,2026-03-14 19:49:21.133162,v2.1.0
9a6dd679-ddfa-4d7c-b5f7-fbbaccf30e67,CUST00001740,300,High,2025-10-23 06:13:06.209502,v2.1.0
6ec8bd0a-6f7a-4587-9bcb-f19fc53ea1dd,CUST00002261,541,High,2026-05-12 01:15:59.345604,v2.1.0
6897d4ab-5b9f-40b3-a29c-135976e44210,CUST00000036,366,High,2026-06-17 22:22:59.334972,v2.1.0
43657148-53be-4c95-823f-b1541ba5fd7e,CUST00002109,332,High,2025-08-07 07:59:18.692851,v2.1.0
b0ab654f-00eb-4a54-83e3-68a67649e85c,CUST00009371,724,Low,2026-07-16 20:02:24.827218,v2.1.0
1ff37e12-fe13-4e9a-8349-674266081572,CUST00008536,413,High,2025-10-06 01:12:57.496130,v2.1.0
0e2dab35-309c-499a-9a01-985eb1b954af,CUST00006774,590,Medium,2026-05-23 02:10:01.662464,v2.1.0
5cb83f74-e9d1-4112-8fb9-1fac730c25d9,CUST00006206,612,Medium,2026-05-05 03:38:31.410491,v2.1.0
0f675404-e66e-4076-9dae-585c1781f4f4,CUST00009666,616,Medium,2025-11-24 12:02:20.184549,v2.1.0
156b0904-7ac1-47cd-9697-f91aa170f162,CUST00003177,480,High,2026-05-20 10:19:39.061343,v2.1.0
017d0a6d-538e-48f5-8c6c-c41d9ff9748b,CUST00002787,566,High,2026-05-22 14:54:36.877655,v2.1.0
4e571987-b4f2-4d09-8a1f-3e6efd12ea12,CUST00003155,556,High,2025-09-20 05:33:36.809225,v2.1.0
8091fd62-9e2b-483a-9647-da4008a16b94,CUST00004160,322,High,2026-02-19 07:47:25.726087,v2.1.0
71a99e4c-3f8f-47cd-ad6b-bbab1447681a,CUST00002134,758,Very Low,2026-05-08 08:57:07.242167,v2.1.0
0df85aff-49f3-4da7-923c-664b064cc033,CUST00006520,561,High,2026-03-29 17:08:01.294099,v2.1.0
dc1ba42a-336a-48dc-bd4d-ff0115d78df0,CUST00006614,308,High,2026-06-16 17:38:09.699563,v2.1.0
9876b1f6-369c-449b-8330-8283e65458fe,CUST00000312,654,Medium,2025-07-28 05:09:31.274346,v2.1.0
017e27ce-0c86-4fe0-9a4e-f46db8051b5b,CUST00009691,358,High,2026-03-30 18:51:16.323309,v2.1.0
c80ab9db-8ccc-497c-ae6b-81216f0397e1,CUST00002020,578,High,2026-06-28 23:58:44.847098,v2.1.0
2d155ff7-9d44-431b-bd91-181423e100a2,CUST00004800,431,High,2026-02-08 18:20:45.111305,v2.1.0
3d39d192-8d3e-4cb7-9391-d480782a8744,CUST00000391,584,Medium,2026-02-08 13:59:02.608249,v2.1.0
a985f657-faf1-45b3-890a-3003079f4efd,CUST00002102,408,High,2025-09-24 15:55:04.069728,v2.1.0
cbffa152-9c3c-4edf-b37d-cc28d09a818e,CUST00002519,300,High,2026-07-13 18:31:55.148100,v2.1.0
c7b58b12-2abc-4540-b7af-7c1697cb93b9,CUST00004361,318,High,2026-06-04 22:01:54.289935,v2.1.0
9e142119-795e-4ebf-a2d9-7bf888700bcb,CUST00004090,496,High,2026-01-13 16:38:52.778112,v2.1.0
53183f68-9b92-464f-87be-791ba41cfd29,CUST00005226,380,High,2025-11-07 18:59:30.207865,v2.1.0
f1e62b6c-86b2-4cba-ab00-71c1c8760eca,CUST00008529,590,Medium,2026-01-13 00:57:16.634748,v2.1.0
c07f131f-442c-4cac-a829-d8d252e5eb4f,CUST00007700,477,High,2025-08-19 21:04:52.213336,v2.1.0
8bd47ede-e8a2-432e-8b4d-9f409bba3c79,CUST00004601,562,High,2025-10-10 21:01:37.898466,v2.1.0
7a41ffdd-d99f-48b8-8dd2-f65300f06ffc,CUST00001249,664,Medium,2025-10-05 19:56:00.007401,v2.1.0
70224929-133a-4b55-8f4c-f0e4e2553c82,CUST00008334,498,High,2026-01-26 04:37:40.778577,v2.1.0
3c25731e-8dc5-4335-b0b6-8792fbf203c4,CUST00009579,300,High,2025-07-18 03:53:52.914942,v2.1.0
1b31ae8f-e4bf-4965-808e-fef9f8c40501,CUST00001654,393,High,2026-06-18 03:57:51.614505,v2.1.0
d9f7123e-323f-4e14-9c29-b227dc965694,CUST00007174,400,High,2025-09-29 11:53:42.358846,v2.1.0
9521a728-9bf5-4a59-b412-0107746cf243,CUST00002463,515,High,2025-09-03 13:44:48.141865,v2.1.0
edc3d629-fbf7-4c16-a2b6-b9ed42b1e831,CUST00002864,632,Medium,2026-04-05 18:24:35.603289,v2.1.0
23086c70-a449-426b-9bac-d2e508eab906,CUST00009928,357,High,2026-06-18 11:43:06.746926,v2.1.0
f43ced25-c42e-4798-be77-1ac6941f5631,CUST00003776,361,High,2026-05-22 06:41:54.024714,v2.1.0
a7e66170-2fbf-454b-8809-941fb67633b5,CUST00003014,535,High,2025-11-13 02:24:30.690901,v2.1.0
040ae675-10eb-4cf9-a030-faf055848cfe,CUST00003923,426,High,2025-07-25 21:59:23.481754,v2.1.0
e2b52668-0a2c-4568-a42d-0fb975b39dba,CUST00008050,801,Very Low,2026-02-17 03:58:54.873531,v2.1.0
79bb2159-94c9-4d89-9534-5468e1ee3cd1,CUST00007647,580,Medium,2026-06-17 22:04:24.274887,v2.1.0
11503eda-d3c8-4714-8104-79eefa508cf3,CUST00007465,545,High,2026-04-26 17:49:03.170504,v2.1.0
8e92f93d-e008-45d7-87d5-b3d3c8906da9,CUST00005251,387,High,2026-05-23 01:57:17.898381,v2.1.0
b3c5d9b0-8346-42d5-808b-d0fc7229e0a7,CUST00006300,454,High,2026-05-28 06:19:43.140490,v2.1.0
09abba6a-8da2-4321-a04e-9e2b6849ee86,CUST00001827,585,Medium,2026-07-03 17:56:02.894942,v2.1.0
99172754-b337-4934-996e-d902768ce3c3,CUST00002182,461,High,2025-12-01 08:42:49.619125,v2.1.0
ebf2db94-8491-4eb1-b30e-daf3fd751afb,CUST00001191,416,High,2026-06-26 22:34:46.179683,v2.1.0
cb59c3dd-40c4-4da0-bbd0-8fbe99bc18af,CUST00004303,526,High,2025-12-09 09:36:08.723972,v2.1.0
c76287b6-4d52-4395-a113-e8a1909f6f7f,CUST00007462,643,Medium,2025-08-23 19:31:49.521899,v2.1.0
b2cec554-d5e3-4a09-bc80-cab27f5c4498,CUST00008421,444,High,2025-11-05 03:06:27.290114,v2.1.0
b114e61e-f294-455b-8562-924b6752d769,CUST00002614,432,High,2025-09-05 18:00:33.290895,v2.1.0
7067572f-1d35-4ac1-b554-92ab51c0d65a,CUST00003830,654,Medium,2025-09-13 10:32:52.550008,v2.1.0
cd9bdf37-2788-4360-bc18-34854b037a65,CUST00003894,300,High,2026-06-29 09:55:35.335062,v2.1.0
331d435b-4c42-42be-bdfd-80b3322bb53b,CUST00008587,599,Medium,2026-05-03 03:00:29.514994,v2.1.0
aa4946ee-29f8-4d75-bd78-0a0164eb0758,CUST00006023,685,Low,2026-07-03 18:50:24.286542,v2.1.0
a9ef2c21-5a69-42c8-acfc-b367b1666a31,CUST00006331,533,High,2026-03-12 00:27:54.259363,v2.1.0
174a4a5b-f79b-4dcb-a179-dc2b03959eb7,CUST00004049,568,High,2025-09-19 12:55:31.697839,v2.1.0
26884cad-f98e-4646-8e66-4b57c8040dbb,CUST00000529,658,Medium,2026-07-06 17:40:27.831461,v2.1.0
abe04b4e-fe7f-4e8c-b17c-706643570585,CUST00008721,495,High,2026-03-28 05:29:26.388973,v2.1.0
9fb21777-1dc9-4b56-961c-ad2a82090309,CUST00007658,300,High,2026-06-22 03:56:27.044818,v2.1.0
59eada02-0da2-4991-ac92-37665eba31f9,CUST00002513,685,Low,2026-05-01 08:29:16.233105,v2.1.0
6c0b0f86-e5ba-4d00-b4e4-d6da70b6331a,CUST00007636,300,High,2025-10-07 10:45:01.826963,v2.1.0
18387389-fcd0-4a32-9d22-7aa87c361c51,CUST00001800,318,High,2026-02-18 00:30:08.583206,v2.1.0
d055023a-a2a4-48e7-83f4-b96de728836d,CUST00007763,766,Very Low,2025-09-19 22:59:49.094771,v2.1.0
ed6c6dfa-c75b-4432-9165-9fedbf758b9b,CUST00008749,300,High,2025-11-06 23:26:43.645623,v2.1.0
2cc6ed3e-1dd8-4a74-941e-c3c95afae91a,CUST00007405,755,Very Low,2026-03-26 09:07:07.494836,v2.1.0
d8d753d5-8097-4f6a-a77a-a3b8504ad304,CUST00009383,757,Very Low,2025-09-02 10:12:42.725612,v2.1.0
cc05d600-b6c1-488c-9fbd-da9715bcebe1,CUST00002706,504,High,2026-04-10 02:39:50.065100,v2.1.0
0ab5bef3-692a-4c4b-aaff-fb53f13b8bd6,CUST00007101,833,Very Low,2026-06-29 10:45:19.724852,v2.1.0
c22d0ebe-c988-4378-884e-5c97a73775ed,CUST00001300,346,High,2026-06-29 09:58:01.374069,v2.1.0
ea92ca5b-c7d4-4163-93f2-fd97c249d511,CUST00003400,560,High,2025-12-07 22:35:26.857822,v2.1.0
3911a6b1-c722-4de0-8306-10b8304013e3,CUST00002510,389,High,2026-07-16 01:33:14.259945,v2.1.0
d1800f24-1004-4bf4-93a1-ae610511128f,CUST00009376,539,High,2026-07-05 10:28:38.795094,v2.1.0
9e9ecd9b-27c6-4776-a3f0-d9290444984a,CUST00008641,580,Medium,2025-07-29 17:45:57.669506,v2.1.0
899ed037-9601-4c8f-a80c-e83d120c9685,CUST00005254,300,High,2026-02-22 22:18:04.148142,v2.1.0
bc5f8e98-4b48-4995-9fe5-bfe4a4df0a59,CUST00006223,626,Medium,2026-06-19 07:30:23.841416,v2.1.0
8facd734-749d-451c-a84e-1c9c2b41a6c2,CUST00003423,649,Medium,2026-07-06 07:03:25.974617,v2.1.0
606762ef-9ca8-4167-aabe-042c1e10cbda,CUST00005916,626,Medium,2025-10-06 14:13:17.101695,v2.1.0
64f55b4f-d225-4cc5-8b03-61a82f3361d1,CUST00001543,458,High,2026-02-09 11:23:03.811554,v2.1.0
c235206d-5438-4f56-961b-e4ad97705ac5,CUST00006720,394,High,2026-06-25 00:41:13.415614,v2.1.0
81bd71a2-97ca-4e5d-8fbf-22d3bc407d71,CUST00008257,368,High,2025-09-07 06:45:09.638815,v2.1.0
a880a445-4bff-4b92-bb21-79ddbe31c44e,CUST00009585,393,High,2026-04-16 03:24:26.634276,v2.1.0
04a24bd5-bf74-40b0-8886-92c62e4b2308,CUST00009209,589,Medium,2025-10-12 20:07:18.579015,v2.1.0
c404da7e-7cab-46c6-b74d-f8c1fdae3149,CUST00000321,674,Low,2026-07-11 17:12:39.422724,v2.1.0
b24b5033-fc1c-4a35-a5ab-629a8c894cc7,CUST00009789,368,High,2025-09-17 05:34:02.888152,v2.1.0
651deb5a-928a-4d13-87fb-a6ec7e373f13,CUST00005496,831,Very Low,2026-06-06 06:24:41.511843,v2.1.0
8af1f179-b577-4f7a-8237-25e67eddfa04,CUST00007412,740,Very Low,2025-08-19 07:39:27.355008,v2.1.0
d9345ad5-aeda-485d-9dca-9db5446b3b53,CUST00009468,567,High,2026-04-02 20:31:50.998449,v2.1.0
98263c65-b622-42fc-96ad-29172c576778,CUST00009965,568,High,2026-03-08 08:07:38.799105,v2.1.0
01f44d72-92a4-4eaa-8cd0-c38f57931996,CUST00007854,629,Medium,2026-06-06 18:05:54.903201,v2.1.0
8d9ec3d1-808c-4917-9e3c-024cd0a56988,CUST00001565,408,High,2025-12-28 00:57:26.920022,v2.1.0
2243716b-047d-4ba4-b44a-2e4c2f639179,CUST00008103,374,High,2025-10-22 18:41:42.970758,v2.1.0
74ce71a4-11c2-4fbf-9ec7-bd1f46e7af16,CUST00002579,382,High,2025-10-17 01:19:19.139172,v2.1.0
9420ccee-4d8b-4d3f-9610-1e27ac62f955,CUST00000348,604,Medium,2025-08-11 16:10:45.976665,v2.1.0
564b3834-b553-44cc-8dca-0ff59099298d,CUST00000228,358,High,2025-10-19 15:42:30.903567,v2.1.0
bf02d753-780c-4c1c-af59-bb34bb370732,CUST00008324,354,High,2025-08-26 08:54:43.389395,v2.1.0
13b05b9f-0528-4bb2-84c4-ff0c4fbbad6a,CUST00003530,509,High,2025-07-18 09:08:13.148834,v2.1.0
1c96746d-d3ed-42e9-aaa3-ca349c4e3347,CUST00008100,735,Low,2025-12-05 20:56:19.112722,v2.1.0
16f3dcda-508c-4eb7-98e0-b6a86bbdf471,CUST00000626,461,High,2026-04-11 11:33:59.490591,v2.1.0
575656db-0a1b-497e-b095-49a15bd8ee6c,CUST00001629,300,High,2026-07-06 20:49:14.451978,v2.1.0
061ff6f8-26e5-4631-8ba4-fe480ce01fc5,CUST00008755,585,Medium,2026-06-05 23:40:37.866133,v2.1.0
ae7cbe6d-474a-4bca-9e16-cae6470ac5d8,CUST00006274,679,Low,2026-01-14 00:08:42.294408,v2.1.0
914980e7-c02e-41da-b42f-e49596db66cf,CUST00003493,791,Very Low,2025-12-03 05:36:36.742032,v2.1.0
48952251-f5a1-4245-ac83-44ee7eced952,CUST00005613,388,High,2026-02-02 08:13:18.197701,v2.1.0
9e2d9766-2f22-4bc9-925f-f6fcadbbb599,CUST00008668,530,High,2025-08-23 23:00:18.279329,v2.1.0
6497eaaa-8f60-4952-9bcc-e44f8b62efcd,CUST00008013,531,High,2026-01-09 00:59:39.689621,v2.1.0
e80d9193-d0d0-4d32-accf-94a9b05fb9e7,CUST00004762,660,Medium,2026-05-29 11:58:04.476437,v2.1.0
3bb82fd9-a321-41e8-b990-b4e65ff00326,CUST00008381,449,High,2026-03-12 16:08:58.647207,v2.1.0
e0f854fe-02f8-482f-9dce-e2a03ec3ef9a,CUST00003696,664,Medium,2026-03-25 21:23:23.465533,v2.1.0
9514b31f-dd51-46ef-b244-e4ced7358d67,CUST00001911,468,High,2025-09-15 07:42:52.599928,v2.1.0
e02ec0bb-3760-4249-8b65-fff345c7dde8,CUST00003593,614,Medium,2025-08-13 20:01:31.747109,v2.1.0
836b07a9-db19-4da3-8ff2-f45434e773db,CUST00005471,467,High,2026-05-22 19:39:27.427067,v2.1.0
ac26716a-4a11-4873-9e9b-1d5867577c75,CUST00008551,484,High,2025-11-02 15:00:17.248232,v2.1.0
7d267605-2ab6-4a40-a903-09b5b7da9fe6,CUST00004194,408,High,2025-11-11 07:42:09.323125,v2.1.0
3c21cc2f-fa1c-4521-bda9-a1e127285ec0,CUST00001293,412,High,2026-06-30 11:56:54.642864,v2.1.0
b2697938-eb1c-4927-bc2b-56501ec6af32,CUST00005702,551,High,2025-08-14 00:19:46.489644,v2.1.0
13ecc1dc-fdad-4560-93d9-a97301417113,CUST00005994,406,High,2025-09-18 01:00:28.988069,v2.1.0
f81c8389-cf67-4c2e-92d1-2138e3beeab2,CUST00006915,638,Medium,2025-12-02 01:04:49.327031,v2.1.0
332f7e8b-1bb1-4e83-917c-55ad8f09935d,CUST00005450,669,Medium,2026-04-11 06:18:44.091844,v2.1.0
4944f348-ed13-420a-b861-1fe1e5d93163,CUST00006202,583,Medium,2026-02-02 17:10:58.362814,v2.1.0
171eb832-ea6b-4ebb-bff3-4605edb90a99,CUST00008690,374,High,2026-06-10 22:38:51.426365,v2.1.0
6a958382-dd13-4e7b-8e70-a189cbd816ab,CUST00008406,488,High,2025-08-20 22:02:23.976921,v2.1.0
435f8c86-c2bc-47d8-8b9b-2b41ce19c542,CUST00002677,442,High,2026-02-19 21:02:09.054588,v2.1.0
ee8e0056-c562-4a4f-aae8-c211707851ee,CUST00005782,315,High,2026-02-27 00:58:08.609197,v2.1.0
ca697cd0-7287-4a69-a1d0-545891d98b3a,CUST00003056,660,Medium,2026-01-10 05:27:41.328705,v2.1.0
dd5fc3b3-6adf-4e8c-bc7f-4ba28443d583,CUST00004310,589,Medium,2025-07-29 05:35:08.358069,v2.1.0
df7be3c7-eb00-42ab-8078-16779d7c9825,CUST00005616,411,High,2026-06-27 03:07:45.534168,v2.1.0
20386f9d-db71-4bc0-9cc5-1f6b35a14bb0,CUST00002704,476,High,2025-09-16 04:13:56.915842,v2.1.0
c65ab092-7e01-4c76-ba5a-056d4258274f,CUST00001178,486,High,2026-06-07 21:16:13.059277,v2.1.0
6b94fc47-5765-4e53-bd67-f707dbc5cff0,CUST00009049,300,High,2025-09-13 07:02:26.425830,v2.1.0
ad021666-8a04-4474-b983-3aa440aef86b,CUST00004984,610,Medium,2025-08-23 21:30:30.008823,v2.1.0
75af2244-dae8-43a1-814d-02153f716007,CUST00002404,300,High,2025-09-30 23:42:46.128462,v2.1.0
0af78bf5-1269-4f80-92f9-cfec7d139025,CUST00005950,495,High,2025-09-25 07:15:47.060873,v2.1.0
1653848f-05ee-402c-8ded-30c948dd8e64,CUST00000466,651,Medium,2026-03-29 13:21:56.322119,v2.1.0
9f586b20-f134-4722-92ea-8d34bf0dfc68,CUST00006739,594,Medium,2026-04-07 15:07:09.848035,v2.1.0
2492e7bc-ae5c-4fc3-97e0-a22306357109,CUST00002787,538,High,2026-04-10 12:41:00.983800,v2.1.0
9e613227-54d5-438d-84b8-2e12148c3624,CUST00008664,300,High,2025-10-22 19:09:14.296478,v2.1.0
2e4da029-8eab-4800-aa05-5a24c9968b35,CUST00003945,702,Low,2025-10-28 17:40:13.306621,v2.1.0
a3c0b0de-2558-49c4-99fd-c7853e31809d,CUST00001579,471,High,2025-10-12 16:11:52.515333,v2.1.0
b7f13be0-f412-42e6-aba7-129c558704a6,CUST00007756,642,Medium,2025-08-05 00:59:56.572209,v2.1.0
f16ab9ed-5f08-475c-a3b4-b3da724616f1,CUST00001717,300,High,2026-02-11 17:54:12.879338,v2.1.0
bbf2c61a-c88d-478f-a51e-5161f38b36c7,CUST00009544,553,High,2026-05-20 15:52:10.887825,v2.1.0
9ac75b42-9b32-4b21-bd0b-162db8f23935,CUST00008378,491,High,2025-09-12 00:14:21.015802,v2.1.0
2edcaa1e-bb6d-49d4-b7e6-8e57d431c3a8,CUST00004379,679,Low,2025-11-26 16:50:47.008334,v2.1.0
af350e03-c688-455e-9226-8e4fe8d63c1a,CUST00006052,560,High,2025-12-21 02:11:52.311142,v2.1.0
a4d0b218-f8da-462e-b468-8e7e7bf431ca,CUST00008601,302,High,2025-11-02 11:51:23.199972,v2.1.0
174a8211-dc66-4ec7-8f8e-c81ed08b6621,CUST00006717,456,High,2026-03-16 17:01:01.498854,v2.1.0
79551dc6-7038-4aac-ac67-f5b96d7d2307,CUST00009726,300,High,2026-02-22 03:15:06.960631,v2.1.0
f9fdc8f1-e526-41ac-9214-089e1097f392,CUST00004692,436,High,2025-09-28 20:12:28.973466,v2.1.0
d077e06a-d043-4732-bfa0-b0da792b1e94,CUST00008149,744,Very Low,2025-07-27 07:29:58.461311,v2.1.0
c838b85c-f044-4a6d-a637-9d1314c3c2ee,CUST00003190,374,High,2025-09-18 07:22:50.373533,v2.1.0
390372d2-c269-45ac-897a-16889620c684,CUST00002459,604,Medium,2025-11-01 11:51:21.395790,v2.1.0
efadb6ce-a484-45c6-9c81-42937e15a061,CUST00001999,407,High,2025-08-16 20:08:19.709729,v2.1.0
da0bb590-4a57-47a1-aa4d-8b6bed80378d,CUST00004452,612,Medium,2026-05-22 02:11:01.924131,v2.1.0
32411578-aae3-4457-a8c2-cec04a34d203,CUST00004080,411,High,2025-11-07 12:51:30.842217,v2.1.0
2ba073cc-b8b3-446e-a3e6-afbc6253198d,CUST00004809,440,High,2025-12-10 02:00:36.185491,v2.1.0
163e36e5-7fea-4fea-9c8c-1f70fb45271c,CUST00006126,300,High,2026-01-12 13:12:42.978533,v2.1.0
c0b76e8a-316d-4dd9-980f-54657733b68f,CUST00008356,300,High,2026-03-16 08:25:30.493045,v2.1.0
1c7277c5-e1f8-4837-99d7-6b209d9ed58a,CUST00001371,588,Medium,2025-08-20 04:47:26.384731,v2.1.0
a92a857b-fd53-4f3c-abf7-c6b30dd0cbd1,CUST00002236,407,High,2026-02-01 15:35:05.454814,v2.1.0
f2db3e1a-6f2a-40f4-bb7a-c0a553779fdd,CUST00007788,300,High,2025-09-23 10:31:51.868003,v2.1.0
54f588d4-8b81-42e8-b2a8-bc98d92905e0,CUST00005737,546,High,2026-06-06 07:55:23.135026,v2.1.0
01f6f1b4-bf80-4b70-a76a-2e56b832b413,CUST00002143,493,High,2025-11-29 19:59:34.818218,v2.1.0
ca97377f-844c-4a00-8f72-9eacdd911eac,CUST00007362,515,High,2025-12-27 17:27:56.535789,v2.1.0
b02379f7-cda9-43da-8466-49cb1d0d27a6,CUST00001610,720,Low,2025-10-22 01:53:45.310477,v2.1.0
d6bc68b6-6696-4648-802a-65c22d5289a5,CUST00005868,563,High,2026-01-03 18:29:35.147072,v2.1.0
f8744ad7-09da-4824-8f3d-e6c1028c602b,CUST00002841,300,High,2025-10-08 13:05:31.910918,v2.1.0
dd401744-d9cd-44e6-9fb2-bf49b567c566,CUST00005214,493,High,2025-10-24 00:03:23.921348,v2.1.0
43aae82e-30af-4ffa-8501-68d494847f47,CUST00003773,504,High,2025-08-09 10:13:21.315570,v2.1.0
5b15e054-18a8-4e37-934b-aa1e0e2550e7,CUST00009312,751,Very Low,2026-04-18 15:49:09.789654,v2.1.0
29ae30f4-ba92-40f8-9072-57ccbc4ab96e,CUST00001224,337,High,2026-03-18 16:46:29.953236,v2.1.0
0f2e95e9-4a20-4270-b8df-bd912df00c16,CUST00001862,445,High,2025-08-18 05:11:47.013002,v2.1.0
71c8ff8e-72b5-4e68-a1be-6ef223819b18,CUST00006264,300,High,2025-11-20 11:29:58.024307,v2.1.0
edb75f92-7201-4799-85f2-dcf369a822ab,CUST00007692,544,High,2026-01-31 16:07:07.339994,v2.1.0
d0ca12b5-5a30-47f4-a796-8d74fbae7f5f,CUST00006217,306,High,2026-07-07 10:52:42.370325,v2.1.0
c7c6ae4b-021b-46b2-a5a6-c15bf2d8ff57,CUST00007248,300,High,2026-02-18 07:18:25.651994,v2.1.0
7d196563-9424-4b5c-b84d-760c1fd5f8be,CUST00004935,410,High,2026-02-05 02:38:53.201722,v2.1.0
35880453-cfc8-47b5-9b00-b10739344d52,CUST00004168,300,High,2026-05-21 00:07:58.210588,v2.1.0
6dbe7b78-6407-4fad-b1c3-8093e96e66e4,CUST00009413,597,Medium,2026-05-12 19:51:01.306530,v2.1.0
05cf6977-c3df-4d9e-8d9e-97221609bacb,CUST00006968,656,Medium,2025-12-17 19:32:05.869839,v2.1.0
7e379202-071c-4b5d-9dd4-f407e03cc555,CUST00004623,318,High,2026-01-29 12:05:50.923014,v2.1.0
28b56605-2add-4899-90a4-37a0394d20c9,CUST00008976,481,High,2026-05-30 12:53:29.530487,v2.1.0
4da7493c-107d-4efd-a53a-11407d47e734,CUST00006525,599,Medium,2026-01-07 08:06:11.862325,v2.1.0
64008275-5341-40f8-a5ef-e7d85f93ea5c,CUST00007252,553,High,2026-06-04 22:16:22.400590,v2.1.0
6afd9dab-098d-43c8-b2c8-9226bccbf006,CUST00009701,572,High,2026-01-07 20:42:27.070846,v2.1.0
5721721c-9898-407f-8d86-e58797f4849a,CUST00001745,300,High,2025-08-15 18:00:27.661588,v2.1.0
77ae8635-bb97-4dd1-bbf7-fb6c82e8d25c,CUST00007322,521,High,2026-06-12 15:26:05.809479,v2.1.0
05a44ab2-d59e-4f20-8683-2e80f7f052e3,CUST00000400,346,High,2026-04-04 19:20:20.370752,v2.1.0
9bb7a61e-8aac-4f04-b71b-4824a8b26ef5,CUST00006563,547,High,2026-01-17 07:12:27.543961,v2.1.0
92bfade5-6d47-42ce-b8e4-9ff0667604ac,CUST00008773,673,Low,2026-06-11 19:04:46.654723,v2.1.0
68a425fa-8cf3-4a0a-bdf6-e9f1a5f616ab,CUST00000026,362,High,2026-05-06 06:27:43.957006,v2.1.0
8b1e69ec-91ac-40bd-be1c-0d48a9483202,CUST00009643,431,High,2026-03-22 09:00:53.514913,v2.1.0
3b5efc54-0834-44b2-95db-55070f3b5d07,CUST00001970,300,High,2026-03-01 11:04:18.917419,v2.1.0
863256ae-ef47-498a-af16-147cde8c5a29,CUST00006561,681,Low,2025-08-30 20:16:07.367242,v2.1.0
57e3dbd3-c646-481b-aa06-24d90b809de1,CUST00009995,510,High,2026-04-20 11:14:29.663875,v2.1.0
22b29d69-4482-45ad-b15c-960dc56b3c25,CUST00000372,769,Very Low,2025-09-19 01:19:20.104806,v2.1.0
91852028-e4fa-4e26-a65a-03d8b4a21491,CUST00009800,489,High,2026-07-12 10:38:24.795142,v2.1.0
bdcf5c93-7671-454b-b146-78b06dca5b04,CUST00007950,670,Low,2026-07-07 23:40:14.414177,v2.1.0
c23622d7-a38e-4ecc-bd5b-2fdfa5b4bf92,CUST00000256,484,High,2026-05-09 04:40:45.549045,v2.1.0
c52156e4-66bd-4008-8ee3-39c3d68f889b,CUST00003002,605,Medium,2025-09-02 00:01:22.245933,v2.1.0
e6a39ba2-c4d7-4fe2-8698-48f672584116,CUST00002036,610,Medium,2025-12-19 13:06:33.926729,v2.1.0
9783561d-f671-457d-8d72-af2685994b7a,CUST00002395,467,High,2026-07-13 20:55:53.045081,v2.1.0
7be606f4-8aa1-47c1-a9ac-7391e8301110,CUST00009027,509,High,2025-12-23 22:27:33.705452,v2.1.0
93e1a4ea-83f4-4831-a411-9a16b7ae0c21,CUST00005122,335,High,2026-07-17 03:43:45.710382,v2.1.0
528d6ccb-cca3-423c-ab53-a855741e250b,CUST00000800,300,High,2026-03-04 00:01:15.991698,v2.1.0
1fbeb8d1-9482-44d7-be49-d370c1119b1a,CUST00008943,536,High,2026-05-18 13:29:53.696515,v2.1.0
f44b3e54-016b-4015-87b5-45e894fad485,CUST00004750,300,High,2025-10-20 02:28:35.780135,v2.1.0
60bb8f4d-b408-4f08-904c-5b0b7812de80,CUST00005208,300,High,2026-06-15 13:48:00.703848,v2.1.0
e2666336-c1c1-4a15-a855-a125e3513287,CUST00006002,724,Low,2026-06-16 19:20:09.584789,v2.1.0
3769372b-98e1-4144-8e1f-416d6f707647,CUST00000676,545,High,2025-08-11 09:19:02.511199,v2.1.0
a9d9f210-02fd-4cc3-bd2d-011aa3db3428,CUST00005964,588,Medium,2025-12-06 15:53:26.513510,v2.1.0
56417ff3-5352-47c2-92eb-dac791035e16,CUST00009445,421,High,2025-12-10 01:01:30.655206,v2.1.0
0f36df14-9cd8-4c36-9fb0-40f196256faf,CUST00004943,588,Medium,2025-11-14 00:39:21.499576,v2.1.0
baad02fa-6956-4523-ae6c-b4a3ad87ee7e,CUST00008604,348,High,2025-10-26 19:01:00.356797,v2.1.0
7f930846-a217-4d18-92f1-4c143856778e,CUST00003571,546,High,2026-01-01 06:00:09.211190,v2.1.0
6729cad2-6c02-48ef-b0ba-24246dceb441,CUST00003490,515,High,2026-06-01 22:30:07.962593,v2.1.0
3012b043-30fb-4287-b76f-dd31b81260be,CUST00008986,349,High,2026-05-01 04:37:14.860119,v2.1.0
84f2c24c-0f6e-48fa-a183-eb24d3a3b8ac,CUST00005738,555,High,2026-03-02 11:28:58.565184,v2.1.0
4422ffa4-3c65-4393-a04b-c8dce202f740,CUST00007292,732,Low,2026-01-24 18:33:35.407394,v2.1.0
f5e76c9d-b069-4e33-bdec-c1a6e1bbaba8,CUST00008030,300,High,2025-12-18 03:57:55.853873,v2.1.0
98b9b751-f520-47ff-b118-9dab520aaff7,CUST00001622,300,High,2025-12-16 06:48:33.365159,v2.1.0
28215628-4a4b-4bac-a9d4-7718dc97e389,CUST00006221,372,High,2025-09-10 00:59:24.111265,v2.1.0
29e224d2-a65d-45b5-a696-75599f2423eb,CUST00009906,669,Medium,2026-02-17 15:35:46.229350,v2.1.0
cf804a72-5fe6-465d-a7bc-965946d38f96,CUST00006435,513,High,2026-04-20 21:39:39.016994,v2.1.0
71f95e80-81e1-45f7-bfa8-b61856d1f739,CUST00003641,720,Low,2026-06-26 02:39:10.508642,v2.1.0
554fff8e-6393-4da2-b8f0-8d4e7977ebf7,CUST00001219,300,High,2026-06-20 17:36:17.977386,v2.1.0
a3738fb6-1e35-44ef-aea5-3b2681d6ca91,CUST00005638,474,High,2026-02-08 10:15:26.849313,v2.1.0
9fe48b7b-e8dd-47f0-bcb7-619f1dd0184e,CUST00009626,850,Very Low,2025-08-23 19:09:52.742766,v2.1.0
67b82f2f-b51c-46ae-a6e9-f07880454549,CUST00006840,399,High,2025-10-30 09:43:40.666707,v2.1.0
87455d84-010d-4d63-93c3-b12f22d94e0f,CUST00005601,534,High,2026-01-29 13:08:28.357283,v2.1.0
4783a42d-04de-47a3-bec4-ba1053542ebc,CUST00003185,425,High,2025-11-20 12:10:52.886906,v2.1.0
01bbbc21-bf8f-4a02-ab71-f29d819b6ae0,CUST00005784,585,Medium,2025-12-14 23:40:12.432082,v2.1.0
2d8e85fc-fda4-4beb-99bb-2fb1b11606b2,CUST00006687,355,High,2025-12-04 19:34:25.750104,v2.1.0
6e21d272-258c-44df-9ca2-1954843e6e42,CUST00008716,300,High,2026-01-11 06:25:35.095795,v2.1.0
849fe8a9-7003-4da9-9994-6c31a812b5a2,CUST00007516,438,High,2026-02-25 07:55:21.863155,v2.1.0
7626b099-5851-486b-89b3-1fb48649f52c,CUST00004651,435,High,2025-07-31 14:19:18.272959,v2.1.0
cecdd161-a97f-4453-80c7-5db8f6b9fc15,CUST00000586,440,High,2025-10-26 12:07:15.370857,v2.1.0
77fa346c-2e42-4f40-9030-4708b805829f,CUST00003940,472,High,2025-09-08 10:53:04.749861,v2.1.0
387f1887-70ce-483b-81a0-473f444dfa02,CUST00009315,386,High,2026-02-25 05:13:57.483760,v2.1.0
72c28809-6ecc-47f0-aae0-ebbd0d460a70,CUST00008150,589,Medium,2026-03-28 06:22:29.039623,v2.1.0
efccb363-783d-4cc7-9e79-1751f79af658,CUST00007134,300,High,2025-08-01 01:51:54.138939,v2.1.0
493e2571-17d4-4d9d-8d87-5a8649e62461,CUST00007356,528,High,2026-06-07 19:42:02.620900,v2.1.0
f32667d4-0aab-4724-b756-f0174d4908b6,CUST00003271,612,Medium,2025-11-15 23:42:15.033510,v2.1.0
1dc6daca-892c-4f47-b4ca-86b82a13a17e,CUST00005468,359,High,2025-10-12 16:28:11.057183,v2.1.0
178c75d7-1e31-462b-adad-4c57706e2512,CUST00003107,300,High,2026-04-16 06:58:14.186711,v2.1.0
44301b17-c4a0-4825-ba8a-9f4b58409005,CUST00002748,476,High,2026-06-19 05:43:30.455134,v2.1.0
4cb45939-a70a-4e26-a641-12faedcc2b83,CUST00008615,693,Low,2026-06-10 13:04:05.879070,v2.1.0
306e9aca-a053-4a03-a4a2-4bc2cb2a2363,CUST00009256,558,High,2025-07-25 07:15:47.923855,v2.1.0
44fee162-617e-4738-9f81-e809cc60e250,CUST00008762,347,High,2026-05-12 10:54:55.854974,v2.1.0
86689ce8-7498-4746-b007-3128e1f23687,CUST00000883,850,Very Low,2025-11-05 14:24:49.159454,v2.1.0
b6ec8172-ad56-4d12-b1a9-39fbba00ccbe,CUST00003518,645,Medium,2025-10-28 07:21:29.323031,v2.1.0
883b9dac-d81f-4b43-8156-3c701434cbc5,CUST00004313,300,High,2026-01-13 11:19:21.728508,v2.1.0
78f0a8c6-936a-48ba-9265-a65367a27208,CUST00003873,364,High,2026-03-29 04:28:42.237137,v2.1.0
287baf1e-d0fe-4ed4-a1c8-57f9222ea8b2,CUST00008159,421,High,2025-08-22 18:51:24.255446,v2.1.0
93cd61bd-939d-4082-a2df-ea8d80b01303,CUST00005675,578,High,2026-05-31 06:28:32.702449,v2.1.0
24d1e9f6-2499-4637-8b1d-77d868c74d90,CUST00006045,474,High,2025-09-04 23:53:52.407423,v2.1.0
d6aeb89e-32cb-4755-ae26-845f50e1540c,CUST00001583,510,High,2026-07-08 17:40:49.188279,v2.1.0
5959ebb0-b178-45f8-b6d5-e32b6caf2b51,CUST00003301,432,High,2025-12-26 18:06:28.643698,v2.1.0
1766fc43-0a1c-4001-8962-c2bb252f1656,CUST00002665,734,Low,2026-05-15 12:52:32.863614,v2.1.0
3946f839-4ff3-4b5d-9e89-f975e1da56a9,CUST00008614,567,High,2025-10-24 07:34:39.213819,v2.1.0
fc58a9b6-9062-4ba2-afe9-56ffab366b9f,CUST00009007,351,High,2025-12-17 03:14:10.940199,v2.1.0
928a5c85-da97-40b5-b772-bcb2dbffead1,CUST00000566,628,Medium,2026-03-10 16:41:06.757752,v2.1.0
4760543b-a100-4b25-b88c-5f4c42e7d09e,CUST00009373,577,High,2025-09-24 13:18:20.982476,v2.1.0
f8c653f3-4714-4d27-8937-36a83499e5a2,CUST00005862,412,High,2025-10-03 02:54:18.267863,v2.1.0
40479e97-b507-4a81-a7e7-529018d28408,CUST00005347,667,Medium,2026-05-14 20:37:29.908859,v2.1.0
fe19d56d-f69f-4abf-ae8c-068ddf67a8f8,CUST00004652,572,High,2026-04-14 12:51:03.410092,v2.1.0
7ca0fc09-3060-4fd5-a3c3-da2278e1a6a0,CUST00003136,456,High,2026-04-21 07:26:33.411225,v2.1.0
f8629bf5-01f2-4495-ac82-304c3ff6edc9,CUST00008701,532,High,2026-05-30 15:28:37.405765,v2.1.0
2a2a9b54-0fe4-4549-9be8-a7bca4f958a1,CUST00007394,642,Medium,2026-05-13 18:44:53.103327,v2.1.0
2ef64557-5dac-47e4-8e4d-0705c0077219,CUST00004191,337,High,2026-01-22 02:38:13.974048,v2.1.0
6ff8275f-e945-4886-abd3-1d451b98f1eb,CUST00006303,515,High,2025-09-13 23:25:15.403634,v2.1.0
09d90578-3dda-41b5-9c2d-30dc0c4b7f1b,CUST00005446,478,High,2025-11-08 13:08:13.318421,v2.1.0
25406e67-9118-4005-a531-ec819b964aa7,CUST00008141,301,High,2026-01-19 00:21:08.706687,v2.1.0
b5c3e35c-9ce5-4492-8dc3-dde9852a4901,CUST00001310,737,Low,2025-09-05 10:58:49.590283,v2.1.0
01fbcd2d-eeb6-4c5a-8113-6c9a9e2c8125,CUST00003603,486,High,2026-05-24 20:09:26.333563,v2.1.0
eb3dbff7-9f97-4531-8f6c-1c616976ae55,CUST00003662,511,High,2026-06-04 01:55:30.441739,v2.1.0
a03b6ccb-01ae-416b-9a6d-2a402eaa615a,CUST00006031,470,High,2025-07-28 11:39:33.421353,v2.1.0
447d26b1-3ecb-4d90-adfb-dac2418c6b8d,CUST00003893,380,High,2025-09-26 07:37:29.202114,v2.1.0
63165497-c1a3-414b-91ad-eef29cad44dc,CUST00002096,592,Medium,2026-05-18 03:10:14.004594,v2.1.0
0ef2d6c4-7054-4fcb-9966-79923e5e0cf6,CUST00001613,634,Medium,2026-05-19 14:38:36.053455,v2.1.0
cf2286b5-a791-442c-8097-47de8701c246,CUST00002591,423,High,2025-10-17 00:52:42.311181,v2.1.0
c82ee14a-6ae1-4f16-bcb4-73fd7e6593a8,CUST00009316,486,High,2025-12-31 15:01:34.086113,v2.1.0
2ca9b723-ca68-4805-8e8f-87b6f88f9de3,CUST00002490,607,Medium,2026-06-18 05:08:48.094995,v2.1.0
db809c6f-b0cc-4a19-bb82-865d6f7656f8,CUST00007622,528,High,2026-04-01 06:33:31.385947,v2.1.0
7ac551e2-858a-4c0a-85d7-17acfcae26c1,CUST00001714,300,High,2025-10-25 23:31:39.589296,v2.1.0
56036594-899a-4bcf-845c-be0d1b61b602,CUST00002822,300,High,2026-05-14 16:33:54.641172,v2.1.0
e08b9db2-11c1-4759-a5d2-cb2a86c0f8d4,CUST00007426,570,High,2026-01-18 09:43:23.660529,v2.1.0
67f10481-ca57-4dcd-aea5-f5726b08b1ca,CUST00007053,300,High,2026-03-06 23:45:23.596817,v2.1.0
57d4830b-a433-40f7-bc64-a41069cf6c27,CUST00001019,519,High,2025-09-01 03:44:47.105579,v2.1.0
189b679a-ad45-4078-833e-e0ce35014875,CUST00001390,621,Medium,2025-07-29 01:48:58.593316,v2.1.0
2a919319-89d0-4afa-bb49-eaee73db52f8,CUST00007072,442,High,2025-11-30 22:51:39.262545,v2.1.0
f0da8c06-c0c4-4d61-a777-3081cf18793b,CUST00007994,850,Very Low,2026-02-19 21:09:00.851061,v2.1.0
009fe79e-68ef-419a-8d0d-57d9f422929d,CUST00009696,622,Medium,2025-09-20 18:33:45.754634,v2.1.0
dd168dee-159c-4ae4-8081-23a59b7625d8,CUST00008456,404,High,2026-05-31 20:19:55.912507,v2.1.0
6fb9dc47-58e8-4a9e-b981-044dcf92143a,CUST00009761,452,High,2026-02-17 06:21:29.063081,v2.1.0
bcd1add9-e769-4659-ac5b-2da55a0c95b5,CUST00004654,470,High,2025-11-22 15:49:04.879586,v2.1.0
a0422b39-3935-466b-9513-d4eb4142b704,CUST00001064,447,High,2025-09-15 15:13:39.965746,v2.1.0
edb7fc13-16f3-4b32-b7c4-07bb9418e087,CUST00006571,738,Low,2026-06-09 14:48:29.383425,v2.1.0
b063faff-3678-4de7-8203-7ba3729799e3,CUST00001488,397,High,2026-04-17 11:07:12.795202,v2.1.0
1d56a550-a132-4307-bc7a-e1d28e5e0780,CUST00003266,478,High,2026-03-26 12:12:18.559005,v2.1.0
66e12f53-08d9-4281-aa83-5012bafed602,CUST00006925,649,Medium,2025-10-30 00:45:23.053836,v2.1.0
6967d449-a700-4bc1-ae9f-f218700d8346,CUST00004536,504,High,2025-12-06 02:26:54.818236,v2.1.0
c6f7e67c-1766-4d62-9c41-34ffbd2cd1b1,CUST00008185,769,Very Low,2025-09-15 09:54:49.990921,v2.1.0
1bcec6c6-dfc9-46b9-9d84-b5cde80d542b,CUST00003526,659,Medium,2026-02-11 22:11:00.555490,v2.1.0
ebaf0530-cc98-4f25-82c4-36e63b698a29,CUST00007337,741,Very Low,2026-07-05 08:08:34.255347,v2.1.0
469a9e6d-369c-410a-9a5b-3e3e0b25843e,CUST00003550,759,Very Low,2026-05-26 23:08:15.464637,v2.1.0
51e28d1d-f78b-465c-bcd7-cead1d2ca9d4,CUST00005750,516,High,2026-03-11 08:41:00.336026,v2.1.0
1d26efe1-1d83-4ef0-bf78-10f0219d0496,CUST00003888,301,High,2026-03-22 10:25:13.969348,v2.1.0
d86b3fcb-ff33-4d1a-b190-98ec6f506e70,CUST00006455,502,High,2025-10-24 04:37:43.472926,v2.1.0
1993c174-efb2-4bd8-a75b-68469342145f,CUST00006768,418,High,2025-12-14 11:32:54.489910,v2.1.0
937795bc-e318-4928-9d9b-1023836beba4,CUST00008852,395,High,2025-07-25 05:40:50.951790,v2.1.0
f2db8b06-4557-4cc7-821d-1f1eb10ec8ba,CUST00006533,458,High,2026-04-28 21:51:40.732906,v2.1.0
6cd4f553-bc7b-4f29-996f-9a7482c4e21c,CUST00003731,389,High,2026-04-24 06:15:53.951293,v2.1.0
0a335058-0696-48f7-8338-0c9edf3daef2,CUST00002660,300,High,2025-07-21 03:54:15.397344,v2.1.0
0768d376-b6d7-40c2-a891-f8c3cb780158,CUST00004822,714,Low,2026-06-15 20:01:56.038543,v2.1.0
b80c6801-7f1e-438d-a7f3-b82e79f5c25e,CUST00004158,687,Low,2026-03-11 08:36:37.229011,v2.1.0
21cf792a-53f1-4e0b-8401-45b3fc3560ce,CUST00003913,745,Very Low,2026-02-22 11:22:21.830281,v2.1.0
66435e3d-eb5e-4023-ae32-2c0625951e85,CUST00002104,460,High,2025-07-21 00:05:51.602140,v2.1.0
6b82f032-7a2c-46f6-966f-02ff87122741,CUST00001715,475,High,2025-10-18 02:18:02.526942,v2.1.0
9cc2d45f-2c03-4538-83d5-3d172af7a276,CUST00000839,381,High,2026-05-07 23:05:36.764512,v2.1.0
5d282de4-c376-4754-bcfa-93753b10175c,CUST00001567,355,High,2025-11-06 11:29:35.060561,v2.1.0
43ec2c94-8b75-4588-ada6-bcf4f03cdc56,CUST00000138,440,High,2026-07-06 02:36:39.064923,v2.1.0
75b89b9c-8548-4700-9c38-f49714e93952,CUST00008677,424,High,2026-03-09 16:00:50.319942,v2.1.0
fc028026-52fa-4372-bea5-4516ee8f6f6c,CUST00001654,413,High,2025-12-19 16:53:43.323420,v2.1.0
8cd94abd-a970-4b5a-8abf-0cf29502c41e,CUST00005927,687,Low,2025-12-02 10:00:00.457797,v2.1.0
11bfe5bf-a0d9-483c-82f7-85e6c26e9e65,CUST00004865,681,Low,2025-11-22 06:36:28.142200,v2.1.0
dd4dcc86-3c96-4731-a941-45ced0dd3ece,CUST00008281,674,Low,2025-10-17 22:52:00.741023,v2.1.0
24ae1f36-a406-4784-9002-14747dab3a22,CUST00007219,490,High,2026-01-04 08:52:10.066770,v2.1.0
d46a8a9e-2cdb-4845-94a2-b578561ad3d6,CUST00006680,677,Low,2026-03-22 06:02:44.327329,v2.1.0
012a8982-2326-4a22-af2e-9189d73c0dd1,CUST00002729,541,High,2026-05-14 23:37:02.975093,v2.1.0
fc178cd9-2ad2-4590-9438-5d15f548bf39,CUST00008171,786,Very Low,2025-12-09 23:15:01.855630,v2.1.0
fba779ad-edf0-4581-8915-3bc2fe7c1d9a,CUST00009574,629,Medium,2025-08-24 06:45:00.022985,v2.1.0
386d4f3a-937f-4f76-b31f-ef9871fd3128,CUST00002989,680,Low,2026-01-20 17:42:47.342526,v2.1.0
ac014c6c-c233-4140-9934-1b3b2e24a9a9,CUST00001830,504,High,2026-03-16 19:57:20.153532,v2.1.0
6a13296f-0b8c-40a9-a851-4aabde35e93e,CUST00008273,518,High,2026-05-21 21:55:52.985894,v2.1.0
3665b09f-5058-42ff-b13d-5d8e7b36966a,CUST00000324,353,High,2025-12-01 14:18:53.839417,v2.1.0
93e7006e-6c6f-4162-ac09-9c5925914c7a,CUST00003204,400,High,2026-03-11 08:21:08.384559,v2.1.0
cf4c1499-da24-4643-87ef-ad5987aca094,CUST00006884,481,High,2026-02-25 08:41:37.362834,v2.1.0
5a12d836-77ef-4948-bc0d-e33b8bf74408,CUST00009711,350,High,2025-11-03 22:16:30.007131,v2.1.0
f3485280-a724-44cb-865d-e7a85db22c18,CUST00000492,425,High,2025-08-26 09:31:30.132101,v2.1.0
72c5863a-0f33-4709-a6e4-9dd464ade274,CUST00002945,435,High,2025-08-10 05:29:13.056849,v2.1.0
597346d2-b154-4a0a-ae8f-8e616abc0cb0,CUST00005157,576,High,2026-07-13 21:38:30.071142,v2.1.0
e00dc540-d9bc-4016-99ae-9df76dd3ed43,CUST00008624,364,High,2026-03-08 21:12:23.270349,v2.1.0
f61b8a9e-5216-4b65-851c-2099ecce683f,CUST00006091,416,High,2026-05-28 13:32:06.995365,v2.1.0
ca63c672-e6f2-4439-bdc1-d91a5acc17c1,CUST00001508,484,High,2025-10-21 07:03:28.030653,v2.1.0
75a2db86-0769-40df-9ba8-beaab5aea07c,CUST00002990,475,High,2026-04-03 15:11:02.546962,v2.1.0
e8c8b905-5801-4892-bcbf-525bd15fd9f3,CUST00007419,384,High,2026-06-08 20:14:28.346735,v2.1.0
df13796a-6b38-4185-b4c3-622aa8fbff39,CUST00000648,547,High,2025-11-04 01:02:16.237974,v2.1.0
9b12b812-f700-438a-9580-59a668af2426,CUST00003785,711,Low,2025-09-10 16:09:03.223714,v2.1.0
1017b6b8-7280-49dc-9530-92901156944e,CUST00002615,302,High,2026-04-23 11:52:17.186459,v2.1.0
c528f804-8559-4eeb-8da5-3883a9b3656e,CUST00008399,510,High,2026-06-11 12:20:50.553654,v2.1.0
2905c30a-0b87-4166-a3ab-10216fdc4eb8,CUST00003954,672,Low,2026-05-08 02:06:40.279373,v2.1.0
6b7f152a-dcfc-4c4b-a018-cd1b81941b3b,CUST00002513,300,High,2026-05-06 23:14:04.859669,v2.1.0
9adc7f99-b20d-42ec-bf2a-82f13f8d6586,CUST00007997,479,High,2026-02-22 01:39:16.475459,v2.1.0
a74cc656-4ad5-4748-ba60-8621bf44add8,CUST00007946,776,Very Low,2026-03-16 03:57:25.044400,v2.1.0
3361597a-cba3-4b68-8161-4f14485580c3,CUST00003501,300,High,2026-03-23 13:14:53.495456,v2.1.0
43af360f-07a0-4967-bc6f-94b35bd7bbc8,CUST00006729,643,Medium,2026-04-07 08:30:07.447666,v2.1.0
87c2534d-8f45-4606-b945-52b0883dad6d,CUST00008778,656,Medium,2026-03-14 06:59:26.776333,v2.1.0
dddbc706-22ba-45d5-b2e8-c2fa71ef2253,CUST00005232,770,Very Low,2026-07-17 05:28:53.043550,v2.1.0
c14a16b4-1fae-491f-9d42-5e1d54002bee,CUST00000922,578,High,2025-10-20 15:58:30.399436,v2.1.0
50aef3f7-a537-4162-b4c7-c9d7627bc09e,CUST00007521,467,High,2025-12-17 18:57:10.854328,v2.1.0
d695e897-8ad0-476d-802a-cb2fa51451da,CUST00005616,522,High,2025-12-06 17:25:53.177590,v2.1.0
7351488d-8cde-4ab7-b55d-b15049f87df4,CUST00007188,464,High,2025-07-30 19:30:16.511090,v2.1.0
0f66dc72-ffa2-4247-90e3-d00fca13cb47,CUST00003196,571,High,2026-04-02 12:40:09.220819,v2.1.0
e9fa2997-a7e9-4f2d-80d0-4c0f4dd0d0fc,CUST00004325,470,High,2026-02-11 20:17:36.071698,v2.1.0
3d77c50b-a3e3-4584-92fc-32be47189df3,CUST00000389,549,High,2025-09-25 06:39:26.579499,v2.1.0
c481b464-0683-4899-9b2d-947532914ff6,CUST00007032,684,Low,2026-04-09 06:40:06.646096,v2.1.0
ebd5a3d6-6b62-4b1d-b5cb-02da6acc15a3,CUST00008047,574,High,2025-10-07 03:05:20.608426,v2.1.0
f16e6a76-cb5f-4355-9669-5396d3df4bf5,CUST00003768,639,Medium,2026-01-29 04:23:22.755764,v2.1.0
98b2d4da-c502-4ca7-8575-50bcd4148df2,CUST00005609,738,Low,2026-04-30 14:07:33.161157,v2.1.0
49f18e92-2ebb-45e6-8bd0-e0c9899496e4,CUST00006837,382,High,2026-06-14 00:18:01.611226,v2.1.0
8814263c-1c26-45d3-9c69-f429b9932a53,CUST00000912,464,High,2026-03-20 07:20:40.122668,v2.1.0
6f76b5e7-526c-45b9-8adf-7fa72055854f,CUST00005699,763,Very Low,2026-01-19 04:54:24.967263,v2.1.0
7297ecba-5db5-4307-a581-1b342a8a4456,CUST00006636,609,Medium,2026-05-22 16:38:55.899946,v2.1.0
3db9f3ce-9ea3-4ead-a1ca-a3fca6e93792,CUST00001198,373,High,2026-05-20 22:44:37.356763,v2.1.0
9391f585-17c0-4184-876d-200fb884cd15,CUST00001331,628,Medium,2026-06-03 01:02:58.514861,v2.1.0
6a1dba7a-d04a-4a3c-840e-ace4707671e2,CUST00002106,300,High,2025-09-22 01:42:00.444854,v2.1.0
8d9143b1-b420-42b5-890e-0946d4e296e5,CUST00004189,578,High,2025-08-22 13:28:18.117529,v2.1.0
f1a9cd12-bd48-4608-b6fb-fd4226cfc21c,CUST00000388,300,High,2025-09-02 15:26:03.439136,v2.1.0
bc4fd582-1705-48cd-af7a-83eaa8533763,CUST00009146,476,High,2025-10-20 09:11:12.164040,v2.1.0
737045be-200c-494a-98c5-6eb2c52df0e1,CUST00001135,633,Medium,2026-05-09 03:39:18.075747,v2.1.0
2cfa6102-0dda-4b4c-85fa-fe229ba037b8,CUST00002545,720,Low,2026-04-22 13:27:52.805093,v2.1.0
b2253919-757d-4855-bb16-51bbaaf3421d,CUST00007046,459,High,2025-09-22 18:38:23.812200,v2.1.0
25897711-65ce-4d7f-8236-19bcf9d9f9b1,CUST00000933,446,High,2026-03-23 04:06:07.793617,v2.1.0
66bd5982-f0c7-4838-8271-7e414f5ceec6,CUST00009404,657,Medium,2025-11-17 11:58:49.034394,v2.1.0
f988768d-8cb1-476d-96dd-9a0f9dd5d946,CUST00006258,313,High,2025-08-19 12:41:14.908314,v2.1.0
790ad90d-05a5-4f0f-be28-d0af18d9760c,CUST00009802,415,High,2025-11-24 16:14:08.336537,v2.1.0
a0cb2b84-c55f-48aa-8cff-d57b9b3bf205,CUST00004701,712,Low,2026-04-15 17:28:20.268850,v2.1.0
7d4903d7-eab8-4fda-b7ff-2f9bc75fbbc2,CUST00005821,766,Very Low,2025-11-07 01:44:32.836919,v2.1.0
dae1826d-74f1-4cd5-9e28-a4b32b33d3b1,CUST00006375,417,High,2026-05-01 18:07:05.858462,v2.1.0
27951344-5602-4406-9a0a-1540cf24937e,CUST00005476,668,Medium,2025-11-15 22:09:11.423663,v2.1.0
5556b5fe-9173-479f-9cb1-8b7203d88541,CUST00008050,441,High,2025-10-21 01:54:23.004060,v2.1.0
6c568e55-65f4-453e-97c7-4181fed6d9d7,CUST00005236,647,Medium,2025-11-02 07:29:17.616424,v2.1.0
d0ef2d64-fb7f-43e1-909c-21973a941f4b,CUST00002060,300,High,2026-05-24 19:26:35.949821,v2.1.0
2a7860e8-92d5-4dd7-863b-d671be0e3c37,CUST00006526,424,High,2026-01-05 18:31:02.244330,v2.1.0
2bbf0107-62c2-482c-ba80-d5cc4110826f,CUST00005650,543,High,2026-05-30 08:30:10.839538,v2.1.0
991d54b8-dc4d-4e6c-95e1-47f9b9e9bf06,CUST00002986,618,Medium,2026-02-16 01:22:54.211517,v2.1.0
7eb5656e-554b-415d-933e-e8a8030194bb,CUST00000737,399,High,2026-06-27 19:25:20.856631,v2.1.0
1b148a7e-c577-4c69-8834-451b59e8df79,CUST00001267,625,Medium,2025-08-12 22:10:00.224306,v2.1.0
a3153aa0-d734-494c-b404-5a5e7d16f0a1,CUST00001574,411,High,2026-06-07 18:24:07.413341,v2.1.0
144e35ab-0121-4905-bf55-56bde1e4295c,CUST00004057,501,High,2026-01-16 16:58:16.380839,v2.1.0
69652788-9dd9-4fec-8969-65a0aa24bfb0,CUST00006106,300,High,2026-05-30 18:11:01.625605,v2.1.0
664a9b95-23aa-45ce-8bbb-277a896da4f6,CUST00008475,668,Medium,2025-12-04 07:31:38.808731,v2.1.0
7b97063e-7db9-4ccf-a011-c1c2c5a3e7b2,CUST00008755,680,Low,2025-11-03 21:13:17.757299,v2.1.0
63b1ebc6-bf98-4d4c-98ef-dfe27ae5adc8,CUST00005565,665,Medium,2025-08-06 15:48:03.335207,v2.1.0
7ae5de37-4d86-40d2-80c8-a879ecdd30cc,CUST00000653,643,Medium,2026-05-25 21:58:02.915319,v2.1.0
1fdbf190-1289-4054-8c8a-79439e99dd65,CUST00007835,388,High,2025-09-06 02:01:03.219298,v2.1.0
d31a5c2e-c33e-4571-a22e-07a8b62e2ef9,CUST00007550,505,High,2025-09-29 01:39:30.637422,v2.1.0
bd307b7d-d841-465d-8e79-be66b139892b,CUST00005818,578,High,2025-12-14 08:47:03.081309,v2.1.0
d8a18373-b2c0-4c0c-9cc6-ef1f395b31a1,CUST00000862,668,Medium,2026-02-10 21:09:42.703131,v2.1.0
2b681c74-d75a-4da9-8bb2-f0104e0e5ec4,CUST00003637,300,High,2026-06-14 01:07:41.482283,v2.1.0
5718fd84-baac-4f3a-843c-a29c9e62b6a5,CUST00005499,356,High,2026-01-01 00:52:04.914265,v2.1.0
952c2b20-7648-4675-aed3-d8af13157bd0,CUST00007050,403,High,2025-11-10 11:14:53.247787,v2.1.0
48ed4607-9528-4a51-a878-73bc9b76086b,CUST00003277,499,High,2026-04-05 07:17:04.532992,v2.1.0
e582b1e6-0a92-4299-b292-05b787752307,CUST00005789,410,High,2026-04-28 09:55:05.095808,v2.1.0
a8f5cf02-a23c-4033-9aa3-922d6c41c4eb,CUST00006724,475,High,2026-01-11 23:55:24.027930,v2.1.0
f0901094-2446-422a-81d6-8109482c8cc1,CUST00004950,488,High,2026-03-05 09:23:18.601642,v2.1.0
daf8b676-4cfb-4120-9012-1773c58b00d4,CUST00009063,620,Medium,2025-09-20 11:54:20.698337,v2.1.0
b3ace459-900e-4ee0-9549-477383e3954f,CUST00001189,738,Low,2026-03-06 15:46:20.461823,v2.1.0
00d001c4-7df2-4aa5-85c5-36b1f605617f,CUST00005648,317,High,2025-07-19 15:13:26.720073,v2.1.0
d7b957d9-88e8-4b08-9f5d-f506290dce21,CUST00002147,458,High,2025-10-25 19:35:10.536137,v2.1.0
539c7ffb-25d0-4671-a56f-04df6c808d9f,CUST00008682,826,Very Low,2026-04-21 22:20:39.420275,v2.1.0
632c1b9e-a8ea-40f8-b125-f9f8c7e1172d,CUST00006073,438,High,2025-09-17 11:51:51.348567,v2.1.0
35da5c27-1286-4776-bd5b-18886e95d273,CUST00008838,590,Medium,2026-04-23 03:11:15.437845,v2.1.0
646a7951-8b0d-431a-846c-5dc9575fc98f,CUST00005764,512,High,2026-01-12 17:25:19.000659,v2.1.0
807e0ac4-6ef1-47a3-b019-5dfe5f1fa756,CUST00008587,334,High,2026-04-22 19:10:14.624088,v2.1.0
d63a5ae6-e3de-498b-bab5-ff1f48945a31,CUST00002013,315,High,2025-08-19 01:39:21.442089,v2.1.0
7fe61cc2-4fd0-4b51-8d02-18bb8717d62f,CUST00008337,584,Medium,2026-02-27 08:17:18.892296,v2.1.0
c15b4d3d-762b-44df-979f-128f6cc935bc,CUST00008108,743,Very Low,2026-03-06 06:54:23.081241,v2.1.0
7f489630-9ba5-48df-ad47-3e3d4cc83ddc,CUST00002126,545,High,2025-12-12 05:57:25.565039,v2.1.0
4a501140-e7f3-451b-ae60-334db48e1858,CUST00005374,491,High,2026-07-05 11:44:19.804434,v2.1.0
de6cffde-8d01-4f3e-bd44-9ef4c5e72ab8,CUST00003300,530,High,2025-12-04 21:57:59.072092,v2.1.0
8b1820cb-9336-44d6-a2cd-f98308adc001,CUST00003928,300,High,2025-07-31 16:35:51.915630,v2.1.0
ae8940cd-414c-467b-b494-939faeab9210,CUST00007563,518,High,2025-09-28 17:55:26.880643,v2.1.0
816ad987-8cdb-48eb-b6ab-057507ad7cf9,CUST00003954,545,High,2025-12-01 04:25:26.552300,v2.1.0
6eceaa09-e249-47bf-a54c-7364098409ea,CUST00001595,603,Medium,2025-07-23 01:18:11.919234,v2.1.0
3b2c81f5-0e14-411c-8bbd-0cdf97bc43b8,CUST00009061,311,High,2025-11-12 14:20:58.800576,v2.1.0
9d47e332-0f0c-48e1-9b77-bfb081d3bd53,CUST00002207,519,High,2026-05-18 05:47:21.058473,v2.1.0
58715793-3af2-4f5f-81b0-322ef689f363,CUST00006009,457,High,2025-09-25 12:27:22.923338,v2.1.0
2e30664c-1f81-4229-b229-475f9ab410d7,CUST00007781,303,High,2026-03-22 02:07:06.445395,v2.1.0
672369f8-cff9-4f16-ac94-eb6f3791480c,CUST00002835,429,High,2026-03-03 19:17:37.962741,v2.1.0
26ca9fd0-1b3c-453c-85d6-c190968d9f12,CUST00006415,494,High,2025-10-16 19:01:49.599290,v2.1.0
f58226e5-5330-49a7-b703-22f3902be90c,CUST00001785,739,Low,2026-03-28 05:10:41.355923,v2.1.0
d8fb6da7-bd4d-4ffb-b2ca-43f2887fc9df,CUST00003387,469,High,2025-11-20 16:23:38.911776,v2.1.0
b5003743-c2df-47ad-ab43-66a6749f4059,CUST00000290,410,High,2025-09-03 00:04:59.231385,v2.1.0
a7fd44a5-539b-4a52-9a5d-3a392a2c6cb9,CUST00006221,678,Low,2025-12-05 00:01:05.123516,v2.1.0
13b518c3-a579-466c-963c-cfb61b45516f,CUST00007079,443,High,2026-02-17 22:03:09.497458,v2.1.0
f7cbda6e-cfde-4755-8d3f-7005b2bbe8bb,CUST00008655,338,High,2025-09-16 21:57:55.956297,v2.1.0
4d5d0f7e-7d33-4182-955a-7bf2f379bafb,CUST00006853,489,High,2026-05-14 19:31:26.238264,v2.1.0
e0fa45cf-e7c3-4b63-b7b9-1c80c0c85b1f,CUST00005714,500,High,2025-11-03 19:52:33.788120,v2.1.0
f2a9d753-53d5-4a5e-91e9-c6b318ed6550,CUST00000042,639,Medium,2025-11-01 03:13:59.847595,v2.1.0
ef414b96-88a3-4be1-8f6c-6103cf906221,CUST00005090,519,High,2026-04-09 17:54:23.481902,v2.1.0
99dfb365-3e0d-4f70-b4bd-3d3fe5d49986,CUST00006146,300,High,2026-02-20 17:32:32.080091,v2.1.0
2ecfcc27-fee2-4244-9701-ed7358cf74b7,CUST00007018,640,Medium,2025-11-18 07:17:18.678189,v2.1.0
b3b10255-ac93-46bf-971b-61726b7b2d9b,CUST00002608,822,Very Low,2026-06-07 05:40:26.476218,v2.1.0
36586c92-7555-486e-98cf-9504927e17cf,CUST00009775,564,High,2026-07-16 11:58:44.032224,v2.1.0
880dcab6-b2f0-4643-9415-d9e239ade919,CUST00008537,731,Low,2025-11-20 02:13:13.726981,v2.1.0
694a47e0-d978-43e6-8d19-128a17e6e619,CUST00008149,317,High,2026-06-12 03:13:13.858476,v2.1.0
c8a972cf-7982-4457-bdd6-174bb564281c,CUST00000877,529,High,2025-11-26 03:00:49.378838,v2.1.0
8aa625d0-e0c6-452c-8671-5410e214ad2c,CUST00008151,630,Medium,2025-09-24 17:36:14.607021,v2.1.0
e631d849-937f-4b39-9da5-789de9fefce2,CUST00006514,668,Medium,2026-06-29 04:35:11.655661,v2.1.0
735bcdeb-2d86-4d74-8494-5ede3c843ac3,CUST00002206,553,High,2026-06-18 06:40:29.680581,v2.1.0
d117f70f-080e-480d-ae2d-a8044762cf96,CUST00005458,603,Medium,2025-12-12 05:56:27.630128,v2.1.0
ea17f9cd-fd1c-45e9-bdfc-979eab454a32,CUST00003612,525,High,2025-10-09 08:09:59.512137,v2.1.0
a4b6bf50-4e7f-43a4-8421-5cb335d1abf3,CUST00003572,406,High,2026-04-09 12:05:38.736927,v2.1.0
83d53a80-2415-4ad3-9e96-a820f205d272,CUST00000670,445,High,2025-09-03 20:01:30.048072,v2.1.0
e4f817eb-b270-4f52-a305-a5a097453da2,CUST00008258,643,Medium,2026-04-12 00:38:46.079386,v2.1.0
39608b28-39d4-4832-bf85-cc684e3ddfef,CUST00004570,338,High,2026-02-18 07:00:45.108851,v2.1.0
9715a490-40f9-4273-8ecf-8e80629b8d40,CUST00009723,664,Medium,2025-09-17 15:11:10.887856,v2.1.0
1e0e3558-3b59-4f8c-b494-2584db029dc7,CUST00008932,600,Medium,2025-11-28 19:21:33.651682,v2.1.0
1b519f62-f35f-489e-86cf-2beb299df485,CUST00001587,809,Very Low,2026-03-12 12:23:15.032825,v2.1.0
93ae507b-a7a2-4519-aafa-1f249833f03e,CUST00003792,593,Medium,2025-07-31 13:25:31.823750,v2.1.0
defd7d3e-51b8-4564-b4c0-c068dcc93252,CUST00007286,565,High,2026-06-03 01:28:55.942574,v2.1.0
f5adca8e-426b-48fe-a3fc-d5145a88405a,CUST00006199,581,Medium,2025-10-19 08:05:35.433218,v2.1.0
b83c3438-a32b-4343-9481-0c7fdda9ca38,CUST00005520,552,High,2026-01-29 05:15:05.813228,v2.1.0
052022a4-a920-45c2-9d65-0b3afaf96537,CUST00003833,655,Medium,2025-08-04 15:48:29.919677,v2.1.0
054394f2-a591-4213-82e7-7b991d9b29b0,CUST00002000,395,High,2026-07-16 05:02:05.537934,v2.1.0
867b4903-823f-4a4b-9a0c-69d9d18dcff0,CUST00007755,390,High,2026-03-16 16:34:33.874039,v2.1.0
62aa9f7d-817a-4407-b7d7-939b99d5cc46,CUST00009275,415,High,2026-03-13 14:55:24.792021,v2.1.0
363bd4a5-e2fd-474f-a34c-5f04ed0e2c14,CUST00008839,420,High,2025-07-25 02:57:29.714061,v2.1.0
fe8f79f5-78ea-4660-a177-e3be93f2b7ae,CUST00002613,566,High,2026-03-26 20:05:14.715613,v2.1.0
7c2a2b0d-36db-4ca0-a6ed-c644e840ec31,CUST00000214,525,High,2025-12-17 03:15:40.481622,v2.1.0
9b106f93-48e3-4784-b7a1-c3d249424de1,CUST00005028,763,Very Low,2025-12-03 19:07:11.609713,v2.1.0
f83f59c2-dd33-466e-a0f0-73e58e83157f,CUST00002427,300,High,2026-02-02 19:15:09.732341,v2.1.0
2aacbfbf-ab46-4978-ad30-68d94b198c08,CUST00008995,715,Low,2026-01-07 04:21:04.007975,v2.1.0
82c61410-65e7-44a8-9f8a-fe7e7ccfcf2f,CUST00002094,746,Very Low,2025-09-11 20:10:55.409959,v2.1.0
c110606f-a13a-4ddc-8a40-11570b5e1a27,CUST00007563,529,High,2026-03-28 19:47:35.335428,v2.1.0
053af940-903f-4e7c-8f21-b310df22d691,CUST00004263,351,High,2026-03-05 03:03:52.559328,v2.1.0
18672a61-e797-49c0-86f6-e36eede752d2,CUST00004932,553,High,2025-11-04 21:25:16.468016,v2.1.0
344bf90c-5dbe-417b-8f44-ef198c61aa42,CUST00006988,382,High,2026-03-16 13:53:58.348247,v2.1.0
faac104a-c541-4bfa-b746-c3d3f77f6d1d,CUST00002265,451,High,2026-03-16 21:04:24.059053,v2.1.0
df5f25ad-fd1a-46c4-b70d-5c89dfb6cfca,CUST00004262,648,Medium,2025-10-24 12:27:41.633978,v2.1.0
e1d2e30c-604a-4799-be74-2b4b88275fa9,CUST00008780,391,High,2026-02-24 02:45:06.882846,v2.1.0
b393382b-9936-4378-b588-6a55bc6c4c24,CUST00004961,643,Medium,2025-09-06 00:14:57.083504,v2.1.0
d7665bde-887d-4e1c-9e8e-b74112ab2cbb,CUST00005814,615,Medium,2026-05-17 07:12:32.607582,v2.1.0
1db2403b-736d-4fe0-aeb2-3232bcf87910,CUST00007257,725,Low,2025-08-25 05:33:34.876498,v2.1.0
795ba8d8-4f6a-40f3-a1f9-a64121b9eb18,CUST00005176,558,High,2026-04-06 10:26:19.992774,v2.1.0
a0de169d-95ae-4704-9a9a-21d8bb9a2378,CUST00003471,594,Medium,2025-08-29 21:56:22.694248,v2.1.0
4308af15-cb17-455f-a553-1c20668e755c,CUST00001437,409,High,2025-08-28 13:18:48.025743,v2.1.0
5d6538f9-d266-43d6-a49d-3a4c5ba63764,CUST00004349,463,High,2025-08-25 17:23:19.789406,v2.1.0
08726980-48f4-43ca-af03-acd5d20a8b46,CUST00009687,552,High,2025-09-28 11:11:44.260746,v2.1.0
41a4fb2c-df33-4f45-8508-fdbb32d5f4ae,CUST00006796,599,Medium,2025-09-28 20:51:42.644783,v2.1.0
212bc0b6-3920-48a1-a855-3f761068ba9c,CUST00007329,561,High,2025-10-21 23:14:53.564629,v2.1.0
98959df8-3e79-47b3-956c-c9cbad3b85a6,CUST00005088,512,High,2026-01-24 23:40:47.606727,v2.1.0
36128679-544b-45e8-81bf-b9cdca7deb0a,CUST00008785,321,High,2025-09-29 13:43:31.614546,v2.1.0
55609ab0-6653-4608-91dd-b58dfdf00e1c,CUST00009521,491,High,2026-03-31 20:03:51.820219,v2.1.0
a9f8c7d0-484a-4917-9389-77d31544d77d,CUST00008512,513,High,2025-11-02 18:53:03.877259,v2.1.0
b2510e3a-afc3-40d2-9f24-203ea0258449,CUST00005428,307,High,2025-08-01 07:19:39.512528,v2.1.0
e0fcedf2-1f17-4444-83df-a3abb49216cd,CUST00000386,422,High,2026-01-15 04:49:58.652112,v2.1.0
6951b55b-af81-4a94-90ee-7097cb21f98d,CUST00004768,402,High,2025-10-01 18:30:08.230448,v2.1.0
820eaf06-d056-4d8d-ab45-e034d38fee7e,CUST00002222,321,High,2026-06-23 17:27:02.599352,v2.1.0
450098bd-42b6-4a85-8c00-0e0380889d6b,CUST00005778,300,High,2025-11-15 15:53:55.036965,v2.1.0
9a87c159-5ac2-4abb-a12e-10f7d2b10b6e,CUST00002054,446,High,2025-07-18 21:54:26.313422,v2.1.0
7d332330-21a7-4da9-87b4-2905c5cbc012,CUST00005335,534,High,2026-03-20 05:16:53.450058,v2.1.0
8501675d-e506-4959-8e66-6644de01b4d3,CUST00004931,426,High,2026-06-14 03:23:58.140690,v2.1.0
9aa1ed05-bac9-497c-95c5-753f5835ab89,CUST00007356,524,High,2026-05-18 23:21:04.937921,v2.1.0
d39a0f7f-d5d6-4177-a6fc-0707432c1a1e,CUST00004666,326,High,2026-03-19 06:23:32.439051,v2.1.0
c69a6a37-55a8-49c1-a499-3b20db52684f,CUST00000524,584,Medium,2025-09-10 09:16:17.380939,v2.1.0
e15a428a-4045-43f5-9c44-814a9d093c8a,CUST00008509,322,High,2025-08-19 19:32:59.148210,v2.1.0
f4a10e51-1ff3-4242-bd2b-3fab6a1e3b4c,CUST00000966,551,High,2026-01-20 19:23:34.543952,v2.1.0
4775f81f-832f-48c6-aed3-5b497ce30e26,CUST00005237,673,Low,2026-04-08 04:29:30.037670,v2.1.0
8dcf180b-6228-4515-9fca-9664a7f7a889,CUST00005650,787,Very Low,2025-08-23 21:47:40.892272,v2.1.0
37e00c9b-3a08-43aa-afca-985a7aa28b74,CUST00000951,433,High,2025-10-19 08:59:43.530988,v2.1.0
09b1c632-b808-40a1-8e72-9e7070982c14,CUST00004537,300,High,2025-10-10 08:12:08.134504,v2.1.0
357450b9-9fea-41ee-823a-9881a16478a9,CUST00004489,476,High,2026-07-14 00:18:53.769112,v2.1.0
9408bb7a-e456-4313-91eb-923f54c0000f,CUST00007040,650,Medium,2025-11-03 00:45:57.743710,v2.1.0
50922e60-e5b5-476f-aab2-23832647ac10,CUST00005374,300,High,2026-01-03 11:39:01.993079,v2.1.0
8bad42e8-4591-4def-8163-40807e8e33a3,CUST00006893,705,Low,2025-08-23 08:48:27.582920,v2.1.0
e4a42049-aec1-47a1-b143-2c8e0d7ce284,CUST00002778,300,High,2025-09-19 17:18:02.863612,v2.1.0
a73f7132-1544-4d19-91cb-e9e0f795a097,CUST00003017,587,Medium,2025-08-01 07:40:04.303299,v2.1.0
9fd0309d-8f1f-4bc6-8b27-afd3ace1d2bd,CUST00009204,520,High,2025-11-01 00:56:55.702355,v2.1.0
fedaab75-0c95-44ac-95a8-90321abd1137,CUST00005206,451,High,2026-05-06 16:30:20.591231,v2.1.0
1293061b-b2eb-42bc-ad40-0080e9ccbefd,CUST00005255,585,Medium,2025-11-09 03:01:19.619748,v2.1.0
2effabc6-7788-4778-914b-21fe2c5a4758,CUST00009554,525,High,2026-04-13 15:46:21.984002,v2.1.0
b13818d5-8e76-45d7-97f4-a1a1386b8c99,CUST00001956,602,Medium,2025-08-21 14:38:25.648626,v2.1.0
d6d94236-f08e-4485-a9db-f8cbf23b1610,CUST00003089,300,High,2026-04-20 20:08:27.614918,v2.1.0
928b9a36-6528-41c1-b4ab-67249d4035ce,CUST00002353,353,High,2025-08-03 16:09:33.806688,v2.1.0
0d5e0868-fff0-4151-8eba-0f4b54416afb,CUST00001502,300,High,2026-05-25 02:19:22.839512,v2.1.0
db4a5bb2-1f05-41cd-a58f-4439a2d91d1c,CUST00000710,430,High,2026-03-17 04:43:03.476801,v2.1.0
46e6a775-235e-433d-b2d3-462b77d0a568,CUST00008089,404,High,2025-09-18 04:34:34.889737,v2.1.0
73af6097-3668-46c4-b55b-f3eeaf7bfb34,CUST00005368,753,Very Low,2025-11-25 11:54:21.908296,v2.1.0
3eaeb482-c8a6-4710-9d38-9780b47cfd74,CUST00001385,523,High,2025-12-24 18:48:25.449455,v2.1.0
4aeacbb6-a3dd-4ec5-b75d-6a3ae120f5ab,CUST00005682,752,Very Low,2026-03-02 00:31:04.393817,v2.1.0
2b25faa7-0c9f-4ee4-bd76-c50b363b27ee,CUST00004164,420,High,2026-06-03 18:24:44.616110,v2.1.0
debfeb05-1635-47d4-b9e7-326baeaef066,CUST00002063,741,Very Low,2025-08-20 20:41:44.122112,v2.1.0
1bec4207-6f54-473c-a996-144f8bf2eeac,CUST00009208,410,High,2026-05-11 13:41:16.934331,v2.1.0
17a89bfa-b8a6-4966-9326-ef1ee0b1705d,CUST00004816,573,High,2025-09-22 16:53:46.018995,v2.1.0
4eb8ba93-2b40-4fbd-a969-abf8c9d12b0d,CUST00009176,610,Medium,2025-12-11 07:01:34.212894,v2.1.0
0ad897d0-750e-4be2-aab0-a9fa0b138f07,CUST00002917,492,High,2026-07-04 09:17:04.415914,v2.1.0
6d6760ba-4326-4c58-835b-11794a78a3ad,CUST00005326,582,Medium,2025-10-25 04:43:49.080868,v2.1.0
c762243f-62c3-44c2-8638-e12e83606966,CUST00008755,583,Medium,2025-12-05 18:59:45.881445,v2.1.0
a9a7aa00-e961-4339-a42c-11c89d5935b6,CUST00000247,321,High,2026-05-24 14:41:22.410804,v2.1.0
e4bda6b7-5a3a-4211-af72-af894a5ef6c7,CUST00008776,441,High,2026-05-06 01:37:48.629056,v2.1.0
59b6577e-c5bc-40a0-9767-00d2d8d0b6fc,CUST00005293,321,High,2026-03-11 21:32:21.196085,v2.1.0
657cec0a-df18-4da7-a9ed-64190f1f9771,CUST00006341,339,High,2026-05-04 23:25:28.507243,v2.1.0
7fbde65d-47ef-47a2-97b9-3c590acdabfc,CUST00008434,465,High,2025-08-28 04:55:59.902678,v2.1.0
935b44ca-0056-4afb-b4a4-c2dd8179cfe8,CUST00005489,330,High,2026-03-29 04:21:52.909944,v2.1.0
9729df3c-59be-4ded-9846-05b4f1c084b2,CUST00003448,514,High,2025-08-08 07:59:12.825357,v2.1.0
5c80a407-97b1-460f-b3f6-276b680bc40a,CUST00003182,454,High,2026-06-27 03:20:45.929028,v2.1.0
c41387eb-4a53-478b-b904-58cfb0c444d5,CUST00005418,300,High,2025-09-14 03:07:42.477960,v2.1.0
3602d716-e9a9-4405-8b5d-c6cb12e4564d,CUST00004746,488,High,2025-12-16 20:42:20.822404,v2.1.0
459afa0b-8cdf-4c85-a791-99d84d5d2061,CUST00004230,850,Very Low,2026-02-18 16:16:55.353386,v2.1.0
53b22d38-1cac-4534-8fe7-70c96907ab28,CUST00005203,403,High,2026-05-06 22:22:01.992208,v2.1.0
57d7fe68-616a-4991-b038-4dd72ccf4c34,CUST00002835,348,High,2026-03-22 16:32:17.104828,v2.1.0
00dcca12-7306-4d33-8770-ffd24c7f01fb,CUST00005057,402,High,2025-09-22 02:47:35.656088,v2.1.0
24113836-0957-44cb-a88d-4338e4d88eaf,CUST00003356,342,High,2025-12-03 14:42:39.082354,v2.1.0
e321b838-0aef-467a-8bfb-7cfdaa14d8ee,CUST00002388,498,High,2025-11-25 21:17:55.285085,v2.1.0
7c6234ca-4dcf-45a6-9119-606fb2ea14f5,CUST00006056,634,Medium,2025-07-28 10:30:10.149094,v2.1.0
e6948b9c-c52c-4a69-94ba-77777845a0cb,CUST00009987,383,High,2026-03-24 21:45:17.958588,v2.1.0
a62649f0-ef23-4e39-8de0-c533dd9f30ee,CUST00000049,562,High,2026-05-20 04:18:58.216767,v2.1.0
a3864ea6-2e53-44d0-9f1e-8769a441293f,CUST00006532,317,High,2026-07-08 10:53:17.628803,v2.1.0
3189bbbc-4785-498a-ad0e-a127e6ee93e8,CUST00009184,441,High,2025-09-03 15:11:59.741552,v2.1.0
269f3b14-519f-4b00-958f-dac64b319ddc,CUST00006041,527,High,2026-06-19 01:53:40.247713,v2.1.0
5ca2149e-783b-4297-9d9e-38d57c1421d6,CUST00000679,673,Low,2025-08-28 03:53:22.221103,v2.1.0
de74b7b3-2a80-4a01-9e4f-31ce8cb14f6a,CUST00004905,428,High,2025-12-15 03:07:32.931645,v2.1.0
7cedbc34-3b38-4bd7-9dc9-900169adf15a,CUST00005091,300,High,2025-08-03 16:53:20.535312,v2.1.0
baebe59e-305c-4262-bb26-c0b39d4e6f81,CUST00004318,428,High,2025-10-21 11:08:32.185333,v2.1.0
e501e1c9-23fd-4951-bd05-590d62b788a5,CUST00002834,666,Medium,2025-11-09 16:26:27.867567,v2.1.0
04536d45-3a1a-4111-8c0b-48d9ad9ee649,CUST00000275,529,High,2026-04-01 05:58:55.939200,v2.1.0
20ccd7a8-c88c-4fe2-8f34-632fbc571654,CUST00004491,782,Very Low,2026-03-22 12:28:07.987398,v2.1.0
5aadbe03-e501-48d0-a5db-920427dcb9f8,CUST00007742,316,High,2026-04-24 05:52:45.135493,v2.1.0
105d41cc-6f61-4772-a6b9-78f7bddf4985,CUST00006682,509,High,2026-02-13 12:40:24.514011,v2.1.0
d556e95a-3286-4143-ad03-0e0f3852335a,CUST00002734,547,High,2026-02-09 06:40:05.642789,v2.1.0
a418abe5-7444-483f-bc60-e654d9403a8f,CUST00006039,664,Medium,2026-07-10 01:54:15.945203,v2.1.0
234f3beb-bc3d-4594-9232-0cc4595feda5,CUST00003777,553,High,2026-03-19 13:36:05.573259,v2.1.0
03a9575e-453f-4dea-a1b3-39f650ce6959,CUST00008096,505,High,2025-11-18 11:22:08.040917,v2.1.0
ae90a9c7-9bd8-442c-8e43-e04542793c39,CUST00005188,771,Very Low,2026-01-24 23:18:12.801327,v2.1.0
d0ac96a2-7584-41bd-9141-3b2a7319777a,CUST00000689,300,High,2026-03-30 19:01:27.922709,v2.1.0
a6333693-877c-4f05-96c7-f76e3da98002,CUST00003070,560,High,2025-08-21 16:46:35.019196,v2.1.0
9cc38716-715f-4d2d-a1c0-d7e408eb8669,CUST00006927,543,High,2026-03-16 14:19:34.743329,v2.1.0
f876f3ba-7c45-4f08-9b02-122095decf7e,CUST00004477,487,High,2025-10-16 16:52:22.602177,v2.1.0
68c8f1eb-1894-49ab-b6e0-f38808ea73e8,CUST00000971,655,Medium,2025-11-21 04:39:49.297832,v2.1.0
7a5962aa-b6b7-481b-9507-76474d6a7e1c,CUST00007751,345,High,2026-03-21 22:09:04.708626,v2.1.0
a13ef08e-4f63-4094-bed0-0a4d408d8cbe,CUST00008183,588,Medium,2025-12-05 11:38:33.808077,v2.1.0
a7823f57-cace-44f8-a935-b7c81f789616,CUST00009959,461,High,2026-05-20 08:40:07.546231,v2.1.0
440c1aa2-6059-47c0-920a-361e93886f93,CUST00007539,458,High,2026-02-06 20:13:05.674732,v2.1.0
16ddff49-ffdd-4f34-b450-24a73608fff9,CUST00006158,396,High,2026-07-13 16:39:03.525609,v2.1.0
996f014f-bfcf-4ee6-9351-5b4b0e9f2c27,CUST00006135,377,High,2025-08-06 20:13:12.492785,v2.1.0
5b1c7e40-dcdd-429b-ac5a-77f674b6cb70,CUST00008458,300,High,2026-03-09 21:47:07.441122,v2.1.0
59b0cac4-ea3f-4759-9b83-6675d6bfeee4,CUST00009186,508,High,2025-09-13 05:29:39.690456,v2.1.0
52d68c51-d820-4415-9853-021ba9985200,CUST00002979,573,High,2026-05-23 22:40:59.707974,v2.1.0
50bd1c78-7d20-4b27-8c57-954f990b212a,CUST00001452,424,High,2026-05-25 01:12:17.032200,v2.1.0
789b73c2-578c-41bc-b965-b86320437d1f,CUST00006875,421,High,2026-05-31 10:59:43.655748,v2.1.0
1ecf7b5a-247b-4793-862f-5e435bf5a804,CUST00002731,558,High,2025-08-14 06:09:26.692422,v2.1.0
636b44e7-ddd1-4dc7-abf8-db001bd2d5b4,CUST00009558,300,High,2026-01-13 11:34:28.914772,v2.1.0
0ad280c9-dae4-414d-9cd9-c71cc029a3dc,CUST00004341,388,High,2025-10-13 21:30:23.464075,v2.1.0
92b50b0d-da9c-45c9-b05e-94e53d5a8b35,CUST00008867,850,Very Low,2026-07-07 05:57:55.186165,v2.1.0
6c1e3356-d139-47e9-b72b-43ca15feee11,CUST00008608,406,High,2025-08-05 07:16:08.205725,v2.1.0
fa303b6c-54f1-4734-ae37-af58ee5eec50,CUST00009260,327,High,2025-10-07 06:05:54.957116,v2.1.0
ef550bc4-d95a-4d72-9ff8-8269c2bbbf16,CUST00001385,480,High,2026-03-09 21:04:18.668106,v2.1.0
05e4b3c8-b332-47e3-bab4-2762de3fe627,CUST00009160,658,Medium,2025-12-12 04:56:09.617545,v2.1.0
eca59486-8a77-4949-aadb-6799d0a23eca,CUST00007367,795,Very Low,2025-10-11 17:51:36.959725,v2.1.0
c57002b0-03b1-45f3-8d09-2e543f9c28be,CUST00003916,713,Low,2026-01-01 14:13:10.925497,v2.1.0
1f4a521d-cafa-4015-b534-1aafc5986a66,CUST00002130,560,High,2026-05-06 13:34:14.923812,v2.1.0
d90e742b-338a-4bb1-832f-4e24a9939c5c,CUST00009197,489,High,2025-12-28 13:49:52.769816,v2.1.0
cb6e9d08-26e2-43c4-8915-c76ed4eb94ae,CUST00008296,300,High,2026-05-26 18:33:44.007831,v2.1.0
1f526380-a712-414c-ba58-b8a7f22e78d5,CUST00006859,300,High,2025-12-28 04:47:54.634136,v2.1.0
3945d046-bf29-47d1-b132-5fbddf3241cc,CUST00000652,669,Medium,2025-08-30 06:27:44.791647,v2.1.0
cacd19b3-702b-4201-9d46-158a8ed72d66,CUST00006073,678,Low,2026-01-15 13:45:43.438371,v2.1.0
ab5d7ebd-3d10-475b-bdf2-97e013e060eb,CUST00004298,426,High,2026-03-13 13:13:03.369565,v2.1.0
87fe00a6-bcdb-4135-8465-05b5d2a914de,CUST00004932,402,High,2025-08-24 09:39:12.198112,v2.1.0
e4860bcd-d705-48f4-90e0-883c28df7644,CUST00002659,352,High,2025-12-15 12:22:02.691621,v2.1.0
f4eb0059-3e28-4ed2-992c-795ff4d28f02,CUST00009971,504,High,2026-02-06 09:35:00.244315,v2.1.0
6ecbc517-bd66-4b1b-be5b-f112f6af4bc8,CUST00004762,786,Very Low,2025-07-17 23:23:39.666545,v2.1.0
c3fb06ab-0d47-42a8-be17-3f9db71363ab,CUST00003190,550,High,2025-08-20 02:40:30.777463,v2.1.0
7b766442-eaef-407a-8f8b-b61e975cecbe,CUST00003920,564,High,2026-02-23 14:12:27.273017,v2.1.0
080689d7-8aa2-4a10-9183-a511b56e1187,CUST00004080,630,Medium,2026-03-01 00:29:31.180310,v2.1.0
4a0097cf-dae8-4584-8ffb-aaa29eb3e8b3,CUST00002930,615,Medium,2025-11-06 03:56:21.350016,v2.1.0
fbd152c1-0d05-4cbb-8cfe-b2640bb91651,CUST00004428,482,High,2026-01-19 13:52:23.870098,v2.1.0
e707516e-24df-4de2-ae60-474814876930,CUST00007884,556,High,2025-10-01 11:06:54.251227,v2.1.0
3251023d-10e8-4595-8208-8fe7172bb61c,CUST00003826,652,Medium,2026-03-20 03:53:23.449444,v2.1.0
e0295d5a-ee80-444f-88d4-76598015fadc,CUST00002869,627,Medium,2026-06-30 00:29:29.943446,v2.1.0
28a73506-24bf-43c3-910f-3ea7abc521b5,CUST00006617,505,High,2025-11-27 14:52:46.642256,v2.1.0
72155d88-e5aa-4f00-b35a-1668efba75ac,CUST00009497,362,High,2025-08-06 17:40:12.577627,v2.1.0
4f9bc8d0-d042-411e-bf38-2c0e110bbbbd,CUST00004134,309,High,2025-10-07 07:57:12.085622,v2.1.0
7f26cd1d-557e-4486-b9b1-dfa03796573a,CUST00007169,787,Very Low,2025-12-30 21:35:37.693586,v2.1.0
27e2fbde-7ba0-4d02-a1b0-4380ed7d9c1f,CUST00001761,489,High,2026-02-07 12:03:16.339189,v2.1.0
ab159ad2-693a-45ff-8cf2-18e7cfdbda06,CUST00008583,437,High,2026-03-01 06:33:22.632996,v2.1.0
a7d2126b-5955-4a4b-badb-f2af206bdf5f,CUST00005587,462,High,2026-01-06 17:16:58.666979,v2.1.0
14a6f407-de24-4baf-ba9f-bcd22e992139,CUST00004010,300,High,2026-03-14 22:28:36.041205,v2.1.0
4c8fa63e-2830-40e6-b443-bf3b41418cad,CUST00008636,517,High,2026-04-05 09:25:57.327271,v2.1.0
2d8e19dc-e4d3-42e8-bf9e-46bdf26f1e91,CUST00004424,651,Medium,2025-08-28 13:24:29.017465,v2.1.0
49b6c95e-25a0-4477-a0e7-6c285ffd69e4,CUST00002445,461,High,2026-04-21 05:55:23.235737,v2.1.0
1c2c2574-d497-453e-8b53-1325a9a17e7e,CUST00001155,387,High,2025-10-06 21:41:18.940245,v2.1.0
2d298e75-e63b-46b0-9390-2974119e3c2a,CUST00004465,333,High,2025-11-19 14:09:40.346423,v2.1.0
6ad1b8ff-d447-4101-92c8-96170745a229,CUST00006771,300,High,2026-05-17 00:28:10.689619,v2.1.0
3c8fcbde-dc5b-4ee8-a75a-88acff4069ad,CUST00001523,563,High,2026-07-05 03:54:03.138276,v2.1.0
b030dbfe-bd98-4e61-90ee-5c4967bf9de1,CUST00008837,661,Medium,2025-11-01 13:21:52.239437,v2.1.0
2973ac11-a201-4ef6-9a16-460bf5d84298,CUST00000647,552,High,2026-01-24 13:30:09.573904,v2.1.0
cb17b528-c7cd-4741-a901-2271b633113d,CUST00009528,823,Very Low,2026-03-31 08:18:43.799367,v2.1.0
28338f96-1237-4699-b77d-69f265e9d93d,CUST00002417,442,High,2025-08-03 15:11:11.727274,v2.1.0
9219a402-282d-44b5-ad81-68ca91b05904,CUST00004001,625,Medium,2025-09-15 20:51:11.601662,v2.1.0
eee9af75-dbb6-4b98-a4ee-c9df011a549c,CUST00001060,508,High,2025-09-07 05:03:01.925743,v2.1.0
43665adf-122d-4bdf-af62-ccc034074f74,CUST00003859,523,High,2026-04-05 17:41:43.096816,v2.1.0
2e0ecf79-e0a6-491a-a42f-635727432b35,CUST00008409,348,High,2026-04-07 10:55:13.883556,v2.1.0
2095c053-58ae-4db8-b1ff-e4773c6e3525,CUST00004542,850,Very Low,2025-08-25 23:30:19.991842,v2.1.0
2a9cc3e5-e25b-4ee2-8356-fcfb0531918b,CUST00004539,582,Medium,2026-02-26 00:29:11.919172,v2.1.0
607db72b-f096-4bdc-9ba9-fdbabc986555,CUST00000400,464,High,2025-09-24 09:52:01.579118,v2.1.0
83d08d90-bc1c-4b57-8903-c6fa48e3e881,CUST00006599,520,High,2026-06-22 15:57:32.913003,v2.1.0
c7de72a0-aebd-4527-a89d-aebd1d856b9a,CUST00006035,387,High,2025-12-08 09:56:34.807580,v2.1.0
cd9bf5e6-ddce-49ce-9e57-f49a6abd89fa,CUST00000313,693,Low,2025-12-31 20:15:44.223556,v2.1.0
d33ba723-7973-41c2-9acd-b49ff243fb14,CUST00006570,300,High,2026-04-29 07:39:01.382957,v2.1.0
30da6811-fae7-4ec7-a514-f5930c30380e,CUST00002413,512,High,2026-04-05 17:05:50.984900,v2.1.0
aeb54fea-85b1-41b8-a2af-12d74e48ee84,CUST00008106,349,High,2025-08-26 06:33:19.236994,v2.1.0
00843777-cbbb-485b-a411-cd9ebae872da,CUST00007978,560,High,2025-12-16 07:03:15.261044,v2.1.0
08a309f2-b677-46e9-99ca-eb5d15a4827f,CUST00004092,370,High,2026-06-21 08:29:32.794762,v2.1.0
8a0fa39e-49af-4ec1-b58f-1365231df73e,CUST00009715,378,High,2026-05-19 18:56:04.965274,v2.1.0
f9613edd-0ef8-496d-8339-5db5dfcd88b3,CUST00008225,629,Medium,2026-02-17 23:17:00.685802,v2.1.0
b6a836dc-86fc-4e3b-942f-5d23754f2717,CUST00003176,441,High,2026-04-25 22:20:45.398144,v2.1.0
e6dfb5b1-b785-4310-a7fd-b8af8c2434b0,CUST00008146,436,High,2025-12-29 10:55:18.633020,v2.1.0
102ab953-64b7-439b-ac02-ad1c51a89500,CUST00002447,300,High,2026-03-15 09:46:48.091554,v2.1.0
ece138b1-c5aa-44ab-a3b5-a50fd4af0bad,CUST00006204,661,Medium,2026-07-02 03:38:29.545299,v2.1.0
e7097dd9-4062-47e9-9304-80ceca05aa88,CUST00000733,457,High,2025-09-05 02:05:37.163480,v2.1.0
0f14e64d-7500-404a-bcfc-eaeed5731718,CUST00001792,411,High,2026-01-16 02:31:07.768071,v2.1.0
9ce35168-a4be-400e-bbd2-cc985b14e0c3,CUST00008728,577,High,2026-01-27 14:57:11.698472,v2.1.0
88f6d346-2749-4d7f-8f17-1ba39f7cc1c0,CUST00005883,539,High,2025-08-04 15:40:25.336022,v2.1.0
c454be14-28c9-47f2-ae4f-e273af4fee65,CUST00006111,420,High,2026-06-24 12:35:40.496818,v2.1.0
2e0531da-f261-40d7-84fd-4e23eb42ba03,CUST00003690,643,Medium,2026-05-20 06:46:02.557241,v2.1.0
2d8b4588-1ef5-4a8a-8f35-0c9b58e01584,CUST00000460,415,High,2026-01-10 07:10:20.479265,v2.1.0
b3835f70-b7dd-43af-9176-7e93a0c28e2e,CUST00005546,583,Medium,2026-01-19 13:49:51.096126,v2.1.0
42c3aef5-01b2-42eb-9974-eee2b47fe9cd,CUST00008635,572,High,2026-06-19 08:35:39.957429,v2.1.0
7e979b63-2915-49be-893f-de7004ce8ae6,CUST00009262,526,High,2025-09-20 15:13:14.570369,v2.1.0
1d4450a8-cf17-444c-987f-cc1e5d35491e,CUST00003261,664,Medium,2026-02-14 05:22:32.011309,v2.1.0
822fb5f7-19f4-4050-bc35-5797d81f0bcb,CUST00009174,717,Low,2026-04-10 17:14:51.190026,v2.1.0
73981288-d830-4133-8fcd-d7b61a0baada,CUST00007189,554,High,2025-09-02 19:16:14.003411,v2.1.0
c1470605-0035-4fe2-a536-6c427af29c64,CUST00008311,456,High,2025-12-06 09:48:39.588394,v2.1.0
1094eaf3-3bcc-4d75-a58e-1b5599d010cb,CUST00000587,312,High,2026-02-22 06:08:56.265964,v2.1.0
60b5ff82-cfa1-4f21-862b-ba5a6da72922,CUST00003474,306,High,2026-06-05 07:24:24.334613,v2.1.0
03a13c48-c654-4c87-aacd-779ecd64fb11,CUST00006499,300,High,2026-01-18 00:48:53.951356,v2.1.0
511cb14a-e89a-485b-aa2d-122ac0a7e77e,CUST00008196,356,High,2025-12-05 09:46:01.339898,v2.1.0
91921fdc-06fd-40fc-a6b6-a09c5bc4b4da,CUST00005695,657,Medium,2026-07-10 15:58:30.901590,v2.1.0
d98b3304-571f-4ac8-bdf1-304b66884487,CUST00005160,604,Medium,2026-06-17 10:33:21.696932,v2.1.0
5345247c-48d7-472f-b2ae-a1477ca08c9c,CUST00004219,496,High,2026-04-22 08:41:59.760744,v2.1.0
9f9dccc7-e732-4b84-9af4-b3ef38418016,CUST00007480,510,High,2025-10-25 20:10:56.954463,v2.1.0
b3fd305b-273c-47d4-98fb-e663acd842f2,CUST00006405,666,Medium,2026-07-04 20:32:10.879866,v2.1.0
c71c1a95-60e6-4a3e-9970-95831c1a0b5e,CUST00005988,317,High,2026-07-07 09:00:12.786481,v2.1.0
9d6c3c1a-0e2e-4a32-a0a5-c43d180b7bfb,CUST00001375,595,Medium,2025-12-30 07:26:36.395543,v2.1.0
c1658014-eef7-4723-b752-b75637e56deb,CUST00009804,315,High,2025-09-04 15:00:43.661211,v2.1.0
f1d5b237-c8af-4f91-a7a9-bebe5051ea65,CUST00002260,552,High,2025-12-15 15:56:03.920585,v2.1.0
48aadd3a-61de-4fc8-88cc-f1e4579e6e77,CUST00004294,517,High,2026-03-30 14:03:49.984727,v2.1.0
de58821f-6b7f-47a3-8558-236ccfdcac76,CUST00002484,375,High,2026-04-17 06:26:13.021817,v2.1.0
3a18d48a-d52d-4925-88a1-e0354875fe39,CUST00004428,527,High,2025-11-04 02:06:26.886721,v2.1.0
99768ced-faa9-40d3-b31a-c5ca28e33b34,CUST00004128,679,Low,2026-03-31 03:02:14.759028,v2.1.0
81a85f13-d3be-4092-8ebf-2cd5b4238f86,CUST00006637,413,High,2026-05-28 06:39:44.806406,v2.1.0
ac96442d-a911-4b6d-ac92-d7c74dcfb277,CUST00005808,665,Medium,2026-04-03 22:01:35.129931,v2.1.0
72402462-76d7-40f4-a072-930b1068f6c0,CUST00007014,488,High,2026-06-24 14:22:51.653297,v2.1.0
b095419c-b596-438b-a2db-b6e3919ffce3,CUST00004234,325,High,2026-03-05 22:58:47.707209,v2.1.0
64062fd1-8bd9-4aac-8ee4-e7e31e9ac398,CUST00000458,327,High,2025-09-29 06:51:07.736223,v2.1.0
4483cdd4-33b1-422b-9ced-8a4fc4773706,CUST00000120,347,High,2026-03-02 21:12:35.832311,v2.1.0
e595a21d-e2ef-4420-8b88-065b02b46001,CUST00003470,518,High,2025-11-01 01:03:24.425852,v2.1.0
1e569a22-f40b-45b7-a57a-13c111306154,CUST00003067,652,Medium,2025-11-21 00:40:02.374911,v2.1.0
6598771a-e978-4494-b2d7-97b37deefeb3,CUST00007603,748,Very Low,2026-03-20 11:46:23.756100,v2.1.0
7dfd21b1-06f2-488b-808c-12249251e32e,CUST00005776,560,High,2026-07-11 08:03:29.182113,v2.1.0
4d3526d4-aa57-4d8b-aa55-cb266d6dbce2,CUST00004280,411,High,2026-03-12 08:24:28.517218,v2.1.0
ca80766a-05dc-4e4a-9690-e4cfcd853a2f,CUST00004240,439,High,2026-07-02 22:21:58.872990,v2.1.0
b9190a21-ee07-4c12-ac99-eddd60ef1b78,CUST00009215,656,Medium,2026-01-17 22:54:56.228020,v2.1.0
bbdbba00-154f-4ddd-b4a8-d18035512d88,CUST00001675,301,High,2026-03-28 12:04:43.656552,v2.1.0
7156694e-9b6c-4eac-8ea7-1e4eb9ba4486,CUST00004295,457,High,2025-11-12 15:49:28.649500,v2.1.0
2a90d827-70a7-4d74-b1b8-693c063d1984,CUST00006069,454,High,2025-08-29 01:31:17.079328,v2.1.0
5d9db6b4-8357-4c70-b295-63f446c30647,CUST00008579,483,High,2025-11-23 13:32:19.341541,v2.1.0
2afd12a1-ba73-4255-bb05-b71c7964ee21,CUST00009231,525,High,2026-01-09 08:42:50.823221,v2.1.0
850f82d6-57ed-44c2-9ce4-51ff170898d8,CUST00000593,470,High,2026-02-11 07:59:02.847562,v2.1.0
4c506b76-0477-48f9-8fe4-da96b9a9d7ad,CUST00007194,455,High,2026-03-18 14:02:48.831703,v2.1.0
42673dfc-5648-4d83-81ab-7698c0dfb2d2,CUST00006263,433,High,2025-12-17 09:25:04.921468,v2.1.0
a83b84f1-2c85-48d2-82a8-b812c1fe5730,CUST00008795,448,High,2026-04-17 01:32:39.866252,v2.1.0
e7e17475-11d7-4a96-9ecf-14393b387eaa,CUST00009202,464,High,2026-05-21 05:19:24.089595,v2.1.0
00b404fe-6bcd-498a-b281-3a2113769fd4,CUST00007762,588,Medium,2025-10-30 08:16:57.786985,v2.1.0
b984de8d-1c8e-49b7-aae0-ec9d18d7721d,CUST00007991,440,High,2026-05-23 09:08:40.854470,v2.1.0
c15b5a80-b680-4209-a5d1-733a13758eba,CUST00001975,661,Medium,2026-05-09 03:18:44.528751,v2.1.0
8c1c16ae-5918-4795-8319-678d7297694c,CUST00003155,341,High,2026-01-24 20:01:56.174088,v2.1.0
7adb91e5-c4a1-4cd9-bcd0-7b4b5ad0f81a,CUST00005002,670,Low,2025-07-27 03:26:10.289722,v2.1.0
771f9962-969a-4d3b-850e-7891ff155e9f,CUST00000062,418,High,2025-09-08 23:48:20.672744,v2.1.0
5800c0f1-cde4-40ac-b19d-e28b1b401580,CUST00003047,347,High,2026-03-19 17:11:38.172245,v2.1.0
2b40f1f3-2ebf-4aec-8073-7fe794d09523,CUST00007699,549,High,2025-09-28 22:12:11.807384,v2.1.0
86c298a9-4f0d-4b5d-bf79-163cdab59a5c,CUST00008361,583,Medium,2026-04-17 21:50:54.585326,v2.1.0
5c1bde7f-e56c-416f-8a99-61c7edb8840d,CUST00005329,405,High,2025-09-14 16:37:39.752345,v2.1.0
d450dad3-4087-4f1b-9de2-3f3727e4f54b,CUST00002165,627,Medium,2025-10-30 14:18:35.186752,v2.1.0
056295df-2c82-432b-a42a-e7b130ff3128,CUST00001418,529,High,2025-10-17 10:15:51.564252,v2.1.0
3a9541f7-8f21-4ebd-a643-4251647a19e8,CUST00004518,547,High,2026-05-20 11:43:34.322278,v2.1.0
8e33783d-a04a-4f35-be8b-69be5cb14a9c,CUST00007750,300,High,2026-03-27 03:29:43.375896,v2.1.0
3f247e24-68fb-40b2-87b0-5b715add7d61,CUST00003681,698,Low,2025-11-02 17:02:16.922941,v2.1.0
58e4dc0a-26eb-4500-8538-01f86535bf3c,CUST00000659,453,High,2026-04-19 03:43:49.269659,v2.1.0
d91c8333-515f-4138-906f-b956443b345d,CUST00000789,607,Medium,2025-07-29 17:05:48.007093,v2.1.0
0bddce31-9c9e-4ad9-b169-47506a741fd2,CUST00007757,394,High,2026-05-11 05:27:54.444445,v2.1.0
34442a20-339c-4678-a898-eed4ef717c27,CUST00007940,491,High,2025-08-24 08:13:18.505286,v2.1.0
74bc77be-9e9b-4025-9d74-dbfdf08388c7,CUST00004723,331,High,2026-05-30 22:53:47.125074,v2.1.0
9d1c7b65-eeac-4714-b538-407c847e66f7,CUST00008673,508,High,2026-04-14 00:07:12.970800,v2.1.0
36873971-43f1-4eb3-b546-075b357f2baf,CUST00008320,444,High,2026-05-29 18:53:58.430449,v2.1.0
a522d35c-f738-4db1-aaeb-b0614aabc4e4,CUST00002153,677,Low,2026-04-15 01:43:06.708978,v2.1.0
11a58fb5-f66c-4344-924c-e5463bb2f7ea,CUST00007065,391,High,2026-02-07 21:52:10.658994,v2.1.0
c08715a0-a9ec-4d23-a558-fcda058b5b39,CUST00009146,812,Very Low,2025-10-12 16:36:41.602567,v2.1.0
29de78a1-d63e-4307-855f-0095ac814d9a,CUST00007832,595,Medium,2026-04-30 08:57:18.397193,v2.1.0
61125919-740b-4fdc-8eee-bc0aa0a32e45,CUST00006807,525,High,2026-05-05 16:11:11.154371,v2.1.0
cb2a3c09-6daf-4680-a8fd-1d10953ac6d6,CUST00009513,300,High,2025-10-30 23:16:41.083680,v2.1.0
37acd8a5-ecc1-4712-9ed3-e11675a6c489,CUST00007985,359,High,2026-03-17 14:41:52.117744,v2.1.0
75d4111a-d14e-42f2-8db3-1fbe64ed72dd,CUST00004073,547,High,2026-06-21 07:15:00.594063,v2.1.0
74e32584-5d5c-450f-991e-f2503c5f2ba3,CUST00001108,336,High,2025-12-06 11:07:03.732768,v2.1.0
f05b8dcd-3d9f-43db-9f2e-ae56e3f6e840,CUST00006584,300,High,2026-07-02 08:07:35.498343,v2.1.0
83394ec1-b563-4aca-bcd9-92ef479f58e1,CUST00005722,563,High,2026-07-09 07:44:04.022727,v2.1.0
fabfb4f9-0e03-4a16-a8b8-fbff3f77cd8d,CUST00003043,802,Very Low,2025-11-09 02:33:23.134441,v2.1.0
be589edc-d5f5-4aa4-a420-ad024eda6866,CUST00001916,593,Medium,2026-02-04 13:41:54.163457,v2.1.0
71b701bd-231c-4e65-a34c-a6f64fd2c011,CUST00002580,505,High,2025-07-22 15:33:24.582476,v2.1.0
98d730c2-9e18-4ddc-8032-fb3479456f97,CUST00009852,332,High,2025-10-17 17:06:09.633987,v2.1.0
a33f435f-e7db-4a3b-ac7f-f59898cdb924,CUST00002531,609,Medium,2026-03-01 13:36:05.600136,v2.1.0
59b92e1b-3e31-4ef6-b52c-2559f53ec380,CUST00004692,553,High,2026-04-29 03:18:24.680313,v2.1.0
759a021d-4ce9-473c-a660-f43e217283d8,CUST00007794,300,High,2026-05-31 17:09:10.928208,v2.1.0
79ef8182-a091-41a5-9a35-819c5816b253,CUST00003900,473,High,2026-05-17 01:20:33.624419,v2.1.0
fd522a03-8e5f-4a2b-aa29-afe83f2a2b3f,CUST00003477,553,High,2026-06-15 19:46:38.968912,v2.1.0
7c2db517-e74b-43f1-8c00-5a0451e488b6,CUST00003345,544,High,2026-04-01 06:30:57.504976,v2.1.0
503070a2-2f49-43fc-a641-2ea80f228242,CUST00008343,402,High,2026-03-11 10:53:48.215852,v2.1.0
50636042-fe2e-4ca2-9bad-bd55cfe3e311,CUST00003414,416,High,2026-04-19 16:59:58.504832,v2.1.0
a9dd8346-b4eb-411d-a769-65fa8616cbdc,CUST00008308,330,High,2026-02-02 13:24:13.562485,v2.1.0
69ef2598-5c17-42df-b47f-fbf646f17156,CUST00009586,577,High,2026-02-23 07:03:07.548136,v2.1.0
b8b233b1-b0b1-43b4-b6a7-d225dd151861,CUST00007483,614,Medium,2026-04-27 09:25:21.933085,v2.1.0
f2dfb8f5-bc8f-4a74-ac97-8890df8f528d,CUST00001122,395,High,2026-07-05 02:38:23.375875,v2.1.0
43211215-68cb-45f1-b114-45e5b286ad61,CUST00005285,467,High,2025-11-02 08:35:52.704066,v2.1.0
4105ea3f-57c0-4c6b-9c97-c2a8c67d4a31,CUST00009803,420,High,2025-09-20 17:10:46.238157,v2.1.0
6b56690d-94f6-4853-a0ea-0794e432bdfd,CUST00001261,686,Low,2026-03-24 05:55:49.161208,v2.1.0
5ca7da6c-d688-4524-9a74-d02be31874c0,CUST00002712,400,High,2025-09-24 04:53:54.621598,v2.1.0
18f080bc-9dd1-4e44-8bbe-99e04d8fc4d1,CUST00009513,300,High,2025-09-19 09:21:11.094043,v2.1.0
3002308a-6058-4e00-b345-4e8209323b55,CUST00007890,601,Medium,2026-01-21 14:09:53.477438,v2.1.0
1f35e1a7-5e43-4172-ba1a-723481a96d5d,CUST00006342,566,High,2025-12-02 16:20:08.870768,v2.1.0
3de2aa90-da56-48b2-8af5-9c7b27759848,CUST00001850,300,High,2025-12-21 10:06:11.972981,v2.1.0
b3e36857-3da0-47b1-a7c1-cca06898826d,CUST00002132,313,High,2026-02-06 04:54:59.728091,v2.1.0
40e5510c-4282-4f43-9fd7-001e65e4297b,CUST00005715,579,High,2025-09-03 10:02:19.153287,v2.1.0
3c47aa0c-a7f7-4b5b-8736-eb230da05440,CUST00006175,850,Very Low,2026-02-16 04:59:17.850013,v2.1.0
1152a426-6bd2-4199-aa43-b5071082d629,CUST00004076,672,Low,2025-10-19 01:19:01.262352,v2.1.0
74587271-ea44-4cce-8b1e-c2c3ca745bd6,CUST00005430,576,High,2025-11-15 15:32:26.655764,v2.1.0
e1d5f224-47f3-4243-950e-c0d62934e4c5,CUST00000834,473,High,2026-04-03 02:52:21.765880,v2.1.0
7937ce98-9650-481d-94cf-3e3f9bdd2aee,CUST00007387,579,High,2025-09-12 10:53:46.536716,v2.1.0
4a47b681-6a97-47bb-904f-80300298980e,CUST00001168,453,High,2025-09-12 01:14:01.097614,v2.1.0
df5a1b20-2622-4268-a561-f3bbc77cb4ea,CUST00009883,536,High,2025-11-12 18:00:14.679022,v2.1.0
1aa813fd-be3c-4bd5-8b77-a7e30551de1f,CUST00008139,630,Medium,2025-08-05 11:41:35.731961,v2.1.0
8447767c-84a5-4d3c-b13d-64a9e0441cc6,CUST00008449,349,High,2026-06-23 10:56:32.383018,v2.1.0
75dede6a-b023-4f17-a937-5fe550a03c99,CUST00004842,527,High,2026-02-27 18:11:04.470976,v2.1.0
f7d9caed-6842-4afb-b411-dd5496d66258,CUST00008596,680,Low,2026-03-16 15:52:38.648405,v2.1.0
93d7ad5f-1ff2-43d5-b6c7-72c2887e1263,CUST00003807,554,High,2026-01-13 01:57:30.544538,v2.1.0
cb598791-dd16-435a-9f38-263463da163c,CUST00002455,395,High,2026-02-12 01:51:20.604216,v2.1.0
fce6359d-12ce-4482-9a32-ac8dae60565e,CUST00005649,300,High,2025-11-25 16:47:56.371088,v2.1.0
95d23403-f715-4cb8-8b2e-6b5e3aeade5b,CUST00006535,765,Very Low,2026-04-30 06:32:17.438237,v2.1.0
f464d272-a0de-416f-8f8f-14c79f11375f,CUST00002484,457,High,2025-11-11 00:10:56.717753,v2.1.0
6e20d454-8993-4ff6-9791-6132fff637f3,CUST00003807,328,High,2025-10-06 06:02:27.250875,v2.1.0
249e5d24-cfcf-4b82-9064-8d2bba4fc006,CUST00003110,384,High,2025-09-23 01:39:32.569482,v2.1.0
c1e54f18-ef08-4936-97c2-7f75ab9df8f4,CUST00004327,577,High,2025-08-11 19:31:30.836941,v2.1.0
61160fa6-1277-4a53-84a8-a7500680c90c,CUST00007875,534,High,2026-01-18 09:50:44.682297,v2.1.0
a90b3f7c-f635-40cc-832f-5fed81eac3a0,CUST00008472,463,High,2025-12-16 19:51:36.453815,v2.1.0
37cf1c47-32f3-4379-9dc3-0644112a114c,CUST00005763,300,High,2026-01-30 01:26:05.776621,v2.1.0
233a21ba-85ae-4c96-8d04-cd2f13768609,CUST00007211,459,High,2025-08-20 11:52:45.572029,v2.1.0
407c1e6a-868c-40ee-9c87-273e09bf7034,CUST00002132,348,High,2025-10-06 16:52:33.449025,v2.1.0
f025de85-d109-430c-a1d4-f0e7be05aac4,CUST00009220,584,Medium,2025-10-03 20:06:53.862640,v2.1.0
a57895aa-822b-456e-bbfc-7549c41b0399,CUST00006071,300,High,2025-11-16 03:07:04.462577,v2.1.0
75c286bb-6fdb-4123-a6a5-cd5ec3a59429,CUST00009006,581,Medium,2025-11-26 16:34:25.702256,v2.1.0
a8485e09-7b0b-47af-9fe8-3ebc33d165bd,CUST00002669,392,High,2025-10-05 16:44:44.213947,v2.1.0
6c00b053-2bdc-4ef4-a5e4-a80cc750d6ed,CUST00008419,828,Very Low,2026-04-18 19:30:20.894170,v2.1.0
9680cdd0-43d2-4e1a-8bdf-f5a5ec0012c6,CUST00001782,553,High,2026-01-27 16:07:57.596956,v2.1.0
860d4167-dba0-48bb-8eea-eddea3fd2b0f,CUST00004561,543,High,2026-07-16 22:08:07.963139,v2.1.0
a0ae8e8e-595e-4071-966d-d8a983b9c293,CUST00009187,384,High,2026-05-14 18:09:41.414259,v2.1.0
85228636-4611-41a3-9c8d-1e6c99964869,CUST00008829,681,Low,2026-07-11 06:17:05.297982,v2.1.0
a70f0c71-4fda-4ba6-a81f-69501e651a09,CUST00000979,396,High,2025-07-21 03:04:39.919807,v2.1.0
66e39bfc-db2c-4003-bd32-1c7d6cca35a9,CUST00007443,457,High,2026-03-19 05:39:38.634743,v2.1.0
b112e8ec-e5be-4582-a9a5-37eb3e6029d8,CUST00000382,769,Very Low,2025-12-27 16:31:07.634853,v2.1.0
39ed9199-d114-40e9-a708-79ef1984739c,CUST00007844,509,High,2026-06-13 06:30:19.953431,v2.1.0
3946488a-6439-4dc1-b558-b4b70769ef9c,CUST00009159,652,Medium,2026-02-27 01:27:47.502858,v2.1.0
c8534e38-31b3-4f1a-ba0b-4ba53006e4dd,CUST00009458,441,High,2026-03-01 18:35:53.003141,v2.1.0
e24ae918-3388-4767-a57b-145f1cea3694,CUST00001587,630,Medium,2026-07-03 03:21:57.676086,v2.1.0
c86e0a79-9a56-465f-b363-f20445490a5b,CUST00007118,412,High,2026-03-24 04:59:17.098213,v2.1.0
682131e3-0f84-422f-af5a-d89c23233e85,CUST00003030,438,High,2025-11-12 03:09:48.513201,v2.1.0
3255f4a2-28c4-4446-949d-18a000efff5f,CUST00002202,746,Very Low,2026-06-17 10:45:01.896774,v2.1.0
8e80b079-28e9-4438-a380-ab37b4c39fef,CUST00001151,446,High,2026-06-28 01:26:30.439073,v2.1.0
0b93af71-046b-4bb0-b596-0d6528e928ef,CUST00007602,644,Medium,2025-12-05 20:24:09.002733,v2.1.0
7e423a0d-d878-4d7e-9453-0ea29cb2f415,CUST00003496,409,High,2026-01-31 05:29:50.261878,v2.1.0
10a9fd83-d56b-451b-8a5a-e33a27540baa,CUST00006608,300,High,2025-10-29 05:07:03.905621,v2.1.0
93948af3-b91e-475e-b617-6788b7a9f43d,CUST00000195,479,High,2026-06-15 18:27:31.243935,v2.1.0
b5af88ab-64ea-4e57-b012-feaffb75079f,CUST00006919,448,High,2026-05-14 04:19:02.703428,v2.1.0
91ef66e0-ba63-4336-a41e-a5ea4e5ff100,CUST00000304,575,High,2025-12-01 20:41:55.947582,v2.1.0
eb12ced2-dc40-4791-b694-4d902ceb0c98,CUST00003968,300,High,2026-05-07 03:12:19.841931,v2.1.0
e1a8a22f-863e-4cfa-8358-f6b330dcb944,CUST00000234,387,High,2025-12-27 15:33:05.389650,v2.1.0
405e5811-aa5f-4fef-81cd-ecb4832363a3,CUST00008707,414,High,2025-08-02 22:17:59.286514,v2.1.0
6e805f2c-4ba5-4eed-8cd5-d468ab635089,CUST00003540,530,High,2026-06-11 00:01:39.585897,v2.1.0
08e90c4d-93f6-48f8-8469-5a26410f9721,CUST00001862,406,High,2025-09-26 05:25:26.602753,v2.1.0
ee3461af-988e-4df5-b045-e5b3c83f7c11,CUST00003754,704,Low,2026-01-21 14:35:03.383721,v2.1.0
a272bc0b-96d1-4428-8f38-5178e6448f46,CUST00001305,350,High,2026-06-29 05:42:14.064725,v2.1.0
79886f83-15a9-4903-955a-45dce7d412f1,CUST00004460,398,High,2025-09-17 01:14:57.802121,v2.1.0
498e52c5-4b76-46b0-8dfe-27e5a96b0f91,CUST00003464,732,Low,2026-07-02 04:23:39.790762,v2.1.0
53cb92b2-1cf4-457d-b6c0-68b20894235c,CUST00001819,641,Medium,2026-01-30 09:39:53.715384,v2.1.0
a235a1bf-7930-4b16-aa78-b03898972243,CUST00000337,436,High,2025-07-20 14:09:53.373970,v2.1.0
0ab99195-5faa-4098-a668-038bbe44e033,CUST00006365,568,High,2025-08-10 19:49:01.005566,v2.1.0
0c78af17-ed37-44d9-8329-6801ec95d0d0,CUST00005272,536,High,2026-03-19 17:54:12.607223,v2.1.0
8f0d78f7-34f4-40cf-8f83-72ca2b038776,CUST00000703,481,High,2026-04-26 10:56:35.354097,v2.1.0
d20156f6-59eb-47af-a232-e37ec10a2319,CUST00001731,478,High,2026-05-29 19:51:29.806698,v2.1.0
8d8db5b4-7e1a-4897-81a7-d5828e11e65c,CUST00008139,587,Medium,2025-12-19 20:25:29.683611,v2.1.0
daab2b62-a287-46ff-8d17-aaafefdb8d57,CUST00009249,689,Low,2025-08-24 20:54:14.880416,v2.1.0
8d38f56b-fd15-44f2-b37f-a2dc80695e3d,CUST00003022,391,High,2026-01-30 07:43:51.764848,v2.1.0
45e882f0-88bd-4d0e-87b7-18f9841a78bb,CUST00007479,300,High,2026-03-31 13:58:55.106688,v2.1.0
e670d432-43cb-4dbc-b301-3c9e1a298f5b,CUST00008145,804,Very Low,2026-07-09 11:15:04.562581,v2.1.0
2db4cdd2-361d-4f43-8b09-866b7e7d64d2,CUST00003312,701,Low,2026-04-27 01:10:58.454213,v2.1.0
a9e226e8-2e77-42f5-802b-a52655384a98,CUST00004127,544,High,2026-03-11 01:30:23.812463,v2.1.0
34b995ba-6ec1-4db6-9a44-5cb9e6ff4f68,CUST00009930,538,High,2026-06-26 03:32:21.731574,v2.1.0
30a56b6e-3d9d-4ce0-91c6-eaf4d9446e74,CUST00003183,464,High,2026-04-16 16:58:20.606625,v2.1.0
7b013b76-50e2-46fe-ab9b-c593b985cc62,CUST00000182,566,High,2025-09-12 01:40:56.602049,v2.1.0
c0a81845-5516-407d-895a-08ac49cc9ee4,CUST00006365,300,High,2026-01-01 15:21:53.513639,v2.1.0
6feae0b7-9b1e-469c-a814-2efe96562b43,CUST00007612,437,High,2025-11-16 01:38:38.530762,v2.1.0
7c2ec7d4-3465-484d-85ec-3a8e765a2c53,CUST00009833,611,Medium,2025-08-18 21:05:37.870592,v2.1.0
a0243f03-1996-402a-8665-539d20671dd3,CUST00005715,444,High,2025-08-06 17:36:27.186351,v2.1.0
0982fe91-617f-4bef-b459-c787967fed88,CUST00005442,814,Very Low,2026-05-03 23:48:10.359895,v2.1.0
55b5c7af-36cf-4817-8953-c4fafc9e4418,CUST00009601,453,High,2026-02-06 17:56:19.932984,v2.1.0
7cdec1ab-7aea-439e-95a4-3a1590cef6a4,CUST00007031,777,Very Low,2026-02-12 21:53:17.330005,v2.1.0
91321079-0e30-4958-a978-3aa4ced617a1,CUST00007110,485,High,2025-10-09 01:23:37.203406,v2.1.0
1fb8decc-723c-4f78-aa43-fead91bbad6c,CUST00002803,449,High,2025-10-20 09:09:09.358823,v2.1.0
f37b34f6-116a-4bbd-8ac5-32b1336f0afd,CUST00005966,300,High,2025-12-06 15:18:26.432611,v2.1.0
fa2c4b64-21bc-4a1e-9ae1-b29f5fec6cd6,CUST00002720,340,High,2026-03-05 02:14:23.842438,v2.1.0
adcea9c9-8227-4fd7-a293-69124210e8fe,CUST00004587,752,Very Low,2025-12-23 01:42:00.699502,v2.1.0
2b6233b7-1437-4471-b326-d090ca8f19d9,CUST00000517,563,High,2025-07-24 01:58:07.827558,v2.1.0
ad1b095a-7e3e-4792-807b-81cb55c4b0cb,CUST00002493,700,Low,2026-03-20 19:52:54.345200,v2.1.0
d4529ea0-122e-4976-a777-5b2c236e15d1,CUST00008822,560,High,2026-01-29 06:08:11.019741,v2.1.0
7726fafd-8cb1-4dcf-b28a-099b719596be,CUST00001114,353,High,2026-03-09 04:27:52.275116,v2.1.0
981f5497-c502-4379-b3b0-dc578445f7e4,CUST00001527,783,Very Low,2026-02-28 18:12:31.474911,v2.1.0
4253900f-1814-4e23-af77-bd1dc8c8e691,CUST00009429,631,Medium,2026-04-20 00:28:32.976312,v2.1.0
b26447d9-3cc8-4610-8f3e-7f824034604c,CUST00003675,658,Medium,2026-02-16 19:12:21.475615,v2.1.0
8e5964ae-03ca-413a-9f83-c820d1acde95,CUST00009552,538,High,2026-03-30 21:40:13.231497,v2.1.0
19b504c9-3a4a-4601-8e1a-fa2876124711,CUST00005214,540,High,2025-08-13 10:12:29.945908,v2.1.0
566dc740-090e-4667-99a4-6562f0273708,CUST00000656,599,Medium,2026-06-21 20:57:01.847393,v2.1.0
a5825d85-e66a-432b-aa90-251a079224f3,CUST00003793,421,High,2025-08-25 16:15:55.275008,v2.1.0
9971643f-766a-48c2-bea8-71ade8dc8458,CUST00006818,551,High,2026-05-01 07:36:43.875077,v2.1.0
54217314-4645-407b-b1c4-7137295d9d60,CUST00000228,489,High,2025-11-04 23:28:28.793987,v2.1.0
a808cc7b-353e-4232-ab96-ab180248b60f,CUST00007898,339,High,2025-08-18 12:11:26.435534,v2.1.0
db4a117d-6b2b-4ed7-802e-66bcaced8ef4,CUST00000404,588,Medium,2026-04-23 10:07:01.191483,v2.1.0
648cdf08-6159-465f-a11d-a2786558003b,CUST00006843,307,High,2025-12-24 18:28:14.702265,v2.1.0
97c7e239-b4c0-4d47-98bf-c46877d14282,CUST00008393,392,High,2025-12-09 05:22:28.780020,v2.1.0
9c6d4603-9613-40e9-ab75-546099c83e4f,CUST00006899,300,High,2026-03-16 05:38:50.484062,v2.1.0
847fe325-f22a-447a-a77b-09f689084e91,CUST00008670,581,Medium,2026-01-07 00:46:08.001954,v2.1.0
0262c735-414f-4a05-9d0c-59d763782471,CUST00007574,424,High,2026-01-28 18:09:25.387074,v2.1.0
1d7549bb-a516-4fa4-9cf9-3ced2ce25b55,CUST00001016,542,High,2025-09-05 17:23:37.738914,v2.1.0
e572fb75-0caa-4d4a-a7bb-efdcf5cf84df,CUST00008791,472,High,2025-12-07 17:15:13.165205,v2.1.0
28fdb0a8-1fbc-4066-8ceb-d63cfad8d56a,CUST00003431,505,High,2026-05-05 04:27:55.391248,v2.1.0
d7f96a8b-cdab-4674-b9d2-e286fb31c57d,CUST00009024,428,High,2026-02-02 05:35:46.985639,v2.1.0
c51600ca-fd9a-4783-9bf3-7bb41a42d66d,CUST00000277,369,High,2026-07-03 14:12:47.527697,v2.1.0
6e2f82d4-90db-4447-902e-c6df808af07f,CUST00009609,441,High,2025-09-08 12:50:17.699636,v2.1.0
3fa516d6-d011-47ae-b4f8-de163ab52f5f,CUST00006932,492,High,2026-03-22 06:51:35.604695,v2.1.0
06db7e87-c8cf-4220-8900-194c6c5b6243,CUST00009176,559,High,2026-06-16 19:17:31.153755,v2.1.0
4ff94eb9-fdc6-4189-8546-bec4979b573c,CUST00006037,399,High,2026-05-04 06:50:09.441769,v2.1.0
a79a7413-caa5-4c3d-afdb-8486e65d52a1,CUST00003936,520,High,2026-04-10 06:59:27.122578,v2.1.0
844459be-736d-41cd-a219-7cb44c88a2f0,CUST00001479,519,High,2025-12-01 04:40:45.152254,v2.1.0
37a2f154-da65-4c58-91ab-afcfdfa448f3,CUST00005448,336,High,2026-06-29 16:41:23.613325,v2.1.0
2d44573d-c1fd-4af7-8f0a-83969c344155,CUST00000496,355,High,2026-02-05 01:58:00.662892,v2.1.0
0b910a23-4ac7-48c0-ada6-d5f6c8273ca4,CUST00008083,300,High,2026-02-05 15:30:53.424757,v2.1.0
5b392c9b-1000-482f-8b2d-dfa356ed6675,CUST00001769,735,Low,2025-08-31 22:09:23.376382,v2.1.0
76c6df40-0abd-4c83-843a-bc947dfcdd78,CUST00002354,399,High,2025-07-19 17:59:49.303781,v2.1.0
ac34fae4-7f47-4fb8-9893-7b947ed3577e,CUST00004359,413,High,2026-02-20 20:02:24.766474,v2.1.0
0d6209c9-3462-4af1-89da-93e06a413db2,CUST00006291,642,Medium,2026-01-30 02:27:09.388092,v2.1.0
2776c30e-d285-4bec-92c3-def98889d86a,CUST00000008,300,High,2026-06-28 18:54:02.583337,v2.1.0
18b76483-a3e5-47da-abca-d9a7203ddd81,CUST00005725,582,Medium,2025-11-06 04:45:22.256229,v2.1.0
9dcbe3af-48a1-4f90-bf00-280bf33acc05,CUST00001514,479,High,2026-04-17 05:17:41.837228,v2.1.0
17bba131-1c7a-43e9-afe7-15f2f65135b7,CUST00007100,432,High,2026-06-12 22:10:38.450386,v2.1.0
4e6e6648-5229-4541-8ad9-188be3c24d3a,CUST00006951,634,Medium,2025-11-20 12:01:39.737438,v2.1.0
9f73a93a-0bbb-48cf-937f-b099668f6891,CUST00005953,393,High,2025-12-15 15:08:12.990313,v2.1.0
e4ceb5bc-63a3-4c21-8592-26dbb61ec06d,CUST00009558,647,Medium,2026-03-10 19:59:13.931929,v2.1.0
22326164-2c1d-4a78-9b64-5ddefbbff2e1,CUST00000612,764,Very Low,2026-01-21 02:49:14.067927,v2.1.0
ed27cb68-ed6c-4b32-904c-83063dcedd79,CUST00009279,556,High,2025-09-14 16:47:38.169709,v2.1.0
36fd4843-5b45-4365-9437-7988fa90bc7a,CUST00001849,403,High,2025-10-06 13:16:51.660988,v2.1.0
665a4e44-0fe5-4976-99ff-c56e0cb47999,CUST00005014,589,Medium,2026-05-18 19:06:37.839687,v2.1.0
a198c7ef-991f-4123-8d74-9b2dc5c9283d,CUST00007588,470,High,2025-09-26 21:19:25.075563,v2.1.0
bfe10fd5-e37f-4865-9943-c77b74ad8c4e,CUST00007403,300,High,2025-09-22 03:38:50.046994,v2.1.0
ae76e68b-f7bf-4ffb-93d2-4c671786c54f,CUST00000771,712,Low,2026-05-05 23:32:05.201375,v2.1.0
b9c0f572-ef2b-4918-bc01-3c9f4a9c50c4,CUST00004044,308,High,2026-05-25 04:32:07.844661,v2.1.0
540d1741-856e-496f-a2d8-c93fb7728d7b,CUST00000611,495,High,2026-05-24 20:58:01.590222,v2.1.0
21dcec07-53f4-4aa0-bf6d-e7ec7a2485cc,CUST00001070,502,High,2026-06-23 10:50:13.696883,v2.1.0
0f6ba14b-5722-4ac8-81f4-996bdab058f4,CUST00004399,389,High,2026-07-16 01:48:58.433630,v2.1.0
ebbebdbd-ade7-402d-a94f-06723be1e1ce,CUST00008616,850,Very Low,2026-01-02 09:14:48.258819,v2.1.0
04d5fbe7-d81d-4fe3-a3b3-bbc1010b86b7,CUST00009842,384,High,2026-02-03 16:08:04.976188,v2.1.0
0b3cc1b1-ec04-4e7e-8602-867939128c7c,CUST00006718,498,High,2025-11-01 01:41:53.496627,v2.1.0
f83e1751-d935-460b-8b3d-446f02e18b07,CUST00007979,521,High,2025-08-11 12:23:32.751655,v2.1.0
9d818991-6728-43bf-b3ef-e67f36b9ee63,CUST00000184,543,High,2025-08-22 18:43:31.254926,v2.1.0
7fabff8f-ae25-4f32-bedf-9a177708ab8a,CUST00003338,464,High,2026-04-08 22:14:52.638129,v2.1.0
34243175-14e1-482f-957c-9fc88c41c360,CUST00002759,369,High,2026-01-11 20:30:03.154322,v2.1.0
4d9a72d6-9067-4c52-88ef-cf245214fb0f,CUST00005924,307,High,2025-11-15 18:03:59.506466,v2.1.0
e390297f-82f6-483c-8c33-f921c6ff0620,CUST00001056,582,Medium,2025-09-02 17:48:35.532330,v2.1.0
503475e5-6000-45c5-b35d-0f00ac5253fd,CUST00007756,491,High,2026-03-14 07:37:31.806987,v2.1.0
966e528e-94b8-4364-9e67-4227df6e7dd0,CUST00008005,551,High,2025-08-23 10:52:39.460545,v2.1.0
b63b2c8d-d1dd-4bfd-aa7b-4293df49f1ef,CUST00000597,660,Medium,2026-03-01 04:25:59.827494,v2.1.0
3ac2ac7b-1bac-4884-b49c-db38209d8ffa,CUST00007683,696,Low,2026-06-11 16:07:48.739922,v2.1.0
8e832ae2-7424-4193-94c5-f0a669a89942,CUST00003094,560,High,2025-11-10 23:32:30.925797,v2.1.0
cc4e5239-fe64-4e0f-bc9c-d6c60527d884,CUST00000205,300,High,2025-12-29 12:09:40.163990,v2.1.0
d25539ca-8fc6-4072-9f25-647b9a4c03f2,CUST00008741,506,High,2026-02-28 00:36:59.357296,v2.1.0
d0e9235d-7dee-4a0f-9be9-3305e228b311,CUST00001361,431,High,2025-11-06 13:23:04.720879,v2.1.0
9e50284e-6e2d-410c-ae03-130df050cf93,CUST00004823,300,High,2026-02-16 06:36:00.349934,v2.1.0
db13cc0f-b1b3-48a0-8587-2f9012ec5af7,CUST00000829,758,Very Low,2026-02-09 11:23:59.407732,v2.1.0
a3c69b9e-427f-47ca-908e-3b7933d09497,CUST00005459,430,High,2025-11-28 00:58:07.123444,v2.1.0
99d8e3f3-e1ec-4327-ae44-16a9f39b5f31,CUST00007286,718,Low,2025-11-10 10:48:26.002272,v2.1.0
550e5b79-e42a-468c-a6d7-25874f76b9b1,CUST00006433,342,High,2025-12-21 08:20:47.326474,v2.1.0
8e33f7a3-5565-4ce1-a046-e46bce3c785e,CUST00002406,460,High,2025-07-19 16:15:42.445632,v2.1.0
aed8d9af-f5da-4ebd-a8d4-40ac057dbd6c,CUST00004967,364,High,2025-10-15 19:49:07.856843,v2.1.0
b546c017-0feb-44a3-a954-819a48de92a0,CUST00003759,493,High,2025-10-06 19:44:52.164859,v2.1.0
241c010c-f9ff-41bb-96c6-a5f962f037e8,CUST00009621,672,Low,2026-04-14 02:57:29.014894,v2.1.0
d97094d9-9e9c-46f1-b8f8-f1da4cb15e61,CUST00005264,631,Medium,2025-12-24 04:51:56.016839,v2.1.0
25ae9a4a-bfa4-40b4-8334-14fc339b4331,CUST00007160,471,High,2026-05-20 18:06:35.335886,v2.1.0
571a7886-3a43-4c3c-ae65-d12ff3811a44,CUST00009361,575,High,2025-09-04 23:11:57.695767,v2.1.0
640ba543-af36-422f-933b-8d06bdcf1717,CUST00008876,554,High,2026-04-11 14:58:13.010709,v2.1.0
d9e2b865-c6ee-427e-a2df-c150ec1c62f5,CUST00006872,426,High,2026-06-03 13:14:35.359924,v2.1.0
0ac8bb44-c3b8-434d-ba9d-758f8567cea5,CUST00005859,640,Medium,2026-01-02 23:07:28.011847,v2.1.0
7e94e5c9-9d0a-4f39-b662-ac0b008e2507,CUST00006222,527,High,2025-11-25 22:32:58.030116,v2.1.0
9864dbbd-fc55-4d1d-8ec2-d2c0c70405f4,CUST00003862,300,High,2025-11-06 11:35:56.835871,v2.1.0
c7cd8db9-4517-4b15-a430-adb2e764a269,CUST00000403,544,High,2026-02-04 09:43:46.176775,v2.1.0
76e251d9-549a-411a-87e5-215f88ead442,CUST00006631,611,Medium,2025-09-20 02:39:56.564048,v2.1.0
50abbe3f-f406-4420-973f-46292d8af7ba,CUST00001694,330,High,2026-02-24 11:27:33.108494,v2.1.0
99d2525e-cdf3-4c3e-93b6-cf9eaea33253,CUST00000821,670,Low,2026-05-21 08:51:43.320539,v2.1.0
8eb0875a-e994-4fe0-a143-30197c0ff358,CUST00003973,311,High,2026-05-27 13:11:04.122131,v2.1.0
f64afb61-87ad-44c8-9776-e8fc85065bf3,CUST00006358,541,High,2025-09-07 01:07:39.699237,v2.1.0
4cd7cff2-7a60-4937-b7c8-453edb14b960,CUST00006860,556,High,2026-01-30 15:18:11.200909,v2.1.0
fd079894-286f-4fa5-8025-5b093e6e22c2,CUST00004516,546,High,2025-10-22 01:21:30.374834,v2.1.0
07ee0e42-e6da-455c-bddc-af57f74393b1,CUST00001675,577,High,2026-06-06 15:18:49.860254,v2.1.0
391c75d9-92ff-4bed-9620-c11fc3b654a6,CUST00004573,406,High,2025-08-14 20:09:27.094062,v2.1.0
0d70bf73-4d1d-47a8-a527-870e35f11d2c,CUST00002014,450,High,2025-08-14 10:50:40.530940,v2.1.0
be29a3e0-a454-462b-b97b-0e1859ec62db,CUST00000107,533,High,2025-07-24 17:12:55.296854,v2.1.0
108f01e7-4cdf-4ad5-a5aa-2cbde3de54ee,CUST00002885,583,Medium,2026-01-19 03:42:36.074165,v2.1.0
8dfd2cfa-28a5-45fd-8768-92c199f6f212,CUST00005672,459,High,2025-07-29 07:20:52.112652,v2.1.0
9ab143de-0a9d-4c78-a900-158c130d1b4a,CUST00007732,333,High,2026-02-15 10:37:08.589427,v2.1.0
83f53c63-83d7-4076-97c0-3584700be377,CUST00000501,402,High,2025-12-12 21:13:05.437011,v2.1.0
e83306ec-806f-4f9a-bcf2-dbd9127b9f76,CUST00006873,548,High,2026-02-18 10:01:24.123171,v2.1.0
36fdf88c-842f-43d7-bbf3-8a8e82e13378,CUST00000116,310,High,2026-06-13 22:20:46.727810,v2.1.0
ee36e259-db47-40af-b832-645d5dfcbf9b,CUST00003484,687,Low,2026-02-04 09:02:50.190674,v2.1.0
f00b60ff-12b0-4e1d-b42b-fdd5d1228c85,CUST00009532,509,High,2026-02-01 09:49:41.978982,v2.1.0
23d89430-1853-4988-adbb-98b43d034334,CUST00006309,300,High,2026-07-17 16:31:05.354611,v2.1.0
4ae021d1-8f66-4400-beec-a4dfd674f02e,CUST00008338,532,High,2026-01-06 08:15:23.739414,v2.1.0
eade319c-dda2-41af-abb4-69da2e737303,CUST00002729,486,High,2026-04-27 01:05:58.613922,v2.1.0
81fa3a70-c50c-4ac1-83f9-adb5dd48216a,CUST00003813,512,High,2025-11-28 12:35:05.934042,v2.1.0
c6840187-5f65-494c-8aa0-a009e3ba9ef3,CUST00001628,300,High,2025-10-07 11:21:32.926127,v2.1.0
26783f1d-1686-45d4-acf4-82ad789f1cb8,CUST00002486,300,High,2026-04-25 22:20:34.981999,v2.1.0
5ff847b1-2ca2-4e02-99a4-b138cd4c985f,CUST00006377,463,High,2026-04-11 17:11:49.414475,v2.1.0
55d34723-92a6-4eb0-9a41-33d2f6467ba6,CUST00002497,449,High,2025-11-01 04:44:07.675107,v2.1.0
5d4153a3-b989-4ad7-accb-98341e425266,CUST00009522,458,High,2026-01-03 15:21:55.262372,v2.1.0
16161667-c23a-47cc-b2c2-7fe1183de228,CUST00000814,386,High,2026-01-20 08:03:20.525184,v2.1.0
4f975620-fe7c-48e6-8c3b-fc08e963271b,CUST00007849,487,High,2025-12-09 20:01:48.468670,v2.1.0
ecc483f6-5b69-4d1a-899d-4dc11f315ba3,CUST00008528,300,High,2026-01-17 07:47:03.956704,v2.1.0
f240dc63-77f1-4a4d-80cb-06fd8ccd9529,CUST00002012,688,Low,2026-03-16 22:47:14.142202,v2.1.0
5c59a188-9feb-4834-8549-aed5959ef511,CUST00008929,389,High,2026-05-23 15:06:43.060952,v2.1.0
7c972d6d-cbe9-4bab-96e3-a0d953dfa6a5,CUST00004490,542,High,2026-05-08 11:50:35.649899,v2.1.0
d657b77d-cdf6-413d-b9a8-c2d2bd75f964,CUST00009377,728,Low,2026-02-27 04:23:55.206810,v2.1.0
06108a50-28d8-415a-a5c9-5b3c6966ca7c,CUST00000793,319,High,2025-09-16 11:39:05.188781,v2.1.0
827d8b28-bf32-4dc6-93c7-83a43efb5543,CUST00001765,373,High,2026-01-21 16:42:19.494972,v2.1.0
08aeb5ee-84f1-4b15-88c3-d0e2f56c81be,CUST00002351,352,High,2025-12-27 21:22:04.744030,v2.1.0
99ae73bd-cfc7-4081-b234-bf4152a6c87b,CUST00006187,568,High,2025-09-21 08:15:01.274276,v2.1.0
73236b88-43ea-436f-835a-2d1a39b19eba,CUST00005819,355,High,2026-06-29 10:05:12.810287,v2.1.0
9db75ddc-3135-49a8-a901-8c928927fe60,CUST00000096,324,High,2026-03-15 18:09:55.642402,v2.1.0
877e5773-adc5-405d-8fa0-0ec34815682e,CUST00001584,477,High,2026-07-06 08:50:39.579605,v2.1.0
dc5bbbae-d8da-43d1-b757-c48837e88c55,CUST00006154,499,High,2026-04-12 16:48:11.124571,v2.1.0
5838ea15-bdc3-4dac-88a2-e0185f0868d1,CUST00001581,322,High,2026-01-10 12:10:53.645209,v2.1.0
8d06590e-26e1-485a-9930-222040266439,CUST00005242,715,Low,2025-11-25 23:01:20.097335,v2.1.0
32e576ee-6c4e-4e9c-85bd-fcb8761795a2,CUST00005700,558,High,2025-10-05 20:01:21.115096,v2.1.0
d92010ad-5238-4098-a62e-12a1949fb478,CUST00000966,508,High,2026-01-12 00:27:38.538700,v2.1.0
9f9a028d-a0e6-41a9-8822-240d2a43cb79,CUST00000373,300,High,2025-08-09 20:55:57.075378,v2.1.0
a76ae3d2-7b28-4d15-ad48-a658dffbe42a,CUST00005628,850,Very Low,2025-11-29 20:17:12.616277,v2.1.0
4924388e-9f35-423d-9021-68b2fc19ea0c,CUST00003065,333,High,2025-08-02 13:09:18.666117,v2.1.0
2c7b3361-5141-43e7-b543-ab5413dc31db,CUST00000069,511,High,2025-10-01 10:26:18.887504,v2.1.0
8f073a0d-286b-4d67-bf23-e57558a2150a,CUST00002879,397,High,2026-06-14 10:48:56.663636,v2.1.0
8832ce46-5038-473d-90d5-57936f359eaa,CUST00008107,653,Medium,2025-11-26 20:32:57.941048,v2.1.0
5f7e1c75-b32f-40c7-af17-cff21dd3498a,CUST00002683,401,High,2026-01-05 10:57:29.650879,v2.1.0
3ab89499-263b-4c1d-ae52-acdc86460c99,CUST00006321,850,Very Low,2025-12-30 23:12:07.319307,v2.1.0
0f0847bc-4fef-42e2-8827-22518b1e274d,CUST00004625,421,High,2025-08-03 20:57:58.586876,v2.1.0
f6ebabf7-41a0-45bc-8bfa-c2edbfc90cb0,CUST00009953,639,Medium,2026-07-11 01:31:16.876863,v2.1.0
335fd6be-a1e0-4366-8c18-160f6c093b86,CUST00004352,300,High,2025-11-13 06:38:10.465516,v2.1.0
df17bf28-a4eb-4695-81fe-4fbcf6bc781c,CUST00006654,619,Medium,2026-03-31 22:41:23.144742,v2.1.0
ad73fb16-28c1-4194-81b7-80636c8b5d74,CUST00008471,416,High,2026-01-24 08:08:11.093296,v2.1.0
6d5c433d-e302-4f30-b376-189df64f1a71,CUST00004763,467,High,2026-05-16 22:23:40.264113,v2.1.0
728033fc-34cc-4aac-a14d-76f3bdf2a031,CUST00002398,415,High,2026-05-18 20:11:47.698744,v2.1.0
106273af-8f10-47bd-9771-23a6d0114406,CUST00007704,527,High,2025-10-22 02:04:19.686113,v2.1.0
d0cc05dc-f443-4e98-962c-e35026627b1e,CUST00005729,592,Medium,2026-02-01 17:32:55.200906,v2.1.0
10a9b8a0-cff2-4248-b5f4-0d354064e3d0,CUST00001160,666,Medium,2025-09-19 09:49:56.761249,v2.1.0
8e694563-2768-4e66-b794-09f37dc2e04e,CUST00000981,567,High,2026-03-13 15:52:03.286283,v2.1.0
b36b9fc6-1a59-4de3-b9f6-53ad2da9e720,CUST00004285,494,High,2025-11-28 08:00:37.984714,v2.1.0
55252c46-9ab7-4039-9b1f-2cfe611a9af9,CUST00006501,300,High,2026-03-13 12:53:52.918846,v2.1.0
2b03df85-2f15-451f-a7b9-8b9838795913,CUST00003415,434,High,2026-05-19 01:25:40.804838,v2.1.0
aa50dd79-71a6-417d-b85d-392488af437e,CUST00007956,467,High,2026-01-22 14:50:58.659105,v2.1.0
929cf600-3276-426f-9606-5d58e0da4a66,CUST00003017,751,Very Low,2025-12-02 08:42:51.992593,v2.1.0
65dbedb9-59c9-4121-892f-21bd8556fd96,CUST00002463,579,High,2026-06-14 06:34:33.739382,v2.1.0
591aa5df-f8ad-4021-a8ac-cff224713678,CUST00005146,455,High,2026-01-22 12:17:52.007711,v2.1.0
e4b9062f-8bf5-404c-910f-4832e1e6ac22,CUST00006109,536,High,2025-11-23 19:19:33.265800,v2.1.0
1afd31d7-a0e1-48fa-af32-c6e89fcdf2a4,CUST00005206,411,High,2026-05-30 20:07:36.718064,v2.1.0
0a3614ea-dae0-4883-84d3-ab3cd17d453c,CUST00000795,300,High,2026-01-11 17:37:05.801857,v2.1.0
780862e8-f921-42c0-8688-f93e585ec706,CUST00009184,595,Medium,2026-01-09 23:58:04.824013,v2.1.0
b7f04902-e770-4b6f-b1f4-cb29c59bd32e,CUST00002538,544,High,2026-02-23 14:16:30.393177,v2.1.0
21acf3e4-be26-4c13-87f7-83457a728d35,CUST00003444,573,High,2026-01-17 04:53:21.233979,v2.1.0
eb902e8c-f2d8-4bdd-9fcc-d1cd28b1eea4,CUST00002964,384,High,2025-09-06 16:04:10.178800,v2.1.0
9958f38e-74c8-4912-99c7-2ad71369c79b,CUST00009336,508,High,2025-09-16 09:34:03.218455,v2.1.0
7431462d-5ab9-40c4-8929-a0da9288795a,CUST00008305,353,High,2025-08-15 01:38:36.788425,v2.1.0
718c6dc1-15f9-4ad7-aebd-e3349cf7f12b,CUST00006019,794,Very Low,2026-03-09 22:28:17.886439,v2.1.0
59ca00d6-2272-49a2-94fe-c368a48721a2,CUST00001230,617,Medium,2025-10-03 04:00:53.414696,v2.1.0
29c72c0d-0966-4f35-bcae-f9f52e300dca,CUST00002715,702,Low,2025-09-24 04:16:37.068399,v2.1.0
b6ab2abf-0868-43ca-a136-de03d04dc5f3,CUST00005679,446,High,2025-11-27 05:03:57.823738,v2.1.0
e2e0cf1d-b0c4-4350-9055-d066f883e6c6,CUST00000386,496,High,2026-04-05 21:36:36.202771,v2.1.0
ecdc5887-c751-4e60-a974-812f5bf1f612,CUST00000859,595,Medium,2025-08-30 03:09:39.602464,v2.1.0
63faa283-a389-432b-a483-f268758e976b,CUST00005099,504,High,2025-10-10 01:04:02.406405,v2.1.0
9b248c46-6992-4c61-8edb-c19b303b0eec,CUST00006380,498,High,2026-05-10 04:27:04.515548,v2.1.0
8228924e-adbf-49a9-9607-ed415fd9ffc1,CUST00008849,378,High,2026-04-06 23:29:41.679623,v2.1.0
eb97bac5-2530-41b8-9dd0-f924e0dd1099,CUST00009316,307,High,2026-01-09 18:45:57.784389,v2.1.0
5cfcfe8d-a1cd-4715-a91d-b149dc9960ef,CUST00003886,704,Low,2026-01-08 19:04:51.273252,v2.1.0
cdb84dfd-6100-4b85-b434-735e73f80ed2,CUST00001987,525,High,2025-10-02 20:53:12.957497,v2.1.0
29676350-1bd0-4554-95f7-59953873bbc4,CUST00008925,554,High,2025-09-14 19:21:09.653472,v2.1.0
977553f4-6295-45d4-8ea9-30c8f407e504,CUST00001508,612,Medium,2026-05-18 06:59:03.182886,v2.1.0
e1a184dc-2c2d-4b69-b64a-1de9348b51d5,CUST00003961,598,Medium,2025-07-26 02:39:47.700281,v2.1.0
c666be14-3ee5-4bbe-ad11-b2561471fcc3,CUST00008122,453,High,2025-08-02 16:05:58.273840,v2.1.0
29508253-7c67-4478-a142-f72c996d1658,CUST00005877,479,High,2026-02-12 08:57:06.438304,v2.1.0
bcd97ca2-a193-4b29-bb5b-47113c41a4e9,CUST00001560,381,High,2025-09-14 18:19:33.744485,v2.1.0
227069f5-9cd6-4ebc-a9c8-049dbd8d5e54,CUST00001119,344,High,2026-03-04 20:18:24.989523,v2.1.0
f0585625-c3ba-46a8-98a2-cf773394c314,CUST00008226,604,Medium,2025-08-01 05:26:39.787974,v2.1.0
5cfd8032-45f1-4a5f-98f7-ba0663036b29,CUST00001815,606,Medium,2026-02-11 22:16:55.196721,v2.1.0
8c7efe9d-012c-458f-ae6b-814c6568baaa,CUST00003648,589,Medium,2025-08-07 08:01:04.354522,v2.1.0
0babc00f-799c-46c7-919d-c2156751c4f4,CUST00005129,519,High,2025-10-20 05:44:55.468803,v2.1.0
448a7393-7753-4fe8-8d40-290e42006aca,CUST00003709,604,Medium,2025-09-21 16:04:21.106499,v2.1.0
7bd286ca-1ceb-487b-8d9d-0e03a327abd3,CUST00002985,560,High,2026-07-02 21:35:38.209522,v2.1.0
b04f5657-4e97-4f5e-920e-bab9aadb1544,CUST00009723,300,High,2026-02-21 19:43:51.116454,v2.1.0
f408710d-43d2-4031-b38a-ce6082ea8f31,CUST00009988,688,Low,2026-02-08 18:19:48.799968,v2.1.0
a314a160-df35-48cd-8395-99da552fe78b,CUST00002667,833,Very Low,2025-07-24 17:07:31.548915,v2.1.0
07571f77-ee0a-440d-86fc-902598cbdac4,CUST00008272,694,Low,2026-04-06 17:17:08.169963,v2.1.0
e17962a9-eba4-40ce-802f-5965cf09d694,CUST00002623,321,High,2026-03-16 14:36:18.240692,v2.1.0
4bbba63a-2977-4574-b4f1-d7d6b68f3b52,CUST00004674,635,Medium,2025-10-29 10:36:06.813462,v2.1.0
7e4d3247-9c75-40d3-9cb1-0cd181d08c32,CUST00005216,439,High,2025-08-18 05:33:26.863227,v2.1.0
c996e178-e69a-40b1-bdf4-456c422654e7,CUST00009816,483,High,2025-12-28 23:30:55.892938,v2.1.0
137b0cd1-6a00-451e-ad47-b74220c0d1a4,CUST00009374,478,High,2026-07-15 12:20:28.575935,v2.1.0
90192e36-9245-4dc9-a451-96221104500c,CUST00007907,535,High,2026-05-30 16:28:16.837160,v2.1.0
6738299f-7f23-47a0-902c-bb0cf0f28d1d,CUST00009987,613,Medium,2025-09-18 05:03:14.972732,v2.1.0
37abc6d8-e488-4535-9a3a-895a6e14a0b8,CUST00008840,333,High,2026-05-17 04:40:28.110959,v2.1.0
0bce86db-64b5-4fbc-b9bc-9eb922167d6e,CUST00000787,319,High,2026-02-22 08:42:52.689254,v2.1.0
e51d0a06-4dd5-4444-8687-e8bb32219a5f,CUST00007583,466,High,2026-05-04 03:19:13.550566,v2.1.0
7e40ee3c-c080-427a-9df1-8ae72c3b52ea,CUST00004280,554,High,2026-05-13 13:48:08.405739,v2.1.0
5fd41187-a59c-44fd-9d4d-ca2750006385,CUST00004159,725,Low,2025-09-22 08:15:34.163149,v2.1.0
316d6278-a5bd-4b8c-8cec-b7b7f781cf99,CUST00006950,540,High,2026-03-15 20:13:45.458306,v2.1.0
b0fd20be-edd1-4d2c-b61a-0cc5bc97ed9b,CUST00001331,323,High,2025-10-22 12:37:53.850529,v2.1.0
df4cda34-6037-4772-a4db-80e64325ebc1,CUST00001767,666,Medium,2026-04-08 09:57:15.601625,v2.1.0
cd59623e-939f-44c4-a2f0-7791e7cb516b,CUST00000696,607,Medium,2025-11-20 01:40:50.946084,v2.1.0
b40f0d06-73aa-424b-87f3-aa04f4bcdf30,CUST00008471,300,High,2025-12-30 12:55:01.654068,v2.1.0
91cb276a-03b6-43dc-99a4-86607a7f9e53,CUST00002704,478,High,2026-02-18 14:55:45.768509,v2.1.0
f08b0466-9613-48c7-998e-bd21552f9ecd,CUST00009095,476,High,2025-10-09 20:23:57.011161,v2.1.0
e0ed38b1-0ae8-49e9-8775-38041bae8e18,CUST00007194,677,Low,2025-12-05 16:46:22.871747,v2.1.0
ba3dede8-32d8-4704-b78f-e75d2baa11d2,CUST00008371,502,High,2025-08-26 13:36:22.421880,v2.1.0
592317c5-4490-4102-8956-2139cb639d87,CUST00006542,356,High,2025-09-29 19:38:43.743559,v2.1.0
3f0b28fa-2901-41e2-9944-cbdd7170696a,CUST00008378,447,High,2026-05-27 20:52:52.092572,v2.1.0
52e040dc-1993-457e-98e5-0add019f98ac,CUST00005382,515,High,2026-01-18 03:00:04.413299,v2.1.0
16e128d1-49af-4b5e-b708-b96639101a0b,CUST00007625,762,Very Low,2025-12-18 05:43:44.388994,v2.1.0
1ee9f965-b12e-41d6-bb7d-ec12a3a5c083,CUST00007552,312,High,2025-09-10 12:55:27.103115,v2.1.0
8826243c-3061-4e6d-bc88-75e648eb5f98,CUST00005731,424,High,2025-08-22 02:02:12.762830,v2.1.0
932947e4-0b4f-4dac-aa9d-c89af39a9d82,CUST00008890,663,Medium,2026-01-07 17:15:42.257026,v2.1.0
23c9a7b1-0a46-447e-ad22-43684909241c,CUST00006749,709,Low,2026-02-27 10:38:29.690775,v2.1.0
2fedc888-b443-4ca8-9654-8f1f29fea673,CUST00001709,676,Low,2025-08-01 04:05:30.532444,v2.1.0
308fd242-b939-499f-907c-57e04cb8e368,CUST00007645,428,High,2026-04-30 05:06:26.945593,v2.1.0
874a38f9-4920-4219-890a-1328cae1544b,CUST00000343,559,High,2026-01-17 17:58:10.942314,v2.1.0
e35fc17d-75c9-49ba-9fc9-2548f8db1acf,CUST00006432,536,High,2025-08-29 20:01:38.217949,v2.1.0
24169368-bcba-4fbc-84a0-c62e8773d0f1,CUST00008874,450,High,2026-01-10 01:06:53.877738,v2.1.0
a0602eba-3298-4c34-b6d5-2500e076791a,CUST00000942,300,High,2025-09-03 12:20:16.821591,v2.1.0
41cd3192-4f1a-4cce-825a-ff3a4c82b17c,CUST00001915,496,High,2026-02-23 07:49:14.238768,v2.1.0
1651a176-fe18-43ce-b763-8ed216d709d1,CUST00005423,484,High,2026-05-16 03:45:50.303174,v2.1.0
f81986cb-1bc9-433d-903a-c9202a5ddb68,CUST00007395,468,High,2026-06-10 12:31:16.445206,v2.1.0
3947e26f-907e-4e44-9210-af8ecbdc3d2e,CUST00005393,447,High,2026-04-26 22:14:05.374959,v2.1.0
9f92aa53-a7a3-4fa6-bb55-51280e928acf,CUST00009730,512,High,2026-03-12 00:54:58.467579,v2.1.0
0f32f532-3eee-4eba-ad9e-af729a5a2ba5,CUST00001307,728,Low,2026-01-24 14:01:15.935753,v2.1.0
0c37bc22-efb5-419a-b580-9f2964922d68,CUST00007598,650,Medium,2025-11-30 04:32:47.417854,v2.1.0
ef13b591-4431-4fed-ae4b-e359aeb44072,CUST00006141,551,High,2025-08-02 18:40:34.439543,v2.1.0
4f32fa5f-6b2d-4aeb-aa5d-4b868b6cb27d,CUST00005124,300,High,2026-01-27 10:09:04.016619,v2.1.0
3d723905-8b9a-4108-b3c6-32e4880a9771,CUST00005896,574,High,2025-10-09 17:31:41.208182,v2.1.0
01780763-c4ff-4fed-913a-eecbd2dd3d62,CUST00007891,356,High,2026-05-06 22:40:39.478167,v2.1.0
37a95de2-1f4c-4fcb-9b7b-e2200e94a64b,CUST00005315,521,High,2026-05-02 06:57:41.157934,v2.1.0
6692480b-5a85-4324-9f11-96dd6d703d67,CUST00004168,314,High,2025-12-04 03:44:03.464118,v2.1.0
137f3ebb-c411-4b37-9c7f-08cc28a4c543,CUST00003607,579,High,2026-02-18 01:21:38.945663,v2.1.0
cab1204f-5805-4544-9fac-38b2430542ba,CUST00004239,565,High,2026-04-14 16:47:20.064274,v2.1.0
58e8a934-8ee6-4b1c-9705-6acdbe0c2212,CUST00004944,619,Medium,2026-04-22 01:22:36.341582,v2.1.0
b776d9b6-bf53-41c3-966c-c318134ecaef,CUST00005097,464,High,2026-03-29 09:04:41.902033,v2.1.0
b083c748-4a22-4bc1-94dc-6e6ad17aee69,CUST00001615,600,Medium,2025-08-22 14:28:10.679436,v2.1.0
dff4503a-9043-4bb9-af70-a63118054903,CUST00005672,581,Medium,2025-09-04 19:29:37.819056,v2.1.0
fa7713bf-c9e8-47ca-a04e-a71af828c7e1,CUST00003938,843,Very Low,2026-01-08 04:24:44.050866,v2.1.0
d26560f5-07c2-48b4-8e65-7aa946a1eb58,CUST00001727,360,High,2025-10-10 20:03:31.905976,v2.1.0
bbed24c6-e83f-4907-b9b2-db9890e2d279,CUST00002513,570,High,2026-05-27 16:09:40.535033,v2.1.0
b2aad07c-7dd9-401f-9e61-1af7e2fae953,CUST00001030,412,High,2025-10-29 08:57:15.459958,v2.1.0
b5042112-6c1d-42d3-9c19-3ebc941f1d6d,CUST00002753,410,High,2026-06-03 03:25:47.079132,v2.1.0
ed9e89d6-4137-44bf-b09d-9dfcd36a3e24,CUST00007195,523,High,2025-12-14 04:00:20.177084,v2.1.0
b566cad0-e493-4e56-a647-eece4e7aeba7,CUST00007863,606,Medium,2025-09-24 22:49:10.228347,v2.1.0
6150791a-e7db-4272-9ae8-9bf8662ba563,CUST00003287,300,High,2026-04-02 22:08:06.640420,v2.1.0
cc45cea0-1015-4fd6-84f9-153687eaaa71,CUST00002496,580,Medium,2026-05-02 05:47:40.866568,v2.1.0
dc2c2d23-d0c1-4a0f-846a-47549d9c466f,CUST00004393,300,High,2026-02-14 00:24:11.771418,v2.1.0
299b68d6-8d13-4188-8fd7-e7cfcb25c4ae,CUST00005502,439,High,2025-08-29 22:45:50.149082,v2.1.0
f6cbe82b-b23d-4965-94cb-3c8b08e33fae,CUST00008014,443,High,2025-07-20 12:58:04.813953,v2.1.0
a02fd676-5c94-4d21-86cf-61b74777c9e0,CUST00002853,613,Medium,2026-03-13 23:30:03.134011,v2.1.0
17a0f8b9-497b-4401-a7ca-2627b489faab,CUST00007382,331,High,2026-03-26 02:42:17.342078,v2.1.0
552e9190-1559-469d-a53f-5e5e6a74ca3a,CUST00007672,564,High,2025-11-10 07:01:31.010503,v2.1.0
e280bf58-e0fe-4f9c-afa7-00b533434f2d,CUST00004305,575,High,2025-11-27 05:28:36.116692,v2.1.0
aeb9bf43-85ea-4a08-ba8c-f8f37701558c,CUST00002368,472,High,2025-09-12 10:39:30.805244,v2.1.0
2ca1364b-94fb-496e-8bbb-c698d0872ac3,CUST00000977,527,High,2026-03-12 21:27:53.757740,v2.1.0
51258372-4487-4ee2-bded-af6d33576274,CUST00008998,601,Medium,2025-10-18 13:11:24.982663,v2.1.0
e26a789d-373a-478d-81b1-62fcd3f6f6d7,CUST00007478,578,High,2026-05-26 04:25:45.148329,v2.1.0
443c4fa5-29a5-45cb-8b44-a03b3d84d1ce,CUST00006840,628,Medium,2025-12-19 14:44:43.932106,v2.1.0
af671e27-c077-4c92-9609-bba64cee19dd,CUST00003958,504,High,2025-11-28 11:03:18.158091,v2.1.0
68265dea-cd9c-420a-8a14-4e80e34f7d02,CUST00002593,649,Medium,2025-10-26 13:24:15.303680,v2.1.0
78a1ef0e-d9e5-48de-91da-ba19ed426dee,CUST00007634,464,High,2026-03-23 11:55:58.554781,v2.1.0
e4e4e80f-3897-4b36-83f1-dc624e9a4715,CUST00001168,546,High,2026-04-19 15:48:32.954963,v2.1.0
00ed6f6e-beaf-4e85-ae55-84bd5b70845d,CUST00005787,666,Medium,2025-12-15 20:09:55.899111,v2.1.0
5f5b2695-d4f8-454a-952f-3b8e13cd3320,CUST00001817,583,Medium,2026-04-30 04:24:28.153976,v2.1.0
58ae9862-82a2-4495-bded-3dabcdfcd5ab,CUST00003384,754,Very Low,2026-01-10 03:06:11.636378,v2.1.0
1658805a-f5be-4354-8aaa-71ae73f8c6c1,CUST00004719,460,High,2025-11-30 03:06:16.922695,v2.1.0
ba9df128-a84e-4ca4-a530-03cd0768ba73,CUST00006040,701,Low,2026-02-05 14:07:35.174108,v2.1.0
326e6c31-08f7-4b87-ad9c-c62c40dd0ffd,CUST00004174,447,High,2025-10-18 14:27:38.159937,v2.1.0
abb36aaa-5669-4f8d-b9e2-1cf8de718f7f,CUST00007879,396,High,2025-11-06 21:57:14.499775,v2.1.0
69687c24-7fcd-41ec-84a5-5b94d6e05eb0,CUST00002490,364,High,2025-11-20 16:27:04.982044,v2.1.0
86877bfd-816e-43bb-9101-2e76d314a9bb,CUST00005732,495,High,2026-04-01 14:06:11.093167,v2.1.0
39b5b95e-cddd-4823-a7e8-50b70b9e240d,CUST00004978,621,Medium,2026-04-12 15:35:55.916028,v2.1.0
6360431f-2293-446a-8831-8fff8b1a6472,CUST00003188,508,High,2026-05-26 04:37:19.287829,v2.1.0
50e6bc31-96ef-4bdc-b0b4-c297a0204824,CUST00008963,591,Medium,2026-03-15 17:01:18.819203,v2.1.0
3dd6ce95-9ec7-41b7-a717-c7f012a430a2,CUST00000661,519,High,2026-04-17 01:03:59.131189,v2.1.0
d35c953e-07f4-4f0f-81fe-90de594ef6bb,CUST00008942,661,Medium,2025-12-28 00:39:00.645545,v2.1.0
b5a1e282-c3dd-4027-a7c7-af216f17b75f,CUST00009658,712,Low,2026-03-30 07:54:10.566284,v2.1.0
9ec6f3d7-19ea-49ce-b4c7-e5fcdbce5132,CUST00007041,563,High,2025-09-15 00:09:49.815605,v2.1.0
07d6823d-d58c-4455-b8c1-ebc2515af375,CUST00003243,462,High,2025-10-04 05:47:42.955568,v2.1.0
d8c25335-3528-446f-afa2-dec138a8fd91,CUST00009756,300,High,2025-12-11 05:07:38.775997,v2.1.0
9f4a98ac-9bb6-412e-9c05-e384aed48535,CUST00001014,382,High,2025-11-18 12:34:17.768393,v2.1.0
2c6c4c4b-591e-4dba-87c7-ffa4d6083373,CUST00004106,329,High,2026-02-04 00:07:32.251911,v2.1.0
1611ecdd-e4b4-4361-9057-4c28aea4ad76,CUST00001945,300,High,2026-03-29 12:08:40.623962,v2.1.0
22bac601-adee-4ffb-af8c-952983c824d9,CUST00003011,568,High,2026-04-02 01:27:27.339954,v2.1.0
0ded24c9-0907-4ee3-b5ce-2d742b36ea55,CUST00003128,467,High,2025-09-14 14:53:50.919383,v2.1.0
b352b979-e495-4adb-b9a5-1d515266bb50,CUST00005387,482,High,2026-07-05 05:05:52.776079,v2.1.0
ab207158-9b65-4c40-85db-a41dd6064d77,CUST00001112,457,High,2025-07-19 20:16:59.123767,v2.1.0
1012a25f-1162-4a3b-9662-9e6073d661ca,CUST00003425,300,High,2025-08-20 04:22:02.405435,v2.1.0
975d255e-c6cf-4429-92a8-f8f510e49a68,CUST00004323,300,High,2025-09-08 23:49:15.082962,v2.1.0
0033d0c1-f2df-477d-a3f8-0cc39ec2eeea,CUST00001751,355,High,2026-06-21 01:47:20.010025,v2.1.0
877e1194-f58c-444d-91f0-f2a1ab7870d9,CUST00005637,663,Medium,2025-12-23 22:19:14.762539,v2.1.0
58d0e190-3131-41e9-a497-e1e88bb4206e,CUST00003572,300,High,2025-08-10 07:37:14.044406,v2.1.0
fec0fe51-89b6-45ec-89a8-b7c603718418,CUST00005050,464,High,2025-10-06 21:53:29.062113,v2.1.0
18ca4216-02c5-4dbc-9b8f-fc74b16d16c0,CUST00007800,300,High,2025-08-16 03:30:56.840419,v2.1.0
22719a57-fbcb-4b2e-9df3-e38312c19e7a,CUST00008570,775,Very Low,2025-07-31 16:51:39.242853,v2.1.0
762f83cd-c72c-4a14-ada9-3d022fcec3ad,CUST00004716,573,High,2025-12-05 06:48:58.448947,v2.1.0
d08eb204-d60c-41cd-b50a-60621ed6b42e,CUST00003027,628,Medium,2026-07-12 11:20:32.817322,v2.1.0
a0cca6fc-7c68-49fc-9fe9-6a6ded38bf9d,CUST00001740,431,High,2026-02-27 03:46:54.059331,v2.1.0
d68906ab-77f0-4e95-a0ad-9358d54572b1,CUST00008262,566,High,2026-01-24 04:54:58.381948,v2.1.0
3de5740b-1deb-4262-92f9-2ff1f990b640,CUST00000328,575,High,2026-04-03 19:40:21.367301,v2.1.0
2f709d20-3672-4e75-8445-fd0ac27f6949,CUST00008878,850,Very Low,2026-02-21 03:12:27.963525,v2.1.0
84732440-5200-4211-a042-77d94b18b916,CUST00000986,416,High,2026-06-28 07:49:29.657047,v2.1.0
76abfbcc-2fb1-4049-8ae0-227f285dfecf,CUST00009221,518,High,2026-05-13 11:50:05.631965,v2.1.0
a8d2a91c-e528-41ec-89c9-21181c1e4d41,CUST00006290,300,High,2026-03-08 18:32:47.975720,v2.1.0
c2a17580-0050-4c74-8a6b-141cb553bfae,CUST00008311,300,High,2025-12-25 05:49:49.047195,v2.1.0
7130bb25-f58d-4c66-845e-9c1d9dd04015,CUST00006857,444,High,2025-09-29 14:01:26.210517,v2.1.0
2e115387-73f5-46ed-8ac8-a47de52ab60a,CUST00005038,516,High,2026-03-14 19:59:45.998525,v2.1.0
590b878e-7ec4-44cb-90e0-b4bd17cd0acf,CUST00002795,552,High,2026-05-07 12:47:16.769738,v2.1.0
f95f00fa-c517-49a1-a72d-b0204c541f2c,CUST00006942,588,Medium,2025-10-30 08:58:15.984272,v2.1.0
d970a1fa-6bed-459e-92d1-f6c2bcd9d462,CUST00000511,689,Low,2025-07-30 04:31:05.429143,v2.1.0
c48f5012-9c32-4cbd-97a6-d7c9d9180a87,CUST00005060,650,Medium,2026-02-21 21:06:37.834211,v2.1.0
5fd4bd0e-53d3-4b2c-8814-df37b9e4ef93,CUST00003407,447,High,2026-01-22 07:24:18.596114,v2.1.0
f80cc3d6-5812-40ca-991e-3d7e49d289fc,CUST00004886,705,Low,2025-10-10 12:40:43.728083,v2.1.0
1c45f89b-4a2a-4fc3-8a84-5199e8a2fbd2,CUST00003584,437,High,2025-09-17 19:33:10.873463,v2.1.0
833ee3a5-9235-4209-b916-ab1c09b4e5d4,CUST00002178,325,High,2025-07-31 02:00:35.658497,v2.1.0
805b215b-0156-4154-ae2a-88510b61a90b,CUST00002154,503,High,2025-10-13 07:10:22.160445,v2.1.0
6dd90d93-0cd8-48ff-89b0-14fe943acc76,CUST00002451,341,High,2025-07-18 00:25:29.362077,v2.1.0
236cdf87-745b-4003-a5c8-c0dc448f2473,CUST00004539,505,High,2025-09-13 10:01:46.752739,v2.1.0
d47f578b-a892-4049-b91d-daeb2c484bbf,CUST00003062,700,Low,2026-07-16 23:45:59.448029,v2.1.0
19942c42-b594-4a59-8c17-2b1c408b735a,CUST00009019,300,High,2026-04-28 16:19:55.208219,v2.1.0
2efd4250-c652-4d10-a0ea-bcac8556a18e,CUST00004976,570,High,2025-11-23 21:20:20.446839,v2.1.0
5082fc3b-63d2-46d7-9539-5946bb78784d,CUST00004810,519,High,2025-12-09 05:38:11.027002,v2.1.0
6ebfa44b-9f40-48ea-baac-d7eff098e677,CUST00004124,639,Medium,2026-02-16 23:20:41.048359,v2.1.0
e1d88a2a-f7e9-4f1b-9586-2ae54f86d049,CUST00007822,381,High,2026-01-23 00:18:53.731046,v2.1.0
10c8fb46-7452-4ee5-9bcf-9131be20ae68,CUST00001821,625,Medium,2026-04-13 01:37:08.722057,v2.1.0
e61d304a-bb32-40b0-a567-7653f894d5f6,CUST00000111,504,High,2025-08-11 23:23:17.979884,v2.1.0
4d17a3e2-0011-447a-8075-1804335624cc,CUST00001857,468,High,2025-08-19 20:16:44.164344,v2.1.0
a8ba7764-8771-4d46-8922-bb59ad5bd668,CUST00002596,300,High,2025-10-29 19:42:39.331147,v2.1.0
fcb3aee2-daaa-4d2b-9d2a-4eb1e547dea2,CUST00000150,639,Medium,2026-05-16 23:25:32.812985,v2.1.0
0c9e10bd-373d-4aa5-a480-fba9401c3a8c,CUST00004606,485,High,2026-06-17 02:39:20.628513,v2.1.0
98d4e447-67b2-4f6d-a249-bddf03f8a270,CUST00009090,673,Low,2025-11-22 01:13:33.851824,v2.1.0
ebc06d21-dae7-46a2-8b51-a0ecf36b57c3,CUST00005542,465,High,2026-07-04 17:51:18.538528,v2.1.0
1a3d396d-b5f5-4eb1-a988-8a739e559b72,CUST00004507,560,High,2025-10-26 21:42:29.183263,v2.1.0
7e765e76-cdcf-4e32-8165-d3413642f6e4,CUST00008888,720,Low,2026-02-24 09:08:33.986072,v2.1.0
c21b63fd-b638-40f1-8fc7-011a3afea3c5,CUST00007317,672,Low,2025-09-26 23:04:04.163563,v2.1.0
82ba079e-270e-4dad-abac-0c8cc60029f8,CUST00009426,416,High,2026-06-22 11:33:18.230054,v2.1.0
3bfa78e2-1e5b-41ea-8525-f670ecff9d1f,CUST00009968,711,Low,2026-02-12 21:24:03.642758,v2.1.0
67291bcb-fef2-4944-8327-877c60de012a,CUST00001074,460,High,2025-10-21 06:42:44.624108,v2.1.0
64de89f9-3569-4400-ad12-08a452fcf26a,CUST00009434,444,High,2025-12-13 14:45:03.912524,v2.1.0
c47b4d68-fdea-4e4d-b5a2-d6baee1be359,CUST00007987,322,High,2025-08-25 19:09:10.522132,v2.1.0
b82dee7b-a530-43a5-be42-ba7444cdb01b,CUST00006837,300,High,2025-08-13 08:25:28.962015,v2.1.0
2276fdaf-6e84-45e6-a896-7bc7f8772600,CUST00006049,406,High,2025-11-02 09:14:51.142259,v2.1.0
2c9064ae-1234-4537-a847-df7d30c2dc90,CUST00009202,635,Medium,2026-06-28 19:13:01.022529,v2.1.0
a530f19c-e8bc-41b6-bd24-cc14fa56788a,CUST00005338,634,Medium,2026-05-07 04:18:20.372104,v2.1.0
558cef78-e1f8-42ec-8630-ebcb587fc944,CUST00000624,413,High,2026-07-02 08:11:28.373594,v2.1.0
218e85ce-6635-44ee-bc8b-8c14ba9a1de8,CUST00002518,582,Medium,2026-06-02 21:42:12.106448,v2.1.0
6b823bcb-276c-4189-ba04-ad0f610ae5ec,CUST00005004,573,High,2026-05-10 21:45:40.240628,v2.1.0
e6e2b319-a93a-43f5-be9b-0a10fb2b0016,CUST00006245,431,High,2026-02-12 21:17:18.360484,v2.1.0
3ef392da-405d-4512-bf60-440d713edc8f,CUST00003892,661,Medium,2026-03-28 11:01:33.305798,v2.1.0
773182bf-cf63-460e-99ac-851a76b21d08,CUST00009136,773,Very Low,2026-07-05 18:07:00.974774,v2.1.0
0c6672e9-ecd9-48c3-b16a-37ce5a9359fd,CUST00009114,459,High,2026-02-08 14:30:26.953761,v2.1.0
745a171f-eb76-4f10-abe3-c518d310bbba,CUST00003885,407,High,2026-04-25 03:15:15.429763,v2.1.0
5eb59fdb-a373-4d8b-a82b-e475ed7c2c28,CUST00004793,476,High,2026-04-20 13:44:08.483271,v2.1.0
bedb807b-7f39-448d-9280-4d100da109d3,CUST00007581,687,Low,2026-07-03 23:53:40.687320,v2.1.0
b0a59aad-250a-4a53-83d8-e3c2a0d312e4,CUST00009367,603,Medium,2026-01-01 12:03:42.748512,v2.1.0
34de8b8f-b249-4bfa-8386-c4d9d241d4a8,CUST00005369,850,Very Low,2026-01-02 04:28:17.341099,v2.1.0
b132ce56-0d67-4102-82d7-eb1376654ea9,CUST00005629,633,Medium,2026-02-17 05:53:13.479501,v2.1.0
5305a5b0-5593-4129-bd0e-d986588f805d,CUST00008439,443,High,2025-07-27 21:39:22.741436,v2.1.0
a20efbd3-8ce5-4c71-ace2-05de0030e337,CUST00006274,557,High,2025-08-29 09:05:12.093740,v2.1.0
5706cb8a-577e-4f1b-b045-2d78c75971b2,CUST00002556,575,High,2025-08-11 14:04:15.969362,v2.1.0
04ab75ae-646b-415c-8e2a-33ba03aea994,CUST00007689,562,High,2026-03-06 08:26:02.058829,v2.1.0
ac9e5c6a-fc2c-4c6e-918c-1e7203c48f7d,CUST00004137,528,High,2026-07-16 00:48:28.870634,v2.1.0
10c6ab6c-2c3b-439a-8136-3d47a6e7cf59,CUST00003138,448,High,2026-03-22 03:33:48.080661,v2.1.0
2ae16029-6f51-4c89-8697-00747f120075,CUST00001047,544,High,2025-10-09 21:25:08.681901,v2.1.0
a802e1d5-2d74-4b2b-b465-d6d81fb5171d,CUST00006945,572,High,2025-11-10 05:31:34.158568,v2.1.0
7bc13fd5-f95b-4311-8046-319209f12bb2,CUST00008660,574,High,2026-07-01 21:06:51.310890,v2.1.0
806ae1ed-7103-43bd-adf6-79cfa180ff48,CUST00007613,621,Medium,2026-01-22 13:27:31.225220,v2.1.0
0a6469e9-f073-4fb4-86ee-b088ad58cab8,CUST00002539,549,High,2025-07-21 11:08:16.194010,v2.1.0
7f8c8322-942a-4d0c-a21a-8ab5d664c5f6,CUST00003722,361,High,2026-05-17 20:34:15.311903,v2.1.0
1cc563cf-0072-49dc-b5c1-4a048fc46cb1,CUST00009615,750,Very Low,2025-10-16 14:04:23.838630,v2.1.0
1efe4f28-1cf4-4cca-9d00-af4844d4ef0a,CUST00005556,439,High,2025-08-20 21:12:18.033136,v2.1.0
112e1893-9acf-4818-b6aa-14f970d2e8b9,CUST00003782,471,High,2026-03-20 23:22:51.303634,v2.1.0
2c3c54fb-848a-45df-850e-4dfce3974510,CUST00001665,695,Low,2026-05-13 19:15:01.212598,v2.1.0
fe0e3b6d-821c-4457-8e0b-a1e1ee617fe0,CUST00008464,573,High,2025-08-14 16:21:25.417973,v2.1.0
fe1a0be9-7ea4-4da6-a97a-efedfb758aa0,CUST00004503,850,Very Low,2026-06-23 02:18:09.251887,v2.1.0
6fd95bcb-cb5d-4c48-a34f-d11c31f89af5,CUST00001552,597,Medium,2026-01-07 23:16:38.654056,v2.1.0
f1426aed-7f34-42e1-bf68-3efaa31a95fb,CUST00009375,764,Very Low,2025-11-24 00:56:07.003591,v2.1.0
df4cb6ac-9b5c-4583-9e68-43ecfc9c54d7,CUST00007257,300,High,2026-06-09 13:16:05.892334,v2.1.0
23a6ea79-efb4-4624-8a9b-65f08b722c77,CUST00002763,330,High,2025-10-24 04:33:37.431361,v2.1.0
58971981-5952-46b6-a99d-ec02b0285795,CUST00003735,486,High,2026-06-28 20:07:00.128535,v2.1.0
df4e7a63-bf7b-4bca-a6f5-02f2dbe0109b,CUST00000545,529,High,2026-03-24 09:51:40.994755,v2.1.0
e2a3c95d-bf25-4d0a-9b68-8e1a384337bb,CUST00002559,365,High,2026-06-15 06:06:44.602432,v2.1.0
96136030-55bc-4e8f-a1b9-bffd6998b353,CUST00001891,556,High,2026-01-16 04:00:54.448031,v2.1.0
d5231f65-1808-4197-a5ca-7547e06f5476,CUST00004958,527,High,2025-09-28 20:08:08.262233,v2.1.0
504238f9-70bc-479c-984f-2b2b3e16d3a0,CUST00002057,850,Very Low,2026-04-12 12:30:04.858595,v2.1.0
4e8b3abf-9618-4405-9287-e77377751e82,CUST00008389,569,High,2026-06-01 16:09:28.618251,v2.1.0
4fdb079e-bc66-4812-837d-55ca5295d229,CUST00006855,559,High,2025-10-01 10:28:42.710627,v2.1.0
cc41e8f5-ab53-4d37-8c2a-5bf853c268c3,CUST00001853,378,High,2025-09-29 23:18:34.765310,v2.1.0
302eb727-b6a4-4fd3-b396-2c220e47e85e,CUST00001801,522,High,2025-10-17 02:40:36.889470,v2.1.0
6e6bdb0f-cb18-4748-90c9-5e8084e7c5a4,CUST00001245,346,High,2026-02-28 20:22:43.037899,v2.1.0
34692af6-31e0-4a79-9825-2a6b71df1715,CUST00005152,475,High,2025-09-12 21:19:34.971572,v2.1.0
6859eee6-c55e-4abe-b3b7-66a5d67fc7fe,CUST00000737,304,High,2025-08-25 21:07:09.761883,v2.1.0
5be1ca75-d2ca-43e7-8080-2c384f5395f9,CUST00002479,407,High,2026-06-19 00:03:17.874006,v2.1.0
c4482377-6856-4ac4-912a-5b63916b6b79,CUST00008119,609,Medium,2026-03-21 17:54:48.810328,v2.1.0
449e2785-4e9f-408f-b0a8-46f4bb683018,CUST00003123,300,High,2026-03-17 05:19:22.495602,v2.1.0
69df3711-8eb1-4710-a19a-5edbbaaf68ee,CUST00001696,300,High,2026-02-27 02:33:59.808455,v2.1.0
19b89c63-0c18-473a-91c0-e123317bb6f0,CUST00005699,680,Low,2026-04-23 01:05:16.857667,v2.1.0
efbd110b-8d1b-4c19-b96c-6e05aca6f864,CUST00003676,778,Very Low,2026-01-31 16:20:14.636284,v2.1.0
6a3b8df3-866c-4212-8b8a-11d498d01f49,CUST00005155,300,High,2025-08-02 08:22:30.332785,v2.1.0
0696b577-02bb-431d-89f6-c3135675dac0,CUST00006503,447,High,2026-01-10 01:33:47.881352,v2.1.0
8937c4a3-e94b-443e-bb14-88a4ff906596,CUST00000215,645,Medium,2026-03-01 14:31:43.647053,v2.1.0
5c4de9f3-2ced-4dba-bfd7-7adeab3df398,CUST00009276,752,Very Low,2026-01-13 17:38:39.321352,v2.1.0
944fa2b9-0754-431e-aade-c3d9c55f72f6,CUST00006398,442,High,2026-07-12 19:20:51.334101,v2.1.0
4e8102ea-c5fd-4ad0-a157-5be9846cafc4,CUST00003409,404,High,2026-06-10 12:47:29.034721,v2.1.0
3544aa92-accb-4936-88b1-da9b9525ede6,CUST00002918,723,Low,2026-05-31 05:19:32.790831,v2.1.0
68953322-d044-4336-b8aa-1fa783cc7990,CUST00002148,351,High,2026-01-13 04:11:18.908035,v2.1.0
4644f3f1-728d-4f17-9366-a54267cc489e,CUST00000338,377,High,2026-07-12 10:52:27.121059,v2.1.0
87e710e3-2935-44b4-b15a-6b214a7d9b56,CUST00000792,850,Very Low,2026-06-17 11:24:09.698174,v2.1.0
b748d1ee-583b-4ce2-a556-47e39980708e,CUST00003242,529,High,2025-10-28 06:39:23.837403,v2.1.0
bb53fda1-3ce1-4858-9724-ce6964183690,CUST00008904,348,High,2025-10-07 00:43:07.323155,v2.1.0
a0ee572d-6990-4026-bc02-a292c9284886,CUST00005548,311,High,2026-02-13 12:48:55.045956,v2.1.0
6a4bd316-31ca-4237-8f1d-cfbec9805357,CUST00003576,322,High,2025-08-06 16:33:23.546243,v2.1.0
fd54989b-4650-4f68-817c-fcec913d9286,CUST00002763,461,High,2026-05-05 20:06:53.788125,v2.1.0
a2a64304-5ad6-4af1-9e7c-f1b5c3e94e9f,CUST00002664,686,Low,2026-01-08 14:44:44.381146,v2.1.0
65a9ddcf-5526-47a4-9d39-48bda7e4c208,CUST00003055,599,Medium,2026-01-31 10:08:55.296304,v2.1.0
d118526b-9936-4df5-9db4-16ee3f2d04ef,CUST00001343,552,High,2026-01-17 10:29:01.615468,v2.1.0
ae68ad24-7d94-489d-9cc4-8dde7c0161fc,CUST00008152,384,High,2025-12-08 17:08:04.993186,v2.1.0
779b8aae-88af-4486-888d-3f00ec23f27d,CUST00004809,543,High,2026-03-25 14:11:11.475157,v2.1.0
24905a9f-1916-4173-bf36-8ed9284cfaee,CUST00006542,593,Medium,2025-09-19 18:09:52.880095,v2.1.0
9ec01241-ee9e-40ef-b710-889118fb28db,CUST00003512,700,Low,2026-07-09 13:44:03.762196,v2.1.0
8b8004b9-9808-44a4-8924-8d6fc769fbd2,CUST00008532,398,High,2026-03-29 22:33:03.498844,v2.1.0
89e07dca-1b67-4424-810a-91a647482a49,CUST00007684,364,High,2026-01-01 22:46:30.151459,v2.1.0
27dbeaeb-95ee-43c1-a107-cc387a647f33,CUST00003921,534,High,2026-03-26 15:21:39.345090,v2.1.0
310b4f3a-410b-4f88-8ada-3115cdb9a584,CUST00008614,514,High,2025-07-22 05:31:03.944535,v2.1.0
f2c1b5f5-bd19-47ae-888c-8b0f0463b6be,CUST00005889,617,Medium,2025-10-02 21:18:41.396951,v2.1.0
8d986046-0519-472b-82ca-807c236dd44d,CUST00009853,332,High,2026-02-15 02:53:06.980165,v2.1.0
6f5267a7-7502-414c-82b0-3e7dfd0a37a2,CUST00006524,370,High,2025-11-13 18:36:08.245574,v2.1.0
ffeb2c4b-ad26-4a60-bfee-45cf219150f6,CUST00002764,526,High,2026-02-26 17:22:20.613471,v2.1.0
0f4f6e54-2fc6-4e81-9666-ded1ad0969ab,CUST00006707,491,High,2025-10-20 18:22:52.609179,v2.1.0
393fe15b-c207-439f-b13f-bb487749433f,CUST00003242,366,High,2026-02-03 06:28:54.405028,v2.1.0
e4fb2ae4-463e-431c-a919-14a63f892349,CUST00008774,383,High,2025-10-12 12:36:41.630944,v2.1.0
b50569b3-299d-472b-b57d-7685edd120c2,CUST00004451,687,Low,2026-01-06 01:36:25.239875,v2.1.0
b191a04a-c0ef-4b7b-bb89-512ab7e6c682,CUST00001316,360,High,2026-02-26 20:03:15.295133,v2.1.0
6707cfc2-16a2-4494-9d02-dd7b33bce4d4,CUST00001728,375,High,2025-11-28 13:30:35.832979,v2.1.0
84cac6d4-112b-4934-8b59-bd1aa0035d8d,CUST00005634,618,Medium,2026-01-16 02:00:17.738883,v2.1.0
cf590df2-164a-4235-8701-38cbdb5be9f4,CUST00002716,593,Medium,2025-10-02 19:23:01.957391,v2.1.0
6d315a2c-ea18-49bf-9a20-5696a8de6277,CUST00000131,512,High,2026-03-30 20:11:07.376308,v2.1.0
f6e28203-7c18-4c82-bce7-5f5f0d01236f,CUST00009264,520,High,2025-11-30 21:29:00.636914,v2.1.0
14db7686-301f-4169-ab24-2cb113a0fee0,CUST00004739,617,Medium,2026-05-25 22:43:26.792972,v2.1.0
2d094d78-604e-42e8-97e8-5e2f102c5c03,CUST00008789,488,High,2025-10-28 01:04:19.315362,v2.1.0
32eb5fa9-6250-4b9f-84d0-8cbbcb51e478,CUST00000369,578,High,2025-09-21 14:46:20.900182,v2.1.0
444b85ce-b399-4c55-ac29-8f39d114199a,CUST00006204,400,High,2025-09-03 19:26:28.056460,v2.1.0
0770cc8f-ab46-4a75-a174-966dccbd78e7,CUST00003566,445,High,2026-02-13 06:02:38.819935,v2.1.0
b8503caa-c5c1-4b80-b14b-6cdb320b3645,CUST00004464,671,Low,2025-10-09 09:28:04.572339,v2.1.0
bb5ce302-db99-4419-aa60-4e50fc4ddaa8,CUST00002960,464,High,2025-08-23 09:20:27.048268,v2.1.0
181a70a8-6c0f-44a2-849a-d165db8d8d79,CUST00001635,545,High,2025-10-24 12:12:56.699959,v2.1.0
228b1df3-5291-465a-acbe-6d78a6549cd7,CUST00006703,534,High,2025-10-12 00:55:05.588182,v2.1.0
41341a6b-deef-4cab-89e3-0a249e04b6cc,CUST00001705,318,High,2025-12-22 18:37:57.042619,v2.1.0
41c84ffc-368c-430a-96b9-5057d5275320,CUST00007349,300,High,2025-12-04 00:38:20.339865,v2.1.0
d7efead7-dfdb-431b-b09d-d96e25bdcc5e,CUST00005780,345,High,2025-09-09 04:20:16.253300,v2.1.0
4039f324-bcf3-4334-bd9c-d19bc8798765,CUST00008440,453,High,2026-07-03 05:34:01.719952,v2.1.0
11c6a3e9-bb14-4250-acf8-a277770ee681,CUST00000158,433,High,2025-09-10 12:48:32.562440,v2.1.0
89ee75c3-0482-4de2-86eb-5b57685376ec,CUST00003932,489,High,2026-05-08 04:12:07.789225,v2.1.0
427d916d-6a08-4bd6-95d1-e860365a392f,CUST00002601,668,Medium,2025-09-20 10:00:13.205226,v2.1.0
09de70ce-3818-4081-9070-84c344248c65,CUST00000597,349,High,2026-01-16 09:15:40.704786,v2.1.0
28fbb7ac-3e78-471f-9751-a266e3e21610,CUST00002003,428,High,2026-07-16 12:45:43.957037,v2.1.0
4b9e98d2-3668-4d54-be2c-b206ab6ebe3a,CUST00002976,467,High,2026-05-24 03:27:17.321235,v2.1.0
cca28a91-0fb2-43b4-93e6-235e4e30adef,CUST00006435,483,High,2026-01-22 17:51:56.617725,v2.1.0
53c0b842-35b4-4fcd-9c07-ebf99ad856aa,CUST00003247,544,High,2026-04-07 02:09:56.090882,v2.1.0
b5a466c5-b923-40ce-8c38-f86e5160f7cb,CUST00002332,717,Low,2026-04-30 17:56:48.155354,v2.1.0
48dfc194-f62a-4672-992a-65c5dffe100e,CUST00007361,346,High,2025-11-04 11:56:03.477192,v2.1.0
87f7945d-6ea7-4737-bd27-c3124366d76b,CUST00001127,470,High,2026-02-08 05:28:38.727476,v2.1.0
a680569c-2d2e-4eff-8a93-187f631ca9b0,CUST00000814,748,Very Low,2026-02-10 07:24:28.014249,v2.1.0
19638c29-1a7d-4971-81ce-7c6f9e9e2952,CUST00001718,508,High,2025-12-10 10:12:07.638999,v2.1.0
5a78827c-8955-4e02-a149-e5a1c5deadd6,CUST00007031,535,High,2026-03-27 03:02:32.700392,v2.1.0
dd34d61d-d1f8-4a4b-a174-30f19f718b86,CUST00006293,512,High,2025-08-08 20:10:16.122233,v2.1.0
1eb96c93-be87-4736-b847-72497be6ca91,CUST00005455,424,High,2026-05-11 03:38:25.961990,v2.1.0
7e704ac2-9645-491b-b534-107c6b4bed61,CUST00003071,850,Very Low,2026-01-07 23:08:12.807872,v2.1.0
8b20244d-0802-4d79-89c5-e8414631a042,CUST00004689,391,High,2026-03-04 23:07:39.551888,v2.1.0
11a4e294-ce50-48cc-bb7a-f1e09faadfe3,CUST00004660,485,High,2025-12-29 05:13:33.763524,v2.1.0
48fab003-68e4-4975-8871-7cef3e1c08a0,CUST00007634,401,High,2025-11-17 03:25:32.036578,v2.1.0
97b0e594-60e1-4bf0-9280-ba9aeb81899e,CUST00001534,343,High,2025-11-26 18:00:47.204463,v2.1.0
ddf1a3af-c0bb-4d88-a80d-5547e92cfdd0,CUST00004288,479,High,2026-02-07 13:48:02.116225,v2.1.0
3bc07314-5088-4854-a118-b61e512e9621,CUST00009368,605,Medium,2026-06-23 06:13:57.270851,v2.1.0
f74cb193-1a25-4932-ad7f-a88302973a12,CUST00006928,706,Low,2025-10-20 00:58:22.710088,v2.1.0
b83f871a-2b82-4697-b9e4-5c56f5fcd7ae,CUST00002612,351,High,2025-07-25 03:46:42.386321,v2.1.0
690d9af5-4f50-47bf-b418-0ba02fbfe1a4,CUST00003180,784,Very Low,2025-08-31 04:38:43.440514,v2.1.0
510f2086-e815-4873-9a8a-54eabb18e9a7,CUST00006233,422,High,2026-05-30 17:03:05.419166,v2.1.0
7d0255bf-9e10-42d4-8ec1-344951af8caf,CUST00009423,644,Medium,2026-07-04 16:21:19.050115,v2.1.0
63427ca4-8131-4675-ae24-b2a5949c98b6,CUST00007790,552,High,2025-09-28 13:55:32.572427,v2.1.0
6feb97ba-4b8e-485d-aa7d-a473f4f48c35,CUST00001852,541,High,2026-02-13 06:03:33.358350,v2.1.0
c388f8e4-5211-42bd-823d-650daecbce6f,CUST00007980,300,High,2026-03-12 00:01:58.078524,v2.1.0
dc1937ba-9fed-457d-aa74-a80e9c528bff,CUST00008996,431,High,2025-09-19 15:52:19.960862,v2.1.0
d4874e18-49d7-407a-86a7-239ff35bbb7b,CUST00002353,561,High,2026-04-28 21:54:32.207116,v2.1.0
e2f8559b-4987-4f84-8836-ba0ab45a66e6,CUST00005838,445,High,2025-11-24 14:42:26.175715,v2.1.0
37820086-be7f-465d-97fb-18c141d6aefa,CUST00000167,595,Medium,2026-03-20 18:57:12.733620,v2.1.0
c93875df-c9b7-4283-b733-d067330b9a69,CUST00001032,608,Medium,2026-01-11 23:09:35.390664,v2.1.0
dcf1a3a0-e9ad-4697-a263-c665f2d2d7e8,CUST00005805,619,Medium,2026-04-12 22:07:05.738492,v2.1.0
d2b23b50-d6f3-4593-bd8f-bad9369472ee,CUST00006411,478,High,2026-06-07 20:12:40.334488,v2.1.0
87884bc0-8547-487a-abc0-ca2e36f7b361,CUST00002715,611,Medium,2025-12-04 02:17:00.894171,v2.1.0
69852f94-8e9b-4e1c-bc0c-5cf93382cf29,CUST00005619,477,High,2025-10-30 13:30:12.863147,v2.1.0
c8f88356-f46f-4da7-b304-90186481ef9d,CUST00006586,315,High,2026-03-05 15:20:38.823069,v2.1.0
38a71a3d-b06d-4ccc-85ee-27a7d27ca4b2,CUST00002001,657,Medium,2025-09-08 19:36:44.771080,v2.1.0
9a7c4379-b513-424d-9a30-02cf2947aa97,CUST00001504,396,High,2025-09-17 02:50:00.933218,v2.1.0
91f5f8e4-de1c-4ce0-9d14-13da7d4fcadc,CUST00001053,405,High,2026-05-08 22:09:40.674527,v2.1.0
1156304d-0b80-46f7-8852-9ea36896747c,CUST00007844,447,High,2025-11-18 03:22:17.828122,v2.1.0
58070d8d-1231-4e1f-af68-230531b76614,CUST00004564,543,High,2026-03-05 11:29:52.290359,v2.1.0
0a4c37b6-2b0c-401a-87ac-99b0950f2c6f,CUST00003772,600,Medium,2026-02-11 16:44:40.006416,v2.1.0
e0c561f3-a95f-4a98-8e44-e75304ee560b,CUST00008469,635,Medium,2026-05-23 23:10:01.550269,v2.1.0
0cb6c3d1-460e-47ac-a152-c929d4bafea3,CUST00000738,376,High,2025-08-12 23:17:30.240181,v2.1.0
a5f332ae-b155-4b4f-a27f-4e79e7ff1a0a,CUST00000839,300,High,2025-09-15 01:57:19.104835,v2.1.0
6cbba99f-9b97-496b-b6ce-8d6b7156a1c8,CUST00000352,507,High,2025-10-09 06:24:37.263727,v2.1.0
ac8c4e60-69e9-4f0a-b9f6-caff5d087efd,CUST00007496,567,High,2025-11-10 15:35:07.017331,v2.1.0
7de2fccc-f188-452e-a4c8-80f87850bbc3,CUST00003798,460,High,2025-11-01 07:51:59.507056,v2.1.0
cf67d6e0-323c-43c0-ba91-a22e70b1fe69,CUST00001661,547,High,2025-10-23 14:30:19.625993,v2.1.0
05f090d7-1fd1-4bd5-b645-b0c9b5c07332,CUST00002099,341,High,2026-03-10 08:42:13.773005,v2.1.0
441c5807-e875-46e4-952e-baa2880f5376,CUST00008251,365,High,2025-10-24 23:36:08.724846,v2.1.0
e35e2fc0-2619-487a-bb09-521a6629e109,CUST00005639,339,High,2025-12-27 09:46:44.965833,v2.1.0
66c43a4a-9229-4a74-aacd-9efd92f55a9a,CUST00006514,300,High,2026-05-29 01:03:40.423537,v2.1.0
2ef6d52c-0c0f-4fbf-be49-b6f72b70cdaf,CUST00005531,559,High,2025-11-27 13:19:20.988265,v2.1.0
0353881d-4ee3-478e-843f-a1540cb85a1a,CUST00007111,300,High,2026-02-17 06:42:16.346340,v2.1.0
28f9a06f-eb78-4e75-bb96-0795202ac348,CUST00000916,454,High,2026-07-05 13:28:34.118907,v2.1.0
31236ded-5395-4867-8166-99e2a95ae1dc,CUST00006429,563,High,2025-12-16 02:50:07.500878,v2.1.0
80cb9e3d-154a-44ce-9bb9-a406b1a1323f,CUST00002800,610,Medium,2025-09-23 01:48:32.239149,v2.1.0
6385d636-5eac-479f-9ea8-0168999b9fa3,CUST00007205,466,High,2025-07-26 08:24:19.071544,v2.1.0
e120f3b0-ba41-4aae-8934-24f92b65f565,CUST00007323,300,High,2026-04-09 17:23:06.013439,v2.1.0
52e37139-356b-4c9a-9a25-14b482252fc4,CUST00004659,560,High,2026-03-16 17:02:14.767245,v2.1.0
fd2590f8-db99-40d5-a555-cfba0c9d4915,CUST00005399,696,Low,2026-06-26 09:33:16.778918,v2.1.0
d0603a9f-8f4e-487b-9d87-57fbfc947e59,CUST00002805,647,Medium,2026-03-30 20:02:51.986309,v2.1.0
e7ba6fb8-4c86-4c23-bda5-f89a363a5e89,CUST00001117,639,Medium,2025-08-16 03:44:05.796048,v2.1.0
07252b0e-c649-465f-90d0-90b0d1a2bdf3,CUST00005607,494,High,2025-09-16 21:00:13.480894,v2.1.0
4f67f90a-0c65-4c6d-8ddb-936a942afb99,CUST00002296,498,High,2025-08-24 12:51:41.729234,v2.1.0
5b0c1e10-993d-4929-a2e1-a8444eaa1e2c,CUST00003271,436,High,2025-08-10 05:05:43.912705,v2.1.0
66159f8c-a8d2-4ade-9f47-87b49dc80a3f,CUST00009231,391,High,2026-06-03 20:18:03.169407,v2.1.0
0d811c3f-a48b-42fd-b28c-2863e3c0afd1,CUST00005832,386,High,2026-02-03 05:20:42.867166,v2.1.0
0eaee0d1-0a43-4908-93fe-cd350c3d01ca,CUST00002881,322,High,2025-07-27 13:00:54.610761,v2.1.0
54d4cb8e-c24f-4e56-83bb-9ad8fc318bf4,CUST00007644,772,Very Low,2025-12-09 22:01:23.306323,v2.1.0
e8b9d71f-ba05-4067-bbcb-ef7db9ddc70d,CUST00009413,515,High,2026-04-23 07:40:52.556378,v2.1.0
077989de-ca60-457d-9b9c-e3e8503266ef,CUST00007068,657,Medium,2025-08-17 07:40:00.183969,v2.1.0
39952f7e-da26-4ea3-85e9-186502f4b849,CUST00002258,305,High,2025-10-21 18:30:00.816012,v2.1.0
5569d56e-74db-4cfa-86bc-0e48d4b2c7f2,CUST00004378,525,High,2025-09-12 15:00:16.049207,v2.1.0
7b8f3ef7-73b5-42f8-be97-f0dca9c3ed84,CUST00007743,619,Medium,2026-03-14 02:00:45.866295,v2.1.0
4f294691-80af-4d64-8c01-cf00bf4a06e0,CUST00001035,725,Low,2026-06-06 07:44:08.589183,v2.1.0
71e1cbf7-8236-44cc-801a-cc8cc68ca128,CUST00002930,605,Medium,2025-11-07 21:46:32.040225,v2.1.0
c65a7889-999d-4993-8672-aa34a32afc12,CUST00007099,652,Medium,2025-10-16 06:31:30.647348,v2.1.0
3db7ae56-8270-44a1-90b8-ab30cd557a7f,CUST00007298,712,Low,2025-10-29 16:55:08.290519,v2.1.0
331d306e-8452-4958-a0dd-08da3cd9a0a6,CUST00008616,616,Medium,2026-03-03 17:29:09.573848,v2.1.0
66137d11-92bb-4864-8432-ed96f272172d,CUST00009407,421,High,2025-09-03 20:39:01.122895,v2.1.0
c9715b37-e30b-4c39-8bea-0da799b7bcf1,CUST00000939,610,Medium,2026-05-20 04:09:08.179829,v2.1.0
cfd2a2d2-f05b-4872-b003-5d675191dcf7,CUST00009892,468,High,2025-07-28 08:21:20.751008,v2.1.0
77580724-8e53-4212-a3ee-a9c5e1d4b516,CUST00002587,358,High,2026-03-17 06:25:08.885810,v2.1.0
8a8e148a-51ea-4efd-aafd-4adec436549e,CUST00000843,356,High,2026-05-28 03:41:35.633747,v2.1.0
4d102b80-8a5a-4bf4-a7d9-6dfa2b75544e,CUST00003339,695,Low,2025-11-13 16:32:36.096581,v2.1.0
7d975691-ccaf-42be-92fc-64bb6d7aab62,CUST00004202,341,High,2026-01-07 19:45:53.446010,v2.1.0
0065461c-3777-4010-95c1-9931815b61b9,CUST00002493,606,Medium,2026-07-09 00:21:39.234325,v2.1.0
c7da1b71-1841-49f8-9855-679c050a95fa,CUST00001594,680,Low,2026-01-31 08:32:15.666838,v2.1.0
3d7292c0-a0e1-474c-a7ce-31e2f43b89b2,CUST00005411,811,Very Low,2025-10-25 09:49:34.174753,v2.1.0
e4d0be95-b72b-4647-b5f4-a33a1dd9cefc,CUST00007837,470,High,2025-12-27 09:18:38.091761,v2.1.0
f42e6fe6-3cb5-4269-9afd-c4a6ffcf18c4,CUST00003634,300,High,2026-07-07 00:40:53.283390,v2.1.0
d45a4402-24ce-4612-857b-a7199afd9a97,CUST00000950,435,High,2026-03-29 17:06:04.954116,v2.1.0
b80e689b-8c97-4eea-a194-aee035a69ca3,CUST00009355,542,High,2025-09-20 13:46:02.510167,v2.1.0
bc038884-14cf-4ba3-bf09-9806cdeb3f6c,CUST00004598,603,Medium,2026-02-21 04:11:10.800457,v2.1.0
72342c88-bf68-4509-ab8f-57601fe257c5,CUST00001920,575,High,2026-03-05 09:31:04.075438,v2.1.0
49c349ba-f40d-4246-aa66-f35fdc6ed450,CUST00002654,510,High,2026-03-07 03:37:30.447490,v2.1.0
34d6f87c-4b12-4391-a492-d48217e3291f,CUST00002022,370,High,2026-02-08 21:39:33.555559,v2.1.0
875583bd-835c-4d73-b8d8-4bc91aabf788,CUST00009412,300,High,2026-01-25 02:25:46.852627,v2.1.0
c5f12d14-6d7a-4a8d-a49a-198236d3dd66,CUST00003000,357,High,2026-03-08 11:51:28.109109,v2.1.0
9d2afd41-eded-485b-a16f-bf17c5720232,CUST00005129,300,High,2025-11-08 00:19:24.780703,v2.1.0
ff8f9357-dfef-4af8-804c-ef92680de820,CUST00001748,564,High,2025-11-21 17:06:02.395848,v2.1.0
c2e817f9-8e60-4f1f-9712-13ad5f2d5066,CUST00009860,503,High,2026-01-31 00:30:28.457863,v2.1.0
eaa6efbe-d79c-49fa-8612-2804d32963e3,CUST00000509,454,High,2026-05-07 19:46:54.536589,v2.1.0
bf336590-0d65-43c4-bfe6-b31793cba34a,CUST00009691,320,High,2025-12-26 07:08:53.011958,v2.1.0
37f3c630-56a8-4447-b580-8193971a1b11,CUST00003752,530,High,2025-11-28 12:16:31.723928,v2.1.0
71251a42-d432-4031-9710-afd30b85d62e,CUST00004504,486,High,2025-10-20 19:18:46.296483,v2.1.0
c1b425be-9f47-4e91-91ef-a675af3878f4,CUST00004715,764,Very Low,2025-11-05 18:57:14.353490,v2.1.0
981b7e8d-4730-40dd-8909-7add8ab9f383,CUST00000710,499,High,2025-07-17 22:42:58.150805,v2.1.0
123d36df-0488-47dd-9aab-d6287afb6639,CUST00004176,429,High,2026-05-11 17:19:48.746286,v2.1.0
63ed9f3d-e25e-40e4-aa3a-6e4cc2e3894b,CUST00003811,483,High,2026-05-23 14:48:07.476019,v2.1.0
be5b058c-ccd8-4fc3-9e63-712d39d171fc,CUST00009822,557,High,2025-11-20 12:19:09.548040,v2.1.0
855bbab8-c833-4d7d-b3ee-b740360719a5,CUST00003207,388,High,2026-01-05 06:47:00.005376,v2.1.0
aabb08bf-bcfd-4e6a-b2c2-a04e422b4884,CUST00004385,300,High,2025-07-20 22:48:44.863373,v2.1.0
2f46bed0-2ff8-4060-a53d-34949e1c877e,CUST00008648,592,Medium,2026-06-19 16:42:44.073159,v2.1.0
f59fddc2-e949-4eef-9d56-766df156ef50,CUST00008252,507,High,2026-06-28 18:42:32.205239,v2.1.0
3ba842ba-19ed-4fcb-9594-7c29351ee2e9,CUST00003653,300,High,2026-01-08 03:45:43.596530,v2.1.0
7104c643-e855-464d-bedc-c8776d05079f,CUST00002760,441,High,2025-07-21 05:57:39.033824,v2.1.0
798ccb3a-bcd4-415c-b664-70b751f1bee4,CUST00001289,439,High,2025-12-22 02:59:57.545914,v2.1.0
d4edd7cd-eef8-43d2-9986-5e4c5898fb8b,CUST00004983,531,High,2025-11-01 21:35:45.566947,v2.1.0
343bc2e3-4bd1-4cdb-a85c-c7d21f5f978c,CUST00004262,655,Medium,2025-10-10 08:41:07.132420,v2.1.0
7ac8d7ec-8d48-49d7-b1f2-bba3147bc34a,CUST00006359,433,High,2025-07-20 13:10:40.047279,v2.1.0
49217e2c-66ff-4a39-b4df-6802e69308da,CUST00005015,740,Very Low,2025-12-01 09:10:45.169580,v2.1.0
1972f6a8-9431-43f8-82be-6d9336873fb0,CUST00002865,555,High,2025-12-15 07:05:04.121850,v2.1.0
cdbc26f5-66af-45bd-b1c0-914019d32053,CUST00000772,850,Very Low,2026-02-07 15:35:29.909240,v2.1.0
48343608-848d-4b40-935c-20bdebb876ce,CUST00002960,300,High,2025-12-09 02:12:31.162025,v2.1.0
13b4aa71-d87d-4a06-93bb-b33a45b0a58b,CUST00004547,439,High,2025-09-15 13:05:16.360991,v2.1.0
027771c9-ce9d-46aa-8bfa-f980b01eeae5,CUST00007665,785,Very Low,2026-04-13 03:18:17.522827,v2.1.0
23dab399-2416-4ffa-97c2-214c5ce6c560,CUST00009357,420,High,2025-12-07 06:07:38.339814,v2.1.0
7a7be328-6297-415d-b4ea-a1be35d411de,CUST00007743,319,High,2025-12-03 02:30:09.421569,v2.1.0
3c511b7c-63e2-4725-b216-42ff7ebad4e2,CUST00008450,300,High,2025-10-21 23:07:43.125465,v2.1.0
ade602c9-1893-42ea-9d77-a32c92b5dae3,CUST00007669,548,High,2025-12-19 03:09:20.730361,v2.1.0
a2964ca0-e5ff-441d-88d7-8c81ffabec18,CUST00009486,542,High,2025-10-13 09:50:52.949697,v2.1.0
c9e79a63-34ca-407a-abd4-0b4e3f76c2e7,CUST00000873,410,High,2026-04-23 03:39:57.108066,v2.1.0
0381f553-87d4-4547-be9d-9cc25a5f0e7f,CUST00007856,494,High,2026-06-15 06:20:54.881371,v2.1.0
8ed2ac48-fce9-4443-b91a-87f053cfb766,CUST00005092,420,High,2026-05-08 20:54:53.195289,v2.1.0
aa83cd92-8d9e-4a98-a7ef-0904cf1ca555,CUST00001224,373,High,2026-03-24 23:17:56.898438,v2.1.0
529a644b-3895-4747-8e42-d056b226a561,CUST00001321,300,High,2025-10-29 21:18:56.348241,v2.1.0
139112f9-bb2b-4f5f-9365-276ce1e4a0c7,CUST00003337,491,High,2026-04-15 06:13:31.802283,v2.1.0
d1650530-0944-4f05-9416-1a561d64a31b,CUST00007689,515,High,2026-05-09 07:43:45.014135,v2.1.0
ef0fe2f5-4932-4ec2-b4d8-d44925b782d9,CUST00006886,633,Medium,2025-12-15 17:19:22.624505,v2.1.0
efcf0327-95ee-41a8-976b-08a34ec53964,CUST00007166,441,High,2026-05-25 15:19:30.892915,v2.1.0
980557c1-e544-4249-9a0c-cfa605aa38c4,CUST00003215,488,High,2025-09-22 12:50:39.192291,v2.1.0
f9ebf496-3d45-4c41-a553-d765ff0cda24,CUST00002645,748,Very Low,2025-10-31 16:25:46.406576,v2.1.0
7bf8ff7f-a1df-4a2f-8663-59aab0e8c628,CUST00009008,435,High,2026-03-07 12:45:19.095542,v2.1.0
dc392b24-c9c3-48f6-abbd-c7a18cae298c,CUST00009188,482,High,2026-02-28 12:46:28.033956,v2.1.0
67e104c2-6f49-40ff-a385-7acd1e0b9622,CUST00005561,422,High,2025-10-25 07:22:08.911252,v2.1.0
d68c354c-213c-42b0-8c23-04e2ccc9fdab,CUST00001807,300,High,2026-03-02 08:49:00.637158,v2.1.0
59a27e53-de67-41b2-8d56-9a1acfd3fad4,CUST00009540,401,High,2025-09-24 12:01:25.861948,v2.1.0
e5be8ca4-77f7-45e2-97ae-e3096a650425,CUST00001253,499,High,2025-07-24 23:55:19.430539,v2.1.0
e7d99f49-482b-41ef-8b2a-d61330229a66,CUST00004551,300,High,2025-08-05 00:58:10.200277,v2.1.0
a43ed0b6-52bf-4e6d-ac4b-267204269141,CUST00003801,308,High,2026-01-29 07:19:54.822028,v2.1.0
f9e4cdf8-1411-4d4d-a0e3-0f506097dfd8,CUST00003379,551,High,2025-09-23 19:47:27.697026,v2.1.0
c1fc13ac-db28-435a-bab7-8691ffdb619b,CUST00007232,300,High,2025-08-24 06:24:41.481333,v2.1.0
55b99e90-fe34-4284-938a-023a87840297,CUST00003403,479,High,2025-10-24 05:36:23.741068,v2.1.0
7ba5105f-7f0a-425a-8c6c-efa1fa3b738a,CUST00002663,406,High,2026-04-05 03:08:33.536633,v2.1.0
8aecc9c9-6774-43d5-9992-57e3227ed75b,CUST00003608,300,High,2026-04-09 11:33:09.865846,v2.1.0
06373a6c-a953-4a16-82e8-0f1f645af183,CUST00003979,500,High,2025-10-10 22:40:03.422025,v2.1.0
638e77cd-82e9-48ac-9150-9dbf89336b95,CUST00000249,492,High,2025-09-10 22:45:49.541517,v2.1.0
7626d8fb-f861-4e37-a7a5-d748e4dac4bc,CUST00006979,550,High,2026-01-14 04:30:23.655196,v2.1.0
7d82715b-f0a7-4ecc-ac18-8ec54c73a835,CUST00002599,601,Medium,2025-11-19 19:01:57.664539,v2.1.0
0d414a85-dda8-44c5-a3f9-b2c35e88fecc,CUST00006076,579,High,2025-11-08 17:06:47.198708,v2.1.0
fc32a8d2-ce37-48c6-9792-dc4516f613d6,CUST00006464,340,High,2026-05-05 21:48:06.381986,v2.1.0
f1861516-d9db-408a-8f3d-0f334e19d8c1,CUST00001356,382,High,2026-07-17 09:48:53.008298,v2.1.0
9fffd29c-a4d5-436d-b74b-d1a910324a2f,CUST00002064,675,Low,2026-01-03 06:27:12.318839,v2.1.0
80eceaee-25ba-4bb3-ab8b-5d9f02d3a512,CUST00000549,436,High,2026-05-02 23:20:44.771945,v2.1.0
95ba7490-2e8b-4dfe-a924-bf44fce3faa6,CUST00005500,511,High,2025-11-15 12:47:13.368867,v2.1.0
fa726843-41b3-4f27-8191-f9fff97a206f,CUST00004105,519,High,2026-05-22 00:13:51.869780,v2.1.0
afb70d32-9882-41eb-8658-9e303f05cf34,CUST00003098,648,Medium,2026-06-30 11:47:23.790929,v2.1.0
104ddb3a-9c9a-4ecf-adda-ad1bc0118a17,CUST00006463,499,High,2025-08-07 09:07:31.240168,v2.1.0
a3f5f284-65e2-4548-8ff5-a2c03b32ce54,CUST00000377,477,High,2026-04-27 05:05:38.130987,v2.1.0
c75e8888-f5ae-47f2-baac-973b9401b66b,CUST00008362,300,High,2025-08-12 23:38:51.966637,v2.1.0
2dd0abcf-24a4-493f-a3f9-740715eab389,CUST00005717,592,Medium,2026-01-05 15:06:01.710377,v2.1.0
e9b23f50-ff79-4d67-98d7-8ef6f7c0303a,CUST00007433,425,High,2025-09-26 02:37:05.449115,v2.1.0
28c81096-88ab-4db0-bf3a-4ab32dd5a985,CUST00004600,478,High,2026-05-21 06:38:17.143159,v2.1.0
4448a93d-4b72-471f-acee-7341584434f7,CUST00005799,382,High,2026-05-12 09:43:49.343063,v2.1.0
3c8cdeae-5d4e-41c3-8b61-ce0f9b27a31c,CUST00008422,414,High,2026-05-16 10:09:55.201082,v2.1.0
aefcf9d1-bd70-46f7-b96f-cbf34031a57b,CUST00003232,509,High,2025-08-31 10:59:32.630703,v2.1.0
3a93a696-7d5d-4b35-9787-d51863589b59,CUST00005194,681,Low,2026-04-24 11:17:14.144594,v2.1.0
ccbfbf0f-edf3-4a0d-9e33-22a99eab5b2c,CUST00005920,314,High,2025-10-16 20:15:03.484464,v2.1.0
e5ef02aa-6301-4ae3-9798-ca1c79647549,CUST00000362,765,Very Low,2026-04-25 14:16:58.230856,v2.1.0
fed724cc-a14f-49f6-9602-3225caec2562,CUST00000939,525,High,2025-12-26 16:47:45.509515,v2.1.0
d1c417b1-d5e9-4705-806a-320c29430462,CUST00004993,431,High,2026-04-13 07:41:52.447732,v2.1.0
426fb817-b943-4b73-a731-c21aa1e699c1,CUST00001554,785,Very Low,2025-07-30 03:38:59.424366,v2.1.0
953b3dae-e8cd-48be-8651-8fce76cca3e3,CUST00001135,684,Low,2026-01-02 05:28:20.926206,v2.1.0
f396a129-220c-47ab-8aa0-fc722f12045b,CUST00000085,706,Low,2026-04-25 12:16:20.212620,v2.1.0
dfeba910-9f3d-43c3-8e19-515ce4dea706,CUST00007421,441,High,2026-01-24 06:05:13.630920,v2.1.0
5a60d6cd-2670-4d71-998b-cc242da5d8c5,CUST00002896,378,High,2026-07-11 14:53:54.644222,v2.1.0
73a897e2-7d0b-43a5-a112-4b194bd5bdf5,CUST00009427,426,High,2026-01-06 14:34:54.897353,v2.1.0
ed780696-575b-4c1a-8f33-97ac6e507e5f,CUST00004335,515,High,2026-03-23 19:15:59.393293,v2.1.0
fbd26561-5a49-4b17-906e-549f606ab7d1,CUST00007493,477,High,2025-11-08 21:46:56.852864,v2.1.0
5f188513-1aae-4d19-8017-0625eee46177,CUST00009031,515,High,2025-11-12 21:48:03.750273,v2.1.0
72bde94a-3eac-4404-b17d-87a812add58f,CUST00009442,439,High,2026-03-04 17:00:34.268239,v2.1.0
9b76588b-1504-4a93-9983-95981175925b,CUST00007855,575,High,2025-08-02 07:41:53.801341,v2.1.0
a6a1a9a5-c962-41fb-af5b-53b3d9f94c35,CUST00004101,477,High,2026-06-25 07:06:48.607939,v2.1.0
fe1d9c1f-bf9c-48cb-b4fd-a6c93582763a,CUST00004786,581,Medium,2026-01-24 04:13:16.238787,v2.1.0
28f6003b-273b-494d-a2f9-2c83ef791e1c,CUST00008994,581,Medium,2025-10-18 10:23:07.272191,v2.1.0
7b836c31-4482-4669-b32c-1e335304ca94,CUST00006984,642,Medium,2026-03-08 03:01:11.450727,v2.1.0
1534600d-be05-4bf8-b9a0-04d81a3ee3bf,CUST00005363,541,High,2025-09-28 11:52:13.185750,v2.1.0
ba1ea790-3003-4e12-ab3a-c90f3ce1a8a4,CUST00008368,367,High,2026-06-07 01:41:24.956038,v2.1.0
c7669c78-104d-4089-9b7d-bb7e33f5b215,CUST00003750,522,High,2026-05-29 08:31:20.952436,v2.1.0
6cc4325d-059b-46e2-9ffc-f74afe5ed46c,CUST00005840,457,High,2025-10-05 10:59:10.279334,v2.1.0
d35bda05-3b09-49ed-a23c-7dcb3b0860f5,CUST00007060,300,High,2025-08-28 03:48:37.577529,v2.1.0
533e0a03-c783-4800-89db-a93d0201af26,CUST00003347,683,Low,2026-03-06 01:50:05.148994,v2.1.0
6610a315-e46f-4a0f-868c-b392fbd5a148,CUST00009358,585,Medium,2025-11-13 10:30:50.457582,v2.1.0
cc3c7994-abf7-46b8-9d4b-005b0d43973b,CUST00004465,472,High,2025-09-17 00:56:50.584042,v2.1.0
6d99fee7-b7c6-41d2-9214-0c69e2258599,CUST00008022,491,High,2025-10-26 18:08:00.192998,v2.1.0
6e693da8-30f2-46c0-a34c-f17d0ed4107c,CUST00001025,745,Very Low,2025-08-30 14:43:34.587591,v2.1.0
07ff2a7b-1de5-4148-944f-8dceb3be1379,CUST00003541,300,High,2026-05-02 03:21:05.937652,v2.1.0
223c977d-81ab-4c53-b5dc-32e076a410d6,CUST00004288,509,High,2025-07-21 04:11:01.104818,v2.1.0
24decb1b-a14d-40ab-87d7-7ebd28605fcc,CUST00005317,300,High,2025-08-02 06:00:37.659949,v2.1.0
314519f9-8424-4ee4-840d-05a423a2054e,CUST00001303,470,High,2026-04-30 01:39:45.319139,v2.1.0
8c953e9a-7353-4663-b233-6b5270e19d97,CUST00005116,396,High,2026-01-07 12:00:55.338222,v2.1.0
f8c79fa8-7123-43f9-83e1-80add2bf5727,CUST00001743,670,Low,2026-02-20 16:09:37.643987,v2.1.0
9afe8178-d8f0-465d-aca0-3c662d787cf3,CUST00001382,560,High,2025-11-30 13:29:53.568613,v2.1.0
97d0c21b-aecb-4537-b909-502c369f78d7,CUST00002889,380,High,2025-08-19 14:15:57.668377,v2.1.0
44d4e647-51a1-4015-af87-b6183923dbfb,CUST00007189,349,High,2025-09-13 12:15:12.549828,v2.1.0
3843b9b6-c188-4bc8-bb60-95386c8a771f,CUST00003846,556,High,2025-08-20 07:06:38.656054,v2.1.0
2486e1a9-d7c2-4bd1-a22a-23ad5183ed02,CUST00007370,742,Very Low,2026-02-28 20:47:56.475483,v2.1.0
09617362-9036-4fe3-a2a9-e526961f8604,CUST00006089,300,High,2026-06-22 21:30:13.348975,v2.1.0
3c2d19ec-fb35-4112-95c4-5a6cc828f367,CUST00003388,469,High,2026-07-17 01:08:01.009952,v2.1.0
d43aee8c-2450-4f04-a14c-7454ab11e9e7,CUST00002217,603,Medium,2026-03-03 05:39:59.909483,v2.1.0
ac22c4a8-caa2-4b30-a3cb-f99c8e7d4258,CUST00008450,674,Low,2025-08-08 17:52:52.047564,v2.1.0
71c6255b-8623-4fc1-9d16-1e15bfa680b1,CUST00005952,604,Medium,2026-03-10 08:05:43.845746,v2.1.0
f6b42c28-ac4e-4d66-b133-90aa9c69b586,CUST00009463,300,High,2026-03-31 01:34:50.964077,v2.1.0
7d805c88-df7f-4cff-8eae-dc182ffe2568,CUST00005979,544,High,2026-05-02 23:42:35.326344,v2.1.0
b9c28b5d-b91c-40fa-8127-640bb06ee498,CUST00007128,358,High,2025-09-01 20:52:47.863093,v2.1.0
2a52d2f2-4353-4f68-9fae-3f648426e112,CUST00001548,549,High,2025-10-10 21:28:35.899822,v2.1.0
5dd49e8d-8ae7-4f95-8ff7-e79d98738826,CUST00007019,575,High,2026-07-11 11:02:25.248498,v2.1.0
04bcd8c5-7612-4271-a520-acc03650eb41,CUST00003416,492,High,2026-05-01 22:15:01.356034,v2.1.0
bbf88ad2-3d90-479c-afb0-c59f22927177,CUST00002938,776,Very Low,2026-04-20 06:56:07.971520,v2.1.0
12b8c07e-b700-4f13-96cc-b0c2bb6b2010,CUST00008968,464,High,2026-05-08 02:56:55.650244,v2.1.0
d42597b1-e113-45db-a7b0-2ec35c1154d3,CUST00005926,494,High,2025-12-25 03:36:40.445445,v2.1.0
a52cc259-4192-4a4c-9183-f56f7dcece26,CUST00000645,585,Medium,2025-09-26 09:23:38.999287,v2.1.0
9c7979f8-ea8a-4f5d-bfcb-eb818bf46f9b,CUST00003251,534,High,2026-03-26 15:42:23.665829,v2.1.0
557c4586-c49d-4dfc-8420-59058d2c37b5,CUST00001236,522,High,2025-11-25 17:31:01.154513,v2.1.0
b5db44ef-c804-4cc7-b6dd-c237331d6ee5,CUST00006653,531,High,2025-09-05 02:56:11.638081,v2.1.0
0688ea42-0e4a-44b2-a57e-df846146e884,CUST00006700,577,High,2026-06-11 03:22:16.440986,v2.1.0
780ecf6c-191e-4909-9361-a268e79d73e8,CUST00008648,377,High,2026-01-11 03:56:55.296446,v2.1.0
81e10593-1cc4-4999-87dd-a95c89cbc94d,CUST00005418,566,High,2025-12-24 16:55:36.131436,v2.1.0
c428fa61-ac2b-4dd2-a9c8-a9d869c883f7,CUST00008717,434,High,2025-11-02 13:18:14.715232,v2.1.0
7a35b64c-174f-4e30-a8b0-fb137b5592e1,CUST00002848,362,High,2026-03-29 11:58:21.047565,v2.1.0
ccbb5ee7-9a4d-460e-8932-08b8cb78b354,CUST00002314,850,Very Low,2025-09-25 05:26:09.962763,v2.1.0
1284f7ca-ecd0-4ea6-a6d0-ce4a182dbca4,CUST00009999,346,High,2025-09-24 01:49:54.415990,v2.1.0
8658ba4f-b2bd-4415-9035-b0e8c24239c8,CUST00000210,411,High,2025-11-21 21:27:06.492304,v2.1.0
bc7a1417-b0b3-4eaf-b205-1e8ec32746c7,CUST00005185,392,High,2026-04-11 09:58:13.502006,v2.1.0
152f2165-c081-401f-b34b-cab3e57db488,CUST00006386,326,High,2025-10-26 11:20:05.388761,v2.1.0
882d8751-d5f1-4a86-8c34-6585e5354b20,CUST00001859,693,Low,2026-05-17 13:19:03.642351,v2.1.0
4398b240-4464-4544-abac-5f93a379e5cd,CUST00002459,679,Low,2026-06-16 21:57:58.659285,v2.1.0
885b9b4e-b946-4dc5-a7c0-ac4ea44ce3e0,CUST00007924,337,High,2026-02-05 10:41:55.034548,v2.1.0
e7b89704-76e8-42f8-b36e-ea4f578981ea,CUST00000796,375,High,2025-08-12 01:39:44.157710,v2.1.0
1922f750-6f06-4f73-9f2a-50aa3a6fc07e,CUST00001508,413,High,2025-09-12 12:49:22.084897,v2.1.0
1366fa0b-4a5c-4166-9351-01087e37673d,CUST00005280,436,High,2025-11-02 21:42:08.112245,v2.1.0
cd926a5b-0e6b-4493-93f0-4cb8ecd6ae89,CUST00001373,469,High,2025-10-22 02:21:47.354326,v2.1.0
0ffd093c-7341-47f7-80d0-68292203a55d,CUST00009757,437,High,2025-11-28 23:55:42.777188,v2.1.0
0ad82dd3-2cd6-4c6f-af81-e02c318c8bb6,CUST00008397,616,Medium,2025-07-18 04:12:59.445016,v2.1.0
6e460ce0-7c2f-4faf-878d-55e5405c7a14,CUST00009944,507,High,2026-03-07 22:41:24.013650,v2.1.0
38718619-0efb-4fce-8d33-d29ec6969c86,CUST00004794,760,Very Low,2025-12-03 08:30:41.860466,v2.1.0
b5be52e2-2ccc-489a-b1b4-27a4279c12d5,CUST00000660,595,Medium,2025-09-23 16:15:20.611543,v2.1.0
a83fe89b-905a-4c87-84cb-47c2a99c4590,CUST00007736,574,High,2025-07-24 18:00:01.572307,v2.1.0
ebdaad3d-cc2c-4937-a250-ddd14ed4c432,CUST00008142,549,High,2026-05-26 20:39:59.649031,v2.1.0
0f4c75a4-727a-42c7-bd53-6c662e6f76fa,CUST00001559,619,Medium,2026-04-27 08:16:53.961626,v2.1.0
8ab5ca7d-deb7-492c-a311-c623fee4827d,CUST00005065,492,High,2025-10-13 03:03:08.377972,v2.1.0
92a22321-2b6e-4493-9181-543a49b55818,CUST00005553,378,High,2026-04-07 06:03:03.082676,v2.1.0
e5334662-3d10-4fab-9023-a6490b7c4181,CUST00007215,549,High,2026-03-15 08:18:49.355849,v2.1.0
83ef7b4d-39de-40c0-bc05-1412257ebdc9,CUST00003234,300,High,2026-01-30 18:16:12.667401,v2.1.0
a19a8b66-970a-4a62-b4d2-5150f7d8dbca,CUST00002162,535,High,2025-12-06 10:33:30.146002,v2.1.0
606db02e-b334-45ff-86f5-f44c7e99bff5,CUST00008711,300,High,2026-01-25 07:46:35.339932,v2.1.0
b713ec91-4251-4eaa-9a58-e5f9558eb01f,CUST00005473,565,High,2026-01-15 15:18:11.475558,v2.1.0
5584f6ab-c998-42c7-9b55-6bcf0c419952,CUST00001957,810,Very Low,2026-02-04 07:56:28.005862,v2.1.0
fc526144-b855-4c4b-9cf4-d3d176097217,CUST00001003,374,High,2026-02-26 19:39:41.528496,v2.1.0
42cfbaf4-af9e-4c09-a2e7-d5026df973e1,CUST00003562,305,High,2025-11-12 17:44:28.293118,v2.1.0
095e0005-34b0-4fa9-adf1-e8c787dcb0d6,CUST00003844,450,High,2026-03-08 23:55:00.113590,v2.1.0
28bda7b2-4456-4ebf-a47f-3e17d4002848,CUST00009755,446,High,2025-08-27 06:12:31.515350,v2.1.0
5f1b0033-f89b-4553-bca9-af887d0bafa4,CUST00002981,497,High,2026-01-25 00:09:25.290379,v2.1.0
05ec4d6f-b3ee-4271-a36d-202605d771bd,CUST00003783,648,Medium,2025-08-11 06:24:22.205110,v2.1.0
f3554729-3836-4d33-9be0-3fa3d0da65ca,CUST00005998,715,Low,2026-05-18 23:00:40.304150,v2.1.0
2455bdb8-f99c-4880-9d36-0954f49926e5,CUST00008747,416,High,2025-09-03 07:28:36.261925,v2.1.0
ee5a5146-8a44-470d-8e5b-e67c0474133f,CUST00002687,573,High,2026-06-01 22:44:04.980017,v2.1.0
862ed846-e3bd-4279-af16-0d0c4e9f53dd,CUST00008759,589,Medium,2025-09-29 17:16:58.559468,v2.1.0
0926545e-89a7-4e80-9901-d39daf5531a8,CUST00008576,472,High,2026-01-11 04:32:46.016572,v2.1.0
ffcd4e79-6387-4c01-8793-438dba2979d7,CUST00000390,300,High,2025-08-22 23:33:24.862921,v2.1.0
e0d55f07-a418-4ee7-9cee-7fe3a7c061c9,CUST00008416,598,Medium,2026-02-11 11:15:44.659794,v2.1.0
df602c1e-3545-41c4-9bb9-c556b0fbcce1,CUST00008060,850,Very Low,2026-05-19 08:42:27.378046,v2.1.0
c3f76208-cb00-4227-bb4f-ffeb533d501c,CUST00008932,545,High,2026-03-15 05:05:11.456486,v2.1.0
ada8f1fe-d47c-4521-a176-1acff4968bc0,CUST00004434,628,Medium,2026-01-25 23:07:49.923183,v2.1.0
2566a932-dfed-4232-9853-d6a4094ffeaf,CUST00006484,466,High,2026-03-31 01:27:25.431931,v2.1.0
21923173-c1c7-450c-b186-a43ca9e165e5,CUST00007892,487,High,2025-10-19 09:24:08.633977,v2.1.0
410e5da4-735c-4a1a-9715-589403cb6657,CUST00000848,660,Medium,2025-11-28 17:16:41.094654,v2.1.0
92aa1bc6-c8cd-4d01-a60b-20f764dbe121,CUST00005929,300,High,2026-02-24 05:33:02.548147,v2.1.0
fbc17bb5-bae6-4935-8787-5d420915adf6,CUST00001494,517,High,2025-08-12 19:10:14.874977,v2.1.0
9971d8f5-8cd7-45da-b2c6-b81677c90eba,CUST00009168,446,High,2026-06-22 15:54:48.112870,v2.1.0
56e1918d-0311-4bf9-baaa-4f3cf13a4429,CUST00008495,664,Medium,2025-10-02 03:39:16.909518,v2.1.0
dfb7a02a-d3f0-4c99-aba5-1d04121697eb,CUST00004740,452,High,2026-01-13 09:26:57.677520,v2.1.0
24c67ea5-38f4-477f-bab6-498f808b8761,CUST00003944,508,High,2026-06-07 21:23:36.581610,v2.1.0
10c7592a-7759-4835-aa9d-84efe3e08b19,CUST00005833,707,Low,2025-08-16 02:47:19.731024,v2.1.0
48ad7cd9-b6be-43ee-aa22-68a3954ca2c9,CUST00001431,413,High,2026-05-06 11:27:19.061670,v2.1.0
8dc9fb73-8b14-459b-9f11-d09ebd457f14,CUST00008926,574,High,2025-08-09 01:59:23.816893,v2.1.0
8c9eb0e7-3e2e-4c5d-af5f-68f5d15a5324,CUST00008210,493,High,2026-02-06 17:22:30.334755,v2.1.0
ef52c1bc-fd04-4928-a14b-c256f0d7c627,CUST00003171,768,Very Low,2026-06-25 14:19:37.721056,v2.1.0
360dbf5b-853d-4f28-b2f3-9728a91ea182,CUST00001254,526,High,2025-12-16 20:03:09.406266,v2.1.0
6b0cdaed-e5bb-466d-b1c3-8f8e2388144b,CUST00003063,680,Low,2025-11-29 17:04:25.981017,v2.1.0
d3e89cfc-2711-495e-af50-8a15c0ab98c2,CUST00008543,350,High,2026-04-02 15:52:01.926058,v2.1.0
f61e624c-0e57-4f97-9254-6f6a40270d75,CUST00006834,505,High,2026-05-14 17:45:47.645073,v2.1.0
0b52ef56-cfc5-4b6f-b5c3-5527924251ac,CUST00005962,598,Medium,2025-10-22 23:58:57.802484,v2.1.0
613a4874-8d27-41e6-aa09-d0f25c4b55fa,CUST00002990,549,High,2025-08-01 18:15:44.793889,v2.1.0
ce73f08d-5904-45ce-9d86-c6b3a3c8ef22,CUST00003764,590,Medium,2025-08-12 14:54:43.623644,v2.1.0
0a2c02a6-6949-4ad9-9320-69a69aef5532,CUST00006493,439,High,2025-11-05 21:51:39.617828,v2.1.0
3eb1d129-416b-4ba8-86ab-605cf9890de5,CUST00009969,331,High,2026-06-27 22:04:26.706383,v2.1.0
935e5757-549c-4640-8b00-eb33d1fb7b5b,CUST00004202,363,High,2026-07-03 18:10:46.330858,v2.1.0
2c763f3b-b166-476c-9bcf-bf1990a56b4d,CUST00005490,354,High,2025-08-22 09:13:50.537743,v2.1.0
4ad783c1-c6cd-4842-b9a6-b0e091170ed1,CUST00008154,377,High,2026-04-08 18:35:23.238269,v2.1.0
ae1f4828-5f71-4d76-9599-807f819ce912,CUST00003526,300,High,2026-01-28 02:19:11.440590,v2.1.0
4b8686c4-c020-4b3b-9726-320164b75685,CUST00002455,575,High,2025-09-25 02:40:16.238858,v2.1.0
a8b232da-e0d1-421a-b9e9-264bc49d06b8,CUST00006075,461,High,2026-01-26 02:22:46.717050,v2.1.0
ac24e7a1-0888-4f47-bd95-5648a16c68f5,CUST00006893,496,High,2025-10-16 18:30:13.234418,v2.1.0
d455b755-62ff-4d6e-9e8e-63203ee36a51,CUST00006884,643,Medium,2026-03-03 07:21:21.628721,v2.1.0
5c8e4076-2b95-4dd7-ac65-1a4e4fc0a89b,CUST00009930,446,High,2025-09-21 06:04:57.537090,v2.1.0
c5c4f996-76b7-4ce4-9dbf-9bc923d20faf,CUST00007718,535,High,2026-04-17 13:09:52.567381,v2.1.0
6bc13de8-3039-4b6c-95ac-246e9a3143fc,CUST00007526,531,High,2025-12-16 13:18:54.821347,v2.1.0
53694e5f-a6df-4dad-985a-aa6d404a66bc,CUST00009972,543,High,2025-08-25 10:49:07.182448,v2.1.0
f59e6034-276b-4369-8302-54dea08fe136,CUST00002366,594,Medium,2026-03-08 03:56:02.434752,v2.1.0
9cb9b758-bc2b-40f4-ba69-e06e4d9e4607,CUST00004778,300,High,2025-11-25 15:43:39.434475,v2.1.0
687da73d-e62b-45b6-a9c8-3c85b5580fc4,CUST00008955,300,High,2026-01-01 10:56:28.633026,v2.1.0
5a2eacec-588c-4314-8c48-4f28989601e4,CUST00008915,521,High,2026-03-17 21:15:41.365607,v2.1.0
cafe50d5-7122-406a-8c06-5629b7a6418d,CUST00007670,574,High,2026-06-05 08:31:48.513820,v2.1.0
f65a3783-aaaf-4adf-8d74-b39bb8a27ed6,CUST00001390,300,High,2025-09-16 20:07:01.638979,v2.1.0
adfe29cb-f754-43af-bc31-4044c47b79f7,CUST00000550,338,High,2025-09-21 19:13:09.943916,v2.1.0
33ae359d-861b-4e62-baad-745536667088,CUST00002027,637,Medium,2025-12-11 13:51:37.716671,v2.1.0
4c29c8b3-4fe1-44c4-a69d-27b083376bfc,CUST00004525,404,High,2025-11-18 04:27:48.552914,v2.1.0
22a9cb83-695d-4483-b7af-121cd90c7ca5,CUST00003846,343,High,2025-09-13 16:26:36.660231,v2.1.0
ae1bc77a-b326-40ed-bad6-8d0135f06624,CUST00002233,678,Low,2026-07-17 13:56:08.646822,v2.1.0
ba792a9e-2fbf-45ea-9b8a-afa469e7682e,CUST00001060,586,Medium,2025-12-26 17:14:42.093423,v2.1.0
6738cd2d-8890-4dd8-bdb7-f7cf9f3f6e93,CUST00006854,525,High,2025-11-23 14:17:41.829750,v2.1.0
eba90db0-9dca-4842-9c00-d7d2659ac85f,CUST00002904,553,High,2025-11-10 00:28:47.012347,v2.1.0
33e22f4b-b0cf-4c08-a27c-190438117258,CUST00004111,375,High,2026-07-15 00:49:59.848707,v2.1.0
9fae2d1c-72e6-4104-8656-d0e426ac6926,CUST00008404,501,High,2025-11-13 11:44:47.997040,v2.1.0
6961682e-0459-4945-b628-3c2fd5d6cb99,CUST00001566,300,High,2025-11-30 16:18:38.519972,v2.1.0
04932e4d-f03f-4029-83a3-558817427c0e,CUST00006727,510,High,2026-04-23 00:33:48.353285,v2.1.0
407cd6ea-0d0b-4d13-bec9-93ff7f3ee93c,CUST00002736,419,High,2025-12-22 04:20:18.135992,v2.1.0
84c4f07f-10f0-4c1a-9f48-fd9fc7282655,CUST00004278,608,Medium,2026-04-09 00:41:18.862775,v2.1.0
0c35fec4-1d57-4615-a3d1-ae891ce21214,CUST00007797,432,High,2026-02-25 03:06:44.104072,v2.1.0
7232013a-eda0-4763-90db-a911c94236ea,CUST00009320,334,High,2026-02-08 14:17:52.716193,v2.1.0
4b1721aa-e30a-459e-8147-ee9ef6e213e5,CUST00008237,397,High,2025-10-04 01:08:57.712104,v2.1.0
fe377762-3fdf-471f-ba88-a143952b46fc,CUST00007479,359,High,2026-04-23 13:55:16.140029,v2.1.0
d06e8b6d-e905-4cce-a71e-ff96f1f0dc2e,CUST00009977,493,High,2026-06-21 04:17:17.933469,v2.1.0
985b6574-b16d-4137-bb7b-0e6de260f694,CUST00008715,302,High,2025-10-18 17:11:27.506985,v2.1.0
6b3ee3cb-339f-4539-a382-3d663f4ef332,CUST00004110,586,Medium,2026-07-04 03:30:55.207529,v2.1.0
e96d0713-abb3-4990-869c-ea68a6544f55,CUST00003391,525,High,2025-12-28 08:34:56.701473,v2.1.0
99671c29-6d3e-432e-b42e-c2f35ee8928a,CUST00009391,608,Medium,2025-12-09 22:42:26.023324,v2.1.0
dbac6adc-4477-49a8-a0e3-00c25caefa5e,CUST00003403,418,High,2026-04-09 04:35:40.377784,v2.1.0
849f3d49-1898-4e06-8b40-c9ab00e73de7,CUST00007740,326,High,2026-07-11 22:16:01.860473,v2.1.0
daa71333-9cc9-401a-8cf6-893164f57441,CUST00006965,528,High,2026-02-20 12:13:14.238381,v2.1.0
7a47c3fd-8977-49d0-a630-a0845fe5a6c7,CUST00006117,461,High,2026-01-22 23:08:45.888053,v2.1.0
29a7880b-15c4-4949-a9ed-1ea5dcd842e9,CUST00004242,577,High,2026-07-15 17:55:04.524742,v2.1.0
4d217676-cf21-41e1-a6c9-e3d701c70524,CUST00008084,526,High,2025-11-05 03:46:41.386948,v2.1.0
8b383591-299f-40a9-afe3-409807573a94,CUST00005880,613,Medium,2025-11-04 14:33:43.542090,v2.1.0
496df0c2-e9a5-479b-ac13-603de526d68b,CUST00005070,334,High,2025-10-06 22:54:44.123706,v2.1.0
b999129d-2d60-4a8d-908f-7144d4009b72,CUST00003961,559,High,2026-05-26 10:56:47.557570,v2.1.0
25cd5a95-6107-42fe-92bb-105dbb6aebed,CUST00005668,432,High,2025-07-25 20:08:08.449925,v2.1.0
0bcbf9ea-a243-4509-9178-50786b7f9b34,CUST00008151,636,Medium,2026-05-14 02:50:05.140524,v2.1.0
7e275918-457f-41b3-a66c-285824d1b1a2,CUST00003458,762,Very Low,2026-03-26 19:49:10.200765,v2.1.0
dd3c00e7-3582-4fc3-8da8-7a57a058ad1d,CUST00002576,528,High,2025-10-26 16:52:50.511534,v2.1.0
775ce584-3a6b-4a72-a5bd-0743789df9b1,CUST00000564,618,Medium,2026-02-05 03:11:05.961152,v2.1.0
949bc3c1-ea38-4ac1-875a-7fb87d45b4d1,CUST00004449,505,High,2026-02-06 02:30:04.740042,v2.1.0
fea6db4b-ffab-42a4-935a-af351981cfa9,CUST00005348,492,High,2026-06-21 02:19:14.317805,v2.1.0
a361e417-3724-4bc9-89b6-387a89af6500,CUST00001019,850,Very Low,2025-09-12 10:05:57.664002,v2.1.0
677a8be0-ec3d-4630-a6e3-bbe147dbaa96,CUST00003344,359,High,2025-07-31 16:41:38.459360,v2.1.0
783317a3-31b5-48e1-a55a-d66d448e20a2,CUST00003784,300,High,2025-11-24 19:29:58.713311,v2.1.0
777f0ed4-ce39-418f-9d5d-5581f5f6173a,CUST00009682,563,High,2025-09-06 11:09:34.821772,v2.1.0
e233e074-bc2a-498c-896d-320921e29f31,CUST00006996,682,Low,2025-11-28 23:40:01.945340,v2.1.0
8b0583ca-4659-4483-b190-3f2ba1165076,CUST00000909,730,Low,2026-02-15 12:56:37.936492,v2.1.0
63b89918-4270-4c5e-9819-48df9d368cb4,CUST00000203,747,Very Low,2025-10-11 00:16:38.835471,v2.1.0
434131e1-036f-4da0-bd0c-157b812a14eb,CUST00009779,574,High,2026-05-10 03:35:19.566552,v2.1.0
13a04333-7240-44d0-bf49-3ecad7c581a0,CUST00002366,421,High,2025-08-20 11:31:29.649451,v2.1.0
06386d22-5f5c-4b25-a4b1-b99b914b4762,CUST00007499,539,High,2025-12-10 22:26:31.780475,v2.1.0
2586499d-221f-4b7a-8646-b9b5402b379d,CUST00004009,677,Low,2026-06-18 03:50:17.747345,v2.1.0
e224e006-e169-4988-bfe9-6bbbc108c8dd,CUST00008665,815,Very Low,2026-04-12 02:18:20.860303,v2.1.0
aa66d4c2-ec43-47d3-b3f7-83cf6c392a2b,CUST00002048,300,High,2026-04-08 04:38:23.657218,v2.1.0
057ef0e2-cb4f-4300-a3aa-8b7c7afb19f0,CUST00000653,300,High,2026-05-03 12:18:52.333268,v2.1.0
e105ffad-47c7-4792-b892-b02b6d7cb640,CUST00007393,500,High,2025-09-19 01:31:42.257695,v2.1.0
dd124dbe-55fe-49df-af51-12b59b3e1d8a,CUST00009899,381,High,2026-05-15 11:50:26.410869,v2.1.0
e7532593-5f27-460b-b599-be1ae0e48301,CUST00007295,543,High,2026-03-26 18:43:54.550725,v2.1.0
77ae4abc-7823-4662-bcb5-689f2ef0baca,CUST00007212,499,High,2026-02-13 09:01:19.670917,v2.1.0
1c4a8883-8921-4762-97d4-d3ae7c6b705f,CUST00006245,374,High,2026-06-14 10:11:53.478146,v2.1.0
15b7da07-da0e-44d4-b86f-a907737b3840,CUST00008084,526,High,2026-02-20 07:33:37.918135,v2.1.0
0e9f4f42-accb-4453-b1f9-7d4fcdb582f0,CUST00008928,631,Medium,2025-11-04 15:04:54.607713,v2.1.0
1da34580-09e9-473d-be21-cb51dec9b216,CUST00006496,540,High,2026-04-10 19:49:50.966863,v2.1.0
314fd0d7-8da3-4765-88df-92906f0e4cce,CUST00006132,424,High,2026-02-13 09:28:16.460710,v2.1.0
6413c190-9958-4e73-b217-bf140f05177b,CUST00009133,357,High,2025-08-15 13:49:14.465105,v2.1.0
db25c0c6-59d3-450d-988e-1cc81a5ea0c2,CUST00003940,547,High,2025-08-07 08:06:42.158742,v2.1.0
83fd170b-5b85-4ae6-8608-11e91662989e,CUST00009023,528,High,2026-04-25 11:26:39.233322,v2.1.0
e40fca56-a4c6-4721-9d3b-391ef16c8e9d,CUST00006711,514,High,2025-11-21 23:46:45.687239,v2.1.0
bfe5326c-c5f1-400b-86b1-fe9c89f8add7,CUST00000514,581,Medium,2026-05-12 08:46:28.902960,v2.1.0
66e56914-596f-4010-b026-24f7e5d50c9e,CUST00001260,607,Medium,2025-12-17 01:02:09.723351,v2.1.0
3950c8e7-de90-47ff-9d33-83f71e81b83c,CUST00006258,441,High,2026-05-30 21:06:20.819080,v2.1.0
f2071bd9-375f-442c-aa57-545eef66e019,CUST00002947,351,High,2026-05-31 14:14:47.402484,v2.1.0
8a464f37-9bd5-470c-8f60-1cade2179085,CUST00001303,341,High,2025-10-08 17:15:33.701710,v2.1.0
0c7d38d4-1e1a-4f7c-9a1d-55dc0283b770,CUST00009561,454,High,2026-03-13 08:00:44.349287,v2.1.0
672d02a9-5bba-493c-bcbb-08abf50f6eed,CUST00000055,398,High,2026-02-22 21:32:17.666496,v2.1.0
e7233e3d-ce32-46d1-8ddd-a6aaf8c883eb,CUST00009737,300,High,2025-07-22 02:08:15.741360,v2.1.0
66fd1f14-d28f-4d52-b95d-3aa0b25d81ff,CUST00002785,746,Very Low,2026-04-27 20:34:18.094256,v2.1.0
c091633d-7037-4087-861f-5255d76e2d1a,CUST00008672,328,High,2025-12-04 14:41:44.089122,v2.1.0
596475d9-a5bf-4bf5-8824-7302df83301e,CUST00009540,523,High,2025-11-06 05:33:53.066275,v2.1.0
21c2b19e-086b-43ec-b93c-cda6416d68a5,CUST00006016,500,High,2025-08-01 22:54:01.459411,v2.1.0
bfb78f57-082b-48fc-b633-1e6ad8fd6735,CUST00003162,424,High,2026-01-31 02:48:03.930448,v2.1.0
9c65a14e-9cd0-4e7b-9b91-570fc25023f3,CUST00005632,693,Low,2025-09-10 13:05:21.175737,v2.1.0
ba61f5d7-5800-4ad1-84a5-a73d779c18f6,CUST00002439,627,Medium,2026-01-17 09:50:18.986858,v2.1.0
1661ccdf-e05e-4dae-89cf-ae0ce9bf33a0,CUST00004465,300,High,2025-10-06 13:21:42.155349,v2.1.0
1a3a4994-450d-4bba-b703-96b61a33f7e3,CUST00004449,678,Low,2025-08-05 08:45:04.437769,v2.1.0
a1431417-eb38-4730-a2a9-75d591bb0a8f,CUST00007120,620,Medium,2026-04-11 02:44:55.909245,v2.1.0
926323c9-b2e6-45bd-8ab8-0e678bf9de97,CUST00003027,320,High,2025-12-08 09:49:19.785473,v2.1.0
597fe4c0-96d8-43c2-94e8-426a5ba8817a,CUST00005787,572,High,2025-12-27 16:04:17.916062,v2.1.0
a20bea22-5a28-4700-a750-96c6995d0055,CUST00006276,300,High,2026-02-20 06:41:33.445793,v2.1.0
07f10ac9-7d2b-46c3-b451-e0f5c8ca39c2,CUST00009233,326,High,2026-01-18 06:14:34.726710,v2.1.0
41bfd727-4906-4f76-a582-0c15ee790102,CUST00007781,390,High,2025-10-07 00:39:21.536968,v2.1.0
ede67289-669e-4ea9-b0e0-5a92bd42b268,CUST00009718,581,Medium,2025-10-31 18:04:30.548378,v2.1.0
4f90d332-5307-41a1-ae86-d0abb357c435,CUST00001733,673,Low,2025-12-08 22:26:31.998065,v2.1.0
0906e736-6072-4343-9e34-c928bf1fe523,CUST00001712,300,High,2025-09-04 04:38:38.806861,v2.1.0
e35f06fd-623b-47d2-a6bd-f879fa11fbad,CUST00007666,439,High,2025-08-17 01:28:38.327626,v2.1.0
d8b762e9-a355-4a86-9c66-99b806c11c08,CUST00000426,611,Medium,2026-02-11 15:01:03.854428,v2.1.0
ac022b61-92e6-41b0-8206-b8f25588d284,CUST00006336,788,Very Low,2025-08-04 22:09:21.303668,v2.1.0
62d8daf0-1420-4692-99da-cfb13f49aa72,CUST00005515,300,High,2025-12-10 17:07:18.453300,v2.1.0
0eac13e9-16d1-4d8a-98a4-de62db4b106b,CUST00001237,455,High,2025-08-17 23:41:19.146683,v2.1.0
ae10aba6-6b90-446e-9451-8464f3838d9f,CUST00003598,327,High,2026-01-17 04:46:03.577870,v2.1.0
13ac43eb-8e5d-444c-9a62-6af79a8263b1,CUST00002736,352,High,2026-04-26 13:04:19.544470,v2.1.0
b7a45b84-a2fe-4f99-8719-680c613f542b,CUST00005999,671,Low,2025-09-03 12:44:38.975121,v2.1.0
67c4c6c0-143c-47e3-bb02-5db28a7eba5b,CUST00001650,453,High,2025-09-05 04:09:05.085018,v2.1.0
9aeb2994-fb08-4e8f-9155-bc97bf8e733d,CUST00000949,635,Medium,2026-02-07 04:33:45.813293,v2.1.0
7c3b4343-a00a-48d7-be0c-37723d3a0c66,CUST00003691,440,High,2026-01-12 02:22:47.931195,v2.1.0
bc79a367-c3af-439f-9f94-6628723a9338,CUST00003451,300,High,2026-03-13 03:21:35.795278,v2.1.0
21306f52-5e0b-451d-b2ba-8a7f6b2c6003,CUST00005891,590,Medium,2025-09-27 12:51:57.852293,v2.1.0
1303e948-73ca-4e37-8e3b-3d7578963f4f,CUST00004621,370,High,2026-02-27 21:35:13.580795,v2.1.0
f7eca17c-0108-432a-b11a-12d3f1f4aa0a,CUST00007650,551,High,2026-04-12 14:35:37.101277,v2.1.0
80680eda-e6ee-4f95-b313-b5e0fda77b4b,CUST00009879,561,High,2025-10-15 20:26:18.979981,v2.1.0
5bfc4c04-602e-481a-bcf4-e4a6c279542e,CUST00007271,474,High,2025-08-13 01:55:14.173613,v2.1.0
e38d8ebe-a52a-4284-b758-b97a3acb4862,CUST00006354,349,High,2026-04-27 14:54:09.742388,v2.1.0
ac22cf58-aa8f-4bb3-8994-278c7b3af4f0,CUST00007013,592,Medium,2025-11-13 00:51:19.779293,v2.1.0
a700c658-1949-4fc6-a560-b76bc94ec277,CUST00000351,550,High,2026-06-20 10:40:45.446353,v2.1.0
db2d4c76-6287-4fbe-aa8f-596e8bd5c749,CUST00002965,305,High,2025-08-19 15:16:18.657948,v2.1.0
7383a2b0-7a38-49b9-b3ad-3b9b4ecaabaa,CUST00002646,534,High,2026-03-20 06:17:04.202859,v2.1.0
ae86cd43-e9f8-4327-b1b4-ec248d1b5836,CUST00005919,359,High,2025-12-19 14:33:42.974133,v2.1.0
d8dcb24d-031e-4bb1-81de-afb616e308a3,CUST00005382,683,Low,2025-11-22 03:05:23.085232,v2.1.0
f9ae784a-1bd2-43fd-b865-63cdf3a26dfb,CUST00001756,614,Medium,2025-11-12 01:25:19.841614,v2.1.0
6b460fa3-c7c2-435a-b72f-b07648b29a9f,CUST00006732,551,High,2026-02-19 19:41:28.408722,v2.1.0
10c94544-2882-4f39-86fc-7b337158e1bb,CUST00000054,394,High,2025-07-26 18:05:52.554287,v2.1.0
7c565263-d253-4c4b-86de-28136e747204,CUST00005581,330,High,2025-11-06 05:52:31.899846,v2.1.0
aec2adf0-9740-4146-8e29-7af237c9c0ff,CUST00002857,494,High,2026-07-13 15:25:34.803518,v2.1.0
1067b2ea-fb47-40f0-9c73-18e26a87d914,CUST00000599,436,High,2026-02-27 23:33:07.239658,v2.1.0
c0d891e7-c1ec-434d-aba4-d9475f165f6f,CUST00002647,349,High,2026-07-14 13:24:15.912912,v2.1.0
edb36f1f-330e-46ee-b312-e652b1aa5f0a,CUST00001988,300,High,2025-12-26 10:12:51.547410,v2.1.0
83d7759a-a632-4d33-9a69-b61c4059ccf3,CUST00003170,300,High,2025-09-09 04:06:59.125502,v2.1.0
43b47827-f2bc-43a5-b5f6-9d94f4bcf347,CUST00000181,576,High,2025-08-03 07:17:33.027068,v2.1.0
df461068-d700-408c-ae36-36b7d69c7dc2,CUST00003699,532,High,2026-05-12 17:48:19.286213,v2.1.0
6e0c1453-e7c8-40d3-bd8a-14065350f08e,CUST00006330,635,Medium,2025-09-28 20:17:57.568861,v2.1.0
f720f6d8-90ca-4ad7-9aa1-e5374422462a,CUST00007644,703,Low,2025-12-01 10:43:47.991457,v2.1.0
221bfd02-88e5-41af-b528-b33e9f4583af,CUST00009208,615,Medium,2026-04-20 16:01:08.935571,v2.1.0
20bdbd21-b571-4827-8536-e939bb5d7ff2,CUST00001949,409,High,2026-05-25 09:01:56.999686,v2.1.0
35cca1f1-ca6e-4b4c-8504-1759af570dda,CUST00009344,598,Medium,2025-08-27 22:55:49.357816,v2.1.0
b0357570-675e-4010-bfd6-d46b2ec9d9ce,CUST00009640,300,High,2025-08-06 19:58:25.689621,v2.1.0
7e033bd4-6a44-4802-8eca-ced9f96c0ecb,CUST00001413,704,Low,2026-06-29 12:05:41.935067,v2.1.0
82f36ab7-49e2-4046-97ef-72210f55bd8f,CUST00007327,599,Medium,2026-06-21 09:23:48.331918,v2.1.0
08bd4151-7419-4205-a19a-c0b6ab07b6a7,CUST00004966,568,High,2026-05-31 05:10:52.610240,v2.1.0
ef6e9007-5f0f-4794-92d1-9f2872086471,CUST00000121,351,High,2026-05-13 11:00:14.747697,v2.1.0
619c3768-46bb-49c2-acf1-6846d56f2ca6,CUST00001296,357,High,2025-07-22 22:17:21.891937,v2.1.0
be26c43f-8e83-4765-967f-59bd4d8a65ff,CUST00008787,478,High,2026-03-28 07:32:56.755157,v2.1.0
869f9c91-e94c-44b6-b8c4-03dc1ccb6610,CUST00005066,648,Medium,2025-08-27 13:20:34.226141,v2.1.0
941296b0-f065-4eea-a87e-75664d993540,CUST00003047,722,Low,2025-12-29 07:02:18.168380,v2.1.0
95624ce9-cdd3-4f16-bd72-57b1d1b92d43,CUST00001141,392,High,2025-07-26 05:18:40.264324,v2.1.0
f55e83b1-6817-444d-a4fb-bf71b82cd4e6,CUST00000365,492,High,2025-10-02 06:02:02.910738,v2.1.0
d84eb505-46b6-4244-935b-d86c85584fec,CUST00004127,599,Medium,2026-01-30 09:56:00.201730,v2.1.0
14a5991d-e0e8-44fb-bebd-3c0fb596ed73,CUST00004940,779,Very Low,2025-09-30 08:22:49.489170,v2.1.0
e11fc97d-37de-4939-87ae-39f8c03b5fc4,CUST00004019,687,Low,2026-01-25 00:43:47.279247,v2.1.0
7c8e94d7-f0fd-44fb-a7c9-32ade3e08623,CUST00002061,544,High,2025-10-20 09:14:26.328389,v2.1.0
94ddfd0b-253b-4d5f-90e1-039802a9b76c,CUST00006371,477,High,2026-01-10 07:59:58.387736,v2.1.0
c057c333-ea9e-49fa-a25e-72d4fdf7736a,CUST00000933,469,High,2026-04-10 12:14:29.824992,v2.1.0
4f49057a-8393-401f-82ad-f7388c4e6414,CUST00004901,494,High,2025-09-07 12:55:27.246378,v2.1.0
0099245d-4f52-4b8a-9613-137d561e765e,CUST00005663,502,High,2026-03-30 03:01:38.385103,v2.1.0
d60f54fa-fd64-4c63-b5bc-4b6e2ada0d2d,CUST00006381,349,High,2025-07-24 15:05:45.436172,v2.1.0
ce6cea7b-b3c5-410d-8aeb-c997e0e8c0ce,CUST00000371,539,High,2026-02-15 20:23:17.083247,v2.1.0
01dacc26-31b7-441a-a2d7-deb6df2e480d,CUST00005045,431,High,2026-03-17 06:14:12.717000,v2.1.0
c6ae299a-7c44-4218-ab91-e4caf25855b2,CUST00008490,412,High,2025-08-02 19:03:34.231411,v2.1.0
1d44467f-0bff-49f2-a788-621061588330,CUST00002558,728,Low,2025-09-18 02:53:16.137405,v2.1.0
1128b2e7-419e-4b60-bd82-9757ba52d1a3,CUST00003398,516,High,2025-10-29 15:30:04.335277,v2.1.0
af4aeb87-c20f-4ea1-822e-adc7956490e9,CUST00004343,457,High,2026-05-02 03:44:36.975408,v2.1.0
1868f792-0f51-4bd8-b5d0-1a1b338fca1f,CUST00008072,641,Medium,2026-02-28 14:50:15.305882,v2.1.0
3efd4016-aae9-4053-8e2d-ca352d75b362,CUST00009279,367,High,2025-08-06 07:14:21.177341,v2.1.0
3e21e848-4dc7-4538-8a4a-e18ca0895886,CUST00000557,381,High,2026-03-14 01:21:25.304800,v2.1.0
568e7ef5-b944-4aba-9369-f5e6cc63dc4e,CUST00006270,652,Medium,2025-07-20 22:57:43.368092,v2.1.0
949d3eac-76f3-468f-8767-352b081fa965,CUST00002718,300,High,2025-12-06 20:40:36.309038,v2.1.0
8a30413d-b051-418b-b17f-c2a977cdeba2,CUST00004618,412,High,2025-10-25 00:08:54.006698,v2.1.0
335e6f7a-0ba9-4760-9143-32c96c4d7227,CUST00006664,642,Medium,2026-05-25 03:03:40.537807,v2.1.0
894f258f-3128-4319-b777-43e600c0bb58,CUST00005799,363,High,2026-03-16 00:11:17.214656,v2.1.0
790f1c0d-bd55-48ca-b24f-dcaaf9e507c3,CUST00005833,479,High,2026-05-29 13:59:51.536211,v2.1.0
d62968a2-3f19-4d81-b5ef-d4b0e741350f,CUST00009470,850,Very Low,2025-07-24 21:08:33.631714,v2.1.0
16367066-ca77-4cfd-8ad9-0127d9acd8a3,CUST00005255,300,High,2026-05-30 17:25:06.348802,v2.1.0
fe9befcb-d5e9-46e0-933c-108b01c154d3,CUST00008489,485,High,2026-03-12 02:29:20.050404,v2.1.0
136c787c-3230-4eab-b6dc-1617d33d5a0a,CUST00005886,511,High,2025-10-10 08:16:31.117173,v2.1.0
a6705d7b-11c7-4c66-ba5c-2dd542bccc1e,CUST00005419,492,High,2025-12-03 23:02:31.356781,v2.1.0
ba8d9af1-e18f-418f-8fb7-2b4cbb0db2f4,CUST00004046,300,High,2026-07-09 14:39:09.161552,v2.1.0
fc134bc0-018d-40cf-888e-fa71c7c24f32,CUST00002860,542,High,2025-08-23 07:00:32.039235,v2.1.0
f494fb1f-18d9-401e-84a6-6ce5c854317a,CUST00007072,763,Very Low,2025-11-10 03:07:04.743101,v2.1.0
0cf9d5a2-2efc-40c5-96b0-ad138e3540dd,CUST00003615,639,Medium,2026-05-30 11:49:42.702626,v2.1.0
48263776-50b8-488d-8b3f-3be83e5afdb9,CUST00008724,803,Very Low,2026-01-28 01:26:22.947405,v2.1.0
83b59aa1-7d53-4a78-be5c-b2c6f0c4bdd4,CUST00007674,605,Medium,2025-09-23 23:59:48.280544,v2.1.0
7b7d99d9-4d4c-4a8d-8533-7468bfe2bfc8,CUST00001131,362,High,2026-01-16 18:29:29.845456,v2.1.0
bac3aa83-98ba-4a43-8ad7-5351115a5d3d,CUST00001460,638,Medium,2026-01-01 04:30:15.566224,v2.1.0
e9aae5db-724a-4d01-88bf-c723b2eae5d0,CUST00006191,453,High,2026-06-21 06:04:05.542402,v2.1.0
dd49b643-37f1-4a4c-966f-323ef2a76b49,CUST00005108,571,High,2025-07-25 18:16:09.602917,v2.1.0
9a40929e-adbe-4c1d-b1a0-d0da008a0467,CUST00007610,300,High,2025-10-16 06:29:12.442558,v2.1.0
f749a5dc-3407-4924-8a55-7ec6ddf2e66b,CUST00004099,471,High,2026-01-27 06:38:04.871520,v2.1.0
29c2b87b-5ae9-4b10-8252-cd7761f1e22b,CUST00009698,489,High,2025-11-16 17:53:52.897660,v2.1.0
9b938eb3-7e71-4de2-8267-2110269d2cf5,CUST00000730,583,Medium,2025-12-08 14:21:18.193623,v2.1.0
c2d6f80d-eb2e-4bdf-bf74-f6db532397cc,CUST00005165,666,Medium,2025-09-13 06:10:37.243509,v2.1.0
d40efd8a-157c-4b6b-a27a-11dbeb61aeca,CUST00005266,479,High,2025-11-21 13:41:45.846159,v2.1.0
58c181fa-34aa-4dbe-98ee-0684cb7acd6a,CUST00009489,371,High,2025-11-23 10:41:32.232052,v2.1.0
6e9a8c4b-828a-4c10-95d7-80b68cee41fb,CUST00008628,681,Low,2026-03-03 06:31:52.667235,v2.1.0
0b62f0df-194e-4f03-b25f-447d46ba7c26,CUST00007761,530,High,2025-10-12 04:25:15.433364,v2.1.0
6c8d9fbb-7e3c-4706-809c-889fec9e225a,CUST00009431,488,High,2026-07-10 04:57:40.084949,v2.1.0
cb47fa5a-a635-4f8f-9d7b-abe43cc2f26b,CUST00007648,497,High,2026-01-16 23:45:24.029982,v2.1.0
41960fdf-e5d7-4af2-8d48-1d9642a0759d,CUST00000431,709,Low,2026-05-10 10:45:52.646453,v2.1.0
dcec4ae3-e5a2-4b57-bd9a-624065957a7d,CUST00001799,411,High,2026-03-03 11:27:08.412594,v2.1.0
4053bd65-a1de-4c84-bef4-66a8c04b0fd8,CUST00003796,496,High,2026-06-03 20:10:50.770850,v2.1.0
e861a242-aba1-4e1f-9bc7-9a29a383bae4,CUST00008601,300,High,2026-06-08 02:57:27.564237,v2.1.0
f05c78d8-2a37-4fb5-8c4b-f66f078ed9b1,CUST00006771,621,Medium,2026-05-11 12:45:42.906535,v2.1.0
01260c7e-aae0-41d6-8568-368143e2157d,CUST00001723,300,High,2025-07-28 16:11:51.578554,v2.1.0
50e7a21a-bb2e-4b49-b01f-8f3e8e63622a,CUST00003343,566,High,2026-02-05 14:22:18.614352,v2.1.0
a72b4627-9554-44eb-aa97-079ae3cff28c,CUST00008966,631,Medium,2025-10-28 06:01:07.183757,v2.1.0
57f6861b-9503-4c32-a0bd-37870a07d006,CUST00000831,526,High,2025-09-11 07:44:39.009558,v2.1.0
989ef12d-79d2-4b5c-8495-31f2de39b2f5,CUST00007579,592,Medium,2026-06-10 14:19:48.560199,v2.1.0
62262db8-190a-4c00-9c11-0540c3083ed1,CUST00006549,587,Medium,2026-03-14 20:24:46.087188,v2.1.0
c1794528-2709-4c38-ad12-ccf3e31397e1,CUST00009983,505,High,2025-08-18 23:29:48.177917,v2.1.0
5b9d4832-5a54-4083-b178-faae851fbb14,CUST00004649,565,High,2025-12-04 12:14:33.241679,v2.1.0
52f1279b-9c72-4b53-98ad-29e536862063,CUST00007206,504,High,2026-07-03 18:20:44.268127,v2.1.0
ba220dda-7d15-412c-8029-0f5af484b58e,CUST00006937,543,High,2026-02-26 14:28:56.262573,v2.1.0
a894712c-f4b1-4e76-822b-c8b00d1ad04a,CUST00006422,380,High,2026-03-03 09:06:18.679321,v2.1.0
c882fd7a-f51f-4aa5-9d40-8600103753ac,CUST00003279,789,Very Low,2025-10-08 23:29:08.643488,v2.1.0
4be0a688-36df-4a8a-ab31-546295dc8144,CUST00009419,512,High,2025-10-13 16:51:06.568186,v2.1.0
5c5a9939-fc9f-4423-9c41-b6271056dce6,CUST00008697,566,High,2025-09-11 16:52:08.732330,v2.1.0
38dea599-7331-4339-93ea-da17ebe59a59,CUST00004058,542,High,2026-07-07 09:24:09.349552,v2.1.0
6f7bd493-9504-4ff5-93f7-b7fe863f9649,CUST00004213,657,Medium,2026-06-15 04:25:43.644561,v2.1.0
c4baa783-eb3a-4eb4-9d5d-e55526f67522,CUST00001302,342,High,2025-11-15 04:20:15.557588,v2.1.0
637b850e-594a-4bf5-903c-b76d83ce6f7d,CUST00000222,569,High,2026-01-31 22:59:51.337094,v2.1.0
88192559-b319-4848-bfe1-48aa915ccba9,CUST00001082,300,High,2025-10-01 10:17:28.732557,v2.1.0
c40f9450-3be6-4e0e-a012-c5035af52146,CUST00001034,337,High,2025-09-06 12:38:06.871978,v2.1.0
093ee28d-565d-426f-b802-bf6f03df3cc6,CUST00002605,454,High,2026-01-31 15:17:03.796527,v2.1.0
de19ac27-4625-41c3-9ed5-264129d14f02,CUST00000436,419,High,2026-05-06 03:26:08.124306,v2.1.0
bb79ecf6-6b31-446f-b6e8-0a3469e3e471,CUST00009051,300,High,2026-05-28 23:08:35.113340,v2.1.0
269cc930-f43c-40cf-8cef-a18ca14d68b7,CUST00004227,701,Low,2025-11-07 18:30:44.812114,v2.1.0
81250213-90f1-4ca0-a363-ca88e7fa42d0,CUST00007716,743,Very Low,2026-04-01 10:57:46.833328,v2.1.0
a4e74828-45a2-4b51-95d4-c75236472c4f,CUST00003201,571,High,2026-01-25 05:27:35.358221,v2.1.0
d6dba767-ea4d-410f-8fce-dc03363e0f27,CUST00006816,642,Medium,2025-09-05 07:29:51.241574,v2.1.0
cdc4b770-2ebf-4b39-b153-4db0526f9407,CUST00009002,384,High,2026-07-16 13:50:57.936870,v2.1.0
e27a85a8-879f-4fe6-94d8-8834aed7a911,CUST00005363,492,High,2026-07-09 07:19:58.314374,v2.1.0
ce323fed-47eb-4270-a362-6a72c9fc1670,CUST00008234,425,High,2025-09-08 22:16:39.805391,v2.1.0
cd00303d-f703-4fd2-9f40-8d868c438113,CUST00005777,414,High,2026-06-23 16:37:23.699362,v2.1.0
81b39f4e-b740-46bc-bbd8-5671bc5e3c95,CUST00006098,607,Medium,2026-06-17 21:05:29.074491,v2.1.0
877b9aae-04c4-459f-ad1a-44dd68231b24,CUST00003482,527,High,2025-11-10 21:00:08.106539,v2.1.0
2bacb489-4098-41da-a7d4-2c9fbc24f3de,CUST00002420,520,High,2026-02-06 11:25:04.649100,v2.1.0
c9d680ca-8e2a-4f17-97ea-9fd8799d3d74,CUST00000783,388,High,2026-06-29 09:07:13.129534,v2.1.0
19733558-c73f-4b2f-92f7-f081f568fff8,CUST00009164,300,High,2025-08-30 03:39:40.478917,v2.1.0
27be8e07-7ba6-43f8-b6a3-b0810476c5a5,CUST00005511,495,High,2025-11-10 21:53:27.276344,v2.1.0
5f03ae65-c804-46f6-a563-372fd6eea849,CUST00002179,774,Very Low,2026-06-04 04:36:11.979380,v2.1.0
646f1d75-7d5c-43ad-99e2-e81aaf3fe562,CUST00004088,539,High,2026-04-09 11:18:40.882095,v2.1.0
ba18046f-5027-4e2d-a981-c3ecfaf6e2cc,CUST00009047,473,High,2026-04-23 11:31:34.616802,v2.1.0
49f55c42-06c5-42e2-8d8d-e22c96b785a0,CUST00002682,300,High,2026-06-04 08:55:54.016905,v2.1.0
a2e8e746-72c1-4b80-a608-ee77d153272f,CUST00008523,502,High,2025-12-16 03:16:59.877978,v2.1.0
0740282b-6dab-4923-9b6c-2b9463380d5e,CUST00008480,300,High,2025-12-15 02:50:27.323341,v2.1.0
2cdf81f9-3b63-4ff1-94fe-1ac7d023aeee,CUST00003040,846,Very Low,2025-12-26 17:10:39.644641,v2.1.0
ecca9f2b-358e-4b0a-8386-49804a015b7b,CUST00001624,379,High,2026-06-23 23:05:50.809322,v2.1.0
fedb5af9-a5f6-4ecd-9033-9c2a359e54a8,CUST00006314,502,High,2026-06-09 11:38:11.298679,v2.1.0
a3a4622f-d755-45d2-94b4-0434689f0555,CUST00003397,300,High,2026-06-23 18:33:08.831823,v2.1.0
b7abc010-f5d5-4054-af4f-24c1fbc5122a,CUST00004543,615,Medium,2025-10-25 21:56:17.285089,v2.1.0
8e3884ff-ae2f-4f4d-b409-ad5e35f9bd26,CUST00001053,300,High,2026-04-28 11:22:45.841605,v2.1.0
d3a3a2e4-3a04-4221-8b37-375bce0275be,CUST00006531,587,Medium,2025-08-25 21:50:21.918581,v2.1.0
4c68a3ed-a0bc-42e1-a854-9058c0927225,CUST00007305,658,Medium,2025-09-23 09:21:00.419328,v2.1.0
a1362270-90d1-4454-9851-c19dfc555a58,CUST00005115,628,Medium,2026-04-22 09:20:17.958025,v2.1.0
636e2606-ab06-4c19-a9c8-3a19bd2a4794,CUST00001663,721,Low,2026-02-26 10:23:25.714500,v2.1.0
b4cfbfc1-059a-4f1c-8a35-807369412301,CUST00001621,463,High,2025-10-23 09:09:37.026853,v2.1.0
d18946a4-69cb-4cbf-9221-1861cdf4ba0e,CUST00003951,371,High,2026-02-10 00:28:13.184499,v2.1.0
ca7d2b59-fd1f-4490-a62d-8c61a6f65438,CUST00004774,482,High,2025-10-10 06:01:12.471372,v2.1.0
e429a102-e72d-4508-af4c-622110c62c1b,CUST00006516,598,Medium,2025-10-10 17:09:46.937748,v2.1.0
b0027f1d-c9dc-4624-b174-1882cca6573f,CUST00002400,593,Medium,2026-03-25 23:17:46.454812,v2.1.0
1df40c54-3bee-431f-beb0-7ebbb65ecefd,CUST00000700,523,High,2025-11-26 03:06:19.088915,v2.1.0
e702c47a-af9b-4d97-ba42-a9be41ee3cc5,CUST00001982,300,High,2026-03-26 05:59:16.853011,v2.1.0
365324ba-8bb0-4afc-b0af-bf2ea2c4305d,CUST00006531,483,High,2026-01-07 23:41:14.434948,v2.1.0
6372ee02-6676-4149-b510-e3b3678504e7,CUST00000901,378,High,2026-01-17 09:09:48.392483,v2.1.0
a961132c-400c-4335-b702-b8190667e364,CUST00000525,445,High,2026-02-23 18:39:53.353879,v2.1.0
b287501e-5e52-4cea-979d-642ee6b7d7ee,CUST00001713,493,High,2026-04-03 23:17:43.648510,v2.1.0
4fdb26d3-f737-4b0d-84b3-cecd93213ef4,CUST00004732,559,High,2025-12-01 11:56:42.096193,v2.1.0
02683837-432e-47aa-a6ea-e3e03cc02e0c,CUST00003970,528,High,2026-05-25 03:28:07.538146,v2.1.0
7276bc3c-f475-47d7-a8de-01931d159701,CUST00005374,591,Medium,2026-01-13 09:48:02.964985,v2.1.0
2cd1e76c-a5ca-41c6-a6d6-4d5665fe33dc,CUST00005329,695,Low,2025-09-06 03:18:36.675576,v2.1.0
26870252-f10a-4d08-9085-bf4332d637d7,CUST00007056,638,Medium,2025-09-26 11:58:33.418258,v2.1.0
20fe89e8-2a7b-44c0-b377-cd4f56983531,CUST00009756,300,High,2025-07-29 16:25:23.502584,v2.1.0
e86c4f75-47f4-4038-8dc0-9dfd345af298,CUST00007761,300,High,2026-04-23 03:40:14.781467,v2.1.0
988319ea-620b-4b06-aafa-5e0c291c998a,CUST00001478,785,Very Low,2025-07-23 09:31:05.053311,v2.1.0
f6767742-e7bb-4379-877d-5125b3f676dc,CUST00000481,461,High,2025-10-24 11:25:23.836708,v2.1.0
e85461cc-aa0e-4222-b0e2-9baa69cc9f43,CUST00009539,419,High,2025-12-15 18:33:05.164682,v2.1.0
2d1f2ffd-4f10-4f38-b1dc-b59bb0a23819,CUST00009339,300,High,2026-04-15 01:18:52.757298,v2.1.0
e2a74fd4-1957-447f-827f-9d497d33b826,CUST00000172,395,High,2026-07-13 20:36:40.628616,v2.1.0
ec9c3c45-f862-471b-9c8b-2070b7bdf03b,CUST00000109,528,High,2026-04-20 16:23:39.788952,v2.1.0
cee63696-33db-423f-a67d-b5f18d88bba9,CUST00000090,640,Medium,2025-08-11 01:38:30.523891,v2.1.0
5e3603ec-b80a-46b0-a3f9-2cd04976b08d,CUST00006250,553,High,2026-06-21 12:40:15.122106,v2.1.0
b10e7c82-70cb-48b1-8a04-8e53cbcd32de,CUST00004069,300,High,2026-07-12 21:40:55.216730,v2.1.0
c9780f3d-acbf-4952-b272-ba316bc03211,CUST00006873,626,Medium,2026-05-30 14:57:05.014210,v2.1.0
86bab831-10fe-4564-8b8b-9f6888e93b8a,CUST00003135,634,Medium,2026-01-12 20:37:42.703382,v2.1.0
a33c1d98-0ab4-4b59-90a9-40b9b76d8b4b,CUST00004457,303,High,2025-11-13 13:51:49.522610,v2.1.0
a017bf28-c493-4684-8271-539f73c55fc7,CUST00005397,595,Medium,2026-01-01 00:38:08.546531,v2.1.0
cf0e6e31-d12a-487a-ac09-fad904ef3301,CUST00001796,553,High,2025-10-16 01:09:16.515135,v2.1.0
4195f1c4-b7f2-4c77-a68a-8185ce25bb9e,CUST00004928,392,High,2025-12-12 18:52:17.720603,v2.1.0
01397218-3fff-4bc2-ad6a-e36fd697a210,CUST00009389,377,High,2025-08-02 04:32:44.719620,v2.1.0
6064369a-4163-42da-9802-8d32d889bcbb,CUST00009220,727,Low,2026-04-12 11:38:54.850704,v2.1.0
e4033f7c-e979-4a27-bc3c-898e0837e5c0,CUST00003255,311,High,2025-12-03 20:10:31.224625,v2.1.0
edf41247-cee1-4028-ad30-4d2f1144a554,CUST00009484,474,High,2025-11-09 04:41:27.531535,v2.1.0
fdc2582b-573e-4c6a-bca6-248c413760f2,CUST00006876,704,Low,2026-02-26 06:12:41.892676,v2.1.0
d0d20119-b738-4e22-85fb-f8a1c772a78e,CUST00001951,438,High,2026-04-15 02:12:06.079505,v2.1.0
b616ecee-5ef2-467c-b363-c9b2513afd68,CUST00009476,512,High,2026-02-19 19:03:56.909821,v2.1.0
6c7a0cbd-c1d2-4ad3-9811-daa75d31ff97,CUST00009942,560,High,2026-01-25 17:57:05.228088,v2.1.0
169347ee-8e1e-4698-a2c9-a23526ac2c37,CUST00007038,850,Very Low,2026-06-02 18:48:36.036276,v2.1.0
ea86b67d-fe58-456d-90d6-f0462edb2f3c,CUST00004316,779,Very Low,2026-05-01 07:51:26.348353,v2.1.0
51be076d-7338-49b5-a716-88868c7c2b6b,CUST00005195,300,High,2026-01-24 01:47:29.920388,v2.1.0
7b3a2fb3-f39c-4631-9432-6936a1254793,CUST00004878,409,High,2025-12-29 20:36:28.687599,v2.1.0
d33af5af-0128-45fa-b5c8-a21ec2cce26c,CUST00008679,683,Low,2026-05-15 23:16:43.447397,v2.1.0
f2434af0-b700-46f0-a961-d143d2af5456,CUST00009926,521,High,2025-08-02 09:42:51.863697,v2.1.0
9c01d981-9d2f-4f90-b13b-6d6084de3ab9,CUST00007768,565,High,2026-07-16 15:10:09.475382,v2.1.0
7ffa40b7-eac4-4aee-960e-fcdf7008c5d3,CUST00007764,609,Medium,2026-01-23 08:43:46.670204,v2.1.0
d16e063e-71c3-4439-9d7f-3ba800df6ec7,CUST00005694,534,High,2025-12-09 09:44:22.090883,v2.1.0
b60340fc-c3f5-4867-a3b3-b55788a74600,CUST00001399,491,High,2026-04-12 10:13:52.178580,v2.1.0
268ab089-43a7-4d88-b87d-ceee91e604a4,CUST00001288,541,High,2026-02-06 14:34:45.640211,v2.1.0
962230e0-562f-42fd-8498-9daf4037c1ba,CUST00004377,657,Medium,2026-01-22 10:08:57.480978,v2.1.0
b3749635-c346-4aeb-8f55-5fd0aa6bfd2c,CUST00008390,427,High,2026-03-05 06:01:13.898729,v2.1.0
17e8f79f-0784-48c6-a002-9d60fef17ec1,CUST00003378,502,High,2025-08-04 22:01:07.475815,v2.1.0
d2b9a35c-69b3-4f00-a673-6b3c0584192e,CUST00002271,444,High,2025-11-01 06:18:54.262671,v2.1.0
bd8fbfbc-98df-46a9-932f-98e49a8e4287,CUST00008363,361,High,2025-12-10 07:01:43.772100,v2.1.0
6689689d-18a3-4fe0-b7c8-bca355993923,CUST00008719,338,High,2025-11-06 03:33:18.840531,v2.1.0
033f4e91-b4bf-4ea3-a1eb-837790470ea9,CUST00002810,394,High,2026-05-16 04:38:01.645069,v2.1.0
b3f58bb3-e00c-4547-8de7-d2b122adbc43,CUST00009904,455,High,2026-01-02 09:57:54.657559,v2.1.0
462c9dc7-e2b4-46f4-b1c0-728e998af0e6,CUST00009419,477,High,2025-12-19 05:06:31.561572,v2.1.0
4985c9d6-e722-4d52-902c-4cb86c446f7c,CUST00007479,575,High,2026-02-26 20:29:40.582650,v2.1.0
6bfcdaa6-f5d3-4ffc-80fc-06bd980cf085,CUST00000366,733,Low,2025-08-06 20:02:58.764378,v2.1.0
d7c452cb-70b5-428b-95cb-c95a1f425cf0,CUST00007546,333,High,2026-01-22 17:32:18.773461,v2.1.0
420a71bc-52b6-44b8-a60a-cfa6abdecc6c,CUST00009385,502,High,2025-09-07 20:44:42.098426,v2.1.0
edf50804-30ac-48ee-a86b-7aaa0590ab6c,CUST00000752,580,Medium,2026-05-17 00:33:14.227306,v2.1.0
151fb7e7-a4fd-4536-a71b-3f0cc41cfb56,CUST00002509,509,High,2025-12-29 21:23:01.309345,v2.1.0
1cec2450-18d6-4052-b81b-14f1410c876c,CUST00002850,434,High,2026-04-07 20:27:18.020386,v2.1.0
837bdbce-c249-4cef-9c3f-b48589d4aa65,CUST00005352,577,High,2025-08-28 05:56:29.869790,v2.1.0
5c314091-a9bf-4d2f-b8c6-4ce8f159b4b4,CUST00003493,358,High,2026-04-28 08:04:37.059161,v2.1.0
d98bbdaa-1dad-4651-ad39-7b0a2f2441af,CUST00003780,451,High,2026-06-25 10:48:30.847206,v2.1.0
a6885c7c-e602-410d-8d3f-4101659b5bc3,CUST00000099,584,Medium,2026-03-29 03:52:34.199905,v2.1.0
7688fdce-90ed-4e9a-b1f5-52cf2a4bf492,CUST00003604,548,High,2025-09-05 07:58:20.996463,v2.1.0
571aee8b-e427-4bab-9bec-b54c723eaca7,CUST00006644,542,High,2025-12-15 23:04:05.811309,v2.1.0
100a529b-fe8f-4209-8c93-9f9cc49bc633,CUST00001819,569,High,2025-12-29 14:15:49.887543,v2.1.0
2c4e8e53-a816-4bc5-94fc-3df859bea245,CUST00009545,617,Medium,2025-09-21 05:54:48.091779,v2.1.0
6dfaeff0-aac8-4f94-b7f4-ba92dc272ca0,CUST00004085,300,High,2026-02-18 12:28:13.610430,v2.1.0
fd06f41c-c304-46c0-8697-3566040a8e2f,CUST00003937,395,High,2026-04-04 04:41:19.350974,v2.1.0
399bd3ee-a76d-4667-a03e-ba1df49b4964,CUST00001079,576,High,2025-09-29 15:59:38.962558,v2.1.0
e685e882-e9f1-42d3-8cdf-a00824f25bdc,CUST00007294,439,High,2025-12-30 23:33:01.947361,v2.1.0
0b08119e-cd20-424c-96e5-372f348477ca,CUST00001010,472,High,2025-10-17 06:04:04.932470,v2.1.0
ba0fd772-c06f-40c3-9a00-43484ac8dc4c,CUST00006438,517,High,2026-03-27 13:20:08.272437,v2.1.0
0ebb8b90-5d17-4ed6-832d-98a1d95ac255,CUST00000602,671,Low,2026-06-14 05:52:30.354171,v2.1.0
12925aca-a073-4270-b4d5-edf743654243,CUST00009484,675,Low,2026-05-04 19:42:49.450304,v2.1.0
f5aeb18c-cd48-44c0-9eda-82cf66ab6aad,CUST00000927,479,High,2026-04-06 07:00:25.379233,v2.1.0
ab486291-2217-42a1-aa1b-8545610a9568,CUST00001997,577,High,2025-09-01 00:51:56.235003,v2.1.0
2e620c42-cf45-42d0-ab58-712f290cff20,CUST00005686,615,Medium,2025-08-28 14:38:56.834928,v2.1.0
c74860eb-2026-45c3-a371-74924ce435a7,CUST00003109,605,Medium,2025-12-29 01:13:31.236424,v2.1.0
2e172805-9825-421d-a701-43aa51677ebb,CUST00002820,644,Medium,2025-11-27 11:22:52.714581,v2.1.0
ea337102-2271-4708-81d1-3a8323bda6b4,CUST00001440,404,High,2026-01-25 05:33:48.439761,v2.1.0
15652a53-bb23-40ce-b63f-5f1b97dac95c,CUST00000588,325,High,2025-12-05 04:43:27.870506,v2.1.0
fc926d39-36c8-4d58-92cd-a2ae4a592cd8,CUST00003351,594,Medium,2026-05-02 20:12:23.672757,v2.1.0
fbe8e240-757f-4d93-8fef-3562274a7a3c,CUST00000145,416,High,2026-01-20 19:03:07.129553,v2.1.0
eb3ec8dc-7223-4ee9-b9f7-7369bd1dcd6b,CUST00004660,514,High,2026-06-29 19:13:16.744650,v2.1.0
d5da47ce-3eee-432b-badd-6c5325fdd0ab,CUST00008059,850,Very Low,2025-12-03 05:18:45.600328,v2.1.0
6139059a-c6a0-4fb5-af81-d18a549f15aa,CUST00009253,452,High,2025-12-03 22:12:58.911004,v2.1.0
d5f56dea-f00f-463c-ada0-b3340eb66b25,CUST00000323,587,Medium,2026-04-24 12:17:32.216938,v2.1.0
1445fce9-a54d-48a8-9ae6-420e956ca538,CUST00005247,527,High,2026-06-16 02:29:44.106556,v2.1.0
cc9622e2-69a2-45a9-8ca9-4614d79bbc1e,CUST00008815,401,High,2026-02-09 10:52:12.453395,v2.1.0
ed94cb59-cc00-43e0-9534-6a9972a85d09,CUST00007487,463,High,2026-03-15 19:11:28.842369,v2.1.0
74c028cd-d16d-4676-a568-4f083848d01e,CUST00006941,554,High,2025-09-10 17:33:26.128258,v2.1.0
ec0a8cad-a2ff-408c-b6a0-01f42c51dbff,CUST00006060,668,Medium,2026-05-31 05:45:41.219106,v2.1.0
af16fd3c-9f32-4c79-9c3b-6a95f9877436,CUST00002103,785,Very Low,2025-09-21 05:48:35.271968,v2.1.0
b312221e-a7dd-4792-8d5c-9f31d81b7ac5,CUST00008334,689,Low,2026-04-03 23:32:38.594481,v2.1.0
4d30bcf3-c265-498b-b5a2-b8a86b8014de,CUST00003842,675,Low,2025-12-18 03:51:32.660761,v2.1.0
1a0169ad-6684-44dc-9a3f-06d6c99d5f7e,CUST00002233,417,High,2025-11-07 23:04:11.451842,v2.1.0
7c3314b3-97ba-4241-95bb-9abd75848a6c,CUST00004089,593,Medium,2026-04-24 15:32:11.320013,v2.1.0
44fcf00d-1e74-4568-bd5e-cf7a4dda2421,CUST00008580,587,Medium,2025-12-27 21:41:57.282868,v2.1.0
7161915d-cd1e-41a1-885e-330d11efae9c,CUST00004281,457,High,2026-03-03 17:14:31.193217,v2.1.0
ee4a2e09-b7fe-4a95-a007-b7252759f070,CUST00006763,564,High,2025-08-29 20:21:23.862197,v2.1.0
dee36257-8f4e-46c2-be94-0aa7611132fc,CUST00009939,510,High,2025-09-03 23:13:36.316142,v2.1.0
dad51e51-96af-433a-a203-772594263df7,CUST00001925,431,High,2025-09-30 00:03:21.710653,v2.1.0
567b7b57-5e55-4358-91ff-f4681d575609,CUST00008410,417,High,2026-03-02 07:07:15.914370,v2.1.0
671cc43d-8a2a-452d-aa82-225b093f06d2,CUST00002419,785,Very Low,2025-10-18 08:37:00.220503,v2.1.0
42943e6f-51aa-47fc-92ac-4defbe6df499,CUST00000021,530,High,2026-01-01 10:15:29.271433,v2.1.0
cafbeab5-1cd3-4a7f-be7b-13a410a79b08,CUST00008145,407,High,2026-05-26 08:14:04.878896,v2.1.0
1afbc42d-5f69-4248-886d-9892147ce773,CUST00003987,489,High,2026-02-01 10:06:26.609327,v2.1.0
d46d7ef3-2c1e-46f1-b786-834224f40670,CUST00000125,440,High,2025-07-20 00:18:52.553463,v2.1.0
a5d3a551-8ffb-4273-a6c5-d01e9cbe8913,CUST00000707,663,Medium,2026-06-05 07:28:07.029821,v2.1.0
f66076be-6419-46be-bf61-2c63be4eef00,CUST00006155,545,High,2025-10-12 19:05:28.417907,v2.1.0
d3ece362-fb42-4d54-9b24-38996f2155fe,CUST00009294,521,High,2026-02-17 23:43:56.999301,v2.1.0
6be6b0a4-1f1c-47b3-8538-2bb8c7718d04,CUST00006815,451,High,2026-01-07 15:53:01.674253,v2.1.0
444f6be2-e63b-42f5-a3c0-7c4cfc9b5045,CUST00008411,383,High,2025-12-14 17:11:42.367793,v2.1.0
6c395555-74e6-4aad-bf19-d63b440f4475,CUST00001220,300,High,2025-08-15 21:57:04.014497,v2.1.0
403d8da0-f108-4bea-bf44-b8241386d878,CUST00006807,511,High,2026-02-22 02:15:27.678300,v2.1.0
034fd633-856a-4fe3-ae11-f5af8e4f4f67,CUST00006718,480,High,2025-10-15 07:00:12.946812,v2.1.0
a4f2f8ac-9188-4f88-baf7-d6a96715481e,CUST00003117,580,Medium,2026-02-02 19:46:18.675431,v2.1.0
280391ac-02c6-46e5-8940-b34478d0c095,CUST00005851,511,High,2026-03-01 06:37:37.270373,v2.1.0
27c0a887-51ac-462a-89c6-07fb96c71af9,CUST00007554,501,High,2026-02-06 13:14:39.500578,v2.1.0
19f2cc7d-1d39-4eac-bb05-191675a2d553,CUST00004908,538,High,2026-05-15 07:52:19.424273,v2.1.0
22837bc9-7b63-429b-b076-1d7fde549e43,CUST00002956,667,Medium,2025-08-04 18:43:01.655239,v2.1.0
f2c1c2e8-5f3a-44d6-ace7-2eba0280ccb9,CUST00001225,696,Low,2025-09-10 01:29:04.759618,v2.1.0
39be284e-5df0-44b0-af76-0ff5abf2c563,CUST00007997,604,Medium,2026-03-13 12:22:29.980751,v2.1.0
6681c077-453d-4437-aacd-6a134f2d19bd,CUST00001624,522,High,2025-07-31 07:47:40.538002,v2.1.0
86c97243-9b94-4e71-bb17-c7eab5fd0b0b,CUST00005107,512,High,2026-05-25 18:22:09.406317,v2.1.0
d8c4244c-a3af-4562-96ce-25bd49e41096,CUST00004116,475,High,2026-03-18 12:38:17.818666,v2.1.0
dfb1b4f5-c6b2-4101-a695-c97434601663,CUST00001534,815,Very Low,2026-05-19 23:44:24.314496,v2.1.0
7f1a8619-b120-449c-bbba-7f82a768e95c,CUST00002604,422,High,2025-11-03 21:58:25.098817,v2.1.0
a8ae6c8c-25ba-4999-bc48-1124580dc71d,CUST00004804,662,Medium,2026-06-19 01:46:40.941731,v2.1.0
483adfc1-13bb-4494-90e4-02dbf1eb4d13,CUST00003610,591,Medium,2025-08-04 19:42:13.769984,v2.1.0
97eddd45-8bde-4b1d-934f-e473de6df48d,CUST00000906,536,High,2025-12-17 04:51:03.569476,v2.1.0
4158f643-7e82-4a31-a9d3-9acc3c247967,CUST00002545,348,High,2025-09-21 00:23:21.441113,v2.1.0
e88f3450-fb3b-4e9a-a74b-05f7f2a9f319,CUST00000995,613,Medium,2026-03-20 09:17:26.327073,v2.1.0
5eebccb0-515f-4897-a86d-2255be1b6bf9,CUST00006849,418,High,2026-02-26 02:34:22.103932,v2.1.0
28e14412-1174-46fa-9cd0-e0ebf82044ee,CUST00004674,351,High,2026-03-27 11:32:56.686177,v2.1.0
527f2f6a-11a1-446d-abc0-c3f5031bacaa,CUST00000069,567,High,2026-02-20 05:15:43.229006,v2.1.0
0481ce64-c005-4eaa-bf36-c4962c2aeec1,CUST00008107,848,Very Low,2026-05-01 11:15:21.438140,v2.1.0
d7d9b1b5-b20f-4d22-a85b-489867debad9,CUST00003197,390,High,2025-09-20 17:07:16.980878,v2.1.0
e036bead-c9a6-4d61-816c-6c0d399b9a64,CUST00008923,625,Medium,2025-12-31 05:17:19.629649,v2.1.0
be230b18-4a4c-45f8-9dda-5860793069a9,CUST00003852,442,High,2026-02-14 08:59:10.443500,v2.1.0
d30a96a7-1226-4ae2-aaa1-fc1894115d00,CUST00009208,300,High,2026-06-23 03:02:06.749692,v2.1.0
2976163c-7ab4-410f-aae8-e0e25b2cc3b6,CUST00002962,359,High,2025-08-20 22:13:45.679452,v2.1.0
fd45d837-1d32-48c9-aade-61f29c71d387,CUST00005645,300,High,2025-11-04 05:27:00.941998,v2.1.0
78fc83db-633e-4718-9756-551f1d1a006f,CUST00004779,339,High,2025-11-29 12:41:52.057389,v2.1.0
52c3671e-c253-43d7-a7f0-200ad3cda750,CUST00009261,342,High,2025-12-03 07:35:53.078151,v2.1.0
3d99b75d-9295-49c1-9a4b-371941833ba9,CUST00001435,300,High,2025-08-11 15:03:23.487994,v2.1.0
0797b4c1-b5be-409e-8877-439c821c5271,CUST00000430,531,High,2025-12-20 23:43:29.586171,v2.1.0
b7a3c390-aabb-4892-9884-f237f9488d4d,CUST00000719,426,High,2026-02-03 23:12:14.635979,v2.1.0
30505ad2-334f-422a-b5dc-f9329c7bff47,CUST00007559,514,High,2025-11-01 20:48:28.627562,v2.1.0
ba83771a-db6c-421d-98fd-e3338648913d,CUST00004750,850,Very Low,2025-09-05 01:18:09.945848,v2.1.0
584a27f2-66d3-482c-8f1c-27fd0d88b0cb,CUST00008307,757,Very Low,2026-03-28 14:46:26.241049,v2.1.0
b15f84a7-5297-439c-a37c-93b7aa3c50fb,CUST00000065,434,High,2025-10-26 03:23:37.507121,v2.1.0
7e704f09-1b35-49c9-a9b5-4d6b3b696b90,CUST00006996,387,High,2026-01-26 09:55:27.966128,v2.1.0
b750ff30-7ff2-461b-8a43-c16c2bdfdee0,CUST00000343,407,High,2026-01-25 12:49:45.918820,v2.1.0
f63b6c21-cd63-456b-9745-ed4220564e10,CUST00007077,554,High,2026-03-29 01:22:51.748734,v2.1.0
43907d8e-4787-49ce-a098-9617eff76ba1,CUST00005792,300,High,2026-02-26 11:01:22.446518,v2.1.0
63cc789c-2b14-4de2-8ba1-06cbb4f3e50d,CUST00009099,603,Medium,2025-08-26 20:01:25.756317,v2.1.0
793315ab-9f15-43d2-adea-3308f7f1295b,CUST00001873,477,High,2026-04-10 10:31:54.249822,v2.1.0
4277ab45-f3f8-4d09-9224-3ed4d7b46934,CUST00003677,454,High,2026-03-04 15:22:55.600772,v2.1.0
d60dade4-072e-4121-91e2-c2d82af30a1a,CUST00002059,756,Very Low,2026-07-13 11:22:14.978464,v2.1.0
a1160fd9-988f-496b-a0a1-f3cb40f9c820,CUST00007103,300,High,2026-01-10 13:34:49.074113,v2.1.0
1a73fb2e-ad5c-4ed1-9abb-48ef4a9b6b76,CUST00001573,570,High,2026-03-26 10:29:05.254143,v2.1.0
59137385-8c69-43a9-abcc-af7154807418,CUST00006424,435,High,2026-06-24 00:10:37.033889,v2.1.0
0e67c251-de65-471c-b9c5-67001da79d4d,CUST00006375,386,High,2026-07-13 03:23:12.427544,v2.1.0
7fa5a284-e208-475b-bd18-daf9de43dec6,CUST00008898,651,Medium,2025-10-30 19:19:17.928703,v2.1.0
c4d98895-8624-48ca-91c3-65d8ddb5f0a3,CUST00006896,524,High,2026-02-25 06:53:32.526055,v2.1.0
7b7a0274-e4d5-4247-9531-d698703616a8,CUST00004915,419,High,2025-11-10 12:10:09.887557,v2.1.0
eb2824ff-9087-4f73-8c05-9ac25c9c30e7,CUST00009949,621,Medium,2026-01-25 19:21:36.194506,v2.1.0
36ac6afe-1e9f-4d06-9b43-3a06511e6677,CUST00000364,300,High,2026-07-16 08:03:04.270765,v2.1.0
eeb1c1cf-91c6-453b-9787-d2f15ab49b88,CUST00007643,413,High,2025-11-24 03:42:00.571133,v2.1.0
a847f7c1-7d6a-4daf-b3eb-74aa3398f940,CUST00008089,382,High,2025-09-03 06:56:27.237533,v2.1.0
0a854c7e-87e7-49be-8778-1b142f6133d0,CUST00002248,300,High,2026-02-08 09:49:27.258280,v2.1.0
b1bf4d44-9946-4238-949f-ac4a382352fd,CUST00008998,614,Medium,2026-01-23 17:31:22.734091,v2.1.0
db1f5cad-c0d2-4913-ae56-e25d493bc0b8,CUST00001150,462,High,2026-03-05 16:37:07.709369,v2.1.0
49358f29-d2fd-4263-8b6b-5acb23426c5d,CUST00007959,424,High,2026-01-13 19:04:57.024819,v2.1.0
40396ecb-474f-4572-864c-bfaabfdd8f51,CUST00008316,436,High,2025-09-21 14:55:49.013865,v2.1.0
9e582e83-5819-47c0-ab45-aefa647fab40,CUST00009099,810,Very Low,2026-02-25 11:48:40.613585,v2.1.0
dce379ec-83dd-4723-8d35-cec73aebc035,CUST00003472,475,High,2026-04-02 17:12:39.022219,v2.1.0
df72fa18-722d-4f7b-a713-67b6b5023510,CUST00002323,545,High,2026-07-10 13:50:39.438904,v2.1.0
98e707d9-af7b-47c5-a191-bfe766c5e511,CUST00009852,722,Low,2025-07-18 11:45:52.587533,v2.1.0
324d2b12-fd25-4444-9883-da0c8a6e9aee,CUST00008360,343,High,2025-07-26 16:10:09.036767,v2.1.0
63a5467c-5385-455d-a217-389289da6439,CUST00009526,788,Very Low,2026-03-03 08:32:43.525954,v2.1.0
835b140a-7b85-4213-8bb7-66f13a17b3ac,CUST00006831,359,High,2025-08-29 23:36:54.937392,v2.1.0
fdee2424-0b91-43a8-8319-ee2435bd7880,CUST00003617,300,High,2026-05-23 15:52:58.427485,v2.1.0
49e00963-14f9-4891-a480-4c0f8144cdc8,CUST00009897,499,High,2026-05-05 22:41:45.147581,v2.1.0
e8ae8d26-3567-426a-a4c6-10d446a02bde,CUST00006207,528,High,2026-07-17 18:47:13.255223,v2.1.0
8742f02b-e9d7-4182-b4c7-8cb0eca25f98,CUST00006634,332,High,2025-12-16 03:17:30.933110,v2.1.0
95c0c5b0-b1d4-4e1c-9c80-de7afdd67476,CUST00003460,511,High,2025-11-16 19:50:58.130905,v2.1.0
9b43b826-58d9-4d14-8159-314c07d87488,CUST00000612,743,Very Low,2026-02-07 14:22:28.138999,v2.1.0
5649fbb3-27b3-40eb-8785-2ed37d54167f,CUST00006515,565,High,2026-03-07 18:06:35.024073,v2.1.0
1ebebd04-9a03-4886-8b43-98ac1459b60f,CUST00000646,688,Low,2025-07-22 00:56:08.903104,v2.1.0
d06aefe0-4785-4d56-ae2f-5cec77b8e486,CUST00002063,390,High,2025-09-29 09:27:53.429812,v2.1.0
91cefe41-7f89-466c-8aaf-6fce3318c7aa,CUST00001322,455,High,2025-10-28 18:34:43.525028,v2.1.0
8240fb19-72a8-4f79-ba2c-c9ee14bbf831,CUST00006942,480,High,2026-05-02 12:34:14.871705,v2.1.0
09592128-7a9c-455e-bb1f-fdfe55f374d7,CUST00008086,306,High,2025-11-07 07:46:01.084537,v2.1.0
a7190ab2-7abb-4941-9850-719c564932c2,CUST00003529,411,High,2026-01-18 23:25:34.796207,v2.1.0
096809d6-b608-4f3c-b5a1-5962be42975f,CUST00001274,300,High,2025-11-13 05:20:43.083518,v2.1.0
cd1ead0a-3c23-4ed1-a0c2-3715cb7fc799,CUST00000628,468,High,2025-07-20 03:39:06.630017,v2.1.0
34d93d2f-f8eb-49f7-a73b-fa24afbb9885,CUST00009156,410,High,2026-03-25 09:46:42.921684,v2.1.0
71861f3b-ec43-4c9e-a59a-ca8b4885ce9b,CUST00009025,600,Medium,2025-11-19 14:12:01.425645,v2.1.0
fa7a92a5-e717-4053-bffa-5b6fe0881779,CUST00001977,419,High,2026-04-08 11:47:37.616473,v2.1.0
8e23b428-40e7-4d84-9c12-9104dd0e690e,CUST00007121,338,High,2026-02-27 21:33:23.302697,v2.1.0
c707e152-079e-47ce-9b16-c6ef6a0d46ad,CUST00004678,717,Low,2025-07-28 13:08:33.530835,v2.1.0
69a2bf5f-4e38-4c9c-bb8f-ebf5b74771a1,CUST00008036,300,High,2025-09-20 01:25:44.771447,v2.1.0
53859931-f3fa-41ed-9e06-28fdfc8ea7a5,CUST00006084,385,High,2025-11-15 15:07:13.300443,v2.1.0
d5b8912c-ba38-4c70-81dc-b4f7f6fb57ae,CUST00001337,767,Very Low,2025-11-18 08:10:48.126537,v2.1.0
2d8f40e3-949b-4309-8cb3-233500e312c7,CUST00001176,661,Medium,2026-03-20 12:38:35.582739,v2.1.0
a8467d14-d962-4f4f-9a6c-6e7093feb1f1,CUST00009635,802,Very Low,2026-06-17 12:46:19.601953,v2.1.0
c52c95b5-f287-4c1b-9c77-2b32c22bf8d4,CUST00003627,421,High,2026-05-05 02:26:50.115332,v2.1.0
3b905ca8-59b9-4183-8d7c-a2a6cf046869,CUST00007361,526,High,2026-03-10 17:32:20.675326,v2.1.0
66d9f52f-c198-4b68-9e2a-0a5fb55cd5fd,CUST00002688,489,High,2026-01-09 18:34:51.108291,v2.1.0
a1d3eb25-f5c7-4841-8dee-20d613ff4bcf,CUST00005340,413,High,2026-03-03 23:47:44.209663,v2.1.0
3141125c-8750-4fdb-9735-93f3797b8612,CUST00001133,466,High,2026-06-08 17:28:33.115111,v2.1.0
8b936e54-2bd8-4d6e-807d-585d4a547646,CUST00002663,629,Medium,2026-01-30 00:50:07.057261,v2.1.0
eab8d2ff-f17f-4ede-bbdb-44021b0a0c5f,CUST00008826,681,Low,2025-11-17 07:23:50.899193,v2.1.0
a379a5fe-40b7-4a40-8721-39feb0ae622a,CUST00001678,575,High,2026-04-30 06:09:58.947857,v2.1.0
0b20689e-76f6-4654-80e6-42bbcc9932b2,CUST00000538,518,High,2025-12-16 02:31:11.599142,v2.1.0
781e1fb6-3474-4455-9239-ca9e9eb8cafc,CUST00009428,582,Medium,2026-04-15 03:13:31.636699,v2.1.0
4d39955b-b6d0-455c-9e4e-4b0054703dbf,CUST00001644,793,Very Low,2026-05-18 22:14:35.241953,v2.1.0
8b4af907-51f4-416a-8b95-84c9753d451f,CUST00000695,602,Medium,2025-11-04 05:52:55.585949,v2.1.0
425ed527-23fd-468d-b18c-29c64de7ae3b,CUST00006756,300,High,2026-04-08 16:46:06.428262,v2.1.0
facc8759-094a-4079-af46-81fa96957985,CUST00005062,469,High,2025-11-10 03:31:43.874468,v2.1.0
d2658b73-cd96-45a4-a016-d3f5b7589bda,CUST00009243,372,High,2026-01-29 15:21:00.483385,v2.1.0
ad3622ad-620d-4acc-ac2b-13e0703582ea,CUST00006241,440,High,2025-10-01 23:29:07.790689,v2.1.0
a9df6869-8732-42e7-a46c-7d4a94f01428,CUST00005453,517,High,2026-03-25 06:46:35.108801,v2.1.0
0e608318-4b2c-4740-a87d-965aed4a9bc4,CUST00009548,520,High,2026-05-05 22:26:29.441483,v2.1.0
6f401578-9770-4e7a-b50e-c128deef249d,CUST00005900,491,High,2026-06-07 06:09:35.529807,v2.1.0
d3aa85f3-4c7c-422c-b094-6889adb326f6,CUST00003152,528,High,2025-11-24 01:26:25.119837,v2.1.0
2ebd7d2c-7f38-4405-9208-b740a77309c3,CUST00007017,435,High,2026-07-07 01:18:14.691481,v2.1.0
7c7b6f0b-3648-4b43-ab69-3247e014736d,CUST00005940,512,High,2025-10-28 08:21:07.082783,v2.1.0
a9f909ca-9d54-494f-a866-9d1e4fb445df,CUST00006758,433,High,2025-07-29 07:09:47.328381,v2.1.0
aebef316-c5c2-4299-920d-ab008c21a9ae,CUST00004682,694,Low,2026-07-12 04:04:21.813723,v2.1.0
1f2b46db-f6cd-419c-9d1d-43929a1b503d,CUST00003842,444,High,2026-03-03 17:45:01.419331,v2.1.0
fe8b3a6d-9dcb-4d3e-a371-d89625389ace,CUST00004014,508,High,2026-05-21 14:14:00.644526,v2.1.0
64c61244-2348-41fa-9e1e-41c9784cd444,CUST00006685,622,Medium,2026-02-11 10:59:40.910811,v2.1.0
d296c466-d100-4212-8259-546aa2965fb6,CUST00009429,625,Medium,2025-12-07 04:45:04.059753,v2.1.0
4f276442-469a-415f-a6bf-a0f067f1acd3,CUST00007560,439,High,2026-02-20 07:12:56.617213,v2.1.0
637d8133-3568-4cea-acfe-80a88f9c546a,CUST00007148,631,Medium,2026-05-29 16:43:38.838444,v2.1.0
5b000c7a-257a-4af2-91d5-b894c8f8bf8e,CUST00006282,366,High,2026-04-18 09:43:39.958372,v2.1.0
5c54b9b4-d5f1-44b6-aacc-495ba5b3a76f,CUST00004441,350,High,2026-04-01 12:06:02.779652,v2.1.0
1077efc2-3af7-4f6f-9996-d6ab9912434f,CUST00001374,745,Very Low,2025-11-09 18:43:58.487285,v2.1.0
2475f49e-9e2c-4198-a538-155978765c18,CUST00003244,300,High,2025-07-29 11:09:07.257592,v2.1.0
85b40378-ce70-41c8-ab8c-4800ce6e7982,CUST00006828,348,High,2025-12-16 01:47:16.691459,v2.1.0
660302b0-eff3-4d91-82cb-6262dd7fce69,CUST00006596,699,Low,2026-01-15 10:57:59.563886,v2.1.0
79464e84-838c-40ec-afcc-54162c9c45b3,CUST00003736,352,High,2025-10-12 17:01:17.628085,v2.1.0
a7e1afe4-e36b-46b8-823f-03af597bb60e,CUST00002651,427,High,2025-12-29 23:12:32.740322,v2.1.0
2b9d1b45-b48e-4712-a095-6277dacf4059,CUST00007090,620,Medium,2026-06-30 03:44:57.050554,v2.1.0
2f12ad67-28bf-4018-88e2-98e9b4b60911,CUST00003083,587,Medium,2025-10-04 20:32:13.109028,v2.1.0
449277b6-aa91-428a-8d92-2ce487cb03a6,CUST00007372,700,Low,2025-11-05 07:57:22.737852,v2.1.0
0512050a-2b66-4f43-8543-83678a4ae313,CUST00008582,364,High,2025-08-27 21:41:56.629871,v2.1.0
8e24f137-de45-4ec8-a631-04664d640468,CUST00006050,728,Low,2026-04-30 14:32:14.053811,v2.1.0
0590d2b1-5811-4380-8824-a8808dc016c6,CUST00001876,416,High,2026-04-27 23:49:50.046665,v2.1.0
2d9fbbd8-23a5-47f7-bf53-fd7870711294,CUST00004958,489,High,2026-06-16 12:08:50.198078,v2.1.0
11cb1914-ea59-4920-9f20-b0c4f00b7aa8,CUST00007875,482,High,2025-12-26 23:55:25.896035,v2.1.0
f7491ce8-f499-4754-b630-d328d717f52e,CUST00004615,461,High,2025-07-27 00:28:44.100217,v2.1.0
0bafa2e3-009c-487f-b222-8f2437d4dbfd,CUST00002662,300,High,2026-01-10 04:48:58.899938,v2.1.0
1de1819b-9107-4fe2-8212-90a13c01cffb,CUST00001085,463,High,2026-01-16 13:15:45.796786,v2.1.0
dc271018-7dd1-4f59-83cf-31ddeb9cfcbc,CUST00005733,467,High,2025-09-25 09:15:23.725546,v2.1.0
f06007c6-1fcb-47d4-9eb6-74183eeba55a,CUST00009430,480,High,2026-06-20 06:17:05.644201,v2.1.0
8e2b6a6f-cd45-4443-8f8c-bc3ae8264937,CUST00009525,850,Very Low,2026-04-11 10:18:33.379176,v2.1.0
42623412-53bf-4c9e-a26e-20c763ab6c75,CUST00002594,698,Low,2026-01-25 03:54:13.343405,v2.1.0
1fd1b56f-63f9-49a9-9eae-c4f942c014d2,CUST00006940,524,High,2026-04-27 04:02:40.741949,v2.1.0
1d881ae6-6581-4d66-8948-26be471a11bf,CUST00008219,721,Low,2025-09-08 05:59:47.998261,v2.1.0
5b0dcd7d-d0f5-4f40-b22c-69cfa3e3665c,CUST00007369,534,High,2026-06-01 07:53:14.428549,v2.1.0
32e8cf72-532c-44eb-8ddf-e0fd1b7cc306,CUST00005551,832,Very Low,2026-05-14 04:34:32.166788,v2.1.0
f5d5c25a-375c-4472-9b56-24ee0e8ae0c5,CUST00002661,300,High,2026-06-25 12:23:54.892546,v2.1.0
d1b38680-b716-459b-91bf-b41eafc6d5b2,CUST00000765,555,High,2026-03-22 01:50:52.827338,v2.1.0
343f8839-88a5-4500-b168-305b2c0843e8,CUST00003961,336,High,2025-09-04 09:16:24.268728,v2.1.0
d662ce91-3f97-44da-8dbe-25b2d915a46f,CUST00005397,539,High,2026-04-08 13:19:08.155368,v2.1.0
692c3b35-b781-436e-8c85-e741f435a571,CUST00009730,574,High,2026-01-01 16:37:11.660487,v2.1.0
445d85cb-bc92-4b02-9f5f-97aa59c9dd11,CUST00006671,469,High,2026-04-04 13:49:52.998105,v2.1.0
52ff508d-8ab0-45bf-9df5-467e912b1fa7,CUST00004115,704,Low,2026-01-24 16:39:23.265110,v2.1.0
46597e5a-8647-4edf-8a95-fdcbbb47c4ff,CUST00005844,592,Medium,2025-07-19 09:55:58.058416,v2.1.0
dd9697fb-362c-49b9-a790-296cc05e3d20,CUST00008607,569,High,2026-06-23 10:33:07.428206,v2.1.0
6b9524f8-5eff-4637-b2c7-9546e3373c7c,CUST00004274,555,High,2026-03-25 20:26:33.019135,v2.1.0
92800964-fe94-4c8d-aed8-9c96cf09646c,CUST00007265,300,High,2026-02-19 23:17:20.294981,v2.1.0
b0759c17-19b2-442a-85aa-daff1125ed51,CUST00003559,511,High,2025-08-18 17:11:34.922989,v2.1.0
532d6c8a-4002-47f4-8844-8a1ba8025cd9,CUST00006445,312,High,2026-01-04 10:25:43.599410,v2.1.0
c1394a90-e2b6-4d8e-9d9f-b6a23a1fddd9,CUST00006844,602,Medium,2025-08-03 18:21:24.541757,v2.1.0
c82a45a1-e868-45f7-bbb8-6ee581fd1561,CUST00009071,559,High,2026-01-24 01:09:57.428384,v2.1.0
49e9de34-52e0-4e6b-aeca-b77a61aaa3bc,CUST00009990,774,Very Low,2026-03-15 14:24:17.162830,v2.1.0
dbb7b62c-1fbf-420d-9f26-8ea88c19b3da,CUST00003516,723,Low,2025-11-09 01:02:18.111341,v2.1.0
812f6673-0d44-4025-b3c3-01052cb4d56a,CUST00001883,384,High,2026-02-13 20:39:27.218663,v2.1.0
3ba05667-4ab9-431c-bc53-b95f5882e7cc,CUST00008621,455,High,2025-11-08 22:04:35.040087,v2.1.0
10c18353-beba-4779-8a18-e0e3899ed3df,CUST00009549,578,High,2026-06-08 18:09:11.113992,v2.1.0
913dd0c2-a100-4815-aced-caed5e9f87d6,CUST00004065,454,High,2025-11-12 02:40:01.118819,v2.1.0
d6db1b44-23b6-469f-be19-53951419022d,CUST00003573,452,High,2025-09-26 05:42:55.917549,v2.1.0
3aca06dc-e099-4c8f-94cb-83c0ba6bb78f,CUST00001777,634,Medium,2025-10-26 22:57:00.456270,v2.1.0
d67a3d0c-63d0-4c63-94f1-ab8f78dc9a2a,CUST00000201,419,High,2025-11-11 11:29:49.683311,v2.1.0
30c19bb0-abe4-42c3-99c4-9a627872cec6,CUST00009169,648,Medium,2025-12-26 00:37:13.252671,v2.1.0
32b04bba-dffb-4600-95cc-11d3a3f8e3a9,CUST00008327,481,High,2025-08-29 21:12:20.458221,v2.1.0
d883b263-dfc5-4aab-bd0e-895de7d653ec,CUST00009546,450,High,2025-09-10 10:48:58.628720,v2.1.0
c3bed8b0-8783-46e9-ba62-ed8334039721,CUST00009476,351,High,2025-10-25 20:32:30.966320,v2.1.0
880cab3c-b5fa-40be-a4bd-43a5d6e9df9e,CUST00000536,703,Low,2025-07-23 11:38:36.206071,v2.1.0
4fb230f5-e677-4cd6-b76f-5aa40dfad26d,CUST00000273,300,High,2026-03-02 10:29:33.729745,v2.1.0
87d71534-210c-41d8-8357-ddb08018ab09,CUST00005832,477,High,2026-01-21 16:02:20.597440,v2.1.0
7f7c7cfb-75cf-4c7c-8f08-171a02cde9dd,CUST00003616,315,High,2025-10-01 08:42:51.830768,v2.1.0
f90ce640-9ff2-476d-be11-1306e325c42f,CUST00003360,507,High,2025-11-22 20:42:40.994483,v2.1.0
898ea67c-8287-4397-abaf-bfd1428d3ed8,CUST00006527,349,High,2025-11-11 05:40:08.283296,v2.1.0
9aeda966-a520-45a7-aee5-8adbf28ac162,CUST00005784,423,High,2025-09-07 14:45:35.475170,v2.1.0
d158a2b8-3a71-4983-bfd3-bc9f6669840c,CUST00006539,617,Medium,2026-04-01 04:06:07.639641,v2.1.0
007d076c-b28f-4dfb-a814-4d53d9a773dc,CUST00008464,355,High,2025-10-29 08:57:47.900275,v2.1.0
cebc96da-819d-4965-a996-0f95805e9567,CUST00003946,765,Very Low,2025-10-15 07:59:04.222064,v2.1.0
3827ff76-7d43-4339-bcff-df8d400a2060,CUST00001471,422,High,2025-08-12 22:24:16.478979,v2.1.0
2476bda8-8827-454a-93a2-bf466693192b,CUST00001112,800,Very Low,2026-02-26 21:37:18.913713,v2.1.0
8d66d0f7-b5fc-4714-b806-81e990a83642,CUST00007866,561,High,2025-11-18 15:12:37.804493,v2.1.0
2d86ae23-40ae-436b-a58e-ee33f259be6b,CUST00009791,694,Low,2025-12-26 22:48:55.400158,v2.1.0
7e3afe5a-690c-49b7-8a72-05c892c61d71,CUST00004739,485,High,2025-09-03 10:06:14.943619,v2.1.0
e36e604a-38c3-470a-b6a5-596b7595c3c5,CUST00007684,667,Medium,2026-01-05 20:15:42.392580,v2.1.0
3910dae5-6ec4-44a6-9fa1-e9d1b04869fa,CUST00003275,549,High,2026-03-21 15:08:30.979570,v2.1.0
a1dd7f22-b212-4094-8852-8a6d0d3b3b70,CUST00004192,642,Medium,2025-08-25 14:26:11.813798,v2.1.0
439d4bc4-6cc8-4119-94da-3c40a8ff1601,CUST00003520,559,High,2025-08-06 13:30:12.474999,v2.1.0
e4b4e75a-9c6b-4bf2-9fc8-c579e5133a44,CUST00002433,530,High,2025-12-20 16:12:10.934636,v2.1.0
186c2ada-cad8-4662-a78f-777aa7673a41,CUST00002484,834,Very Low,2025-09-21 06:49:43.066485,v2.1.0
498f66f2-1444-45cc-911e-2b8fa17948ee,CUST00004665,582,Medium,2026-02-20 15:21:48.461375,v2.1.0
c8bf3538-ca7b-4613-a087-9ba2184de390,CUST00007492,696,Low,2026-02-19 09:51:55.669911,v2.1.0
d984ee7a-8314-42f4-b564-7a254523cbe4,CUST00001277,300,High,2026-05-19 07:36:38.910753,v2.1.0
4f4df9f0-962a-4d6f-b026-4ea28db04dd8,CUST00000650,537,High,2026-03-30 08:22:36.449657,v2.1.0
a5d58e71-863e-4154-96df-9800d23812c1,CUST00002841,440,High,2026-02-28 00:22:44.404074,v2.1.0
2a61fd48-4871-4a72-bb7a-0d07180f2697,CUST00006741,659,Medium,2025-11-09 00:41:11.144041,v2.1.0
3bc5b7b0-1593-417b-b145-64c5ce853b67,CUST00005699,300,High,2026-05-12 11:24:24.727783,v2.1.0
a262d04c-959d-479e-acae-f794b07a1a95,CUST00009193,625,Medium,2026-04-04 07:00:19.588714,v2.1.0
99579556-647f-4699-86cd-fa610c48597a,CUST00005236,428,High,2026-03-19 22:35:39.856549,v2.1.0
bcd6a6a2-847f-4c36-87ea-cf3db7f9badc,CUST00006744,505,High,2026-01-28 18:18:27.061122,v2.1.0
14914f9d-0da1-4de0-aed1-37e272fe6301,CUST00004560,300,High,2026-07-08 12:58:06.315970,v2.1.0
3208a723-23a2-4cf3-8f89-e26b9afdf54e,CUST00000176,721,Low,2026-04-19 22:34:04.301688,v2.1.0
c5279fb1-7628-4767-97c9-0409775c0e64,CUST00006604,632,Medium,2026-01-04 00:04:49.627977,v2.1.0
9fef0ceb-e43d-4a67-a8ce-f3d4786d5d10,CUST00002918,519,High,2025-09-04 01:11:32.868807,v2.1.0
99cf89dc-eda8-4fcf-bc9a-20b85e7e6e3b,CUST00008612,357,High,2026-05-10 19:09:48.973870,v2.1.0
2983472e-e0d0-41f0-bfb6-4c2ba5357e74,CUST00004144,527,High,2026-06-18 19:40:48.303981,v2.1.0
b3b7c959-d0e9-4315-835d-39086d4210a9,CUST00007794,300,High,2026-01-04 22:42:03.121242,v2.1.0
0c54a371-4032-4315-9ace-d879c0e22002,CUST00004078,850,Very Low,2025-12-31 07:26:53.402034,v2.1.0
b189cac5-6678-45d5-9b3c-e2e2bd0cdf19,CUST00006916,738,Low,2026-03-24 21:52:34.748748,v2.1.0
d91ad760-0ef4-4b1f-94d0-3145a0fb4342,CUST00002294,502,High,2026-04-03 07:29:19.724904,v2.1.0
9b777c91-96e8-4a47-8dae-6eea0593e564,CUST00004306,680,Low,2026-01-03 21:27:40.512852,v2.1.0
860ed956-006a-431e-8d7d-35b4602e0bdc,CUST00008673,432,High,2025-10-10 12:52:57.133021,v2.1.0
35a2af4e-3d61-42a8-bbc1-c76cd49316bd,CUST00009097,454,High,2025-10-07 15:38:06.500519,v2.1.0
5f319762-6324-4410-b00c-8688ef46b2b0,CUST00005641,566,High,2026-05-28 10:04:11.885636,v2.1.0
3f48f93c-105b-423b-8547-599bcfa04a32,CUST00002569,453,High,2026-02-28 05:52:22.574585,v2.1.0
b4ba69f5-9e50-4178-b482-c93087e41d2b,CUST00004726,391,High,2026-06-16 07:49:56.852660,v2.1.0
af67ff61-b047-44a7-b8b3-c3b993abc86a,CUST00004663,448,High,2025-12-08 02:45:31.804341,v2.1.0
f55b4b76-43b7-4fe2-a93c-364cc4ddc1b5,CUST00006533,427,High,2026-03-30 10:33:37.899238,v2.1.0
ad84ed53-2bc6-4a96-9f37-2d8bd4a035c0,CUST00004111,408,High,2026-03-17 20:43:13.171643,v2.1.0
a9f18ea2-d220-46d1-a2ed-97bcc1c53b79,CUST00005021,482,High,2026-05-02 00:09:05.398642,v2.1.0
ca9f50ac-9316-49ab-b7a5-73f6f96c2060,CUST00003875,522,High,2026-06-05 04:50:50.609297,v2.1.0
97365513-beac-4310-8115-f31c6b3fe613,CUST00005054,384,High,2025-12-30 11:16:38.100666,v2.1.0
9cded25a-a8b5-463b-8508-40baca8cfc3e,CUST00008374,664,Medium,2025-07-28 23:11:41.230478,v2.1.0
c274fb70-a752-4954-81ca-bba98e9924b6,CUST00007738,620,Medium,2026-01-07 12:34:24.974519,v2.1.0
86a9895b-bae5-4eba-a8f6-9b7aecaaaf31,CUST00000506,498,High,2025-11-23 06:33:09.197946,v2.1.0
270543b7-42bc-4ad7-b79a-82e321c75166,CUST00006846,634,Medium,2026-01-02 09:02:26.044871,v2.1.0
79de647f-a4d6-4cbc-bfb3-dea641ed0112,CUST00008623,463,High,2025-09-18 07:06:43.257719,v2.1.0
af66a62a-f487-481f-a5c0-8eafda255f31,CUST00003846,300,High,2026-04-24 09:29:51.644874,v2.1.0
26478b8b-3c5d-4b5a-a6ba-2c928ed51b5c,CUST00002483,568,High,2026-02-23 16:17:04.811098,v2.1.0
2012c90e-bbe1-4f28-a0ad-408d9c36bb96,CUST00009370,740,Very Low,2025-09-02 10:36:42.888788,v2.1.0
583a3b43-510b-4c05-8c28-69ccded08243,CUST00008716,300,High,2025-08-24 12:11:08.586616,v2.1.0
615c4c65-40c6-4de9-a2ea-2b925208d747,CUST00002834,656,Medium,2026-05-12 12:22:44.785982,v2.1.0
96c69887-e5d7-4ff1-b033-b1283e89e8b9,CUST00003541,498,High,2026-05-04 22:05:38.709931,v2.1.0
67b4c2fb-92c3-4b34-acef-aead08805517,CUST00006745,405,High,2025-11-13 22:24:08.986295,v2.1.0
f53f064e-07c2-4868-a2cb-0fa5e27454c2,CUST00003893,742,Very Low,2026-03-12 02:50:30.778208,v2.1.0
811f8c53-5610-4ce1-a2be-94633e0b7fbf,CUST00000192,610,Medium,2026-05-03 08:09:57.957332,v2.1.0
eab379f7-985c-4501-b8e7-fd2f4d5179ae,CUST00005512,300,High,2026-01-28 11:49:35.179171,v2.1.0
3716f920-81b9-4a70-8c9d-c5c1052e58ae,CUST00002251,420,High,2025-12-11 07:22:03.679223,v2.1.0
9dec2609-b29c-425d-801f-f1d05a8a619c,CUST00003880,478,High,2025-12-15 22:02:21.068461,v2.1.0
d64857a1-c465-4720-8347-76835105b9d5,CUST00008404,349,High,2026-03-01 16:20:47.378838,v2.1.0
138e5bac-47e3-49fb-99ed-d78999489ad6,CUST00000194,454,High,2026-02-03 01:05:46.479733,v2.1.0
29e14d54-968c-44d2-8ddc-d4d68d178119,CUST00006771,453,High,2026-07-08 14:48:28.254702,v2.1.0
4b8b27c7-fbe0-4d40-b406-ac13f74bf75c,CUST00002100,556,High,2025-12-05 02:20:58.662082,v2.1.0
0550a6cd-3e4a-4419-afad-a499c862ec39,CUST00001323,300,High,2025-11-19 08:31:30.741122,v2.1.0
96c465d9-9a61-47b1-a811-57689036b15e,CUST00004243,540,High,2026-05-11 04:29:47.025516,v2.1.0
8abc3308-4735-462f-9faf-e9c347c5879c,CUST00001992,329,High,2026-02-18 18:12:34.555041,v2.1.0
a6837992-1725-4b2b-a649-03c8403f02d0,CUST00005154,300,High,2026-04-30 09:00:53.101219,v2.1.0
81ec3c14-20bc-4472-914b-3f7862cb4b3d,CUST00003258,326,High,2025-12-23 22:06:46.030700,v2.1.0
caf5f04c-e274-485b-9b79-f27b44abda0a,CUST00009738,560,High,2026-05-01 11:25:27.045249,v2.1.0
75d20db7-f920-4f9a-ae93-614071db866a,CUST00008887,586,Medium,2026-02-01 19:05:55.003084,v2.1.0
db4c56e0-c390-4608-83f6-df494966adf1,CUST00008990,552,High,2025-10-12 03:58:43.504532,v2.1.0
cb4566f4-959f-40d5-a370-47db011b7318,CUST00004132,300,High,2026-03-16 22:12:24.062189,v2.1.0
aa8472cb-0b6c-4d9a-aac5-516880ce6ea4,CUST00009511,465,High,2025-08-15 08:42:37.098368,v2.1.0
cb30a68e-d6e0-4dde-8bd9-bf69393094a1,CUST00009730,577,High,2026-06-22 21:37:50.118773,v2.1.0
7ea9361e-8bd3-4f8f-aee1-7560e67dcfea,CUST00004621,436,High,2026-02-12 15:06:12.307389,v2.1.0
c57d61aa-258b-4e28-a049-2d09216ed2d1,CUST00009655,662,Medium,2026-01-11 15:35:28.111808,v2.1.0
2243fdb3-5a00-4580-ab61-a8f6e1c68465,CUST00009610,446,High,2026-02-19 04:39:59.722718,v2.1.0
abcb9983-8e34-4ff4-a196-bc7a28383e32,CUST00009052,533,High,2026-01-02 23:39:03.253753,v2.1.0
e431ed24-ee99-4ed5-8ca6-13386882cec7,CUST00002674,533,High,2026-02-05 15:40:20.044050,v2.1.0
9bd07d76-96aa-4e35-8432-e56939f6fa39,CUST00009356,850,Very Low,2026-05-14 03:33:48.447788,v2.1.0
8d6ab356-8faa-4264-8b63-1b482da079ab,CUST00004631,306,High,2025-09-20 06:12:20.477509,v2.1.0
5ec07f76-75c2-4bfc-a60e-aeb9fafda6d3,CUST00003072,433,High,2026-07-02 00:57:05.564151,v2.1.0
5420c12b-a735-4ca5-aada-6c7e723c94da,CUST00006254,396,High,2025-08-12 08:04:13.755897,v2.1.0
16b124a2-67e3-4a53-a44a-454330be7897,CUST00006212,605,Medium,2025-08-26 15:08:09.701344,v2.1.0
78894cb4-2cd9-4352-97e4-1bafb50d7e2c,CUST00008170,433,High,2026-05-11 05:49:12.568860,v2.1.0
438f554c-b791-4c44-a053-f9be4911ea0b,CUST00003309,338,High,2026-04-25 15:19:03.372370,v2.1.0
5a441061-d214-4582-9bae-8b3eb168fcc5,CUST00002982,744,Very Low,2025-12-03 07:20:58.816106,v2.1.0
9c22b13d-e2f4-4f97-a51b-0a8d0522e38a,CUST00004107,596,Medium,2026-01-14 10:46:45.472474,v2.1.0
5404f4b7-47b8-4103-aef9-8c1dcdba3e53,CUST00007550,731,Low,2026-03-16 00:45:09.016933,v2.1.0
2376ffbe-8152-48a3-a75c-4fee218524ea,CUST00005218,431,High,2025-08-19 23:29:50.132781,v2.1.0
9b88a15b-8f30-4b96-a906-166360156ae1,CUST00007821,511,High,2026-05-12 07:49:37.300278,v2.1.0
aa179ce2-740d-47d6-a2b6-cb5af76634f5,CUST00009906,554,High,2026-06-06 23:25:42.072624,v2.1.0
c4420762-fb2f-4911-997f-2f17343bbd24,CUST00008467,355,High,2026-06-12 19:37:55.281155,v2.1.0
f4c32113-9366-42a7-a80c-9278b557ef93,CUST00008482,452,High,2026-03-07 06:05:39.462429,v2.1.0
860f52d2-d5a3-4ff2-bef6-86b56e80cd42,CUST00006836,324,High,2025-07-17 23:31:21.183079,v2.1.0
0a56b339-9d4f-45fc-b03c-ac53f08349e9,CUST00001145,540,High,2025-09-09 12:03:57.262332,v2.1.0
6e880e7f-5a25-4237-8785-685fa1fab746,CUST00000263,522,High,2025-09-10 09:54:07.544354,v2.1.0
4af46b08-9ac5-4a7a-a1b7-49c50f0e1ca6,CUST00007480,300,High,2026-01-27 22:46:03.694137,v2.1.0
339d53d1-5137-48cf-a4bc-b60dcb7396c7,CUST00004198,566,High,2025-12-07 08:24:03.853481,v2.1.0
c3bec5b4-b06d-4a09-a9b8-b662276e36ec,CUST00003110,382,High,2026-02-13 23:54:53.085978,v2.1.0
32e9533b-c9af-4451-a4aa-79b5c7854b7a,CUST00001197,418,High,2025-09-27 09:04:23.876953,v2.1.0
64b355cd-a893-4a4b-8b0a-b59924a0468f,CUST00009395,490,High,2026-03-23 19:55:09.358063,v2.1.0
6ee30f27-5cfc-4a50-9408-45297f2a410a,CUST00008399,755,Very Low,2025-11-10 13:07:34.581568,v2.1.0
030b1d88-dd2b-4345-9feb-db6099d850ec,CUST00008175,317,High,2026-02-11 04:48:46.049720,v2.1.0
91a93c74-3504-48fe-90ab-c8b60d704650,CUST00006312,359,High,2026-06-16 10:50:09.912050,v2.1.0
b214d0fa-0fae-4900-b04a-61e68d317e81,CUST00001648,330,High,2025-11-06 03:31:12.147055,v2.1.0
e33fd525-f74d-45a7-84f1-7896f7f0d2f3,CUST00004974,779,Very Low,2026-06-27 10:56:23.829094,v2.1.0
fd5932ee-2d4a-49bb-9e02-0fcb33af5bdf,CUST00008167,615,Medium,2025-12-23 16:37:10.223812,v2.1.0
65b666c4-5e5d-48b3-97c0-28fac26eecaf,CUST00001163,300,High,2026-07-11 18:58:11.236772,v2.1.0
29fe4d89-ef12-4a52-828b-35fe0f30aec4,CUST00007492,300,High,2025-11-20 15:38:51.930410,v2.1.0
4931ade2-8e02-4a56-b30a-91e63646d0d8,CUST00004056,300,High,2025-08-19 12:34:43.054687,v2.1.0
0aa428c2-68f3-4c71-878d-a91493ad1b4b,CUST00006252,387,High,2025-07-20 21:04:41.104811,v2.1.0
fa3d6386-7b03-47ae-9fdd-0eb55dab3298,CUST00000830,522,High,2026-07-13 04:38:31.546103,v2.1.0
9d03791f-f5ea-488f-9b9b-4e411da5e19b,CUST00004205,330,High,2025-12-12 13:00:15.150627,v2.1.0
203d4c0a-6838-4ddd-b42b-fba65f34dafb,CUST00006717,330,High,2025-09-02 12:01:45.457337,v2.1.0
37c9d1ef-0dc4-438b-be1f-aca777798c3f,CUST00005274,475,High,2025-11-02 08:39:31.741333,v2.1.0
6213f998-bf71-4742-bb81-3b1d27c72373,CUST00001541,499,High,2025-11-29 18:25:33.377668,v2.1.0
31d46825-7ace-42d6-8528-55cb6624f38b,CUST00001067,417,High,2026-02-03 09:18:07.350122,v2.1.0
8c3417d0-215c-4a6e-bd28-a16201c5e633,CUST00007732,596,Medium,2025-08-06 07:36:28.533183,v2.1.0
441f1612-f08d-4979-8114-99b69a53c5b0,CUST00007876,300,High,2026-03-31 19:20:24.419056,v2.1.0
42d2ac9c-0871-48c4-8a52-316978d15ccf,CUST00001625,300,High,2026-05-13 16:25:58.692960,v2.1.0
2bdb5897-f8f2-46cc-a5b4-0fcc3f5a4339,CUST00000111,300,High,2025-11-26 02:57:31.965937,v2.1.0
833d4360-870f-49d5-b1f2-548396f99009,CUST00001312,369,High,2026-05-28 11:23:54.706283,v2.1.0
f10c6dc9-cb32-4147-94bc-415a325bd05a,CUST00001964,670,Low,2026-05-30 02:14:47.760020,v2.1.0
818238b1-cf43-455b-95a1-033108a3f944,CUST00004230,338,High,2025-10-11 19:58:27.512658,v2.1.0
1a4040c6-4778-4944-998f-084cdce4acec,CUST00003404,338,High,2026-03-31 09:24:54.552218,v2.1.0
976b0bcd-a050-4299-ab05-67f2acf7d503,CUST00000272,502,High,2025-12-08 21:58:05.403183,v2.1.0
918ecce7-c62f-433e-bdbf-64696372cee3,CUST00001184,588,Medium,2025-11-11 02:32:03.524027,v2.1.0
fc7e7899-1aae-46c6-8b7d-ec32ade49cf4,CUST00007395,487,High,2025-12-04 17:20:54.819098,v2.1.0
a1e4b286-0741-4aad-ac7e-cb4b67e90231,CUST00004637,442,High,2025-12-04 06:36:51.394496,v2.1.0
1ab157f7-536a-4bfe-9afa-022d6518363f,CUST00003830,512,High,2026-02-02 00:17:13.680555,v2.1.0
09295b51-7435-4e2c-80ac-e654349f18d9,CUST00000617,378,High,2026-03-16 21:06:49.044066,v2.1.0
16b562f8-7455-436d-8750-c145f43a94eb,CUST00007507,391,High,2026-01-07 08:30:55.812591,v2.1.0
04f86693-b507-4874-ab26-4ddc50caf851,CUST00006462,379,High,2025-09-24 15:51:28.637335,v2.1.0
590ac250-4fad-4db8-b830-3e3a7065a43d,CUST00009510,453,High,2025-12-05 09:10:28.702463,v2.1.0
0a25a9a9-82e5-4fc2-a12a-411a23dfc75f,CUST00007369,506,High,2026-06-20 13:41:39.761115,v2.1.0
b2c31260-a155-41ce-a59d-1b4bbd850ba1,CUST00002317,403,High,2026-05-20 16:49:04.754886,v2.1.0
8da75429-a1f8-4a17-81b5-01185476f00a,CUST00004429,642,Medium,2025-09-12 06:10:36.172168,v2.1.0
6fee238d-94fc-41de-8ae4-dd7c5eff7a36,CUST00006837,300,High,2026-07-17 05:22:01.020886,v2.1.0
f6736e95-c282-4e08-b280-435203625ad5,CUST00004223,316,High,2026-03-19 15:32:42.449794,v2.1.0
3b65f1eb-b0d5-4d3a-a159-5ee00868b2b5,CUST00007269,556,High,2025-09-04 22:57:01.981852,v2.1.0
8cf6e688-e532-4bc9-981b-c9583732b489,CUST00004199,512,High,2025-08-13 02:48:53.471798,v2.1.0
efe05902-f8e3-4ee5-9fd5-0d76a1831b3e,CUST00006522,362,High,2025-07-23 15:35:50.878019,v2.1.0
54ddb7fb-61ed-4bff-9061-e3cb65c81467,CUST00003201,341,High,2026-04-07 08:59:35.722090,v2.1.0
bc0a4fb0-8ade-4931-a1db-71e4f21705e9,CUST00002384,501,High,2026-01-11 16:12:49.600493,v2.1.0
2678be56-288d-4f51-a499-a80b26d1b04a,CUST00002125,300,High,2025-12-24 10:13:18.749933,v2.1.0
d08cd14b-e4c0-4492-a361-f589a8ab1f31,CUST00002985,419,High,2026-07-14 13:55:00.711376,v2.1.0
b6b4feaf-3934-4dde-8455-c20ff338018c,CUST00001852,396,High,2025-08-17 20:02:45.960301,v2.1.0
f15be4e4-085e-4ad0-9641-b8c2893a1b5b,CUST00009785,453,High,2026-03-09 11:39:13.629963,v2.1.0
1231427c-e0e9-4d35-ba41-38b2e5e29359,CUST00007839,463,High,2025-12-16 19:11:45.163477,v2.1.0
bf167798-e977-4fd5-b463-4e0049e88071,CUST00006267,635,Medium,2025-12-31 11:20:39.854658,v2.1.0
18e5aa0f-1b52-4c81-a370-b9a86b193b7b,CUST00009978,524,High,2026-05-02 01:27:50.015872,v2.1.0
7a037dea-3214-43dd-b20b-565b55cac07c,CUST00008189,423,High,2026-02-23 16:11:26.562781,v2.1.0
9b0e4eff-69fb-4598-af2b-028a6b550d3d,CUST00008503,416,High,2025-12-20 09:31:38.136348,v2.1.0
fe2d6874-e792-4ed5-bf5e-bb98643bee9a,CUST00006287,567,High,2025-09-21 13:58:02.362560,v2.1.0
6e4f015e-288b-4f4b-bb2e-5478b32ef06b,CUST00001074,587,Medium,2026-01-19 23:18:55.969134,v2.1.0
71598adb-c53a-443f-b493-8707b1632edc,CUST00005767,587,Medium,2026-02-04 13:02:41.067526,v2.1.0
a4574aaf-ba8b-4d60-b9d4-e286558b5d16,CUST00004083,408,High,2025-12-29 06:53:59.467001,v2.1.0
ee707cc1-2d7a-4d01-a8ab-3dbaf249f985,CUST00009307,438,High,2025-11-24 16:26:40.473204,v2.1.0
8ba697e9-6275-4e9d-88ac-2a98903bc6af,CUST00004854,570,High,2025-09-23 18:30:22.601353,v2.1.0
c025385d-3f7e-4c73-bd69-b160d8c114e0,CUST00000434,300,High,2026-02-23 17:27:02.673997,v2.1.0
029e8119-376c-4297-8195-049ad8e0247f,CUST00004658,379,High,2026-02-13 23:58:36.693289,v2.1.0
8e432c77-893b-44c0-9b26-b7dc59cc7dd9,CUST00001256,458,High,2026-05-23 04:47:10.695536,v2.1.0
125540f8-373f-4f24-b12a-492ce6482b2c,CUST00006233,641,Medium,2025-10-12 09:12:00.215401,v2.1.0
b70015c9-c1d9-44fc-a48b-a0406bb01160,CUST00003779,459,High,2026-01-17 03:56:27.440628,v2.1.0
16ec2961-c648-47ec-be0a-517507268dfe,CUST00003029,850,Very Low,2025-12-14 23:12:44.424634,v2.1.0
15c421fc-ea8e-449f-8453-6ece707e3574,CUST00002360,563,High,2026-02-02 09:28:08.490423,v2.1.0
c90faeae-0ad0-48d9-915a-c2944f236ead,CUST00009069,813,Very Low,2025-11-28 22:40:40.206799,v2.1.0
46d03133-3b4f-4c0f-9c49-b2ea3d8fe907,CUST00004723,556,High,2026-07-10 04:51:58.710448,v2.1.0
8a6fd0c4-d899-4d82-8c1c-d07747cf07c4,CUST00002392,328,High,2026-02-10 10:10:10.232041,v2.1.0
f87f0b59-1bb6-4797-aa78-983a8417a644,CUST00005581,440,High,2026-04-01 08:44:16.306413,v2.1.0
7f844ac9-c67a-459b-857d-036d66677f51,CUST00004400,300,High,2025-08-28 05:52:42.136545,v2.1.0
d963a0ea-64ff-4323-adb6-9494f3832fd5,CUST00003793,525,High,2026-01-09 18:54:30.874874,v2.1.0
e42636fe-f34f-4cd2-834f-d17ded663b67,CUST00004935,300,High,2026-03-27 02:38:23.895989,v2.1.0
d8a658ca-f38a-465b-bbac-5f13d9639057,CUST00007261,379,High,2025-09-07 19:24:41.092289,v2.1.0
74feb7d2-3264-4cf5-981e-d4493ab3e3bb,CUST00008213,300,High,2026-04-11 00:14:49.915062,v2.1.0
8d57016a-9b4c-4603-bd4d-b93b3efe9229,CUST00007645,481,High,2026-07-12 03:43:29.934819,v2.1.0
89e7f3b6-2f91-4384-a270-327cb385c466,CUST00000749,611,Medium,2026-07-12 04:30:27.304333,v2.1.0
375ae306-71df-4490-8789-ece522f8bed4,CUST00008180,623,Medium,2026-04-28 09:17:33.201409,v2.1.0
fbdf6942-bc62-49ed-a842-51df583cf05e,CUST00006262,627,Medium,2026-01-03 17:25:36.937905,v2.1.0
8f863e32-2f67-4a6e-ba6e-f30df280e48c,CUST00005018,362,High,2025-08-15 11:41:32.679482,v2.1.0
89f743d2-2c90-46bf-8be6-3062eef50d0f,CUST00003313,533,High,2026-06-07 22:41:31.811171,v2.1.0
e69c560c-2921-4570-9d71-fb7a7648c52c,CUST00008446,364,High,2025-08-19 05:12:22.140234,v2.1.0
0c3b2655-0d30-4e00-89a3-19b8cc5e4b96,CUST00009145,300,High,2026-01-06 11:18:13.541391,v2.1.0
403388d9-8e4f-4a60-9010-b21fa81eb669,CUST00002808,408,High,2026-04-14 19:20:56.789387,v2.1.0
e6b79855-a143-445e-92b7-30028c68b0c7,CUST00005264,339,High,2026-07-03 16:38:21.860317,v2.1.0
3f81dadc-03a4-4142-be62-002f8a111060,CUST00004903,480,High,2025-08-15 10:21:14.484980,v2.1.0
2ec528da-5dab-44d7-bfac-7b26445a34f9,CUST00005880,417,High,2026-03-06 08:39:38.322947,v2.1.0
5229cf40-851b-4aaf-a15c-8e10eee4a399,CUST00009190,633,Medium,2026-05-05 09:50:39.481972,v2.1.0
df741bfe-d31a-4bf7-b37a-68b505698d77,CUST00003953,460,High,2025-11-09 01:12:15.209727,v2.1.0
5a657d68-6d1f-4bc7-96db-2cefbbfc6429,CUST00001211,300,High,2025-08-06 04:30:47.773538,v2.1.0
02614b40-5c86-494a-a12a-55b5379c2761,CUST00008240,566,High,2025-11-20 09:20:59.822132,v2.1.0
5dd0a33b-524b-44a0-acb5-569de156ae6a,CUST00007518,719,Low,2026-04-28 06:17:19.212717,v2.1.0
582f7c42-4ac8-4862-a26a-31152e0c122f,CUST00007013,578,High,2026-01-05 03:53:53.266566,v2.1.0
f15321f2-07f8-4903-9731-79367261021c,CUST00004072,416,High,2026-01-21 03:47:18.431539,v2.1.0
3f7f115b-6903-49d9-b319-d96e7d42b061,CUST00005945,449,High,2026-01-05 07:05:06.720689,v2.1.0
a1fe11e2-df1f-47b5-aed3-96689a817836,CUST00007803,590,Medium,2026-04-11 22:20:55.946704,v2.1.0
f8286d8f-3feb-4551-8820-84035e6405a0,CUST00006408,784,Very Low,2025-12-18 16:25:58.145042,v2.1.0
f597510c-da47-47e0-b758-0b9757f21bca,CUST00007051,636,Medium,2026-07-03 18:07:54.568807,v2.1.0
db74e554-ead7-4233-ab51-e31f5183dfeb,CUST00006210,560,High,2026-05-05 10:56:23.485944,v2.1.0
4503347b-3d2c-4e54-82c8-6a1c01e3e70a,CUST00003405,473,High,2025-10-31 13:02:18.491689,v2.1.0
d6fe4ab4-3d86-40d9-a057-842746d58d72,CUST00008585,557,High,2025-07-30 19:34:04.835070,v2.1.0
f51cff3b-f998-4310-8dd8-9e5be2ccf33b,CUST00004881,622,Medium,2026-06-19 23:30:55.897130,v2.1.0
c44be7bb-164b-47b8-a464-14a05d6c9478,CUST00006718,413,High,2026-04-17 15:11:19.693103,v2.1.0
4a98429d-f32c-4265-a35f-238d51bd085c,CUST00005986,537,High,2026-04-09 10:21:58.460911,v2.1.0
f1b94885-bfeb-4fa5-9a65-b8ccfe400b96,CUST00006238,475,High,2026-02-08 19:13:14.047783,v2.1.0
08ac92bf-afe2-4c10-83d9-c9931e89888e,CUST00001804,300,High,2025-08-09 08:16:48.137544,v2.1.0
769c7d5b-3f02-4e32-9d04-d5219bafee0a,CUST00003837,606,Medium,2026-01-06 17:31:05.992493,v2.1.0
2cc3bc14-5da5-45cc-9bcd-59cd343653bd,CUST00002912,349,High,2025-09-17 16:00:52.969877,v2.1.0
0a516bb1-0855-4440-aa52-d8b715d0ded9,CUST00002294,512,High,2025-08-05 18:23:39.076712,v2.1.0
1dad9064-5661-4197-a7ec-0ffea3af7180,CUST00001168,553,High,2026-07-14 15:12:25.464726,v2.1.0
d70cbf5f-5612-4f8a-9585-5969dfe94853,CUST00005317,612,Medium,2026-05-09 08:29:34.570862,v2.1.0
ce2659fc-9cd3-4a71-93bd-6f8fbe6a0e31,CUST00001471,545,High,2026-03-02 22:31:10.922245,v2.1.0
894e99b4-f1ed-43ca-a863-400699714cb6,CUST00002627,355,High,2025-10-30 16:03:49.885712,v2.1.0
3aa87ebd-1a3d-49d5-9504-4c6004c0ca05,CUST00001251,356,High,2025-08-17 01:10:15.551500,v2.1.0
3e6dd661-3a2f-4a71-b216-1e4466b6a3c0,CUST00006987,743,Very Low,2026-01-18 13:50:26.944037,v2.1.0
490cdadc-f1a9-409a-b5e6-5d5f68b43a9e,CUST00001680,445,High,2026-05-24 21:28:17.163705,v2.1.0
8299e7aa-cc6a-45f5-b651-ce6b6e423849,CUST00000492,541,High,2025-10-27 09:27:45.132772,v2.1.0
7188ea14-c892-4005-8cc0-51969c33a77e,CUST00004963,850,Very Low,2025-09-04 07:42:34.747646,v2.1.0
4f67d1cf-b1c6-4e20-af2d-f29ded40ea90,CUST00004948,522,High,2025-10-28 12:50:21.065171,v2.1.0
6ad92f10-2962-4ec2-871c-8024abf95936,CUST00003781,396,High,2026-05-27 05:41:14.551796,v2.1.0
5f49e406-2d36-4783-b380-bf462c58cd55,CUST00003478,653,Medium,2025-07-23 02:24:24.638966,v2.1.0
89c478a9-b7f1-411d-8d6b-528eb37fb114,CUST00007173,662,Medium,2025-08-27 15:43:19.102199,v2.1.0
dd793244-43fc-4abd-bf7b-aa85969732c0,CUST00002666,534,High,2025-09-19 16:31:47.092520,v2.1.0
283a2a5a-69fc-4779-ae4a-1dffb23602e6,CUST00000348,317,High,2026-02-19 01:13:17.622169,v2.1.0
d30188d6-c20c-4a62-bc8c-6d8b9412396e,CUST00005690,498,High,2025-09-11 02:43:30.654312,v2.1.0
46f670d2-cffa-4e14-8994-7f2cc2961656,CUST00009305,460,High,2025-12-28 01:09:40.095984,v2.1.0
f0570a16-df8a-40cc-abdc-7d90bd1ab0e6,CUST00006345,589,Medium,2026-05-08 23:14:39.426156,v2.1.0
b74b7264-14ea-4e6c-aaae-db39faef056d,CUST00004218,505,High,2025-10-21 07:59:02.945787,v2.1.0
dfe2f73c-2499-4b4c-a485-2e3397b811cd,CUST00002574,471,High,2026-03-30 20:43:51.649210,v2.1.0
8ad06d2c-899b-4d34-b40e-f702b45e3214,CUST00008747,830,Very Low,2026-01-11 00:35:09.519956,v2.1.0
26fdb189-8c07-425d-97a0-4d43003fecdf,CUST00000540,658,Medium,2026-05-05 21:00:35.372126,v2.1.0
818c6140-43fb-472e-9c44-0b0cd93da162,CUST00007764,579,High,2026-05-28 18:07:05.733459,v2.1.0
8bc49e9b-0006-4c41-94c8-5e254d8e6608,CUST00003240,300,High,2025-11-20 03:13:47.677116,v2.1.0
d10e7f6a-9d64-4d63-905c-88f245225fe2,CUST00009694,360,High,2025-08-17 17:44:58.771395,v2.1.0
4c632132-7c3c-465a-bcc3-ca3d2771cc43,CUST00005720,557,High,2025-09-08 21:33:27.637168,v2.1.0
6d252801-cc52-4223-80bb-e084bec09e48,CUST00002433,485,High,2026-06-24 00:37:00.548067,v2.1.0
be6447e5-18b8-4b43-b29d-9edcafab0ff3,CUST00005215,608,Medium,2025-09-12 05:09:04.274655,v2.1.0
2be4f39e-61f5-43e3-bcd1-d5fdad3881ee,CUST00009280,575,High,2026-01-15 01:16:12.801874,v2.1.0
fd7e6f1f-2fe7-4456-bd54-58adb6931884,CUST00003701,753,Very Low,2026-07-15 19:26:21.674954,v2.1.0
ccfbfd3e-3a08-4972-b1d3-61b5e4b37b2c,CUST00008165,370,High,2026-04-25 06:45:56.944892,v2.1.0
3c9ac800-5df1-43da-b53c-69aedff00fae,CUST00001743,515,High,2025-10-12 19:41:48.517848,v2.1.0
da965397-eacc-4722-88b1-12a2636baccf,CUST00000730,715,Low,2025-12-25 16:27:46.100976,v2.1.0
8293c4a6-2894-4ac5-b53b-f01054b2ebbf,CUST00006143,557,High,2026-03-07 18:43:59.430863,v2.1.0
b5e1690c-2028-4fdf-92f4-eac57b495212,CUST00008783,761,Very Low,2025-10-02 22:13:34.713462,v2.1.0
80c39b3b-c336-45fc-a105-05f7e5086b25,CUST00006836,423,High,2026-04-12 03:08:23.706579,v2.1.0
84494a81-695b-49b2-b04b-b47baf170c8f,CUST00009164,488,High,2025-11-20 22:45:27.379112,v2.1.0
c9cbd62b-87fb-443a-8579-c5533de4bb36,CUST00001864,300,High,2026-03-09 11:48:47.891037,v2.1.0
c67030ab-cfe5-45c5-9b60-bf1eca4bfe7e,CUST00001683,395,High,2026-04-19 20:17:50.976964,v2.1.0
6b525d09-db1a-4975-bfb8-212123de9d06,CUST00009637,300,High,2025-08-29 06:41:07.535317,v2.1.0
aec04c9c-45fb-48ac-ac9c-07f5cf699979,CUST00005855,367,High,2025-09-17 03:03:05.473813,v2.1.0
5a5dd7a1-4764-41d4-ab8c-5ce2d6bfddad,CUST00002814,510,High,2025-12-10 13:12:28.471594,v2.1.0
6c4d6dd7-e20a-4984-b5ab-7b0c93eb50c2,CUST00005077,648,Medium,2025-11-04 23:37:06.959027,v2.1.0
7be99ea1-a35e-46f5-b86b-71c4b651d793,CUST00000294,506,High,2026-04-16 10:28:59.777139,v2.1.0
7d88054e-8d7a-48e8-82e2-8e54ae1b1653,CUST00006420,609,Medium,2026-04-18 17:30:31.118256,v2.1.0
1e93446c-52b0-4b7c-a9f7-b538add7b4c6,CUST00001831,558,High,2026-01-28 09:51:23.321669,v2.1.0
90da91c7-5cbb-440c-b13e-47d732d1d5d2,CUST00005561,723,Low,2025-12-03 15:08:57.393606,v2.1.0
360642be-83ab-458e-8289-d9759fa5f8af,CUST00000403,469,High,2026-04-01 15:05:43.208735,v2.1.0
443706f3-6015-4e02-902e-bc9462582d2c,CUST00004945,391,High,2026-01-07 06:02:42.108522,v2.1.0
f808153d-06b9-459f-93b3-9a20f5ab075a,CUST00004936,672,Low,2025-09-08 22:15:18.895910,v2.1.0
45fd016b-fe1b-44e1-a8ee-deea8353fe4d,CUST00006769,647,Medium,2026-05-31 18:33:08.756887,v2.1.0
0a811503-0a87-4c77-8361-5a820c255d37,CUST00001659,427,High,2025-07-22 05:53:42.824451,v2.1.0
1621f42b-dc1d-4c4c-b783-598faa0d59a5,CUST00003544,377,High,2026-06-21 13:43:00.467921,v2.1.0
8250f79c-0ffd-4aef-b5e0-65bb7de67e24,CUST00001375,701,Low,2025-12-28 20:09:37.930975,v2.1.0
f02f6bcb-4bc6-4dc8-a814-e5523478dbdc,CUST00002047,570,High,2026-03-22 17:25:01.267227,v2.1.0
35b4e2d3-5ade-4051-9c6d-43043acdd216,CUST00001055,300,High,2026-07-04 04:29:16.338263,v2.1.0
ffbd185a-d8bc-4faa-ad3a-6ab3d1dd88b0,CUST00008693,348,High,2026-03-24 07:50:11.464160,v2.1.0
dedef0d5-55cf-4e5e-8b44-78b343a1c1d6,CUST00006021,517,High,2025-08-01 21:27:26.048865,v2.1.0
57739ead-6e04-4ea6-b91a-a0b46577f1d6,CUST00008381,488,High,2026-06-18 02:21:03.759473,v2.1.0
a3d8def9-ebaa-446b-ada8-780762b16663,CUST00000475,410,High,2026-03-07 17:24:49.661191,v2.1.0
dfa44467-b956-47ef-b21e-1c9a35ad10dd,CUST00003945,642,Medium,2026-07-02 03:34:59.196424,v2.1.0
b621c619-4b59-4a79-9a3a-2bdf1e96c267,CUST00004820,389,High,2025-12-22 14:50:16.980051,v2.1.0
a9f060cb-fa03-4a61-a525-4f29a183d9f1,CUST00009836,506,High,2026-06-18 05:14:33.548988,v2.1.0
553b5092-c219-4c6b-aaa4-eec7302e931b,CUST00006528,479,High,2026-05-27 10:02:47.373222,v2.1.0
32e1bfd4-13cd-4262-9010-65579f336437,CUST00007725,643,Medium,2025-11-17 06:09:02.019250,v2.1.0
687cac48-9be8-44f9-a601-45d8ab048b8b,CUST00004863,612,Medium,2025-10-23 11:08:03.689468,v2.1.0
026b8c04-16a2-4a99-ba3e-b2225cea081a,CUST00002258,300,High,2025-08-22 19:22:38.666739,v2.1.0
f4989fbf-d28d-4c49-a87e-f88f42205272,CUST00002322,436,High,2026-03-13 21:43:22.189828,v2.1.0
6bf9d26e-92ab-4238-b72d-68ba1e3a97d4,CUST00008212,524,High,2025-12-07 18:40:00.056169,v2.1.0
d68ae6d4-014d-41a7-b4fc-429b34380d39,CUST00004059,477,High,2026-04-26 07:09:46.478150,v2.1.0
8463ca3d-0aa6-40b5-ba8e-e903528b7746,CUST00006925,300,High,2026-04-17 12:15:28.142391,v2.1.0
3679b2b9-5c00-48ab-8561-bcebbecc0131,CUST00001551,850,Very Low,2026-04-12 02:43:19.864655,v2.1.0
fb667c54-905a-4fc4-aefe-7c6d1d93d908,CUST00004178,429,High,2026-02-17 22:31:21.031181,v2.1.0
34799c91-5c2b-48ba-954f-be29565d168e,CUST00005068,543,High,2025-09-27 02:34:42.369504,v2.1.0
89aba1cd-77a4-477d-8b6c-5839b847ad18,CUST00003110,650,Medium,2025-11-18 03:31:55.098081,v2.1.0
fbe20032-975d-4e82-98be-dc9d77dcdb52,CUST00006949,454,High,2026-03-27 00:43:14.991764,v2.1.0
fc47897e-24c9-462e-8276-e77201e04cc3,CUST00009368,421,High,2025-09-21 15:00:46.301503,v2.1.0
66238cc9-7488-4df9-b74d-469637578c95,CUST00001527,364,High,2026-02-02 22:08:48.841164,v2.1.0
13337f24-2d52-4908-961d-1f973282f035,CUST00003899,459,High,2026-03-20 15:31:34.668124,v2.1.0
7f6b85de-7e20-43d3-9cfa-ee64c4ada257,CUST00001398,549,High,2026-05-17 16:17:49.979946,v2.1.0
348e88d0-5f1b-4252-9647-b854363767d6,CUST00004750,447,High,2025-07-22 06:45:27.089856,v2.1.0
125eb09a-9dc8-4acc-a2ec-3522155beaa0,CUST00001188,369,High,2025-08-22 14:18:37.960306,v2.1.0
a58ec030-9d78-46a6-94db-3eea8525ce19,CUST00006802,318,High,2025-08-24 20:43:58.754204,v2.1.0
72dac468-208c-4b23-9b01-b050fc492a8b,CUST00002493,457,High,2025-12-27 18:55:44.382037,v2.1.0
263c6cd2-d28b-4f6a-b392-fdf1e9c6a10b,CUST00005975,457,High,2025-10-06 01:15:27.065072,v2.1.0
272f6bb8-cda4-4dce-99b1-179e22edc4c6,CUST00002275,452,High,2025-10-29 09:13:13.241119,v2.1.0
d830e0d0-4b96-4cce-aa0a-c8bd54b2277f,CUST00000777,470,High,2025-09-26 10:23:43.800858,v2.1.0
c070fbb2-f8f5-4831-8f98-a4f1cb9fa293,CUST00003216,836,Very Low,2025-07-26 13:39:33.565025,v2.1.0
0a7d4050-c97f-445f-8217-2d1b2e65163f,CUST00000719,432,High,2025-08-20 11:50:30.781782,v2.1.0
12d6355b-f11c-456d-add4-9a5194f59f7c,CUST00008366,521,High,2026-06-25 16:37:13.279675,v2.1.0
5ba4c24f-ed44-4997-bcd5-a3abbb051b04,CUST00008048,494,High,2026-03-14 17:33:11.005478,v2.1.0
0e62dd43-35d8-441e-b310-89b00fb93702,CUST00001617,375,High,2026-05-19 01:20:27.427881,v2.1.0
15917ebf-f4cd-4321-94e9-ba555065fcd0,CUST00009656,397,High,2026-06-30 01:39:53.157912,v2.1.0
643f55b4-2526-4352-b532-ba68a51a7ad3,CUST00001693,316,High,2026-03-07 23:11:17.153096,v2.1.0
61718872-0b84-4774-a256-15fcf7ce1913,CUST00002469,450,High,2026-04-02 12:43:23.182834,v2.1.0
51d49420-a615-4d62-8acc-a95762407207,CUST00000070,300,High,2025-08-30 17:35:49.979302,v2.1.0
9190e08d-15a7-4eb3-909d-2dc68c09691f,CUST00007045,450,High,2026-05-26 17:15:40.992220,v2.1.0
535a1ab3-886d-417d-abbc-2ad81b5e8ddd,CUST00000385,392,High,2025-09-03 08:38:32.893890,v2.1.0
d1e2c3b6-cd96-4e08-99a3-540f7bd77088,CUST00000103,504,High,2026-03-14 15:42:16.016367,v2.1.0
1d283269-459c-48d6-a273-6b6267cd0fb6,CUST00005124,590,Medium,2026-06-11 14:11:22.844906,v2.1.0
7685fb17-3072-4d92-8d4e-0f528ae50cff,CUST00005699,642,Medium,2026-02-09 15:55:47.814749,v2.1.0
9a1dae09-abf7-4fa0-b7a0-8ae961bcfa05,CUST00003560,300,High,2026-07-06 03:50:50.628019,v2.1.0
fae12bdd-0965-4263-93c9-bb8034348eb6,CUST00001232,397,High,2026-06-10 04:02:30.904753,v2.1.0
7cf5b526-234b-4ff8-ac81-5fb4555c04f0,CUST00001342,300,High,2026-03-28 23:50:22.064726,v2.1.0
797b132e-3020-4a30-8b47-13b18488d55c,CUST00008292,557,High,2025-10-18 10:35:13.031411,v2.1.0
a8b1270d-8050-4b3e-917e-0b18000bee9c,CUST00008816,742,Very Low,2026-01-04 11:07:37.876194,v2.1.0
cf01d1f1-96c2-4344-8e3e-0c390f9cf06b,CUST00002522,523,High,2026-06-24 20:15:14.112571,v2.1.0
7ec66968-0c40-446d-8829-1df6eb408ab0,CUST00004220,300,High,2026-03-08 05:18:11.847964,v2.1.0
b7469888-a353-4e4d-8c35-e85f4c4b7210,CUST00002580,427,High,2026-06-19 22:01:58.857303,v2.1.0
76b9476c-c356-49a8-993a-549e359dd0f3,CUST00004671,755,Very Low,2025-10-26 20:37:07.105752,v2.1.0
3984c2ca-3d3b-4fac-9578-71e765da93f4,CUST00007833,641,Medium,2025-12-20 20:44:26.395034,v2.1.0
bc20233a-2581-4091-a321-19ce81a3b712,CUST00006562,312,High,2026-06-12 20:49:10.845154,v2.1.0
9fb6e4fc-ef88-4042-aab3-496c3e6d1f47,CUST00004752,359,High,2026-04-25 02:29:39.978915,v2.1.0
4a5c6a68-9e0d-449a-850a-f285e1b52aa6,CUST00000925,387,High,2025-11-13 00:47:22.681871,v2.1.0
78832a43-c8f4-433e-87dd-367b1636d699,CUST00005171,620,Medium,2025-09-15 01:39:43.301627,v2.1.0
bb4bbac7-d6ea-4383-b5ab-4f22a2632c18,CUST00001240,396,High,2025-08-13 22:32:49.688468,v2.1.0
a2bf3c5f-5676-4231-be7e-a01de8fd3495,CUST00005085,396,High,2026-04-27 17:49:51.317138,v2.1.0
00bb3a48-7dbd-4b89-9275-1a7956d2e67b,CUST00009243,300,High,2025-12-04 17:25:51.061163,v2.1.0
6b4a0fda-52c9-4a27-b609-906ee4173730,CUST00009999,457,High,2025-11-16 09:52:41.711692,v2.1.0
6df3801c-9a69-40eb-a612-b60ff8f7f404,CUST00008732,493,High,2025-08-08 20:21:58.894028,v2.1.0
e0335362-cbe7-417f-9986-cd8990d5a41f,CUST00002314,300,High,2026-07-01 22:31:00.770297,v2.1.0
151b4ed9-f109-4bef-b819-397cc7b1494b,CUST00003438,416,High,2025-10-22 13:53:42.877393,v2.1.0
5ad040b7-85ff-405e-90f0-3a85a5339770,CUST00002016,633,Medium,2025-12-25 19:52:47.686209,v2.1.0
08f51c68-4c0c-401a-8ab5-56bc503fa8a6,CUST00003281,487,High,2026-01-13 12:13:18.599041,v2.1.0
59880fa2-a4b5-48d0-92e6-67c16c84ed72,CUST00008314,580,Medium,2026-06-22 01:40:16.666534,v2.1.0
86012014-b001-4c54-b27b-3a6ed3383827,CUST00004876,546,High,2026-02-25 19:39:59.463794,v2.1.0
906f7e46-7870-4a1d-b100-7674cae3efc7,CUST00004792,654,Medium,2025-09-21 02:05:16.452001,v2.1.0
8c109cf7-7967-4d83-b68e-7e0e5751f634,CUST00003505,599,Medium,2026-01-13 15:09:46.138191,v2.1.0
939cf65d-3e34-40d0-bdd8-3b31e1b21de1,CUST00001578,516,High,2025-09-08 11:03:33.666926,v2.1.0
3286e44a-4d69-46b4-a0c0-3261241b3f89,CUST00001627,551,High,2026-04-24 16:12:38.062872,v2.1.0
f43013e5-6f26-4fc8-aa9d-0656b17eabbf,CUST00009378,462,High,2025-10-05 16:13:49.069588,v2.1.0
d5c0cd6a-aa65-4e29-a029-364806fed7ed,CUST00000635,605,Medium,2026-03-09 21:15:16.693761,v2.1.0
1d0cd43d-018d-44c0-b17f-74e289b9ffaf,CUST00003743,635,Medium,2026-06-16 05:37:12.316363,v2.1.0
f13f726a-0fef-4fea-9c51-1bbd8e7f2b81,CUST00004178,428,High,2026-04-05 04:56:02.961580,v2.1.0
de640342-2a5a-4be9-ad5d-fe777df6e327,CUST00009074,497,High,2025-08-24 15:17:48.250325,v2.1.0
0627bfea-3f71-45f4-92b2-b6dab3352157,CUST00000282,473,High,2025-08-13 13:06:05.517381,v2.1.0
efc0bba7-c633-4777-9798-60f9ae697a31,CUST00005258,670,Low,2026-02-11 14:10:33.440062,v2.1.0
124930c1-bbcd-4fd4-a7d3-6f6e691eb3f7,CUST00006521,300,High,2025-10-17 10:34:26.867777,v2.1.0
18d0139d-6deb-4cb7-849a-5bbf677f402d,CUST00001872,642,Medium,2025-12-27 18:24:06.212294,v2.1.0
072bdebb-9827-4593-996b-d08c523a4770,CUST00001997,347,High,2026-06-10 08:31:08.903196,v2.1.0
31ba843a-b21a-4412-b188-245baba5c452,CUST00003072,478,High,2025-09-10 06:43:39.072584,v2.1.0
dea4aea0-ba5a-4daf-beee-45eea8fbc944,CUST00002423,555,High,2026-03-08 18:55:55.044120,v2.1.0
100e6350-1e36-4728-aecd-f824b5e584c4,CUST00000036,496,High,2026-06-23 15:25:44.949535,v2.1.0
2ad2de46-3a3f-4032-b8a1-39e025500a56,CUST00003892,369,High,2026-03-17 15:40:54.926470,v2.1.0
7af60afa-86f8-402d-8761-867ab1bcaeba,CUST00009775,661,Medium,2025-10-23 05:25:29.695324,v2.1.0
7138fb28-ffaf-4dee-8b04-01d29350fe6d,CUST00005305,850,Very Low,2026-03-30 14:25:21.110960,v2.1.0
34c3a371-8031-4d05-9bcc-58f7db67dfb3,CUST00004052,583,Medium,2026-06-13 07:34:00.999745,v2.1.0
e3184461-d618-4772-b72b-2f6fd84112d6,CUST00007639,483,High,2026-02-12 19:03:54.718618,v2.1.0
6a3db72b-6c63-4a66-af3c-bcc156e3bf53,CUST00007595,417,High,2026-01-22 03:37:49.363413,v2.1.0
7537bb27-995e-48f5-a5d1-5b611c1d4096,CUST00002582,728,Low,2026-06-26 04:56:29.601400,v2.1.0
8e904cc5-29d7-44cd-8d9a-7827c2cfc7f5,CUST00004615,850,Very Low,2026-01-13 03:05:05.987206,v2.1.0
18ade374-5f09-4a28-bba2-15115fc5e259,CUST00004751,318,High,2025-12-24 04:17:00.692917,v2.1.0
8e410348-a74c-4f50-87b9-9704f02b7a25,CUST00001841,347,High,2026-05-22 04:38:20.313824,v2.1.0
7e984908-897f-4e31-b682-a24e91e26b1f,CUST00003723,786,Very Low,2026-04-29 03:24:47.908075,v2.1.0
b0bdd1b0-441f-47fc-af47-eb5964a0d03d,CUST00001614,322,High,2026-04-30 18:22:27.126791,v2.1.0
551f9250-75b6-40ab-be07-7e157814dcec,CUST00002980,583,Medium,2026-01-31 04:32:43.328988,v2.1.0
972a22c8-07ca-4cef-a934-6669badc71d6,CUST00008717,401,High,2025-07-19 02:53:53.495675,v2.1.0
3b94a7ab-62e6-4ef8-b9d5-2783ac052e53,CUST00000240,300,High,2026-07-01 09:48:12.354380,v2.1.0
a17eba03-3f2a-4345-adad-64170a4f25f4,CUST00005366,330,High,2026-05-12 16:05:37.494409,v2.1.0
6efcc03b-9596-42e1-b290-2783d71a3fc4,CUST00004516,515,High,2026-01-09 23:35:04.277857,v2.1.0
70839fe6-e55b-4d7d-a421-10dcfaa7ca3c,CUST00003405,575,High,2026-02-10 02:13:49.542714,v2.1.0
89a7a0bf-06f4-48b6-8120-f3ec1a989131,CUST00001301,617,Medium,2026-06-24 10:15:43.460083,v2.1.0
f6bf26d7-9fc6-4828-8fc9-503fbe6649ce,CUST00008040,683,Low,2025-11-26 00:05:54.877990,v2.1.0
859f035b-0b5a-4002-b381-6521e11e2315,CUST00000962,300,High,2026-03-23 22:42:54.304021,v2.1.0
25041614-6633-4ffe-9d5e-774d5db48242,CUST00008198,543,High,2025-12-11 05:35:59.433334,v2.1.0
6974ea62-6568-4d6a-85af-108bc9c29c41,CUST00008161,468,High,2026-03-05 20:15:21.201956,v2.1.0
cb79c488-65c8-4edb-beea-891ae56b7f31,CUST00009889,385,High,2026-07-03 02:43:36.268275,v2.1.0
fc370cca-2370-4b04-b184-8c309e1f9d73,CUST00005683,497,High,2025-08-20 00:40:17.788403,v2.1.0
9537af95-58ff-4741-b8e1-4c456de4b146,CUST00002217,769,Very Low,2026-01-29 04:18:44.899203,v2.1.0
957c4189-d2f4-4bf1-be00-d01cccb8b146,CUST00003169,439,High,2026-07-03 21:08:57.013418,v2.1.0
b321964b-8501-4536-86d3-ba552bce65b2,CUST00005655,385,High,2025-08-16 07:10:17.513379,v2.1.0
24076085-38e1-4f07-9a16-abc99e699f87,CUST00003624,680,Low,2026-01-01 18:59:41.741673,v2.1.0
a0b68f79-90bb-4cec-ba53-b7652409766d,CUST00003272,336,High,2026-04-23 20:55:57.427776,v2.1.0
f3f7e7ec-2367-47ca-9053-4918992e04c8,CUST00009917,549,High,2026-03-11 12:18:03.171253,v2.1.0
6c899192-9a7d-4522-87a5-3fce3ce06e21,CUST00008555,335,High,2025-09-20 10:06:01.208174,v2.1.0
7d386a7e-3e78-4519-ab2c-3041cf44a5a2,CUST00003101,300,High,2025-08-01 06:40:27.745732,v2.1.0
1350f013-3b2a-4e7d-97be-f62b67e52448,CUST00000211,778,Very Low,2025-12-05 05:23:35.677962,v2.1.0
87717efa-4ebc-4b66-87c1-09f7d42ed783,CUST00002392,599,Medium,2025-09-25 16:11:40.324170,v2.1.0
7dfa8c3c-0cf6-4251-b706-46fcc8fe9cc0,CUST00002906,601,Medium,2026-03-29 01:50:37.353082,v2.1.0
be50d4e8-2dff-4fd0-ade9-4bc36f04ba01,CUST00007918,313,High,2026-06-10 08:03:57.576439,v2.1.0
929b4cab-da2f-48d3-a16c-984e030a7868,CUST00002459,358,High,2026-03-05 05:44:39.999013,v2.1.0
204abf0b-ac6d-4aca-974d-dd37e21f8caf,CUST00009663,380,High,2025-11-26 03:06:12.366249,v2.1.0
b9e7f9ee-5842-4c31-9327-ce297fd0b419,CUST00005987,609,Medium,2025-08-17 21:47:27.025123,v2.1.0
9fec8ed5-6d7b-4922-9a04-45e7e3b6d0e0,CUST00007538,589,Medium,2026-03-06 00:48:11.022363,v2.1.0
7863ed2a-67e5-48ac-b861-73e012387d3d,CUST00004014,300,High,2026-04-12 11:34:55.118228,v2.1.0
f74741c1-e830-4d36-9036-1767eaf8b760,CUST00002558,387,High,2025-09-07 00:36:46.783953,v2.1.0
dcb1b643-f669-474f-b7e3-f047f70bfa24,CUST00009981,510,High,2025-09-26 10:30:39.954147,v2.1.0
d6198adc-9495-4d19-9942-d675fb139778,CUST00003653,436,High,2026-04-06 18:57:58.708342,v2.1.0
be47c03c-07dd-499e-b9d0-2dce7766b06f,CUST00006719,431,High,2026-02-19 11:31:26.348930,v2.1.0
204120b3-e957-45c2-8285-6fba08712220,CUST00001438,310,High,2026-01-12 14:24:06.438033,v2.1.0
de6a5ad0-151e-42a8-8fc6-91da2fc78208,CUST00001059,498,High,2025-08-09 22:05:05.821517,v2.1.0
35226ef7-0b01-4508-8d33-58367d096618,CUST00001818,659,Medium,2026-01-31 08:15:22.248332,v2.1.0
29783469-e7e4-4eca-bc01-024685e37820,CUST00001195,671,Low,2025-11-07 07:24:06.127603,v2.1.0
ff617333-7c92-49bd-8c48-a79bc2864d70,CUST00001935,478,High,2026-01-28 22:17:49.095577,v2.1.0
933db27b-ea63-411b-abdc-0055187d4722,CUST00000941,498,High,2026-05-18 14:44:40.231078,v2.1.0
ebbc7774-62fc-4ef2-ab6b-c5a0516ca6df,CUST00008342,599,Medium,2025-12-29 00:25:35.140512,v2.1.0
472ab9cf-f43a-4ae7-88e6-642a86845903,CUST00004710,300,High,2026-07-16 15:08:42.898780,v2.1.0
202ea5d3-5dd5-46ca-8530-371e4afd41a5,CUST00007114,495,High,2025-07-31 10:36:50.071295,v2.1.0
339f1d5a-445d-4911-805f-bdbc8006297d,CUST00003278,691,Low,2025-08-07 09:15:59.577714,v2.1.0
468ee57b-65ba-4fbc-bd55-997ea056efd1,CUST00004259,300,High,2026-05-01 15:23:03.158158,v2.1.0
ededc471-e86e-4c65-8008-75536f5e69fa,CUST00005569,700,Low,2025-08-02 13:12:30.929155,v2.1.0
e2681718-261f-4776-be81-168c749553ea,CUST00008087,590,Medium,2025-08-30 01:54:23.388572,v2.1.0
13caefe4-9c45-4ab3-9ec7-55fe8c357da0,CUST00009622,758,Very Low,2026-05-08 16:47:02.568786,v2.1.0
858e3368-9dab-4a6d-b1b9-9d0488d87860,CUST00000515,554,High,2026-03-18 15:26:32.041181,v2.1.0
c47241ec-11a2-4135-ab19-bb69dd0cc283,CUST00009735,555,High,2026-01-01 07:52:16.590831,v2.1.0
58b6eb02-49e6-48e9-ac10-76a0860daeb0,CUST00007851,356,High,2026-03-22 13:46:26.861962,v2.1.0
22fceb70-5672-4014-9185-fcac1cdb3dc4,CUST00003816,456,High,2026-06-02 05:25:10.632620,v2.1.0
d35fabcd-adaa-4217-ac28-0a57cb15353d,CUST00009501,658,Medium,2025-09-10 07:35:54.365243,v2.1.0
86bf9ce1-037b-4e8b-be1d-dc73616a3a1a,CUST00007244,438,High,2026-02-14 12:18:43.696145,v2.1.0
c332513d-6b8d-44d4-a4d2-8c85f7389e24,CUST00002127,549,High,2026-06-20 16:37:12.420132,v2.1.0
de64910f-a753-4e8e-bd72-ec1397e5fa20,CUST00002098,658,Medium,2025-07-31 09:10:02.815165,v2.1.0
d3fbe8da-3801-4135-b18a-d9dbe5ff40a5,CUST00006680,623,Medium,2025-09-07 15:03:17.152216,v2.1.0
bcd9e256-5a59-4ee8-8377-59988d5ef485,CUST00007816,689,Low,2026-03-13 17:14:12.879045,v2.1.0
c0435880-6812-4c24-981f-81d2b9ed2ad2,CUST00002009,300,High,2026-01-06 00:30:17.645219,v2.1.0
113bba0c-20ca-4b6c-a423-d9ea63d3479b,CUST00006987,801,Very Low,2026-06-18 05:02:29.618886,v2.1.0
9f5a3f04-2466-408c-91cb-1a75f8d43002,CUST00000341,395,High,2025-08-03 15:23:35.950734,v2.1.0
25ef6d84-a05f-4cd7-a12e-4aece5e15a1f,CUST00003998,560,High,2026-03-31 01:18:22.327711,v2.1.0
965b50cc-362e-40c6-af9d-fe628bcff33c,CUST00005776,651,Medium,2025-09-03 14:10:08.795444,v2.1.0
e326444b-6c45-41ee-aa52-d9f0228eea73,CUST00009273,300,High,2025-09-18 19:48:00.501965,v2.1.0
80c2dc13-026e-4418-a181-7a462193c3a5,CUST00001299,585,Medium,2025-08-05 03:49:35.334618,v2.1.0
2a97719b-c016-412d-a183-184f3eb889ee,CUST00000047,626,Medium,2025-11-07 03:57:07.140591,v2.1.0
d7982d6a-a3b7-4c59-abb8-2986f2bb387f,CUST00007272,502,High,2026-05-03 19:15:53.993286,v2.1.0
d622754e-e624-45b3-91a9-db9bce30c951,CUST00003489,446,High,2025-12-31 12:42:40.766255,v2.1.0
5ac32cd8-3e81-4e68-8bb0-afa77a7df53f,CUST00000297,300,High,2025-09-18 06:07:43.951422,v2.1.0
269fc2a7-7028-4cb0-b653-8f758d12bf64,CUST00000235,635,Medium,2026-02-18 18:50:35.799305,v2.1.0
92513481-d5a8-44a2-95b6-e748f79cdbaa,CUST00006749,581,Medium,2026-05-12 14:32:48.310449,v2.1.0
9791c0c7-da45-4f93-a515-426dfbf7a982,CUST00008490,572,High,2025-08-25 17:58:49.615114,v2.1.0
6a90533b-8357-4f14-92a0-ab1eba3df126,CUST00001190,468,High,2026-01-15 11:44:50.074289,v2.1.0
b639ac9a-4582-4dcf-a712-0b088c2f5f0c,CUST00005061,586,Medium,2026-05-05 19:17:05.508950,v2.1.0
5d1e90b4-191f-494c-8938-34404dfdde5f,CUST00001164,300,High,2025-10-06 11:23:32.916388,v2.1.0
053e085c-3494-4f9b-9a7d-01c1811ad0fb,CUST00002909,300,High,2026-05-07 17:33:11.699741,v2.1.0
badf71e5-a4cc-4483-a457-4636cff96871,CUST00008538,527,High,2025-12-20 13:58:26.647672,v2.1.0
6b6e09a4-4490-43e8-b003-ccfb73d63d62,CUST00009765,547,High,2026-05-10 07:30:18.893947,v2.1.0
22940751-77a8-4bf1-95a6-78ccbf447a66,CUST00007789,440,High,2026-07-11 15:34:21.400999,v2.1.0
f1154cfd-e35f-4fd0-bead-13ec3cb5fcb6,CUST00000673,300,High,2026-03-22 16:34:45.454527,v2.1.0
8e8c1885-fea9-4622-93b6-e7508e6dbb4c,CUST00000069,383,High,2025-11-13 08:04:20.435481,v2.1.0
b959e4d9-9bed-4d7e-b51f-b0e5243aad45,CUST00004655,598,Medium,2026-07-09 08:00:07.998097,v2.1.0
abcffbd7-0ad8-4c6f-94e0-6764c620957f,CUST00003051,501,High,2026-02-13 06:41:42.893558,v2.1.0
95b86a1e-65da-4afd-b64d-421c74f18564,CUST00001521,585,Medium,2025-09-06 01:42:11.683376,v2.1.0
b3b276fe-e1d6-4834-ae0e-d8423dfc8dbc,CUST00002335,573,High,2026-05-19 09:49:32.934615,v2.1.0
8cf294f8-37ab-4ea8-b982-87a4f9e0a826,CUST00001294,352,High,2026-05-03 14:02:44.019662,v2.1.0
d48cd300-e3d4-43aa-9532-21b3af909782,CUST00005435,577,High,2026-04-23 00:56:41.527703,v2.1.0
1c63575b-2466-4322-a500-427fb34e4416,CUST00001642,530,High,2026-02-19 12:44:58.755703,v2.1.0
921713b1-7a8f-4291-9c87-c5885becafa1,CUST00000204,597,Medium,2025-11-17 10:51:06.561057,v2.1.0
807f8f90-bf1e-49af-a956-876843665afc,CUST00007450,487,High,2025-08-31 00:19:57.536978,v2.1.0
216ee42a-cd4e-4924-9dd2-f51daa9dfb84,CUST00008346,345,High,2025-09-07 11:57:16.493742,v2.1.0
a5ef975b-6f21-4b0f-887f-1757f889272f,CUST00008693,301,High,2025-12-16 13:02:59.409108,v2.1.0
14035b4b-a943-4783-a10f-810e06fa5ba1,CUST00005617,511,High,2026-03-29 05:28:06.286612,v2.1.0
c1717f63-0e03-4f67-a4d9-895f8f5e038e,CUST00003678,673,Low,2026-02-05 00:56:45.632858,v2.1.0
81c3864c-32c0-4627-853c-96b493c1eead,CUST00002632,392,High,2025-12-25 03:06:20.062235,v2.1.0
3fb4d622-02a1-4661-9379-b7eb5f125f65,CUST00007414,355,High,2026-06-21 00:09:22.340724,v2.1.0
3e264dae-4a61-4605-8e73-0cf1b30f8615,CUST00008828,496,High,2025-08-01 18:39:48.264871,v2.1.0
0c303879-2e0b-4f66-b255-7f44b0e966a3,CUST00003441,588,Medium,2025-08-23 10:12:03.072335,v2.1.0
1e4adfa6-258b-40d0-8800-2d331d5e59ca,CUST00004214,664,Medium,2026-05-23 09:43:11.570455,v2.1.0
3910edc7-0d84-4245-97b6-28b485cbdfae,CUST00001858,300,High,2026-02-26 14:25:18.898633,v2.1.0
b0776995-a2fb-4c4c-a223-ae309382a7cb,CUST00009819,649,Medium,2026-04-27 22:42:06.996557,v2.1.0
1692f7ef-f1fb-40bd-9982-23585a9131ae,CUST00003691,300,High,2025-07-23 14:55:06.079642,v2.1.0
7133729e-b1d6-41ff-909c-3b2996406c25,CUST00007611,453,High,2026-01-11 18:32:48.043595,v2.1.0
6be35b6f-a6fb-4896-80fc-ebda719e2526,CUST00001472,606,Medium,2025-07-20 05:33:55.974128,v2.1.0
138978de-555f-4f8f-9a2b-274520132ad7,CUST00003941,336,High,2025-09-21 10:35:48.136459,v2.1.0
e7651bc2-0bc9-4aa6-ae10-e889df8e8713,CUST00003460,468,High,2025-08-19 11:17:50.578060,v2.1.0
355db735-0c06-4e04-a727-777074ab0d1e,CUST00004237,401,High,2026-03-12 23:02:29.460065,v2.1.0
d1190ad1-1aff-4ae3-895e-c86eb3148deb,CUST00009830,347,High,2026-06-06 20:23:30.989484,v2.1.0
86f5d772-1aa5-49ee-a9d7-4a60e7383c8d,CUST00001972,533,High,2025-12-16 22:24:39.414987,v2.1.0
e272a66f-0b0d-4827-8caf-c6e402536eba,CUST00008864,558,High,2026-05-08 19:29:05.118360,v2.1.0
a2854686-0f7f-40d3-bef1-844891e0c19a,CUST00002925,501,High,2026-04-26 02:00:21.436430,v2.1.0
c2666858-23c6-425a-abb6-e7124e7896d7,CUST00001947,483,High,2026-03-27 18:57:13.063642,v2.1.0
c65c9b4d-056d-4e5a-bab1-2d0ae2d71ea6,CUST00007886,695,Low,2025-10-01 05:03:27.591736,v2.1.0
e6ac900b-55a5-42b0-9e0b-362e2544a750,CUST00008842,378,High,2026-03-08 14:27:54.818694,v2.1.0
29c8dc61-06e4-45e8-86b6-0749737f15db,CUST00000947,409,High,2026-01-24 23:09:38.076476,v2.1.0
9382c124-0946-4f9d-a23f-1e6adafbdc65,CUST00009005,315,High,2025-12-15 09:40:27.730985,v2.1.0
8a65ea78-c11a-45de-85ab-bd7792bf00eb,CUST00001770,300,High,2026-06-25 12:58:30.181206,v2.1.0
67fcf55e-781c-4abd-aa92-4b34a3c983b9,CUST00006198,466,High,2026-02-25 21:44:10.125183,v2.1.0
3af46e63-d1cc-4379-b1fc-5c632cd4783e,CUST00005772,659,Medium,2025-07-31 15:41:06.654385,v2.1.0
38b4ceca-bdc0-4838-9dd1-2dcba2926358,CUST00002660,429,High,2025-09-21 15:44:51.216413,v2.1.0
9a2d378a-152c-46e6-954a-58de612b0253,CUST00004526,377,High,2026-01-16 11:48:06.124316,v2.1.0
15c2d91b-4737-40b6-80d6-bb915fe51e19,CUST00009273,597,Medium,2026-06-29 23:59:29.130519,v2.1.0
c4366578-3928-4ad1-b6b7-0a66663212ac,CUST00003895,537,High,2026-03-03 23:43:05.448102,v2.1.0
1bc79c79-11a9-457f-a9c6-ce7591fb003c,CUST00002534,457,High,2026-04-29 17:50:30.085958,v2.1.0
cec47799-92bf-4f96-8f9f-abbb4a8c9dcc,CUST00006971,457,High,2025-11-21 23:06:27.175622,v2.1.0
35f60e71-f42f-42c3-b2cd-bbcaa35339e4,CUST00001339,385,High,2025-07-19 13:57:59.586239,v2.1.0
505d8b15-c545-4e92-9319-33c93cc12a6a,CUST00002010,507,High,2025-10-11 23:27:41.945590,v2.1.0
92bd3fff-f076-457e-82bc-da6699d61e3c,CUST00009012,719,Low,2025-08-29 19:57:07.339251,v2.1.0
c5fec0d6-fbd3-47d3-a895-5ce361a4d985,CUST00004936,543,High,2026-01-27 13:30:14.530886,v2.1.0
f88c9a84-3809-47c3-ab33-903bc42565b3,CUST00008266,595,Medium,2025-08-21 20:38:55.150414,v2.1.0
03fb306d-7713-4445-af9c-ba733f16651e,CUST00001428,487,High,2025-11-27 02:14:48.927102,v2.1.0
f4b4cdc4-09e2-4fcf-9bb6-75760b13a8f6,CUST00006693,300,High,2026-04-21 21:46:27.907688,v2.1.0
17733ed1-d0f6-4186-9084-e954939750d3,CUST00005210,460,High,2026-01-31 00:59:15.745501,v2.1.0
bd83a983-b45b-4f1d-b776-7de38a4e22d3,CUST00009782,346,High,2025-10-06 00:01:44.060950,v2.1.0
e5c0692e-6423-4e95-9408-a1b47672c42d,CUST00006823,805,Very Low,2026-04-25 06:26:45.933671,v2.1.0
a68081d5-4c9d-4851-aa1a-6610764edcb5,CUST00006729,508,High,2026-03-15 17:24:38.075016,v2.1.0
f46596a5-ad27-43ce-9fd9-91d381747bf1,CUST00003320,392,High,2025-10-26 20:59:45.732269,v2.1.0
5d0c4da7-bc18-44ce-8846-5d2021517c5d,CUST00008736,300,High,2025-09-26 16:00:04.120703,v2.1.0
69102185-bdcc-4e62-8e63-5da288041f86,CUST00005022,690,Low,2026-05-04 20:49:30.240305,v2.1.0
28021a2f-6214-4f4f-9718-37c63a461c90,CUST00009952,300,High,2026-03-25 04:35:21.253726,v2.1.0
2b57cdea-3dca-401b-96d3-042aaac43790,CUST00002842,498,High,2026-07-06 16:11:33.896368,v2.1.0
8cf3694f-e7ca-410f-b406-592135f58b8d,CUST00006122,478,High,2026-01-07 04:29:45.741879,v2.1.0
aa8ef5af-2141-4f16-ae9b-e93f933535d9,CUST00002220,536,High,2025-09-20 07:31:09.155274,v2.1.0
4c2dc682-ba8c-4430-98e5-31347f24ba09,CUST00008487,497,High,2026-03-19 16:12:59.219046,v2.1.0
c0aecbeb-be76-4c9d-9029-d99c3b01f932,CUST00001199,300,High,2025-08-02 15:50:52.649160,v2.1.0
2431ff44-afba-4d00-9dbd-75eca90300e9,CUST00007121,795,Very Low,2026-03-10 10:36:08.177222,v2.1.0
6b5f9cb1-ef48-4094-87d0-63e841fdb97b,CUST00001437,545,High,2025-10-30 00:42:50.801025,v2.1.0
a0283c8b-97a3-4ac2-b479-bc9df2b1dcc0,CUST00004875,672,Low,2025-12-23 16:08:03.261771,v2.1.0
2a96828b-2aba-421b-90ff-d4323fdc5ea4,CUST00004381,512,High,2025-11-17 00:15:12.360586,v2.1.0
97d6ae06-f333-4eac-bf19-4bdde9616159,CUST00006983,627,Medium,2026-05-07 23:41:26.947469,v2.1.0
7729bdd0-20a8-4d3f-a4fa-25b12eef1713,CUST00002554,300,High,2026-04-20 21:55:46.693702,v2.1.0
6f6a97fd-a067-43a0-ad1d-05b75a66defa,CUST00003268,554,High,2025-08-02 17:37:03.364279,v2.1.0
e39390f2-7e43-46a3-8b7d-42c8fa2b40d8,CUST00008697,505,High,2026-04-14 08:13:25.163990,v2.1.0
149bb373-c800-4633-a8fc-c0fb912189b0,CUST00007875,602,Medium,2026-06-20 17:01:10.323444,v2.1.0
50f98d09-bec0-493b-97f0-89ab01db4fe9,CUST00001078,762,Very Low,2025-09-20 03:41:43.818130,v2.1.0
3bdab7c2-168d-4c20-bb81-8c5f672d9e07,CUST00009686,717,Low,2026-04-30 19:20:29.244713,v2.1.0
6870af56-4c2f-41d1-88c4-c2214ab905ed,CUST00005267,511,High,2026-01-11 01:50:19.418133,v2.1.0
47cc23ce-f359-416d-86b4-487b7db2081a,CUST00002262,448,High,2025-08-29 07:18:20.260747,v2.1.0
a7cb030c-1a15-4830-ab34-190fbb4ddc1f,CUST00006436,717,Low,2026-06-09 19:57:22.221442,v2.1.0
3aa4b266-78f1-44a7-8d71-eb75ea36c318,CUST00000190,582,Medium,2026-04-07 09:33:11.562785,v2.1.0
3f5a4e1c-a234-436a-b37c-ad36eaa4a9fa,CUST00000238,510,High,2026-02-19 09:25:52.666559,v2.1.0
b83f776d-5c5c-4625-b7f9-7f0fb7422db4,CUST00000296,716,Low,2025-11-13 23:18:07.266337,v2.1.0
77398ccd-277d-4818-bf9d-24207e827bcd,CUST00007821,300,High,2025-09-28 12:06:50.318894,v2.1.0
5b3a0264-8399-4405-a966-879631a60614,CUST00002658,421,High,2026-03-22 03:02:02.101109,v2.1.0
92749607-91f1-4a3e-86e0-4e054b0ce5c9,CUST00008830,466,High,2025-11-13 20:46:59.267820,v2.1.0
e613a7b4-2c05-4a6e-b20c-3d37ee5201d2,CUST00009380,614,Medium,2026-04-28 10:13:02.228657,v2.1.0
ed84e7e9-e78e-443d-a625-5c4aca43e0d9,CUST00000826,511,High,2025-11-14 00:42:13.516177,v2.1.0
23567633-ad4a-4b16-b2b4-697c129a1530,CUST00002284,300,High,2025-08-22 17:30:48.981441,v2.1.0
25900b3f-ab61-4326-a486-780dae0b3697,CUST00003697,850,Very Low,2026-04-13 08:49:39.642214,v2.1.0
95e871e0-3045-49ea-a727-2a66e06e60f1,CUST00001631,464,High,2026-05-31 15:07:17.412136,v2.1.0
2f04d7d7-0273-4c2d-8c62-75355cf8eda7,CUST00008350,322,High,2025-12-02 01:44:01.423707,v2.1.0
bb86200e-2748-4bb6-9bbb-ede9b6aefb8f,CUST00006451,300,High,2025-10-06 12:11:01.408773,v2.1.0
9b16b877-0268-43c1-af43-41231a6ecec5,CUST00004999,561,High,2026-01-05 22:29:40.288163,v2.1.0
20bd0920-edb2-4b1c-853d-74742ff1c450,CUST00004731,605,Medium,2026-01-10 20:06:31.407154,v2.1.0
2ec87618-6f6e-4664-8b83-f921a341c050,CUST00009480,622,Medium,2026-06-08 03:43:06.357488,v2.1.0
4c33fbea-5439-4d93-b1f4-754d6cbc5ca9,CUST00003880,527,High,2025-09-08 20:25:38.454808,v2.1.0
ff340c09-0df5-4571-a2cc-6c49ccdcc5a4,CUST00003535,466,High,2026-06-21 19:32:33.771389,v2.1.0
39e8c190-83dd-4886-b546-cdc42d42cd14,CUST00006772,488,High,2025-12-31 02:14:51.848331,v2.1.0
b3eeacfe-adc4-453d-b13c-501f28d132fc,CUST00007471,442,High,2025-12-06 09:09:05.144614,v2.1.0
0af1de2c-7a6c-4481-9cd8-7800dd1c0e74,CUST00001261,300,High,2025-09-05 17:35:49.411506,v2.1.0
3862b722-7a63-4442-9ffd-c2f7bfd3d140,CUST00004728,644,Medium,2026-04-06 19:41:13.084376,v2.1.0
6e40d606-a863-4b84-b038-8293e2a46d37,CUST00006877,588,Medium,2026-03-05 18:03:08.532497,v2.1.0
15ec7bd0-d54a-4f79-a1d6-02f0ec52d676,CUST00008145,566,High,2026-07-09 05:23:44.715562,v2.1.0
60b8096f-8f30-4709-ba73-b49d01b39c30,CUST00002879,365,High,2025-09-29 18:26:20.696327,v2.1.0
323bf96a-9b0e-49a1-94a4-76f94ba7db7c,CUST00005002,850,Very Low,2025-09-02 09:00:53.074542,v2.1.0
d7d41dc1-e633-4de3-aa2c-1a9e0e3b93ba,CUST00006097,685,Low,2026-03-27 17:39:29.936204,v2.1.0
0099b964-c0d5-43fc-99a0-ac4b2f477373,CUST00008320,378,High,2025-08-08 16:47:58.568444,v2.1.0
04caf887-8946-423d-bfe8-9c7d9c2c725e,CUST00008792,604,Medium,2025-09-05 18:26:46.778535,v2.1.0
a3eb31f7-bbcc-4191-bc65-02bcb543b66f,CUST00000557,309,High,2026-05-24 23:16:42.338046,v2.1.0
a8433cc9-c554-4106-be86-ac8b8e240976,CUST00003738,603,Medium,2026-01-01 09:41:59.070458,v2.1.0
5ac2a53c-e879-43de-a6c9-ae277d0ec602,CUST00002356,353,High,2025-09-18 10:36:59.754485,v2.1.0
34e854d4-6274-40e4-af48-7cc1118b1879,CUST00008199,539,High,2025-11-20 09:36:42.387628,v2.1.0
550f91f5-2974-4780-a4ea-784e1f30760a,CUST00005406,366,High,2026-06-06 15:57:18.916144,v2.1.0
1b639510-cb5a-476b-85e3-e855a082ae79,CUST00007531,505,High,2026-02-23 09:14:06.350807,v2.1.0
b5132c12-9351-4f0e-9d2c-195af3f4c000,CUST00003924,300,High,2026-05-02 06:53:10.134804,v2.1.0
1452ce14-38dc-422d-ad15-a192cd904ea0,CUST00008064,300,High,2026-03-07 22:27:17.760619,v2.1.0
60254e2c-9c02-4b25-a31a-3c1008414e95,CUST00003083,583,Medium,2026-02-26 06:24:55.506257,v2.1.0
d54862c9-a33f-47be-add4-eb6fa156e116,CUST00000326,431,High,2025-09-17 23:31:14.207751,v2.1.0
98b4361e-71d9-48c0-90da-0cc0da754320,CUST00004682,562,High,2026-07-07 05:53:05.647345,v2.1.0
eef86e57-76ae-450e-9e60-a16563142277,CUST00006647,410,High,2026-05-26 04:40:01.193198,v2.1.0
ff1cfbce-9eb4-45b8-bf1c-bde111ad8ad4,CUST00000919,777,Very Low,2025-08-18 11:55:12.675184,v2.1.0
f74af2af-1bba-4757-a467-dae74c5e4cad,CUST00007810,358,High,2026-05-26 21:55:59.820559,v2.1.0
b7b8adce-ceea-4f52-a5de-1cfab4b7c17f,CUST00005949,300,High,2026-01-12 14:14:03.066095,v2.1.0
2d97c09c-8f88-4d47-b2c6-c7bf5db0488b,CUST00007739,300,High,2026-07-16 13:39:41.639944,v2.1.0
9d882059-d587-4e82-bd81-a7ddc1eec65a,CUST00003974,531,High,2026-02-18 23:33:46.378109,v2.1.0
acf070b1-28b8-41a3-b7e1-243bcf032042,CUST00003433,344,High,2026-05-19 14:45:06.735929,v2.1.0
55197f6a-d6b8-4222-a1ca-7e96aa9b8ec9,CUST00000900,426,High,2025-10-27 21:03:06.706650,v2.1.0
620a66de-d87f-4a41-aa3d-60707b845776,CUST00000034,546,High,2026-04-10 13:04:02.558644,v2.1.0
a877dbb4-fddb-4df9-9832-26eb0a08dfee,CUST00003521,415,High,2026-04-12 19:04:26.906003,v2.1.0
220ca698-32c7-4daf-bc99-9932b6e03c32,CUST00002947,699,Low,2025-10-16 00:01:05.749045,v2.1.0
aec1a6ae-59be-45a7-afa5-4b2063ceddb9,CUST00003305,582,Medium,2025-11-14 10:54:16.803765,v2.1.0
a2793e56-8b11-458e-9687-66b97d5ceb2a,CUST00003516,530,High,2026-02-14 13:22:33.087566,v2.1.0
0c852c17-ab21-413a-b380-6423d19cd2e1,CUST00006181,561,High,2026-06-08 15:24:36.234932,v2.1.0
3b0e5274-7ecd-476c-bf28-95b50f8fa4f2,CUST00001908,414,High,2026-02-19 01:14:06.164338,v2.1.0
5c28eecc-64dc-491f-a3f8-a603a7920318,CUST00009691,407,High,2025-09-10 07:44:22.551071,v2.1.0
50b8b6b6-3338-41de-b933-f40cf26d1e13,CUST00005787,611,Medium,2026-02-12 10:49:49.211414,v2.1.0
4715ee53-36e1-4034-849a-44b05e1b535b,CUST00007390,545,High,2025-07-19 18:24:56.890710,v2.1.0
a191dbd9-de7c-4297-8d69-51118ea0bcd3,CUST00009082,815,Very Low,2026-07-10 21:57:54.022501,v2.1.0
992a7e2c-d9a5-45fa-8cd5-8e50db296d72,CUST00004586,410,High,2025-08-01 13:03:06.183389,v2.1.0
4a7e6830-6df4-4479-a3cd-e7ada51679a8,CUST00001341,585,Medium,2026-01-05 19:32:05.806170,v2.1.0
de406587-a750-4c4d-943d-9b549365559f,CUST00003821,482,High,2026-04-24 15:19:33.963508,v2.1.0
73e5f0c6-f687-41a2-b04e-35447f65f13e,CUST00001551,597,Medium,2025-07-30 04:36:59.959381,v2.1.0
f9013b67-cde3-4bd3-a552-7aeadd0debb2,CUST00005275,301,High,2026-01-27 21:35:33.100454,v2.1.0
79369c06-0d9d-44af-8bd9-2a1856de71ea,CUST00006536,300,High,2026-01-08 23:04:01.010553,v2.1.0
3d3b3110-0799-4615-a98f-18ca04f8113c,CUST00003056,515,High,2026-05-05 09:08:13.027572,v2.1.0
441b2fb7-eaaa-4bbc-8141-e88da824ecd1,CUST00002035,636,Medium,2026-05-13 21:08:58.388191,v2.1.0
05f43c3b-9670-49d6-b2ab-833d3b43f9ba,CUST00005539,389,High,2025-12-30 03:53:57.812300,v2.1.0
122f372b-4c40-4edf-be46-2d19c79ad848,CUST00000265,745,Very Low,2025-10-13 18:10:22.674224,v2.1.0
c162d0ec-c8c7-423b-b38c-f76f063a0796,CUST00003304,471,High,2026-02-06 21:28:10.759362,v2.1.0
8954750f-9689-47da-bab7-e8140131dd83,CUST00006031,779,Very Low,2025-07-22 10:48:14.062876,v2.1.0
8abdcb9a-6d9f-4616-8dfa-bd650f5477d2,CUST00007118,390,High,2026-04-11 04:34:11.569453,v2.1.0
ebd59bf8-8432-4444-a2fd-3d213ee2183c,CUST00000074,349,High,2026-06-29 20:47:58.160991,v2.1.0
9a270c22-ba05-41e9-85b1-a18a3bca5501,CUST00006545,581,Medium,2025-09-04 09:13:42.604476,v2.1.0
e8737194-cb38-41b3-8a98-40db7bf022eb,CUST00000020,665,Medium,2025-11-02 22:44:05.454484,v2.1.0
8c616d08-d795-4247-84f0-1323b104c4e5,CUST00002409,661,Medium,2026-03-11 10:57:55.765832,v2.1.0
b3d055b7-a6de-4ea4-b65a-95043986507b,CUST00003715,501,High,2025-08-20 01:13:12.034877,v2.1.0
18f52ba7-c3f8-4e1c-9f93-54ae1f675b29,CUST00004570,624,Medium,2026-01-09 03:34:08.934394,v2.1.0
bcd40b9d-ce64-46eb-9681-89cba9e88ef3,CUST00001457,697,Low,2025-11-06 06:01:53.179533,v2.1.0
37c02cb6-0b3e-40c4-bbd6-8f1a3b3b8f39,CUST00004140,729,Low,2026-03-31 18:54:19.052544,v2.1.0
384e0c4c-8553-4eee-b55a-25ee804395d2,CUST00000477,365,High,2026-05-27 06:14:46.572678,v2.1.0
2e6b5da7-3e6e-4f0a-889f-6cab7fcf7637,CUST00005349,454,High,2026-04-16 20:26:34.001243,v2.1.0
f11e0ea9-07fe-414f-9ea2-203ddb954248,CUST00009295,751,Very Low,2025-07-26 19:54:34.545292,v2.1.0
24899fe8-1653-4807-bbd4-b621ff1b8c24,CUST00003257,316,High,2025-12-31 00:55:55.973816,v2.1.0
efe31787-3035-4b1c-a73a-642a1a45c804,CUST00005697,427,High,2026-04-25 19:37:38.576901,v2.1.0
40701925-260f-4b2d-82ca-22a66da25d15,CUST00000520,340,High,2026-06-02 04:55:33.254323,v2.1.0
c6314927-5c56-4803-98f0-d555077d04f9,CUST00002975,365,High,2025-12-12 23:11:55.252029,v2.1.0
70187b9e-3d47-4f80-90ce-439a2b2c4c96,CUST00001201,448,High,2026-05-02 09:37:07.876784,v2.1.0
643938ab-5962-40cd-9a94-e901a54477a3,CUST00004699,527,High,2025-11-30 04:55:25.684238,v2.1.0
09fba879-02ab-4869-8949-bd2c532034fa,CUST00007980,300,High,2026-01-03 11:48:44.588683,v2.1.0
2e9fcce5-b986-46a9-b34b-0eda92681dbe,CUST00003668,348,High,2026-03-06 06:09:34.253504,v2.1.0
f6a16a5a-2f6c-42ce-980f-16b4099cafb7,CUST00002779,442,High,2026-05-28 03:48:53.176462,v2.1.0
fc9a516c-ac17-4029-831a-c39008b4b284,CUST00003967,495,High,2025-08-12 17:38:01.801867,v2.1.0
d7463dff-4ceb-468f-92e7-24abece47900,CUST00009861,549,High,2026-06-09 05:32:19.765087,v2.1.0
5d703d9a-d249-4830-ab39-105908ffba98,CUST00007366,617,Medium,2025-11-16 12:04:56.121708,v2.1.0
caef8333-485f-4618-920a-9a3fc966d6ee,CUST00001606,726,Low,2025-07-29 20:40:17.596793,v2.1.0
ac9dbf9f-337a-4e09-bf53-b51d3d8902de,CUST00000229,558,High,2025-12-20 11:15:49.960936,v2.1.0
a6b7f41d-05f5-4dfd-8c17-e58f7eec7812,CUST00000691,451,High,2025-10-24 10:48:57.258115,v2.1.0
3f00bf67-1c2d-4c37-8d79-2c26d5077767,CUST00001861,300,High,2026-06-28 11:09:10.720084,v2.1.0
db098394-c482-4fec-af10-48e42b4620df,CUST00005538,385,High,2026-02-01 00:45:46.451391,v2.1.0
639c1f9f-ae87-4814-8253-33a9e74471ce,CUST00008356,499,High,2026-05-04 02:07:01.274309,v2.1.0
f0f6d70d-52ae-4369-b65f-2b5c717fea70,CUST00004430,441,High,2026-05-01 14:37:28.574894,v2.1.0
2270660e-42d2-4e75-8592-dbb6d69133da,CUST00005620,372,High,2025-08-16 11:34:28.101608,v2.1.0
3426c1f8-7827-42c8-93be-1aef19e93499,CUST00005061,606,Medium,2026-06-04 15:12:09.060071,v2.1.0
fcd1f039-f244-4975-a747-a63b1e675dfa,CUST00000510,300,High,2026-04-12 15:24:33.855641,v2.1.0
6a90e0eb-7c09-49a4-8d40-124fcfb4c1b9,CUST00009924,389,High,2025-08-06 22:22:22.564361,v2.1.0
7534a196-a0d5-4c1a-86e7-0b74cff72e0c,CUST00009784,446,High,2026-06-28 04:22:29.040343,v2.1.0
43024d25-8bc1-4a8a-9373-6cb7792d59e5,CUST00000614,300,High,2026-03-21 07:45:10.558255,v2.1.0
658a2b95-bcfa-4743-ac3f-23f892daa364,CUST00006864,554,High,2026-06-07 05:42:29.352075,v2.1.0
0b08d3f9-211e-483d-94af-01002ac86a29,CUST00004938,631,Medium,2025-08-27 10:36:46.925203,v2.1.0
a2a7d01f-e258-43eb-8f70-3185dbbef972,CUST00008724,457,High,2025-11-28 10:35:19.219784,v2.1.0
1a1f7ae0-d405-445b-9413-d905333a4930,CUST00009204,300,High,2026-03-01 01:04:55.842897,v2.1.0
8a2aa4c7-ad9f-4ae7-a382-2e8d2ad7fbc1,CUST00007249,341,High,2025-11-28 10:24:57.079578,v2.1.0
746ab61a-9d8e-4e8b-8cbd-c444497760d8,CUST00009728,552,High,2025-09-19 22:15:32.171767,v2.1.0
56af98a4-8da0-4ed5-9370-1b5b17f6c209,CUST00002696,514,High,2026-02-07 00:07:47.963374,v2.1.0
9d56486b-cc1e-4aa4-a5fe-7cdd66c76084,CUST00005196,508,High,2025-08-11 09:15:52.943501,v2.1.0
7d39dbad-41b0-4818-8d62-3cbe4e3ca98f,CUST00009427,300,High,2026-04-02 23:47:09.734250,v2.1.0
902da9b0-2164-4968-a085-5c92639bdf03,CUST00001834,848,Very Low,2025-09-30 16:22:06.256223,v2.1.0
13dc6b7a-3967-4d21-a715-d470a1940838,CUST00000740,505,High,2026-07-11 07:19:23.392967,v2.1.0
5bb68aa4-c69b-46c8-ab23-9e8bef4414fa,CUST00005119,545,High,2025-10-13 01:42:14.283946,v2.1.0
d420e3cc-a2fa-4605-ab8f-8d0ff002764a,CUST00009417,395,High,2025-08-28 09:19:34.691499,v2.1.0
d439ab43-fd45-4452-8b2d-a4f0f6765b3b,CUST00002188,643,Medium,2026-01-08 16:15:56.953255,v2.1.0
7c1b1680-3315-43cf-a607-4d9d51749899,CUST00005433,528,High,2026-06-25 22:15:08.369962,v2.1.0
2ed6000f-3789-453e-bd92-41bca2ca1963,CUST00002146,599,Medium,2026-02-14 19:05:39.292136,v2.1.0
571036be-ef49-4072-a101-0964534b3b90,CUST00008760,511,High,2026-07-03 05:10:48.238533,v2.1.0
8118b2d1-732d-46ef-8b75-0bbbadabbad3,CUST00006729,539,High,2025-10-02 12:54:38.102412,v2.1.0
6cf1329b-9f15-4632-bc71-8bb27b445a08,CUST00009373,603,Medium,2026-04-16 00:32:40.779454,v2.1.0
509b687d-d482-449a-b40a-0c20a38beb89,CUST00009453,444,High,2025-10-08 06:02:08.034888,v2.1.0
be8d405f-3f3c-4001-8237-e80e674775de,CUST00000516,513,High,2025-11-23 17:41:34.033489,v2.1.0
9c32ed44-b3ca-466e-a45a-dfdba252c972,CUST00009676,367,High,2025-10-23 13:30:06.163710,v2.1.0
85d12c2c-4e70-49d0-abe3-d8c2b42cb6ed,CUST00009188,300,High,2026-03-23 08:36:40.620295,v2.1.0
3390894f-ee7e-4bfe-9297-cc5b84cb52b6,CUST00000908,507,High,2025-10-27 03:17:47.138477,v2.1.0
786a6d0b-3513-406d-b08c-c7bb23a8aa04,CUST00001876,300,High,2025-08-10 01:23:09.485675,v2.1.0
c5388f1c-b495-40cc-ad48-e5bd7860ddcc,CUST00002730,419,High,2025-11-21 00:04:49.101577,v2.1.0
8b010979-5f90-43bd-9a65-13cfdf8840fb,CUST00008815,668,Medium,2026-01-11 12:03:19.081856,v2.1.0
a2115e2d-bb1f-4ffa-90ba-0f312c043c93,CUST00005330,300,High,2026-01-26 06:40:48.735880,v2.1.0
06e32d2a-124b-45a4-a298-7f698e216abc,CUST00008718,544,High,2025-08-31 17:32:54.221563,v2.1.0
5237498b-acf0-40ed-bfa2-5a91d31be64e,CUST00007330,717,Low,2026-04-03 04:03:54.242957,v2.1.0
252ad273-3cdf-48dc-9918-282a4124baee,CUST00008318,769,Very Low,2026-03-22 15:47:40.694805,v2.1.0
f7408c54-0bde-4d90-b33d-98850bdd3615,CUST00000759,403,High,2026-01-28 12:47:24.243337,v2.1.0
e7e3ecbb-7f1b-4b58-bb62-a43a0e560f93,CUST00007035,435,High,2025-11-01 15:49:34.033812,v2.1.0
0b29fda6-c917-4d51-aad2-06701b680f37,CUST00002189,464,High,2026-03-01 17:01:00.228078,v2.1.0
36857739-547a-4637-bfd1-4740184bf4b3,CUST00008267,425,High,2026-05-06 01:40:20.162447,v2.1.0
084a3a18-f933-4da0-9b20-5579df67a46f,CUST00008067,307,High,2026-06-28 04:45:08.900347,v2.1.0
3baf8fb7-20a0-4191-9376-a50ea4626184,CUST00003998,438,High,2026-05-09 07:37:02.956945,v2.1.0
5e6420e5-b489-4d14-aa7d-e1cd6457aa70,CUST00009002,300,High,2026-06-26 13:23:56.974826,v2.1.0
9f6905f7-1fc7-44e6-bade-6c0718ea3065,CUST00008503,459,High,2025-08-10 21:10:57.570608,v2.1.0
b3ddad49-0023-4277-b6de-419fe4aecfdc,CUST00004534,326,High,2026-06-08 16:06:59.239414,v2.1.0
0f3b775b-54a4-4b34-b929-00341bd030ae,CUST00005191,389,High,2026-01-01 03:31:17.723935,v2.1.0
88f29570-5146-4156-9dae-468ae1484abe,CUST00003579,483,High,2025-08-16 04:39:41.253577,v2.1.0
d9e69996-689b-4942-9a98-b23e0cff15e5,CUST00006367,353,High,2026-06-10 21:05:05.442223,v2.1.0
ea956804-b8c6-4bdf-a946-449add9f269c,CUST00000747,503,High,2025-10-31 05:42:45.774868,v2.1.0
2fff2359-f3ff-4159-a199-c95dad2c5067,CUST00003699,484,High,2026-07-02 07:28:08.477851,v2.1.0
e8c1023d-89d0-4419-b2e8-8bfc94678c77,CUST00003665,559,High,2025-08-26 20:34:24.926785,v2.1.0
cd5a5b26-f6b2-49fc-b18a-6f2b7d002112,CUST00002409,760,Very Low,2025-10-26 16:45:17.077653,v2.1.0
4599b32f-fc4b-4641-93b7-9237cc49a2d9,CUST00002735,740,Very Low,2026-03-29 12:21:41.142469,v2.1.0
a6411013-cc7a-44ba-9143-dfca42a0c8ad,CUST00009238,645,Medium,2026-01-15 04:36:19.859064,v2.1.0
4add0189-ee73-43ec-b18d-28d7944371f2,CUST00000669,300,High,2026-06-02 11:53:12.506183,v2.1.0
ccaf369c-6060-4e6b-a130-14336d35c2e3,CUST00003882,300,High,2026-01-24 02:07:47.373634,v2.1.0
7d8a39e1-f8e6-41b0-bcd0-2ebfdd4298db,CUST00002024,418,High,2026-03-04 00:27:34.355541,v2.1.0
25dee50c-390d-4549-af3a-545c8cedd1c4,CUST00002093,643,Medium,2025-11-01 23:45:35.682644,v2.1.0
09c8cc17-609b-458e-90b3-8ceb8545f73c,CUST00002712,653,Medium,2026-07-07 00:57:54.859407,v2.1.0
12bf32e1-ec05-42e4-8339-66b6db3e7524,CUST00005774,300,High,2026-01-31 15:59:45.032937,v2.1.0
2ea18ab0-0d27-4561-a798-3914038767e3,CUST00004845,539,High,2025-09-04 03:13:37.821938,v2.1.0
bf8be2cf-03ae-47a0-84b2-6bbc77164089,CUST00005967,800,Very Low,2025-11-21 12:59:53.158837,v2.1.0
f20feef1-3db3-4c05-9b29-3737d83e3c7a,CUST00008849,300,High,2025-12-27 00:40:39.483863,v2.1.0
09335b67-3779-46e1-8573-f9fde4dbae16,CUST00001693,418,High,2026-03-10 09:03:21.725229,v2.1.0
aa3b0c09-7ae7-4643-aa56-57b3a6b1634e,CUST00001903,583,Medium,2025-11-01 09:16:23.607640,v2.1.0
19df7fff-bfbf-41d9-b356-17b33878b762,CUST00004691,575,High,2025-08-09 21:42:26.023991,v2.1.0
95457c43-ae01-4614-961d-41cf6ebfa3f8,CUST00002643,823,Very Low,2026-06-01 07:50:28.661645,v2.1.0
086f183b-923e-41de-9813-4a9103bdef27,CUST00001312,644,Medium,2025-10-10 18:26:20.365575,v2.1.0
8760f7b9-3adc-4f4d-a86a-a5b8f11df933,CUST00001726,317,High,2026-06-28 23:00:53.877761,v2.1.0
4c489fe8-322d-4f18-8e09-9b29755130b6,CUST00004504,428,High,2026-03-10 08:56:50.095884,v2.1.0
0f0a52d9-21b2-4ba4-bd11-3fdb531e3a72,CUST00009913,811,Very Low,2025-12-15 06:41:52.223289,v2.1.0
6a49901f-606f-4540-a0f6-2e92980652df,CUST00001685,510,High,2025-11-20 02:44:36.750572,v2.1.0
c6c842f1-912b-49e5-932a-4aec35c545a3,CUST00003698,518,High,2026-03-10 21:02:12.995816,v2.1.0
d1d286c2-4965-4950-8ee6-e96ecd4aa99d,CUST00001805,631,Medium,2025-11-14 02:13:50.354002,v2.1.0
7db8bc84-7f3f-43ad-ad1f-c6fcbc6bd2f9,CUST00008121,621,Medium,2026-02-19 15:08:03.251469,v2.1.0
2dc00407-cdee-467e-a535-878865018c87,CUST00003126,460,High,2026-03-29 10:26:45.044792,v2.1.0
190a113d-58b1-4605-a88b-7a2f37558497,CUST00005903,649,Medium,2026-05-21 09:52:09.402079,v2.1.0
e633adcc-a303-4fc0-92af-8f5feae7a5cc,CUST00005524,453,High,2025-12-27 12:55:00.627660,v2.1.0
3d0942ac-d61e-4f54-938c-fac1dbf7965d,CUST00001808,363,High,2025-11-05 23:25:11.070984,v2.1.0
6e8419e4-b8c0-48f6-9e91-aed6dabb1423,CUST00007452,659,Medium,2025-09-04 02:35:10.493243,v2.1.0
6e4a4a79-9257-42b0-92d0-750c5df3b868,CUST00005059,683,Low,2026-05-02 05:08:39.711315,v2.1.0
78a06d28-910f-4806-89bd-27e68c50ca0b,CUST00008549,473,High,2025-09-18 15:18:48.128782,v2.1.0
820b1ffb-dff2-484d-aee1-b51395bbe9d4,CUST00002774,517,High,2025-10-20 21:04:11.698609,v2.1.0
c2e370ee-40d1-45d9-8fe3-3959a48341b6,CUST00008191,500,High,2026-01-10 18:39:57.063921,v2.1.0
8a6d95b3-b933-486a-a6ce-94eb9b38fda2,CUST00009623,400,High,2026-07-07 11:02:27.523490,v2.1.0
0a8024ed-446b-4029-aab1-856fcee57f91,CUST00008907,433,High,2026-04-25 01:20:54.240523,v2.1.0
1e1ca72e-19d2-449c-8fba-61d87053cf71,CUST00006548,509,High,2025-08-04 04:41:36.186915,v2.1.0
e7bde056-7dd3-4f20-9e0e-0059d2dfe261,CUST00004204,700,Low,2025-11-23 21:16:47.870921,v2.1.0
8634de2e-17aa-4811-a9c7-85a1dd877e78,CUST00006433,717,Low,2025-12-31 10:26:58.369420,v2.1.0
2adf5f82-15fb-4da4-b75b-329f58ef6abc,CUST00008727,340,High,2025-09-16 16:12:20.560108,v2.1.0
7c027f09-5788-427a-a8a2-99a98b21ca8e,CUST00004077,460,High,2026-06-20 10:37:23.208498,v2.1.0
232b65dc-78d0-4f9a-ac91-fad75afee645,CUST00001372,340,High,2026-04-03 21:28:53.804378,v2.1.0
3b50d283-6690-49a3-8de6-1fc1650bab2d,CUST00008095,328,High,2025-10-30 02:18:36.089301,v2.1.0
b94a80e8-1ae9-4464-a71b-4276d5e7e558,CUST00005110,559,High,2026-07-08 08:47:52.632163,v2.1.0
add4e5ff-7676-4219-8ff9-006ac10047c3,CUST00005704,403,High,2026-05-20 11:17:13.143468,v2.1.0
611b44b5-9059-4922-812e-b5101f8ec4d0,CUST00004376,300,High,2026-03-27 23:20:42.035996,v2.1.0
a402e8ce-cf80-443c-b6d7-64187193166d,CUST00005734,404,High,2026-03-18 07:01:24.300779,v2.1.0
9dfb737c-6cdf-4b59-ad42-4668d6082fd7,CUST00008110,499,High,2025-09-11 23:19:04.318955,v2.1.0
af6a3491-1d61-4bf4-a212-1777b0f168a6,CUST00003733,538,High,2025-10-12 19:19:40.514344,v2.1.0
4e7e2c4d-f124-4fc2-9930-f0f22cbaef2d,CUST00006841,610,Medium,2025-08-01 22:37:50.648422,v2.1.0
4e3f0893-c7c7-49e1-a94b-d557ab45258b,CUST00009838,775,Very Low,2025-11-10 13:22:22.973978,v2.1.0
2ab173f6-7016-4280-972d-b5b6f57156d9,CUST00002681,300,High,2025-09-02 02:32:36.231074,v2.1.0
4e597598-4546-43b4-aa60-2730078e2d39,CUST00006865,449,High,2025-10-21 00:34:26.176101,v2.1.0
83115e47-614a-4cea-9386-023ca78954db,CUST00009937,350,High,2025-09-23 07:09:34.965250,v2.1.0
25975c85-f383-48c9-93d7-af117a992113,CUST00003267,520,High,2026-02-08 08:32:06.412542,v2.1.0
e8b4f587-d656-41bb-b03f-14b6d467869a,CUST00004353,300,High,2025-07-30 13:58:59.412740,v2.1.0
3adee8ff-d506-4f42-b8cc-7bff8dc5c25b,CUST00007053,630,Medium,2025-11-10 16:09:35.703893,v2.1.0
232e5e6f-0fb2-46ba-8413-bd43e485ddde,CUST00001004,492,High,2025-11-20 11:59:14.480284,v2.1.0
13253c56-c5f5-4aee-8560-f3244b18441c,CUST00001885,475,High,2025-12-01 02:47:23.186101,v2.1.0
8d23cda2-3d52-478a-9c51-96c43a32d79b,CUST00002171,590,Medium,2026-01-31 02:14:52.653949,v2.1.0
d68c4bf1-8de2-4a6c-ad18-80e0e8e38320,CUST00002532,550,High,2025-09-15 07:11:54.792156,v2.1.0
d368947f-a8a4-44df-86ab-139de2cc2f3a,CUST00007277,561,High,2025-11-05 01:18:27.035037,v2.1.0
8889c0c1-27c4-4447-96b9-92816d1c921b,CUST00006629,401,High,2026-06-19 02:12:36.984228,v2.1.0
3c195e70-962c-46e2-bae3-afc095aea90b,CUST00006112,461,High,2025-12-12 16:12:11.681933,v2.1.0
b30c2224-b96b-4b0b-aab6-9bc0bd9ffa37,CUST00009982,725,Low,2026-01-16 07:40:32.767028,v2.1.0
ab10d0b4-cf7d-4cc5-bd07-6cc4644ec226,CUST00005699,674,Low,2025-09-09 00:18:25.928214,v2.1.0
be1e9cb6-0878-4502-ba16-0c63a45c6b51,CUST00007518,469,High,2026-01-01 04:58:55.585653,v2.1.0
d6c329bc-e927-46a1-b3a5-7f7ccadee274,CUST00003192,447,High,2025-11-11 20:51:37.709240,v2.1.0
556d0a98-870e-41d0-b3a6-336f2d05503f,CUST00003978,524,High,2025-07-19 11:32:59.274983,v2.1.0
fcec40d9-eeca-4d65-bacc-9af144afb453,CUST00007074,529,High,2026-04-13 15:22:36.166125,v2.1.0
d283eb1d-381f-467b-891b-87858a7a4c43,CUST00007009,742,Very Low,2026-07-09 05:47:29.339326,v2.1.0
534fffff-afe0-4b09-87b4-f17463f5af85,CUST00009880,300,High,2025-11-15 21:50:00.890259,v2.1.0
11488bc3-9c50-44a2-8310-d5c096ab1610,CUST00007743,699,Low,2026-04-01 13:43:27.220642,v2.1.0
619c37ad-acfd-46e1-ad11-be3733cfe594,CUST00005348,532,High,2026-01-07 00:05:39.016831,v2.1.0
9873f196-730d-47ce-be50-e56532393ed2,CUST00001115,394,High,2025-10-31 18:27:44.888905,v2.1.0
dcc48d35-e303-4945-84dc-a83c3202e9af,CUST00002380,300,High,2026-06-27 16:52:04.385023,v2.1.0
13dd6433-0e93-48f3-a188-04ed4550953b,CUST00001444,447,High,2026-07-11 02:23:53.450007,v2.1.0
305f09a3-543a-4595-b711-2499cc2451ca,CUST00007417,701,Low,2026-02-12 11:03:54.869286,v2.1.0
52886c74-69d5-4042-a62e-0943d2c26948,CUST00004389,494,High,2025-09-09 15:12:19.380835,v2.1.0
a7f8687d-f91a-4544-bf92-ae73037a2da4,CUST00007371,597,Medium,2026-02-09 08:35:26.695677,v2.1.0
0bf840aa-0d98-401b-94f0-ac4e648fb5f3,CUST00008055,559,High,2026-06-14 03:24:22.608056,v2.1.0
b8585dfc-308e-49f5-a2ce-f795dd2463c3,CUST00005960,419,High,2025-12-26 09:17:52.627390,v2.1.0
42e0c71a-7a28-4243-b43b-e13aecbbead9,CUST00008862,564,High,2026-03-26 14:48:14.359764,v2.1.0
1a579c95-76aa-42f4-b506-fd03254a1f0d,CUST00002740,517,High,2026-04-11 03:17:31.776946,v2.1.0
2a022c70-aaeb-48c4-b852-25038991901f,CUST00007728,630,Medium,2026-06-11 16:37:13.073888,v2.1.0
da2b3bed-ee54-408b-b615-f727bf923212,CUST00003467,472,High,2025-09-06 20:03:29.063857,v2.1.0
9fa11a34-f5a6-43a8-85af-20189a28eede,CUST00000667,613,Medium,2026-02-04 03:29:23.960438,v2.1.0
5842e463-a6a1-4d02-b9e6-db40507e6437,CUST00008366,478,High,2025-11-07 10:28:53.676046,v2.1.0
1549f093-c35a-4689-9013-1deb02c8f7e3,CUST00007452,573,High,2025-12-11 14:29:54.415872,v2.1.0
d0726103-2220-4ae5-b32f-e2171ef88f13,CUST00005215,689,Low,2026-05-21 00:49:55.853101,v2.1.0
b697a6a3-7990-4c05-a0c8-0d119bdd2bc3,CUST00005605,585,Medium,2025-12-27 19:11:47.478111,v2.1.0
d7476ad1-b55e-40b1-87ae-70ab858bb85f,CUST00008724,452,High,2025-08-20 16:34:27.645512,v2.1.0
4c549889-469b-403a-9bf8-d2786daa5624,CUST00009417,636,Medium,2025-08-07 00:19:06.927228,v2.1.0
7f9b3b50-0dfe-4151-8e2d-992fe255b0da,CUST00005496,599,Medium,2026-03-09 03:29:59.077559,v2.1.0
af81c3fc-8c64-4701-9855-4990d59e2b13,CUST00006053,595,Medium,2026-02-16 00:07:36.974582,v2.1.0
9a3f6ee4-5625-4c08-adf1-1e28c1996bf4,CUST00002716,605,Medium,2025-10-07 01:10:00.050684,v2.1.0
35bb6115-1d6a-401d-8d47-b1a5ae7b2221,CUST00004062,635,Medium,2026-06-24 15:43:20.810659,v2.1.0
bb144f53-61f5-42ed-833d-dfad5bf44cc1,CUST00003465,437,High,2025-10-27 10:08:59.304783,v2.1.0
aa0b1a4d-2998-489a-aedf-f7099fb1c7fa,CUST00004180,483,High,2025-07-26 03:33:46.680264,v2.1.0
d5233d57-f234-4527-9461-e8682d43e80b,CUST00001604,460,High,2026-01-30 13:29:59.625968,v2.1.0
e03ebf44-3cb0-4904-9c2b-dfc7340f2b97,CUST00006881,515,High,2025-12-27 14:41:08.090809,v2.1.0
90c277c7-c60b-4b54-b327-7ef2455f2185,CUST00003033,571,High,2026-03-20 04:37:16.455894,v2.1.0
b48b9709-64e5-4d94-a0c5-e6a7006f59e1,CUST00003115,526,High,2025-08-18 19:49:55.936243,v2.1.0
f4ee43a8-54b6-4aef-82f6-ae7d5f5aee62,CUST00007110,387,High,2026-01-20 20:06:48.713461,v2.1.0
58173c62-438b-449a-bda3-1292155a9cc4,CUST00006474,511,High,2025-09-26 22:24:33.556816,v2.1.0
4b28347b-5f31-4eb6-8083-d051f81c6281,CUST00002720,368,High,2025-11-10 23:17:44.390460,v2.1.0
280a1294-241c-4456-a77c-81b2c6acbf63,CUST00002419,471,High,2026-02-23 21:52:26.083496,v2.1.0
736fd156-4fd7-477e-8d40-246d9d8ae782,CUST00007229,318,High,2026-06-27 11:32:38.034394,v2.1.0
0ac3aaf7-fada-4924-9907-583b179f3567,CUST00000445,434,High,2026-06-14 17:08:05.578029,v2.1.0
789c94f5-2ee2-4db4-8b76-387f6c2c5320,CUST00006001,591,Medium,2025-11-26 18:54:53.754554,v2.1.0
389cb15d-96c0-40ac-af70-fed321f1682c,CUST00002059,606,Medium,2025-09-09 22:45:55.919676,v2.1.0
8638ef6c-8e8f-4af0-821c-fc6a720fa7c0,CUST00007535,459,High,2026-05-25 18:08:54.631561,v2.1.0
8e22d39b-6d08-4373-9698-36b62d7c4321,CUST00004991,308,High,2025-11-29 21:59:40.289754,v2.1.0
9a7233ad-a09d-4862-9136-86950837612d,CUST00000509,432,High,2025-12-01 02:03:19.204059,v2.1.0
280aa9cb-e399-419b-af1f-7e08639dd3db,CUST00007932,340,High,2025-10-29 21:05:01.439476,v2.1.0
d925ba12-7b02-4011-8127-7b445a290ee9,CUST00000997,300,High,2025-11-23 05:48:03.032162,v2.1.0
a56fa353-83d1-45f6-b143-594d274b981c,CUST00006296,578,High,2026-07-09 22:38:40.069400,v2.1.0
2b5d1e6d-080f-49b2-8e6e-c76adecc2ed8,CUST00008483,496,High,2026-06-02 05:49:34.059925,v2.1.0
ef9a2f4d-0058-4a59-ae08-1634114f7e7a,CUST00004225,410,High,2025-08-18 21:46:31.869364,v2.1.0
8e4144ac-0397-4bb9-8285-09c5dd3e0239,CUST00000047,531,High,2026-04-09 18:05:41.232174,v2.1.0
9480da3f-b839-4290-b3f2-43e8eb20a2f5,CUST00003007,431,High,2025-12-27 03:50:09.694760,v2.1.0
8455817c-1942-4b87-9f74-7c032d94d0c4,CUST00005620,582,Medium,2026-07-15 10:46:31.716132,v2.1.0
157bf4af-2388-4b85-a687-8927d9d79938,CUST00009761,460,High,2026-05-07 10:49:16.292999,v2.1.0
e4849b79-6b80-4b73-8de2-cede172d31bc,CUST00001059,798,Very Low,2025-10-31 08:00:12.517066,v2.1.0
de17245f-5328-4a2f-94b0-04d1727c9c1b,CUST00000225,570,High,2026-05-08 04:14:28.381890,v2.1.0
257182dd-2978-4621-9bca-d6c56bbb31c4,CUST00005201,497,High,2026-07-07 07:51:20.589018,v2.1.0
667f8f06-ca69-4134-a4d8-8434c47385aa,CUST00001404,535,High,2025-12-19 17:07:05.794646,v2.1.0
b5524526-2aa3-435a-86b7-1c171ec9bd52,CUST00009109,377,High,2026-06-10 07:47:12.822451,v2.1.0
42cde7ef-1f22-4247-8d9d-7418005139fb,CUST00004126,300,High,2025-09-06 21:19:25.649065,v2.1.0
0ebd77fd-a241-4171-b755-4d3279ce0440,CUST00000394,324,High,2026-02-17 08:59:11.377193,v2.1.0
38a4f79c-5b8b-439b-8997-538ae8df758a,CUST00004423,510,High,2025-08-18 08:26:44.910929,v2.1.0
ca78562f-245f-43c2-8c74-ea791d01ed5a,CUST00008105,717,Low,2025-10-01 19:17:23.228258,v2.1.0
887ed761-5d17-4328-adc2-3629c439e0c7,CUST00003298,695,Low,2026-01-07 06:15:06.245735,v2.1.0
becf39ce-f342-47c5-8e58-33f7115c861e,CUST00002778,590,Medium,2026-05-30 18:25:48.271059,v2.1.0
0863c30a-d776-45a3-99a9-b10345435efb,CUST00002038,557,High,2026-07-13 06:32:30.853960,v2.1.0
d5fddd26-0d2e-4280-a591-5e7685cd3a00,CUST00006437,651,Medium,2025-08-11 01:27:43.251714,v2.1.0
ea8073cf-bec9-4be9-ad10-9f602492f190,CUST00001120,498,High,2026-07-03 13:52:18.860795,v2.1.0
d4d0a872-5bab-4dc9-942e-0003d6865a3d,CUST00005076,429,High,2026-04-20 01:49:16.573631,v2.1.0
db262bfd-a93e-4cfd-9bcb-d9d61f7ead78,CUST00003800,511,High,2025-08-19 05:13:23.979178,v2.1.0
92f89a36-fb63-4c47-8a4c-67d796cccd37,CUST00003253,300,High,2025-12-14 11:08:26.279508,v2.1.0
b06c3107-a339-47a2-8a9c-98f2dbcf5219,CUST00001793,400,High,2026-06-16 21:24:35.627507,v2.1.0
2964d6e9-4d43-4fdc-b1d5-b81be2a79471,CUST00004809,531,High,2025-12-16 07:26:14.306136,v2.1.0
881edadd-73aa-420c-a64a-aea7314e6b97,CUST00002778,461,High,2026-02-05 22:02:15.770699,v2.1.0
91fc748e-f4ea-4908-9eaf-250a303a77de,CUST00005805,300,High,2026-04-03 07:45:42.287536,v2.1.0
5594c4cc-68af-4f75-92c5-ba791984582e,CUST00008506,771,Very Low,2026-04-19 18:11:32.564728,v2.1.0
5b59f6ac-d55c-4ad3-afce-f9bd0e9ab281,CUST00003407,389,High,2025-09-05 22:10:35.449883,v2.1.0
086fad29-b82a-42ea-a81a-0f97921bf057,CUST00001942,760,Very Low,2025-09-23 20:23:40.430636,v2.1.0
23160b93-3340-4c89-9ed1-cb7746d03f17,CUST00001885,411,High,2025-12-04 08:24:25.354105,v2.1.0
4024d7ae-9d34-411e-80d4-3057014470b1,CUST00006149,696,Low,2026-02-05 04:58:17.379024,v2.1.0
72bee1e3-045c-48be-bcb7-b623dd0a444b,CUST00006381,621,Medium,2025-08-02 08:06:37.931457,v2.1.0
b5a49586-715a-4d8e-b453-a25c58067ca7,CUST00003317,395,High,2026-05-15 16:36:04.640982,v2.1.0
dd782460-91bc-4b84-9056-bb81a6817ce8,CUST00006590,850,Very Low,2026-05-18 17:40:49.877347,v2.1.0
785661ac-9852-4c94-b253-974e4b5911b7,CUST00009027,435,High,2025-11-05 21:56:50.833686,v2.1.0
fb084c90-3d90-4e0e-ad71-a88f868ea831,CUST00008504,349,High,2026-02-07 04:25:49.655176,v2.1.0
909b1a9f-636b-4cb9-ac72-7c831c50ff5d,CUST00004325,427,High,2026-01-03 04:24:52.180745,v2.1.0
71e70a24-973e-4ae9-b6bc-4e10f4233c83,CUST00003116,381,High,2025-07-27 17:10:48.257818,v2.1.0
48b5bdae-c39b-4231-8374-61b911fa055c,CUST00007773,576,High,2025-07-18 19:21:14.075729,v2.1.0
cc8195bd-e11b-4c5b-9573-1398c8e281f3,CUST00009957,395,High,2025-10-21 20:28:14.485782,v2.1.0
e44d25d2-5417-4a11-ae6a-4a98301b6e5f,CUST00003453,603,Medium,2026-07-02 02:12:23.903150,v2.1.0
808f1511-1343-4752-9362-0a5a5c080c47,CUST00000573,424,High,2026-05-18 14:40:53.362473,v2.1.0
b5c05ca5-5e2e-4a35-92d0-2b8b03ef3518,CUST00003810,322,High,2026-01-06 12:05:21.927384,v2.1.0
48dc97a9-c63b-4281-bd99-a7be439fc2f9,CUST00004374,497,High,2026-03-13 17:04:28.357162,v2.1.0
4f36e5e2-25c8-4fdc-8a42-9652093881db,CUST00004950,535,High,2026-06-08 22:58:58.020396,v2.1.0
ce9ab88e-3694-48f8-aa05-af64a3c51382,CUST00008851,397,High,2025-12-17 06:36:11.129723,v2.1.0
fee9a1e2-89e8-4e1a-8f14-b9b15b58a497,CUST00006245,495,High,2026-01-13 13:39:57.526602,v2.1.0
6b24ee2b-f747-4eaf-a8db-8ff6f7adb215,CUST00002392,440,High,2026-03-26 03:22:30.829903,v2.1.0
04113e05-1d3f-4298-8d74-6ae76615c64c,CUST00000659,300,High,2025-10-15 07:19:44.388676,v2.1.0
27b4cd95-7639-4bfe-acc5-9fedb59f38c6,CUST00000761,495,High,2025-08-30 12:08:28.607271,v2.1.0
eaed326b-f1f0-45a6-98b9-fa2ad5860cb1,CUST00007034,300,High,2025-10-27 03:55:29.762912,v2.1.0
250470e4-9d79-43cd-b312-6870bdad2704,CUST00002424,474,High,2026-07-16 01:59:27.527645,v2.1.0
f8ec0bc1-ba47-464e-9d35-5a674733c776,CUST00003770,627,Medium,2025-08-11 06:48:02.730948,v2.1.0
9e743e00-b96a-4c24-a6c4-eb25db9e2247,CUST00003492,576,High,2026-04-16 05:21:20.976349,v2.1.0
334058f0-6023-49d0-9d4a-d0f0b60ec17f,CUST00008110,481,High,2026-02-15 03:23:24.105469,v2.1.0
45303ce7-ef8f-4687-b82e-f81877896da4,CUST00000649,588,Medium,2026-02-09 11:35:53.013591,v2.1.0
79e18477-a4b7-48e4-a4f6-d7fbf11138b9,CUST00006771,555,High,2026-05-31 01:37:07.897088,v2.1.0
4f8f06df-7ee8-4617-9def-aff5353ff702,CUST00007479,427,High,2026-03-04 06:46:10.479409,v2.1.0
eee0cebf-7459-4ccb-9696-e43b93b1b68f,CUST00006114,507,High,2026-01-07 18:45:56.114774,v2.1.0
76af94d9-0b13-47a5-8c1d-148424d9e7a4,CUST00005919,414,High,2026-03-28 11:29:34.297943,v2.1.0
9c4321ba-1e57-4986-ab30-aab05dc1ee83,CUST00003446,488,High,2025-08-30 14:08:55.746096,v2.1.0
14ca438e-6388-403e-9546-4754e53ad272,CUST00002135,576,High,2026-01-21 02:35:08.554029,v2.1.0
d6dcf365-d627-490d-a713-7cbab8e854d0,CUST00006415,627,Medium,2026-02-13 00:31:49.288702,v2.1.0
428bf081-59d5-4cab-9646-76ce0aa38b9d,CUST00001649,300,High,2026-05-22 15:25:44.954029,v2.1.0
018400f5-0557-48d7-b5fc-ef7006159e2c,CUST00002796,447,High,2025-09-15 09:23:12.130074,v2.1.0
e58edfaf-0f9b-4006-bbb0-e3807ba3344a,CUST00002701,407,High,2025-08-08 06:47:42.056496,v2.1.0
8fef36d4-653d-4d19-a197-53130f3ea7af,CUST00007904,351,High,2025-11-11 16:09:17.437676,v2.1.0
87279068-37f9-4ad1-9864-81b998c88345,CUST00008024,519,High,2026-06-03 17:01:31.037463,v2.1.0
7941f2b5-40d0-4271-ae76-a72ecfaf03fc,CUST00002846,500,High,2025-09-05 09:38:40.487569,v2.1.0
98b1f97b-9b43-467b-a69f-c178c2dc1c79,CUST00002915,542,High,2025-09-15 13:25:59.323187,v2.1.0
989e92d5-37df-4b00-91a2-cb2e8cc7d857,CUST00005802,597,Medium,2025-10-25 12:04:11.365466,v2.1.0
2627e9cd-f451-4d1f-bd8d-5fd546eb54dc,CUST00006476,452,High,2025-12-18 03:15:57.709017,v2.1.0
63b905df-0bc9-496d-a3c8-00322915baa0,CUST00009479,500,High,2026-06-16 01:11:49.735445,v2.1.0
67dd7fe6-ba32-4273-af55-56abab02afe6,CUST00006344,326,High,2025-11-24 22:22:48.303880,v2.1.0
242dbd2c-2fca-4d10-a94a-365d6d9ba90f,CUST00005708,645,Medium,2025-10-31 18:43:00.506350,v2.1.0
6d1382a8-e9c3-4a9c-898b-9984a02627fa,CUST00004124,385,High,2026-01-27 08:21:41.476760,v2.1.0
8a23ee19-2f9d-4c81-9e29-783d6443d76e,CUST00003967,494,High,2026-06-24 21:26:14.004146,v2.1.0
01d0906d-061c-454c-ba94-cb5afb080d94,CUST00000746,497,High,2026-01-21 14:20:14.260734,v2.1.0
74a84bc0-b395-4d2d-bbf3-7694e05714b6,CUST00006739,367,High,2026-04-23 20:21:26.665026,v2.1.0
3459ced7-1c82-442b-b01a-d8c11044294d,CUST00009782,597,Medium,2025-09-22 20:12:37.898577,v2.1.0
6cc9449e-b634-40ca-b7a2-45b61e2adb1c,CUST00007543,589,Medium,2025-08-21 10:20:49.592866,v2.1.0
3027e7cd-a1a7-4c39-96f1-fe6af6897480,CUST00009314,503,High,2026-04-18 19:16:04.084913,v2.1.0
cc8fb13f-47b2-4ade-ba38-d8be5042306b,CUST00001679,667,Medium,2026-02-01 11:57:31.623375,v2.1.0
e2e8f0fd-b795-4047-b0ad-91ba83bf4c0b,CUST00006115,659,Medium,2026-06-01 13:32:02.669117,v2.1.0
244f3b6f-0b00-4766-a723-eaa9da0f1537,CUST00005038,481,High,2026-05-15 21:37:48.465915,v2.1.0
5998f37a-6789-4c72-b61f-3a0e127122c0,CUST00004485,442,High,2026-03-25 02:09:52.561719,v2.1.0
171dd09d-ed8c-4158-9bda-ff28b002d22f,CUST00003780,585,Medium,2025-11-04 21:02:04.370558,v2.1.0
1cf64598-8b4d-44d7-b844-502342663176,CUST00008901,600,Medium,2026-03-25 06:20:31.497899,v2.1.0
c9a828a6-30cc-42be-b592-bcf5f2bef7f9,CUST00002335,565,High,2026-03-26 07:47:18.257341,v2.1.0
31cdf9d9-448e-4ed8-b560-6aa3de5cdf80,CUST00000887,472,High,2025-08-21 21:57:34.614113,v2.1.0
23975622-6efb-4236-b345-f743e1475cbb,CUST00006919,477,High,2026-02-14 18:27:23.732437,v2.1.0
754ba1a6-d241-40aa-ab4c-02e789ad0e62,CUST00007741,300,High,2026-05-14 14:53:13.319607,v2.1.0
f625c65f-730f-477f-a110-ed0b4fc070b9,CUST00006737,490,High,2025-07-22 14:57:53.172777,v2.1.0
12c513c1-4303-4079-be09-56e0695359ac,CUST00007384,300,High,2026-01-23 04:04:02.443199,v2.1.0
50358107-2ed7-403d-97b0-1e6ff890fad8,CUST00009581,765,Very Low,2025-12-01 03:39:35.479197,v2.1.0
1f9c6d36-445d-4e5e-99ac-e858ed1a4d31,CUST00008328,388,High,2026-01-11 00:24:55.510842,v2.1.0
43697ee2-4781-4beb-b2cd-ec0d24534eed,CUST00003441,652,Medium,2025-11-19 05:00:35.379019,v2.1.0
e0eb8428-927d-4623-bdf8-937b15f0aede,CUST00001801,548,High,2026-06-15 13:39:20.789274,v2.1.0
99e0126d-2b3e-4e35-a9c1-e0fca373fdfc,CUST00005702,551,High,2025-08-24 07:40:38.309058,v2.1.0
2b1e56d5-0229-4521-a355-2b89f0c342db,CUST00008368,345,High,2025-09-12 08:41:53.640953,v2.1.0
6a1decb3-fa3d-4395-ac58-7f60582e802e,CUST00006272,492,High,2025-10-06 16:08:05.399953,v2.1.0
2865bd34-7071-49af-8da1-df16611dbd73,CUST00006656,603,Medium,2025-09-24 17:31:23.741119,v2.1.0
cdbf3e6c-ed72-446d-9160-9119ee98ab34,CUST00009705,561,High,2026-06-10 13:17:27.492849,v2.1.0
6b1b8507-7f23-4a75-bc0c-4e82e0ad8377,CUST00002373,626,Medium,2026-02-26 23:04:21.792550,v2.1.0
7b17f1f9-ecc7-479f-a518-7b43419ff251,CUST00005382,553,High,2026-05-17 13:54:05.957275,v2.1.0
dc00fdc4-57ba-4322-b990-ec18b7fd3698,CUST00002289,571,High,2026-01-25 21:39:12.416255,v2.1.0
df96447a-2321-40ec-b5d1-65ddadef9187,CUST00000129,589,Medium,2026-01-28 06:07:47.069208,v2.1.0
d4e2c9f0-aa92-40ef-88f4-d5ea37325cae,CUST00002570,514,High,2026-02-04 04:49:47.032682,v2.1.0
d8cdb47a-f528-4489-8cef-c22c150a7b80,CUST00002220,395,High,2026-04-20 03:30:37.244100,v2.1.0
aaa0d56f-eea5-4837-9dec-58d413d581c4,CUST00003701,515,High,2025-08-28 12:54:43.211044,v2.1.0
6e2cb03f-6061-4c85-a200-70ca5388b53e,CUST00007409,608,Medium,2026-01-02 02:27:49.233881,v2.1.0
10ec3674-127c-42e3-9cb1-b478c70bac13,CUST00000437,300,High,2025-08-14 19:36:49.904350,v2.1.0
125826f9-859e-4de7-8f1b-92579a665c2f,CUST00007231,453,High,2026-05-12 23:42:12.412997,v2.1.0
fa9c5f0e-c9f9-47f7-a779-2a1a09ae046f,CUST00004112,517,High,2026-06-20 04:17:42.785061,v2.1.0
932b2b3e-f904-4968-a362-6bb385d95bf3,CUST00002608,430,High,2026-01-09 01:14:55.187307,v2.1.0
d439433f-9136-4de1-8de3-7b0f40b231ec,CUST00005271,529,High,2025-11-08 17:05:06.606334,v2.1.0
847c52cd-24be-4654-bed0-0ea6eacbc782,CUST00005982,573,High,2025-11-27 08:05:45.511231,v2.1.0
23a5b007-75f1-4edd-898d-0395e068b475,CUST00004256,565,High,2026-05-12 07:52:19.661102,v2.1.0
1b753741-33a1-45d2-972d-037aa67d8a4c,CUST00008911,300,High,2026-06-07 21:02:05.655724,v2.1.0
74b3ba22-92e9-46ed-be8a-229cf1bab1a6,CUST00006005,590,Medium,2026-02-21 04:45:05.334437,v2.1.0
c0d5cf6d-5fd7-41ab-8e18-07bc2f47161e,CUST00000525,460,High,2026-04-22 19:20:58.711118,v2.1.0
eed47180-69f9-43cc-a06e-9d5862847dc9,CUST00006530,608,Medium,2025-11-19 20:11:32.855773,v2.1.0
61f274ac-f126-4b11-8083-b35cfd5cf425,CUST00007943,714,Low,2026-04-03 04:40:30.408136,v2.1.0
2c635f03-2fea-4a3d-964f-c2c2c074c1b9,CUST00001795,464,High,2025-07-28 10:00:22.123642,v2.1.0
34386c18-f6d8-4e5c-8c94-97aef621a390,CUST00000951,844,Very Low,2026-05-11 10:16:05.091572,v2.1.0
af89d583-e918-4187-af79-0a4a8ee4a846,CUST00000709,519,High,2025-10-07 03:02:32.899149,v2.1.0
de692aee-3422-4b4e-8a2c-a36a369d3b39,CUST00001010,754,Very Low,2026-05-26 20:32:36.357409,v2.1.0
e8093598-9b04-4b86-b230-50eccd4cdf83,CUST00006140,481,High,2025-09-07 21:47:40.995170,v2.1.0
eebeb726-6ddd-4d74-a6ca-8bb7fd687d84,CUST00005459,400,High,2025-10-08 16:00:14.493005,v2.1.0
aa9babaa-7d4a-4e33-bf7e-0bfafef65b9e,CUST00002493,850,Very Low,2025-09-01 16:38:38.233185,v2.1.0
9b8ad87a-435f-4ae5-9ce0-c1405c1e407d,CUST00004331,300,High,2025-09-03 11:22:08.013333,v2.1.0
db13d2fa-554c-4abc-bfba-e6127527d6d7,CUST00003437,441,High,2025-08-15 14:56:21.037801,v2.1.0
b2a38d56-647e-494d-b500-0db08a6720fe,CUST00002412,440,High,2026-03-27 05:27:10.562433,v2.1.0
d08b293c-f4bc-4f87-8f05-c2bfab3caa99,CUST00009909,466,High,2026-04-30 06:31:23.986320,v2.1.0
0f4eef94-3e81-40ed-8c79-cae20044efa9,CUST00008428,447,High,2025-08-15 07:18:57.261783,v2.1.0
d91c09bb-8532-4219-9aa0-f3b2f58f1e86,CUST00007402,300,High,2026-04-26 20:40:25.646061,v2.1.0
6e0e012e-b091-4e12-b924-9ca6ec368452,CUST00006579,544,High,2026-04-20 12:30:55.186672,v2.1.0
e28a2b92-9226-40ec-a1be-3f014a00619e,CUST00004284,480,High,2025-08-02 10:36:00.876509,v2.1.0
d5012e46-c277-4944-bf58-e2598c94905c,CUST00002645,544,High,2025-08-26 07:00:29.655716,v2.1.0
ff73d12a-84cb-4d7b-8355-167632fed411,CUST00001066,313,High,2026-05-03 13:38:18.000784,v2.1.0
0fcfe252-4134-4fcb-9dc9-9e19531c3134,CUST00001632,300,High,2026-01-21 10:56:32.319345,v2.1.0
796ee037-fd87-4800-9d1e-65056f14b5b5,CUST00009263,542,High,2025-08-08 13:24:42.440234,v2.1.0
4a5aa30a-e5ef-4e9f-9f16-56827404abae,CUST00009101,300,High,2025-08-30 08:21:02.037925,v2.1.0
d3d1639c-6360-412c-8ff4-b1e34bfafbb4,CUST00002944,464,High,2025-10-18 07:45:12.759107,v2.1.0
b4688ae8-8b52-4d6e-85c3-e251be480b8a,CUST00005902,451,High,2025-08-11 02:36:55.487000,v2.1.0
13a8db21-c04d-4561-b7fb-35562311ec16,CUST00003897,850,Very Low,2026-03-18 17:48:33.524621,v2.1.0
0b3d36e6-b0fd-4a4f-ba6e-7f7770c917ea,CUST00008565,658,Medium,2026-04-19 12:06:48.715041,v2.1.0
d7c03bbc-9396-4e66-a47b-3cf882ca596f,CUST00009504,354,High,2026-04-29 15:58:54.235078,v2.1.0
56eb24ae-b4a5-4a20-a0ad-1cbb489c2d32,CUST00009877,661,Medium,2026-06-18 23:15:56.914776,v2.1.0
4f3281cf-fba3-4106-8896-a9507cd7e3f5,CUST00004021,502,High,2025-09-30 22:24:16.018129,v2.1.0
0dcbf26f-6916-49a4-aef8-ad8c07f29483,CUST00005002,394,High,2026-06-12 01:23:22.372593,v2.1.0
46c2d005-a097-4e91-9d7d-5daa633648dc,CUST00006614,589,Medium,2025-09-23 09:39:36.255817,v2.1.0
e66dc720-4651-43d9-b57c-80fd6d322628,CUST00004694,300,High,2025-11-23 07:22:00.107940,v2.1.0
58ab88b4-ac83-4df0-b62c-eadbbc4a3140,CUST00009785,790,Very Low,2025-08-20 01:39:23.815848,v2.1.0
5e1814bc-fb19-4f50-8d34-acac79d01beb,CUST00006936,433,High,2026-05-22 20:31:33.756592,v2.1.0
c52a77ae-099e-4a6c-ac34-1f00c402ffc9,CUST00002941,676,Low,2026-06-26 21:53:38.371166,v2.1.0
9d1a7781-9aa1-4aab-b044-1a22cb7d78ac,CUST00002601,540,High,2026-06-29 10:47:11.200629,v2.1.0
9de21e4a-1508-42a7-9609-9e4ae99c1ad2,CUST00007354,300,High,2025-11-21 22:57:30.919896,v2.1.0
0c28237f-83a4-44d0-81cc-4b44af56abf9,CUST00002139,499,High,2025-09-14 13:18:50.465835,v2.1.0
c1a281de-3555-4acc-a507-c0d2f3f82ab3,CUST00005315,532,High,2026-01-16 18:20:53.076284,v2.1.0
1c669ff9-c319-4694-8632-aeb8a114d63d,CUST00001973,300,High,2026-04-10 00:14:14.062933,v2.1.0
73fab45c-73a6-4136-b7c0-e6c3c8acebcf,CUST00000456,494,High,2025-10-14 05:39:54.490978,v2.1.0
cd00195f-0549-42f9-9ed0-228e8c75e039,CUST00007467,517,High,2026-02-11 04:27:11.624952,v2.1.0
54f34d3b-b40e-4045-8b38-d71f6b0eab1d,CUST00009359,797,Very Low,2025-08-23 02:38:36.925184,v2.1.0
9b985f53-25a0-4cdc-87c8-abd7d0abbc69,CUST00008823,360,High,2026-02-14 01:41:16.854481,v2.1.0
0fadb4da-60c8-4c4c-ac39-a2362ec9a361,CUST00004736,507,High,2025-07-23 00:29:24.228890,v2.1.0
bce8d951-398e-4da9-bec2-f0f7623b911e,CUST00002310,473,High,2025-10-05 04:03:35.990896,v2.1.0
b3aabd32-0a78-47ae-8a06-0e9a740bab84,CUST00007901,352,High,2025-09-25 20:57:59.526168,v2.1.0
f2984118-00b0-4931-9325-178315da4fb7,CUST00009768,370,High,2025-10-28 20:35:45.358061,v2.1.0
119c7fc4-7bf8-4bb8-a7a6-9f5e9729ac53,CUST00008639,524,High,2026-06-12 05:38:40.780800,v2.1.0
ed639b0a-bebb-4b96-8894-3a4b26bded75,CUST00003080,551,High,2026-01-30 02:13:43.812481,v2.1.0
f0e09ebe-f8da-49b7-84dc-fb7d058036d7,CUST00007577,308,High,2026-07-08 12:04:29.001674,v2.1.0
04d62044-83e5-491c-8d23-63a4147cf047,CUST00006784,319,High,2025-08-22 22:57:44.165937,v2.1.0
b5957e86-04a4-4ecf-8462-264f621b3094,CUST00005687,348,High,2025-10-04 01:54:52.048757,v2.1.0
55fb4808-e6bd-4e28-8973-b4d311e053ed,CUST00005958,333,High,2026-01-18 01:33:42.085101,v2.1.0
ea59797e-7d4f-4c2b-922d-33f6792fee6e,CUST00004390,828,Very Low,2026-04-02 09:55:37.107270,v2.1.0
93c79f55-a00c-4600-b8e7-17703e4080ce,CUST00003567,300,High,2025-11-28 18:14:01.954053,v2.1.0
fb31f666-0ec2-471d-a636-d7e7ce6a6b1f,CUST00001539,457,High,2026-02-18 04:16:32.086847,v2.1.0
d0c678af-a6cb-4ccb-ac72-44de25dfb5ab,CUST00006088,532,High,2025-12-25 11:54:43.500066,v2.1.0
10741825-7432-418c-b878-8f590c6a5116,CUST00008276,508,High,2026-07-02 17:17:37.455849,v2.1.0
9b39d4d2-2da4-4476-9658-60b8551b754b,CUST00009366,407,High,2025-09-21 23:10:54.558428,v2.1.0
70f40b9a-0866-495f-b9c3-b400b01b5306,CUST00004400,470,High,2025-11-24 12:11:40.066131,v2.1.0
5ff000f8-d1c2-4e3f-8d24-d8cb675d2889,CUST00007147,414,High,2025-12-03 13:31:17.125725,v2.1.0
a2a656bd-470e-4bd0-9f54-0f2d241bdc45,CUST00009137,544,High,2025-10-04 04:10:53.064895,v2.1.0
e121153a-ead3-4680-9e7a-366380ff3f8f,CUST00002385,401,High,2025-10-09 00:35:33.211666,v2.1.0
5578cbf3-a8a7-4d1f-a838-7a3b25a7c9ac,CUST00004917,326,High,2025-08-28 03:04:59.979006,v2.1.0
b195ee13-9f3b-4bdc-bf1f-9639015c3d7e,CUST00006991,474,High,2026-07-12 12:47:09.625610,v2.1.0
b46b0a74-7167-488a-a59a-8d731a8c79eb,CUST00000592,300,High,2025-09-01 01:29:23.621414,v2.1.0
bb3f6001-5d9c-42e1-b795-31e29988354e,CUST00008372,428,High,2025-08-27 04:54:42.975941,v2.1.0
19d998fe-4c69-4968-a668-8b0192e08075,CUST00005654,749,Very Low,2025-09-05 13:16:55.776243,v2.1.0
feb30173-7062-4b19-94e8-4b6cbd511a4f,CUST00003856,438,High,2026-04-22 07:48:54.260100,v2.1.0
942980bb-8340-4939-85f9-da6dbc5349e9,CUST00008285,621,Medium,2026-04-01 07:24:32.441715,v2.1.0
91be8094-0a0d-418b-bfcd-95d98bee8450,CUST00002171,516,High,2026-02-06 09:35:36.317284,v2.1.0
89af2a81-beb3-423f-9c3e-3c2a7e987bba,CUST00001099,633,Medium,2025-08-01 17:52:18.706408,v2.1.0
042046f9-83e2-4ad7-9a2b-919a61283fd8,CUST00007530,360,High,2025-11-14 18:05:16.286665,v2.1.0
efa26e71-40f6-4987-92ee-88c3aca782e6,CUST00002929,418,High,2025-08-29 04:18:12.757156,v2.1.0
64e0de85-62be-443a-a96b-da5644a532fb,CUST00001356,805,Very Low,2025-10-29 11:58:36.419854,v2.1.0
15ec8a94-0c19-4a4b-ae65-688f08bd8ff1,CUST00009004,402,High,2026-02-22 04:46:38.214616,v2.1.0
72967d97-5750-44cb-bcc4-eb4b7e818eb2,CUST00000806,425,High,2025-11-08 20:53:04.714097,v2.1.0
f9d63c27-4919-4032-807d-3e30e56adae8,CUST00003402,506,High,2026-07-09 10:51:29.482327,v2.1.0
e3205472-82a8-4b2b-b3b1-c73652872e05,CUST00004927,424,High,2025-12-27 01:31:03.190462,v2.1.0
0fefdffe-c729-48c9-b111-d1fe575ca69d,CUST00004184,365,High,2026-02-05 05:24:02.541823,v2.1.0
77c0c7ce-b2d2-47c1-b3c3-82806fdd3ee7,CUST00004779,582,Medium,2025-11-01 01:08:35.614010,v2.1.0
424effbf-0a22-4820-a1ff-6354831e4f9f,CUST00004930,325,High,2026-05-26 07:50:13.535576,v2.1.0
67e8045b-46af-471f-80ec-ec4c7403ca82,CUST00001652,406,High,2025-09-24 20:45:02.953466,v2.1.0
0e604cb9-30bb-45fe-a5b0-1fb4eff8c17b,CUST00008589,648,Medium,2025-08-12 08:05:02.789272,v2.1.0
fd8795a7-392c-4233-8d41-ed391d3a580d,CUST00009920,532,High,2026-05-21 02:25:18.948632,v2.1.0
f7ff2538-c31e-4923-b074-28d4f747d781,CUST00000421,731,Low,2026-01-07 15:34:32.100358,v2.1.0
f1a12451-553e-49e0-b263-fe97a2ae02e9,CUST00000540,503,High,2026-03-22 23:00:26.093374,v2.1.0
781bc45c-b33e-412c-b899-2a95ae45d812,CUST00007313,348,High,2025-09-21 09:35:02.037363,v2.1.0
8ad10851-46f2-4a14-b166-b9a01ea49e42,CUST00007978,474,High,2026-07-17 16:28:33.325710,v2.1.0
eb2b5502-9d7a-4eed-a87e-75e266131e88,CUST00001572,413,High,2026-01-13 11:34:42.928787,v2.1.0
cd5b7baa-5d22-4f6e-8d47-c9a23531b1ac,CUST00009417,421,High,2025-08-25 07:49:06.395976,v2.1.0
5fdb5695-abda-48c6-8b60-afb927979427,CUST00001052,698,Low,2025-12-24 21:49:16.716297,v2.1.0
2460e241-7d3e-4ac1-b443-7b933d92d2ff,CUST00007409,433,High,2026-03-15 10:34:58.687757,v2.1.0
2630bcd6-ccd1-4a1b-803e-eb904aa9bff8,CUST00006825,416,High,2025-08-17 23:02:54.063236,v2.1.0
4f3f1bdb-3eaa-4928-a822-4bb75486f6cf,CUST00005631,501,High,2025-09-08 06:37:57.294246,v2.1.0
98a2fa71-9b19-4114-97f6-05a61591622e,CUST00005173,398,High,2025-12-11 05:40:59.886445,v2.1.0
912c9314-2f73-4838-aa31-4920765dfd9a,CUST00009377,396,High,2026-02-18 14:35:23.673592,v2.1.0
d732fed0-53b4-419c-97fc-c46e053b2ad5,CUST00006296,547,High,2025-08-24 01:34:44.240077,v2.1.0
117c18e3-c00a-45d2-ab5f-68dbd17c9a73,CUST00005178,512,High,2026-06-20 20:46:47.210910,v2.1.0
6f08de86-df4a-43f7-b25d-3e8ff1f68169,CUST00008040,474,High,2026-07-10 01:32:04.357758,v2.1.0
a41e0aa3-9e41-400f-a266-892affff8dd5,CUST00006494,684,Low,2025-08-10 13:08:34.361397,v2.1.0
b90e5cfb-ccfc-4f1b-81e3-75644460c58c,CUST00002623,782,Very Low,2026-07-09 02:20:30.439453,v2.1.0
c23f1610-be6a-4835-8f6d-2f2ed367c5f0,CUST00004399,511,High,2025-11-18 14:16:14.464705,v2.1.0
6396732e-c4c0-4a57-a86f-3cdf6884e736,CUST00005304,773,Very Low,2026-02-20 05:11:26.840872,v2.1.0
cb9b1807-afee-4998-95cb-22282f4e7568,CUST00003451,489,High,2026-07-14 17:48:22.697486,v2.1.0
d6043e4e-9a33-4267-aceb-a144a4f8893d,CUST00004778,376,High,2025-08-31 18:00:38.316854,v2.1.0
90911fbc-d58c-43b6-9e29-be9b87e921c1,CUST00002688,596,Medium,2026-05-20 00:34:13.596932,v2.1.0
2e7c1d8a-d3df-4e27-a71e-bdb43c5f4b46,CUST00006957,328,High,2026-04-08 18:50:25.736065,v2.1.0
7ce812af-812f-49df-85af-aefa8329c3b4,CUST00009233,431,High,2025-10-27 15:19:54.482884,v2.1.0
573791b6-ab37-47d7-bcfb-5ccb8c07fa81,CUST00001080,776,Very Low,2026-04-04 12:13:20.716505,v2.1.0
fc57ed95-aae3-4985-97ff-1494f5b1d53a,CUST00006131,489,High,2026-02-15 10:51:57.390930,v2.1.0
9f77ce9a-4cd9-4b22-9dae-7bbcc95024cf,CUST00003203,300,High,2025-10-25 14:43:15.287243,v2.1.0
e6dc9eab-246b-4723-aa61-358e6e5e29c1,CUST00006418,652,Medium,2026-05-02 06:24:38.726914,v2.1.0
3f701eb8-2764-48b3-aee3-c266cb880e7d,CUST00006689,595,Medium,2026-03-10 01:34:35.516595,v2.1.0
7addd93c-1de7-4a5d-9718-4bd1ed1fbafc,CUST00006597,413,High,2025-12-11 02:16:31.923849,v2.1.0
2848d2b1-f605-4d5e-9600-4d10125a6127,CUST00007015,691,Low,2026-01-07 16:53:09.403834,v2.1.0
a0b92851-6fc2-451f-98d2-0b187cfac41a,CUST00005534,741,Very Low,2026-02-23 05:06:37.315812,v2.1.0
a3fbf718-6a14-418d-b490-064239d39e40,CUST00006025,480,High,2025-12-12 15:09:44.886552,v2.1.0
80d2469f-5388-4256-88db-2f6a1062edb2,CUST00008032,652,Medium,2026-01-10 21:12:20.523038,v2.1.0
1847bbd6-228b-4e92-bb21-feb3d5a2d64d,CUST00006228,378,High,2025-10-27 18:35:43.084481,v2.1.0
ea5939b3-e9b8-470c-9f5f-91bcc75d7393,CUST00007466,601,Medium,2026-04-24 10:00:24.223480,v2.1.0
ecf7d192-1934-41a8-a46b-2024516a13bb,CUST00004830,769,Very Low,2025-08-26 08:55:49.610993,v2.1.0
9b054d50-bbea-4681-87e6-5f319c29907d,CUST00009390,552,High,2025-10-17 11:23:38.741066,v2.1.0
86026f10-6e3b-45b7-9ef5-803f720c7d58,CUST00001656,527,High,2026-01-15 12:53:22.462249,v2.1.0
e7f0d0f8-7006-4d78-9907-e6c6f335b1e5,CUST00004919,444,High,2026-03-04 10:03:23.693127,v2.1.0
87a85f86-47aa-4235-bfa9-8d8aa79718f3,CUST00006639,419,High,2025-09-05 01:51:06.133704,v2.1.0
db7970c7-34cb-4b86-ad6a-abf3c12d7491,CUST00003149,598,Medium,2025-08-23 07:00:22.890200,v2.1.0
5a1be3ac-49f6-45ae-b508-3e54f7c3ed7b,CUST00006267,549,High,2025-08-06 05:11:54.888086,v2.1.0
f14c816f-841f-418e-971e-b81a8d298b34,CUST00001085,531,High,2025-08-11 19:58:59.227045,v2.1.0
30095750-803f-455b-9939-fcfdf79839d1,CUST00006335,483,High,2026-03-22 14:02:02.484889,v2.1.0
d4ef0316-b627-41ef-9aec-bf3adb547efb,CUST00004320,594,Medium,2026-07-07 22:51:41.848933,v2.1.0
38556c3e-1274-44ed-956a-cdc087c0281b,CUST00005256,554,High,2025-12-04 15:58:33.022008,v2.1.0
ba17925f-62a3-4ecb-8b4a-1577d2e9472b,CUST00009208,634,Medium,2026-03-22 23:38:57.744416,v2.1.0
f3b38223-8400-44c2-88f9-21d89d4223c4,CUST00001576,535,High,2025-09-11 16:45:35.178587,v2.1.0
f99e2a15-d2da-4a05-a15b-cfdec02d49a8,CUST00009203,481,High,2026-03-02 01:55:05.894179,v2.1.0
bfcc63d0-81ba-4e33-bdfc-4f429301733d,CUST00007231,620,Medium,2025-08-22 02:20:39.885531,v2.1.0
0602dd1f-3844-42ab-b4bc-1464cd7cd1ff,CUST00009805,300,High,2025-08-14 20:38:19.942956,v2.1.0
431900f4-afb0-4afa-bf62-43913bff20ae,CUST00009835,459,High,2026-04-18 10:20:15.345813,v2.1.0
5aefaa3a-a0e3-4d62-bd6b-da0719ad7da7,CUST00004698,300,High,2026-04-24 06:15:35.391989,v2.1.0
be3fcbba-0359-4c72-9e30-0d1fd44fd0bb,CUST00008907,300,High,2026-05-03 10:48:00.989232,v2.1.0
b374b0ac-f2bd-41eb-a8bc-5113e8461fe5,CUST00006113,548,High,2025-09-29 15:59:32.065249,v2.1.0
232c3c22-0fc1-450c-8495-3ed4c9021979,CUST00003692,589,Medium,2026-03-16 17:39:26.370681,v2.1.0
78b6b722-2777-4339-8ee3-75112462fb07,CUST00001094,340,High,2026-01-12 23:19:26.192516,v2.1.0
5adf282c-141a-4fd4-9457-3229a7c9e4d7,CUST00007039,321,High,2025-10-21 11:36:06.964852,v2.1.0
af6c1037-e83f-440e-bf49-77d88761cf8c,CUST00003437,300,High,2025-11-20 09:57:33.343405,v2.1.0
5446fc90-6399-4755-bf83-02721d1d6822,CUST00005245,501,High,2026-05-27 21:35:17.196148,v2.1.0
9411d78e-a459-4626-a154-b4c4b9f44d30,CUST00006383,300,High,2026-02-02 13:26:49.099349,v2.1.0
d0e37345-a81a-470c-8524-775786bcb92a,CUST00007245,300,High,2026-06-30 19:59:56.196631,v2.1.0
d00f3654-0b28-404b-9b9e-95afce19857b,CUST00004936,511,High,2025-07-29 10:53:31.254295,v2.1.0
da0585b5-59e3-43f8-a115-6008f2e2f04d,CUST00001060,510,High,2025-12-22 02:44:46.315133,v2.1.0
2ad3c1a9-0a49-4a26-a3ae-a3b1708aadea,CUST00000251,399,High,2026-06-17 02:02:38.482500,v2.1.0
9c1ecc1d-b8c4-4a24-9494-f0a9787d0574,CUST00006953,414,High,2025-12-05 00:42:51.742268,v2.1.0
6c701da6-f4e7-43d7-94b4-766ced257de8,CUST00008924,484,High,2025-11-09 19:15:26.561971,v2.1.0
5afa7991-8fe8-4b03-b5a3-fb1ba225081f,CUST00003598,530,High,2025-12-02 08:46:58.564179,v2.1.0
73a16366-b5b5-4e2e-86e1-ea87904c5833,CUST00003712,629,Medium,2026-01-01 19:08:35.579322,v2.1.0
5f5e140d-d111-4551-b676-302741ac21e3,CUST00008979,695,Low,2025-07-29 21:56:52.910961,v2.1.0
4be2b4cf-89d2-4866-a92d-d0168f67317f,CUST00004933,507,High,2026-02-06 05:30:44.373619,v2.1.0
813f6985-f406-4f46-ae9b-0dde94e2bfce,CUST00002653,633,Medium,2026-05-28 03:37:20.560467,v2.1.0
fdacccda-b542-4c8b-a947-5cece94bd2c4,CUST00000227,658,Medium,2025-11-05 14:19:22.542641,v2.1.0
f3761ca5-d8ef-429e-800c-55cb93f059bf,CUST00001370,606,Medium,2026-04-01 19:03:08.893892,v2.1.0
c7e84eff-27df-4c95-8763-a16f8577d95e,CUST00008555,394,High,2026-01-13 10:05:57.259398,v2.1.0
5b220a8c-cda7-4223-b1d1-d1417de6ad6e,CUST00000585,380,High,2025-09-05 00:47:54.954600,v2.1.0
bb7b8cce-6985-4c2b-b188-1bc086a1585b,CUST00002792,300,High,2026-04-05 07:45:52.744239,v2.1.0
3e0aa0d1-0c96-42c7-b2e3-8250d1fcda42,CUST00002487,541,High,2026-01-11 22:49:11.433755,v2.1.0
062c695a-c979-413d-bb1f-339836dadba5,CUST00009422,300,High,2025-08-26 20:43:23.672559,v2.1.0
18a72851-38b5-4c53-853e-529be75fa998,CUST00007554,583,Medium,2026-03-21 11:00:37.468991,v2.1.0
dcb2f82f-7942-4b5e-9d24-bb2420a7c4d1,CUST00003476,300,High,2026-03-15 23:59:50.780968,v2.1.0
8fce6599-ecf9-4e89-b40c-91cb2258efd1,CUST00007958,300,High,2026-03-25 05:43:56.652709,v2.1.0
0364be87-0499-43b6-b594-852ecf809449,CUST00005768,368,High,2026-02-11 21:45:52.272965,v2.1.0
46b3bf05-e46a-4348-8faf-7ec2fc7c63fa,CUST00000272,650,Medium,2026-01-07 17:37:44.529187,v2.1.0
eb0ca72b-0580-4fbd-b290-7c1cc14a8588,CUST00001532,300,High,2026-05-25 22:56:48.775766,v2.1.0
0b42999d-25cd-49b9-a48f-b2d4a1c0ef4e,CUST00004007,300,High,2026-01-18 23:23:11.318773,v2.1.0
abd48db2-0085-41a0-8569-889d485587c0,CUST00003575,483,High,2025-12-07 20:41:32.427227,v2.1.0
4f6aac0d-8527-47dc-ad58-f43fdfff426b,CUST00003706,556,High,2026-01-14 14:15:02.405221,v2.1.0
0a1f8a71-1b2c-4bd2-9d37-0f9a6a533a13,CUST00005471,300,High,2026-07-07 12:19:37.213821,v2.1.0
cedb621b-1e3a-4c44-b7a9-edf16ecaa96b,CUST00002255,494,High,2026-02-28 05:51:07.495381,v2.1.0
2dd3335d-23cb-4dfd-8acd-e288a13deb79,CUST00005057,597,Medium,2025-11-23 18:08:58.168803,v2.1.0
80d93a14-200a-4f11-ad87-ce30042257cc,CUST00007418,673,Low,2026-07-10 00:55:03.244066,v2.1.0
2c977353-a0a7-4c61-8d06-4dcc268cb4d5,CUST00006136,583,Medium,2025-11-11 23:10:55.590735,v2.1.0
2e2631d0-83d3-401c-ac18-d7dd2330178a,CUST00005001,657,Medium,2025-07-28 04:38:12.025088,v2.1.0
e897b5f2-2393-4315-ad6d-ca5f88c3f848,CUST00003578,465,High,2025-08-03 09:24:16.080816,v2.1.0
05309535-2edf-47c8-a288-4fec71cd9173,CUST00000829,566,High,2026-05-19 14:16:15.083898,v2.1.0
4112e6c5-2026-453e-b598-839becdc6f29,CUST00002726,352,High,2025-11-22 08:04:37.688921,v2.1.0
22c4b6f7-8412-4d57-bc6d-137449179b9d,CUST00005024,641,Medium,2026-04-14 22:36:06.077446,v2.1.0
470c4ad3-b083-4120-8ae3-9e0f37b3940d,CUST00007828,471,High,2025-07-27 17:42:16.233219,v2.1.0
f26cd6aa-2785-4d0a-b335-b7fd2ff4dd1f,CUST00008393,300,High,2026-06-08 11:12:17.279408,v2.1.0
780648cb-4f34-4435-b819-f8398e427a32,CUST00001437,369,High,2025-11-19 13:16:47.051220,v2.1.0
855264c6-ed34-4efe-b88e-b12a374249f5,CUST00000152,300,High,2025-08-22 11:15:14.803093,v2.1.0
881380eb-ec07-4182-9fc2-e4184bf97224,CUST00008137,387,High,2025-11-20 23:20:52.402435,v2.1.0
21ebeaf4-d4cc-415a-ae3c-53d43fe0950b,CUST00008205,436,High,2025-11-25 10:29:32.063090,v2.1.0
df64be72-cb77-4405-8d01-0d833ee3c313,CUST00005463,604,Medium,2025-11-23 05:02:56.317549,v2.1.0
382b574c-025e-4944-a8a4-1f5edf15a97b,CUST00002197,501,High,2026-03-16 10:10:41.296385,v2.1.0
c192d1a5-c8bf-4c54-9997-db3d102d8fed,CUST00002242,496,High,2025-10-16 08:25:52.449232,v2.1.0
283b3d20-bf02-4a52-a46b-ff50f4a65c67,CUST00009613,733,Low,2026-03-11 14:50:43.611080,v2.1.0
c0df7533-8705-444d-8144-5c2664f8385a,CUST00009754,787,Very Low,2026-02-19 07:53:50.380611,v2.1.0
b1079717-8df4-4754-9fef-134974bf6a64,CUST00000168,300,High,2026-06-15 10:09:30.920868,v2.1.0
3278d7db-5fb7-4832-8d29-6ef414c36482,CUST00006282,392,High,2025-08-10 20:03:58.657636,v2.1.0
bedb7c31-d92b-42b3-9227-ca2adeb517b8,CUST00005963,303,High,2025-11-06 06:41:46.884451,v2.1.0
9f4aa77e-0ada-4657-b855-6cd961093aef,CUST00007468,300,High,2025-11-18 05:10:37.845473,v2.1.0
2a584cb5-af10-430a-9d61-cc0fd95f1b00,CUST00009368,383,High,2025-07-25 02:41:51.070638,v2.1.0
5ccc6002-6646-443c-940e-7dcf93e8d064,CUST00004219,300,High,2025-11-14 00:34:07.956860,v2.1.0
ee79eccd-db44-481a-90bd-726b52c076f0,CUST00009488,625,Medium,2026-01-02 06:07:40.826849,v2.1.0
d93d8e17-907f-4ff0-95f6-3377365be4b6,CUST00005022,300,High,2026-05-29 05:59:17.513096,v2.1.0
1583b843-26d8-4ad8-b80d-11d6cd8d6c84,CUST00005529,300,High,2026-02-10 09:17:30.104759,v2.1.0
ad6c5ddf-973a-4e58-b8c9-02ccd1c91110,CUST00005950,309,High,2026-06-12 03:26:57.513153,v2.1.0
92fe95bb-9d95-4b10-bde4-18a4459da84f,CUST00006349,669,Medium,2025-10-23 07:01:26.774508,v2.1.0
b3edd48d-237e-4bec-880d-b5f68f45f891,CUST00005240,471,High,2026-03-29 02:30:42.903179,v2.1.0
1bf62309-d8a6-45c5-a839-c360b0f87fa8,CUST00006783,550,High,2026-02-17 16:04:46.015553,v2.1.0
21db16f8-e9ad-4c96-936f-1f74c2069d5d,CUST00003669,402,High,2026-07-12 22:53:03.968168,v2.1.0
ea2bcb0b-0205-4ca0-a585-0e2735b0462c,CUST00007675,300,High,2025-12-02 21:03:50.513144,v2.1.0
10d38392-7f42-407a-be35-a632899b402b,CUST00003038,361,High,2025-12-07 11:11:24.002851,v2.1.0
4c3b984a-ae86-4362-92b9-3c63d0ad0da5,CUST00009590,654,Medium,2026-02-12 00:38:35.863862,v2.1.0
eb380090-d4df-4134-94b2-a53bfeb382e7,CUST00006589,758,Very Low,2026-05-09 03:30:13.119768,v2.1.0
e48ad778-b32f-462b-8e28-fc6ff6a5a534,CUST00003119,561,High,2025-08-23 10:58:47.336906,v2.1.0
86927e84-e226-4886-afc7-b1c38bf3ffd3,CUST00008681,300,High,2026-03-21 11:46:13.917248,v2.1.0
df6ebbce-3180-4861-b186-8bb06f396a35,CUST00004338,579,High,2025-11-17 14:55:01.518245,v2.1.0
c89cad23-d6fb-43ff-a01e-2adf80a26360,CUST00001741,308,High,2026-01-17 13:03:18.536368,v2.1.0
40c321a3-e854-4ecc-bc6a-90fabb57bfc8,CUST00005432,504,High,2026-04-23 06:52:15.454375,v2.1.0
fec06073-a4ed-47b0-a1f3-ba5e2b40692d,CUST00003968,492,High,2025-11-18 22:13:40.990839,v2.1.0
40862172-6586-44c4-abf6-2322d30bc73f,CUST00005845,367,High,2026-02-27 11:20:25.891192,v2.1.0
f2e75573-84af-403e-adb7-9c1b80a9c4e2,CUST00008263,508,High,2025-11-27 14:48:29.753883,v2.1.0
a4ca7a56-1a9e-4a3c-b5e6-f5ec8137ca8f,CUST00007078,619,Medium,2025-12-24 03:42:02.059464,v2.1.0
a1bcd34b-cefd-457d-972a-f6aaf393c802,CUST00007900,566,High,2026-01-15 10:03:58.962720,v2.1.0
2d12de33-9258-4a05-a8fe-75e0029e6f0f,CUST00009408,354,High,2026-05-23 09:26:03.312974,v2.1.0
f23fad4b-5a12-40f2-b50c-f0c086234b9d,CUST00001703,578,High,2026-05-01 09:52:17.394136,v2.1.0
9c4656b3-932e-44af-8f42-697f9c65899f,CUST00003002,514,High,2026-05-20 20:28:50.221807,v2.1.0
d0c22cbc-ae11-4e00-bf61-d6c5cce1c851,CUST00005658,648,Medium,2026-01-29 14:53:57.818187,v2.1.0
cf48adcc-32d7-4d1c-81fd-d2df92b6bbfa,CUST00000683,436,High,2025-10-30 20:47:48.515378,v2.1.0
ae0b54fc-069a-47e6-aaaf-8bf91580238e,CUST00007080,300,High,2025-08-04 06:33:19.614360,v2.1.0
be1642a5-7a57-4e67-871e-279790d188d2,CUST00003667,747,Very Low,2026-07-16 18:35:59.315265,v2.1.0
be58c70b-e9d3-46f1-b3d6-163d6400e5f4,CUST00003800,442,High,2025-12-11 17:58:56.017793,v2.1.0
f60a0793-cbe3-4dd8-a526-2a87bc8a6f51,CUST00005261,300,High,2025-10-08 09:58:09.143366,v2.1.0
fec6c1b0-2d71-4372-bcd8-afd041c9614a,CUST00002298,376,High,2026-04-15 05:53:06.302244,v2.1.0
c17b8d03-2170-4110-a754-b59177574973,CUST00002922,527,High,2025-08-20 11:59:14.129799,v2.1.0
dbdff131-9ddd-4e9e-af5f-43fcf99eeddf,CUST00006924,300,High,2026-05-22 05:50:47.633124,v2.1.0
da429d33-0e84-43d8-8470-c7c212d1ba6a,CUST00004315,724,Low,2025-08-21 12:19:08.683897,v2.1.0
d2de9958-e2f6-4076-8289-e6f45755ca40,CUST00005864,618,Medium,2025-11-17 22:32:54.770906,v2.1.0
50bf21df-6c8d-4288-9c60-abb3339b3e83,CUST00002721,572,High,2025-08-11 11:34:39.578149,v2.1.0
893c91e1-6476-4156-bec4-2af67ff69f4a,CUST00009700,832,Very Low,2026-05-06 12:54:29.721610,v2.1.0
6a7c5668-5fd4-4ca1-b49f-1a9b589db794,CUST00005971,754,Very Low,2026-01-07 11:59:43.390825,v2.1.0
dfcd1007-8faa-4242-9a37-a01cc22c6aef,CUST00008148,392,High,2025-10-02 12:25:48.258540,v2.1.0
1d3f4f1b-c59e-4e81-aa16-0c3ede0518bb,CUST00005344,357,High,2026-05-04 12:23:57.202101,v2.1.0
2aa00202-6cdb-4489-ac4f-7f705601ee5a,CUST00009709,744,Very Low,2026-03-12 21:07:20.219643,v2.1.0
aa0539fe-4a9e-428f-a9e2-222433905cdf,CUST00002046,692,Low,2025-11-05 03:49:31.552460,v2.1.0
c098d79d-fd84-4f22-83bb-799f2fa6c8f4,CUST00002179,524,High,2026-05-07 14:41:19.359053,v2.1.0
bf129284-1197-49ba-8fca-cd9c43287469,CUST00008990,645,Medium,2025-12-23 00:41:46.872524,v2.1.0
25109428-3a50-493d-8c88-f2ecd263bfb0,CUST00006662,358,High,2026-01-31 02:57:28.209249,v2.1.0
c6d75308-baa6-4c14-9c18-4d0400c2e2b7,CUST00009280,304,High,2025-09-28 23:44:01.610021,v2.1.0
9ace5c09-53e5-4e07-a75b-d0b5dcfff039,CUST00001476,300,High,2025-12-11 20:22:50.052744,v2.1.0
5e2af0d6-b22b-4a14-ba94-121fea3f64a3,CUST00000871,300,High,2026-03-03 04:11:25.043664,v2.1.0
e68d9479-2ed2-4268-8e8a-b2afd536a15e,CUST00007973,300,High,2025-12-30 10:48:00.445943,v2.1.0
a5f3ff83-7103-4ffd-8617-cc4ad50220b3,CUST00008849,382,High,2026-04-22 18:03:29.427888,v2.1.0
d48959e3-11f5-4dfc-824d-eec88a8111f5,CUST00000883,396,High,2025-09-21 21:00:38.372811,v2.1.0
91dbf4db-dbb1-4b81-9e94-0f04692a4ec8,CUST00007176,627,Medium,2025-07-24 16:58:45.124780,v2.1.0
fc23a38f-ba4a-45e0-b983-ad5ae2783ff8,CUST00003354,577,High,2026-03-31 19:08:36.063770,v2.1.0
00dd0e66-c456-4401-8f96-af0c8525006e,CUST00008901,557,High,2026-05-29 00:12:50.616511,v2.1.0
d39de4bf-7877-4f11-9137-3afcdc73ad60,CUST00001300,769,Very Low,2026-02-13 14:22:36.581272,v2.1.0
18d7966a-9d2a-4d67-81ae-b71d07afe51b,CUST00007658,711,Low,2025-10-03 16:36:00.448427,v2.1.0
ed25c1ad-cbc1-4308-a500-aede5c07a9e6,CUST00004818,646,Medium,2026-07-04 07:35:39.524501,v2.1.0
a82c24c1-f14f-4e01-869f-96bfe986f248,CUST00004924,300,High,2026-04-14 23:55:27.259809,v2.1.0
4c695b56-e108-49e6-a37c-dc964a4cdde3,CUST00006953,512,High,2026-01-04 14:06:19.838611,v2.1.0
df00fdee-456f-47c5-bc95-42d1fb8fbeb7,CUST00000413,606,Medium,2026-06-25 04:51:08.031691,v2.1.0
dae68072-8305-4310-884f-e92d5fe251a2,CUST00005471,501,High,2026-01-28 11:35:48.417528,v2.1.0
2484ad89-2654-4eba-a715-11e2b83ae2ae,CUST00000130,850,Very Low,2026-02-27 07:47:07.246426,v2.1.0
1a1cad4e-be4e-40f7-8b0a-e53cd6285716,CUST00002515,672,Low,2026-04-24 19:49:15.446978,v2.1.0
0fdec040-0bb7-408a-93f6-80a4013a0728,CUST00002364,416,High,2025-12-23 07:49:54.065171,v2.1.0
3925e61b-2813-4fc8-8443-6623a2ae99f2,CUST00000323,677,Low,2026-02-09 16:20:52.128479,v2.1.0
0e84512d-5e69-469c-a36b-f5389759f6ae,CUST00002537,498,High,2026-03-03 19:55:16.623334,v2.1.0
891a47a9-441d-415a-8496-451d0e39c600,CUST00001087,541,High,2026-01-24 15:59:48.437821,v2.1.0
22d3c61b-3c73-4014-89b6-aef09b0d19b9,CUST00004806,411,High,2025-11-27 23:03:04.566141,v2.1.0
00136b83-010a-4b57-9a95-be1a3a12f2e1,CUST00001911,445,High,2025-09-09 20:59:33.583903,v2.1.0
4debd6fa-a03b-4dc7-ac27-00a33f93d600,CUST00000337,594,Medium,2025-09-10 20:54:50.817597,v2.1.0
71903cab-4289-49fc-ad09-469b20ac7d79,CUST00009532,322,High,2026-03-25 05:08:25.614409,v2.1.0
b1e21901-21ce-4fe8-825b-d785534ba74e,CUST00002268,648,Medium,2025-11-04 14:03:05.196603,v2.1.0
10b95df2-4afd-4ed1-b1bb-e55cab8dcfed,CUST00002525,571,High,2025-12-23 22:25:13.919950,v2.1.0
0aa96296-1e8e-4727-ad80-36cb97408186,CUST00009884,460,High,2025-11-11 07:08:39.281667,v2.1.0
6283281f-6450-4fb7-ae08-b45a8548b112,CUST00006286,352,High,2026-05-17 03:22:01.030606,v2.1.0
71eab1fd-a23d-4f23-a325-ba4a660602f5,CUST00004649,535,High,2025-08-10 10:39:47.540453,v2.1.0
fbc44706-3377-41a9-a1ff-1a563be891f5,CUST00004431,300,High,2025-09-30 06:14:52.376224,v2.1.0
86f590c9-cccb-458d-af08-21e5fd760538,CUST00008018,300,High,2025-12-15 13:14:34.065307,v2.1.0
14baa693-5287-4369-b5f9-831d0668b4c3,CUST00004648,452,High,2026-05-14 18:21:26.242228,v2.1.0
af747b26-4333-4896-9973-c7096bd55434,CUST00007883,530,High,2026-03-10 20:57:42.465171,v2.1.0
4d1b13a0-2704-4649-b285-74f520adda74,CUST00004343,755,Very Low,2025-10-19 13:51:23.755000,v2.1.0
2a52ddee-4b03-4b2d-b519-07cf74c247d7,CUST00007699,387,High,2026-02-22 12:09:53.008831,v2.1.0
23577e80-c73f-42a8-896a-1bfd2c141f46,CUST00002152,330,High,2025-12-13 03:37:49.296248,v2.1.0
392960f5-6cee-42f5-b470-9767c70203a7,CUST00000260,483,High,2025-08-28 09:20:03.023195,v2.1.0
57ad8eb1-35e0-45e0-bbef-a6209a0c3b80,CUST00007929,665,Medium,2025-09-26 00:11:47.908456,v2.1.0
1818bc90-63de-4bcc-b954-b11bfdc6c5c2,CUST00002760,605,Medium,2025-10-15 14:39:36.811173,v2.1.0
1a1b91d9-d96e-436f-a7fe-877137bd05c8,CUST00003239,365,High,2026-05-16 01:11:46.614590,v2.1.0
7d450d03-39fd-46bb-9244-892b314aa37a,CUST00001269,430,High,2026-01-03 10:37:10.143475,v2.1.0
0b15e56a-a486-4bf5-b93d-8b05115de591,CUST00009913,562,High,2026-02-07 09:11:55.063582,v2.1.0
78e6adf5-e66b-4a0f-8f00-a028710751dc,CUST00000650,599,Medium,2025-12-24 04:56:36.133708,v2.1.0
5308b282-a307-442d-9e40-067f1563c5c4,CUST00004992,408,High,2026-03-11 04:40:13.382412,v2.1.0
d1580cad-de22-4967-b542-2f5e51ed9df2,CUST00003713,407,High,2025-07-31 10:16:22.087657,v2.1.0
04ce815c-905d-456e-b3ba-03093baf4485,CUST00005703,437,High,2025-09-14 02:48:18.753006,v2.1.0
12643549-fc30-4a4d-a21b-0bb65a8dc0df,CUST00005391,693,Low,2025-09-05 17:49:30.335824,v2.1.0
a7cd97fd-587f-4516-8ef0-4ec8b6b93ff8,CUST00001639,621,Medium,2025-10-20 06:57:06.098816,v2.1.0
43c0a18c-8ea3-4dd8-afa7-61bb69db4e48,CUST00009780,447,High,2026-05-07 09:31:47.305502,v2.1.0
22d12916-fc7b-4641-9219-97f2be82aa2d,CUST00003797,409,High,2026-03-15 11:39:22.789718,v2.1.0
de497ffc-ac23-4300-86a3-297c0ca971b8,CUST00005585,549,High,2025-09-20 04:33:04.187235,v2.1.0
d23e629a-7539-498c-a404-fbf70db74b4e,CUST00003130,484,High,2026-05-25 06:54:05.683965,v2.1.0
d7629e65-faf5-43e1-a0cd-38c6c87961a9,CUST00002727,445,High,2026-07-04 22:13:53.464564,v2.1.0
8e316f1e-a224-484f-81e4-6bccf97929d2,CUST00000273,523,High,2026-01-11 08:40:51.644361,v2.1.0
8e3cbbab-c41c-4a07-81aa-d1d5f5198765,CUST00009653,430,High,2025-07-25 04:25:19.900515,v2.1.0
d98b6be4-0ba8-4ea6-ae69-981ea5161f8a,CUST00001196,516,High,2026-05-27 20:48:50.449837,v2.1.0
8c47eebe-39fa-40f9-a5f3-6e1d6a2200d0,CUST00000657,369,High,2025-08-17 13:36:47.370008,v2.1.0
0364acfb-897b-4360-823f-e549fb6baaad,CUST00006665,508,High,2026-02-22 15:23:09.179852,v2.1.0
d74ffbff-c873-481e-b6ed-efb0492b0068,CUST00003560,300,High,2026-05-30 15:19:35.920179,v2.1.0
75ca0a55-29f9-4826-a90d-742fb7709fba,CUST00001440,345,High,2026-06-11 20:07:48.893359,v2.1.0
47d0173a-85a5-4be0-8029-78e99456f4db,CUST00004623,687,Low,2025-12-13 13:37:52.764860,v2.1.0
462b4071-3368-40d5-9cea-05cbf764cbda,CUST00009807,481,High,2025-11-27 15:41:03.529966,v2.1.0
6a06d45e-004c-4eaa-aa23-d46149e61052,CUST00002294,673,Low,2026-03-15 00:47:08.985042,v2.1.0
253ed766-9c44-4354-81b3-dccb3204c56b,CUST00001589,459,High,2025-08-19 21:30:36.830019,v2.1.0
ec50c9ba-7a6e-44ca-9159-be5914e03184,CUST00007918,342,High,2026-06-27 09:26:23.721454,v2.1.0
50d58624-633e-48ae-b34d-036afeb71595,CUST00000238,544,High,2026-04-08 10:22:20.440543,v2.1.0
aece52bb-fdf4-40a7-965a-4a09c7ad346b,CUST00005179,424,High,2025-09-07 06:01:24.605790,v2.1.0
37827bcd-a4e6-4e6d-b62b-9fab4d29b8e5,CUST00005713,450,High,2025-08-27 19:04:45.057130,v2.1.0
b4f3dff4-42ed-4a1a-8b71-41d8ce2df8ee,CUST00007529,550,High,2026-04-12 04:11:09.303738,v2.1.0
3da4bb30-6c05-4b12-85f8-b880a3f933a5,CUST00009408,528,High,2026-06-23 15:47:42.618632,v2.1.0
42aad6d0-70ed-43e0-97c0-04a70bb727cf,CUST00003526,617,Medium,2026-01-24 13:15:41.888526,v2.1.0
d46b46c1-c5ff-4917-b305-5e38b0ad835a,CUST00002454,414,High,2026-05-16 16:33:37.953322,v2.1.0
a89a1384-0831-4a04-9489-47f022d25fa3,CUST00004694,508,High,2026-06-29 18:31:32.493149,v2.1.0
79069bda-b69a-4864-9bf1-69b2002070fd,CUST00008295,300,High,2026-06-23 03:41:59.934997,v2.1.0
fe62605b-60a6-449f-8dca-27e789bc1882,CUST00008385,650,Medium,2025-10-17 21:11:45.422991,v2.1.0
fc9154d9-dc7c-4932-9825-fe2be833335f,CUST00001479,300,High,2026-06-05 23:47:24.835350,v2.1.0
675a3a08-d31a-40ca-b6ea-920ca766e0e1,CUST00008047,439,High,2025-10-12 20:49:53.468548,v2.1.0
041290e1-fc5f-4619-a348-81e7d667014f,CUST00003151,735,Low,2025-08-31 13:45:22.752215,v2.1.0
fd896651-e872-4597-a0cd-c64342fa631a,CUST00007447,454,High,2026-05-08 13:08:01.444531,v2.1.0
5432b351-c02a-4229-8fbe-19d2244045fb,CUST00002328,518,High,2025-11-15 04:20:53.560889,v2.1.0
3e56c945-b99e-44b7-a9ec-570b4fce417e,CUST00009942,493,High,2026-02-16 07:58:13.280759,v2.1.0
e46bbd31-2409-41fa-8e2b-d989ec45878c,CUST00007813,427,High,2025-12-07 08:07:15.310091,v2.1.0
904cbec5-5d77-4adf-a4d1-1e597f2addd0,CUST00004058,420,High,2026-04-17 05:58:32.981710,v2.1.0
3b614d7b-0107-42fa-9275-42d14ae535d2,CUST00001665,300,High,2025-10-12 02:05:00.676860,v2.1.0
6d56430f-98dc-4ecb-9e5b-612a3598fb89,CUST00003857,554,High,2025-12-19 08:40:30.347709,v2.1.0
0e11ad90-82b7-4d46-8e62-c636675ba469,CUST00006369,447,High,2025-09-08 14:36:44.875597,v2.1.0
d8095fbd-f2b3-4321-9b77-bf4f8b4960fc,CUST00000466,563,High,2025-09-19 21:16:01.598060,v2.1.0
f2664e40-51b4-4074-b02a-a6bf49752ebb,CUST00002654,604,Medium,2026-07-07 04:01:24.070445,v2.1.0
df5d94ad-7278-4999-a7c8-75cedb740af5,CUST00006200,822,Very Low,2025-12-25 10:14:34.577986,v2.1.0
6025cdfa-a3f4-452b-b2ba-d58bee73a503,CUST00002655,383,High,2025-10-18 19:05:29.795619,v2.1.0
f28d9af7-8f3c-474c-91f1-867420e1dcbe,CUST00009861,608,Medium,2026-02-18 05:09:19.539288,v2.1.0
bafa6548-5852-438f-9a04-1e36c5e95599,CUST00009516,569,High,2026-01-13 00:16:21.259230,v2.1.0
e3664614-400a-4123-826d-e8b744b48b2d,CUST00008379,469,High,2025-12-01 18:28:51.276044,v2.1.0
8b5da1a9-a7fe-484a-9897-cccc7faf3ff3,CUST00004848,571,High,2026-06-29 10:04:44.079198,v2.1.0
c702a9d5-85c3-459c-bc53-57cd5aa0ce92,CUST00005438,666,Medium,2025-11-10 12:10:54.686397,v2.1.0
2ee138cb-dac9-4705-be65-60b063ab9a25,CUST00008575,817,Very Low,2025-12-19 16:40:20.127787,v2.1.0
f5854167-da19-46f5-9696-1bb5d71609e1,CUST00003774,722,Low,2026-03-24 06:37:41.945900,v2.1.0
4dd3765a-47bb-46cd-acb0-398ca4f0b528,CUST00007114,508,High,2026-07-04 18:05:52.868046,v2.1.0
6c16f845-145c-420a-8c4c-1df0545ab751,CUST00006263,367,High,2026-06-04 02:48:37.079181,v2.1.0
4d0ff98f-be64-4259-b335-dded6c876175,CUST00009175,635,Medium,2026-06-25 03:10:52.237673,v2.1.0
5337c68e-4606-4e9d-8a35-b65e2b42ac7a,CUST00005604,666,Medium,2025-11-27 11:51:37.441688,v2.1.0
246b32b6-2d04-4f4e-be95-c408b74952a6,CUST00004269,301,High,2026-04-05 07:18:33.040202,v2.1.0
cb88c4e4-df36-46b5-88ae-1b21fa1a78bb,CUST00001486,445,High,2026-05-13 21:47:55.020463,v2.1.0
84738276-e31e-40cd-a661-4ab7a23b31d4,CUST00008123,571,High,2025-07-25 14:38:18.295439,v2.1.0
cca0ffa6-2646-4f8c-aa8b-43ab5b572e93,CUST00008562,300,High,2026-07-06 00:41:20.176715,v2.1.0
f6e72c49-42f7-4bbe-ad8f-04b518ac2a32,CUST00002969,570,High,2026-02-24 04:20:00.590106,v2.1.0
acedecee-e12e-4e35-bd98-04d8d22fc0f2,CUST00000985,593,Medium,2026-05-21 06:03:25.255542,v2.1.0
3318a67d-a41c-44f3-b7bd-a35154c1b5f3,CUST00004446,506,High,2026-03-16 18:47:55.093647,v2.1.0
d17c61f6-e3c8-4520-917b-7b1009a77176,CUST00002560,406,High,2026-06-26 13:09:25.675244,v2.1.0
58a3a4af-f93c-4176-9741-7c33ac6dac2a,CUST00000599,536,High,2026-03-27 04:15:48.901177,v2.1.0
8b4a579a-9334-4b73-9a03-ed0dabff9d9a,CUST00007468,300,High,2026-05-02 00:21:43.897927,v2.1.0
abfdd1cf-c975-42b3-883f-9ffe236582ac,CUST00009708,384,High,2025-10-13 10:50:51.867938,v2.1.0
81289903-5044-4e97-a3a9-1ec241fac541,CUST00000361,428,High,2026-02-04 18:59:13.524638,v2.1.0
5fe9d139-4770-428e-aca4-a4159e072aa7,CUST00002361,485,High,2025-11-07 20:52:49.460983,v2.1.0
5a33985c-409c-4a21-b365-0c5d3c7a2887,CUST00005278,317,High,2026-07-02 23:44:39.297802,v2.1.0
de838029-3918-4099-bde1-9117fa3f7909,CUST00000978,300,High,2025-11-27 10:36:27.547096,v2.1.0
7a4c777c-0ae2-4076-a11e-252710efc51a,CUST00001966,478,High,2026-05-10 13:53:53.248207,v2.1.0
154cbcbd-de6a-47ec-8d57-801db5725ae7,CUST00000225,300,High,2025-08-31 11:48:03.558119,v2.1.0
30b4a844-e84a-42f9-a9fb-05ef58d345d7,CUST00002156,674,Low,2026-05-30 13:24:29.898394,v2.1.0
0a8ee056-09ab-4b57-9bea-8a4d3e7f21dd,CUST00005997,468,High,2026-05-27 03:50:09.351310,v2.1.0
e8219e7a-91fe-41e5-b658-59dfd6897b52,CUST00007310,486,High,2025-12-06 19:09:02.259472,v2.1.0
4dfbc0f7-a428-468e-a633-4f242b33b293,CUST00004844,617,Medium,2026-06-15 04:53:59.444280,v2.1.0
1902e10a-7f1b-42ea-9ca5-e5df0573764e,CUST00007112,572,High,2025-12-08 10:38:11.261124,v2.1.0
28f9b761-976e-404c-ba27-5155c1c512d9,CUST00001673,518,High,2026-07-10 02:45:27.316216,v2.1.0
4e6c31d7-ce31-47e8-94bd-6290680d8d44,CUST00000115,475,High,2025-10-19 05:51:14.194819,v2.1.0
805e1bbc-c4cb-4ef3-9f70-6c09fa5ec7c5,CUST00008334,449,High,2025-08-19 21:01:10.765418,v2.1.0
2f27372c-b81a-4420-98dd-0214e72e31c8,CUST00000664,655,Medium,2026-05-14 09:33:55.506290,v2.1.0
77f9d22c-482b-444c-80d7-188c1b318c98,CUST00000897,798,Very Low,2025-10-11 21:53:48.415341,v2.1.0
a114e8bc-dab3-4a06-8ec5-34c29ca91355,CUST00009102,413,High,2025-10-02 18:06:15.962801,v2.1.0
14357e19-10a6-40c4-8396-e5f30ef6b13d,CUST00005378,446,High,2026-06-08 01:35:45.962985,v2.1.0
ab44381f-4e65-4ab2-b5ce-446b6882ecc8,CUST00003585,746,Very Low,2026-06-17 10:23:09.219633,v2.1.0
ec9182a0-7873-4972-abe5-c8d6ff9a98fb,CUST00009373,416,High,2026-03-05 12:11:35.560611,v2.1.0
6b9e8ae8-aedf-4c60-8f40-7cea313de7c3,CUST00003099,427,High,2026-06-04 03:06:20.750565,v2.1.0
c1456a49-b700-4ad6-88bd-1a5307da6f21,CUST00006003,300,High,2026-04-23 22:58:25.180924,v2.1.0
5722737a-0bee-4412-b602-7e79c67a10ec,CUST00009778,509,High,2025-12-13 07:20:13.904851,v2.1.0
9243ccae-d7d6-4628-9a74-d85d2b41b7af,CUST00000153,492,High,2025-07-30 06:54:20.269465,v2.1.0
a116a626-bd91-400e-97ab-2fbb6880b37e,CUST00009438,539,High,2026-05-30 08:57:08.131747,v2.1.0
7c83f511-6080-4575-8c4c-340c29821904,CUST00008283,300,High,2026-05-14 13:51:40.031757,v2.1.0
831dd0fe-bf53-44c4-9b94-fd6fd374865b,CUST00002559,571,High,2026-06-26 10:03:50.684000,v2.1.0
d8a69cb9-2d0d-4a3c-aa58-7d4b54a0a07f,CUST00003461,480,High,2026-01-05 23:22:48.261776,v2.1.0
48027f50-11b0-40d1-8681-8a27448bb48b,CUST00001785,527,High,2025-12-15 17:49:36.307420,v2.1.0
4adb9064-7310-4248-8d2d-8d9014d37cc0,CUST00006905,579,High,2026-05-21 03:20:38.441068,v2.1.0
e3c668a9-7f50-4f66-b524-92ad482c9767,CUST00003812,418,High,2026-04-05 22:20:26.177164,v2.1.0
4b880c4c-1620-418a-ad83-202612dfe506,CUST00007541,731,Low,2026-06-03 03:23:07.583025,v2.1.0
5cda6b5c-b161-4101-9daf-82fd0b9bffa4,CUST00000861,766,Very Low,2026-05-13 11:56:43.490177,v2.1.0
e28750ad-2f8b-44de-800a-222847178738,CUST00005999,627,Medium,2026-05-15 00:24:25.478208,v2.1.0
7a5c67b2-9b6c-42de-b771-bec32b549841,CUST00008937,464,High,2026-03-30 00:38:02.993109,v2.1.0
4b9e4a60-4bb6-4520-9e1d-fde0b8be4e0e,CUST00004671,548,High,2026-01-18 20:18:49.583471,v2.1.0
597948ce-2218-43be-8c2a-58ceb58b47d3,CUST00001735,527,High,2025-11-23 10:11:42.839072,v2.1.0
a277a0a9-69d3-420c-9201-64ba13a682e2,CUST00002557,631,Medium,2026-02-22 19:54:38.823417,v2.1.0
9e3653b3-0890-4dbc-b8ea-1b85efc5ab9d,CUST00006410,455,High,2026-05-11 00:13:19.178355,v2.1.0
5897478e-d70d-4148-84a5-596d91e2400b,CUST00008658,441,High,2026-04-13 09:09:27.898324,v2.1.0
6eeaefc0-3fa1-416f-b2a0-861edb86bef6,CUST00000834,577,High,2025-12-30 11:05:26.482610,v2.1.0
bded8790-ccdd-4c14-a2f6-bdc4c03cfbd3,CUST00009164,489,High,2025-07-27 21:39:29.920285,v2.1.0
d2ed5d55-39d9-412f-a9cd-c732f932c553,CUST00003584,717,Low,2025-08-05 22:35:33.800227,v2.1.0
be40516d-d662-46ee-83d6-2d6c30a912f1,CUST00007046,300,High,2026-03-09 05:57:10.502254,v2.1.0
3911a14c-4c7d-4b24-9ddf-6c2c66f7c392,CUST00008763,787,Very Low,2026-03-05 01:42:22.308025,v2.1.0
c351b0e1-4a4a-41b5-9e6c-d02612e38f54,CUST00007437,521,High,2026-05-02 19:47:32.783155,v2.1.0
6a0be32f-be80-431f-92b2-60ac1e419f71,CUST00009886,438,High,2025-09-05 14:51:31.360751,v2.1.0
9de28518-e72e-4b01-983e-2022b168fc8e,CUST00001335,454,High,2025-12-11 06:00:45.224969,v2.1.0
cd09e348-b2ad-406f-89bd-49ef3ddf1f7e,CUST00001750,499,High,2026-03-04 09:24:04.624514,v2.1.0
6aa180b0-1def-434e-9cf4-99ad01420f1a,CUST00003656,396,High,2025-11-09 11:55:01.103685,v2.1.0
06907bc3-4daf-4777-b7b6-5c743ee0afe9,CUST00007976,505,High,2025-08-16 22:44:00.137507,v2.1.0
71a3ba5b-c176-4888-b08b-d624d07c897c,CUST00004548,317,High,2025-09-13 13:20:26.056413,v2.1.0
153628a5-c939-48e0-8dd0-c61a892130e5,CUST00000412,300,High,2026-01-22 12:14:47.103302,v2.1.0
5dd8436b-8d8b-462e-b785-cc8bfffb0522,CUST00002303,406,High,2026-07-07 01:45:14.375432,v2.1.0
199af592-7e39-4b85-a656-5ba5e802313c,CUST00004196,468,High,2026-05-17 06:56:04.651017,v2.1.0
b4e5b562-9d23-4eb0-917a-f279fdf8f68b,CUST00004122,554,High,2026-04-22 15:36:28.952809,v2.1.0
2893877e-9a6f-472d-ae31-9d8740dbd649,CUST00000280,515,High,2026-05-23 06:09:31.685729,v2.1.0
1148a932-c75c-4978-a8c0-d644ce7320ed,CUST00003799,433,High,2026-03-25 09:03:23.321665,v2.1.0
11d87357-f5ca-4bf0-b362-609e18cf6e65,CUST00007672,300,High,2026-05-03 10:01:08.642884,v2.1.0
3c33ae04-9caa-4f82-9870-7b9a208c76db,CUST00000488,422,High,2025-11-11 13:40:58.999990,v2.1.0
cda92a7f-81bc-4f90-a875-71690e800d7b,CUST00000320,458,High,2026-01-08 15:08:38.162528,v2.1.0
a79453e7-bf4c-4780-8c66-7403bfc27f0f,CUST00002067,742,Very Low,2026-04-12 10:14:57.152295,v2.1.0
306df801-efb5-40f9-87a9-d8b069637162,CUST00005987,548,High,2025-10-21 02:57:51.140638,v2.1.0
0cbaa9bc-6bdf-4a8c-a18c-365a22f09b97,CUST00001619,699,Low,2026-03-26 00:04:35.578555,v2.1.0
dd4b3e92-2a04-456b-9d3d-afd7e9696cc8,CUST00009445,518,High,2026-05-15 21:09:43.738087,v2.1.0
02ca8be0-fb93-4574-b498-c1f5a850501d,CUST00002586,451,High,2026-05-05 22:23:00.098620,v2.1.0
514787d5-0b81-4ca6-b725-2be8cb026c3f,CUST00003204,597,Medium,2025-09-28 11:20:43.553055,v2.1.0
c1a2f117-e02e-4edb-8dbf-320ca4e7c7ac,CUST00008157,447,High,2025-12-16 07:16:59.242557,v2.1.0
0eb05fd9-5f78-4d66-8f1b-b71351004094,CUST00005277,555,High,2025-09-22 08:18:16.163602,v2.1.0
19a778ad-fbdb-4080-88e2-f86a6edf3343,CUST00006894,754,Very Low,2026-06-03 00:07:53.271060,v2.1.0
e80c6e82-4e9a-4e47-b1db-1e60d4f313ff,CUST00007359,412,High,2026-06-27 23:25:17.119470,v2.1.0
9c881c61-14ad-4be3-90ec-0f94ea8a94d1,CUST00007061,308,High,2026-06-05 21:49:54.054367,v2.1.0
bf5cfffb-780a-478a-83ec-7f402a86479e,CUST00004136,306,High,2025-10-07 21:42:26.206582,v2.1.0
4c387863-8a72-4daf-ae8c-5735b48c8fc8,CUST00000551,613,Medium,2026-06-29 04:48:17.265060,v2.1.0
f10b9302-bba4-4762-b049-3d8ca94a04b5,CUST00006198,696,Low,2026-06-20 01:41:17.786724,v2.1.0
89c5408b-f565-42be-8d0d-54bb33c6aac3,CUST00004621,565,High,2026-03-11 06:17:19.958205,v2.1.0
49d1f334-25e4-4e0e-ace0-c273efe07c99,CUST00002372,467,High,2026-03-03 18:46:19.091573,v2.1.0
64a82014-7d38-4878-b9f7-91f617dd1300,CUST00007025,350,High,2026-06-14 03:05:26.331594,v2.1.0
cc47b292-0d28-4917-a09a-b848971e00ee,CUST00000825,546,High,2026-07-08 16:52:31.612032,v2.1.0
98b2f15e-92d2-48d8-9a16-6cf95ab61a08,CUST00000332,746,Very Low,2025-09-28 07:51:39.215433,v2.1.0
9fe4f08f-b050-4340-b8fd-a2495839d592,CUST00004306,443,High,2026-03-31 00:59:38.110250,v2.1.0
4435c87f-ed54-4e4d-8c2e-fbf0cf04945f,CUST00003707,300,High,2025-09-17 13:10:52.163439,v2.1.0
55775057-a49e-4597-88c9-36c63cf3af5e,CUST00002349,486,High,2025-12-11 09:16:57.816714,v2.1.0
ca0b4adc-cfe1-4e4d-934d-5d1cd3c09f7e,CUST00009922,608,Medium,2025-12-21 13:34:15.357222,v2.1.0
68577cb3-546e-481f-bff1-bc77849071de,CUST00002193,488,High,2025-10-20 22:23:15.380896,v2.1.0
b18e12f6-e850-4946-bf7e-4668ee12ebbd,CUST00007704,522,High,2025-08-19 10:35:47.901946,v2.1.0
7642defa-d00b-4643-b0ec-18fa9512e56e,CUST00005099,474,High,2025-11-29 07:00:24.172345,v2.1.0
1a77ba0d-fc74-491c-864f-601fa3251b09,CUST00005727,757,Very Low,2026-06-28 21:12:58.323949,v2.1.0
c1c019fa-b4a9-4d9e-9c84-a5a50781a3b0,CUST00004101,500,High,2025-08-29 18:34:24.341507,v2.1.0
510df8ef-6b99-42f2-b894-b61fd90b57b9,CUST00003173,434,High,2026-04-06 08:50:12.399994,v2.1.0
e5211a12-ecbd-4bf2-8f60-5ee368595432,CUST00006170,300,High,2025-12-23 20:24:14.328436,v2.1.0
83ec302b-5911-43e2-bb84-c93d64b98062,CUST00006874,850,Very Low,2026-06-18 22:18:36.539039,v2.1.0
1e8361b3-fe9d-446d-a5af-14ac47d32afb,CUST00003516,319,High,2025-12-30 15:00:04.319568,v2.1.0
7621e17e-0b6b-43e2-a43b-7dc6c629a9cc,CUST00007202,475,High,2026-03-20 22:36:39.285602,v2.1.0
943b4c5d-3c84-42f4-8d6e-b41dd781c82d,CUST00006709,740,Very Low,2025-08-30 04:45:27.910547,v2.1.0
2f3c6f47-9148-4d49-b001-cb6fee772213,CUST00002384,695,Low,2026-04-04 12:50:06.677649,v2.1.0
a44c4ba6-7b14-4e23-9c09-4f4e8387a46d,CUST00001192,461,High,2025-09-25 12:10:16.919732,v2.1.0
9e7e1810-d8a3-4fb6-8a5c-8ab10e8ada9f,CUST00002017,472,High,2026-05-28 17:26:14.656994,v2.1.0
e3e0d49f-5a5e-4529-8bc4-eeb96758ac0b,CUST00003775,556,High,2026-04-29 13:48:00.688647,v2.1.0
a3e2fa11-179f-4c06-87eb-49ef0fb479a0,CUST00003392,300,High,2025-10-31 02:06:44.955294,v2.1.0
565cd031-1693-4993-b3d4-691ff139ecba,CUST00008699,371,High,2026-01-14 09:39:59.093470,v2.1.0
b0cddf7e-28ee-4557-874d-2e4e8bfd68fc,CUST00000751,328,High,2025-09-03 11:12:10.924530,v2.1.0
bb7ba310-0bf3-4180-94a5-94ed0f81c307,CUST00000780,597,Medium,2026-05-26 16:21:28.598465,v2.1.0
072f3d68-7ed4-416a-b36c-0cf205583f59,CUST00005388,447,High,2026-02-22 02:05:19.071637,v2.1.0
c753198e-d455-4dd2-a845-d644dfb50c7a,CUST00000426,326,High,2026-07-16 09:39:23.764040,v2.1.0
c3b389d5-24a2-4296-b47c-8169523cd430,CUST00006963,457,High,2025-10-29 06:19:47.648144,v2.1.0
b03e5916-498f-4fca-91c0-d10149f303b7,CUST00005203,602,Medium,2026-03-22 05:58:48.487624,v2.1.0
2491735f-5ec6-4467-8aed-49206c771863,CUST00009293,803,Very Low,2025-12-17 16:53:45.647452,v2.1.0
8c9ac458-b554-4f5f-8f2f-b2e71bb3d260,CUST00002834,300,High,2025-12-14 02:55:52.233814,v2.1.0
7fa9129e-74e0-4086-805f-1412d7b1e25c,CUST00002395,553,High,2025-09-09 05:12:25.055294,v2.1.0
3db60928-e98f-45f8-a648-8a3df643e846,CUST00004990,660,Medium,2025-10-31 21:40:07.675586,v2.1.0
33a70e14-571d-44c2-af8f-259346b0efb2,CUST00003511,520,High,2025-10-21 12:46:41.567048,v2.1.0
93820222-4f89-415a-8195-80814286a058,CUST00003865,361,High,2026-02-28 12:20:37.267903,v2.1.0
5c4f47aa-3edf-4cfa-be81-166bdba3c8d9,CUST00001103,642,Medium,2026-06-14 07:19:42.576387,v2.1.0
3507939d-22ae-4c08-a9db-5257f2a083ef,CUST00001733,721,Low,2025-11-29 22:03:45.562016,v2.1.0
bfead840-7f53-4d58-956b-dcf7c2e4811c,CUST00001624,539,High,2026-03-24 20:01:40.790890,v2.1.0
f3b52a44-f703-4069-b3d1-19f8dcd0e210,CUST00008514,680,Low,2026-01-01 06:03:48.908710,v2.1.0
5f54f80c-e79f-4cd7-87f8-05f13c21595f,CUST00003549,574,High,2025-07-21 16:22:18.160534,v2.1.0
1f044793-7b6a-43bd-8873-e6efabcf4127,CUST00007152,500,High,2025-09-04 13:32:57.999987,v2.1.0
deb10dbb-0592-47f2-a3d8-f97109eeb722,CUST00000485,608,Medium,2025-11-12 23:24:13.043027,v2.1.0
4ada0cc0-0232-4ada-a6fe-920460316c09,CUST00004619,485,High,2026-03-28 00:47:06.459781,v2.1.0
f51544bb-e0c0-4351-a2f8-bf8b3ea31adc,CUST00002324,378,High,2026-03-25 18:41:26.412558,v2.1.0
b5ba0edb-67ed-4b1d-bfb6-08a94077f181,CUST00006566,345,High,2026-04-04 10:50:19.223781,v2.1.0
0badbf59-67c8-4397-8c02-ac2181c7504b,CUST00002781,622,Medium,2026-04-02 16:02:14.548602,v2.1.0
7e42313a-3b3b-485b-80d5-5a3088f87bf9,CUST00004730,535,High,2026-04-12 18:25:07.922374,v2.1.0
59a3ec83-49f7-4163-873c-6e68c9228a72,CUST00006236,456,High,2025-10-19 11:55:08.424168,v2.1.0
aedcdac0-a829-4af2-bd70-a449cd0b8d90,CUST00004156,397,High,2025-08-21 17:06:12.568874,v2.1.0
8a1ba552-5dfe-4114-bfbe-1e4a75b212f0,CUST00008770,592,Medium,2025-08-08 08:54:56.251070,v2.1.0
5ca74164-3ac8-4e4e-8f30-1a75e18ecab9,CUST00000626,300,High,2025-11-16 11:42:00.316928,v2.1.0
2e12947e-6c9e-4eb9-a211-0f177f754977,CUST00006402,444,High,2025-10-11 16:28:14.313097,v2.1.0
ef9fca0d-a965-444d-ab48-b9b5be5c32e5,CUST00006261,692,Low,2026-06-14 15:12:10.067790,v2.1.0
f512386d-cfb1-4133-b866-b78eaba5f71a,CUST00003903,300,High,2026-07-16 23:05:08.265789,v2.1.0
959f7672-f77b-4a37-b7d2-994a5c423b43,CUST00001487,528,High,2026-06-25 23:46:39.485099,v2.1.0
50b31c17-9c0e-4894-a734-665017fb4055,CUST00008797,524,High,2026-07-06 04:14:10.713428,v2.1.0
fb924107-3634-45d4-aa02-dc8946f33bc5,CUST00001732,559,High,2026-02-21 09:51:56.372156,v2.1.0
c78122dc-22dc-4fca-91c5-0d314eddc57e,CUST00000673,300,High,2026-04-17 04:48:55.220911,v2.1.0
9c3a0602-146c-4328-b9d6-dd3acbb2d53a,CUST00002123,648,Medium,2025-08-03 12:51:11.117460,v2.1.0
fe7185a5-d886-47a6-8a2c-88b89f1d6adb,CUST00001079,300,High,2025-10-18 13:24:08.285940,v2.1.0
dbe6fd76-7d59-4768-b86d-a29774d149fe,CUST00000887,516,High,2026-03-01 05:40:45.033092,v2.1.0
a57218f9-7ad2-44dd-8d9a-f5eb6c4cf7bb,CUST00002644,498,High,2025-11-05 09:36:49.760045,v2.1.0
04c3a9bf-9b59-41a4-86ee-4539a43d2dca,CUST00009662,706,Low,2025-12-09 01:43:28.170570,v2.1.0
e4bc7c6c-bf72-4bfe-850d-83012cedbea3,CUST00006348,490,High,2025-11-30 09:08:16.663291,v2.1.0
d9c3c6aa-11b2-4e65-8e83-4c3b7746f5d1,CUST00000258,350,High,2026-07-06 11:40:09.757337,v2.1.0
e363848a-d318-42c8-bf39-e9d3a2403cc3,CUST00005680,568,High,2026-02-07 06:52:44.460150,v2.1.0
853e90a4-636d-4eb5-a860-cf00030296ff,CUST00002091,314,High,2026-02-14 22:18:57.166901,v2.1.0
f9c9893d-4d42-438e-bf4b-063ba6f9bcbd,CUST00001105,300,High,2025-10-20 23:33:39.950119,v2.1.0
35119caf-1c83-4449-be58-a5a755172cc9,CUST00001601,382,High,2026-01-17 21:37:47.311977,v2.1.0
d84346f6-7186-42a3-8d44-f78e3a92d7b1,CUST00004566,300,High,2026-06-22 16:55:46.675754,v2.1.0
0765de96-a5b2-416a-9986-13a0941022e6,CUST00006292,480,High,2026-06-03 13:20:21.037196,v2.1.0
d568870d-30e8-45c6-9951-6f14566b0ffc,CUST00008987,514,High,2025-09-04 02:16:54.897653,v2.1.0
5c687d75-0f60-4dd1-8412-1e2c9258747e,CUST00003453,470,High,2025-11-10 19:26:06.003237,v2.1.0
e476583d-475a-47b4-9d3a-30875144b938,CUST00000723,616,Medium,2026-01-27 15:28:28.852885,v2.1.0
a5f617b1-a889-4b03-ab92-62914f8c6fe4,CUST00002475,300,High,2025-09-07 16:51:15.544430,v2.1.0
4c8dcd25-230b-46d2-8af3-7f5d60a7bbce,CUST00008140,566,High,2025-08-29 14:06:58.920085,v2.1.0
a8244c81-88da-4999-aee5-8cfb097c98a8,CUST00007554,413,High,2025-08-03 01:01:18.671273,v2.1.0
1c561bba-9024-48e7-9e49-73a2c6714d0f,CUST00004897,414,High,2025-09-02 14:47:52.001258,v2.1.0
666145b0-71ac-4bca-92f1-e9ce269e61fc,CUST00009333,300,High,2026-06-01 06:50:26.724744,v2.1.0
8adcac50-14ed-446d-a91c-7d6d1bd29449,CUST00002317,380,High,2026-05-18 19:35:55.633120,v2.1.0
d169d6a6-f5b5-4448-adfe-2ab89ea0fe09,CUST00008159,300,High,2026-04-17 01:08:49.589749,v2.1.0
601185f1-f022-4f5f-9ba6-157f1ae58faa,CUST00005020,671,Low,2026-06-21 05:04:42.822722,v2.1.0
0004a34d-e935-4119-ba52-66aa4e353f6e,CUST00000821,624,Medium,2025-10-29 05:57:50.569685,v2.1.0
59ac7952-87bd-4f68-8400-0f61eb1ae692,CUST00001321,385,High,2026-06-03 04:55:15.006223,v2.1.0
efcd7d4d-14ee-42c0-82bb-636d109f21ab,CUST00001510,679,Low,2026-02-26 18:43:04.760474,v2.1.0
1995b863-68d8-476e-807d-f285bbf97af4,CUST00007031,480,High,2026-04-22 01:35:36.537071,v2.1.0
e88ba714-0550-4e55-903f-9d0a7241b6ef,CUST00000680,300,High,2025-10-22 05:56:44.696522,v2.1.0
51d94ac4-4a5a-484f-a97c-e53636695ed5,CUST00000012,313,High,2025-11-09 05:40:48.902984,v2.1.0
7237a582-796f-4cc2-b711-dd2f36a31660,CUST00006969,644,Medium,2026-06-08 22:51:13.637436,v2.1.0
74bbaed8-6041-40ed-b5fa-fc3aae2c68d2,CUST00008302,507,High,2025-11-10 03:52:49.606177,v2.1.0
105ee8e8-9148-4088-9fa2-63596c7f497b,CUST00009091,358,High,2026-07-16 04:01:32.218960,v2.1.0
d843218c-f44f-471e-90a4-3b4b1a1c7492,CUST00002498,455,High,2026-04-22 20:06:08.418359,v2.1.0
0976eca4-6b6e-4b0c-83af-cdc0ac7bcd54,CUST00003436,715,Low,2025-09-11 03:51:26.660580,v2.1.0
d5587838-e267-4dbe-b5c4-28bf0fcf76d4,CUST00007955,300,High,2026-05-25 11:23:43.047734,v2.1.0
1576a767-cc82-4ef4-88bb-bc890911ee85,CUST00004025,750,Very Low,2026-03-15 00:41:17.898287,v2.1.0
3c01fe00-d73a-4687-afec-9ddf0569f733,CUST00003786,545,High,2026-05-05 10:54:48.592793,v2.1.0
1f3568de-abfd-4df7-bfc9-c7eaf4e26195,CUST00009443,406,High,2025-08-06 08:26:23.544610,v2.1.0
1cce25ef-44a4-474b-8c87-336e6ad38a83,CUST00002356,640,Medium,2025-09-10 04:40:52.571899,v2.1.0
ef0398b8-4a2f-4d0d-af74-b669fb668366,CUST00004311,421,High,2025-10-09 20:48:33.553344,v2.1.0
c8237215-4bf4-4338-80ba-ae1b034bac35,CUST00006236,300,High,2025-07-31 00:16:00.497843,v2.1.0
dee560fd-375b-4305-8d36-9e41bf4bad9c,CUST00004141,575,High,2025-10-20 22:58:03.919730,v2.1.0
817d858e-ae8f-4d34-897d-8c7b42423e4d,CUST00006948,300,High,2026-04-01 18:12:28.680069,v2.1.0
0347b166-2251-4cec-b92f-08740dd44932,CUST00002772,300,High,2025-12-24 07:32:47.080373,v2.1.0
73d90e42-53e8-4b81-b99b-c0af7181dde4,CUST00005345,361,High,2026-07-16 09:36:23.681894,v2.1.0
bc4d0d52-6ac9-4d71-8618-8b3148bc3a3f,CUST00006615,344,High,2026-06-21 13:34:30.724859,v2.1.0
419bd8b3-3c87-4f4d-97fc-b069de0a816f,CUST00006767,749,Very Low,2025-08-01 19:28:38.177396,v2.1.0
bdec4d84-af24-451b-b4ae-5497396e9bdc,CUST00007393,630,Medium,2025-11-25 03:04:36.187061,v2.1.0
5bb44140-62c8-458a-8ae7-1f51a821b437,CUST00002376,509,High,2026-04-02 21:05:10.458824,v2.1.0
656ea915-e399-49db-948b-911d39bc80f0,CUST00006541,666,Medium,2026-01-11 03:02:57.985198,v2.1.0
727575f2-ae7d-4d63-8107-34a26ff6a1e8,CUST00008699,362,High,2026-01-13 23:19:34.523720,v2.1.0
1a7a7f19-b765-4ad1-9f14-7214d1d71b58,CUST00000805,693,Low,2026-05-22 20:19:22.539602,v2.1.0
b805cdce-60cc-41be-927b-04d4a358fd9d,CUST00005113,311,High,2026-05-30 12:45:46.226149,v2.1.0
dd400353-a3b7-4035-80cf-6e7d4f89ac90,CUST00008609,510,High,2025-09-01 01:49:49.018689,v2.1.0
88a66b90-0d14-4b00-91f2-46bda48070fb,CUST00007538,300,High,2025-08-21 02:11:17.397955,v2.1.0
06f361d9-a21f-485d-ad6b-d2048d9f1ddc,CUST00006245,509,High,2026-05-31 00:06:14.622630,v2.1.0
b0bb568a-2ff2-4610-8c36-9c8218fb6a01,CUST00009996,672,Low,2025-09-21 21:29:06.009553,v2.1.0
dee95a4f-3fd3-4cc1-b6ce-b986007380c7,CUST00004082,345,High,2025-09-17 09:08:25.935947,v2.1.0
ff97a1c2-fe87-4959-8a48-60557ce58971,CUST00004436,576,High,2026-01-19 17:22:48.309590,v2.1.0
34952961-d8cc-4e5e-a2b0-5516813640f2,CUST00004810,464,High,2025-10-25 13:07:56.045032,v2.1.0
75a5d8e4-8b18-451a-9609-82abb4a5cf24,CUST00003264,434,High,2026-06-08 07:16:28.242277,v2.1.0
6b40142b-8126-4a0f-a5a3-412f4a553b0f,CUST00004452,300,High,2026-02-16 19:48:52.150205,v2.1.0
9de986e0-c08d-4e37-b5ab-c7eb45571bb3,CUST00005105,681,Low,2026-02-16 01:08:35.960725,v2.1.0
8343c7c8-894c-462c-8f56-c3efbae887c7,CUST00001235,630,Medium,2026-07-07 18:57:32.921151,v2.1.0
bcf8b33a-62d6-4a49-9ed7-8c5dcb70aceb,CUST00008857,312,High,2026-01-26 00:49:54.318009,v2.1.0
a4c552cb-003a-4fbf-aede-ec959dfafcb9,CUST00006036,812,Very Low,2026-02-11 09:17:45.267990,v2.1.0
2e334d29-88f6-4c66-9f17-6cdde4bc51c6,CUST00009086,300,High,2025-12-17 00:08:09.176680,v2.1.0
2fb100de-1e06-4eeb-b811-9bde263a5d62,CUST00003518,300,High,2025-08-14 23:25:41.414856,v2.1.0
eab1d1c6-5ff2-4334-8c3c-abf889573d99,CUST00006608,325,High,2026-04-24 12:13:55.576454,v2.1.0
ec7a8e56-44b3-4ba2-932f-effe6a5a10e0,CUST00001044,300,High,2026-03-22 03:31:28.338605,v2.1.0
1e69e357-16dd-43c1-a3a8-95dcb86c2815,CUST00006860,360,High,2026-06-07 00:21:33.181303,v2.1.0
f5848d3d-2b44-497c-a45c-5663b4d86031,CUST00007738,709,Low,2025-07-27 09:29:06.300694,v2.1.0
8f0bebae-0194-476c-aebb-d8757c4bde25,CUST00001306,623,Medium,2026-03-23 18:07:38.799318,v2.1.0
948af4b0-e243-448f-86f9-800c902a2c1b,CUST00002844,619,Medium,2026-03-23 12:13:43.154822,v2.1.0
b44daa20-7174-4326-b4c3-fe307b288b85,CUST00005533,533,High,2025-12-08 21:06:17.405082,v2.1.0
99cb25a0-ff59-4b02-808a-a856fc2afce6,CUST00005130,744,Very Low,2026-02-18 12:40:21.126534,v2.1.0
d1f37b9d-5727-4a6c-a279-af81fb83660d,CUST00003826,418,High,2026-06-30 08:04:18.686895,v2.1.0
269c5709-e863-4954-8613-ba1895e9e6d0,CUST00006404,328,High,2026-05-19 14:38:53.809211,v2.1.0
3059e0b2-4a47-4a85-8b5a-b04b92cc4473,CUST00003670,617,Medium,2025-09-12 01:51:56.868531,v2.1.0
ba2b040c-a2d8-44b5-b592-589c82ded33a,CUST00003765,444,High,2025-08-16 12:29:16.161266,v2.1.0
06d0b432-40f5-4e15-88e3-96f85d78a798,CUST00008860,376,High,2026-05-17 07:37:01.156797,v2.1.0
dc0bca00-4a7d-4d52-bb76-80252b74aa68,CUST00009931,366,High,2026-03-15 19:16:13.302264,v2.1.0
f75084c3-ba8f-4fba-950d-db284d71772f,CUST00000356,668,Medium,2025-12-30 18:02:55.020710,v2.1.0
495537aa-5c7f-434c-b75c-5344630f82ec,CUST00006067,466,High,2026-07-01 18:58:27.539711,v2.1.0
913bce58-23ae-4aec-8e21-13dca87cc4b5,CUST00004932,754,Very Low,2026-02-19 22:33:31.942413,v2.1.0
eca092aa-9c5d-4511-8ab1-13b339ca37da,CUST00006519,321,High,2025-07-20 00:47:43.236418,v2.1.0
1b3a226e-8448-4072-ae3c-5843d00af96c,CUST00006140,613,Medium,2026-07-07 02:40:57.084622,v2.1.0
27c61b41-e9d4-48a8-a590-56d35615efe3,CUST00004710,361,High,2026-03-14 13:45:35.463589,v2.1.0
53ffef8f-48e2-4638-a4b9-e137fe5e0f86,CUST00007329,399,High,2026-06-30 05:13:58.040637,v2.1.0
ef9cedeb-165d-45cb-aef3-00f41d0c45d0,CUST00004250,537,High,2025-11-13 14:02:16.655492,v2.1.0
385ae366-885d-44cc-900c-1b2809e0d7b3,CUST00005387,604,Medium,2026-04-11 02:27:24.295468,v2.1.0
3d0e377f-05ff-473d-b243-78fe46176a58,CUST00006191,525,High,2026-04-12 02:46:33.479913,v2.1.0
fbc6d534-2e8e-4839-bc07-b7d35db24c87,CUST00002823,419,High,2026-07-02 14:16:11.746982,v2.1.0
3ee0e5e1-d991-48e3-93d8-72dbc00414e4,CUST00003971,667,Medium,2026-02-10 19:00:47.501704,v2.1.0
891a33ae-8d75-4ab7-8aa6-5255a7f2ab97,CUST00005123,432,High,2025-10-03 02:41:53.232988,v2.1.0
849932ab-4e4e-42bc-a0ac-43a7e5dc1a75,CUST00004921,682,Low,2025-08-04 16:38:37.867082,v2.1.0
4d14632d-8312-47c1-b602-e4b4e3bb0989,CUST00008046,300,High,2026-03-09 23:56:09.717542,v2.1.0
3816b36f-67f1-4984-8683-dee404d36692,CUST00008212,339,High,2025-11-12 22:44:42.091794,v2.1.0
ef502c78-1fdd-480d-b896-199fcad6a5da,CUST00005721,300,High,2025-08-07 04:42:49.090674,v2.1.0
a625caf3-d105-47da-a4bd-dba62a3be6af,CUST00008361,521,High,2025-08-12 17:51:26.406990,v2.1.0
0c8ce8dd-3c65-42f5-9e00-c9ffe1ffd41f,CUST00008892,372,High,2026-06-30 14:02:07.951324,v2.1.0
a6ef82da-bfa5-4a4b-9116-280361e3e381,CUST00008089,300,High,2025-12-04 05:05:17.888017,v2.1.0
9e5ed9ea-f206-42f6-8f7c-ffdbf42950bd,CUST00008781,688,Low,2025-12-10 14:12:17.289852,v2.1.0
7fcea73e-c264-4c0d-bb76-03e4a318f3b5,CUST00005355,532,High,2025-09-20 22:18:24.845346,v2.1.0
6580dbd2-6a64-424b-8d72-96ea816200c3,CUST00001744,612,Medium,2026-07-05 09:17:51.296706,v2.1.0
2967f4ab-5d8b-472e-980f-e304467e7c95,CUST00003506,300,High,2026-05-30 00:48:29.476006,v2.1.0
6ecba0f3-4390-45e4-9352-1d9f6a27e07a,CUST00008729,389,High,2025-08-19 11:42:36.879636,v2.1.0
21a6fe40-5dfc-4970-8bb9-0767fbad6225,CUST00008381,505,High,2026-05-25 05:21:57.440368,v2.1.0
4419e9c3-af13-425d-9d79-001de9393b89,CUST00005627,688,Low,2025-09-15 10:12:21.144711,v2.1.0
a2bbeaa5-a963-4f6a-8f7f-b1d33b8e10bb,CUST00009083,459,High,2026-04-28 14:45:05.461132,v2.1.0
e1a9f74a-f594-45c9-bf05-3ec65c69fcc4,CUST00006328,512,High,2025-10-29 23:35:11.626081,v2.1.0
a6b08979-eb6b-4580-9827-8a5184e63aa2,CUST00007438,764,Very Low,2026-04-18 18:39:17.000964,v2.1.0
efd3edd7-a5f6-4d6e-9ec5-7270890c1127,CUST00002604,545,High,2026-03-13 19:16:39.405029,v2.1.0
39b7723e-4ecf-49e7-9bee-b59f91199fd0,CUST00004634,359,High,2025-08-30 23:04:29.973403,v2.1.0
83283c08-9c57-4cd0-9730-ae89afce11a0,CUST00007203,356,High,2026-01-13 04:32:14.162161,v2.1.0
c676a55d-11e3-4fae-990c-98300ad16fff,CUST00003686,673,Low,2025-12-22 19:51:25.498936,v2.1.0
df168ee5-ff6a-479a-9ee4-3c99bcc3af8f,CUST00004493,381,High,2026-05-08 10:12:19.926352,v2.1.0
eede2ede-099f-4df9-b8f8-d3b4c926aa12,CUST00003701,410,High,2025-11-08 04:10:50.084923,v2.1.0
8b72a1a1-4150-473a-b78a-d533d4106d8e,CUST00006854,473,High,2026-03-25 02:07:08.169464,v2.1.0
d4bbf5fa-035d-48dc-af08-e89d98ba8f2c,CUST00003690,412,High,2025-09-03 20:44:03.737301,v2.1.0
d0a1204d-9f61-4fc1-aa62-5a267f8ca5c8,CUST00002183,383,High,2026-03-17 23:41:53.290357,v2.1.0
98ab9b76-0692-47fa-b64d-591ccfb5fe67,CUST00008448,538,High,2026-05-17 19:28:57.893041,v2.1.0
4f9a4a32-55db-4e54-9a5d-fc5daa4e1764,CUST00002893,481,High,2026-01-21 03:42:07.501681,v2.1.0
25576e25-0333-4759-8633-4b40803f2720,CUST00008724,490,High,2026-01-12 17:49:29.881177,v2.1.0
8d185e97-8acb-48bc-a6db-35714393ed2e,CUST00003216,390,High,2026-06-06 07:13:30.511380,v2.1.0
001c4f40-e197-4522-8a2b-5094a8f39901,CUST00009010,320,High,2026-01-07 22:15:46.410898,v2.1.0
c38038ac-be6a-4547-a1d1-d5cd4c2b10ba,CUST00003207,619,Medium,2026-02-08 13:31:48.529723,v2.1.0
1de1d5c6-5ef0-4572-82fe-a57dcea30042,CUST00002329,649,Medium,2025-12-19 10:26:31.616294,v2.1.0
7aac9616-c51e-4fba-a377-1192b3350d3f,CUST00004392,300,High,2026-04-20 05:07:20.523096,v2.1.0
414c94f9-f08c-44c2-86ba-b948cf28cb71,CUST00007845,337,High,2026-05-10 02:53:19.903835,v2.1.0
40d6772d-178b-497e-9f4b-2da84ad32252,CUST00002108,728,Low,2026-02-27 02:55:28.581072,v2.1.0
b278b11b-1a3a-4563-8a54-6274e6eec8c3,CUST00004470,380,High,2025-12-23 11:10:30.992696,v2.1.0
59d3bb33-54fb-4540-a0c5-f1321fced0d4,CUST00006028,593,Medium,2025-12-20 12:16:14.118990,v2.1.0
ce7bd496-0c43-432f-b50b-ea9363ea2b5f,CUST00000767,673,Low,2025-08-01 16:22:39.118456,v2.1.0
682881ce-ea67-4340-8660-c746000aeff3,CUST00000908,496,High,2025-11-19 17:33:36.928653,v2.1.0
65f93e1e-660f-46e9-bbcd-12beeb7db71c,CUST00000613,469,High,2026-01-03 05:03:17.129195,v2.1.0
1e6be46a-1112-410a-b8ee-c1b9dafef5b7,CUST00006920,565,High,2025-10-07 19:27:18.613656,v2.1.0
7f3270ba-e3f6-4ab0-9aa6-4108187ed298,CUST00006288,456,High,2026-03-25 13:17:30.195669,v2.1.0
4acc3839-400e-4b3d-8e30-f0e77a1278d4,CUST00007336,646,Medium,2025-09-12 13:12:38.611544,v2.1.0
c78768c3-0efe-4125-b68a-15a017834417,CUST00008585,435,High,2026-01-14 19:46:58.596776,v2.1.0
70ab8262-d812-4867-98ee-caf20abe8edb,CUST00004899,318,High,2026-03-04 20:28:30.504415,v2.1.0
09f16b65-a94b-4e22-ad0c-1676d3be72df,CUST00007842,578,High,2026-01-25 13:06:23.310854,v2.1.0
3b2a0fbc-2a6d-441c-b127-422c845b8715,CUST00003422,423,High,2025-11-01 02:08:23.597866,v2.1.0
f19be9a7-62cd-4b10-bd5d-e1ccfdfa4bc0,CUST00006476,543,High,2025-12-24 15:39:37.649049,v2.1.0
4f93922b-6e44-4d27-97cd-4ae22b408a2f,CUST00009286,518,High,2026-06-14 06:16:19.234848,v2.1.0
8a108edf-9325-4ced-9084-2bda7a92be86,CUST00002618,582,Medium,2026-01-08 08:32:00.761339,v2.1.0
292868db-e8b6-4eb1-aae0-78843bf8a603,CUST00004160,520,High,2025-09-10 04:33:22.308202,v2.1.0
53981f0c-3c79-46bb-a98d-d94cd5858aee,CUST00004558,743,Very Low,2025-09-02 14:04:52.351972,v2.1.0
ae066a25-f4d1-4a98-aa91-7fa4f347190c,CUST00006141,501,High,2026-06-12 16:32:36.127706,v2.1.0
a8166912-0565-4a22-acf7-bf32b9cb3740,CUST00006978,505,High,2026-05-21 06:37:36.057059,v2.1.0
e35e04fb-59d5-4f2c-ba4c-1741e217162b,CUST00003106,728,Low,2026-01-24 23:12:22.946997,v2.1.0
8f935b4d-ef93-4fa6-9366-371fa172c9ea,CUST00008813,601,Medium,2025-11-02 20:01:40.914007,v2.1.0
eb45551f-5c94-40e4-ba71-47ce0fada3cd,CUST00001077,564,High,2025-08-04 08:16:53.554898,v2.1.0
99a0fdf7-6e09-49ed-b9cb-1b2ce32bac6b,CUST00008185,537,High,2025-08-14 20:46:21.520776,v2.1.0
f90f596c-4265-40b5-a146-83fc48fed031,CUST00006046,561,High,2025-08-03 09:11:52.969695,v2.1.0
7e07e80d-546e-4684-802b-673c66080ee4,CUST00001516,300,High,2025-08-26 05:23:05.019302,v2.1.0
1b39216d-7118-4015-9942-3d5afbfb311e,CUST00008498,478,High,2025-12-20 02:35:48.811592,v2.1.0
5c72b30b-5358-4ce6-afae-0c165e4825cf,CUST00001541,300,High,2025-08-21 10:08:03.083159,v2.1.0
b2733fe9-5582-4ea3-9b28-d3c0ff6cd096,CUST00005557,403,High,2026-03-16 06:48:19.782708,v2.1.0
7d665dc3-1606-4ca1-a9a4-08e3fe35c3e0,CUST00003375,357,High,2026-02-10 13:03:01.806271,v2.1.0
4a7f64cc-f224-4d0d-bcc9-c4d26e3e4685,CUST00004112,725,Low,2025-10-18 10:58:41.215017,v2.1.0
e02b09ab-b93b-4438-a830-83d853382663,CUST00005801,505,High,2025-10-18 23:57:01.185601,v2.1.0
aae4f12f-5d35-40e2-ad0a-fa67a79a3b8b,CUST00004093,510,High,2025-08-16 18:40:45.466163,v2.1.0
c1f13dc9-c83f-45f2-860f-0eb7b8fcb823,CUST00000791,612,Medium,2026-01-17 18:58:52.305463,v2.1.0
927a8c61-f6e2-47fd-993a-d26f40e9234a,CUST00007576,802,Very Low,2025-08-28 12:38:17.210501,v2.1.0
9c2c2ac9-a4d1-44cb-96d6-3fde378f25da,CUST00009394,726,Low,2026-03-16 13:08:37.495346,v2.1.0
4b094e45-facf-4a9d-a7fe-4230ace7a08f,CUST00001973,523,High,2025-09-21 11:49:06.243077,v2.1.0
ceecc278-b0f5-40e8-8b3f-bb9c07cfbc54,CUST00001382,473,High,2025-09-22 11:05:58.999162,v2.1.0
3e39f638-a3e9-4233-bbc1-853e5c54ef76,CUST00002979,573,High,2025-12-08 10:28:35.959945,v2.1.0
41dd2c03-00bc-4693-8e53-e2aef31539d1,CUST00002919,361,High,2025-08-17 08:00:43.375255,v2.1.0
3fcccb72-7ed9-46fe-8617-18e25eedd743,CUST00001997,558,High,2026-06-03 03:20:02.026144,v2.1.0
ec803b2f-a2a7-4161-9952-d29ff98fe0cc,CUST00008771,461,High,2025-11-03 15:00:49.076787,v2.1.0
7d67dc3a-3475-47ab-b30e-bb5850bd16a6,CUST00009887,606,Medium,2026-02-17 09:14:05.082790,v2.1.0
41209b2b-cc53-42c3-8107-20ab159ef093,CUST00002824,629,Medium,2025-12-31 02:18:41.457753,v2.1.0
20a40102-ce66-4467-86a7-05194348de59,CUST00003732,636,Medium,2026-03-19 17:14:38.658238,v2.1.0
34190bbf-a07d-46eb-91dc-488c612d406a,CUST00009619,386,High,2026-03-02 18:04:44.922773,v2.1.0
e9139d9d-f53f-4537-82d9-a38e20a68b71,CUST00001051,477,High,2025-10-22 17:29:07.537256,v2.1.0
46c24ffa-f5b0-484d-80ee-43d2dac928fc,CUST00003384,659,Medium,2026-07-05 23:56:21.048007,v2.1.0
4b0fb33d-d66a-4bee-a703-741d8be62f82,CUST00008487,300,High,2026-06-01 03:54:23.394464,v2.1.0
37fdcbf4-f9ea-400c-a2f8-6e35a86a9154,CUST00003731,533,High,2025-09-24 06:47:05.124921,v2.1.0
972b823f-0fe3-46d5-8c17-bacd2d59e2c0,CUST00006355,567,High,2025-09-23 12:20:18.929250,v2.1.0
77aba654-5e2d-44d7-ab85-1ab2b7474356,CUST00009964,431,High,2026-04-16 18:11:12.012552,v2.1.0
0f326969-f4db-4a88-98dd-4de07564167a,CUST00004218,300,High,2026-02-23 12:53:22.055854,v2.1.0
c48cf08e-0dae-48a5-80dc-9a07f5324c5e,CUST00005603,476,High,2026-06-01 06:16:54.531448,v2.1.0
9745216c-fb2e-45d5-bc9c-adc99915c295,CUST00009018,394,High,2025-08-25 17:58:33.526793,v2.1.0
7950b7c4-5d36-4cba-9305-4123cbda74ec,CUST00008821,592,Medium,2026-01-29 02:07:07.450826,v2.1.0
0057c2ab-38a7-4cae-8796-e120ea93ec6e,CUST00007743,706,Low,2025-07-20 01:09:39.431215,v2.1.0
fc6101e7-5cf0-4529-8f86-815232730ae5,CUST00008162,300,High,2025-08-29 12:40:50.059306,v2.1.0
00acca42-6808-4c09-ab3a-db3d1ebc36cc,CUST00009509,300,High,2025-09-18 15:17:52.139793,v2.1.0
c1889488-c4ed-45fa-aa06-6361af8a3376,CUST00004980,401,High,2026-01-08 04:13:30.901406,v2.1.0
0732f014-a019-4fb1-a284-bf01fe9ee336,CUST00004065,607,Medium,2026-03-27 14:06:51.562853,v2.1.0
726cd0a2-76e8-4e2a-baeb-615c6f07b382,CUST00001229,497,High,2026-05-31 05:25:42.542773,v2.1.0
29235239-6f2c-479e-bce4-c69c1925f46e,CUST00008266,590,Medium,2026-07-05 15:54:40.782917,v2.1.0
1a2e28e7-4b2b-4f5f-96fc-9c703bf21d73,CUST00007904,471,High,2026-02-22 17:54:28.049881,v2.1.0
7663c838-90a5-4266-983d-aca0d9ffb5b0,CUST00002631,492,High,2026-01-11 16:23:58.246451,v2.1.0
02bc9aa8-8d01-4440-a580-6c16d5b5aa7f,CUST00001281,532,High,2026-02-28 19:31:26.476867,v2.1.0
ac363def-7b48-4b16-b8be-08c654ae2a6c,CUST00001296,336,High,2026-07-08 15:04:21.035882,v2.1.0
56ea3925-1797-497c-9a61-992ddee27f17,CUST00008280,300,High,2025-11-26 15:58:07.975600,v2.1.0
60594c72-77f6-430e-af45-c87b75f148c7,CUST00001555,583,Medium,2026-03-21 00:18:12.897369,v2.1.0
4f2cb9fc-eafa-43b6-bcac-0f808d6230db,CUST00001256,585,Medium,2026-03-27 00:51:10.145953,v2.1.0
8bfb43c0-1810-462a-9576-1114b9dcaab7,CUST00008620,760,Very Low,2025-12-09 04:21:28.549481,v2.1.0
08292b90-a53b-4917-bee5-04ece92211fb,CUST00006823,395,High,2025-11-05 10:55:21.275557,v2.1.0
13d0e36c-0457-4d2a-bd1c-489be3573c3c,CUST00009633,528,High,2025-09-01 14:24:41.010103,v2.1.0
d77a8a7b-390a-4d10-ab52-974a99a6ba50,CUST00003407,516,High,2025-07-22 23:32:23.681772,v2.1.0
04a2e664-23d8-441c-8cc4-24646936a95d,CUST00009300,309,High,2025-08-27 18:54:18.295463,v2.1.0
685cdec7-6b96-4c33-a3ac-59bc7b097792,CUST00008511,624,Medium,2025-07-23 17:09:11.530585,v2.1.0
2fac1c1c-4dc7-4125-8c18-bf2ef1139bed,CUST00003598,487,High,2026-07-07 09:15:19.898653,v2.1.0
20b61d57-d003-4663-bcf3-1a564a875644,CUST00005296,381,High,2026-05-27 15:48:00.859892,v2.1.0
d4f83c7c-c865-4b42-8e3f-aae68569a530,CUST00006157,323,High,2025-10-02 07:57:44.474333,v2.1.0
310b8cd3-fa01-435d-abcc-63fefcb7623c,CUST00003708,314,High,2026-03-11 19:34:56.770783,v2.1.0
a08fd76f-3198-49ac-a967-8320bd2f4e17,CUST00003147,576,High,2026-03-12 05:22:13.158931,v2.1.0
b2075ffb-fff7-4641-aced-20ec2d27d68e,CUST00003215,357,High,2025-12-24 01:55:26.819565,v2.1.0
a27e2041-c342-4fc9-b3d4-f54ade7e708c,CUST00002756,492,High,2026-03-03 13:47:28.352573,v2.1.0
1ef9687c-9991-4390-8900-ee227e6c10d8,CUST00009815,653,Medium,2026-05-02 10:57:30.497991,v2.1.0
7929f8d0-9662-4d4e-a3ad-6411077e9a92,CUST00003878,300,High,2025-09-25 15:25:01.982988,v2.1.0
4cab2b6f-0947-488e-bdfb-a7bb7ae0fae0,CUST00009976,684,Low,2025-11-04 19:40:50.768040,v2.1.0
afc76a0d-7330-4e78-b51d-75b5740ac9b2,CUST00009114,461,High,2026-01-03 04:11:02.908643,v2.1.0
cb295a51-cf79-4daa-bca2-a63fbdfe1452,CUST00005935,550,High,2026-01-07 00:46:53.501315,v2.1.0
ffcf1f12-efa9-4057-acbe-6a2aa46880bd,CUST00004279,305,High,2025-07-25 21:08:52.888638,v2.1.0
b0f55d5e-85ed-45b8-9f97-52a1f667d12f,CUST00007900,768,Very Low,2025-09-16 13:56:52.196308,v2.1.0
8577a231-6d37-49f9-bcd5-0df7d0f2f5c6,CUST00003967,422,High,2025-09-11 14:00:13.385695,v2.1.0
c780f5ba-0bd7-419a-bcb7-c7bf8f3ce5cd,CUST00004575,416,High,2026-03-31 12:42:47.935935,v2.1.0
f88ff9b2-73a6-4e98-9ca5-48e9f233c54b,CUST00005683,454,High,2026-07-04 22:55:57.379054,v2.1.0
2d6c7034-1425-44c5-811c-a6c79de85213,CUST00008546,624,Medium,2026-01-06 02:52:05.168716,v2.1.0
5421ca24-24a2-4474-a157-3e04a0fb97a0,CUST00008057,300,High,2026-05-27 22:40:34.442508,v2.1.0
384c77a8-be2e-42e3-96d6-5e8e8df65799,CUST00000212,491,High,2026-02-16 15:51:35.883214,v2.1.0
170510c6-870f-4a00-95a5-dfab46a39a64,CUST00002978,300,High,2025-09-29 10:47:28.367378,v2.1.0
c268ee8f-c425-4130-85ca-fe6521f85fbf,CUST00004723,607,Medium,2026-02-10 21:23:51.751656,v2.1.0
6aaa5d48-cb68-4cb0-bf22-c47389fcc76d,CUST00007077,506,High,2026-05-18 11:08:07.446306,v2.1.0
cdf15832-d320-499e-a09c-aabe0d570bb4,CUST00006400,300,High,2025-08-05 12:16:42.797727,v2.1.0
4215cc11-dcce-4244-8a98-7bfee9d7c5ef,CUST00004095,509,High,2025-07-20 18:55:51.606051,v2.1.0
b696696d-5803-48a6-9052-45422df12990,CUST00003341,693,Low,2026-03-05 03:55:43.165597,v2.1.0
5103a71e-a633-43be-954f-5a62992e7a24,CUST00004835,639,Medium,2026-04-04 08:42:26.694546,v2.1.0
ee94d3e0-1d3f-43da-b992-d9e38a7321cc,CUST00009226,588,Medium,2026-07-10 15:51:15.715951,v2.1.0
523766ab-71df-4204-96da-a44f03d45ea1,CUST00008213,628,Medium,2026-05-23 20:40:24.313785,v2.1.0
83242840-4050-4ad5-972b-35999ae1e579,CUST00005728,416,High,2026-04-13 02:57:30.746358,v2.1.0
d9d10649-e730-4bc0-a530-a74435e51cfc,CUST00006028,517,High,2026-02-20 12:53:36.395939,v2.1.0
0a154b31-d49a-4e7b-bde9-b7ab1a7a6a98,CUST00008728,446,High,2026-02-05 08:48:26.566885,v2.1.0
8f2d44fd-4b08-441c-9129-f784714a63ee,CUST00000237,300,High,2025-11-01 02:46:00.139899,v2.1.0
8e933aff-4131-4930-b29b-474cb1a64478,CUST00009138,546,High,2026-01-11 23:11:03.765635,v2.1.0
954f78da-1f29-423d-ad42-95e5ebed12b3,CUST00007749,580,Medium,2026-01-11 10:57:04.683707,v2.1.0
49225b97-fc69-4016-a181-b4116d0ccaa4,CUST00003815,435,High,2026-02-18 18:48:55.384522,v2.1.0
0c3decb1-f304-4d6d-b5d2-2c144ae1b385,CUST00008630,360,High,2026-02-26 06:07:40.532586,v2.1.0
e6f6a3bd-35c2-4bc3-80dc-35d1273cf3fa,CUST00001829,629,Medium,2026-03-22 18:56:49.292869,v2.1.0
8134dad4-1d90-4041-a7cf-08cc4bdae199,CUST00001123,662,Medium,2026-05-12 04:48:31.644979,v2.1.0
abcd4883-b715-4b7a-9b09-754c0cdbff0d,CUST00009101,300,High,2026-01-12 02:44:03.691753,v2.1.0
6e41f957-7ca0-47b8-83c1-e2ed7b17f8a0,CUST00006901,419,High,2026-04-04 19:12:16.332541,v2.1.0
af88aa18-8b06-435d-9969-ed0f4a56bd40,CUST00000926,395,High,2026-01-26 20:56:06.610360,v2.1.0
bbbe8e16-b182-48b1-81fe-3945cbd65653,CUST00008759,850,Very Low,2025-12-19 01:05:51.097500,v2.1.0
9a903a2a-4555-4b0f-8c9e-2871850a03ec,CUST00005572,377,High,2025-11-10 06:34:24.806586,v2.1.0
3b12276b-ba23-4029-9d12-2bd52e6f492f,CUST00009784,300,High,2025-08-10 02:37:31.257422,v2.1.0
f481d33d-43d5-406d-ad9b-29b4f7a44fe1,CUST00001122,599,Medium,2026-06-09 00:39:14.958864,v2.1.0
d6f5507c-b96b-4b0b-b1f6-ee7b81fb02fb,CUST00007224,563,High,2025-12-17 06:26:01.640800,v2.1.0
a418675a-b34e-4172-9d81-5911bd4c4387,CUST00001008,406,High,2026-01-06 19:04:26.406831,v2.1.0
e89b1b7f-c29b-4f34-ba0c-d27f6398862b,CUST00002102,570,High,2026-01-14 15:06:24.548372,v2.1.0
b0ffad5c-4bb5-41ca-8504-7f16d28a19ad,CUST00008262,617,Medium,2026-06-25 20:38:39.083627,v2.1.0
8a92a19a-f408-4fce-b92c-1f0d0dfa77f5,CUST00003033,302,High,2025-11-21 13:33:28.579860,v2.1.0
fd35dfd8-5b78-4f10-8ea8-920ac2200f23,CUST00004258,383,High,2026-03-29 16:09:04.051550,v2.1.0
e1364717-bb02-430e-b4bf-41e57d379008,CUST00000544,515,High,2025-07-25 12:17:43.630067,v2.1.0
d740c340-6a95-40cf-b302-5de8d89068a7,CUST00006044,300,High,2025-10-31 02:32:25.195486,v2.1.0
e4545f21-6822-4d73-be40-4fb5681dc44f,CUST00002135,300,High,2025-09-26 02:41:50.604098,v2.1.0
d4887b11-1f5b-455a-8310-7a1458c19e9c,CUST00001188,582,Medium,2025-11-20 11:59:26.304307,v2.1.0
f80c2e1d-81fb-4171-aded-79d30e3fb441,CUST00001829,337,High,2025-10-10 16:28:01.666198,v2.1.0
ff9642a7-af78-4d04-91d3-79c28eaec6d8,CUST00004655,420,High,2025-10-06 03:45:53.901036,v2.1.0
9328548c-87f2-4f59-9715-fac96beba8c5,CUST00002909,510,High,2026-06-14 22:35:51.860544,v2.1.0
a92c9f42-bf8a-4a01-9436-afc8a5d57622,CUST00005034,588,Medium,2025-11-18 18:50:26.641665,v2.1.0
79324696-8258-4124-9312-9f8074c6ecd5,CUST00008072,464,High,2026-02-22 19:46:19.936461,v2.1.0
96874050-ef6c-4248-b745-554e3a5050a1,CUST00007156,396,High,2026-05-21 14:46:17.953959,v2.1.0
12d39afe-cfe7-4281-8f4a-118459d11667,CUST00001558,300,High,2026-03-14 20:38:39.475718,v2.1.0
01d68947-588a-4605-aea5-3308bafb8fe6,CUST00008493,479,High,2025-09-03 19:36:41.275943,v2.1.0
5f772f7a-6cd4-4139-942c-fe9c022b46e8,CUST00004964,481,High,2025-11-02 01:43:43.326666,v2.1.0
0296ce41-af95-4177-ad55-39322be0e474,CUST00007788,355,High,2026-04-03 17:44:19.507172,v2.1.0
f6542b02-31d6-4f47-b643-699b763f00c8,CUST00004629,492,High,2026-07-03 11:18:46.504622,v2.1.0
e5cc1e1a-3864-4484-8f00-b228c27f034b,CUST00003924,625,Medium,2026-05-18 04:29:34.161747,v2.1.0
8460fe3f-9a38-4d4a-bc12-1c19492955d4,CUST00008668,649,Medium,2026-03-20 18:12:14.165051,v2.1.0
af3bc6fb-196a-4e8b-96da-1fabe0f8be1a,CUST00002162,417,High,2026-04-12 05:05:58.308617,v2.1.0
6dd6fc00-cbb8-468b-8e2c-54124b6e3b06,CUST00002549,405,High,2026-05-04 15:12:44.211692,v2.1.0
ddee9bea-0e34-438d-ba08-e1904adeedf7,CUST00009558,340,High,2026-05-06 00:22:04.260459,v2.1.0
793654d9-00b2-4031-b5e9-f99b27e31c78,CUST00006942,774,Very Low,2026-05-22 08:51:55.772605,v2.1.0
51588f60-380e-4cdf-bf5e-22a484118547,CUST00002295,318,High,2026-03-02 00:49:40.769779,v2.1.0
f3484c2b-dd3f-4401-9978-00c71858f5db,CUST00006321,814,Very Low,2025-10-29 01:51:32.773559,v2.1.0
c71ad36b-054b-47b2-a631-13b86c3c38f7,CUST00007680,538,High,2026-04-17 13:41:25.199794,v2.1.0
adb17447-7db1-4f2d-91f7-cd79d9a3e8ca,CUST00002743,404,High,2026-03-18 13:09:49.364078,v2.1.0
5fd3c8a4-68b8-4d20-bc0b-b4f44dd0800b,CUST00004826,353,High,2025-09-03 01:32:10.873742,v2.1.0
24855afa-3999-4620-a195-3947c8b0fa83,CUST00000903,300,High,2025-09-28 18:32:15.955124,v2.1.0
1852514e-c431-4160-ada6-cf2c373444a1,CUST00008453,467,High,2026-02-24 03:45:26.504247,v2.1.0
562f40fc-da2f-41ec-889b-cd94d72e22a8,CUST00006778,300,High,2025-08-23 18:24:17.229403,v2.1.0
870b309f-3cf1-4dce-93ab-6a86fb84a6de,CUST00006317,435,High,2025-12-16 20:19:33.689855,v2.1.0
3b808f5a-4e47-445f-a5c1-61ff2ee88338,CUST00002033,447,High,2026-07-15 21:01:55.292379,v2.1.0
b11182b5-52e1-4d6b-9f0a-8b8cc2262e0e,CUST00004594,570,High,2025-11-05 19:38:47.635847,v2.1.0
04539b70-3660-4a7b-b711-e4564c64fcab,CUST00009700,404,High,2025-10-02 09:44:45.039997,v2.1.0
1d0aad30-c708-443b-938d-d65a923ab913,CUST00007266,500,High,2025-08-04 02:19:48.479226,v2.1.0
87cf5810-9e74-4682-bad9-2d57f3e0f839,CUST00006933,300,High,2025-07-24 12:50:07.421239,v2.1.0
737ffe4c-f419-4776-b945-8fad279dd125,CUST00006688,551,High,2026-06-04 15:43:06.458903,v2.1.0
09cec8bc-49ad-49a1-9195-f2904caafe0f,CUST00003942,654,Medium,2025-11-25 07:40:04.298646,v2.1.0
a0ccd7c8-7a51-4901-8a92-96651a01e5b9,CUST00006591,518,High,2025-09-13 20:12:15.790461,v2.1.0
f36dd38b-cae5-4de6-8fdc-088cb68901f3,CUST00001257,588,Medium,2026-05-16 07:30:23.181816,v2.1.0
b4ea2b12-820f-4be9-b39c-8833812aea8e,CUST00003753,524,High,2026-06-09 14:30:23.264579,v2.1.0
c83dbd1d-1195-42c4-b2ca-d8a49cbebb4d,CUST00008285,721,Low,2025-07-29 14:08:54.095065,v2.1.0
6333f701-7896-4d21-8e2d-28f0037be2eb,CUST00009168,469,High,2025-08-10 03:59:03.097452,v2.1.0
06f9ff4f-32dc-490b-8d9b-cbac84c49e62,CUST00008025,330,High,2025-12-22 04:37:21.252935,v2.1.0
74cec766-e13a-4908-a777-3906d78f6934,CUST00003809,459,High,2026-02-28 11:18:55.078556,v2.1.0
b30aa6e2-d4df-48bd-b2e5-d73597fc1c32,CUST00000077,337,High,2025-08-30 23:49:45.390082,v2.1.0
a6b31859-2c3f-4193-a39a-f2a7723b6edd,CUST00000603,329,High,2025-10-07 18:16:31.910463,v2.1.0
93fef937-6f55-4cf2-941a-aab6d8b8c9a8,CUST00004764,584,Medium,2025-10-20 01:54:50.238621,v2.1.0
dc9635ac-aa0e-4060-962d-91eb949ccdc1,CUST00008486,316,High,2025-11-19 05:06:26.375234,v2.1.0
4f351298-0494-4738-8b92-1664e51d4665,CUST00008938,650,Medium,2025-11-24 15:51:50.714389,v2.1.0
6d4c8d74-d57c-4b4c-b384-0f4e1a28c904,CUST00003754,531,High,2025-08-03 23:03:38.518138,v2.1.0
ba019c08-d285-4130-81c1-17ca7e221a84,CUST00007963,471,High,2026-06-03 11:44:02.847169,v2.1.0
7550f447-7ad4-470f-a726-b74c9ff79dd9,CUST00002518,300,High,2025-10-23 14:40:15.302773,v2.1.0
fa2c32ff-2338-4603-9bc8-26ea471250fc,CUST00001360,300,High,2025-09-11 03:06:01.030737,v2.1.0
2133eeb2-0ac1-4a61-ac58-7181898b3613,CUST00002915,303,High,2026-03-26 23:28:11.376125,v2.1.0
fac47a32-7e52-46e6-b1e8-0cc81723a86d,CUST00004966,744,Very Low,2026-01-22 03:40:10.468261,v2.1.0
09f3ab6a-7620-4075-a546-f2da380ae2b1,CUST00001066,492,High,2026-03-19 10:27:34.491224,v2.1.0
8bcdf874-4561-4b12-8254-12c6b600266c,CUST00000258,300,High,2026-04-01 22:04:58.484900,v2.1.0
eeee13c7-051d-4b0a-b5dc-7d8bf7548688,CUST00006043,590,Medium,2026-06-21 08:32:29.500015,v2.1.0
41c0bd05-38dc-4852-9de3-7070ed0bfa3a,CUST00004729,403,High,2025-12-24 19:47:26.789555,v2.1.0
d05db9dd-0d2e-4915-8b9e-0a6e145cfe04,CUST00003378,665,Medium,2025-12-31 21:02:53.701563,v2.1.0
944ccbb7-459b-4410-a232-1501afa8e1ba,CUST00006759,705,Low,2026-05-21 07:08:38.530164,v2.1.0
8cfde9c8-0da2-404e-9e57-8d3d9a230628,CUST00003829,662,Medium,2025-08-27 10:18:00.388427,v2.1.0
33193790-468a-42c0-a95a-60f2dc9da086,CUST00003714,612,Medium,2025-08-25 14:07:46.451468,v2.1.0
c4fbb260-f26b-4151-85ce-b10afe34f0a3,CUST00001793,422,High,2026-02-25 22:02:21.573931,v2.1.0
f6268144-9313-4052-babb-79b7bf04d9e6,CUST00007015,300,High,2026-04-29 14:06:03.537082,v2.1.0
d520e9b5-a16c-45da-9b19-5ce3d4d22101,CUST00000275,300,High,2026-06-28 22:26:35.809149,v2.1.0
97906eff-2b8d-4f02-8512-4f8dc488048a,CUST00002820,471,High,2026-05-14 17:28:35.532542,v2.1.0
f49e073f-2244-4c7d-b1cf-95711e3101f5,CUST00000680,387,High,2025-08-02 05:48:03.449997,v2.1.0
ab612054-950a-4b1f-b15c-20f11f616a00,CUST00006571,394,High,2025-08-25 09:54:54.741397,v2.1.0
ec84c110-c5c3-4070-9ca5-26f3aa99a6f7,CUST00006692,692,Low,2026-03-04 23:41:17.146978,v2.1.0
0f95e0b4-66a9-4544-9b04-58d3eb24a9a5,CUST00005955,587,Medium,2026-05-31 23:44:23.086309,v2.1.0
e79e9335-7ab5-4fa3-bba4-27b07388b4c9,CUST00009207,484,High,2026-06-15 15:23:22.460553,v2.1.0
9950f74e-42de-4966-bc96-19f3ff16c983,CUST00006430,688,Low,2025-09-13 06:24:59.640362,v2.1.0
777172ba-cea3-4f75-84b4-631466ab260d,CUST00004553,506,High,2025-11-01 14:35:13.002967,v2.1.0
e58bcc30-cdf7-460a-b8ae-676d21bd4494,CUST00004700,300,High,2025-12-26 04:08:49.127600,v2.1.0
7f19380a-e300-4065-a36a-ab7ea65dada9,CUST00007091,495,High,2026-01-18 16:28:30.976972,v2.1.0
26059d54-8163-41bd-b22c-d0fda9f1218b,CUST00005428,419,High,2026-04-11 11:16:51.728953,v2.1.0
0e44c910-4d82-4ba4-aa35-da2921ce8161,CUST00006822,572,High,2025-08-23 04:17:47.084616,v2.1.0
bd6d6f01-8baf-456a-94cd-a27465e36161,CUST00004786,676,Low,2026-03-11 06:10:07.051268,v2.1.0
2d024a10-3dc5-4653-9734-29152ad2da58,CUST00000940,553,High,2025-11-17 02:59:46.339903,v2.1.0
d5e8ca05-b31c-4be0-9f56-a2ce7593f2bc,CUST00001924,366,High,2025-09-06 05:35:14.280147,v2.1.0
5ab2c8d7-2f0c-4e0c-bd22-f769f739d4ae,CUST00003533,499,High,2026-05-23 20:29:16.280135,v2.1.0
1d21afb0-a759-4819-87f6-1fbf94a941e2,CUST00004315,438,High,2025-12-25 07:01:34.776472,v2.1.0
9bd5a4d1-01a5-4b07-b122-a430c454e18a,CUST00004014,300,High,2025-12-16 18:16:12.902495,v2.1.0
f8625a7e-36e3-4743-bff4-eb6196d4bff2,CUST00002547,374,High,2026-04-24 19:04:01.526386,v2.1.0
66925cf1-135a-44a7-8ae5-cd7ece435bc6,CUST00000596,850,Very Low,2025-10-15 12:17:19.287682,v2.1.0
f63a6df6-ab65-4c0a-b172-87111e9925b2,CUST00003488,426,High,2026-05-09 10:40:46.957588,v2.1.0
6fd54983-cdce-48bf-82a2-e86e31bf8a14,CUST00008238,468,High,2025-11-19 13:50:12.333569,v2.1.0
72df2abe-329f-4fd5-aa80-42c1b4f335a3,CUST00008532,300,High,2026-01-18 08:48:53.908723,v2.1.0
c182be08-31af-4d62-b83f-6d6530c01085,CUST00009652,300,High,2025-08-18 01:02:47.471922,v2.1.0
c338b195-3c30-4f29-9431-292965b8f985,CUST00007251,492,High,2025-11-30 22:35:40.807362,v2.1.0
130531ee-5889-45a6-ba5d-89823dc1a7a7,CUST00001913,537,High,2026-04-19 14:41:56.092098,v2.1.0
575bc5f5-01b5-43ec-a152-6b1caddec2ef,CUST00009670,559,High,2025-11-26 15:13:13.766905,v2.1.0
f0cc37a6-ed75-44aa-bb9e-e8652a72cef0,CUST00002144,850,Very Low,2026-03-17 19:05:44.700600,v2.1.0
44d93f8b-9125-4254-84dc-d99514fc7c74,CUST00001847,386,High,2025-09-11 06:53:40.071485,v2.1.0
a5bc3397-45a9-45ab-a205-339beb7d00c7,CUST00009495,430,High,2026-04-19 02:58:11.870841,v2.1.0
ffac0e9d-86d2-4720-9f1a-8f5606a81f2d,CUST00006974,591,Medium,2025-12-18 22:37:21.426058,v2.1.0
d083f117-acbd-4534-8038-11c429a10c74,CUST00001410,601,Medium,2025-10-09 06:05:44.257975,v2.1.0
b74731d0-80a2-40a1-a9e0-9f486d16354c,CUST00004286,599,Medium,2026-05-06 18:01:07.524958,v2.1.0
61f783a2-47be-485d-8c4f-03ee93f58d59,CUST00007506,442,High,2025-12-15 21:45:16.887312,v2.1.0
64a107be-7b7e-4531-86a7-502bc3c2d1c1,CUST00002011,300,High,2025-12-14 09:48:51.134403,v2.1.0
52a66225-475e-415d-8cc1-4e5400be11c8,CUST00001735,625,Medium,2026-01-01 11:13:34.327188,v2.1.0
2a52a529-f3f7-4381-8e11-5ba24247f3fd,CUST00007659,385,High,2026-05-25 05:45:26.327870,v2.1.0
5fc84798-43e0-493f-97b6-47fb9b2df4f4,CUST00004671,300,High,2026-05-04 03:14:39.253131,v2.1.0
e4e7b17e-b13f-4fea-ba40-ba0b1e3e9a6e,CUST00006871,664,Medium,2025-11-27 01:08:03.274773,v2.1.0
df731c37-2e7f-44de-b107-367a3292e328,CUST00005099,324,High,2025-07-28 18:48:05.830399,v2.1.0
064a591d-db5a-4ea9-a193-89576a60894d,CUST00008681,427,High,2025-09-09 02:03:50.506982,v2.1.0
a58b1cab-c2e5-4119-82be-bc74ffe321ba,CUST00002271,355,High,2025-07-21 13:06:53.924315,v2.1.0
a6de543c-d82e-4e68-b5a4-73e1e48bae76,CUST00007110,415,High,2026-05-08 09:16:24.490776,v2.1.0
a43411c4-4150-471d-aff9-4a9d4e824ba0,CUST00006457,475,High,2026-06-27 13:39:12.989884,v2.1.0
b62e506e-947a-43d6-a8b4-ddff8c8a7d16,CUST00000573,320,High,2025-08-17 21:03:08.734519,v2.1.0
2655f09d-45e8-4ecf-8382-eb708f368eaa,CUST00001301,489,High,2025-11-09 21:24:29.766388,v2.1.0
3cf40b9a-a35b-4766-9630-ed3c90ecfc5c,CUST00008464,499,High,2026-07-11 13:24:01.745425,v2.1.0
84f13132-ba0a-4399-a1a4-945e2ef94d82,CUST00002688,596,Medium,2025-09-15 22:20:15.599155,v2.1.0
26504475-c2f5-405f-a956-0e16b24fb140,CUST00003426,447,High,2025-08-09 08:43:24.814375,v2.1.0
d490abf4-2f01-4bbd-b3ca-ccfae6015fa2,CUST00005645,343,High,2026-04-21 04:48:18.668417,v2.1.0
fe198a42-32d7-4a0a-b104-26141b3fed79,CUST00002590,850,Very Low,2026-03-16 00:51:10.181980,v2.1.0
58d04485-659f-482b-a5dd-f95f4654576a,CUST00005230,447,High,2026-03-09 04:50:30.465953,v2.1.0
fda32ea0-195f-47eb-b6de-b65fe9c86424,CUST00004962,312,High,2026-06-12 13:06:10.516139,v2.1.0
61917c3e-5d2e-4dc6-a2cb-beba054db12a,CUST00002875,612,Medium,2025-08-08 00:39:14.529188,v2.1.0
b7ebbef0-4be9-4da0-b8a8-21a717fde821,CUST00008989,835,Very Low,2026-03-05 14:25:38.094525,v2.1.0
ce3ee718-b0f5-4118-bdc2-4806bc7e56dd,CUST00005228,630,Medium,2026-04-04 11:07:58.519092,v2.1.0
a414103a-2b6c-4922-8b62-ad9daadd9e6b,CUST00002220,300,High,2026-03-16 02:28:42.678594,v2.1.0
7e382768-d63f-42a7-9d1c-279e4fc4ba52,CUST00006831,481,High,2026-01-23 18:09:33.586108,v2.1.0
aac45bd2-9a44-45bb-b124-cc716bf27763,CUST00000628,342,High,2025-11-02 22:09:22.604174,v2.1.0
f985a0c1-2f95-4cf5-9f78-c6ee99a1ed41,CUST00003714,799,Very Low,2025-12-11 17:46:01.799875,v2.1.0
39bd3a59-291e-4ab3-94a7-eff198998014,CUST00008402,475,High,2026-03-23 14:15:20.586352,v2.1.0
f33a576c-1137-4a9e-acd7-b14d13729685,CUST00000082,811,Very Low,2026-02-05 02:43:23.130362,v2.1.0
0ae11946-19eb-4463-80b7-a913da3b9800,CUST00002637,440,High,2025-11-06 01:31:46.294686,v2.1.0
807a3723-197d-4802-b18d-505f26365857,CUST00003694,300,High,2026-04-15 04:12:53.999409,v2.1.0
3606288b-d082-4a87-8122-634f10f6902a,CUST00009535,409,High,2026-06-15 00:00:22.997523,v2.1.0
3456ebe4-0908-433a-9a50-4dcc739936a4,CUST00009673,300,High,2025-07-20 19:10:33.696489,v2.1.0
ad787c6d-8f5e-42ae-a0e1-d8d61ea2affa,CUST00005067,543,High,2025-10-28 02:23:52.100363,v2.1.0
34f75a75-ddb8-455d-a8e3-e2e922aa53f8,CUST00008138,645,Medium,2026-01-26 16:24:09.463544,v2.1.0
8922c51d-0cbb-4010-9de7-238a02b8ed5a,CUST00001771,683,Low,2026-06-19 02:21:21.321588,v2.1.0
ff1f9460-13c3-4898-8d7e-2a5a94fd49d2,CUST00007090,601,Medium,2026-03-30 16:31:31.453047,v2.1.0
dc1797e1-f810-4ee3-83d4-51077b3ae365,CUST00008869,599,Medium,2025-12-27 21:05:35.079136,v2.1.0
14a69449-83a8-42fb-aa06-10fd667e842e,CUST00000934,850,Very Low,2025-09-30 20:03:30.956877,v2.1.0
d7eed437-c2c0-4701-b538-1ff79fb094cf,CUST00005031,520,High,2026-02-01 18:12:30.179951,v2.1.0
d780e011-856f-4c20-b883-73af113fb145,CUST00002180,653,Medium,2026-05-01 20:19:12.085591,v2.1.0
b28451af-c1a8-421e-957d-92ecd5968894,CUST00001865,593,Medium,2026-03-13 01:30:27.229192,v2.1.0
e73b2a71-5d48-43cf-a26c-4b25a9d8cd98,CUST00009445,482,High,2026-03-29 15:46:12.128270,v2.1.0
ad180b63-a62c-42c0-bacc-4f8e5508166c,CUST00009860,541,High,2026-06-07 03:03:07.362905,v2.1.0
9261e94c-481f-40f3-a817-f1673152770d,CUST00004766,518,High,2026-04-29 08:54:05.197293,v2.1.0
e6bf4c37-1e44-4d9d-a115-07f35b47bd67,CUST00009138,556,High,2025-12-12 15:42:24.763695,v2.1.0
c65d1311-e3d5-4ccc-a980-1a05e39b4ce6,CUST00003113,481,High,2025-09-27 23:21:15.031139,v2.1.0
9ca81438-65aa-4cfa-9ea9-d56ac3c9bfc6,CUST00007650,573,High,2025-11-05 01:03:32.174773,v2.1.0
00260047-d904-4e6c-8a69-490c22cb00ab,CUST00007882,545,High,2025-07-31 09:58:42.968923,v2.1.0
c4d98d6c-1bc4-41fc-8341-d16c05738023,CUST00004035,551,High,2025-11-17 01:59:29.919727,v2.1.0
b7f441a1-8477-4fa6-895a-391907821786,CUST00000816,596,Medium,2026-04-08 17:56:52.692413,v2.1.0
1ce181cf-6077-43ca-8d40-d4fe86cb61d5,CUST00007350,404,High,2026-04-14 05:01:37.605668,v2.1.0
91897976-32f4-4d73-84f0-860f95ecfc0d,CUST00002358,400,High,2025-09-01 22:26:31.905138,v2.1.0
37f43196-5c30-48c1-82e4-38cc040410fc,CUST00002494,607,Medium,2026-07-15 04:52:27.838938,v2.1.0
cda03454-c9a5-4d20-aa33-830cae1f3f7e,CUST00005600,490,High,2025-10-29 14:45:01.504285,v2.1.0
b3be01bf-0f3e-457f-a0b2-1042d5034d44,CUST00001524,681,Low,2025-08-20 19:32:27.598489,v2.1.0
99c284ea-6ed5-4161-adb6-7b7b5f0b01d1,CUST00005700,697,Low,2026-02-04 10:43:45.439942,v2.1.0
8a6c5d93-d735-4eb6-a77b-5f3c48783124,CUST00004920,300,High,2026-01-24 07:48:43.262779,v2.1.0
a4ab7f83-8f9d-4160-b5d0-ff81ff29b049,CUST00001264,563,High,2026-04-20 09:59:35.995091,v2.1.0
19172370-7ba4-44da-bf46-92a4974ba35f,CUST00003840,300,High,2025-09-14 08:40:05.528389,v2.1.0
455739fd-7fea-40ef-9660-ab03c6b32242,CUST00001316,327,High,2025-07-28 02:23:41.033372,v2.1.0
ed4c9980-aade-4ab5-b59f-dddac51e2267,CUST00009594,367,High,2026-05-04 20:41:59.849903,v2.1.0
d58bea3d-377e-413a-a19d-1fa2cf6466fc,CUST00002319,608,Medium,2026-02-19 07:39:04.739471,v2.1.0
74d96a8d-98e1-4495-8a31-dbfb446e758b,CUST00006738,455,High,2025-10-14 01:26:00.696628,v2.1.0
5182c158-b690-4225-8f18-8ddbb7cbdccc,CUST00006724,658,Medium,2026-04-26 15:59:17.911240,v2.1.0
44f9d436-937f-4b04-af17-c8e7d1bfd6d8,CUST00008067,451,High,2026-04-09 06:18:45.490191,v2.1.0
8da741a5-53fe-42b5-955f-63013a77e047,CUST00003736,529,High,2026-07-13 09:18:53.919466,v2.1.0
8e462a72-378c-488f-8ae9-b8babd5e0897,CUST00006881,363,High,2025-08-27 06:00:51.078662,v2.1.0
746f8917-d4c4-431b-84ed-e202f16f3b99,CUST00000590,562,High,2025-08-08 19:22:36.848127,v2.1.0
2bce5f24-3c78-492f-a736-c6db42d2da4e,CUST00008635,537,High,2025-12-01 03:21:00.672180,v2.1.0
ea56935a-0e62-4d59-833e-57898daeff2b,CUST00002232,537,High,2026-03-03 21:56:48.146121,v2.1.0
2bc57bd2-1cce-44ac-a70f-acaa8abccea4,CUST00005198,468,High,2025-11-24 09:08:06.795734,v2.1.0
14306de0-5139-454d-846e-5e7d2087e751,CUST00005758,760,Very Low,2025-08-04 08:19:18.669805,v2.1.0
6f235fa3-1fb2-4f22-9c67-cf2631036ecf,CUST00003174,427,High,2026-03-12 16:05:14.214008,v2.1.0
139de7ef-d887-4fcd-94f8-7aee71a1cfc9,CUST00003585,427,High,2025-09-01 11:26:01.674943,v2.1.0
12ac8d31-454e-4df7-87c5-22aef68f1b9f,CUST00008558,446,High,2025-11-03 17:45:45.170209,v2.1.0
c9b58f7c-dc2f-4046-a8ce-eadfc7aedc50,CUST00001512,535,High,2026-04-13 01:02:00.332170,v2.1.0
046b880f-25a0-4af6-b40b-ab170ee16ad2,CUST00002244,449,High,2025-12-30 10:05:10.314698,v2.1.0
c7738fb9-a353-4e9c-a5f5-4df7ffb23e8e,CUST00005000,396,High,2026-07-11 22:12:56.402105,v2.1.0
7b9dc7c0-1ed2-4969-94ff-8129d1021f5a,CUST00005176,358,High,2026-05-08 01:44:27.675164,v2.1.0
076057ea-ad10-45ff-871b-3612a041735a,CUST00005027,388,High,2026-07-14 03:14:39.393783,v2.1.0
40056eee-3fbb-458d-ba2b-b8fbb350c668,CUST00009962,532,High,2026-02-09 11:47:47.361512,v2.1.0
972a2cee-d217-4eab-a441-1c112d2db9b9,CUST00005728,325,High,2026-06-09 13:28:01.495415,v2.1.0
68b57e4a-05b9-4f20-816a-9de928c90978,CUST00007632,455,High,2026-03-04 04:33:47.785736,v2.1.0
8432e8bb-0ec3-441d-a24f-b034ba11be5d,CUST00000692,429,High,2026-01-28 16:35:14.345175,v2.1.0
5bf27837-fba8-4f5d-bf4a-e5a669b6a4d8,CUST00007607,466,High,2026-02-20 10:20:44.873909,v2.1.0
44178f8c-099a-43b4-937e-0af6b9956d90,CUST00009330,613,Medium,2025-11-22 20:52:41.481478,v2.1.0
a2b0f7e8-2622-48a3-a16d-3bf268192b57,CUST00008727,300,High,2025-10-29 20:04:36.496620,v2.1.0
55e5ed3e-e5b6-40f1-bb26-9b37724ef21e,CUST00004334,401,High,2026-04-30 13:10:52.582583,v2.1.0
5cb3e4b3-b58d-44ae-9efb-22144e66ce3d,CUST00007767,717,Low,2026-04-05 00:08:58.731482,v2.1.0
f707d331-ad14-4cd6-a1b9-4ff708cf6c0a,CUST00009724,331,High,2026-03-20 12:18:00.968396,v2.1.0
fe67c4f9-c7bd-44cb-bceb-1992c8cc644c,CUST00000870,328,High,2026-04-04 19:44:10.251344,v2.1.0
4390a139-f668-49a8-9c2f-4a3cdda93ea3,CUST00006437,337,High,2026-01-23 17:10:48.201443,v2.1.0
4d907c62-6bd5-4f68-b448-810ffa84904d,CUST00008328,661,Medium,2025-10-16 08:36:04.660886,v2.1.0
c5f9944a-983f-4166-aba3-75f4ac9d0d22,CUST00005538,517,High,2025-11-14 15:44:05.062354,v2.1.0
3b6acd0c-34ea-4332-834e-a55521d7b836,CUST00007689,578,High,2026-02-15 14:48:51.234705,v2.1.0
fb406527-ce6f-438f-b298-6d21c8b0e64c,CUST00002132,507,High,2026-05-14 10:44:55.578328,v2.1.0
5b5f857a-2614-4db4-846b-7a4284083c1f,CUST00004802,552,High,2025-11-26 20:41:29.158347,v2.1.0
c1d37c46-fc33-4824-865d-2ddd631d7158,CUST00005423,649,Medium,2025-08-22 16:50:41.137141,v2.1.0
870d38ba-6a89-4073-9397-5ccf218e001c,CUST00004641,637,Medium,2026-04-03 19:58:33.884457,v2.1.0
e9c7e4a0-204a-4b3f-8b8c-83a4d60bc73e,CUST00008839,300,High,2026-05-16 11:47:32.564448,v2.1.0
e3733059-4121-4dda-acc0-bcbbdcf3874e,CUST00008200,529,High,2025-08-16 20:14:10.002457,v2.1.0
0468afc0-a5d0-4bc4-8574-a1e7d2fb59ee,CUST00006564,432,High,2025-08-09 15:04:54.305354,v2.1.0
70a5c8ca-12ea-4afd-b527-c46709fae9d5,CUST00000597,339,High,2026-06-07 10:21:58.314236,v2.1.0
4e9bd6bc-0e98-4363-b3ff-5378bbe8d229,CUST00007658,653,Medium,2026-01-07 20:37:37.447698,v2.1.0
1cdbdd0a-e5fa-4894-8dc1-65ff402d2432,CUST00002398,569,High,2025-12-27 20:52:27.307489,v2.1.0
99de744a-136f-49c8-b5f1-80466589b033,CUST00008516,655,Medium,2025-11-29 19:03:05.090458,v2.1.0
48db37a3-82ab-4b2d-9c94-296a8cca1375,CUST00005815,565,High,2026-01-26 02:56:14.137288,v2.1.0
5e51b2a9-d689-4198-a3af-896490d501c3,CUST00009506,300,High,2026-02-17 18:16:22.277658,v2.1.0
a69f3c54-2596-41ba-961b-b236f77b72a1,CUST00008633,374,High,2026-01-23 10:51:15.345149,v2.1.0
09204126-3c55-4f72-acfe-e579df977ae3,CUST00005922,626,Medium,2025-12-09 02:28:31.346479,v2.1.0
7dee4846-65aa-4311-96eb-5474390b2969,CUST00007421,512,High,2025-10-22 05:22:57.777274,v2.1.0
8627eee2-17b9-493f-9922-0b08f2029f08,CUST00002853,595,Medium,2026-01-16 02:30:26.595812,v2.1.0
567c668f-c85f-40eb-985d-c9cc2c452200,CUST00001007,336,High,2025-12-19 13:31:27.423882,v2.1.0
61335d5e-d14e-4326-9fea-6dd5cb8f9c6f,CUST00000604,300,High,2025-12-25 15:32:31.956611,v2.1.0
c5b76631-469d-421e-8bc8-24620da73f0c,CUST00000723,413,High,2026-06-22 23:08:29.877666,v2.1.0
5dca15cd-ed82-45d3-943c-2798cd136436,CUST00009451,367,High,2026-01-12 17:06:23.202198,v2.1.0
5195c6b0-d3c8-4edb-a24b-19ad8ca66a78,CUST00008144,668,Medium,2026-07-08 09:22:47.807678,v2.1.0
7b3d1252-ee41-436d-8643-0b4cbe4109a5,CUST00004879,808,Very Low,2026-05-14 19:14:37.442561,v2.1.0
62085ca7-dd7e-4798-b9a5-8010f33c6702,CUST00001336,300,High,2025-09-08 15:12:39.337356,v2.1.0
38cb566d-c74f-4b3b-8215-23d968ab55dc,CUST00000797,749,Very Low,2025-09-02 08:14:42.809085,v2.1.0
2212ceba-687b-434b-93ee-6b9bc4c7a70a,CUST00005902,499,High,2026-04-03 15:40:55.720009,v2.1.0
5a17baa3-d9ec-4378-9ddb-4028dfce09b1,CUST00004428,346,High,2025-09-03 04:03:59.219514,v2.1.0
acbe863d-8c4b-4079-801a-36025589dd53,CUST00000023,386,High,2026-04-01 05:36:04.483579,v2.1.0
974e9509-2ccd-485c-abd1-50bcefb45eb4,CUST00004752,789,Very Low,2026-05-29 05:08:20.794995,v2.1.0
3cb5cc30-26f9-4962-bb2f-34cac8cdae76,CUST00009861,558,High,2025-08-30 00:46:35.114271,v2.1.0
6168d9f4-1a99-4191-a777-021b25459c4c,CUST00000593,681,Low,2025-10-03 13:52:49.464347,v2.1.0
499f9471-e36c-4262-baff-8120bfef51eb,CUST00006859,693,Low,2026-01-06 19:13:41.495891,v2.1.0
7a058e85-576d-4467-b268-bd49f2910b1d,CUST00006770,520,High,2026-04-16 13:30:51.854623,v2.1.0
439a6429-7c41-409a-9ce1-db3ca5edf3a1,CUST00008018,390,High,2026-06-27 17:23:38.903911,v2.1.0
d2bea002-feaf-4a00-b9ff-cadadce0e9de,CUST00006814,732,Low,2025-11-29 19:22:59.302221,v2.1.0
67d66de3-f5af-4ad6-8220-565ef6ea65ce,CUST00009312,338,High,2026-06-30 13:20:52.771455,v2.1.0
2bd684b0-e67a-4ced-816d-fadd36b24f7a,CUST00007426,501,High,2026-02-22 15:23:24.122494,v2.1.0
eacbec62-7a13-4ee6-ab6b-5b0af09f2b84,CUST00007616,573,High,2025-12-14 03:46:14.019446,v2.1.0
72195326-cf47-4ec8-b34f-d17fa223aa4a,CUST00000895,763,Very Low,2025-08-31 01:23:34.962469,v2.1.0
ba6878ec-77e9-46d9-af77-ae458b161efa,CUST00002279,555,High,2026-02-11 17:51:34.409539,v2.1.0
7b9d0702-26f3-4bff-9977-1da361960200,CUST00008668,383,High,2025-08-01 15:00:37.907575,v2.1.0
13fee699-8574-4156-9394-d82afeb87db2,CUST00005209,637,Medium,2025-09-11 21:44:14.971637,v2.1.0
87323680-40e5-440e-b098-c7177150544b,CUST00008752,536,High,2025-11-30 14:06:02.228645,v2.1.0
63aaf26f-2360-4ff1-9db0-de23305e2080,CUST00001686,452,High,2026-07-14 20:57:04.701691,v2.1.0
f9caff06-e02a-4ff3-b28c-2657bd9a7812,CUST00001105,385,High,2025-11-05 16:12:43.369313,v2.1.0
8106ae87-2a14-4437-9a3a-e7a1a1dff96c,CUST00003331,620,Medium,2026-01-11 09:24:48.998367,v2.1.0
4d8d748c-e652-40e8-897c-16325349d4d4,CUST00004262,390,High,2026-05-02 21:24:31.316904,v2.1.0
ff8b674e-4d94-48a3-9179-646f9f4ab030,CUST00005943,774,Very Low,2025-09-07 19:52:13.324595,v2.1.0
3d8799bc-8186-4bd4-b808-c61f9f6abc0e,CUST00004122,470,High,2026-02-18 06:24:41.611424,v2.1.0
0d45bab6-fa27-4658-ada5-64b3470eb6b9,CUST00000870,657,Medium,2025-08-04 16:22:13.233056,v2.1.0
d1052aba-1d4a-4af3-96bf-813c17d71093,CUST00008534,561,High,2026-06-09 12:42:48.578268,v2.1.0
d4ea2974-0ad5-4776-a436-6ecb7ccda7b6,CUST00006109,709,Low,2026-06-07 15:10:08.546195,v2.1.0
7406991e-4ef1-4d88-b883-958566c27961,CUST00009317,421,High,2025-10-04 15:38:32.084042,v2.1.0
f46a2713-86ae-463a-8c04-789161dbaaa5,CUST00006916,638,Medium,2026-05-13 02:09:38.560618,v2.1.0
ed0cb8c9-f059-4286-96a2-cd2d5217e477,CUST00009900,300,High,2026-01-12 10:33:17.368614,v2.1.0
d91d5fff-57f6-441f-bc0f-eb5c67aeb378,CUST00008376,347,High,2025-08-31 14:12:14.419374,v2.1.0
7d2b8748-478b-4142-9125-ee38f107f156,CUST00009885,411,High,2025-11-22 06:04:47.667036,v2.1.0
a89e8bd7-3561-429f-b01f-a55ce04303e3,CUST00001685,515,High,2026-05-31 19:51:25.402031,v2.1.0
2132e675-6b4e-4893-aff4-ca8c6a6deabd,CUST00001848,445,High,2025-12-17 10:16:13.904823,v2.1.0
f98b5756-f8fb-4b8a-b70e-d95ffc278768,CUST00006289,601,Medium,2026-02-12 05:12:19.471994,v2.1.0
61213f6f-d5b9-4c3b-be6b-c5b301bfc172,CUST00005263,300,High,2026-02-09 13:15:29.431154,v2.1.0
a1ac874f-7990-4c78-873e-cdf26cb78268,CUST00005742,300,High,2026-06-11 17:36:33.270439,v2.1.0
9d0011df-3d91-442f-ad5b-56d9e1950050,CUST00001160,578,High,2026-04-29 07:01:40.125520,v2.1.0
4eaa0c7a-87c4-4680-bb4d-1fe998a8e068,CUST00005276,317,High,2026-01-07 11:38:15.286009,v2.1.0
ac17d526-cdf6-4008-b036-a4fd76d5b1e9,CUST00007340,636,Medium,2026-04-06 21:32:51.924836,v2.1.0
2af40854-0f0b-47b0-b42b-ddf1d7375e75,CUST00001375,498,High,2026-02-24 03:24:46.417942,v2.1.0
e69376e5-cc3c-49f6-8741-1c89df35c30f,CUST00007613,321,High,2026-04-22 04:59:18.857271,v2.1.0
60d3bd0d-a0cb-4fd4-afde-8f077ab586ed,CUST00006435,551,High,2026-01-18 06:32:44.912507,v2.1.0
d8438c7b-8729-4bbe-80d9-e303739a4166,CUST00000252,455,High,2026-01-02 06:21:45.858202,v2.1.0
a61aa052-30c5-40c1-84ba-267906e90a48,CUST00004009,739,Low,2025-12-29 05:52:48.021426,v2.1.0
76a7b265-0017-4e05-a673-a914bcf88813,CUST00008683,777,Very Low,2025-12-28 22:23:17.977769,v2.1.0
9f6392df-d095-482c-a0b4-d443526fdedc,CUST00004297,612,Medium,2026-05-30 08:05:02.886994,v2.1.0
96f63fcc-6c55-4fda-920a-a24c063f0e4c,CUST00009272,520,High,2025-11-13 16:40:29.497553,v2.1.0
6eeaffb5-b276-47c1-b524-e7502dba49eb,CUST00009095,360,High,2026-05-06 00:51:49.179778,v2.1.0
77b1e3c3-9dac-40c2-a7b9-86503b26eff5,CUST00005735,510,High,2026-03-17 14:46:29.044388,v2.1.0
56deb8d7-b527-4dda-b1d1-ef46c0395cc1,CUST00003560,437,High,2025-12-14 12:36:37.976283,v2.1.0
e85da32e-7f1a-4912-8285-5632bde4e445,CUST00001026,474,High,2025-10-10 22:46:16.330884,v2.1.0
7821de1b-7e27-4fe7-a343-06346d113a1a,CUST00007020,596,Medium,2025-12-09 07:51:47.821334,v2.1.0
5c798984-34dc-4ed3-a486-9001adc79ad3,CUST00000170,323,High,2026-01-31 12:08:04.061087,v2.1.0
49d12f58-c5e6-4121-91a4-69458d8ba950,CUST00005428,772,Very Low,2026-07-02 20:12:06.598600,v2.1.0
bccd1024-f1d9-4852-ba03-ad4488ef7a9d,CUST00005954,648,Medium,2026-06-07 23:48:42.190005,v2.1.0
eabaf0fa-6dbf-483a-8e30-fc0b582ac878,CUST00006427,333,High,2026-04-12 16:44:30.773520,v2.1.0
c43e3dc5-5080-4743-9d81-b97df20c945f,CUST00004343,473,High,2026-03-10 19:51:22.404498,v2.1.0
1a546ea9-9cd6-498c-837f-22a77c2e04e3,CUST00005513,506,High,2026-05-30 04:38:53.301780,v2.1.0
53bc21d2-bbe5-4f2f-bfa7-db0030f48eb5,CUST00004194,449,High,2026-04-02 05:07:40.912561,v2.1.0
292b3d27-7167-48d4-a57d-2416d1b7547e,CUST00008856,707,Low,2026-02-11 19:52:33.696253,v2.1.0
ef79f926-3e4c-47e7-9d21-20ab86c09da5,CUST00004461,587,Medium,2026-05-04 16:50:37.479859,v2.1.0
da741c30-e674-4099-ba37-f462f97f12e8,CUST00004423,630,Medium,2026-04-02 06:47:43.726067,v2.1.0
27d28ddd-4a95-4524-a04c-0926ae47533e,CUST00002132,611,Medium,2026-02-07 19:53:13.597337,v2.1.0
e385582f-bb04-4f09-a9ef-6b107d13c465,CUST00005289,470,High,2025-09-01 02:56:48.631106,v2.1.0
22c61f16-39ae-4877-a9e8-3223abeb0822,CUST00005090,616,Medium,2026-02-07 05:03:34.373720,v2.1.0
498a96dc-c19b-47bd-9b16-3916603403b3,CUST00007773,528,High,2025-09-26 04:40:24.623308,v2.1.0
f48d1757-8302-45f7-98d1-32d0ccd44ad4,CUST00000919,433,High,2026-02-28 21:19:05.519968,v2.1.0
fd96fff3-8fae-4cb0-a722-99d8282ff009,CUST00008390,462,High,2026-02-13 14:29:04.348321,v2.1.0
95c99b95-9509-439a-8656-f51ba5b72e0b,CUST00003547,300,High,2025-08-06 05:23:28.039924,v2.1.0
17b1152f-b212-4b80-9197-29f24598da71,CUST00003372,628,Medium,2026-02-11 04:31:56.457039,v2.1.0
2781d98e-7cf6-426d-8aaf-d08444ee2cdb,CUST00007007,388,High,2025-09-25 02:06:20.559970,v2.1.0
da93849c-614b-4dfe-99cb-842493b5706b,CUST00008417,530,High,2026-01-07 16:58:06.316780,v2.1.0
30a7946e-28aa-43e0-86e4-f6e467904c31,CUST00001768,641,Medium,2026-06-10 11:36:14.319480,v2.1.0
a0a62aa8-4997-4960-8d82-9fc91e0053ab,CUST00007145,806,Very Low,2025-08-30 20:16:49.444124,v2.1.0
53325d52-f57d-4aa8-b292-363fe405c948,CUST00008265,665,Medium,2026-06-24 20:15:07.225874,v2.1.0
871fb026-ba5c-4518-b60b-b8e2c5b3dae2,CUST00002000,431,High,2025-09-21 13:29:40.066539,v2.1.0
5309d852-94dc-4d32-bd2f-18e53e7299be,CUST00008656,484,High,2025-07-24 20:13:29.366794,v2.1.0
60299cf8-d155-4833-94fb-f27e1999e0c7,CUST00003794,467,High,2026-05-01 06:25:49.397630,v2.1.0
f2a4ef31-7f22-4ea7-979c-92893836742d,CUST00001531,300,High,2025-10-15 12:01:52.459186,v2.1.0
74760414-a69d-4390-8b71-588ca83f9446,CUST00009495,598,Medium,2026-04-01 15:10:56.548321,v2.1.0
93da596a-b3f6-4452-b088-c8575f4758f1,CUST00007550,507,High,2026-06-07 02:53:05.646436,v2.1.0
e1dc2bda-2c66-4452-bff8-f9f2ac6343bf,CUST00004292,486,High,2025-12-27 03:54:57.087191,v2.1.0
23128b66-0793-4954-96f5-ad1053d5577d,CUST00009504,332,High,2026-05-08 15:10:58.731175,v2.1.0
a6688eb6-4456-405d-8cee-c315e51144f8,CUST00008640,501,High,2026-02-24 13:27:02.381318,v2.1.0
cd2ddaca-a7c2-4967-9f78-82715c170d7e,CUST00006982,734,Low,2025-12-11 15:58:14.159008,v2.1.0
892cf902-23b2-4590-b7ff-523aa31ed828,CUST00007729,378,High,2025-08-03 08:13:21.977234,v2.1.0
31e64f92-dce8-4644-aa23-7a5ff2b483e9,CUST00005698,512,High,2026-05-28 17:46:01.550904,v2.1.0
d1fe6bbf-fa54-4b43-b127-4a9c97174068,CUST00007245,813,Very Low,2025-07-26 09:49:37.186805,v2.1.0
b85d8c8f-d26a-4d1a-b76a-117b152f7d2b,CUST00000602,672,Low,2025-12-24 12:41:48.343684,v2.1.0
f3ee141f-f982-4750-b6af-1c10fe9f146a,CUST00007620,300,High,2025-12-16 11:08:24.172572,v2.1.0
c2c63b53-317b-4c17-a9d8-5400ae2a6742,CUST00009896,701,Low,2026-05-27 21:22:42.941036,v2.1.0
05a4bbca-cd83-407b-b242-59624e6e1238,CUST00004885,349,High,2025-11-10 20:00:18.723901,v2.1.0
0bd5d452-2e99-408b-b8aa-284dfbdc0684,CUST00005690,525,High,2025-10-19 20:15:56.724056,v2.1.0
b64a981c-ebdf-4b97-9420-e010e3911754,CUST00006204,539,High,2025-08-28 18:51:15.137876,v2.1.0
9c555216-5206-4005-a1a0-d531f658aea9,CUST00006241,649,Medium,2025-08-23 04:38:30.234038,v2.1.0
bacb71a1-0890-452b-b4cb-1afe2e1c36c6,CUST00007294,392,High,2025-09-17 07:55:19.267411,v2.1.0
fb90ea56-a718-4c1d-939b-05a6fe344c21,CUST00008401,491,High,2025-09-08 12:28:35.894723,v2.1.0
a8309002-f2cc-4abc-b64f-aeefc219d9c1,CUST00007735,300,High,2025-10-19 06:02:11.689066,v2.1.0
7e873a53-41e6-477b-a2fc-88f3eab2f54a,CUST00009704,507,High,2025-08-19 15:34:09.915807,v2.1.0
40abed77-42c7-416b-bea1-055feffc9879,CUST00003118,412,High,2025-11-06 23:11:29.155195,v2.1.0
ef17ec24-32e9-41f8-a6a9-6f72f4691016,CUST00003327,479,High,2025-12-13 15:59:39.915973,v2.1.0
732d946a-f393-46a7-b631-ddd3f4f81746,CUST00003189,615,Medium,2025-09-17 16:59:42.234927,v2.1.0
23a2c888-a90c-47c1-bcc3-afe810d4633a,CUST00002864,474,High,2026-02-27 08:15:03.884132,v2.1.0
a2eba376-b405-40f2-9328-6eb9e0a77f40,CUST00005905,502,High,2025-11-13 17:19:37.622759,v2.1.0
93ec6471-4787-4f78-938c-57ab91e67b13,CUST00006106,327,High,2025-07-27 20:04:59.145918,v2.1.0
d55b3f86-61c9-4505-bd18-6a5d85150764,CUST00009904,532,High,2025-08-08 06:43:10.298105,v2.1.0
c93dd0cd-b1f0-4145-8bf5-d1145a27755b,CUST00007109,519,High,2025-12-07 08:01:29.523314,v2.1.0
338a1888-e501-414a-84e0-1a8ec04aea18,CUST00000092,537,High,2025-11-11 19:18:48.983467,v2.1.0
3e09842d-15b2-42ed-a0a2-5d9e962e1e66,CUST00005521,300,High,2025-12-15 16:36:45.493015,v2.1.0
f4b266b0-b5b2-46b2-8024-d7fba7d8bbbf,CUST00000105,300,High,2025-11-13 07:55:20.230680,v2.1.0
d0a11fa0-c37f-4ec7-853e-0a64243d41cc,CUST00009990,734,Low,2025-12-02 01:33:54.601104,v2.1.0
5bca7cbf-6b88-423f-a94b-5dabbd1f0013,CUST00003695,327,High,2026-05-16 05:41:21.793741,v2.1.0
99241f34-5b72-4c56-95f4-942f666e4b1b,CUST00009141,405,High,2025-08-31 02:16:05.442237,v2.1.0
03e440e9-2c6e-4f87-a6d5-623974020684,CUST00009148,397,High,2025-09-29 21:29:40.340868,v2.1.0
fd6b37a0-69a9-4518-b863-a5d77b2a458a,CUST00009791,553,High,2026-04-18 14:55:50.837441,v2.1.0
553b06f8-feba-4d1d-94a7-aa31491059fe,CUST00001072,721,Low,2026-02-16 22:53:49.866420,v2.1.0
0ccbf6f8-e39f-4b56-a0f7-93cba7b173d7,CUST00005956,423,High,2026-01-13 23:14:47.069983,v2.1.0
5c586773-1be4-48ad-8eb1-84add6441ae8,CUST00009721,510,High,2026-04-18 17:10:36.925315,v2.1.0
9e9cfe3d-52f7-4fc2-ad2b-60319ea3825b,CUST00009297,688,Low,2025-12-05 13:09:04.530237,v2.1.0
c4609e3a-fefe-4113-bfbc-7f98f2b8ffa8,CUST00000368,593,Medium,2025-08-28 22:40:57.471036,v2.1.0
e7e0334d-e633-4c09-8d3e-2ef1ad3b6533,CUST00009750,300,High,2025-08-09 01:23:32.319854,v2.1.0
9165087c-997b-4a6f-a8a0-c0281c15424d,CUST00009291,380,High,2026-01-03 16:26:18.525210,v2.1.0
bcc2db3b-25ff-4fb1-9ef4-b86b26a87e4a,CUST00006158,417,High,2025-12-13 14:14:29.493355,v2.1.0
e67627a9-cbb3-4188-bd3a-22a2049c46ae,CUST00008512,593,Medium,2026-01-10 18:02:17.518469,v2.1.0
cb0b39bf-3d6c-4ce8-88a6-6fea249bebb7,CUST00007683,501,High,2025-12-13 17:53:58.944589,v2.1.0
eafdf2a4-c212-4352-9798-07014a6a81d4,CUST00003920,580,Medium,2025-10-11 06:49:10.854925,v2.1.0
9ceeb3ab-c332-42ba-a5c7-f81047ba1689,CUST00006909,545,High,2026-06-06 13:44:12.665785,v2.1.0
422a8d77-2ab5-44fe-9342-7dfa59a1f2ff,CUST00001347,397,High,2025-10-24 05:17:47.805801,v2.1.0
78b1a2f5-2da9-4644-bf62-4ce378bf4741,CUST00001535,697,Low,2026-07-04 19:29:41.366562,v2.1.0
f9587de3-a7a4-47f2-891a-d9894f1eae14,CUST00001102,300,High,2026-03-21 11:38:56.341817,v2.1.0
fca9561e-a96e-4485-84f4-023e7927a4d7,CUST00004109,462,High,2025-10-15 21:03:17.011208,v2.1.0
f4607f50-7318-4ed8-8e16-dee6f85e0adc,CUST00006524,716,Low,2026-02-05 12:20:21.558735,v2.1.0
0a3b746b-ad74-4ec2-8538-906d70fd5158,CUST00001745,582,Medium,2026-04-30 16:54:21.791578,v2.1.0
9b470349-6db1-48cb-8653-cc6b3abb2d3c,CUST00005322,374,High,2025-11-06 04:04:12.036118,v2.1.0
d71fe6a9-8bd1-42e7-bfda-973984d4ecf1,CUST00003763,300,High,2025-12-13 11:20:38.661263,v2.1.0
c3e06795-38e3-452f-94b0-8506fee2ae90,CUST00009950,372,High,2025-08-17 13:25:38.825259,v2.1.0
3ab05581-5655-4293-b188-e10cf878844e,CUST00004636,400,High,2026-03-07 03:10:06.017081,v2.1.0
755c9afd-b9b8-43d1-8297-51096702c158,CUST00004538,694,Low,2025-09-30 05:21:40.896740,v2.1.0
4e865b59-0e38-47eb-a593-0a93c7ab89ac,CUST00009610,361,High,2026-07-06 10:23:13.078276,v2.1.0
801f667a-1d4e-48cc-aa3f-4fcb3361b5fc,CUST00000419,460,High,2025-12-01 06:12:39.289422,v2.1.0
f4ea3c9b-f6f4-4c96-b38c-6b91467c0156,CUST00001968,707,Low,2026-07-12 18:53:12.012399,v2.1.0
122bd914-4505-4b10-9587-3ccd420cd4ec,CUST00000321,307,High,2026-04-29 12:56:19.268479,v2.1.0
ea3787c0-6e75-4daa-ab9a-d423975b8ff6,CUST00009974,559,High,2026-01-30 05:48:54.960617,v2.1.0
e129dc5e-6f9c-4c86-920a-7253b1ddf5c6,CUST00008768,466,High,2025-12-19 16:25:09.402767,v2.1.0
5342b9e4-244e-431b-982c-f27f4eba1f20,CUST00001202,643,Medium,2026-06-15 19:50:00.504376,v2.1.0
ff551e98-5be8-4920-8a1c-4d77c23ea7e2,CUST00005477,521,High,2025-12-29 21:46:08.071640,v2.1.0
0fd33517-c758-430c-a3d1-62cf6ed6a8b7,CUST00003500,558,High,2025-07-18 06:40:55.142374,v2.1.0
e8279f2b-5bd6-4789-9179-38b64753879a,CUST00002073,725,Low,2026-01-03 14:56:07.191166,v2.1.0
00e348ff-c549-4508-9354-a3e956f5eb0e,CUST00006564,466,High,2026-05-16 19:58:51.458211,v2.1.0
f600bd0c-b0cd-4561-80d3-21a1607eb7c6,CUST00009018,657,Medium,2025-10-31 13:23:53.684341,v2.1.0
b68c62b7-7cbd-4912-8aed-bb0935280819,CUST00004864,580,Medium,2026-07-07 22:56:33.860257,v2.1.0
050aecbd-094a-4bc5-bd30-4e25e1ebfb80,CUST00006872,433,High,2025-07-18 02:39:58.152544,v2.1.0
c59f2054-76fe-456b-a8bf-7526dc339ef4,CUST00006826,581,Medium,2026-06-23 20:48:13.148071,v2.1.0
73af19d7-a2da-46a9-8b72-8bb7210549ca,CUST00009931,300,High,2026-01-10 00:38:09.505718,v2.1.0
46d73c42-3231-4f67-84b2-6b28a6dcd573,CUST00000420,495,High,2026-02-21 06:40:19.797020,v2.1.0
cb6f8390-fdc5-4f82-8278-b342303b93cf,CUST00005610,371,High,2026-05-20 12:39:17.406466,v2.1.0
eab70b65-5070-4a32-bf99-31bf5e16cb05,CUST00009046,365,High,2025-12-03 18:14:29.094629,v2.1.0
cbf237e2-1567-4d72-a2a9-eef8de548e16,CUST00009662,555,High,2025-11-23 06:21:07.536879,v2.1.0
783003c6-b9e4-4695-86ec-c1434fe8156f,CUST00001957,579,High,2026-03-05 19:40:52.526488,v2.1.0
47a632d4-4e11-420c-a047-37cf9a48ec0c,CUST00009294,833,Very Low,2026-02-16 15:16:18.333970,v2.1.0
24b8cf8a-2038-4f7c-aba7-2fabcd163668,CUST00005862,637,Medium,2026-01-20 07:19:24.273806,v2.1.0
fb016b17-73c7-4299-b203-0c2e9ce0c7a5,CUST00004545,300,High,2025-08-03 12:36:54.626545,v2.1.0
6f4dcfac-d5f0-4404-89d9-d7255a147e8f,CUST00006357,300,High,2026-04-13 21:24:26.069839,v2.1.0
67f475ed-6a15-4d1f-af46-991ddc3314f9,CUST00001235,727,Low,2026-02-08 13:44:41.701557,v2.1.0
a0597e0f-efc1-4b0f-ae19-67be7c63055e,CUST00008871,315,High,2025-11-04 17:13:49.996119,v2.1.0
028870b7-7b04-47cb-bd69-f6993faa4cc8,CUST00009127,528,High,2025-12-09 07:03:17.404817,v2.1.0
74717ef1-c027-4374-8e6c-ba8e90cfb5ea,CUST00006160,561,High,2025-08-31 19:53:36.616673,v2.1.0
30734747-20cb-4ca1-9174-92073d9e117e,CUST00006592,529,High,2025-09-06 22:02:51.648898,v2.1.0
a81710c8-9af5-44f0-9fab-68843800d948,CUST00009006,689,Low,2026-02-06 03:52:08.464504,v2.1.0
2d97b5f4-3044-4052-a3d3-194c8888feb4,CUST00009806,428,High,2025-10-27 23:34:16.744745,v2.1.0
450370c4-b8ff-47d6-9030-19e050c5f7c9,CUST00000577,708,Low,2025-12-22 16:23:09.430060,v2.1.0
4a53a764-0194-4f34-8043-4590c820bb78,CUST00006068,445,High,2026-02-25 20:55:26.473265,v2.1.0
666b825a-9ef3-4700-b93b-ac6f327bce53,CUST00008112,466,High,2026-07-02 14:23:45.992284,v2.1.0
3b60de0b-6269-45af-b313-87753838d83a,CUST00003210,693,Low,2025-11-11 04:04:58.459634,v2.1.0
45bd781e-e97e-4d79-a1da-cc279099fa73,CUST00008815,426,High,2026-03-24 01:02:26.055110,v2.1.0
7ba3a887-0dad-4ac0-8dcd-a67aa1466e8a,CUST00000794,576,High,2025-11-20 01:21:55.327795,v2.1.0
9bd2f87c-27ab-453e-ae4d-bb2c14b3ae48,CUST00006675,474,High,2025-10-21 08:55:50.352811,v2.1.0
472b0b29-24fb-42c5-9ae1-7608034bfb95,CUST00001884,556,High,2026-04-18 19:50:30.881704,v2.1.0
920e198f-7218-447c-be75-3153866f28e8,CUST00003310,729,Low,2025-12-30 06:19:29.968464,v2.1.0
ed030008-9d00-455d-9276-aaedaf6ad71d,CUST00000856,521,High,2025-10-15 17:39:18.964358,v2.1.0
257bd233-3b38-49ac-8ee8-a1e590ac49b4,CUST00006058,395,High,2026-07-11 22:50:29.068660,v2.1.0
a3860686-0600-4b58-a126-91473460a382,CUST00000852,529,High,2025-11-19 16:33:06.558226,v2.1.0
7050d79d-59e7-4aa8-8066-814317e8c760,CUST00009772,430,High,2026-01-01 20:23:51.434327,v2.1.0
2320044e-642f-4381-a17d-4e9271bf4fcb,CUST00003915,711,Low,2026-02-21 21:05:59.527026,v2.1.0
96fa7431-d183-4557-bc93-75b0cf39343c,CUST00002889,528,High,2025-07-23 17:03:36.071298,v2.1.0
5c5492bc-edc8-454c-8b1b-84a9a737fa7d,CUST00001680,587,Medium,2026-03-27 14:27:16.923668,v2.1.0
72b46c3b-7951-47ff-b755-afe8dc9532df,CUST00008639,850,Very Low,2026-03-11 00:28:25.302070,v2.1.0
b5ea9604-30f3-462d-90c3-aba276d6c4e1,CUST00004351,469,High,2025-07-18 15:51:17.842686,v2.1.0
02d17a94-979b-4af1-9e9d-3d9261428bc8,CUST00004466,602,Medium,2026-01-07 23:02:43.273636,v2.1.0
88a47024-b57b-4e74-8e59-3e4c7fb1aa1c,CUST00003030,677,Low,2026-06-12 03:45:26.693692,v2.1.0
e2aea959-bcf3-435d-9911-0d82373f839d,CUST00009056,508,High,2026-03-20 14:41:23.400677,v2.1.0
96ef9e87-9312-4d1d-a30b-f31e9f05775d,CUST00008939,433,High,2025-12-15 19:35:41.750978,v2.1.0
396a6a19-d460-4d3b-9efb-87396bb5bd4a,CUST00004637,432,High,2026-06-09 21:36:46.517573,v2.1.0
5995928b-a4bb-40ec-a40e-0afdefce9d3c,CUST00001497,412,High,2026-03-31 18:51:47.174586,v2.1.0
5c82171f-8406-4efd-8d75-6e9464fdb83d,CUST00003735,444,High,2026-04-22 09:29:39.335119,v2.1.0
043e578c-e3d9-4eee-84cf-f2c53f152d3c,CUST00006814,850,Very Low,2026-01-30 11:02:17.217754,v2.1.0
a8596611-7300-4a02-b754-93d694ccb6ba,CUST00006790,518,High,2026-05-01 11:14:08.450553,v2.1.0
6f2a500e-46bf-4574-a6e1-5c9718130947,CUST00005444,577,High,2026-03-11 23:44:16.380709,v2.1.0
7cecdaf6-8819-43fc-bc6e-5d9b4ed2b75c,CUST00000937,437,High,2025-08-15 05:27:21.515302,v2.1.0
41a881ea-1b34-42d6-9d25-fb1cd93ac108,CUST00003823,541,High,2025-07-29 05:11:07.735173,v2.1.0
ba7be082-282e-4efa-844d-45cb897ef2a1,CUST00007406,658,Medium,2026-05-17 19:45:15.845979,v2.1.0
a1651fed-ee5b-4042-9d13-6b4ac5ffa8d7,CUST00000424,300,High,2026-03-20 05:06:21.601514,v2.1.0
d83ded91-6348-43bc-b23c-507ae65160ee,CUST00005759,468,High,2026-03-20 10:39:11.809091,v2.1.0
b8289ee7-43af-43a6-8942-d5f012b9a9d0,CUST00009853,399,High,2025-11-23 20:10:26.578172,v2.1.0
452525d3-a443-4d67-85fb-2b589fc8bb3e,CUST00006510,449,High,2026-05-10 18:33:08.247447,v2.1.0
048434a7-9826-404f-92d2-3ea9a675ffc6,CUST00005542,425,High,2026-05-16 03:16:57.463733,v2.1.0
a6b75f27-aaa3-4cd1-a67f-cb1e2881cd91,CUST00008870,300,High,2025-11-25 15:44:55.368828,v2.1.0
012c545b-f12f-426f-a642-88419151e247,CUST00002003,300,High,2025-09-20 15:04:56.923961,v2.1.0
b3003ed7-3751-44b7-9e6f-b4fbab3933f6,CUST00002711,526,High,2026-04-24 09:42:40.407549,v2.1.0
77fb42e5-dbb7-4688-992a-ab262d2c9773,CUST00004743,527,High,2026-03-29 11:54:20.934622,v2.1.0
a57a1a74-febc-471b-a6ec-3e75175a2f05,CUST00009942,716,Low,2025-07-20 23:48:51.705169,v2.1.0
1bdfdccd-a0a4-48c1-a425-82812b215ba4,CUST00003688,527,High,2026-01-02 21:45:31.072767,v2.1.0
5ea0fe72-4d7c-4f2d-8d18-d68cdcf03608,CUST00005255,680,Low,2026-06-24 20:49:51.214468,v2.1.0
0b0664a7-8051-434f-a800-34e52ddeb13a,CUST00002711,489,High,2025-12-27 06:58:04.745750,v2.1.0
b50d9b5a-3bfb-4c11-9867-fdcdb459befb,CUST00003617,565,High,2025-10-06 19:42:17.290224,v2.1.0
88573067-81a6-4ac0-ad24-190d6a25d6e6,CUST00000480,539,High,2025-07-25 03:18:29.927243,v2.1.0
5a12874a-f71a-44b3-aadc-12b2114dfc80,CUST00004355,524,High,2025-10-28 14:15:51.686352,v2.1.0
39228a74-6d49-4996-980a-1d1aec9245e6,CUST00008939,612,Medium,2026-06-19 10:40:00.200548,v2.1.0
3af12cac-66a4-484e-8096-d5f0077fdda1,CUST00009504,598,Medium,2025-11-25 14:28:48.429644,v2.1.0
216d9cd6-ad04-40a1-8347-b59cfcd3bd83,CUST00008266,850,Very Low,2025-08-19 18:31:54.698334,v2.1.0
a0e02fa1-fdf3-43f0-92ff-668abc6069e9,CUST00003310,649,Medium,2026-02-26 23:11:54.610830,v2.1.0
74f6b6b4-6664-41e7-bcd9-4a4ee9706308,CUST00001460,695,Low,2025-11-05 15:29:49.910474,v2.1.0
c7fbfa1d-4a49-4087-a450-7c147dba36bf,CUST00009719,714,Low,2026-04-06 02:03:10.828923,v2.1.0
bc5ed1bd-157d-42b8-b7cc-fc28e4a121cb,CUST00001537,385,High,2025-10-11 11:21:21.087772,v2.1.0
de598b5f-a617-4268-8b31-776752369803,CUST00007211,701,Low,2026-01-14 06:30:54.883827,v2.1.0
efa54dbd-7589-428c-bad3-a645d8d58108,CUST00007464,731,Low,2025-11-27 11:52:14.251820,v2.1.0
37e9276b-a913-4bf2-8dbd-ab2c164120e8,CUST00008411,522,High,2025-10-28 10:56:59.269850,v2.1.0
7e8e11e8-7276-4c17-9b8b-e9e1702180dd,CUST00004935,515,High,2026-06-13 06:36:12.231269,v2.1.0
f18f3615-e480-4836-adca-4c58ef6b7813,CUST00008426,717,Low,2026-04-02 03:01:07.742721,v2.1.0
0489daa8-f610-45a1-91fc-9cafd0c2c614,CUST00003454,442,High,2025-10-02 06:42:26.843973,v2.1.0
d9921ac3-ca13-48e6-8270-d55e32b8802b,CUST00002926,533,High,2025-09-27 12:45:24.191998,v2.1.0
c96080c8-b6c5-4676-8159-d551fd04c24e,CUST00006925,721,Low,2026-05-13 19:40:41.586781,v2.1.0
9d7577c5-6e82-4c69-9e17-6c285ed2d347,CUST00006402,492,High,2025-12-09 13:54:12.001201,v2.1.0
448ccf97-f6ed-4be9-b071-c0ab20bd45ba,CUST00003490,615,Medium,2026-05-31 15:23:01.891324,v2.1.0
d93e8a59-f1f6-45c8-b09f-7be739d3d47c,CUST00004571,431,High,2026-02-10 18:31:13.873791,v2.1.0
58651c20-8832-4f72-aecc-f08dbae060ae,CUST00008682,546,High,2026-01-14 08:17:29.851816,v2.1.0
2272a4cb-341f-444c-9915-3a936b0121c2,CUST00003343,355,High,2026-02-04 10:43:24.486761,v2.1.0
95c63ef4-2a38-46aa-b46a-35ff63828bd2,CUST00008329,547,High,2026-03-15 21:53:31.860052,v2.1.0
8cff3439-434c-42c4-a787-6efc5f006211,CUST00009697,416,High,2026-02-09 12:45:32.961439,v2.1.0
db988a8f-ce22-4d1e-84ca-ecf2483bfcd2,CUST00009675,583,Medium,2026-03-24 03:31:04.159781,v2.1.0
b18b0a4f-7bda-4fa0-ba43-253fcd049a1e,CUST00009758,609,Medium,2026-02-09 07:47:26.159477,v2.1.0
8cc19320-d9be-416a-9e94-c751b09c369d,CUST00001293,300,High,2025-08-10 18:50:32.987921,v2.1.0
84589dd8-73eb-4e03-a529-7baf762a5ee4,CUST00002225,389,High,2025-09-02 18:05:02.626412,v2.1.0
b56c3af3-b7e4-47eb-89a3-b635d88560cf,CUST00006315,772,Very Low,2025-08-10 16:06:49.262677,v2.1.0
8790ff9b-79d5-4aec-a79f-d32ab767dfc2,CUST00001779,470,High,2025-10-20 17:42:46.196782,v2.1.0
aea8250c-04bb-4630-9d0e-569d31ffa683,CUST00007785,680,Low,2026-02-11 01:32:32.689681,v2.1.0
4b285a87-402a-4036-bc68-18e24cce7b71,CUST00007407,430,High,2025-10-09 04:11:41.851577,v2.1.0
a8d78a64-b0a8-4844-b8cc-f0d97b0f5994,CUST00001454,300,High,2026-01-24 23:06:01.189415,v2.1.0
9d61fab0-7992-413d-bf8e-aafe8998f18e,CUST00004912,679,Low,2026-04-29 14:56:47.211560,v2.1.0
36f7165b-dc8d-4f02-8b3c-5a73f7ad9ebb,CUST00001917,524,High,2025-09-25 23:37:53.642452,v2.1.0
21c78983-d098-4d28-bf87-677e6dae27dc,CUST00003989,300,High,2026-03-22 12:54:20.384817,v2.1.0
0908baea-9933-42a7-b358-9ed400e7c122,CUST00001944,346,High,2026-07-15 05:06:51.991125,v2.1.0
835c46e1-a95c-4edc-975e-800ca060b6eb,CUST00004833,320,High,2026-03-28 00:27:15.427974,v2.1.0
b78811f3-02c6-49c1-ad3a-3b1be72a2c7a,CUST00007087,427,High,2026-01-28 13:32:39.766187,v2.1.0
abf44462-6d03-44e7-993c-030fb54ab91f,CUST00003259,300,High,2025-10-18 06:57:08.505821,v2.1.0
562bbcfa-7ec8-416e-b62c-8986cbe5d7cd,CUST00008438,444,High,2026-02-07 11:44:57.023485,v2.1.0
5ea8a3e5-2361-4c17-a4a3-367cede57002,CUST00009410,461,High,2025-12-30 16:54:51.848891,v2.1.0
59590030-7b1e-480d-aa5c-11348956ff31,CUST00009186,555,High,2026-06-25 11:13:43.768384,v2.1.0
ff98029a-eb65-45db-953c-d7d7941c8fb5,CUST00007749,571,High,2026-03-09 00:27:48.881979,v2.1.0
405c3ddd-cab5-47bb-9ec3-aae03904e713,CUST00001016,696,Low,2026-06-27 08:40:09.307975,v2.1.0
68f2b5a3-a5f9-4d53-a0e6-c094e78554c8,CUST00008851,338,High,2025-08-05 20:31:25.610266,v2.1.0
c3dd2139-5ce2-4fa4-bd38-6cd5a9d075d1,CUST00004942,428,High,2026-06-25 18:50:45.323562,v2.1.0
55dafad8-383f-4ec2-9a32-3eb310472f88,CUST00007560,782,Very Low,2025-12-22 21:31:13.458848,v2.1.0
76cb82ad-a35a-4d66-9f78-135e389c2110,CUST00004575,523,High,2026-07-16 08:46:17.373848,v2.1.0
c1e07556-b642-478e-987e-7faada4da621,CUST00001357,553,High,2025-10-26 00:02:13.965915,v2.1.0
12654a85-9164-455a-8ee3-cb2e43f00a87,CUST00004658,511,High,2026-03-23 08:08:39.798398,v2.1.0
9766c36a-7b05-4901-b3b6-d5d2a37d9b9d,CUST00006088,618,Medium,2026-01-04 07:53:39.184482,v2.1.0
622f06a9-f88f-451d-bd8d-d2607a0ace3b,CUST00006762,612,Medium,2025-11-26 22:28:56.524235,v2.1.0
95d84b79-6555-4445-b4b7-775f82c1805b,CUST00003423,628,Medium,2026-04-21 03:18:32.867590,v2.1.0
c0f90801-6b31-4dca-97e2-cb865a8510a3,CUST00000937,623,Medium,2026-06-05 17:06:25.327799,v2.1.0
afaa49ea-37bf-42ca-a9f7-c4660f5bdbd4,CUST00009966,355,High,2025-10-07 22:14:33.458642,v2.1.0
cd8312a8-b418-4693-8782-386ade063f10,CUST00006113,300,High,2025-10-27 10:12:04.275876,v2.1.0
fabfa357-6f59-417d-8fa4-f8fca77ede57,CUST00005330,626,Medium,2025-12-18 08:04:12.817927,v2.1.0
a01d1365-882d-40a7-8f9e-695025d7c7b1,CUST00006019,300,High,2025-12-28 20:31:08.761916,v2.1.0
b9c11776-6c58-422c-8214-d7cd502cbcfc,CUST00001168,554,High,2025-07-19 19:07:55.166728,v2.1.0
9b70d602-bb9a-42aa-854b-333a8c0e004d,CUST00008674,390,High,2025-09-26 23:47:42.681819,v2.1.0
6b5a01e7-8451-4784-9a21-4939657e51a9,CUST00009369,465,High,2025-08-16 19:01:26.904874,v2.1.0
07be4d33-20ba-4a90-9cbe-fd7fc14b69c4,CUST00004718,377,High,2026-02-11 18:20:25.690493,v2.1.0
e7d04e51-3cbd-4340-b45e-264643f83ab8,CUST00004789,382,High,2025-07-27 04:18:40.576771,v2.1.0
9c154b8e-c52b-4030-87f3-41238c0396f9,CUST00000155,488,High,2026-04-13 06:09:56.269893,v2.1.0
e4bd82ae-8c19-4d71-9bee-55373aa72d1a,CUST00003333,719,Low,2026-07-10 03:39:29.982461,v2.1.0
f2cc5d06-edd1-4213-84b7-756f0827aa67,CUST00004449,670,Low,2025-12-19 17:00:48.957571,v2.1.0
5608ae57-322b-404f-8f2b-1275d2f7774e,CUST00000981,550,High,2025-08-14 02:26:00.006051,v2.1.0
11f5a997-aaeb-46ae-9b5e-ffc438584d1f,CUST00000092,383,High,2025-10-17 05:12:29.189662,v2.1.0
622e0718-c283-4b05-a986-73061229d53d,CUST00001557,330,High,2025-09-15 23:42:46.647336,v2.1.0
e4119576-60b2-4661-a8c8-33b7ae1b384a,CUST00009179,460,High,2025-11-08 10:21:23.397108,v2.1.0
7c433924-93f7-4ebe-82df-2ead20bb3b53,CUST00007101,485,High,2026-03-03 13:13:34.074141,v2.1.0
a07e71c7-8864-4231-8e7a-fe0f6bced18b,CUST00008053,595,Medium,2025-08-22 05:47:04.919148,v2.1.0
8e988f9d-2ae0-495e-828c-47bc875677a5,CUST00005677,473,High,2026-01-09 05:10:38.610273,v2.1.0
289d4b33-8d31-4c9b-8c3f-4e3817edd6f3,CUST00009271,598,Medium,2026-05-09 01:09:31.875786,v2.1.0
d012a4e7-344d-4a66-92f5-c5ff0f1280ad,CUST00007361,519,High,2026-02-19 07:53:22.099042,v2.1.0
fc707274-0384-405d-b2b9-fa3a9c051897,CUST00009767,485,High,2026-03-03 15:52:37.505612,v2.1.0
178afec7-9663-42fb-9922-a4861251b858,CUST00007677,657,Medium,2025-11-17 00:19:21.871260,v2.1.0
3ecc9f47-2386-43a0-8d8b-d341d7e0232e,CUST00009184,301,High,2025-10-17 08:56:10.563509,v2.1.0
045000d0-f79e-4d93-90d0-aee1e97a2c75,CUST00000129,568,High,2025-08-26 07:12:44.026635,v2.1.0
f840f61d-e0fb-4fa3-bf3f-ca3661b87f76,CUST00000001,747,Very Low,2025-10-12 23:18:23.744190,v2.1.0
ba16d8d0-555c-4b24-95d0-6563a07b1b88,CUST00002807,681,Low,2025-11-19 09:17:42.730018,v2.1.0
264b05c1-aed5-4f0b-8d81-37b852f5d842,CUST00002362,517,High,2025-08-06 19:03:08.398362,v2.1.0
91aa3d9f-c6b6-412f-839e-1c6aac945c1c,CUST00007604,417,High,2025-11-16 18:03:47.807681,v2.1.0
3cfc4888-9b07-4682-94a4-919c4a12f689,CUST00004066,540,High,2026-05-03 22:53:39.952236,v2.1.0
d743017b-81b4-445a-ac93-439ec38cfe7a,CUST00000424,494,High,2026-06-27 12:49:06.797427,v2.1.0
fb4cb765-a128-49b3-9db2-0471084bd644,CUST00002177,486,High,2026-04-27 05:56:26.283207,v2.1.0
c24e3456-32fa-4fa6-8c60-48f2c5397b73,CUST00006112,457,High,2026-03-01 04:52:43.229760,v2.1.0
c574b709-19d2-410d-ae81-89d676d219be,CUST00005067,470,High,2026-04-22 23:48:41.866097,v2.1.0
59f1ed59-88b9-4107-b471-2df8c24550d2,CUST00009846,578,High,2026-03-03 07:33:50.650044,v2.1.0
75a1b67f-9b06-4d6e-8c91-229bf7baf140,CUST00004867,728,Low,2026-02-14 08:42:27.207706,v2.1.0
b64b8742-d1c3-4761-bc90-4586cc9a2e78,CUST00004768,585,Medium,2025-08-18 03:41:00.917435,v2.1.0
58ad578c-2ff9-42e8-92c5-79d684c50cb2,CUST00008032,318,High,2025-08-09 01:52:26.911311,v2.1.0
b576029a-667d-4971-aeeb-822802aa51ce,CUST00002281,494,High,2025-07-30 02:11:22.567049,v2.1.0
370767a7-ed88-4344-b931-efa23a938992,CUST00005441,671,Low,2025-11-09 08:02:21.399898,v2.1.0
55654514-35fe-4f9f-9c39-060bd8069694,CUST00001880,524,High,2026-05-23 12:34:22.216817,v2.1.0
a8f4756c-70c5-4a6e-8983-b652a165cf8b,CUST00005218,357,High,2025-08-10 15:55:43.333086,v2.1.0
c3733f88-0a4e-442e-a0cb-8fff8db2ed9a,CUST00004629,390,High,2025-09-02 11:51:18.276628,v2.1.0
5e63d37a-8d4e-497d-a206-57e53c82adf8,CUST00008527,413,High,2026-06-18 14:39:19.267847,v2.1.0
5517fe5e-f1d8-40b0-976b-d31e5d3f46e7,CUST00004265,300,High,2025-12-26 07:39:27.387062,v2.1.0
e66c77ee-586a-4143-8b54-0b299484df0a,CUST00000204,577,High,2025-11-05 00:31:48.094028,v2.1.0
0b94dd34-7cde-4f87-abe5-ef5118d8f844,CUST00007670,325,High,2026-03-03 14:53:46.415135,v2.1.0
e00a738b-cf91-4d83-9670-1f714755e246,CUST00005961,524,High,2025-08-10 22:36:30.838001,v2.1.0
619af342-01f4-4f99-8540-812d323816b5,CUST00000844,300,High,2026-03-22 09:16:27.707508,v2.1.0
f550f768-1a2c-41eb-ba74-9e6b768790cb,CUST00005020,465,High,2026-02-07 04:13:43.690391,v2.1.0
11eaff97-5194-45a6-81af-f0abd0f8c158,CUST00001081,403,High,2025-11-02 15:04:35.660253,v2.1.0
fffd4c4a-61ec-47d0-a423-e82e74a510d5,CUST00006961,497,High,2025-12-04 05:39:15.005766,v2.1.0
1e1d1680-9d03-4258-938d-87e0d2453c34,CUST00000466,580,Medium,2025-08-21 21:55:54.944414,v2.1.0
1ab86548-c89d-4103-abb5-da026dea8dc0,CUST00008331,493,High,2026-04-18 13:26:14.160933,v2.1.0
586dbb87-342a-4d6c-baa1-ab8c1b245198,CUST00004085,391,High,2025-10-11 01:18:38.338119,v2.1.0
8b284124-a4ab-4f83-9092-887b1d939420,CUST00000546,648,Medium,2026-02-21 21:38:41.913126,v2.1.0
19dd5a61-4d31-41d6-8672-0f07be7d9a5f,CUST00006479,554,High,2026-03-15 20:53:22.097035,v2.1.0
6677b7bf-ee5b-4284-9ae8-f60629bcaddc,CUST00001626,396,High,2025-07-21 18:52:52.959618,v2.1.0
d7ec5888-6594-4766-8c7b-0ab6361b7987,CUST00004606,717,Low,2025-12-05 03:15:27.868162,v2.1.0
bd4d9bcd-1134-4d96-90e5-c62945bfaff4,CUST00000522,487,High,2026-05-04 08:07:46.811024,v2.1.0
591044ac-299b-42b5-8a7d-98b0cb71bca2,CUST00006807,397,High,2026-06-04 07:14:01.447622,v2.1.0
1cb4a139-ba7c-487d-91af-c4282da90d6c,CUST00002844,329,High,2026-03-01 01:56:00.123992,v2.1.0
35a7e54d-9f94-446d-b440-ece1e7bdf8bc,CUST00006267,444,High,2025-11-18 22:54:12.439311,v2.1.0
e9920871-11b8-4c32-8774-008e96e5e194,CUST00002106,420,High,2026-06-25 08:33:02.659950,v2.1.0
384d92b4-23ba-457c-b036-a77c4126d240,CUST00008579,379,High,2026-04-29 20:52:33.100141,v2.1.0
4b13b2c6-c4b5-41bb-9d1b-39af5d31dd8a,CUST00000389,521,High,2025-12-30 18:14:05.545424,v2.1.0
a796a0d2-8b8b-4df0-a134-a017b8971934,CUST00000994,450,High,2025-11-14 18:46:25.967306,v2.1.0
d73aa05b-e243-4094-9f92-396c9b1b9049,CUST00007272,300,High,2025-09-26 05:09:07.119095,v2.1.0
2a4a8639-ac4b-4e94-b951-5cdd18c8f80a,CUST00006471,726,Low,2025-08-24 10:03:35.292581,v2.1.0
2dfb84f8-c3f3-4f74-bf3d-8b9fa6ffaea3,CUST00007245,604,Medium,2026-02-20 07:04:08.746438,v2.1.0
b966543e-e1f9-4285-83e6-ac61b7d66dab,CUST00009776,300,High,2025-08-11 13:59:08.076356,v2.1.0
7f74c63b-972c-4baf-a513-ef8c20f067f5,CUST00009964,415,High,2026-05-02 05:44:30.678148,v2.1.0
be66dc82-c9de-4159-951d-449e72ac6ea6,CUST00007477,491,High,2025-09-26 15:05:07.980453,v2.1.0
3cd6ec3c-cc79-40f9-b8a6-85fbe7bbe1e5,CUST00004397,300,High,2026-02-12 06:32:48.946656,v2.1.0
3902e2b6-a798-43ac-abfe-2f55a9fbe83c,CUST00002884,674,Low,2026-03-07 16:53:04.141966,v2.1.0
ae851021-b667-4e66-84ac-ce4c7066f273,CUST00001595,375,High,2025-10-19 12:26:57.867625,v2.1.0
ef03931f-1eca-4be9-bac8-dffa48a9e0c5,CUST00000374,472,High,2025-12-18 16:21:11.863493,v2.1.0
45179e27-39ed-4073-a800-7a53bdabbc5d,CUST00008084,578,High,2026-04-08 13:46:42.863609,v2.1.0
8148b323-e964-493c-a6f7-93f9c7907062,CUST00007662,326,High,2025-12-27 07:22:37.083685,v2.1.0
765c1759-9b44-485c-bb67-58d65404487c,CUST00004766,394,High,2025-10-14 17:19:23.551981,v2.1.0
b1525794-58a5-4acf-ae4c-b53f58df5f7e,CUST00007133,428,High,2026-05-05 00:26:30.939938,v2.1.0
398d03a9-1219-4edf-8263-cd758abc4700,CUST00004175,462,High,2025-08-09 00:09:29.287883,v2.1.0
d3ed97a5-a8e6-43d9-b7ad-7fed3cd2f43c,CUST00002069,300,High,2025-11-08 17:54:13.760410,v2.1.0
21fe1697-3afa-4da1-85f3-b4c1eaf399bc,CUST00007524,776,Very Low,2025-12-24 02:26:49.316072,v2.1.0
e6b308c6-0889-4e68-9667-37e6c850a355,CUST00003298,486,High,2026-07-03 10:46:09.454213,v2.1.0
4813c3f1-5a2c-4d36-a076-b673e525e552,CUST00007322,565,High,2026-04-19 10:33:54.646217,v2.1.0
b3960cb5-de56-4947-a185-4eb88dba1c5c,CUST00001093,503,High,2025-11-08 13:42:30.143167,v2.1.0
a7c35869-d537-462e-a93c-980bae2eaea2,CUST00005542,350,High,2026-06-06 05:32:59.116490,v2.1.0
ba0153e2-81d1-4b52-899e-4ffcd30540cd,CUST00007328,341,High,2026-04-27 03:42:56.949676,v2.1.0
5143de92-6b68-4e09-b8f1-3c1f86cf554e,CUST00002779,389,High,2025-09-09 18:03:33.872650,v2.1.0
ea04a19e-e86e-43e5-adc8-f61ea05ab118,CUST00006022,332,High,2025-11-07 15:40:22.007722,v2.1.0
dc4721cd-362f-49b2-a627-e86add3be86b,CUST00003855,395,High,2025-11-20 03:41:19.733882,v2.1.0
08d6fb3a-bcdc-4a86-b902-1af8b68a7673,CUST00002411,454,High,2025-11-29 14:58:55.786532,v2.1.0
5f565fee-8664-4713-b4e5-51d843460796,CUST00002224,558,High,2025-07-20 20:45:01.565294,v2.1.0
de70ee19-95b6-4a61-afd1-152a26deea83,CUST00001393,345,High,2026-02-17 02:29:54.497076,v2.1.0
91a3dc21-a1ec-4c82-9e79-d291ede4d837,CUST00003094,300,High,2026-03-22 15:43:30.841545,v2.1.0
817b6999-a1f7-4b8b-91f0-42cff5942554,CUST00005588,655,Medium,2025-08-07 20:20:22.826951,v2.1.0
7bd71899-6523-4f38-b505-1bae7d1aa393,CUST00003602,802,Very Low,2026-01-19 03:05:34.096436,v2.1.0
b30958a3-5939-4058-b0a6-5ebe71ab8c5f,CUST00004077,529,High,2026-05-18 22:50:59.773314,v2.1.0
39e06fe3-86a1-43ea-a91d-226c3ead5862,CUST00000457,348,High,2026-05-27 13:05:03.802477,v2.1.0
a9dceefc-0529-4f4e-8eba-c117c01177fc,CUST00001337,584,Medium,2025-12-19 01:35:36.983988,v2.1.0
a11d4d09-f2a6-467f-87ae-30db150c835c,CUST00000444,737,Low,2025-09-27 06:47:56.202856,v2.1.0
c9f3325f-69d9-46e4-8bcc-b424fddb5fbd,CUST00002409,616,Medium,2025-09-29 02:19:08.260038,v2.1.0
76494ee8-a7d0-4596-9c3c-6ab6f2e7d36d,CUST00002400,564,High,2026-06-14 17:36:06.548017,v2.1.0
e695f91a-c1aa-406c-95c2-036eaeafaeb3,CUST00001501,495,High,2026-04-30 17:20:27.650730,v2.1.0
dd64cea4-40a1-41dc-882f-93caa949c697,CUST00003746,620,Medium,2025-11-19 15:52:08.885626,v2.1.0
c21e869f-adcb-4b4b-9b52-1d7a3fecb135,CUST00000144,594,Medium,2026-03-18 20:12:31.090730,v2.1.0
0ecbfc37-7830-4a4c-a773-698c652aa3d9,CUST00006072,300,High,2026-03-28 16:11:43.796151,v2.1.0
e34dacd0-146d-4f65-b0bc-ec3c6e355120,CUST00008089,482,High,2026-07-11 13:12:37.956379,v2.1.0
2856f37d-463a-4bf6-9b63-94f8d2197989,CUST00008368,452,High,2026-02-21 23:16:45.668799,v2.1.0
d7c41c01-67ca-4cee-b1fe-12e4b5df20e9,CUST00006393,300,High,2025-11-15 20:38:54.053145,v2.1.0
9f8177ab-8fbe-44c6-95b1-e9423214a5aa,CUST00005388,850,Very Low,2026-02-14 04:07:00.302120,v2.1.0
3a05ebe6-145f-4268-954a-037ff8f52167,CUST00003861,491,High,2026-07-04 15:54:09.457159,v2.1.0
4eb2f103-014a-4976-abcf-d7689ad4532c,CUST00000682,583,Medium,2026-02-27 22:31:09.051973,v2.1.0
17d8f0c8-0926-4bb2-8e64-7785ee0fa37b,CUST00001548,300,High,2025-12-17 20:05:21.679370,v2.1.0
36bb4632-e3f7-4dd3-8722-024267f3c1c4,CUST00007833,560,High,2025-09-15 04:24:51.696049,v2.1.0
523a8bb4-0a75-44ce-8a3a-21e5ce3b8a6d,CUST00007903,575,High,2025-12-30 20:12:36.243144,v2.1.0
50a9e581-ab9f-4359-98ef-073c75ad08fe,CUST00004720,766,Very Low,2026-05-02 03:46:09.250737,v2.1.0
f4309335-5f39-4db0-8f3f-84aff3aa0558,CUST00002288,557,High,2025-08-02 07:45:11.534942,v2.1.0
39d06c9f-d306-4f01-8e39-e37e08655220,CUST00008882,507,High,2025-10-06 01:09:58.478211,v2.1.0
2e4d1a74-b7f2-42d1-9c39-3f5f0351ac71,CUST00008344,633,Medium,2025-07-19 06:18:52.533230,v2.1.0
a5a3ebdc-6dfd-4a62-b340-122cc747226a,CUST00000401,605,Medium,2025-10-07 08:53:28.845696,v2.1.0
c21b042e-e345-4968-a261-37eb916a4ba2,CUST00000562,469,High,2025-10-10 00:26:01.147553,v2.1.0
e04d3c6b-d8d6-4b53-8ee2-2684d889bd29,CUST00006981,397,High,2026-03-02 19:02:24.279848,v2.1.0
61fbd043-e284-40f2-925c-642c842a059c,CUST00006392,613,Medium,2025-10-13 05:05:25.740305,v2.1.0
7a7b4ca2-4927-4437-943f-794a346c3df1,CUST00001076,718,Low,2026-04-12 05:06:47.073579,v2.1.0
f3d14571-76c0-4463-ab6b-694bd7f4b7c2,CUST00007873,577,High,2026-06-30 20:04:00.258962,v2.1.0
66b2f020-73ee-439a-94ad-d2a544edbe25,CUST00007284,613,Medium,2025-11-15 23:53:19.793444,v2.1.0
7394a915-b53f-4587-a65a-a8f7d7f49f6f,CUST00004108,506,High,2026-04-14 05:16:57.966337,v2.1.0
a10af8a6-e942-4f05-98c3-c19e558abd3c,CUST00009285,300,High,2025-09-30 21:39:39.178378,v2.1.0
8a84936a-fa31-4a7d-bdd3-bb7193d3f704,CUST00005668,608,Medium,2025-09-23 04:57:00.431445,v2.1.0
21162976-25a4-4fb3-91f3-48b1daa58f3d,CUST00004424,418,High,2026-07-14 10:56:25.093529,v2.1.0
31344c3c-e33d-4526-9ca8-8a4f5a0ff1db,CUST00001496,679,Low,2025-11-27 10:16:29.891262,v2.1.0
1b1ebed6-314f-463b-a2e9-36971163b5f2,CUST00000658,392,High,2025-08-13 20:12:59.652317,v2.1.0
b5740b25-d5ce-48cc-bf46-dd1d0eb9667a,CUST00002203,663,Medium,2025-07-28 21:02:02.121807,v2.1.0
d3d8dc71-e542-4351-a925-0dd58962b2e5,CUST00009891,550,High,2025-08-28 23:37:43.096535,v2.1.0
bffd0653-9fd9-4940-8889-1a5cb4d95693,CUST00004542,504,High,2025-11-01 01:01:41.916924,v2.1.0
f0cdb6a5-5d1f-498c-bfb5-a526e43b8403,CUST00007787,676,Low,2025-09-26 22:00:03.174442,v2.1.0
65c47360-cf8b-41b6-a0b4-ae2766ab310a,CUST00002070,500,High,2026-02-16 19:53:35.864762,v2.1.0
7cce4e2d-e696-4e01-a36a-cab845b52178,CUST00007701,300,High,2026-04-23 12:22:59.408015,v2.1.0
78dc7556-c40f-484c-b188-f595ef8dba6c,CUST00009034,300,High,2025-08-02 22:45:57.998824,v2.1.0
13b25837-c553-4488-87f0-fe92756d70a1,CUST00000169,300,High,2025-07-28 18:07:24.798795,v2.1.0
b014aab2-6a89-4cf0-87b1-f4867f5835e0,CUST00005765,523,High,2025-09-28 03:59:36.121100,v2.1.0
1e52671f-1643-4b99-acf1-5b5c549bbc09,CUST00008114,625,Medium,2025-09-19 12:26:03.570225,v2.1.0
cefca8c5-a917-4400-b7d2-5d467ee17272,CUST00008796,588,Medium,2026-06-06 06:57:18.277053,v2.1.0
b514e005-1795-4233-bf80-5ca84f27e094,CUST00001296,490,High,2026-04-06 11:03:24.145463,v2.1.0
3c307cb0-0ee7-4c82-b9f0-da365b86bec0,CUST00002047,504,High,2025-11-19 00:39:55.915351,v2.1.0
cf7ac393-c9b3-4b75-8a08-093c08d1a3eb,CUST00009096,544,High,2026-02-05 10:33:51.480593,v2.1.0
d92fe921-8e7d-43f3-bfec-8baf63a5b3d7,CUST00001995,617,Medium,2025-09-21 02:57:29.796851,v2.1.0
97fedde4-d82e-485c-9d46-16e37a0fefd2,CUST00009462,523,High,2025-07-25 18:18:03.255536,v2.1.0
702c8e51-accd-4b5d-bafa-64331b1f98e7,CUST00004176,694,Low,2026-05-21 18:24:11.472810,v2.1.0
8f1d570b-c444-4662-8f9d-589602b16bff,CUST00009099,641,Medium,2026-06-15 12:26:13.510082,v2.1.0
a4fd9397-b973-43ba-806a-1a83e1a3b79d,CUST00007417,450,High,2025-07-25 13:55:59.556561,v2.1.0
d9791e63-89e8-42f5-ab7d-e352254fb092,CUST00004781,573,High,2026-03-22 08:17:30.876597,v2.1.0
1054be48-e744-48d3-ac84-f5e5f7f2c9d0,CUST00003411,703,Low,2025-12-03 07:27:10.435921,v2.1.0
2b76e13f-1f2e-499d-979a-fce5d0fea31a,CUST00004882,616,Medium,2026-05-01 12:11:23.262218,v2.1.0
55770b27-7384-4c4f-a01d-28f49617b640,CUST00001437,471,High,2025-08-27 10:38:04.738121,v2.1.0
0f4382c5-9c77-4307-9ef2-addd043d88c7,CUST00008418,333,High,2026-06-24 19:39:30.651119,v2.1.0
443be593-5e37-4ffa-8729-d893ed0b0700,CUST00009987,760,Very Low,2025-11-06 08:05:53.494728,v2.1.0
7700111e-bd08-4ef8-898b-7ee89411f7f4,CUST00000862,631,Medium,2025-10-13 15:00:13.032108,v2.1.0
fe86e33a-7ea9-4852-8821-8d374fad5453,CUST00009176,380,High,2026-05-09 13:40:56.862327,v2.1.0
253e5e1c-8149-42c9-8e54-a360c08d0aaa,CUST00005372,583,Medium,2026-03-16 07:16:26.846093,v2.1.0
6ae76bb5-5c14-4de8-aec4-570c15c9726e,CUST00005236,400,High,2026-06-26 15:54:18.057071,v2.1.0
bae9e4fb-a9a3-43b1-87f7-76bca0aa4a69,CUST00004656,401,High,2026-07-09 18:56:50.000345,v2.1.0
3462686e-ccea-47d0-8e62-49180a153ea3,CUST00000423,494,High,2026-07-17 07:27:40.016452,v2.1.0
fccfb14c-b9f1-4794-aa63-fe3e63204f6c,CUST00007265,575,High,2026-06-04 22:21:36.621680,v2.1.0
5bfc75d4-3862-49c7-bd67-595c1e3207c3,CUST00004644,529,High,2026-06-03 17:38:38.060414,v2.1.0
66743ff9-ea5f-4687-bc24-771e44e09253,CUST00006534,655,Medium,2025-08-10 18:59:26.120593,v2.1.0
4f2b5057-4ae9-447e-9e60-d2f94072f875,CUST00000974,564,High,2025-09-08 15:57:55.250953,v2.1.0
1ac6ee87-e3b7-412e-88a4-f28c3f07c90b,CUST00004376,580,Medium,2026-06-20 10:49:55.102429,v2.1.0
ac0471dd-2a5f-48ac-99d1-670146549302,CUST00008888,452,High,2026-05-04 05:47:35.009648,v2.1.0
75616261-4c4d-4737-9459-cd94f6c45886,CUST00002012,540,High,2025-09-25 22:08:20.932535,v2.1.0
a5f52aac-6510-4340-ab80-f0cef193a070,CUST00008132,603,Medium,2025-12-03 01:04:41.477310,v2.1.0
08711fe9-490e-4f34-aa15-8cdef5a2d4c6,CUST00000494,478,High,2025-12-01 14:32:20.759829,v2.1.0
3ec9506e-2d1c-4ff8-a214-066d652a4ff0,CUST00009490,400,High,2026-02-21 21:24:39.643440,v2.1.0
b94e8a0e-6905-47b4-8a37-649fdd5b86a6,CUST00009100,726,Low,2026-07-09 17:53:33.543917,v2.1.0
64bbbf72-58d4-44d3-b0db-fa11762174ba,CUST00007824,482,High,2025-10-15 05:34:13.394753,v2.1.0
1ab5075c-985d-4243-93ee-a1f9437e7ab6,CUST00003614,574,High,2025-08-03 18:50:34.489774,v2.1.0
ce8a9199-208e-4986-acf4-cfa3bbc833d8,CUST00000950,439,High,2026-02-27 21:51:38.209820,v2.1.0
975437ea-924f-4a78-a493-4256fde17abd,CUST00001650,552,High,2025-09-24 23:31:52.076363,v2.1.0
b5fb6e94-6be4-4f9e-b9ba-88876b127a98,CUST00008974,450,High,2026-01-29 11:41:38.108382,v2.1.0
653b9ef8-2c78-41b6-bb92-ebf0beedbf98,CUST00007560,470,High,2026-05-02 07:14:38.418627,v2.1.0
5a23ac81-059b-4ed0-91ad-07ab50d700a9,CUST00001136,373,High,2025-11-14 14:16:35.328883,v2.1.0
1957f36f-c3af-48d2-88e3-46f4d5083b80,CUST00005510,300,High,2025-08-06 08:45:44.415904,v2.1.0
36d8d22d-271c-48d6-93a2-ed1d690da6aa,CUST00002981,657,Medium,2026-05-04 12:03:00.319764,v2.1.0
9b959055-eb3f-438b-9ad1-9b03f00c42c2,CUST00006548,662,Medium,2026-06-01 17:06:49.097619,v2.1.0
b0125fe9-0ba4-4e97-9ea9-3d9674ec2f46,CUST00002053,507,High,2026-05-24 21:58:28.962403,v2.1.0
cb1b8908-991f-48b3-a153-b029759f3cd1,CUST00003843,423,High,2026-07-06 14:31:52.938457,v2.1.0
aa3e8a67-53cb-43f8-965b-45f2cdda1c09,CUST00008958,535,High,2026-06-06 10:55:03.758907,v2.1.0
df367812-2f78-417e-b4bc-ccda4b20a261,CUST00007149,528,High,2025-10-02 08:01:59.868196,v2.1.0
ec4588ff-b4bd-4bd5-b766-838fad9a82df,CUST00002681,577,High,2025-08-16 15:30:26.355802,v2.1.0
a39d96b2-ad20-42f7-bdb9-d3df8586be15,CUST00003235,595,Medium,2026-01-05 19:39:48.527992,v2.1.0
dcf46ba8-8bab-4193-bd8e-b8819d67a04a,CUST00002927,406,High,2026-03-17 06:00:28.715650,v2.1.0
b1317a07-1f76-4d94-9042-c4a80d2c3b46,CUST00002619,329,High,2025-08-10 14:34:06.427405,v2.1.0
c69fe284-5538-4eca-a77b-97bd90d3ed37,CUST00003600,507,High,2026-01-19 16:17:36.582468,v2.1.0
0cd3c4a7-c719-479f-a658-a2cf1e297e7e,CUST00007059,579,High,2026-04-18 07:41:34.408416,v2.1.0
0b2c1e91-2e3b-4a34-ac90-6f3d7c3bdbbe,CUST00001446,372,High,2026-03-10 12:26:58.054167,v2.1.0
60e796c9-7a1c-4707-8fc7-a8e7eb6ba6d4,CUST00002149,407,High,2026-01-19 21:04:05.910333,v2.1.0
8f64800d-08ce-4952-a15d-86b0cef91354,CUST00000408,335,High,2026-01-16 00:24:27.823727,v2.1.0
3bec0ed2-eb3a-47e6-aa53-9835d7338ac4,CUST00000277,570,High,2026-01-03 11:33:44.911435,v2.1.0
ac3b06ef-5fb4-4b35-813b-6b19d3b889d1,CUST00003713,534,High,2025-11-12 10:55:52.642867,v2.1.0
3e8427a6-f752-4cb3-a076-5b887bf3023b,CUST00002073,300,High,2025-12-01 11:14:17.105268,v2.1.0
375ba129-d368-4262-93be-a8aa219ea821,CUST00001797,520,High,2026-03-28 13:48:43.423634,v2.1.0
b1ff8201-ac44-41f5-9613-3aeed858e5fe,CUST00009993,561,High,2026-04-05 07:07:19.100868,v2.1.0
18102891-4833-45b3-9ea6-ceb225ecd911,CUST00000966,300,High,2026-01-14 15:08:06.318584,v2.1.0
85314f80-33ca-41b1-ad4a-b188d512d04d,CUST00006876,444,High,2025-10-23 22:04:16.223201,v2.1.0
ba05274c-792a-4286-8fb2-716ac5c9b5ec,CUST00001085,532,High,2025-12-11 08:30:14.298198,v2.1.0
44aaec04-71c8-40a1-9be2-5695caefd437,CUST00003327,300,High,2026-06-19 08:47:43.911035,v2.1.0
6803a750-b03d-4fa8-aae5-f4c12c375064,CUST00004708,677,Low,2026-02-16 04:57:30.415386,v2.1.0
f45bfc2e-b443-4a3a-a7c6-c506e91c102e,CUST00008766,300,High,2025-07-31 06:46:23.162641,v2.1.0
931f89aa-6140-457b-9948-4d5faebd4526,CUST00007110,407,High,2025-10-06 02:13:17.946957,v2.1.0
888b3e21-b248-4380-ac72-653bba9c0570,CUST00004418,734,Low,2025-09-30 01:21:38.082733,v2.1.0
30f45620-9b1a-46b9-ae47-0ea589e749d1,CUST00000907,300,High,2026-05-29 04:13:58.020893,v2.1.0
1b1b25ac-cbe1-4d8d-ba8b-c9556ff3e1f1,CUST00003086,474,High,2025-12-09 12:16:16.007315,v2.1.0
a473b92f-e20a-4a51-92fd-71a6134a75f3,CUST00001444,446,High,2025-11-06 16:13:15.805396,v2.1.0
819828d2-25ec-4621-b1db-1587197e44a3,CUST00000092,377,High,2026-06-07 12:06:58.070551,v2.1.0
dce01ecd-8cbe-4ae0-af7b-a802857fcd0e,CUST00001140,489,High,2026-02-11 14:24:09.453156,v2.1.0
d7ca0e77-1a39-416a-b134-457df55cde1c,CUST00003791,408,High,2026-06-24 14:15:57.036113,v2.1.0
0ffd4649-6c32-47c2-a3ee-189ab41f956a,CUST00007626,447,High,2025-12-01 13:14:32.046408,v2.1.0
d13e3202-6b44-42da-956c-64a0bcb62adf,CUST00006523,453,High,2026-02-03 23:54:48.295108,v2.1.0
97b114d0-408e-4d14-a783-72cc7d502c40,CUST00002720,583,Medium,2025-09-04 23:24:51.303898,v2.1.0
7fb6cdda-651a-4212-b107-4525ffe75d2e,CUST00009462,548,High,2025-08-17 14:28:39.125900,v2.1.0
ee1445f1-4829-4ffe-a60c-e71dd290ed03,CUST00004987,521,High,2025-12-27 06:20:01.889123,v2.1.0
5cc16c80-2cf0-4e4e-85a3-45191e0dd4b6,CUST00004465,428,High,2025-11-23 07:43:42.932963,v2.1.0
2ca90e00-db8e-498c-9bee-e6c191baf429,CUST00007764,433,High,2026-02-16 04:46:46.759791,v2.1.0
9002e90a-cb39-4d31-adfa-52eca3677cb3,CUST00000594,850,Very Low,2026-01-03 20:12:14.599101,v2.1.0
4ab0e80a-39a9-445a-84da-1edd6f1fedb3,CUST00002386,706,Low,2026-03-01 18:32:48.518372,v2.1.0
f026847d-460e-446d-848c-30c6323a70d2,CUST00007299,300,High,2025-12-20 13:01:04.165422,v2.1.0
c00d4037-45e4-4240-9e68-3df832bdac54,CUST00006210,414,High,2026-01-04 16:20:48.118129,v2.1.0
7d2388cd-5a74-4bd3-9899-ccb49b91b3e9,CUST00007483,688,Low,2025-12-14 06:41:19.768361,v2.1.0
dd5a45d0-f72a-4eb3-8355-3a4bde1b145f,CUST00000704,598,Medium,2026-05-07 18:00:00.022087,v2.1.0
5edb2866-5567-4cf6-b5c7-c894928b34e2,CUST00002101,502,High,2025-11-10 16:49:54.881827,v2.1.0
af73e338-3af5-4c7b-90b9-e449371f9ee7,CUST00008782,681,Low,2025-12-04 13:40:43.385547,v2.1.0
781c0741-8fdc-4ef7-8610-ba4de445544e,CUST00001173,460,High,2025-09-21 11:56:13.367863,v2.1.0
fb0c0a61-a222-4645-b02e-8f1fcc66c331,CUST00002350,426,High,2025-10-11 07:15:26.920241,v2.1.0
bdc8a03c-1873-4ed0-8cbb-8fe97e5d0c89,CUST00004703,452,High,2026-03-10 14:55:57.711261,v2.1.0
b7e9d1cc-bfad-4f47-bcad-e3694065ee53,CUST00000586,533,High,2025-11-26 01:37:45.955120,v2.1.0
e2446152-869c-4612-9932-4fab5a672599,CUST00001478,506,High,2025-08-17 00:22:04.193835,v2.1.0
e7a1b1b5-bf40-4760-b7c2-3cba22859639,CUST00009868,467,High,2026-05-21 15:57:57.705276,v2.1.0
9565acdc-8165-4eaf-bd8f-36d28543486f,CUST00003472,381,High,2026-01-21 04:54:34.878146,v2.1.0
a1f0aed2-47b5-4c6d-a039-66bf7f5b5794,CUST00002903,850,Very Low,2026-03-10 00:01:36.950871,v2.1.0
91ff564b-9792-4bb7-8181-ac5c00360497,CUST00007792,501,High,2026-04-30 22:41:01.129308,v2.1.0
9a0fcc0d-37f0-4523-be8d-c92288d92ebc,CUST00005412,379,High,2026-06-21 08:18:43.368553,v2.1.0
2110360f-0688-4ecc-ac88-e67747f23be7,CUST00001722,506,High,2025-08-22 20:32:15.294833,v2.1.0
6fb15d1d-8803-4448-b2ee-410867fbbf1e,CUST00005557,600,Medium,2025-08-12 23:19:56.372853,v2.1.0
27584666-0f43-4110-8c77-124aaf55c446,CUST00007740,529,High,2025-07-31 21:28:20.566421,v2.1.0
f67494dd-20a8-4afa-80c8-ccc07bf74c38,CUST00009886,675,Low,2025-09-29 01:44:47.396122,v2.1.0
e541879a-774f-4541-bc59-b8ee000080a2,CUST00004973,525,High,2025-09-27 17:39:41.096166,v2.1.0
bb0b900e-2086-4639-a061-7202d3bf41cd,CUST00004235,656,Medium,2025-11-15 03:57:25.549341,v2.1.0
8c933ea8-be80-4d8a-abdf-768034673431,CUST00004156,406,High,2025-11-05 11:26:20.727531,v2.1.0
f138ff48-a97e-494b-b710-880bb20ef646,CUST00007965,300,High,2026-05-11 18:57:07.443968,v2.1.0
1948915d-8cd7-47d6-b82e-24d230e1fd2c,CUST00005085,535,High,2026-03-24 13:38:55.176362,v2.1.0
fd246246-9529-4779-bd9c-aa3e66b781eb,CUST00003693,300,High,2025-10-26 03:47:50.550989,v2.1.0
d7bb7968-55d5-439f-8080-65fad6b96fde,CUST00009587,684,Low,2026-04-01 15:24:03.426365,v2.1.0
29a0ac9e-a4df-4927-9475-87b354ed3563,CUST00002344,335,High,2026-07-17 10:05:52.005692,v2.1.0
e07d41cc-7a9d-4299-bea7-11b327ea0299,CUST00008785,642,Medium,2026-07-17 13:41:11.093426,v2.1.0
8a11f7b4-ea3a-4d4a-ac44-1186a81b7d08,CUST00003589,779,Very Low,2026-04-18 17:07:07.956976,v2.1.0
51f986fc-5d85-4d1b-a261-da8bc61f4e1a,CUST00007672,409,High,2026-04-14 03:00:01.171511,v2.1.0
bf4d4079-86b3-41ed-b829-a390ff76ed7f,CUST00006880,348,High,2026-06-16 03:37:59.634370,v2.1.0
81ab7067-40c7-46dd-9738-3b1d76a9769c,CUST00003700,497,High,2025-07-21 00:42:46.347772,v2.1.0
16702d33-c38d-42b0-b6aa-56e4ce8376f9,CUST00002478,300,High,2025-11-04 07:01:31.754823,v2.1.0
3b5a6063-a582-4b57-b4f7-5eccea9f69c1,CUST00009271,395,High,2026-05-14 06:04:08.474560,v2.1.0
66074032-7569-4643-9691-55f0d459e110,CUST00003573,758,Very Low,2026-04-29 22:37:16.568524,v2.1.0
58bb771b-71cf-43d7-ad10-3d2934db0e14,CUST00002511,765,Very Low,2025-12-12 09:37:06.584434,v2.1.0
ec011641-7588-472a-93bb-99f0a0e07cad,CUST00000008,300,High,2025-12-13 02:41:18.355271,v2.1.0
1b75dd38-213d-4525-9640-a1f700bcb7d7,CUST00000290,422,High,2026-02-14 17:38:33.342050,v2.1.0
850955cf-1fb1-4292-8941-a704552eb8e3,CUST00002547,630,Medium,2026-03-14 06:11:02.568831,v2.1.0
e50e149f-904e-4275-a5fb-13002d7dbf9f,CUST00008094,452,High,2026-01-06 07:22:50.423135,v2.1.0
3bcf07bf-d58d-44b0-a32d-022893ebedc1,CUST00007456,614,Medium,2026-01-21 03:38:50.189838,v2.1.0
fd0282f6-c491-40ab-b72d-4a685b15b2fa,CUST00006925,300,High,2026-04-21 22:03:27.127272,v2.1.0
efc46927-0233-4c09-8bbc-1b50ceefe46c,CUST00000586,300,High,2025-09-10 10:28:10.623841,v2.1.0
f6f23b1f-dafa-4a89-a9ce-35badc85ddba,CUST00004722,526,High,2025-12-10 02:20:34.338969,v2.1.0
5791c435-6dff-4b97-a4e4-4f0b3e16752a,CUST00009649,383,High,2025-10-08 19:05:18.414357,v2.1.0
9d71702e-7b6a-45ed-b1aa-ecebb45c5287,CUST00001382,327,High,2026-04-17 12:39:45.913652,v2.1.0
afb17c3f-a85b-424e-8cad-528f20daa6ee,CUST00005178,300,High,2026-01-07 04:43:07.660551,v2.1.0
4f3b978f-beeb-4d6b-a660-96ea16977b72,CUST00001949,454,High,2026-01-22 07:30:29.407387,v2.1.0
d47e9870-0d88-482b-b653-6069457d46bd,CUST00009704,563,High,2026-04-30 23:34:19.477260,v2.1.0
f1381eac-7ae9-4a0a-92f1-4a6b6ac4b062,CUST00002752,552,High,2026-04-20 15:02:00.328173,v2.1.0
56f49e85-b466-4d2d-8dff-1c81df233700,CUST00004528,607,Medium,2026-04-07 19:15:33.414753,v2.1.0
559dca78-538b-4a2a-81cd-e4d37a700863,CUST00000116,308,High,2026-01-02 10:26:18.878850,v2.1.0
6efb1807-ab68-4bda-9573-b1b4eae20d3d,CUST00005722,442,High,2026-05-03 03:38:34.066639,v2.1.0
c03a8984-3ed8-4269-8e7d-9a055d9a37d6,CUST00003486,675,Low,2025-11-09 06:14:44.868875,v2.1.0
6cb8ce15-1a60-423e-a71f-909aa24211de,CUST00004156,300,High,2025-09-24 12:31:29.051554,v2.1.0
34c5cf10-ef80-4e83-9785-1a3e1c53fbb0,CUST00007009,733,Low,2026-04-25 04:41:27.735441,v2.1.0
daa9391f-a054-413d-839e-2ea5ddad80f1,CUST00005196,392,High,2026-03-29 19:53:33.372881,v2.1.0
627ebcda-b4b2-401e-b782-929141213562,CUST00007687,788,Very Low,2025-10-02 11:04:35.735935,v2.1.0
a2b61d8f-9095-4ca7-8e39-573264ea8d9c,CUST00004226,644,Medium,2025-12-29 06:15:10.577481,v2.1.0
bf92f1ee-7ab4-4ffb-a5b1-0dbe58cee93f,CUST00006687,363,High,2026-02-06 21:07:03.784344,v2.1.0
4da0b08a-c08f-48cf-a2bd-e0082f261a38,CUST00009054,399,High,2025-12-01 18:26:19.259282,v2.1.0
876ea4ac-6b54-4c14-8338-9bb55aa27a6e,CUST00004561,443,High,2026-02-13 20:12:26.650676,v2.1.0
0c5043d4-d154-4bf9-a134-a714cbd79bd7,CUST00006644,390,High,2025-09-02 18:57:14.503169,v2.1.0
4d93ff1d-3f69-41f8-9e3e-3acd09db38a3,CUST00006863,636,Medium,2026-06-27 11:07:18.169714,v2.1.0
c729de91-be53-488a-a934-209d93faf468,CUST00002732,563,High,2025-07-21 10:46:10.622247,v2.1.0
6fe1f2f6-0fc0-4783-8706-2fbf67961595,CUST00004090,300,High,2026-05-09 21:41:27.559561,v2.1.0
0d18c479-26b5-43ee-9d2d-3a19e70b0c4e,CUST00007887,300,High,2026-05-18 15:10:14.550188,v2.1.0
f79da687-2a2c-4a49-a19e-4c3c92db591f,CUST00005568,669,Medium,2025-11-19 00:42:25.773110,v2.1.0
8f0a967c-048f-407b-a102-21044aa49335,CUST00009226,613,Medium,2025-12-18 00:03:06.190219,v2.1.0
0db449cc-e4e0-458b-b71f-78051af60d3c,CUST00004262,502,High,2026-03-25 09:08:20.823894,v2.1.0
e11b8283-4ec1-4b19-a0ac-f9f37128e1a9,CUST00000481,594,Medium,2025-12-12 05:44:25.117924,v2.1.0
c8a2c1ce-0144-4a04-9f0f-7947fb405bff,CUST00003638,315,High,2026-04-28 07:18:29.357790,v2.1.0
7b2c294c-153c-4d7a-8522-ed4d9db99e6f,CUST00003425,685,Low,2026-01-30 06:24:52.701786,v2.1.0
493d420f-d27e-4ef6-97fd-804ffd5f4d10,CUST00008887,565,High,2025-11-14 00:14:30.154889,v2.1.0
bc42d6e6-47ca-41da-9327-6f89304321f3,CUST00005594,308,High,2025-07-26 09:37:18.505835,v2.1.0
860815ea-d386-4ce5-b476-8ae45233ae13,CUST00000439,498,High,2026-04-30 18:09:54.100855,v2.1.0
b5a33cfa-c021-4093-b9ea-e302c8111822,CUST00008502,438,High,2026-06-19 17:12:05.773971,v2.1.0
82acfc90-6f4e-49fb-b478-d1e31567f011,CUST00004043,439,High,2025-09-12 01:07:38.869956,v2.1.0
b0a53c29-7129-4df5-a935-78f7f171793c,CUST00001005,600,Medium,2026-06-30 20:29:56.534026,v2.1.0
daf1c495-93ea-4056-9d03-af9686bfaf40,CUST00004184,568,High,2025-11-15 12:48:13.732829,v2.1.0
6106d46f-0445-415e-aff0-0d5e80b47400,CUST00009395,399,High,2026-03-04 22:55:37.735423,v2.1.0
6b4213d8-3925-40b6-9587-b7e354910660,CUST00006423,430,High,2026-02-23 03:41:04.724869,v2.1.0
c0a593b2-8e2d-479e-b714-9cf03eb60517,CUST00005093,563,High,2026-02-24 22:03:45.307552,v2.1.0
5e49dbdd-9107-4aef-b0e2-69e0ef14909f,CUST00004578,684,Low,2026-05-30 13:20:11.777346,v2.1.0
2b0946ab-835d-4d6f-877c-ba2b14f8fab2,CUST00005881,581,Medium,2026-07-10 21:51:37.681033,v2.1.0
ec4364ad-6ad1-4450-91be-ed78cf8a0b04,CUST00004601,590,Medium,2025-09-30 11:54:56.237517,v2.1.0
afa85499-1877-46b3-bcab-244c7d24c38f,CUST00007564,539,High,2025-12-07 14:07:46.748523,v2.1.0
cb0fd602-c59a-418e-bfcd-dd5e9ca39e95,CUST00009605,380,High,2026-01-29 03:07:23.151395,v2.1.0
2a06f9ba-7194-4623-84f6-c18f1c9ef38e,CUST00004641,372,High,2025-09-24 16:50:18.944724,v2.1.0
bd4ddb18-6f7a-4ab1-bdbc-de33c1e4ce30,CUST00006708,300,High,2025-08-26 14:12:16.922791,v2.1.0
1c6496fc-7805-49c3-ac46-869c3c5cce67,CUST00004102,565,High,2026-02-10 22:08:19.879230,v2.1.0
a2e3b3ac-c443-4504-946e-64513c995948,CUST00003516,700,Low,2025-12-29 19:57:26.094077,v2.1.0
8da2bf8c-ca1a-48a2-8427-3422d0c0d7df,CUST00009497,300,High,2026-06-09 17:00:58.725900,v2.1.0
1b277e9f-f05f-4bd0-a40d-5b0300766cb1,CUST00002377,300,High,2025-08-20 23:14:22.608083,v2.1.0
be6f140c-77d0-485a-8a1d-a08e9eb9b03d,CUST00001125,600,Medium,2025-08-25 00:17:28.401426,v2.1.0
dabdad08-8c02-42b1-923a-c60bface8a62,CUST00007794,608,Medium,2026-02-04 20:33:18.141003,v2.1.0
a5076f02-e9ab-452e-8043-657f1b2950ab,CUST00007253,461,High,2025-07-29 14:55:47.262686,v2.1.0
890cf8be-d05e-4af2-b0e1-953ed7d42733,CUST00006473,769,Very Low,2026-03-26 13:43:50.813908,v2.1.0
1d2472fe-5250-4b06-afe7-f92334ca40f0,CUST00008982,630,Medium,2026-01-12 08:58:26.626651,v2.1.0
a1b4b693-0aa6-4f88-b628-3e9bccc67e03,CUST00008261,543,High,2025-09-24 02:24:18.477908,v2.1.0
302dd0fb-5e52-4dd3-b60b-90b5ab19c859,CUST00007519,507,High,2025-08-12 07:02:55.264031,v2.1.0
f88f460c-4f2b-4ca4-bc9c-bde95aa22f30,CUST00007590,692,Low,2026-07-04 15:17:09.973883,v2.1.0
eae1922b-a820-415e-9de4-1a3cbb9bc970,CUST00008676,438,High,2025-10-29 13:47:02.726032,v2.1.0
a29ee3bc-ac10-4dd0-89f1-86708f67f6db,CUST00008482,300,High,2025-10-11 00:40:28.643629,v2.1.0
0cc8ea82-6d2a-4c9d-87ef-02d827014a52,CUST00001610,714,Low,2026-03-15 19:32:17.993705,v2.1.0
3366a8da-cd2e-477d-9f66-1971ded76d8e,CUST00004687,411,High,2025-08-12 11:19:47.481014,v2.1.0
3b705d98-1fda-41e6-a801-b4ffefe9acdd,CUST00006513,493,High,2025-08-07 21:31:39.853059,v2.1.0
b015362f-4a12-4f31-953a-fd22eb0e2d5e,CUST00009154,528,High,2026-01-23 07:13:52.339374,v2.1.0
0239e777-a2f2-4b7a-a99b-479a24587471,CUST00003143,570,High,2025-09-18 16:05:23.784457,v2.1.0
dcff6497-a3d8-4d61-90f4-5912d8ff5b5a,CUST00007470,300,High,2026-05-27 21:53:42.798428,v2.1.0
21df892f-be2e-4d86-a1f0-1eb8ad69c512,CUST00009184,300,High,2025-12-14 23:25:04.503459,v2.1.0
7644c576-d69d-4ee3-8d39-d9affbb1f15a,CUST00001208,439,High,2025-09-13 06:26:31.397027,v2.1.0
e58b037e-55d5-443b-ab5f-aefc3b702592,CUST00003806,456,High,2025-08-27 08:39:42.539763,v2.1.0
f4cd5bee-2dcd-4f6c-83cd-96c0039c5851,CUST00008175,673,Low,2026-01-29 20:19:31.303920,v2.1.0
61861263-4089-41d9-964c-ef4a44653dce,CUST00009327,688,Low,2026-01-08 14:08:30.041665,v2.1.0
692499e0-0509-4fe4-99a0-e79d17e5347d,CUST00001551,518,High,2025-08-12 00:40:00.545678,v2.1.0
a49297f5-8b53-4dbc-9ad1-cc4890d9ecec,CUST00005835,355,High,2026-07-01 18:03:21.487576,v2.1.0
11775df5-2a43-4404-a381-179171e7f036,CUST00008309,300,High,2026-05-30 02:25:15.385387,v2.1.0
6626e43b-4d91-41c8-96ae-f659561a3912,CUST00009984,581,Medium,2025-09-03 08:51:43.764813,v2.1.0
36b21fab-6b94-4165-8a68-e10183762b03,CUST00001073,308,High,2025-10-01 00:49:19.947306,v2.1.0
86ac3b6a-9379-4a11-aa27-50c055db7e74,CUST00002227,618,Medium,2025-12-22 18:28:27.642160,v2.1.0
54e1b878-b6ab-4a26-a342-203d33d9beb8,CUST00006155,313,High,2026-04-03 02:43:04.771483,v2.1.0
d2a5124d-49a3-434f-b03b-ca41a9d27386,CUST00002896,511,High,2026-01-07 07:42:52.884309,v2.1.0
7350e086-42b7-4036-a0af-2d6a77fa09d3,CUST00001988,466,High,2026-02-23 09:52:44.692966,v2.1.0
f95dafe9-9ea6-4029-a242-fd54ee4ec525,CUST00007591,591,Medium,2026-06-25 22:18:27.879537,v2.1.0
b37fc716-57f3-43c8-8b81-f63352bd9cc9,CUST00009659,544,High,2026-02-17 11:43:13.475414,v2.1.0
7db070f0-0963-47d4-83e7-e1ae83cb4d64,CUST00004975,655,Medium,2026-01-17 10:28:56.589323,v2.1.0
2a88bd8f-1bd9-4e12-b14c-b3cdeff8e432,CUST00001380,804,Very Low,2026-03-25 01:00:51.618484,v2.1.0
67189c2c-f57f-4d2c-a3ab-634e685b7913,CUST00002571,300,High,2025-10-26 12:21:23.211385,v2.1.0
3f3cc51b-5cf1-4c06-84c8-65fc6722c13f,CUST00002222,484,High,2025-07-20 15:09:11.529627,v2.1.0
e6b65db3-a7e5-44a5-8893-6fffae0a4c56,CUST00006499,484,High,2025-09-08 00:42:38.397586,v2.1.0
de715738-707e-47fe-a8e3-46bae29bcc2d,CUST00006358,425,High,2025-08-10 06:39:10.757228,v2.1.0
7c16093b-8660-499a-ab41-7c379ac2df99,CUST00005089,529,High,2025-12-10 17:31:18.913960,v2.1.0
b3b70db4-d7be-4e0b-b311-485ae99e8ab0,CUST00004362,346,High,2026-05-08 20:50:06.778414,v2.1.0
3e46fd5f-0f7f-45e8-9f1f-318246ed007f,CUST00003460,578,High,2026-01-25 23:26:19.896001,v2.1.0
74f7386a-9343-4ae6-9001-930580377cb1,CUST00002011,420,High,2026-06-15 09:24:01.901476,v2.1.0
03587be8-2730-4f31-bfef-2ff30c3d4d44,CUST00001263,300,High,2026-06-04 01:06:30.357361,v2.1.0
aafe6a74-374f-4e3c-b789-19e150bf2152,CUST00004393,482,High,2026-01-01 23:56:58.806917,v2.1.0
5d6c73b7-81cf-4fd9-af62-2ed4b723d955,CUST00003455,622,Medium,2026-02-13 08:08:54.165047,v2.1.0
b9942b3b-32f3-4e5d-897a-cb1ef5165efc,CUST00007744,300,High,2026-04-13 04:49:13.318794,v2.1.0
d88eb177-4c4f-4abc-ba23-228412375d22,CUST00008668,640,Medium,2025-10-31 01:40:21.190340,v2.1.0
e1f7f07c-ebca-4b93-86d3-b46a81899b6c,CUST00007737,391,High,2026-06-04 16:29:22.393184,v2.1.0
b4ecac40-fa76-449f-a6e5-72c00833f95a,CUST00004925,649,Medium,2025-12-31 13:46:52.669125,v2.1.0
0011529b-ac0c-4ea6-ba34-cbb612fe3166,CUST00001824,300,High,2026-03-30 16:42:49.160518,v2.1.0
ced12691-f32a-4be5-98b4-01bf64a910bd,CUST00004087,533,High,2026-04-03 20:02:30.967597,v2.1.0
f98230f8-fee8-4069-b87d-3ffcf5c83769,CUST00004039,414,High,2025-11-03 13:16:15.964796,v2.1.0
537f6d60-0172-46d3-9dc0-dd9febda4772,CUST00006973,422,High,2026-02-26 19:33:32.347821,v2.1.0
76edc3a4-464f-4b24-bd1c-a6f7b2892a4f,CUST00002840,527,High,2026-05-09 18:02:20.387703,v2.1.0
0d635ae3-38c1-4920-a790-3a24ab45b8fd,CUST00004057,713,Low,2025-09-19 21:01:19.019823,v2.1.0
7c006700-1663-43a0-b556-c6b44269645e,CUST00003130,499,High,2025-10-16 21:45:46.666380,v2.1.0
f5071cad-e491-41ef-8e2a-8589d0518fca,CUST00000677,328,High,2026-06-11 14:46:50.932309,v2.1.0
4a36a913-2f92-4e89-8122-92a50531235d,CUST00009680,480,High,2026-04-11 17:20:50.846226,v2.1.0
b55cd224-0475-4460-b679-1900339d9507,CUST00002175,511,High,2026-01-01 03:07:07.128098,v2.1.0
c7856db9-ba50-4f70-93bf-ca7c8ea89aad,CUST00007582,300,High,2026-06-15 14:03:04.533313,v2.1.0
e069093e-cd90-41c5-b64e-3016d2220abe,CUST00000151,463,High,2025-09-22 21:56:08.942523,v2.1.0
85f73582-0368-46ce-8c00-b2318f52cdad,CUST00007739,307,High,2026-02-10 14:15:06.831651,v2.1.0
db788ec7-2a27-43e0-be63-560b88bf333b,CUST00004721,493,High,2025-12-08 15:41:00.031712,v2.1.0
367dbf7f-0790-4c0e-864a-945778841577,CUST00004246,513,High,2026-06-28 07:34:31.401823,v2.1.0
ad9eece4-e24b-4337-8991-66983e3b0223,CUST00009980,807,Very Low,2025-10-13 11:01:04.964087,v2.1.0
a66a5f6e-33b7-4816-94f3-bf73278b460a,CUST00000138,630,Medium,2026-05-31 20:50:53.078917,v2.1.0
1f414bbf-6983-4c52-a373-debe4dccb761,CUST00009974,486,High,2025-10-25 21:45:50.697132,v2.1.0
ef2acba8-bfb7-41cd-b07c-b2ab78114c8d,CUST00000045,582,Medium,2026-03-04 07:32:00.831597,v2.1.0
5bcc8233-3b76-48b5-8e67-2ef7b52e00df,CUST00007103,507,High,2025-11-01 12:32:27.749238,v2.1.0
bd303a9d-3cc4-4f70-911d-f951b2886067,CUST00008088,492,High,2026-06-17 13:56:26.496295,v2.1.0
a4633725-18f0-411c-b770-8db92b6005e0,CUST00007608,620,Medium,2026-03-29 20:47:34.989857,v2.1.0
ca9605b4-4597-4b87-a0b9-0d7c96d40dd8,CUST00002289,420,High,2026-04-07 18:22:27.378422,v2.1.0
b8d892be-4772-4612-b617-5569912b95f6,CUST00005979,342,High,2025-10-05 06:18:39.544482,v2.1.0
e38a7e42-3e39-4f34-8423-905d65d3739a,CUST00009531,672,Low,2026-01-14 03:42:02.193749,v2.1.0
1b4ecec0-89d3-48a7-8f1f-b395b998680a,CUST00004578,369,High,2026-07-15 08:57:25.462616,v2.1.0
5f2b2e0d-125d-47cd-9d3d-ce6fc2a53b32,CUST00006196,300,High,2026-02-04 19:49:42.697303,v2.1.0
eb3f7e1a-997b-4acd-9206-09c900e110fa,CUST00003966,805,Very Low,2026-07-16 10:36:41.288087,v2.1.0
1ee1884f-5f96-4b33-9fa4-120add35e2a8,CUST00003820,362,High,2025-08-14 20:46:56.750110,v2.1.0
00b24e74-c28a-44e1-a642-7e11c66bfa52,CUST00003333,663,Medium,2025-08-25 08:16:48.691529,v2.1.0
c4ae2973-10ff-4b75-837f-2d08ebdba8ad,CUST00005093,745,Very Low,2026-04-23 21:12:16.390342,v2.1.0
9d45b7f8-87c9-4aac-8f8d-900f61ba4e22,CUST00007808,560,High,2025-11-13 23:39:35.464819,v2.1.0
242b967a-92d7-438d-b527-83428b3bc5cc,CUST00001394,455,High,2025-12-29 14:42:12.780924,v2.1.0
a65c3e6f-540f-4228-a50f-a60e99b7cb61,CUST00001855,654,Medium,2025-10-18 05:35:54.439756,v2.1.0
58c0203c-f293-4874-9817-641515b72307,CUST00001155,407,High,2026-01-18 17:56:51.090387,v2.1.0
33e975ca-03a4-46a3-8c78-caaa486fd3ee,CUST00002165,657,Medium,2026-01-02 17:09:22.367074,v2.1.0
35c8ea8f-31f8-4d52-b932-593a0e9d9428,CUST00005669,383,High,2025-08-13 15:31:15.818089,v2.1.0
cb06028b-b02f-430c-bbde-ed75873b3249,CUST00009470,386,High,2026-03-28 13:36:07.335781,v2.1.0
ebc4b404-f589-4b0b-b210-61744aad40fc,CUST00005883,504,High,2026-04-17 17:54:50.475286,v2.1.0
3305d1a5-9f22-4730-abe3-ac7c505eda6c,CUST00004903,343,High,2025-12-04 03:01:30.632460,v2.1.0
09afc4ab-1846-435e-9673-4a539d029600,CUST00001493,512,High,2026-04-16 08:47:26.911465,v2.1.0
353ed0c1-0c94-40c5-81c2-610c077c5e2c,CUST00009318,564,High,2026-05-26 11:24:32.210089,v2.1.0
b475ffab-4647-4658-a4cb-72104ecefa70,CUST00000744,405,High,2025-12-09 19:03:32.041427,v2.1.0
3f5c3f10-d3c6-46af-bb6c-864ef53bb727,CUST00001185,629,Medium,2025-07-21 20:01:41.078750,v2.1.0
e865106e-3b71-443c-a1a5-a6db021bbcba,CUST00002591,323,High,2025-08-28 19:11:17.222367,v2.1.0
162909ad-f8a3-4fb1-bccc-390ef336f8e6,CUST00003166,362,High,2026-06-17 21:18:34.416413,v2.1.0
7a8494eb-69f9-40be-91ab-53b2f89f77eb,CUST00002188,738,Low,2025-11-14 09:16:40.354696,v2.1.0
0e145bea-1d35-48a3-8830-fac180f666ff,CUST00009491,468,High,2026-04-17 08:37:16.759957,v2.1.0
267b07d8-8482-48c0-899a-c95c0bad13f0,CUST00006206,539,High,2026-01-10 23:11:24.275963,v2.1.0
5cfc6ed6-c484-4873-aaa7-d087737748cf,CUST00001686,480,High,2025-08-11 20:03:27.396695,v2.1.0
923f126a-d452-49fb-b969-4081c83600b0,CUST00008664,602,Medium,2026-02-03 05:17:59.662899,v2.1.0
09bcbe99-7326-42af-bfd7-4f745e614074,CUST00006519,644,Medium,2025-10-14 09:47:40.454801,v2.1.0
18c9f064-6629-4cd3-b398-017e228526d2,CUST00007439,474,High,2026-06-29 21:32:25.603726,v2.1.0
5ae1ca46-a835-45f1-8ac0-2fb980b1cd55,CUST00007378,568,High,2025-09-07 03:21:18.996601,v2.1.0
ac4180a5-d4f3-4f15-923c-81346b70e5e8,CUST00007184,566,High,2026-05-13 13:34:13.453522,v2.1.0
7bbf2560-75df-4f1b-af8d-d12e4cbadec8,CUST00008982,465,High,2026-05-21 06:50:31.684236,v2.1.0
74ce6473-be06-48b3-b3fd-df1f48efc72e,CUST00004472,464,High,2025-09-18 05:15:00.055619,v2.1.0
3f3a00d2-88bd-4cf2-94fe-7b6a5c0b21ed,CUST00008652,300,High,2025-07-24 12:16:13.020805,v2.1.0
5f799cb0-5ae7-4ed5-99a0-4f63546aa607,CUST00009637,468,High,2025-08-23 14:59:54.139044,v2.1.0
1cf1be24-5053-446c-ba54-9fcd910aaf3b,CUST00005155,537,High,2025-11-02 08:18:30.182902,v2.1.0
c29873f7-ffae-4c97-a1b2-cde1f8f982be,CUST00002080,397,High,2026-01-29 04:33:14.861649,v2.1.0
73725a29-602e-42a7-aeab-2f60afd03f8d,CUST00009315,524,High,2025-12-07 15:59:59.555067,v2.1.0
82badec9-ec81-420c-8fe9-9794416a695a,CUST00006428,443,High,2025-08-15 06:00:03.824689,v2.1.0
565da4ee-3c98-41af-921d-1a7348552847,CUST00001462,357,High,2026-04-22 19:20:42.968009,v2.1.0
29b14881-4b73-4d2f-8b82-44e07e319acd,CUST00002759,402,High,2026-03-22 07:41:05.975541,v2.1.0
70a501bd-f2d0-4fda-972e-8ea0eb127ec1,CUST00006932,435,High,2025-09-11 23:25:12.811427,v2.1.0
119b1607-8e8b-4031-aa51-da76976f3337,CUST00002101,716,Low,2025-11-25 16:48:41.597598,v2.1.0
441634aa-1d81-4490-8404-41d1ae513aac,CUST00003152,656,Medium,2025-10-05 01:12:19.775339,v2.1.0
cb3b7181-40ea-48bc-b284-b3911bcf6de8,CUST00008988,556,High,2025-07-30 11:50:31.893269,v2.1.0
81441ac8-eb8e-4367-bf2d-e1231afc6d71,CUST00009371,559,High,2026-03-21 11:10:54.423203,v2.1.0
d035e9db-d603-4d13-8af0-69ca815e3887,CUST00008713,492,High,2025-10-04 20:46:14.158989,v2.1.0
25005167-3265-4bbb-b9a1-cfc6624e92c3,CUST00005536,511,High,2026-03-29 09:22:59.829085,v2.1.0
5321f029-c577-4937-99bf-05f7d8038a2a,CUST00002488,520,High,2026-05-19 10:28:30.675023,v2.1.0
7181b781-b8f4-4cf1-8513-82e8e6ff0fd8,CUST00008254,504,High,2026-05-10 07:25:29.452085,v2.1.0
5d0013dd-cd1b-42a9-ae1b-e1dfd10a372e,CUST00004019,782,Very Low,2026-03-09 00:51:57.429203,v2.1.0
a8d63ce9-3fc9-4acc-b9a8-28cdf8662b3c,CUST00005029,321,High,2026-04-05 13:47:19.908242,v2.1.0
a9305b43-016d-4c1a-8c5b-3513d4c9d0fe,CUST00005096,560,High,2026-06-10 12:52:48.976229,v2.1.0
472c987d-f9e5-42bc-a0ad-6d686c9c47c9,CUST00005492,648,Medium,2025-12-07 13:58:26.379299,v2.1.0
d579f8ef-42f5-4f40-bd20-5b4ff934ca8c,CUST00000789,741,Very Low,2025-11-07 12:36:11.988258,v2.1.0
140ef395-50b2-430c-aa43-b87abca7de2c,CUST00008607,750,Very Low,2025-08-06 01:21:59.401924,v2.1.0
cef6d0f0-acb8-436e-8b0f-8c8e3a2c4669,CUST00006293,837,Very Low,2025-07-19 14:48:20.296522,v2.1.0
bb01c261-1bca-4467-9af3-819b142acaf6,CUST00004036,416,High,2026-04-26 00:39:53.835850,v2.1.0
4b5d6218-868a-443f-91f0-6e5ac79eedf9,CUST00005573,418,High,2026-04-24 02:14:46.504732,v2.1.0
3bce8114-3e8b-41a3-b897-5ee3bcc0869d,CUST00006439,328,High,2026-06-22 03:43:29.960373,v2.1.0
8edd186a-1e9a-4621-b7de-81fbb7220f88,CUST00009693,798,Very Low,2025-12-01 17:57:09.001619,v2.1.0
be0de526-4f53-4079-b868-cd5dd90595ac,CUST00009600,510,High,2025-10-13 00:53:39.000744,v2.1.0
111e9850-be0d-482d-a03f-d38228d8cc15,CUST00001530,374,High,2025-08-20 06:58:42.448174,v2.1.0
edee89bb-bcf1-4777-b61c-79eeef28faca,CUST00000632,305,High,2025-12-18 22:16:35.602947,v2.1.0
fcd91612-f14f-4fa2-9a52-038111f7e9d5,CUST00006042,337,High,2026-07-14 05:47:28.079309,v2.1.0
18458351-d549-4bcc-a421-c8d274e6b56a,CUST00007568,612,Medium,2025-11-18 00:59:25.886977,v2.1.0
c92f7db2-be84-48f1-9fd2-b6d606b0ced7,CUST00003019,631,Medium,2025-09-26 02:15:49.248252,v2.1.0
70a3d7b5-f4c1-448c-97ab-f0245152f4e8,CUST00003115,701,Low,2026-03-19 05:45:26.364351,v2.1.0
ebbacad1-2f89-49f7-ae6f-18752d4f7408,CUST00002059,453,High,2025-10-06 11:21:06.474115,v2.1.0
ed3ad797-65ee-4d30-993f-64102de9ade2,CUST00005413,688,Low,2026-06-05 03:48:53.196036,v2.1.0
b1e6a7d9-e437-482d-ab2f-022cb9ccbf0c,CUST00004855,424,High,2026-05-04 23:33:10.491813,v2.1.0
955fd871-4e60-4a3a-ada8-8b88fcbafe3e,CUST00006864,405,High,2026-05-17 05:26:17.441506,v2.1.0
51070cdd-33b0-4f9f-b5ac-360230e60ec2,CUST00007690,695,Low,2025-09-17 05:31:40.958270,v2.1.0
bdab6a48-e24b-4e4c-bfc7-6ea5e5cf7bb4,CUST00008068,300,High,2025-09-16 22:12:11.127741,v2.1.0
107c7738-23c0-4581-9f2f-72e422f5e05b,CUST00004294,707,Low,2025-12-16 17:39:29.334938,v2.1.0
7c9bab34-1cba-449a-a49a-d2e5221d5298,CUST00006433,300,High,2025-08-26 05:50:15.150268,v2.1.0
05497a74-cc55-4ae3-825e-cd8e34185502,CUST00008363,300,High,2025-11-14 09:33:01.882287,v2.1.0
31530ef5-13d5-4946-a506-94ba91a6a7eb,CUST00000311,464,High,2026-02-08 04:44:18.394936,v2.1.0
90a8c7a1-14be-44db-9e83-44a9fa99ef8b,CUST00004410,300,High,2025-09-25 03:26:06.551769,v2.1.0
3cef39f9-8815-4ad2-81ea-f88b08e4274c,CUST00000387,300,High,2025-10-01 13:27:54.555738,v2.1.0
df2d58ef-35ff-45e3-9b83-b5a9e6a6c3c8,CUST00007320,660,Medium,2026-01-31 18:20:32.624818,v2.1.0
502b74cc-3b72-4066-8f53-80f390cd140a,CUST00002189,481,High,2026-06-25 20:16:57.430098,v2.1.0
d458053a-88e9-4e5f-bc4c-c4953f240163,CUST00009246,510,High,2025-08-31 00:50:43.717631,v2.1.0
9c532589-12cf-4e3d-b6b6-b67cfa63b9dc,CUST00003966,320,High,2025-10-03 23:51:03.602174,v2.1.0
299a7d19-3c2a-4b61-a22c-6cbe263bf464,CUST00000994,300,High,2025-11-25 03:34:09.980860,v2.1.0
8ae12044-aba0-4c44-9ed6-d143d4481c0c,CUST00000497,300,High,2025-09-19 07:49:54.662288,v2.1.0
f2986948-2df7-4c1c-b4a6-f566a7f81def,CUST00005469,647,Medium,2025-12-11 18:57:54.713373,v2.1.0
36cf662f-79d0-459a-91ce-617948544c9b,CUST00009967,300,High,2025-11-10 09:59:34.177763,v2.1.0
b747d099-00d3-466e-8c8d-550e8af01764,CUST00005162,300,High,2025-12-07 01:25:25.670155,v2.1.0
9616fa5d-01cb-45ac-a876-6a2ab98dfc48,CUST00009812,419,High,2026-01-01 11:25:35.961278,v2.1.0
306cebbc-c2ea-4bad-b5aa-f69dd258c73b,CUST00005647,466,High,2025-08-11 00:35:23.447883,v2.1.0
4e883edc-2f3e-4098-9300-ae92f24649c4,CUST00008480,412,High,2026-05-11 14:44:43.741993,v2.1.0
8540622f-9b97-487b-acc4-dd0cb2b96546,CUST00008599,337,High,2026-03-12 07:10:07.638203,v2.1.0
a576b569-1b0c-45c2-9851-74d86d6f3adb,CUST00008515,581,Medium,2025-11-29 16:17:48.218800,v2.1.0
56807b47-0405-492b-a8de-6774d935effc,CUST00009568,592,Medium,2025-08-11 12:07:00.065548,v2.1.0
2309d527-564a-4349-af86-cf9dc0273c48,CUST00001835,613,Medium,2025-10-05 17:45:32.206638,v2.1.0
f95279db-9441-42c4-bceb-34fb82b7abbf,CUST00000469,416,High,2025-11-05 01:05:01.679502,v2.1.0
1106629c-72d9-483b-bb2e-14cf35860a33,CUST00005132,687,Low,2026-02-21 15:26:58.976323,v2.1.0
4d323dcd-26f4-4bfb-83bf-9916dc54c04c,CUST00000976,351,High,2026-07-11 23:32:50.829928,v2.1.0
d2ef3eff-a3ba-4424-a7ea-19df24261f4b,CUST00006539,300,High,2025-08-24 02:22:49.576894,v2.1.0
61aa97ee-7f72-4e38-9f47-851a365294a4,CUST00005243,618,Medium,2026-01-29 17:56:43.999478,v2.1.0
f7a8f678-2028-46f9-b10c-4f2790d6c865,CUST00007144,430,High,2026-07-14 16:39:59.339627,v2.1.0
2d4c47a0-9670-4cb7-8d7d-683960eecd2e,CUST00005527,545,High,2026-05-24 12:52:45.546301,v2.1.0
d61b1ea9-5f82-4149-9593-778d30173957,CUST00006084,663,Medium,2025-09-18 12:52:34.883839,v2.1.0
7296f3f7-09f2-41b8-ad2b-370d884c1ce5,CUST00009941,637,Medium,2026-07-03 04:34:29.980889,v2.1.0
3319c917-4137-4186-8573-44bd267bbc0b,CUST00009142,321,High,2026-02-22 00:11:54.134684,v2.1.0
c97f6289-c60a-499c-942c-38ae0d91a460,CUST00003205,546,High,2026-07-11 08:45:47.300225,v2.1.0
600d7166-0582-4be5-abd4-cb9fecb6c0c4,CUST00001118,455,High,2026-03-29 05:38:25.175855,v2.1.0
5f53375e-58f3-4c33-9cc5-370ea63066de,CUST00008068,491,High,2026-03-22 12:13:12.819171,v2.1.0
bef81be3-338c-48f4-9e2e-c0b2756d224e,CUST00005428,681,Low,2026-07-08 01:26:29.070390,v2.1.0
7dd9d5d7-4703-420e-8b02-1afe2119ef31,CUST00002826,335,High,2026-03-28 06:53:47.377726,v2.1.0
77f86cca-96d1-4b17-ae60-ddab723f1360,CUST00004417,411,High,2025-11-16 04:32:50.234381,v2.1.0
9e32a795-c02c-412e-befe-484dcd5df871,CUST00005547,300,High,2026-03-06 23:15:46.141418,v2.1.0
b6d48b51-a4cc-4090-81a8-2da0b518be55,CUST00000931,405,High,2026-06-05 18:32:59.267566,v2.1.0
aa4a1159-f140-4eba-98da-e1c70aaff09d,CUST00008019,701,Low,2025-11-11 01:07:44.890200,v2.1.0
cbc369da-aecc-47f3-b2bd-437dcace89a9,CUST00003235,300,High,2026-05-24 22:25:36.472561,v2.1.0
c914b725-eee1-4d02-83ce-4176767be330,CUST00006180,300,High,2026-01-10 00:08:46.087296,v2.1.0
215672fa-9c13-4565-b928-dd4758811735,CUST00005827,691,Low,2025-11-17 07:21:31.900585,v2.1.0
71b5db4b-eaf2-4e88-b3b3-b8bd99292583,CUST00004641,681,Low,2026-02-25 04:09:50.394488,v2.1.0
7352829a-bf93-4d13-97f8-e38fd9475eeb,CUST00000608,701,Low,2026-02-16 14:12:00.458449,v2.1.0
3f87c325-6c9f-46fd-8d69-561519fb3ed2,CUST00001656,300,High,2025-12-04 13:40:58.312194,v2.1.0
4b95ce2d-2353-4f1c-ae2d-63ed58990127,CUST00007400,437,High,2026-03-08 21:10:56.199814,v2.1.0
4eac45ad-2e65-46f8-b11a-7c73ceec885b,CUST00005723,359,High,2025-10-10 19:17:34.429393,v2.1.0
5bc49380-0f9e-4055-be4f-50e7dc36cf5b,CUST00003601,554,High,2026-02-17 11:30:54.858874,v2.1.0
0fda32ae-0346-45dc-ae86-02666079ce6e,CUST00000784,300,High,2026-07-13 21:48:59.004111,v2.1.0
9ee53331-f55f-422d-b5dc-b2e76784ac46,CUST00008044,606,Medium,2025-10-10 20:52:28.120310,v2.1.0
1877d8ea-05ad-44e1-beb8-eba6ae08d0f7,CUST00004097,586,Medium,2026-02-28 00:40:17.407907,v2.1.0
3249d062-f160-4f6c-865f-90b09ece7779,CUST00004431,535,High,2026-06-10 10:51:36.608079,v2.1.0
22433bae-81e2-48eb-854d-18714e29377c,CUST00005446,404,High,2025-11-07 17:11:59.638994,v2.1.0
53f2adee-6de9-4a1f-beea-7aca31f65139,CUST00008561,558,High,2026-04-13 10:16:39.691494,v2.1.0
abe0159b-cc33-4ef8-8983-00760e43c724,CUST00009162,307,High,2026-04-20 11:44:29.017881,v2.1.0
cab5e074-8f98-4216-8f8b-e9bb61bca330,CUST00006023,477,High,2026-03-01 06:37:44.254253,v2.1.0
042e3326-0fdf-42d5-9761-b844062ed45a,CUST00008484,399,High,2025-08-08 19:10:39.813900,v2.1.0
631bd935-2292-4f86-b9d1-d18a6c13cdc7,CUST00001851,529,High,2025-12-01 16:53:28.270134,v2.1.0
8b5ec24a-9e5a-4721-9c3a-d3f7d715af4f,CUST00001808,459,High,2025-11-03 05:57:37.740096,v2.1.0
cbf18baa-55c1-4093-8685-7dc7fe736b01,CUST00008847,444,High,2025-09-11 07:24:53.622182,v2.1.0
4f3aaa11-668e-4cef-b029-839af606e8b7,CUST00007759,491,High,2025-09-30 13:29:58.904118,v2.1.0
d7573140-9c0d-4865-8d46-776972b81407,CUST00002656,462,High,2025-07-31 18:11:17.215474,v2.1.0
6850d156-417f-4894-8989-a36eb609050f,CUST00002450,828,Very Low,2026-06-20 04:17:23.436877,v2.1.0
876d539f-c7cf-4887-860f-4c9a5c1ad484,CUST00000677,331,High,2026-02-21 08:29:25.835150,v2.1.0
90983598-8d24-42a5-9cf8-2f5193744ca7,CUST00004993,690,Low,2026-06-28 09:13:59.915669,v2.1.0
9200dded-a948-434e-accf-4b7644788891,CUST00004112,500,High,2026-04-13 22:02:39.942285,v2.1.0
1de7b721-dd2d-4ce9-af13-f63b93fa8859,CUST00009872,374,High,2025-11-14 23:07:23.881251,v2.1.0
581ef40d-78a2-402a-a2e5-c64c13f6a83b,CUST00008750,513,High,2025-10-27 11:53:47.746094,v2.1.0
31c24c71-c86f-4009-aa52-9ae0d67b32f7,CUST00002897,427,High,2026-03-09 23:34:05.662705,v2.1.0
59b7695a-0836-4d39-a2d3-2e9412cfba2a,CUST00002774,680,Low,2026-04-21 16:12:49.673216,v2.1.0
fe188a9e-d232-4ba8-85f2-6d5911a88b60,CUST00009209,300,High,2026-01-24 03:45:12.319822,v2.1.0
510849ec-5ee7-4d23-895c-03090dd2c366,CUST00000102,374,High,2026-07-09 23:01:44.660339,v2.1.0
06c2531f-1ffb-41b4-888a-5a3d3e7e4eeb,CUST00003595,509,High,2026-03-11 14:31:34.951982,v2.1.0
407466f2-70bb-42b9-8de2-511657e6e26f,CUST00008120,833,Very Low,2025-10-31 06:26:06.579279,v2.1.0
4b4ed240-cb83-40be-aa60-dc9a7e54b6c6,CUST00007065,733,Low,2025-07-26 13:35:49.232106,v2.1.0
f3383e4a-8152-4114-8c3d-44548028dfb7,CUST00006061,611,Medium,2026-05-23 05:56:04.330015,v2.1.0
58c41f97-5f40-427b-86dc-25558292773b,CUST00000111,440,High,2025-11-15 21:44:33.537184,v2.1.0
3a90fdf2-9b2e-4961-b0ef-03e4463b683b,CUST00003399,300,High,2025-10-14 09:24:12.225664,v2.1.0
a2fe243f-c581-447d-bc89-80dd82e3d6d8,CUST00002532,511,High,2026-01-30 21:23:03.583543,v2.1.0
3e328708-cf3a-4bdb-ba53-5776b8f80ad1,CUST00004883,534,High,2026-06-14 01:13:33.494262,v2.1.0
0147582a-6982-4a01-b8de-2ed7d65702b3,CUST00009253,414,High,2026-03-17 19:11:24.382785,v2.1.0
0a355345-d534-4e4a-87c4-d69648bbea5e,CUST00009878,527,High,2025-10-16 14:46:43.271907,v2.1.0
3947c0b6-a72e-4591-9a6e-faea1d87853c,CUST00004107,344,High,2026-03-25 23:03:02.400626,v2.1.0
c5828f07-1b93-4fcc-91ea-766515dd647f,CUST00006679,540,High,2026-04-06 16:53:26.599275,v2.1.0
06cf530c-b4ca-4513-af35-5799299b3763,CUST00000875,454,High,2026-02-25 00:02:34.800429,v2.1.0
9eb8fbeb-2c18-4a45-a111-a6090c86ff82,CUST00003476,300,High,2025-12-04 05:55:15.482810,v2.1.0
aa3f44e4-bc6a-4909-ba8b-6f3700e5aa91,CUST00006861,372,High,2025-11-12 09:17:58.615353,v2.1.0
484d3d6a-41b9-4609-9ce6-17258fc74836,CUST00002722,300,High,2025-12-26 11:32:10.826669,v2.1.0
6cf27eef-b5b4-468a-a3be-b68f224b10d7,CUST00005160,505,High,2025-07-20 02:52:31.618914,v2.1.0
e6d78f97-dcff-41b4-979b-c88d5a31ba6d,CUST00002682,516,High,2026-05-31 14:57:00.066087,v2.1.0
b16bd3b9-00ad-4a42-ba5e-0326db6149e1,CUST00001263,494,High,2025-08-12 11:22:40.643716,v2.1.0
37e69b48-ee9f-4ecb-b11a-311d8124135d,CUST00002592,726,Low,2025-09-26 05:00:46.308862,v2.1.0
b492853e-b67f-4b87-8be7-0b03573618a5,CUST00000603,664,Medium,2026-03-06 14:36:55.660929,v2.1.0
a8c43c9a-10f1-452a-a6d1-5d059af62eb0,CUST00002374,649,Medium,2025-09-07 14:32:33.302581,v2.1.0
eefa1f30-526f-401b-bd68-4058ccfa6de2,CUST00004957,586,Medium,2025-09-30 12:03:02.028768,v2.1.0
b16deebd-6285-4f8a-b9fa-a37e44cfc918,CUST00000117,460,High,2025-08-20 10:14:51.922213,v2.1.0
043f2c73-03ee-4bb3-8cc4-357fa1a481a6,CUST00009465,610,Medium,2026-02-19 08:45:54.005808,v2.1.0
86f25736-25bd-4a86-bfcf-5be43dae5d7a,CUST00007080,379,High,2026-05-17 12:11:22.824462,v2.1.0
eed17741-2da4-46a3-87bf-b34c035d913d,CUST00000130,630,Medium,2026-06-23 05:57:12.067070,v2.1.0
2c880084-4710-4af5-a86d-a2cf557e20f4,CUST00007353,360,High,2025-10-12 05:20:41.329036,v2.1.0
76188562-5561-4ed4-8406-ead8a9090d82,CUST00000534,300,High,2025-08-15 11:04:41.920390,v2.1.0
5a2556d7-2ec4-4d21-aece-dd4a7b77333c,CUST00002055,300,High,2026-04-08 16:59:14.782125,v2.1.0
fdf23a89-bcd7-4562-86b1-29b9b413fa92,CUST00006983,300,High,2025-11-08 16:06:59.712100,v2.1.0
0cbe2a55-456c-481a-813d-44500ca9e7df,CUST00002484,440,High,2026-04-07 11:55:33.504220,v2.1.0
169bc655-563f-40dd-a8d0-7d2ad25bbdc2,CUST00006146,435,High,2025-10-15 08:51:37.246650,v2.1.0
bebb0b8c-394e-42c5-af08-6ea3594af1a9,CUST00005178,449,High,2025-09-20 08:29:53.649071,v2.1.0
977db48a-7525-467e-a4a1-abbbdf45fd12,CUST00007361,773,Very Low,2025-10-16 20:18:47.590344,v2.1.0
e403ff3e-15e0-444d-8c85-1b0e6c7b807a,CUST00007597,448,High,2025-10-30 03:14:30.817128,v2.1.0
a38b9db6-a4fa-4bc2-ac60-96089802ca0f,CUST00000027,523,High,2025-12-28 15:20:40.674019,v2.1.0
8a3b7745-755f-4e93-a9eb-df4bf5707a47,CUST00000821,672,Low,2026-03-07 01:27:25.437213,v2.1.0
dcd4f6eb-17bb-47d4-bf20-6c5394e418a4,CUST00002491,397,High,2025-10-25 04:58:24.013340,v2.1.0
0858e168-b95c-48b5-8099-0182cc2c2b9b,CUST00001457,525,High,2026-04-29 06:29:53.359141,v2.1.0
c85504bc-a7c8-4f7e-8f7d-b6da62d46d02,CUST00003590,412,High,2025-08-16 03:18:27.900769,v2.1.0
134d467b-d66a-49d4-b87b-e3d4ba07f4a9,CUST00005355,610,Medium,2026-07-08 03:05:32.706168,v2.1.0
2e64d505-a091-4ffc-bac1-6677ef17e44e,CUST00002911,548,High,2025-12-10 08:49:20.703351,v2.1.0
cbc35d04-741e-4eda-a9e5-ca04b3c196fc,CUST00006052,430,High,2025-09-17 04:30:13.574410,v2.1.0
eed16c6b-e0a5-4c1a-9d27-9affc8f676d4,CUST00003926,583,Medium,2025-12-26 02:54:13.144447,v2.1.0
a63aa5a0-9f2f-4519-9c9a-c7d1cea46bd3,CUST00002317,778,Very Low,2026-01-18 11:10:48.737854,v2.1.0
d3560277-d61c-4cf0-929d-9c63d7e350a5,CUST00005708,489,High,2026-04-12 08:06:37.173650,v2.1.0
ae301c8e-af3f-4eb4-a2a9-bcece91ed8a9,CUST00002433,314,High,2026-04-21 14:43:43.397716,v2.1.0
52e729c5-35fa-45c8-a87a-0846d2eddeda,CUST00007515,775,Very Low,2026-05-13 06:21:25.989853,v2.1.0
55a8839e-fdbf-48da-9b81-891fb7970eca,CUST00005388,582,Medium,2026-05-03 18:03:04.277205,v2.1.0
644f2476-c792-4ed4-9a61-fabf8ad6bda6,CUST00007536,459,High,2025-07-25 03:33:57.930939,v2.1.0
7f43d893-86cf-44b2-a081-63014baca2ff,CUST00001343,453,High,2025-12-04 05:20:13.523607,v2.1.0
c901d8df-c54c-46ae-aace-b87346627ebe,CUST00005508,640,Medium,2026-05-25 20:14:09.563451,v2.1.0
c7b4f313-9624-4f9c-9167-1835cb05f0d9,CUST00003344,601,Medium,2026-04-21 01:52:36.741389,v2.1.0
ee37c344-a2e9-4519-a3a7-fb41eacba8e2,CUST00001706,712,Low,2026-06-19 11:50:22.787842,v2.1.0
0380b6f4-f306-4932-bc2d-4765c59bd38b,CUST00006571,481,High,2026-02-20 07:08:29.213567,v2.1.0
92f09aef-07b0-4cb7-85c3-bfe68a813034,CUST00009861,300,High,2025-09-11 17:18:13.518594,v2.1.0
c6fb0580-092b-4999-9b54-67ca955d232b,CUST00003502,527,High,2026-04-09 07:31:51.521179,v2.1.0
9f3010b3-6bf3-4c7d-a460-a655693de709,CUST00001199,523,High,2025-10-19 21:15:51.950936,v2.1.0
b189dcc5-77f0-4376-887a-8d52ee1a2710,CUST00007586,602,Medium,2026-01-03 06:09:44.609506,v2.1.0
1e87397e-71e5-4c65-aacf-3451ed91bd56,CUST00000175,300,High,2025-12-30 14:04:58.460628,v2.1.0
1a8d748e-51da-4379-8c1f-ea0be46d31f6,CUST00008874,577,High,2025-12-01 22:21:16.209090,v2.1.0
3fa2ac4d-349c-4b63-a430-58010b05e17b,CUST00009505,653,Medium,2026-02-24 06:10:47.189320,v2.1.0
76bf7c64-a21d-45d7-a5ed-acb1cd248b48,CUST00008035,500,High,2025-08-13 04:30:45.532900,v2.1.0
700288c3-c061-4e18-84e0-e04e618d79c3,CUST00009170,422,High,2025-09-05 19:48:13.336418,v2.1.0
22b441d1-500c-4c67-b7a2-3a7f2aee3380,CUST00000586,529,High,2026-01-05 07:18:51.008005,v2.1.0
88aa5d3f-4b21-4e90-8d97-4fabdcfb3d68,CUST00004547,746,Very Low,2025-09-12 10:11:03.802689,v2.1.0
a8e9f328-df07-4869-9abb-66b8d2e1a4f2,CUST00009751,591,Medium,2025-09-25 04:07:16.769746,v2.1.0
c33f3f34-e3cc-4107-a153-476d196020a6,CUST00001302,594,Medium,2025-07-22 14:24:32.741081,v2.1.0
d0609758-b90d-459c-972e-83a3bd788dad,CUST00002111,393,High,2026-01-16 18:55:16.677602,v2.1.0
136d1264-8400-4131-8889-64ebd4bda99b,CUST00004417,571,High,2026-04-08 20:06:37.537426,v2.1.0
607b8417-e27e-404d-aeed-b34e8edf1abc,CUST00007634,554,High,2026-01-13 09:52:20.225138,v2.1.0
d5f1af2d-f221-4e65-9c96-752e64dbfb82,CUST00007023,300,High,2026-06-21 00:17:33.753642,v2.1.0
6d5a2c52-62c2-49b1-b2c2-32077dc45527,CUST00002467,386,High,2026-06-26 08:13:10.044740,v2.1.0
250faa23-8886-4faf-b210-19907d3f1ab5,CUST00002552,837,Very Low,2026-07-07 09:00:44.927130,v2.1.0
7a8d93ff-b6e0-454a-8eef-f4d1f8bd7164,CUST00000057,300,High,2025-12-01 04:48:20.026454,v2.1.0
2581792c-da48-4121-86c9-04f96e6ce2a3,CUST00007197,538,High,2026-01-12 17:11:40.274022,v2.1.0
108bc470-58be-460d-b955-b950ba62c7f6,CUST00004247,656,Medium,2026-03-09 01:11:10.279383,v2.1.0
6e9d9183-991c-415c-ba8d-4805a8e9bff8,CUST00007610,448,High,2026-02-17 18:52:56.970890,v2.1.0
f48636d0-0d74-43cf-adf7-bd20a620d88a,CUST00001400,340,High,2025-12-14 05:14:26.897969,v2.1.0
8dfac28e-dc0e-49bb-b3e1-f003287c6733,CUST00001886,657,Medium,2025-08-01 02:15:15.159922,v2.1.0
6b7a5c5d-9155-43e7-baac-4fd29cbcd43e,CUST00002848,382,High,2026-06-19 12:27:35.408102,v2.1.0
7983890c-29f8-41c4-8287-01201d11fbde,CUST00006329,710,Low,2025-12-05 11:11:57.849263,v2.1.0
25d823ce-a40a-483b-bb72-ded7e7dd0cb8,CUST00006345,304,High,2026-02-09 11:53:46.018685,v2.1.0
c10ba00a-d98c-4987-bb49-84ce2cacfbbf,CUST00008754,300,High,2025-09-26 20:27:53.041834,v2.1.0
013d5f40-6058-47af-a547-a9505228239c,CUST00001018,517,High,2025-12-24 06:23:24.079023,v2.1.0
5e2f77e5-8d1c-4a93-aa78-33d7a0eece4c,CUST00006235,693,Low,2025-10-19 03:26:27.474379,v2.1.0
d594d699-32f7-4470-a674-18194b05432a,CUST00003351,668,Medium,2026-06-16 09:47:58.697520,v2.1.0
5c356053-0503-4e89-a349-2daf4b19d6fd,CUST00000668,438,High,2026-04-07 16:56:09.053356,v2.1.0
5e39523f-54e5-4596-884f-594f6764c6e5,CUST00001191,576,High,2026-01-20 01:00:41.588095,v2.1.0
488a5970-3da0-48e7-bade-c55e62504678,CUST00008116,472,High,2026-01-12 09:02:55.507228,v2.1.0
a531dafa-eab0-4352-bf7d-b109c180301c,CUST00002069,695,Low,2026-03-26 09:02:23.081326,v2.1.0
e6e8f092-25d7-4e93-a42b-f135435badd3,CUST00000683,535,High,2026-03-29 06:52:04.573610,v2.1.0
7ecd3ca4-e1cb-4cf1-a373-9a6283725c75,CUST00004955,714,Low,2026-03-12 15:35:44.365112,v2.1.0
bfbd803b-05e1-4847-9c57-8623bbeda8a5,CUST00008040,502,High,2026-06-21 07:32:52.792564,v2.1.0
4c185e8a-6114-40df-b28d-96d8efa93d0c,CUST00007049,491,High,2026-04-12 14:33:46.120824,v2.1.0
ac1c6c22-db2e-4bd3-a9d6-fc3944ea5d10,CUST00008303,300,High,2025-10-14 10:18:50.512051,v2.1.0
f451ef5a-c07b-4570-9a40-fcff51762b8b,CUST00002628,390,High,2025-07-30 12:23:31.341681,v2.1.0
39e48b2a-a69c-4b5d-8d8b-e87a61826609,CUST00005167,490,High,2026-05-10 21:34:40.463090,v2.1.0
3381495f-a8be-410c-b6d9-fc06443e4e52,CUST00000181,458,High,2026-03-05 08:41:13.214317,v2.1.0
82054f51-3767-41f8-8a16-959444c9567c,CUST00006262,620,Medium,2026-03-21 23:17:29.044099,v2.1.0
acda520c-fbc1-461d-a1af-e166e5d6dbce,CUST00009277,500,High,2026-03-29 15:46:26.545684,v2.1.0
f1fc18d9-f114-4e47-a42d-453088a3131e,CUST00006923,440,High,2026-03-10 14:44:45.061298,v2.1.0
d230601a-e028-41a6-bb46-ffc35f37a2bd,CUST00001445,519,High,2025-10-21 08:40:08.860346,v2.1.0
6518aa77-389e-40a6-89f4-b8c1b2239801,CUST00003198,736,Low,2025-12-31 06:27:15.850356,v2.1.0
848564a0-55c0-4e10-aee5-fd0ec80dfa7a,CUST00003629,400,High,2026-03-23 15:58:20.245307,v2.1.0
759c6c82-82e0-4249-8afc-329659a36e02,CUST00006925,562,High,2025-10-18 18:56:05.372497,v2.1.0
06d09461-3fe7-4ed2-a79b-4d3fbb2876ad,CUST00008220,460,High,2026-02-22 20:12:12.342759,v2.1.0
ea497526-2e01-4c6b-b85b-e9807864221d,CUST00001174,555,High,2026-06-30 12:57:59.821851,v2.1.0
8ac63ed9-74c3-4b05-841f-704d01d4c10a,CUST00001295,412,High,2026-05-21 06:26:00.093176,v2.1.0
4ac38519-b08f-482d-a3fa-39cdb49f36a3,CUST00004444,372,High,2025-07-22 10:03:12.679568,v2.1.0
ff9dda35-a1cb-46ab-a330-08d0ac30e6ec,CUST00007567,650,Medium,2026-04-25 12:03:50.721943,v2.1.0
8b5d4c19-1918-4934-9771-da9994764ca6,CUST00005027,374,High,2026-03-10 06:32:23.338050,v2.1.0
e510b56b-83e8-4765-9012-8666e5c63d09,CUST00002670,589,Medium,2026-06-17 19:04:55.137994,v2.1.0
7ff64f37-2b2d-4800-8daf-145cd520798b,CUST00006124,385,High,2025-12-10 03:45:35.058081,v2.1.0
bd508895-d838-44ce-b16f-3839c5163190,CUST00008515,491,High,2026-02-17 00:02:54.899905,v2.1.0
fd20a7c5-224b-4835-bffd-39495069a05f,CUST00004395,678,Low,2026-06-11 23:49:06.864073,v2.1.0
0ef0d461-f750-4371-bdb4-065a6e715e24,CUST00002897,462,High,2026-01-23 07:16:41.599128,v2.1.0
87781ebf-7d2c-4c3f-a3dc-222c133b89fd,CUST00003968,311,High,2025-09-24 21:05:10.513789,v2.1.0
9cebcfba-a735-4fa2-b423-5ae6d076a6d9,CUST00007164,738,Low,2025-12-19 09:20:24.286602,v2.1.0
d5eb82b3-a007-4ecf-9c97-fc407286554c,CUST00002936,650,Medium,2026-05-16 23:17:32.969662,v2.1.0
e91a1165-fccf-498b-8f30-c68e700510e3,CUST00003858,505,High,2025-10-18 06:30:55.817487,v2.1.0
5aff82f7-93ef-47f3-86c5-129acde67d2b,CUST00004567,574,High,2025-11-05 07:05:28.057117,v2.1.0
230d3b39-ef4f-4068-8995-e64cdfa58577,CUST00001414,406,High,2026-07-06 08:23:15.563908,v2.1.0
2082e6fd-2367-4076-a0e4-251d013a6095,CUST00001693,581,Medium,2026-03-15 10:02:15.753638,v2.1.0
3b36bd4c-0516-4600-91dd-cab86c806a41,CUST00001784,539,High,2025-12-04 17:20:24.120769,v2.1.0
44d174e7-0e64-4586-8e86-79b03ce4cb9c,CUST00005067,535,High,2025-11-07 09:34:32.783787,v2.1.0
e4994e27-3e20-4dfe-8793-0e5affe94abd,CUST00009935,490,High,2025-12-15 05:58:21.300908,v2.1.0
71b2a6ad-1612-4a7c-a763-e6fd49418b31,CUST00001972,383,High,2026-06-03 00:13:23.267424,v2.1.0
aa849c81-25a1-4245-ab6d-b0b9e642aadb,CUST00001109,407,High,2026-04-09 16:19:49.568977,v2.1.0
eab601be-4516-448c-80a1-cd10aefc8f83,CUST00003106,300,High,2025-08-19 08:57:00.663020,v2.1.0
cc6f0683-ffdd-45b2-9926-0a7caacf0a3e,CUST00001085,687,Low,2026-03-07 06:30:37.155141,v2.1.0
38ce64fa-aeb5-4cb9-a461-78928c8ce38a,CUST00007654,430,High,2026-04-27 14:11:41.465944,v2.1.0
1ebce7e4-7897-418a-b291-c034534f50c6,CUST00002715,614,Medium,2025-11-20 16:46:18.059880,v2.1.0
a922b75f-7662-4a4d-91f3-4446bb397625,CUST00008171,439,High,2025-09-08 00:53:56.665713,v2.1.0
aad9dc25-b913-4f8f-b0ec-ac7bc10dc65b,CUST00008268,516,High,2026-04-17 09:05:42.231568,v2.1.0
82b15786-0f4b-4db5-977a-bd84aa52547b,CUST00009694,541,High,2026-06-22 14:12:41.714050,v2.1.0
3a12bb00-7a86-4db3-ab55-e34b51799137,CUST00008035,385,High,2025-12-10 06:25:06.158750,v2.1.0
612e8a16-a380-4103-aa1c-82a8e929308d,CUST00006168,329,High,2025-11-07 10:38:26.179198,v2.1.0
07d04cbb-462f-42ea-8315-39ee22ba3e59,CUST00009593,696,Low,2026-07-13 09:56:07.912540,v2.1.0
3dc3ba58-526d-49a7-8817-5eac3cbe45c8,CUST00007490,631,Medium,2026-05-12 02:10:49.077861,v2.1.0
8356ac89-5295-4261-b1d2-e51cc64d1344,CUST00002267,583,Medium,2025-07-18 11:44:39.756091,v2.1.0
6e0b25af-5900-4263-a4a0-ceedf656d689,CUST00005792,564,High,2025-08-12 10:07:14.618319,v2.1.0
b0c2bbb0-12e9-4e2c-8b6f-f2b1550fd790,CUST00002105,507,High,2026-03-29 05:39:07.503619,v2.1.0
f086b8a2-7049-4b0f-ac7f-b01c185bcc09,CUST00009856,566,High,2026-01-25 15:35:51.889126,v2.1.0
a26d9cd6-e898-40de-8d57-64935790ce46,CUST00009237,672,Low,2026-03-13 23:16:57.455354,v2.1.0
b56fe4b5-f157-4aab-9dd2-b444cbf5d421,CUST00001684,684,Low,2026-04-11 15:34:45.315243,v2.1.0
44428541-45c2-401e-b66a-bc92c242f8c1,CUST00009683,300,High,2025-09-18 05:38:45.173172,v2.1.0
6c457769-3cb2-4efe-bab1-3cb4798b56db,CUST00007636,355,High,2025-12-01 18:00:39.965954,v2.1.0
70bf66fb-8277-4473-9d2d-1594d03c8ae8,CUST00003491,323,High,2026-04-01 01:24:56.515095,v2.1.0
87c8c733-ebad-4076-9d92-071537ed87c3,CUST00002315,317,High,2025-09-28 05:42:26.553114,v2.1.0
54f89bce-8a41-4286-b77d-1db22d52a6c3,CUST00006085,585,Medium,2025-09-22 09:08:16.504597,v2.1.0
aaecde59-3cc9-47a9-a3e3-2ee06daac102,CUST00008542,583,Medium,2026-06-29 08:05:02.460187,v2.1.0
1323e8e1-dab4-4800-84f8-373f6c43fe7d,CUST00008003,508,High,2025-12-29 12:17:28.395625,v2.1.0
9b4c808f-fd79-4809-8590-63799feae979,CUST00008232,790,Very Low,2026-05-11 08:28:58.452789,v2.1.0
5814e537-031e-41da-9510-3f8b9eb03efd,CUST00001404,570,High,2025-09-23 17:09:55.676681,v2.1.0
c747ca81-f753-4aad-a8ff-5a868e89fab3,CUST00009360,727,Low,2025-08-08 10:55:46.452263,v2.1.0
fe6bd68f-2171-45e0-af93-568b82db3034,CUST00001441,474,High,2025-09-22 15:40:08.412285,v2.1.0
8790f369-890e-437b-b0f3-9525b96dff5a,CUST00002681,492,High,2026-04-21 04:33:44.543504,v2.1.0
cd748f7d-b056-41b4-8380-28a53d9b898d,CUST00006942,461,High,2025-10-20 15:19:24.959584,v2.1.0
ab0baf0c-3d9c-4b0f-a5dd-84efb6ba2841,CUST00001631,748,Very Low,2026-06-12 11:01:04.977756,v2.1.0
4931cda0-fc96-4e26-997f-6577b5f7989d,CUST00002870,547,High,2025-12-14 05:16:58.913570,v2.1.0
423b957e-6dd4-4ce3-a117-906ebdb8e840,CUST00008411,549,High,2026-03-03 20:36:46.702401,v2.1.0
9700abb9-7036-4f6d-a6d5-1077f1840d28,CUST00008242,800,Very Low,2026-03-02 23:26:08.032774,v2.1.0
faea17e2-77b8-431e-8a9f-e98f38eee4ee,CUST00002492,542,High,2026-05-31 01:45:35.131307,v2.1.0
04d67dc6-a6ff-4930-95f0-beab9474dd74,CUST00000258,669,Medium,2025-09-16 14:07:43.509350,v2.1.0
0a73d23d-9727-4420-92cb-63bb628afa58,CUST00009455,300,High,2025-11-01 23:22:31.712055,v2.1.0
922bc49a-21f9-45bf-a3e1-7c918c947f5c,CUST00007542,355,High,2025-12-02 20:59:04.742413,v2.1.0
ee40d7a3-1f83-4e6b-8fee-243c34ee78bf,CUST00001200,628,Medium,2025-10-26 23:56:16.770459,v2.1.0
b19112f9-9515-4bd7-a694-32c0e45bb267,CUST00009636,319,High,2025-11-19 21:07:42.739959,v2.1.0
8e71fe1b-7cbb-4e67-a453-dc9f5c9ba4b5,CUST00003918,442,High,2026-02-16 19:32:33.837771,v2.1.0
7139d720-5477-475b-8c89-9d4616a6255f,CUST00009610,486,High,2026-01-08 11:02:18.208926,v2.1.0
e30de297-abc7-4339-be44-6c2bea79ccc8,CUST00000387,686,Low,2026-03-20 15:33:01.897403,v2.1.0
8c484198-4226-4107-805c-6bc2b7b8c984,CUST00007632,756,Very Low,2025-08-23 17:34:32.482511,v2.1.0
dfdf663d-852e-457f-8537-cda8ccf3aee9,CUST00008145,539,High,2025-08-09 05:06:47.806834,v2.1.0
1f3ef0c1-9c0c-4290-9b0d-5ac1ccd02e0d,CUST00006121,512,High,2026-04-18 11:59:37.990036,v2.1.0
d1674731-544d-4cf1-b8a6-a59fc15146c8,CUST00000047,530,High,2025-07-20 13:15:14.749843,v2.1.0
37daf5c1-4677-4031-ba98-3ff66212aedc,CUST00006563,451,High,2026-02-15 15:29:02.254502,v2.1.0
79897df6-ade8-4252-a3a2-832144873d36,CUST00008849,553,High,2026-07-13 15:08:11.816074,v2.1.0
8187325e-b81a-4a0c-933a-0ba61da4c2e8,CUST00002536,732,Low,2025-08-22 06:47:57.724473,v2.1.0
da302d99-b144-4d9b-a1cf-1ec79d079e85,CUST00007376,451,High,2026-01-24 16:33:58.318138,v2.1.0
8fec4d28-bcf6-489a-aa15-09b453bb3dad,CUST00004977,300,High,2025-07-20 13:33:48.661372,v2.1.0
4423b206-27ae-44bd-b900-bdd42d739ab1,CUST00000960,512,High,2026-02-23 03:31:39.413434,v2.1.0
be033efc-b5ac-4318-a576-e9775389b457,CUST00005129,541,High,2026-07-13 08:48:28.115968,v2.1.0
fc47be88-5533-429b-be30-60ca8f55bc86,CUST00008523,603,Medium,2026-04-21 23:50:26.808579,v2.1.0
59338649-89ba-4f00-8528-ae08599bfa95,CUST00007078,378,High,2026-06-23 08:43:14.233513,v2.1.0
d78a0a51-139f-48bf-bec8-90f2cdd853f7,CUST00006337,517,High,2026-01-06 18:08:35.448880,v2.1.0
bde9fc56-fb4f-4863-b14b-2109f79379bc,CUST00003620,434,High,2025-11-18 00:13:50.731670,v2.1.0
2802efdc-03ee-4a63-98e1-26f58e99ab90,CUST00006447,300,High,2025-12-21 18:23:39.552617,v2.1.0
0fd9d745-f06a-41a2-bbf3-ebb6b71d2a1f,CUST00005066,538,High,2025-11-30 08:07:13.214927,v2.1.0
fe2d20b5-6f55-433a-9429-26c65cf805bb,CUST00004933,622,Medium,2026-06-08 00:46:02.854105,v2.1.0
7a391a39-70f6-4aa4-a5e2-0fbfd4bc3501,CUST00005347,425,High,2026-07-17 22:48:11.279878,v2.1.0
0c18da52-a8ea-4334-8933-97693a750442,CUST00006653,494,High,2026-05-12 06:11:36.191738,v2.1.0
8c681c56-0859-4cf3-922f-f20d150ab1d6,CUST00005908,346,High,2026-06-26 14:24:31.040203,v2.1.0
fd9a039f-5de9-421b-918f-e2a0f1146e47,CUST00008317,436,High,2026-03-17 19:49:24.869337,v2.1.0
bdc7941a-7202-4427-ab3a-792ef8a42703,CUST00002570,648,Medium,2025-12-03 03:11:00.422087,v2.1.0
3b43b75d-42f2-4b3c-bd2d-22579d708087,CUST00002585,628,Medium,2025-08-07 19:40:21.290457,v2.1.0
8548d6a5-fa4c-45dc-808c-c92a89a990cd,CUST00008946,411,High,2025-11-24 22:46:25.541862,v2.1.0
a7ee4678-885c-43e5-8896-bafc08ae72f7,CUST00000664,337,High,2025-11-15 12:50:42.852353,v2.1.0
cd4ad5d9-5c01-4ed3-a5f3-f601aba861ca,CUST00003672,691,Low,2025-08-23 12:02:15.584246,v2.1.0
39f48051-5940-4a2d-bbb4-30a0ea086e8c,CUST00006323,547,High,2025-12-31 19:09:05.440892,v2.1.0
4d13a2fb-235c-477b-b12b-cc29cae2613a,CUST00000240,412,High,2026-03-29 23:06:34.713319,v2.1.0
2df23a91-a7b1-424c-b19a-e4a6497f4a58,CUST00005933,724,Low,2026-04-08 19:00:46.991622,v2.1.0
860bc330-9bcf-4750-a4ef-04fba587937d,CUST00005004,803,Very Low,2026-06-07 05:38:37.262830,v2.1.0
119f64ae-9d38-4b1c-88ea-2087a5c35151,CUST00001609,615,Medium,2025-09-06 15:08:48.892261,v2.1.0
378d4c9c-2e64-4cd3-a3b4-7c79c08bda92,CUST00008267,607,Medium,2026-02-22 18:05:53.976604,v2.1.0
646dcb53-c831-4660-8733-2848259b5c37,CUST00004151,719,Low,2026-05-31 07:23:55.257414,v2.1.0
666d362e-10e8-4306-9493-3815fc2fa43b,CUST00008293,468,High,2025-10-27 23:39:08.070587,v2.1.0
6562011a-04bb-4c2a-9ea5-f5b2c624ffe8,CUST00006726,792,Very Low,2026-03-30 07:29:34.050802,v2.1.0
eac82910-c860-4fcb-b094-ea83a17cc61a,CUST00006981,563,High,2026-05-11 14:27:18.174084,v2.1.0
824da1d0-ce91-487f-bf8d-252af0e42f9b,CUST00003883,523,High,2025-11-29 11:28:29.935194,v2.1.0
6d21251e-2fca-4243-8754-c765f8457e8c,CUST00008655,433,High,2026-02-28 18:13:46.212686,v2.1.0
dd3389ea-f881-45fa-a1f7-acaf7a7b3cf0,CUST00006819,789,Very Low,2026-03-15 13:27:24.307663,v2.1.0
00237d48-ae9e-4b6c-b5b4-e097bb7f0db2,CUST00008755,327,High,2026-01-07 11:23:27.883076,v2.1.0
e9fabf42-9539-422f-860e-df4193e7530a,CUST00009544,310,High,2025-12-15 19:16:31.823153,v2.1.0
b886963d-ebca-41ec-b9fb-70c3a75f9e55,CUST00000282,353,High,2025-09-24 13:17:58.132640,v2.1.0
0ae913b7-9ab7-4e81-8795-0689032d1398,CUST00002607,575,High,2026-07-13 02:32:11.260536,v2.1.0
92031ce4-c830-418f-9e0f-7e20b74834c3,CUST00003019,632,Medium,2026-07-02 15:32:07.388763,v2.1.0
b00a06fc-d1eb-4aad-836e-91f84f302e95,CUST00004068,506,High,2026-05-10 17:07:49.759278,v2.1.0
e0548e84-05e8-468a-a967-efc158bb5742,CUST00005869,648,Medium,2025-07-23 23:41:03.116442,v2.1.0
0ec5fb39-50b9-4aff-aa73-958099298034,CUST00009099,591,Medium,2025-11-26 11:22:58.407822,v2.1.0
a6c4b2d2-db7c-4222-80a9-1bd8f152c60a,CUST00002858,685,Low,2025-08-03 14:58:40.843388,v2.1.0
3ac47dec-75fb-463b-b417-cac9a300ff51,CUST00002696,480,High,2026-05-08 20:45:53.673442,v2.1.0
b213cc7d-79c8-42ac-9b5a-2367452e2784,CUST00004611,559,High,2025-11-13 19:22:57.780627,v2.1.0
ea8a560e-c0d7-4c3f-8ff5-8af2141a1909,CUST00002131,498,High,2025-12-27 04:35:17.171242,v2.1.0
1ca9ccc2-1de2-4dac-ac1f-e8e3f04f9f08,CUST00005755,662,Medium,2026-02-24 12:38:45.320489,v2.1.0
37996b49-e7b3-48bd-8b3a-344daea43998,CUST00004976,730,Low,2025-12-11 01:39:32.283721,v2.1.0
534edb7e-a900-4665-9e05-00aa8fadecda,CUST00000527,744,Very Low,2026-02-26 15:44:39.920392,v2.1.0
37d4b5f0-9e6f-4daa-b5d9-3294514f26ee,CUST00005861,509,High,2025-08-16 15:10:12.349280,v2.1.0
bb25d59f-c5fa-43bb-8e38-c406d9fcfcd7,CUST00009158,598,Medium,2025-12-21 04:55:06.092939,v2.1.0
54f26fe1-c56b-425f-883a-26d18b2bc088,CUST00006375,636,Medium,2026-06-23 03:04:02.934348,v2.1.0
a9aa89a1-14db-4114-8254-f74c32493a9d,CUST00003034,543,High,2026-06-22 21:27:59.276352,v2.1.0
b10cdad7-2844-4276-850d-63c5f6925440,CUST00000366,633,Medium,2026-07-13 08:35:07.239447,v2.1.0
6f689f74-8d2f-4253-b526-3c37a7ec3c27,CUST00007826,520,High,2026-05-26 23:02:23.432818,v2.1.0
d1d7e62e-3115-4b65-9aff-e27972e8c0d5,CUST00000466,300,High,2026-06-13 12:41:49.588196,v2.1.0
ea274db8-3550-4338-ba62-d50bb486a80a,CUST00002503,564,High,2026-04-12 02:24:33.886158,v2.1.0
47150880-734e-4513-9e00-79377ab00fba,CUST00000762,546,High,2025-11-02 05:50:21.265670,v2.1.0
f375bf4c-a1a5-4e2d-929e-f8bde60a751c,CUST00000177,453,High,2025-09-27 03:54:16.974893,v2.1.0
c1d91843-c94f-446c-a3de-4201d0a15bce,CUST00003387,650,Medium,2025-09-08 04:49:32.921661,v2.1.0
da1c658d-e2cd-4eb5-9812-422ef9c687c1,CUST00003811,636,Medium,2026-01-23 20:34:45.316768,v2.1.0
fa25523d-b7e7-4e42-9f7b-2accc2c60631,CUST00001216,498,High,2026-02-11 18:58:49.586862,v2.1.0
3cde767d-829d-47ee-8c92-16b96a28bf4f,CUST00002642,522,High,2026-05-26 20:25:58.781517,v2.1.0
3fd3c02a-77d2-47e6-9401-27669456e151,CUST00007898,768,Very Low,2026-01-18 05:25:49.459197,v2.1.0
9ce0adda-2a48-46f9-878f-de6c34099e72,CUST00009853,361,High,2025-09-02 14:42:32.008073,v2.1.0
24cf681a-3f8c-4dab-8a7a-bdda6ded1b6e,CUST00006405,642,Medium,2026-05-04 22:38:47.375960,v2.1.0
27799023-c92f-4e81-aeef-0d0e5539e6da,CUST00001184,507,High,2025-11-04 23:27:13.904604,v2.1.0
a1f024ee-fe5c-402c-b291-f22a42872f6c,CUST00003978,545,High,2026-03-20 17:48:29.913127,v2.1.0
1707a964-8163-4961-ad70-6a0ed9dff8e2,CUST00002468,708,Low,2026-02-03 08:05:18.488597,v2.1.0
709fbd81-f513-42eb-83b4-084921fbcd9f,CUST00002468,734,Low,2026-06-02 10:04:08.819263,v2.1.0
c57e582a-62cf-48e2-9797-6db04cf575d6,CUST00002094,394,High,2025-09-17 07:01:04.465108,v2.1.0
fba7a874-8f77-41a6-b934-53d4815079b0,CUST00007935,572,High,2025-12-27 21:56:56.582658,v2.1.0
9fc61f02-d0f4-4842-8c38-57d0ccfe6157,CUST00000161,300,High,2025-08-29 03:55:05.360508,v2.1.0
87b00d92-aab2-4c03-83f1-7b43ab898d31,CUST00009588,300,High,2026-03-16 22:28:07.141705,v2.1.0
4d6cd98d-f9e0-4615-8776-bfb47a593d04,CUST00008951,509,High,2025-10-13 21:35:33.621040,v2.1.0
5d32a331-e021-4686-b1c8-5bc674fe8955,CUST00000678,493,High,2025-10-03 05:05:58.520706,v2.1.0
91ec6a61-d1e7-4ef7-8f2b-712205e53e36,CUST00001261,580,Medium,2026-04-19 00:44:15.938377,v2.1.0
6694c704-030a-415f-afcd-500a4a8d6d60,CUST00003206,726,Low,2026-03-15 21:04:27.022943,v2.1.0
a686a9af-62ad-4f17-a722-3dfc04e1b4bf,CUST00004277,428,High,2025-08-19 13:50:41.196000,v2.1.0
aa458f38-e7e6-44be-8602-1da3b6873b96,CUST00006099,722,Low,2025-12-23 18:04:41.428993,v2.1.0
3143e256-07bd-4de2-a3b2-9a4a56239e48,CUST00006621,300,High,2026-04-05 08:07:57.068086,v2.1.0
66dded2c-85c9-4331-bed3-f4cf4cc1b532,CUST00008550,598,Medium,2025-09-14 10:29:27.358772,v2.1.0
0c84b28d-3051-4630-81be-c684337cdb3f,CUST00001546,773,Very Low,2026-06-22 05:00:42.704192,v2.1.0
3ced96b1-8140-4626-b557-a5f65926ea70,CUST00006328,300,High,2026-06-12 14:18:26.010347,v2.1.0
cb8d0899-cfc0-486a-9588-5c52d93a9a3e,CUST00006114,341,High,2026-04-23 19:11:10.247966,v2.1.0
5fa5f2e3-12a1-479e-9b48-f228ddc900e2,CUST00002801,702,Low,2025-10-06 09:40:13.356241,v2.1.0
e383486b-d13a-4964-97e3-1bf75622fbf8,CUST00002487,507,High,2025-10-20 00:13:00.907293,v2.1.0
58ce7fc0-d776-4da6-b266-48f1fff7b972,CUST00002507,657,Medium,2026-01-07 21:03:31.502589,v2.1.0
e51ab05f-2a8d-474b-a09d-4012bdb27883,CUST00004820,505,High,2026-06-10 17:16:19.015250,v2.1.0
d93d5846-d794-4b3e-aa67-197c33e076c5,CUST00007727,604,Medium,2025-08-31 20:57:19.564114,v2.1.0
2a274cdf-3cc1-4d7d-b6ec-0390de80c2a2,CUST00003043,585,Medium,2025-09-05 11:54:54.898635,v2.1.0
9aef74af-49f7-4452-af89-6ff4b84e0550,CUST00000128,386,High,2026-01-29 03:35:06.890347,v2.1.0
f89fb499-f745-4cc3-b25b-9947a4805b55,CUST00001848,555,High,2026-04-08 20:42:55.914886,v2.1.0
9cf2d532-2ea9-4697-b0af-fe5d94fba89f,CUST00002059,602,Medium,2025-08-19 22:41:51.567833,v2.1.0
5e1ef560-eb24-4927-86f1-888c0523db00,CUST00003886,300,High,2026-03-27 13:55:27.358282,v2.1.0
6d88585e-d801-40a0-a562-c14daf8fcf04,CUST00009289,300,High,2026-06-01 09:07:44.543090,v2.1.0
fb3304e9-1fef-44ac-8d44-62d7548a0a1b,CUST00001160,493,High,2026-06-23 05:39:59.054713,v2.1.0
526ff7be-b82c-464b-b8a5-27e5c0f6c8c1,CUST00006503,300,High,2026-04-23 19:26:11.598908,v2.1.0
57c2bcfc-9d17-493b-bd2a-03ef5b8c14a0,CUST00003167,687,Low,2026-02-22 07:19:06.890718,v2.1.0
b19506ed-e4f9-4f02-bc29-326b6b261250,CUST00001004,513,High,2026-03-10 02:56:18.249576,v2.1.0
57295937-5952-4707-9782-e44c7ec8887b,CUST00000371,382,High,2025-12-02 14:41:20.214449,v2.1.0
82d26059-bab5-43b3-a87c-b6ff53ae4194,CUST00000278,634,Medium,2026-04-05 22:50:15.955572,v2.1.0
eaa7eb80-fe97-40d4-b0be-5381e8aa2a1e,CUST00001203,736,Low,2026-04-12 17:31:41.205238,v2.1.0
1b55becd-1b67-41f3-9bf4-0aabcf3c9314,CUST00003728,850,Very Low,2025-12-04 07:21:49.226500,v2.1.0
2b77fdba-312d-4da3-b200-893ed99de59f,CUST00003676,850,Very Low,2026-03-09 10:25:14.694422,v2.1.0
2d1ace9e-2041-4996-a151-906a64a6d07b,CUST00009554,354,High,2026-02-08 03:23:13.219258,v2.1.0
6d385639-8ce1-457f-9756-cdbdfa6fbc9f,CUST00001472,319,High,2026-05-26 14:38:00.884747,v2.1.0
3241db46-385d-4506-8ef0-539d423f5e7c,CUST00009283,540,High,2026-05-09 04:33:48.757459,v2.1.0
83003d9a-8911-4a9c-ba8f-686872db0c4b,CUST00007143,300,High,2025-10-07 13:29:59.704515,v2.1.0
8fd01a18-2649-4c70-8920-b4d33b1adb25,CUST00005146,794,Very Low,2025-08-29 04:01:02.691884,v2.1.0
3aff6196-3bea-422f-9133-28a447d58d4f,CUST00008998,456,High,2025-08-18 22:29:30.362064,v2.1.0
fffb4ec2-816e-42ce-8f8b-71957493e768,CUST00008933,449,High,2025-08-19 11:16:54.358700,v2.1.0
6bf92826-cef2-4240-9a9e-cf1eca97e111,CUST00005419,300,High,2026-04-14 09:39:51.009498,v2.1.0
629c8c92-73c7-4e9d-b123-0cf165136f06,CUST00000065,696,Low,2026-06-25 05:16:14.079071,v2.1.0
90d0dce4-76f0-44a2-98a6-d8219fa99a1a,CUST00003684,339,High,2026-04-15 21:02:50.830206,v2.1.0
fb87b7c7-4148-4a11-ac68-82205bf7b48c,CUST00006159,394,High,2025-08-29 07:39:58.454234,v2.1.0
c99ee773-e443-4125-a637-25c8c106b6f7,CUST00005057,666,Medium,2025-11-29 05:24:05.246018,v2.1.0
a873562c-3191-4135-8684-e61908313752,CUST00008333,559,High,2026-05-25 13:59:44.283288,v2.1.0
28e4d323-1af3-465d-a549-bcc599ec2c4c,CUST00005602,673,Low,2026-07-01 09:02:36.531416,v2.1.0
cdf41c08-acdc-4666-93eb-de8b476089f2,CUST00005938,765,Very Low,2026-02-13 15:01:17.467247,v2.1.0
a315449f-b881-4b4e-b59a-bbdfe6f71d45,CUST00007969,336,High,2025-07-18 12:37:12.712016,v2.1.0
ba760ddd-2243-4dc8-b230-e2bbec3ff618,CUST00006985,562,High,2025-08-09 12:22:31.607176,v2.1.0
8cad6446-e3d4-402a-ba5f-b27e4d7a8d1c,CUST00003937,436,High,2026-01-29 12:52:28.746107,v2.1.0
d8963442-2b8a-4658-988d-b28a47647c3e,CUST00009895,300,High,2026-05-23 07:32:42.914994,v2.1.0
b90f6393-f3bb-4e99-bc50-751d39e00744,CUST00007851,384,High,2026-07-10 19:01:56.932867,v2.1.0
3865dbf2-d9a9-457f-8236-3abe7838c7c7,CUST00005383,300,High,2025-11-11 15:49:14.422020,v2.1.0
b09f7ba1-594c-4879-8063-50e6c515f42e,CUST00000999,402,High,2025-11-28 05:37:06.029442,v2.1.0
74c81adc-85bd-46da-bcea-c5c4ea36f91a,CUST00003701,448,High,2026-03-23 00:30:24.254921,v2.1.0
6d28b487-3701-4672-869e-e536515b0a29,CUST00000389,435,High,2026-05-04 20:24:25.962719,v2.1.0
da5a4bf2-1dd1-4fa7-85eb-9eca489ec5b1,CUST00002146,340,High,2026-01-23 17:55:22.158423,v2.1.0
3009f2df-59a8-43be-9965-ba17f16bfc2d,CUST00003892,510,High,2026-02-22 15:32:33.997338,v2.1.0
45d41451-f991-43f6-afa1-38cf3c82bde9,CUST00004526,543,High,2025-10-07 01:08:47.476322,v2.1.0
a7ef6401-732a-4bc7-836e-ec78428865d1,CUST00007281,684,Low,2025-12-09 07:07:13.534351,v2.1.0
09d6431a-7d42-48ed-9233-42181703d17e,CUST00007539,398,High,2026-01-30 12:27:13.303369,v2.1.0
8ee07e8d-32b8-4414-b3e6-7273d454c4ad,CUST00005817,310,High,2026-01-02 03:26:25.017525,v2.1.0
4458c6f8-2430-4ca7-9fbf-3d443097c5f0,CUST00002220,300,High,2025-09-08 18:19:09.521466,v2.1.0
3e6c97f0-5c37-44e7-ade1-9134949d3b86,CUST00007138,574,High,2026-06-27 07:03:12.925200,v2.1.0
bba96368-e4ac-4d00-9edb-d3d95bfab56b,CUST00006407,525,High,2026-05-19 16:44:49.942777,v2.1.0
e46850f7-1998-4a59-be87-09967dadd6f4,CUST00005565,458,High,2026-01-16 11:19:12.454403,v2.1.0
ebbb0f1a-d9c9-44db-8691-80151845bac2,CUST00008618,487,High,2025-12-31 09:12:17.103323,v2.1.0
f6e1e96b-f0bd-4351-a95c-3da02be0fcb7,CUST00005736,664,Medium,2026-02-22 14:12:30.269970,v2.1.0
aa81a833-9639-4118-b3f3-366b5b482dd6,CUST00005259,318,High,2025-09-09 04:34:28.125667,v2.1.0
fd7b6e3d-3390-485a-8baa-b48e55f67eeb,CUST00008940,552,High,2026-03-17 22:12:41.521782,v2.1.0
de0e8bce-3eae-448f-b93f-549fdb97d46f,CUST00009535,300,High,2026-05-06 13:50:17.373044,v2.1.0
e9ed9ab9-ed7e-4186-aa8c-f47e75c50939,CUST00001636,573,High,2026-03-31 15:56:43.025058,v2.1.0
7dd7f1b4-c5b4-4c00-bafe-e36213e70ce0,CUST00003572,526,High,2026-02-21 15:32:52.783722,v2.1.0
15a813dc-5281-43a0-b105-24110e994384,CUST00001604,674,Low,2025-11-07 17:34:30.207863,v2.1.0
474e2e15-46be-40bc-904a-fe7fbec2a9b6,CUST00002641,536,High,2026-07-14 14:56:48.680288,v2.1.0
89730db4-eb14-4f59-828f-adb85980753c,CUST00004945,452,High,2025-09-01 00:09:46.254062,v2.1.0
e1a154fd-9788-455d-bd9f-91c9019eed76,CUST00008913,533,High,2026-07-17 00:02:33.242225,v2.1.0
066aa387-3842-4b24-aa28-5258ef620173,CUST00005598,300,High,2026-04-01 23:06:41.685072,v2.1.0
0f779e7a-f43e-4120-8a68-d2cdfdc945d7,CUST00002560,373,High,2026-01-08 14:25:07.377410,v2.1.0
1d5d2f5c-5cf2-4604-b609-1665343cd723,CUST00000934,504,High,2026-05-16 13:58:51.490725,v2.1.0
9b34835b-f87c-4430-bf36-5758a989f0cb,CUST00005713,480,High,2026-01-14 17:10:54.811326,v2.1.0
d9eae6f9-ae59-4009-97db-11b70d265da6,CUST00002493,509,High,2026-04-01 02:14:00.128016,v2.1.0
6d1b63a3-cfd7-4863-bb7d-23c4f28673f6,CUST00002399,449,High,2025-12-02 12:02:39.697010,v2.1.0
63b7c9af-1cdf-40c1-b823-24cf951135b0,CUST00004557,427,High,2026-07-11 06:22:09.165229,v2.1.0
e4b3cdf8-8516-4bf0-95e5-fdf4a81014f4,CUST00000870,300,High,2025-11-16 14:10:19.509825,v2.1.0
607ba794-b60d-4b34-be04-8ac8324a9e3d,CUST00009870,540,High,2026-05-16 06:56:43.736900,v2.1.0
6544617c-42e5-4170-92dc-cf8c23b07f3d,CUST00005026,458,High,2025-10-02 20:05:26.543191,v2.1.0
ef5705a0-aecc-4390-adfc-20da3932d266,CUST00003644,624,Medium,2026-04-11 12:12:43.322637,v2.1.0
ccc23a42-6928-4d81-b0f2-e5bff8528d68,CUST00003176,483,High,2026-05-09 21:50:32.456473,v2.1.0
810f7142-a60b-4ace-93cc-41a6c6d5a642,CUST00007849,381,High,2026-03-30 17:30:36.845294,v2.1.0
5792b3ee-51a5-446e-a884-7c01dec1dfe8,CUST00008472,518,High,2025-08-06 02:41:25.985094,v2.1.0
b08dd237-c884-46da-a5d0-c1e369256549,CUST00006761,661,Medium,2026-05-30 00:04:30.857750,v2.1.0
e2936ef8-e64e-451a-af51-54f68c5e9d99,CUST00009842,477,High,2025-09-21 07:09:19.212040,v2.1.0
4f94bc44-7b2b-4736-9715-76f893aa9d56,CUST00007541,307,High,2026-01-11 23:15:20.589363,v2.1.0
1942f745-e02e-46be-8366-c9a07c7be413,CUST00005358,850,Very Low,2025-12-08 00:24:02.322385,v2.1.0
def3f355-b1bb-4254-bd69-0cfb8c01ec3d,CUST00005194,633,Medium,2026-07-12 10:49:45.902948,v2.1.0
eb43f4e4-ede8-44d1-b299-bd9e93077cd7,CUST00000784,591,Medium,2026-03-15 16:44:13.019009,v2.1.0
99338554-2865-4072-b09f-9669e152c473,CUST00001012,720,Low,2026-05-23 19:48:51.283621,v2.1.0
3d3de06d-cb27-49f1-9097-a55af56bd9cd,CUST00009529,462,High,2026-07-14 21:19:45.235040,v2.1.0
76d08e13-9b5d-4d9b-b3d3-86209f62f010,CUST00002165,426,High,2026-02-03 01:02:34.739453,v2.1.0
2bd24228-4446-4f3b-8071-13717632ec47,CUST00008964,599,Medium,2025-11-18 03:33:47.953279,v2.1.0
c4d8f32e-62d7-4e97-8075-99ee36637d78,CUST00007443,727,Low,2026-03-22 12:12:14.874566,v2.1.0
022277de-62f5-486b-abbf-4024d010068f,CUST00002327,489,High,2026-07-14 14:45:51.921278,v2.1.0
efd75ff6-33f1-4ae6-8257-d42f9dc5cbab,CUST00004038,350,High,2026-04-20 15:50:51.501215,v2.1.0
94946dc5-b646-4dd4-80e3-a8092b9cb28a,CUST00009770,535,High,2025-12-07 17:52:19.837977,v2.1.0
2ac8a2f8-8fd9-49d3-a697-f9552ff18e3e,CUST00004874,667,Medium,2026-01-26 16:51:52.466404,v2.1.0
f4a40e37-bb88-40ce-afe7-eaabec374245,CUST00001780,732,Low,2025-10-29 06:57:59.454488,v2.1.0
ff489daa-0be8-4633-8e60-bb16ba7e350a,CUST00008497,648,Medium,2026-03-29 06:10:28.550445,v2.1.0
ecf74737-3342-470d-af6b-f0b242f25d87,CUST00008213,628,Medium,2025-09-27 04:02:17.314344,v2.1.0
f23b129a-6be2-47d1-9951-0385f6b852b7,CUST00000482,447,High,2026-05-26 15:36:30.252346,v2.1.0
3e2a57b3-2d70-489f-9457-e2930301ef9d,CUST00003922,361,High,2025-12-08 17:37:18.368474,v2.1.0
e09f1460-e613-4e22-8267-259b996d33ce,CUST00005041,527,High,2025-09-03 17:21:03.309172,v2.1.0
7305afbe-36a2-450f-be28-532f453adb96,CUST00003377,509,High,2026-04-18 16:05:39.709862,v2.1.0
9262ab24-483d-4e8e-aa58-7a9bd87b94d2,CUST00005105,300,High,2026-02-14 21:24:39.560939,v2.1.0
cff3b85f-70dc-40ce-8a79-592c68b95973,CUST00006139,503,High,2026-05-07 22:58:22.826028,v2.1.0
8e5b92b4-2de1-41a8-86b1-12657105883f,CUST00007363,666,Medium,2026-05-24 07:08:06.003991,v2.1.0
b7cb41e2-38e0-420c-a693-09bbe28db0b3,CUST00008303,763,Very Low,2026-04-03 01:58:51.402557,v2.1.0
bd2c3264-1596-4d25-9eeb-83dad0440b17,CUST00003250,412,High,2026-01-01 00:31:37.318264,v2.1.0
15d43f46-d2b9-49ba-ac9c-913e237f61fb,CUST00001179,788,Very Low,2025-09-15 16:48:48.110403,v2.1.0
746c3362-c7b1-4fe0-9c1e-ae9b195677ce,CUST00008119,300,High,2025-09-06 03:43:59.881977,v2.1.0
b6d4194a-07cc-49de-9aed-65e9ec2f944b,CUST00007008,515,High,2026-03-29 02:29:09.800236,v2.1.0
f44a6dcf-4030-460a-9509-9209d11221ee,CUST00003594,336,High,2025-11-01 05:27:29.237594,v2.1.0
61f8baf7-07f1-4fd7-9f4f-6f22a8750ee7,CUST00001577,337,High,2025-09-08 19:23:22.459985,v2.1.0
293977f8-2214-46db-aaab-530a3b888c82,CUST00001356,300,High,2025-10-05 14:02:20.091458,v2.1.0
cbe3904a-8ae7-449d-a539-689db83b4767,CUST00000439,518,High,2026-04-17 06:02:54.536908,v2.1.0
9ad58d55-200b-4583-9f11-73cd95beb57e,CUST00006423,416,High,2026-04-12 11:32:09.294435,v2.1.0
76fc9963-f93a-4a04-a9ee-d07c6f2b82c0,CUST00003589,449,High,2025-07-21 05:57:37.352645,v2.1.0
e62b4638-50ec-4696-a30f-58fe23806d2d,CUST00001647,850,Very Low,2026-04-09 01:28:34.546575,v2.1.0
649af9c5-f1c8-4caf-8efc-abe8ae89692a,CUST00000347,464,High,2026-02-13 04:11:52.953153,v2.1.0
1936464b-00de-4735-a60a-c95328bf6444,CUST00003652,593,Medium,2026-03-22 15:52:40.928567,v2.1.0
9b85d351-83c2-424a-aac0-5b719221c11d,CUST00001668,527,High,2026-07-13 22:43:19.556458,v2.1.0
633a7e34-6934-4d5e-a4fc-c7627ebe46b7,CUST00004215,440,High,2025-09-09 19:46:51.508682,v2.1.0
043bc957-bdb2-41d2-93fb-131afed050d5,CUST00001695,402,High,2026-06-30 00:52:08.654167,v2.1.0
904ad7ee-b729-431c-b861-7677f44cf57f,CUST00003330,443,High,2025-12-20 21:51:36.104775,v2.1.0
899ea836-1595-47a6-be40-051a1b3adacd,CUST00006260,590,Medium,2026-05-21 07:41:50.294817,v2.1.0
da12e707-0048-4e39-99a8-1ab3eb2589ee,CUST00004673,364,High,2026-06-21 02:52:19.810852,v2.1.0
73134759-727a-4597-9d8e-f51984177b2e,CUST00007813,798,Very Low,2025-08-21 23:50:17.919064,v2.1.0
ca653d7a-ef3b-436e-8f4d-1fd5151619e6,CUST00000612,595,Medium,2026-07-08 17:08:55.810321,v2.1.0
430def58-f304-4d69-8622-0d27b70e167a,CUST00009526,351,High,2025-09-21 12:31:32.351651,v2.1.0
44926e95-9ced-4cc5-a041-cf41303cd19e,CUST00001845,603,Medium,2025-08-06 01:51:53.694216,v2.1.0
bf503c9e-3fce-4388-88c6-c601138169ec,CUST00000545,496,High,2026-07-10 22:46:39.916856,v2.1.0
f4bd5c6e-4457-4f28-bf4b-e43ca969f981,CUST00007842,634,Medium,2026-03-12 08:30:29.800357,v2.1.0
bfe451ef-b14e-47d2-b18c-7472c6c30d97,CUST00000173,300,High,2026-02-19 15:26:32.003993,v2.1.0
b6ef2388-d2c3-4e28-8483-b61dee043ab9,CUST00009943,653,Medium,2026-07-07 02:18:03.091311,v2.1.0
47f63514-b0c2-4819-bf9c-d7ef804a918e,CUST00005199,300,High,2026-03-03 21:47:52.132192,v2.1.0
3d7507e8-1d7a-4db3-ab00-8994d4b305bf,CUST00004039,573,High,2025-12-12 11:13:16.871771,v2.1.0
30a23c32-f7da-4011-ad83-cb7988d935ea,CUST00006758,498,High,2025-07-30 07:52:47.693528,v2.1.0
092711a9-e484-44a4-891a-0cb8a8c9322d,CUST00006819,573,High,2025-10-13 21:11:15.937850,v2.1.0
4c30aa0f-4dd4-4a48-85c9-119b205461d2,CUST00005472,516,High,2026-01-12 09:05:03.332208,v2.1.0
4f5564fc-5529-40c5-ab1c-cd761e1818f9,CUST00003885,300,High,2026-03-26 04:36:37.802587,v2.1.0
09bb1b89-b404-4f6c-92b8-621fa6139323,CUST00000064,460,High,2026-07-01 13:18:36.611184,v2.1.0
0d4881cd-e947-43b5-8328-5aae9af580e2,CUST00000134,728,Low,2026-03-13 08:10:06.546673,v2.1.0
6550374a-d4cf-4c49-a5ab-f830a67ee42c,CUST00006982,494,High,2025-12-02 00:19:28.768741,v2.1.0
46980485-d3be-40aa-a4b3-d2b49f403dec,CUST00002787,550,High,2026-03-27 14:00:52.443392,v2.1.0
8a60b8f4-15e8-4a0a-99c7-6c4344c68940,CUST00002082,742,Very Low,2026-05-04 09:32:12.677512,v2.1.0
7a5760f1-e220-48ca-8566-bd1f093e221b,CUST00005490,300,High,2026-03-15 10:19:30.546895,v2.1.0
5c945b06-99b1-4707-b1c6-0c5e650deb1a,CUST00008217,549,High,2026-04-27 23:18:30.885474,v2.1.0
9d262d19-397f-401a-9dc2-80ec3fe6cf43,CUST00001480,300,High,2026-05-29 19:22:33.095526,v2.1.0
e533ca7b-44e8-4939-a78f-3494a69fed93,CUST00002157,706,Low,2026-03-12 10:22:35.539049,v2.1.0
9d989808-8935-4587-9d46-08ae435229ff,CUST00007916,615,Medium,2025-10-26 10:23:04.925328,v2.1.0
11ce1840-6793-46bb-87a8-407913b4dae5,CUST00002466,343,High,2026-03-13 11:39:42.125875,v2.1.0
42775674-0a8c-4f90-a362-963c87871f42,CUST00003022,324,High,2025-11-29 01:46:21.703322,v2.1.0
ca036119-cd1d-4ce9-b4df-e17da237798d,CUST00001714,436,High,2025-08-30 17:48:05.488811,v2.1.0
48db278d-871d-431a-939e-888aa7a1634f,CUST00002397,502,High,2025-08-17 02:16:58.695014,v2.1.0
96468af5-fb07-469c-9d19-6abea55ea1cb,CUST00001167,300,High,2026-01-12 14:16:42.187720,v2.1.0
75cdd2f2-5eea-40a8-bcf6-3071fbf90c1c,CUST00007599,671,Low,2026-03-19 04:22:44.204696,v2.1.0
228f32ef-ce75-42b0-91a3-257358e23cb0,CUST00003033,405,High,2026-01-20 02:14:23.771190,v2.1.0
02dc00a8-1264-4243-b741-41fbd979d588,CUST00002324,644,Medium,2025-07-26 07:45:14.427741,v2.1.0
8a4cd6fa-ba47-4597-b67b-644768b96dc0,CUST00005708,378,High,2026-02-12 04:31:43.829509,v2.1.0
cb540729-07a6-41cf-9ef2-4c6a5cc68bdc,CUST00000867,830,Very Low,2026-02-12 01:26:56.579776,v2.1.0
c5ffe3c7-5374-4180-9907-c286f64e5b01,CUST00006827,476,High,2025-10-25 21:18:46.471373,v2.1.0
abd96874-cf5e-4ca4-90f9-6720af05678d,CUST00001418,300,High,2026-04-16 03:32:51.491812,v2.1.0
73cc32a5-44a7-4bd9-8bd8-fa5bae0db678,CUST00002754,635,Medium,2026-05-04 00:55:59.887412,v2.1.0
02556af8-9105-4f45-9d7f-e3f9f856450f,CUST00008946,300,High,2025-09-22 01:21:22.404710,v2.1.0
f0d3b6d3-2824-4a5f-8937-23da061b2614,CUST00007911,300,High,2026-01-10 18:12:47.622555,v2.1.0
ac443adf-7087-453b-8585-f8d66f805074,CUST00002160,344,High,2026-03-10 08:17:11.278400,v2.1.0
13310248-bc1b-4955-bbee-79b2fe8fda21,CUST00004367,414,High,2025-12-23 07:14:08.011796,v2.1.0
948fe3a4-fa3c-4c77-a45b-f13b4b6949bc,CUST00006356,366,High,2026-02-11 14:51:52.891374,v2.1.0
5af108f5-68ee-461d-95a4-aab42a938d17,CUST00007753,667,Medium,2025-08-23 05:35:06.433815,v2.1.0
5a9df014-7401-4a32-98c9-aa1b6338cb88,CUST00009938,300,High,2025-08-10 02:31:04.126205,v2.1.0
d64962e6-33b2-4cf6-90f3-d78456ca9147,CUST00003002,818,Very Low,2026-06-14 20:56:07.729657,v2.1.0
f26d23a6-6fcd-48bc-9bdb-461b039ad223,CUST00006194,488,High,2026-05-04 08:39:24.928254,v2.1.0
418c2d31-1970-4889-98bf-518e023c49a1,CUST00003029,443,High,2025-09-23 10:36:25.140404,v2.1.0
3c6f7c58-78f5-458b-8653-9281478eb38c,CUST00009354,300,High,2026-05-10 19:18:43.898428,v2.1.0
41ddd80e-a0b7-471e-bfd6-2f8e4f68557f,CUST00001593,300,High,2025-07-25 02:59:56.567231,v2.1.0
e8923ea3-9e68-4e17-b490-429c46546799,CUST00003208,714,Low,2026-02-06 00:11:48.789369,v2.1.0
847d6f01-63a4-4b16-b988-8ecb95f6f7f1,CUST00003265,300,High,2026-01-29 20:00:28.020620,v2.1.0
6535ccb4-428c-45ce-aed0-0e7f81e840d4,CUST00009400,591,Medium,2026-05-10 13:25:27.915343,v2.1.0
cd55d432-ba40-4823-84bc-ce2acd14599c,CUST00000849,526,High,2026-01-12 08:32:06.890934,v2.1.0
b73ff80b-e8c2-4ca4-8410-fb877e3dc8b5,CUST00004124,405,High,2026-01-23 10:28:10.525592,v2.1.0
624530fc-50b4-41c5-ac3a-f43e811948f6,CUST00005116,438,High,2026-02-16 11:26:08.254252,v2.1.0
cc590efe-5ca5-43cc-bb69-9329392a3cd5,CUST00006394,423,High,2026-04-04 14:27:37.684189,v2.1.0
4102f96e-dcfa-40a5-aecd-f313a45d0a4d,CUST00002076,735,Low,2026-05-02 11:27:02.593916,v2.1.0
ccf0b0f0-4a6e-452d-92ac-ef4487bbf2fb,CUST00006806,553,High,2025-09-01 05:38:39.182994,v2.1.0
7c8972dd-e618-4cf1-ae86-44c24272f9d6,CUST00004269,513,High,2026-04-18 22:25:14.554649,v2.1.0
333b9f1d-2623-4be9-a0ec-acb51c8057ca,CUST00005654,541,High,2026-07-05 14:50:06.756363,v2.1.0
522bd899-696c-438c-84b3-3ffc502d9ba9,CUST00004295,742,Very Low,2026-06-10 18:04:23.758547,v2.1.0
c703d75d-17af-488c-b524-7afad702cc2e,CUST00002376,571,High,2025-09-21 21:33:56.619295,v2.1.0
5ddd0d54-a39e-471f-ab71-09d17df32d48,CUST00004471,768,Very Low,2026-02-21 17:29:47.793032,v2.1.0
6210fc43-0f07-4729-b9d7-cf684b2c23c5,CUST00007400,423,High,2025-09-21 15:11:46.964610,v2.1.0
c25f7617-8d5b-4c57-afeb-f6247940e235,CUST00004385,525,High,2026-02-05 12:27:53.403658,v2.1.0
4d57dcb8-4f32-41b2-b443-2735bf8e6529,CUST00004576,448,High,2026-05-06 07:00:41.516790,v2.1.0
035bebca-660c-4911-a897-be53ea4d7626,CUST00002744,615,Medium,2025-08-31 20:29:33.149726,v2.1.0
7f833798-b193-4dcc-8838-3f41ed934da1,CUST00008411,300,High,2025-09-02 23:04:37.204811,v2.1.0
5740808f-4b6c-4690-a6d3-15fcc8b3a374,CUST00003541,571,High,2025-10-01 05:40:07.516418,v2.1.0
4b1b8bda-d5e6-441e-8e74-63a4b2f1c0e4,CUST00003985,590,Medium,2025-09-14 19:02:14.676519,v2.1.0
768feb72-59a5-42b1-b97b-0379947c9bad,CUST00008987,475,High,2026-02-08 08:36:49.386322,v2.1.0
3274d157-717c-4c39-bbed-4a0a774296cf,CUST00002442,802,Very Low,2026-05-24 21:30:51.217008,v2.1.0
997b4caf-0bc8-419a-a706-2fa49c118ce0,CUST00000692,746,Very Low,2025-07-30 16:45:17.364285,v2.1.0
ba59e7eb-11fe-472e-ad59-de60416ec9c4,CUST00005882,548,High,2026-07-10 19:43:27.916645,v2.1.0
827f23d2-c351-47e8-811a-b6e4f630d589,CUST00000064,585,Medium,2026-01-18 18:40:53.618872,v2.1.0
4938eda5-5683-4c85-afb0-58f4cdbb4a6d,CUST00007576,753,Very Low,2025-11-27 16:47:00.601596,v2.1.0
6c981a62-4c1c-4f0b-a3a7-74972e6f2bea,CUST00005123,508,High,2026-02-01 18:13:28.852502,v2.1.0
1a53417d-a2ba-4b8a-96f1-99deee5a0b14,CUST00007054,593,Medium,2025-12-19 10:16:24.049941,v2.1.0
77f3817b-61e1-49a6-8f2f-c3b25feed6c4,CUST00002917,307,High,2026-06-28 03:33:10.751556,v2.1.0
88406af1-dc88-49c1-8bef-ea928c226f15,CUST00007264,657,Medium,2025-07-17 22:39:25.130589,v2.1.0
296e3513-0fe1-4b89-97b2-e0eee713e6ef,CUST00006884,496,High,2025-11-04 16:53:39.138454,v2.1.0
816113f5-271f-40d3-b3b5-b5e3f2cab3bd,CUST00006328,498,High,2026-06-28 12:11:49.833134,v2.1.0
20529890-1578-444f-831f-87392e0b78db,CUST00007246,450,High,2026-01-23 15:13:12.879656,v2.1.0
df4cd3c8-211b-41b1-b626-569ee57239a0,CUST00007912,368,High,2026-04-29 19:45:35.500724,v2.1.0
4ac40e95-a1db-4679-88ef-90f006555d0d,CUST00003779,403,High,2026-03-15 15:55:26.676273,v2.1.0
a9387f47-db3c-436d-b846-f0e12c7eb3d3,CUST00008716,300,High,2025-12-27 09:58:17.056150,v2.1.0
331e355c-67a6-4cb1-915b-de50b3b0f0de,CUST00008052,441,High,2026-02-13 16:22:37.006864,v2.1.0
6caf574d-7316-45bf-b6ff-c7310a1da0dd,CUST00008140,300,High,2026-03-28 18:59:59.353200,v2.1.0
33fbb8d0-b246-4200-adc2-2c190c0d8e4a,CUST00007748,417,High,2026-01-24 19:28:26.180888,v2.1.0
78def5cf-3857-452e-9519-2e613dffd956,CUST00003851,683,Low,2026-07-13 01:07:02.744322,v2.1.0
fdbf0d32-97d2-4b22-87b9-ffa11f574ade,CUST00007509,489,High,2025-11-23 12:28:52.177929,v2.1.0
ebcc337c-141f-4c2d-8ff9-1216a03245c4,CUST00006239,682,Low,2026-01-30 11:43:19.688642,v2.1.0
1ec4265a-39da-4865-aae7-21164fa98329,CUST00003654,576,High,2025-10-02 13:18:34.880979,v2.1.0
5ad4e4f5-cb0a-4c67-b5dc-ee4f85a452b1,CUST00005971,380,High,2025-08-23 01:47:50.019969,v2.1.0
a7fabc85-a563-477e-a7db-0a883a48f81e,CUST00002914,614,Medium,2026-05-13 07:45:18.904446,v2.1.0
22c4e746-a926-4a6a-baf4-6a2406bcbb80,CUST00007777,300,High,2025-10-12 12:16:18.327201,v2.1.0
9640c9cc-8f03-4bc3-9e91-af13574de6a6,CUST00005276,367,High,2025-09-24 14:30:55.554993,v2.1.0
c23e2497-4ab0-40de-88c0-b4ad49aa79c9,CUST00005237,613,Medium,2025-11-04 09:05:10.034908,v2.1.0
e33082c9-7721-4358-ae5d-3d2a76c523c4,CUST00000844,300,High,2026-05-18 00:31:20.818884,v2.1.0
c4f4d25a-c6f6-4106-9073-ac54633d53e4,CUST00003738,554,High,2026-07-02 14:26:47.579934,v2.1.0
0a5efad2-2129-4d42-b965-cee3ece7e91c,CUST00004360,454,High,2026-02-22 20:09:36.454671,v2.1.0
5d321633-fb86-44e2-aa43-6de34076ac4b,CUST00007452,448,High,2025-10-04 19:39:41.219079,v2.1.0
dfeecb5c-2c5d-4e7a-93b9-18baab75c58c,CUST00002281,300,High,2025-11-26 01:23:09.531039,v2.1.0
f9fe70df-d24a-4ad9-af10-cef3b40ad37a,CUST00006714,677,Low,2025-09-02 20:14:16.748289,v2.1.0
474ad69e-ad0f-4895-98b7-adaef9a0d50f,CUST00000841,699,Low,2026-03-02 04:57:03.928791,v2.1.0
580c9df2-4d16-4c64-b647-b41711f4cfe6,CUST00004900,534,High,2025-08-14 01:43:33.143164,v2.1.0
10003939-8ae8-4069-b581-608b6f487381,CUST00007025,596,Medium,2025-10-19 00:53:23.017829,v2.1.0
bec1ab76-4b1a-4423-84ac-17a96c47d494,CUST00005521,556,High,2025-12-04 08:31:08.662767,v2.1.0
ba0f0a03-dd2d-436d-9fad-50f7c9671f53,CUST00007664,632,Medium,2026-06-12 23:10:22.956252,v2.1.0
7ba2467f-8884-4196-8ed1-a359dfeaefc5,CUST00009593,328,High,2025-12-11 00:43:53.099649,v2.1.0
9614e232-501e-4890-a381-1c2f661d2b93,CUST00005717,300,High,2025-08-17 07:41:31.901319,v2.1.0
41c1ce88-9d46-4cfb-9cbe-5c2f8ae393ba,CUST00001563,685,Low,2025-10-18 17:58:57.011803,v2.1.0
e9f37851-f238-408a-b45a-f5ad731f21c6,CUST00007780,394,High,2025-12-20 06:21:53.248097,v2.1.0
62664e76-056f-4489-93aa-766d6fa50d08,CUST00009016,350,High,2026-03-28 13:51:43.207426,v2.1.0
526cf17b-c463-401a-87a8-c77513fde6e4,CUST00009420,562,High,2026-01-29 15:30:56.135268,v2.1.0
247ea2e5-d5fc-41e3-a532-a73a895dc7ae,CUST00005766,571,High,2025-08-12 16:24:06.631080,v2.1.0
0c6ddc5a-0376-4d8f-91bf-513138bb5f9d,CUST00007527,489,High,2026-04-11 12:21:33.352868,v2.1.0
0c9fe922-9f3a-4d75-8d98-8ad365423a4d,CUST00001295,506,High,2026-07-16 10:59:14.677973,v2.1.0
91548d80-71f4-419f-a259-741d0c38c5dc,CUST00006994,494,High,2026-03-29 09:54:51.227645,v2.1.0
0f89e78e-9e4b-4224-8f9f-cd5359d45492,CUST00008920,565,High,2025-09-26 06:25:57.651420,v2.1.0
744ae826-38b9-4e4a-b1cd-4893ea4eca5f,CUST00006882,426,High,2025-11-30 20:01:00.037665,v2.1.0
0518a85f-e58e-4e37-bc49-8380b26cffcc,CUST00000686,801,Very Low,2026-03-14 23:47:57.266726,v2.1.0
c43ae3f5-d81c-4b59-a348-5fcd7b2fffe7,CUST00006688,837,Very Low,2026-05-13 14:17:05.912347,v2.1.0
fd9380a3-a331-416a-81c2-b5aa6f12a23f,CUST00007567,704,Low,2026-02-23 20:42:24.949013,v2.1.0
185e8549-c22e-4563-ac30-c48b810abdd6,CUST00002834,300,High,2025-12-18 04:46:40.217871,v2.1.0
c4faf45d-4b63-4906-ad12-b5283fbb6391,CUST00006960,543,High,2025-09-11 23:22:32.903319,v2.1.0
871936ae-84f6-4281-9ed3-04106592a6e6,CUST00004449,506,High,2026-07-15 09:28:35.816530,v2.1.0
23de073a-50e4-443c-9d6f-7ae4149863ab,CUST00006530,663,Medium,2025-12-23 06:58:41.908798,v2.1.0
83820a3e-3002-4479-b7a1-9ae8a2497884,CUST00008266,465,High,2025-07-27 09:01:35.711040,v2.1.0
72b73292-41c6-41ea-a117-8f033adf22bf,CUST00000652,476,High,2026-02-23 08:58:59.529703,v2.1.0
786c004c-a5af-4fac-a907-b24de2e8115f,CUST00009370,438,High,2025-08-15 05:28:08.240252,v2.1.0
8d0f07b9-273f-40a5-8a4a-5c0eafae0428,CUST00006181,361,High,2025-09-01 10:18:24.062382,v2.1.0
9a94aa55-9b0d-4578-a6a3-eb025888c7ee,CUST00003182,426,High,2025-08-27 02:03:14.573299,v2.1.0
fa4cace4-57c5-4968-a5d5-101cfe597146,CUST00004247,474,High,2026-02-03 04:46:33.973704,v2.1.0
6c09fad3-4518-435c-be5b-1fceb5eca09e,CUST00007915,553,High,2025-08-11 00:05:27.084345,v2.1.0
74ef3f34-cd12-4787-a266-bbfbda84c3ef,CUST00001496,472,High,2026-03-08 17:32:57.013198,v2.1.0
74bc4ba3-e926-48f6-a4fd-cd9378fc48d6,CUST00002629,300,High,2025-11-27 10:17:43.694024,v2.1.0
38728dea-4bf6-4308-8d80-25a9c35dfbe7,CUST00000782,523,High,2025-11-16 17:26:23.921283,v2.1.0
4854f686-6bdd-4519-8b08-968448cf52a9,CUST00001951,577,High,2025-10-25 17:10:37.856774,v2.1.0
32316f22-5be0-484a-9df4-8881e279abab,CUST00002775,530,High,2026-05-31 06:05:04.551164,v2.1.0
211a39a5-c597-4f1c-94dd-bb86416820d2,CUST00000638,312,High,2025-10-08 08:54:46.294594,v2.1.0
f93da2ef-8180-4252-828e-d91fb5b7d943,CUST00000683,699,Low,2025-07-21 12:21:59.584318,v2.1.0
3f4322ec-a0e7-4ff3-849c-8aedc814636b,CUST00000624,407,High,2025-12-02 15:57:56.748643,v2.1.0
2a01d791-5fbe-4983-a828-2d5aa2c909d1,CUST00002094,300,High,2026-07-06 17:56:34.137896,v2.1.0
6fef40b7-8f80-4dd8-b6bf-43ee0300eda2,CUST00003990,324,High,2025-12-03 04:54:26.154090,v2.1.0
552a0e80-f52c-4342-a8f8-9f0a48d6ef15,CUST00006669,516,High,2025-08-25 06:20:08.413040,v2.1.0
fb03e8f2-f7c8-4f35-b71f-8ab574606d13,CUST00000176,784,Very Low,2026-06-20 23:48:31.475317,v2.1.0
a29917e1-a573-45ef-96d0-7ce4fed7d3c7,CUST00009566,557,High,2025-09-20 02:19:33.522130,v2.1.0
ed67c815-3007-4aa9-9dee-e15e3c0900e0,CUST00008131,358,High,2026-04-09 22:15:00.955330,v2.1.0
1e09792e-12b9-44e7-9889-04481e8089e2,CUST00002510,311,High,2025-11-06 21:02:48.330398,v2.1.0
51561a64-6ffa-4ade-8877-08040da0f9da,CUST00001205,430,High,2026-05-13 21:36:17.078279,v2.1.0
ea81a1d5-b8a1-49d7-a920-1f5cb90b8966,CUST00001794,415,High,2026-01-12 17:47:09.904886,v2.1.0
9a0bd106-1d8a-4ac0-a8a5-3c604c71a4c5,CUST00008328,573,High,2026-01-27 02:38:39.823725,v2.1.0
39a8e79d-2f8a-451a-be33-4633e46798ee,CUST00005468,442,High,2026-03-30 17:55:55.421112,v2.1.0
6f0bb8f8-e18b-4d9e-a300-7255a32b62e6,CUST00006738,650,Medium,2026-05-29 23:46:52.249339,v2.1.0
cf93a46b-283f-4b96-b854-03ac530a4164,CUST00007729,623,Medium,2026-02-04 08:35:37.607126,v2.1.0
ef896b06-1453-45df-9c87-ee8cf8520da1,CUST00003257,819,Very Low,2026-02-24 18:48:58.990006,v2.1.0
f62a883a-a22a-4756-b6b8-1da17a9387cf,CUST00005041,497,High,2026-06-10 09:01:35.473234,v2.1.0
59af8050-3a25-43b8-b0df-0baf57f7473f,CUST00008463,699,Low,2025-09-18 06:38:16.148346,v2.1.0
2f44d647-3f7b-46c4-828f-c49458b98a0d,CUST00000158,553,High,2026-06-28 14:47:20.836428,v2.1.0
c2222503-3864-482c-ab9b-8eed7ad36b84,CUST00001201,300,High,2025-12-07 04:43:32.187355,v2.1.0
c3e54355-cb40-4880-b768-709e3d06dc23,CUST00002963,300,High,2025-11-20 23:36:34.703684,v2.1.0
91ef7441-0356-4ff9-be96-2bc6ddb27309,CUST00001934,441,High,2026-04-14 15:56:23.091426,v2.1.0
1eea2b42-354d-4221-9630-bd22f7ce0c3f,CUST00006499,582,Medium,2026-07-06 11:09:54.402334,v2.1.0
d9a6ef0d-0638-4f04-9138-585cb660f5f2,CUST00007198,432,High,2026-01-28 02:30:17.857994,v2.1.0
3b9ab9af-3780-42f3-891d-fcf2a560a9e0,CUST00000438,560,High,2026-02-20 02:10:36.011060,v2.1.0
b851d6a6-3892-4aaa-869d-22ad533e3654,CUST00000883,337,High,2026-05-24 05:33:35.116004,v2.1.0
bd50aec2-da8c-473a-9f82-9cd555653a7d,CUST00004012,478,High,2026-01-08 01:57:49.100340,v2.1.0
d32ef9ca-3b49-4f39-a5ee-ff9fe59bdc70,CUST00002046,383,High,2025-09-02 12:10:27.334876,v2.1.0
75c35f86-f932-4078-bb13-d8ca2d11e0b5,CUST00004209,300,High,2025-07-21 09:09:34.116194,v2.1.0
6182a20c-22b0-45bb-8dd6-d73423b23788,CUST00003227,673,Low,2026-01-21 11:41:53.345095,v2.1.0
6b83ae3e-8bb1-451d-9b13-37b9cc4ec64a,CUST00006203,317,High,2025-09-12 16:54:22.351356,v2.1.0
2ca684f6-f7d7-4500-81b7-036c8c64f09c,CUST00001178,469,High,2025-09-02 01:37:17.968780,v2.1.0
61048d4a-b2ff-43f0-a0d5-744d7ff8285b,CUST00001816,637,Medium,2025-12-03 06:22:57.569421,v2.1.0
6dbedaa1-62b6-4d20-8b28-fb022a1521de,CUST00009251,377,High,2026-04-12 12:26:34.730374,v2.1.0
3d37263f-7650-4afd-900c-98837141ff0e,CUST00003609,627,Medium,2025-08-06 05:18:20.028823,v2.1.0
d0710b90-19aa-4254-b7de-4fd787c779d1,CUST00001357,581,Medium,2026-04-08 20:45:29.480254,v2.1.0
bc40c201-69b3-4b05-aa4b-58b6061623fe,CUST00000108,837,Very Low,2026-07-08 20:08:19.396640,v2.1.0
76678388-28a2-45fb-97da-cde4a3c0132e,CUST00004843,627,Medium,2026-04-02 07:42:11.948730,v2.1.0
93c386cd-8f25-4d3f-bd49-898eb4d8a377,CUST00000851,300,High,2025-10-16 21:33:34.867494,v2.1.0
da9efb08-c3cb-4adc-80ff-68a64537f7a3,CUST00006765,643,Medium,2026-02-25 05:39:04.575154,v2.1.0
769c912b-0494-4daa-80f8-414986d12c95,CUST00002677,636,Medium,2026-04-02 01:25:48.275931,v2.1.0
351cfe9c-af8d-4d97-83db-617969098894,CUST00004123,300,High,2025-09-22 18:57:26.180974,v2.1.0
a3d73cdc-6e0d-41a4-acb3-233c59994294,CUST00006906,491,High,2026-07-13 03:06:18.348801,v2.1.0
e3650e40-59b9-4c5b-b044-5e6370b238e8,CUST00003093,706,Low,2026-05-05 13:05:37.242013,v2.1.0
909cc772-8c7a-4909-8afc-ec23c907bfe6,CUST00009250,447,High,2026-01-17 08:19:40.716579,v2.1.0
3fd7cf41-a77e-4091-8671-7876c95d850e,CUST00009244,430,High,2025-10-26 15:42:17.785510,v2.1.0
0419e90b-9692-4aad-bbdf-7e9e095e91d1,CUST00005028,496,High,2025-12-21 03:35:34.785456,v2.1.0
38dfed82-3290-4e44-a391-a72aed4eda0f,CUST00001926,567,High,2026-06-26 20:25:17.784543,v2.1.0
3899875b-0b73-40db-ab84-bbb0544d38d6,CUST00001617,300,High,2026-06-04 19:56:24.278229,v2.1.0
fd555033-4367-49f7-8cc2-2f4f4b32899c,CUST00007985,625,Medium,2026-05-11 05:26:21.815649,v2.1.0
a9aa744d-b6ae-43df-9113-ad4afc657b5e,CUST00007782,573,High,2025-11-06 09:06:24.198264,v2.1.0
486bbd0d-e05b-4078-9905-a4661f18266f,CUST00002188,421,High,2026-05-27 06:14:26.474153,v2.1.0
49a62215-82b8-4b10-9147-36f3e65a3372,CUST00001917,406,High,2026-06-28 23:04:01.214911,v2.1.0
ff88341b-d01d-4f23-824d-c145321ce3d4,CUST00007332,650,Medium,2025-12-13 09:19:04.733759,v2.1.0
8c793892-d5d8-4d43-a8d6-e681456df9ef,CUST00000631,543,High,2025-11-09 03:17:01.182340,v2.1.0
684801fa-add5-4f2a-b6a0-0742984cce79,CUST00002932,325,High,2025-08-19 20:03:27.905976,v2.1.0
9812728d-be0f-4601-be26-e445caf7549c,CUST00009869,481,High,2025-08-15 22:33:52.395344,v2.1.0
5e5d7c41-ae71-4e1c-8fa3-8395373f87b9,CUST00000811,538,High,2026-04-10 12:30:00.061690,v2.1.0
d0670849-f64b-4ff5-82d7-208143725994,CUST00003922,346,High,2026-06-28 00:23:01.849803,v2.1.0
ad104080-9cc7-4a64-b369-80721dedc07e,CUST00002444,400,High,2025-09-16 05:14:56.313355,v2.1.0
153d123c-93d1-4ce2-9604-c5e09018ac78,CUST00002647,302,High,2025-08-07 21:09:45.252687,v2.1.0
0a566e2f-29b5-4368-b9bb-ec3e874e4d6b,CUST00003017,615,Medium,2026-04-15 10:27:20.972947,v2.1.0
62b5bbe2-1a49-4700-b986-c3946a63f90c,CUST00000735,348,High,2026-02-05 07:32:18.716815,v2.1.0
ac0b058f-77df-476d-a0c8-e91a5807bead,CUST00006116,445,High,2026-01-13 22:06:59.163335,v2.1.0
9c559371-2680-40fd-8dd1-b4e441125a19,CUST00000603,496,High,2026-06-02 06:16:30.588181,v2.1.0
b619fb9f-f3ab-431c-8216-81f0f0537285,CUST00009900,522,High,2026-07-04 08:01:33.905679,v2.1.0
76d8b3cb-f9e8-4a18-a186-d5c2cb140606,CUST00009286,300,High,2025-12-19 18:26:44.280205,v2.1.0
9a94478b-8750-4d7c-8a62-5b881e67f34a,CUST00000728,800,Very Low,2026-01-19 16:53:40.012809,v2.1.0
681c43a7-6b8c-4869-96e0-1a38e44959d4,CUST00001514,566,High,2026-04-10 19:54:04.558591,v2.1.0
00541927-3d55-4f02-81c1-c650ed93e763,CUST00004445,553,High,2026-01-09 02:27:21.106715,v2.1.0
d8f135cb-aa76-4b16-a340-c40b84946b90,CUST00002040,560,High,2026-01-22 00:22:26.533656,v2.1.0
c9f51d13-7f85-46ea-a300-d0ee7ef3872c,CUST00009121,469,High,2026-07-17 09:44:09.354615,v2.1.0
ee70dff7-1d15-449b-b4c8-7da9363d0d23,CUST00005691,467,High,2026-06-07 06:36:27.952981,v2.1.0
254b7621-ad2f-4845-8fb9-7df42b50ce6b,CUST00006125,817,Very Low,2026-03-29 19:22:21.545478,v2.1.0
783bb526-dbeb-4527-88f2-d8a2f054488d,CUST00004375,560,High,2025-12-13 00:10:20.556332,v2.1.0
94a17366-b7f3-42b9-a32f-a1475d3086af,CUST00003592,388,High,2026-02-28 00:07:38.757862,v2.1.0
5dc61729-8714-4df2-b669-2fb6e0f7bbed,CUST00009881,631,Medium,2026-06-15 14:31:06.828843,v2.1.0
1e46ad7f-9d87-4143-97ca-20a582b33a72,CUST00001328,414,High,2026-04-16 08:26:19.073789,v2.1.0
62bbcec6-a38a-42f8-8ce4-cbd8ffd3bbc6,CUST00008446,518,High,2026-04-04 18:03:45.885074,v2.1.0
37d6e675-8671-4635-b84b-3b1dfad20ea4,CUST00005146,382,High,2026-03-31 12:39:26.227342,v2.1.0
089d004a-0b17-4afe-b1f7-af977e828a90,CUST00004676,436,High,2026-04-17 17:18:58.666137,v2.1.0
7e995505-5dfa-4003-9e0a-62b40c854ae7,CUST00005958,761,Very Low,2025-10-15 02:44:08.201770,v2.1.0
a64ad6f1-aebc-497b-9bc4-b4148676c00e,CUST00002336,416,High,2026-04-13 19:39:21.228930,v2.1.0
6ee5b683-ecf1-44a8-b46a-52d6ed45578a,CUST00009274,443,High,2026-06-30 04:59:27.751069,v2.1.0
bc6ceacf-a16a-4806-82b4-ce6e236c1a1a,CUST00002822,476,High,2026-05-14 15:18:46.241973,v2.1.0
d6a21ac5-65a1-4480-ba82-db3252fc87e5,CUST00001179,468,High,2026-06-04 10:41:06.229253,v2.1.0
096767be-c634-4e4a-95da-6820c77c91a9,CUST00009079,348,High,2026-01-26 19:12:17.603291,v2.1.0
7396d5f2-89e5-4ddc-9039-346fa4c4f149,CUST00008501,543,High,2026-02-25 09:57:06.875702,v2.1.0
01342751-20db-44b1-911e-f3ba8f4c5b1a,CUST00001795,531,High,2026-02-24 17:59:51.657961,v2.1.0
a5ff2360-e084-4cc2-81ff-2d4b6cfe7528,CUST00006620,669,Medium,2026-07-05 05:46:27.822198,v2.1.0
e96174c1-708d-46a9-b495-69e5a640c7f6,CUST00002827,606,Medium,2026-03-21 06:36:22.994794,v2.1.0
2b1291b6-ff04-4782-9b24-4027f963a325,CUST00003808,589,Medium,2026-06-05 00:41:55.027823,v2.1.0
3fe1ec99-fd65-48d3-8dc3-b04a1ada1fd1,CUST00002237,446,High,2026-01-25 02:55:34.326106,v2.1.0
0451483d-5c87-4053-a8b3-6246332bc872,CUST00005048,640,Medium,2025-10-08 02:48:14.695834,v2.1.0
11c32c2f-72c7-4d61-a549-999e8aef6231,CUST00000443,565,High,2025-08-14 08:24:41.925611,v2.1.0
b1a05f97-3013-4759-bb92-fa1320f3eeca,CUST00004810,682,Low,2026-05-20 11:57:51.161297,v2.1.0
47d2ffe1-ddc4-4597-a16e-ab5f745ab59d,CUST00009351,547,High,2026-01-21 12:44:30.649345,v2.1.0
63356636-d1b9-4fb3-a09c-696d29f77ab8,CUST00001402,495,High,2026-06-30 19:08:58.580451,v2.1.0
a5e93736-9d15-4051-a69e-16bd0c2994a3,CUST00009362,616,Medium,2025-12-19 07:23:20.038352,v2.1.0
5a69a056-bf27-460c-b946-703535df3577,CUST00001465,370,High,2025-12-03 08:57:38.445240,v2.1.0
17dc47ce-f43e-4e37-91bf-64298d892506,CUST00005919,308,High,2025-12-01 06:01:20.140216,v2.1.0
75dc13ed-72b0-4e89-8848-2dd1fd322af2,CUST00004196,362,High,2025-08-28 06:29:04.956100,v2.1.0
9765ee47-a817-49b2-8a61-6044f87eae59,CUST00004275,344,High,2026-06-16 18:12:27.279831,v2.1.0
b301a0c9-c352-47f7-a78a-8410271cd104,CUST00002068,573,High,2025-10-17 03:17:20.220004,v2.1.0
d5cf206a-1e3c-45cf-b533-f74264a95a43,CUST00007172,541,High,2026-01-30 19:42:00.599325,v2.1.0
09d3e547-9738-440e-a3cc-4363c3461712,CUST00003880,449,High,2026-04-23 20:06:26.459867,v2.1.0
418454ca-6e03-4487-bc9f-a511fce675a3,CUST00001740,566,High,2025-08-29 23:05:12.333025,v2.1.0
0fd73282-a607-4f54-8dba-4266e54fd436,CUST00006358,406,High,2025-11-04 04:25:45.940950,v2.1.0
1bf4daca-ccac-421d-915c-c71715877242,CUST00003295,622,Medium,2025-11-02 03:03:08.314997,v2.1.0
2bdec814-bb8f-4cc9-8da7-e544ee3acf2b,CUST00000613,464,High,2025-10-03 17:35:30.765238,v2.1.0
7872f802-f8e3-453b-b782-89701b0c049d,CUST00000816,639,Medium,2026-04-13 11:15:47.874778,v2.1.0
44d52070-5fdb-44fa-912a-7b05c70fb3f6,CUST00004053,360,High,2026-02-10 16:14:20.071071,v2.1.0
7554ad95-4a6d-472a-9b7d-6b849b208a8a,CUST00005967,666,Medium,2025-10-05 08:08:13.626463,v2.1.0
39cc532d-0b91-4648-af3c-37ce4350f043,CUST00005468,599,Medium,2025-11-06 05:53:02.938232,v2.1.0
41b26021-9aa5-416c-8609-f2cb5ba13b89,CUST00001642,732,Low,2026-06-23 17:20:16.490928,v2.1.0
e5c60d38-c23b-4c8f-b491-b516d40ac2a0,CUST00007157,370,High,2026-03-09 18:03:34.269216,v2.1.0
bf17616c-e42d-455d-8327-aa7369855cae,CUST00008361,479,High,2026-05-15 12:02:06.174318,v2.1.0
9c6f71fd-efa4-4a28-a17c-d8db4c4e7c39,CUST00000595,682,Low,2025-07-30 20:28:12.608496,v2.1.0
b0e037f7-31bd-46be-a77a-5d4c75a03619,CUST00000094,490,High,2026-01-03 00:57:11.894882,v2.1.0
0d0cef10-f1f7-4536-acc4-5532fbf5fbb1,CUST00005903,368,High,2026-02-28 12:56:37.372069,v2.1.0
8b1905ea-78ae-49d7-a31c-619a7be19a8f,CUST00000976,601,Medium,2026-01-12 05:56:00.808249,v2.1.0
9988e150-7228-4c6e-9c95-938dd713938b,CUST00005489,628,Medium,2025-11-24 20:16:26.508000,v2.1.0
efb0808c-cb4a-4fb8-af15-ea53c72b1875,CUST00005999,627,Medium,2026-02-27 17:29:50.549909,v2.1.0
71929b25-c072-4492-836b-2d0f4e119fd2,CUST00005250,800,Very Low,2025-11-14 21:54:47.455374,v2.1.0
c4c54450-2e64-4503-9925-24cf8b66664a,CUST00004150,539,High,2025-11-24 04:02:44.906902,v2.1.0
e5e5b7f9-9bff-4602-bfd7-d0d9a5030b2f,CUST00003683,564,High,2025-07-19 19:05:21.390953,v2.1.0
f2f2d1a1-492f-42be-b4c0-fb578309660c,CUST00004797,727,Low,2026-06-08 01:09:13.889583,v2.1.0
73c1bf0d-1298-4f49-8c98-364d249c843a,CUST00002057,625,Medium,2025-09-23 21:43:14.595082,v2.1.0
75718c51-50fd-48c0-ab24-8d5792444e6e,CUST00009860,541,High,2025-11-24 09:39:07.947003,v2.1.0
be2902ef-29ab-426b-a17b-3f8c404b2cbe,CUST00004869,406,High,2025-08-23 22:12:34.532348,v2.1.0
160c1028-ce57-4d76-9bb6-2cb221e39cae,CUST00006334,330,High,2026-01-13 15:03:54.485136,v2.1.0
d5317aca-e8ef-4ecd-8179-6a6d65ce7f51,CUST00000822,347,High,2025-08-17 20:45:02.073203,v2.1.0
55a17198-d949-4f9b-a370-f08835823a4b,CUST00006983,632,Medium,2026-01-21 18:18:01.265599,v2.1.0
9c7b168b-0f5e-49a3-bbb5-00ecc42e5df5,CUST00002584,402,High,2025-09-12 01:17:51.919298,v2.1.0
bf0ff1f0-138a-4347-81ab-46129c43d3c2,CUST00003955,370,High,2025-09-01 03:28:54.764711,v2.1.0
b68eeabe-9283-40f5-9706-b9560363840d,CUST00004970,420,High,2026-01-11 22:26:41.689880,v2.1.0
82cb2cc7-ab55-4be0-974b-cea60dc5a80c,CUST00004853,458,High,2025-09-12 18:07:32.463706,v2.1.0
bd8c48f8-c953-4e00-866f-a132987331e3,CUST00000030,765,Very Low,2026-03-14 17:47:53.304005,v2.1.0
f8efb81c-d745-46af-8207-f6f34ed6ee0f,CUST00005562,439,High,2025-10-08 11:48:12.575303,v2.1.0
a574b3de-e0a3-4fa7-86c4-fa0eafa9b57f,CUST00004250,303,High,2025-12-09 07:31:39.098255,v2.1.0
f3fc484f-480f-4096-8ae4-b5722e67d2d5,CUST00007767,588,Medium,2025-11-04 05:22:01.238426,v2.1.0
ef2f871b-1aa5-4add-8561-39f541de2a8a,CUST00004135,300,High,2025-12-21 08:38:43.682084,v2.1.0
554d77d2-5be5-47e3-a9a7-fe3218f86251,CUST00002215,609,Medium,2025-09-22 10:52:15.550854,v2.1.0
e80cf417-6665-48e9-bbbd-faf5fb46616d,CUST00009493,469,High,2026-05-10 07:42:20.156213,v2.1.0
9bc66a46-b19c-49d4-b597-2113b02e03c3,CUST00003232,430,High,2025-08-26 14:42:04.194845,v2.1.0
85ba2799-d94a-4bba-94b9-2d1d98746e8d,CUST00000333,361,High,2025-12-25 02:19:27.996253,v2.1.0
1cdcb60a-93c3-4b54-8282-6925608a10a3,CUST00008054,583,Medium,2026-05-20 11:30:46.816773,v2.1.0
d01c7a15-4e34-400e-b442-3aa5bb496db8,CUST00002213,513,High,2025-09-15 00:30:27.299984,v2.1.0
3a10e506-35f2-4e2b-8705-8749b66e66e0,CUST00006740,541,High,2025-11-24 02:41:14.644456,v2.1.0
c5f79dec-5a9a-47cb-8b7c-deacebc936f9,CUST00003781,475,High,2025-12-23 09:53:51.036257,v2.1.0
f10ff22a-7481-43f8-879b-e77ef15f182b,CUST00009016,548,High,2025-11-26 02:53:24.160039,v2.1.0
01f84697-866e-4c11-99e0-a3d806957908,CUST00002705,583,Medium,2026-05-31 20:37:27.701100,v2.1.0
7ffebdda-c64a-4f70-8b5e-330cb82bb6f9,CUST00008685,755,Very Low,2025-09-28 09:36:00.554231,v2.1.0
5071153c-6d86-4db0-8e59-0835aaffd895,CUST00007338,743,Very Low,2025-09-25 03:36:22.946048,v2.1.0
556a3a54-4f26-479f-ac49-a3a7ef83fac0,CUST00009326,751,Very Low,2025-08-01 14:47:02.668903,v2.1.0
0b629d09-c250-4e1d-966c-56f322aedfa7,CUST00003734,333,High,2025-12-09 00:24:09.128687,v2.1.0
b84a2483-57d9-4e26-a22a-1c7d932413a3,CUST00004762,325,High,2026-04-15 14:57:57.859798,v2.1.0
44948e9c-8a4e-428f-b19d-0623d7aaeef7,CUST00004664,300,High,2026-06-11 23:50:15.036254,v2.1.0
5046cf8f-c2a1-4d6d-9160-73fbc1d62191,CUST00003084,589,Medium,2025-09-14 11:10:04.274375,v2.1.0
c704b2f7-8e60-4d79-b430-b9656ccabecf,CUST00007894,710,Low,2025-09-28 14:13:20.616208,v2.1.0
404491d2-0334-4d08-90fd-166c5bc15ac2,CUST00004423,334,High,2026-01-08 23:17:30.315106,v2.1.0
1eee9978-21ae-4ee4-b291-ce25368e181b,CUST00005414,460,High,2026-03-17 21:15:59.424649,v2.1.0
f6ca18ef-0a35-44c4-b2c2-5ee8fbec94c8,CUST00001707,366,High,2025-10-22 23:50:33.441738,v2.1.0
5f1f5a70-8ddd-4b8f-ba26-ab6d80fff588,CUST00008439,610,Medium,2025-12-18 17:07:38.930418,v2.1.0
faa2a46d-798d-49ae-b599-78e337e55052,CUST00009670,480,High,2026-02-03 20:09:32.513036,v2.1.0
23d76f5e-b866-4ffe-869d-e769aec8ea36,CUST00003767,419,High,2026-05-06 00:56:16.284953,v2.1.0
17c2a1ac-a081-47f2-b63e-4d7dc970005e,CUST00009560,498,High,2026-04-04 19:28:22.910127,v2.1.0
2d83dfae-64af-44ca-adc9-9ce6e7dcbc59,CUST00003000,639,Medium,2025-11-13 13:47:40.331981,v2.1.0
581d9165-5bbf-494a-bdf8-dcabefc6e537,CUST00001951,625,Medium,2026-04-23 02:23:23.936716,v2.1.0
e988aa20-feac-4f8a-97f1-396761b4e4c5,CUST00001255,639,Medium,2026-06-04 23:15:38.628315,v2.1.0
7dc3e9a7-7669-4da0-bd55-12fe63f745fb,CUST00005872,685,Low,2026-01-17 05:04:43.798590,v2.1.0
41d4da08-90e8-49ac-9c18-ffbaa3c0fa0b,CUST00001364,821,Very Low,2026-06-20 05:37:23.569134,v2.1.0
e956f853-e5a8-41ef-98b4-2521d08d8cd7,CUST00005877,539,High,2026-05-21 19:59:38.796145,v2.1.0
d2e05c54-7d96-406c-a9ab-157127278af3,CUST00009313,545,High,2025-12-06 22:27:34.676028,v2.1.0
964222bd-4e19-43de-8f46-3e5ffaf2ca3c,CUST00004658,755,Very Low,2025-08-26 23:47:53.495723,v2.1.0
0ea301c3-8942-42ca-86a6-d3eecf10c74c,CUST00005013,480,High,2025-08-26 07:33:12.582795,v2.1.0
a18c98a0-5a75-4e12-ad73-729581e78d46,CUST00007321,518,High,2025-07-25 15:19:19.602805,v2.1.0
745a9c3d-b868-493e-b312-6977439296ec,CUST00005367,300,High,2025-09-12 17:21:02.477190,v2.1.0
03e87415-50fa-4cb9-85c9-81a97d91e430,CUST00002406,850,Very Low,2026-01-16 12:47:42.392710,v2.1.0
5a29040f-e929-47a8-afcc-504d00452f34,CUST00009556,465,High,2026-04-24 04:37:09.323146,v2.1.0
b5a91c35-15ef-46d9-9c2e-6848c21f4751,CUST00008573,592,Medium,2025-10-12 07:03:08.800149,v2.1.0
92f5a5d5-0eb8-4660-bd3d-8fac5bdb4588,CUST00007685,748,Very Low,2026-03-22 15:48:44.647406,v2.1.0
d7ec4bbd-ee9c-41e0-baf3-257443c2cffb,CUST00005890,300,High,2025-11-19 21:01:58.153941,v2.1.0
b8514e02-8274-47b0-87f3-18aa5928caaa,CUST00002490,658,Medium,2026-07-09 13:07:57.810062,v2.1.0
6667eccd-2f1d-41a1-9946-6ae7849bc6bf,CUST00007394,556,High,2026-04-13 06:03:17.932220,v2.1.0
70862f1c-87bd-4e2e-942b-4986ce436859,CUST00001381,619,Medium,2025-12-23 13:07:35.283077,v2.1.0
041977ec-91c2-4a6e-97c0-0bef89c16a21,CUST00001926,416,High,2025-10-31 15:18:06.993579,v2.1.0
9440a24e-5b83-44eb-9aff-b2c7121b5139,CUST00008187,815,Very Low,2026-01-11 09:26:45.863867,v2.1.0
f35a2e19-598c-416d-929d-235123953013,CUST00003961,491,High,2026-04-21 19:46:22.176330,v2.1.0
0265c7cb-36b4-42d3-a16d-829089f57f67,CUST00001376,555,High,2025-10-16 09:36:01.115768,v2.1.0
1bca64d7-53c6-452d-9ac0-9a1c55e7a500,CUST00008087,534,High,2025-09-11 14:38:52.332611,v2.1.0
7cee5d4c-163e-484d-b871-75b17d92cdd5,CUST00002956,627,Medium,2026-01-20 15:18:45.522252,v2.1.0
6610dd1f-40e5-4cc1-a942-3f884cc83506,CUST00005757,691,Low,2025-10-17 00:40:22.518974,v2.1.0
7130f301-1694-452e-a072-6610ce2b1b7a,CUST00001510,571,High,2026-04-23 22:51:25.609499,v2.1.0
38028c35-7b74-4199-ba10-329c0cf8de68,CUST00009114,387,High,2026-05-29 12:59:08.744960,v2.1.0
8a0d7a6c-8f65-4a6c-92e7-a61ecc4fdd63,CUST00000260,584,Medium,2026-07-16 01:19:32.572615,v2.1.0
506be0f0-dfa1-4816-b10c-b66d54cad4bd,CUST00009272,502,High,2025-10-16 06:09:21.579353,v2.1.0
7d056675-4c78-46d9-86ed-31ade0b7ee11,CUST00002816,458,High,2026-05-13 15:10:19.708815,v2.1.0
78c73929-1265-476f-bfee-9ed5cb38d0ef,CUST00001389,480,High,2025-09-28 09:08:34.592481,v2.1.0
20c9a752-0205-442b-b4ea-1eae61aedb8b,CUST00007123,695,Low,2026-04-01 22:34:25.083619,v2.1.0
b904d341-7168-4833-a3f3-2e9e97070ca7,CUST00003714,347,High,2026-05-09 17:45:21.219358,v2.1.0
d744de21-7e65-4dde-9d24-d51a7f6096c3,CUST00004554,645,Medium,2026-03-30 23:58:31.212500,v2.1.0
37048368-8988-486f-b4f4-a0f6bb85ba5a,CUST00002307,499,High,2026-01-17 09:14:44.642924,v2.1.0
33dcfc33-61db-4d52-906c-fc5942917640,CUST00003644,850,Very Low,2025-09-22 02:09:34.755887,v2.1.0
66cb231b-00cb-4dd8-9f16-46852caa3d43,CUST00001119,300,High,2026-07-15 10:22:35.965968,v2.1.0
6481cb70-4da9-428b-afe7-9e1caf1b3e5f,CUST00007130,392,High,2026-02-18 20:11:27.375316,v2.1.0
31fe6477-77eb-49cf-a4b1-5ed8e2df1424,CUST00005646,431,High,2026-03-06 15:34:54.239069,v2.1.0
8d239f09-1551-49b8-bb0f-041509ef2605,CUST00004181,480,High,2025-10-09 16:38:01.396831,v2.1.0
9fc8dc6b-c9d1-4bc1-bb9a-c53c59c53a37,CUST00009338,509,High,2025-09-04 05:34:49.034521,v2.1.0
937746d2-0652-4264-99e2-9ad9008cefce,CUST00004448,395,High,2025-07-31 22:13:04.351627,v2.1.0
4f6d8f4e-ccd4-4d35-9140-fac7a76e99b4,CUST00005834,555,High,2026-07-14 15:30:18.335181,v2.1.0
796a7c5a-7bad-4d8f-b5ba-ade423903965,CUST00008665,300,High,2026-06-22 06:09:35.766053,v2.1.0
a373e188-3214-464e-8388-8ce3479c12a5,CUST00007800,507,High,2025-12-20 14:46:35.502399,v2.1.0
d79021a0-284a-4247-b391-a45185318d7c,CUST00009850,523,High,2026-02-28 01:42:42.674366,v2.1.0
f4ba26f0-2d1b-4d83-9056-f0e03840e781,CUST00004042,445,High,2025-08-20 03:01:30.370499,v2.1.0
217233f2-35d9-4967-8e11-8986a503267d,CUST00008706,449,High,2025-08-05 12:34:10.015347,v2.1.0
a329c7e7-2f02-4f6a-91ba-078b1f7b4385,CUST00000339,464,High,2025-12-13 16:10:34.913040,v2.1.0
eb9c95fa-fca1-4740-a60c-d5b3c21f0524,CUST00003393,377,High,2025-11-06 20:08:18.833409,v2.1.0
a3dca627-13c2-4706-9b62-1532e0448ffb,CUST00005611,550,High,2026-03-06 05:21:00.690977,v2.1.0
ef6cf83b-12ce-4d57-a061-54a353159cd8,CUST00000563,602,Medium,2025-10-10 10:32:46.217095,v2.1.0
1191aadd-46eb-4cc3-aaa6-ed1233302dbf,CUST00003077,475,High,2025-11-17 16:45:40.707381,v2.1.0
957a0052-f9be-402e-8b75-c61ac81cc44d,CUST00004942,642,Medium,2026-01-08 22:25:02.605931,v2.1.0
662ac3bc-f92a-4f41-800e-cdd717f46589,CUST00000241,494,High,2026-01-20 03:14:58.947269,v2.1.0
db536b3e-b276-4ec3-8fb9-1dd6b37756b6,CUST00009708,506,High,2026-03-10 01:56:40.185660,v2.1.0
9d550ef0-c442-4122-8d30-e4dddc22bb65,CUST00000725,300,High,2025-11-06 01:14:23.881664,v2.1.0
61a8a893-e103-4ee9-9c26-fd536448c6df,CUST00003514,567,High,2025-10-24 06:03:12.755509,v2.1.0
8dcd08d8-a7bf-4712-8ed2-296383995d02,CUST00002693,327,High,2025-10-28 09:11:34.755157,v2.1.0
b7982f5a-0c34-4f04-abb1-3924836ef2d9,CUST00001850,379,High,2025-11-23 02:54:12.910820,v2.1.0
3ae48e2e-e14b-481b-8ca3-63683cd7ac03,CUST00004910,522,High,2025-12-17 14:38:42.154884,v2.1.0
c53f984f-3656-4dbd-9674-1921f5b255c1,CUST00006412,300,High,2025-11-11 17:33:19.367341,v2.1.0
bcbfab27-727b-4261-b827-b79ec38a0b55,CUST00005896,600,Medium,2025-08-04 06:46:29.576965,v2.1.0
4a833496-cef0-421f-bf35-ac898ea72abc,CUST00004190,327,High,2025-08-01 20:19:52.450594,v2.1.0
54c16864-664c-4a15-a9e7-59eb3ba9c45c,CUST00003698,389,High,2025-08-05 22:52:17.750049,v2.1.0
c5e6b1f3-63b8-4a5d-8b7b-e6f705072451,CUST00007246,300,High,2026-04-15 22:14:52.586750,v2.1.0
90f6ac34-2c64-485c-9faf-c85a985dee58,CUST00008963,709,Low,2025-10-03 08:03:04.615561,v2.1.0
e60c6510-6635-4b78-a6f8-c478b3d53988,CUST00002872,710,Low,2026-01-06 07:51:19.863689,v2.1.0
ca7dcfaf-c9ce-4f74-bffb-c775b612488d,CUST00005439,495,High,2026-06-14 17:26:30.844204,v2.1.0
741b8c61-676d-4713-902b-07649ce0f632,CUST00009971,433,High,2025-08-23 17:09:35.362870,v2.1.0
85da4194-e571-4804-a90c-270cf36dfa65,CUST00004169,472,High,2025-09-23 10:10:12.178342,v2.1.0
4e001e09-851e-4a0e-9ec6-37a1325db6e2,CUST00007301,486,High,2026-06-29 06:43:27.199438,v2.1.0
0e024006-9a03-4cc6-a287-d627f5ad7253,CUST00009096,534,High,2025-11-27 16:58:22.289418,v2.1.0
03615fcd-08fb-4195-b422-cd916fc64096,CUST00008734,541,High,2025-11-06 01:49:28.875603,v2.1.0
5ca1313d-528f-4071-a481-caeaf84ae483,CUST00006116,377,High,2025-08-22 07:11:49.453482,v2.1.0
21dab2fa-da4c-44c9-a3b3-5b727431e33a,CUST00004835,700,Low,2025-07-22 21:39:39.980256,v2.1.0
9b9db91a-e3d8-40e7-8028-16f933829ed4,CUST00001739,492,High,2026-02-04 10:34:29.263207,v2.1.0
3af9c05b-aae7-45a5-93fd-f73ff4e28e4d,CUST00004344,582,Medium,2026-05-28 17:45:59.481050,v2.1.0
b169f55e-fd67-4f56-b5c2-b049ee3432e4,CUST00004636,495,High,2025-11-15 21:13:46.234928,v2.1.0
ca993855-4730-4383-ae33-1ce7a1732e58,CUST00004977,318,High,2026-04-14 15:53:44.184094,v2.1.0
f6068a8a-5457-4a75-a5c4-6bdb16829ce2,CUST00008504,473,High,2025-11-26 21:43:14.889561,v2.1.0
0686c3a0-0e9d-4cdb-962f-329bdb205cf3,CUST00001308,606,Medium,2026-04-28 08:45:13.156438,v2.1.0
bdef43bf-4f0e-40f0-84e5-5282a17d4ff3,CUST00007615,437,High,2026-01-27 01:47:05.522129,v2.1.0
3ad20433-6774-4391-81f2-4cb7f6b9602a,CUST00003861,435,High,2025-11-30 15:11:44.638140,v2.1.0
40690b53-7c93-4966-b493-78e79935b411,CUST00002773,402,High,2026-03-12 09:49:40.304533,v2.1.0
ba724e4a-ef4b-4023-9157-a7ba4a377efc,CUST00009422,300,High,2025-10-02 15:00:30.459025,v2.1.0
31e06eb8-2d33-41aa-9de8-ea3a09767270,CUST00000450,733,Low,2025-12-05 04:23:29.158258,v2.1.0
112b2c4b-0ae4-456e-9acd-87edee5c625d,CUST00003304,517,High,2026-06-06 22:50:05.521483,v2.1.0
b3c8af64-e805-48ea-ab5d-c16c2b130ce2,CUST00000887,415,High,2025-09-03 13:42:38.485267,v2.1.0
c8416636-ce81-4edf-aa08-bad47b3bbf2b,CUST00000001,711,Low,2026-04-15 03:15:00.698414,v2.1.0
8e1466d4-6906-4d38-ae35-f65ef176b369,CUST00000831,526,High,2025-08-30 20:54:15.362202,v2.1.0
71404f45-8d9b-4fc9-a5d5-f94e0640bdb7,CUST00005255,608,Medium,2026-02-17 03:33:50.017504,v2.1.0
a622b5c9-cba1-40c5-a044-d4f6f410a293,CUST00008622,499,High,2026-06-16 01:49:48.463045,v2.1.0
884b3d3c-3a06-400b-9ecb-cb48d9857e77,CUST00004870,456,High,2026-03-13 21:49:38.019577,v2.1.0
f8299c26-42f0-4c51-b101-93fcfb8859b3,CUST00008388,433,High,2025-09-25 11:12:07.856263,v2.1.0
6f1ddfb9-91c3-4b05-801a-effdf74d02dd,CUST00009035,490,High,2026-04-01 06:47:16.290422,v2.1.0
fc7fa0fe-db82-4948-95c5-98e2a02435b5,CUST00007226,527,High,2026-06-20 22:37:24.349097,v2.1.0
60b2b773-167a-4e94-8616-b58c462c18ae,CUST00000261,634,Medium,2025-08-14 06:17:00.805727,v2.1.0
c45c855b-75f2-4096-b29d-2682d3734004,CUST00003795,826,Very Low,2026-02-02 13:05:14.927127,v2.1.0
0d90e27a-8533-4019-be03-4e1fea6c6812,CUST00000084,624,Medium,2025-11-20 03:40:05.674788,v2.1.0
6f7d3cd8-de57-4686-9ecd-aaab66ef37e6,CUST00005246,368,High,2026-04-08 20:09:24.258172,v2.1.0
46493d5d-38bb-4910-9c49-0a7d5a1d4f1e,CUST00005775,521,High,2026-07-14 08:53:38.851317,v2.1.0
613f97cc-ec03-4406-b2fc-d09e49cb5da4,CUST00000118,405,High,2025-09-29 16:34:57.805477,v2.1.0
bb394ef0-5458-4760-952a-a9cd23a11ae7,CUST00001992,496,High,2026-04-07 03:59:56.759039,v2.1.0
8eddb2e0-a923-4383-9685-873c4aef2e25,CUST00003123,300,High,2025-08-02 21:56:40.510458,v2.1.0
e508ea53-8a96-4a26-b088-0127fe3835b8,CUST00005493,313,High,2025-09-25 22:21:43.591692,v2.1.0
14ad7aa4-2b07-4a68-8a4b-c7d9c116b4c0,CUST00009903,312,High,2026-02-03 23:25:11.905956,v2.1.0
c123e1e8-ed17-4197-907d-426c51e79d7c,CUST00008328,300,High,2025-10-18 03:29:05.776474,v2.1.0
d944321d-4fce-42e4-af5d-a682586c96f1,CUST00006675,807,Very Low,2026-06-03 06:08:20.036366,v2.1.0
c2e49230-438b-4ac8-b2de-3c51d03e534e,CUST00001715,723,Low,2026-05-25 14:56:31.944798,v2.1.0
2f5a72f3-66fe-43bc-b4be-8863058f7c8c,CUST00005489,721,Low,2026-06-14 02:49:41.746313,v2.1.0
6001ddb2-9af7-46c8-95b2-289e5c160232,CUST00004195,467,High,2026-07-09 01:37:43.712884,v2.1.0
8121c92d-71d3-4772-93ed-1c906bf44bcc,CUST00006318,505,High,2026-06-09 18:29:59.165265,v2.1.0
270a71d5-9701-4769-b225-624327547511,CUST00007268,520,High,2025-12-28 17:11:40.020307,v2.1.0
497adc47-ba6c-423a-9454-a674a6cf186f,CUST00004822,816,Very Low,2026-04-05 21:48:48.249076,v2.1.0
6e404f01-8bc9-46ca-980e-a9701d3ef176,CUST00006713,671,Low,2026-06-15 14:11:32.096348,v2.1.0
5ba6bd94-40b1-44f2-bf97-ef20ec392426,CUST00005480,585,Medium,2025-08-11 15:25:24.129327,v2.1.0
3c486285-d078-4b35-9811-88ec104930a5,CUST00000453,559,High,2025-12-17 22:47:48.694352,v2.1.0
e0370be8-4f25-4024-9c29-cbd97953f812,CUST00009980,373,High,2026-06-23 01:44:33.373650,v2.1.0
a0782a31-0dc1-4038-b063-dc39d9d47b41,CUST00002748,378,High,2026-01-17 22:42:19.507537,v2.1.0
c1af2eae-1498-4b31-a09f-e4760ec5ecb3,CUST00002401,715,Low,2025-07-25 21:39:25.394648,v2.1.0
ba5c2b07-5e85-4b0a-8f14-66cdb3a3e071,CUST00004834,511,High,2026-02-21 17:56:38.944014,v2.1.0
62c842f4-d46b-4c69-a5f1-9f4eba477bf6,CUST00004053,677,Low,2026-03-29 09:03:59.497588,v2.1.0
9a76801c-8ee1-4471-aab6-eb36016b2be4,CUST00008309,468,High,2025-09-03 00:06:48.663817,v2.1.0
e91b4cb2-4788-4288-b4e1-94779c02eeb9,CUST00006218,655,Medium,2025-08-03 12:16:07.993144,v2.1.0
7b3d562b-c5f2-4d1a-8dd6-b95249164c24,CUST00009007,548,High,2026-02-09 16:51:32.695136,v2.1.0
ff81601d-a07e-493f-ae9c-bb96bd91391d,CUST00000106,697,Low,2026-05-04 01:20:32.508199,v2.1.0
79331566-1ae2-4ee1-b04f-6cfa12e14668,CUST00009943,384,High,2026-03-28 07:37:13.652103,v2.1.0
57bcaa09-5d4f-417a-bfe5-e8bf3e0c2da6,CUST00005211,602,Medium,2026-04-14 10:50:18.917773,v2.1.0
733c46c9-60b5-429b-966d-b65e89f483e0,CUST00001421,399,High,2025-12-10 02:14:32.793434,v2.1.0
fb3b327e-6b93-448c-b54b-897919a74b65,CUST00000782,451,High,2026-03-24 23:46:21.610282,v2.1.0
eb7fb10c-0fb0-4c1f-9747-1ee0a4e1e294,CUST00008859,544,High,2026-05-31 18:21:35.007609,v2.1.0
d9608bdc-c085-4fa1-8fb4-2fc02d7c3d8f,CUST00007111,621,Medium,2026-07-07 18:10:46.358061,v2.1.0
4fb67770-379b-4791-8721-5cbeeb54105c,CUST00002799,411,High,2025-09-16 08:47:59.773315,v2.1.0
05b78142-9d50-4cd2-bbb6-bf9671e0edaf,CUST00003189,526,High,2026-04-18 02:36:23.721334,v2.1.0
a5d60a46-e7ad-42e8-b0d5-81772bf1086f,CUST00006078,426,High,2025-12-05 05:16:38.383492,v2.1.0
ac8ad6a3-eb58-46b6-86cf-018dbc8720c5,CUST00008853,300,High,2026-04-28 13:41:46.924099,v2.1.0
78896a74-5451-4683-9dbf-d647958c83ac,CUST00002154,502,High,2025-12-11 07:39:09.788927,v2.1.0
68fb6882-77d0-49ff-ae87-4165bd6eee3f,CUST00000844,309,High,2025-10-25 01:45:35.446430,v2.1.0
d66a3f7a-ea10-4d11-93a5-d619f3c05f89,CUST00002331,593,Medium,2025-09-23 03:23:17.909040,v2.1.0
cc8eecda-f8e5-458d-97c8-13aa1dcdfd00,CUST00004615,540,High,2025-09-14 08:27:19.179169,v2.1.0
0287d449-deb9-4413-ae91-c9f77467b88e,CUST00005312,603,Medium,2025-10-05 11:09:25.782954,v2.1.0
5ff1987d-e190-4c6a-96d6-24591697aabf,CUST00002031,557,High,2026-03-29 09:12:09.253955,v2.1.0
1462bfad-2cb5-46fe-add7-07c3c62de5a3,CUST00007540,309,High,2026-06-04 00:22:07.771508,v2.1.0
fa0858a4-0049-49f8-b2d1-1e8add1e86eb,CUST00002106,544,High,2026-05-02 16:31:39.774134,v2.1.0
dd43e3bd-35fc-4cb4-99ae-10a66ad0a3c5,CUST00000297,715,Low,2025-12-31 06:11:35.988128,v2.1.0
c1a1eda7-c951-4e63-983e-422ea92e523a,CUST00009166,300,High,2026-04-02 09:54:31.802827,v2.1.0
c5349cb6-4992-4535-af14-0a7279fade40,CUST00002841,360,High,2026-01-25 16:34:21.428581,v2.1.0
6d4aeec6-ebe9-4f14-a826-0125bfbecde3,CUST00009484,659,Medium,2025-11-05 17:31:39.677427,v2.1.0
043b268e-94ff-4999-9820-0e56caeb8b68,CUST00000879,563,High,2025-10-06 09:19:20.323640,v2.1.0
0a24504b-bdcf-41f5-89e2-d8915cebd6a3,CUST00008083,550,High,2026-04-02 14:17:51.727188,v2.1.0
f4c88ede-6dec-4844-8b69-879d1b2bc3cb,CUST00000785,677,Low,2026-02-04 13:55:45.843656,v2.1.0
47df427f-a326-43f1-86f8-7c0ad66e3e6e,CUST00004466,850,Very Low,2025-09-18 09:48:29.597573,v2.1.0
791caa28-7b47-44f3-b5a1-10934761b02a,CUST00000773,462,High,2025-08-03 13:44:05.542832,v2.1.0
a36d0481-d1dc-4207-af3a-8d84b0bf10ae,CUST00009679,433,High,2025-10-12 22:03:28.874710,v2.1.0
9a89361e-b539-4a8e-b568-891bdf398707,CUST00001660,411,High,2025-08-01 04:33:59.123998,v2.1.0
a0182f87-d539-4140-b527-3e6e7430ce7d,CUST00000939,691,Low,2025-09-10 00:27:43.346176,v2.1.0
0caeb9fe-35c0-4aa0-a5f6-c577fef00582,CUST00000285,314,High,2026-06-05 15:21:14.945077,v2.1.0
7d8b7574-d97d-43ff-a389-e6c462123d42,CUST00001017,850,Very Low,2026-06-21 13:56:23.997765,v2.1.0
bef53511-247f-4d34-9f67-4cd6f358328e,CUST00004451,300,High,2025-10-24 16:28:26.339310,v2.1.0
20817f73-f5cc-4e75-aedb-2a528db82c14,CUST00009120,721,Low,2026-05-02 16:18:13.217783,v2.1.0
74199794-b40c-4526-970d-5e4c0b5dbce4,CUST00000509,539,High,2026-03-09 13:08:46.366258,v2.1.0
76117684-7484-4a97-8e09-7ee180526a23,CUST00001016,506,High,2025-10-16 20:39:07.063338,v2.1.0
92832d30-e4e4-4994-bf8c-0cf7aab76a6f,CUST00004268,452,High,2026-05-14 15:43:25.406323,v2.1.0
9bdf8e02-5c5e-444b-91d8-06dde39b9740,CUST00002801,300,High,2026-01-29 04:02:15.887504,v2.1.0
fdcec159-547d-42f5-95cb-5cfe0ed87ffc,CUST00001046,633,Medium,2025-07-18 10:10:43.214720,v2.1.0
bb22fa7b-ceed-46af-88e0-a4d28405c244,CUST00001980,567,High,2025-11-21 19:40:28.412649,v2.1.0
da0e487e-ee78-4816-9b97-4d64521c640a,CUST00004675,759,Very Low,2026-02-23 22:35:24.709031,v2.1.0
1b706326-241e-478f-a310-81cd5e068bc3,CUST00003542,676,Low,2025-11-29 17:26:16.936965,v2.1.0
f204750a-7371-4773-b508-d817f0d0f6cf,CUST00000197,746,Very Low,2025-08-17 07:37:21.973403,v2.1.0
45e82215-ab34-43b9-9e26-311495eb7e4e,CUST00006390,562,High,2026-04-01 13:48:54.170238,v2.1.0
88d920c2-5613-4956-83f0-b7b3f35e107b,CUST00006626,715,Low,2026-02-03 12:43:13.450984,v2.1.0
4ed4caad-4662-40f6-9a61-c47fd82a4c7a,CUST00004073,619,Medium,2026-04-07 15:29:00.022864,v2.1.0
bb4cac4f-426f-4655-9823-b757c40b47f1,CUST00001267,386,High,2025-12-14 01:20:33.532118,v2.1.0
f2fa0abb-c30d-4cf2-af34-91319b96a72a,CUST00003769,457,High,2026-02-26 06:00:42.110649,v2.1.0
2351fbcf-f291-4316-b52c-2109d7b96021,CUST00005140,345,High,2025-11-13 11:34:50.424703,v2.1.0
10700e29-b22f-4b4d-9538-6f3827a3f9af,CUST00006092,660,Medium,2025-08-07 19:51:51.979141,v2.1.0
4fafa4ec-30f7-40fa-b81f-d413f74e9eec,CUST00004977,300,High,2026-05-11 22:05:05.075142,v2.1.0
24784d17-c41e-40b8-8b5c-94ac3f8e9f03,CUST00003549,404,High,2026-05-14 20:17:42.855533,v2.1.0
173f0128-7a44-433a-8851-aa3b3cb3da18,CUST00005087,522,High,2025-10-06 00:03:33.217378,v2.1.0
b6e87f7f-9221-40b6-a4e2-b0ee13a2ffa8,CUST00003447,456,High,2026-07-05 10:51:33.275130,v2.1.0
b74a8ba5-f1a9-4f5e-b8c1-6e65cbb5dbb1,CUST00000039,527,High,2025-09-20 11:07:32.283692,v2.1.0
7cf373a2-5bb0-424a-8098-48e5c8594fad,CUST00007326,363,High,2026-07-07 18:45:38.171203,v2.1.0
7a0349d0-5653-4e77-8025-292789b2bfe9,CUST00008645,569,High,2026-01-30 04:31:38.168455,v2.1.0
98af3193-5324-4de2-849d-de44fcab1567,CUST00006271,642,Medium,2026-07-10 09:30:11.261044,v2.1.0
a4bb168e-f585-4e37-b8df-88895593c20f,CUST00008563,376,High,2026-04-28 03:17:54.939325,v2.1.0
d153a688-68b8-4815-b7f1-3b2999078cc8,CUST00002649,574,High,2026-04-28 23:41:53.574941,v2.1.0
7f6a0db9-578e-46c6-b34d-292e4cef7854,CUST00006169,419,High,2025-08-25 18:57:30.209642,v2.1.0
c7cac210-02fa-4a6f-b290-839208f36880,CUST00008950,389,High,2026-04-16 07:08:45.347660,v2.1.0
51a2f819-0cf1-4d6c-b25d-a791e0f3a31d,CUST00006443,678,Low,2025-12-04 10:15:37.865491,v2.1.0
7fe8699f-26ba-4bb0-8289-bfe913394a2d,CUST00003545,661,Medium,2026-03-13 17:10:39.039041,v2.1.0
1310a655-e16f-4577-a7ea-1922fdfc5dd4,CUST00002952,459,High,2026-05-31 16:20:39.119088,v2.1.0
bbbffbfd-8459-4a4a-9926-d75cdc9f1ed9,CUST00004119,344,High,2026-03-06 14:04:37.508553,v2.1.0
4e746fd1-129c-4856-98b4-dc88aa332e30,CUST00007888,659,Medium,2026-02-04 02:46:10.416779,v2.1.0
d4872101-cfed-4787-8f2d-775a9dcadf04,CUST00002179,850,Very Low,2026-05-12 06:11:31.066817,v2.1.0
69540c6c-73ad-4bf4-9af8-83c6f322edb2,CUST00008818,373,High,2025-10-06 11:58:32.858365,v2.1.0
6cf14e17-1ac5-4d9e-a4f2-eafb8429056d,CUST00002554,423,High,2025-10-24 02:05:10.596251,v2.1.0
f7a34d34-1958-4d67-964e-78115f4d570a,CUST00003123,525,High,2026-02-15 08:37:55.961828,v2.1.0
b3ed3007-7000-400c-8728-484d3bfe7893,CUST00006133,302,High,2026-05-08 22:18:00.809266,v2.1.0
57d3613f-d01f-4a98-a023-1b72c4b33f55,CUST00004677,483,High,2026-04-18 21:37:38.879854,v2.1.0
006c09ad-99e2-467d-b50b-826b0945c7db,CUST00004061,320,High,2025-09-12 18:13:22.005171,v2.1.0
64258e12-13d0-437d-baf5-87aeb36a7bc3,CUST00004130,300,High,2025-10-10 13:08:11.037299,v2.1.0
09a5cf19-0182-4b78-b2cb-8ab3eb46a9c5,CUST00005859,850,Very Low,2026-04-09 04:21:24.473814,v2.1.0
bd05654e-c695-4439-b59b-91bc271b75e6,CUST00003114,651,Medium,2025-11-29 13:19:00.370271,v2.1.0
621f256b-cf3d-49cd-aa29-3772979e1874,CUST00009614,437,High,2026-06-12 10:05:46.928386,v2.1.0
ea43d380-74a4-44b8-8571-caed3c6444a8,CUST00007066,463,High,2025-08-21 03:10:49.113893,v2.1.0
0c3ad37b-b069-4b9e-a9e2-2ab8e11da2dd,CUST00001681,444,High,2025-09-22 05:00:39.984314,v2.1.0
30f052f4-ce63-4faa-90a7-aa9390a67d21,CUST00008923,552,High,2025-09-23 11:49:05.463176,v2.1.0
c29e7b43-32c8-4017-bf53-b014a104e608,CUST00003792,473,High,2026-05-28 21:04:44.810706,v2.1.0
20a7e0d7-c25f-41ca-9820-21a98eb9b330,CUST00005596,376,High,2025-09-24 21:24:27.682738,v2.1.0
9c682df8-a8d3-46f7-9d3c-e7c692e0dc1d,CUST00007520,602,Medium,2026-01-13 01:40:24.123674,v2.1.0
4f187686-9950-4d67-9972-93dc842891bb,CUST00003790,424,High,2026-04-10 08:21:12.532516,v2.1.0
985d196a-bd25-471c-9f3e-f5a123e949c8,CUST00004733,575,High,2026-03-11 10:17:59.765186,v2.1.0
a08400d0-b39f-45a0-a51d-e77488a4937f,CUST00006537,324,High,2025-07-25 14:24:09.212726,v2.1.0
069c1eed-cb4a-4c9d-a7b3-d38bfbac1e12,CUST00001769,640,Medium,2025-09-15 10:00:45.788362,v2.1.0
41acf8ac-8cce-4c1a-944b-45211ec8deb5,CUST00004465,300,High,2025-09-20 19:52:58.415467,v2.1.0
35ebdb39-fb19-49f0-ba54-508a477b944c,CUST00001750,349,High,2025-12-08 21:20:46.232501,v2.1.0
f925aace-812f-4c55-bc8a-9c7cb504ce4b,CUST00003896,476,High,2026-02-24 21:55:45.815256,v2.1.0
ae6c0554-57cf-4105-96b5-0e7693ae815e,CUST00000164,300,High,2025-08-12 06:43:30.318815,v2.1.0
50c395b1-f33e-404a-a1b4-11efe5c4bfd3,CUST00003309,437,High,2025-08-13 05:28:06.477536,v2.1.0
2c7ce20e-ce64-47ec-ac71-5b0d295d2ed7,CUST00007947,496,High,2025-10-15 11:44:35.509514,v2.1.0
8af79140-7322-4112-8aff-c604bc27865b,CUST00002389,428,High,2026-06-14 23:07:53.689398,v2.1.0
ec82b676-2ed8-42ab-9083-2f32b90b8c49,CUST00003035,485,High,2026-07-07 08:04:22.938648,v2.1.0
fbf6cc4f-5afd-4a8d-b151-2cdfd3e32d18,CUST00001608,482,High,2025-08-23 12:31:56.522439,v2.1.0
0b768154-aeb8-4d47-9602-0f1008772bd5,CUST00008123,340,High,2026-01-26 07:31:16.632144,v2.1.0
e436f9d4-466b-4f80-9b9b-4295652a79b5,CUST00005059,638,Medium,2026-04-09 08:33:04.403424,v2.1.0
90f61127-4d4c-415e-9ef7-3808f5e30066,CUST00008756,557,High,2026-05-09 00:34:38.164885,v2.1.0
c82e52b3-3f69-4c0b-96f7-c011a1a5e606,CUST00002717,456,High,2026-02-23 06:13:59.230225,v2.1.0
b6eb4f49-9eed-4fbf-8781-110a1cd68d20,CUST00004547,433,High,2025-12-02 22:16:10.710778,v2.1.0
4ec271be-4022-4458-aacf-9845b32a7ff9,CUST00005076,567,High,2025-07-25 11:29:51.676005,v2.1.0
efeafcb6-5e71-4a4f-bf11-542386c5c560,CUST00009858,357,High,2026-05-15 19:21:11.656265,v2.1.0
699ba432-9268-4849-aee3-952b1fa6f251,CUST00007465,599,Medium,2026-04-22 18:05:21.174518,v2.1.0
e1cdffa7-a188-4ea1-a181-0d3bf1fe29a2,CUST00002329,571,High,2026-03-10 07:16:56.894589,v2.1.0
e4aa1ac1-ed05-4938-a451-9b133f7036c2,CUST00000076,639,Medium,2025-08-02 21:19:17.975025,v2.1.0
6601d825-de00-4be0-b958-968b684423eb,CUST00004871,436,High,2025-10-16 14:49:17.735755,v2.1.0
d0472a76-6eb2-46c4-824d-bf7ff4dfa7cb,CUST00008726,468,High,2025-08-17 10:41:07.578864,v2.1.0
dd92d2d6-e0cb-4d93-8997-08d9da48e9f3,CUST00006245,333,High,2025-09-08 00:12:59.155542,v2.1.0
b8712d4b-6ad7-437b-b4d0-e291ec39546a,CUST00000028,609,Medium,2026-03-04 01:24:28.140466,v2.1.0
e11e449c-aefb-42f8-883a-caddeadc7177,CUST00003815,655,Medium,2025-07-22 20:13:03.236930,v2.1.0
826f70c3-6aa0-472e-9503-4eef6ae4b4cc,CUST00001159,592,Medium,2026-07-05 20:47:36.471976,v2.1.0
ff0a8d3b-c176-4578-a43e-f2bf1c7b58d3,CUST00009398,503,High,2026-07-02 16:09:13.666881,v2.1.0
52701332-1c32-40b7-a747-790fc0d5ae0d,CUST00006214,536,High,2025-08-25 18:02:55.001317,v2.1.0
450d5a77-3cc0-43fc-be7a-48bf09fe2d0c,CUST00006652,822,Very Low,2026-04-12 18:39:32.731014,v2.1.0
3a75fa64-ff5e-4ff5-80f7-a5bd089a1851,CUST00000329,300,High,2025-11-18 12:09:06.279327,v2.1.0
dcbb19bc-bc08-43f4-81f2-a6e0dad8ddf9,CUST00004005,520,High,2026-04-02 07:17:39.489474,v2.1.0
4310573b-c438-4ffb-a055-36e5ae292d4a,CUST00009326,558,High,2025-09-29 19:24:35.649502,v2.1.0
178b6079-b007-4688-9a7d-ac745d5a8cc6,CUST00009236,430,High,2026-01-09 09:12:03.479042,v2.1.0
df6aa61c-d2b4-4cb8-a5c6-4f0a7df06aae,CUST00005343,748,Very Low,2026-02-08 11:43:32.813404,v2.1.0
f6c6f378-e41e-4e2b-9312-be13a0ab7cc8,CUST00004402,531,High,2025-12-27 04:45:49.534994,v2.1.0
1e3c0e49-6e63-41fb-a1a3-a4339ffde6d8,CUST00000982,488,High,2025-09-15 11:59:31.078142,v2.1.0
d2016abb-11b5-42dd-a4d8-119b3df0d803,CUST00006844,476,High,2025-11-16 02:00:11.596901,v2.1.0
d1ed704f-fc2e-44d9-90f4-88190243b03d,CUST00007727,600,Medium,2025-09-12 08:20:01.162383,v2.1.0
dc3d50c0-c1b7-426f-8e4c-7b1ff36d3526,CUST00004484,548,High,2025-08-07 07:41:53.609896,v2.1.0
485a2a87-b41f-453c-b858-7fea3e290417,CUST00006657,300,High,2026-03-27 16:10:26.383941,v2.1.0
df5f0a67-636d-49b6-bf75-4baf5c3a21ec,CUST00006487,669,Medium,2026-03-04 02:17:50.407282,v2.1.0
832a8136-dc1f-4a17-bb90-f71ec848970c,CUST00007871,459,High,2025-08-31 20:45:26.540909,v2.1.0
eded34fa-59f9-4d63-952f-c66a747f7503,CUST00002817,696,Low,2026-05-15 05:00:02.335185,v2.1.0
55966903-07d9-4dff-8220-1e476941d79b,CUST00005171,505,High,2025-08-24 11:09:40.649169,v2.1.0
65af6ab5-5cde-4485-9e19-75f1d5134713,CUST00005131,609,Medium,2025-11-03 07:02:43.228672,v2.1.0
8ff7146e-d83a-442d-a68c-92ca5c4631f0,CUST00006783,421,High,2026-01-20 17:57:53.982815,v2.1.0
85a9b119-7d07-486d-bcd6-bfaf27cb6f01,CUST00005506,571,High,2026-05-19 10:19:10.341974,v2.1.0
1fc05f63-538a-47d6-898a-cbd21210a588,CUST00004250,724,Low,2025-09-07 17:11:55.485300,v2.1.0
967014cc-c5e8-451e-b4e8-17fbfda71cb6,CUST00005949,540,High,2026-06-16 01:44:37.014342,v2.1.0
9a6da830-026c-4ed9-aa9e-f06e037b824f,CUST00006805,667,Medium,2025-07-26 16:17:34.114893,v2.1.0
7bb2b2bf-fa83-4f87-b4f4-44521ee59e7e,CUST00001438,504,High,2025-12-20 22:04:25.100088,v2.1.0
052f733f-9750-483a-a6f8-b94dd0264558,CUST00000949,300,High,2025-09-09 17:46:26.623501,v2.1.0
b0d05caa-70ee-41fe-b9dd-e969feb5d8fb,CUST00009403,704,Low,2026-03-14 06:40:32.586763,v2.1.0
95b9438c-48a1-43b0-b27a-2babdf19ac61,CUST00001169,622,Medium,2025-10-08 09:57:19.133514,v2.1.0
4f61dc5b-0f6e-471e-8538-ead79193f146,CUST00002965,670,Low,2026-06-03 22:55:23.656437,v2.1.0
50bd0de6-e047-4d88-a4cb-d11e1bf30611,CUST00009562,610,Medium,2025-12-05 10:28:43.756691,v2.1.0
b7faa4ad-6131-4441-b4ac-8250a03553a7,CUST00005827,662,Medium,2026-06-05 20:48:05.603585,v2.1.0
d017cd1c-2232-4f1a-9571-2251735a3e03,CUST00007753,762,Very Low,2026-05-14 10:14:29.931484,v2.1.0
a6519ed0-49b6-41cc-b9d7-ed51b4c5b57a,CUST00001987,578,High,2025-08-27 23:15:15.769600,v2.1.0
1f52f494-eed9-4923-bcb4-7b50003365ab,CUST00005723,763,Very Low,2025-09-17 20:13:15.538853,v2.1.0
c8601c4e-7612-47aa-8d9d-8278c21bf9dc,CUST00008089,446,High,2025-08-27 03:19:46.751081,v2.1.0
6cd04f23-2467-42dd-aa8a-0c899184939c,CUST00001293,321,High,2025-08-24 01:42:09.130116,v2.1.0
6f91658d-77ec-4da9-b625-2a613bf9bc73,CUST00006896,455,High,2026-07-02 00:39:01.709755,v2.1.0
268508ed-9af5-40e3-9186-edb9ad0aa816,CUST00009914,516,High,2025-11-25 09:58:56.198409,v2.1.0
249406a7-e4c6-4b54-b3ce-33934af03c9f,CUST00007598,731,Low,2026-02-27 18:57:25.362847,v2.1.0
956b5455-e9bc-4277-9f89-4ee8d15c72eb,CUST00009193,424,High,2025-08-30 03:20:35.329858,v2.1.0
3b65f7e3-2633-4d41-af00-9fdd682b56c0,CUST00007782,697,Low,2026-06-20 03:30:18.094727,v2.1.0
37053419-e773-417d-815e-11a0539f7bb6,CUST00003976,508,High,2026-06-18 21:17:53.453343,v2.1.0
652e8ecf-a946-4ae1-9ce6-f2f5995263c7,CUST00006435,403,High,2026-06-10 00:24:11.460204,v2.1.0
a76f5c9d-41bb-4977-a720-0f10b8efc41c,CUST00009670,850,Very Low,2026-02-23 16:51:53.306516,v2.1.0
ceabe692-6f4e-4796-85b2-0331663d5fb8,CUST00005326,300,High,2025-09-20 22:48:22.821767,v2.1.0
55682497-c5ba-42aa-9b10-4867b4857078,CUST00008024,442,High,2026-01-27 15:58:22.529825,v2.1.0
cbdd59c7-4af7-402d-8a4a-715bc6fb6efe,CUST00009667,805,Very Low,2026-02-21 21:57:26.330471,v2.1.0
d77e31cf-1a96-4a12-b5ab-bbad21b79131,CUST00000105,698,Low,2026-03-23 01:39:22.647241,v2.1.0
63fc2f08-258e-4290-9e87-520a5266714a,CUST00000955,464,High,2025-09-10 18:41:59.008821,v2.1.0
6384ff24-46d4-4e6b-a460-def962b5fd7b,CUST00003501,463,High,2026-03-18 15:03:55.049705,v2.1.0
68f05831-1370-471b-8de6-4c3ac42b251b,CUST00009004,300,High,2025-11-05 01:20:33.175542,v2.1.0
3080c21f-c1c8-43f7-9224-de385c7c5eab,CUST00005631,300,High,2026-05-12 12:27:50.395867,v2.1.0
baf89d9c-a88f-40b7-bb9a-8ff834aeb8b5,CUST00006194,366,High,2025-11-22 03:46:20.032937,v2.1.0
d142bc48-5abb-4912-9c17-55cd28dabc74,CUST00005423,710,Low,2025-08-24 20:52:01.879696,v2.1.0
c0b700ad-0680-476a-a1a7-15c8589315ab,CUST00003183,674,Low,2026-06-17 13:23:50.667939,v2.1.0
22758adf-a7f7-41e1-a6a8-110eae931b25,CUST00003076,411,High,2026-03-16 14:29:18.041610,v2.1.0
b88cc46c-266d-492e-9891-6052eb68fe15,CUST00007718,300,High,2026-06-23 15:19:30.757896,v2.1.0
9cc8b19a-7fa2-4bbf-b741-4133d2ede59e,CUST00006593,627,Medium,2026-05-10 00:28:43.544573,v2.1.0
ec57ef8e-eb72-4ab8-9aae-39766e7f1d19,CUST00000416,350,High,2026-04-03 17:03:02.185828,v2.1.0
cc541be1-7646-4276-a76a-fdfc199b3132,CUST00002355,554,High,2025-08-14 19:20:36.917272,v2.1.0
4540d74f-f3d9-4069-bb49-74982c99371e,CUST00002178,490,High,2025-07-18 17:00:19.705696,v2.1.0
511c2d4a-45e5-4e32-a1cc-f4c019624ce4,CUST00004060,660,Medium,2026-06-23 17:11:35.948540,v2.1.0
31b1d620-c1f5-4889-9ed3-bdf932289dfc,CUST00006790,313,High,2025-09-10 04:52:31.271590,v2.1.0
6e609708-c488-4d35-889b-d4d00ad4312e,CUST00002962,640,Medium,2026-03-14 10:58:00.380659,v2.1.0
a1df5fef-333e-458a-94c2-a809e410bda3,CUST00006453,300,High,2025-11-11 21:11:39.150080,v2.1.0
49b91b1f-0250-4f37-bbc6-30c3db029668,CUST00009079,437,High,2025-12-07 13:48:32.654100,v2.1.0
086d1d44-5e36-4e10-91fa-f3e0f11f7537,CUST00006882,732,Low,2026-04-07 09:01:50.247281,v2.1.0
711ca9e8-0177-4f78-9a28-08e412e25fe3,CUST00008585,375,High,2026-04-30 19:48:55.704280,v2.1.0
a8e6f9bb-ff49-4739-bfb7-cd9d6529f745,CUST00001772,300,High,2026-01-08 15:43:37.734614,v2.1.0
4d29cdb0-2af3-4610-b2d1-20f269682d09,CUST00004213,714,Low,2025-08-11 11:57:43.599501,v2.1.0
b4b06937-a492-49f5-9fd6-2b5b80a75844,CUST00004111,494,High,2026-02-13 23:08:20.197858,v2.1.0
3f0fb18c-db40-42a0-b1ba-ed475670da1e,CUST00003785,445,High,2026-07-03 09:24:05.437355,v2.1.0
5c3aa8e1-d329-41e3-86bd-b0b7f77cea68,CUST00008739,477,High,2025-10-27 14:57:43.110257,v2.1.0
fc1793b6-3907-4f45-a36c-324bbfa40682,CUST00005405,300,High,2025-08-19 22:44:37.683759,v2.1.0
0cbcf7b7-25e1-496a-9a4d-6577070db711,CUST00004943,480,High,2026-07-16 05:50:12.370488,v2.1.0
60dbd218-172d-440f-b46f-dff1e298ac78,CUST00003636,422,High,2025-09-22 08:09:22.303098,v2.1.0
739363da-5d84-43fd-84f4-77c9e1094300,CUST00005993,587,Medium,2025-12-05 12:52:37.372943,v2.1.0
040983f8-3dcf-4e97-a3ed-9c5b5d9cb542,CUST00007177,477,High,2025-11-11 12:57:08.767287,v2.1.0
5db7f5fc-3e2c-470b-a06a-589b3e4384a3,CUST00005343,518,High,2025-12-19 17:07:01.739525,v2.1.0
6763d80c-3024-48c0-87d7-ae21ba958ae4,CUST00001981,674,Low,2026-03-28 04:16:03.215541,v2.1.0
b5d003b5-e576-4e24-b27b-07dfb2eaf626,CUST00000297,549,High,2025-12-16 02:26:37.436757,v2.1.0
062012b7-ff8d-47be-bcd9-0e3f3ee260d8,CUST00005259,556,High,2026-05-03 17:33:05.205885,v2.1.0
1e65ad63-b7aa-4858-8667-fd5003a4eb3f,CUST00005207,381,High,2025-11-16 16:58:56.548114,v2.1.0
9b0c54e2-5aa0-4726-a38e-3fea59c3a8e3,CUST00001144,529,High,2026-05-06 21:16:54.511931,v2.1.0
164e3411-23a7-475d-9df4-e5da7a1ef1e0,CUST00009693,551,High,2026-03-13 18:18:45.746501,v2.1.0
96fd2d6a-4f48-44e8-a426-16b01e857d13,CUST00004322,495,High,2025-10-15 17:28:42.674830,v2.1.0
565c7ea5-2a2d-447b-8487-338b5ce4b6ae,CUST00006977,475,High,2025-12-17 19:46:36.466065,v2.1.0
cc05e648-528a-473c-9427-3ec596e22c7d,CUST00006197,756,Very Low,2026-01-15 11:23:10.869561,v2.1.0
78c89221-fb19-4666-a4f0-9bedf41d73cf,CUST00006217,711,Low,2026-01-28 20:48:44.387031,v2.1.0
24c8d09b-28c6-4190-9d44-2b8cf6bd0efa,CUST00003763,583,Medium,2026-01-28 09:27:00.090325,v2.1.0
bd84c982-280c-401c-9373-e92d4973ea02,CUST00002776,781,Very Low,2026-05-13 22:08:20.426728,v2.1.0
bf2b09cb-711a-42d1-96bd-f6578581dbef,CUST00009907,558,High,2025-12-05 09:27:25.695216,v2.1.0
72847f71-5624-4a13-99dd-6bc9dab35d5c,CUST00006003,556,High,2026-02-15 02:29:50.595033,v2.1.0
ba52d516-ae15-4f04-82ee-5073a010591f,CUST00006133,431,High,2025-12-18 23:39:42.530735,v2.1.0
5ea358f8-968b-4696-b7df-daa69397a68a,CUST00005788,635,Medium,2026-02-13 23:25:59.242432,v2.1.0
c3f0c018-2a3a-426f-8911-70cb114b4cba,CUST00008364,425,High,2026-03-28 04:57:08.368868,v2.1.0
ca17b197-3526-416b-8c0a-f6f90cc9c40f,CUST00000962,545,High,2026-04-17 05:10:49.850770,v2.1.0
819fde12-d8b6-416c-b316-ef3d7649aebb,CUST00005273,480,High,2026-03-31 17:03:15.072145,v2.1.0
39e7d2ce-6f0a-41b0-9793-d3d7d45a2cc2,CUST00000332,300,High,2025-10-11 19:33:10.587270,v2.1.0
d0707f1c-2d47-4d36-84de-66c33f5e0151,CUST00003528,613,Medium,2025-07-18 23:01:49.942808,v2.1.0
c3369224-340d-44bc-9752-ba402d1db2e2,CUST00003313,708,Low,2026-07-15 22:14:32.546088,v2.1.0
a1dfc3a1-2d4a-4c1e-b81f-7daeb7a12bd8,CUST00000153,436,High,2025-07-24 04:16:49.811717,v2.1.0
5993dfcd-749b-4b8f-b222-61a47a50b328,CUST00001748,681,Low,2026-02-06 20:29:00.677170,v2.1.0
a1df7248-a433-4529-bac8-e14edda7e78a,CUST00007214,544,High,2026-07-02 16:08:13.087346,v2.1.0
bf6de70b-bf5f-45e8-b090-156b45c95737,CUST00002796,682,Low,2026-06-19 06:19:52.589063,v2.1.0
9a6b88f7-261d-4414-b6ba-d571b0d236fa,CUST00009648,300,High,2025-08-08 16:08:52.964365,v2.1.0
cf9eca17-61cf-4e14-ba13-efd6827ec4a5,CUST00008547,442,High,2025-11-22 12:12:12.917966,v2.1.0
d38471eb-97dd-4eb8-9226-8e04f54607d4,CUST00006039,311,High,2026-05-23 21:51:31.987534,v2.1.0
a0f721e2-53f8-416d-8777-27308c3626a1,CUST00001849,625,Medium,2026-05-30 11:49:36.221597,v2.1.0
c9931cfb-a71f-4e40-b008-2f93d248d0e0,CUST00004908,494,High,2026-05-13 01:09:21.629971,v2.1.0
e1b5a668-1def-4883-ab76-41607e18a2ff,CUST00008734,667,Medium,2025-11-02 13:09:09.521392,v2.1.0
01684a9b-cbc2-4e75-b35f-d811b9535914,CUST00006755,513,High,2025-09-08 13:24:20.573326,v2.1.0
341e932b-5d42-4abd-8afc-f25adcc001d4,CUST00002685,354,High,2026-05-25 13:50:13.007384,v2.1.0
2895a0e1-2f16-4d7a-961c-c245c927cf4a,CUST00007196,486,High,2026-07-07 20:38:39.602314,v2.1.0
6f236b16-db79-4bbd-a4e0-00331443cbc7,CUST00005385,408,High,2026-06-16 08:38:30.483278,v2.1.0
6577bf00-f4ab-444e-a101-6f20ad7b3d5b,CUST00005651,382,High,2025-10-14 11:34:51.699773,v2.1.0
890b36ea-efb0-4a81-ba37-dcfa6f836fc4,CUST00009181,470,High,2026-05-16 06:23:39.242099,v2.1.0
36c35c43-0d3f-4f71-9871-7bfce6f8acdf,CUST00004830,676,Low,2025-08-07 07:36:43.069492,v2.1.0
5ec6a389-c78c-4b4b-8b08-ea4db8d3e31b,CUST00007880,724,Low,2025-09-06 05:50:24.647966,v2.1.0
e5479d42-a58f-418f-b39b-f98137c8bc39,CUST00007398,530,High,2026-07-04 07:01:25.520957,v2.1.0
8319530e-89bd-4269-9fb5-ca47bf390c89,CUST00004679,517,High,2026-04-01 00:40:35.003976,v2.1.0
bb5fdcdf-95d0-4b38-af9a-54137884301f,CUST00004585,662,Medium,2025-12-02 18:38:15.286472,v2.1.0
82c8ec44-a6ff-4548-9270-3d21c819c584,CUST00001178,529,High,2025-07-27 12:51:26.612440,v2.1.0
e6d7f116-8d82-414f-aaa9-2cb841e399bb,CUST00002621,570,High,2026-07-05 08:06:15.881022,v2.1.0
4f76d085-39fc-470d-a830-04299becfea4,CUST00006967,462,High,2025-11-30 16:00:06.161456,v2.1.0
fdeb9fed-b562-46be-b77f-5b5d83654ea4,CUST00008122,552,High,2026-03-31 02:13:35.279257,v2.1.0
649464d9-3375-4c3a-ba3f-2602f97ddc49,CUST00005097,433,High,2026-03-16 23:23:27.224437,v2.1.0
cfa9072c-34bd-494f-b13b-774700578990,CUST00009782,454,High,2025-08-13 20:33:34.744656,v2.1.0
1cf80343-b721-44a2-9852-c4c8917d3359,CUST00001474,584,Medium,2026-05-19 18:40:49.464697,v2.1.0
6fea83dd-45ce-4f33-af04-9a8be54a5dd8,CUST00006810,300,High,2026-05-31 20:17:57.164068,v2.1.0
3a545608-d0cd-4a28-a961-b5ad2d19b137,CUST00003526,426,High,2025-07-28 22:30:28.123925,v2.1.0
2893eebc-0ed1-4abf-8cd6-bbc09ce9da32,CUST00006177,457,High,2025-11-28 07:33:00.371459,v2.1.0
bca46366-3f87-4f26-b973-41d314fdc1d6,CUST00001416,327,High,2025-08-15 18:20:35.476830,v2.1.0
ff3d3537-271c-47be-a876-3ef0ca545b1c,CUST00003418,300,High,2025-08-15 01:26:34.218435,v2.1.0
6366d83d-6392-42bb-b469-fef6cb6716f6,CUST00009679,300,High,2026-02-10 19:13:47.546484,v2.1.0
290218af-2e95-4c63-980d-6232c593d0db,CUST00008168,551,High,2026-05-11 02:42:16.377080,v2.1.0
cfd5a5f7-a386-47f0-abc0-0ae422944919,CUST00008016,358,High,2025-09-10 14:17:31.940087,v2.1.0
7bf77b0e-a4d2-4d9e-b5c9-ab62809bcef3,CUST00006422,386,High,2025-09-22 12:59:47.150445,v2.1.0
23436192-5d1a-47d4-bd89-4405a719c0c0,CUST00002395,377,High,2026-04-15 11:45:26.565544,v2.1.0
15f53abc-919f-4ba1-9049-d3d281dbf80a,CUST00009701,420,High,2026-04-17 03:38:04.022028,v2.1.0
5251eba3-d9f1-4820-a2c7-5b8ef9629bfb,CUST00007879,717,Low,2026-03-30 01:21:02.377395,v2.1.0
46f9672f-625a-4572-a7f2-cdb21c96eb26,CUST00003988,314,High,2025-11-04 07:19:10.291359,v2.1.0
ea0ee475-8abc-40e3-99b6-b963c8b7af4f,CUST00000130,466,High,2025-12-15 05:12:51.361943,v2.1.0
bf424d64-c081-4863-94c6-f856c83fb40d,CUST00003562,342,High,2025-11-18 02:55:19.354290,v2.1.0
a64253be-6cc1-4de9-a55f-38ee04c0f9fa,CUST00003818,442,High,2026-04-29 07:26:40.933883,v2.1.0
b5d536c2-8089-47a0-9657-0a9fdff54e0c,CUST00004977,452,High,2026-03-28 20:16:31.803654,v2.1.0
4d6b0591-aa71-4a20-8026-a53ebddf72d7,CUST00004206,530,High,2025-10-30 15:39:20.852635,v2.1.0
25230718-ba3b-4af7-b2a5-7c31c1034eba,CUST00004701,512,High,2025-09-12 20:22:40.507451,v2.1.0
0202463e-c008-415d-b0f6-0f9d48a42cd0,CUST00001844,580,Medium,2026-06-04 17:55:08.312189,v2.1.0
6588a173-ff6c-4d13-beaa-f610c71fdbff,CUST00003852,553,High,2025-07-29 15:27:19.188912,v2.1.0
8fd91795-fdb2-4faf-a9d7-f4faf20ba201,CUST00009801,595,Medium,2026-04-18 06:09:28.545407,v2.1.0
7fd872a3-d91d-4201-ae2c-b08a63872417,CUST00006443,368,High,2026-01-17 17:40:25.787151,v2.1.0
c88dabdc-ec50-4763-9ca9-038092a9a3a1,CUST00004033,494,High,2025-07-21 21:10:10.235445,v2.1.0
53de13ca-1c79-402f-89e4-2f753edc05c8,CUST00002225,712,Low,2026-05-18 00:58:50.912007,v2.1.0
47fb92a2-b977-4271-ac8f-1fb095ea2458,CUST00008747,433,High,2026-03-23 05:46:41.646626,v2.1.0
f9824092-2fe0-4813-964b-745943793081,CUST00001478,300,High,2026-06-02 20:30:24.586000,v2.1.0
bbf73034-bf0c-48f5-90d0-3e344692539b,CUST00008521,850,Very Low,2026-02-05 07:30:17.110542,v2.1.0
76a1a3d8-e886-42fc-b15c-5788a576a2cd,CUST00001898,460,High,2026-05-16 21:15:52.813133,v2.1.0
be327664-47a1-4b65-882b-8c1fcb7adefc,CUST00001938,527,High,2026-06-18 14:57:26.154986,v2.1.0
8668b74b-f1e3-4348-ab74-a1c4c9bb4bce,CUST00003187,535,High,2026-01-17 05:12:01.015620,v2.1.0
14102740-db09-4c01-be78-f84a17431cdd,CUST00007669,742,Very Low,2026-04-02 23:55:24.525006,v2.1.0
cdc437e8-2a09-4e2b-afcf-6fdbfa81ae78,CUST00009128,300,High,2025-12-19 15:41:55.595970,v2.1.0
059a03da-8120-4603-87f4-6f0f9aecf375,CUST00002528,466,High,2025-09-13 04:23:01.312256,v2.1.0
5600e2eb-7463-4500-94ad-52c93f9ef156,CUST00005433,452,High,2026-07-08 08:03:49.438421,v2.1.0
e497770e-5e92-4d22-b064-1632bf2251bf,CUST00008242,439,High,2026-01-24 09:15:35.793273,v2.1.0
9d8fbb83-e083-4bf7-9d2b-6fc718178df6,CUST00001575,598,Medium,2026-07-10 02:10:26.562505,v2.1.0
7f10253d-48dc-42ad-9902-5b13a7d977c5,CUST00003669,558,High,2025-09-01 14:47:45.280979,v2.1.0
baf203d5-5c25-4ead-91b5-c448f8b98ba0,CUST00003516,641,Medium,2025-10-03 07:03:28.998416,v2.1.0
192c68fc-cf17-47f3-93bc-f39c5e5274bc,CUST00002374,525,High,2026-03-01 00:17:45.519985,v2.1.0
049365e3-9e49-410f-bf0d-1d5db7304445,CUST00009335,502,High,2025-10-05 20:47:16.882526,v2.1.0
d0e563f6-9689-4111-9247-d98a95717843,CUST00002546,576,High,2025-09-23 00:07:20.890635,v2.1.0
68ef4f80-eccc-43ea-aa72-4b4b564df08a,CUST00001389,637,Medium,2026-04-16 09:07:35.543309,v2.1.0
9d231054-6dd9-4430-bc08-bf1c4b5a5ffb,CUST00000580,571,High,2026-02-07 04:32:47.189514,v2.1.0
6b2e99c6-03ce-4db2-97ab-cfc9d6915e06,CUST00002918,561,High,2026-05-21 08:09:39.597054,v2.1.0
1fabfa51-e7c0-4368-9176-d1926385f784,CUST00006648,300,High,2026-05-12 03:39:56.603466,v2.1.0
6406b969-5e09-4efb-8e1a-9531b6a3a2e4,CUST00003410,551,High,2026-01-05 00:06:19.204728,v2.1.0
1f57a8c5-103f-4a34-adc6-7be2bb2df4e3,CUST00002801,492,High,2025-11-09 07:15:08.431342,v2.1.0
9ce6bb9f-cd61-460a-9ad1-a47d4d011919,CUST00000292,694,Low,2026-03-09 08:34:04.599137,v2.1.0
28ebd397-abd0-4ef1-b9e8-387ce9a60093,CUST00002147,484,High,2026-05-16 01:24:50.978024,v2.1.0
e02f872d-731e-4e56-9d7a-13a727fc2ec9,CUST00006576,558,High,2025-09-16 02:43:03.799940,v2.1.0
2279ef85-c509-4ff6-bef9-d2894c2d9fd2,CUST00002403,382,High,2026-05-07 07:47:09.965318,v2.1.0
c10c0886-4099-43b9-a951-8f1532428ea0,CUST00000703,410,High,2026-03-11 02:15:39.839797,v2.1.0
bc772a70-c196-4614-af07-8f02cc0a174a,CUST00001012,696,Low,2025-09-27 00:52:06.798128,v2.1.0
c709072f-ab13-4c53-837b-1ec63ea16111,CUST00009457,625,Medium,2025-08-26 12:07:23.017596,v2.1.0
84a6b71c-2241-45be-b527-1d43136fa08b,CUST00003188,524,High,2025-08-15 07:57:29.708547,v2.1.0
3af1e5a7-b586-43de-8617-781511e685e7,CUST00000358,664,Medium,2026-02-23 05:19:37.860664,v2.1.0
b0cb2e29-fa47-4d3f-95e4-b721de43fc93,CUST00002723,481,High,2026-05-23 03:04:50.372512,v2.1.0
aa8f62ea-1314-4096-9585-9b2f9d38d0b2,CUST00005915,694,Low,2025-07-28 03:46:35.464793,v2.1.0
cd285aef-9734-422d-8e84-1007fbcd245d,CUST00008856,556,High,2025-10-28 23:39:54.632595,v2.1.0
bf9e0e39-adfe-4083-9951-a28a6eca5ee8,CUST00002876,841,Very Low,2026-01-31 17:09:40.719130,v2.1.0
03be20af-198a-4ceb-bd07-af34850ddbe0,CUST00002271,482,High,2025-08-10 18:28:44.714006,v2.1.0
63fed07f-7e29-47f5-a323-5c0ceb4650f7,CUST00002944,313,High,2026-02-21 00:02:11.484279,v2.1.0
006d9328-857b-4997-a6c8-44724fbf813a,CUST00006703,477,High,2026-04-20 05:23:32.372081,v2.1.0
27504ffd-8a72-4f08-8b8f-71afbcce670b,CUST00001787,363,High,2025-11-07 19:34:46.784543,v2.1.0
08f9769d-01fd-4e2d-9472-7ed0cb0b9ce9,CUST00001122,408,High,2026-02-04 09:54:04.143013,v2.1.0
54a6493d-a3aa-4aba-b2a5-6dfe2e237100,CUST00008419,392,High,2026-03-08 01:52:16.908415,v2.1.0
aaf4ab7a-4b32-4756-ad7c-0f85012fc1fc,CUST00000132,627,Medium,2025-07-29 17:37:35.299836,v2.1.0
ede4de5d-da6c-453d-b61a-100cff7a082c,CUST00006186,737,Low,2025-10-24 05:22:08.909405,v2.1.0
67d77115-6289-44f8-a347-bbd7e1e9d991,CUST00004338,558,High,2026-07-09 15:06:06.081040,v2.1.0
a4031bc5-f19b-4f90-9d91-c2916d326dbf,CUST00005042,422,High,2026-02-09 04:46:48.926743,v2.1.0
70f5888a-dc88-4d23-a310-35bf959fa2ee,CUST00008992,501,High,2026-02-08 19:30:37.957971,v2.1.0
2369003d-f5a3-4baf-8551-039604687596,CUST00008038,738,Low,2026-05-02 12:50:08.894675,v2.1.0
2b890b94-f471-41e6-ab50-cdd602376c0d,CUST00006232,452,High,2025-08-03 14:19:56.034776,v2.1.0
ae9b157a-cdc2-4324-9d3b-f2d905fa5828,CUST00004725,614,Medium,2025-11-09 19:26:32.231888,v2.1.0
caa03a22-e71a-4007-aeb7-6601082c3c29,CUST00003257,448,High,2026-06-27 12:28:53.889373,v2.1.0
ddf8535a-6c7f-4b75-a110-89276938cc64,CUST00001304,343,High,2025-07-21 00:13:46.068587,v2.1.0
2bd1449d-ad40-4923-afc3-9d25c57458b4,CUST00009144,401,High,2025-11-25 04:12:27.870279,v2.1.0
9d9e552f-8cc7-46a3-b9fd-c289bb950ac4,CUST00000453,629,Medium,2025-10-29 01:22:36.034652,v2.1.0
467c9c1f-43c9-436f-b79e-b7e0f978d4f7,CUST00005406,309,High,2025-12-10 07:52:29.904269,v2.1.0
52b9a367-0a7b-4efe-8be9-e030ea924d45,CUST00001557,388,High,2025-09-27 02:12:38.677621,v2.1.0
4070103e-05c0-4c51-9fd7-68892a042eaf,CUST00004806,488,High,2026-04-18 12:22:33.050808,v2.1.0
b1b569d9-213e-4a8b-aa0b-8e998abb4825,CUST00009189,300,High,2026-04-08 23:06:53.574671,v2.1.0
60f3f107-3b0f-473f-b7f7-58127a4303c3,CUST00001979,671,Low,2026-07-08 14:26:55.798596,v2.1.0
181bd87c-2c2d-4824-92af-5778bf40c027,CUST00001248,322,High,2026-03-31 13:13:40.468879,v2.1.0
32df93ce-2234-4337-9134-8060317ece76,CUST00006725,431,High,2025-08-22 11:30:54.774115,v2.1.0
3208d043-954a-4326-a8a4-eedb9cc74e0f,CUST00006803,474,High,2025-12-13 16:04:59.489856,v2.1.0
9c91d3d9-ddc9-4b69-b4aa-579a486cea39,CUST00003916,437,High,2026-04-14 17:17:29.246415,v2.1.0
bea6cb7d-61ac-4b87-bab2-de86ca0273b4,CUST00008973,583,Medium,2025-08-23 19:16:26.319823,v2.1.0
9ad151de-724b-4db8-9d7b-2a1eddd5953f,CUST00002429,552,High,2026-05-08 20:12:30.494308,v2.1.0
a1729cf9-767c-460c-99bd-fa378e3454e8,CUST00004427,818,Very Low,2025-09-10 18:24:25.719817,v2.1.0
6be3d27c-2441-4e04-8a0d-c298f8c5ed75,CUST00000433,512,High,2026-02-17 08:56:47.532782,v2.1.0
b080445f-0bd2-40a6-9114-28e6551e0c9a,CUST00003764,576,High,2025-12-04 11:24:24.041178,v2.1.0
7bfdc086-8c46-41f2-b14b-268ed23fd489,CUST00003389,503,High,2026-02-17 01:46:56.029491,v2.1.0
b2dc0878-014d-498b-aa80-cecddb356e57,CUST00008811,454,High,2026-05-25 02:34:19.137516,v2.1.0
7e10228d-f5b5-4aad-b126-afa317b0bc32,CUST00007191,340,High,2025-10-31 21:01:25.713439,v2.1.0
5940ead8-8fd3-4921-909c-a28347dcf97b,CUST00005338,461,High,2025-09-11 06:15:03.691950,v2.1.0
b5822e25-9412-4ca3-99c1-384dbf3d99d3,CUST00005508,627,Medium,2026-01-03 01:23:05.820351,v2.1.0
71e7adfd-81c0-4055-97f5-fb7e863b78b1,CUST00003653,477,High,2026-06-06 05:23:29.920582,v2.1.0
44838dd5-30d3-44d4-874d-43c8da400f14,CUST00000265,521,High,2025-08-20 23:40:20.200218,v2.1.0
58441e9b-a089-4928-a3d1-17dd3dd4e0d6,CUST00009015,661,Medium,2026-04-06 07:46:42.981295,v2.1.0
31eebf33-8907-4844-9cd4-10781ea03116,CUST00007604,528,High,2026-06-05 22:21:47.580125,v2.1.0
9e0e4163-847b-413c-b728-00a0bfaade7a,CUST00008848,565,High,2026-05-08 20:02:53.027392,v2.1.0
b715e386-1bd9-4acc-8c93-4f7a9d57f4fd,CUST00005612,318,High,2026-03-13 20:38:37.558500,v2.1.0
c52d821d-389c-4fc4-a3f6-0419a7e60010,CUST00002801,587,Medium,2026-04-24 17:14:55.123739,v2.1.0
c76be733-8f4e-46e3-ba93-96eb53a780cb,CUST00008198,575,High,2025-09-14 17:36:23.497771,v2.1.0
040cc619-0308-4977-8562-d7e6b9aaa631,CUST00007814,403,High,2026-07-04 21:11:01.446570,v2.1.0
678799f7-9872-4887-8c34-41135ed807ad,CUST00005803,377,High,2026-01-22 11:40:32.960297,v2.1.0
72be98aa-c079-45d9-92a8-a728dbec367f,CUST00000464,551,High,2026-04-10 01:41:49.845116,v2.1.0
1f30ae71-5a5b-4b2c-8d6b-5225a7f08cac,CUST00009279,616,Medium,2026-03-12 19:52:42.364687,v2.1.0
fefaec37-fe04-4df5-9b90-30b8a6847092,CUST00001437,850,Very Low,2026-06-22 16:03:19.278769,v2.1.0
fb60e605-ec08-4109-9078-a29fa71b68bf,CUST00009183,553,High,2025-11-19 14:40:17.153901,v2.1.0
98bfee6b-020b-49cb-8f59-40ec52e0381c,CUST00008450,573,High,2026-04-30 18:06:46.266440,v2.1.0
78b1c13b-1eb7-47c6-9794-11cf7d9d0655,CUST00004594,589,Medium,2025-11-18 17:40:52.008663,v2.1.0
a5b0cdc0-3037-4909-af00-37aafd38a157,CUST00002614,645,Medium,2025-11-26 12:21:13.113348,v2.1.0
ed1a0b71-d41b-4e9e-86f5-f7ac9fba7b2a,CUST00004158,524,High,2026-05-26 12:58:53.743707,v2.1.0
086e7eef-b0fc-42df-98e5-7b440e703dac,CUST00005925,771,Very Low,2025-12-22 07:05:08.165441,v2.1.0
aee58477-5a03-42f4-bbef-7533afc617ae,CUST00004798,412,High,2026-06-08 05:23:36.442770,v2.1.0
0a7eee40-6d1e-4d9c-b3b1-3a7f815c7e06,CUST00006820,460,High,2026-04-26 16:08:21.118304,v2.1.0
892561ef-582b-4bb9-998e-7e6c54e4587c,CUST00009168,358,High,2025-12-06 11:48:57.375790,v2.1.0
4166c71b-6709-4001-8cba-b0856926d75b,CUST00008374,495,High,2025-10-02 04:22:42.839972,v2.1.0
ea0a939f-5601-4eac-bef4-3c09efae6e61,CUST00007832,449,High,2026-02-25 20:24:53.768002,v2.1.0
30116a70-406b-47eb-8714-4904af664390,CUST00007365,531,High,2025-08-14 07:19:26.207494,v2.1.0
a014c401-26f6-47e7-a323-56688886cdcc,CUST00004128,403,High,2025-09-11 13:49:15.960934,v2.1.0
b87aa56c-3dbb-40ee-9903-736bc8fa77e8,CUST00003795,334,High,2026-03-04 04:57:37.133255,v2.1.0
3e6610c1-b3be-41d1-8325-89099c8876f5,CUST00004926,514,High,2026-01-15 15:04:21.418462,v2.1.0
5b1aa34e-0500-4749-9bb8-cdb0e81fa48b,CUST00008133,379,High,2026-05-07 19:56:44.954871,v2.1.0
d37018bf-5bb9-49e4-8a82-67670988e1b9,CUST00003181,491,High,2025-09-08 00:06:06.251331,v2.1.0
7029963b-79d7-4102-9e13-4616769ff7db,CUST00000280,518,High,2026-05-31 20:07:41.901072,v2.1.0
a785ac41-3b99-466d-aecf-26ed49e6a874,CUST00000643,691,Low,2026-02-02 17:58:12.963436,v2.1.0
e6f00048-427d-4574-9647-4199f7ec083c,CUST00002190,613,Medium,2026-07-06 19:27:53.416504,v2.1.0
3eef46b4-28bd-4c73-ae63-2c3fd195a27b,CUST00000316,367,High,2026-04-29 07:52:14.889546,v2.1.0
fb1801e5-38c6-4d1a-b7db-60ea20ef9e2d,CUST00001585,451,High,2025-08-18 17:59:52.591110,v2.1.0
2bb20820-aef9-4e27-9033-28383e7e016a,CUST00003137,629,Medium,2025-08-21 06:53:15.464238,v2.1.0
14af4ea5-1991-443a-934c-06e433cb70df,CUST00007390,525,High,2025-11-09 11:53:23.199948,v2.1.0
d0f2c3a4-b661-4346-9527-b8d621d64ea3,CUST00006211,662,Medium,2026-06-24 01:37:02.696217,v2.1.0
ceaf5580-5b1b-43ef-8c9d-c7b4d3c36afa,CUST00000282,450,High,2025-09-14 21:20:09.579691,v2.1.0
9aa7bec6-eeb8-41d4-876b-fc02d246f417,CUST00001186,388,High,2025-10-28 05:20:53.389780,v2.1.0
53a07c97-7930-47ae-9f4f-48907c7c9d33,CUST00005537,381,High,2025-11-27 14:45:19.165074,v2.1.0
d14ec41b-ef79-413c-893c-ec22e5410335,CUST00003085,428,High,2025-08-19 12:04:08.618869,v2.1.0
e97f378a-31cc-407f-ba71-5b2a1d24e4ce,CUST00002207,384,High,2025-09-21 08:36:38.267622,v2.1.0
dee54502-3f49-4ac8-b448-a2ebf1cdef38,CUST00008624,738,Low,2026-04-25 20:33:07.895266,v2.1.0
bd9752d1-d268-43dd-9eb3-624f11a42cf3,CUST00004895,467,High,2025-10-20 02:58:58.850737,v2.1.0
ba856095-9b1a-4d43-beaa-53a0ecf4486b,CUST00002271,300,High,2026-01-06 18:23:55.980134,v2.1.0
2b23b743-b2d0-4c5b-b1a3-4d176c979d68,CUST00007192,665,Medium,2025-10-19 10:10:19.468403,v2.1.0
ee39fdb0-e749-4918-9b30-e7b0bffe8f33,CUST00005491,437,High,2026-06-03 02:28:45.941772,v2.1.0
39adfdfd-0d53-4d8c-9feb-5b83e8a7bfb8,CUST00003607,612,Medium,2026-03-12 10:12:40.587888,v2.1.0
8f431150-7ad0-4289-b7e7-8acb302d85db,CUST00000678,463,High,2025-09-07 05:02:01.588207,v2.1.0
1f28f721-43a1-45ab-bd34-6e9e8ae00331,CUST00009538,354,High,2025-09-01 04:33:54.412540,v2.1.0
9efee246-20a7-4c8a-a2ec-c2c1fce1b1d7,CUST00008099,713,Low,2026-02-10 15:17:16.334058,v2.1.0
35433247-b687-4b67-8a8a-10d8fb7458b8,CUST00006244,846,Very Low,2025-08-01 08:57:59.529674,v2.1.0
808bffd8-2a79-4a11-8d93-1d1cdb095368,CUST00001492,612,Medium,2026-05-27 15:43:23.954324,v2.1.0
61f2a265-4760-444c-8a28-411d52db6a51,CUST00009708,302,High,2025-12-11 08:26:37.937614,v2.1.0
4fbef2e6-1dbd-4a48-b0d7-e126a9332aa7,CUST00003282,375,High,2026-05-26 22:10:18.016998,v2.1.0
d41bae10-e2a9-4a00-bc5f-3df7cc59e843,CUST00001826,712,Low,2026-06-17 21:20:13.528178,v2.1.0
00dfd272-abd8-4b1d-a941-aa259bc4e7c3,CUST00008841,335,High,2025-09-03 00:33:06.562869,v2.1.0
c14a27cf-32c9-4a47-9ee2-e97f02c31a89,CUST00002864,421,High,2025-11-28 20:35:38.297474,v2.1.0
cdecc1e5-58e4-470f-8551-8e4e1ee6af1e,CUST00009883,322,High,2026-05-22 11:32:00.370173,v2.1.0
724c58d4-bf5b-4175-9f55-6579f88661f6,CUST00004482,584,Medium,2026-06-30 15:18:16.422550,v2.1.0
c74e91ef-d376-45c3-a042-0218382c7396,CUST00007962,515,High,2025-12-01 09:31:23.795524,v2.1.0
469f7f86-2ea9-476e-b574-71a4917eaef7,CUST00006542,465,High,2026-03-24 01:54:58.600488,v2.1.0
8ab8504a-ab0e-4165-b3d1-86692547fb4e,CUST00002885,438,High,2026-01-18 16:52:36.693931,v2.1.0
528d92dd-e2de-409c-8dbb-adc60bc3bbee,CUST00005046,573,High,2025-10-21 21:47:20.908293,v2.1.0
e533cd42-c79e-4c18-be7b-f3acb3d2a30e,CUST00005268,760,Very Low,2026-06-02 16:38:57.820530,v2.1.0
608850c2-3e61-41a5-a71d-9a7c63f0a863,CUST00000689,690,Low,2026-03-24 05:01:31.445905,v2.1.0
a970a3c9-2032-4f4e-b907-7dfafcc08ea1,CUST00000140,850,Very Low,2026-03-01 14:03:28.440727,v2.1.0
53df2e1e-b22a-44ae-a0d5-16445aaf1ec4,CUST00006980,633,Medium,2026-03-10 01:53:19.162746,v2.1.0
0df543eb-24fa-4587-b0b1-7cf58fab4cf2,CUST00003236,304,High,2026-04-14 13:42:29.439169,v2.1.0
a7ab3a6a-1336-4ec8-8f7d-1ae21cf8cd0b,CUST00002902,471,High,2025-10-15 07:54:43.662202,v2.1.0
a8b0d69f-f076-442f-b4a3-167b7a6bb7c7,CUST00001225,303,High,2026-05-13 20:39:22.195585,v2.1.0
640aa0ea-a0a6-4013-b28a-e4af2b65777b,CUST00009620,415,High,2025-07-20 19:31:58.447355,v2.1.0
06c46b4a-0425-4619-b8f7-bceaa2ef027b,CUST00002897,429,High,2026-05-25 11:37:27.407343,v2.1.0
9a5b9887-716b-4c3f-a91d-bdfb864dfeda,CUST00008439,445,High,2025-11-01 01:46:04.825610,v2.1.0
f52723db-0737-44c0-ad0c-6e6610dbd991,CUST00008839,577,High,2025-09-13 16:42:03.790693,v2.1.0
7111e059-0462-453a-9dc4-f4eefc188275,CUST00000945,583,Medium,2025-12-10 17:54:11.814852,v2.1.0
61467b79-1f9a-43a7-9731-aafdfa424a05,CUST00007790,482,High,2025-08-13 13:37:13.844580,v2.1.0
ac6d7493-060a-45b3-9726-2e40a4e648f3,CUST00003343,503,High,2025-12-06 16:58:35.686463,v2.1.0
aab192bd-c52d-40cb-b557-e158a48bb5c4,CUST00004131,664,Medium,2026-01-02 18:07:47.862638,v2.1.0
26a34ae5-be61-47fd-b1f8-223a41952c92,CUST00009771,639,Medium,2025-08-21 01:31:58.278101,v2.1.0
4e565a1f-a085-4ad0-8a3c-230f2183a80b,CUST00007396,300,High,2026-01-04 01:40:41.306995,v2.1.0
da3916c3-24cc-400d-92d1-313e488a4415,CUST00005699,300,High,2026-03-09 13:46:18.202748,v2.1.0
80af84d8-3a8f-4f0d-8860-88c20388781a,CUST00007279,300,High,2026-06-11 16:11:59.815134,v2.1.0
e40baf88-3716-4962-8767-d3b232c9771d,CUST00008857,441,High,2026-01-03 16:41:48.304618,v2.1.0
f5cf6d51-b41b-466f-82f7-dddda976fb05,CUST00008183,339,High,2025-08-18 06:12:24.437545,v2.1.0
39cc498c-e82a-4894-ba0e-c7863bd1305a,CUST00009903,514,High,2026-04-11 04:29:54.047299,v2.1.0
d7a22166-fb7b-4b4f-88f0-4a97699d5fc1,CUST00001112,300,High,2026-06-18 00:08:39.114776,v2.1.0
e2ed3bb3-f7ac-46b2-b17e-523fd5fdbb85,CUST00009596,404,High,2026-06-19 20:14:22.020441,v2.1.0
0d7712dc-8315-4958-a8ad-5fc14469e77e,CUST00005755,444,High,2026-04-24 11:54:35.028572,v2.1.0
81ebe7d8-68a3-46a5-bbee-1640ab7b0e00,CUST00000133,377,High,2025-09-28 18:25:18.681867,v2.1.0
012af541-5b17-41d5-8043-daf08e4f3984,CUST00002562,850,Very Low,2025-11-14 23:23:35.364173,v2.1.0
24b290fd-b893-4930-9f85-f3b05e4ace45,CUST00004443,477,High,2025-11-10 19:08:59.635392,v2.1.0
2ac1a742-c665-478d-80d2-7e41b80382f1,CUST00006628,588,Medium,2026-07-16 20:26:43.230586,v2.1.0
b89dbfb2-5e72-4c62-bacd-6a71ccf7e214,CUST00008258,388,High,2026-01-11 12:39:08.444468,v2.1.0
fe8454ca-e059-4004-856e-81e2cc2c6a48,CUST00008881,490,High,2026-03-31 10:01:11.586374,v2.1.0
4638d69f-f188-4f02-8f04-34f1c93795d8,CUST00005824,571,High,2026-01-07 20:19:57.050896,v2.1.0
d53e9920-87fd-4e28-afbf-e062e64f6eea,CUST00005962,300,High,2025-10-27 14:04:33.364283,v2.1.0
d120eb9b-16e8-4be4-be8d-869e25a0e38f,CUST00007420,651,Medium,2025-07-31 21:28:50.661048,v2.1.0
fa736f94-5db5-44d5-8e29-a21c8b767a65,CUST00008055,300,High,2025-09-12 19:05:46.329646,v2.1.0
6803e6b1-9ef6-4000-a338-d863565a1674,CUST00009466,474,High,2026-01-05 13:31:46.751276,v2.1.0
066cca96-1a5b-443e-93d7-d7e5e079049b,CUST00004813,404,High,2026-03-08 17:53:24.348015,v2.1.0
d2d7a860-9d36-4ba7-92aa-eaaaa9895202,CUST00001545,311,High,2025-11-11 20:35:09.613575,v2.1.0
931076cd-ae26-42d5-adf8-9b1f65a444f8,CUST00006940,798,Very Low,2025-07-29 08:28:44.657695,v2.1.0
696a4e0a-6484-4d86-a189-4be510de1c54,CUST00007681,589,Medium,2026-02-22 10:48:26.249178,v2.1.0
424c0e48-676d-498c-a3c3-6b3002bc408c,CUST00007872,583,Medium,2025-12-03 19:23:32.793950,v2.1.0
0826443f-7abb-4f66-a11d-f55dc9f3c4f9,CUST00002710,741,Very Low,2026-06-24 22:41:15.472097,v2.1.0
a384ce75-a1e7-4f7e-8e18-2b162da7105b,CUST00001302,617,Medium,2025-11-26 22:39:56.558883,v2.1.0
41172335-4b01-4032-9602-ab1cd21c4aed,CUST00000699,725,Low,2025-12-22 00:08:44.489192,v2.1.0
2a0e89a8-de4e-42ba-a46e-114f240b10ad,CUST00009263,566,High,2026-01-06 19:42:08.010367,v2.1.0
f76c3a1f-4801-462c-a4aa-b11a3ad4f154,CUST00007860,300,High,2025-08-06 15:56:14.867285,v2.1.0
6e9b0b0b-3265-4de7-9fb8-2c6e8457c892,CUST00008003,501,High,2026-05-30 22:46:01.971719,v2.1.0
e3dee1da-a34a-480d-83fc-2b7323d03e33,CUST00005850,470,High,2026-06-30 20:33:52.064860,v2.1.0
c96f2984-e3c8-4a81-8cf0-6a7530171825,CUST00001261,719,Low,2026-03-24 14:48:24.154019,v2.1.0
eccda885-eaca-4124-af37-869531634004,CUST00009745,538,High,2025-10-24 11:19:50.572724,v2.1.0
f5a474f7-8223-4418-9927-5d51398b4fc3,CUST00002045,300,High,2026-03-07 02:11:21.081681,v2.1.0
6714d197-dd76-44a9-a13a-5e4a6ba9af64,CUST00002155,504,High,2025-08-17 10:38:53.062904,v2.1.0
d643d444-b450-4815-8650-79a967fcdba3,CUST00003433,574,High,2025-08-12 05:00:54.542228,v2.1.0
e0c2518a-86a7-4d85-8426-a7c77754f08c,CUST00005731,507,High,2025-12-12 20:38:24.088031,v2.1.0
d9530689-9401-4ca3-932f-a88126836be2,CUST00004734,300,High,2025-11-03 21:03:20.730493,v2.1.0
75e97605-7168-4ddc-887b-0a97569beace,CUST00002261,531,High,2026-04-04 00:56:23.882463,v2.1.0
229b4eef-893f-4143-84d4-ed79cb93790b,CUST00007069,516,High,2026-06-01 03:25:06.045681,v2.1.0
976c47e8-d3cb-4fb4-8947-40c89d124c9b,CUST00002120,300,High,2026-01-25 13:59:04.005905,v2.1.0
2d06b1f5-9110-4ab1-acc3-ea6d21e1829e,CUST00005476,300,High,2026-03-19 11:50:56.534604,v2.1.0
4b2db650-1bbc-4615-910e-3cfc5dff4a19,CUST00008633,426,High,2025-10-20 16:09:32.610808,v2.1.0
08137a90-9ae0-4628-b5b9-82ab577ed4ab,CUST00006204,705,Low,2026-05-17 06:18:03.415540,v2.1.0
70bccec7-5152-47ee-9ac4-0c7e2215d280,CUST00006218,850,Very Low,2025-08-20 16:13:29.438338,v2.1.0
1aa9622e-4757-408f-800a-e14eb340d0f1,CUST00006183,559,High,2026-06-12 05:28:55.265421,v2.1.0
8224fb07-f42c-40b9-83de-336842560cef,CUST00000637,369,High,2025-11-19 19:57:52.957162,v2.1.0
a39f4b53-aaae-45af-88f3-548ca7f505f8,CUST00001532,557,High,2026-04-19 00:04:02.790627,v2.1.0
aa24e019-e41c-4587-b56d-2de1f47a191f,CUST00006054,473,High,2025-09-16 00:09:58.321700,v2.1.0
ea23925d-da01-47c6-8378-d72c9ae0a5e1,CUST00003988,621,Medium,2025-11-22 11:34:43.699769,v2.1.0
497d8482-d76e-4180-81e5-3cf542224cbb,CUST00000992,400,High,2025-12-17 23:38:47.073437,v2.1.0
2e8f17f3-f99b-4af7-9bbc-cdb32671e906,CUST00004029,392,High,2026-01-07 14:01:14.598741,v2.1.0
b1cee47a-dfed-46b6-b386-20a14d51d4ea,CUST00000098,672,Low,2026-03-26 12:01:47.024880,v2.1.0
13653c61-f482-4fb7-b3ec-fd4e99712ef8,CUST00005585,314,High,2025-09-14 14:28:10.399279,v2.1.0
a822c01f-dd31-4ea4-9635-1cd975f443aa,CUST00004232,454,High,2026-03-29 08:55:30.111545,v2.1.0
7406890b-0366-4083-9622-8c9d8c043711,CUST00001905,506,High,2025-11-24 11:03:18.686387,v2.1.0
f323432c-e783-49fe-a34f-be8f4520cdfa,CUST00004837,389,High,2026-03-27 23:42:52.713963,v2.1.0
146742a6-6224-4224-a873-1be1b536d820,CUST00003797,710,Low,2025-12-07 00:59:49.095425,v2.1.0
84ed93a8-98a3-47d8-837a-11c4b5faf0c9,CUST00007684,301,High,2025-07-21 12:57:51.004613,v2.1.0
8bd3868f-c890-40e2-ab81-00bee526a676,CUST00005378,317,High,2026-04-29 22:07:53.174255,v2.1.0
6535e1ec-7838-4343-9e61-969e81bfc7c2,CUST00003271,409,High,2026-02-21 00:11:35.806795,v2.1.0
2ecfd02b-4f0e-44ce-a550-20666843a0f4,CUST00006304,328,High,2025-08-15 07:57:34.025282,v2.1.0
a95e78f4-7b03-47b2-ac6d-9226a2eca0ba,CUST00000774,406,High,2026-03-18 21:06:20.903452,v2.1.0
cfa05953-8f57-4716-bf04-627efa1a553a,CUST00006684,525,High,2026-02-28 02:06:23.232330,v2.1.0
0b8ed8b6-64f6-46e8-a5d0-2627536a8344,CUST00007427,735,Low,2025-11-13 03:40:08.396345,v2.1.0
451a04c3-9fec-43c5-9a87-8466b1413719,CUST00006149,300,High,2026-07-13 04:10:17.903549,v2.1.0
27fe6230-289e-43a4-ae36-66561bc58cd3,CUST00003673,403,High,2026-06-25 20:41:03.700702,v2.1.0
dee6bb15-2e9a-4d1e-8fb6-0d9912aff00b,CUST00002353,300,High,2026-04-15 05:25:55.506433,v2.1.0
0fef9482-c584-448d-8246-fad111a08469,CUST00007850,524,High,2026-04-12 23:48:41.012629,v2.1.0
50abe4e2-4ff7-4a3a-807a-cc7c497ea120,CUST00008864,557,High,2025-11-10 12:24:14.426068,v2.1.0
ceff6035-81bd-4b45-a20b-424d729f1de2,CUST00007815,462,High,2025-09-10 21:12:31.931411,v2.1.0
40058b58-91c3-4088-8172-198509c79368,CUST00004337,300,High,2026-01-01 10:24:08.099432,v2.1.0
19b91504-a911-4b9d-bacb-f843da1ad41f,CUST00004044,822,Very Low,2025-09-09 18:44:20.261717,v2.1.0
20f67401-e68e-44ad-8358-b3f91f3336d9,CUST00004581,514,High,2026-05-29 14:09:54.482209,v2.1.0
ba739696-174c-4c23-aad7-499e11a6aba5,CUST00006543,564,High,2025-08-28 09:45:27.196096,v2.1.0
80286250-228a-4eeb-bd82-aabdd0966067,CUST00008876,668,Medium,2026-07-07 04:29:05.494041,v2.1.0
b6a2bc4e-848e-4f9c-8b79-0a73ab4a5c1c,CUST00003160,550,High,2025-12-13 08:11:40.854204,v2.1.0
770194b5-9b1b-4ea0-aa78-91227d2e8983,CUST00004035,372,High,2026-01-24 02:09:55.457823,v2.1.0
989b32ac-d9fd-4a74-8a88-48789892c7b5,CUST00005163,514,High,2025-07-19 06:08:15.686139,v2.1.0
f7b054df-00b1-47e8-aeab-830942627a6c,CUST00004657,560,High,2025-12-29 11:23:55.388760,v2.1.0
682c7ad5-ef46-430e-baa0-0bfd7e52d512,CUST00006901,498,High,2026-05-17 23:29:49.413447,v2.1.0
f4feb363-332c-4c62-a418-1328575d44be,CUST00000618,552,High,2025-09-01 19:54:49.650884,v2.1.0
5834da43-16a0-4740-9988-d04c03e94e60,CUST00006467,309,High,2025-12-29 00:36:50.611292,v2.1.0
9ff72f82-3773-4338-826a-c23ba910f547,CUST00002067,489,High,2026-07-06 23:56:19.751815,v2.1.0
97add84b-a0ad-4477-8e7a-5c56cd3fc97d,CUST00002141,624,Medium,2025-08-22 12:05:44.415847,v2.1.0
85adc524-aeaa-49d6-b600-fcdaa7a4c20d,CUST00001720,474,High,2025-10-05 18:18:06.099311,v2.1.0
553aedc0-26c7-4e66-ac91-4424b8e84ff1,CUST00002847,478,High,2026-07-10 11:51:59.008844,v2.1.0
8d6605a0-137c-489f-b855-d729b3c8cb11,CUST00003792,300,High,2025-12-18 09:04:11.542066,v2.1.0
e4a0ac20-4d90-448d-b554-4feb10c17635,CUST00002421,435,High,2026-02-02 08:46:03.920859,v2.1.0
9e70d4df-69ca-4d9b-bfda-1d40f93e72de,CUST00001776,671,Low,2025-09-16 13:54:31.290940,v2.1.0
cbc11be6-07a0-4690-aee1-166a54127137,CUST00000250,502,High,2025-12-02 19:28:38.051406,v2.1.0
3f34b995-dea4-43eb-a5ad-540e8cf5cc0e,CUST00003672,421,High,2025-11-22 01:08:28.933523,v2.1.0
c7f6f97f-f340-4cdf-be50-3a9f6309a917,CUST00006494,402,High,2026-06-30 18:12:50.811772,v2.1.0
3bd7da6b-d550-4d17-8edc-1a20d25d7feb,CUST00007820,595,Medium,2026-07-07 19:59:09.808918,v2.1.0
ded717c6-a36f-4f7c-9dea-dd1a5f79e920,CUST00006946,522,High,2026-02-13 14:18:59.911505,v2.1.0
79f9157a-2825-4f1c-ac64-aaf6ce31fe3b,CUST00004933,381,High,2025-07-23 03:52:47.417609,v2.1.0
3a63dc64-333b-4f63-acc8-41c9670c02ba,CUST00004852,514,High,2026-05-11 03:18:05.089859,v2.1.0
f464307c-ff87-4b0b-ba26-768ad729e75e,CUST00003637,549,High,2025-07-23 19:50:08.592716,v2.1.0
6064396e-cbbe-41a3-a69b-68e14b5758ed,CUST00004077,459,High,2026-06-10 09:46:07.392410,v2.1.0
ada1c005-0b59-44c3-9872-1b018cd5c826,CUST00004130,397,High,2026-01-17 07:03:55.108876,v2.1.0
e731b216-a740-4a3d-b40a-b3e5bf53d057,CUST00004537,313,High,2026-05-30 20:27:59.799264,v2.1.0
25e90a21-a0f0-4bc9-a58c-5a8c260d767b,CUST00001658,300,High,2026-03-30 07:57:11.559315,v2.1.0
b07b6228-d785-460f-8245-e528f508ac4a,CUST00008504,300,High,2026-03-11 22:06:39.487679,v2.1.0
64eaeaa8-defe-49cd-abe3-93200aa55b63,CUST00000068,300,High,2025-12-31 11:04:17.251665,v2.1.0
fad54a9f-224d-4239-8ed6-11fdd6815fc6,CUST00007155,300,High,2025-12-14 19:15:33.247470,v2.1.0
91b4ccdd-8141-4f70-bf91-d6ce2be20066,CUST00007539,487,High,2025-11-23 13:18:21.510154,v2.1.0
4c255f3c-3b66-478d-8003-80e241a68bc0,CUST00004276,760,Very Low,2026-02-01 01:02:33.418119,v2.1.0
adc5f20e-0bff-4c3b-8ace-35bd36dc7091,CUST00002373,402,High,2026-01-24 23:53:16.981194,v2.1.0
0b6eb533-860f-402e-9e21-6a9e38d2a822,CUST00006399,564,High,2026-04-23 08:25:28.551061,v2.1.0
65fc480d-c11e-4e4a-8fc8-9407fd777385,CUST00008314,305,High,2025-08-28 07:46:07.710213,v2.1.0
5e88f299-9242-44a1-8260-99701e1c71b0,CUST00006197,542,High,2025-09-20 03:02:54.829702,v2.1.0
ee2d0366-cdcb-442a-8c6c-13e5855f8014,CUST00009018,599,Medium,2025-12-21 09:00:53.611282,v2.1.0
83258606-6ff1-414b-9369-e01af0cdbe36,CUST00009243,850,Very Low,2025-09-20 12:31:38.883396,v2.1.0
14faadad-b230-48b4-b28f-ec286bf00292,CUST00006272,666,Medium,2026-02-20 04:35:08.801117,v2.1.0
c516070d-dcfd-4c0f-ad7d-dc7e6126cebb,CUST00004389,439,High,2026-02-01 03:38:09.877033,v2.1.0
2249681d-d939-4fb5-bffc-8c2751cac8a0,CUST00002070,629,Medium,2025-12-04 06:35:58.047394,v2.1.0
81fb17e6-636f-4a7d-9af4-74109fc16d9d,CUST00001061,411,High,2026-05-22 13:46:37.788746,v2.1.0
f9d253ef-3521-41ab-b034-5467d4ab10e6,CUST00009120,655,Medium,2026-03-26 09:34:36.278498,v2.1.0
840e61d9-1d2b-4cf8-8453-e882d91a79c8,CUST00006325,638,Medium,2025-12-24 16:52:17.300485,v2.1.0
0c35145c-bf74-4580-a437-b538e932aaa5,CUST00000888,378,High,2025-10-29 08:47:38.804339,v2.1.0
92343ec6-2994-4a26-92c3-ac2608b447d1,CUST00005284,534,High,2026-03-01 11:58:42.102720,v2.1.0
b47103a7-4221-4d96-a065-e1dd99d91087,CUST00009886,352,High,2026-06-20 19:25:24.795115,v2.1.0
3a01d965-054a-4a83-9dd7-286c0da1885a,CUST00002931,748,Very Low,2026-05-26 22:08:21.512208,v2.1.0
3bdad906-d1b5-4994-b8be-5cabee732303,CUST00009815,850,Very Low,2026-07-16 11:01:19.396316,v2.1.0
16e50a68-4bed-4a84-83e3-bb7df74c1e16,CUST00006345,639,Medium,2026-05-08 06:34:53.319378,v2.1.0
fc750007-97df-44a1-9ccc-d14e7240c459,CUST00002816,601,Medium,2025-08-24 19:53:54.126216,v2.1.0
d4abbb18-5fde-42b9-ba7e-c2dab13a30b3,CUST00006492,356,High,2026-03-12 04:21:36.566698,v2.1.0
9f155f11-6f24-4114-ae40-93ef7a3f3c79,CUST00007730,493,High,2026-02-27 23:53:50.853822,v2.1.0
5cabce4a-2ed5-4362-afe3-9cc7528f58cd,CUST00009445,525,High,2025-12-15 03:05:08.785833,v2.1.0
0acc40ec-68fc-457f-9bd1-f1213321eb22,CUST00007106,450,High,2026-01-15 05:16:24.296270,v2.1.0
d1652032-5343-4b28-bc30-7752fea3e441,CUST00003072,709,Low,2026-04-18 11:21:47.867093,v2.1.0
49454d8d-eaa1-4e2f-816e-1e7de7df4128,CUST00006517,444,High,2026-06-21 13:46:22.902952,v2.1.0
032e8500-286e-412d-a041-ff8394b59cab,CUST00002059,722,Low,2025-08-23 07:52:16.977170,v2.1.0
299310d9-d08f-41bf-86cc-72ea02eefede,CUST00002071,335,High,2025-12-27 02:48:37.377022,v2.1.0
70b1850c-4ec1-4401-8c72-a4f9975cc21c,CUST00007821,647,Medium,2026-02-15 04:51:39.699752,v2.1.0
4d85b381-5f77-41c0-a82e-9a2e0500fc0b,CUST00003904,551,High,2025-07-29 19:58:56.034617,v2.1.0
80dddec5-410d-4fe4-8b36-84436ad0d869,CUST00000114,493,High,2025-10-31 19:08:23.484388,v2.1.0
a93455f3-665e-47d9-b8ed-dc1cb0dad6fb,CUST00006107,300,High,2025-12-18 13:08:37.494291,v2.1.0
41867d35-dcb0-4235-a2b8-fd27e0c841b9,CUST00004080,464,High,2025-10-07 07:36:50.466541,v2.1.0
952ab9cf-4326-49ae-b169-85f99a3b36d6,CUST00002993,616,Medium,2025-12-30 23:05:00.095482,v2.1.0
cb0ef3f4-0deb-4a84-bdfb-f43d0cc2b8fd,CUST00001060,543,High,2025-12-04 02:21:40.624391,v2.1.0
f3da4353-fd48-4bfb-b8bd-084c69b60475,CUST00001842,634,Medium,2025-09-27 08:08:27.808504,v2.1.0
4e708ce7-67c0-47fd-8261-d138b29121cd,CUST00009073,424,High,2026-01-05 10:04:55.401769,v2.1.0
8d00aa38-d552-4a8b-bfdf-d9f1f8db8004,CUST00002357,667,Medium,2025-09-01 08:43:22.926972,v2.1.0
4ed8d808-6d3b-47fb-9209-fab47f86ac7b,CUST00005394,300,High,2026-07-06 07:47:50.881831,v2.1.0
bac3eb82-c933-4282-bdd5-2f12f727aac3,CUST00000633,536,High,2026-06-16 18:04:06.902395,v2.1.0
d1d8350c-2379-40b5-8a27-45c86c3d12a2,CUST00005031,811,Very Low,2025-12-15 17:35:37.644279,v2.1.0
415e8f64-f2ca-4fa8-a54a-4c1aa1ed7b4b,CUST00001463,300,High,2026-05-13 13:29:38.453783,v2.1.0
771247fb-1cf3-475b-9cac-6084a7f71e17,CUST00004224,579,High,2026-03-31 23:33:18.918359,v2.1.0
7677c818-96f7-4c5c-aacc-0a29805f8585,CUST00000467,493,High,2026-04-14 14:40:36.351819,v2.1.0
af667fb8-c6d2-47f2-8705-5b59c566e0db,CUST00005175,448,High,2025-07-20 16:34:18.237153,v2.1.0
3e8e9090-1dec-4f9f-8f13-942338ac69d8,CUST00002634,577,High,2025-12-01 17:56:40.522826,v2.1.0
295b281e-d959-4cb1-b068-6f655f6f9090,CUST00007289,474,High,2025-10-07 16:52:53.129205,v2.1.0
63eaf713-1d97-439c-887e-58f5617c399f,CUST00007324,357,High,2025-10-29 11:54:54.896061,v2.1.0
fb906e3a-faf2-4412-9877-325303d0ae9c,CUST00001580,416,High,2026-06-04 04:19:55.957916,v2.1.0
9a3f2363-7ef8-45b0-b7ed-512946f3d88d,CUST00007078,544,High,2025-10-22 12:26:32.341607,v2.1.0
ea89c69a-209a-403a-8e4b-9b16dd6cbe23,CUST00002243,581,Medium,2026-05-20 03:51:28.743651,v2.1.0
b6ab2b6b-7a61-4108-aa68-75aa14c1730f,CUST00009242,667,Medium,2026-05-04 07:53:51.557003,v2.1.0
150cc59d-2743-49a1-abd5-9f91416357ac,CUST00001181,768,Very Low,2025-12-16 09:12:44.876334,v2.1.0
7a967aa4-f6f7-4dc7-8558-c6ec781d1042,CUST00009121,300,High,2025-10-14 03:18:54.664269,v2.1.0
ec5b570f-f6b9-4539-8287-66cd725e81e1,CUST00006055,427,High,2026-06-11 16:43:56.502147,v2.1.0
58767f03-9ee1-42a4-8cb9-c3c731fadb90,CUST00001445,333,High,2025-12-16 07:48:40.076710,v2.1.0
fe283053-7f29-4954-a787-8bccc089f14a,CUST00000392,534,High,2025-07-23 14:02:23.158036,v2.1.0
18ec1ffe-5a1a-4bb3-889e-02efb99d3f11,CUST00006528,652,Medium,2025-09-11 22:21:30.377674,v2.1.0
34cbf0ee-e861-4830-9207-7810216b90ec,CUST00003888,410,High,2025-12-01 15:51:28.110008,v2.1.0
a90ee7c1-92f9-4253-a3d3-4da1f24b4b99,CUST00004110,432,High,2026-05-12 04:57:52.549788,v2.1.0
a778d73e-bb3e-47ec-94a2-8ce5794034be,CUST00000380,601,Medium,2026-05-13 10:07:53.764046,v2.1.0
f546dd4a-fa1c-4fe5-817c-a2f4203e3ca4,CUST00003614,638,Medium,2026-02-22 00:53:12.255758,v2.1.0
1593651c-ce77-453d-b1a1-d6a1f3959bbc,CUST00002520,451,High,2025-11-17 07:13:29.713576,v2.1.0
153c860f-8372-48e3-a0a7-14a25b7b7396,CUST00000338,300,High,2026-07-03 05:40:42.613163,v2.1.0
48306135-a6fe-4788-b40f-dc8fd5a312a9,CUST00008362,300,High,2026-07-15 12:48:31.586102,v2.1.0
f9de0395-26ac-48ef-a78d-e15f269500ee,CUST00009182,384,High,2025-10-14 05:44:25.591683,v2.1.0
29739687-6a7c-450d-9e9d-2cccc0e28b5c,CUST00002605,755,Very Low,2026-07-08 11:17:22.123421,v2.1.0
133fe298-47ca-4305-b677-a94c12caedb7,CUST00001550,431,High,2025-09-26 06:43:18.486891,v2.1.0
225df492-941c-4afe-861e-59b2218487fb,CUST00006383,749,Very Low,2026-03-10 06:51:49.908831,v2.1.0
30827ab2-d34e-4cc6-992d-032c9c9d7a24,CUST00009455,300,High,2026-05-16 12:46:35.442773,v2.1.0
a7cb3b76-756f-427d-9102-cda5fb5720e2,CUST00005788,600,Medium,2026-05-06 14:11:16.208631,v2.1.0
36356440-d129-47a9-8dd6-2277b216ae59,CUST00007546,330,High,2026-02-13 23:13:59.000409,v2.1.0
c464693e-1e60-4454-aed0-b6d718eaa73d,CUST00007103,300,High,2025-09-02 23:33:16.223578,v2.1.0
608c8a85-b71c-4dc3-b729-79ef81fbfbe1,CUST00005649,617,Medium,2026-03-07 07:19:39.589105,v2.1.0
86219567-8299-4b4c-ac61-20f809a2d31e,CUST00000343,401,High,2026-07-09 21:10:18.740149,v2.1.0
f2b29a78-a731-4b4f-8b91-1b03c591fbda,CUST00008789,433,High,2025-09-19 08:40:15.053742,v2.1.0
b1809806-f227-49f0-891b-998a8e7bab9e,CUST00001839,300,High,2026-06-13 03:39:22.295693,v2.1.0
82024c82-5a12-4183-aa6a-78be4b501adb,CUST00003886,709,Low,2026-01-22 20:14:01.189957,v2.1.0
bf6d6a5e-f2e0-454d-ac24-f0d0ed06addc,CUST00001348,581,Medium,2025-12-24 16:03:51.406995,v2.1.0
fb045db6-e988-4930-bf96-faf5aaa5227b,CUST00002636,505,High,2025-08-23 06:46:59.257165,v2.1.0
90799b1f-aa94-45be-8e08-3b2e1944df1c,CUST00002543,493,High,2026-05-06 12:47:17.483233,v2.1.0
79c504d1-14fe-457e-b6fd-4089fa0467b5,CUST00001605,485,High,2026-01-18 02:06:11.494692,v2.1.0
e8474b8e-faca-4ab2-9553-dbfc57e0959f,CUST00008054,509,High,2026-03-05 12:58:04.097500,v2.1.0
fd36f913-7f03-4d35-91fc-d01d10a66438,CUST00001043,802,Very Low,2026-04-30 08:43:42.744128,v2.1.0
5b4a4443-7252-438c-8255-33349fd28419,CUST00006650,300,High,2026-05-21 19:42:43.080081,v2.1.0
f0ec8575-b788-4493-87f6-7533fe09ebdc,CUST00009518,581,Medium,2026-03-04 00:49:45.557433,v2.1.0
6592001d-35f9-42a0-a2f8-ee7ce4283fd1,CUST00000414,495,High,2025-10-20 23:01:18.283968,v2.1.0
36922098-ba1e-49b5-bae7-5b043d8c81f3,CUST00000436,544,High,2026-02-04 20:32:38.166914,v2.1.0
4514c342-c68d-4d4d-ae8a-2f90329dc6b1,CUST00005721,544,High,2026-06-29 09:59:10.028599,v2.1.0
77d14f1d-800e-43e6-a0d4-28d0a3ab0bf3,CUST00008370,628,Medium,2025-09-30 08:02:26.838933,v2.1.0
3059fd10-7b82-42d1-9a67-776cef244470,CUST00000926,837,Very Low,2025-08-20 23:26:56.825951,v2.1.0
15456b28-f91e-4073-84df-76c9b52ecce0,CUST00002782,524,High,2025-12-24 16:14:05.243292,v2.1.0
f7c6c2ef-ebbe-4ad9-9c4b-13452c71dca6,CUST00004896,695,Low,2026-03-04 14:38:30.912191,v2.1.0
1a7dd5d6-953d-4d96-959f-f713e15e5d47,CUST00007738,749,Very Low,2026-02-19 14:31:43.840650,v2.1.0
5a6e7786-4156-4365-b804-6b17179eef5e,CUST00003879,306,High,2025-07-28 01:45:20.829492,v2.1.0
66b46fe2-f50c-45cf-b448-84ac484509e1,CUST00005492,304,High,2026-04-02 08:20:51.313136,v2.1.0
407467a3-ab9e-444e-9638-8921020ade13,CUST00006906,845,Very Low,2026-06-19 03:36:59.254581,v2.1.0
9fb78996-1443-4527-b3a4-74e0a96b2bba,CUST00007001,585,Medium,2025-08-15 16:24:28.125963,v2.1.0
097d5204-be72-46db-a595-9843366dc249,CUST00000320,413,High,2025-12-04 13:58:33.868852,v2.1.0
b287cac9-2f5a-4ecb-a476-58827b332b20,CUST00006678,669,Medium,2026-04-15 01:04:40.536088,v2.1.0
8af7b9ad-68ba-4996-9d1e-010cf34fc183,CUST00008348,708,Low,2025-09-03 14:15:34.248254,v2.1.0
a03c95ad-e37e-4cd6-a372-439e7c61ca58,CUST00002108,680,Low,2025-12-30 14:59:13.724298,v2.1.0
c5159a2e-7965-44d1-b250-f40e1aa645ed,CUST00008522,421,High,2026-03-05 13:30:00.340118,v2.1.0
a1906e61-6008-4539-a521-e9695493d298,CUST00005944,396,High,2025-11-25 17:06:45.954638,v2.1.0
73738b70-b993-4508-acfe-a8e9f15f9ef5,CUST00008541,623,Medium,2025-10-13 11:15:05.213902,v2.1.0
494f4155-c057-432b-9a01-23d4da68afd9,CUST00002952,300,High,2026-06-10 20:45:49.857156,v2.1.0
5c3b5470-b55b-4ce0-92ec-fe7ad0f99b93,CUST00002097,357,High,2025-11-03 08:39:30.145220,v2.1.0
1f90229f-7261-4f8f-b3db-6e9da2244986,CUST00000474,495,High,2026-01-29 11:14:44.870794,v2.1.0
20b12a1b-21a1-4b60-9e4f-854b6688ae42,CUST00000915,529,High,2025-10-15 11:44:53.912347,v2.1.0
ad993d80-81f8-4ebd-bebd-0400dc5ee4fd,CUST00009491,305,High,2026-04-28 19:27:12.733059,v2.1.0
e5e358c3-e14f-4c29-9213-e4d41e172164,CUST00003911,771,Very Low,2026-05-01 00:13:00.501431,v2.1.0
626abaad-9914-4f19-aef3-f7eca458fdc2,CUST00008418,321,High,2026-04-25 06:58:28.876566,v2.1.0
dc295f49-dc45-4bd5-a915-9952655f7428,CUST00003726,300,High,2026-03-15 16:48:06.051739,v2.1.0
a88d6471-b608-4449-8266-00dc377246a2,CUST00005505,343,High,2025-10-26 08:10:57.389823,v2.1.0
89133203-2572-454c-adb5-029550df6a90,CUST00007130,521,High,2026-06-24 09:40:52.433648,v2.1.0
68062519-43e7-4ab6-bef9-afb01913da0a,CUST00000862,390,High,2026-03-04 01:52:40.605042,v2.1.0
a9a605d4-a175-499c-9da9-3548f592798a,CUST00001386,375,High,2026-03-08 01:51:01.449248,v2.1.0
5b93a69b-0235-47a7-be26-3a58a39cd1e3,CUST00001092,455,High,2026-02-14 12:23:24.398127,v2.1.0
f7263a10-948c-4d74-ba66-7546097002fe,CUST00001459,403,High,2025-08-24 16:27:18.345210,v2.1.0
bd838afe-e6e4-48cb-aeed-0cb2df477a09,CUST00009981,597,Medium,2026-01-01 14:30:37.364818,v2.1.0
a39a5886-6a69-4990-98a0-951e484efaf5,CUST00004671,599,Medium,2026-02-20 13:22:28.587620,v2.1.0
7f81b7a1-5260-4396-bbec-feadb221edc7,CUST00007541,300,High,2025-08-26 00:30:54.683259,v2.1.0
5eb7985c-f705-461e-9395-b1e0e804094e,CUST00006827,446,High,2025-10-29 01:54:36.533480,v2.1.0
5f812ed5-333e-4ff0-aac4-ad0835caa814,CUST00006703,850,Very Low,2026-06-09 15:47:52.137437,v2.1.0
d82a7895-b61c-4770-afe3-9a18d60575b6,CUST00003771,330,High,2025-08-20 19:10:08.745848,v2.1.0
2453f862-f24f-467d-b4eb-8d60f5288c34,CUST00009480,451,High,2026-01-14 10:20:25.599394,v2.1.0
939f8d6a-142e-48a5-8280-17a0b8ae926d,CUST00001640,665,Medium,2025-11-26 21:49:44.751817,v2.1.0
a1eff7a0-0fde-48a0-aa90-feb9e06a0390,CUST00006269,318,High,2026-05-20 02:22:58.015112,v2.1.0
01287b8d-5928-4122-92af-45c9e653de8f,CUST00000327,420,High,2025-12-07 15:34:04.011642,v2.1.0
fa96b509-b8bc-4a4b-8f30-f6e654d821d0,CUST00006873,572,High,2026-01-13 06:13:08.633074,v2.1.0
888fcc1c-42c3-4f35-93ee-7bc12e2d6546,CUST00004440,571,High,2025-07-25 22:22:35.255472,v2.1.0
d431e770-39ed-40d1-b6fa-97dae486105e,CUST00003713,300,High,2025-08-13 18:51:22.451293,v2.1.0
7f7f71a5-b3dc-45b7-b3a8-622a7a7aec91,CUST00007846,363,High,2026-07-03 06:10:28.096683,v2.1.0
79a157fa-77d6-4e00-8f81-e2d0c106f187,CUST00003303,683,Low,2025-08-14 18:50:44.256821,v2.1.0
72d950d4-79f5-4923-b5f2-bbeaf0762bba,CUST00004307,516,High,2026-03-25 22:55:58.656606,v2.1.0
87d4ea68-784b-43f0-a276-8bc9bf5f831c,CUST00007440,698,Low,2025-12-01 23:17:48.069595,v2.1.0
d7390bc5-77ff-4ac8-9e47-3f917ec3b6fc,CUST00003538,700,Low,2025-11-09 10:43:02.036250,v2.1.0
bdda2c99-815c-489c-b139-dd79358cf686,CUST00007554,717,Low,2026-06-14 15:52:04.041659,v2.1.0
d52a2e23-418f-49c6-9e71-0fd019f969f9,CUST00008934,393,High,2026-05-09 05:27:14.076964,v2.1.0
9bd35e91-aa5c-412b-9e5a-d2650587cbb7,CUST00006843,300,High,2025-09-21 14:02:49.227029,v2.1.0
f41b252b-676e-4fac-bd11-9153c0aeba78,CUST00003894,380,High,2025-07-21 14:47:39.505884,v2.1.0
fa92731a-2071-4f39-87e8-df9dbd294b45,CUST00000645,614,Medium,2025-09-21 04:08:50.192740,v2.1.0
efab0e9b-e4fb-43b3-a5b4-06ad948bb733,CUST00007073,610,Medium,2026-02-10 02:40:07.253193,v2.1.0
b436cc1d-3cdb-44b7-8bb6-219bfbb73061,CUST00002755,643,Medium,2026-02-24 11:41:52.228502,v2.1.0
2777da60-da07-4b93-ab84-cb03ce8acf6c,CUST00009962,379,High,2025-07-29 09:35:39.293902,v2.1.0
a19684db-6cc7-4a52-ab76-31cd8a159e11,CUST00002950,435,High,2026-07-09 08:33:04.597647,v2.1.0
209ee15b-fd4b-4c9b-9ed4-b3e2165fe0ed,CUST00002192,408,High,2026-07-15 20:47:22.507220,v2.1.0
ec022c94-3cc8-4a9b-9702-c1a0f14ab57f,CUST00008435,560,High,2026-01-10 15:45:16.444249,v2.1.0
85191ba9-43d4-46bf-9af0-abe62139a6bb,CUST00008838,498,High,2026-02-27 04:07:38.574672,v2.1.0
7f623aa9-983b-433a-abe5-3c2981ebdebd,CUST00006380,304,High,2026-02-02 12:14:37.554215,v2.1.0
2da5f036-7143-45c5-afab-e06c76fb927a,CUST00004463,611,Medium,2025-09-13 18:18:01.770278,v2.1.0
55cddf86-9cc3-4cc5-b621-6e6049adcbc5,CUST00009569,463,High,2026-04-14 19:26:36.025100,v2.1.0
b68e42a9-200b-475e-be71-ce82b39c4dcd,CUST00006351,469,High,2026-06-21 08:06:45.769549,v2.1.0
17b6380d-c760-49e1-a065-c757881582af,CUST00002108,446,High,2025-09-26 08:20:31.947701,v2.1.0
9afdbc33-b386-4415-8a4e-5a05e8092b1e,CUST00001299,507,High,2025-07-28 16:58:51.993715,v2.1.0
a8c36c76-ad3e-4a92-b877-4641bba6b412,CUST00000128,424,High,2025-07-26 07:51:14.609272,v2.1.0
d31a255b-b583-4994-aa82-ff6145a75439,CUST00004999,584,Medium,2026-01-20 19:44:18.058191,v2.1.0
693e32fe-29fc-494a-97f9-a1f3e0635db0,CUST00001433,453,High,2025-09-11 13:20:08.026123,v2.1.0
fe3a8fda-a139-48c0-8af1-76e9d327f9a8,CUST00008050,345,High,2026-05-30 12:43:07.103596,v2.1.0
61d78b3b-21f3-49ce-b9b9-0c3bdf42971a,CUST00006535,418,High,2025-08-28 20:06:54.033257,v2.1.0
e0b7eb16-5ac6-4359-b13e-d8fc41ed6407,CUST00008195,457,High,2025-10-05 03:42:24.557294,v2.1.0
cca2ded2-64b7-498d-87df-f7b3a991134b,CUST00008135,836,Very Low,2025-11-14 13:02:29.729927,v2.1.0
cff7b408-199c-4391-8be9-9a89dfc4ae31,CUST00004753,554,High,2025-10-06 04:16:48.377534,v2.1.0
674a4c37-deae-44c4-9fe5-1083e31e9653,CUST00005251,346,High,2026-04-09 17:08:07.096815,v2.1.0
e6a26efd-877c-47c5-b993-853615a509fd,CUST00002630,504,High,2026-06-26 04:23:23.484531,v2.1.0
fb2128a6-4ef9-48e8-aa79-5e25b4c10dd7,CUST00009463,369,High,2025-10-23 15:32:28.782492,v2.1.0
c474df7d-bfcb-43df-8a47-4f5c57c5b67d,CUST00008594,300,High,2026-01-09 19:16:36.104054,v2.1.0
b4eb98f1-5cb9-4104-85b5-31859ff979fe,CUST00008024,561,High,2026-07-01 01:41:12.291505,v2.1.0
1e4f32c3-d416-4eb9-9ceb-3c5000820b62,CUST00007356,631,Medium,2025-11-22 05:14:31.984637,v2.1.0
bb4e642b-73b8-4ae2-8b93-527f9e8141e8,CUST00004116,489,High,2026-02-04 08:11:53.834149,v2.1.0
78ecfb75-7f6a-4ea7-8a8c-2c58a2790fa0,CUST00006844,788,Very Low,2025-11-02 09:51:11.227271,v2.1.0
5888758d-3338-4375-a82d-44b670a66004,CUST00006464,300,High,2026-04-16 02:06:09.718183,v2.1.0
d198362b-f3a4-4feb-9d98-9e421264a738,CUST00007004,469,High,2026-01-14 23:59:08.525363,v2.1.0
3dc571c4-3bf8-44b4-a368-e0dbc98b811c,CUST00005094,531,High,2026-01-21 03:43:52.303811,v2.1.0
e80e718c-686f-42f2-a420-0fcaa41111d9,CUST00002206,476,High,2025-12-10 23:42:13.894057,v2.1.0
1fda5b19-367f-480b-ae2e-a3b1066c9348,CUST00003218,532,High,2025-09-26 10:10:26.632818,v2.1.0
3af99c6e-3203-4952-ba9d-d2d1f78cae96,CUST00007955,642,Medium,2025-09-19 02:01:42.767319,v2.1.0
ac9cfd35-a734-4a51-8e7a-7f7c25ef8066,CUST00002370,537,High,2026-03-25 20:29:15.778455,v2.1.0
8476a9e8-6496-49a1-8524-aacb985e2f0d,CUST00001378,600,Medium,2026-06-06 23:53:46.770459,v2.1.0
cd73ba3a-57a9-4333-89d0-2bee5e09477f,CUST00003943,624,Medium,2025-10-28 13:48:39.577188,v2.1.0
6e480d88-b33b-4505-bd6f-f86f4f38fb93,CUST00007427,386,High,2025-12-08 09:19:28.997401,v2.1.0
5a96282c-68ed-4ce8-b25f-7d26545bd31b,CUST00002213,620,Medium,2026-02-16 02:01:38.913036,v2.1.0
da204528-f8dd-4da4-bf94-49202f545958,CUST00002535,347,High,2026-04-23 20:24:49.560628,v2.1.0
aacb8957-328a-47fe-a63f-51c9651d158b,CUST00004732,610,Medium,2025-11-08 17:11:14.674469,v2.1.0
ce5ef39c-a7b7-41fd-875e-2f619b38d17a,CUST00001890,482,High,2026-05-03 22:47:34.104465,v2.1.0
328fe689-244a-4a28-af95-9f6980a90345,CUST00005088,480,High,2026-07-01 06:21:22.998887,v2.1.0
b79574ef-69d5-4564-970d-58b2afc0125f,CUST00008597,483,High,2026-01-12 02:07:23.993802,v2.1.0
6bb8562f-8567-4ad9-870d-9bfd32c07538,CUST00003113,477,High,2026-06-05 08:49:20.797901,v2.1.0
a093919b-5d23-4f89-ae52-b966722cc9e7,CUST00008674,450,High,2025-12-19 16:17:11.796338,v2.1.0
46c7c8e6-0c14-48a0-ac99-57778953dcc5,CUST00002063,495,High,2026-04-16 18:37:28.298313,v2.1.0
a4d36928-ebc0-4b89-967b-b78721314486,CUST00004551,630,Medium,2026-05-11 21:49:19.746182,v2.1.0
cc3eee9a-48cc-4fcd-a182-befcd217cacf,CUST00001379,548,High,2026-03-02 10:11:41.789127,v2.1.0
e4f06706-5561-429c-b382-6bff086b4c00,CUST00009534,484,High,2026-02-24 17:18:53.504704,v2.1.0
17e42d8b-17c3-41df-b011-1c41412b6a82,CUST00001636,674,Low,2025-12-21 17:09:41.235621,v2.1.0
00d19c46-0824-453e-95bf-b52599b2e7e6,CUST00006804,303,High,2026-02-10 01:20:16.464044,v2.1.0
76f8b41c-e012-4879-a7f9-0dc0b9df23a6,CUST00006250,453,High,2025-12-01 11:57:17.355868,v2.1.0
281f946e-74d9-4645-b12c-40e1a13251a7,CUST00007285,467,High,2026-03-05 23:59:23.507069,v2.1.0
9e35c860-e637-4399-890d-3dc5c0d92e5e,CUST00006697,707,Low,2025-08-10 09:14:58.176026,v2.1.0
c025e8e5-50d8-4837-ab0f-89f3e0e18cb9,CUST00004328,552,High,2025-09-16 23:58:19.208394,v2.1.0
57269364-eeb3-4ebb-8e86-8b863933fed8,CUST00001720,723,Low,2025-07-30 05:50:20.750822,v2.1.0
d45617a9-c53e-42fe-9074-bc88ee0ff856,CUST00007834,615,Medium,2026-01-20 16:20:16.859095,v2.1.0
7cf615b6-65ad-4a1e-9189-0c53151b18a4,CUST00007014,525,High,2026-02-17 06:15:42.763467,v2.1.0
10f1c79a-3558-46ed-b6c4-f9ca46068765,CUST00009156,333,High,2025-11-02 02:25:32.221549,v2.1.0
983ccbb8-5f42-4636-9543-8299bf605acd,CUST00008635,599,Medium,2026-05-15 20:26:30.067557,v2.1.0
7ed5670d-e04b-4e59-b902-16a3057b1ea6,CUST00008561,300,High,2026-03-10 12:40:51.352133,v2.1.0
32f390b5-01b1-4d40-b8fd-af72a55d443b,CUST00004713,552,High,2026-07-05 10:08:18.828985,v2.1.0
d4859ab7-6e53-4716-aacf-247dd88b7c3c,CUST00004721,537,High,2025-11-23 13:40:30.519859,v2.1.0
11d66edd-db23-4c7f-8399-e55014312379,CUST00004405,669,Medium,2025-07-28 20:21:12.109575,v2.1.0
686236e6-67dc-408d-9ed0-0b650afe08d2,CUST00000457,371,High,2025-09-21 14:54:15.479686,v2.1.0
610a5cb1-ab01-4abb-a068-262af99ba831,CUST00000439,629,Medium,2025-11-12 18:27:09.240783,v2.1.0
485c9a32-6cbe-4927-84e6-68b32b7b7747,CUST00003318,615,Medium,2026-05-02 18:42:53.026937,v2.1.0
a46dce6c-a147-4daa-8521-4d4164f8f6db,CUST00001202,745,Very Low,2025-11-25 13:48:34.271156,v2.1.0
c2ce5953-90ee-4ce9-98db-5b2642e5ab81,CUST00003732,434,High,2025-08-13 10:39:16.754714,v2.1.0
88f917d1-db19-4a1b-ab4d-c5b7a97e44f7,CUST00008769,499,High,2026-03-14 20:36:48.243087,v2.1.0
534e6d51-f19e-487c-8ed2-e907449307f1,CUST00001118,502,High,2025-11-30 18:27:23.723235,v2.1.0
554dab23-8b0e-4872-8232-290a4247577d,CUST00005627,396,High,2026-04-28 14:56:39.973133,v2.1.0
6992e39c-5ab1-4675-a2ee-66f89c9b9c0f,CUST00006135,693,Low,2025-08-31 13:59:27.579612,v2.1.0
a8ee7c67-c98a-4d4d-91b6-8aab1fc357a8,CUST00005232,460,High,2025-11-11 06:34:58.419189,v2.1.0
c3189738-c4ff-497d-add0-9a085e2ff613,CUST00006089,330,High,2025-07-21 21:27:45.746525,v2.1.0
c80a4748-1b44-4e59-9411-80f0d9468d23,CUST00007574,530,High,2025-11-15 00:41:49.490315,v2.1.0
c87a69c4-4b20-4647-95cc-c05715697798,CUST00001789,735,Low,2026-01-03 21:17:12.365211,v2.1.0
3abb9f24-bd10-4396-981a-d06909bb51d7,CUST00008832,675,Low,2026-05-04 08:47:05.469735,v2.1.0
c8a1c14b-9be1-4bb4-b8f0-fd9dff3406de,CUST00001562,514,High,2026-06-11 04:04:51.316447,v2.1.0
7df6fdd7-e0f1-4923-807c-9f63f4a25606,CUST00007314,676,Low,2026-02-08 01:06:48.619519,v2.1.0
120c7869-2b13-475f-b500-01ae0c9a5ebe,CUST00006789,482,High,2025-12-05 17:54:14.705854,v2.1.0
ac38e638-e722-4c9e-a11e-31a59ca0b21c,CUST00000654,527,High,2026-02-22 17:09:29.032473,v2.1.0
da820d5a-5411-440a-8fa7-25d9bcd0a60e,CUST00002167,300,High,2026-01-26 11:45:44.143891,v2.1.0
4e5f2377-5851-4988-92ae-9fc270d85135,CUST00006079,300,High,2025-08-24 12:04:50.381007,v2.1.0
0b56e96f-9433-4a1a-b4c0-6cbc79230060,CUST00000305,527,High,2025-10-27 11:12:47.115733,v2.1.0
c4f8a4bd-1841-46c4-8424-76c79e188d89,CUST00004525,613,Medium,2026-02-24 22:39:02.849848,v2.1.0
c579f4ab-4cb7-4d8a-a905-cd6105ad95ac,CUST00003637,522,High,2026-06-05 13:13:47.216202,v2.1.0
ceb1afe1-d93f-41bf-be17-a2b97134bf0f,CUST00001795,555,High,2026-05-27 23:41:41.128761,v2.1.0
cbb3191d-3bcd-47b9-b721-5da759f5bb2c,CUST00001585,626,Medium,2025-08-14 05:47:52.396622,v2.1.0
4bfda0a4-d4e0-41cb-ab09-a3c90f8d4527,CUST00007866,509,High,2026-06-08 22:47:07.819253,v2.1.0
b88a4b88-a29c-406a-997d-191ce14de904,CUST00002302,449,High,2025-12-18 22:52:02.851253,v2.1.0
9a180017-844f-49e9-9502-72bd233dc88e,CUST00000604,764,Very Low,2026-04-20 02:35:06.739515,v2.1.0
beadac76-b8fa-4197-afce-e1b95001545d,CUST00006350,300,High,2025-11-10 23:31:08.536624,v2.1.0
fccac294-3054-4146-8dbb-6fbee28cfec9,CUST00005838,787,Very Low,2025-11-11 20:00:51.791294,v2.1.0
4ad6f5a7-8806-46d7-a838-604d31eaf39c,CUST00002370,317,High,2025-09-27 21:50:31.429937,v2.1.0
539a8cd1-e013-4227-9425-e5af1820f56c,CUST00003086,508,High,2026-05-07 02:24:11.968098,v2.1.0
cadccb77-1596-40ac-8107-b3582688e6d1,CUST00005123,680,Low,2026-01-16 00:57:41.966682,v2.1.0
f3a3927d-10a0-4c8f-926e-b8090a4fd647,CUST00006253,300,High,2026-07-14 14:17:09.444052,v2.1.0
1fe6cbb8-08f6-4ca3-9fd2-5d7c313316fe,CUST00001235,300,High,2025-12-18 18:22:17.568249,v2.1.0
1ef99f4e-eb9a-478e-8518-94d3640ef5f1,CUST00000491,850,Very Low,2025-09-01 05:40:24.914491,v2.1.0
2148c29c-7a90-4cd1-9202-400c137c6514,CUST00008995,326,High,2025-09-18 10:04:36.248226,v2.1.0
cfe92d73-6ff4-4834-9211-a85a773d5c4f,CUST00005056,300,High,2025-11-14 07:12:45.497784,v2.1.0
a188b308-ed1b-408f-8c8a-bffad1400425,CUST00008699,352,High,2025-12-04 17:56:38.626488,v2.1.0
f9bf9b33-20ae-4f20-9c23-dcf9beff6180,CUST00001956,300,High,2026-02-13 10:36:43.677029,v2.1.0
78b612c3-d63a-4d5c-b2f3-5d46833c9bf6,CUST00007948,422,High,2025-10-30 00:28:19.651142,v2.1.0
fd0a5c52-5824-4181-bd7a-a53b371f57cd,CUST00008203,762,Very Low,2026-03-10 00:08:02.236678,v2.1.0
1ed9be24-14e3-4a7b-a5f4-7f09b157495b,CUST00001637,428,High,2026-05-26 14:18:03.471567,v2.1.0
42354324-7920-45e0-b140-1154e8e34307,CUST00001082,392,High,2026-07-13 18:04:52.717756,v2.1.0
e0da0a3c-08ea-43f0-addb-27d4d606607c,CUST00005332,389,High,2026-06-15 21:09:07.004328,v2.1.0
396b42e9-c585-4129-9a1d-3f20e22d2c81,CUST00000619,570,High,2025-10-29 18:35:22.073849,v2.1.0
f8042c3e-f91f-418e-8888-99d4115aae98,CUST00007951,629,Medium,2026-05-21 07:32:46.659269,v2.1.0
f7bfd6dd-577b-443e-9ef0-0df8a868ee26,CUST00005164,300,High,2025-12-12 00:50:58.755471,v2.1.0
39bace03-86a2-4b90-b6f4-0483975ade6b,CUST00007725,476,High,2026-06-10 02:32:00.824404,v2.1.0
6c8316b1-8511-48eb-916f-35cc455d060b,CUST00001282,473,High,2026-06-18 05:10:36.817423,v2.1.0
170ef0d7-69f0-4b6f-87d7-cdcdf45dbcff,CUST00003688,465,High,2025-08-01 04:49:32.228364,v2.1.0
77f81b5a-b55d-4597-823a-d5493b9d2786,CUST00005121,808,Very Low,2026-03-10 09:51:20.484368,v2.1.0
fe1d433f-5f2a-4719-b085-09cd9b8dc23d,CUST00004013,436,High,2025-08-12 06:43:30.160434,v2.1.0
3fbc8186-355f-4995-aa4d-ce5b0e66f6de,CUST00000412,430,High,2025-08-21 15:42:15.977968,v2.1.0
cbe34946-afac-4dc2-9682-54aaa981a0f0,CUST00004501,553,High,2026-05-07 00:32:44.780145,v2.1.0
5dfce94d-2a96-4c87-8f3e-6ea2e73def66,CUST00009640,624,Medium,2026-04-08 01:46:30.112510,v2.1.0
0429fa28-f639-4213-adc5-226a278e2676,CUST00009714,780,Very Low,2025-10-26 05:37:45.584681,v2.1.0
83e54b3b-4ec0-44e1-8101-0b73f1547628,CUST00004856,583,Medium,2026-04-19 04:35:33.284763,v2.1.0
23f0ac07-2c85-48fc-b4c7-144d394170ff,CUST00001848,671,Low,2025-12-11 03:13:45.728132,v2.1.0
5ca27425-70b4-4de8-8711-3a0e7b98b381,CUST00009250,727,Low,2026-02-06 03:36:57.102154,v2.1.0
6234decc-d8df-4205-a37a-3937f291821d,CUST00006720,552,High,2025-11-09 07:07:15.105468,v2.1.0
d3d5be3e-a214-4e4b-95ff-e1c8177bc23d,CUST00005277,578,High,2026-02-26 13:21:46.004550,v2.1.0
330ab7fc-7adf-4757-b953-44cf7d1262b3,CUST00008044,446,High,2025-12-08 13:43:16.817714,v2.1.0
7f7f8446-7782-46b0-8b93-0769c7897105,CUST00009089,391,High,2026-03-29 06:52:52.755054,v2.1.0
2b8bec46-2af3-457b-82e3-a536ea10653d,CUST00000600,608,Medium,2025-12-30 22:39:40.997278,v2.1.0
49b823f5-4696-4ce6-9bc8-ba2e3ffc88b1,CUST00007883,553,High,2026-05-23 21:09:53.125674,v2.1.0
63239a38-17f8-4739-9645-36f02160c327,CUST00002385,333,High,2026-07-06 03:44:01.991446,v2.1.0
c38e4d39-2fae-4be9-a50f-f182fe69dd2e,CUST00007334,591,Medium,2025-08-31 06:11:01.302988,v2.1.0
9c2d7a8b-b0f8-4d98-87a5-5eaa15700e23,CUST00009342,372,High,2025-12-01 11:28:40.548159,v2.1.0
0973af0b-dc57-45e3-9db8-71c0a9b7e534,CUST00007305,558,High,2026-02-28 14:56:42.091620,v2.1.0
9172ea26-1df0-43e7-9adc-5a2b48f59006,CUST00001407,659,Medium,2025-07-28 14:38:24.422292,v2.1.0
ae9c1018-bd16-4049-a18b-42d461b6ddf9,CUST00006970,677,Low,2025-08-04 09:12:37.439250,v2.1.0
62936ddc-40e0-4cc3-b062-ce1f578210d9,CUST00008644,509,High,2025-07-21 17:02:09.682913,v2.1.0
9fc86503-387a-4a7a-8bbb-e556072e3f93,CUST00005456,321,High,2025-08-25 07:30:04.342828,v2.1.0
b05cef32-e33f-4cc9-8267-eb7ecdf817ba,CUST00002873,333,High,2025-11-12 20:00:42.501856,v2.1.0
78c0a7d1-1012-4c79-9953-03ee9bed96b2,CUST00000720,758,Very Low,2026-03-26 01:14:02.335249,v2.1.0
4ae013f3-37a8-45d3-953a-7100fdae7a46,CUST00001184,664,Medium,2025-12-24 00:59:41.444274,v2.1.0
fffe2046-dc14-46e8-95a3-b6b6c5455531,CUST00007357,300,High,2025-09-18 01:45:51.737985,v2.1.0
5498948c-e0b6-4473-a101-9fee2cfdd123,CUST00009155,418,High,2025-09-25 17:34:00.976298,v2.1.0
208769a0-9b88-4eaa-8ef0-7db929e3ba85,CUST00009051,657,Medium,2026-06-12 11:02:45.828572,v2.1.0
d5a507aa-7d9d-44fb-9f2f-d812e30736ff,CUST00002516,594,Medium,2025-11-29 15:24:59.036612,v2.1.0
e95ae73e-df3b-4770-bdd3-1153a2b04f77,CUST00005294,404,High,2026-06-12 16:20:29.204777,v2.1.0
2850406f-3f60-451f-bfea-4ac80a2779e3,CUST00001786,444,High,2026-07-14 08:11:47.399510,v2.1.0
207c8439-3709-41b4-be17-2ab0ffc7bc95,CUST00005058,447,High,2026-06-24 02:05:38.900251,v2.1.0
1b44cb7e-4148-42ab-af13-7f2177318b08,CUST00003013,518,High,2026-05-30 22:43:01.174459,v2.1.0
a8f2a86d-24bd-4d43-be0f-256f4875d2d2,CUST00005637,352,High,2025-10-20 18:16:00.909155,v2.1.0
6518a264-42d4-4625-a8ca-44ff422253ec,CUST00005876,539,High,2026-04-30 14:32:16.700959,v2.1.0
c939493b-cbc3-48d3-a339-1189c98015c3,CUST00007839,397,High,2025-08-27 09:11:04.859422,v2.1.0
06b981a5-70f1-49c3-87c5-5e6042f565d4,CUST00003806,476,High,2026-06-28 20:21:05.326219,v2.1.0
70f89cb7-95e5-43de-89b1-ae9a34520bd1,CUST00000113,574,High,2025-08-14 07:42:31.112641,v2.1.0
41491752-9906-4386-a147-f92d15a9aed3,CUST00006909,385,High,2025-11-15 04:43:32.497444,v2.1.0
faf17f75-5ce5-4418-a66e-40f10c484068,CUST00001925,578,High,2026-02-26 17:07:54.959368,v2.1.0
00036203-c8bc-4371-9360-904968df3862,CUST00006274,414,High,2026-05-10 15:57:36.258842,v2.1.0
8a005d91-fa2f-401a-bab0-86393bf6ac72,CUST00001577,729,Low,2025-10-24 11:53:28.443280,v2.1.0
ef9ce1da-3b22-42e9-b2fb-983653b42c7d,CUST00002929,459,High,2025-09-18 03:03:16.181185,v2.1.0
970bc141-daeb-4fde-9e80-652f55f1c773,CUST00009505,387,High,2025-09-06 05:30:25.901072,v2.1.0
8a2bd05b-b911-4e8e-8e40-be8523ad2a2f,CUST00006418,431,High,2026-01-02 04:14:16.443205,v2.1.0
c4f0373c-16fa-4a9f-8f9b-6b8dba32688d,CUST00004260,680,Low,2025-09-02 00:55:24.385107,v2.1.0
828244b2-7dd5-4cb1-9e85-6d25fcc67d35,CUST00009831,300,High,2026-05-28 17:04:14.794410,v2.1.0
80ebf458-0014-48b4-8705-5be89226c88e,CUST00000398,406,High,2026-04-18 22:49:46.234284,v2.1.0
f6c9a2e6-c96a-45d3-8c6b-6567ae9798ad,CUST00009665,340,High,2026-06-07 04:08:05.125045,v2.1.0
87c39d09-2db8-447b-8f4d-04128a8afb16,CUST00002780,746,Very Low,2026-07-05 16:11:44.983792,v2.1.0
5ead284f-a4eb-40b1-b1ac-f22814ce7cc1,CUST00007019,300,High,2025-12-15 20:44:32.052908,v2.1.0
0e0d3250-6da6-40a8-b673-f207b22b5291,CUST00003485,447,High,2025-12-28 02:16:15.316850,v2.1.0
fdce0b2f-c56b-4272-bd62-c71378883b29,CUST00006193,495,High,2025-08-31 14:36:07.210248,v2.1.0
f830109e-fa2f-4886-81b5-f3d9f3f11af8,CUST00004613,541,High,2026-01-26 14:37:29.518926,v2.1.0
f24d25d6-70a3-4be3-b72c-be36853e128b,CUST00009703,504,High,2026-02-13 23:30:20.621209,v2.1.0
b215fa1c-20d3-4bb4-90be-04b0d9ab5fe0,CUST00006403,491,High,2026-03-16 10:25:55.485222,v2.1.0
fd8ef2c0-3922-4501-91b0-5ac8ded743d7,CUST00001335,361,High,2026-07-09 12:21:06.923799,v2.1.0
64c0631c-ea9b-4fcf-adb7-0df3745c0424,CUST00004545,596,Medium,2025-11-12 11:42:16.900742,v2.1.0
5851802c-3df3-49c4-8ff3-81ac4269702d,CUST00008557,442,High,2026-04-10 20:29:25.621487,v2.1.0
e0714cac-b694-41bd-8c4e-79e2f22a30d6,CUST00007354,428,High,2025-10-08 09:28:59.049678,v2.1.0
c3b3e68b-b707-4f0a-8f2f-4abdacd195b0,CUST00005081,461,High,2025-10-22 06:25:11.697315,v2.1.0
a1ff1974-3be5-4e62-a82a-8b9bf5fb5358,CUST00009345,529,High,2025-11-03 02:37:29.074788,v2.1.0
9d0437fb-f043-4704-8feb-a2a2cf14346e,CUST00007102,590,Medium,2025-08-17 03:39:42.048181,v2.1.0
9d2d044b-a8f8-4164-9ce7-f0ef3b480b37,CUST00009542,428,High,2026-02-06 21:43:02.808873,v2.1.0
6d28a2fc-1ec4-468b-86d1-f362ea8bd137,CUST00003632,561,High,2026-06-01 17:17:46.744339,v2.1.0
61f55995-e2bd-4c32-a2ee-36173b99cce9,CUST00008394,639,Medium,2026-03-15 18:45:25.800027,v2.1.0
d1004b70-246f-4797-b137-973dbd26468a,CUST00005370,326,High,2026-04-12 11:05:31.964408,v2.1.0
f7bbe6fb-6b94-4336-8e5f-e841c21fc172,CUST00006346,565,High,2025-10-01 02:42:00.328365,v2.1.0
78a9a5d8-6c43-4d99-a586-2b1f59996837,CUST00002388,511,High,2025-08-15 09:46:58.311884,v2.1.0
c1db7c73-aa3e-47b4-8f20-45e9e5a29348,CUST00009662,575,High,2026-07-07 20:10:03.152794,v2.1.0
f911a4c0-faf0-4fcb-8481-4509dbc34cd8,CUST00002278,736,Low,2025-08-08 22:11:32.551187,v2.1.0
0b8166bc-cfd8-4653-a017-b5494c37abef,CUST00008088,520,High,2025-07-22 16:59:05.201140,v2.1.0
dc67df09-37b8-4309-9449-63cec14c15ba,CUST00009121,300,High,2025-10-04 20:29:54.906963,v2.1.0
7e49024b-5d39-4474-af9d-6f69e49cff95,CUST00004589,646,Medium,2026-05-12 20:46:54.558195,v2.1.0
21b49c27-dcc5-4c1e-a7b0-27c28371ec71,CUST00005963,567,High,2025-09-24 13:08:45.723946,v2.1.0
7d7121cd-d52b-4900-a3b3-1dfb69537c57,CUST00009257,343,High,2025-08-25 02:13:59.497201,v2.1.0
ad1afd02-c67b-454b-8163-64fb99b57d15,CUST00005322,757,Very Low,2025-10-02 02:58:59.543497,v2.1.0
89ee0374-9b69-404b-9d8f-fefce7f186c9,CUST00005648,566,High,2026-02-18 14:17:26.556396,v2.1.0
35d553f2-cefa-4404-831d-04a0488145be,CUST00004042,426,High,2026-01-26 15:06:47.545576,v2.1.0
6c9c03da-c1ae-4f91-abd3-7aed97f41d75,CUST00002161,374,High,2026-05-27 10:57:03.799012,v2.1.0
4270110c-905f-463a-95bf-46cdade8aa09,CUST00002251,343,High,2026-04-21 16:09:42.733603,v2.1.0
638320bd-2fcc-4d27-9108-b98ded86d94c,CUST00003330,519,High,2025-11-08 19:17:37.763495,v2.1.0
82a309b5-ebcc-4abd-a0b6-396268460dc7,CUST00002446,589,Medium,2025-12-30 17:45:16.299672,v2.1.0
16e0e189-76ba-45b7-a436-0d7a5ab71d99,CUST00005485,498,High,2025-09-12 03:49:28.425179,v2.1.0
04443a9d-2c29-4a9e-acc8-4b1b28558b9b,CUST00004395,571,High,2026-01-18 04:19:58.352112,v2.1.0
024bd331-079b-47bb-9916-0493281b6d65,CUST00008161,480,High,2026-06-16 18:54:34.647805,v2.1.0
9f09b824-fa85-4ccc-b4e6-9408ff1fec71,CUST00008382,587,Medium,2025-10-05 19:43:20.147737,v2.1.0
25858038-f878-4cda-a809-ba570b4dd1a0,CUST00001341,442,High,2025-11-27 17:31:15.865224,v2.1.0
354a44e6-59b1-411c-824b-8e58b72a797e,CUST00009852,720,Low,2026-07-09 01:05:23.795436,v2.1.0
16be4d75-fbbd-45d3-ae02-16cfd4c39a64,CUST00007402,300,High,2026-05-30 21:20:55.627698,v2.1.0
7c1757e0-73b9-4549-990c-5a6afb7e7849,CUST00007839,300,High,2026-01-21 10:48:34.236775,v2.1.0
a25181df-8ebf-4fbc-a88a-3fbd73a6cf9b,CUST00004225,300,High,2026-04-28 19:23:03.649543,v2.1.0
974125c7-4e54-4b4d-b428-8d114f699ef4,CUST00002786,664,Medium,2025-09-24 13:27:43.116663,v2.1.0
c823c07a-945e-462d-a068-2039d13e39af,CUST00006014,431,High,2025-10-27 09:22:19.126624,v2.1.0
f3761930-a388-46a9-a29a-9aab0d2cdee4,CUST00004875,484,High,2025-09-15 21:12:45.079917,v2.1.0
388791ec-7d5d-46f7-b487-7819e505eeed,CUST00005708,511,High,2025-11-07 02:16:54.844391,v2.1.0
9a0bda75-aa05-4e39-9244-16832d3e65ad,CUST00009237,618,Medium,2026-05-31 14:38:24.225653,v2.1.0
60c5e2b5-f1e8-4a26-8b5e-17d4d49e39a2,CUST00000277,729,Low,2026-03-11 17:28:34.974841,v2.1.0
422e91b4-78d3-4e74-bd5c-f9e2e33e259d,CUST00008562,493,High,2025-09-09 17:00:48.252700,v2.1.0
61b737e3-e2f3-428a-8f75-fea0361142d8,CUST00003309,511,High,2026-06-02 22:25:58.310488,v2.1.0
2469e8da-4fcb-454b-bbda-9c4ef4dcca68,CUST00007714,478,High,2026-04-16 00:37:33.581009,v2.1.0
2af8453a-c28c-42d9-a6f1-241ff950532c,CUST00006809,575,High,2025-10-13 18:37:11.087178,v2.1.0
4505c5e4-05ea-434c-b13a-a745fa9fe61f,CUST00003570,567,High,2026-06-09 11:21:21.258477,v2.1.0
017b584c-c3f0-413a-b63f-7d64bf9d0bea,CUST00008449,300,High,2025-09-24 05:21:53.951183,v2.1.0
f1e86593-124c-40a7-8297-1daa14132a82,CUST00005718,300,High,2025-07-28 08:29:13.732536,v2.1.0
3430a068-0f9a-441b-9dfd-2033f9618939,CUST00004352,377,High,2026-03-16 15:50:11.109103,v2.1.0
045c0384-7c1c-4909-8dd0-a180fd849665,CUST00008222,777,Very Low,2025-12-30 05:38:54.890562,v2.1.0
8634f00f-fcdc-4c82-94cb-3b9d7fa1fc96,CUST00004143,530,High,2025-10-22 21:54:22.722314,v2.1.0
80391b10-5a9b-47d8-a8c9-d8ea5e13097c,CUST00005613,804,Very Low,2026-06-21 11:07:58.339762,v2.1.0
66cb0721-d73d-4ccc-844e-893dd37e820f,CUST00000343,427,High,2025-08-17 14:48:57.746114,v2.1.0
9213bb60-a356-4bc4-8397-5585e562ca1f,CUST00007453,377,High,2025-12-22 12:06:04.644841,v2.1.0
cf93535e-0c23-4c1e-9cce-b8a46af7e42f,CUST00009965,369,High,2025-09-10 22:12:22.035348,v2.1.0
7746e752-2559-4c5d-a34b-26482d11cc18,CUST00000662,574,High,2026-01-17 07:59:14.620477,v2.1.0
d5ccbd94-4cf7-4a00-b982-8c6ed7024b68,CUST00009448,413,High,2026-01-19 10:16:17.698447,v2.1.0
330210b8-8a8d-4f05-8cb3-dd7e47caa004,CUST00002713,310,High,2025-08-06 07:52:08.690075,v2.1.0
c72ec4b8-3fee-4c67-8faf-9cd816898cc0,CUST00007618,667,Medium,2025-10-25 11:21:19.903746,v2.1.0
5b6d11d8-b044-475d-baea-9193ed5ab860,CUST00004922,451,High,2025-08-22 15:18:34.477424,v2.1.0
23764cfc-cf46-4e8c-a595-58ed7b2e6771,CUST00000313,783,Very Low,2026-03-11 19:34:10.273623,v2.1.0
1c69a8e9-32a4-4d90-a758-5b4a69877dfa,CUST00009813,535,High,2026-04-11 06:27:26.544585,v2.1.0
7720e29a-362d-4e61-9895-a74344ce6048,CUST00002257,508,High,2025-12-19 06:12:54.697722,v2.1.0
dd221973-2835-4674-882c-de8d9558d77b,CUST00009645,331,High,2025-11-02 07:05:31.397779,v2.1.0
a32f682b-fc7f-4876-9480-c6cb34989bd1,CUST00006873,417,High,2025-12-11 23:48:33.390343,v2.1.0
da0a895b-8e00-4ab4-94ab-425d3696f208,CUST00003768,657,Medium,2026-02-19 21:11:57.677821,v2.1.0
33950a38-64a1-4d1c-a871-efc568694a90,CUST00008113,354,High,2026-01-27 07:55:37.007457,v2.1.0
51c85f95-13cf-4b1f-98f1-97ab19b34ee2,CUST00009896,345,High,2026-01-14 04:49:41.967044,v2.1.0
ccd79fa6-cd36-409a-994a-916d59139b5e,CUST00004924,484,High,2025-12-23 06:26:12.028344,v2.1.0
d2190b9c-95ed-46d4-8701-cca841cbf6c8,CUST00005023,542,High,2026-03-23 16:47:47.856599,v2.1.0
1eb2b0e9-ab6e-44fc-a8ca-afe5c9dee5ce,CUST00005350,475,High,2026-03-10 23:36:39.026222,v2.1.0
7d8b6f53-a9ff-4caa-aff3-555b81b6060c,CUST00000182,300,High,2026-07-03 04:01:22.314025,v2.1.0
2cf4cdf6-5d4d-4574-84f7-3e1f411af6a8,CUST00003909,529,High,2025-10-06 02:41:25.661437,v2.1.0
9134e1dd-96fb-467b-bf3e-e0ea21f75758,CUST00003952,428,High,2025-08-06 07:41:59.611182,v2.1.0
351847b9-e03d-4001-a617-e4c4ab828750,CUST00004237,300,High,2025-07-30 22:44:20.453823,v2.1.0
45065b87-f5ef-4cc1-9b01-75f71eeb83cf,CUST00003539,548,High,2025-10-23 03:09:41.595085,v2.1.0
db218956-21e3-4dfa-9097-61ed945e7911,CUST00003853,356,High,2025-08-10 23:06:33.573582,v2.1.0
afe57302-2e35-41e1-9b35-d4139d46c0a2,CUST00005721,586,Medium,2025-08-23 19:31:44.864749,v2.1.0
036e9e15-78c1-4d87-939a-0d68970e7fc9,CUST00003207,410,High,2025-10-08 15:02:41.714589,v2.1.0
2b12a494-1ea3-47ed-95c2-3fd105addd31,CUST00005861,565,High,2026-03-01 10:36:47.181703,v2.1.0
f6a6f947-c25f-4c35-91ca-385cafccd955,CUST00002551,373,High,2026-04-05 08:38:32.471868,v2.1.0
6b0f4fa1-71f1-4080-884c-e7b838d34e9f,CUST00006213,466,High,2025-12-08 01:16:45.124933,v2.1.0
959547d4-b57d-4201-87c2-7639c4f7f8c7,CUST00006014,483,High,2025-08-23 21:54:57.166084,v2.1.0
2bd9253f-1efb-4747-bfce-a57dd970f4b7,CUST00009143,426,High,2026-04-11 23:18:42.672425,v2.1.0
a02a0f99-9200-46ac-b6b1-6a6145929b10,CUST00003608,598,Medium,2026-06-04 03:38:07.513018,v2.1.0
2fb68b0a-dcd8-49a7-9868-5a1ff2c125b8,CUST00003056,407,High,2025-10-23 21:28:14.311312,v2.1.0
95dbb030-fd6e-462b-ad39-aa59ce7b84db,CUST00008522,641,Medium,2025-10-01 01:04:15.236436,v2.1.0
3a403254-4502-4039-8efc-950a9e578865,CUST00008275,808,Very Low,2026-04-30 21:24:25.064515,v2.1.0
54aec788-8095-4895-b5e2-bff137126c7a,CUST00005928,567,High,2025-11-21 21:10:31.379434,v2.1.0
3b04b3e9-66d0-4e41-9b2b-8c2cf252057c,CUST00004987,466,High,2025-10-31 02:22:49.861835,v2.1.0
012f4077-857f-4308-8204-b03efa13c107,CUST00000600,699,Low,2026-02-20 17:02:49.434557,v2.1.0
201dce98-68c0-45eb-9483-152e7cb62e33,CUST00000444,300,High,2026-04-11 22:56:34.073976,v2.1.0
2c2b4db0-489c-4c4f-98f6-00ed8e7f56f4,CUST00003430,756,Very Low,2025-08-21 08:00:52.797718,v2.1.0
ad9e9a53-5367-4005-88a3-25fa1124ebbd,CUST00005750,693,Low,2026-01-17 17:11:21.637244,v2.1.0
ba97bd83-248c-483b-ae45-2527b744fa92,CUST00003491,588,Medium,2026-03-30 18:04:10.587165,v2.1.0
f310ee52-6516-46cc-910b-1598587b5537,CUST00007889,304,High,2026-01-08 01:03:21.727730,v2.1.0
d5cf9cee-c9e5-4a9c-8e3d-2a9c285084aa,CUST00002275,559,High,2025-11-06 10:18:19.803538,v2.1.0
a99ecb0b-ff5f-4a67-a615-9440ff007055,CUST00006392,714,Low,2026-06-14 01:32:20.351258,v2.1.0
2c6880d6-ed63-47f6-b176-f239c4e7595c,CUST00005543,412,High,2025-10-13 01:35:17.101301,v2.1.0
b1df61d1-5798-4b96-b394-c2dfb4a4c3fb,CUST00007870,300,High,2025-11-10 00:06:26.941540,v2.1.0
7a1feff6-0bb0-4cd4-8ca9-efa1ab26ab55,CUST00005718,757,Very Low,2025-08-12 06:43:46.547256,v2.1.0
b5338e8f-b31e-4f54-87ef-0729f8405203,CUST00008535,583,Medium,2025-09-24 08:07:23.150564,v2.1.0
0cb255f7-fe39-4b0a-b050-f65ea5758cf7,CUST00000881,446,High,2026-06-11 13:56:40.468771,v2.1.0
753bf4fa-1e15-43d4-8a00-1b4f23b863b7,CUST00005149,588,Medium,2025-09-07 17:11:12.214793,v2.1.0
01698060-a547-4a91-8d13-452d5390248d,CUST00007837,786,Very Low,2025-07-22 13:32:14.601769,v2.1.0
af03b851-9155-41c7-802e-d30ef08be8d2,CUST00008381,676,Low,2026-01-07 06:08:33.705350,v2.1.0
99849802-b177-46fb-85cc-991c1e270283,CUST00006698,646,Medium,2025-11-16 22:08:43.616283,v2.1.0
dd6d8d44-a17b-4470-a93b-49bd3b971204,CUST00002917,601,Medium,2025-09-20 17:57:40.634137,v2.1.0
e3221886-3618-40c3-8150-5a86805d1ee5,CUST00008675,528,High,2025-10-22 06:35:47.713160,v2.1.0
e9dfe775-17c6-4861-a2ce-a6047a754659,CUST00002876,300,High,2025-08-15 00:40:10.011910,v2.1.0
dfeabeb7-47c0-403f-b282-be485309e379,CUST00008191,492,High,2026-03-22 23:38:12.939136,v2.1.0
606ca018-b94d-4b18-9533-b18129403fe4,CUST00000642,499,High,2026-05-25 11:53:10.435170,v2.1.0
4d4ce3e7-1d69-4bbc-be2e-18a3734ddd5f,CUST00009146,518,High,2026-02-19 20:48:48.865500,v2.1.0
67eaf63f-aead-45b7-9387-a9888c20093d,CUST00002152,329,High,2026-07-07 00:40:31.130422,v2.1.0
63480ff5-5114-443e-8105-dedc6eebdd93,CUST00003567,300,High,2026-02-15 21:44:15.132005,v2.1.0
3bc79973-c918-4239-9463-55734088f475,CUST00001850,528,High,2026-01-12 06:17:30.846441,v2.1.0
d4bae522-72aa-40f9-932a-b2c39cd4e818,CUST00007501,677,Low,2025-10-16 07:31:26.273636,v2.1.0
baffe633-bc24-4215-8505-98c793a394f5,CUST00002522,627,Medium,2025-08-26 20:45:30.041845,v2.1.0
12e4e759-c693-4a6c-9acc-454e6a0201f1,CUST00002129,480,High,2026-05-13 00:25:10.433225,v2.1.0
2774a9c9-9d2b-483b-9853-e51992dcbc22,CUST00007943,774,Very Low,2026-02-10 02:25:51.442417,v2.1.0
feb5437f-7f36-4f3e-838b-054911fe7b57,CUST00009320,454,High,2026-07-14 15:37:49.781065,v2.1.0
92841e1d-4434-435f-9f05-4afd5600cbe5,CUST00000843,550,High,2026-05-19 00:27:49.411934,v2.1.0
0681c73c-8d21-4754-9e1b-e45b00c8407c,CUST00007610,651,Medium,2026-01-25 18:17:25.977417,v2.1.0
477ca44f-b245-41d9-a8be-e258c4afb91c,CUST00002864,694,Low,2025-09-17 00:27:36.433802,v2.1.0
6d2cb76e-6d9b-45d7-b6f0-469ffc5134fb,CUST00003907,613,Medium,2025-09-09 10:49:04.752137,v2.1.0
e05f2304-ab69-49b3-b6a0-535f67de85ee,CUST00007394,571,High,2025-08-21 05:06:01.196224,v2.1.0
cb9d941a-9392-4a47-a5e7-e167090feca8,CUST00005865,504,High,2025-11-06 03:58:38.461911,v2.1.0
64e9fc53-f19f-424a-b8b4-d02138ca0c76,CUST00004699,300,High,2026-04-12 19:08:26.833205,v2.1.0
320b941c-576e-4468-b64e-3c1be73d94fc,CUST00003727,300,High,2025-12-30 05:25:59.745705,v2.1.0
d9c229fc-ceed-45e8-be3f-73a415df8f7b,CUST00004382,505,High,2026-04-12 07:07:08.093262,v2.1.0
8da2eb14-402b-4f04-a629-ad5c7e5af906,CUST00006391,429,High,2026-07-14 10:11:45.132914,v2.1.0
e0c2bee0-8515-48f8-9705-7642bc7d9612,CUST00006938,533,High,2025-10-19 21:41:00.051520,v2.1.0
36393c96-a6cf-4b95-9c9d-c8a8bdbccf3b,CUST00006255,463,High,2026-01-11 14:23:26.066556,v2.1.0
0710f53a-a323-493a-946a-eec5a7cd4a88,CUST00007720,346,High,2025-11-27 23:10:47.273561,v2.1.0
1d7a6bfd-6a07-4736-80c9-88fbbfb77a70,CUST00008350,446,High,2025-07-22 20:46:47.594043,v2.1.0
8c3bb37f-de3e-428d-81c1-dab6fe207862,CUST00005566,368,High,2025-11-23 16:56:42.520263,v2.1.0
bb2f03bb-12d9-4dba-8499-5229c4ac2110,CUST00002157,300,High,2026-04-03 06:58:26.733458,v2.1.0
361ce8ed-bafe-437d-bec8-84812530c407,CUST00000271,596,Medium,2026-06-08 11:27:49.018902,v2.1.0
c41baa48-91d3-4575-bdd3-e3b405fb7719,CUST00008750,576,High,2026-04-26 19:13:06.833485,v2.1.0
bf1a3986-7b0f-404e-964a-2e60d5ef3267,CUST00000234,623,Medium,2026-05-26 21:46:44.322168,v2.1.0
942e42c9-735d-4a00-ae5f-80406c45fbc7,CUST00009872,386,High,2026-06-12 10:05:05.398597,v2.1.0
8b24c23d-6616-454c-b5ac-7a4b76bfd800,CUST00009884,406,High,2026-02-20 12:03:06.633090,v2.1.0
4c89fc9b-86f3-4c85-bb99-93d403e806be,CUST00008787,521,High,2025-08-28 02:20:36.234233,v2.1.0
705ff758-404d-4b53-86c9-03788ce3e3f6,CUST00005615,736,Low,2026-03-25 09:19:34.611507,v2.1.0
9c273810-4af0-4229-81f4-13e783a7045a,CUST00003597,657,Medium,2026-04-09 21:16:10.633096,v2.1.0
b6eca4d6-5608-4345-aa48-86a1eed96b0c,CUST00000888,622,Medium,2025-07-25 11:35:50.236815,v2.1.0
14e188c3-b624-4f9e-989b-67a4621c0347,CUST00004886,509,High,2026-07-10 08:24:28.258037,v2.1.0
69ddb457-dbd2-42e5-b6b8-dcad37eff16a,CUST00005144,806,Very Low,2026-05-26 15:43:30.092470,v2.1.0
7609b1ec-4247-4e24-8d1f-9dbb136a0823,CUST00007144,401,High,2026-03-15 17:45:32.603698,v2.1.0
7db19d37-09b0-44e3-91bb-bd464c64e10a,CUST00007923,773,Very Low,2025-09-07 15:25:44.160379,v2.1.0
17b91b38-1d53-4f66-a608-84b734d03669,CUST00000233,590,Medium,2026-01-15 17:47:05.300280,v2.1.0
c2b73fa2-5fbb-4fdd-8eeb-81dba8f913db,CUST00002025,441,High,2025-10-15 03:58:35.307906,v2.1.0
eedeeda2-8f16-48e3-9dd5-4e02bed642a6,CUST00000588,508,High,2026-04-14 13:26:38.607759,v2.1.0
61f9a71d-f92f-47fa-99a4-817da39807ec,CUST00009288,711,Low,2026-07-08 09:32:19.142814,v2.1.0
09a127d6-49b9-4e39-bf01-814e76f44f07,CUST00009460,300,High,2025-11-26 04:29:44.798016,v2.1.0
c18cc057-e215-4db0-bb32-cce878d92fa9,CUST00002061,600,Medium,2026-04-15 18:49:58.551335,v2.1.0
227831c7-8740-4eb8-ad0f-b0398c1e1d62,CUST00000977,629,Medium,2025-09-26 17:04:49.367535,v2.1.0
940e0397-5e1b-433d-b34a-6f7ba6e40a5e,CUST00001682,659,Medium,2026-07-01 15:34:51.172711,v2.1.0
ae8e03d8-0fb8-451f-9f54-2bd93b643e6f,CUST00002661,300,High,2026-03-08 04:53:37.413798,v2.1.0
aef70489-c6cb-4110-95aa-4a3af6219791,CUST00005044,828,Very Low,2026-07-05 12:50:12.351288,v2.1.0
e29e8259-b122-48f3-9f7c-f60d4a486f85,CUST00005379,515,High,2026-06-03 06:44:27.774787,v2.1.0
8cf540e8-4fc2-4dff-ac95-e21f7f3adb75,CUST00002464,509,High,2026-03-22 20:07:05.543507,v2.1.0
0cc82ffd-3758-4bfd-9f6b-4357193fb8c8,CUST00002113,585,Medium,2026-06-11 08:15:56.769398,v2.1.0
b8c0a659-d218-4bb5-a0ac-7ec213b79875,CUST00006038,515,High,2025-12-29 00:05:39.169811,v2.1.0
eed5e4ad-a6eb-4384-b9f2-282bd0b3bc2f,CUST00006720,331,High,2026-07-02 22:11:18.405589,v2.1.0
d6e48d66-8c10-42e8-afb6-1cf27f158f52,CUST00003845,643,Medium,2026-01-26 08:38:46.279068,v2.1.0
6010dc39-67e0-449a-862e-c1db9df273c2,CUST00009510,642,Medium,2025-10-22 19:32:41.584019,v2.1.0
02ede6bc-96c6-43a0-a6f5-79b01eeeaff6,CUST00009515,566,High,2026-03-22 22:26:22.930919,v2.1.0
84bea834-f193-4aaf-9939-a3aa7ad9842d,CUST00006618,552,High,2026-06-07 05:51:25.717428,v2.1.0
36e8440a-0717-4892-ac7f-1d9550554446,CUST00005628,611,Medium,2025-12-07 17:32:56.370500,v2.1.0
f74e85c1-f38e-4e3e-abf9-f123fdb700c0,CUST00000924,564,High,2025-12-17 07:48:30.610784,v2.1.0
791b7347-2b73-43c4-8ac6-ffdbc11a61da,CUST00003516,300,High,2026-07-15 22:34:44.198940,v2.1.0
bf458e96-19d6-4f1e-b167-185347b96d32,CUST00005826,417,High,2025-11-07 21:21:38.633779,v2.1.0
09835f95-4db1-45ed-8d3f-d2afef63c041,CUST00007129,398,High,2025-08-01 22:10:46.134546,v2.1.0
9ac444d9-7361-4224-97e6-0fb56ea2d4d3,CUST00000624,440,High,2026-01-23 20:47:00.718627,v2.1.0
a18e141e-6dbb-4fce-9cd2-838aad75ae7b,CUST00004927,569,High,2025-11-20 06:58:05.976648,v2.1.0
3abc6cdc-933b-4e42-8e82-a41d99f92012,CUST00003692,699,Low,2026-02-26 13:46:22.315788,v2.1.0
59403c5f-d966-4181-ac44-ef35e47c8bdb,CUST00003777,300,High,2025-12-23 05:30:35.893559,v2.1.0
16c1f873-ee64-4e58-9645-b04e8046185e,CUST00008679,505,High,2025-12-31 02:34:13.177646,v2.1.0
00d09966-1ad7-493b-a71a-3ce164e2418d,CUST00003744,392,High,2026-07-06 12:30:14.751555,v2.1.0
b2cb826d-631e-456b-9f99-d2b0c3cad614,CUST00000095,450,High,2026-05-03 07:22:25.364932,v2.1.0
d3d0a06c-78e9-4ce0-8b1e-efbd15e94555,CUST00003000,340,High,2025-10-31 06:01:36.953690,v2.1.0
db441380-a0c2-4274-93ef-6a9b023f478e,CUST00006178,300,High,2026-07-07 00:02:50.380589,v2.1.0
805e7c20-e04f-48a2-ba96-f57f6da94064,CUST00000981,300,High,2026-01-16 03:22:53.221671,v2.1.0
b69d9065-5afd-4ed2-a945-904c54affa21,CUST00006237,429,High,2026-03-25 07:04:10.090451,v2.1.0
fee22736-9de3-4bbd-8de7-ac23d2f7e56b,CUST00009258,409,High,2026-01-04 05:32:02.370758,v2.1.0
9762c07a-c1c6-4740-b1d7-63eb8518355c,CUST00006248,349,High,2025-09-10 18:46:02.502025,v2.1.0
0c238b9c-123e-41c7-93c3-aaa2646960f7,CUST00007601,639,Medium,2026-07-05 23:31:01.345537,v2.1.0
0ac7a0ac-4bd6-4353-92e8-4f2f1884bd9a,CUST00009805,300,High,2026-03-02 17:56:43.346488,v2.1.0
5fc7d13a-49a3-4628-bf38-af7571115be2,CUST00009884,508,High,2026-03-17 13:10:45.992466,v2.1.0
d067edd2-77e6-474d-a47b-c97ae0c77a1e,CUST00002723,636,Medium,2025-11-05 19:35:29.022097,v2.1.0
8123984a-9561-4733-af9e-dbbc78699bfd,CUST00005299,595,Medium,2025-10-31 04:43:28.259604,v2.1.0
662f1ac4-ba76-4b46-9351-28c04ff44f9e,CUST00008154,623,Medium,2026-05-06 00:37:51.148738,v2.1.0
dd590686-c026-47d0-9085-92e1b5107075,CUST00000691,360,High,2025-07-23 14:35:10.239072,v2.1.0
447ca46f-1e0e-4df5-b331-24386629e5e3,CUST00001423,819,Very Low,2025-08-01 20:53:30.972467,v2.1.0
3b86551f-c54b-4c58-a715-bfe64d51b2f5,CUST00007459,392,High,2025-10-29 06:46:07.180686,v2.1.0
154a0bc2-aade-4e73-b619-4964175fb203,CUST00005536,676,Low,2026-02-19 12:37:49.481656,v2.1.0
ac2d3b1e-4386-4d6b-b7ab-2dc7cbddd361,CUST00004815,499,High,2025-08-06 08:11:11.364915,v2.1.0
63f1596c-59d7-4cf5-b3b3-33764f893811,CUST00005325,307,High,2025-11-06 14:39:53.362497,v2.1.0
4e876e48-1415-4f55-bcee-ecbe6f48b8dc,CUST00006819,465,High,2025-12-22 02:00:48.894794,v2.1.0
e364f19f-5ad0-434c-be2c-2c39c14ae06c,CUST00005588,404,High,2026-03-16 01:31:44.552309,v2.1.0
0882b79b-5286-4174-8f0d-65cbeacd0130,CUST00007436,300,High,2025-07-18 03:31:55.318123,v2.1.0
74df2430-96d1-469c-9829-38ffac9c7c53,CUST00005535,653,Medium,2025-10-17 17:54:44.411267,v2.1.0
7143af9f-1be4-4eec-9962-d6d236f02fc0,CUST00007952,613,Medium,2025-11-22 19:50:09.401410,v2.1.0
16b10603-02fb-4778-a7bf-d817977a8faf,CUST00003923,716,Low,2025-10-29 08:56:40.766285,v2.1.0
e285708a-484a-4869-98b4-3b5e8af865a7,CUST00006513,694,Low,2026-05-27 15:47:13.948413,v2.1.0
d8097b01-4bfc-4363-ab80-57995bc950c6,CUST00009546,602,Medium,2026-03-17 21:59:41.902831,v2.1.0
f938dee9-6dc7-4bb1-a9ac-319b5fca913f,CUST00006103,458,High,2026-04-24 17:46:17.895605,v2.1.0
35289e03-73e5-4330-b75a-3472aef70247,CUST00007563,586,Medium,2025-09-12 12:55:27.163042,v2.1.0
b4c7fae3-30fa-4b93-846f-d125776f32c2,CUST00005290,850,Very Low,2025-08-18 07:47:33.649676,v2.1.0
b3e6fbc0-0312-43ac-9907-d545143766a5,CUST00002178,653,Medium,2025-10-24 18:31:31.866565,v2.1.0
33d0ca7e-017e-4217-b663-15ed2405c757,CUST00009860,537,High,2026-07-16 15:51:08.257561,v2.1.0
4371eec5-21d0-4eee-bf8c-86f7ed5eb0c0,CUST00001087,300,High,2025-09-27 18:22:20.041617,v2.1.0
671884cc-ad3d-4f2a-bfcc-3d3374b9cacd,CUST00006300,463,High,2026-02-16 15:50:50.664677,v2.1.0
ff55bd6e-cb15-4d0c-ad44-4f6bc48450c6,CUST00000223,733,Low,2025-08-16 09:27:39.670181,v2.1.0
474aef5a-90cb-4d91-9b07-d5476a76e763,CUST00008244,300,High,2025-10-05 20:21:41.725451,v2.1.0
4a595557-7999-4cb2-8480-22d3985c8106,CUST00002271,421,High,2026-01-06 17:40:10.899230,v2.1.0
0130c3b1-47c8-4c78-bce6-47ebb79fdd52,CUST00003942,394,High,2025-11-24 10:31:40.909025,v2.1.0
bd0bf953-59ea-4913-8669-938cf14b64f8,CUST00004906,527,High,2026-05-10 09:09:14.420022,v2.1.0
1c075b27-357a-445f-9a24-04514fa67523,CUST00000225,300,High,2026-03-07 14:05:14.799984,v2.1.0
e3f6234b-a965-4101-b5da-7f916eb2f893,CUST00006695,403,High,2025-12-19 05:59:43.110375,v2.1.0
8f785868-860c-4ec4-9253-bdf306a3d0c8,CUST00008904,547,High,2026-07-06 01:34:48.099236,v2.1.0
234eecdf-0493-4899-91c0-788fbcfc3209,CUST00009721,415,High,2025-08-22 18:10:01.941519,v2.1.0
deae1e4d-0c52-41b2-a4f0-c601fd7fcc02,CUST00007438,330,High,2025-10-21 08:03:26.602733,v2.1.0
e46bf0a7-db7d-41e6-8af1-bb7edc3398a2,CUST00000197,324,High,2025-11-05 05:21:54.198885,v2.1.0
35b18c2d-c26d-46eb-8d14-4240307f985e,CUST00005495,326,High,2025-11-08 09:44:32.627283,v2.1.0
83495490-31c1-4171-99e0-6b268fda806b,CUST00002310,339,High,2026-02-08 20:59:08.628817,v2.1.0
a9d5f4ba-165e-4233-a5ce-ac49bd7963ae,CUST00009534,724,Low,2026-03-22 21:11:05.535927,v2.1.0
d7cd0a6f-f3e7-47e2-9e7b-7413e052272b,CUST00008406,300,High,2025-11-12 16:41:18.140309,v2.1.0
bc657de5-4fab-448d-ba25-b5c1194d9043,CUST00004558,647,Medium,2026-02-14 01:59:01.548139,v2.1.0
8ede2b32-0a77-4093-959a-a2e516e58779,CUST00006514,531,High,2026-03-24 11:44:11.196564,v2.1.0
f1b344d5-0e73-4b4a-a520-6533b67545fc,CUST00004267,569,High,2025-09-28 18:44:04.146563,v2.1.0
ef285822-fe73-4126-a183-58d50592752e,CUST00009349,300,High,2025-09-05 11:20:22.231984,v2.1.0
b75f432b-e987-42ac-9363-02771241018f,CUST00003932,441,High,2026-02-05 08:37:31.580835,v2.1.0
0d70f8a3-616f-4187-9252-0ae1e72c63f4,CUST00009714,455,High,2025-11-04 20:56:47.442068,v2.1.0
b8fab793-a917-4f38-9b21-2f1b565ab6e2,CUST00005272,510,High,2025-08-18 04:14:16.187751,v2.1.0
9540471c-5f5b-4319-898c-2cbe358360c4,CUST00003607,410,High,2026-02-09 21:09:25.647992,v2.1.0
591fc5f7-9b8a-400e-bbdc-da20c130a1ea,CUST00005514,659,Medium,2026-03-04 09:35:56.357247,v2.1.0
1606f01b-7745-4dfa-9849-d6187ac6f128,CUST00003123,552,High,2026-02-02 06:31:39.538049,v2.1.0
01be07f6-7e3a-4ed7-a1b5-1b159e953d21,CUST00006555,425,High,2025-12-02 05:32:03.033533,v2.1.0
db49f5af-7b52-4f39-abb0-e1692ff2d8b1,CUST00002807,552,High,2026-06-02 20:01:27.873312,v2.1.0
a62c0861-3192-4317-9fc4-3292557b9019,CUST00005164,695,Low,2025-12-24 11:36:16.243758,v2.1.0
a14af844-316f-4d74-95b0-d691cabc3e1f,CUST00006521,386,High,2025-09-06 12:55:40.238412,v2.1.0
0e5ef757-d651-4dd9-a93d-95265a778dc1,CUST00006122,427,High,2025-12-26 07:30:28.651498,v2.1.0
7d644996-8b04-4218-a605-3e19a35da492,CUST00003163,488,High,2025-11-09 07:52:22.703732,v2.1.0
75db6edf-889d-4f02-a6e8-96a21c40d761,CUST00008068,437,High,2026-06-24 08:50:20.504938,v2.1.0
9080293a-2543-43de-aef4-cd13f2e810cc,CUST00007161,653,Medium,2026-04-04 04:22:27.905746,v2.1.0
fedea15f-b9cf-42c9-9f15-a2fc86167656,CUST00002139,444,High,2026-01-04 23:36:13.484838,v2.1.0
aea696e2-08f1-480d-bd38-84db1c94c1dc,CUST00004748,401,High,2025-12-21 02:45:08.124419,v2.1.0
e20326ab-51b1-4f85-9a01-29bd09f37394,CUST00007937,438,High,2025-12-18 11:57:31.255503,v2.1.0
b25f3d4e-dd10-4522-9c1f-b6b62a8795dd,CUST00005504,441,High,2025-12-14 18:08:08.102363,v2.1.0
5db94bae-b19e-4b91-8c69-7777707bab11,CUST00005688,370,High,2025-07-28 00:28:52.609888,v2.1.0
2346a49f-fefd-4da2-9bde-8cc07203c98c,CUST00007255,587,Medium,2026-02-07 01:10:12.026237,v2.1.0
2273d649-8d46-417b-8bbe-b3067559b742,CUST00007530,496,High,2026-07-02 15:02:59.495197,v2.1.0
8996bc9f-a14a-4cc5-96aa-d3a7e9b23797,CUST00005157,776,Very Low,2025-12-18 15:34:42.825048,v2.1.0
69a71e42-d9c7-4caa-ae06-4412313b93ec,CUST00001079,515,High,2026-04-19 23:33:47.617580,v2.1.0
a19f9f66-ecb4-4ab2-adba-80fa7dc166a9,CUST00001648,478,High,2026-02-27 14:40:38.816025,v2.1.0
d5706575-10e4-44db-90cc-b13ab23faf94,CUST00000204,464,High,2025-11-05 08:35:05.932737,v2.1.0
65fbad3a-9c19-4c3d-91fa-646b35c4a885,CUST00006177,317,High,2025-10-14 12:52:49.889819,v2.1.0
4d1a355e-2e11-4d26-87ef-67d4923c7f0f,CUST00002572,526,High,2026-01-20 23:47:19.626512,v2.1.0
91b8f387-6956-44f3-b6a3-73a393a3aab5,CUST00001338,513,High,2025-09-02 09:34:04.175307,v2.1.0
85f04a2a-85d8-4ac4-8376-751fd851ea95,CUST00002029,544,High,2026-02-01 08:04:38.814935,v2.1.0
30c031d7-34d9-4313-88c6-33dc674549cb,CUST00001767,310,High,2026-02-09 11:35:53.352566,v2.1.0
86d57c97-5ef7-4ee0-aea9-88b7e0da6f3a,CUST00006231,300,High,2025-11-02 01:16:58.502532,v2.1.0
50a705af-8a42-4861-9225-5a46ec544658,CUST00003353,355,High,2026-04-19 18:59:37.656822,v2.1.0
9fe79f81-9dd4-4178-a600-04d1dbcc0e95,CUST00008987,596,Medium,2025-12-08 07:51:51.573831,v2.1.0
097cb033-d7d4-434c-aaea-f1ee6fa3c710,CUST00004040,343,High,2025-12-12 02:00:03.294135,v2.1.0
bbab09e0-9b58-48f8-b21f-8694147b0dbe,CUST00009519,402,High,2025-07-20 02:05:17.389096,v2.1.0
fb5b9894-fff1-4433-b149-4885e0493e32,CUST00001508,600,Medium,2026-05-08 20:05:30.574286,v2.1.0
07402a21-f22a-4716-8c9a-a8a64cd9c767,CUST00003473,541,High,2026-06-02 11:09:56.429025,v2.1.0
1414dae5-4963-4553-a049-12414339d7fb,CUST00007798,496,High,2026-01-02 00:05:29.802517,v2.1.0
88cfec28-f441-48f9-a67c-1f667079f46b,CUST00005176,536,High,2025-08-06 18:17:34.766414,v2.1.0
692a6b2b-a85a-4040-9de6-3fb07eb2cf06,CUST00005032,505,High,2025-08-06 21:19:49.820306,v2.1.0
a13b5f20-5996-4c85-a0e3-886eccdfc8e3,CUST00004272,551,High,2026-05-17 00:33:39.994443,v2.1.0
901141f0-e20d-44e1-a9c7-c21a283543c9,CUST00001400,300,High,2026-03-12 06:35:54.718842,v2.1.0
f3e08e3c-c580-4f46-9543-0ee62f92b9c3,CUST00003970,526,High,2025-11-16 17:08:34.335378,v2.1.0
21be348e-6a49-4432-9018-342a5714dae5,CUST00003358,375,High,2025-08-22 11:41:01.488761,v2.1.0
37fda9be-a259-4ff0-a88f-e6157ce13a2a,CUST00008716,423,High,2025-11-01 01:02:04.282342,v2.1.0
e60c3827-769f-4f78-9425-28b412da0ee9,CUST00001625,713,Low,2026-01-09 18:20:20.423980,v2.1.0
07dfea9f-ae8e-4d3c-ae79-18cd1a0293ea,CUST00004427,453,High,2025-11-15 22:04:11.355886,v2.1.0
5bc04770-0394-47f5-beb7-213767477a99,CUST00002892,546,High,2025-08-09 03:25:58.473136,v2.1.0
eead1993-f8d4-478c-9462-c40f280e2787,CUST00005216,657,Medium,2026-04-14 08:42:54.066815,v2.1.0
614bd12e-fe3d-4984-bbce-9337f09ce3bd,CUST00003574,300,High,2026-03-21 05:38:57.976490,v2.1.0
cd1e6823-00a2-4282-b319-b03b6737fef9,CUST00003490,667,Medium,2026-04-13 22:59:21.327821,v2.1.0
ba98d3ee-d898-4d35-9480-2972c6ad9b45,CUST00007190,486,High,2025-08-06 06:40:11.551177,v2.1.0
cedf1511-1b22-4347-a0ea-4d0e2f8c5d40,CUST00007972,522,High,2025-09-30 19:27:09.698397,v2.1.0
ba035dcf-fec7-4c07-9497-1527d2e39f3b,CUST00005745,495,High,2025-09-08 13:30:28.465639,v2.1.0
890e961a-bb29-4278-a2a1-0f623c138450,CUST00000915,674,Low,2026-04-14 08:17:13.441605,v2.1.0
bf3b76cc-715f-4b3e-9c78-ba0e27f37952,CUST00006165,675,Low,2026-01-14 19:37:43.160871,v2.1.0
998b1053-da5e-4d19-935c-b1c493c17087,CUST00000895,361,High,2025-10-07 13:26:10.851050,v2.1.0
40d40508-94be-4951-bfd9-f972fc5675c5,CUST00008604,585,Medium,2026-03-21 16:45:44.405721,v2.1.0
317d99bc-2523-4a48-80ca-c64f01f6e15e,CUST00002713,590,Medium,2026-05-25 04:34:32.994374,v2.1.0
fce1bdf3-f09a-48e0-a1e9-5bc38775e66b,CUST00004263,840,Very Low,2025-11-04 19:27:20.995255,v2.1.0
72995f40-104a-4e60-a266-1a6743200ebc,CUST00001943,736,Low,2025-11-08 11:06:04.814334,v2.1.0
98748483-dcae-4ad4-9966-9d08b1e7df0b,CUST00003119,626,Medium,2026-07-14 04:38:02.745820,v2.1.0
850b21fb-e6e2-4534-8618-4fde54e5ebc2,CUST00009541,689,Low,2025-07-20 06:27:11.212770,v2.1.0
dfffc1ab-52cd-4df2-89df-c58d48dae039,CUST00006116,382,High,2026-01-11 00:54:26.454358,v2.1.0
11ec5f72-35e9-41ab-a63b-1c37641ac3b0,CUST00003870,635,Medium,2026-03-26 02:46:29.539174,v2.1.0
75afe9f5-9e21-4374-9db2-bc14af04a3d2,CUST00009282,606,Medium,2025-08-28 19:25:02.328609,v2.1.0
1f3622b8-105f-49bc-8a5e-b63f535eae04,CUST00000847,300,High,2025-07-17 22:13:11.946990,v2.1.0
3cefbd0d-8993-4bc5-9495-1ec6b8546787,CUST00001692,671,Low,2026-02-23 10:35:27.529085,v2.1.0
b2739f77-7b46-4f15-8d68-c1168634521f,CUST00009947,608,Medium,2025-08-31 02:51:56.158355,v2.1.0
7cdeeea7-8f3e-4d03-ab9c-38f261b7c1a9,CUST00005306,350,High,2025-08-22 06:59:25.212168,v2.1.0
5512ac67-ae8f-49a6-813d-c94a20a754e9,CUST00002365,630,Medium,2025-09-30 12:41:45.910199,v2.1.0
e93d171a-5e90-46d6-9b33-54bf7d51ee45,CUST00009507,584,Medium,2026-01-06 22:37:08.952114,v2.1.0
01358f24-ed1f-4b7f-b7bf-89b30064d4a7,CUST00000539,430,High,2026-05-18 01:23:13.823112,v2.1.0
a24ab76e-4c4a-4e20-8623-7827fd021699,CUST00004686,409,High,2025-12-27 00:17:25.399486,v2.1.0
417967b7-1824-46eb-903a-cebcbde66c78,CUST00009651,609,Medium,2025-08-07 05:44:57.132897,v2.1.0
df8af3e6-1bc2-4219-8c8c-8f7dcf3da2c3,CUST00007429,455,High,2025-08-31 09:40:35.649461,v2.1.0
bfb79707-57f0-4e18-84eb-654039c76e60,CUST00004245,503,High,2025-12-12 16:09:34.049031,v2.1.0
60826c2a-af65-4980-886c-64e48028869e,CUST00002877,540,High,2026-07-11 19:59:11.645502,v2.1.0
eaa8d79c-3b55-4590-9556-035caac30808,CUST00000689,429,High,2026-05-13 12:12:19.048392,v2.1.0
29ed3258-b852-42c2-8094-fafe248b79ce,CUST00008981,404,High,2026-05-21 08:13:46.179788,v2.1.0
5819ec87-1c59-45ba-aa05-0ab27924f9a3,CUST00007835,543,High,2026-02-02 14:18:59.961111,v2.1.0
c318615f-ade7-4ad4-a8b0-60af2896f902,CUST00000385,478,High,2026-05-14 00:36:47.651425,v2.1.0
31e40d09-5529-4603-a032-c820c46b26aa,CUST00000190,568,High,2026-03-23 18:11:54.478050,v2.1.0
39caa7c9-ff08-4639-a79c-f24a29b12910,CUST00009995,300,High,2026-05-27 18:26:46.498155,v2.1.0
bfece3ac-5289-403f-a0e8-34cbaee5f130,CUST00004155,687,Low,2026-02-28 07:46:13.427706,v2.1.0
42537feb-112e-4d0f-83ac-ec4180da9b47,CUST00007501,555,High,2025-12-22 19:48:56.531870,v2.1.0
55d2fc85-af63-49f2-a421-fab2bc0f8395,CUST00002690,538,High,2026-03-07 06:39:30.974050,v2.1.0
d9115886-d4d9-4758-8228-2df35699e09a,CUST00002200,300,High,2025-09-23 09:53:17.626782,v2.1.0
a0f99d4f-b463-441d-9006-d41b63c0498a,CUST00001507,353,High,2026-05-12 21:07:14.424562,v2.1.0
72d02749-68b5-4c1b-a460-9fe6dae192e5,CUST00005980,367,High,2026-03-15 01:05:25.884663,v2.1.0
425e2857-be5c-4fb9-bffc-7f435c88edac,CUST00003319,640,Medium,2025-09-18 06:53:02.110952,v2.1.0
1c9be577-11fa-4680-a1cf-56938784c6f0,CUST00005713,574,High,2026-04-14 19:09:42.779775,v2.1.0
82221288-ff21-4b33-a91f-7f98dc878852,CUST00005527,583,Medium,2026-02-02 13:58:53.801917,v2.1.0
4729a928-aaaa-4227-a30f-3e4d0eb7ed06,CUST00003018,300,High,2026-01-07 19:47:49.891089,v2.1.0
19da6643-c749-46dd-9737-de6aed778c7b,CUST00002382,300,High,2025-10-31 20:17:40.438276,v2.1.0
d6770c65-ca9c-44e3-96a8-1ab72657c088,CUST00007994,680,Low,2026-03-18 17:21:47.468293,v2.1.0
36222d6a-6c9d-4e54-9064-34802cb54627,CUST00001440,494,High,2026-07-03 05:04:19.564955,v2.1.0
2833ba35-d68d-4650-8a10-1e658112b78f,CUST00004593,709,Low,2026-01-13 23:06:44.108491,v2.1.0
60e6d76a-23af-4c51-ac06-adfde4b0e77c,CUST00001908,529,High,2026-03-18 18:48:06.879949,v2.1.0
a1e1b94c-62df-4e8c-b5cf-584ddd4dd7e9,CUST00001447,300,High,2025-12-07 18:58:39.955535,v2.1.0
e4b7adca-138c-45f5-8388-2215912cc7e9,CUST00001090,388,High,2026-03-29 17:21:47.184748,v2.1.0
acc0e569-1c11-40d5-a524-f27fbd8b8d66,CUST00007630,431,High,2025-08-26 02:47:13.739460,v2.1.0
ed7034f9-d351-4bd2-b7f6-16522e560bb1,CUST00009892,511,High,2025-12-17 04:19:16.795834,v2.1.0
3accb1a5-9303-477c-92d5-3cc7cf6d6ac0,CUST00004799,587,Medium,2025-12-20 01:53:26.439959,v2.1.0
fba712ae-ed74-4eac-a994-0031c823e29d,CUST00003935,510,High,2025-07-28 03:05:27.697525,v2.1.0
6e051899-9ba7-4641-bdf9-79a52066c542,CUST00000592,642,Medium,2025-12-31 20:34:49.837761,v2.1.0
eac087a9-957e-4cbb-854a-67c46b222136,CUST00003015,528,High,2026-02-08 23:37:42.116819,v2.1.0
b49003bb-6650-45d0-8b68-99c67982c98a,CUST00005262,360,High,2025-07-21 22:30:08.996402,v2.1.0
126fd4bd-2102-4bb0-944b-42a40fce5440,CUST00004523,643,Medium,2025-11-05 11:50:31.931432,v2.1.0
f41ac192-2b17-4950-ac8c-5bc5313c7aeb,CUST00005116,538,High,2026-03-10 12:46:39.018180,v2.1.0
a935deac-59f8-487d-ae6d-fdcb91761d91,CUST00008304,597,Medium,2026-06-09 03:40:03.448539,v2.1.0
1daa9210-7bdd-431e-8688-ce17531568e3,CUST00008872,692,Low,2026-03-01 07:35:42.881384,v2.1.0
05c77080-1fb6-4ffe-a8b4-48fc21524b8b,CUST00007468,514,High,2025-08-02 11:36:25.357071,v2.1.0
8df5b236-68b9-45c2-b9f6-23dcdb1ac8f7,CUST00009643,444,High,2026-06-14 04:57:48.580634,v2.1.0
202b1806-1738-4bb8-adf2-7578d9c2d3fb,CUST00007761,516,High,2026-07-04 13:33:00.767610,v2.1.0
214fa01e-ba5f-4cbb-99ea-5151fe09bfb6,CUST00006166,372,High,2026-01-04 19:28:06.063601,v2.1.0
a0c7a27f-6491-4ac9-9c65-4e31d2f94b65,CUST00003356,759,Very Low,2026-04-08 00:07:24.771089,v2.1.0
7a45b211-c3a6-47b3-8920-081defc002f2,CUST00006841,459,High,2025-10-27 01:10:52.660881,v2.1.0
2c8345b7-d63b-4be4-9536-5fbef5d94c3b,CUST00003500,404,High,2026-07-11 11:43:26.878551,v2.1.0
62f3f15c-e07a-420f-a055-f8598f2f7a9c,CUST00001557,469,High,2025-11-25 13:50:13.550140,v2.1.0
814db105-a7ad-481a-9693-0bd7ea0e5158,CUST00003684,552,High,2026-05-26 11:59:28.426006,v2.1.0
e35725a2-9fbd-492f-9c0b-9fb019ff61e7,CUST00008904,523,High,2026-01-17 16:53:11.945801,v2.1.0
27440c68-3646-4354-bed8-82e62d429455,CUST00002199,375,High,2025-11-22 07:42:10.025846,v2.1.0
543d91af-4d82-4057-a459-cbb782689697,CUST00004359,347,High,2026-04-01 20:30:08.789174,v2.1.0
70d5791f-4669-4d1a-84ed-f1ac8fa3dabd,CUST00001282,439,High,2025-12-07 14:01:33.725069,v2.1.0
3c9d56c8-91a0-432f-b9f7-a75fe41a3950,CUST00004567,470,High,2025-08-09 20:05:47.864039,v2.1.0
c3b64208-7d7b-4d0e-a518-a0664fb8d4d2,CUST00005905,504,High,2026-03-14 11:32:15.530790,v2.1.0
36f19ede-defd-4493-9dd9-f4ab7647055a,CUST00005823,630,Medium,2025-11-23 10:17:19.110226,v2.1.0
a9885d8d-d596-4f12-aace-a48761b1ddc9,CUST00002333,680,Low,2026-04-06 14:19:16.980630,v2.1.0
5e432816-5cc4-4d5f-9c7c-3be2d97f506c,CUST00008326,613,Medium,2025-11-18 20:03:03.937901,v2.1.0
2d126a21-e474-41ef-838a-0b000ff20a76,CUST00004087,564,High,2026-04-05 03:01:25.078498,v2.1.0
86f4c37d-b2f1-467d-bc50-4ad6d2e75e1e,CUST00006454,449,High,2026-05-01 05:54:10.350196,v2.1.0
fffdaf48-811a-4420-a86c-5a5adba77558,CUST00003729,584,Medium,2025-10-27 13:46:11.453246,v2.1.0
0fe12437-35cd-4616-ab5d-2add5fdef136,CUST00001972,320,High,2026-04-22 10:44:31.288852,v2.1.0
a5d70506-764a-4bc4-b5af-82aa6d79bc7f,CUST00009553,481,High,2025-11-05 13:19:03.411094,v2.1.0
5a5e4539-60c6-4efb-8a11-631bdcb258a2,CUST00000790,691,Low,2025-12-08 18:59:29.919833,v2.1.0
146b467c-76e6-4b97-9a92-d8f7a1c9ad7f,CUST00000602,543,High,2026-06-17 12:44:44.995515,v2.1.0
dd9caf94-87e0-41cf-817e-d89d7f1626b2,CUST00009695,428,High,2026-03-10 12:59:48.498536,v2.1.0
8d3d30fb-b7cf-40c3-bf36-53b8d31f41bb,CUST00006322,658,Medium,2025-12-02 10:24:53.530055,v2.1.0
5426417d-4c04-4ebb-b356-3937aee94ba9,CUST00001739,749,Very Low,2026-01-06 05:10:28.193143,v2.1.0
8599e3f3-cbc1-4061-a354-9e92ae5b3180,CUST00001334,367,High,2026-03-15 14:17:44.445755,v2.1.0
bb07c898-dcc7-4b99-a2fe-95927883bd2c,CUST00009846,350,High,2026-02-13 07:19:34.211936,v2.1.0
5d6eb89f-3da5-40c7-b794-e718233320d6,CUST00006017,674,Low,2026-06-21 15:22:48.393610,v2.1.0
eee3f880-726d-44e5-a3dd-28ce9ec0fe5b,CUST00001272,459,High,2026-04-27 02:51:34.934648,v2.1.0
d66883d4-5e27-4a89-9103-552837dccd89,CUST00002443,414,High,2026-01-25 19:44:04.099821,v2.1.0
34041cf1-a1e3-478b-811b-bd365224a477,CUST00006990,589,Medium,2025-09-03 04:23:19.923687,v2.1.0
575dadf5-464e-47f7-a551-4ae46ad08ab6,CUST00009440,473,High,2025-11-13 06:41:05.095306,v2.1.0
937c2b7d-2604-4799-a9f2-c8b84166c103,CUST00003354,300,High,2026-07-01 18:54:48.719927,v2.1.0
baca8f5e-6bb0-480a-b25e-b186f36da6d6,CUST00009098,453,High,2025-11-22 01:13:33.967087,v2.1.0
5bae450a-81cc-4706-9da6-cc9c93c73e56,CUST00004548,582,Medium,2026-02-28 10:32:41.321750,v2.1.0
3c61d8a6-528b-4881-8c25-f1e8a6d64bbb,CUST00005415,351,High,2025-12-12 09:17:29.857456,v2.1.0
99230b6f-15a8-452a-9d2e-3170eb01e7f3,CUST00005461,712,Low,2025-08-03 07:44:41.759930,v2.1.0
2d481848-05e6-4910-ae4d-f9124927c52b,CUST00008278,593,Medium,2026-05-25 02:36:28.144602,v2.1.0
596ac491-99a6-4cb3-8d32-e9f3e20def4f,CUST00002536,565,High,2025-09-14 01:14:15.959245,v2.1.0
eae51399-64e7-4d14-a709-7aa6c4b3fafc,CUST00004415,315,High,2025-08-22 04:09:26.213281,v2.1.0
7391fd03-a975-4fe9-9092-529753851bd4,CUST00007503,300,High,2025-08-25 17:00:35.236048,v2.1.0
3ebd755e-b99c-4f44-8ec2-b3cfac418893,CUST00006644,818,Very Low,2026-06-24 03:10:37.826864,v2.1.0
c61f3a69-4b4e-40a8-ae7b-789c18d8a9c1,CUST00009696,445,High,2026-01-07 22:01:44.473458,v2.1.0
a251ed49-8206-42cc-828b-7508c5ca43d4,CUST00009389,783,Very Low,2026-04-21 11:05:21.576129,v2.1.0
119f247d-bf15-42c8-b72d-d2d8a555a0bd,CUST00007688,694,Low,2026-07-11 07:59:46.130984,v2.1.0
8012e0f0-0e70-4c4c-8db8-4294c9b531d7,CUST00000053,300,High,2026-05-09 05:30:36.924747,v2.1.0
67d0e25e-90db-428e-84cb-a6192c2d3aee,CUST00004446,300,High,2026-04-11 12:06:54.612961,v2.1.0
f9214e9e-93fc-4c1e-9fe4-a28893178641,CUST00001355,629,Medium,2025-10-12 08:02:11.070432,v2.1.0
c2da2911-c191-4533-99f2-5b41355843bc,CUST00007401,403,High,2026-06-11 13:17:16.477392,v2.1.0
6f60d55f-d7ff-465a-bbe5-c394165b505a,CUST00000321,433,High,2025-09-19 11:07:52.655420,v2.1.0
f95a0c7e-7eac-4176-bb66-d6b7bca43053,CUST00009798,558,High,2026-06-08 21:06:35.151154,v2.1.0
232a4663-22f5-4d8a-8bfa-362c1825a96e,CUST00007512,375,High,2026-04-19 23:11:23.890285,v2.1.0
905f25a1-3582-4d3c-9e7f-4e2b0133a43d,CUST00004165,702,Low,2025-12-18 08:01:06.227506,v2.1.0
2e85b7ab-aeb0-49d3-8ac6-823951f1c4e7,CUST00003340,557,High,2025-08-10 10:09:29.018785,v2.1.0
6fc93a42-bdca-4fa3-8fa0-c0556da62d7a,CUST00009200,422,High,2026-02-26 09:42:26.139347,v2.1.0
0bd0c312-efea-4afe-9270-3e9f08d31bce,CUST00006559,685,Low,2025-08-28 17:21:23.941433,v2.1.0
e59d249d-9413-46c8-bfd2-a7834ffe6459,CUST00001513,572,High,2026-05-23 04:46:07.513339,v2.1.0
354c4a4b-0430-4dfe-a767-f981357288f4,CUST00007046,578,High,2025-08-13 12:46:13.390911,v2.1.0
cb5b8d00-92d5-4399-b8fb-f4049396c806,CUST00001447,345,High,2026-04-22 17:16:00.956757,v2.1.0
4be5e08f-0579-41c8-bcb0-2e2f722f6293,CUST00005903,586,Medium,2026-02-24 10:37:56.258330,v2.1.0
8554dba2-c4f4-4fb2-964c-4252285b27cf,CUST00009140,667,Medium,2026-05-20 23:06:01.472229,v2.1.0
09efe40b-5977-48f7-8dbb-bd1c1cd3b93d,CUST00005398,446,High,2026-06-20 05:31:55.213686,v2.1.0
2b2efb17-e527-45ea-8432-6e6fe2874096,CUST00001336,555,High,2025-11-12 05:06:41.548579,v2.1.0
b1bb6fe7-2f29-4cfe-8f5f-8f3405f4c9b7,CUST00009900,421,High,2026-03-30 02:46:08.274292,v2.1.0
b8839085-f8ff-4d24-9e14-4450cdcfe1ea,CUST00002111,430,High,2025-12-02 20:06:41.948782,v2.1.0
aecd9121-8cfb-44db-8134-20373fd1fb20,CUST00004162,519,High,2026-07-14 02:06:41.790029,v2.1.0
d3ab73fc-2dfd-43d0-8a33-a2c478728164,CUST00009507,373,High,2026-02-12 11:31:18.304199,v2.1.0
85de999e-919d-4ca2-8717-b5c48b1b0c42,CUST00002548,596,Medium,2025-09-28 20:43:51.630067,v2.1.0
9e2f6d41-da97-4712-908c-4cf22c7e9a4d,CUST00000418,300,High,2025-10-18 03:13:01.236462,v2.1.0
ac83017c-52f4-4cb5-bf10-f56db8903a7c,CUST00007059,542,High,2025-12-24 17:03:25.745806,v2.1.0
a323fabb-a739-4c63-ba43-6629118fb873,CUST00007230,597,Medium,2025-10-30 09:41:50.541013,v2.1.0
7ff71019-afbc-4f64-98fd-2bdb1cf6e771,CUST00001418,736,Low,2025-09-29 09:30:51.249306,v2.1.0
75e45107-36d8-4604-9de1-150bce14213b,CUST00008310,729,Low,2025-09-15 02:44:43.148830,v2.1.0
6eeefbd9-8298-46e8-9ab5-849ab6e6fed8,CUST00002156,733,Low,2026-05-11 03:48:47.732721,v2.1.0
972ab49e-05c2-4485-b70b-d8d5261dc907,CUST00008434,533,High,2026-05-09 06:32:00.692391,v2.1.0
5de3d540-c86c-4ab7-9a54-c6371475abd3,CUST00007503,538,High,2025-09-26 03:31:33.195635,v2.1.0
3a328099-900b-4009-9523-0b22a06ab74a,CUST00008970,574,High,2026-02-15 12:31:31.789855,v2.1.0
2116ede6-fe75-47e0-bafb-22e60057ed9d,CUST00006222,610,Medium,2026-03-04 16:35:01.896107,v2.1.0
6acdd833-4672-4b33-ad57-b2030082c7b6,CUST00003853,389,High,2026-03-19 03:12:16.863065,v2.1.0
e39e6339-837f-43a2-8ad0-bf527367d7c8,CUST00001185,303,High,2025-09-30 06:05:10.743258,v2.1.0
ffa86b02-bda9-4291-bedb-93dade23124f,CUST00000927,787,Very Low,2026-05-09 18:15:00.350984,v2.1.0
0c05a41e-d6a5-48e8-9f00-29744a727ea5,CUST00009584,547,High,2026-06-09 04:16:53.620816,v2.1.0
28227511-e600-436c-9210-a6e70dfc8c6c,CUST00004528,325,High,2025-11-26 05:43:56.618018,v2.1.0
22329271-2387-40f2-913c-2ca0fcd03c66,CUST00007506,652,Medium,2025-12-13 22:34:36.997059,v2.1.0
dbf76fa1-de55-4984-afb8-090eca2a41b7,CUST00008250,465,High,2026-02-02 13:06:12.353148,v2.1.0
8a885f71-d441-4b6c-b0c0-487b2b3006d8,CUST00005335,630,Medium,2025-08-13 04:44:09.161163,v2.1.0
cd5d7255-9840-44ea-83cd-0035981110ea,CUST00000311,392,High,2025-09-23 14:14:25.649357,v2.1.0
eca75cfd-bfd2-4094-b18d-cf6cbcf9dbdb,CUST00001604,496,High,2026-04-10 12:42:40.125363,v2.1.0
cc0f8991-7a2c-4cc3-b714-16217240d6a5,CUST00003006,513,High,2026-06-15 15:24:48.599215,v2.1.0
8e37b1f0-8bec-453a-a57e-375c21daf91a,CUST00007774,372,High,2026-03-09 11:33:42.580852,v2.1.0
ae1c0dd7-e34e-40bd-8d40-3adbd5440c32,CUST00005618,432,High,2026-01-15 03:15:43.297046,v2.1.0
81555a92-ff4c-4c1d-b0b2-ddd3365fed68,CUST00007307,421,High,2026-05-17 22:33:03.840455,v2.1.0
29a38c00-8c4d-4e0a-8357-1cb927d9b7ba,CUST00003478,496,High,2026-02-11 05:38:02.700830,v2.1.0
06946a52-b959-488e-b925-0757a3b01899,CUST00004476,405,High,2026-01-06 22:32:08.115588,v2.1.0
86ec6939-79bc-4000-bdab-1885614e6192,CUST00006716,342,High,2025-11-23 12:23:02.736840,v2.1.0
08ce6be8-0736-45b4-a188-79b28007a95e,CUST00003594,592,Medium,2026-02-28 19:20:39.222872,v2.1.0
546715ae-4564-4942-81d1-064f25997492,CUST00009254,608,Medium,2026-02-06 23:18:48.578006,v2.1.0
625b8fec-8c49-46d4-adb4-5c49e2b13278,CUST00004344,575,High,2025-09-06 06:28:23.788306,v2.1.0
edf41450-56e7-47f7-8088-9d6b7dfb75ed,CUST00006848,675,Low,2025-08-11 10:34:07.476116,v2.1.0
d68d1fe7-0d1f-4313-b97a-82988638a86f,CUST00004639,544,High,2025-12-21 01:22:20.395715,v2.1.0
8e8d3f2b-c045-4af8-ad42-867eaeb11c17,CUST00008791,667,Medium,2025-12-02 06:52:08.591088,v2.1.0
2db9ac08-ddab-402f-af49-93a22b47a91e,CUST00004955,829,Very Low,2025-08-12 19:06:55.686881,v2.1.0
099595a3-d7da-4065-bec9-f506b3751b9b,CUST00001112,514,High,2025-08-15 10:53:48.462702,v2.1.0
bc7962e7-ec25-4e83-93ab-2c43ff73ac7b,CUST00004404,300,High,2026-04-29 16:07:36.285116,v2.1.0
63816da4-ca39-413d-8417-a5dce5bf30bd,CUST00009207,611,Medium,2025-11-03 20:05:35.173983,v2.1.0
ff802108-2d3b-4658-a369-08236801c962,CUST00008552,624,Medium,2025-08-29 23:37:51.838866,v2.1.0
3cd27a35-da4f-4234-afa9-01665f4e3223,CUST00002863,421,High,2025-10-10 03:03:32.243133,v2.1.0
0b2d8429-978a-4122-abe8-05f1284bccc7,CUST00001670,474,High,2026-02-22 14:25:13.046749,v2.1.0
c0dba369-74b6-4428-ad91-828072aa7626,CUST00004784,300,High,2025-11-15 18:40:13.605031,v2.1.0
f0efd83f-a55d-40e2-aa33-dce59bf9782a,CUST00009655,638,Medium,2025-10-07 17:37:23.650561,v2.1.0
cf2b6176-ffe9-4591-ad39-578e6d68ee5b,CUST00008779,300,High,2026-06-26 11:08:03.717644,v2.1.0
942f9c57-f1db-4d85-ab79-3d063d6c6a57,CUST00003693,514,High,2026-06-19 18:20:00.966567,v2.1.0
d03ca893-ed96-4c26-b594-91bb154056c7,CUST00001529,557,High,2025-10-17 17:27:35.587000,v2.1.0
72a6e7b8-1a33-49f1-a852-77bd5cf022a3,CUST00005087,581,Medium,2026-03-31 18:37:55.303344,v2.1.0
284cee80-fc94-4a52-aaa4-5da2e2a8ac42,CUST00002580,408,High,2025-08-11 17:33:54.144967,v2.1.0
3f73a8b0-01df-44d4-bdc6-64e066ee222c,CUST00008254,300,High,2026-06-01 05:01:58.992220,v2.1.0
e36bdddf-e487-4f8f-ae37-c28768bab1d4,CUST00007296,450,High,2026-07-06 12:10:08.722960,v2.1.0
54713287-8cc1-4867-8da0-483896988023,CUST00007931,377,High,2025-08-14 05:23:06.924410,v2.1.0
199b5a24-1819-40d5-96a5-7a5772bd71a2,CUST00007772,742,Very Low,2026-02-13 01:20:18.431663,v2.1.0
99e70056-6312-4d11-ac79-7076b9faea82,CUST00001812,583,Medium,2026-05-25 12:48:41.207941,v2.1.0
6819c1d4-8ffb-4c27-8c2b-13e04b4a7236,CUST00004402,300,High,2026-06-23 05:55:17.191006,v2.1.0
b20e5b48-f326-45bb-bff6-5e5883c21d65,CUST00000064,427,High,2026-01-16 13:11:56.420288,v2.1.0
f75a2fb9-03a9-4ee2-a3c2-6b642d882277,CUST00005006,421,High,2025-12-10 17:22:14.388536,v2.1.0
636b7b15-63bb-4fcc-8126-d844c144b7f3,CUST00007201,300,High,2025-08-07 14:28:17.256221,v2.1.0
06b0b918-7c64-4705-aa82-afed1f471d62,CUST00009991,492,High,2026-03-29 16:10:53.487606,v2.1.0
d960bd93-c3f2-4e90-a0ea-9e4197119004,CUST00004096,300,High,2025-08-27 09:48:21.408594,v2.1.0
249254f5-bbb6-4436-87b0-1aaffc5418d9,CUST00002609,680,Low,2026-01-05 22:23:35.705961,v2.1.0
1dd51222-a8bc-4235-b7a7-711e4c31e62e,CUST00006963,631,Medium,2026-06-17 23:32:21.241191,v2.1.0
9485b6e0-9a6b-4cbe-b3db-63fb7d8e58af,CUST00009967,300,High,2025-10-21 23:46:01.343795,v2.1.0
67a6d990-c350-435c-bb56-3b20ca0c9680,CUST00000565,433,High,2025-07-28 20:41:13.768108,v2.1.0
e8ca14ca-5c6b-48f7-b100-de37bc4ae789,CUST00009337,300,High,2025-11-18 09:07:49.476414,v2.1.0
6a79c53c-e590-4c91-a980-21f169594516,CUST00004597,542,High,2025-10-21 04:43:41.160056,v2.1.0
296f9a3a-507d-4973-aaf1-ff14f07abcf6,CUST00009560,505,High,2025-11-17 02:24:54.764115,v2.1.0
bb467571-bcc5-43fb-8a23-4848db5d06ff,CUST00008352,700,Low,2026-04-23 05:23:54.385978,v2.1.0
4b8c8935-5f05-497f-805c-3e2448476747,CUST00007463,385,High,2025-09-06 18:52:39.465792,v2.1.0
71176975-3ec4-4c8b-b476-9f5ca90ae2a3,CUST00001419,303,High,2026-02-02 17:32:35.998175,v2.1.0
011e9ae9-b5b0-4a9a-a338-330a95c11aa5,CUST00007501,300,High,2026-04-11 22:51:31.086211,v2.1.0
6c481df7-3fc9-4be5-957d-84ec0ae2aaf6,CUST00008579,373,High,2026-06-20 10:59:48.212306,v2.1.0
cc5e4697-3fb6-4285-8710-e0bc5d255bf3,CUST00000543,613,Medium,2026-03-17 04:33:08.049831,v2.1.0
746551ce-cb25-4a10-8192-9ab8196c4c42,CUST00000279,300,High,2026-06-03 16:36:45.191080,v2.1.0
10709c97-6a69-4b31-99af-c9b54ec0f7d1,CUST00005081,560,High,2025-10-11 23:16:14.831967,v2.1.0
cb670555-93bc-438a-93cf-cc83cdcbce98,CUST00001767,396,High,2025-08-13 13:02:06.636809,v2.1.0
