customer_id,fraud_probability,risk_score,risk_band,predicted_fraud
CUST00000001,0.0,0.0,Low Risk,0
CUST00000002,0.0,0.0,Low Risk,0
CUST00000003,0.0,0.0,Low Risk,0
CUST00000004,0.0,0.0,Low Risk,0
CUST00000005,0.6138,61.38,High Risk,1
CUST00000006,0.0,0.0,Low Risk,0
CUST00000007,0.359,35.9,Medium Risk,0
CUST00000008,0.6914,69.14,High Risk,1
CUST00000009,0.6793,67.93,High Risk,1
CUST00000010,0.0,0.0,Low Risk,0
CUST00000011,0.6914,69.14,High Risk,1
CUST00000012,0.8659,86.59,Critical Risk,1
CUST00000013,0.0,0.0,Low Risk,0
CUST00000014,0.0,0.0,Low Risk,0
CUST00000015,0.4369,43.69,Medium Risk,0
CUST00000016,0.8659,86.59,Critical Risk,1
CUST00000017,0.0,0.0,Low Risk,0
CUST00000018,0.0,0.0,Low Risk,0
CUST00000019,0.0,0.0,Low Risk,0
CUST00000020,0.0,0.0,Low Risk,0
CUST00000021,0.5362,53.62,High Risk,1
CUST00000022,0.0,0.0,Low Risk,0
CUST00000023,0.6138,61.38,High Risk,1
CUST00000024,0.1,10.0,Low Risk,0
CUST00000025,0.0,0.0,Low Risk,0
CUST00000026,0.8659,86.59,Critical Risk,1
CUST00000027,0.6914,69.14,High Risk,1
CUST00000028,0.3037,30.37,Medium Risk,0
CUST00000029,0.0,0.0,Low Risk,0
CUST00000030,0.0,0.0,Low Risk,0
CUST00000031,0.0,0.0,Low Risk,0
CUST00000032,0.0,0.0,Low Risk,0
CUST00000033,0.0,0.0,Low Risk,0
CUST00000034,0.4369,43.69,Medium Risk,0
CUST00000035,0.0,0.0,Low Risk,0
CUST00000036,0.0,0.0,Low Risk,0
CUST00000037,0.4369,43.69,Medium Risk,0
CUST00000038,0.0,0.0,Low Risk,0
CUST00000039,0.8659,86.59,Critical Risk,1
CUST00000040,0.0,0.0,Low Risk,0
CUST00000041,0.0,0.0,Low Risk,0
CUST00000042,0.0,0.0,Low Risk,0
CUST00000043,0.0,0.0,Low Risk,0
CUST00000044,0.3037,30.37,Medium Risk,0
CUST00000045,0.4369,43.69,Medium Risk,0
CUST00000046,0.0,0.0,Low Risk,0
CUST00000047,0.0,0.0,Low Risk,0
CUST00000048,0.0,0.0,Low Risk,0
CUST00000049,0.8659,86.59,Critical Risk,1
CUST00000050,0.0,0.0,Low Risk,0
CUST00000051,0.0,0.0,Low Risk,0
CUST00000052,0.0,0.0,Low Risk,0
CUST00000053,0.4369,43.69,Medium Risk,0
CUST00000054,0.4369,43.69,Medium Risk,0
CUST00000055,0.3568,35.68,Medium Risk,0
CUST00000056,0.0,0.0,Low Risk,0
CUST00000057,0.8659,86.59,Critical Risk,1
CUST00000058,0.0,0.0,Low Risk,0
CUST00000059,0.8659,86.59,Critical Risk,1
CUST00000060,0.0,0.0,Low Risk,0
CUST00000061,0.0,0.0,Low Risk,0
CUST00000062,0.6914,69.14,High Risk,1
CUST00000063,0.6793,67.93,High Risk,1
CUST00000064,0.6793,67.93,High Risk,1
CUST00000065,0.8659,86.59,Critical Risk,1
CUST00000066,0.0,0.0,Low Risk,0
CUST00000067,0.0,0.0,Low Risk,0
CUST00000068,0.5362,53.62,High Risk,1
CUST00000069,0.6914,69.14,High Risk,1
CUST00000070,0.6793,67.93,High Risk,1
CUST00000071,0.0,0.0,Low Risk,0
CUST00000072,0.0,0.0,Low Risk,0
CUST00000073,0.0,0.0,Low Risk,0
CUST00000074,0.4369,43.69,Medium Risk,0
CUST00000075,0.0,0.0,Low Risk,0
CUST00000076,0.8659,86.59,Critical Risk,1
CUST00000077,0.8659,86.59,Critical Risk,1
CUST00000078,0.0,0.0,Low Risk,0
CUST00000079,0.0,0.0,Low Risk,0
CUST00000080,0.4369,43.69,Medium Risk,0
CUST00000081,0.0,0.0,Low Risk,0
CUST00000082,0.8659,86.59,Critical Risk,1
CUST00000083,0.0,0.0,Low Risk,0
CUST00000084,0.0,0.0,Low Risk,0
CUST00000085,0.4369,43.69,Medium Risk,0
CUST00000086,0.0,0.0,Low Risk,0
CUST00000087,0.6914,69.14,High Risk,1
CUST00000088,0.0,0.0,Low Risk,0
CUST00000089,0.0,0.0,Low Risk,0
CUST00000090,0.8659,86.59,Critical Risk,1
CUST00000091,0.0,0.0,Low Risk,0
CUST00000092,0.359,35.9,Medium Risk,0
CUST00000093,0.0,0.0,Low Risk,0
CUST00000094,0.6793,67.93,High Risk,1
CUST00000095,0.6914,69.14,High Risk,1
CUST00000096,0.6914,69.14,High Risk,1
CUST00000097,0.0,0.0,Low Risk,0
CUST00000098,0.6793,67.93,High Risk,1
CUST00000099,0.8659,86.59,Critical Risk,1
CUST00000100,0.0,0.0,Low Risk,0
CUST00000101,0.8659,86.59,Critical Risk,1
CUST00000102,0.0,0.0,Low Risk,0
CUST00000103,0.0,0.0,Low Risk,0
CUST00000104,0.0,0.0,Low Risk,0
CUST00000105,0.8659,86.59,Critical Risk,1
CUST00000106,0.8659,86.59,Critical Risk,1
CUST00000107,0.5362,53.62,High Risk,1
CUST00000108,0.8659,86.59,Critical Risk,1
CUST00000109,0.6793,67.93,High Risk,1
CUST00000110,0.0,0.0,Low Risk,0
CUST00000111,0.6914,69.14,High Risk,1
CUST00000112,0.6793,67.93,High Risk,1
CUST00000113,0.6914,69.14,High Risk,1
CUST00000114,0.4369,43.69,Medium Risk,0
CUST00000115,0.1,10.0,Low Risk,0
CUST00000116,0.6914,69.14,High Risk,1
CUST00000117,0.4369,43.69,Medium Risk,0
CUST00000118,0.5362,53.62,High Risk,1
CUST00000119,0.0,0.0,Low Risk,0
CUST00000120,0.0,0.0,Low Risk,0
CUST00000121,0.8659,86.59,Critical Risk,1
CUST00000122,0.0,0.0,Low Risk,0
CUST00000123,0.0,0.0,Low Risk,0
CUST00000124,0.0,0.0,Low Risk,0
CUST00000125,0.8659,86.59,Critical Risk,1
CUST00000126,0.0,0.0,Low Risk,0
CUST00000127,0.0,0.0,Low Risk,0
CUST00000128,0.0,0.0,Low Risk,0
CUST00000129,0.6793,67.93,High Risk,1
CUST00000130,0.4369,43.69,Medium Risk,0
CUST00000131,0.6138,61.38,High Risk,1
CUST00000132,0.4369,43.69,Medium Risk,0
CUST00000133,0.6793,67.93,High Risk,1
CUST00000134,0.6793,67.93,High Risk,1
CUST00000135,0.0,0.0,Low Risk,0
CUST00000136,0.0,0.0,Low Risk,0
CUST00000137,0.0,0.0,Low Risk,0
CUST00000138,0.6793,67.93,High Risk,1
CUST00000139,0.0,0.0,Low Risk,0
CUST00000140,0.4369,43.69,Medium Risk,0
CUST00000141,0.0,0.0,Low Risk,0
CUST00000142,0.0,0.0,Low Risk,0
CUST00000143,0.0,0.0,Low Risk,0
CUST00000144,0.5362,53.62,High Risk,1
CUST00000145,0.4369,43.69,Medium Risk,0
CUST00000146,0.8659,86.59,Critical Risk,1
CUST00000147,0.0,0.0,Low Risk,0
CUST00000148,0.0,0.0,Low Risk,0
CUST00000149,0.0,0.0,Low Risk,0
CUST00000150,0.6793,67.93,High Risk,1
CUST00000151,0.0,0.0,Low Risk,0
CUST00000152,0.6138,61.38,High Risk,1
CUST00000153,0.3568,35.68,Medium Risk,0
CUST00000154,0.0,0.0,Low Risk,0
CUST00000155,0.5362,53.62,High Risk,1
CUST00000156,0.0,0.0,Low Risk,0
CUST00000157,0.6793,67.93,High Risk,1
CUST00000158,0.3037,30.37,Medium Risk,0
CUST00000159,0.0,0.0,Low Risk,0
CUST00000160,0.4369,43.69,Medium Risk,0
CUST00000161,0.8659,86.59,Critical Risk,1
CUST00000162,0.0,0.0,Low Risk,0
CUST00000163,0.6138,61.38,High Risk,1
CUST00000164,0.6914,69.14,High Risk,1
CUST00000165,0.0,0.0,Low Risk,0
CUST00000166,0.0,0.0,Low Risk,0
CUST00000167,0.6793,67.93,High Risk,1
CUST00000168,0.0,0.0,Low Risk,0
CUST00000169,0.0,0.0,Low Risk,0
CUST00000170,0.0,0.0,Low Risk,0
CUST00000171,0.0,0.0,Low Risk,0
CUST00000172,0.8659,86.59,Critical Risk,1
CUST00000173,0.6793,67.93,High Risk,1
CUST00000174,0.6793,67.93,High Risk,1
CUST00000175,0.8659,86.59,Critical Risk,1
CUST00000176,0.4369,43.69,Medium Risk,0
CUST00000177,0.6914,69.14,High Risk,1
CUST00000178,0.0,0.0,Low Risk,0
CUST00000179,0.0,0.0,Low Risk,0
CUST00000180,0.0,0.0,Low Risk,0
CUST00000181,0.0,0.0,Low Risk,0
CUST00000182,0.6793,67.93,High Risk,1
CUST00000183,0.0,0.0,Low Risk,0
CUST00000184,0.8659,86.59,Critical Risk,1
CUST00000185,0.0,0.0,Low Risk,0
CUST00000186,0.0,0.0,Low Risk,0
CUST00000187,0.8659,86.59,Critical Risk,1
CUST00000188,0.0,0.0,Low Risk,0
CUST00000189,0.0,0.0,Low Risk,0
CUST00000190,0.4369,43.69,Medium Risk,0
CUST00000191,0.0,0.0,Low Risk,0
CUST00000192,0.8659,86.59,Critical Risk,1
CUST00000193,0.8659,86.59,Critical Risk,1
CUST00000194,0.3037,30.37,Medium Risk,0
CUST00000195,0.4369,43.69,Medium Risk,0
CUST00000196,0.0,0.0,Low Risk,0
CUST00000197,0.0,0.0,Low Risk,0
CUST00000198,0.8659,86.59,Critical Risk,1
CUST00000199,0.0,0.0,Low Risk,0
CUST00000200,0.0,0.0,Low Risk,0
CUST00000201,0.0,0.0,Low Risk,0
CUST00000202,0.5362,53.62,High Risk,1
CUST00000203,0.4369,43.69,Medium Risk,0
CUST00000204,0.8659,86.59,Critical Risk,1
CUST00000205,0.6793,67.93,High Risk,1
CUST00000206,0.3037,30.37,Medium Risk,0
CUST00000207,0.0,0.0,Low Risk,0
CUST00000208,0.0,0.0,Low Risk,0
CUST00000209,0.0,0.0,Low Risk,0
CUST00000210,0.8659,86.59,Critical Risk,1
CUST00000211,0.0,0.0,Low Risk,0
CUST00000212,0.8659,86.59,Critical Risk,1
CUST00000213,0.0,0.0,Low Risk,0
CUST00000214,0.3037,30.37,Medium Risk,0
CUST00000215,0.3568,35.68,Medium Risk,0
CUST00000216,0.0,0.0,Low Risk,0
CUST00000217,0.0,0.0,Low Risk,0
CUST00000218,0.0,0.0,Low Risk,0
CUST00000219,0.0,0.0,Low Risk,0
CUST00000220,0.0,0.0,Low Risk,0
CUST00000221,0.0,0.0,Low Risk,0
CUST00000222,0.0,0.0,Low Risk,0
CUST00000223,0.0,0.0,Low Risk,0
CUST00000224,0.0,0.0,Low Risk,0
CUST00000225,0.8659,86.59,Critical Risk,1
CUST00000226,0.0,0.0,Low Risk,0
CUST00000227,0.8659,86.59,Critical Risk,1
CUST00000228,0.3037,30.37,Medium Risk,0
CUST00000229,0.6914,69.14,High Risk,1
CUST00000230,0.0,0.0,Low Risk,0
CUST00000231,0.0,0.0,Low Risk,0
CUST00000232,0.3037,30.37,Medium Risk,0
CUST00000233,0.8659,86.59,Critical Risk,1
CUST00000234,0.8659,86.59,Critical Risk,1
CUST00000235,0.6138,61.38,High Risk,1
CUST00000236,0.5362,53.62,High Risk,1
CUST00000237,0.5362,53.62,High Risk,1
CUST00000238,0.3568,35.68,Medium Risk,0
CUST00000239,0.6914,69.14,High Risk,1
CUST00000240,0.0,0.0,Low Risk,0
CUST00000241,0.1,10.0,Low Risk,0
CUST00000242,0.6793,67.93,High Risk,1
CUST00000243,0.0,0.0,Low Risk,0
CUST00000244,0.0,0.0,Low Risk,0
CUST00000245,0.0,0.0,Low Risk,0
CUST00000246,0.0,0.0,Low Risk,0
CUST00000247,0.8659,86.59,Critical Risk,1
CUST00000248,0.0,0.0,Low Risk,0
CUST00000249,0.8659,86.59,Critical Risk,1
CUST00000250,0.8659,86.59,Critical Risk,1
CUST00000251,0.8659,86.59,Critical Risk,1
CUST00000252,0.0,0.0,Low Risk,0
CUST00000253,0.0,0.0,Low Risk,0
CUST00000254,0.4369,43.69,Medium Risk,0
CUST00000255,0.0,0.0,Low Risk,0
CUST00000256,0.5362,53.62,High Risk,1
CUST00000257,0.0,0.0,Low Risk,0
CUST00000258,0.0,0.0,Low Risk,0
CUST00000259,0.8659,86.59,Critical Risk,1
CUST00000260,0.0,0.0,Low Risk,0
CUST00000261,0.6914,69.14,High Risk,1
CUST00000262,0.4369,43.69,Medium Risk,0
CUST00000263,0.5362,53.62,High Risk,1
CUST00000264,0.0,0.0,Low Risk,0
CUST00000265,0.5362,53.62,High Risk,1
CUST00000266,0.0,0.0,Low Risk,0
CUST00000267,0.0,0.0,Low Risk,0
CUST00000268,0.0,0.0,Low Risk,0
CUST00000269,0.8659,86.59,Critical Risk,1
CUST00000270,0.8659,86.59,Critical Risk,1
CUST00000271,0.8659,86.59,Critical Risk,1
CUST00000272,0.8659,86.59,Critical Risk,1
CUST00000273,0.1,10.0,Low Risk,0
CUST00000274,0.0,0.0,Low Risk,0
CUST00000275,0.0,0.0,Low Risk,0
CUST00000276,0.0,0.0,Low Risk,0
CUST00000277,0.6914,69.14,High Risk,1
CUST00000278,0.8659,86.59,Critical Risk,1
CUST00000279,0.4369,43.69,Medium Risk,0
CUST00000280,0.5362,53.62,High Risk,1
CUST00000281,0.0,0.0,Low Risk,0
CUST00000282,0.6793,67.93,High Risk,1
CUST00000283,0.8659,86.59,Critical Risk,1
CUST00000284,0.3568,35.68,Medium Risk,0
CUST00000285,0.6793,67.93,High Risk,1
CUST00000286,0.0,0.0,Low Risk,0
CUST00000287,0.0,0.0,Low Risk,0
CUST00000288,0.0,0.0,Low Risk,0
CUST00000289,0.0,0.0,Low Risk,0
CUST00000290,0.8659,86.59,Critical Risk,1
CUST00000291,0.0,0.0,Low Risk,0
CUST00000292,0.0,0.0,Low Risk,0
CUST00000293,0.0,0.0,Low Risk,0
CUST00000294,0.0,0.0,Low Risk,0
CUST00000295,0.0,0.0,Low Risk,0
CUST00000296,0.6793,67.93,High Risk,1
CUST00000297,0.6138,61.38,High Risk,1
CUST00000298,0.0,0.0,Low Risk,0
CUST00000299,0.0,0.0,Low Risk,0
CUST00000300,0.0,0.0,Low Risk,0
CUST00000301,0.0,0.0,Low Risk,0
CUST00000302,0.0,0.0,Low Risk,0
CUST00000303,0.0,0.0,Low Risk,0
CUST00000304,0.8659,86.59,Critical Risk,1
CUST00000305,0.4369,43.69,Medium Risk,0
CUST00000306,0.5362,53.62,High Risk,1
CUST00000307,0.0,0.0,Low Risk,0
CUST00000308,0.0,0.0,Low Risk,0
CUST00000309,0.0,0.0,Low Risk,0
CUST00000310,0.0,0.0,Low Risk,0
CUST00000311,0.3037,30.37,Medium Risk,0
CUST00000312,0.0,0.0,Low Risk,0
CUST00000313,0.6793,67.93,High Risk,1
CUST00000314,0.0,0.0,Low Risk,0
CUST00000315,0.0,0.0,Low Risk,0
CUST00000316,0.0,0.0,Low Risk,0
CUST00000317,0.0,0.0,Low Risk,0
CUST00000318,0.6138,61.38,High Risk,1
CUST00000319,0.0,0.0,Low Risk,0
CUST00000320,0.5362,53.62,High Risk,1
CUST00000321,0.8659,86.59,Critical Risk,1
CUST00000322,0.0,0.0,Low Risk,0
CUST00000323,0.0,0.0,Low Risk,0
CUST00000324,0.0,0.0,Low Risk,0
CUST00000325,0.8659,86.59,Critical Risk,1
CUST00000326,0.6138,61.38,High Risk,1
CUST00000327,0.0,0.0,Low Risk,0
CUST00000328,0.0,0.0,Low Risk,0
CUST00000329,0.8659,86.59,Critical Risk,1
CUST00000330,0.0,0.0,Low Risk,0
CUST00000331,0.0,0.0,Low Risk,0
CUST00000332,0.5362,53.62,High Risk,1
CUST00000333,0.359,35.9,Medium Risk,0
CUST00000334,0.6793,67.93,High Risk,1
CUST00000335,0.0,0.0,Low Risk,0
CUST00000336,0.0,0.0,Low Risk,0
CUST00000337,0.8659,86.59,Critical Risk,1
CUST00000338,0.3037,30.37,Medium Risk,0
CUST00000339,0.359,35.9,Medium Risk,0
CUST00000340,0.0,0.0,Low Risk,0
CUST00000341,0.8659,86.59,Critical Risk,1
CUST00000342,0.6793,67.93,High Risk,1
CUST00000343,0.4369,43.69,Medium Risk,0
CUST00000344,0.0,0.0,Low Risk,0
CUST00000345,0.0,0.0,Low Risk,0
CUST00000346,0.6793,67.93,High Risk,1
CUST00000347,0.0,0.0,Low Risk,0
CUST00000348,0.8659,86.59,Critical Risk,1
CUST00000349,0.0,0.0,Low Risk,0
CUST00000350,0.0,0.0,Low Risk,0
CUST00000351,0.4369,43.69,Medium Risk,0
CUST00000352,0.0,0.0,Low Risk,0
CUST00000353,0.6138,61.38,High Risk,1
CUST00000354,0.0,0.0,Low Risk,0
CUST00000355,0.8659,86.59,Critical Risk,1
CUST00000356,0.6793,67.93,High Risk,1
CUST00000357,0.0,0.0,Low Risk,0
CUST00000358,0.6914,69.14,High Risk,1
CUST00000359,0.0,0.0,Low Risk,0
CUST00000360,0.0,0.0,Low Risk,0
CUST00000361,0.0,0.0,Low Risk,0
CUST00000362,0.0,0.0,Low Risk,0
CUST00000363,0.0,0.0,Low Risk,0
CUST00000364,0.3037,30.37,Medium Risk,0
CUST00000365,0.8659,86.59,Critical Risk,1
CUST00000366,0.5362,53.62,High Risk,1
CUST00000367,0.0,0.0,Low Risk,0
CUST00000368,0.0,0.0,Low Risk,0
CUST00000369,0.4369,43.69,Medium Risk,0
CUST00000370,0.1,10.0,Low Risk,0
CUST00000371,0.8659,86.59,Critical Risk,1
CUST00000372,0.8659,86.59,Critical Risk,1
CUST00000373,0.6914,69.14,High Risk,1
CUST00000374,0.0,0.0,Low Risk,0
CUST00000375,0.0,0.0,Low Risk,0
CUST00000376,0.8659,86.59,Critical Risk,1
CUST00000377,0.6914,69.14,High Risk,1
CUST00000378,0.4369,43.69,Medium Risk,0
CUST00000379,0.8659,86.59,Critical Risk,1
CUST00000380,0.0,0.0,Low Risk,0
CUST00000381,0.0,0.0,Low Risk,0
CUST00000382,0.0,0.0,Low Risk,0
CUST00000383,0.0,0.0,Low Risk,0
CUST00000384,0.0,0.0,Low Risk,0
CUST00000385,0.6793,67.93,High Risk,1
CUST00000386,0.0,0.0,Low Risk,0
CUST00000387,0.8659,86.59,Critical Risk,1
CUST00000388,0.0,0.0,Low Risk,0
CUST00000389,0.6914,69.14,High Risk,1
CUST00000390,0.6793,67.93,High Risk,1
CUST00000391,0.8659,86.59,Critical Risk,1
CUST00000392,0.8659,86.59,Critical Risk,1
CUST00000393,0.0,0.0,Low Risk,0
CUST00000394,0.359,35.9,Medium Risk,0
CUST00000395,0.0,0.0,Low Risk,0
CUST00000396,0.0,0.0,Low Risk,0
CUST00000397,0.0,0.0,Low Risk,0
CUST00000398,0.4369,43.69,Medium Risk,0
CUST00000399,0.3568,35.68,Medium Risk,0
CUST00000400,0.0,0.0,Low Risk,0
CUST00000401,0.5362,53.62,High Risk,1
CUST00000402,0.0,0.0,Low Risk,0
CUST00000403,0.5362,53.62,High Risk,1
CUST00000404,0.6793,67.93,High Risk,1
CUST00000405,0.0,0.0,Low Risk,0
CUST00000406,0.0,0.0,Low Risk,0
CUST00000407,0.0,0.0,Low Risk,0
CUST00000408,0.0,0.0,Low Risk,0
CUST00000409,0.0,0.0,Low Risk,0
CUST00000410,0.0,0.0,Low Risk,0
CUST00000411,0.0,0.0,Low Risk,0
CUST00000412,0.0,0.0,Low Risk,0
CUST00000413,0.4369,43.69,Medium Risk,0
CUST00000414,0.0,0.0,Low Risk,0
CUST00000415,0.0,0.0,Low Risk,0
CUST00000416,0.359,35.9,Medium Risk,0
CUST00000417,0.6914,69.14,High Risk,1
CUST00000418,0.4369,43.69,Medium Risk,0
CUST00000419,0.6914,69.14,High Risk,1
CUST00000420,0.8659,86.59,Critical Risk,1
CUST00000421,0.0,0.0,Low Risk,0
CUST00000422,0.0,0.0,Low Risk,0
CUST00000423,0.8659,86.59,Critical Risk,1
CUST00000424,0.3568,35.68,Medium Risk,0
CUST00000425,0.0,0.0,Low Risk,0
CUST00000426,0.4369,43.69,Medium Risk,0
CUST00000427,0.0,0.0,Low Risk,0
CUST00000428,0.9744,97.44,Critical Risk,1
CUST00000429,0.0,0.0,Low Risk,0
CUST00000430,0.6914,69.14,High Risk,1
CUST00000431,0.4369,43.69,Medium Risk,0
CUST00000432,0.0,0.0,Low Risk,0
CUST00000433,0.4369,43.69,Medium Risk,0
CUST00000434,0.0,0.0,Low Risk,0
CUST00000435,0.0,0.0,Low Risk,0
CUST00000436,0.4369,43.69,Medium Risk,0
CUST00000437,0.8659,86.59,Critical Risk,1
CUST00000438,0.6138,61.38,High Risk,1
CUST00000439,0.0,0.0,Low Risk,0
CUST00000440,0.0,0.0,Low Risk,0
CUST00000441,0.0,0.0,Low Risk,0
CUST00000442,0.0,0.0,Low Risk,0
CUST00000443,0.8659,86.59,Critical Risk,1
CUST00000444,0.8659,86.59,Critical Risk,1
CUST00000445,0.3037,30.37,Medium Risk,0
CUST00000446,0.5362,53.62,High Risk,1
CUST00000447,0.0,0.0,Low Risk,0
CUST00000448,0.0,0.0,Low Risk,0
CUST00000449,0.0,0.0,Low Risk,0
CUST00000450,0.4369,43.69,Medium Risk,0
CUST00000451,0.0,0.0,Low Risk,0
CUST00000452,0.0,0.0,Low Risk,0
CUST00000453,0.5362,53.62,High Risk,1
CUST00000454,0.0,0.0,Low Risk,0
CUST00000455,0.0,0.0,Low Risk,0
CUST00000456,0.8659,86.59,Critical Risk,1
CUST00000457,0.6793,67.93,High Risk,1
CUST00000458,0.0,0.0,Low Risk,0
CUST00000459,0.5362,53.62,High Risk,1
CUST00000460,0.4369,43.69,Medium Risk,0
CUST00000461,0.0,0.0,Low Risk,0
CUST00000462,0.3568,35.68,Medium Risk,0
CUST00000463,0.0,0.0,Low Risk,0
CUST00000464,0.6793,67.93,High Risk,1
CUST00000465,0.5362,53.62,High Risk,1
CUST00000466,0.3037,30.37,Medium Risk,0
CUST00000467,0.359,35.9,Medium Risk,0
CUST00000468,0.0,0.0,Low Risk,0
CUST00000469,0.6793,67.93,High Risk,1
CUST00000470,0.0,0.0,Low Risk,0
CUST00000471,0.0,0.0,Low Risk,0
CUST00000472,0.0,0.0,Low Risk,0
CUST00000473,0.0,0.0,Low Risk,0
CUST00000474,0.6138,61.38,High Risk,1
CUST00000475,0.0,0.0,Low Risk,0
CUST00000476,0.6138,61.38,High Risk,1
CUST00000477,0.0,0.0,Low Risk,0
CUST00000478,0.0,0.0,Low Risk,0
CUST00000479,0.0,0.0,Low Risk,0
CUST00000480,0.3568,35.68,Medium Risk,0
CUST00000481,0.3568,35.68,Medium Risk,0
CUST00000482,0.8659,86.59,Critical Risk,1
CUST00000483,0.0,0.0,Low Risk,0
CUST00000484,0.0,0.0,Low Risk,0
CUST00000485,0.0,0.0,Low Risk,0
CUST00000486,0.0,0.0,Low Risk,0
CUST00000487,0.0,0.0,Low Risk,0
CUST00000488,0.0,0.0,Low Risk,0
CUST00000489,0.0,0.0,Low Risk,0
CUST00000490,0.8659,86.59,Critical Risk,1
CUST00000491,0.8659,86.59,Critical Risk,1
CUST00000492,0.0,0.0,Low Risk,0
CUST00000493,0.8659,86.59,Critical Risk,1
CUST00000494,0.8659,86.59,Critical Risk,1
CUST00000495,0.0,0.0,Low Risk,0
CUST00000496,0.5362,53.62,High Risk,1
CUST00000497,0.8659,86.59,Critical Risk,1
CUST00000498,0.0,0.0,Low Risk,0
CUST00000499,0.8659,86.59,Critical Risk,1
CUST00000500,0.0,0.0,Low Risk,0
CUST00000501,0.8659,86.59,Critical Risk,1
CUST00000502,0.0,0.0,Low Risk,0
CUST00000503,0.6138,61.38,High Risk,1
CUST00000504,0.0,0.0,Low Risk,0
CUST00000505,0.8659,86.59,Critical Risk,1
CUST00000506,0.0,0.0,Low Risk,0
CUST00000507,0.0,0.0,Low Risk,0
CUST00000508,0.8659,86.59,Critical Risk,1
CUST00000509,0.8659,86.59,Critical Risk,1
CUST00000510,0.0,0.0,Low Risk,0
CUST00000511,0.3568,35.68,Medium Risk,0
CUST00000512,0.0,0.0,Low Risk,0
CUST00000513,0.0,0.0,Low Risk,0
CUST00000514,0.0,0.0,Low Risk,0
CUST00000515,0.8659,86.59,Critical Risk,1
CUST00000516,0.4369,43.69,Medium Risk,0
CUST00000517,0.0,0.0,Low Risk,0
CUST00000518,0.0,0.0,Low Risk,0
CUST00000519,0.0,0.0,Low Risk,0
CUST00000520,0.359,35.9,Medium Risk,0
CUST00000521,0.0,0.0,Low Risk,0
CUST00000522,0.8659,86.59,Critical Risk,1
CUST00000523,0.0,0.0,Low Risk,0
CUST00000524,0.5362,53.62,High Risk,1
CUST00000525,0.1,10.0,Low Risk,0
CUST00000526,0.0,0.0,Low Risk,0
CUST00000527,0.6138,61.38,High Risk,1
CUST00000528,0.8659,86.59,Critical Risk,1
CUST00000529,0.6793,67.93,High Risk,1
CUST00000530,0.0,0.0,Low Risk,0
CUST00000531,0.0,0.0,Low Risk,0
CUST00000532,0.0,0.0,Low Risk,0
CUST00000533,0.0,0.0,Low Risk,0
CUST00000534,0.6793,67.93,High Risk,1
CUST00000535,0.0,0.0,Low Risk,0
CUST00000536,0.0,0.0,Low Risk,0
CUST00000537,0.0,0.0,Low Risk,0
CUST00000538,0.6138,61.38,High Risk,1
CUST00000539,0.0,0.0,Low Risk,0
CUST00000540,0.6138,61.38,High Risk,1
CUST00000541,0.0,0.0,Low Risk,0
CUST00000542,0.0,0.0,Low Risk,0
CUST00000543,0.0,0.0,Low Risk,0
CUST00000544,0.3568,35.68,Medium Risk,0
CUST00000545,0.5362,53.62,High Risk,1
CUST00000546,0.8659,86.59,Critical Risk,1
CUST00000547,0.359,35.9,Medium Risk,0
CUST00000548,0.0,0.0,Low Risk,0
CUST00000549,0.5362,53.62,High Risk,1
CUST00000550,0.0,0.0,Low Risk,0
CUST00000551,0.8659,86.59,Critical Risk,1
CUST00000552,0.0,0.0,Low Risk,0
CUST00000553,0.0,0.0,Low Risk,0
CUST00000554,0.0,0.0,Low Risk,0
CUST00000555,0.0,0.0,Low Risk,0
CUST00000556,0.0,0.0,Low Risk,0
CUST00000557,0.8659,86.59,Critical Risk,1
CUST00000558,0.8659,86.59,Critical Risk,1
CUST00000559,0.0,0.0,Low Risk,0
CUST00000560,0.6138,61.38,High Risk,1
CUST00000561,0.5362,53.62,High Risk,1
CUST00000562,0.6138,61.38,High Risk,1
CUST00000563,0.8659,86.59,Critical Risk,1
CUST00000564,0.0,0.0,Low Risk,0
CUST00000565,0.8659,86.59,Critical Risk,1
CUST00000566,0.8659,86.59,Critical Risk,1
CUST00000567,0.0,0.0,Low Risk,0
CUST00000568,0.0,0.0,Low Risk,0
CUST00000569,0.0,0.0,Low Risk,0
CUST00000570,0.0,0.0,Low Risk,0
CUST00000571,0.0,0.0,Low Risk,0
CUST00000572,0.0,0.0,Low Risk,0
CUST00000573,0.6138,61.38,High Risk,1
CUST00000574,0.0,0.0,Low Risk,0
CUST00000575,0.0,0.0,Low Risk,0
CUST00000576,0.0,0.0,Low Risk,0
CUST00000577,0.0,0.0,Low Risk,0
CUST00000578,0.0,0.0,Low Risk,0
CUST00000579,0.0,0.0,Low Risk,0
CUST00000580,0.359,35.9,Medium Risk,0
CUST00000581,0.0,0.0,Low Risk,0
CUST00000582,0.0,0.0,Low Risk,0
CUST00000583,0.0,0.0,Low Risk,0
CUST00000584,0.0,0.0,Low Risk,0
CUST00000585,0.8659,86.59,Critical Risk,1
CUST00000586,0.6793,67.93,High Risk,1
CUST00000587,0.0,0.0,Low Risk,0
CUST00000588,0.3568,35.68,Medium Risk,0
CUST00000589,0.0,0.0,Low Risk,0
CUST00000590,0.5362,53.62,High Risk,1
CUST00000591,0.0,0.0,Low Risk,0
CUST00000592,0.8659,86.59,Critical Risk,1
CUST00000593,0.0,0.0,Low Risk,0
CUST00000594,0.8659,86.59,Critical Risk,1
CUST00000595,0.5362,53.62,High Risk,1
CUST00000596,0.8659,86.59,Critical Risk,1
CUST00000597,0.5362,53.62,High Risk,1
CUST00000598,0.0,0.0,Low Risk,0
CUST00000599,0.359,35.9,Medium Risk,0
CUST00000600,0.359,35.9,Medium Risk,0
CUST00000601,0.0,0.0,Low Risk,0
CUST00000602,0.0,0.0,Low Risk,0
CUST00000603,0.5362,53.62,High Risk,1
CUST00000604,0.4369,43.69,Medium Risk,0
CUST00000605,0.0,0.0,Low Risk,0
CUST00000606,0.0,0.0,Low Risk,0
CUST00000607,0.0,0.0,Low Risk,0
CUST00000608,0.6914,69.14,High Risk,1
CUST00000609,0.0,0.0,Low Risk,0
CUST00000610,0.3037,30.37,Medium Risk,0
CUST00000611,0.4369,43.69,Medium Risk,0
CUST00000612,0.6793,67.93,High Risk,1
CUST00000613,0.6793,67.93,High Risk,1
CUST00000614,0.6138,61.38,High Risk,1
CUST00000615,0.0,0.0,Low Risk,0
CUST00000616,0.0,0.0,Low Risk,0
CUST00000617,0.4369,43.69,Medium Risk,0
CUST00000618,0.8659,86.59,Critical Risk,1
CUST00000619,0.6793,67.93,High Risk,1
CUST00000620,0.6138,61.38,High Risk,1
CUST00000621,0.4369,43.69,Medium Risk,0
CUST00000622,0.0,0.0,Low Risk,0
CUST00000623,0.0,0.0,Low Risk,0
CUST00000624,0.359,35.9,Medium Risk,0
CUST00000625,0.0,0.0,Low Risk,0
CUST00000626,0.5362,53.62,High Risk,1
CUST00000627,0.0,0.0,Low Risk,0
CUST00000628,0.6793,67.93,High Risk,1
CUST00000629,0.0,0.0,Low Risk,0
CUST00000630,0.0,0.0,Low Risk,0
CUST00000631,0.8659,86.59,Critical Risk,1
CUST00000632,0.3037,30.37,Medium Risk,0
CUST00000633,0.8659,86.59,Critical Risk,1
CUST00000634,0.0,0.0,Low Risk,0
CUST00000635,0.8659,86.59,Critical Risk,1
CUST00000636,0.0,0.0,Low Risk,0
CUST00000637,0.4369,43.69,Medium Risk,0
CUST00000638,0.6793,67.93,High Risk,1
CUST00000639,0.0,0.0,Low Risk,0
CUST00000640,0.6914,69.14,High Risk,1
CUST00000641,0.0,0.0,Low Risk,0
CUST00000642,0.6138,61.38,High Risk,1
CUST00000643,0.3568,35.68,Medium Risk,0
CUST00000644,0.0,0.0,Low Risk,0
CUST00000645,0.3568,35.68,Medium Risk,0
CUST00000646,0.8659,86.59,Critical Risk,1
CUST00000647,0.6138,61.38,High Risk,1
CUST00000648,0.0,0.0,Low Risk,0
CUST00000649,0.6914,69.14,High Risk,1
CUST00000650,0.6793,67.93,High Risk,1
CUST00000651,0.0,0.0,Low Risk,0
CUST00000652,0.0,0.0,Low Risk,0
CUST00000653,0.3037,30.37,Medium Risk,0
CUST00000654,0.5362,53.62,High Risk,1
CUST00000655,0.5362,53.62,High Risk,1
CUST00000656,0.0,0.0,Low Risk,0
CUST00000657,0.4369,43.69,Medium Risk,0
CUST00000658,0.0,0.0,Low Risk,0
CUST00000659,0.8659,86.59,Critical Risk,1
CUST00000660,0.6138,61.38,High Risk,1
CUST00000661,0.8659,86.59,Critical Risk,1
CUST00000662,0.8659,86.59,Critical Risk,1
CUST00000663,0.8659,86.59,Critical Risk,1
CUST00000664,0.8659,86.59,Critical Risk,1
CUST00000665,0.0,0.0,Low Risk,0
CUST00000666,0.8659,86.59,Critical Risk,1
CUST00000667,0.8659,86.59,Critical Risk,1
CUST00000668,0.8659,86.59,Critical Risk,1
CUST00000669,0.0,0.0,Low Risk,0
CUST00000670,0.8659,86.59,Critical Risk,1
CUST00000671,0.0,0.0,Low Risk,0
CUST00000672,0.8659,86.59,Critical Risk,1
CUST00000673,0.4369,43.69,Medium Risk,0
CUST00000674,0.0,0.0,Low Risk,0
CUST00000675,0.0,0.0,Low Risk,0
CUST00000676,0.6914,69.14,High Risk,1
CUST00000677,0.4369,43.69,Medium Risk,0
CUST00000678,0.8659,86.59,Critical Risk,1
CUST00000679,0.8659,86.59,Critical Risk,1
CUST00000680,0.8659,86.59,Critical Risk,1
CUST00000681,0.6914,69.14,High Risk,1
CUST00000682,0.1,10.0,Low Risk,0
CUST00000683,0.359,35.9,Medium Risk,0
CUST00000684,0.0,0.0,Low Risk,0
CUST00000685,0.0,0.0,Low Risk,0
CUST00000686,0.5362,53.62,High Risk,1
CUST00000687,0.0,0.0,Low Risk,0
CUST00000688,0.0,0.0,Low Risk,0
CUST00000689,0.4369,43.69,Medium Risk,0
CUST00000690,0.5362,53.62,High Risk,1
CUST00000691,0.8659,86.59,Critical Risk,1
CUST00000692,0.6793,67.93,High Risk,1
CUST00000693,0.5362,53.62,High Risk,1
CUST00000694,0.6138,61.38,High Risk,1
CUST00000695,0.359,35.9,Medium Risk,0
CUST00000696,0.4369,43.69,Medium Risk,0
CUST00000697,0.0,0.0,Low Risk,0
CUST00000698,0.0,0.0,Low Risk,0
CUST00000699,0.8659,86.59,Critical Risk,1
CUST00000700,0.6138,61.38,High Risk,1
CUST00000701,0.0,0.0,Low Risk,0
CUST00000702,0.0,0.0,Low Risk,0
CUST00000703,0.3568,35.68,Medium Risk,0
CUST00000704,0.8659,86.59,Critical Risk,1
CUST00000705,0.0,0.0,Low Risk,0
CUST00000706,0.0,0.0,Low Risk,0
CUST00000707,0.6914,69.14,High Risk,1
CUST00000708,0.0,0.0,Low Risk,0
CUST00000709,0.0,0.0,Low Risk,0
CUST00000710,0.5362,53.62,High Risk,1
CUST00000711,0.0,0.0,Low Risk,0
CUST00000712,0.0,0.0,Low Risk,0
CUST00000713,0.0,0.0,Low Risk,0
CUST00000714,0.0,0.0,Low Risk,0
CUST00000715,0.0,0.0,Low Risk,0
CUST00000716,0.0,0.0,Low Risk,0
CUST00000717,0.0,0.0,Low Risk,0
CUST00000718,0.8659,86.59,Critical Risk,1
CUST00000719,0.0,0.0,Low Risk,0
CUST00000720,0.6914,69.14,High Risk,1
CUST00000721,0.0,0.0,Low Risk,0
CUST00000722,0.8659,86.59,Critical Risk,1
CUST00000723,0.6138,61.38,High Risk,1
CUST00000724,0.8659,86.59,Critical Risk,1
CUST00000725,0.0,0.0,Low Risk,0
CUST00000726,0.0,0.0,Low Risk,0
CUST00000727,0.8659,86.59,Critical Risk,1
CUST00000728,0.5362,53.62,High Risk,1
CUST00000729,0.8659,86.59,Critical Risk,1
CUST00000730,0.0,0.0,Low Risk,0
CUST00000731,0.0,0.0,Low Risk,0
CUST00000732,0.0,0.0,Low Risk,0
CUST00000733,0.359,35.9,Medium Risk,0
CUST00000734,0.0,0.0,Low Risk,0
CUST00000735,0.8659,86.59,Critical Risk,1
CUST00000736,0.0,0.0,Low Risk,0
CUST00000737,0.0,0.0,Low Risk,0
CUST00000738,0.8659,86.59,Critical Risk,1
CUST00000739,0.0,0.0,Low Risk,0
CUST00000740,0.4369,43.69,Medium Risk,0
CUST00000741,0.0,0.0,Low Risk,0
CUST00000742,0.0,0.0,Low Risk,0
CUST00000743,0.0,0.0,Low Risk,0
CUST00000744,0.8659,86.59,Critical Risk,1
CUST00000745,0.0,0.0,Low Risk,0
CUST00000746,0.5362,53.62,High Risk,1
CUST00000747,0.4369,43.69,Medium Risk,0
CUST00000748,0.0,0.0,Low Risk,0
CUST00000749,0.4369,43.69,Medium Risk,0
CUST00000750,0.3568,35.68,Medium Risk,0
CUST00000751,0.6793,67.93,High Risk,1
CUST00000752,0.0,0.0,Low Risk,0
CUST00000753,0.0,0.0,Low Risk,0
CUST00000754,0.0,0.0,Low Risk,0
CUST00000755,0.0,0.0,Low Risk,0
CUST00000756,0.0,0.0,Low Risk,0
CUST00000757,0.0,0.0,Low Risk,0
CUST00000758,0.0,0.0,Low Risk,0
CUST00000759,0.6793,67.93,High Risk,1
CUST00000760,0.0,0.0,Low Risk,0
CUST00000761,0.8659,86.59,Critical Risk,1
CUST00000762,0.5362,53.62,High Risk,1
CUST00000763,0.0,0.0,Low Risk,0
CUST00000764,0.0,0.0,Low Risk,0
CUST00000765,0.6914,69.14,High Risk,1
CUST00000766,0.0,0.0,Low Risk,0
CUST00000767,0.3568,35.68,Medium Risk,0
CUST00000768,0.0,0.0,Low Risk,0
CUST00000769,0.8659,86.59,Critical Risk,1
CUST00000770,0.0,0.0,Low Risk,0
CUST00000771,0.6138,61.38,High Risk,1
CUST00000772,0.6138,61.38,High Risk,1
CUST00000773,0.4369,43.69,Medium Risk,0
CUST00000774,0.8659,86.59,Critical Risk,1
CUST00000775,0.0,0.0,Low Risk,0
CUST00000776,0.0,0.0,Low Risk,0
CUST00000777,0.6793,67.93,High Risk,1
CUST00000778,0.0,0.0,Low Risk,0
CUST00000779,0.6914,69.14,High Risk,1
CUST00000780,0.6793,67.93,High Risk,1
CUST00000781,0.5362,53.62,High Risk,1
CUST00000782,0.8659,86.59,Critical Risk,1
CUST00000783,0.8659,86.59,Critical Risk,1
CUST00000784,0.8659,86.59,Critical Risk,1
CUST00000785,0.8659,86.59,Critical Risk,1
CUST00000786,0.0,0.0,Low Risk,0
CUST00000787,0.3037,30.37,Medium Risk,0
CUST00000788,0.0,0.0,Low Risk,0
CUST00000789,0.3568,35.68,Medium Risk,0
CUST00000790,0.8659,86.59,Critical Risk,1
CUST00000791,0.8659,86.59,Critical Risk,1
CUST00000792,0.8659,86.59,Critical Risk,1
CUST00000793,0.6793,67.93,High Risk,1
CUST00000794,0.8659,86.59,Critical Risk,1
CUST00000795,0.4369,43.69,Medium Risk,0
CUST00000796,0.0,0.0,Low Risk,0
CUST00000797,0.4369,43.69,Medium Risk,0
CUST00000798,0.1,10.0,Low Risk,0
CUST00000799,0.5362,53.62,High Risk,1
CUST00000800,0.4369,43.69,Medium Risk,0
CUST00000801,0.0,0.0,Low Risk,0
CUST00000802,0.4369,43.69,Medium Risk,0
CUST00000803,0.0,0.0,Low Risk,0
CUST00000804,0.0,0.0,Low Risk,0
CUST00000805,0.8659,86.59,Critical Risk,1
CUST00000806,0.4369,43.69,Medium Risk,0
CUST00000807,0.0,0.0,Low Risk,0
CUST00000808,0.0,0.0,Low Risk,0
CUST00000809,0.0,0.0,Low Risk,0
CUST00000810,0.6793,67.93,High Risk,1
CUST00000811,0.3037,30.37,Medium Risk,0
CUST00000812,0.0,0.0,Low Risk,0
CUST00000813,0.0,0.0,Low Risk,0
CUST00000814,0.8659,86.59,Critical Risk,1
CUST00000815,0.0,0.0,Low Risk,0
CUST00000816,0.8659,86.59,Critical Risk,1
CUST00000817,0.0,0.0,Low Risk,0
CUST00000818,0.0,0.0,Low Risk,0
CUST00000819,0.5362,53.62,High Risk,1
CUST00000820,0.0,0.0,Low Risk,0
CUST00000821,0.0,0.0,Low Risk,0
CUST00000822,0.359,35.9,Medium Risk,0
CUST00000823,0.0,0.0,Low Risk,0
CUST00000824,0.0,0.0,Low Risk,0
CUST00000825,0.8659,86.59,Critical Risk,1
CUST00000826,0.8659,86.59,Critical Risk,1
CUST00000827,0.0,0.0,Low Risk,0
CUST00000828,0.8659,86.59,Critical Risk,1
CUST00000829,0.0,0.0,Low Risk,0
CUST00000830,0.0,0.0,Low Risk,0
CUST00000831,0.8659,86.59,Critical Risk,1
CUST00000832,0.0,0.0,Low Risk,0
CUST00000833,0.0,0.0,Low Risk,0
CUST00000834,0.0,0.0,Low Risk,0
CUST00000835,0.0,0.0,Low Risk,0
CUST00000836,0.0,0.0,Low Risk,0
CUST00000837,0.0,0.0,Low Risk,0
CUST00000838,0.0,0.0,Low Risk,0
CUST00000839,0.4369,43.69,Medium Risk,0
CUST00000840,0.0,0.0,Low Risk,0
CUST00000841,0.6914,69.14,High Risk,1
CUST00000842,0.0,0.0,Low Risk,0
CUST00000843,0.4369,43.69,Medium Risk,0
CUST00000844,0.0,0.0,Low Risk,0
CUST00000845,0.0,0.0,Low Risk,0
CUST00000846,0.0,0.0,Low Risk,0
CUST00000847,0.0,0.0,Low Risk,0
CUST00000848,0.8659,86.59,Critical Risk,1
CUST00000849,0.8659,86.59,Critical Risk,1
CUST00000850,0.0,0.0,Low Risk,0
CUST00000851,0.6793,67.93,High Risk,1
CUST00000852,0.4369,43.69,Medium Risk,0
CUST00000853,0.0,0.0,Low Risk,0
CUST00000854,0.0,0.0,Low Risk,0
CUST00000855,0.4369,43.69,Medium Risk,0
CUST00000856,0.6793,67.93,High Risk,1
CUST00000857,0.0,0.0,Low Risk,0
CUST00000858,0.0,0.0,Low Risk,0
CUST00000859,0.5362,53.62,High Risk,1
CUST00000860,0.0,0.0,Low Risk,0
CUST00000861,0.1,10.0,Low Risk,0
CUST00000862,0.8659,86.59,Critical Risk,1
CUST00000863,0.0,0.0,Low Risk,0
CUST00000864,0.0,0.0,Low Risk,0
CUST00000865,0.0,0.0,Low Risk,0
CUST00000866,0.0,0.0,Low Risk,0
CUST00000867,0.0,0.0,Low Risk,0
CUST00000868,0.0,0.0,Low Risk,0
CUST00000869,0.0,0.0,Low Risk,0
CUST00000870,0.8659,86.59,Critical Risk,1
CUST00000871,0.8659,86.59,Critical Risk,1
CUST00000872,0.4369,43.69,Medium Risk,0
CUST00000873,0.6914,69.14,High Risk,1
CUST00000874,0.0,0.0,Low Risk,0
CUST00000875,0.5362,53.62,High Risk,1
CUST00000876,0.0,0.0,Low Risk,0
CUST00000877,0.8659,86.59,Critical Risk,1
CUST00000878,0.0,0.0,Low Risk,0
CUST00000879,0.6914,69.14,High Risk,1
CUST00000880,0.6138,61.38,High Risk,1
CUST00000881,0.8659,86.59,Critical Risk,1
CUST00000882,0.0,0.0,Low Risk,0
CUST00000883,0.8659,86.59,Critical Risk,1
CUST00000884,0.6793,67.93,High Risk,1
CUST00000885,0.0,0.0,Low Risk,0
CUST00000886,0.0,0.0,Low Risk,0
CUST00000887,0.8659,86.59,Critical Risk,1
CUST00000888,0.3037,30.37,Medium Risk,0
CUST00000889,0.0,0.0,Low Risk,0
CUST00000890,0.8659,86.59,Critical Risk,1
CUST00000891,0.0,0.0,Low Risk,0
CUST00000892,0.0,0.0,Low Risk,0
CUST00000893,0.8659,86.59,Critical Risk,1
CUST00000894,0.4369,43.69,Medium Risk,0
CUST00000895,0.4369,43.69,Medium Risk,0
CUST00000896,0.3568,35.68,Medium Risk,0
CUST00000897,0.6138,61.38,High Risk,1
CUST00000898,0.0,0.0,Low Risk,0
CUST00000899,0.0,0.0,Low Risk,0
CUST00000900,0.359,35.9,Medium Risk,0
CUST00000901,0.0,0.0,Low Risk,0
CUST00000902,0.8659,86.59,Critical Risk,1
CUST00000903,0.0,0.0,Low Risk,0
CUST00000904,0.4369,43.69,Medium Risk,0
CUST00000905,0.0,0.0,Low Risk,0
CUST00000906,0.4369,43.69,Medium Risk,0
CUST00000907,0.8659,86.59,Critical Risk,1
CUST00000908,0.0,0.0,Low Risk,0
CUST00000909,0.6914,69.14,High Risk,1
CUST00000910,0.0,0.0,Low Risk,0
CUST00000911,0.0,0.0,Low Risk,0
CUST00000912,0.0,0.0,Low Risk,0
CUST00000913,0.0,0.0,Low Risk,0
CUST00000914,0.6914,69.14,High Risk,1
CUST00000915,0.3037,30.37,Medium Risk,0
CUST00000916,0.0,0.0,Low Risk,0
CUST00000917,0.0,0.0,Low Risk,0
CUST00000918,0.0,0.0,Low Risk,0
CUST00000919,0.5362,53.62,High Risk,1
CUST00000920,0.8659,86.59,Critical Risk,1
CUST00000921,0.8659,86.59,Critical Risk,1
CUST00000922,0.0,0.0,Low Risk,0
CUST00000923,0.0,0.0,Low Risk,0
CUST00000924,0.8659,86.59,Critical Risk,1
CUST00000925,0.5362,53.62,High Risk,1
CUST00000926,0.3568,35.68,Medium Risk,0
CUST00000927,0.8659,86.59,Critical Risk,1
CUST00000928,0.0,0.0,Low Risk,0
CUST00000929,0.0,0.0,Low Risk,0
CUST00000930,0.0,0.0,Low Risk,0
CUST00000931,0.0,0.0,Low Risk,0
CUST00000932,0.359,35.9,Medium Risk,0
CUST00000933,0.6793,67.93,High Risk,1
CUST00000934,0.8659,86.59,Critical Risk,1
CUST00000935,0.0,0.0,Low Risk,0
CUST00000936,0.0,0.0,Low Risk,0
CUST00000937,0.4369,43.69,Medium Risk,0
CUST00000938,0.0,0.0,Low Risk,0
CUST00000939,0.8659,86.59,Critical Risk,1
CUST00000940,0.4369,43.69,Medium Risk,0
CUST00000941,0.359,35.9,Medium Risk,0
CUST00000942,0.6138,61.38,High Risk,1
CUST00000943,0.0,0.0,Low Risk,0
CUST00000944,0.8659,86.59,Critical Risk,1
CUST00000945,0.5362,53.62,High Risk,1
CUST00000946,0.0,0.0,Low Risk,0
CUST00000947,0.8659,86.59,Critical Risk,1
CUST00000948,0.6138,61.38,High Risk,1
CUST00000949,0.8659,86.59,Critical Risk,1
CUST00000950,0.8659,86.59,Critical Risk,1
CUST00000951,0.8659,86.59,Critical Risk,1
CUST00000952,0.8659,86.59,Critical Risk,1
CUST00000953,0.8659,86.59,Critical Risk,1
CUST00000954,0.0,0.0,Low Risk,0
CUST00000955,0.5362,53.62,High Risk,1
CUST00000956,0.0,0.0,Low Risk,0
CUST00000957,0.6138,61.38,High Risk,1
CUST00000958,0.0,0.0,Low Risk,0
CUST00000959,0.0,0.0,Low Risk,0
CUST00000960,0.4369,43.69,Medium Risk,0
CUST00000961,0.0,0.0,Low Risk,0
CUST00000962,0.6914,69.14,High Risk,1
CUST00000963,0.0,0.0,Low Risk,0
CUST00000964,0.0,0.0,Low Risk,0
CUST00000965,0.0,0.0,Low Risk,0
CUST00000966,0.8659,86.59,Critical Risk,1
CUST00000967,0.8659,86.59,Critical Risk,1
CUST00000968,0.0,0.0,Low Risk,0
CUST00000969,0.0,0.0,Low Risk,0
CUST00000970,0.8659,86.59,Critical Risk,1
CUST00000971,0.0,0.0,Low Risk,0
CUST00000972,0.0,0.0,Low Risk,0
CUST00000973,0.0,0.0,Low Risk,0
CUST00000974,0.8659,86.59,Critical Risk,1
CUST00000975,0.8659,86.59,Critical Risk,1
CUST00000976,0.359,35.9,Medium Risk,0
CUST00000977,0.8659,86.59,Critical Risk,1
CUST00000978,0.0,0.0,Low Risk,0
CUST00000979,0.6914,69.14,High Risk,1
CUST00000980,0.0,0.0,Low Risk,0
CUST00000981,0.359,35.9,Medium Risk,0
CUST00000982,0.4369,43.69,Medium Risk,0
CUST00000983,0.0,0.0,Low Risk,0
CUST00000984,0.0,0.0,Low Risk,0
CUST00000985,0.5362,53.62,High Risk,1
CUST00000986,0.5362,53.62,High Risk,1
CUST00000987,0.0,0.0,Low Risk,0
CUST00000988,0.8659,86.59,Critical Risk,1
CUST00000989,0.0,0.0,Low Risk,0
CUST00000990,0.0,0.0,Low Risk,0
CUST00000991,0.8659,86.59,Critical Risk,1
CUST00000992,0.8659,86.59,Critical Risk,1
CUST00000993,0.8659,86.59,Critical Risk,1
CUST00000994,0.0,0.0,Low Risk,0
CUST00000995,0.6914,69.14,High Risk,1
CUST00000996,0.0,0.0,Low Risk,0
CUST00000997,0.6793,67.93,High Risk,1
CUST00000998,0.0,0.0,Low Risk,0
CUST00000999,0.6793,67.93,High Risk,1
CUST00001000,0.0,0.0,Low Risk,0
CUST00001001,0.0,0.0,Low Risk,0
CUST00001002,0.0,0.0,Low Risk,0
CUST00001003,0.6793,67.93,High Risk,1
CUST00001004,0.8659,86.59,Critical Risk,1
CUST00001005,0.6793,67.93,High Risk,1
CUST00001006,0.0,0.0,Low Risk,0
CUST00001007,0.0,0.0,Low Risk,0
CUST00001008,0.8659,86.59,Critical Risk,1
CUST00001009,0.0,0.0,Low Risk,0
CUST00001010,0.4369,43.69,Medium Risk,0
CUST00001011,0.0,0.0,Low Risk,0
CUST00001012,0.0,0.0,Low Risk,0
CUST00001013,0.0,0.0,Low Risk,0
CUST00001014,0.5362,53.62,High Risk,1
CUST00001015,0.8659,86.59,Critical Risk,1
CUST00001016,0.6138,61.38,High Risk,1
CUST00001017,0.6138,61.38,High Risk,1
CUST00001018,0.359,35.9,Medium Risk,0
CUST00001019,0.6914,69.14,High Risk,1
CUST00001020,0.0,0.0,Low Risk,0
CUST00001021,0.0,0.0,Low Risk,0
CUST00001022,0.0,0.0,Low Risk,0
CUST00001023,0.0,0.0,Low Risk,0
CUST00001024,0.0,0.0,Low Risk,0
CUST00001025,0.8659,86.59,Critical Risk,1
CUST00001026,0.6793,67.93,High Risk,1
CUST00001027,0.0,0.0,Low Risk,0
CUST00001028,0.0,0.0,Low Risk,0
CUST00001029,0.0,0.0,Low Risk,0
CUST00001030,0.3037,30.37,Medium Risk,0
CUST00001031,0.0,0.0,Low Risk,0
CUST00001032,0.8659,86.59,Critical Risk,1
CUST00001033,0.0,0.0,Low Risk,0
CUST00001034,0.6914,69.14,High Risk,1
CUST00001035,0.0,0.0,Low Risk,0
CUST00001036,0.0,0.0,Low Risk,0
CUST00001037,0.0,0.0,Low Risk,0
CUST00001038,0.0,0.0,Low Risk,0
CUST00001039,0.0,0.0,Low Risk,0
CUST00001040,0.0,0.0,Low Risk,0
CUST00001041,0.0,0.0,Low Risk,0
CUST00001042,0.4369,43.69,Medium Risk,0
CUST00001043,0.0,0.0,Low Risk,0
CUST00001044,0.4369,43.69,Medium Risk,0
CUST00001045,0.0,0.0,Low Risk,0
CUST00001046,0.8659,86.59,Critical Risk,1
CUST00001047,0.8659,86.59,Critical Risk,1
CUST00001048,0.0,0.0,Low Risk,0
CUST00001049,0.0,0.0,Low Risk,0
CUST00001050,0.0,0.0,Low Risk,0
CUST00001051,0.8659,86.59,Critical Risk,1
CUST00001052,0.8659,86.59,Critical Risk,1
CUST00001053,0.0,0.0,Low Risk,0
CUST00001054,0.0,0.0,Low Risk,0
CUST00001055,0.8659,86.59,Critical Risk,1
CUST00001056,0.3568,35.68,Medium Risk,0
CUST00001057,0.0,0.0,Low Risk,0
CUST00001058,0.0,0.0,Low Risk,0
CUST00001059,0.8659,86.59,Critical Risk,1
CUST00001060,0.8659,86.59,Critical Risk,1
CUST00001061,0.6793,67.93,High Risk,1
CUST00001062,0.0,0.0,Low Risk,0
CUST00001063,0.0,0.0,Low Risk,0
CUST00001064,0.4369,43.69,Medium Risk,0
CUST00001065,0.0,0.0,Low Risk,0
CUST00001066,0.3568,35.68,Medium Risk,0
CUST00001067,0.6793,67.93,High Risk,1
CUST00001068,0.0,0.0,Low Risk,0
CUST00001069,0.0,0.0,Low Risk,0
CUST00001070,0.8659,86.59,Critical Risk,1
CUST00001071,0.0,0.0,Low Risk,0
CUST00001072,0.0,0.0,Low Risk,0
CUST00001073,0.6138,61.38,High Risk,1
CUST00001074,0.6138,61.38,High Risk,1
CUST00001075,0.0,0.0,Low Risk,0
CUST00001076,0.6138,61.38,High Risk,1
CUST00001077,0.8659,86.59,Critical Risk,1
CUST00001078,0.3037,30.37,Medium Risk,0
CUST00001079,0.0,0.0,Low Risk,0
CUST00001080,0.6138,61.38,High Risk,1
CUST00001081,0.8659,86.59,Critical Risk,1
CUST00001082,0.6138,61.38,High Risk,1
CUST00001083,0.0,0.0,Low Risk,0
CUST00001084,0.0,0.0,Low Risk,0
CUST00001085,0.0,0.0,Low Risk,0
CUST00001086,0.3568,35.68,Medium Risk,0
CUST00001087,0.0,0.0,Low Risk,0
CUST00001088,0.0,0.0,Low Risk,0
CUST00001089,0.0,0.0,Low Risk,0
CUST00001090,0.8659,86.59,Critical Risk,1
CUST00001091,0.0,0.0,Low Risk,0
CUST00001092,0.6793,67.93,High Risk,1
CUST00001093,0.0,0.0,Low Risk,0
CUST00001094,0.8659,86.59,Critical Risk,1
CUST00001095,0.5362,53.62,High Risk,1
CUST00001096,0.0,0.0,Low Risk,0
CUST00001097,0.0,0.0,Low Risk,0
CUST00001098,0.0,0.0,Low Risk,0
CUST00001099,0.8659,86.59,Critical Risk,1
CUST00001100,0.8659,86.59,Critical Risk,1
CUST00001101,0.0,0.0,Low Risk,0
CUST00001102,0.4369,43.69,Medium Risk,0
CUST00001103,0.8659,86.59,Critical Risk,1
CUST00001104,0.0,0.0,Low Risk,0
CUST00001105,0.8659,86.59,Critical Risk,1
CUST00001106,0.0,0.0,Low Risk,0
CUST00001107,0.0,0.0,Low Risk,0
CUST00001108,0.3037,30.37,Medium Risk,0
CUST00001109,0.4369,43.69,Medium Risk,0
CUST00001110,0.0,0.0,Low Risk,0
CUST00001111,0.5362,53.62,High Risk,1
CUST00001112,0.1,10.0,Low Risk,0
CUST00001113,0.0,0.0,Low Risk,0
CUST00001114,0.0,0.0,Low Risk,0
CUST00001115,0.0,0.0,Low Risk,0
CUST00001116,0.0,0.0,Low Risk,0
CUST00001117,0.8659,86.59,Critical Risk,1
CUST00001118,0.3568,35.68,Medium Risk,0
CUST00001119,0.8659,86.59,Critical Risk,1
CUST00001120,0.0,0.0,Low Risk,0
CUST00001121,0.0,0.0,Low Risk,0
CUST00001122,0.0,0.0,Low Risk,0
CUST00001123,0.6793,67.93,High Risk,1
CUST00001124,0.0,0.0,Low Risk,0
CUST00001125,0.8659,86.59,Critical Risk,1
CUST00001126,0.8659,86.59,Critical Risk,1
CUST00001127,0.8659,86.59,Critical Risk,1
CUST00001128,0.8659,86.59,Critical Risk,1
CUST00001129,0.0,0.0,Low Risk,0
CUST00001130,0.0,0.0,Low Risk,0
CUST00001131,0.6793,67.93,High Risk,1
CUST00001132,0.359,35.9,Medium Risk,0
CUST00001133,0.8659,86.59,Critical Risk,1
CUST00001134,0.6793,67.93,High Risk,1
CUST00001135,0.8659,86.59,Critical Risk,1
CUST00001136,0.3037,30.37,Medium Risk,0
CUST00001137,0.8659,86.59,Critical Risk,1
CUST00001138,0.0,0.0,Low Risk,0
CUST00001139,0.5362,53.62,High Risk,1
CUST00001140,0.6793,67.93,High Risk,1
CUST00001141,0.8659,86.59,Critical Risk,1
CUST00001142,0.0,0.0,Low Risk,0
CUST00001143,0.0,0.0,Low Risk,0
CUST00001144,0.6793,67.93,High Risk,1
CUST00001145,0.0,0.0,Low Risk,0
CUST00001146,0.5362,53.62,High Risk,1
CUST00001147,0.0,0.0,Low Risk,0
CUST00001148,0.0,0.0,Low Risk,0
CUST00001149,0.0,0.0,Low Risk,0
CUST00001150,0.4369,43.69,Medium Risk,0
CUST00001151,0.3568,35.68,Medium Risk,0
CUST00001152,0.0,0.0,Low Risk,0
CUST00001153,0.0,0.0,Low Risk,0
CUST00001154,0.0,0.0,Low Risk,0
CUST00001155,0.6793,67.93,High Risk,1
CUST00001156,0.4369,43.69,Medium Risk,0
CUST00001157,0.8659,86.59,Critical Risk,1
CUST00001158,0.0,0.0,Low Risk,0
CUST00001159,0.0,0.0,Low Risk,0
CUST00001160,0.8659,86.59,Critical Risk,1
CUST00001161,0.0,0.0,Low Risk,0
CUST00001162,0.6138,61.38,High Risk,1
CUST00001163,0.0,0.0,Low Risk,0
CUST00001164,0.0,0.0,Low Risk,0
CUST00001165,0.0,0.0,Low Risk,0
CUST00001166,0.4369,43.69,Medium Risk,0
CUST00001167,0.0,0.0,Low Risk,0
CUST00001168,0.8659,86.59,Critical Risk,1
CUST00001169,0.6914,69.14,High Risk,1
CUST00001170,0.4369,43.69,Medium Risk,0
CUST00001171,0.0,0.0,Low Risk,0
CUST00001172,0.8659,86.59,Critical Risk,1
CUST00001173,0.4369,43.69,Medium Risk,0
CUST00001174,0.6793,67.93,High Risk,1
CUST00001175,0.0,0.0,Low Risk,0
CUST00001176,0.0,0.0,Low Risk,0
CUST00001177,0.0,0.0,Low Risk,0
CUST00001178,0.6793,67.93,High Risk,1
CUST00001179,0.8659,86.59,Critical Risk,1
CUST00001180,0.0,0.0,Low Risk,0
CUST00001181,0.5362,53.62,High Risk,1
CUST00001182,0.0,0.0,Low Risk,0
CUST00001183,0.0,0.0,Low Risk,0
CUST00001184,0.6793,67.93,High Risk,1
CUST00001185,0.8659,86.59,Critical Risk,1
CUST00001186,0.6138,61.38,High Risk,1
CUST00001187,0.0,0.0,Low Risk,0
CUST00001188,0.0,0.0,Low Risk,0
CUST00001189,0.4369,43.69,Medium Risk,0
CUST00001190,0.8659,86.59,Critical Risk,1
CUST00001191,0.0,0.0,Low Risk,0
CUST00001192,0.8659,86.59,Critical Risk,1
CUST00001193,0.0,0.0,Low Risk,0
CUST00001194,0.0,0.0,Low Risk,0
CUST00001195,0.0,0.0,Low Risk,0
CUST00001196,0.8659,86.59,Critical Risk,1
CUST00001197,0.8659,86.59,Critical Risk,1
CUST00001198,0.0,0.0,Low Risk,0
CUST00001199,0.359,35.9,Medium Risk,0
CUST00001200,0.0,0.0,Low Risk,0
CUST00001201,0.4369,43.69,Medium Risk,0
CUST00001202,0.0,0.0,Low Risk,0
CUST00001203,0.4369,43.69,Medium Risk,0
CUST00001204,0.0,0.0,Low Risk,0
CUST00001205,0.3037,30.37,Medium Risk,0
CUST00001206,0.0,0.0,Low Risk,0
CUST00001207,0.0,0.0,Low Risk,0
CUST00001208,0.8659,86.59,Critical Risk,1
CUST00001209,0.0,0.0,Low Risk,0
CUST00001210,0.0,0.0,Low Risk,0
CUST00001211,0.6793,67.93,High Risk,1
CUST00001212,0.0,0.0,Low Risk,0
CUST00001213,0.0,0.0,Low Risk,0
CUST00001214,0.0,0.0,Low Risk,0
CUST00001215,0.0,0.0,Low Risk,0
CUST00001216,0.0,0.0,Low Risk,0
CUST00001217,0.0,0.0,Low Risk,0
CUST00001218,0.0,0.0,Low Risk,0
CUST00001219,0.8659,86.59,Critical Risk,1
CUST00001220,0.0,0.0,Low Risk,0
CUST00001221,0.0,0.0,Low Risk,0
CUST00001222,0.0,0.0,Low Risk,0
CUST00001223,0.0,0.0,Low Risk,0
CUST00001224,0.8659,86.59,Critical Risk,1
CUST00001225,0.3568,35.68,Medium Risk,0
CUST00001226,0.0,0.0,Low Risk,0
CUST00001227,0.3568,35.68,Medium Risk,0
CUST00001228,0.0,0.0,Low Risk,0
CUST00001229,0.4369,43.69,Medium Risk,0
CUST00001230,0.8659,86.59,Critical Risk,1
CUST00001231,0.0,0.0,Low Risk,0
CUST00001232,0.8659,86.59,Critical Risk,1
CUST00001233,0.0,0.0,Low Risk,0
CUST00001234,0.0,0.0,Low Risk,0
CUST00001235,0.1,10.0,Low Risk,0
CUST00001236,0.6793,67.93,High Risk,1
CUST00001237,0.4369,43.69,Medium Risk,0
CUST00001238,0.0,0.0,Low Risk,0
CUST00001239,0.0,0.0,Low Risk,0
CUST00001240,0.8659,86.59,Critical Risk,1
CUST00001241,0.0,0.0,Low Risk,0
CUST00001242,0.8659,86.59,Critical Risk,1
CUST00001243,0.0,0.0,Low Risk,0
CUST00001244,0.0,0.0,Low Risk,0
CUST00001245,0.6793,67.93,High Risk,1
CUST00001246,0.8659,86.59,Critical Risk,1
CUST00001247,0.0,0.0,Low Risk,0
CUST00001248,0.0,0.0,Low Risk,0
CUST00001249,0.6138,61.38,High Risk,1
CUST00001250,0.0,0.0,Low Risk,0
CUST00001251,0.6138,61.38,High Risk,1
CUST00001252,0.0,0.0,Low Risk,0
CUST00001253,0.5362,53.62,High Risk,1
CUST00001254,0.0,0.0,Low Risk,0
CUST00001255,0.6793,67.93,High Risk,1
CUST00001256,0.0,0.0,Low Risk,0
CUST00001257,0.8659,86.59,Critical Risk,1
CUST00001258,0.0,0.0,Low Risk,0
CUST00001259,0.0,0.0,Low Risk,0
CUST00001260,0.8659,86.59,Critical Risk,1
CUST00001261,0.6914,69.14,High Risk,1
CUST00001262,0.0,0.0,Low Risk,0
CUST00001263,0.6914,69.14,High Risk,1
CUST00001264,0.6793,67.93,High Risk,1
CUST00001265,0.0,0.0,Low Risk,0
CUST00001266,0.8659,86.59,Critical Risk,1
CUST00001267,0.0,0.0,Low Risk,0
CUST00001268,0.0,0.0,Low Risk,0
CUST00001269,0.4369,43.69,Medium Risk,0
CUST00001270,0.8659,86.59,Critical Risk,1
CUST00001271,0.0,0.0,Low Risk,0
CUST00001272,0.3037,30.37,Medium Risk,0
CUST00001273,0.0,0.0,Low Risk,0
CUST00001274,0.6914,69.14,High Risk,1
CUST00001275,0.0,0.0,Low Risk,0
CUST00001276,0.0,0.0,Low Risk,0
CUST00001277,0.3037,30.37,Medium Risk,0
CUST00001278,0.0,0.0,Low Risk,0
CUST00001279,0.0,0.0,Low Risk,0
CUST00001280,0.4369,43.69,Medium Risk,0
CUST00001281,0.0,0.0,Low Risk,0
CUST00001282,0.4369,43.69,Medium Risk,0
CUST00001283,0.0,0.0,Low Risk,0
CUST00001284,0.0,0.0,Low Risk,0
CUST00001285,0.0,0.0,Low Risk,0
CUST00001286,0.0,0.0,Low Risk,0
CUST00001287,0.8659,86.59,Critical Risk,1
CUST00001288,0.6793,67.93,High Risk,1
CUST00001289,0.0,0.0,Low Risk,0
CUST00001290,0.0,0.0,Low Risk,0
CUST00001291,0.0,0.0,Low Risk,0
CUST00001292,0.0,0.0,Low Risk,0
CUST00001293,0.6914,69.14,High Risk,1
CUST00001294,0.8659,86.59,Critical Risk,1
CUST00001295,0.1,10.0,Low Risk,0
CUST00001296,0.6138,61.38,High Risk,1
CUST00001297,0.0,0.0,Low Risk,0
CUST00001298,0.0,0.0,Low Risk,0
CUST00001299,0.1,10.0,Low Risk,0
CUST00001300,0.8659,86.59,Critical Risk,1
CUST00001301,0.359,35.9,Medium Risk,0
CUST00001302,0.8659,86.59,Critical Risk,1
CUST00001303,0.0,0.0,Low Risk,0
CUST00001304,0.0,0.0,Low Risk,0
CUST00001305,0.8659,86.59,Critical Risk,1
CUST00001306,0.0,0.0,Low Risk,0
CUST00001307,0.5362,53.62,High Risk,1
CUST00001308,0.4369,43.69,Medium Risk,0
CUST00001309,0.0,0.0,Low Risk,0
CUST00001310,0.8659,86.59,Critical Risk,1
CUST00001311,0.0,0.0,Low Risk,0
CUST00001312,0.4369,43.69,Medium Risk,0
CUST00001313,0.0,0.0,Low Risk,0
CUST00001314,0.0,0.0,Low Risk,0
CUST00001315,0.0,0.0,Low Risk,0
CUST00001316,0.0,0.0,Low Risk,0
CUST00001317,0.0,0.0,Low Risk,0
CUST00001318,0.0,0.0,Low Risk,0
CUST00001319,0.0,0.0,Low Risk,0
CUST00001320,0.0,0.0,Low Risk,0
CUST00001321,0.4369,43.69,Medium Risk,0
CUST00001322,0.0,0.0,Low Risk,0
CUST00001323,0.6793,67.93,High Risk,1
CUST00001324,0.0,0.0,Low Risk,0
CUST00001325,0.0,0.0,Low Risk,0
CUST00001326,0.0,0.0,Low Risk,0
CUST00001327,0.0,0.0,Low Risk,0
CUST00001328,0.3568,35.68,Medium Risk,0
CUST00001329,0.0,0.0,Low Risk,0
CUST00001330,0.4369,43.69,Medium Risk,0
CUST00001331,0.0,0.0,Low Risk,0
CUST00001332,0.8659,86.59,Critical Risk,1
CUST00001333,0.6793,67.93,High Risk,1
CUST00001334,0.6793,67.93,High Risk,1
CUST00001335,0.5362,53.62,High Risk,1
CUST00001336,0.359,35.9,Medium Risk,0
CUST00001337,0.0,0.0,Low Risk,0
CUST00001338,0.6914,69.14,High Risk,1
CUST00001339,0.3568,35.68,Medium Risk,0
CUST00001340,0.0,0.0,Low Risk,0
CUST00001341,0.8659,86.59,Critical Risk,1
CUST00001342,0.6138,61.38,High Risk,1
CUST00001343,0.8659,86.59,Critical Risk,1
CUST00001344,0.0,0.0,Low Risk,0
CUST00001345,0.8659,86.59,Critical Risk,1
CUST00001346,0.0,0.0,Low Risk,0
CUST00001347,0.0,0.0,Low Risk,0
CUST00001348,0.0,0.0,Low Risk,0
CUST00001349,0.0,0.0,Low Risk,0
CUST00001350,0.0,0.0,Low Risk,0
CUST00001351,0.0,0.0,Low Risk,0
CUST00001352,0.0,0.0,Low Risk,0
CUST00001353,0.0,0.0,Low Risk,0
CUST00001354,0.0,0.0,Low Risk,0
CUST00001355,0.4369,43.69,Medium Risk,0
CUST00001356,0.0,0.0,Low Risk,0
CUST00001357,0.8659,86.59,Critical Risk,1
CUST00001358,0.4369,43.69,Medium Risk,0
CUST00001359,0.0,0.0,Low Risk,0
CUST00001360,0.8659,86.59,Critical Risk,1
CUST00001361,0.4369,43.69,Medium Risk,0
CUST00001362,0.0,0.0,Low Risk,0
CUST00001363,0.0,0.0,Low Risk,0
CUST00001364,0.8659,86.59,Critical Risk,1
CUST00001365,0.0,0.0,Low Risk,0
CUST00001366,0.0,0.0,Low Risk,0
CUST00001367,0.0,0.0,Low Risk,0
CUST00001368,0.0,0.0,Low Risk,0
CUST00001369,0.0,0.0,Low Risk,0
CUST00001370,0.8659,86.59,Critical Risk,1
CUST00001371,0.3568,35.68,Medium Risk,0
CUST00001372,0.3568,35.68,Medium Risk,0
CUST00001373,0.0,0.0,Low Risk,0
CUST00001374,0.0,0.0,Low Risk,0
CUST00001375,0.8659,86.59,Critical Risk,1
CUST00001376,0.6793,67.93,High Risk,1
CUST00001377,0.0,0.0,Low Risk,0
CUST00001378,0.8659,86.59,Critical Risk,1
CUST00001379,0.8659,86.59,Critical Risk,1
CUST00001380,0.6138,61.38,High Risk,1
CUST00001381,0.9744,97.44,Critical Risk,1
CUST00001382,0.8659,86.59,Critical Risk,1
CUST00001383,0.0,0.0,Low Risk,0
CUST00001384,0.0,0.0,Low Risk,0
CUST00001385,0.8659,86.59,Critical Risk,1
CUST00001386,0.8659,86.59,Critical Risk,1
CUST00001387,0.0,0.0,Low Risk,0
CUST00001388,0.0,0.0,Low Risk,0
CUST00001389,0.8659,86.59,Critical Risk,1
CUST00001390,0.8659,86.59,Critical Risk,1
CUST00001391,0.0,0.0,Low Risk,0
CUST00001392,0.0,0.0,Low Risk,0
CUST00001393,0.8659,86.59,Critical Risk,1
CUST00001394,0.0,0.0,Low Risk,0
CUST00001395,0.0,0.0,Low Risk,0
CUST00001396,0.0,0.0,Low Risk,0
CUST00001397,0.0,0.0,Low Risk,0
CUST00001398,0.0,0.0,Low Risk,0
CUST00001399,0.0,0.0,Low Risk,0
CUST00001400,0.6793,67.93,High Risk,1
CUST00001401,0.0,0.0,Low Risk,0
CUST00001402,0.5362,53.62,High Risk,1
CUST00001403,0.0,0.0,Low Risk,0
CUST00001404,0.5362,53.62,High Risk,1
CUST00001405,0.0,0.0,Low Risk,0
CUST00001406,0.0,0.0,Low Risk,0
CUST00001407,0.8659,86.59,Critical Risk,1
CUST00001408,0.0,0.0,Low Risk,0
CUST00001409,0.0,0.0,Low Risk,0
CUST00001410,0.8659,86.59,Critical Risk,1
CUST00001411,0.8659,86.59,Critical Risk,1
CUST00001412,0.0,0.0,Low Risk,0
CUST00001413,0.4369,43.69,Medium Risk,0
CUST00001414,0.0,0.0,Low Risk,0
CUST00001415,0.0,0.0,Low Risk,0
CUST00001416,0.359,35.9,Medium Risk,0
CUST00001417,0.0,0.0,Low Risk,0
CUST00001418,0.8659,86.59,Critical Risk,1
CUST00001419,0.0,0.0,Low Risk,0
CUST00001420,0.0,0.0,Low Risk,0
CUST00001421,0.5362,53.62,High Risk,1
CUST00001422,0.8659,86.59,Critical Risk,1
CUST00001423,0.5362,53.62,High Risk,1
CUST00001424,0.0,0.0,Low Risk,0
CUST00001425,0.0,0.0,Low Risk,0
CUST00001426,0.0,0.0,Low Risk,0
CUST00001427,0.0,0.0,Low Risk,0
CUST00001428,0.0,0.0,Low Risk,0
CUST00001429,0.0,0.0,Low Risk,0
CUST00001430,0.0,0.0,Low Risk,0
CUST00001431,0.0,0.0,Low Risk,0
CUST00001432,0.0,0.0,Low Risk,0
CUST00001433,0.0,0.0,Low Risk,0
CUST00001434,0.0,0.0,Low Risk,0
CUST00001435,0.359,35.9,Medium Risk,0
CUST00001436,0.0,0.0,Low Risk,0
CUST00001437,0.8659,86.59,Critical Risk,1
CUST00001438,0.3568,35.68,Medium Risk,0
CUST00001439,0.0,0.0,Low Risk,0
CUST00001440,0.8659,86.59,Critical Risk,1
CUST00001441,0.8659,86.59,Critical Risk,1
CUST00001442,0.0,0.0,Low Risk,0
CUST00001443,0.8659,86.59,Critical Risk,1
CUST00001444,0.0,0.0,Low Risk,0
CUST00001445,0.0,0.0,Low Risk,0
CUST00001446,0.6914,69.14,High Risk,1
CUST00001447,0.8659,86.59,Critical Risk,1
CUST00001448,0.0,0.0,Low Risk,0
CUST00001449,0.0,0.0,Low Risk,0
CUST00001450,0.0,0.0,Low Risk,0
CUST00001451,0.0,0.0,Low Risk,0
CUST00001452,0.4369,43.69,Medium Risk,0
CUST00001453,0.8659,86.59,Critical Risk,1
CUST00001454,0.0,0.0,Low Risk,0
CUST00001455,0.359,35.9,Medium Risk,0
CUST00001456,0.0,0.0,Low Risk,0
CUST00001457,0.0,0.0,Low Risk,0
CUST00001458,0.0,0.0,Low Risk,0
CUST00001459,0.0,0.0,Low Risk,0
CUST00001460,0.1,10.0,Low Risk,0
CUST00001461,0.0,0.0,Low Risk,0
CUST00001462,0.6138,61.38,High Risk,1
CUST00001463,0.6914,69.14,High Risk,1
CUST00001464,0.6793,67.93,High Risk,1
CUST00001465,0.6793,67.93,High Risk,1
CUST00001466,0.8659,86.59,Critical Risk,1
CUST00001467,0.0,0.0,Low Risk,0
CUST00001468,0.0,0.0,Low Risk,0
CUST00001469,0.0,0.0,Low Risk,0
CUST00001470,0.6138,61.38,High Risk,1
CUST00001471,0.0,0.0,Low Risk,0
CUST00001472,0.359,35.9,Medium Risk,0
CUST00001473,0.0,0.0,Low Risk,0
CUST00001474,0.8659,86.59,Critical Risk,1
CUST00001475,0.0,0.0,Low Risk,0
CUST00001476,0.0,0.0,Low Risk,0
CUST00001477,0.0,0.0,Low Risk,0
CUST00001478,0.8659,86.59,Critical Risk,1
CUST00001479,0.8659,86.59,Critical Risk,1
CUST00001480,0.0,0.0,Low Risk,0
CUST00001481,0.6793,67.93,High Risk,1
CUST00001482,0.0,0.0,Low Risk,0
CUST00001483,0.0,0.0,Low Risk,0
CUST00001484,0.0,0.0,Low Risk,0
CUST00001485,0.0,0.0,Low Risk,0
CUST00001486,0.8659,86.59,Critical Risk,1
CUST00001487,0.0,0.0,Low Risk,0
CUST00001488,0.6138,61.38,High Risk,1
CUST00001489,0.0,0.0,Low Risk,0
CUST00001490,0.0,0.0,Low Risk,0
CUST00001491,0.0,0.0,Low Risk,0
CUST00001492,0.4369,43.69,Medium Risk,0
CUST00001493,0.6793,67.93,High Risk,1
CUST00001494,0.0,0.0,Low Risk,0
CUST00001495,0.0,0.0,Low Risk,0
CUST00001496,0.8659,86.59,Critical Risk,1
CUST00001497,0.6914,69.14,High Risk,1
CUST00001498,0.8659,86.59,Critical Risk,1
CUST00001499,0.0,0.0,Low Risk,0
CUST00001500,0.8659,86.59,Critical Risk,1
CUST00001501,0.8659,86.59,Critical Risk,1
CUST00001502,0.5362,53.62,High Risk,1
CUST00001503,0.0,0.0,Low Risk,0
CUST00001504,0.0,0.0,Low Risk,0
CUST00001505,0.0,0.0,Low Risk,0
CUST00001506,0.8659,86.59,Critical Risk,1
CUST00001507,0.5362,53.62,High Risk,1
CUST00001508,0.8659,86.59,Critical Risk,1
CUST00001509,0.3568,35.68,Medium Risk,0
CUST00001510,0.3568,35.68,Medium Risk,0
CUST00001511,0.0,0.0,Low Risk,0
CUST00001512,0.6793,67.93,High Risk,1
CUST00001513,0.0,0.0,Low Risk,0
CUST00001514,0.8659,86.59,Critical Risk,1
CUST00001515,0.4369,43.69,Medium Risk,0
CUST00001516,0.8659,86.59,Critical Risk,1
CUST00001517,0.0,0.0,Low Risk,0
CUST00001518,0.0,0.0,Low Risk,0
CUST00001519,0.6793,67.93,High Risk,1
CUST00001520,0.0,0.0,Low Risk,0
CUST00001521,0.6793,67.93,High Risk,1
CUST00001522,0.6138,61.38,High Risk,1
CUST00001523,0.0,0.0,Low Risk,0
CUST00001524,0.4369,43.69,Medium Risk,0
CUST00001525,0.0,0.0,Low Risk,0
CUST00001526,0.0,0.0,Low Risk,0
CUST00001527,0.6914,69.14,High Risk,1
CUST00001528,0.0,0.0,Low Risk,0
CUST00001529,0.8659,86.59,Critical Risk,1
CUST00001530,0.5362,53.62,High Risk,1
CUST00001531,0.0,0.0,Low Risk,0
CUST00001532,0.6138,61.38,High Risk,1
CUST00001533,0.5362,53.62,High Risk,1
CUST00001534,0.0,0.0,Low Risk,0
CUST00001535,0.0,0.0,Low Risk,0
CUST00001536,0.0,0.0,Low Risk,0
CUST00001537,0.8659,86.59,Critical Risk,1
CUST00001538,0.8659,86.59,Critical Risk,1
CUST00001539,0.6914,69.14,High Risk,1
CUST00001540,0.0,0.0,Low Risk,0
CUST00001541,0.4369,43.69,Medium Risk,0
CUST00001542,0.3568,35.68,Medium Risk,0
CUST00001543,0.4369,43.69,Medium Risk,0
CUST00001544,0.3568,35.68,Medium Risk,0
CUST00001545,0.4369,43.69,Medium Risk,0
CUST00001546,0.5362,53.62,High Risk,1
CUST00001547,0.0,0.0,Low Risk,0
CUST00001548,0.4369,43.69,Medium Risk,0
CUST00001549,0.0,0.0,Low Risk,0
CUST00001550,0.4369,43.69,Medium Risk,0
CUST00001551,0.8659,86.59,Critical Risk,1
CUST00001552,0.8659,86.59,Critical Risk,1
CUST00001553,0.8659,86.59,Critical Risk,1
CUST00001554,0.6793,67.93,High Risk,1
CUST00001555,0.0,0.0,Low Risk,0
CUST00001556,0.8659,86.59,Critical Risk,1
CUST00001557,0.6138,61.38,High Risk,1
CUST00001558,0.0,0.0,Low Risk,0
CUST00001559,0.8659,86.59,Critical Risk,1
CUST00001560,0.5362,53.62,High Risk,1
CUST00001561,0.0,0.0,Low Risk,0
CUST00001562,0.8659,86.59,Critical Risk,1
CUST00001563,0.6793,67.93,High Risk,1
CUST00001564,0.0,0.0,Low Risk,0
CUST00001565,0.6138,61.38,High Risk,1
CUST00001566,0.8659,86.59,Critical Risk,1
CUST00001567,0.6793,67.93,High Risk,1
CUST00001568,0.0,0.0,Low Risk,0
CUST00001569,0.0,0.0,Low Risk,0
CUST00001570,0.0,0.0,Low Risk,0
CUST00001571,0.0,0.0,Low Risk,0
CUST00001572,0.4369,43.69,Medium Risk,0
CUST00001573,0.0,0.0,Low Risk,0
CUST00001574,0.4369,43.69,Medium Risk,0
CUST00001575,0.8659,86.59,Critical Risk,1
CUST00001576,0.6793,67.93,High Risk,1
CUST00001577,0.0,0.0,Low Risk,0
CUST00001578,0.8659,86.59,Critical Risk,1
CUST00001579,0.4369,43.69,Medium Risk,0
CUST00001580,0.0,0.0,Low Risk,0
CUST00001581,0.0,0.0,Low Risk,0
CUST00001582,0.0,0.0,Low Risk,0
CUST00001583,0.6793,67.93,High Risk,1
CUST00001584,0.4369,43.69,Medium Risk,0
CUST00001585,0.0,0.0,Low Risk,0
CUST00001586,0.8659,86.59,Critical Risk,1
CUST00001587,0.0,0.0,Low Risk,0
CUST00001588,0.0,0.0,Low Risk,0
CUST00001589,0.4369,43.69,Medium Risk,0
CUST00001590,0.0,0.0,Low Risk,0
CUST00001591,0.0,0.0,Low Risk,0
CUST00001592,0.0,0.0,Low Risk,0
CUST00001593,0.4369,43.69,Medium Risk,0
CUST00001594,0.1,10.0,Low Risk,0
CUST00001595,0.0,0.0,Low Risk,0
CUST00001596,0.0,0.0,Low Risk,0
CUST00001597,0.0,0.0,Low Risk,0
CUST00001598,0.6793,67.93,High Risk,1
CUST00001599,0.0,0.0,Low Risk,0
CUST00001600,0.0,0.0,Low Risk,0
CUST00001601,0.8659,86.59,Critical Risk,1
CUST00001602,0.0,0.0,Low Risk,0
CUST00001603,0.0,0.0,Low Risk,0
CUST00001604,0.4369,43.69,Medium Risk,0
CUST00001605,0.6793,67.93,High Risk,1
CUST00001606,0.8659,86.59,Critical Risk,1
CUST00001607,0.0,0.0,Low Risk,0
CUST00001608,0.8659,86.59,Critical Risk,1
CUST00001609,0.0,0.0,Low Risk,0
CUST00001610,0.6793,67.93,High Risk,1
CUST00001611,0.0,0.0,Low Risk,0
CUST00001612,0.0,0.0,Low Risk,0
CUST00001613,0.3568,35.68,Medium Risk,0
CUST00001614,0.8659,86.59,Critical Risk,1
CUST00001615,0.3568,35.68,Medium Risk,0
CUST00001616,0.0,0.0,Low Risk,0
CUST00001617,0.4369,43.69,Medium Risk,0
CUST00001618,0.0,0.0,Low Risk,0
CUST00001619,0.3568,35.68,Medium Risk,0
CUST00001620,0.0,0.0,Low Risk,0
CUST00001621,0.8659,86.59,Critical Risk,1
CUST00001622,0.0,0.0,Low Risk,0
CUST00001623,0.0,0.0,Low Risk,0
CUST00001624,0.4369,43.69,Medium Risk,0
CUST00001625,0.0,0.0,Low Risk,0
CUST00001626,0.6138,61.38,High Risk,1
CUST00001627,0.3568,35.68,Medium Risk,0
CUST00001628,0.6914,69.14,High Risk,1
CUST00001629,0.4369,43.69,Medium Risk,0
CUST00001630,0.0,0.0,Low Risk,0
CUST00001631,0.3568,35.68,Medium Risk,0
CUST00001632,0.4369,43.69,Medium Risk,0
CUST00001633,0.0,0.0,Low Risk,0
CUST00001634,0.0,0.0,Low Risk,0
CUST00001635,0.3568,35.68,Medium Risk,0
CUST00001636,0.8659,86.59,Critical Risk,1
CUST00001637,0.8659,86.59,Critical Risk,1
CUST00001638,0.0,0.0,Low Risk,0
CUST00001639,0.6793,67.93,High Risk,1
CUST00001640,0.5362,53.62,High Risk,1
CUST00001641,0.0,0.0,Low Risk,0
CUST00001642,0.4369,43.69,Medium Risk,0
CUST00001643,0.0,0.0,Low Risk,0
CUST00001644,0.0,0.0,Low Risk,0
CUST00001645,0.0,0.0,Low Risk,0
CUST00001646,0.8659,86.59,Critical Risk,1
CUST00001647,0.8659,86.59,Critical Risk,1
CUST00001648,0.8659,86.59,Critical Risk,1
CUST00001649,0.8659,86.59,Critical Risk,1
CUST00001650,0.5362,53.62,High Risk,1
CUST00001651,0.0,0.0,Low Risk,0
CUST00001652,0.4369,43.69,Medium Risk,0
CUST00001653,0.0,0.0,Low Risk,0
CUST00001654,0.8659,86.59,Critical Risk,1
CUST00001655,0.0,0.0,Low Risk,0
CUST00001656,0.4369,43.69,Medium Risk,0
CUST00001657,0.0,0.0,Low Risk,0
CUST00001658,0.3568,35.68,Medium Risk,0
CUST00001659,0.5362,53.62,High Risk,1
CUST00001660,0.4369,43.69,Medium Risk,0
CUST00001661,0.8659,86.59,Critical Risk,1
CUST00001662,0.4369,43.69,Medium Risk,0
CUST00001663,0.0,0.0,Low Risk,0
CUST00001664,0.6138,61.38,High Risk,1
CUST00001665,0.3568,35.68,Medium Risk,0
CUST00001666,0.0,0.0,Low Risk,0
CUST00001667,0.0,0.0,Low Risk,0
CUST00001668,0.8659,86.59,Critical Risk,1
CUST00001669,0.0,0.0,Low Risk,0
CUST00001670,0.4369,43.69,Medium Risk,0
CUST00001671,0.0,0.0,Low Risk,0
CUST00001672,0.0,0.0,Low Risk,0
CUST00001673,0.5362,53.62,High Risk,1
CUST00001674,0.0,0.0,Low Risk,0
CUST00001675,0.8659,86.59,Critical Risk,1
CUST00001676,0.0,0.0,Low Risk,0
CUST00001677,0.6793,67.93,High Risk,1
CUST00001678,0.6138,61.38,High Risk,1
CUST00001679,0.6138,61.38,High Risk,1
CUST00001680,0.8659,86.59,Critical Risk,1
CUST00001681,0.4369,43.69,Medium Risk,0
CUST00001682,0.6793,67.93,High Risk,1
CUST00001683,0.8659,86.59,Critical Risk,1
CUST00001684,0.6793,67.93,High Risk,1
CUST00001685,0.0,0.0,Low Risk,0
CUST00001686,0.6914,69.14,High Risk,1
CUST00001687,0.0,0.0,Low Risk,0
CUST00001688,0.0,0.0,Low Risk,0
CUST00001689,0.0,0.0,Low Risk,0
CUST00001690,0.8659,86.59,Critical Risk,1
CUST00001691,0.0,0.0,Low Risk,0
CUST00001692,0.0,0.0,Low Risk,0
CUST00001693,0.0,0.0,Low Risk,0
CUST00001694,0.5362,53.62,High Risk,1
CUST00001695,0.0,0.0,Low Risk,0
CUST00001696,0.8659,86.59,Critical Risk,1
CUST00001697,0.0,0.0,Low Risk,0
CUST00001698,0.0,0.0,Low Risk,0
CUST00001699,0.0,0.0,Low Risk,0
CUST00001700,0.0,0.0,Low Risk,0
CUST00001701,0.6793,67.93,High Risk,1
CUST00001702,0.0,0.0,Low Risk,0
CUST00001703,0.4369,43.69,Medium Risk,0
CUST00001704,0.0,0.0,Low Risk,0
CUST00001705,0.4369,43.69,Medium Risk,0
CUST00001706,0.0,0.0,Low Risk,0
CUST00001707,0.8659,86.59,Critical Risk,1
CUST00001708,0.0,0.0,Low Risk,0
CUST00001709,0.1,10.0,Low Risk,0
CUST00001710,0.8659,86.59,Critical Risk,1
CUST00001711,0.0,0.0,Low Risk,0
CUST00001712,0.8659,86.59,Critical Risk,1
CUST00001713,0.6793,67.93,High Risk,1
CUST00001714,0.0,0.0,Low Risk,0
CUST00001715,0.3037,30.37,Medium Risk,0
CUST00001716,0.0,0.0,Low Risk,0
CUST00001717,0.8659,86.59,Critical Risk,1
CUST00001718,0.5362,53.62,High Risk,1
CUST00001719,0.0,0.0,Low Risk,0
CUST00001720,0.1,10.0,Low Risk,0
CUST00001721,0.0,0.0,Low Risk,0
CUST00001722,0.6138,61.38,High Risk,1
CUST00001723,0.0,0.0,Low Risk,0
CUST00001724,0.3568,35.68,Medium Risk,0
CUST00001725,0.0,0.0,Low Risk,0
CUST00001726,0.8659,86.59,Critical Risk,1
CUST00001727,0.6793,67.93,High Risk,1
CUST00001728,0.4369,43.69,Medium Risk,0
CUST00001729,0.0,0.0,Low Risk,0
CUST00001730,0.0,0.0,Low Risk,0
CUST00001731,0.0,0.0,Low Risk,0
CUST00001732,0.0,0.0,Low Risk,0
CUST00001733,0.0,0.0,Low Risk,0
CUST00001734,0.0,0.0,Low Risk,0
CUST00001735,0.8659,86.59,Critical Risk,1
CUST00001736,0.0,0.0,Low Risk,0
CUST00001737,0.0,0.0,Low Risk,0
CUST00001738,0.0,0.0,Low Risk,0
CUST00001739,0.6793,67.93,High Risk,1
CUST00001740,0.0,0.0,Low Risk,0
CUST00001741,0.6138,61.38,High Risk,1
CUST00001742,0.6138,61.38,High Risk,1
CUST00001743,0.8659,86.59,Critical Risk,1
CUST00001744,0.0,0.0,Low Risk,0
CUST00001745,0.4369,43.69,Medium Risk,0
CUST00001746,0.6793,67.93,High Risk,1
CUST00001747,0.0,0.0,Low Risk,0
CUST00001748,0.0,0.0,Low Risk,0
CUST00001749,0.0,0.0,Low Risk,0
CUST00001750,0.8659,86.59,Critical Risk,1
CUST00001751,0.8659,86.59,Critical Risk,1
CUST00001752,0.0,0.0,Low Risk,0
CUST00001753,0.0,0.0,Low Risk,0
CUST00001754,0.8659,86.59,Critical Risk,1
CUST00001755,0.8659,86.59,Critical Risk,1
CUST00001756,0.8659,86.59,Critical Risk,1
CUST00001757,0.0,0.0,Low Risk,0
CUST00001758,0.0,0.0,Low Risk,0
CUST00001759,0.3037,30.37,Medium Risk,0
CUST00001760,0.0,0.0,Low Risk,0
CUST00001761,0.4369,43.69,Medium Risk,0
CUST00001762,0.0,0.0,Low Risk,0
CUST00001763,0.0,0.0,Low Risk,0
CUST00001764,0.0,0.0,Low Risk,0
CUST00001765,0.6138,61.38,High Risk,1
CUST00001766,0.0,0.0,Low Risk,0
CUST00001767,0.1,10.0,Low Risk,0
CUST00001768,0.4369,43.69,Medium Risk,0
CUST00001769,0.0,0.0,Low Risk,0
CUST00001770,0.4369,43.69,Medium Risk,0
CUST00001771,0.359,35.9,Medium Risk,0
CUST00001772,0.4369,43.69,Medium Risk,0
CUST00001773,0.0,0.0,Low Risk,0
CUST00001774,0.8659,86.59,Critical Risk,1
CUST00001775,0.8659,86.59,Critical Risk,1
CUST00001776,0.0,0.0,Low Risk,0
CUST00001777,0.4369,43.69,Medium Risk,0
CUST00001778,0.0,0.0,Low Risk,0
CUST00001779,0.6138,61.38,High Risk,1
CUST00001780,0.8659,86.59,Critical Risk,1
CUST00001781,0.0,0.0,Low Risk,0
CUST00001782,0.8659,86.59,Critical Risk,1
CUST00001783,0.6914,69.14,High Risk,1
CUST00001784,0.0,0.0,Low Risk,0
CUST00001785,0.8659,86.59,Critical Risk,1
CUST00001786,0.4369,43.69,Medium Risk,0
CUST00001787,0.359,35.9,Medium Risk,0
CUST00001788,0.0,0.0,Low Risk,0
CUST00001789,0.4369,43.69,Medium Risk,0
CUST00001790,0.0,0.0,Low Risk,0
CUST00001791,0.8659,86.59,Critical Risk,1
CUST00001792,0.0,0.0,Low Risk,0
CUST00001793,0.8659,86.59,Critical Risk,1
CUST00001794,0.6914,69.14,High Risk,1
CUST00001795,0.6793,67.93,High Risk,1
CUST00001796,0.6914,69.14,High Risk,1
CUST00001797,0.6793,67.93,High Risk,1
CUST00001798,0.5362,53.62,High Risk,1
CUST00001799,0.8659,86.59,Critical Risk,1
CUST00001800,0.4369,43.69,Medium Risk,0
CUST00001801,0.5362,53.62,High Risk,1
CUST00001802,0.0,0.0,Low Risk,0
CUST00001803,0.0,0.0,Low Risk,0
CUST00001804,0.4369,43.69,Medium Risk,0
CUST00001805,0.4369,43.69,Medium Risk,0
CUST00001806,0.0,0.0,Low Risk,0
CUST00001807,0.8659,86.59,Critical Risk,1
CUST00001808,0.0,0.0,Low Risk,0
CUST00001809,0.0,0.0,Low Risk,0
CUST00001810,0.0,0.0,Low Risk,0
CUST00001811,0.0,0.0,Low Risk,0
CUST00001812,0.8659,86.59,Critical Risk,1
CUST00001813,0.0,0.0,Low Risk,0
CUST00001814,0.0,0.0,Low Risk,0
CUST00001815,0.6793,67.93,High Risk,1
CUST00001816,0.8659,86.59,Critical Risk,1
CUST00001817,0.8659,86.59,Critical Risk,1
CUST00001818,0.6793,67.93,High Risk,1
CUST00001819,0.8659,86.59,Critical Risk,1
CUST00001820,0.0,0.0,Low Risk,0
CUST00001821,0.8659,86.59,Critical Risk,1
CUST00001822,0.4369,43.69,Medium Risk,0
CUST00001823,0.0,0.0,Low Risk,0
CUST00001824,0.8659,86.59,Critical Risk,1
CUST00001825,0.0,0.0,Low Risk,0
CUST00001826,0.8659,86.59,Critical Risk,1
CUST00001827,0.4369,43.69,Medium Risk,0
CUST00001828,0.0,0.0,Low Risk,0
CUST00001829,0.8659,86.59,Critical Risk,1
CUST00001830,0.8659,86.59,Critical Risk,1
CUST00001831,0.6914,69.14,High Risk,1
CUST00001832,0.0,0.0,Low Risk,0
CUST00001833,0.0,0.0,Low Risk,0
CUST00001834,0.0,0.0,Low Risk,0
CUST00001835,0.4369,43.69,Medium Risk,0
CUST00001836,0.0,0.0,Low Risk,0
CUST00001837,0.0,0.0,Low Risk,0
CUST00001838,0.0,0.0,Low Risk,0
CUST00001839,0.6793,67.93,High Risk,1
CUST00001840,0.0,0.0,Low Risk,0
CUST00001841,0.3568,35.68,Medium Risk,0
CUST00001842,0.359,35.9,Medium Risk,0
CUST00001843,0.0,0.0,Low Risk,0
CUST00001844,0.8659,86.59,Critical Risk,1
CUST00001845,0.8659,86.59,Critical Risk,1
CUST00001846,0.0,0.0,Low Risk,0
CUST00001847,0.6914,69.14,High Risk,1
CUST00001848,0.3568,35.68,Medium Risk,0
CUST00001849,0.8659,86.59,Critical Risk,1
CUST00001850,0.8659,86.59,Critical Risk,1
CUST00001851,0.6793,67.93,High Risk,1
CUST00001852,0.8659,86.59,Critical Risk,1
CUST00001853,0.8659,86.59,Critical Risk,1
CUST00001854,0.5362,53.62,High Risk,1
CUST00001855,0.6138,61.38,High Risk,1
CUST00001856,0.0,0.0,Low Risk,0
CUST00001857,0.5362,53.62,High Risk,1
CUST00001858,0.8659,86.59,Critical Risk,1
CUST00001859,0.3037,30.37,Medium Risk,0
CUST00001860,0.0,0.0,Low Risk,0
CUST00001861,0.8659,86.59,Critical Risk,1
CUST00001862,0.5362,53.62,High Risk,1
CUST00001863,0.0,0.0,Low Risk,0
CUST00001864,0.6793,67.93,High Risk,1
CUST00001865,0.4369,43.69,Medium Risk,0
CUST00001866,0.0,0.0,Low Risk,0
CUST00001867,0.0,0.0,Low Risk,0
CUST00001868,0.0,0.0,Low Risk,0
CUST00001869,0.0,0.0,Low Risk,0
CUST00001870,0.0,0.0,Low Risk,0
CUST00001871,0.0,0.0,Low Risk,0
CUST00001872,0.1,10.0,Low Risk,0
CUST00001873,0.8659,86.59,Critical Risk,1
CUST00001874,0.0,0.0,Low Risk,0
CUST00001875,0.0,0.0,Low Risk,0
CUST00001876,0.8659,86.59,Critical Risk,1
CUST00001877,0.0,0.0,Low Risk,0
CUST00001878,0.0,0.0,Low Risk,0
CUST00001879,0.0,0.0,Low Risk,0
CUST00001880,0.8659,86.59,Critical Risk,1
CUST00001881,0.0,0.0,Low Risk,0
CUST00001882,0.0,0.0,Low Risk,0
CUST00001883,0.4369,43.69,Medium Risk,0
CUST00001884,0.8659,86.59,Critical Risk,1
CUST00001885,0.8659,86.59,Critical Risk,1
CUST00001886,0.8659,86.59,Critical Risk,1
CUST00001887,0.4369,43.69,Medium Risk,0
CUST00001888,0.0,0.0,Low Risk,0
CUST00001889,0.0,0.0,Low Risk,0
CUST00001890,0.0,0.0,Low Risk,0
CUST00001891,0.4369,43.69,Medium Risk,0
CUST00001892,0.0,0.0,Low Risk,0
CUST00001893,0.0,0.0,Low Risk,0
CUST00001894,0.0,0.0,Low Risk,0
CUST00001895,0.8659,86.59,Critical Risk,1
CUST00001896,0.8659,86.59,Critical Risk,1
CUST00001897,0.0,0.0,Low Risk,0
CUST00001898,0.8659,86.59,Critical Risk,1
CUST00001899,0.3037,30.37,Medium Risk,0
CUST00001900,0.0,0.0,Low Risk,0
CUST00001901,0.0,0.0,Low Risk,0
CUST00001902,0.0,0.0,Low Risk,0
CUST00001903,0.8659,86.59,Critical Risk,1
CUST00001904,0.0,0.0,Low Risk,0
CUST00001905,0.6793,67.93,High Risk,1
CUST00001906,0.0,0.0,Low Risk,0
CUST00001907,0.0,0.0,Low Risk,0
CUST00001908,0.6138,61.38,High Risk,1
CUST00001909,0.5362,53.62,High Risk,1
CUST00001910,0.8659,86.59,Critical Risk,1
CUST00001911,0.8659,86.59,Critical Risk,1
CUST00001912,0.0,0.0,Low Risk,0
CUST00001913,0.6914,69.14,High Risk,1
CUST00001914,0.8659,86.59,Critical Risk,1
CUST00001915,0.6138,61.38,High Risk,1
CUST00001916,0.8659,86.59,Critical Risk,1
CUST00001917,0.8659,86.59,Critical Risk,1
CUST00001918,0.0,0.0,Low Risk,0
CUST00001919,0.0,0.0,Low Risk,0
CUST00001920,0.5362,53.62,High Risk,1
CUST00001921,0.0,0.0,Low Risk,0
CUST00001922,0.0,0.0,Low Risk,0
CUST00001923,0.0,0.0,Low Risk,0
CUST00001924,0.0,0.0,Low Risk,0
CUST00001925,0.6793,67.93,High Risk,1
CUST00001926,0.8659,86.59,Critical Risk,1
CUST00001927,0.0,0.0,Low Risk,0
CUST00001928,0.0,0.0,Low Risk,0
CUST00001929,0.6914,69.14,High Risk,1
CUST00001930,0.0,0.0,Low Risk,0
CUST00001931,0.0,0.0,Low Risk,0
CUST00001932,0.0,0.0,Low Risk,0
CUST00001933,0.0,0.0,Low Risk,0
CUST00001934,0.6793,67.93,High Risk,1
CUST00001935,0.6138,61.38,High Risk,1
CUST00001936,0.0,0.0,Low Risk,0
CUST00001937,0.0,0.0,Low Risk,0
CUST00001938,0.6793,67.93,High Risk,1
CUST00001939,0.0,0.0,Low Risk,0
CUST00001940,0.0,0.0,Low Risk,0
CUST00001941,0.0,0.0,Low Risk,0
CUST00001942,0.6914,69.14,High Risk,1
CUST00001943,0.8659,86.59,Critical Risk,1
CUST00001944,0.0,0.0,Low Risk,0
CUST00001945,0.0,0.0,Low Risk,0
CUST00001946,0.0,0.0,Low Risk,0
CUST00001947,0.6138,61.38,High Risk,1
CUST00001948,0.0,0.0,Low Risk,0
CUST00001949,0.8659,86.59,Critical Risk,1
CUST00001950,0.8659,86.59,Critical Risk,1
CUST00001951,0.4369,43.69,Medium Risk,0
CUST00001952,0.3568,35.68,Medium Risk,0
CUST00001953,0.0,0.0,Low Risk,0
CUST00001954,0.0,0.0,Low Risk,0
CUST00001955,0.3568,35.68,Medium Risk,0
CUST00001956,0.1,10.0,Low Risk,0
CUST00001957,0.4369,43.69,Medium Risk,0
CUST00001958,0.0,0.0,Low Risk,0
CUST00001959,0.6793,67.93,High Risk,1
CUST00001960,0.4369,43.69,Medium Risk,0
CUST00001961,0.0,0.0,Low Risk,0
CUST00001962,0.8659,86.59,Critical Risk,1
CUST00001963,0.0,0.0,Low Risk,0
CUST00001964,0.6793,67.93,High Risk,1
CUST00001965,0.0,0.0,Low Risk,0
CUST00001966,0.5362,53.62,High Risk,1
CUST00001967,0.0,0.0,Low Risk,0
CUST00001968,0.5362,53.62,High Risk,1
CUST00001969,0.1,10.0,Low Risk,0
CUST00001970,0.4369,43.69,Medium Risk,0
CUST00001971,0.8659,86.59,Critical Risk,1
CUST00001972,0.5362,53.62,High Risk,1
CUST00001973,0.0,0.0,Low Risk,0
CUST00001974,0.0,0.0,Low Risk,0
CUST00001975,0.3568,35.68,Medium Risk,0
CUST00001976,0.0,0.0,Low Risk,0
CUST00001977,0.8659,86.59,Critical Risk,1
CUST00001978,0.0,0.0,Low Risk,0
CUST00001979,0.0,0.0,Low Risk,0
CUST00001980,0.0,0.0,Low Risk,0
CUST00001981,0.6914,69.14,High Risk,1
CUST00001982,0.0,0.0,Low Risk,0
CUST00001983,0.0,0.0,Low Risk,0
CUST00001984,0.0,0.0,Low Risk,0
CUST00001985,0.0,0.0,Low Risk,0
CUST00001986,0.5362,53.62,High Risk,1
CUST00001987,0.6138,61.38,High Risk,1
CUST00001988,0.8659,86.59,Critical Risk,1
CUST00001989,0.359,35.9,Medium Risk,0
CUST00001990,0.0,0.0,Low Risk,0
CUST00001991,0.0,0.0,Low Risk,0
CUST00001992,0.6914,69.14,High Risk,1
CUST00001993,0.8659,86.59,Critical Risk,1
CUST00001994,0.6914,69.14,High Risk,1
CUST00001995,0.8659,86.59,Critical Risk,1
CUST00001996,0.6914,69.14,High Risk,1
CUST00001997,0.8659,86.59,Critical Risk,1
CUST00001998,0.0,0.0,Low Risk,0
CUST00001999,0.8659,86.59,Critical Risk,1
CUST00002000,0.8659,86.59,Critical Risk,1
CUST00002001,0.8659,86.59,Critical Risk,1
CUST00002002,0.0,0.0,Low Risk,0
CUST00002003,0.0,0.0,Low Risk,0
CUST00002004,0.0,0.0,Low Risk,0
CUST00002005,0.0,0.0,Low Risk,0
CUST00002006,0.0,0.0,Low Risk,0
CUST00002007,0.6793,67.93,High Risk,1
CUST00002008,0.8659,86.59,Critical Risk,1
CUST00002009,0.0,0.0,Low Risk,0
CUST00002010,0.0,0.0,Low Risk,0
CUST00002011,0.5362,53.62,High Risk,1
CUST00002012,0.8659,86.59,Critical Risk,1
CUST00002013,0.0,0.0,Low Risk,0
CUST00002014,0.6793,67.93,High Risk,1
CUST00002015,0.0,0.0,Low Risk,0
CUST00002016,0.8659,86.59,Critical Risk,1
CUST00002017,0.5362,53.62,High Risk,1
CUST00002018,0.0,0.0,Low Risk,0
CUST00002019,0.1,10.0,Low Risk,0
CUST00002020,0.6914,69.14,High Risk,1
CUST00002021,0.0,0.0,Low Risk,0
CUST00002022,0.359,35.9,Medium Risk,0
CUST00002023,0.0,0.0,Low Risk,0
CUST00002024,0.6793,67.93,High Risk,1
CUST00002025,0.8659,86.59,Critical Risk,1
CUST00002026,0.8659,86.59,Critical Risk,1
CUST00002027,0.4369,43.69,Medium Risk,0
CUST00002028,0.0,0.0,Low Risk,0
CUST00002029,0.359,35.9,Medium Risk,0
CUST00002030,0.0,0.0,Low Risk,0
CUST00002031,0.3568,35.68,Medium Risk,0
CUST00002032,0.0,0.0,Low Risk,0
CUST00002033,0.6138,61.38,High Risk,1
CUST00002034,0.0,0.0,Low Risk,0
CUST00002035,0.0,0.0,Low Risk,0
CUST00002036,0.8659,86.59,Critical Risk,1
CUST00002037,0.0,0.0,Low Risk,0
CUST00002038,0.3568,35.68,Medium Risk,0
CUST00002039,0.0,0.0,Low Risk,0
CUST00002040,0.0,0.0,Low Risk,0
CUST00002041,0.0,0.0,Low Risk,0
CUST00002042,0.0,0.0,Low Risk,0
CUST00002043,0.8659,86.59,Critical Risk,1
CUST00002044,0.0,0.0,Low Risk,0
CUST00002045,0.8659,86.59,Critical Risk,1
CUST00002046,0.0,0.0,Low Risk,0
CUST00002047,0.0,0.0,Low Risk,0
CUST00002048,0.6138,61.38,High Risk,1
CUST00002049,0.8659,86.59,Critical Risk,1
CUST00002050,0.0,0.0,Low Risk,0
CUST00002051,0.0,0.0,Low Risk,0
CUST00002052,0.0,0.0,Low Risk,0
CUST00002053,0.4369,43.69,Medium Risk,0
CUST00002054,0.6914,69.14,High Risk,1
CUST00002055,0.0,0.0,Low Risk,0
CUST00002056,0.0,0.0,Low Risk,0
CUST00002057,0.8659,86.59,Critical Risk,1
CUST00002058,0.0,0.0,Low Risk,0
CUST00002059,0.359,35.9,Medium Risk,0
CUST00002060,0.6914,69.14,High Risk,1
CUST00002061,0.8659,86.59,Critical Risk,1
CUST00002062,0.6793,67.93,High Risk,1
CUST00002063,0.8659,86.59,Critical Risk,1
CUST00002064,0.8659,86.59,Critical Risk,1
CUST00002065,0.0,0.0,Low Risk,0
CUST00002066,0.4369,43.69,Medium Risk,0
CUST00002067,0.4369,43.69,Medium Risk,0
CUST00002068,0.0,0.0,Low Risk,0
CUST00002069,0.8659,86.59,Critical Risk,1
CUST00002070,0.3037,30.37,Medium Risk,0
CUST00002071,0.8659,86.59,Critical Risk,1
CUST00002072,0.0,0.0,Low Risk,0
CUST00002073,0.8659,86.59,Critical Risk,1
CUST00002074,0.0,0.0,Low Risk,0
CUST00002075,0.0,0.0,Low Risk,0
CUST00002076,0.0,0.0,Low Risk,0
CUST00002077,0.0,0.0,Low Risk,0
CUST00002078,0.0,0.0,Low Risk,0
CUST00002079,0.0,0.0,Low Risk,0
CUST00002080,0.9744,97.44,Critical Risk,1
CUST00002081,0.0,0.0,Low Risk,0
CUST00002082,0.0,0.0,Low Risk,0
CUST00002083,0.8659,86.59,Critical Risk,1
CUST00002084,0.0,0.0,Low Risk,0
CUST00002085,0.0,0.0,Low Risk,0
CUST00002086,0.0,0.0,Low Risk,0
CUST00002087,0.0,0.0,Low Risk,0
CUST00002088,0.6793,67.93,High Risk,1
CUST00002089,0.0,0.0,Low Risk,0
CUST00002090,0.0,0.0,Low Risk,0
CUST00002091,0.6914,69.14,High Risk,1
CUST00002092,0.0,0.0,Low Risk,0
CUST00002093,0.6793,67.93,High Risk,1
CUST00002094,0.8659,86.59,Critical Risk,1
CUST00002095,0.0,0.0,Low Risk,0
CUST00002096,0.0,0.0,Low Risk,0
CUST00002097,0.8659,86.59,Critical Risk,1
CUST00002098,0.6793,67.93,High Risk,1
CUST00002099,0.8659,86.59,Critical Risk,1
CUST00002100,0.4369,43.69,Medium Risk,0
CUST00002101,0.3568,35.68,Medium Risk,0
CUST00002102,0.6793,67.93,High Risk,1
CUST00002103,0.3568,35.68,Medium Risk,0
CUST00002104,0.4369,43.69,Medium Risk,0
CUST00002105,0.4369,43.69,Medium Risk,0
CUST00002106,0.8659,86.59,Critical Risk,1
CUST00002107,0.0,0.0,Low Risk,0
CUST00002108,0.8659,86.59,Critical Risk,1
CUST00002109,0.3037,30.37,Medium Risk,0
CUST00002110,0.0,0.0,Low Risk,0
CUST00002111,0.6793,67.93,High Risk,1
CUST00002112,0.0,0.0,Low Risk,0
CUST00002113,0.0,0.0,Low Risk,0
CUST00002114,0.0,0.0,Low Risk,0
CUST00002115,0.0,0.0,Low Risk,0
CUST00002116,0.0,0.0,Low Risk,0
CUST00002117,0.3037,30.37,Medium Risk,0
CUST00002118,0.0,0.0,Low Risk,0
CUST00002119,0.0,0.0,Low Risk,0
CUST00002120,0.0,0.0,Low Risk,0
CUST00002121,0.0,0.0,Low Risk,0
CUST00002122,0.0,0.0,Low Risk,0
CUST00002123,0.4369,43.69,Medium Risk,0
CUST00002124,0.0,0.0,Low Risk,0
CUST00002125,0.6793,67.93,High Risk,1
CUST00002126,0.8659,86.59,Critical Risk,1
CUST00002127,0.6914,69.14,High Risk,1
CUST00002128,0.0,0.0,Low Risk,0
CUST00002129,0.6793,67.93,High Risk,1
CUST00002130,0.0,0.0,Low Risk,0
CUST00002131,0.8659,86.59,Critical Risk,1
CUST00002132,0.6793,67.93,High Risk,1
CUST00002133,0.0,0.0,Low Risk,0
CUST00002134,0.0,0.0,Low Risk,0
CUST00002135,0.0,0.0,Low Risk,0
CUST00002136,0.0,0.0,Low Risk,0
CUST00002137,0.6793,67.93,High Risk,1
CUST00002138,0.8659,86.59,Critical Risk,1
CUST00002139,0.6793,67.93,High Risk,1
CUST00002140,0.0,0.0,Low Risk,0
CUST00002141,0.0,0.0,Low Risk,0
CUST00002142,0.0,0.0,Low Risk,0
CUST00002143,0.6793,67.93,High Risk,1
CUST00002144,0.8659,86.59,Critical Risk,1
CUST00002145,0.0,0.0,Low Risk,0
CUST00002146,0.0,0.0,Low Risk,0
CUST00002147,0.0,0.0,Low Risk,0
CUST00002148,0.3037,30.37,Medium Risk,0
CUST00002149,0.5362,53.62,High Risk,1
CUST00002150,0.0,0.0,Low Risk,0
CUST00002151,0.0,0.0,Low Risk,0
CUST00002152,0.4369,43.69,Medium Risk,0
CUST00002153,0.0,0.0,Low Risk,0
CUST00002154,0.4369,43.69,Medium Risk,0
CUST00002155,0.0,0.0,Low Risk,0
CUST00002156,0.6138,61.38,High Risk,1
CUST00002157,0.8659,86.59,Critical Risk,1
CUST00002158,0.0,0.0,Low Risk,0
CUST00002159,0.0,0.0,Low Risk,0
CUST00002160,0.8659,86.59,Critical Risk,1
CUST00002161,0.8659,86.59,Critical Risk,1
CUST00002162,0.5362,53.62,High Risk,1
CUST00002163,0.0,0.0,Low Risk,0
CUST00002164,0.0,0.0,Low Risk,0
CUST00002165,0.8659,86.59,Critical Risk,1
CUST00002166,0.0,0.0,Low Risk,0
CUST00002167,0.4369,43.69,Medium Risk,0
CUST00002168,0.0,0.0,Low Risk,0
CUST00002169,0.0,0.0,Low Risk,0
CUST00002170,0.0,0.0,Low Risk,0
CUST00002171,0.8659,86.59,Critical Risk,1
CUST00002172,0.0,0.0,Low Risk,0
CUST00002173,0.0,0.0,Low Risk,0
CUST00002174,0.0,0.0,Low Risk,0
CUST00002175,0.0,0.0,Low Risk,0
CUST00002176,0.0,0.0,Low Risk,0
CUST00002177,0.6138,61.38,High Risk,1
CUST00002178,0.0,0.0,Low Risk,0
CUST00002179,0.6914,69.14,High Risk,1
CUST00002180,0.8659,86.59,Critical Risk,1
CUST00002181,0.0,0.0,Low Risk,0
CUST00002182,0.8659,86.59,Critical Risk,1
CUST00002183,0.0,0.0,Low Risk,0
CUST00002184,0.0,0.0,Low Risk,0
CUST00002185,0.0,0.0,Low Risk,0
CUST00002186,0.0,0.0,Low Risk,0
CUST00002187,0.0,0.0,Low Risk,0
CUST00002188,0.4369,43.69,Medium Risk,0
CUST00002189,0.0,0.0,Low Risk,0
CUST00002190,0.0,0.0,Low Risk,0
CUST00002191,0.6138,61.38,High Risk,1
CUST00002192,0.1,10.0,Low Risk,0
CUST00002193,0.4369,43.69,Medium Risk,0
CUST00002194,0.4369,43.69,Medium Risk,0
CUST00002195,0.0,0.0,Low Risk,0
CUST00002196,0.0,0.0,Low Risk,0
CUST00002197,0.8659,86.59,Critical Risk,1
CUST00002198,0.0,0.0,Low Risk,0
CUST00002199,0.8659,86.59,Critical Risk,1
CUST00002200,0.0,0.0,Low Risk,0
CUST00002201,0.0,0.0,Low Risk,0
CUST00002202,0.0,0.0,Low Risk,0
CUST00002203,0.0,0.0,Low Risk,0
CUST00002204,0.0,0.0,Low Risk,0
CUST00002205,0.0,0.0,Low Risk,0
CUST00002206,0.5362,53.62,High Risk,1
CUST00002207,0.359,35.9,Medium Risk,0
CUST00002208,0.0,0.0,Low Risk,0
CUST00002209,0.4369,43.69,Medium Risk,0
CUST00002210,0.0,0.0,Low Risk,0
CUST00002211,0.4369,43.69,Medium Risk,0
CUST00002212,0.0,0.0,Low Risk,0
CUST00002213,0.8659,86.59,Critical Risk,1
CUST00002214,0.0,0.0,Low Risk,0
CUST00002215,0.0,0.0,Low Risk,0
CUST00002216,0.0,0.0,Low Risk,0
CUST00002217,0.6914,69.14,High Risk,1
CUST00002218,0.0,0.0,Low Risk,0
CUST00002219,0.0,0.0,Low Risk,0
CUST00002220,0.3037,30.37,Medium Risk,0
CUST00002221,0.0,0.0,Low Risk,0
CUST00002222,0.0,0.0,Low Risk,0
CUST00002223,0.0,0.0,Low Risk,0
CUST00002224,0.4369,43.69,Medium Risk,0
CUST00002225,0.8659,86.59,Critical Risk,1
CUST00002226,0.0,0.0,Low Risk,0
CUST00002227,0.8659,86.59,Critical Risk,1
CUST00002228,0.0,0.0,Low Risk,0
CUST00002229,0.0,0.0,Low Risk,0
CUST00002230,0.0,0.0,Low Risk,0
CUST00002231,0.0,0.0,Low Risk,0
CUST00002232,0.6914,69.14,High Risk,1
CUST00002233,0.0,0.0,Low Risk,0
CUST00002234,0.0,0.0,Low Risk,0
CUST00002235,0.0,0.0,Low Risk,0
CUST00002236,0.3568,35.68,Medium Risk,0
CUST00002237,0.3568,35.68,Medium Risk,0
CUST00002238,0.0,0.0,Low Risk,0
CUST00002239,0.0,0.0,Low Risk,0
CUST00002240,0.6914,69.14,High Risk,1
CUST00002241,0.0,0.0,Low Risk,0
CUST00002242,0.5362,53.62,High Risk,1
CUST00002243,0.8659,86.59,Critical Risk,1
CUST00002244,0.6138,61.38,High Risk,1
CUST00002245,0.5362,53.62,High Risk,1
CUST00002246,0.0,0.0,Low Risk,0
CUST00002247,0.359,35.9,Medium Risk,0
CUST00002248,0.6793,67.93,High Risk,1
CUST00002249,0.3568,35.68,Medium Risk,0
CUST00002250,0.0,0.0,Low Risk,0
CUST00002251,0.0,0.0,Low Risk,0
CUST00002252,0.0,0.0,Low Risk,0
CUST00002253,0.0,0.0,Low Risk,0
CUST00002254,0.0,0.0,Low Risk,0
CUST00002255,0.0,0.0,Low Risk,0
CUST00002256,0.8659,86.59,Critical Risk,1
CUST00002257,0.8659,86.59,Critical Risk,1
CUST00002258,0.4369,43.69,Medium Risk,0
CUST00002259,0.0,0.0,Low Risk,0
CUST00002260,0.8659,86.59,Critical Risk,1
CUST00002261,0.4369,43.69,Medium Risk,0
CUST00002262,0.8659,86.59,Critical Risk,1
CUST00002263,0.0,0.0,Low Risk,0
CUST00002264,0.0,0.0,Low Risk,0
CUST00002265,0.0,0.0,Low Risk,0
CUST00002266,0.0,0.0,Low Risk,0
CUST00002267,0.0,0.0,Low Risk,0
CUST00002268,0.0,0.0,Low Risk,0
CUST00002269,0.0,0.0,Low Risk,0
CUST00002270,0.0,0.0,Low Risk,0
CUST00002271,0.0,0.0,Low Risk,0
CUST00002272,0.0,0.0,Low Risk,0
CUST00002273,0.4369,43.69,Medium Risk,0
CUST00002274,0.0,0.0,Low Risk,0
CUST00002275,0.5362,53.62,High Risk,1
CUST00002276,0.0,0.0,Low Risk,0
CUST00002277,0.0,0.0,Low Risk,0
CUST00002278,0.0,0.0,Low Risk,0
CUST00002279,0.4369,43.69,Medium Risk,0
CUST00002280,0.0,0.0,Low Risk,0
CUST00002281,0.6914,69.14,High Risk,1
CUST00002282,0.0,0.0,Low Risk,0
CUST00002283,0.0,0.0,Low Risk,0
CUST00002284,0.8659,86.59,Critical Risk,1
CUST00002285,0.0,0.0,Low Risk,0
CUST00002286,0.8659,86.59,Critical Risk,1
CUST00002287,0.0,0.0,Low Risk,0
CUST00002288,0.3568,35.68,Medium Risk,0
CUST00002289,0.4369,43.69,Medium Risk,0
CUST00002290,0.8659,86.59,Critical Risk,1
CUST00002291,0.0,0.0,Low Risk,0
CUST00002292,0.0,0.0,Low Risk,0
CUST00002293,0.0,0.0,Low Risk,0
CUST00002294,0.6138,61.38,High Risk,1
CUST00002295,0.5362,53.62,High Risk,1
CUST00002296,0.3568,35.68,Medium Risk,0
CUST00002297,0.0,0.0,Low Risk,0
CUST00002298,0.6138,61.38,High Risk,1
CUST00002299,0.0,0.0,Low Risk,0
CUST00002300,0.0,0.0,Low Risk,0
CUST00002301,0.0,0.0,Low Risk,0
CUST00002302,0.0,0.0,Low Risk,0
CUST00002303,0.4369,43.69,Medium Risk,0
CUST00002304,0.0,0.0,Low Risk,0
CUST00002305,0.0,0.0,Low Risk,0
CUST00002306,0.6914,69.14,High Risk,1
CUST00002307,0.8659,86.59,Critical Risk,1
CUST00002308,0.0,0.0,Low Risk,0
CUST00002309,0.0,0.0,Low Risk,0
CUST00002310,0.8659,86.59,Critical Risk,1
CUST00002311,0.0,0.0,Low Risk,0
CUST00002312,0.0,0.0,Low Risk,0
CUST00002313,0.0,0.0,Low Risk,0
CUST00002314,0.4369,43.69,Medium Risk,0
CUST00002315,0.6793,67.93,High Risk,1
CUST00002316,0.0,0.0,Low Risk,0
CUST00002317,0.4369,43.69,Medium Risk,0
CUST00002318,0.0,0.0,Low Risk,0
CUST00002319,0.4369,43.69,Medium Risk,0
CUST00002320,0.0,0.0,Low Risk,0
CUST00002321,0.0,0.0,Low Risk,0
CUST00002322,0.8659,86.59,Critical Risk,1
CUST00002323,0.8659,86.59,Critical Risk,1
CUST00002324,0.0,0.0,Low Risk,0
CUST00002325,0.0,0.0,Low Risk,0
CUST00002326,0.0,0.0,Low Risk,0
CUST00002327,0.6793,67.93,High Risk,1
CUST00002328,0.6138,61.38,High Risk,1
CUST00002329,0.6914,69.14,High Risk,1
CUST00002330,0.0,0.0,Low Risk,0
CUST00002331,0.8659,86.59,Critical Risk,1
CUST00002332,0.6793,67.93,High Risk,1
CUST00002333,0.0,0.0,Low Risk,0
CUST00002334,0.0,0.0,Low Risk,0
CUST00002335,0.0,0.0,Low Risk,0
CUST00002336,0.8659,86.59,Critical Risk,1
CUST00002337,0.0,0.0,Low Risk,0
CUST00002338,0.0,0.0,Low Risk,0
CUST00002339,0.0,0.0,Low Risk,0
CUST00002340,0.3568,35.68,Medium Risk,0
CUST00002341,0.0,0.0,Low Risk,0
CUST00002342,0.0,0.0,Low Risk,0
CUST00002343,0.0,0.0,Low Risk,0
CUST00002344,0.5362,53.62,High Risk,1
CUST00002345,0.0,0.0,Low Risk,0
CUST00002346,0.0,0.0,Low Risk,0
CUST00002347,0.0,0.0,Low Risk,0
CUST00002348,0.0,0.0,Low Risk,0
CUST00002349,0.4369,43.69,Medium Risk,0
CUST00002350,0.8659,86.59,Critical Risk,1
CUST00002351,0.6793,67.93,High Risk,1
CUST00002352,0.0,0.0,Low Risk,0
CUST00002353,0.4369,43.69,Medium Risk,0
CUST00002354,0.3037,30.37,Medium Risk,0
CUST00002355,0.4369,43.69,Medium Risk,0
CUST00002356,0.8659,86.59,Critical Risk,1
CUST00002357,0.8659,86.59,Critical Risk,1
CUST00002358,0.4369,43.69,Medium Risk,0
CUST00002359,0.0,0.0,Low Risk,0
CUST00002360,0.8659,86.59,Critical Risk,1
CUST00002361,0.0,0.0,Low Risk,0
CUST00002362,0.4369,43.69,Medium Risk,0
CUST00002363,0.0,0.0,Low Risk,0
CUST00002364,0.8659,86.59,Critical Risk,1
CUST00002365,0.4369,43.69,Medium Risk,0
CUST00002366,0.5362,53.62,High Risk,1
CUST00002367,0.0,0.0,Low Risk,0
CUST00002368,0.6914,69.14,High Risk,1
CUST00002369,0.0,0.0,Low Risk,0
CUST00002370,0.8659,86.59,Critical Risk,1
CUST00002371,0.0,0.0,Low Risk,0
CUST00002372,0.8659,86.59,Critical Risk,1
CUST00002373,0.8659,86.59,Critical Risk,1
CUST00002374,0.4369,43.69,Medium Risk,0
CUST00002375,0.0,0.0,Low Risk,0
CUST00002376,0.0,0.0,Low Risk,0
CUST00002377,0.5362,53.62,High Risk,1
CUST00002378,0.0,0.0,Low Risk,0
CUST00002379,0.0,0.0,Low Risk,0
CUST00002380,0.8659,86.59,Critical Risk,1
CUST00002381,0.0,0.0,Low Risk,0
CUST00002382,0.4369,43.69,Medium Risk,0
CUST00002383,0.0,0.0,Low Risk,0
CUST00002384,0.8659,86.59,Critical Risk,1
CUST00002385,0.6914,69.14,High Risk,1
CUST00002386,0.6138,61.38,High Risk,1
CUST00002387,0.0,0.0,Low Risk,0
CUST00002388,0.8659,86.59,Critical Risk,1
CUST00002389,0.0,0.0,Low Risk,0
CUST00002390,0.0,0.0,Low Risk,0
CUST00002391,0.0,0.0,Low Risk,0
CUST00002392,0.359,35.9,Medium Risk,0
CUST00002393,0.0,0.0,Low Risk,0
CUST00002394,0.6138,61.38,High Risk,1
CUST00002395,0.8659,86.59,Critical Risk,1
CUST00002396,0.0,0.0,Low Risk,0
CUST00002397,0.3037,30.37,Medium Risk,0
CUST00002398,0.8659,86.59,Critical Risk,1
CUST00002399,0.8659,86.59,Critical Risk,1
CUST00002400,0.3037,30.37,Medium Risk,0
CUST00002401,0.6793,67.93,High Risk,1
CUST00002402,0.0,0.0,Low Risk,0
CUST00002403,0.8659,86.59,Critical Risk,1
CUST00002404,0.8659,86.59,Critical Risk,1
CUST00002405,0.0,0.0,Low Risk,0
CUST00002406,0.0,0.0,Low Risk,0
CUST00002407,0.4369,43.69,Medium Risk,0
CUST00002408,0.0,0.0,Low Risk,0
CUST00002409,0.6793,67.93,High Risk,1
CUST00002410,0.0,0.0,Low Risk,0
CUST00002411,0.8659,86.59,Critical Risk,1
CUST00002412,0.6793,67.93,High Risk,1
CUST00002413,0.0,0.0,Low Risk,0
CUST00002414,0.0,0.0,Low Risk,0
CUST00002415,0.0,0.0,Low Risk,0
CUST00002416,0.0,0.0,Low Risk,0
CUST00002417,0.8659,86.59,Critical Risk,1
CUST00002418,0.0,0.0,Low Risk,0
CUST00002419,0.8659,86.59,Critical Risk,1
CUST00002420,0.8659,86.59,Critical Risk,1
CUST00002421,0.0,0.0,Low Risk,0
CUST00002422,0.0,0.0,Low Risk,0
CUST00002423,0.8659,86.59,Critical Risk,1
CUST00002424,0.8659,86.59,Critical Risk,1
CUST00002425,0.0,0.0,Low Risk,0
CUST00002426,0.0,0.0,Low Risk,0
CUST00002427,0.6138,61.38,High Risk,1
CUST00002428,0.0,0.0,Low Risk,0
CUST00002429,0.8659,86.59,Critical Risk,1
CUST00002430,0.0,0.0,Low Risk,0
CUST00002431,0.0,0.0,Low Risk,0
CUST00002432,0.0,0.0,Low Risk,0
CUST00002433,0.8659,86.59,Critical Risk,1
CUST00002434,0.8659,86.59,Critical Risk,1
CUST00002435,0.0,0.0,Low Risk,0
CUST00002436,0.0,0.0,Low Risk,0
CUST00002437,0.8659,86.59,Critical Risk,1
CUST00002438,0.6793,67.93,High Risk,1
CUST00002439,0.6914,69.14,High Risk,1
CUST00002440,0.0,0.0,Low Risk,0
CUST00002441,0.0,0.0,Low Risk,0
CUST00002442,0.6914,69.14,High Risk,1
CUST00002443,0.0,0.0,Low Risk,0
CUST00002444,0.8659,86.59,Critical Risk,1
CUST00002445,0.0,0.0,Low Risk,0
CUST00002446,0.0,0.0,Low Risk,0
CUST00002447,0.8659,86.59,Critical Risk,1
CUST00002448,0.0,0.0,Low Risk,0
CUST00002449,0.0,0.0,Low Risk,0
CUST00002450,0.0,0.0,Low Risk,0
CUST00002451,0.0,0.0,Low Risk,0
CUST00002452,0.0,0.0,Low Risk,0
CUST00002453,0.0,0.0,Low Risk,0
CUST00002454,0.4369,43.69,Medium Risk,0
CUST00002455,0.6138,61.38,High Risk,1
CUST00002456,0.0,0.0,Low Risk,0
CUST00002457,0.0,0.0,Low Risk,0
CUST00002458,0.0,0.0,Low Risk,0
CUST00002459,0.0,0.0,Low Risk,0
CUST00002460,0.4369,43.69,Medium Risk,0
CUST00002461,0.0,0.0,Low Risk,0
CUST00002462,0.8659,86.59,Critical Risk,1
CUST00002463,0.8659,86.59,Critical Risk,1
CUST00002464,0.6793,67.93,High Risk,1
CUST00002465,0.0,0.0,Low Risk,0
CUST00002466,0.3568,35.68,Medium Risk,0
CUST00002467,0.8659,86.59,Critical Risk,1
CUST00002468,0.0,0.0,Low Risk,0
CUST00002469,0.6138,61.38,High Risk,1
CUST00002470,0.0,0.0,Low Risk,0
CUST00002471,0.6793,67.93,High Risk,1
CUST00002472,0.0,0.0,Low Risk,0
CUST00002473,0.0,0.0,Low Risk,0
CUST00002474,0.0,0.0,Low Risk,0
CUST00002475,0.6793,67.93,High Risk,1
CUST00002476,0.0,0.0,Low Risk,0
CUST00002477,0.0,0.0,Low Risk,0
CUST00002478,0.6793,67.93,High Risk,1
CUST00002479,0.6914,69.14,High Risk,1
CUST00002480,0.0,0.0,Low Risk,0
CUST00002481,0.0,0.0,Low Risk,0
CUST00002482,0.0,0.0,Low Risk,0
CUST00002483,0.4369,43.69,Medium Risk,0
CUST00002484,0.0,0.0,Low Risk,0
CUST00002485,0.0,0.0,Low Risk,0
CUST00002486,0.0,0.0,Low Risk,0
CUST00002487,0.8659,86.59,Critical Risk,1
CUST00002488,0.0,0.0,Low Risk,0
CUST00002489,0.0,0.0,Low Risk,0
CUST00002490,0.359,35.9,Medium Risk,0
CUST00002491,0.8659,86.59,Critical Risk,1
CUST00002492,0.4369,43.69,Medium Risk,0
CUST00002493,0.6914,69.14,High Risk,1
CUST00002494,0.8659,86.59,Critical Risk,1
CUST00002495,0.0,0.0,Low Risk,0
CUST00002496,0.0,0.0,Low Risk,0
CUST00002497,0.8659,86.59,Critical Risk,1
CUST00002498,0.4369,43.69,Medium Risk,0
CUST00002499,0.0,0.0,Low Risk,0
CUST00002500,0.0,0.0,Low Risk,0
CUST00002501,0.0,0.0,Low Risk,0
CUST00002502,0.0,0.0,Low Risk,0
CUST00002503,0.5362,53.62,High Risk,1
CUST00002504,0.0,0.0,Low Risk,0
CUST00002505,0.0,0.0,Low Risk,0
CUST00002506,0.0,0.0,Low Risk,0
CUST00002507,0.5362,53.62,High Risk,1
CUST00002508,0.0,0.0,Low Risk,0
CUST00002509,0.4369,43.69,Medium Risk,0
CUST00002510,0.4369,43.69,Medium Risk,0
CUST00002511,0.3037,30.37,Medium Risk,0
CUST00002512,0.0,0.0,Low Risk,0
CUST00002513,0.0,0.0,Low Risk,0
CUST00002514,0.8659,86.59,Critical Risk,1
CUST00002515,0.6138,61.38,High Risk,1
CUST00002516,0.8659,86.59,Critical Risk,1
CUST00002517,0.0,0.0,Low Risk,0
CUST00002518,0.8659,86.59,Critical Risk,1
CUST00002519,0.0,0.0,Low Risk,0
CUST00002520,0.0,0.0,Low Risk,0
CUST00002521,0.8659,86.59,Critical Risk,1
CUST00002522,0.8659,86.59,Critical Risk,1
CUST00002523,0.0,0.0,Low Risk,0
CUST00002524,0.0,0.0,Low Risk,0
CUST00002525,0.6914,69.14,High Risk,1
CUST00002526,0.0,0.0,Low Risk,0
CUST00002527,0.0,0.0,Low Risk,0
CUST00002528,0.0,0.0,Low Risk,0
CUST00002529,0.0,0.0,Low Risk,0
CUST00002530,0.0,0.0,Low Risk,0
CUST00002531,0.8659,86.59,Critical Risk,1
CUST00002532,0.3037,30.37,Medium Risk,0
CUST00002533,0.0,0.0,Low Risk,0
CUST00002534,0.0,0.0,Low Risk,0
CUST00002535,0.0,0.0,Low Risk,0
CUST00002536,0.5362,53.62,High Risk,1
CUST00002537,0.0,0.0,Low Risk,0
CUST00002538,0.6138,61.38,High Risk,1
CUST00002539,0.8659,86.59,Critical Risk,1
CUST00002540,0.0,0.0,Low Risk,0
CUST00002541,0.0,0.0,Low Risk,0
CUST00002542,0.8659,86.59,Critical Risk,1
CUST00002543,0.8659,86.59,Critical Risk,1
CUST00002544,0.0,0.0,Low Risk,0
CUST00002545,0.8659,86.59,Critical Risk,1
CUST00002546,0.0,0.0,Low Risk,0
CUST00002547,0.0,0.0,Low Risk,0
CUST00002548,0.8659,86.59,Critical Risk,1
CUST00002549,0.6793,67.93,High Risk,1
CUST00002550,0.0,0.0,Low Risk,0
CUST00002551,0.6138,61.38,High Risk,1
CUST00002552,0.8659,86.59,Critical Risk,1
CUST00002553,0.0,0.0,Low Risk,0
CUST00002554,0.6138,61.38,High Risk,1
CUST00002555,0.0,0.0,Low Risk,0
CUST00002556,0.8659,86.59,Critical Risk,1
CUST00002557,0.8659,86.59,Critical Risk,1
CUST00002558,0.6793,67.93,High Risk,1
CUST00002559,0.8659,86.59,Critical Risk,1
CUST00002560,0.0,0.0,Low Risk,0
CUST00002561,0.0,0.0,Low Risk,0
CUST00002562,0.3568,35.68,Medium Risk,0
CUST00002563,0.8659,86.59,Critical Risk,1
CUST00002564,0.0,0.0,Low Risk,0
CUST00002565,0.0,0.0,Low Risk,0
CUST00002566,0.0,0.0,Low Risk,0
CUST00002567,0.0,0.0,Low Risk,0
CUST00002568,0.0,0.0,Low Risk,0
CUST00002569,0.8659,86.59,Critical Risk,1
CUST00002570,0.8659,86.59,Critical Risk,1
CUST00002571,0.3037,30.37,Medium Risk,0
CUST00002572,0.0,0.0,Low Risk,0
CUST00002573,0.4369,43.69,Medium Risk,0
CUST00002574,0.6914,69.14,High Risk,1
CUST00002575,0.0,0.0,Low Risk,0
CUST00002576,0.6138,61.38,High Risk,1
CUST00002577,0.0,0.0,Low Risk,0
CUST00002578,0.6914,69.14,High Risk,1
CUST00002579,0.0,0.0,Low Risk,0
CUST00002580,0.0,0.0,Low Risk,0
CUST00002581,0.0,0.0,Low Risk,0
CUST00002582,0.8659,86.59,Critical Risk,1
CUST00002583,0.0,0.0,Low Risk,0
CUST00002584,0.0,0.0,Low Risk,0
CUST00002585,0.3568,35.68,Medium Risk,0
CUST00002586,0.0,0.0,Low Risk,0
CUST00002587,0.8659,86.59,Critical Risk,1
CUST00002588,0.0,0.0,Low Risk,0
CUST00002589,0.0,0.0,Low Risk,0
CUST00002590,0.4369,43.69,Medium Risk,0
CUST00002591,0.8659,86.59,Critical Risk,1
CUST00002592,0.6138,61.38,High Risk,1
CUST00002593,0.6793,67.93,High Risk,1
CUST00002594,0.8659,86.59,Critical Risk,1
CUST00002595,0.0,0.0,Low Risk,0
CUST00002596,0.0,0.0,Low Risk,0
CUST00002597,0.0,0.0,Low Risk,0
CUST00002598,0.8659,86.59,Critical Risk,1
CUST00002599,0.5362,53.62,High Risk,1
CUST00002600,0.0,0.0,Low Risk,0
CUST00002601,0.5362,53.62,High Risk,1
CUST00002602,0.0,0.0,Low Risk,0
CUST00002603,0.0,0.0,Low Risk,0
CUST00002604,0.5362,53.62,High Risk,1
CUST00002605,0.8659,86.59,Critical Risk,1
CUST00002606,0.0,0.0,Low Risk,0
CUST00002607,0.8659,86.59,Critical Risk,1
CUST00002608,0.8659,86.59,Critical Risk,1
CUST00002609,0.0,0.0,Low Risk,0
CUST00002610,0.0,0.0,Low Risk,0
CUST00002611,0.8659,86.59,Critical Risk,1
CUST00002612,0.3568,35.68,Medium Risk,0
CUST00002613,0.8659,86.59,Critical Risk,1
CUST00002614,0.359,35.9,Medium Risk,0
CUST00002615,0.6793,67.93,High Risk,1
CUST00002616,0.0,0.0,Low Risk,0
CUST00002617,0.0,0.0,Low Risk,0
CUST00002618,0.6914,69.14,High Risk,1
CUST00002619,0.8659,86.59,Critical Risk,1
CUST00002620,0.0,0.0,Low Risk,0
CUST00002621,0.4369,43.69,Medium Risk,0
CUST00002622,0.0,0.0,Low Risk,0
CUST00002623,0.0,0.0,Low Risk,0
CUST00002624,0.0,0.0,Low Risk,0
CUST00002625,0.4369,43.69,Medium Risk,0
CUST00002626,0.4369,43.69,Medium Risk,0
CUST00002627,0.0,0.0,Low Risk,0
CUST00002628,0.4369,43.69,Medium Risk,0
CUST00002629,0.8659,86.59,Critical Risk,1
CUST00002630,0.4369,43.69,Medium Risk,0
CUST00002631,0.8659,86.59,Critical Risk,1
CUST00002632,0.8659,86.59,Critical Risk,1
CUST00002633,0.0,0.0,Low Risk,0
CUST00002634,0.6793,67.93,High Risk,1
CUST00002635,0.0,0.0,Low Risk,0
CUST00002636,0.3037,30.37,Medium Risk,0
CUST00002637,0.4369,43.69,Medium Risk,0
CUST00002638,0.0,0.0,Low Risk,0
CUST00002639,0.0,0.0,Low Risk,0
CUST00002640,0.0,0.0,Low Risk,0
CUST00002641,0.0,0.0,Low Risk,0
CUST00002642,0.0,0.0,Low Risk,0
CUST00002643,0.6914,69.14,High Risk,1
CUST00002644,0.4369,43.69,Medium Risk,0
CUST00002645,0.4369,43.69,Medium Risk,0
CUST00002646,0.8659,86.59,Critical Risk,1
CUST00002647,0.8659,86.59,Critical Risk,1
CUST00002648,0.0,0.0,Low Risk,0
CUST00002649,0.8659,86.59,Critical Risk,1
CUST00002650,0.0,0.0,Low Risk,0
CUST00002651,0.4369,43.69,Medium Risk,0
CUST00002652,0.0,0.0,Low Risk,0
CUST00002653,0.4369,43.69,Medium Risk,0
CUST00002654,0.8659,86.59,Critical Risk,1
CUST00002655,0.8659,86.59,Critical Risk,1
CUST00002656,0.4369,43.69,Medium Risk,0
CUST00002657,0.6793,67.93,High Risk,1
CUST00002658,0.8659,86.59,Critical Risk,1
CUST00002659,0.6914,69.14,High Risk,1
CUST00002660,0.6138,61.38,High Risk,1
CUST00002661,0.359,35.9,Medium Risk,0
CUST00002662,0.8659,86.59,Critical Risk,1
CUST00002663,0.0,0.0,Low Risk,0
CUST00002664,0.8659,86.59,Critical Risk,1
CUST00002665,0.0,0.0,Low Risk,0
CUST00002666,0.8659,86.59,Critical Risk,1
CUST00002667,0.8659,86.59,Critical Risk,1
CUST00002668,0.0,0.0,Low Risk,0
CUST00002669,0.3037,30.37,Medium Risk,0
CUST00002670,0.4369,43.69,Medium Risk,0
CUST00002671,0.0,0.0,Low Risk,0
CUST00002672,0.0,0.0,Low Risk,0
CUST00002673,0.0,0.0,Low Risk,0
CUST00002674,0.1,10.0,Low Risk,0
CUST00002675,0.0,0.0,Low Risk,0
CUST00002676,0.0,0.0,Low Risk,0
CUST00002677,0.0,0.0,Low Risk,0
CUST00002678,0.0,0.0,Low Risk,0
CUST00002679,0.0,0.0,Low Risk,0
CUST00002680,0.0,0.0,Low Risk,0
CUST00002681,0.0,0.0,Low Risk,0
CUST00002682,0.8659,86.59,Critical Risk,1
CUST00002683,0.6914,69.14,High Risk,1
CUST00002684,0.0,0.0,Low Risk,0
CUST00002685,0.0,0.0,Low Risk,0
CUST00002686,0.8659,86.59,Critical Risk,1
CUST00002687,0.8659,86.59,Critical Risk,1
CUST00002688,0.4369,43.69,Medium Risk,0
CUST00002689,0.0,0.0,Low Risk,0
CUST00002690,0.6138,61.38,High Risk,1
CUST00002691,0.8659,86.59,Critical Risk,1
CUST00002692,0.0,0.0,Low Risk,0
CUST00002693,0.8659,86.59,Critical Risk,1
CUST00002694,0.0,0.0,Low Risk,0
CUST00002695,0.0,0.0,Low Risk,0
CUST00002696,0.8659,86.59,Critical Risk,1
CUST00002697,0.0,0.0,Low Risk,0
CUST00002698,0.0,0.0,Low Risk,0
CUST00002699,0.0,0.0,Low Risk,0
CUST00002700,0.0,0.0,Low Risk,0
CUST00002701,0.4369,43.69,Medium Risk,0
CUST00002702,0.0,0.0,Low Risk,0
CUST00002703,0.0,0.0,Low Risk,0
CUST00002704,0.4369,43.69,Medium Risk,0
CUST00002705,0.0,0.0,Low Risk,0
CUST00002706,0.3568,35.68,Medium Risk,0
CUST00002707,0.0,0.0,Low Risk,0
CUST00002708,0.0,0.0,Low Risk,0
CUST00002709,0.0,0.0,Low Risk,0
CUST00002710,0.8659,86.59,Critical Risk,1
CUST00002711,0.359,35.9,Medium Risk,0
CUST00002712,0.8659,86.59,Critical Risk,1
CUST00002713,0.359,35.9,Medium Risk,0
CUST00002714,0.8659,86.59,Critical Risk,1
CUST00002715,0.0,0.0,Low Risk,0
CUST00002716,0.0,0.0,Low Risk,0
CUST00002717,0.6793,67.93,High Risk,1
CUST00002718,0.5362,53.62,High Risk,1
CUST00002719,0.0,0.0,Low Risk,0
CUST00002720,0.5362,53.62,High Risk,1
CUST00002721,0.8659,86.59,Critical Risk,1
CUST00002722,0.5362,53.62,High Risk,1
CUST00002723,0.5362,53.62,High Risk,1
CUST00002724,0.0,0.0,Low Risk,0
CUST00002725,0.0,0.0,Low Risk,0
CUST00002726,0.6914,69.14,High Risk,1
CUST00002727,0.0,0.0,Low Risk,0
CUST00002728,0.0,0.0,Low Risk,0
CUST00002729,0.1,10.0,Low Risk,0
CUST00002730,0.6793,67.93,High Risk,1
CUST00002731,0.0,0.0,Low Risk,0
CUST00002732,0.5362,53.62,High Risk,1
CUST00002733,0.359,35.9,Medium Risk,0
CUST00002734,0.4369,43.69,Medium Risk,0
CUST00002735,0.8659,86.59,Critical Risk,1
CUST00002736,0.6138,61.38,High Risk,1
CUST00002737,0.0,0.0,Low Risk,0
CUST00002738,0.8659,86.59,Critical Risk,1
CUST00002739,0.0,0.0,Low Risk,0
CUST00002740,0.8659,86.59,Critical Risk,1
CUST00002741,0.0,0.0,Low Risk,0
CUST00002742,0.0,0.0,Low Risk,0
CUST00002743,0.6793,67.93,High Risk,1
CUST00002744,0.6793,67.93,High Risk,1
CUST00002745,0.6138,61.38,High Risk,1
CUST00002746,0.0,0.0,Low Risk,0
CUST00002747,0.6138,61.38,High Risk,1
CUST00002748,0.8659,86.59,Critical Risk,1
CUST00002749,0.0,0.0,Low Risk,0
CUST00002750,0.0,0.0,Low Risk,0
CUST00002751,0.0,0.0,Low Risk,0
CUST00002752,0.0,0.0,Low Risk,0
CUST00002753,0.3568,35.68,Medium Risk,0
CUST00002754,0.0,0.0,Low Risk,0
CUST00002755,0.0,0.0,Low Risk,0
CUST00002756,0.4369,43.69,Medium Risk,0
CUST00002757,0.0,0.0,Low Risk,0
CUST00002758,0.0,0.0,Low Risk,0
CUST00002759,0.6793,67.93,High Risk,1
CUST00002760,0.4369,43.69,Medium Risk,0
CUST00002761,0.0,0.0,Low Risk,0
CUST00002762,0.8659,86.59,Critical Risk,1
CUST00002763,0.4369,43.69,Medium Risk,0
CUST00002764,0.8659,86.59,Critical Risk,1
CUST00002765,0.0,0.0,Low Risk,0
CUST00002766,0.0,0.0,Low Risk,0
CUST00002767,0.0,0.0,Low Risk,0
CUST00002768,0.0,0.0,Low Risk,0
CUST00002769,0.0,0.0,Low Risk,0
CUST00002770,0.0,0.0,Low Risk,0
CUST00002771,0.5362,53.62,High Risk,1
CUST00002772,0.0,0.0,Low Risk,0
CUST00002773,0.8659,86.59,Critical Risk,1
CUST00002774,0.8659,86.59,Critical Risk,1
CUST00002775,0.8659,86.59,Critical Risk,1
CUST00002776,0.6138,61.38,High Risk,1
CUST00002777,0.0,0.0,Low Risk,0
CUST00002778,0.0,0.0,Low Risk,0
CUST00002779,0.3568,35.68,Medium Risk,0
CUST00002780,0.6138,61.38,High Risk,1
CUST00002781,0.8659,86.59,Critical Risk,1
CUST00002782,0.0,0.0,Low Risk,0
CUST00002783,0.0,0.0,Low Risk,0
CUST00002784,0.0,0.0,Low Risk,0
CUST00002785,0.359,35.9,Medium Risk,0
CUST00002786,0.8659,86.59,Critical Risk,1
CUST00002787,0.8659,86.59,Critical Risk,1
CUST00002788,0.0,0.0,Low Risk,0
CUST00002789,0.8659,86.59,Critical Risk,1
CUST00002790,0.0,0.0,Low Risk,0
CUST00002791,0.0,0.0,Low Risk,0
CUST00002792,0.8659,86.59,Critical Risk,1
CUST00002793,0.0,0.0,Low Risk,0
CUST00002794,0.0,0.0,Low Risk,0
CUST00002795,0.0,0.0,Low Risk,0
CUST00002796,0.5362,53.62,High Risk,1
CUST00002797,0.0,0.0,Low Risk,0
CUST00002798,0.6793,67.93,High Risk,1
CUST00002799,0.6914,69.14,High Risk,1
CUST00002800,0.359,35.9,Medium Risk,0
CUST00002801,0.8659,86.59,Critical Risk,1
CUST00002802,0.8659,86.59,Critical Risk,1
CUST00002803,0.0,0.0,Low Risk,0
CUST00002804,0.8659,86.59,Critical Risk,1
CUST00002805,0.8659,86.59,Critical Risk,1
CUST00002806,0.0,0.0,Low Risk,0
CUST00002807,0.8659,86.59,Critical Risk,1
CUST00002808,0.3037,30.37,Medium Risk,0
CUST00002809,0.0,0.0,Low Risk,0
CUST00002810,0.5362,53.62,High Risk,1
CUST00002811,0.0,0.0,Low Risk,0
CUST00002812,0.0,0.0,Low Risk,0
CUST00002813,0.0,0.0,Low Risk,0
CUST00002814,0.0,0.0,Low Risk,0
CUST00002815,0.6914,69.14,High Risk,1
CUST00002816,0.4369,43.69,Medium Risk,0
CUST00002817,0.3568,35.68,Medium Risk,0
CUST00002818,0.0,0.0,Low Risk,0
CUST00002819,0.0,0.0,Low Risk,0
CUST00002820,0.8659,86.59,Critical Risk,1
CUST00002821,0.6793,67.93,High Risk,1
CUST00002822,0.8659,86.59,Critical Risk,1
CUST00002823,0.6138,61.38,High Risk,1
CUST00002824,0.8659,86.59,Critical Risk,1
CUST00002825,0.0,0.0,Low Risk,0
CUST00002826,0.3037,30.37,Medium Risk,0
CUST00002827,0.0,0.0,Low Risk,0
CUST00002828,0.0,0.0,Low Risk,0
CUST00002829,0.0,0.0,Low Risk,0
CUST00002830,0.0,0.0,Low Risk,0
CUST00002831,0.0,0.0,Low Risk,0
CUST00002832,0.0,0.0,Low Risk,0
CUST00002833,0.0,0.0,Low Risk,0
CUST00002834,0.4369,43.69,Medium Risk,0
CUST00002835,0.8659,86.59,Critical Risk,1
CUST00002836,0.0,0.0,Low Risk,0
CUST00002837,0.3037,30.37,Medium Risk,0
CUST00002838,0.0,0.0,Low Risk,0
CUST00002839,0.0,0.0,Low Risk,0
CUST00002840,0.8659,86.59,Critical Risk,1
CUST00002841,0.0,0.0,Low Risk,0
CUST00002842,0.8659,86.59,Critical Risk,1
CUST00002843,0.0,0.0,Low Risk,0
CUST00002844,0.4369,43.69,Medium Risk,0
CUST00002845,0.0,0.0,Low Risk,0
CUST00002846,0.8659,86.59,Critical Risk,1
CUST00002847,0.8659,86.59,Critical Risk,1
CUST00002848,0.3568,35.68,Medium Risk,0
CUST00002849,0.0,0.0,Low Risk,0
CUST00002850,0.8659,86.59,Critical Risk,1
CUST00002851,0.0,0.0,Low Risk,0
CUST00002852,0.4369,43.69,Medium Risk,0
CUST00002853,0.8659,86.59,Critical Risk,1
CUST00002854,0.0,0.0,Low Risk,0
CUST00002855,0.0,0.0,Low Risk,0
CUST00002856,0.6793,67.93,High Risk,1
CUST00002857,0.0,0.0,Low Risk,0
CUST00002858,0.4369,43.69,Medium Risk,0
CUST00002859,0.0,0.0,Low Risk,0
CUST00002860,0.0,0.0,Low Risk,0
CUST00002861,0.0,0.0,Low Risk,0
CUST00002862,0.0,0.0,Low Risk,0
CUST00002863,0.0,0.0,Low Risk,0
CUST00002864,0.5362,53.62,High Risk,1
CUST00002865,0.0,0.0,Low Risk,0
CUST00002866,0.4369,43.69,Medium Risk,0
CUST00002867,0.8659,86.59,Critical Risk,1
CUST00002868,0.0,0.0,Low Risk,0
CUST00002869,0.8659,86.59,Critical Risk,1
CUST00002870,0.8659,86.59,Critical Risk,1
CUST00002871,0.0,0.0,Low Risk,0
CUST00002872,0.8659,86.59,Critical Risk,1
CUST00002873,0.4369,43.69,Medium Risk,0
CUST00002874,0.0,0.0,Low Risk,0
CUST00002875,0.0,0.0,Low Risk,0
CUST00002876,0.8659,86.59,Critical Risk,1
CUST00002877,0.0,0.0,Low Risk,0
CUST00002878,0.4369,43.69,Medium Risk,0
CUST00002879,0.3568,35.68,Medium Risk,0
CUST00002880,0.0,0.0,Low Risk,0
CUST00002881,0.4369,43.69,Medium Risk,0
CUST00002882,0.8659,86.59,Critical Risk,1
CUST00002883,0.5362,53.62,High Risk,1
CUST00002884,0.8659,86.59,Critical Risk,1
CUST00002885,0.0,0.0,Low Risk,0
CUST00002886,0.0,0.0,Low Risk,0
CUST00002887,0.0,0.0,Low Risk,0
CUST00002888,0.0,0.0,Low Risk,0
CUST00002889,0.1,10.0,Low Risk,0
CUST00002890,0.0,0.0,Low Risk,0
CUST00002891,0.0,0.0,Low Risk,0
CUST00002892,0.8659,86.59,Critical Risk,1
CUST00002893,0.8659,86.59,Critical Risk,1
CUST00002894,0.0,0.0,Low Risk,0
CUST00002895,0.0,0.0,Low Risk,0
CUST00002896,0.6138,61.38,High Risk,1
CUST00002897,0.8659,86.59,Critical Risk,1
CUST00002898,0.0,0.0,Low Risk,0
CUST00002899,0.0,0.0,Low Risk,0
CUST00002900,0.0,0.0,Low Risk,0
CUST00002901,0.0,0.0,Low Risk,0
CUST00002902,0.6793,67.93,High Risk,1
CUST00002903,0.8659,86.59,Critical Risk,1
CUST00002904,0.4369,43.69,Medium Risk,0
CUST00002905,0.0,0.0,Low Risk,0
CUST00002906,0.1,10.0,Low Risk,0
CUST00002907,0.0,0.0,Low Risk,0
CUST00002908,0.3037,30.37,Medium Risk,0
CUST00002909,0.1,10.0,Low Risk,0
CUST00002910,0.0,0.0,Low Risk,0
CUST00002911,0.0,0.0,Low Risk,0
CUST00002912,0.8659,86.59,Critical Risk,1
CUST00002913,0.0,0.0,Low Risk,0
CUST00002914,0.4369,43.69,Medium Risk,0
CUST00002915,0.8659,86.59,Critical Risk,1
CUST00002916,0.0,0.0,Low Risk,0
CUST00002917,0.3568,35.68,Medium Risk,0
CUST00002918,0.8659,86.59,Critical Risk,1
CUST00002919,0.0,0.0,Low Risk,0
CUST00002920,0.0,0.0,Low Risk,0
CUST00002921,0.1,10.0,Low Risk,0
CUST00002922,0.4369,43.69,Medium Risk,0
CUST00002923,0.5362,53.62,High Risk,1
CUST00002924,0.0,0.0,Low Risk,0
CUST00002925,0.6914,69.14,High Risk,1
CUST00002926,0.8659,86.59,Critical Risk,1
CUST00002927,0.6138,61.38,High Risk,1
CUST00002928,0.0,0.0,Low Risk,0
CUST00002929,0.8659,86.59,Critical Risk,1
CUST00002930,0.0,0.0,Low Risk,0
CUST00002931,0.0,0.0,Low Risk,0
CUST00002932,0.8659,86.59,Critical Risk,1
CUST00002933,0.0,0.0,Low Risk,0
CUST00002934,0.0,0.0,Low Risk,0
CUST00002935,0.6793,67.93,High Risk,1
CUST00002936,0.0,0.0,Low Risk,0
CUST00002937,0.0,0.0,Low Risk,0
CUST00002938,0.0,0.0,Low Risk,0
CUST00002939,0.0,0.0,Low Risk,0
CUST00002940,0.0,0.0,Low Risk,0
CUST00002941,0.8659,86.59,Critical Risk,1
CUST00002942,0.0,0.0,Low Risk,0
CUST00002943,0.0,0.0,Low Risk,0
CUST00002944,0.0,0.0,Low Risk,0
CUST00002945,0.8659,86.59,Critical Risk,1
CUST00002946,0.0,0.0,Low Risk,0
CUST00002947,0.359,35.9,Medium Risk,0
CUST00002948,0.0,0.0,Low Risk,0
CUST00002949,0.0,0.0,Low Risk,0
CUST00002950,0.8659,86.59,Critical Risk,1
CUST00002951,0.4369,43.69,Medium Risk,0
CUST00002952,0.4369,43.69,Medium Risk,0
CUST00002953,0.0,0.0,Low Risk,0
CUST00002954,0.8659,86.59,Critical Risk,1
CUST00002955,0.0,0.0,Low Risk,0
CUST00002956,0.0,0.0,Low Risk,0
CUST00002957,0.8659,86.59,Critical Risk,1
CUST00002958,0.0,0.0,Low Risk,0
CUST00002959,0.6793,67.93,High Risk,1
CUST00002960,0.0,0.0,Low Risk,0
CUST00002961,0.0,0.0,Low Risk,0
CUST00002962,0.8659,86.59,Critical Risk,1
CUST00002963,0.8659,86.59,Critical Risk,1
CUST00002964,0.8659,86.59,Critical Risk,1
CUST00002965,0.8659,86.59,Critical Risk,1
CUST00002966,0.0,0.0,Low Risk,0
CUST00002967,0.0,0.0,Low Risk,0
CUST00002968,0.6914,69.14,High Risk,1
CUST00002969,0.0,0.0,Low Risk,0
CUST00002970,0.0,0.0,Low Risk,0
CUST00002971,0.0,0.0,Low Risk,0
CUST00002972,0.0,0.0,Low Risk,0
CUST00002973,0.0,0.0,Low Risk,0
CUST00002974,0.0,0.0,Low Risk,0
CUST00002975,0.0,0.0,Low Risk,0
CUST00002976,0.8659,86.59,Critical Risk,1
CUST00002977,0.0,0.0,Low Risk,0
CUST00002978,0.5362,53.62,High Risk,1
CUST00002979,0.8659,86.59,Critical Risk,1
CUST00002980,0.8659,86.59,Critical Risk,1
CUST00002981,0.6914,69.14,High Risk,1
CUST00002982,0.0,0.0,Low Risk,0
CUST00002983,0.0,0.0,Low Risk,0
CUST00002984,0.0,0.0,Low Risk,0
CUST00002985,0.4369,43.69,Medium Risk,0
CUST00002986,0.8659,86.59,Critical Risk,1
CUST00002987,0.0,0.0,Low Risk,0
CUST00002988,0.8659,86.59,Critical Risk,1
CUST00002989,0.0,0.0,Low Risk,0
CUST00002990,0.6138,61.38,High Risk,1
CUST00002991,0.0,0.0,Low Risk,0
CUST00002992,0.0,0.0,Low Risk,0
CUST00002993,0.0,0.0,Low Risk,0
CUST00002994,0.0,0.0,Low Risk,0
CUST00002995,0.0,0.0,Low Risk,0
CUST00002996,0.3037,30.37,Medium Risk,0
CUST00002997,0.0,0.0,Low Risk,0
CUST00002998,0.0,0.0,Low Risk,0
CUST00002999,0.0,0.0,Low Risk,0
CUST00003000,0.8659,86.59,Critical Risk,1
CUST00003001,0.0,0.0,Low Risk,0
CUST00003002,0.6793,67.93,High Risk,1
CUST00003003,0.0,0.0,Low Risk,0
CUST00003004,0.0,0.0,Low Risk,0
CUST00003005,0.5362,53.62,High Risk,1
CUST00003006,0.8659,86.59,Critical Risk,1
CUST00003007,0.8659,86.59,Critical Risk,1
CUST00003008,0.0,0.0,Low Risk,0
CUST00003009,0.0,0.0,Low Risk,0
CUST00003010,0.0,0.0,Low Risk,0
CUST00003011,0.8659,86.59,Critical Risk,1
CUST00003012,0.0,0.0,Low Risk,0
CUST00003013,0.6793,67.93,High Risk,1
CUST00003014,0.6914,69.14,High Risk,1
CUST00003015,0.0,0.0,Low Risk,0
CUST00003016,0.0,0.0,Low Risk,0
CUST00003017,0.4369,43.69,Medium Risk,0
CUST00003018,0.1,10.0,Low Risk,0
CUST00003019,0.0,0.0,Low Risk,0
CUST00003020,0.8659,86.59,Critical Risk,1
CUST00003021,0.8659,86.59,Critical Risk,1
CUST00003022,0.8659,86.59,Critical Risk,1
CUST00003023,0.0,0.0,Low Risk,0
CUST00003024,0.0,0.0,Low Risk,0
CUST00003025,0.0,0.0,Low Risk,0
CUST00003026,0.0,0.0,Low Risk,0
CUST00003027,0.4369,43.69,Medium Risk,0
CUST00003028,0.0,0.0,Low Risk,0
CUST00003029,0.6793,67.93,High Risk,1
CUST00003030,0.5362,53.62,High Risk,1
CUST00003031,0.0,0.0,Low Risk,0
CUST00003032,0.0,0.0,Low Risk,0
CUST00003033,0.3037,30.37,Medium Risk,0
CUST00003034,0.5362,53.62,High Risk,1
CUST00003035,0.5362,53.62,High Risk,1
CUST00003036,0.0,0.0,Low Risk,0
CUST00003037,0.0,0.0,Low Risk,0
CUST00003038,0.8659,86.59,Critical Risk,1
CUST00003039,0.0,0.0,Low Risk,0
CUST00003040,0.8659,86.59,Critical Risk,1
CUST00003041,0.0,0.0,Low Risk,0
CUST00003042,0.6914,69.14,High Risk,1
CUST00003043,0.6914,69.14,High Risk,1
CUST00003044,0.0,0.0,Low Risk,0
CUST00003045,0.8659,86.59,Critical Risk,1
CUST00003046,0.0,0.0,Low Risk,0
CUST00003047,0.8659,86.59,Critical Risk,1
CUST00003048,0.0,0.0,Low Risk,0
CUST00003049,0.0,0.0,Low Risk,0
CUST00003050,0.3037,30.37,Medium Risk,0
CUST00003051,0.0,0.0,Low Risk,0
CUST00003052,0.8659,86.59,Critical Risk,1
CUST00003053,0.0,0.0,Low Risk,0
CUST00003054,0.0,0.0,Low Risk,0
CUST00003055,0.4369,43.69,Medium Risk,0
CUST00003056,0.8659,86.59,Critical Risk,1
CUST00003057,0.8659,86.59,Critical Risk,1
CUST00003058,0.0,0.0,Low Risk,0
CUST00003059,0.0,0.0,Low Risk,0
CUST00003060,0.0,0.0,Low Risk,0
CUST00003061,0.0,0.0,Low Risk,0
CUST00003062,0.4369,43.69,Medium Risk,0
CUST00003063,0.4369,43.69,Medium Risk,0
CUST00003064,0.0,0.0,Low Risk,0
CUST00003065,0.4369,43.69,Medium Risk,0
CUST00003066,0.0,0.0,Low Risk,0
CUST00003067,0.4369,43.69,Medium Risk,0
CUST00003068,0.8659,86.59,Critical Risk,1
CUST00003069,0.0,0.0,Low Risk,0
CUST00003070,0.6914,69.14,High Risk,1
CUST00003071,0.0,0.0,Low Risk,0
CUST00003072,0.6138,61.38,High Risk,1
CUST00003073,0.8659,86.59,Critical Risk,1
CUST00003074,0.0,0.0,Low Risk,0
CUST00003075,0.0,0.0,Low Risk,0
CUST00003076,0.8659,86.59,Critical Risk,1
CUST00003077,0.6138,61.38,High Risk,1
CUST00003078,0.0,0.0,Low Risk,0
CUST00003079,0.0,0.0,Low Risk,0
CUST00003080,0.3037,30.37,Medium Risk,0
CUST00003081,0.0,0.0,Low Risk,0
CUST00003082,0.0,0.0,Low Risk,0
CUST00003083,0.6914,69.14,High Risk,1
CUST00003084,0.8659,86.59,Critical Risk,1
CUST00003085,0.6914,69.14,High Risk,1
CUST00003086,0.5362,53.62,High Risk,1
CUST00003087,0.0,0.0,Low Risk,0
CUST00003088,0.0,0.0,Low Risk,0
CUST00003089,0.6914,69.14,High Risk,1
CUST00003090,0.0,0.0,Low Risk,0
CUST00003091,0.3037,30.37,Medium Risk,0
CUST00003092,0.0,0.0,Low Risk,0
CUST00003093,0.8659,86.59,Critical Risk,1
CUST00003094,0.6138,61.38,High Risk,1
CUST00003095,0.8659,86.59,Critical Risk,1
CUST00003096,0.0,0.0,Low Risk,0
CUST00003097,0.0,0.0,Low Risk,0
CUST00003098,0.8659,86.59,Critical Risk,1
CUST00003099,0.6793,67.93,High Risk,1
CUST00003100,0.0,0.0,Low Risk,0
CUST00003101,0.0,0.0,Low Risk,0
CUST00003102,0.0,0.0,Low Risk,0
CUST00003103,0.0,0.0,Low Risk,0
CUST00003104,0.0,0.0,Low Risk,0
CUST00003105,0.0,0.0,Low Risk,0
CUST00003106,0.0,0.0,Low Risk,0
CUST00003107,0.0,0.0,Low Risk,0
CUST00003108,0.0,0.0,Low Risk,0
CUST00003109,0.4369,43.69,Medium Risk,0
CUST00003110,0.6138,61.38,High Risk,1
CUST00003111,0.0,0.0,Low Risk,0
CUST00003112,0.0,0.0,Low Risk,0
CUST00003113,0.359,35.9,Medium Risk,0
CUST00003114,0.3037,30.37,Medium Risk,0
CUST00003115,0.4369,43.69,Medium Risk,0
CUST00003116,0.0,0.0,Low Risk,0
CUST00003117,0.8659,86.59,Critical Risk,1
CUST00003118,0.8659,86.59,Critical Risk,1
CUST00003119,0.8659,86.59,Critical Risk,1
CUST00003120,0.0,0.0,Low Risk,0
CUST00003121,0.0,0.0,Low Risk,0
CUST00003122,0.0,0.0,Low Risk,0
CUST00003123,0.6793,67.93,High Risk,1
CUST00003124,0.0,0.0,Low Risk,0
CUST00003125,0.0,0.0,Low Risk,0
CUST00003126,0.0,0.0,Low Risk,0
CUST00003127,0.0,0.0,Low Risk,0
CUST00003128,0.4369,43.69,Medium Risk,0
CUST00003129,0.0,0.0,Low Risk,0
CUST00003130,0.5362,53.62,High Risk,1
CUST00003131,0.4369,43.69,Medium Risk,0
CUST00003132,0.0,0.0,Low Risk,0
CUST00003133,0.0,0.0,Low Risk,0
CUST00003134,0.8659,86.59,Critical Risk,1
CUST00003135,0.6793,67.93,High Risk,1
CUST00003136,0.6793,67.93,High Risk,1
CUST00003137,0.6914,69.14,High Risk,1
CUST00003138,0.4369,43.69,Medium Risk,0
CUST00003139,0.0,0.0,Low Risk,0
CUST00003140,0.0,0.0,Low Risk,0
CUST00003141,0.0,0.0,Low Risk,0
CUST00003142,0.0,0.0,Low Risk,0
CUST00003143,0.0,0.0,Low Risk,0
CUST00003144,0.0,0.0,Low Risk,0
CUST00003145,0.0,0.0,Low Risk,0
CUST00003146,0.5362,53.62,High Risk,1
CUST00003147,0.359,35.9,Medium Risk,0
CUST00003148,0.0,0.0,Low Risk,0
CUST00003149,0.8659,86.59,Critical Risk,1
CUST00003150,0.0,0.0,Low Risk,0
CUST00003151,0.4369,43.69,Medium Risk,0
CUST00003152,0.6793,67.93,High Risk,1
CUST00003153,0.0,0.0,Low Risk,0
CUST00003154,0.0,0.0,Low Risk,0
CUST00003155,0.3568,35.68,Medium Risk,0
CUST00003156,0.0,0.0,Low Risk,0
CUST00003157,0.0,0.0,Low Risk,0
CUST00003158,0.0,0.0,Low Risk,0
CUST00003159,0.0,0.0,Low Risk,0
CUST00003160,0.8659,86.59,Critical Risk,1
CUST00003161,0.4369,43.69,Medium Risk,0
CUST00003162,0.8659,86.59,Critical Risk,1
CUST00003163,0.8659,86.59,Critical Risk,1
CUST00003164,0.5362,53.62,High Risk,1
CUST00003165,0.8659,86.59,Critical Risk,1
CUST00003166,0.0,0.0,Low Risk,0
CUST00003167,0.6914,69.14,High Risk,1
CUST00003168,0.0,0.0,Low Risk,0
CUST00003169,0.6793,67.93,High Risk,1
CUST00003170,0.0,0.0,Low Risk,0
CUST00003171,0.8659,86.59,Critical Risk,1
CUST00003172,0.0,0.0,Low Risk,0
CUST00003173,0.1,10.0,Low Risk,0
CUST00003174,0.8659,86.59,Critical Risk,1
CUST00003175,0.0,0.0,Low Risk,0
CUST00003176,0.8659,86.59,Critical Risk,1
CUST00003177,0.8659,86.59,Critical Risk,1
CUST00003178,0.0,0.0,Low Risk,0
CUST00003179,0.0,0.0,Low Risk,0
CUST00003180,0.8659,86.59,Critical Risk,1
CUST00003181,0.8659,86.59,Critical Risk,1
CUST00003182,0.0,0.0,Low Risk,0
CUST00003183,0.8659,86.59,Critical Risk,1
CUST00003184,0.0,0.0,Low Risk,0
CUST00003185,0.0,0.0,Low Risk,0
CUST00003186,0.0,0.0,Low Risk,0
CUST00003187,0.8659,86.59,Critical Risk,1
CUST00003188,0.0,0.0,Low Risk,0
CUST00003189,0.6138,61.38,High Risk,1
CUST00003190,0.0,0.0,Low Risk,0
CUST00003191,0.0,0.0,Low Risk,0
CUST00003192,0.8659,86.59,Critical Risk,1
CUST00003193,0.0,0.0,Low Risk,0
CUST00003194,0.0,0.0,Low Risk,0
CUST00003195,0.0,0.0,Low Risk,0
CUST00003196,0.8659,86.59,Critical Risk,1
CUST00003197,0.8659,86.59,Critical Risk,1
CUST00003198,0.8659,86.59,Critical Risk,1
CUST00003199,0.0,0.0,Low Risk,0
CUST00003200,0.0,0.0,Low Risk,0
CUST00003201,0.6793,67.93,High Risk,1
CUST00003202,0.0,0.0,Low Risk,0
CUST00003203,0.4369,43.69,Medium Risk,0
CUST00003204,0.6138,61.38,High Risk,1
CUST00003205,0.0,0.0,Low Risk,0
CUST00003206,0.8659,86.59,Critical Risk,1
CUST00003207,0.8659,86.59,Critical Risk,1
CUST00003208,0.0,0.0,Low Risk,0
CUST00003209,0.0,0.0,Low Risk,0
CUST00003210,0.4369,43.69,Medium Risk,0
CUST00003211,0.0,0.0,Low Risk,0
CUST00003212,0.0,0.0,Low Risk,0
CUST00003213,0.0,0.0,Low Risk,0
CUST00003214,0.0,0.0,Low Risk,0
CUST00003215,0.0,0.0,Low Risk,0
CUST00003216,0.6138,61.38,High Risk,1
CUST00003217,0.0,0.0,Low Risk,0
CUST00003218,0.6138,61.38,High Risk,1
CUST00003219,0.0,0.0,Low Risk,0
CUST00003220,0.0,0.0,Low Risk,0
CUST00003221,0.8659,86.59,Critical Risk,1
CUST00003222,0.6914,69.14,High Risk,1
CUST00003223,0.0,0.0,Low Risk,0
CUST00003224,0.0,0.0,Low Risk,0
CUST00003225,0.0,0.0,Low Risk,0
CUST00003226,0.6914,69.14,High Risk,1
CUST00003227,0.6914,69.14,High Risk,1
CUST00003228,0.6914,69.14,High Risk,1
CUST00003229,0.0,0.0,Low Risk,0
CUST00003230,0.0,0.0,Low Risk,0
CUST00003231,0.3568,35.68,Medium Risk,0
CUST00003232,0.6138,61.38,High Risk,1
CUST00003233,0.0,0.0,Low Risk,0
CUST00003234,0.0,0.0,Low Risk,0
CUST00003235,0.4369,43.69,Medium Risk,0
CUST00003236,0.6138,61.38,High Risk,1
CUST00003237,0.0,0.0,Low Risk,0
CUST00003238,0.0,0.0,Low Risk,0
CUST00003239,0.8659,86.59,Critical Risk,1
CUST00003240,0.8659,86.59,Critical Risk,1
CUST00003241,0.0,0.0,Low Risk,0
CUST00003242,0.6138,61.38,High Risk,1
CUST00003243,0.359,35.9,Medium Risk,0
CUST00003244,0.8659,86.59,Critical Risk,1
CUST00003245,0.6914,69.14,High Risk,1
CUST00003246,0.0,0.0,Low Risk,0
CUST00003247,0.4369,43.69,Medium Risk,0
CUST00003248,0.0,0.0,Low Risk,0
CUST00003249,0.0,0.0,Low Risk,0
CUST00003250,0.8659,86.59,Critical Risk,1
CUST00003251,0.4369,43.69,Medium Risk,0
CUST00003252,0.4369,43.69,Medium Risk,0
CUST00003253,0.359,35.9,Medium Risk,0
CUST00003254,0.8659,86.59,Critical Risk,1
CUST00003255,0.0,0.0,Low Risk,0
CUST00003256,0.0,0.0,Low Risk,0
CUST00003257,0.0,0.0,Low Risk,0
CUST00003258,0.8659,86.59,Critical Risk,1
CUST00003259,0.8659,86.59,Critical Risk,1
CUST00003260,0.0,0.0,Low Risk,0
CUST00003261,0.8659,86.59,Critical Risk,1
CUST00003262,0.0,0.0,Low Risk,0
CUST00003263,0.0,0.0,Low Risk,0
CUST00003264,0.0,0.0,Low Risk,0
CUST00003265,0.6793,67.93,High Risk,1
CUST00003266,0.0,0.0,Low Risk,0
CUST00003267,0.8659,86.59,Critical Risk,1
CUST00003268,0.8659,86.59,Critical Risk,1
CUST00003269,0.0,0.0,Low Risk,0
CUST00003270,0.0,0.0,Low Risk,0
CUST00003271,0.3037,30.37,Medium Risk,0
CUST00003272,0.5362,53.62,High Risk,1
CUST00003273,0.0,0.0,Low Risk,0
CUST00003274,0.8659,86.59,Critical Risk,1
CUST00003275,0.0,0.0,Low Risk,0
CUST00003276,0.0,0.0,Low Risk,0
CUST00003277,0.8659,86.59,Critical Risk,1
CUST00003278,0.6793,67.93,High Risk,1
CUST00003279,0.8659,86.59,Critical Risk,1
CUST00003280,0.0,0.0,Low Risk,0
CUST00003281,0.6138,61.38,High Risk,1
CUST00003282,0.8659,86.59,Critical Risk,1
CUST00003283,0.0,0.0,Low Risk,0
CUST00003284,0.0,0.0,Low Risk,0
CUST00003285,0.0,0.0,Low Risk,0
CUST00003286,0.0,0.0,Low Risk,0
CUST00003287,0.0,0.0,Low Risk,0
CUST00003288,0.0,0.0,Low Risk,0
CUST00003289,0.0,0.0,Low Risk,0
CUST00003290,0.0,0.0,Low Risk,0
CUST00003291,0.0,0.0,Low Risk,0
CUST00003292,0.0,0.0,Low Risk,0
CUST00003293,0.0,0.0,Low Risk,0
CUST00003294,0.3037,30.37,Medium Risk,0
CUST00003295,0.6914,69.14,High Risk,1
CUST00003296,0.0,0.0,Low Risk,0
CUST00003297,0.0,0.0,Low Risk,0
CUST00003298,0.3568,35.68,Medium Risk,0
CUST00003299,0.0,0.0,Low Risk,0
CUST00003300,0.6914,69.14,High Risk,1
CUST00003301,0.8659,86.59,Critical Risk,1
CUST00003302,0.0,0.0,Low Risk,0
CUST00003303,0.3037,30.37,Medium Risk,0
CUST00003304,0.4369,43.69,Medium Risk,0
CUST00003305,0.3037,30.37,Medium Risk,0
CUST00003306,0.0,0.0,Low Risk,0
CUST00003307,0.0,0.0,Low Risk,0
CUST00003308,0.0,0.0,Low Risk,0
CUST00003309,0.8659,86.59,Critical Risk,1
CUST00003310,0.6793,67.93,High Risk,1
CUST00003311,0.0,0.0,Low Risk,0
CUST00003312,0.6793,67.93,High Risk,1
CUST00003313,0.6914,69.14,High Risk,1
CUST00003314,0.6793,67.93,High Risk,1
CUST00003315,0.0,0.0,Low Risk,0
CUST00003316,0.0,0.0,Low Risk,0
CUST00003317,0.0,0.0,Low Risk,0
CUST00003318,0.8659,86.59,Critical Risk,1
CUST00003319,0.8659,86.59,Critical Risk,1
CUST00003320,0.6138,61.38,High Risk,1
CUST00003321,0.0,0.0,Low Risk,0
CUST00003322,0.4369,43.69,Medium Risk,0
CUST00003323,0.0,0.0,Low Risk,0
CUST00003324,0.0,0.0,Low Risk,0
CUST00003325,0.0,0.0,Low Risk,0
CUST00003326,0.0,0.0,Low Risk,0
CUST00003327,0.8659,86.59,Critical Risk,1
CUST00003328,0.0,0.0,Low Risk,0
CUST00003329,0.0,0.0,Low Risk,0
CUST00003330,0.6793,67.93,High Risk,1
CUST00003331,0.5362,53.62,High Risk,1
CUST00003332,0.6138,61.38,High Risk,1
CUST00003333,0.8659,86.59,Critical Risk,1
CUST00003334,0.0,0.0,Low Risk,0
CUST00003335,0.0,0.0,Low Risk,0
CUST00003336,0.0,0.0,Low Risk,0
CUST00003337,0.0,0.0,Low Risk,0
CUST00003338,0.0,0.0,Low Risk,0
CUST00003339,0.3568,35.68,Medium Risk,0
CUST00003340,0.5362,53.62,High Risk,1
CUST00003341,0.6138,61.38,High Risk,1
CUST00003342,0.0,0.0,Low Risk,0
CUST00003343,0.8659,86.59,Critical Risk,1
CUST00003344,0.8659,86.59,Critical Risk,1
CUST00003345,0.1,10.0,Low Risk,0
CUST00003346,0.8659,86.59,Critical Risk,1
CUST00003347,0.5362,53.62,High Risk,1
CUST00003348,0.0,0.0,Low Risk,0
CUST00003349,0.0,0.0,Low Risk,0
CUST00003350,0.8659,86.59,Critical Risk,1
CUST00003351,0.0,0.0,Low Risk,0
CUST00003352,0.0,0.0,Low Risk,0
CUST00003353,0.0,0.0,Low Risk,0
CUST00003354,0.0,0.0,Low Risk,0
CUST00003355,0.0,0.0,Low Risk,0
CUST00003356,0.6793,67.93,High Risk,1
CUST00003357,0.0,0.0,Low Risk,0
CUST00003358,0.6138,61.38,High Risk,1
CUST00003359,0.0,0.0,Low Risk,0
CUST00003360,0.8659,86.59,Critical Risk,1
CUST00003361,0.8659,86.59,Critical Risk,1
CUST00003362,0.0,0.0,Low Risk,0
CUST00003363,0.0,0.0,Low Risk,0
CUST00003364,0.0,0.0,Low Risk,0
CUST00003365,0.8659,86.59,Critical Risk,1
CUST00003366,0.3037,30.37,Medium Risk,0
CUST00003367,0.0,0.0,Low Risk,0
CUST00003368,0.5362,53.62,High Risk,1
CUST00003369,0.0,0.0,Low Risk,0
CUST00003370,0.0,0.0,Low Risk,0
CUST00003371,0.0,0.0,Low Risk,0
CUST00003372,0.4369,43.69,Medium Risk,0
CUST00003373,0.0,0.0,Low Risk,0
CUST00003374,0.0,0.0,Low Risk,0
CUST00003375,0.6138,61.38,High Risk,1
CUST00003376,0.0,0.0,Low Risk,0
CUST00003377,0.3568,35.68,Medium Risk,0
CUST00003378,0.5362,53.62,High Risk,1
CUST00003379,0.3568,35.68,Medium Risk,0
CUST00003380,0.0,0.0,Low Risk,0
CUST00003381,0.0,0.0,Low Risk,0
CUST00003382,0.0,0.0,Low Risk,0
CUST00003383,0.6793,67.93,High Risk,1
CUST00003384,0.0,0.0,Low Risk,0
CUST00003385,0.0,0.0,Low Risk,0
CUST00003386,0.0,0.0,Low Risk,0
CUST00003387,0.0,0.0,Low Risk,0
CUST00003388,0.0,0.0,Low Risk,0
CUST00003389,0.0,0.0,Low Risk,0
CUST00003390,0.0,0.0,Low Risk,0
CUST00003391,0.6914,69.14,High Risk,1
CUST00003392,0.8659,86.59,Critical Risk,1
CUST00003393,0.8659,86.59,Critical Risk,1
CUST00003394,0.0,0.0,Low Risk,0
CUST00003395,0.6793,67.93,High Risk,1
CUST00003396,0.0,0.0,Low Risk,0
CUST00003397,0.0,0.0,Low Risk,0
CUST00003398,0.4369,43.69,Medium Risk,0
CUST00003399,0.6793,67.93,High Risk,1
CUST00003400,0.3568,35.68,Medium Risk,0
CUST00003401,0.0,0.0,Low Risk,0
CUST00003402,0.6138,61.38,High Risk,1
CUST00003403,0.0,0.0,Low Risk,0
CUST00003404,0.6914,69.14,High Risk,1
CUST00003405,0.4369,43.69,Medium Risk,0
CUST00003406,0.0,0.0,Low Risk,0
CUST00003407,0.8659,86.59,Critical Risk,1
CUST00003408,0.0,0.0,Low Risk,0
CUST00003409,0.8659,86.59,Critical Risk,1
CUST00003410,0.8659,86.59,Critical Risk,1
CUST00003411,0.0,0.0,Low Risk,0
CUST00003412,0.0,0.0,Low Risk,0
CUST00003413,0.0,0.0,Low Risk,0
CUST00003414,0.6138,61.38,High Risk,1
CUST00003415,0.8659,86.59,Critical Risk,1
CUST00003416,0.6793,67.93,High Risk,1
CUST00003417,0.0,0.0,Low Risk,0
CUST00003418,0.3568,35.68,Medium Risk,0
CUST00003419,0.0,0.0,Low Risk,0
CUST00003420,0.0,0.0,Low Risk,0
CUST00003421,0.0,0.0,Low Risk,0
CUST00003422,0.0,0.0,Low Risk,0
CUST00003423,0.0,0.0,Low Risk,0
CUST00003424,0.0,0.0,Low Risk,0
CUST00003425,0.5362,53.62,High Risk,1
CUST00003426,0.0,0.0,Low Risk,0
CUST00003427,0.0,0.0,Low Risk,0
CUST00003428,0.6914,69.14,High Risk,1
CUST00003429,0.0,0.0,Low Risk,0
CUST00003430,0.0,0.0,Low Risk,0
CUST00003431,0.5362,53.62,High Risk,1
CUST00003432,0.0,0.0,Low Risk,0
CUST00003433,0.6138,61.38,High Risk,1
CUST00003434,0.0,0.0,Low Risk,0
CUST00003435,0.0,0.0,Low Risk,0
CUST00003436,0.8659,86.59,Critical Risk,1
CUST00003437,0.6793,67.93,High Risk,1
CUST00003438,0.0,0.0,Low Risk,0
CUST00003439,0.0,0.0,Low Risk,0
CUST00003440,0.0,0.0,Low Risk,0
CUST00003441,0.8659,86.59,Critical Risk,1
CUST00003442,0.0,0.0,Low Risk,0
CUST00003443,0.0,0.0,Low Risk,0
CUST00003444,0.6793,67.93,High Risk,1
CUST00003445,0.0,0.0,Low Risk,0
CUST00003446,0.6914,69.14,High Risk,1
CUST00003447,0.8659,86.59,Critical Risk,1
CUST00003448,0.3037,30.37,Medium Risk,0
CUST00003449,0.0,0.0,Low Risk,0
CUST00003450,0.0,0.0,Low Risk,0
CUST00003451,0.3037,30.37,Medium Risk,0
CUST00003452,0.0,0.0,Low Risk,0
CUST00003453,0.1,10.0,Low Risk,0
CUST00003454,0.8659,86.59,Critical Risk,1
CUST00003455,0.8659,86.59,Critical Risk,1
CUST00003456,0.0,0.0,Low Risk,0
CUST00003457,0.0,0.0,Low Risk,0
CUST00003458,0.3037,30.37,Medium Risk,0
CUST00003459,0.0,0.0,Low Risk,0
CUST00003460,0.8659,86.59,Critical Risk,1
CUST00003461,0.1,10.0,Low Risk,0
CUST00003462,0.0,0.0,Low Risk,0
CUST00003463,0.0,0.0,Low Risk,0
CUST00003464,0.0,0.0,Low Risk,0
CUST00003465,0.359,35.9,Medium Risk,0
CUST00003466,0.0,0.0,Low Risk,0
CUST00003467,0.8659,86.59,Critical Risk,1
CUST00003468,0.4369,43.69,Medium Risk,0
CUST00003469,0.0,0.0,Low Risk,0
CUST00003470,0.4369,43.69,Medium Risk,0
CUST00003471,0.0,0.0,Low Risk,0
CUST00003472,0.4369,43.69,Medium Risk,0
CUST00003473,0.3568,35.68,Medium Risk,0
CUST00003474,0.0,0.0,Low Risk,0
CUST00003475,0.0,0.0,Low Risk,0
CUST00003476,0.8659,86.59,Critical Risk,1
CUST00003477,0.8659,86.59,Critical Risk,1
CUST00003478,0.6793,67.93,High Risk,1
CUST00003479,0.0,0.0,Low Risk,0
CUST00003480,0.0,0.0,Low Risk,0
CUST00003481,0.0,0.0,Low Risk,0
CUST00003482,0.0,0.0,Low Risk,0
CUST00003483,0.0,0.0,Low Risk,0
CUST00003484,0.8659,86.59,Critical Risk,1
CUST00003485,0.359,35.9,Medium Risk,0
CUST00003486,0.0,0.0,Low Risk,0
CUST00003487,0.0,0.0,Low Risk,0
CUST00003488,0.4369,43.69,Medium Risk,0
CUST00003489,0.0,0.0,Low Risk,0
CUST00003490,0.8659,86.59,Critical Risk,1
CUST00003491,0.8659,86.59,Critical Risk,1
CUST00003492,0.8659,86.59,Critical Risk,1
CUST00003493,0.0,0.0,Low Risk,0
CUST00003494,0.0,0.0,Low Risk,0
CUST00003495,0.4369,43.69,Medium Risk,0
CUST00003496,0.8659,86.59,Critical Risk,1
CUST00003497,0.0,0.0,Low Risk,0
CUST00003498,0.0,0.0,Low Risk,0
CUST00003499,0.0,0.0,Low Risk,0
CUST00003500,0.3568,35.68,Medium Risk,0
CUST00003501,0.6793,67.93,High Risk,1
CUST00003502,0.0,0.0,Low Risk,0
CUST00003503,0.0,0.0,Low Risk,0
CUST00003504,0.0,0.0,Low Risk,0
CUST00003505,0.8659,86.59,Critical Risk,1
CUST00003506,0.4369,43.69,Medium Risk,0
CUST00003507,0.0,0.0,Low Risk,0
CUST00003508,0.0,0.0,Low Risk,0
CUST00003509,0.0,0.0,Low Risk,0
CUST00003510,0.0,0.0,Low Risk,0
CUST00003511,0.8659,86.59,Critical Risk,1
CUST00003512,0.3037,30.37,Medium Risk,0
CUST00003513,0.8659,86.59,Critical Risk,1
CUST00003514,0.4369,43.69,Medium Risk,0
CUST00003515,0.0,0.0,Low Risk,0
CUST00003516,0.8659,86.59,Critical Risk,1
CUST00003517,0.0,0.0,Low Risk,0
CUST00003518,0.5362,53.62,High Risk,1
CUST00003519,0.0,0.0,Low Risk,0
CUST00003520,0.0,0.0,Low Risk,0
CUST00003521,0.6793,67.93,High Risk,1
CUST00003522,0.0,0.0,Low Risk,0
CUST00003523,0.0,0.0,Low Risk,0
CUST00003524,0.0,0.0,Low Risk,0
CUST00003525,0.0,0.0,Low Risk,0
CUST00003526,0.6793,67.93,High Risk,1
CUST00003527,0.0,0.0,Low Risk,0
CUST00003528,0.6793,67.93,High Risk,1
CUST00003529,0.0,0.0,Low Risk,0
CUST00003530,0.0,0.0,Low Risk,0
CUST00003531,0.0,0.0,Low Risk,0
CUST00003532,0.8659,86.59,Critical Risk,1
CUST00003533,0.0,0.0,Low Risk,0
CUST00003534,0.0,0.0,Low Risk,0
CUST00003535,0.8659,86.59,Critical Risk,1
CUST00003536,0.0,0.0,Low Risk,0
CUST00003537,0.8659,86.59,Critical Risk,1
CUST00003538,0.3568,35.68,Medium Risk,0
CUST00003539,0.0,0.0,Low Risk,0
CUST00003540,0.8659,86.59,Critical Risk,1
CUST00003541,0.0,0.0,Low Risk,0
CUST00003542,0.4369,43.69,Medium Risk,0
CUST00003543,0.0,0.0,Low Risk,0
CUST00003544,0.4369,43.69,Medium Risk,0
CUST00003545,0.6793,67.93,High Risk,1
CUST00003546,0.4369,43.69,Medium Risk,0
CUST00003547,0.8659,86.59,Critical Risk,1
CUST00003548,0.0,0.0,Low Risk,0
CUST00003549,0.6914,69.14,High Risk,1
CUST00003550,0.8659,86.59,Critical Risk,1
CUST00003551,0.0,0.0,Low Risk,0
CUST00003552,0.0,0.0,Low Risk,0
CUST00003553,0.0,0.0,Low Risk,0
CUST00003554,0.5362,53.62,High Risk,1
CUST00003555,0.0,0.0,Low Risk,0
CUST00003556,0.0,0.0,Low Risk,0
CUST00003557,0.0,0.0,Low Risk,0
CUST00003558,0.0,0.0,Low Risk,0
CUST00003559,0.8659,86.59,Critical Risk,1
CUST00003560,0.0,0.0,Low Risk,0
CUST00003561,0.0,0.0,Low Risk,0
CUST00003562,0.8659,86.59,Critical Risk,1
CUST00003563,0.0,0.0,Low Risk,0
CUST00003564,0.0,0.0,Low Risk,0
CUST00003565,0.0,0.0,Low Risk,0
CUST00003566,0.6793,67.93,High Risk,1
CUST00003567,0.3568,35.68,Medium Risk,0
CUST00003568,0.0,0.0,Low Risk,0
CUST00003569,0.4369,43.69,Medium Risk,0
CUST00003570,0.8659,86.59,Critical Risk,1
CUST00003571,0.0,0.0,Low Risk,0
CUST00003572,0.0,0.0,Low Risk,0
CUST00003573,0.4369,43.69,Medium Risk,0
CUST00003574,0.8659,86.59,Critical Risk,1
CUST00003575,0.8659,86.59,Critical Risk,1
CUST00003576,0.6793,67.93,High Risk,1
CUST00003577,0.0,0.0,Low Risk,0
CUST00003578,0.4369,43.69,Medium Risk,0
CUST00003579,0.0,0.0,Low Risk,0
CUST00003580,0.0,0.0,Low Risk,0
CUST00003581,0.0,0.0,Low Risk,0
CUST00003582,0.0,0.0,Low Risk,0
CUST00003583,0.0,0.0,Low Risk,0
CUST00003584,0.4369,43.69,Medium Risk,0
CUST00003585,0.8659,86.59,Critical Risk,1
CUST00003586,0.0,0.0,Low Risk,0
CUST00003587,0.0,0.0,Low Risk,0
CUST00003588,0.0,0.0,Low Risk,0
CUST00003589,0.0,0.0,Low Risk,0
CUST00003590,0.0,0.0,Low Risk,0
CUST00003591,0.0,0.0,Low Risk,0
CUST00003592,0.8659,86.59,Critical Risk,1
CUST00003593,0.0,0.0,Low Risk,0
CUST00003594,0.3037,30.37,Medium Risk,0
CUST00003595,0.8659,86.59,Critical Risk,1
CUST00003596,0.0,0.0,Low Risk,0
CUST00003597,0.8659,86.59,Critical Risk,1
CUST00003598,0.3568,35.68,Medium Risk,0
CUST00003599,0.8659,86.59,Critical Risk,1
CUST00003600,0.4369,43.69,Medium Risk,0
CUST00003601,0.8659,86.59,Critical Risk,1
CUST00003602,0.0,0.0,Low Risk,0
CUST00003603,0.4369,43.69,Medium Risk,0
CUST00003604,0.4369,43.69,Medium Risk,0
CUST00003605,0.0,0.0,Low Risk,0
CUST00003606,0.0,0.0,Low Risk,0
CUST00003607,0.5362,53.62,High Risk,1
CUST00003608,0.8659,86.59,Critical Risk,1
CUST00003609,0.0,0.0,Low Risk,0
CUST00003610,0.0,0.0,Low Risk,0
CUST00003611,0.0,0.0,Low Risk,0
CUST00003612,0.4369,43.69,Medium Risk,0
CUST00003613,0.0,0.0,Low Risk,0
CUST00003614,0.6793,67.93,High Risk,1
CUST00003615,0.4369,43.69,Medium Risk,0
CUST00003616,0.0,0.0,Low Risk,0
CUST00003617,0.0,0.0,Low Risk,0
CUST00003618,0.0,0.0,Low Risk,0
CUST00003619,0.0,0.0,Low Risk,0
CUST00003620,0.8659,86.59,Critical Risk,1
CUST00003621,0.0,0.0,Low Risk,0
CUST00003622,0.6138,61.38,High Risk,1
CUST00003623,0.0,0.0,Low Risk,0
CUST00003624,0.0,0.0,Low Risk,0
CUST00003625,0.0,0.0,Low Risk,0
CUST00003626,0.0,0.0,Low Risk,0
CUST00003627,0.8659,86.59,Critical Risk,1
CUST00003628,0.0,0.0,Low Risk,0
CUST00003629,0.8659,86.59,Critical Risk,1
CUST00003630,0.0,0.0,Low Risk,0
CUST00003631,0.8659,86.59,Critical Risk,1
CUST00003632,0.6914,69.14,High Risk,1
CUST00003633,0.0,0.0,Low Risk,0
CUST00003634,0.8659,86.59,Critical Risk,1
CUST00003635,0.0,0.0,Low Risk,0
CUST00003636,0.0,0.0,Low Risk,0
CUST00003637,0.5362,53.62,High Risk,1
CUST00003638,0.6138,61.38,High Risk,1
CUST00003639,0.0,0.0,Low Risk,0
CUST00003640,0.0,0.0,Low Risk,0
CUST00003641,0.6793,67.93,High Risk,1
CUST00003642,0.0,0.0,Low Risk,0
CUST00003643,0.8659,86.59,Critical Risk,1
CUST00003644,0.0,0.0,Low Risk,0
CUST00003645,0.0,0.0,Low Risk,0
CUST00003646,0.0,0.0,Low Risk,0
CUST00003647,0.0,0.0,Low Risk,0
CUST00003648,0.3568,35.68,Medium Risk,0
CUST00003649,0.0,0.0,Low Risk,0
CUST00003650,0.0,0.0,Low Risk,0
CUST00003651,0.0,0.0,Low Risk,0
CUST00003652,0.4369,43.69,Medium Risk,0
CUST00003653,0.0,0.0,Low Risk,0
CUST00003654,0.6138,61.38,High Risk,1
CUST00003655,0.0,0.0,Low Risk,0
CUST00003656,0.5362,53.62,High Risk,1
CUST00003657,0.0,0.0,Low Risk,0
CUST00003658,0.0,0.0,Low Risk,0
CUST00003659,0.0,0.0,Low Risk,0
CUST00003660,0.8659,86.59,Critical Risk,1
CUST00003661,0.3037,30.37,Medium Risk,0
CUST00003662,0.6138,61.38,High Risk,1
CUST00003663,0.6138,61.38,High Risk,1
CUST00003664,0.5362,53.62,High Risk,1
CUST00003665,0.6138,61.38,High Risk,1
CUST00003666,0.0,0.0,Low Risk,0
CUST00003667,0.6793,67.93,High Risk,1
CUST00003668,0.5362,53.62,High Risk,1
CUST00003669,0.0,0.0,Low Risk,0
CUST00003670,0.0,0.0,Low Risk,0
CUST00003671,0.0,0.0,Low Risk,0
CUST00003672,0.6793,67.93,High Risk,1
CUST00003673,0.8659,86.59,Critical Risk,1
CUST00003674,0.0,0.0,Low Risk,0
CUST00003675,0.8659,86.59,Critical Risk,1
CUST00003676,0.6138,61.38,High Risk,1
CUST00003677,0.8659,86.59,Critical Risk,1
CUST00003678,0.8659,86.59,Critical Risk,1
CUST00003679,0.3037,30.37,Medium Risk,0
CUST00003680,0.4369,43.69,Medium Risk,0
CUST00003681,0.8659,86.59,Critical Risk,1
CUST00003682,0.0,0.0,Low Risk,0
CUST00003683,0.0,0.0,Low Risk,0
CUST00003684,0.8659,86.59,Critical Risk,1
CUST00003685,0.0,0.0,Low Risk,0
CUST00003686,0.1,10.0,Low Risk,0
CUST00003687,0.0,0.0,Low Risk,0
CUST00003688,0.5362,53.62,High Risk,1
CUST00003689,0.0,0.0,Low Risk,0
CUST00003690,0.0,0.0,Low Risk,0
CUST00003691,0.5362,53.62,High Risk,1
CUST00003692,0.6793,67.93,High Risk,1
CUST00003693,0.1,10.0,Low Risk,0
CUST00003694,0.0,0.0,Low Risk,0
CUST00003695,0.0,0.0,Low Risk,0
CUST00003696,0.8659,86.59,Critical Risk,1
CUST00003697,0.8659,86.59,Critical Risk,1
CUST00003698,0.6914,69.14,High Risk,1
CUST00003699,0.0,0.0,Low Risk,0
CUST00003700,0.8659,86.59,Critical Risk,1
CUST00003701,0.6793,67.93,High Risk,1
CUST00003702,0.0,0.0,Low Risk,0
CUST00003703,0.0,0.0,Low Risk,0
CUST00003704,0.0,0.0,Low Risk,0
CUST00003705,0.0,0.0,Low Risk,0
CUST00003706,0.6793,67.93,High Risk,1
CUST00003707,0.0,0.0,Low Risk,0
CUST00003708,0.0,0.0,Low Risk,0
CUST00003709,0.6914,69.14,High Risk,1
CUST00003710,0.8659,86.59,Critical Risk,1
CUST00003711,0.0,0.0,Low Risk,0
CUST00003712,0.4369,43.69,Medium Risk,0
CUST00003713,0.8659,86.59,Critical Risk,1
CUST00003714,0.4369,43.69,Medium Risk,0
CUST00003715,0.6793,67.93,High Risk,1
CUST00003716,0.0,0.0,Low Risk,0
CUST00003717,0.0,0.0,Low Risk,0
CUST00003718,0.359,35.9,Medium Risk,0
CUST00003719,0.0,0.0,Low Risk,0
CUST00003720,0.0,0.0,Low Risk,0
CUST00003721,0.0,0.0,Low Risk,0
CUST00003722,0.0,0.0,Low Risk,0
CUST00003723,0.8659,86.59,Critical Risk,1
CUST00003724,0.0,0.0,Low Risk,0
CUST00003725,0.0,0.0,Low Risk,0
CUST00003726,0.6914,69.14,High Risk,1
CUST00003727,0.4369,43.69,Medium Risk,0
CUST00003728,0.8659,86.59,Critical Risk,1
CUST00003729,0.0,0.0,Low Risk,0
CUST00003730,0.0,0.0,Low Risk,0
CUST00003731,0.5362,53.62,High Risk,1
CUST00003732,0.4369,43.69,Medium Risk,0
CUST00003733,0.4369,43.69,Medium Risk,0
CUST00003734,0.0,0.0,Low Risk,0
CUST00003735,0.3568,35.68,Medium Risk,0
CUST00003736,0.6138,61.38,High Risk,1
CUST00003737,0.0,0.0,Low Risk,0
CUST00003738,0.3568,35.68,Medium Risk,0
CUST00003739,0.0,0.0,Low Risk,0
CUST00003740,0.0,0.0,Low Risk,0
CUST00003741,0.0,0.0,Low Risk,0
CUST00003742,0.0,0.0,Low Risk,0
CUST00003743,0.4369,43.69,Medium Risk,0
CUST00003744,0.8659,86.59,Critical Risk,1
CUST00003745,0.0,0.0,Low Risk,0
CUST00003746,0.0,0.0,Low Risk,0
CUST00003747,0.0,0.0,Low Risk,0
CUST00003748,0.8659,86.59,Critical Risk,1
CUST00003749,0.6138,61.38,High Risk,1
CUST00003750,0.8659,86.59,Critical Risk,1
CUST00003751,0.0,0.0,Low Risk,0
CUST00003752,0.8659,86.59,Critical Risk,1
CUST00003753,0.0,0.0,Low Risk,0
CUST00003754,0.0,0.0,Low Risk,0
CUST00003755,0.0,0.0,Low Risk,0
CUST00003756,0.0,0.0,Low Risk,0
CUST00003757,0.0,0.0,Low Risk,0
CUST00003758,0.0,0.0,Low Risk,0
CUST00003759,0.8659,86.59,Critical Risk,1
CUST00003760,0.0,0.0,Low Risk,0
CUST00003761,0.8659,86.59,Critical Risk,1
CUST00003762,0.0,0.0,Low Risk,0
CUST00003763,0.6793,67.93,High Risk,1
CUST00003764,0.5362,53.62,High Risk,1
CUST00003765,0.8659,86.59,Critical Risk,1
CUST00003766,0.0,0.0,Low Risk,0
CUST00003767,0.8659,86.59,Critical Risk,1
CUST00003768,0.5362,53.62,High Risk,1
CUST00003769,0.6914,69.14,High Risk,1
CUST00003770,0.4369,43.69,Medium Risk,0
CUST00003771,0.8659,86.59,Critical Risk,1
CUST00003772,0.6914,69.14,High Risk,1
CUST00003773,0.4369,43.69,Medium Risk,0
CUST00003774,0.6138,61.38,High Risk,1
CUST00003775,0.4369,43.69,Medium Risk,0
CUST00003776,0.8659,86.59,Critical Risk,1
CUST00003777,0.0,0.0,Low Risk,0
CUST00003778,0.0,0.0,Low Risk,0
CUST00003779,0.6793,67.93,High Risk,1
CUST00003780,0.4369,43.69,Medium Risk,0
CUST00003781,0.0,0.0,Low Risk,0
CUST00003782,0.4369,43.69,Medium Risk,0
CUST00003783,0.4369,43.69,Medium Risk,0
CUST00003784,0.8659,86.59,Critical Risk,1
CUST00003785,0.0,0.0,Low Risk,0
CUST00003786,0.6793,67.93,High Risk,1
CUST00003787,0.0,0.0,Low Risk,0
CUST00003788,0.0,0.0,Low Risk,0
CUST00003789,0.5362,53.62,High Risk,1
CUST00003790,0.6793,67.93,High Risk,1
CUST00003791,0.3568,35.68,Medium Risk,0
CUST00003792,0.8659,86.59,Critical Risk,1
CUST00003793,0.6138,61.38,High Risk,1
CUST00003794,0.6138,61.38,High Risk,1
CUST00003795,0.0,0.0,Low Risk,0
CUST00003796,0.0,0.0,Low Risk,0
CUST00003797,0.8659,86.59,Critical Risk,1
CUST00003798,0.5362,53.62,High Risk,1
CUST00003799,0.0,0.0,Low Risk,0
CUST00003800,0.4369,43.69,Medium Risk,0
CUST00003801,0.0,0.0,Low Risk,0
CUST00003802,0.0,0.0,Low Risk,0
CUST00003803,0.0,0.0,Low Risk,0
CUST00003804,0.0,0.0,Low Risk,0
CUST00003805,0.0,0.0,Low Risk,0
CUST00003806,0.8659,86.59,Critical Risk,1
CUST00003807,0.3568,35.68,Medium Risk,0
CUST00003808,0.8659,86.59,Critical Risk,1
CUST00003809,0.8659,86.59,Critical Risk,1
CUST00003810,0.359,35.9,Medium Risk,0
CUST00003811,0.6138,61.38,High Risk,1
CUST00003812,0.6138,61.38,High Risk,1
CUST00003813,0.6793,67.93,High Risk,1
CUST00003814,0.0,0.0,Low Risk,0
CUST00003815,0.4369,43.69,Medium Risk,0
CUST00003816,0.6914,69.14,High Risk,1
CUST00003817,0.8659,86.59,Critical Risk,1
CUST00003818,0.0,0.0,Low Risk,0
CUST00003819,0.0,0.0,Low Risk,0
CUST00003820,0.1,10.0,Low Risk,0
CUST00003821,0.0,0.0,Low Risk,0
CUST00003822,0.0,0.0,Low Risk,0
CUST00003823,0.8659,86.59,Critical Risk,1
CUST00003824,0.8659,86.59,Critical Risk,1
CUST00003825,0.0,0.0,Low Risk,0
CUST00003826,0.8659,86.59,Critical Risk,1
CUST00003827,0.0,0.0,Low Risk,0
CUST00003828,0.0,0.0,Low Risk,0
CUST00003829,0.6138,61.38,High Risk,1
CUST00003830,0.3568,35.68,Medium Risk,0
CUST00003831,0.0,0.0,Low Risk,0
CUST00003832,0.0,0.0,Low Risk,0
CUST00003833,0.8659,86.59,Critical Risk,1
CUST00003834,0.3568,35.68,Medium Risk,0
CUST00003835,0.0,0.0,Low Risk,0
CUST00003836,0.0,0.0,Low Risk,0
CUST00003837,0.0,0.0,Low Risk,0
CUST00003838,0.4369,43.69,Medium Risk,0
CUST00003839,0.0,0.0,Low Risk,0
CUST00003840,0.8659,86.59,Critical Risk,1
CUST00003841,0.8659,86.59,Critical Risk,1
CUST00003842,0.8659,86.59,Critical Risk,1
CUST00003843,0.4369,43.69,Medium Risk,0
CUST00003844,0.0,0.0,Low Risk,0
CUST00003845,0.0,0.0,Low Risk,0
CUST00003846,0.8659,86.59,Critical Risk,1
CUST00003847,0.0,0.0,Low Risk,0
CUST00003848,0.0,0.0,Low Risk,0
CUST00003849,0.0,0.0,Low Risk,0
CUST00003850,0.8659,86.59,Critical Risk,1
CUST00003851,0.8659,86.59,Critical Risk,1
CUST00003852,0.3568,35.68,Medium Risk,0
CUST00003853,0.0,0.0,Low Risk,0
CUST00003854,0.0,0.0,Low Risk,0
CUST00003855,0.8659,86.59,Critical Risk,1
CUST00003856,0.0,0.0,Low Risk,0
CUST00003857,0.8659,86.59,Critical Risk,1
CUST00003858,0.8659,86.59,Critical Risk,1
CUST00003859,0.6793,67.93,High Risk,1
CUST00003860,0.0,0.0,Low Risk,0
CUST00003861,0.0,0.0,Low Risk,0
CUST00003862,0.8659,86.59,Critical Risk,1
CUST00003863,0.8659,86.59,Critical Risk,1
CUST00003864,0.8659,86.59,Critical Risk,1
CUST00003865,0.6793,67.93,High Risk,1
CUST00003866,0.6793,67.93,High Risk,1
CUST00003867,0.0,0.0,Low Risk,0
CUST00003868,0.8659,86.59,Critical Risk,1
CUST00003869,0.6793,67.93,High Risk,1
CUST00003870,0.4369,43.69,Medium Risk,0
CUST00003871,0.0,0.0,Low Risk,0
CUST00003872,0.0,0.0,Low Risk,0
CUST00003873,0.6138,61.38,High Risk,1
CUST00003874,0.0,0.0,Low Risk,0
CUST00003875,0.8659,86.59,Critical Risk,1
CUST00003876,0.0,0.0,Low Risk,0
CUST00003877,0.0,0.0,Low Risk,0
CUST00003878,0.0,0.0,Low Risk,0
CUST00003879,0.6793,67.93,High Risk,1
CUST00003880,0.8659,86.59,Critical Risk,1
CUST00003881,0.0,0.0,Low Risk,0
CUST00003882,0.359,35.9,Medium Risk,0
CUST00003883,0.359,35.9,Medium Risk,0
CUST00003884,0.0,0.0,Low Risk,0
CUST00003885,0.0,0.0,Low Risk,0
CUST00003886,0.5362,53.62,High Risk,1
CUST00003887,0.0,0.0,Low Risk,0
CUST00003888,0.0,0.0,Low Risk,0
CUST00003889,0.0,0.0,Low Risk,0
CUST00003890,0.0,0.0,Low Risk,0
CUST00003891,0.0,0.0,Low Risk,0
CUST00003892,0.3568,35.68,Medium Risk,0
CUST00003893,0.8659,86.59,Critical Risk,1
CUST00003894,0.6914,69.14,High Risk,1
CUST00003895,0.0,0.0,Low Risk,0
CUST00003896,0.8659,86.59,Critical Risk,1
CUST00003897,0.4369,43.69,Medium Risk,0
CUST00003898,0.0,0.0,Low Risk,0
CUST00003899,0.359,35.9,Medium Risk,0
CUST00003900,0.6914,69.14,High Risk,1
CUST00003901,0.0,0.0,Low Risk,0
CUST00003902,0.0,0.0,Low Risk,0
CUST00003903,0.6793,67.93,High Risk,1
CUST00003904,0.0,0.0,Low Risk,0
CUST00003905,0.0,0.0,Low Risk,0
CUST00003906,0.0,0.0,Low Risk,0
CUST00003907,0.5362,53.62,High Risk,1
CUST00003908,0.0,0.0,Low Risk,0
CUST00003909,0.3037,30.37,Medium Risk,0
CUST00003910,0.8659,86.59,Critical Risk,1
CUST00003911,0.0,0.0,Low Risk,0
CUST00003912,0.8659,86.59,Critical Risk,1
CUST00003913,0.0,0.0,Low Risk,0
CUST00003914,0.8659,86.59,Critical Risk,1
CUST00003915,0.359,35.9,Medium Risk,0
CUST00003916,0.4369,43.69,Medium Risk,0
CUST00003917,0.0,0.0,Low Risk,0
CUST00003918,0.1,10.0,Low Risk,0
CUST00003919,0.0,0.0,Low Risk,0
CUST00003920,0.0,0.0,Low Risk,0
CUST00003921,0.8659,86.59,Critical Risk,1
CUST00003922,0.0,0.0,Low Risk,0
CUST00003923,0.6914,69.14,High Risk,1
CUST00003924,0.6138,61.38,High Risk,1
CUST00003925,0.0,0.0,Low Risk,0
CUST00003926,0.8659,86.59,Critical Risk,1
CUST00003927,0.0,0.0,Low Risk,0
CUST00003928,0.8659,86.59,Critical Risk,1
CUST00003929,0.0,0.0,Low Risk,0
CUST00003930,0.0,0.0,Low Risk,0
CUST00003931,0.4369,43.69,Medium Risk,0
CUST00003932,0.0,0.0,Low Risk,0
CUST00003933,0.0,0.0,Low Risk,0
CUST00003934,0.0,0.0,Low Risk,0
CUST00003935,0.0,0.0,Low Risk,0
CUST00003936,0.5362,53.62,High Risk,1
CUST00003937,0.8659,86.59,Critical Risk,1
CUST00003938,0.6793,67.93,High Risk,1
CUST00003939,0.0,0.0,Low Risk,0
CUST00003940,0.5362,53.62,High Risk,1
CUST00003941,0.8659,86.59,Critical Risk,1
CUST00003942,0.0,0.0,Low Risk,0
CUST00003943,0.0,0.0,Low Risk,0
CUST00003944,0.8659,86.59,Critical Risk,1
CUST00003945,0.6793,67.93,High Risk,1
CUST00003946,0.6793,67.93,High Risk,1
CUST00003947,0.0,0.0,Low Risk,0
CUST00003948,0.4369,43.69,Medium Risk,0
CUST00003949,0.0,0.0,Low Risk,0
CUST00003950,0.0,0.0,Low Risk,0
CUST00003951,0.0,0.0,Low Risk,0
CUST00003952,0.8659,86.59,Critical Risk,1
CUST00003953,0.6793,67.93,High Risk,1
CUST00003954,0.6914,69.14,High Risk,1
CUST00003955,0.6793,67.93,High Risk,1
CUST00003956,0.8659,86.59,Critical Risk,1
CUST00003957,0.0,0.0,Low Risk,0
CUST00003958,0.8659,86.59,Critical Risk,1
CUST00003959,0.0,0.0,Low Risk,0
CUST00003960,0.6138,61.38,High Risk,1
CUST00003961,0.8659,86.59,Critical Risk,1
CUST00003962,0.0,0.0,Low Risk,0
CUST00003963,0.0,0.0,Low Risk,0
CUST00003964,0.3037,30.37,Medium Risk,0
CUST00003965,0.0,0.0,Low Risk,0
CUST00003966,0.4369,43.69,Medium Risk,0
CUST00003967,0.6138,61.38,High Risk,1
CUST00003968,0.8659,86.59,Critical Risk,1
CUST00003969,0.0,0.0,Low Risk,0
CUST00003970,0.5362,53.62,High Risk,1
CUST00003971,0.8659,86.59,Critical Risk,1
CUST00003972,0.0,0.0,Low Risk,0
CUST00003973,0.6793,67.93,High Risk,1
CUST00003974,0.359,35.9,Medium Risk,0
CUST00003975,0.3568,35.68,Medium Risk,0
CUST00003976,0.0,0.0,Low Risk,0
CUST00003977,0.0,0.0,Low Risk,0
CUST00003978,0.5362,53.62,High Risk,1
CUST00003979,0.0,0.0,Low Risk,0
CUST00003980,0.0,0.0,Low Risk,0
CUST00003981,0.6914,69.14,High Risk,1
CUST00003982,0.0,0.0,Low Risk,0
CUST00003983,0.0,0.0,Low Risk,0
CUST00003984,0.0,0.0,Low Risk,0
CUST00003985,0.0,0.0,Low Risk,0
CUST00003986,0.0,0.0,Low Risk,0
CUST00003987,0.0,0.0,Low Risk,0
CUST00003988,0.1,10.0,Low Risk,0
CUST00003989,0.3568,35.68,Medium Risk,0
CUST00003990,0.6793,67.93,High Risk,1
CUST00003991,0.0,0.0,Low Risk,0
CUST00003992,0.0,0.0,Low Risk,0
CUST00003993,0.0,0.0,Low Risk,0
CUST00003994,0.0,0.0,Low Risk,0
CUST00003995,0.0,0.0,Low Risk,0
CUST00003996,0.0,0.0,Low Risk,0
CUST00003997,0.0,0.0,Low Risk,0
CUST00003998,0.4369,43.69,Medium Risk,0
CUST00003999,0.0,0.0,Low Risk,0
CUST00004000,0.0,0.0,Low Risk,0
CUST00004001,0.8659,86.59,Critical Risk,1
CUST00004002,0.0,0.0,Low Risk,0
CUST00004003,0.4369,43.69,Medium Risk,0
CUST00004004,0.0,0.0,Low Risk,0
CUST00004005,0.6138,61.38,High Risk,1
CUST00004006,0.0,0.0,Low Risk,0
CUST00004007,0.8659,86.59,Critical Risk,1
CUST00004008,0.0,0.0,Low Risk,0
CUST00004009,0.8659,86.59,Critical Risk,1
CUST00004010,0.5362,53.62,High Risk,1
CUST00004011,0.0,0.0,Low Risk,0
CUST00004012,0.6793,67.93,High Risk,1
CUST00004013,0.0,0.0,Low Risk,0
CUST00004014,0.0,0.0,Low Risk,0
CUST00004015,0.0,0.0,Low Risk,0
CUST00004016,0.0,0.0,Low Risk,0
CUST00004017,0.0,0.0,Low Risk,0
CUST00004018,0.6914,69.14,High Risk,1
CUST00004019,0.5362,53.62,High Risk,1
CUST00004020,0.8659,86.59,Critical Risk,1
CUST00004021,0.4369,43.69,Medium Risk,0
CUST00004022,0.0,0.0,Low Risk,0
CUST00004023,0.0,0.0,Low Risk,0
CUST00004024,0.0,0.0,Low Risk,0
CUST00004025,0.0,0.0,Low Risk,0
CUST00004026,0.0,0.0,Low Risk,0
CUST00004027,0.0,0.0,Low Risk,0
CUST00004028,0.0,0.0,Low Risk,0
CUST00004029,0.0,0.0,Low Risk,0
CUST00004030,0.1,10.0,Low Risk,0
CUST00004031,0.0,0.0,Low Risk,0
CUST00004032,0.0,0.0,Low Risk,0
CUST00004033,0.0,0.0,Low Risk,0
CUST00004034,0.8659,86.59,Critical Risk,1
CUST00004035,0.0,0.0,Low Risk,0
CUST00004036,0.4369,43.69,Medium Risk,0
CUST00004037,0.3037,30.37,Medium Risk,0
CUST00004038,0.4369,43.69,Medium Risk,0
CUST00004039,0.1,10.0,Low Risk,0
CUST00004040,0.6138,61.38,High Risk,1
CUST00004041,0.0,0.0,Low Risk,0
CUST00004042,0.6914,69.14,High Risk,1
CUST00004043,0.6138,61.38,High Risk,1
CUST00004044,0.0,0.0,Low Risk,0
CUST00004045,0.0,0.0,Low Risk,0
CUST00004046,0.0,0.0,Low Risk,0
CUST00004047,0.0,0.0,Low Risk,0
CUST00004048,0.0,0.0,Low Risk,0
CUST00004049,0.0,0.0,Low Risk,0
CUST00004050,0.0,0.0,Low Risk,0
CUST00004051,0.0,0.0,Low Risk,0
CUST00004052,0.5362,53.62,High Risk,1
CUST00004053,0.8659,86.59,Critical Risk,1
CUST00004054,0.0,0.0,Low Risk,0
CUST00004055,0.0,0.0,Low Risk,0
CUST00004056,0.5362,53.62,High Risk,1
CUST00004057,0.6793,67.93,High Risk,1
CUST00004058,0.0,0.0,Low Risk,0
CUST00004059,0.0,0.0,Low Risk,0
CUST00004060,0.4369,43.69,Medium Risk,0
CUST00004061,0.6914,69.14,High Risk,1
CUST00004062,0.8659,86.59,Critical Risk,1
CUST00004063,0.0,0.0,Low Risk,0
CUST00004064,0.0,0.0,Low Risk,0
CUST00004065,0.3037,30.37,Medium Risk,0
CUST00004066,0.8659,86.59,Critical Risk,1
CUST00004067,0.0,0.0,Low Risk,0
CUST00004068,0.6793,67.93,High Risk,1
CUST00004069,0.4369,43.69,Medium Risk,0
CUST00004070,0.0,0.0,Low Risk,0
CUST00004071,0.3568,35.68,Medium Risk,0
CUST00004072,0.8659,86.59,Critical Risk,1
CUST00004073,0.4369,43.69,Medium Risk,0
CUST00004074,0.0,0.0,Low Risk,0
CUST00004075,0.0,0.0,Low Risk,0
CUST00004076,0.3037,30.37,Medium Risk,0
CUST00004077,0.8659,86.59,Critical Risk,1
CUST00004078,0.4369,43.69,Medium Risk,0
CUST00004079,0.8659,86.59,Critical Risk,1
CUST00004080,0.8659,86.59,Critical Risk,1
CUST00004081,0.3568,35.68,Medium Risk,0
CUST00004082,0.6793,67.93,High Risk,1
CUST00004083,0.5362,53.62,High Risk,1
CUST00004084,0.0,0.0,Low Risk,0
CUST00004085,0.0,0.0,Low Risk,0
CUST00004086,0.4369,43.69,Medium Risk,0
CUST00004087,0.8659,86.59,Critical Risk,1
CUST00004088,0.8659,86.59,Critical Risk,1
CUST00004089,0.8659,86.59,Critical Risk,1
CUST00004090,0.8659,86.59,Critical Risk,1
CUST00004091,0.8659,86.59,Critical Risk,1
CUST00004092,0.8659,86.59,Critical Risk,1
CUST00004093,0.4369,43.69,Medium Risk,0
CUST00004094,0.0,0.0,Low Risk,0
CUST00004095,0.4369,43.69,Medium Risk,0
CUST00004096,0.8659,86.59,Critical Risk,1
CUST00004097,0.4369,43.69,Medium Risk,0
CUST00004098,0.0,0.0,Low Risk,0
CUST00004099,0.359,35.9,Medium Risk,0
CUST00004100,0.0,0.0,Low Risk,0
CUST00004101,0.3037,30.37,Medium Risk,0
CUST00004102,0.0,0.0,Low Risk,0
CUST00004103,0.6914,69.14,High Risk,1
CUST00004104,0.0,0.0,Low Risk,0
CUST00004105,0.0,0.0,Low Risk,0
CUST00004106,0.6793,67.93,High Risk,1
CUST00004107,0.0,0.0,Low Risk,0
CUST00004108,0.8659,86.59,Critical Risk,1
CUST00004109,0.6914,69.14,High Risk,1
CUST00004110,0.8659,86.59,Critical Risk,1
CUST00004111,0.0,0.0,Low Risk,0
CUST00004112,0.8659,86.59,Critical Risk,1
CUST00004113,0.0,0.0,Low Risk,0
CUST00004114,0.0,0.0,Low Risk,0
CUST00004115,0.8659,86.59,Critical Risk,1
CUST00004116,0.0,0.0,Low Risk,0
CUST00004117,0.0,0.0,Low Risk,0
CUST00004118,0.0,0.0,Low Risk,0
CUST00004119,0.8659,86.59,Critical Risk,1
CUST00004120,0.0,0.0,Low Risk,0
CUST00004121,0.0,0.0,Low Risk,0
CUST00004122,0.6914,69.14,High Risk,1
CUST00004123,0.4369,43.69,Medium Risk,0
CUST00004124,0.4369,43.69,Medium Risk,0
CUST00004125,0.6914,69.14,High Risk,1
CUST00004126,0.0,0.0,Low Risk,0
CUST00004127,0.0,0.0,Low Risk,0
CUST00004128,0.8659,86.59,Critical Risk,1
CUST00004129,0.0,0.0,Low Risk,0
CUST00004130,0.3568,35.68,Medium Risk,0
CUST00004131,0.8659,86.59,Critical Risk,1
CUST00004132,0.8659,86.59,Critical Risk,1
CUST00004133,0.0,0.0,Low Risk,0
CUST00004134,0.8659,86.59,Critical Risk,1
CUST00004135,0.8659,86.59,Critical Risk,1
CUST00004136,0.8659,86.59,Critical Risk,1
CUST00004137,0.8659,86.59,Critical Risk,1
CUST00004138,0.0,0.0,Low Risk,0
CUST00004139,0.0,0.0,Low Risk,0
CUST00004140,0.0,0.0,Low Risk,0
CUST00004141,0.0,0.0,Low Risk,0
CUST00004142,0.0,0.0,Low Risk,0
CUST00004143,0.5362,53.62,High Risk,1
CUST00004144,0.8659,86.59,Critical Risk,1
CUST00004145,0.8659,86.59,Critical Risk,1
CUST00004146,0.0,0.0,Low Risk,0
CUST00004147,0.0,0.0,Low Risk,0
CUST00004148,0.4369,43.69,Medium Risk,0
CUST00004149,0.0,0.0,Low Risk,0
CUST00004150,0.0,0.0,Low Risk,0
CUST00004151,0.8659,86.59,Critical Risk,1
CUST00004152,0.0,0.0,Low Risk,0
CUST00004153,0.0,0.0,Low Risk,0
CUST00004154,0.0,0.0,Low Risk,0
CUST00004155,0.6793,67.93,High Risk,1
CUST00004156,0.8659,86.59,Critical Risk,1
CUST00004157,0.0,0.0,Low Risk,0
CUST00004158,0.6914,69.14,High Risk,1
CUST00004159,0.8659,86.59,Critical Risk,1
CUST00004160,0.4369,43.69,Medium Risk,0
CUST00004161,0.0,0.0,Low Risk,0
CUST00004162,0.5362,53.62,High Risk,1
CUST00004163,0.0,0.0,Low Risk,0
CUST00004164,0.8659,86.59,Critical Risk,1
CUST00004165,0.8659,86.59,Critical Risk,1
CUST00004166,0.0,0.0,Low Risk,0
CUST00004167,0.0,0.0,Low Risk,0
CUST00004168,0.8659,86.59,Critical Risk,1
CUST00004169,0.0,0.0,Low Risk,0
CUST00004170,0.6793,67.93,High Risk,1
CUST00004171,0.0,0.0,Low Risk,0
CUST00004172,0.0,0.0,Low Risk,0
CUST00004173,0.0,0.0,Low Risk,0
CUST00004174,0.8659,86.59,Critical Risk,1
CUST00004175,0.4369,43.69,Medium Risk,0
CUST00004176,0.8659,86.59,Critical Risk,1
CUST00004177,0.0,0.0,Low Risk,0
CUST00004178,0.8659,86.59,Critical Risk,1
CUST00004179,0.0,0.0,Low Risk,0
CUST00004180,0.6138,61.38,High Risk,1
CUST00004181,0.8659,86.59,Critical Risk,1
CUST00004182,0.0,0.0,Low Risk,0
CUST00004183,0.6138,61.38,High Risk,1
CUST00004184,0.6138,61.38,High Risk,1
CUST00004185,0.6793,67.93,High Risk,1
CUST00004186,0.8659,86.59,Critical Risk,1
CUST00004187,0.6793,67.93,High Risk,1
CUST00004188,0.0,0.0,Low Risk,0
CUST00004189,0.6914,69.14,High Risk,1
CUST00004190,0.0,0.0,Low Risk,0
CUST00004191,0.1,10.0,Low Risk,0
CUST00004192,0.0,0.0,Low Risk,0
CUST00004193,0.0,0.0,Low Risk,0
CUST00004194,0.0,0.0,Low Risk,0
CUST00004195,0.0,0.0,Low Risk,0
CUST00004196,0.6914,69.14,High Risk,1
CUST00004197,0.0,0.0,Low Risk,0
CUST00004198,0.6138,61.38,High Risk,1
CUST00004199,0.6793,67.93,High Risk,1
CUST00004200,0.0,0.0,Low Risk,0
CUST00004201,0.8659,86.59,Critical Risk,1
CUST00004202,0.0,0.0,Low Risk,0
CUST00004203,0.0,0.0,Low Risk,0
CUST00004204,0.6793,67.93,High Risk,1
CUST00004205,0.8659,86.59,Critical Risk,1
CUST00004206,0.0,0.0,Low Risk,0
CUST00004207,0.0,0.0,Low Risk,0
CUST00004208,0.0,0.0,Low Risk,0
CUST00004209,0.6138,61.38,High Risk,1
CUST00004210,0.0,0.0,Low Risk,0
CUST00004211,0.0,0.0,Low Risk,0
CUST00004212,0.0,0.0,Low Risk,0
CUST00004213,0.8659,86.59,Critical Risk,1
CUST00004214,0.8659,86.59,Critical Risk,1
CUST00004215,0.8659,86.59,Critical Risk,1
CUST00004216,0.8659,86.59,Critical Risk,1
CUST00004217,0.0,0.0,Low Risk,0
CUST00004218,0.4369,43.69,Medium Risk,0
CUST00004219,0.8659,86.59,Critical Risk,1
CUST00004220,0.0,0.0,Low Risk,0
CUST00004221,0.0,0.0,Low Risk,0
CUST00004222,0.0,0.0,Low Risk,0
CUST00004223,0.6793,67.93,High Risk,1
CUST00004224,0.8659,86.59,Critical Risk,1
CUST00004225,0.6793,67.93,High Risk,1
CUST00004226,0.8659,86.59,Critical Risk,1
CUST00004227,0.0,0.0,Low Risk,0
CUST00004228,0.8659,86.59,Critical Risk,1
CUST00004229,0.0,0.0,Low Risk,0
CUST00004230,0.0,0.0,Low Risk,0
CUST00004231,0.0,0.0,Low Risk,0
CUST00004232,0.8659,86.59,Critical Risk,1
CUST00004233,0.0,0.0,Low Risk,0
CUST00004234,0.5362,53.62,High Risk,1
CUST00004235,0.6138,61.38,High Risk,1
CUST00004236,0.0,0.0,Low Risk,0
CUST00004237,0.8659,86.59,Critical Risk,1
CUST00004238,0.0,0.0,Low Risk,0
CUST00004239,0.5362,53.62,High Risk,1
CUST00004240,0.8659,86.59,Critical Risk,1
CUST00004241,0.0,0.0,Low Risk,0
CUST00004242,0.6793,67.93,High Risk,1
CUST00004243,0.8659,86.59,Critical Risk,1
CUST00004244,0.0,0.0,Low Risk,0
CUST00004245,0.8659,86.59,Critical Risk,1
CUST00004246,0.0,0.0,Low Risk,0
CUST00004247,0.0,0.0,Low Risk,0
CUST00004248,0.0,0.0,Low Risk,0
CUST00004249,0.0,0.0,Low Risk,0
CUST00004250,0.8659,86.59,Critical Risk,1
CUST00004251,0.0,0.0,Low Risk,0
CUST00004252,0.0,0.0,Low Risk,0
CUST00004253,0.0,0.0,Low Risk,0
CUST00004254,0.0,0.0,Low Risk,0
CUST00004255,0.0,0.0,Low Risk,0
CUST00004256,0.6914,69.14,High Risk,1
CUST00004257,0.0,0.0,Low Risk,0
CUST00004258,0.6914,69.14,High Risk,1
CUST00004259,0.6914,69.14,High Risk,1
CUST00004260,0.6138,61.38,High Risk,1
CUST00004261,0.0,0.0,Low Risk,0
CUST00004262,0.8659,86.59,Critical Risk,1
CUST00004263,0.8659,86.59,Critical Risk,1
CUST00004264,0.0,0.0,Low Risk,0
CUST00004265,0.8659,86.59,Critical Risk,1
CUST00004266,0.0,0.0,Low Risk,0
CUST00004267,0.3568,35.68,Medium Risk,0
CUST00004268,0.8659,86.59,Critical Risk,1
CUST00004269,0.8659,86.59,Critical Risk,1
CUST00004270,0.0,0.0,Low Risk,0
CUST00004271,0.6138,61.38,High Risk,1
CUST00004272,0.1,10.0,Low Risk,0
CUST00004273,0.0,0.0,Low Risk,0
CUST00004274,0.6793,67.93,High Risk,1
CUST00004275,0.5362,53.62,High Risk,1
CUST00004276,0.4369,43.69,Medium Risk,0
CUST00004277,0.5362,53.62,High Risk,1
CUST00004278,0.4369,43.69,Medium Risk,0
CUST00004279,0.8659,86.59,Critical Risk,1
CUST00004280,0.0,0.0,Low Risk,0
CUST00004281,0.3568,35.68,Medium Risk,0
CUST00004282,0.0,0.0,Low Risk,0
CUST00004283,0.0,0.0,Low Risk,0
CUST00004284,0.4369,43.69,Medium Risk,0
CUST00004285,0.8659,86.59,Critical Risk,1
CUST00004286,0.4369,43.69,Medium Risk,0
CUST00004287,0.0,0.0,Low Risk,0
CUST00004288,0.8659,86.59,Critical Risk,1
CUST00004289,0.0,0.0,Low Risk,0
CUST00004290,0.8659,86.59,Critical Risk,1
CUST00004291,0.0,0.0,Low Risk,0
CUST00004292,0.0,0.0,Low Risk,0
CUST00004293,0.6138,61.38,High Risk,1
CUST00004294,0.4369,43.69,Medium Risk,0
CUST00004295,0.6914,69.14,High Risk,1
CUST00004296,0.4369,43.69,Medium Risk,0
CUST00004297,0.0,0.0,Low Risk,0
CUST00004298,0.6138,61.38,High Risk,1
CUST00004299,0.8659,86.59,Critical Risk,1
CUST00004300,0.8659,86.59,Critical Risk,1
CUST00004301,0.0,0.0,Low Risk,0
CUST00004302,0.0,0.0,Low Risk,0
CUST00004303,0.4369,43.69,Medium Risk,0
CUST00004304,0.0,0.0,Low Risk,0
CUST00004305,0.4369,43.69,Medium Risk,0
CUST00004306,0.359,35.9,Medium Risk,0
CUST00004307,0.3568,35.68,Medium Risk,0
CUST00004308,0.0,0.0,Low Risk,0
CUST00004309,0.0,0.0,Low Risk,0
CUST00004310,0.0,0.0,Low Risk,0
CUST00004311,0.6138,61.38,High Risk,1
CUST00004312,0.0,0.0,Low Risk,0
CUST00004313,0.8659,86.59,Critical Risk,1
CUST00004314,0.3037,30.37,Medium Risk,0
CUST00004315,0.8659,86.59,Critical Risk,1
CUST00004316,0.6793,67.93,High Risk,1
CUST00004317,0.0,0.0,Low Risk,0
CUST00004318,0.5362,53.62,High Risk,1
CUST00004319,0.0,0.0,Low Risk,0
CUST00004320,0.6793,67.93,High Risk,1
CUST00004321,0.0,0.0,Low Risk,0
CUST00004322,0.8659,86.59,Critical Risk,1
CUST00004323,0.4369,43.69,Medium Risk,0
CUST00004324,0.6793,67.93,High Risk,1
CUST00004325,0.3568,35.68,Medium Risk,0
CUST00004326,0.0,0.0,Low Risk,0
CUST00004327,0.8659,86.59,Critical Risk,1
CUST00004328,0.5362,53.62,High Risk,1
CUST00004329,0.0,0.0,Low Risk,0
CUST00004330,0.0,0.0,Low Risk,0
CUST00004331,0.8659,86.59,Critical Risk,1
CUST00004332,0.0,0.0,Low Risk,0
CUST00004333,0.0,0.0,Low Risk,0
CUST00004334,0.0,0.0,Low Risk,0
CUST00004335,0.4369,43.69,Medium Risk,0
CUST00004336,0.0,0.0,Low Risk,0
CUST00004337,0.0,0.0,Low Risk,0
CUST00004338,0.0,0.0,Low Risk,0
CUST00004339,0.0,0.0,Low Risk,0
CUST00004340,0.0,0.0,Low Risk,0
CUST00004341,0.8659,86.59,Critical Risk,1
CUST00004342,0.0,0.0,Low Risk,0
CUST00004343,0.4369,43.69,Medium Risk,0
CUST00004344,0.0,0.0,Low Risk,0
CUST00004345,0.0,0.0,Low Risk,0
CUST00004346,0.0,0.0,Low Risk,0
CUST00004347,0.3568,35.68,Medium Risk,0
CUST00004348,0.0,0.0,Low Risk,0
CUST00004349,0.8659,86.59,Critical Risk,1
CUST00004350,0.0,0.0,Low Risk,0
CUST00004351,0.8659,86.59,Critical Risk,1
CUST00004352,0.0,0.0,Low Risk,0
CUST00004353,0.4369,43.69,Medium Risk,0
CUST00004354,0.0,0.0,Low Risk,0
CUST00004355,0.8659,86.59,Critical Risk,1
CUST00004356,0.0,0.0,Low Risk,0
CUST00004357,0.3037,30.37,Medium Risk,0
CUST00004358,0.8659,86.59,Critical Risk,1
CUST00004359,0.6793,67.93,High Risk,1
CUST00004360,0.8659,86.59,Critical Risk,1
CUST00004361,0.3568,35.68,Medium Risk,0
CUST00004362,0.6793,67.93,High Risk,1
CUST00004363,0.8659,86.59,Critical Risk,1
CUST00004364,0.0,0.0,Low Risk,0
CUST00004365,0.0,0.0,Low Risk,0
CUST00004366,0.3568,35.68,Medium Risk,0
CUST00004367,0.359,35.9,Medium Risk,0
CUST00004368,0.0,0.0,Low Risk,0
CUST00004369,0.0,0.0,Low Risk,0
CUST00004370,0.8659,86.59,Critical Risk,1
CUST00004371,0.0,0.0,Low Risk,0
CUST00004372,0.0,0.0,Low Risk,0
CUST00004373,0.3568,35.68,Medium Risk,0
CUST00004374,0.0,0.0,Low Risk,0
CUST00004375,0.6138,61.38,High Risk,1
CUST00004376,0.0,0.0,Low Risk,0
CUST00004377,0.3037,30.37,Medium Risk,0
CUST00004378,0.6914,69.14,High Risk,1
CUST00004379,0.8659,86.59,Critical Risk,1
CUST00004380,0.6138,61.38,High Risk,1
CUST00004381,0.6914,69.14,High Risk,1
CUST00004382,0.6138,61.38,High Risk,1
CUST00004383,0.0,0.0,Low Risk,0
CUST00004384,0.8659,86.59,Critical Risk,1
CUST00004385,0.6793,67.93,High Risk,1
CUST00004386,0.0,0.0,Low Risk,0
CUST00004387,0.0,0.0,Low Risk,0
CUST00004388,0.0,0.0,Low Risk,0
CUST00004389,0.6793,67.93,High Risk,1
CUST00004390,0.8659,86.59,Critical Risk,1
CUST00004391,0.8659,86.59,Critical Risk,1
CUST00004392,0.0,0.0,Low Risk,0
CUST00004393,0.3037,30.37,Medium Risk,0
CUST00004394,0.0,0.0,Low Risk,0
CUST00004395,0.8659,86.59,Critical Risk,1
CUST00004396,0.0,0.0,Low Risk,0
CUST00004397,0.6914,69.14,High Risk,1
CUST00004398,0.0,0.0,Low Risk,0
CUST00004399,0.0,0.0,Low Risk,0
CUST00004400,0.6138,61.38,High Risk,1
CUST00004401,0.0,0.0,Low Risk,0
CUST00004402,0.0,0.0,Low Risk,0
CUST00004403,0.8659,86.59,Critical Risk,1
CUST00004404,0.8659,86.59,Critical Risk,1
CUST00004405,0.0,0.0,Low Risk,0
CUST00004406,0.0,0.0,Low Risk,0
CUST00004407,0.0,0.0,Low Risk,0
CUST00004408,0.0,0.0,Low Risk,0
CUST00004409,0.0,0.0,Low Risk,0
CUST00004410,0.5362,53.62,High Risk,1
CUST00004411,0.0,0.0,Low Risk,0
CUST00004412,0.0,0.0,Low Risk,0
CUST00004413,0.0,0.0,Low Risk,0
CUST00004414,0.0,0.0,Low Risk,0
CUST00004415,0.4369,43.69,Medium Risk,0
CUST00004416,0.0,0.0,Low Risk,0
CUST00004417,0.6793,67.93,High Risk,1
CUST00004418,0.0,0.0,Low Risk,0
CUST00004419,0.4369,43.69,Medium Risk,0
CUST00004420,0.0,0.0,Low Risk,0
CUST00004421,0.0,0.0,Low Risk,0
CUST00004422,0.359,35.9,Medium Risk,0
CUST00004423,0.8659,86.59,Critical Risk,1
CUST00004424,0.6793,67.93,High Risk,1
CUST00004425,0.3037,30.37,Medium Risk,0
CUST00004426,0.0,0.0,Low Risk,0
CUST00004427,0.8659,86.59,Critical Risk,1
CUST00004428,0.8659,86.59,Critical Risk,1
CUST00004429,0.5362,53.62,High Risk,1
CUST00004430,0.1,10.0,Low Risk,0
CUST00004431,0.6793,67.93,High Risk,1
CUST00004432,0.0,0.0,Low Risk,0
CUST00004433,0.4369,43.69,Medium Risk,0
CUST00004434,0.8659,86.59,Critical Risk,1
CUST00004435,0.0,0.0,Low Risk,0
CUST00004436,0.8659,86.59,Critical Risk,1
CUST00004437,0.0,0.0,Low Risk,0
CUST00004438,0.4369,43.69,Medium Risk,0
CUST00004439,0.0,0.0,Low Risk,0
CUST00004440,0.5362,53.62,High Risk,1
CUST00004441,0.8659,86.59,Critical Risk,1
CUST00004442,0.0,0.0,Low Risk,0
CUST00004443,0.0,0.0,Low Risk,0
CUST00004444,0.8659,86.59,Critical Risk,1
CUST00004445,0.3037,30.37,Medium Risk,0
CUST00004446,0.1,10.0,Low Risk,0
CUST00004447,0.0,0.0,Low Risk,0
CUST00004448,0.0,0.0,Low Risk,0
CUST00004449,0.0,0.0,Low Risk,0
CUST00004450,0.0,0.0,Low Risk,0
CUST00004451,0.0,0.0,Low Risk,0
CUST00004452,0.359,35.9,Medium Risk,0
CUST00004453,0.6138,61.38,High Risk,1
CUST00004454,0.0,0.0,Low Risk,0
CUST00004455,0.0,0.0,Low Risk,0
CUST00004456,0.0,0.0,Low Risk,0
CUST00004457,0.6793,67.93,High Risk,1
CUST00004458,0.0,0.0,Low Risk,0
CUST00004459,0.0,0.0,Low Risk,0
CUST00004460,0.3568,35.68,Medium Risk,0
CUST00004461,0.8659,86.59,Critical Risk,1
CUST00004462,0.0,0.0,Low Risk,0
CUST00004463,0.0,0.0,Low Risk,0
CUST00004464,0.0,0.0,Low Risk,0
CUST00004465,0.0,0.0,Low Risk,0
CUST00004466,0.4369,43.69,Medium Risk,0
CUST00004467,0.0,0.0,Low Risk,0
CUST00004468,0.0,0.0,Low Risk,0
CUST00004469,0.8659,86.59,Critical Risk,1
CUST00004470,0.0,0.0,Low Risk,0
CUST00004471,0.3568,35.68,Medium Risk,0
CUST00004472,0.8659,86.59,Critical Risk,1
CUST00004473,0.0,0.0,Low Risk,0
CUST00004474,0.0,0.0,Low Risk,0
CUST00004475,0.0,0.0,Low Risk,0
CUST00004476,0.0,0.0,Low Risk,0
CUST00004477,0.8659,86.59,Critical Risk,1
CUST00004478,0.0,0.0,Low Risk,0
CUST00004479,0.0,0.0,Low Risk,0
CUST00004480,0.0,0.0,Low Risk,0
CUST00004481,0.0,0.0,Low Risk,0
CUST00004482,0.8659,86.59,Critical Risk,1
CUST00004483,0.0,0.0,Low Risk,0
CUST00004484,0.6793,67.93,High Risk,1
CUST00004485,0.0,0.0,Low Risk,0
CUST00004486,0.0,0.0,Low Risk,0
CUST00004487,0.3037,30.37,Medium Risk,0
CUST00004488,0.4369,43.69,Medium Risk,0
CUST00004489,0.5362,53.62,High Risk,1
CUST00004490,0.0,0.0,Low Risk,0
CUST00004491,0.4369,43.69,Medium Risk,0
CUST00004492,0.0,0.0,Low Risk,0
CUST00004493,0.8659,86.59,Critical Risk,1
CUST00004494,0.0,0.0,Low Risk,0
CUST00004495,0.8659,86.59,Critical Risk,1
CUST00004496,0.359,35.9,Medium Risk,0
CUST00004497,0.4369,43.69,Medium Risk,0
CUST00004498,0.0,0.0,Low Risk,0
CUST00004499,0.0,0.0,Low Risk,0
CUST00004500,0.4369,43.69,Medium Risk,0
CUST00004501,0.8659,86.59,Critical Risk,1
CUST00004502,0.0,0.0,Low Risk,0
CUST00004503,0.8659,86.59,Critical Risk,1
CUST00004504,0.1,10.0,Low Risk,0
CUST00004505,0.0,0.0,Low Risk,0
CUST00004506,0.0,0.0,Low Risk,0
CUST00004507,0.6793,67.93,High Risk,1
CUST00004508,0.0,0.0,Low Risk,0
CUST00004509,0.0,0.0,Low Risk,0
CUST00004510,0.0,0.0,Low Risk,0
CUST00004511,0.0,0.0,Low Risk,0
CUST00004512,0.0,0.0,Low Risk,0
CUST00004513,0.0,0.0,Low Risk,0
CUST00004514,0.0,0.0,Low Risk,0
CUST00004515,0.0,0.0,Low Risk,0
CUST00004516,0.6793,67.93,High Risk,1
CUST00004517,0.0,0.0,Low Risk,0
CUST00004518,0.8659,86.59,Critical Risk,1
CUST00004519,0.0,0.0,Low Risk,0
CUST00004520,0.0,0.0,Low Risk,0
CUST00004521,0.0,0.0,Low Risk,0
CUST00004522,0.6914,69.14,High Risk,1
CUST00004523,0.8659,86.59,Critical Risk,1
CUST00004524,0.0,0.0,Low Risk,0
CUST00004525,0.8659,86.59,Critical Risk,1
CUST00004526,0.0,0.0,Low Risk,0
CUST00004527,0.6914,69.14,High Risk,1
CUST00004528,0.0,0.0,Low Risk,0
CUST00004529,0.0,0.0,Low Risk,0
CUST00004530,0.0,0.0,Low Risk,0
CUST00004531,0.0,0.0,Low Risk,0
CUST00004532,0.0,0.0,Low Risk,0
CUST00004533,0.0,0.0,Low Risk,0
CUST00004534,0.3037,30.37,Medium Risk,0
CUST00004535,0.0,0.0,Low Risk,0
CUST00004536,0.8659,86.59,Critical Risk,1
CUST00004537,0.359,35.9,Medium Risk,0
CUST00004538,0.8659,86.59,Critical Risk,1
CUST00004539,0.8659,86.59,Critical Risk,1
CUST00004540,0.0,0.0,Low Risk,0
CUST00004541,0.0,0.0,Low Risk,0
CUST00004542,0.8659,86.59,Critical Risk,1
CUST00004543,0.6793,67.93,High Risk,1
CUST00004544,0.0,0.0,Low Risk,0
CUST00004545,0.6138,61.38,High Risk,1
CUST00004546,0.0,0.0,Low Risk,0
CUST00004547,0.0,0.0,Low Risk,0
CUST00004548,0.4369,43.69,Medium Risk,0
CUST00004549,0.0,0.0,Low Risk,0
CUST00004550,0.0,0.0,Low Risk,0
CUST00004551,0.6793,67.93,High Risk,1
CUST00004552,0.0,0.0,Low Risk,0
CUST00004553,0.6793,67.93,High Risk,1
CUST00004554,0.6793,67.93,High Risk,1
CUST00004555,0.6793,67.93,High Risk,1
CUST00004556,0.0,0.0,Low Risk,0
CUST00004557,0.0,0.0,Low Risk,0
CUST00004558,0.4369,43.69,Medium Risk,0
CUST00004559,0.5362,53.62,High Risk,1
CUST00004560,0.8659,86.59,Critical Risk,1
CUST00004561,0.0,0.0,Low Risk,0
CUST00004562,0.4369,43.69,Medium Risk,0
CUST00004563,0.0,0.0,Low Risk,0
CUST00004564,0.3037,30.37,Medium Risk,0
CUST00004565,0.0,0.0,Low Risk,0
CUST00004566,0.3568,35.68,Medium Risk,0
CUST00004567,0.8659,86.59,Critical Risk,1
CUST00004568,0.0,0.0,Low Risk,0
CUST00004569,0.0,0.0,Low Risk,0
CUST00004570,0.8659,86.59,Critical Risk,1
CUST00004571,0.8659,86.59,Critical Risk,1
CUST00004572,0.0,0.0,Low Risk,0
CUST00004573,0.0,0.0,Low Risk,0
CUST00004574,0.0,0.0,Low Risk,0
CUST00004575,0.0,0.0,Low Risk,0
CUST00004576,0.6793,67.93,High Risk,1
CUST00004577,0.8659,86.59,Critical Risk,1
CUST00004578,0.3568,35.68,Medium Risk,0
CUST00004579,0.0,0.0,Low Risk,0
CUST00004580,0.6914,69.14,High Risk,1
CUST00004581,0.0,0.0,Low Risk,0
CUST00004582,0.0,0.0,Low Risk,0
CUST00004583,0.0,0.0,Low Risk,0
CUST00004584,0.0,0.0,Low Risk,0
CUST00004585,0.6138,61.38,High Risk,1
CUST00004586,0.359,35.9,Medium Risk,0
CUST00004587,0.6914,69.14,High Risk,1
CUST00004588,0.8659,86.59,Critical Risk,1
CUST00004589,0.6138,61.38,High Risk,1
CUST00004590,0.0,0.0,Low Risk,0
CUST00004591,0.0,0.0,Low Risk,0
CUST00004592,0.0,0.0,Low Risk,0
CUST00004593,0.8659,86.59,Critical Risk,1
CUST00004594,0.8659,86.59,Critical Risk,1
CUST00004595,0.0,0.0,Low Risk,0
CUST00004596,0.0,0.0,Low Risk,0
CUST00004597,0.6793,67.93,High Risk,1
CUST00004598,0.5362,53.62,High Risk,1
CUST00004599,0.0,0.0,Low Risk,0
CUST00004600,0.8659,86.59,Critical Risk,1
CUST00004601,0.0,0.0,Low Risk,0
CUST00004602,0.4369,43.69,Medium Risk,0
CUST00004603,0.0,0.0,Low Risk,0
CUST00004604,0.0,0.0,Low Risk,0
CUST00004605,0.3568,35.68,Medium Risk,0
CUST00004606,0.0,0.0,Low Risk,0
CUST00004607,0.0,0.0,Low Risk,0
CUST00004608,0.0,0.0,Low Risk,0
CUST00004609,0.4369,43.69,Medium Risk,0
CUST00004610,0.0,0.0,Low Risk,0
CUST00004611,0.0,0.0,Low Risk,0
CUST00004612,0.0,0.0,Low Risk,0
CUST00004613,0.6138,61.38,High Risk,1
CUST00004614,0.0,0.0,Low Risk,0
CUST00004615,0.6793,67.93,High Risk,1
CUST00004616,0.0,0.0,Low Risk,0
CUST00004617,0.0,0.0,Low Risk,0
CUST00004618,0.6793,67.93,High Risk,1
CUST00004619,0.0,0.0,Low Risk,0
CUST00004620,0.6793,67.93,High Risk,1
CUST00004621,0.8659,86.59,Critical Risk,1
CUST00004622,0.0,0.0,Low Risk,0
CUST00004623,0.3568,35.68,Medium Risk,0
CUST00004624,0.8659,86.59,Critical Risk,1
CUST00004625,0.8659,86.59,Critical Risk,1
CUST00004626,0.0,0.0,Low Risk,0
CUST00004627,0.3037,30.37,Medium Risk,0
CUST00004628,0.0,0.0,Low Risk,0
CUST00004629,0.1,10.0,Low Risk,0
CUST00004630,0.0,0.0,Low Risk,0
CUST00004631,0.0,0.0,Low Risk,0
CUST00004632,0.0,0.0,Low Risk,0
CUST00004633,0.0,0.0,Low Risk,0
CUST00004634,0.5362,53.62,High Risk,1
CUST00004635,0.0,0.0,Low Risk,0
CUST00004636,0.8659,86.59,Critical Risk,1
CUST00004637,0.6138,61.38,High Risk,1
CUST00004638,0.0,0.0,Low Risk,0
CUST00004639,0.4369,43.69,Medium Risk,0
CUST00004640,0.0,0.0,Low Risk,0
CUST00004641,0.4369,43.69,Medium Risk,0
CUST00004642,0.0,0.0,Low Risk,0
CUST00004643,0.0,0.0,Low Risk,0
CUST00004644,0.6793,67.93,High Risk,1
CUST00004645,0.0,0.0,Low Risk,0
CUST00004646,0.0,0.0,Low Risk,0
CUST00004647,0.0,0.0,Low Risk,0
CUST00004648,0.8659,86.59,Critical Risk,1
CUST00004649,0.8659,86.59,Critical Risk,1
CUST00004650,0.4369,43.69,Medium Risk,0
CUST00004651,0.8659,86.59,Critical Risk,1
CUST00004652,0.8659,86.59,Critical Risk,1
CUST00004653,0.0,0.0,Low Risk,0
CUST00004654,0.0,0.0,Low Risk,0
CUST00004655,0.8659,86.59,Critical Risk,1
CUST00004656,0.6793,67.93,High Risk,1
CUST00004657,0.8659,86.59,Critical Risk,1
CUST00004658,0.4369,43.69,Medium Risk,0
CUST00004659,0.5362,53.62,High Risk,1
CUST00004660,0.4369,43.69,Medium Risk,0
CUST00004661,0.0,0.0,Low Risk,0
CUST00004662,0.6914,69.14,High Risk,1
CUST00004663,0.5362,53.62,High Risk,1
CUST00004664,0.8659,86.59,Critical Risk,1
CUST00004665,0.6793,67.93,High Risk,1
CUST00004666,0.3037,30.37,Medium Risk,0
CUST00004667,0.8659,86.59,Critical Risk,1
CUST00004668,0.0,0.0,Low Risk,0
CUST00004669,0.0,0.0,Low Risk,0
CUST00004670,0.8659,86.59,Critical Risk,1
CUST00004671,0.8659,86.59,Critical Risk,1
CUST00004672,0.0,0.0,Low Risk,0
CUST00004673,0.0,0.0,Low Risk,0
CUST00004674,0.8659,86.59,Critical Risk,1
CUST00004675,0.8659,86.59,Critical Risk,1
CUST00004676,0.8659,86.59,Critical Risk,1
CUST00004677,0.3037,30.37,Medium Risk,0
CUST00004678,0.8659,86.59,Critical Risk,1
CUST00004679,0.8659,86.59,Critical Risk,1
CUST00004680,0.0,0.0,Low Risk,0
CUST00004681,0.0,0.0,Low Risk,0
CUST00004682,0.8659,86.59,Critical Risk,1
CUST00004683,0.0,0.0,Low Risk,0
CUST00004684,0.0,0.0,Low Risk,0
CUST00004685,0.3568,35.68,Medium Risk,0
CUST00004686,0.0,0.0,Low Risk,0
CUST00004687,0.8659,86.59,Critical Risk,1
CUST00004688,0.0,0.0,Low Risk,0
CUST00004689,0.0,0.0,Low Risk,0
CUST00004690,0.3037,30.37,Medium Risk,0
CUST00004691,0.8659,86.59,Critical Risk,1
CUST00004692,0.0,0.0,Low Risk,0
CUST00004693,0.0,0.0,Low Risk,0
CUST00004694,0.4369,43.69,Medium Risk,0
CUST00004695,0.0,0.0,Low Risk,0
CUST00004696,0.0,0.0,Low Risk,0
CUST00004697,0.0,0.0,Low Risk,0
CUST00004698,0.8659,86.59,Critical Risk,1
CUST00004699,0.3037,30.37,Medium Risk,0
CUST00004700,0.8659,86.59,Critical Risk,1
CUST00004701,0.6793,67.93,High Risk,1
CUST00004702,0.0,0.0,Low Risk,0
CUST00004703,0.0,0.0,Low Risk,0
CUST00004704,0.5362,53.62,High Risk,1
CUST00004705,0.0,0.0,Low Risk,0
CUST00004706,0.0,0.0,Low Risk,0
CUST00004707,0.0,0.0,Low Risk,0
CUST00004708,0.0,0.0,Low Risk,0
CUST00004709,0.0,0.0,Low Risk,0
CUST00004710,0.3037,30.37,Medium Risk,0
CUST00004711,0.0,0.0,Low Risk,0
CUST00004712,0.8659,86.59,Critical Risk,1
CUST00004713,0.8659,86.59,Critical Risk,1
CUST00004714,0.0,0.0,Low Risk,0
CUST00004715,0.0,0.0,Low Risk,0
CUST00004716,0.0,0.0,Low Risk,0
CUST00004717,0.0,0.0,Low Risk,0
CUST00004718,0.8659,86.59,Critical Risk,1
CUST00004719,0.6914,69.14,High Risk,1
CUST00004720,0.8659,86.59,Critical Risk,1
CUST00004721,0.0,0.0,Low Risk,0
CUST00004722,0.6138,61.38,High Risk,1
CUST00004723,0.8659,86.59,Critical Risk,1
CUST00004724,0.0,0.0,Low Risk,0
CUST00004725,0.0,0.0,Low Risk,0
CUST00004726,0.6138,61.38,High Risk,1
CUST00004727,0.8659,86.59,Critical Risk,1
CUST00004728,0.8659,86.59,Critical Risk,1
CUST00004729,0.6793,67.93,High Risk,1
CUST00004730,0.8659,86.59,Critical Risk,1
CUST00004731,0.0,0.0,Low Risk,0
CUST00004732,0.0,0.0,Low Risk,0
CUST00004733,0.8659,86.59,Critical Risk,1
CUST00004734,0.3568,35.68,Medium Risk,0
CUST00004735,0.0,0.0,Low Risk,0
CUST00004736,0.8659,86.59,Critical Risk,1
CUST00004737,0.0,0.0,Low Risk,0
CUST00004738,0.5362,53.62,High Risk,1
CUST00004739,0.0,0.0,Low Risk,0
CUST00004740,0.0,0.0,Low Risk,0
CUST00004741,0.0,0.0,Low Risk,0
CUST00004742,0.6793,67.93,High Risk,1
CUST00004743,0.0,0.0,Low Risk,0
CUST00004744,0.0,0.0,Low Risk,0
CUST00004745,0.359,35.9,Medium Risk,0
CUST00004746,0.0,0.0,Low Risk,0
CUST00004747,0.3037,30.37,Medium Risk,0
CUST00004748,0.5362,53.62,High Risk,1
CUST00004749,0.0,0.0,Low Risk,0
CUST00004750,0.8659,86.59,Critical Risk,1
CUST00004751,0.359,35.9,Medium Risk,0
CUST00004752,0.0,0.0,Low Risk,0
CUST00004753,0.8659,86.59,Critical Risk,1
CUST00004754,0.6138,61.38,High Risk,1
CUST00004755,0.0,0.0,Low Risk,0
CUST00004756,0.0,0.0,Low Risk,0
CUST00004757,0.8659,86.59,Critical Risk,1
CUST00004758,0.0,0.0,Low Risk,0
CUST00004759,0.0,0.0,Low Risk,0
CUST00004760,0.0,0.0,Low Risk,0
CUST00004761,0.0,0.0,Low Risk,0
CUST00004762,0.8659,86.59,Critical Risk,1
CUST00004763,0.3568,35.68,Medium Risk,0
CUST00004764,0.8659,86.59,Critical Risk,1
CUST00004765,0.0,0.0,Low Risk,0
CUST00004766,0.6914,69.14,High Risk,1
CUST00004767,0.0,0.0,Low Risk,0
CUST00004768,0.0,0.0,Low Risk,0
CUST00004769,0.4369,43.69,Medium Risk,0
CUST00004770,0.0,0.0,Low Risk,0
CUST00004771,0.0,0.0,Low Risk,0
CUST00004772,0.0,0.0,Low Risk,0
CUST00004773,0.0,0.0,Low Risk,0
CUST00004774,0.4369,43.69,Medium Risk,0
CUST00004775,0.0,0.0,Low Risk,0
CUST00004776,0.0,0.0,Low Risk,0
CUST00004777,0.0,0.0,Low Risk,0
CUST00004778,0.5362,53.62,High Risk,1
CUST00004779,0.6914,69.14,High Risk,1
CUST00004780,0.0,0.0,Low Risk,0
CUST00004781,0.8659,86.59,Critical Risk,1
CUST00004782,0.0,0.0,Low Risk,0
CUST00004783,0.0,0.0,Low Risk,0
CUST00004784,0.0,0.0,Low Risk,0
CUST00004785,0.0,0.0,Low Risk,0
CUST00004786,0.0,0.0,Low Risk,0
CUST00004787,0.0,0.0,Low Risk,0
CUST00004788,0.3037,30.37,Medium Risk,0
CUST00004789,0.6914,69.14,High Risk,1
CUST00004790,0.0,0.0,Low Risk,0
CUST00004791,0.0,0.0,Low Risk,0
CUST00004792,0.8659,86.59,Critical Risk,1
CUST00004793,0.4369,43.69,Medium Risk,0
CUST00004794,0.4369,43.69,Medium Risk,0
CUST00004795,0.0,0.0,Low Risk,0
CUST00004796,0.6138,61.38,High Risk,1
CUST00004797,0.8659,86.59,Critical Risk,1
CUST00004798,0.8659,86.59,Critical Risk,1
CUST00004799,0.8659,86.59,Critical Risk,1
CUST00004800,0.8659,86.59,Critical Risk,1
CUST00004801,0.0,0.0,Low Risk,0
CUST00004802,0.359,35.9,Medium Risk,0
CUST00004803,0.0,0.0,Low Risk,0
CUST00004804,0.3568,35.68,Medium Risk,0
CUST00004805,0.0,0.0,Low Risk,0
CUST00004806,0.6793,67.93,High Risk,1
CUST00004807,0.0,0.0,Low Risk,0
CUST00004808,0.0,0.0,Low Risk,0
CUST00004809,0.6793,67.93,High Risk,1
CUST00004810,0.4369,43.69,Medium Risk,0
CUST00004811,0.0,0.0,Low Risk,0
CUST00004812,0.0,0.0,Low Risk,0
CUST00004813,0.6138,61.38,High Risk,1
CUST00004814,0.0,0.0,Low Risk,0
CUST00004815,0.6793,67.93,High Risk,1
CUST00004816,0.5362,53.62,High Risk,1
CUST00004817,0.0,0.0,Low Risk,0
CUST00004818,0.3037,30.37,Medium Risk,0
CUST00004819,0.0,0.0,Low Risk,0
CUST00004820,0.0,0.0,Low Risk,0
CUST00004821,0.8659,86.59,Critical Risk,1
CUST00004822,0.6914,69.14,High Risk,1
CUST00004823,0.1,10.0,Low Risk,0
CUST00004824,0.0,0.0,Low Risk,0
CUST00004825,0.0,0.0,Low Risk,0
CUST00004826,0.8659,86.59,Critical Risk,1
CUST00004827,0.0,0.0,Low Risk,0
CUST00004828,0.0,0.0,Low Risk,0
CUST00004829,0.0,0.0,Low Risk,0
CUST00004830,0.359,35.9,Medium Risk,0
CUST00004831,0.0,0.0,Low Risk,0
CUST00004832,0.0,0.0,Low Risk,0
CUST00004833,0.0,0.0,Low Risk,0
CUST00004834,0.8659,86.59,Critical Risk,1
CUST00004835,0.0,0.0,Low Risk,0
CUST00004836,0.5362,53.62,High Risk,1
CUST00004837,0.0,0.0,Low Risk,0
CUST00004838,0.0,0.0,Low Risk,0
CUST00004839,0.0,0.0,Low Risk,0
CUST00004840,0.0,0.0,Low Risk,0
CUST00004841,0.0,0.0,Low Risk,0
CUST00004842,0.8659,86.59,Critical Risk,1
CUST00004843,0.0,0.0,Low Risk,0
CUST00004844,0.0,0.0,Low Risk,0
CUST00004845,0.0,0.0,Low Risk,0
CUST00004846,0.0,0.0,Low Risk,0
CUST00004847,0.8659,86.59,Critical Risk,1
CUST00004848,0.0,0.0,Low Risk,0
CUST00004849,0.0,0.0,Low Risk,0
CUST00004850,0.0,0.0,Low Risk,0
CUST00004851,0.0,0.0,Low Risk,0
CUST00004852,0.0,0.0,Low Risk,0
CUST00004853,0.0,0.0,Low Risk,0
CUST00004854,0.6914,69.14,High Risk,1
CUST00004855,0.8659,86.59,Critical Risk,1
CUST00004856,0.3037,30.37,Medium Risk,0
CUST00004857,0.0,0.0,Low Risk,0
CUST00004858,0.0,0.0,Low Risk,0
CUST00004859,0.0,0.0,Low Risk,0
CUST00004860,0.0,0.0,Low Risk,0
CUST00004861,0.0,0.0,Low Risk,0
CUST00004862,0.0,0.0,Low Risk,0
CUST00004863,0.4369,43.69,Medium Risk,0
CUST00004864,0.0,0.0,Low Risk,0
CUST00004865,0.5362,53.62,High Risk,1
CUST00004866,0.0,0.0,Low Risk,0
CUST00004867,0.8659,86.59,Critical Risk,1
CUST00004868,0.0,0.0,Low Risk,0
CUST00004869,0.8659,86.59,Critical Risk,1
CUST00004870,0.8659,86.59,Critical Risk,1
CUST00004871,0.359,35.9,Medium Risk,0
CUST00004872,0.0,0.0,Low Risk,0
CUST00004873,0.0,0.0,Low Risk,0
CUST00004874,0.5362,53.62,High Risk,1
CUST00004875,0.0,0.0,Low Risk,0
CUST00004876,0.6138,61.38,High Risk,1
CUST00004877,0.6138,61.38,High Risk,1
CUST00004878,0.0,0.0,Low Risk,0
CUST00004879,0.5362,53.62,High Risk,1
CUST00004880,0.0,0.0,Low Risk,0
CUST00004881,0.6793,67.93,High Risk,1
CUST00004882,0.8659,86.59,Critical Risk,1
CUST00004883,0.8659,86.59,Critical Risk,1
CUST00004884,0.0,0.0,Low Risk,0
CUST00004885,0.0,0.0,Low Risk,0
CUST00004886,0.6793,67.93,High Risk,1
CUST00004887,0.6138,61.38,High Risk,1
CUST00004888,0.0,0.0,Low Risk,0
CUST00004889,0.0,0.0,Low Risk,0
CUST00004890,0.0,0.0,Low Risk,0
CUST00004891,0.0,0.0,Low Risk,0
CUST00004892,0.0,0.0,Low Risk,0
CUST00004893,0.0,0.0,Low Risk,0
CUST00004894,0.0,0.0,Low Risk,0
CUST00004895,0.0,0.0,Low Risk,0
CUST00004896,0.8659,86.59,Critical Risk,1
CUST00004897,0.4369,43.69,Medium Risk,0
CUST00004898,0.0,0.0,Low Risk,0
CUST00004899,0.8659,86.59,Critical Risk,1
CUST00004900,0.4369,43.69,Medium Risk,0
CUST00004901,0.0,0.0,Low Risk,0
CUST00004902,0.0,0.0,Low Risk,0
CUST00004903,0.0,0.0,Low Risk,0
CUST00004904,0.0,0.0,Low Risk,0
CUST00004905,0.3037,30.37,Medium Risk,0
CUST00004906,0.6914,69.14,High Risk,1
CUST00004907,0.0,0.0,Low Risk,0
CUST00004908,0.3037,30.37,Medium Risk,0
CUST00004909,0.8659,86.59,Critical Risk,1
CUST00004910,0.6793,67.93,High Risk,1
CUST00004911,0.359,35.9,Medium Risk,0
CUST00004912,0.8659,86.59,Critical Risk,1
CUST00004913,0.0,0.0,Low Risk,0
CUST00004914,0.0,0.0,Low Risk,0
CUST00004915,0.0,0.0,Low Risk,0
CUST00004916,0.0,0.0,Low Risk,0
CUST00004917,0.8659,86.59,Critical Risk,1
CUST00004918,0.0,0.0,Low Risk,0
CUST00004919,0.4369,43.69,Medium Risk,0
CUST00004920,0.6138,61.38,High Risk,1
CUST00004921,0.8659,86.59,Critical Risk,1
CUST00004922,0.0,0.0,Low Risk,0
CUST00004923,0.0,0.0,Low Risk,0
CUST00004924,0.5362,53.62,High Risk,1
CUST00004925,0.8659,86.59,Critical Risk,1
CUST00004926,0.5362,53.62,High Risk,1
CUST00004927,0.5362,53.62,High Risk,1
CUST00004928,0.8659,86.59,Critical Risk,1
CUST00004929,0.0,0.0,Low Risk,0
CUST00004930,0.8659,86.59,Critical Risk,1
CUST00004931,0.6793,67.93,High Risk,1
CUST00004932,0.6138,61.38,High Risk,1
CUST00004933,0.6793,67.93,High Risk,1
CUST00004934,0.8659,86.59,Critical Risk,1
CUST00004935,0.6914,69.14,High Risk,1
CUST00004936,0.0,0.0,Low Risk,0
CUST00004937,0.0,0.0,Low Risk,0
CUST00004938,0.4369,43.69,Medium Risk,0
CUST00004939,0.8659,86.59,Critical Risk,1
CUST00004940,0.8659,86.59,Critical Risk,1
CUST00004941,0.0,0.0,Low Risk,0
CUST00004942,0.4369,43.69,Medium Risk,0
CUST00004943,0.6138,61.38,High Risk,1
CUST00004944,0.6138,61.38,High Risk,1
CUST00004945,0.6138,61.38,High Risk,1
CUST00004946,0.0,0.0,Low Risk,0
CUST00004947,0.0,0.0,Low Risk,0
CUST00004948,0.8659,86.59,Critical Risk,1
CUST00004949,0.0,0.0,Low Risk,0
CUST00004950,0.0,0.0,Low Risk,0
CUST00004951,0.0,0.0,Low Risk,0
CUST00004952,0.0,0.0,Low Risk,0
CUST00004953,0.0,0.0,Low Risk,0
CUST00004954,0.0,0.0,Low Risk,0
CUST00004955,0.0,0.0,Low Risk,0
CUST00004956,0.0,0.0,Low Risk,0
CUST00004957,0.4369,43.69,Medium Risk,0
CUST00004958,0.4369,43.69,Medium Risk,0
CUST00004959,0.8659,86.59,Critical Risk,1
CUST00004960,0.0,0.0,Low Risk,0
CUST00004961,0.6793,67.93,High Risk,1
CUST00004962,0.359,35.9,Medium Risk,0
CUST00004963,0.6914,69.14,High Risk,1
CUST00004964,0.4369,43.69,Medium Risk,0
CUST00004965,0.0,0.0,Low Risk,0
CUST00004966,0.1,10.0,Low Risk,0
CUST00004967,0.4369,43.69,Medium Risk,0
CUST00004968,0.8659,86.59,Critical Risk,1
CUST00004969,0.8659,86.59,Critical Risk,1
CUST00004970,0.6914,69.14,High Risk,1
CUST00004971,0.0,0.0,Low Risk,0
CUST00004972,0.0,0.0,Low Risk,0
CUST00004973,0.0,0.0,Low Risk,0
CUST00004974,0.3568,35.68,Medium Risk,0
CUST00004975,0.0,0.0,Low Risk,0
CUST00004976,0.5362,53.62,High Risk,1
CUST00004977,0.8659,86.59,Critical Risk,1
CUST00004978,0.0,0.0,Low Risk,0
CUST00004979,0.0,0.0,Low Risk,0
CUST00004980,0.8659,86.59,Critical Risk,1
CUST00004981,0.0,0.0,Low Risk,0
CUST00004982,0.0,0.0,Low Risk,0
CUST00004983,0.0,0.0,Low Risk,0
CUST00004984,0.6793,67.93,High Risk,1
CUST00004985,0.0,0.0,Low Risk,0
CUST00004986,0.0,0.0,Low Risk,0
CUST00004987,0.6914,69.14,High Risk,1
CUST00004988,0.0,0.0,Low Risk,0
CUST00004989,0.0,0.0,Low Risk,0
CUST00004990,0.0,0.0,Low Risk,0
CUST00004991,0.0,0.0,Low Risk,0
CUST00004992,0.0,0.0,Low Risk,0
CUST00004993,0.6138,61.38,High Risk,1
CUST00004994,0.0,0.0,Low Risk,0
CUST00004995,0.6138,61.38,High Risk,1
CUST00004996,0.0,0.0,Low Risk,0
CUST00004997,0.8659,86.59,Critical Risk,1
CUST00004998,0.0,0.0,Low Risk,0
CUST00004999,0.4369,43.69,Medium Risk,0
CUST00005000,0.6793,67.93,High Risk,1
CUST00005001,0.6138,61.38,High Risk,1
CUST00005002,0.0,0.0,Low Risk,0
CUST00005003,0.0,0.0,Low Risk,0
CUST00005004,0.4369,43.69,Medium Risk,0
CUST00005005,0.8659,86.59,Critical Risk,1
CUST00005006,0.359,35.9,Medium Risk,0
CUST00005007,0.0,0.0,Low Risk,0
CUST00005008,0.0,0.0,Low Risk,0
CUST00005009,0.0,0.0,Low Risk,0
CUST00005010,0.0,0.0,Low Risk,0
CUST00005011,0.0,0.0,Low Risk,0
CUST00005012,0.0,0.0,Low Risk,0
CUST00005013,0.6793,67.93,High Risk,1
CUST00005014,0.6914,69.14,High Risk,1
CUST00005015,0.8659,86.59,Critical Risk,1
CUST00005016,0.0,0.0,Low Risk,0
CUST00005017,0.0,0.0,Low Risk,0
CUST00005018,0.6793,67.93,High Risk,1
CUST00005019,0.0,0.0,Low Risk,0
CUST00005020,0.0,0.0,Low Risk,0
CUST00005021,0.8659,86.59,Critical Risk,1
CUST00005022,0.8659,86.59,Critical Risk,1
CUST00005023,0.0,0.0,Low Risk,0
CUST00005024,0.0,0.0,Low Risk,0
CUST00005025,0.0,0.0,Low Risk,0
CUST00005026,0.3037,30.37,Medium Risk,0
CUST00005027,0.0,0.0,Low Risk,0
CUST00005028,0.6914,69.14,High Risk,1
CUST00005029,0.1,10.0,Low Risk,0
CUST00005030,0.0,0.0,Low Risk,0
CUST00005031,0.4369,43.69,Medium Risk,0
CUST00005032,0.4369,43.69,Medium Risk,0
CUST00005033,0.0,0.0,Low Risk,0
CUST00005034,0.6793,67.93,High Risk,1
CUST00005035,0.0,0.0,Low Risk,0
CUST00005036,0.0,0.0,Low Risk,0
CUST00005037,0.6793,67.93,High Risk,1
CUST00005038,0.8659,86.59,Critical Risk,1
CUST00005039,0.0,0.0,Low Risk,0
CUST00005040,0.8659,86.59,Critical Risk,1
CUST00005041,0.4369,43.69,Medium Risk,0
CUST00005042,0.8659,86.59,Critical Risk,1
CUST00005043,0.0,0.0,Low Risk,0
CUST00005044,0.8659,86.59,Critical Risk,1
CUST00005045,0.4369,43.69,Medium Risk,0
CUST00005046,0.0,0.0,Low Risk,0
CUST00005047,0.0,0.0,Low Risk,0
CUST00005048,0.8659,86.59,Critical Risk,1
CUST00005049,0.0,0.0,Low Risk,0
CUST00005050,0.6793,67.93,High Risk,1
CUST00005051,0.0,0.0,Low Risk,0
CUST00005052,0.0,0.0,Low Risk,0
CUST00005053,0.0,0.0,Low Risk,0
CUST00005054,0.4369,43.69,Medium Risk,0
CUST00005055,0.0,0.0,Low Risk,0
CUST00005056,0.6914,69.14,High Risk,1
CUST00005057,0.8659,86.59,Critical Risk,1
CUST00005058,0.8659,86.59,Critical Risk,1
CUST00005059,0.8659,86.59,Critical Risk,1
CUST00005060,0.6914,69.14,High Risk,1
CUST00005061,0.6793,67.93,High Risk,1
CUST00005062,0.6793,67.93,High Risk,1
CUST00005063,0.0,0.0,Low Risk,0
CUST00005064,0.0,0.0,Low Risk,0
CUST00005065,0.6793,67.93,High Risk,1
CUST00005066,0.8659,86.59,Critical Risk,1
CUST00005067,0.1,10.0,Low Risk,0
CUST00005068,0.8659,86.59,Critical Risk,1
CUST00005069,0.0,0.0,Low Risk,0
CUST00005070,0.4369,43.69,Medium Risk,0
CUST00005071,0.0,0.0,Low Risk,0
CUST00005072,0.0,0.0,Low Risk,0
CUST00005073,0.0,0.0,Low Risk,0
CUST00005074,0.6138,61.38,High Risk,1
CUST00005075,0.0,0.0,Low Risk,0
CUST00005076,0.4369,43.69,Medium Risk,0
CUST00005077,0.0,0.0,Low Risk,0
CUST00005078,0.0,0.0,Low Risk,0
CUST00005079,0.0,0.0,Low Risk,0
CUST00005080,0.3037,30.37,Medium Risk,0
CUST00005081,0.6793,67.93,High Risk,1
CUST00005082,0.0,0.0,Low Risk,0
CUST00005083,0.0,0.0,Low Risk,0
CUST00005084,0.0,0.0,Low Risk,0
CUST00005085,0.8659,86.59,Critical Risk,1
CUST00005086,0.0,0.0,Low Risk,0
CUST00005087,0.8659,86.59,Critical Risk,1
CUST00005088,0.4369,43.69,Medium Risk,0
CUST00005089,0.8659,86.59,Critical Risk,1
CUST00005090,0.8659,86.59,Critical Risk,1
CUST00005091,0.0,0.0,Low Risk,0
CUST00005092,0.8659,86.59,Critical Risk,1
CUST00005093,0.6914,69.14,High Risk,1
CUST00005094,0.5362,53.62,High Risk,1
CUST00005095,0.0,0.0,Low Risk,0
CUST00005096,0.8659,86.59,Critical Risk,1
CUST00005097,0.0,0.0,Low Risk,0
CUST00005098,0.0,0.0,Low Risk,0
CUST00005099,0.0,0.0,Low Risk,0
CUST00005100,0.0,0.0,Low Risk,0
CUST00005101,0.0,0.0,Low Risk,0
CUST00005102,0.0,0.0,Low Risk,0
CUST00005103,0.0,0.0,Low Risk,0
CUST00005104,0.0,0.0,Low Risk,0
CUST00005105,0.8659,86.59,Critical Risk,1
CUST00005106,0.0,0.0,Low Risk,0
CUST00005107,0.3037,30.37,Medium Risk,0
CUST00005108,0.0,0.0,Low Risk,0
CUST00005109,0.0,0.0,Low Risk,0
CUST00005110,0.8659,86.59,Critical Risk,1
CUST00005111,0.5362,53.62,High Risk,1
CUST00005112,0.0,0.0,Low Risk,0
CUST00005113,0.0,0.0,Low Risk,0
CUST00005114,0.0,0.0,Low Risk,0
CUST00005115,0.3568,35.68,Medium Risk,0
CUST00005116,0.4369,43.69,Medium Risk,0
CUST00005117,0.0,0.0,Low Risk,0
CUST00005118,0.0,0.0,Low Risk,0
CUST00005119,0.1,10.0,Low Risk,0
CUST00005120,0.0,0.0,Low Risk,0
CUST00005121,0.6793,67.93,High Risk,1
CUST00005122,0.1,10.0,Low Risk,0
CUST00005123,0.8659,86.59,Critical Risk,1
CUST00005124,0.359,35.9,Medium Risk,0
CUST00005125,0.0,0.0,Low Risk,0
CUST00005126,0.0,0.0,Low Risk,0
CUST00005127,0.0,0.0,Low Risk,0
CUST00005128,0.0,0.0,Low Risk,0
CUST00005129,0.0,0.0,Low Risk,0
CUST00005130,0.0,0.0,Low Risk,0
CUST00005131,0.3568,35.68,Medium Risk,0
CUST00005132,0.6914,69.14,High Risk,1
CUST00005133,0.0,0.0,Low Risk,0
CUST00005134,0.0,0.0,Low Risk,0
CUST00005135,0.0,0.0,Low Risk,0
CUST00005136,0.0,0.0,Low Risk,0
CUST00005137,0.6914,69.14,High Risk,1
CUST00005138,0.0,0.0,Low Risk,0
CUST00005139,0.0,0.0,Low Risk,0
CUST00005140,0.0,0.0,Low Risk,0
CUST00005141,0.0,0.0,Low Risk,0
CUST00005142,0.0,0.0,Low Risk,0
CUST00005143,0.0,0.0,Low Risk,0
CUST00005144,0.3568,35.68,Medium Risk,0
CUST00005145,0.0,0.0,Low Risk,0
CUST00005146,0.8659,86.59,Critical Risk,1
CUST00005147,0.6793,67.93,High Risk,1
CUST00005148,0.4369,43.69,Medium Risk,0
CUST00005149,0.0,0.0,Low Risk,0
CUST00005150,0.0,0.0,Low Risk,0
CUST00005151,0.8659,86.59,Critical Risk,1
CUST00005152,0.0,0.0,Low Risk,0
CUST00005153,0.0,0.0,Low Risk,0
CUST00005154,0.8659,86.59,Critical Risk,1
CUST00005155,0.8659,86.59,Critical Risk,1
CUST00005156,0.0,0.0,Low Risk,0
CUST00005157,0.3568,35.68,Medium Risk,0
CUST00005158,0.0,0.0,Low Risk,0
CUST00005159,0.0,0.0,Low Risk,0
CUST00005160,0.4369,43.69,Medium Risk,0
CUST00005161,0.8659,86.59,Critical Risk,1
CUST00005162,0.8659,86.59,Critical Risk,1
CUST00005163,0.8659,86.59,Critical Risk,1
CUST00005164,0.0,0.0,Low Risk,0
CUST00005165,0.5362,53.62,High Risk,1
CUST00005166,0.0,0.0,Low Risk,0
CUST00005167,0.8659,86.59,Critical Risk,1
CUST00005168,0.0,0.0,Low Risk,0
CUST00005169,0.0,0.0,Low Risk,0
CUST00005170,0.3037,30.37,Medium Risk,0
CUST00005171,0.0,0.0,Low Risk,0
CUST00005172,0.8659,86.59,Critical Risk,1
CUST00005173,0.8659,86.59,Critical Risk,1
CUST00005174,0.0,0.0,Low Risk,0
CUST00005175,0.0,0.0,Low Risk,0
CUST00005176,0.8659,86.59,Critical Risk,1
CUST00005177,0.8659,86.59,Critical Risk,1
CUST00005178,0.6793,67.93,High Risk,1
CUST00005179,0.8659,86.59,Critical Risk,1
CUST00005180,0.0,0.0,Low Risk,0
CUST00005181,0.0,0.0,Low Risk,0
CUST00005182,0.0,0.0,Low Risk,0
CUST00005183,0.0,0.0,Low Risk,0
CUST00005184,0.0,0.0,Low Risk,0
CUST00005185,0.6914,69.14,High Risk,1
CUST00005186,0.0,0.0,Low Risk,0
CUST00005187,0.0,0.0,Low Risk,0
CUST00005188,0.4369,43.69,Medium Risk,0
CUST00005189,0.0,0.0,Low Risk,0
CUST00005190,0.0,0.0,Low Risk,0
CUST00005191,0.8659,86.59,Critical Risk,1
CUST00005192,0.0,0.0,Low Risk,0
CUST00005193,0.8659,86.59,Critical Risk,1
CUST00005194,0.8659,86.59,Critical Risk,1
CUST00005195,0.0,0.0,Low Risk,0
CUST00005196,0.0,0.0,Low Risk,0
CUST00005197,0.0,0.0,Low Risk,0
CUST00005198,0.4369,43.69,Medium Risk,0
CUST00005199,0.0,0.0,Low Risk,0
CUST00005200,0.0,0.0,Low Risk,0
CUST00005201,0.8659,86.59,Critical Risk,1
CUST00005202,0.3037,30.37,Medium Risk,0
CUST00005203,0.5362,53.62,High Risk,1
CUST00005204,0.0,0.0,Low Risk,0
CUST00005205,0.0,0.0,Low Risk,0
CUST00005206,0.6793,67.93,High Risk,1
CUST00005207,0.8659,86.59,Critical Risk,1
CUST00005208,0.3568,35.68,Medium Risk,0
CUST00005209,0.8659,86.59,Critical Risk,1
CUST00005210,0.4369,43.69,Medium Risk,0
CUST00005211,0.4369,43.69,Medium Risk,0
CUST00005212,0.0,0.0,Low Risk,0
CUST00005213,0.0,0.0,Low Risk,0
CUST00005214,0.8659,86.59,Critical Risk,1
CUST00005215,0.6793,67.93,High Risk,1
CUST00005216,0.0,0.0,Low Risk,0
CUST00005217,0.0,0.0,Low Risk,0
CUST00005218,0.0,0.0,Low Risk,0
CUST00005219,0.0,0.0,Low Risk,0
CUST00005220,0.0,0.0,Low Risk,0
CUST00005221,0.0,0.0,Low Risk,0
CUST00005222,0.0,0.0,Low Risk,0
CUST00005223,0.6793,67.93,High Risk,1
CUST00005224,0.0,0.0,Low Risk,0
CUST00005225,0.6793,67.93,High Risk,1
CUST00005226,0.0,0.0,Low Risk,0
CUST00005227,0.0,0.0,Low Risk,0
CUST00005228,0.0,0.0,Low Risk,0
CUST00005229,0.0,0.0,Low Risk,0
CUST00005230,0.8659,86.59,Critical Risk,1
CUST00005231,0.0,0.0,Low Risk,0
CUST00005232,0.6138,61.38,High Risk,1
CUST00005233,0.0,0.0,Low Risk,0
CUST00005234,0.0,0.0,Low Risk,0
CUST00005235,0.0,0.0,Low Risk,0
CUST00005236,0.8659,86.59,Critical Risk,1
CUST00005237,0.0,0.0,Low Risk,0
CUST00005238,0.6914,69.14,High Risk,1
CUST00005239,0.0,0.0,Low Risk,0
CUST00005240,0.8659,86.59,Critical Risk,1
CUST00005241,0.6793,67.93,High Risk,1
CUST00005242,0.8659,86.59,Critical Risk,1
CUST00005243,0.4369,43.69,Medium Risk,0
CUST00005244,0.0,0.0,Low Risk,0
CUST00005245,0.1,10.0,Low Risk,0
CUST00005246,0.0,0.0,Low Risk,0
CUST00005247,0.8659,86.59,Critical Risk,1
CUST00005248,0.6138,61.38,High Risk,1
CUST00005249,0.0,0.0,Low Risk,0
CUST00005250,0.8659,86.59,Critical Risk,1
CUST00005251,0.8659,86.59,Critical Risk,1
CUST00005252,0.0,0.0,Low Risk,0
CUST00005253,0.4369,43.69,Medium Risk,0
CUST00005254,0.359,35.9,Medium Risk,0
CUST00005255,0.4369,43.69,Medium Risk,0
CUST00005256,0.8659,86.59,Critical Risk,1
CUST00005257,0.0,0.0,Low Risk,0
CUST00005258,0.1,10.0,Low Risk,0
CUST00005259,0.6138,61.38,High Risk,1
CUST00005260,0.0,0.0,Low Risk,0
CUST00005261,0.8659,86.59,Critical Risk,1
CUST00005262,0.4369,43.69,Medium Risk,0
CUST00005263,0.8659,86.59,Critical Risk,1
CUST00005264,0.8659,86.59,Critical Risk,1
CUST00005265,0.0,0.0,Low Risk,0
CUST00005266,0.8659,86.59,Critical Risk,1
CUST00005267,0.8659,86.59,Critical Risk,1
CUST00005268,0.8659,86.59,Critical Risk,1
CUST00005269,0.0,0.0,Low Risk,0
CUST00005270,0.0,0.0,Low Risk,0
CUST00005271,0.4369,43.69,Medium Risk,0
CUST00005272,0.3568,35.68,Medium Risk,0
CUST00005273,0.6914,69.14,High Risk,1
CUST00005274,0.5362,53.62,High Risk,1
CUST00005275,0.4369,43.69,Medium Risk,0
CUST00005276,0.6138,61.38,High Risk,1
CUST00005277,0.6914,69.14,High Risk,1
CUST00005278,0.0,0.0,Low Risk,0
CUST00005279,0.0,0.0,Low Risk,0
CUST00005280,0.8659,86.59,Critical Risk,1
CUST00005281,0.0,0.0,Low Risk,0
CUST00005282,0.359,35.9,Medium Risk,0
CUST00005283,0.0,0.0,Low Risk,0
CUST00005284,0.6138,61.38,High Risk,1
CUST00005285,0.0,0.0,Low Risk,0
CUST00005286,0.0,0.0,Low Risk,0
CUST00005287,0.0,0.0,Low Risk,0
CUST00005288,0.0,0.0,Low Risk,0
CUST00005289,0.3037,30.37,Medium Risk,0
CUST00005290,0.8659,86.59,Critical Risk,1
CUST00005291,0.0,0.0,Low Risk,0
CUST00005292,0.0,0.0,Low Risk,0
CUST00005293,0.3568,35.68,Medium Risk,0
CUST00005294,0.4369,43.69,Medium Risk,0
CUST00005295,0.0,0.0,Low Risk,0
CUST00005296,0.6793,67.93,High Risk,1
CUST00005297,0.0,0.0,Low Risk,0
CUST00005298,0.0,0.0,Low Risk,0
CUST00005299,0.1,10.0,Low Risk,0
CUST00005300,0.8659,86.59,Critical Risk,1
CUST00005301,0.0,0.0,Low Risk,0
CUST00005302,0.5362,53.62,High Risk,1
CUST00005303,0.0,0.0,Low Risk,0
CUST00005304,0.4369,43.69,Medium Risk,0
CUST00005305,0.0,0.0,Low Risk,0
CUST00005306,0.8659,86.59,Critical Risk,1
CUST00005307,0.0,0.0,Low Risk,0
CUST00005308,0.0,0.0,Low Risk,0
CUST00005309,0.0,0.0,Low Risk,0
CUST00005310,0.0,0.0,Low Risk,0
CUST00005311,0.0,0.0,Low Risk,0
CUST00005312,0.8659,86.59,Critical Risk,1
CUST00005313,0.0,0.0,Low Risk,0
CUST00005314,0.0,0.0,Low Risk,0
CUST00005315,0.6793,67.93,High Risk,1
CUST00005316,0.8659,86.59,Critical Risk,1
CUST00005317,0.6138,61.38,High Risk,1
CUST00005318,0.0,0.0,Low Risk,0
CUST00005319,0.0,0.0,Low Risk,0
CUST00005320,0.8659,86.59,Critical Risk,1
CUST00005321,0.0,0.0,Low Risk,0
CUST00005322,0.0,0.0,Low Risk,0
CUST00005323,0.0,0.0,Low Risk,0
CUST00005324,0.0,0.0,Low Risk,0
CUST00005325,0.4369,43.69,Medium Risk,0
CUST00005326,0.6793,67.93,High Risk,1
CUST00005327,0.6914,69.14,High Risk,1
CUST00005328,0.8659,86.59,Critical Risk,1
CUST00005329,0.8659,86.59,Critical Risk,1
CUST00005330,0.6793,67.93,High Risk,1
CUST00005331,0.0,0.0,Low Risk,0
CUST00005332,0.0,0.0,Low Risk,0
CUST00005333,0.0,0.0,Low Risk,0
CUST00005334,0.0,0.0,Low Risk,0
CUST00005335,0.8659,86.59,Critical Risk,1
CUST00005336,0.0,0.0,Low Risk,0
CUST00005337,0.6793,67.93,High Risk,1
CUST00005338,0.0,0.0,Low Risk,0
CUST00005339,0.0,0.0,Low Risk,0
CUST00005340,0.0,0.0,Low Risk,0
CUST00005341,0.0,0.0,Low Risk,0
CUST00005342,0.0,0.0,Low Risk,0
CUST00005343,0.8659,86.59,Critical Risk,1
CUST00005344,0.5362,53.62,High Risk,1
CUST00005345,0.4369,43.69,Medium Risk,0
CUST00005346,0.0,0.0,Low Risk,0
CUST00005347,0.8659,86.59,Critical Risk,1
CUST00005348,0.8659,86.59,Critical Risk,1
CUST00005349,0.0,0.0,Low Risk,0
CUST00005350,0.359,35.9,Medium Risk,0
CUST00005351,0.0,0.0,Low Risk,0
CUST00005352,0.0,0.0,Low Risk,0
CUST00005353,0.6793,67.93,High Risk,1
CUST00005354,0.6914,69.14,High Risk,1
CUST00005355,0.0,0.0,Low Risk,0
CUST00005356,0.8659,86.59,Critical Risk,1
CUST00005357,0.0,0.0,Low Risk,0
CUST00005358,0.0,0.0,Low Risk,0
CUST00005359,0.0,0.0,Low Risk,0
CUST00005360,0.0,0.0,Low Risk,0
CUST00005361,0.8659,86.59,Critical Risk,1
CUST00005362,0.0,0.0,Low Risk,0
CUST00005363,0.8659,86.59,Critical Risk,1
CUST00005364,0.0,0.0,Low Risk,0
CUST00005365,0.0,0.0,Low Risk,0
CUST00005366,0.6793,67.93,High Risk,1
CUST00005367,0.8659,86.59,Critical Risk,1
CUST00005368,0.8659,86.59,Critical Risk,1
CUST00005369,0.3037,30.37,Medium Risk,0
CUST00005370,0.6793,67.93,High Risk,1
CUST00005371,0.0,0.0,Low Risk,0
CUST00005372,0.0,0.0,Low Risk,0
CUST00005373,0.0,0.0,Low Risk,0
CUST00005374,0.8659,86.59,Critical Risk,1
CUST00005375,0.0,0.0,Low Risk,0
CUST00005376,0.0,0.0,Low Risk,0
CUST00005377,0.0,0.0,Low Risk,0
CUST00005378,0.0,0.0,Low Risk,0
CUST00005379,0.8659,86.59,Critical Risk,1
CUST00005380,0.0,0.0,Low Risk,0
CUST00005381,0.4369,43.69,Medium Risk,0
CUST00005382,0.3037,30.37,Medium Risk,0
CUST00005383,0.0,0.0,Low Risk,0
CUST00005384,0.8659,86.59,Critical Risk,1
CUST00005385,0.0,0.0,Low Risk,0
CUST00005386,0.6793,67.93,High Risk,1
CUST00005387,0.359,35.9,Medium Risk,0
CUST00005388,0.8659,86.59,Critical Risk,1
CUST00005389,0.0,0.0,Low Risk,0
CUST00005390,0.3568,35.68,Medium Risk,0
CUST00005391,0.8659,86.59,Critical Risk,1
CUST00005392,0.0,0.0,Low Risk,0
CUST00005393,0.5362,53.62,High Risk,1
CUST00005394,0.5362,53.62,High Risk,1
CUST00005395,0.6914,69.14,High Risk,1
CUST00005396,0.0,0.0,Low Risk,0
CUST00005397,0.8659,86.59,Critical Risk,1
CUST00005398,0.8659,86.59,Critical Risk,1
CUST00005399,0.8659,86.59,Critical Risk,1
CUST00005400,0.0,0.0,Low Risk,0
CUST00005401,0.8659,86.59,Critical Risk,1
CUST00005402,0.6138,61.38,High Risk,1
CUST00005403,0.0,0.0,Low Risk,0
CUST00005404,0.0,0.0,Low Risk,0
CUST00005405,0.4369,43.69,Medium Risk,0
CUST00005406,0.0,0.0,Low Risk,0
CUST00005407,0.0,0.0,Low Risk,0
CUST00005408,0.0,0.0,Low Risk,0
CUST00005409,0.0,0.0,Low Risk,0
CUST00005410,0.0,0.0,Low Risk,0
CUST00005411,0.4369,43.69,Medium Risk,0
CUST00005412,0.8659,86.59,Critical Risk,1
CUST00005413,0.0,0.0,Low Risk,0
CUST00005414,0.6138,61.38,High Risk,1
CUST00005415,0.0,0.0,Low Risk,0
CUST00005416,0.0,0.0,Low Risk,0
CUST00005417,0.3568,35.68,Medium Risk,0
CUST00005418,0.8659,86.59,Critical Risk,1
CUST00005419,0.0,0.0,Low Risk,0
CUST00005420,0.0,0.0,Low Risk,0
CUST00005421,0.0,0.0,Low Risk,0
CUST00005422,0.0,0.0,Low Risk,0
CUST00005423,0.359,35.9,Medium Risk,0
CUST00005424,0.0,0.0,Low Risk,0
CUST00005425,0.0,0.0,Low Risk,0
CUST00005426,0.359,35.9,Medium Risk,0
CUST00005427,0.3037,30.37,Medium Risk,0
CUST00005428,0.6793,67.93,High Risk,1
CUST00005429,0.0,0.0,Low Risk,0
CUST00005430,0.8659,86.59,Critical Risk,1
CUST00005431,0.0,0.0,Low Risk,0
CUST00005432,0.3037,30.37,Medium Risk,0
CUST00005433,0.8659,86.59,Critical Risk,1
CUST00005434,0.0,0.0,Low Risk,0
CUST00005435,0.6793,67.93,High Risk,1
CUST00005436,0.0,0.0,Low Risk,0
CUST00005437,0.0,0.0,Low Risk,0
CUST00005438,0.0,0.0,Low Risk,0
CUST00005439,0.4369,43.69,Medium Risk,0
CUST00005440,0.0,0.0,Low Risk,0
CUST00005441,0.359,35.9,Medium Risk,0
CUST00005442,0.6793,67.93,High Risk,1
CUST00005443,0.8659,86.59,Critical Risk,1
CUST00005444,0.6138,61.38,High Risk,1
CUST00005445,0.0,0.0,Low Risk,0
CUST00005446,0.8659,86.59,Critical Risk,1
CUST00005447,0.0,0.0,Low Risk,0
CUST00005448,0.8659,86.59,Critical Risk,1
CUST00005449,0.0,0.0,Low Risk,0
CUST00005450,0.6793,67.93,High Risk,1
CUST00005451,0.0,0.0,Low Risk,0
CUST00005452,0.0,0.0,Low Risk,0
CUST00005453,0.8659,86.59,Critical Risk,1
CUST00005454,0.0,0.0,Low Risk,0
CUST00005455,0.6138,61.38,High Risk,1
CUST00005456,0.8659,86.59,Critical Risk,1
CUST00005457,0.0,0.0,Low Risk,0
CUST00005458,0.4369,43.69,Medium Risk,0
CUST00005459,0.4369,43.69,Medium Risk,0
CUST00005460,0.0,0.0,Low Risk,0
CUST00005461,0.0,0.0,Low Risk,0
CUST00005462,0.4369,43.69,Medium Risk,0
CUST00005463,0.4369,43.69,Medium Risk,0
CUST00005464,0.8659,86.59,Critical Risk,1
CUST00005465,0.0,0.0,Low Risk,0
CUST00005466,0.0,0.0,Low Risk,0
CUST00005467,0.0,0.0,Low Risk,0
CUST00005468,0.8659,86.59,Critical Risk,1
CUST00005469,0.8659,86.59,Critical Risk,1
CUST00005470,0.0,0.0,Low Risk,0
CUST00005471,0.6914,69.14,High Risk,1
CUST00005472,0.4369,43.69,Medium Risk,0
CUST00005473,0.6793,67.93,High Risk,1
CUST00005474,0.0,0.0,Low Risk,0
CUST00005475,0.0,0.0,Low Risk,0
CUST00005476,0.6138,61.38,High Risk,1
CUST00005477,0.6138,61.38,High Risk,1
CUST00005478,0.0,0.0,Low Risk,0
CUST00005479,0.0,0.0,Low Risk,0
CUST00005480,0.4369,43.69,Medium Risk,0
CUST00005481,0.0,0.0,Low Risk,0
CUST00005482,0.8659,86.59,Critical Risk,1
CUST00005483,0.0,0.0,Low Risk,0
CUST00005484,0.0,0.0,Low Risk,0
CUST00005485,0.3037,30.37,Medium Risk,0
CUST00005486,0.0,0.0,Low Risk,0
CUST00005487,0.0,0.0,Low Risk,0
CUST00005488,0.0,0.0,Low Risk,0
CUST00005489,0.8659,86.59,Critical Risk,1
CUST00005490,0.8659,86.59,Critical Risk,1
CUST00005491,0.8659,86.59,Critical Risk,1
CUST00005492,0.8659,86.59,Critical Risk,1
CUST00005493,0.8659,86.59,Critical Risk,1
CUST00005494,0.0,0.0,Low Risk,0
CUST00005495,0.8659,86.59,Critical Risk,1
CUST00005496,0.5362,53.62,High Risk,1
CUST00005497,0.0,0.0,Low Risk,0
CUST00005498,0.0,0.0,Low Risk,0
CUST00005499,0.4369,43.69,Medium Risk,0
CUST00005500,0.5362,53.62,High Risk,1
CUST00005501,0.0,0.0,Low Risk,0
CUST00005502,0.6793,67.93,High Risk,1
CUST00005503,0.0,0.0,Low Risk,0
CUST00005504,0.0,0.0,Low Risk,0
CUST00005505,0.0,0.0,Low Risk,0
CUST00005506,0.4369,43.69,Medium Risk,0
CUST00005507,0.0,0.0,Low Risk,0
CUST00005508,0.6793,67.93,High Risk,1
CUST00005509,0.0,0.0,Low Risk,0
CUST00005510,0.3037,30.37,Medium Risk,0
CUST00005511,0.8659,86.59,Critical Risk,1
CUST00005512,0.0,0.0,Low Risk,0
CUST00005513,0.0,0.0,Low Risk,0
CUST00005514,0.0,0.0,Low Risk,0
CUST00005515,0.0,0.0,Low Risk,0
CUST00005516,0.0,0.0,Low Risk,0
CUST00005517,0.0,0.0,Low Risk,0
CUST00005518,0.3037,30.37,Medium Risk,0
CUST00005519,0.0,0.0,Low Risk,0
CUST00005520,0.8659,86.59,Critical Risk,1
CUST00005521,0.8659,86.59,Critical Risk,1
CUST00005522,0.0,0.0,Low Risk,0
CUST00005523,0.0,0.0,Low Risk,0
CUST00005524,0.6793,67.93,High Risk,1
CUST00005525,0.5362,53.62,High Risk,1
CUST00005526,0.0,0.0,Low Risk,0
CUST00005527,0.8659,86.59,Critical Risk,1
CUST00005528,0.0,0.0,Low Risk,0
CUST00005529,0.0,0.0,Low Risk,0
CUST00005530,0.6793,67.93,High Risk,1
CUST00005531,0.6793,67.93,High Risk,1
CUST00005532,0.4369,43.69,Medium Risk,0
CUST00005533,0.0,0.0,Low Risk,0
CUST00005534,0.3568,35.68,Medium Risk,0
CUST00005535,0.8659,86.59,Critical Risk,1
CUST00005536,0.359,35.9,Medium Risk,0
CUST00005537,0.4369,43.69,Medium Risk,0
CUST00005538,0.4369,43.69,Medium Risk,0
CUST00005539,0.5362,53.62,High Risk,1
CUST00005540,0.0,0.0,Low Risk,0
CUST00005541,0.0,0.0,Low Risk,0
CUST00005542,0.8659,86.59,Critical Risk,1
CUST00005543,0.4369,43.69,Medium Risk,0
CUST00005544,0.0,0.0,Low Risk,0
CUST00005545,0.0,0.0,Low Risk,0
CUST00005546,0.0,0.0,Low Risk,0
CUST00005547,0.8659,86.59,Critical Risk,1
CUST00005548,0.0,0.0,Low Risk,0
CUST00005549,0.6793,67.93,High Risk,1
CUST00005550,0.0,0.0,Low Risk,0
CUST00005551,0.0,0.0,Low Risk,0
CUST00005552,0.0,0.0,Low Risk,0
CUST00005553,0.5362,53.62,High Risk,1
CUST00005554,0.0,0.0,Low Risk,0
CUST00005555,0.0,0.0,Low Risk,0
CUST00005556,0.6138,61.38,High Risk,1
CUST00005557,0.6793,67.93,High Risk,1
CUST00005558,0.0,0.0,Low Risk,0
CUST00005559,0.6138,61.38,High Risk,1
CUST00005560,0.0,0.0,Low Risk,0
CUST00005561,0.8659,86.59,Critical Risk,1
CUST00005562,0.0,0.0,Low Risk,0
CUST00005563,0.0,0.0,Low Risk,0
CUST00005564,0.8659,86.59,Critical Risk,1
CUST00005565,0.0,0.0,Low Risk,0
CUST00005566,0.8659,86.59,Critical Risk,1
CUST00005567,0.1,10.0,Low Risk,0
CUST00005568,0.6793,67.93,High Risk,1
CUST00005569,0.3037,30.37,Medium Risk,0
CUST00005570,0.8659,86.59,Critical Risk,1
CUST00005571,0.0,0.0,Low Risk,0
CUST00005572,0.5362,53.62,High Risk,1
CUST00005573,0.0,0.0,Low Risk,0
CUST00005574,0.0,0.0,Low Risk,0
CUST00005575,0.8659,86.59,Critical Risk,1
CUST00005576,0.8659,86.59,Critical Risk,1
CUST00005577,0.0,0.0,Low Risk,0
CUST00005578,0.0,0.0,Low Risk,0
CUST00005579,0.0,0.0,Low Risk,0
CUST00005580,0.0,0.0,Low Risk,0
CUST00005581,0.8659,86.59,Critical Risk,1
CUST00005582,0.0,0.0,Low Risk,0
CUST00005583,0.0,0.0,Low Risk,0
CUST00005584,0.0,0.0,Low Risk,0
CUST00005585,0.0,0.0,Low Risk,0
CUST00005586,0.0,0.0,Low Risk,0
CUST00005587,0.4369,43.69,Medium Risk,0
CUST00005588,0.3037,30.37,Medium Risk,0
CUST00005589,0.0,0.0,Low Risk,0
CUST00005590,0.0,0.0,Low Risk,0
CUST00005591,0.0,0.0,Low Risk,0
CUST00005592,0.0,0.0,Low Risk,0
CUST00005593,0.0,0.0,Low Risk,0
CUST00005594,0.8659,86.59,Critical Risk,1
CUST00005595,0.8659,86.59,Critical Risk,1
CUST00005596,0.3568,35.68,Medium Risk,0
CUST00005597,0.0,0.0,Low Risk,0
CUST00005598,0.0,0.0,Low Risk,0
CUST00005599,0.0,0.0,Low Risk,0
CUST00005600,0.6138,61.38,High Risk,1
CUST00005601,0.8659,86.59,Critical Risk,1
CUST00005602,0.0,0.0,Low Risk,0
CUST00005603,0.4369,43.69,Medium Risk,0
CUST00005604,0.6793,67.93,High Risk,1
CUST00005605,0.8659,86.59,Critical Risk,1
CUST00005606,0.0,0.0,Low Risk,0
CUST00005607,0.5362,53.62,High Risk,1
CUST00005608,0.0,0.0,Low Risk,0
CUST00005609,0.8659,86.59,Critical Risk,1
CUST00005610,0.4369,43.69,Medium Risk,0
CUST00005611,0.0,0.0,Low Risk,0
CUST00005612,0.8659,86.59,Critical Risk,1
CUST00005613,0.3568,35.68,Medium Risk,0
CUST00005614,0.6793,67.93,High Risk,1
CUST00005615,0.1,10.0,Low Risk,0
CUST00005616,0.5362,53.62,High Risk,1
CUST00005617,0.8659,86.59,Critical Risk,1
CUST00005618,0.0,0.0,Low Risk,0
CUST00005619,0.8659,86.59,Critical Risk,1
CUST00005620,0.8659,86.59,Critical Risk,1
CUST00005621,0.0,0.0,Low Risk,0
CUST00005622,0.6793,67.93,High Risk,1
CUST00005623,0.0,0.0,Low Risk,0
CUST00005624,0.4369,43.69,Medium Risk,0
CUST00005625,0.8659,86.59,Critical Risk,1
CUST00005626,0.8659,86.59,Critical Risk,1
CUST00005627,0.8659,86.59,Critical Risk,1
CUST00005628,0.0,0.0,Low Risk,0
CUST00005629,0.3037,30.37,Medium Risk,0
CUST00005630,0.0,0.0,Low Risk,0
CUST00005631,0.8659,86.59,Critical Risk,1
CUST00005632,0.8659,86.59,Critical Risk,1
CUST00005633,0.0,0.0,Low Risk,0
CUST00005634,0.3568,35.68,Medium Risk,0
CUST00005635,0.0,0.0,Low Risk,0
CUST00005636,0.0,0.0,Low Risk,0
CUST00005637,0.4369,43.69,Medium Risk,0
CUST00005638,0.8659,86.59,Critical Risk,1
CUST00005639,0.0,0.0,Low Risk,0
CUST00005640,0.0,0.0,Low Risk,0
CUST00005641,0.6914,69.14,High Risk,1
CUST00005642,0.0,0.0,Low Risk,0
CUST00005643,0.0,0.0,Low Risk,0
CUST00005644,0.0,0.0,Low Risk,0
CUST00005645,0.8659,86.59,Critical Risk,1
CUST00005646,0.8659,86.59,Critical Risk,1
CUST00005647,0.6138,61.38,High Risk,1
CUST00005648,0.4369,43.69,Medium Risk,0
CUST00005649,0.8659,86.59,Critical Risk,1
CUST00005650,0.6914,69.14,High Risk,1
CUST00005651,0.3037,30.37,Medium Risk,0
CUST00005652,0.6914,69.14,High Risk,1
CUST00005653,0.0,0.0,Low Risk,0
CUST00005654,0.0,0.0,Low Risk,0
CUST00005655,0.0,0.0,Low Risk,0
CUST00005656,0.0,0.0,Low Risk,0
CUST00005657,0.0,0.0,Low Risk,0
CUST00005658,0.0,0.0,Low Risk,0
CUST00005659,0.0,0.0,Low Risk,0
CUST00005660,0.0,0.0,Low Risk,0
CUST00005661,0.0,0.0,Low Risk,0
CUST00005662,0.0,0.0,Low Risk,0
CUST00005663,0.0,0.0,Low Risk,0
CUST00005664,0.0,0.0,Low Risk,0
CUST00005665,0.8659,86.59,Critical Risk,1
CUST00005666,0.0,0.0,Low Risk,0
CUST00005667,0.3037,30.37,Medium Risk,0
CUST00005668,0.4369,43.69,Medium Risk,0
CUST00005669,0.8659,86.59,Critical Risk,1
CUST00005670,0.0,0.0,Low Risk,0
CUST00005671,0.0,0.0,Low Risk,0
CUST00005672,0.359,35.9,Medium Risk,0
CUST00005673,0.0,0.0,Low Risk,0
CUST00005674,0.4369,43.69,Medium Risk,0
CUST00005675,0.8659,86.59,Critical Risk,1
CUST00005676,0.0,0.0,Low Risk,0
CUST00005677,0.6914,69.14,High Risk,1
CUST00005678,0.0,0.0,Low Risk,0
CUST00005679,0.0,0.0,Low Risk,0
CUST00005680,0.8659,86.59,Critical Risk,1
CUST00005681,0.0,0.0,Low Risk,0
CUST00005682,0.4369,43.69,Medium Risk,0
CUST00005683,0.8659,86.59,Critical Risk,1
CUST00005684,0.0,0.0,Low Risk,0
CUST00005685,0.0,0.0,Low Risk,0
CUST00005686,0.3568,35.68,Medium Risk,0
CUST00005687,0.3568,35.68,Medium Risk,0
CUST00005688,0.0,0.0,Low Risk,0
CUST00005689,0.6914,69.14,High Risk,1
CUST00005690,0.0,0.0,Low Risk,0
CUST00005691,0.8659,86.59,Critical Risk,1
CUST00005692,0.0,0.0,Low Risk,0
CUST00005693,0.0,0.0,Low Risk,0
CUST00005694,0.3568,35.68,Medium Risk,0
CUST00005695,0.8659,86.59,Critical Risk,1
CUST00005696,0.8659,86.59,Critical Risk,1
CUST00005697,0.8659,86.59,Critical Risk,1
CUST00005698,0.1,10.0,Low Risk,0
CUST00005699,0.5362,53.62,High Risk,1
CUST00005700,0.8659,86.59,Critical Risk,1
CUST00005701,0.0,0.0,Low Risk,0
CUST00005702,0.0,0.0,Low Risk,0
CUST00005703,0.4369,43.69,Medium Risk,0
CUST00005704,0.4369,43.69,Medium Risk,0
CUST00005705,0.8659,86.59,Critical Risk,1
CUST00005706,0.8659,86.59,Critical Risk,1
CUST00005707,0.0,0.0,Low Risk,0
CUST00005708,0.6793,67.93,High Risk,1
CUST00005709,0.0,0.0,Low Risk,0
CUST00005710,0.0,0.0,Low Risk,0
CUST00005711,0.0,0.0,Low Risk,0
CUST00005712,0.0,0.0,Low Risk,0
CUST00005713,0.359,35.9,Medium Risk,0
CUST00005714,0.6793,67.93,High Risk,1
CUST00005715,0.0,0.0,Low Risk,0
CUST00005716,0.0,0.0,Low Risk,0
CUST00005717,0.0,0.0,Low Risk,0
CUST00005718,0.8659,86.59,Critical Risk,1
CUST00005719,0.0,0.0,Low Risk,0
CUST00005720,0.0,0.0,Low Risk,0
CUST00005721,0.8659,86.59,Critical Risk,1
CUST00005722,0.0,0.0,Low Risk,0
CUST00005723,0.8659,86.59,Critical Risk,1
CUST00005724,0.0,0.0,Low Risk,0
CUST00005725,0.6914,69.14,High Risk,1
CUST00005726,0.4369,43.69,Medium Risk,0
CUST00005727,0.6793,67.93,High Risk,1
CUST00005728,0.0,0.0,Low Risk,0
CUST00005729,0.359,35.9,Medium Risk,0
CUST00005730,0.0,0.0,Low Risk,0
CUST00005731,0.5362,53.62,High Risk,1
CUST00005732,0.8659,86.59,Critical Risk,1
CUST00005733,0.8659,86.59,Critical Risk,1
CUST00005734,0.5362,53.62,High Risk,1
CUST00005735,0.6138,61.38,High Risk,1
CUST00005736,0.6914,69.14,High Risk,1
CUST00005737,0.0,0.0,Low Risk,0
CUST00005738,0.6793,67.93,High Risk,1
CUST00005739,0.0,0.0,Low Risk,0
CUST00005740,0.5362,53.62,High Risk,1
CUST00005741,0.6138,61.38,High Risk,1
CUST00005742,0.8659,86.59,Critical Risk,1
CUST00005743,0.3568,35.68,Medium Risk,0
CUST00005744,0.0,0.0,Low Risk,0
CUST00005745,0.6914,69.14,High Risk,1
CUST00005746,0.0,0.0,Low Risk,0
CUST00005747,0.0,0.0,Low Risk,0
CUST00005748,0.0,0.0,Low Risk,0
CUST00005749,0.0,0.0,Low Risk,0
CUST00005750,0.0,0.0,Low Risk,0
CUST00005751,0.0,0.0,Low Risk,0
CUST00005752,0.0,0.0,Low Risk,0
CUST00005753,0.0,0.0,Low Risk,0
CUST00005754,0.0,0.0,Low Risk,0
CUST00005755,0.4369,43.69,Medium Risk,0
CUST00005756,0.0,0.0,Low Risk,0
CUST00005757,0.6914,69.14,High Risk,1
CUST00005758,0.3568,35.68,Medium Risk,0
CUST00005759,0.5362,53.62,High Risk,1
CUST00005760,0.0,0.0,Low Risk,0
CUST00005761,0.0,0.0,Low Risk,0
CUST00005762,0.0,0.0,Low Risk,0
CUST00005763,0.0,0.0,Low Risk,0
CUST00005764,0.0,0.0,Low Risk,0
CUST00005765,0.0,0.0,Low Risk,0
CUST00005766,0.8659,86.59,Critical Risk,1
CUST00005767,0.8659,86.59,Critical Risk,1
CUST00005768,0.8659,86.59,Critical Risk,1
CUST00005769,0.0,0.0,Low Risk,0
CUST00005770,0.0,0.0,Low Risk,0
CUST00005771,0.0,0.0,Low Risk,0
CUST00005772,0.0,0.0,Low Risk,0
CUST00005773,0.0,0.0,Low Risk,0
CUST00005774,0.6138,61.38,High Risk,1
CUST00005775,0.6138,61.38,High Risk,1
CUST00005776,0.8659,86.59,Critical Risk,1
CUST00005777,0.8659,86.59,Critical Risk,1
CUST00005778,0.6138,61.38,High Risk,1
CUST00005779,0.0,0.0,Low Risk,0
CUST00005780,0.8659,86.59,Critical Risk,1
CUST00005781,0.0,0.0,Low Risk,0
CUST00005782,0.8659,86.59,Critical Risk,1
CUST00005783,0.0,0.0,Low Risk,0
CUST00005784,0.8659,86.59,Critical Risk,1
CUST00005785,0.0,0.0,Low Risk,0
CUST00005786,0.0,0.0,Low Risk,0
CUST00005787,0.6914,69.14,High Risk,1
CUST00005788,0.0,0.0,Low Risk,0
CUST00005789,0.5362,53.62,High Risk,1
CUST00005790,0.0,0.0,Low Risk,0
CUST00005791,0.0,0.0,Low Risk,0
CUST00005792,0.5362,53.62,High Risk,1
CUST00005793,0.0,0.0,Low Risk,0
CUST00005794,0.4369,43.69,Medium Risk,0
CUST00005795,0.0,0.0,Low Risk,0
CUST00005796,0.3037,30.37,Medium Risk,0
CUST00005797,0.0,0.0,Low Risk,0
CUST00005798,0.0,0.0,Low Risk,0
CUST00005799,0.5362,53.62,High Risk,1
CUST00005800,0.0,0.0,Low Risk,0
CUST00005801,0.0,0.0,Low Risk,0
CUST00005802,0.6138,61.38,High Risk,1
CUST00005803,0.0,0.0,Low Risk,0
CUST00005804,0.0,0.0,Low Risk,0
CUST00005805,0.0,0.0,Low Risk,0
CUST00005806,0.6914,69.14,High Risk,1
CUST00005807,0.0,0.0,Low Risk,0
CUST00005808,0.8659,86.59,Critical Risk,1
CUST00005809,0.0,0.0,Low Risk,0
CUST00005810,0.0,0.0,Low Risk,0
CUST00005811,0.0,0.0,Low Risk,0
CUST00005812,0.5362,53.62,High Risk,1
CUST00005813,0.0,0.0,Low Risk,0
CUST00005814,0.6793,67.93,High Risk,1
CUST00005815,0.0,0.0,Low Risk,0
CUST00005816,0.0,0.0,Low Risk,0
CUST00005817,0.6793,67.93,High Risk,1
CUST00005818,0.8659,86.59,Critical Risk,1
CUST00005819,0.6138,61.38,High Risk,1
CUST00005820,0.0,0.0,Low Risk,0
CUST00005821,0.3037,30.37,Medium Risk,0
CUST00005822,0.0,0.0,Low Risk,0
CUST00005823,0.3568,35.68,Medium Risk,0
CUST00005824,0.8659,86.59,Critical Risk,1
CUST00005825,0.0,0.0,Low Risk,0
CUST00005826,0.4369,43.69,Medium Risk,0
CUST00005827,0.0,0.0,Low Risk,0
CUST00005828,0.0,0.0,Low Risk,0
CUST00005829,0.0,0.0,Low Risk,0
CUST00005830,0.0,0.0,Low Risk,0
CUST00005831,0.0,0.0,Low Risk,0
CUST00005832,0.8659,86.59,Critical Risk,1
CUST00005833,0.3568,35.68,Medium Risk,0
CUST00005834,0.0,0.0,Low Risk,0
CUST00005835,0.8659,86.59,Critical Risk,1
CUST00005836,0.4369,43.69,Medium Risk,0
CUST00005837,0.0,0.0,Low Risk,0
CUST00005838,0.6793,67.93,High Risk,1
CUST00005839,0.0,0.0,Low Risk,0
CUST00005840,0.8659,86.59,Critical Risk,1
CUST00005841,0.0,0.0,Low Risk,0
CUST00005842,0.0,0.0,Low Risk,0
CUST00005843,0.0,0.0,Low Risk,0
CUST00005844,0.0,0.0,Low Risk,0
CUST00005845,0.4369,43.69,Medium Risk,0
CUST00005846,0.0,0.0,Low Risk,0
CUST00005847,0.0,0.0,Low Risk,0
CUST00005848,0.0,0.0,Low Risk,0
CUST00005849,0.0,0.0,Low Risk,0
CUST00005850,0.0,0.0,Low Risk,0
CUST00005851,0.4369,43.69,Medium Risk,0
CUST00005852,0.0,0.0,Low Risk,0
CUST00005853,0.0,0.0,Low Risk,0
CUST00005854,0.0,0.0,Low Risk,0
CUST00005855,0.8659,86.59,Critical Risk,1
CUST00005856,0.0,0.0,Low Risk,0
CUST00005857,0.0,0.0,Low Risk,0
CUST00005858,0.0,0.0,Low Risk,0
CUST00005859,0.6914,69.14,High Risk,1
CUST00005860,0.0,0.0,Low Risk,0
CUST00005861,0.8659,86.59,Critical Risk,1
CUST00005862,0.6793,67.93,High Risk,1
CUST00005863,0.0,0.0,Low Risk,0
CUST00005864,0.0,0.0,Low Risk,0
CUST00005865,0.6793,67.93,High Risk,1
CUST00005866,0.0,0.0,Low Risk,0
CUST00005867,0.0,0.0,Low Risk,0
CUST00005868,0.6914,69.14,High Risk,1
CUST00005869,0.4369,43.69,Medium Risk,0
CUST00005870,0.0,0.0,Low Risk,0
CUST00005871,0.3568,35.68,Medium Risk,0
CUST00005872,0.0,0.0,Low Risk,0
CUST00005873,0.4369,43.69,Medium Risk,0
CUST00005874,0.8659,86.59,Critical Risk,1
CUST00005875,0.0,0.0,Low Risk,0
CUST00005876,0.4369,43.69,Medium Risk,0
CUST00005877,0.8659,86.59,Critical Risk,1
CUST00005878,0.8659,86.59,Critical Risk,1
CUST00005879,0.0,0.0,Low Risk,0
CUST00005880,0.6138,61.38,High Risk,1
CUST00005881,0.3568,35.68,Medium Risk,0
CUST00005882,0.6793,67.93,High Risk,1
CUST00005883,0.8659,86.59,Critical Risk,1
CUST00005884,0.0,0.0,Low Risk,0
CUST00005885,0.0,0.0,Low Risk,0
CUST00005886,0.0,0.0,Low Risk,0
CUST00005887,0.3568,35.68,Medium Risk,0
CUST00005888,0.0,0.0,Low Risk,0
CUST00005889,0.0,0.0,Low Risk,0
CUST00005890,0.5362,53.62,High Risk,1
CUST00005891,0.1,10.0,Low Risk,0
CUST00005892,0.8659,86.59,Critical Risk,1
CUST00005893,0.8659,86.59,Critical Risk,1
CUST00005894,0.0,0.0,Low Risk,0
CUST00005895,0.0,0.0,Low Risk,0
CUST00005896,0.8659,86.59,Critical Risk,1
CUST00005897,0.0,0.0,Low Risk,0
CUST00005898,0.0,0.0,Low Risk,0
CUST00005899,0.0,0.0,Low Risk,0
CUST00005900,0.4369,43.69,Medium Risk,0
CUST00005901,0.0,0.0,Low Risk,0
CUST00005902,0.8659,86.59,Critical Risk,1
CUST00005903,0.6138,61.38,High Risk,1
CUST00005904,0.0,0.0,Low Risk,0
CUST00005905,0.8659,86.59,Critical Risk,1
CUST00005906,0.0,0.0,Low Risk,0
CUST00005907,0.8659,86.59,Critical Risk,1
CUST00005908,0.5362,53.62,High Risk,1
CUST00005909,0.0,0.0,Low Risk,0
CUST00005910,0.0,0.0,Low Risk,0
CUST00005911,0.0,0.0,Low Risk,0
CUST00005912,0.5362,53.62,High Risk,1
CUST00005913,0.0,0.0,Low Risk,0
CUST00005914,0.0,0.0,Low Risk,0
CUST00005915,0.359,35.9,Medium Risk,0
CUST00005916,0.4369,43.69,Medium Risk,0
CUST00005917,0.0,0.0,Low Risk,0
CUST00005918,0.0,0.0,Low Risk,0
CUST00005919,0.8659,86.59,Critical Risk,1
CUST00005920,0.8659,86.59,Critical Risk,1
CUST00005921,0.0,0.0,Low Risk,0
CUST00005922,0.0,0.0,Low Risk,0
CUST00005923,0.0,0.0,Low Risk,0
CUST00005924,0.0,0.0,Low Risk,0
CUST00005925,0.8659,86.59,Critical Risk,1
CUST00005926,0.1,10.0,Low Risk,0
CUST00005927,0.4369,43.69,Medium Risk,0
CUST00005928,0.0,0.0,Low Risk,0
CUST00005929,0.0,0.0,Low Risk,0
CUST00005930,0.0,0.0,Low Risk,0
CUST00005931,0.0,0.0,Low Risk,0
CUST00005932,0.0,0.0,Low Risk,0
CUST00005933,0.6793,67.93,High Risk,1
CUST00005934,0.0,0.0,Low Risk,0
CUST00005935,0.3037,30.37,Medium Risk,0
CUST00005936,0.0,0.0,Low Risk,0
CUST00005937,0.0,0.0,Low Risk,0
CUST00005938,0.0,0.0,Low Risk,0
CUST00005939,0.0,0.0,Low Risk,0
CUST00005940,0.5362,53.62,High Risk,1
CUST00005941,0.0,0.0,Low Risk,0
CUST00005942,0.0,0.0,Low Risk,0
CUST00005943,0.3568,35.68,Medium Risk,0
CUST00005944,0.1,10.0,Low Risk,0
CUST00005945,0.5362,53.62,High Risk,1
CUST00005946,0.0,0.0,Low Risk,0
CUST00005947,0.3037,30.37,Medium Risk,0
CUST00005948,0.0,0.0,Low Risk,0
CUST00005949,0.0,0.0,Low Risk,0
CUST00005950,0.6138,61.38,High Risk,1
CUST00005951,0.0,0.0,Low Risk,0
CUST00005952,0.8659,86.59,Critical Risk,1
CUST00005953,0.6793,67.93,High Risk,1
CUST00005954,0.8659,86.59,Critical Risk,1
CUST00005955,0.4369,43.69,Medium Risk,0
CUST00005956,0.4369,43.69,Medium Risk,0
CUST00005957,0.8659,86.59,Critical Risk,1
CUST00005958,0.3037,30.37,Medium Risk,0
CUST00005959,0.0,0.0,Low Risk,0
CUST00005960,0.8659,86.59,Critical Risk,1
CUST00005961,0.3568,35.68,Medium Risk,0
CUST00005962,0.4369,43.69,Medium Risk,0
CUST00005963,0.8659,86.59,Critical Risk,1
CUST00005964,0.0,0.0,Low Risk,0
CUST00005965,0.0,0.0,Low Risk,0
CUST00005966,0.3568,35.68,Medium Risk,0
CUST00005967,0.8659,86.59,Critical Risk,1
CUST00005968,0.0,0.0,Low Risk,0
CUST00005969,0.0,0.0,Low Risk,0
CUST00005970,0.8659,86.59,Critical Risk,1
CUST00005971,0.0,0.0,Low Risk,0
CUST00005972,0.4369,43.69,Medium Risk,0
CUST00005973,0.0,0.0,Low Risk,0
CUST00005974,0.8659,86.59,Critical Risk,1
CUST00005975,0.8659,86.59,Critical Risk,1
CUST00005976,0.0,0.0,Low Risk,0
CUST00005977,0.0,0.0,Low Risk,0
CUST00005978,0.8659,86.59,Critical Risk,1
CUST00005979,0.3568,35.68,Medium Risk,0
CUST00005980,0.6914,69.14,High Risk,1
CUST00005981,0.0,0.0,Low Risk,0
CUST00005982,0.6793,67.93,High Risk,1
CUST00005983,0.0,0.0,Low Risk,0
CUST00005984,0.0,0.0,Low Risk,0
CUST00005985,0.0,0.0,Low Risk,0
CUST00005986,0.3037,30.37,Medium Risk,0
CUST00005987,0.8659,86.59,Critical Risk,1
CUST00005988,0.4369,43.69,Medium Risk,0
CUST00005989,0.8659,86.59,Critical Risk,1
CUST00005990,0.8659,86.59,Critical Risk,1
CUST00005991,0.6793,67.93,High Risk,1
CUST00005992,0.0,0.0,Low Risk,0
CUST00005993,0.0,0.0,Low Risk,0
CUST00005994,0.359,35.9,Medium Risk,0
CUST00005995,0.0,0.0,Low Risk,0
CUST00005996,0.3037,30.37,Medium Risk,0
CUST00005997,0.3568,35.68,Medium Risk,0
CUST00005998,0.5362,53.62,High Risk,1
CUST00005999,0.0,0.0,Low Risk,0
CUST00006000,0.0,0.0,Low Risk,0
CUST00006001,0.8659,86.59,Critical Risk,1
CUST00006002,0.1,10.0,Low Risk,0
CUST00006003,0.6793,67.93,High Risk,1
CUST00006004,0.0,0.0,Low Risk,0
CUST00006005,0.8659,86.59,Critical Risk,1
CUST00006006,0.0,0.0,Low Risk,0
CUST00006007,0.0,0.0,Low Risk,0
CUST00006008,0.8659,86.59,Critical Risk,1
CUST00006009,0.6914,69.14,High Risk,1
CUST00006010,0.0,0.0,Low Risk,0
CUST00006011,0.0,0.0,Low Risk,0
CUST00006012,0.0,0.0,Low Risk,0
CUST00006013,0.0,0.0,Low Risk,0
CUST00006014,0.0,0.0,Low Risk,0
CUST00006015,0.0,0.0,Low Risk,0
CUST00006016,0.3568,35.68,Medium Risk,0
CUST00006017,0.5362,53.62,High Risk,1
CUST00006018,0.0,0.0,Low Risk,0
CUST00006019,0.6793,67.93,High Risk,1
CUST00006020,0.5362,53.62,High Risk,1
CUST00006021,0.0,0.0,Low Risk,0
CUST00006022,0.6793,67.93,High Risk,1
CUST00006023,0.3568,35.68,Medium Risk,0
CUST00006024,0.0,0.0,Low Risk,0
CUST00006025,0.4369,43.69,Medium Risk,0
CUST00006026,0.4369,43.69,Medium Risk,0
CUST00006027,0.0,0.0,Low Risk,0
CUST00006028,0.0,0.0,Low Risk,0
CUST00006029,0.0,0.0,Low Risk,0
CUST00006030,0.0,0.0,Low Risk,0
CUST00006031,0.8659,86.59,Critical Risk,1
CUST00006032,0.0,0.0,Low Risk,0
CUST00006033,0.8659,86.59,Critical Risk,1
CUST00006034,0.6138,61.38,High Risk,1
CUST00006035,0.8659,86.59,Critical Risk,1
CUST00006036,0.5362,53.62,High Risk,1
CUST00006037,0.1,10.0,Low Risk,0
CUST00006038,0.6138,61.38,High Risk,1
CUST00006039,0.6138,61.38,High Risk,1
CUST00006040,0.359,35.9,Medium Risk,0
CUST00006041,0.5362,53.62,High Risk,1
CUST00006042,0.8659,86.59,Critical Risk,1
CUST00006043,0.8659,86.59,Critical Risk,1
CUST00006044,0.6793,67.93,High Risk,1
CUST00006045,0.4369,43.69,Medium Risk,0
CUST00006046,0.0,0.0,Low Risk,0
CUST00006047,0.0,0.0,Low Risk,0
CUST00006048,0.0,0.0,Low Risk,0
CUST00006049,0.8659,86.59,Critical Risk,1
CUST00006050,0.8659,86.59,Critical Risk,1
CUST00006051,0.0,0.0,Low Risk,0
CUST00006052,0.0,0.0,Low Risk,0
CUST00006053,0.5362,53.62,High Risk,1
CUST00006054,0.0,0.0,Low Risk,0
CUST00006055,0.8659,86.59,Critical Risk,1
CUST00006056,0.8659,86.59,Critical Risk,1
CUST00006057,0.0,0.0,Low Risk,0
CUST00006058,0.8659,86.59,Critical Risk,1
CUST00006059,0.0,0.0,Low Risk,0
CUST00006060,0.8659,86.59,Critical Risk,1
CUST00006061,0.8659,86.59,Critical Risk,1
CUST00006062,0.0,0.0,Low Risk,0
CUST00006063,0.0,0.0,Low Risk,0
CUST00006064,0.0,0.0,Low Risk,0
CUST00006065,0.3568,35.68,Medium Risk,0
CUST00006066,0.0,0.0,Low Risk,0
CUST00006067,0.6793,67.93,High Risk,1
CUST00006068,0.0,0.0,Low Risk,0
CUST00006069,0.8659,86.59,Critical Risk,1
CUST00006070,0.0,0.0,Low Risk,0
CUST00006071,0.0,0.0,Low Risk,0
CUST00006072,0.8659,86.59,Critical Risk,1
CUST00006073,0.0,0.0,Low Risk,0
CUST00006074,0.0,0.0,Low Risk,0
CUST00006075,0.6793,67.93,High Risk,1
CUST00006076,0.4369,43.69,Medium Risk,0
CUST00006077,0.0,0.0,Low Risk,0
CUST00006078,0.0,0.0,Low Risk,0
CUST00006079,0.8659,86.59,Critical Risk,1
CUST00006080,0.0,0.0,Low Risk,0
CUST00006081,0.0,0.0,Low Risk,0
CUST00006082,0.0,0.0,Low Risk,0
CUST00006083,0.8659,86.59,Critical Risk,1
CUST00006084,0.8659,86.59,Critical Risk,1
CUST00006085,0.0,0.0,Low Risk,0
CUST00006086,0.0,0.0,Low Risk,0
CUST00006087,0.0,0.0,Low Risk,0
CUST00006088,0.0,0.0,Low Risk,0
CUST00006089,0.6914,69.14,High Risk,1
CUST00006090,0.0,0.0,Low Risk,0
CUST00006091,0.6138,61.38,High Risk,1
CUST00006092,0.8659,86.59,Critical Risk,1
CUST00006093,0.0,0.0,Low Risk,0
CUST00006094,0.0,0.0,Low Risk,0
CUST00006095,0.8659,86.59,Critical Risk,1
CUST00006096,0.0,0.0,Low Risk,0
CUST00006097,0.8659,86.59,Critical Risk,1
CUST00006098,0.3568,35.68,Medium Risk,0
CUST00006099,0.3037,30.37,Medium Risk,0
CUST00006100,0.0,0.0,Low Risk,0
CUST00006101,0.0,0.0,Low Risk,0
CUST00006102,0.8659,86.59,Critical Risk,1
CUST00006103,0.6914,69.14,High Risk,1
CUST00006104,0.0,0.0,Low Risk,0
CUST00006105,0.0,0.0,Low Risk,0
CUST00006106,0.0,0.0,Low Risk,0
CUST00006107,0.8659,86.59,Critical Risk,1
CUST00006108,0.8659,86.59,Critical Risk,1
CUST00006109,0.0,0.0,Low Risk,0
CUST00006110,0.0,0.0,Low Risk,0
CUST00006111,0.3568,35.68,Medium Risk,0
CUST00006112,0.8659,86.59,Critical Risk,1
CUST00006113,0.4369,43.69,Medium Risk,0
CUST00006114,0.4369,43.69,Medium Risk,0
CUST00006115,0.6793,67.93,High Risk,1
CUST00006116,0.5362,53.62,High Risk,1
CUST00006117,0.8659,86.59,Critical Risk,1
CUST00006118,0.4369,43.69,Medium Risk,0
CUST00006119,0.0,0.0,Low Risk,0
CUST00006120,0.0,0.0,Low Risk,0
CUST00006121,0.3568,35.68,Medium Risk,0
CUST00006122,0.8659,86.59,Critical Risk,1
CUST00006123,0.0,0.0,Low Risk,0
CUST00006124,0.6793,67.93,High Risk,1
CUST00006125,0.359,35.9,Medium Risk,0
CUST00006126,0.6138,61.38,High Risk,1
CUST00006127,0.0,0.0,Low Risk,0
CUST00006128,0.8659,86.59,Critical Risk,1
CUST00006129,0.0,0.0,Low Risk,0
CUST00006130,0.0,0.0,Low Risk,0
CUST00006131,0.4369,43.69,Medium Risk,0
CUST00006132,0.6138,61.38,High Risk,1
CUST00006133,0.8659,86.59,Critical Risk,1
CUST00006134,0.0,0.0,Low Risk,0
CUST00006135,0.0,0.0,Low Risk,0
CUST00006136,0.4369,43.69,Medium Risk,0
CUST00006137,0.0,0.0,Low Risk,0
CUST00006138,0.0,0.0,Low Risk,0
CUST00006139,0.0,0.0,Low Risk,0
CUST00006140,0.6138,61.38,High Risk,1
CUST00006141,0.8659,86.59,Critical Risk,1
CUST00006142,0.0,0.0,Low Risk,0
CUST00006143,0.8659,86.59,Critical Risk,1
CUST00006144,0.0,0.0,Low Risk,0
CUST00006145,0.0,0.0,Low Risk,0
CUST00006146,0.0,0.0,Low Risk,0
CUST00006147,0.0,0.0,Low Risk,0
CUST00006148,0.0,0.0,Low Risk,0
CUST00006149,0.0,0.0,Low Risk,0
CUST00006150,0.0,0.0,Low Risk,0
CUST00006151,0.0,0.0,Low Risk,0
CUST00006152,0.0,0.0,Low Risk,0
CUST00006153,0.0,0.0,Low Risk,0
CUST00006154,0.359,35.9,Medium Risk,0
CUST00006155,0.8659,86.59,Critical Risk,1
CUST00006156,0.6138,61.38,High Risk,1
CUST00006157,0.8659,86.59,Critical Risk,1
CUST00006158,0.8659,86.59,Critical Risk,1
CUST00006159,0.8659,86.59,Critical Risk,1
CUST00006160,0.6914,69.14,High Risk,1
CUST00006161,0.0,0.0,Low Risk,0
CUST00006162,0.0,0.0,Low Risk,0
CUST00006163,0.0,0.0,Low Risk,0
CUST00006164,0.0,0.0,Low Risk,0
CUST00006165,0.8659,86.59,Critical Risk,1
CUST00006166,0.0,0.0,Low Risk,0
CUST00006167,0.8659,86.59,Critical Risk,1
CUST00006168,0.8659,86.59,Critical Risk,1
CUST00006169,0.5362,53.62,High Risk,1
CUST00006170,0.8659,86.59,Critical Risk,1
CUST00006171,0.0,0.0,Low Risk,0
CUST00006172,0.0,0.0,Low Risk,0
CUST00006173,0.0,0.0,Low Risk,0
CUST00006174,0.0,0.0,Low Risk,0
CUST00006175,0.4369,43.69,Medium Risk,0
CUST00006176,0.0,0.0,Low Risk,0
CUST00006177,0.1,10.0,Low Risk,0
CUST00006178,0.6793,67.93,High Risk,1
CUST00006179,0.0,0.0,Low Risk,0
CUST00006180,0.0,0.0,Low Risk,0
CUST00006181,0.8659,86.59,Critical Risk,1
CUST00006182,0.0,0.0,Low Risk,0
CUST00006183,0.359,35.9,Medium Risk,0
CUST00006184,0.0,0.0,Low Risk,0
CUST00006185,0.0,0.0,Low Risk,0
CUST00006186,0.8659,86.59,Critical Risk,1
CUST00006187,0.0,0.0,Low Risk,0
CUST00006188,0.0,0.0,Low Risk,0
CUST00006189,0.0,0.0,Low Risk,0
CUST00006190,0.0,0.0,Low Risk,0
CUST00006191,0.8659,86.59,Critical Risk,1
CUST00006192,0.0,0.0,Low Risk,0
CUST00006193,0.8659,86.59,Critical Risk,1
CUST00006194,0.4369,43.69,Medium Risk,0
CUST00006195,0.0,0.0,Low Risk,0
CUST00006196,0.0,0.0,Low Risk,0
CUST00006197,0.8659,86.59,Critical Risk,1
CUST00006198,0.3037,30.37,Medium Risk,0
CUST00006199,0.4369,43.69,Medium Risk,0
CUST00006200,0.6793,67.93,High Risk,1
CUST00006201,0.0,0.0,Low Risk,0
CUST00006202,0.6914,69.14,High Risk,1
CUST00006203,0.0,0.0,Low Risk,0
CUST00006204,0.6914,69.14,High Risk,1
CUST00006205,0.0,0.0,Low Risk,0
CUST00006206,0.6793,67.93,High Risk,1
CUST00006207,0.0,0.0,Low Risk,0
CUST00006208,0.0,0.0,Low Risk,0
CUST00006209,0.0,0.0,Low Risk,0
CUST00006210,0.4369,43.69,Medium Risk,0
CUST00006211,0.0,0.0,Low Risk,0
CUST00006212,0.6793,67.93,High Risk,1
CUST00006213,0.8659,86.59,Critical Risk,1
CUST00006214,0.8659,86.59,Critical Risk,1
CUST00006215,0.0,0.0,Low Risk,0
CUST00006216,0.0,0.0,Low Risk,0
CUST00006217,0.0,0.0,Low Risk,0
CUST00006218,0.5362,53.62,High Risk,1
CUST00006219,0.5362,53.62,High Risk,1
CUST00006220,0.0,0.0,Low Risk,0
CUST00006221,0.6793,67.93,High Risk,1
CUST00006222,0.5362,53.62,High Risk,1
CUST00006223,0.8659,86.59,Critical Risk,1
CUST00006224,0.0,0.0,Low Risk,0
CUST00006225,0.0,0.0,Low Risk,0
CUST00006226,0.0,0.0,Low Risk,0
CUST00006227,0.0,0.0,Low Risk,0
CUST00006228,0.6914,69.14,High Risk,1
CUST00006229,0.0,0.0,Low Risk,0
CUST00006230,0.0,0.0,Low Risk,0
CUST00006231,0.8659,86.59,Critical Risk,1
CUST00006232,0.3568,35.68,Medium Risk,0
CUST00006233,0.6793,67.93,High Risk,1
CUST00006234,0.0,0.0,Low Risk,0
CUST00006235,0.0,0.0,Low Risk,0
CUST00006236,0.6914,69.14,High Risk,1
CUST00006237,0.8659,86.59,Critical Risk,1
CUST00006238,0.0,0.0,Low Risk,0
CUST00006239,0.8659,86.59,Critical Risk,1
CUST00006240,0.0,0.0,Low Risk,0
CUST00006241,0.6914,69.14,High Risk,1
CUST00006242,0.0,0.0,Low Risk,0
CUST00006243,0.0,0.0,Low Risk,0
CUST00006244,0.0,0.0,Low Risk,0
CUST00006245,0.0,0.0,Low Risk,0
CUST00006246,0.0,0.0,Low Risk,0
CUST00006247,0.6914,69.14,High Risk,1
CUST00006248,0.6138,61.38,High Risk,1
CUST00006249,0.0,0.0,Low Risk,0
CUST00006250,0.8659,86.59,Critical Risk,1
CUST00006251,0.8659,86.59,Critical Risk,1
CUST00006252,0.6138,61.38,High Risk,1
CUST00006253,0.0,0.0,Low Risk,0
CUST00006254,0.0,0.0,Low Risk,0
CUST00006255,0.4369,43.69,Medium Risk,0
CUST00006256,0.0,0.0,Low Risk,0
CUST00006257,0.0,0.0,Low Risk,0
CUST00006258,0.8659,86.59,Critical Risk,1
CUST00006259,0.0,0.0,Low Risk,0
CUST00006260,0.3037,30.37,Medium Risk,0
CUST00006261,0.8659,86.59,Critical Risk,1
CUST00006262,0.8659,86.59,Critical Risk,1
CUST00006263,0.6793,67.93,High Risk,1
CUST00006264,0.8659,86.59,Critical Risk,1
CUST00006265,0.0,0.0,Low Risk,0
CUST00006266,0.0,0.0,Low Risk,0
CUST00006267,0.8659,86.59,Critical Risk,1
CUST00006268,0.0,0.0,Low Risk,0
CUST00006269,0.6138,61.38,High Risk,1
CUST00006270,0.5362,53.62,High Risk,1
CUST00006271,0.0,0.0,Low Risk,0
CUST00006272,0.0,0.0,Low Risk,0
CUST00006273,0.0,0.0,Low Risk,0
CUST00006274,0.8659,86.59,Critical Risk,1
CUST00006275,0.8659,86.59,Critical Risk,1
CUST00006276,0.0,0.0,Low Risk,0
CUST00006277,0.8659,86.59,Critical Risk,1
CUST00006278,0.0,0.0,Low Risk,0
CUST00006279,0.0,0.0,Low Risk,0
CUST00006280,0.0,0.0,Low Risk,0
CUST00006281,0.6914,69.14,High Risk,1
CUST00006282,0.0,0.0,Low Risk,0
CUST00006283,0.0,0.0,Low Risk,0
CUST00006284,0.0,0.0,Low Risk,0
CUST00006285,0.0,0.0,Low Risk,0
CUST00006286,0.4369,43.69,Medium Risk,0
CUST00006287,0.0,0.0,Low Risk,0
CUST00006288,0.8659,86.59,Critical Risk,1
CUST00006289,0.4369,43.69,Medium Risk,0
CUST00006290,0.359,35.9,Medium Risk,0
CUST00006291,0.0,0.0,Low Risk,0
CUST00006292,0.3037,30.37,Medium Risk,0
CUST00006293,0.0,0.0,Low Risk,0
CUST00006294,0.0,0.0,Low Risk,0
CUST00006295,0.4369,43.69,Medium Risk,0
CUST00006296,0.8659,86.59,Critical Risk,1
CUST00006297,0.0,0.0,Low Risk,0
CUST00006298,0.0,0.0,Low Risk,0
CUST00006299,0.0,0.0,Low Risk,0
CUST00006300,0.8659,86.59,Critical Risk,1
CUST00006301,0.0,0.0,Low Risk,0
CUST00006302,0.0,0.0,Low Risk,0
CUST00006303,0.8659,86.59,Critical Risk,1
CUST00006304,0.8659,86.59,Critical Risk,1
CUST00006305,0.0,0.0,Low Risk,0
CUST00006306,0.0,0.0,Low Risk,0
CUST00006307,0.0,0.0,Low Risk,0
CUST00006308,0.0,0.0,Low Risk,0
CUST00006309,0.4369,43.69,Medium Risk,0
CUST00006310,0.0,0.0,Low Risk,0
CUST00006311,0.0,0.0,Low Risk,0
CUST00006312,0.1,10.0,Low Risk,0
CUST00006313,0.4369,43.69,Medium Risk,0
CUST00006314,0.6138,61.38,High Risk,1
CUST00006315,0.3568,35.68,Medium Risk,0
CUST00006316,0.0,0.0,Low Risk,0
CUST00006317,0.8659,86.59,Critical Risk,1
CUST00006318,0.359,35.9,Medium Risk,0
CUST00006319,0.0,0.0,Low Risk,0
CUST00006320,0.0,0.0,Low Risk,0
CUST00006321,0.8659,86.59,Critical Risk,1
CUST00006322,0.5362,53.62,High Risk,1
CUST00006323,0.6914,69.14,High Risk,1
CUST00006324,0.0,0.0,Low Risk,0
CUST00006325,0.8659,86.59,Critical Risk,1
CUST00006326,0.0,0.0,Low Risk,0
CUST00006327,0.0,0.0,Low Risk,0
CUST00006328,0.8659,86.59,Critical Risk,1
CUST00006329,0.4369,43.69,Medium Risk,0
CUST00006330,0.4369,43.69,Medium Risk,0
CUST00006331,0.8659,86.59,Critical Risk,1
CUST00006332,0.0,0.0,Low Risk,0
CUST00006333,0.0,0.0,Low Risk,0
CUST00006334,0.8659,86.59,Critical Risk,1
CUST00006335,0.4369,43.69,Medium Risk,0
CUST00006336,0.359,35.9,Medium Risk,0
CUST00006337,0.8659,86.59,Critical Risk,1
CUST00006338,0.0,0.0,Low Risk,0
CUST00006339,0.0,0.0,Low Risk,0
CUST00006340,0.0,0.0,Low Risk,0
CUST00006341,0.3568,35.68,Medium Risk,0
CUST00006342,0.4369,43.69,Medium Risk,0
CUST00006343,0.0,0.0,Low Risk,0
CUST00006344,0.8659,86.59,Critical Risk,1
CUST00006345,0.8659,86.59,Critical Risk,1
CUST00006346,0.0,0.0,Low Risk,0
CUST00006347,0.0,0.0,Low Risk,0
CUST00006348,0.8659,86.59,Critical Risk,1
CUST00006349,0.0,0.0,Low Risk,0
CUST00006350,0.6793,67.93,High Risk,1
CUST00006351,0.0,0.0,Low Risk,0
CUST00006352,0.6793,67.93,High Risk,1
CUST00006353,0.0,0.0,Low Risk,0
CUST00006354,0.8659,86.59,Critical Risk,1
CUST00006355,0.8659,86.59,Critical Risk,1
CUST00006356,0.0,0.0,Low Risk,0
CUST00006357,0.6138,61.38,High Risk,1
CUST00006358,0.0,0.0,Low Risk,0
CUST00006359,0.8659,86.59,Critical Risk,1
CUST00006360,0.0,0.0,Low Risk,0
CUST00006361,0.0,0.0,Low Risk,0
CUST00006362,0.0,0.0,Low Risk,0
CUST00006363,0.0,0.0,Low Risk,0
CUST00006364,0.0,0.0,Low Risk,0
CUST00006365,0.8659,86.59,Critical Risk,1
CUST00006366,0.3568,35.68,Medium Risk,0
CUST00006367,0.0,0.0,Low Risk,0
CUST00006368,0.0,0.0,Low Risk,0
CUST00006369,0.5362,53.62,High Risk,1
CUST00006370,0.0,0.0,Low Risk,0
CUST00006371,0.8659,86.59,Critical Risk,1
CUST00006372,0.8659,86.59,Critical Risk,1
CUST00006373,0.0,0.0,Low Risk,0
CUST00006374,0.0,0.0,Low Risk,0
CUST00006375,0.8659,86.59,Critical Risk,1
CUST00006376,0.0,0.0,Low Risk,0
CUST00006377,0.8659,86.59,Critical Risk,1
CUST00006378,0.0,0.0,Low Risk,0
CUST00006379,0.3037,30.37,Medium Risk,0
CUST00006380,0.4369,43.69,Medium Risk,0
CUST00006381,0.8659,86.59,Critical Risk,1
CUST00006382,0.0,0.0,Low Risk,0
CUST00006383,0.8659,86.59,Critical Risk,1
CUST00006384,0.4369,43.69,Medium Risk,0
CUST00006385,0.0,0.0,Low Risk,0
CUST00006386,0.8659,86.59,Critical Risk,1
CUST00006387,0.0,0.0,Low Risk,0
CUST00006388,0.0,0.0,Low Risk,0
CUST00006389,0.0,0.0,Low Risk,0
CUST00006390,0.6793,67.93,High Risk,1
CUST00006391,0.0,0.0,Low Risk,0
CUST00006392,0.8659,86.59,Critical Risk,1
CUST00006393,0.0,0.0,Low Risk,0
CUST00006394,0.4369,43.69,Medium Risk,0
CUST00006395,0.0,0.0,Low Risk,0
CUST00006396,0.0,0.0,Low Risk,0
CUST00006397,0.0,0.0,Low Risk,0
CUST00006398,0.3568,35.68,Medium Risk,0
CUST00006399,0.6914,69.14,High Risk,1
CUST00006400,0.0,0.0,Low Risk,0
CUST00006401,0.0,0.0,Low Risk,0
CUST00006402,0.8659,86.59,Critical Risk,1
CUST00006403,0.8659,86.59,Critical Risk,1
CUST00006404,0.8659,86.59,Critical Risk,1
CUST00006405,0.8659,86.59,Critical Risk,1
CUST00006406,0.0,0.0,Low Risk,0
CUST00006407,0.8659,86.59,Critical Risk,1
CUST00006408,0.0,0.0,Low Risk,0
CUST00006409,0.4369,43.69,Medium Risk,0
CUST00006410,0.4369,43.69,Medium Risk,0
CUST00006411,0.8659,86.59,Critical Risk,1
CUST00006412,0.6138,61.38,High Risk,1
CUST00006413,0.0,0.0,Low Risk,0
CUST00006414,0.0,0.0,Low Risk,0
CUST00006415,0.8659,86.59,Critical Risk,1
CUST00006416,0.0,0.0,Low Risk,0
CUST00006417,0.8659,86.59,Critical Risk,1
CUST00006418,0.0,0.0,Low Risk,0
CUST00006419,0.0,0.0,Low Risk,0
CUST00006420,0.359,35.9,Medium Risk,0
CUST00006421,0.8659,86.59,Critical Risk,1
CUST00006422,0.0,0.0,Low Risk,0
CUST00006423,0.0,0.0,Low Risk,0
CUST00006424,0.0,0.0,Low Risk,0
CUST00006425,0.0,0.0,Low Risk,0
CUST00006426,0.0,0.0,Low Risk,0
CUST00006427,0.3568,35.68,Medium Risk,0
CUST00006428,0.0,0.0,Low Risk,0
CUST00006429,0.0,0.0,Low Risk,0
CUST00006430,0.6138,61.38,High Risk,1
CUST00006431,0.0,0.0,Low Risk,0
CUST00006432,0.359,35.9,Medium Risk,0
CUST00006433,0.4369,43.69,Medium Risk,0
CUST00006434,0.0,0.0,Low Risk,0
CUST00006435,0.0,0.0,Low Risk,0
CUST00006436,0.3568,35.68,Medium Risk,0
CUST00006437,0.5362,53.62,High Risk,1
CUST00006438,0.5362,53.62,High Risk,1
CUST00006439,0.0,0.0,Low Risk,0
CUST00006440,0.0,0.0,Low Risk,0
CUST00006441,0.0,0.0,Low Risk,0
CUST00006442,0.0,0.0,Low Risk,0
CUST00006443,0.0,0.0,Low Risk,0
CUST00006444,0.0,0.0,Low Risk,0
CUST00006445,0.359,35.9,Medium Risk,0
CUST00006446,0.8659,86.59,Critical Risk,1
CUST00006447,0.8659,86.59,Critical Risk,1
CUST00006448,0.0,0.0,Low Risk,0
CUST00006449,0.6793,67.93,High Risk,1
CUST00006450,0.5362,53.62,High Risk,1
CUST00006451,0.6138,61.38,High Risk,1
CUST00006452,0.0,0.0,Low Risk,0
CUST00006453,0.8659,86.59,Critical Risk,1
CUST00006454,0.8659,86.59,Critical Risk,1
CUST00006455,0.8659,86.59,Critical Risk,1
CUST00006456,0.0,0.0,Low Risk,0
CUST00006457,0.4369,43.69,Medium Risk,0
CUST00006458,0.0,0.0,Low Risk,0
CUST00006459,0.0,0.0,Low Risk,0
CUST00006460,0.0,0.0,Low Risk,0
CUST00006461,0.0,0.0,Low Risk,0
CUST00006462,0.6138,61.38,High Risk,1
CUST00006463,0.0,0.0,Low Risk,0
CUST00006464,0.0,0.0,Low Risk,0
CUST00006465,0.0,0.0,Low Risk,0
CUST00006466,0.0,0.0,Low Risk,0
CUST00006467,0.0,0.0,Low Risk,0
CUST00006468,0.0,0.0,Low Risk,0
CUST00006469,0.0,0.0,Low Risk,0
CUST00006470,0.0,0.0,Low Risk,0
CUST00006471,0.8659,86.59,Critical Risk,1
CUST00006472,0.8659,86.59,Critical Risk,1
CUST00006473,0.6138,61.38,High Risk,1
CUST00006474,0.1,10.0,Low Risk,0
CUST00006475,0.0,0.0,Low Risk,0
CUST00006476,0.5362,53.62,High Risk,1
CUST00006477,0.0,0.0,Low Risk,0
CUST00006478,0.8659,86.59,Critical Risk,1
CUST00006479,0.0,0.0,Low Risk,0
CUST00006480,0.0,0.0,Low Risk,0
CUST00006481,0.0,0.0,Low Risk,0
CUST00006482,0.0,0.0,Low Risk,0
CUST00006483,0.0,0.0,Low Risk,0
CUST00006484,0.3037,30.37,Medium Risk,0
CUST00006485,0.0,0.0,Low Risk,0
CUST00006486,0.3568,35.68,Medium Risk,0
CUST00006487,0.4369,43.69,Medium Risk,0
CUST00006488,0.0,0.0,Low Risk,0
CUST00006489,0.0,0.0,Low Risk,0
CUST00006490,0.0,0.0,Low Risk,0
CUST00006491,0.6793,67.93,High Risk,1
CUST00006492,0.0,0.0,Low Risk,0
CUST00006493,0.0,0.0,Low Risk,0
CUST00006494,0.8659,86.59,Critical Risk,1
CUST00006495,0.0,0.0,Low Risk,0
CUST00006496,0.4369,43.69,Medium Risk,0
CUST00006497,0.8659,86.59,Critical Risk,1
CUST00006498,0.0,0.0,Low Risk,0
CUST00006499,0.0,0.0,Low Risk,0
CUST00006500,0.0,0.0,Low Risk,0
CUST00006501,0.8659,86.59,Critical Risk,1
CUST00006502,0.0,0.0,Low Risk,0
CUST00006503,0.8659,86.59,Critical Risk,1
CUST00006504,0.0,0.0,Low Risk,0
CUST00006505,0.0,0.0,Low Risk,0
CUST00006506,0.3568,35.68,Medium Risk,0
CUST00006507,0.0,0.0,Low Risk,0
CUST00006508,0.8659,86.59,Critical Risk,1
CUST00006509,0.0,0.0,Low Risk,0
CUST00006510,0.8659,86.59,Critical Risk,1
CUST00006511,0.0,0.0,Low Risk,0
CUST00006512,0.0,0.0,Low Risk,0
CUST00006513,0.4369,43.69,Medium Risk,0
CUST00006514,0.8659,86.59,Critical Risk,1
CUST00006515,0.4369,43.69,Medium Risk,0
CUST00006516,0.0,0.0,Low Risk,0
CUST00006517,0.8659,86.59,Critical Risk,1
CUST00006518,0.0,0.0,Low Risk,0
CUST00006519,0.0,0.0,Low Risk,0
CUST00006520,0.8659,86.59,Critical Risk,1
CUST00006521,0.6914,69.14,High Risk,1
CUST00006522,0.8659,86.59,Critical Risk,1
CUST00006523,0.6914,69.14,High Risk,1
CUST00006524,0.8659,86.59,Critical Risk,1
CUST00006525,0.8659,86.59,Critical Risk,1
CUST00006526,0.8659,86.59,Critical Risk,1
CUST00006527,0.0,0.0,Low Risk,0
CUST00006528,0.8659,86.59,Critical Risk,1
CUST00006529,0.5362,53.62,High Risk,1
CUST00006530,0.0,0.0,Low Risk,0
CUST00006531,0.6138,61.38,High Risk,1
CUST00006532,0.5362,53.62,High Risk,1
CUST00006533,0.0,0.0,Low Risk,0
CUST00006534,0.8659,86.59,Critical Risk,1
CUST00006535,0.4369,43.69,Medium Risk,0
CUST00006536,0.0,0.0,Low Risk,0
CUST00006537,0.0,0.0,Low Risk,0
CUST00006538,0.0,0.0,Low Risk,0
CUST00006539,0.3037,30.37,Medium Risk,0
CUST00006540,0.0,0.0,Low Risk,0
CUST00006541,0.5362,53.62,High Risk,1
CUST00006542,0.8659,86.59,Critical Risk,1
CUST00006543,0.8659,86.59,Critical Risk,1
CUST00006544,0.8659,86.59,Critical Risk,1
CUST00006545,0.6914,69.14,High Risk,1
CUST00006546,0.0,0.0,Low Risk,0
CUST00006547,0.0,0.0,Low Risk,0
CUST00006548,0.4369,43.69,Medium Risk,0
CUST00006549,0.6138,61.38,High Risk,1
CUST00006550,0.0,0.0,Low Risk,0
CUST00006551,0.0,0.0,Low Risk,0
CUST00006552,0.0,0.0,Low Risk,0
CUST00006553,0.359,35.9,Medium Risk,0
CUST00006554,0.0,0.0,Low Risk,0
CUST00006555,0.6138,61.38,High Risk,1
CUST00006556,0.0,0.0,Low Risk,0
CUST00006557,0.0,0.0,Low Risk,0
CUST00006558,0.0,0.0,Low Risk,0
CUST00006559,0.8659,86.59,Critical Risk,1
CUST00006560,0.0,0.0,Low Risk,0
CUST00006561,0.8659,86.59,Critical Risk,1
CUST00006562,0.0,0.0,Low Risk,0
CUST00006563,0.0,0.0,Low Risk,0
CUST00006564,0.8659,86.59,Critical Risk,1
CUST00006565,0.0,0.0,Low Risk,0
CUST00006566,0.8659,86.59,Critical Risk,1
CUST00006567,0.8659,86.59,Critical Risk,1
CUST00006568,0.3568,35.68,Medium Risk,0
CUST00006569,0.6793,67.93,High Risk,1
CUST00006570,0.4369,43.69,Medium Risk,0
CUST00006571,0.8659,86.59,Critical Risk,1
CUST00006572,0.0,0.0,Low Risk,0
CUST00006573,0.0,0.0,Low Risk,0
CUST00006574,0.0,0.0,Low Risk,0
CUST00006575,0.8659,86.59,Critical Risk,1
CUST00006576,0.8659,86.59,Critical Risk,1
CUST00006577,0.0,0.0,Low Risk,0
CUST00006578,0.0,0.0,Low Risk,0
CUST00006579,0.8659,86.59,Critical Risk,1
CUST00006580,0.5362,53.62,High Risk,1
CUST00006581,0.0,0.0,Low Risk,0
CUST00006582,0.0,0.0,Low Risk,0
CUST00006583,0.8659,86.59,Critical Risk,1
CUST00006584,0.8659,86.59,Critical Risk,1
CUST00006585,0.0,0.0,Low Risk,0
CUST00006586,0.6793,67.93,High Risk,1
CUST00006587,0.0,0.0,Low Risk,0
CUST00006588,0.8659,86.59,Critical Risk,1
CUST00006589,0.8659,86.59,Critical Risk,1
CUST00006590,0.8659,86.59,Critical Risk,1
CUST00006591,0.0,0.0,Low Risk,0
CUST00006592,0.6793,67.93,High Risk,1
CUST00006593,0.3568,35.68,Medium Risk,0
CUST00006594,0.0,0.0,Low Risk,0
CUST00006595,0.0,0.0,Low Risk,0
CUST00006596,0.0,0.0,Low Risk,0
CUST00006597,0.8659,86.59,Critical Risk,1
CUST00006598,0.0,0.0,Low Risk,0
CUST00006599,0.8659,86.59,Critical Risk,1
CUST00006600,0.6793,67.93,High Risk,1
CUST00006601,0.0,0.0,Low Risk,0
CUST00006602,0.0,0.0,Low Risk,0
CUST00006603,0.0,0.0,Low Risk,0
CUST00006604,0.6793,67.93,High Risk,1
CUST00006605,0.8659,86.59,Critical Risk,1
CUST00006606,0.0,0.0,Low Risk,0
CUST00006607,0.0,0.0,Low Risk,0
CUST00006608,0.0,0.0,Low Risk,0
CUST00006609,0.0,0.0,Low Risk,0
CUST00006610,0.8659,86.59,Critical Risk,1
CUST00006611,0.0,0.0,Low Risk,0
CUST00006612,0.0,0.0,Low Risk,0
CUST00006613,0.0,0.0,Low Risk,0
CUST00006614,0.4369,43.69,Medium Risk,0
CUST00006615,0.8659,86.59,Critical Risk,1
CUST00006616,0.8659,86.59,Critical Risk,1
CUST00006617,0.5362,53.62,High Risk,1
CUST00006618,0.6138,61.38,High Risk,1
CUST00006619,0.8659,86.59,Critical Risk,1
CUST00006620,0.6914,69.14,High Risk,1
CUST00006621,0.5362,53.62,High Risk,1
CUST00006622,0.0,0.0,Low Risk,0
CUST00006623,0.0,0.0,Low Risk,0
CUST00006624,0.0,0.0,Low Risk,0
CUST00006625,0.0,0.0,Low Risk,0
CUST00006626,0.0,0.0,Low Risk,0
CUST00006627,0.0,0.0,Low Risk,0
CUST00006628,0.8659,86.59,Critical Risk,1
CUST00006629,0.8659,86.59,Critical Risk,1
CUST00006630,0.8659,86.59,Critical Risk,1
CUST00006631,0.3568,35.68,Medium Risk,0
CUST00006632,0.0,0.0,Low Risk,0
CUST00006633,0.0,0.0,Low Risk,0
CUST00006634,0.5362,53.62,High Risk,1
CUST00006635,0.4369,43.69,Medium Risk,0
CUST00006636,0.8659,86.59,Critical Risk,1
CUST00006637,0.6138,61.38,High Risk,1
CUST00006638,0.0,0.0,Low Risk,0
CUST00006639,0.6138,61.38,High Risk,1
CUST00006640,0.0,0.0,Low Risk,0
CUST00006641,0.0,0.0,Low Risk,0
CUST00006642,0.0,0.0,Low Risk,0
CUST00006643,0.0,0.0,Low Risk,0
CUST00006644,0.8659,86.59,Critical Risk,1
CUST00006645,0.0,0.0,Low Risk,0
CUST00006646,0.0,0.0,Low Risk,0
CUST00006647,0.8659,86.59,Critical Risk,1
CUST00006648,0.0,0.0,Low Risk,0
CUST00006649,0.0,0.0,Low Risk,0
CUST00006650,0.0,0.0,Low Risk,0
CUST00006651,0.0,0.0,Low Risk,0
CUST00006652,0.8659,86.59,Critical Risk,1
CUST00006653,0.8659,86.59,Critical Risk,1
CUST00006654,0.6914,69.14,High Risk,1
CUST00006655,0.5362,53.62,High Risk,1
CUST00006656,0.8659,86.59,Critical Risk,1
CUST00006657,0.6914,69.14,High Risk,1
CUST00006658,0.0,0.0,Low Risk,0
CUST00006659,0.0,0.0,Low Risk,0
CUST00006660,0.0,0.0,Low Risk,0
CUST00006661,0.0,0.0,Low Risk,0
CUST00006662,0.4369,43.69,Medium Risk,0
CUST00006663,0.0,0.0,Low Risk,0
CUST00006664,0.6793,67.93,High Risk,1
CUST00006665,0.0,0.0,Low Risk,0
CUST00006666,0.8659,86.59,Critical Risk,1
CUST00006667,0.0,0.0,Low Risk,0
CUST00006668,0.0,0.0,Low Risk,0
CUST00006669,0.8659,86.59,Critical Risk,1
CUST00006670,0.0,0.0,Low Risk,0
CUST00006671,0.6914,69.14,High Risk,1
CUST00006672,0.0,0.0,Low Risk,0
CUST00006673,0.0,0.0,Low Risk,0
CUST00006674,0.0,0.0,Low Risk,0
CUST00006675,0.6793,67.93,High Risk,1
CUST00006676,0.6914,69.14,High Risk,1
CUST00006677,0.0,0.0,Low Risk,0
CUST00006678,0.3037,30.37,Medium Risk,0
CUST00006679,0.6793,67.93,High Risk,1
CUST00006680,0.5362,53.62,High Risk,1
CUST00006681,0.0,0.0,Low Risk,0
CUST00006682,0.8659,86.59,Critical Risk,1
CUST00006683,0.0,0.0,Low Risk,0
CUST00006684,0.8659,86.59,Critical Risk,1
CUST00006685,0.8659,86.59,Critical Risk,1
CUST00006686,0.0,0.0,Low Risk,0
CUST00006687,0.8659,86.59,Critical Risk,1
CUST00006688,0.4369,43.69,Medium Risk,0
CUST00006689,0.0,0.0,Low Risk,0
CUST00006690,0.0,0.0,Low Risk,0
CUST00006691,0.4369,43.69,Medium Risk,0
CUST00006692,0.8659,86.59,Critical Risk,1
CUST00006693,0.0,0.0,Low Risk,0
CUST00006694,0.0,0.0,Low Risk,0
CUST00006695,0.8659,86.59,Critical Risk,1
CUST00006696,0.4369,43.69,Medium Risk,0
CUST00006697,0.5362,53.62,High Risk,1
CUST00006698,0.8659,86.59,Critical Risk,1
CUST00006699,0.0,0.0,Low Risk,0
CUST00006700,0.0,0.0,Low Risk,0
CUST00006701,0.0,0.0,Low Risk,0
CUST00006702,0.0,0.0,Low Risk,0
CUST00006703,0.5362,53.62,High Risk,1
CUST00006704,0.0,0.0,Low Risk,0
CUST00006705,0.8659,86.59,Critical Risk,1
CUST00006706,0.0,0.0,Low Risk,0
CUST00006707,0.0,0.0,Low Risk,0
CUST00006708,0.8659,86.59,Critical Risk,1
CUST00006709,0.8659,86.59,Critical Risk,1
CUST00006710,0.0,0.0,Low Risk,0
CUST00006711,0.4369,43.69,Medium Risk,0
CUST00006712,0.0,0.0,Low Risk,0
CUST00006713,0.0,0.0,Low Risk,0
CUST00006714,0.8659,86.59,Critical Risk,1
CUST00006715,0.0,0.0,Low Risk,0
CUST00006716,0.3568,35.68,Medium Risk,0
CUST00006717,0.5362,53.62,High Risk,1
CUST00006718,0.0,0.0,Low Risk,0
CUST00006719,0.5362,53.62,High Risk,1
CUST00006720,0.6914,69.14,High Risk,1
CUST00006721,0.359,35.9,Medium Risk,0
CUST00006722,0.0,0.0,Low Risk,0
CUST00006723,0.0,0.0,Low Risk,0
CUST00006724,0.3037,30.37,Medium Risk,0
CUST00006725,0.8659,86.59,Critical Risk,1
CUST00006726,0.0,0.0,Low Risk,0
CUST00006727,0.5362,53.62,High Risk,1
CUST00006728,0.0,0.0,Low Risk,0
CUST00006729,0.0,0.0,Low Risk,0
CUST00006730,0.0,0.0,Low Risk,0
CUST00006731,0.0,0.0,Low Risk,0
CUST00006732,0.8659,86.59,Critical Risk,1
CUST00006733,0.0,0.0,Low Risk,0
CUST00006734,0.4369,43.69,Medium Risk,0
CUST00006735,0.0,0.0,Low Risk,0
CUST00006736,0.0,0.0,Low Risk,0
CUST00006737,0.6914,69.14,High Risk,1
CUST00006738,0.6138,61.38,High Risk,1
CUST00006739,0.8659,86.59,Critical Risk,1
CUST00006740,0.8659,86.59,Critical Risk,1
CUST00006741,0.3037,30.37,Medium Risk,0
CUST00006742,0.0,0.0,Low Risk,0
CUST00006743,0.0,0.0,Low Risk,0
CUST00006744,0.4369,43.69,Medium Risk,0
CUST00006745,0.8659,86.59,Critical Risk,1
CUST00006746,0.1,10.0,Low Risk,0
CUST00006747,0.0,0.0,Low Risk,0
CUST00006748,0.8659,86.59,Critical Risk,1
CUST00006749,0.8659,86.59,Critical Risk,1
CUST00006750,0.6138,61.38,High Risk,1
CUST00006751,0.0,0.0,Low Risk,0
CUST00006752,0.0,0.0,Low Risk,0
CUST00006753,0.8659,86.59,Critical Risk,1
CUST00006754,0.0,0.0,Low Risk,0
CUST00006755,0.1,10.0,Low Risk,0
CUST00006756,0.8659,86.59,Critical Risk,1
CUST00006757,0.0,0.0,Low Risk,0
CUST00006758,0.0,0.0,Low Risk,0
CUST00006759,0.3037,30.37,Medium Risk,0
CUST00006760,0.0,0.0,Low Risk,0
CUST00006761,0.0,0.0,Low Risk,0
CUST00006762,0.8659,86.59,Critical Risk,1
CUST00006763,0.6793,67.93,High Risk,1
CUST00006764,0.0,0.0,Low Risk,0
CUST00006765,0.8659,86.59,Critical Risk,1
CUST00006766,0.0,0.0,Low Risk,0
CUST00006767,0.6138,61.38,High Risk,1
CUST00006768,0.5362,53.62,High Risk,1
CUST00006769,0.6914,69.14,High Risk,1
CUST00006770,0.0,0.0,Low Risk,0
CUST00006771,0.8659,86.59,Critical Risk,1
CUST00006772,0.5362,53.62,High Risk,1
CUST00006773,0.0,0.0,Low Risk,0
CUST00006774,0.4369,43.69,Medium Risk,0
CUST00006775,0.0,0.0,Low Risk,0
CUST00006776,0.0,0.0,Low Risk,0
CUST00006777,0.0,0.0,Low Risk,0
CUST00006778,0.8659,86.59,Critical Risk,1
CUST00006779,0.0,0.0,Low Risk,0
CUST00006780,0.0,0.0,Low Risk,0
CUST00006781,0.0,0.0,Low Risk,0
CUST00006782,0.9744,97.44,Critical Risk,1
CUST00006783,0.8659,86.59,Critical Risk,1
CUST00006784,0.8659,86.59,Critical Risk,1
CUST00006785,0.0,0.0,Low Risk,0
CUST00006786,0.359,35.9,Medium Risk,0
CUST00006787,0.0,0.0,Low Risk,0
CUST00006788,0.6914,69.14,High Risk,1
CUST00006789,0.4369,43.69,Medium Risk,0
CUST00006790,0.8659,86.59,Critical Risk,1
CUST00006791,0.0,0.0,Low Risk,0
CUST00006792,0.3037,30.37,Medium Risk,0
CUST00006793,0.8659,86.59,Critical Risk,1
CUST00006794,0.0,0.0,Low Risk,0
CUST00006795,0.0,0.0,Low Risk,0
CUST00006796,0.4369,43.69,Medium Risk,0
CUST00006797,0.3037,30.37,Medium Risk,0
CUST00006798,0.0,0.0,Low Risk,0
CUST00006799,0.0,0.0,Low Risk,0
CUST00006800,0.0,0.0,Low Risk,0
CUST00006801,0.0,0.0,Low Risk,0
CUST00006802,0.8659,86.59,Critical Risk,1
CUST00006803,0.4369,43.69,Medium Risk,0
CUST00006804,0.0,0.0,Low Risk,0
CUST00006805,0.6914,69.14,High Risk,1
CUST00006806,0.1,10.0,Low Risk,0
CUST00006807,0.6914,69.14,High Risk,1
CUST00006808,0.0,0.0,Low Risk,0
CUST00006809,0.0,0.0,Low Risk,0
CUST00006810,0.5362,53.62,High Risk,1
CUST00006811,0.0,0.0,Low Risk,0
CUST00006812,0.0,0.0,Low Risk,0
CUST00006813,0.0,0.0,Low Risk,0
CUST00006814,0.8659,86.59,Critical Risk,1
CUST00006815,0.0,0.0,Low Risk,0
CUST00006816,0.3568,35.68,Medium Risk,0
CUST00006817,0.0,0.0,Low Risk,0
CUST00006818,0.3568,35.68,Medium Risk,0
CUST00006819,0.5362,53.62,High Risk,1
CUST00006820,0.6914,69.14,High Risk,1
CUST00006821,0.0,0.0,Low Risk,0
CUST00006822,0.8659,86.59,Critical Risk,1
CUST00006823,0.3568,35.68,Medium Risk,0
CUST00006824,0.0,0.0,Low Risk,0
CUST00006825,0.0,0.0,Low Risk,0
CUST00006826,0.8659,86.59,Critical Risk,1
CUST00006827,0.0,0.0,Low Risk,0
CUST00006828,0.6138,61.38,High Risk,1
CUST00006829,0.0,0.0,Low Risk,0
CUST00006830,0.0,0.0,Low Risk,0
CUST00006831,0.4369,43.69,Medium Risk,0
CUST00006832,0.0,0.0,Low Risk,0
CUST00006833,0.0,0.0,Low Risk,0
CUST00006834,0.8659,86.59,Critical Risk,1
CUST00006835,0.0,0.0,Low Risk,0
CUST00006836,0.0,0.0,Low Risk,0
CUST00006837,0.0,0.0,Low Risk,0
CUST00006838,0.0,0.0,Low Risk,0
CUST00006839,0.0,0.0,Low Risk,0
CUST00006840,0.8659,86.59,Critical Risk,1
CUST00006841,0.6793,67.93,High Risk,1
CUST00006842,0.5362,53.62,High Risk,1
CUST00006843,0.0,0.0,Low Risk,0
CUST00006844,0.8659,86.59,Critical Risk,1
CUST00006845,0.0,0.0,Low Risk,0
CUST00006846,0.3568,35.68,Medium Risk,0
CUST00006847,0.0,0.0,Low Risk,0
CUST00006848,0.0,0.0,Low Risk,0
CUST00006849,0.4369,43.69,Medium Risk,0
CUST00006850,0.0,0.0,Low Risk,0
CUST00006851,0.0,0.0,Low Risk,0
CUST00006852,0.0,0.0,Low Risk,0
CUST00006853,0.8659,86.59,Critical Risk,1
CUST00006854,0.4369,43.69,Medium Risk,0
CUST00006855,0.8659,86.59,Critical Risk,1
CUST00006856,0.6138,61.38,High Risk,1
CUST00006857,0.8659,86.59,Critical Risk,1
CUST00006858,0.3037,30.37,Medium Risk,0
CUST00006859,0.8659,86.59,Critical Risk,1
CUST00006860,0.8659,86.59,Critical Risk,1
CUST00006861,0.8659,86.59,Critical Risk,1
CUST00006862,0.6914,69.14,High Risk,1
CUST00006863,0.8659,86.59,Critical Risk,1
CUST00006864,0.4369,43.69,Medium Risk,0
CUST00006865,0.6914,69.14,High Risk,1
CUST00006866,0.0,0.0,Low Risk,0
CUST00006867,0.0,0.0,Low Risk,0
CUST00006868,0.6793,67.93,High Risk,1
CUST00006869,0.0,0.0,Low Risk,0
CUST00006870,0.0,0.0,Low Risk,0
CUST00006871,0.4369,43.69,Medium Risk,0
CUST00006872,0.3037,30.37,Medium Risk,0
CUST00006873,0.0,0.0,Low Risk,0
CUST00006874,0.6914,69.14,High Risk,1
CUST00006875,0.0,0.0,Low Risk,0
CUST00006876,0.6138,61.38,High Risk,1
CUST00006877,0.0,0.0,Low Risk,0
CUST00006878,0.0,0.0,Low Risk,0
CUST00006879,0.0,0.0,Low Risk,0
CUST00006880,0.0,0.0,Low Risk,0
CUST00006881,0.0,0.0,Low Risk,0
CUST00006882,0.8659,86.59,Critical Risk,1
CUST00006883,0.0,0.0,Low Risk,0
CUST00006884,0.3037,30.37,Medium Risk,0
CUST00006885,0.0,0.0,Low Risk,0
CUST00006886,0.0,0.0,Low Risk,0
CUST00006887,0.0,0.0,Low Risk,0
CUST00006888,0.0,0.0,Low Risk,0
CUST00006889,0.0,0.0,Low Risk,0
CUST00006890,0.0,0.0,Low Risk,0
CUST00006891,0.0,0.0,Low Risk,0
CUST00006892,0.6793,67.93,High Risk,1
CUST00006893,0.8659,86.59,Critical Risk,1
CUST00006894,0.6138,61.38,High Risk,1
CUST00006895,0.359,35.9,Medium Risk,0
CUST00006896,0.8659,86.59,Critical Risk,1
CUST00006897,0.0,0.0,Low Risk,0
CUST00006898,0.0,0.0,Low Risk,0
CUST00006899,0.4369,43.69,Medium Risk,0
CUST00006900,0.0,0.0,Low Risk,0
CUST00006901,0.8659,86.59,Critical Risk,1
CUST00006902,0.0,0.0,Low Risk,0
CUST00006903,0.0,0.0,Low Risk,0
CUST00006904,0.0,0.0,Low Risk,0
CUST00006905,0.0,0.0,Low Risk,0
CUST00006906,0.8659,86.59,Critical Risk,1
CUST00006907,0.8659,86.59,Critical Risk,1
CUST00006908,0.6914,69.14,High Risk,1
CUST00006909,0.4369,43.69,Medium Risk,0
CUST00006910,0.0,0.0,Low Risk,0
CUST00006911,0.0,0.0,Low Risk,0
CUST00006912,0.6914,69.14,High Risk,1
CUST00006913,0.4369,43.69,Medium Risk,0
CUST00006914,0.0,0.0,Low Risk,0
CUST00006915,0.0,0.0,Low Risk,0
CUST00006916,0.8659,86.59,Critical Risk,1
CUST00006917,0.0,0.0,Low Risk,0
CUST00006918,0.0,0.0,Low Risk,0
CUST00006919,0.0,0.0,Low Risk,0
CUST00006920,0.8659,86.59,Critical Risk,1
CUST00006921,0.0,0.0,Low Risk,0
CUST00006922,0.0,0.0,Low Risk,0
CUST00006923,0.4369,43.69,Medium Risk,0
CUST00006924,0.6793,67.93,High Risk,1
CUST00006925,0.8659,86.59,Critical Risk,1
CUST00006926,0.0,0.0,Low Risk,0
CUST00006927,0.3568,35.68,Medium Risk,0
CUST00006928,0.6793,67.93,High Risk,1
CUST00006929,0.5362,53.62,High Risk,1
CUST00006930,0.0,0.0,Low Risk,0
CUST00006931,0.0,0.0,Low Risk,0
CUST00006932,0.3037,30.37,Medium Risk,0
CUST00006933,0.0,0.0,Low Risk,0
CUST00006934,0.0,0.0,Low Risk,0
CUST00006935,0.0,0.0,Low Risk,0
CUST00006936,0.6793,67.93,High Risk,1
CUST00006937,0.4369,43.69,Medium Risk,0
CUST00006938,0.8659,86.59,Critical Risk,1
CUST00006939,0.0,0.0,Low Risk,0
CUST00006940,0.6793,67.93,High Risk,1
CUST00006941,0.8659,86.59,Critical Risk,1
CUST00006942,0.6138,61.38,High Risk,1
CUST00006943,0.0,0.0,Low Risk,0
CUST00006944,0.8659,86.59,Critical Risk,1
CUST00006945,0.5362,53.62,High Risk,1
CUST00006946,0.8659,86.59,Critical Risk,1
CUST00006947,0.0,0.0,Low Risk,0
CUST00006948,0.5362,53.62,High Risk,1
CUST00006949,0.359,35.9,Medium Risk,0
CUST00006950,0.5362,53.62,High Risk,1
CUST00006951,0.0,0.0,Low Risk,0
CUST00006952,0.0,0.0,Low Risk,0
CUST00006953,0.4369,43.69,Medium Risk,0
CUST00006954,0.0,0.0,Low Risk,0
CUST00006955,0.4369,43.69,Medium Risk,0
CUST00006956,0.0,0.0,Low Risk,0
CUST00006957,0.3568,35.68,Medium Risk,0
CUST00006958,0.8659,86.59,Critical Risk,1
CUST00006959,0.0,0.0,Low Risk,0
CUST00006960,0.0,0.0,Low Risk,0
CUST00006961,0.8659,86.59,Critical Risk,1
CUST00006962,0.0,0.0,Low Risk,0
CUST00006963,0.4369,43.69,Medium Risk,0
CUST00006964,0.0,0.0,Low Risk,0
CUST00006965,0.4369,43.69,Medium Risk,0
CUST00006966,0.0,0.0,Low Risk,0
CUST00006967,0.8659,86.59,Critical Risk,1
CUST00006968,0.6914,69.14,High Risk,1
CUST00006969,0.5362,53.62,High Risk,1
CUST00006970,0.0,0.0,Low Risk,0
CUST00006971,0.6793,67.93,High Risk,1
CUST00006972,0.0,0.0,Low Risk,0
CUST00006973,0.4369,43.69,Medium Risk,0
CUST00006974,0.6793,67.93,High Risk,1
CUST00006975,0.6793,67.93,High Risk,1
CUST00006976,0.6793,67.93,High Risk,1
CUST00006977,0.8659,86.59,Critical Risk,1
CUST00006978,0.0,0.0,Low Risk,0
CUST00006979,0.0,0.0,Low Risk,0
CUST00006980,0.8659,86.59,Critical Risk,1
CUST00006981,0.6138,61.38,High Risk,1
CUST00006982,0.8659,86.59,Critical Risk,1
CUST00006983,0.8659,86.59,Critical Risk,1
CUST00006984,0.0,0.0,Low Risk,0
CUST00006985,0.8659,86.59,Critical Risk,1
CUST00006986,0.0,0.0,Low Risk,0
CUST00006987,0.8659,86.59,Critical Risk,1
CUST00006988,0.0,0.0,Low Risk,0
CUST00006989,0.4369,43.69,Medium Risk,0
CUST00006990,0.8659,86.59,Critical Risk,1
CUST00006991,0.4369,43.69,Medium Risk,0
CUST00006992,0.0,0.0,Low Risk,0
CUST00006993,0.0,0.0,Low Risk,0
CUST00006994,0.8659,86.59,Critical Risk,1
CUST00006995,0.0,0.0,Low Risk,0
CUST00006996,0.8659,86.59,Critical Risk,1
CUST00006997,0.0,0.0,Low Risk,0
CUST00006998,0.8659,86.59,Critical Risk,1
CUST00006999,0.0,0.0,Low Risk,0
CUST00007000,0.0,0.0,Low Risk,0
CUST00007001,0.5362,53.62,High Risk,1
CUST00007002,0.0,0.0,Low Risk,0
CUST00007003,0.0,0.0,Low Risk,0
CUST00007004,0.1,10.0,Low Risk,0
CUST00007005,0.0,0.0,Low Risk,0
CUST00007006,0.0,0.0,Low Risk,0
CUST00007007,0.4369,43.69,Medium Risk,0
CUST00007008,0.0,0.0,Low Risk,0
CUST00007009,0.8659,86.59,Critical Risk,1
CUST00007010,0.6914,69.14,High Risk,1
CUST00007011,0.0,0.0,Low Risk,0
CUST00007012,0.0,0.0,Low Risk,0
CUST00007013,0.4369,43.69,Medium Risk,0
CUST00007014,0.5362,53.62,High Risk,1
CUST00007015,0.8659,86.59,Critical Risk,1
CUST00007016,0.0,0.0,Low Risk,0
CUST00007017,0.8659,86.59,Critical Risk,1
CUST00007018,0.6138,61.38,High Risk,1
CUST00007019,0.8659,86.59,Critical Risk,1
CUST00007020,0.0,0.0,Low Risk,0
CUST00007021,0.3037,30.37,Medium Risk,0
CUST00007022,0.0,0.0,Low Risk,0
CUST00007023,0.8659,86.59,Critical Risk,1
CUST00007024,0.0,0.0,Low Risk,0
CUST00007025,0.8659,86.59,Critical Risk,1
CUST00007026,0.0,0.0,Low Risk,0
CUST00007027,0.8659,86.59,Critical Risk,1
CUST00007028,0.0,0.0,Low Risk,0
CUST00007029,0.0,0.0,Low Risk,0
CUST00007030,0.0,0.0,Low Risk,0
CUST00007031,0.0,0.0,Low Risk,0
CUST00007032,0.8659,86.59,Critical Risk,1
CUST00007033,0.0,0.0,Low Risk,0
CUST00007034,0.0,0.0,Low Risk,0
CUST00007035,0.8659,86.59,Critical Risk,1
CUST00007036,0.5362,53.62,High Risk,1
CUST00007037,0.0,0.0,Low Risk,0
CUST00007038,0.3568,35.68,Medium Risk,0
CUST00007039,0.6793,67.93,High Risk,1
CUST00007040,0.3568,35.68,Medium Risk,0
CUST00007041,0.3568,35.68,Medium Risk,0
CUST00007042,0.0,0.0,Low Risk,0
CUST00007043,0.0,0.0,Low Risk,0
CUST00007044,0.0,0.0,Low Risk,0
CUST00007045,0.6793,67.93,High Risk,1
CUST00007046,0.8659,86.59,Critical Risk,1
CUST00007047,0.0,0.0,Low Risk,0
CUST00007048,0.0,0.0,Low Risk,0
CUST00007049,0.0,0.0,Low Risk,0
CUST00007050,0.0,0.0,Low Risk,0
CUST00007051,0.6793,67.93,High Risk,1
CUST00007052,0.0,0.0,Low Risk,0
CUST00007053,0.4369,43.69,Medium Risk,0
CUST00007054,0.359,35.9,Medium Risk,0
CUST00007055,0.0,0.0,Low Risk,0
CUST00007056,0.8659,86.59,Critical Risk,1
CUST00007057,0.6138,61.38,High Risk,1
CUST00007058,0.0,0.0,Low Risk,0
CUST00007059,0.4369,43.69,Medium Risk,0
CUST00007060,0.8659,86.59,Critical Risk,1
CUST00007061,0.6914,69.14,High Risk,1
CUST00007062,0.0,0.0,Low Risk,0
CUST00007063,0.6138,61.38,High Risk,1
CUST00007064,0.0,0.0,Low Risk,0
CUST00007065,0.6793,67.93,High Risk,1
CUST00007066,0.4369,43.69,Medium Risk,0
CUST00007067,0.0,0.0,Low Risk,0
CUST00007068,0.6914,69.14,High Risk,1
CUST00007069,0.6793,67.93,High Risk,1
CUST00007070,0.0,0.0,Low Risk,0
CUST00007071,0.0,0.0,Low Risk,0
CUST00007072,0.4369,43.69,Medium Risk,0
CUST00007073,0.359,35.9,Medium Risk,0
CUST00007074,0.6138,61.38,High Risk,1
CUST00007075,0.3037,30.37,Medium Risk,0
CUST00007076,0.0,0.0,Low Risk,0
CUST00007077,0.6793,67.93,High Risk,1
CUST00007078,0.3568,35.68,Medium Risk,0
CUST00007079,0.359,35.9,Medium Risk,0
CUST00007080,0.6793,67.93,High Risk,1
CUST00007081,0.0,0.0,Low Risk,0
CUST00007082,0.0,0.0,Low Risk,0
CUST00007083,0.0,0.0,Low Risk,0
CUST00007084,0.8659,86.59,Critical Risk,1
CUST00007085,0.0,0.0,Low Risk,0
CUST00007086,0.0,0.0,Low Risk,0
CUST00007087,0.5362,53.62,High Risk,1
CUST00007088,0.0,0.0,Low Risk,0
CUST00007089,0.0,0.0,Low Risk,0
CUST00007090,0.8659,86.59,Critical Risk,1
CUST00007091,0.3037,30.37,Medium Risk,0
CUST00007092,0.6793,67.93,High Risk,1
CUST00007093,0.0,0.0,Low Risk,0
CUST00007094,0.0,0.0,Low Risk,0
CUST00007095,0.4369,43.69,Medium Risk,0
CUST00007096,0.0,0.0,Low Risk,0
CUST00007097,0.8659,86.59,Critical Risk,1
CUST00007098,0.0,0.0,Low Risk,0
CUST00007099,0.8659,86.59,Critical Risk,1
CUST00007100,0.8659,86.59,Critical Risk,1
CUST00007101,0.0,0.0,Low Risk,0
CUST00007102,0.6793,67.93,High Risk,1
CUST00007103,0.8659,86.59,Critical Risk,1
CUST00007104,0.6793,67.93,High Risk,1
CUST00007105,0.0,0.0,Low Risk,0
CUST00007106,0.6914,69.14,High Risk,1
CUST00007107,0.0,0.0,Low Risk,0
CUST00007108,0.0,0.0,Low Risk,0
CUST00007109,0.6793,67.93,High Risk,1
CUST00007110,0.0,0.0,Low Risk,0
CUST00007111,0.0,0.0,Low Risk,0
CUST00007112,0.8659,86.59,Critical Risk,1
CUST00007113,0.3568,35.68,Medium Risk,0
CUST00007114,0.0,0.0,Low Risk,0
CUST00007115,0.8659,86.59,Critical Risk,1
CUST00007116,0.0,0.0,Low Risk,0
CUST00007117,0.0,0.0,Low Risk,0
CUST00007118,0.6138,61.38,High Risk,1
CUST00007119,0.6793,67.93,High Risk,1
CUST00007120,0.8659,86.59,Critical Risk,1
CUST00007121,0.5362,53.62,High Risk,1
CUST00007122,0.0,0.0,Low Risk,0
CUST00007123,0.359,35.9,Medium Risk,0
CUST00007124,0.0,0.0,Low Risk,0
CUST00007125,0.0,0.0,Low Risk,0
CUST00007126,0.0,0.0,Low Risk,0
CUST00007127,0.0,0.0,Low Risk,0
CUST00007128,0.8659,86.59,Critical Risk,1
CUST00007129,0.8659,86.59,Critical Risk,1
CUST00007130,0.8659,86.59,Critical Risk,1
CUST00007131,0.8659,86.59,Critical Risk,1
CUST00007132,0.3568,35.68,Medium Risk,0
CUST00007133,0.0,0.0,Low Risk,0
CUST00007134,0.4369,43.69,Medium Risk,0
CUST00007135,0.0,0.0,Low Risk,0
CUST00007136,0.0,0.0,Low Risk,0
CUST00007137,0.0,0.0,Low Risk,0
CUST00007138,0.8659,86.59,Critical Risk,1
CUST00007139,0.0,0.0,Low Risk,0
CUST00007140,0.0,0.0,Low Risk,0
CUST00007141,0.0,0.0,Low Risk,0
CUST00007142,0.0,0.0,Low Risk,0
CUST00007143,0.3568,35.68,Medium Risk,0
CUST00007144,0.8659,86.59,Critical Risk,1
CUST00007145,0.6793,67.93,High Risk,1
CUST00007146,0.0,0.0,Low Risk,0
CUST00007147,0.6793,67.93,High Risk,1
CUST00007148,0.8659,86.59,Critical Risk,1
CUST00007149,0.3568,35.68,Medium Risk,0
CUST00007150,0.0,0.0,Low Risk,0
CUST00007151,0.6793,67.93,High Risk,1
CUST00007152,0.8659,86.59,Critical Risk,1
CUST00007153,0.0,0.0,Low Risk,0
CUST00007154,0.0,0.0,Low Risk,0
CUST00007155,0.6138,61.38,High Risk,1
CUST00007156,0.8659,86.59,Critical Risk,1
CUST00007157,0.8659,86.59,Critical Risk,1
CUST00007158,0.0,0.0,Low Risk,0
CUST00007159,0.0,0.0,Low Risk,0
CUST00007160,0.6793,67.93,High Risk,1
CUST00007161,0.8659,86.59,Critical Risk,1
CUST00007162,0.0,0.0,Low Risk,0
CUST00007163,0.0,0.0,Low Risk,0
CUST00007164,0.0,0.0,Low Risk,0
CUST00007165,0.0,0.0,Low Risk,0
CUST00007166,0.6793,67.93,High Risk,1
CUST00007167,0.0,0.0,Low Risk,0
CUST00007168,0.0,0.0,Low Risk,0
CUST00007169,0.0,0.0,Low Risk,0
CUST00007170,0.0,0.0,Low Risk,0
CUST00007171,0.0,0.0,Low Risk,0
CUST00007172,0.6138,61.38,High Risk,1
CUST00007173,0.0,0.0,Low Risk,0
CUST00007174,0.8659,86.59,Critical Risk,1
CUST00007175,0.0,0.0,Low Risk,0
CUST00007176,0.5362,53.62,High Risk,1
CUST00007177,0.359,35.9,Medium Risk,0
CUST00007178,0.4369,43.69,Medium Risk,0
CUST00007179,0.0,0.0,Low Risk,0
CUST00007180,0.0,0.0,Low Risk,0
CUST00007181,0.8659,86.59,Critical Risk,1
CUST00007182,0.0,0.0,Low Risk,0
CUST00007183,0.0,0.0,Low Risk,0
CUST00007184,0.8659,86.59,Critical Risk,1
CUST00007185,0.4369,43.69,Medium Risk,0
CUST00007186,0.4369,43.69,Medium Risk,0
CUST00007187,0.8659,86.59,Critical Risk,1
CUST00007188,0.6914,69.14,High Risk,1
CUST00007189,0.6914,69.14,High Risk,1
CUST00007190,0.8659,86.59,Critical Risk,1
CUST00007191,0.6138,61.38,High Risk,1
CUST00007192,0.0,0.0,Low Risk,0
CUST00007193,0.0,0.0,Low Risk,0
CUST00007194,0.6793,67.93,High Risk,1
CUST00007195,0.4369,43.69,Medium Risk,0
CUST00007196,0.8659,86.59,Critical Risk,1
CUST00007197,0.8659,86.59,Critical Risk,1
CUST00007198,0.1,10.0,Low Risk,0
CUST00007199,0.0,0.0,Low Risk,0
CUST00007200,0.3037,30.37,Medium Risk,0
CUST00007201,0.3568,35.68,Medium Risk,0
CUST00007202,0.0,0.0,Low Risk,0
CUST00007203,0.6793,67.93,High Risk,1
CUST00007204,0.0,0.0,Low Risk,0
CUST00007205,0.6793,67.93,High Risk,1
CUST00007206,0.4369,43.69,Medium Risk,0
CUST00007207,0.6138,61.38,High Risk,1
CUST00007208,0.0,0.0,Low Risk,0
CUST00007209,0.0,0.0,Low Risk,0
CUST00007210,0.0,0.0,Low Risk,0
CUST00007211,0.6914,69.14,High Risk,1
CUST00007212,0.8659,86.59,Critical Risk,1
CUST00007213,0.0,0.0,Low Risk,0
CUST00007214,0.6793,67.93,High Risk,1
CUST00007215,0.6793,67.93,High Risk,1
CUST00007216,0.0,0.0,Low Risk,0
CUST00007217,0.0,0.0,Low Risk,0
CUST00007218,0.0,0.0,Low Risk,0
CUST00007219,0.8659,86.59,Critical Risk,1
CUST00007220,0.0,0.0,Low Risk,0
CUST00007221,0.0,0.0,Low Risk,0
CUST00007222,0.0,0.0,Low Risk,0
CUST00007223,0.0,0.0,Low Risk,0
CUST00007224,0.0,0.0,Low Risk,0
CUST00007225,0.0,0.0,Low Risk,0
CUST00007226,0.5362,53.62,High Risk,1
CUST00007227,0.0,0.0,Low Risk,0
CUST00007228,0.6793,67.93,High Risk,1
CUST00007229,0.0,0.0,Low Risk,0
CUST00007230,0.8659,86.59,Critical Risk,1
CUST00007231,0.6138,61.38,High Risk,1
CUST00007232,0.0,0.0,Low Risk,0
CUST00007233,0.0,0.0,Low Risk,0
CUST00007234,0.0,0.0,Low Risk,0
CUST00007235,0.0,0.0,Low Risk,0
CUST00007236,0.0,0.0,Low Risk,0
CUST00007237,0.8659,86.59,Critical Risk,1
CUST00007238,0.0,0.0,Low Risk,0
CUST00007239,0.1,10.0,Low Risk,0
CUST00007240,0.8659,86.59,Critical Risk,1
CUST00007241,0.0,0.0,Low Risk,0
CUST00007242,0.0,0.0,Low Risk,0
CUST00007243,0.0,0.0,Low Risk,0
CUST00007244,0.4369,43.69,Medium Risk,0
CUST00007245,0.8659,86.59,Critical Risk,1
CUST00007246,0.8659,86.59,Critical Risk,1
CUST00007247,0.5362,53.62,High Risk,1
CUST00007248,0.0,0.0,Low Risk,0
CUST00007249,0.8659,86.59,Critical Risk,1
CUST00007250,0.8659,86.59,Critical Risk,1
CUST00007251,0.8659,86.59,Critical Risk,1
CUST00007252,0.6793,67.93,High Risk,1
CUST00007253,0.6793,67.93,High Risk,1
CUST00007254,0.5362,53.62,High Risk,1
CUST00007255,0.6138,61.38,High Risk,1
CUST00007256,0.0,0.0,Low Risk,0
CUST00007257,0.6793,67.93,High Risk,1
CUST00007258,0.0,0.0,Low Risk,0
CUST00007259,0.0,0.0,Low Risk,0
CUST00007260,0.0,0.0,Low Risk,0
CUST00007261,0.8659,86.59,Critical Risk,1
CUST00007262,0.0,0.0,Low Risk,0
CUST00007263,0.0,0.0,Low Risk,0
CUST00007264,0.5362,53.62,High Risk,1
CUST00007265,0.5362,53.62,High Risk,1
CUST00007266,0.6138,61.38,High Risk,1
CUST00007267,0.0,0.0,Low Risk,0
CUST00007268,0.0,0.0,Low Risk,0
CUST00007269,0.0,0.0,Low Risk,0
CUST00007270,0.8659,86.59,Critical Risk,1
CUST00007271,0.6793,67.93,High Risk,1
CUST00007272,0.1,10.0,Low Risk,0
CUST00007273,0.0,0.0,Low Risk,0
CUST00007274,0.0,0.0,Low Risk,0
CUST00007275,0.0,0.0,Low Risk,0
CUST00007276,0.4369,43.69,Medium Risk,0
CUST00007277,0.5362,53.62,High Risk,1
CUST00007278,0.0,0.0,Low Risk,0
CUST00007279,0.0,0.0,Low Risk,0
CUST00007280,0.0,0.0,Low Risk,0
CUST00007281,0.8659,86.59,Critical Risk,1
CUST00007282,0.0,0.0,Low Risk,0
CUST00007283,0.8659,86.59,Critical Risk,1
CUST00007284,0.359,35.9,Medium Risk,0
CUST00007285,0.6793,67.93,High Risk,1
CUST00007286,0.1,10.0,Low Risk,0
CUST00007287,0.0,0.0,Low Risk,0
CUST00007288,0.6138,61.38,High Risk,1
CUST00007289,0.8659,86.59,Critical Risk,1
CUST00007290,0.3037,30.37,Medium Risk,0
CUST00007291,0.0,0.0,Low Risk,0
CUST00007292,0.8659,86.59,Critical Risk,1
CUST00007293,0.0,0.0,Low Risk,0
CUST00007294,0.0,0.0,Low Risk,0
CUST00007295,0.5362,53.62,High Risk,1
CUST00007296,0.8659,86.59,Critical Risk,1
CUST00007297,0.0,0.0,Low Risk,0
CUST00007298,0.8659,86.59,Critical Risk,1
CUST00007299,0.0,0.0,Low Risk,0
CUST00007300,0.0,0.0,Low Risk,0
CUST00007301,0.0,0.0,Low Risk,0
CUST00007302,0.0,0.0,Low Risk,0
CUST00007303,0.0,0.0,Low Risk,0
CUST00007304,0.0,0.0,Low Risk,0
CUST00007305,0.4369,43.69,Medium Risk,0
CUST00007306,0.0,0.0,Low Risk,0
CUST00007307,0.0,0.0,Low Risk,0
CUST00007308,0.0,0.0,Low Risk,0
CUST00007309,0.0,0.0,Low Risk,0
CUST00007310,0.3568,35.68,Medium Risk,0
CUST00007311,0.0,0.0,Low Risk,0
CUST00007312,0.8659,86.59,Critical Risk,1
CUST00007313,0.8659,86.59,Critical Risk,1
CUST00007314,0.8659,86.59,Critical Risk,1
CUST00007315,0.8659,86.59,Critical Risk,1
CUST00007316,0.0,0.0,Low Risk,0
CUST00007317,0.3568,35.68,Medium Risk,0
CUST00007318,0.0,0.0,Low Risk,0
CUST00007319,0.0,0.0,Low Risk,0
CUST00007320,0.6138,61.38,High Risk,1
CUST00007321,0.8659,86.59,Critical Risk,1
CUST00007322,0.8659,86.59,Critical Risk,1
CUST00007323,0.8659,86.59,Critical Risk,1
CUST00007324,0.5362,53.62,High Risk,1
CUST00007325,0.6793,67.93,High Risk,1
CUST00007326,0.8659,86.59,Critical Risk,1
CUST00007327,0.4369,43.69,Medium Risk,0
CUST00007328,0.8659,86.59,Critical Risk,1
CUST00007329,0.4369,43.69,Medium Risk,0
CUST00007330,0.5362,53.62,High Risk,1
CUST00007331,0.3568,35.68,Medium Risk,0
CUST00007332,0.8659,86.59,Critical Risk,1
CUST00007333,0.0,0.0,Low Risk,0
CUST00007334,0.6793,67.93,High Risk,1
CUST00007335,0.0,0.0,Low Risk,0
CUST00007336,0.0,0.0,Low Risk,0
CUST00007337,0.8659,86.59,Critical Risk,1
CUST00007338,0.0,0.0,Low Risk,0
CUST00007339,0.0,0.0,Low Risk,0
CUST00007340,0.5362,53.62,High Risk,1
CUST00007341,0.0,0.0,Low Risk,0
CUST00007342,0.0,0.0,Low Risk,0
CUST00007343,0.0,0.0,Low Risk,0
CUST00007344,0.8659,86.59,Critical Risk,1
CUST00007345,0.0,0.0,Low Risk,0
CUST00007346,0.0,0.0,Low Risk,0
CUST00007347,0.0,0.0,Low Risk,0
CUST00007348,0.0,0.0,Low Risk,0
CUST00007349,0.0,0.0,Low Risk,0
CUST00007350,0.3037,30.37,Medium Risk,0
CUST00007351,0.4369,43.69,Medium Risk,0
CUST00007352,0.0,0.0,Low Risk,0
CUST00007353,0.5362,53.62,High Risk,1
CUST00007354,0.4369,43.69,Medium Risk,0
CUST00007355,0.0,0.0,Low Risk,0
CUST00007356,0.3037,30.37,Medium Risk,0
CUST00007357,0.0,0.0,Low Risk,0
CUST00007358,0.0,0.0,Low Risk,0
CUST00007359,0.6138,61.38,High Risk,1
CUST00007360,0.0,0.0,Low Risk,0
CUST00007361,0.8659,86.59,Critical Risk,1
CUST00007362,0.6914,69.14,High Risk,1
CUST00007363,0.3037,30.37,Medium Risk,0
CUST00007364,0.0,0.0,Low Risk,0
CUST00007365,0.359,35.9,Medium Risk,0
CUST00007366,0.5362,53.62,High Risk,1
CUST00007367,0.6138,61.38,High Risk,1
CUST00007368,0.0,0.0,Low Risk,0
CUST00007369,0.8659,86.59,Critical Risk,1
CUST00007370,0.0,0.0,Low Risk,0
CUST00007371,0.8659,86.59,Critical Risk,1
CUST00007372,0.8659,86.59,Critical Risk,1
CUST00007373,0.0,0.0,Low Risk,0
CUST00007374,0.0,0.0,Low Risk,0
CUST00007375,0.8659,86.59,Critical Risk,1
CUST00007376,0.0,0.0,Low Risk,0
CUST00007377,0.1,10.0,Low Risk,0
CUST00007378,0.8659,86.59,Critical Risk,1
CUST00007379,0.5362,53.62,High Risk,1
CUST00007380,0.0,0.0,Low Risk,0
CUST00007381,0.8659,86.59,Critical Risk,1
CUST00007382,0.8659,86.59,Critical Risk,1
CUST00007383,0.0,0.0,Low Risk,0
CUST00007384,0.6793,67.93,High Risk,1
CUST00007385,0.0,0.0,Low Risk,0
CUST00007386,0.0,0.0,Low Risk,0
CUST00007387,0.4369,43.69,Medium Risk,0
CUST00007388,0.0,0.0,Low Risk,0
CUST00007389,0.4369,43.69,Medium Risk,0
CUST00007390,0.5362,53.62,High Risk,1
CUST00007391,0.0,0.0,Low Risk,0
CUST00007392,0.6793,67.93,High Risk,1
CUST00007393,0.8659,86.59,Critical Risk,1
CUST00007394,0.5362,53.62,High Risk,1
CUST00007395,0.8659,86.59,Critical Risk,1
CUST00007396,0.6793,67.93,High Risk,1
CUST00007397,0.0,0.0,Low Risk,0
CUST00007398,0.8659,86.59,Critical Risk,1
CUST00007399,0.0,0.0,Low Risk,0
CUST00007400,0.8659,86.59,Critical Risk,1
CUST00007401,0.6138,61.38,High Risk,1
CUST00007402,0.3568,35.68,Medium Risk,0
CUST00007403,0.4369,43.69,Medium Risk,0
CUST00007404,0.0,0.0,Low Risk,0
CUST00007405,0.8659,86.59,Critical Risk,1
CUST00007406,0.0,0.0,Low Risk,0
CUST00007407,0.359,35.9,Medium Risk,0
CUST00007408,0.0,0.0,Low Risk,0
CUST00007409,0.8659,86.59,Critical Risk,1
CUST00007410,0.8659,86.59,Critical Risk,1
CUST00007411,0.0,0.0,Low Risk,0
CUST00007412,0.8659,86.59,Critical Risk,1
CUST00007413,0.0,0.0,Low Risk,0
CUST00007414,0.4369,43.69,Medium Risk,0
CUST00007415,0.0,0.0,Low Risk,0
CUST00007416,0.8659,86.59,Critical Risk,1
CUST00007417,0.3037,30.37,Medium Risk,0
CUST00007418,0.0,0.0,Low Risk,0
CUST00007419,0.8659,86.59,Critical Risk,1
CUST00007420,0.8659,86.59,Critical Risk,1
CUST00007421,0.5362,53.62,High Risk,1
CUST00007422,0.0,0.0,Low Risk,0
CUST00007423,0.8659,86.59,Critical Risk,1
CUST00007424,0.8659,86.59,Critical Risk,1
CUST00007425,0.0,0.0,Low Risk,0
CUST00007426,0.8659,86.59,Critical Risk,1
CUST00007427,0.8659,86.59,Critical Risk,1
CUST00007428,0.0,0.0,Low Risk,0
CUST00007429,0.0,0.0,Low Risk,0
CUST00007430,0.0,0.0,Low Risk,0
CUST00007431,0.0,0.0,Low Risk,0
CUST00007432,0.4369,43.69,Medium Risk,0
CUST00007433,0.6138,61.38,High Risk,1
CUST00007434,0.0,0.0,Low Risk,0
CUST00007435,0.0,0.0,Low Risk,0
CUST00007436,0.3568,35.68,Medium Risk,0
CUST00007437,0.8659,86.59,Critical Risk,1
CUST00007438,0.5362,53.62,High Risk,1
CUST00007439,0.0,0.0,Low Risk,0
CUST00007440,0.0,0.0,Low Risk,0
CUST00007441,0.0,0.0,Low Risk,0
CUST00007442,0.0,0.0,Low Risk,0
CUST00007443,0.0,0.0,Low Risk,0
CUST00007444,0.0,0.0,Low Risk,0
CUST00007445,0.0,0.0,Low Risk,0
CUST00007446,0.3568,35.68,Medium Risk,0
CUST00007447,0.6138,61.38,High Risk,1
CUST00007448,0.0,0.0,Low Risk,0
CUST00007449,0.359,35.9,Medium Risk,0
CUST00007450,0.6793,67.93,High Risk,1
CUST00007451,0.0,0.0,Low Risk,0
CUST00007452,0.4369,43.69,Medium Risk,0
CUST00007453,0.6793,67.93,High Risk,1
CUST00007454,0.0,0.0,Low Risk,0
CUST00007455,0.0,0.0,Low Risk,0
CUST00007456,0.4369,43.69,Medium Risk,0
CUST00007457,0.0,0.0,Low Risk,0
CUST00007458,0.0,0.0,Low Risk,0
CUST00007459,0.0,0.0,Low Risk,0
CUST00007460,0.0,0.0,Low Risk,0
CUST00007461,0.6914,69.14,High Risk,1
CUST00007462,0.4369,43.69,Medium Risk,0
CUST00007463,0.5362,53.62,High Risk,1
CUST00007464,0.6793,67.93,High Risk,1
CUST00007465,0.8659,86.59,Critical Risk,1
CUST00007466,0.8659,86.59,Critical Risk,1
CUST00007467,0.0,0.0,Low Risk,0
CUST00007468,0.1,10.0,Low Risk,0
CUST00007469,0.6138,61.38,High Risk,1
CUST00007470,0.1,10.0,Low Risk,0
CUST00007471,0.6138,61.38,High Risk,1
CUST00007472,0.0,0.0,Low Risk,0
CUST00007473,0.0,0.0,Low Risk,0
CUST00007474,0.0,0.0,Low Risk,0
CUST00007475,0.0,0.0,Low Risk,0
CUST00007476,0.0,0.0,Low Risk,0
CUST00007477,0.0,0.0,Low Risk,0
CUST00007478,0.0,0.0,Low Risk,0
CUST00007479,0.6914,69.14,High Risk,1
CUST00007480,0.6138,61.38,High Risk,1
CUST00007481,0.0,0.0,Low Risk,0
CUST00007482,0.0,0.0,Low Risk,0
CUST00007483,0.6793,67.93,High Risk,1
CUST00007484,0.0,0.0,Low Risk,0
CUST00007485,0.0,0.0,Low Risk,0
CUST00007486,0.8659,86.59,Critical Risk,1
CUST00007487,0.6793,67.93,High Risk,1
CUST00007488,0.6138,61.38,High Risk,1
CUST00007489,0.0,0.0,Low Risk,0
CUST00007490,0.6138,61.38,High Risk,1
CUST00007491,0.8659,86.59,Critical Risk,1
CUST00007492,0.4369,43.69,Medium Risk,0
CUST00007493,0.3568,35.68,Medium Risk,0
CUST00007494,0.0,0.0,Low Risk,0
CUST00007495,0.0,0.0,Low Risk,0
CUST00007496,0.0,0.0,Low Risk,0
CUST00007497,0.0,0.0,Low Risk,0
CUST00007498,0.0,0.0,Low Risk,0
CUST00007499,0.8659,86.59,Critical Risk,1
CUST00007500,0.0,0.0,Low Risk,0
CUST00007501,0.3568,35.68,Medium Risk,0
CUST00007502,0.0,0.0,Low Risk,0
CUST00007503,0.0,0.0,Low Risk,0
CUST00007504,0.0,0.0,Low Risk,0
CUST00007505,0.8659,86.59,Critical Risk,1
CUST00007506,0.4369,43.69,Medium Risk,0
CUST00007507,0.1,10.0,Low Risk,0
CUST00007508,0.6793,67.93,High Risk,1
CUST00007509,0.4369,43.69,Medium Risk,0
CUST00007510,0.0,0.0,Low Risk,0
CUST00007511,0.0,0.0,Low Risk,0
CUST00007512,0.5362,53.62,High Risk,1
CUST00007513,0.0,0.0,Low Risk,0
CUST00007514,0.0,0.0,Low Risk,0
CUST00007515,0.3568,35.68,Medium Risk,0
CUST00007516,0.0,0.0,Low Risk,0
CUST00007517,0.0,0.0,Low Risk,0
CUST00007518,0.6793,67.93,High Risk,1
CUST00007519,0.6793,67.93,High Risk,1
CUST00007520,0.8659,86.59,Critical Risk,1
CUST00007521,0.8659,86.59,Critical Risk,1
CUST00007522,0.3037,30.37,Medium Risk,0
CUST00007523,0.0,0.0,Low Risk,0
CUST00007524,0.4369,43.69,Medium Risk,0
CUST00007525,0.0,0.0,Low Risk,0
CUST00007526,0.6914,69.14,High Risk,1
CUST00007527,0.8659,86.59,Critical Risk,1
CUST00007528,0.8659,86.59,Critical Risk,1
CUST00007529,0.6914,69.14,High Risk,1
CUST00007530,0.5362,53.62,High Risk,1
CUST00007531,0.1,10.0,Low Risk,0
CUST00007532,0.0,0.0,Low Risk,0
CUST00007533,0.0,0.0,Low Risk,0
CUST00007534,0.0,0.0,Low Risk,0
CUST00007535,0.0,0.0,Low Risk,0
CUST00007536,0.4369,43.69,Medium Risk,0
CUST00007537,0.0,0.0,Low Risk,0
CUST00007538,0.4369,43.69,Medium Risk,0
CUST00007539,0.8659,86.59,Critical Risk,1
CUST00007540,0.0,0.0,Low Risk,0
CUST00007541,0.5362,53.62,High Risk,1
CUST00007542,0.5362,53.62,High Risk,1
CUST00007543,0.6793,67.93,High Risk,1
CUST00007544,0.0,0.0,Low Risk,0
CUST00007545,0.0,0.0,Low Risk,0
CUST00007546,0.8659,86.59,Critical Risk,1
CUST00007547,0.8659,86.59,Critical Risk,1
CUST00007548,0.0,0.0,Low Risk,0
CUST00007549,0.0,0.0,Low Risk,0
CUST00007550,0.8659,86.59,Critical Risk,1
CUST00007551,0.6138,61.38,High Risk,1
CUST00007552,0.0,0.0,Low Risk,0
CUST00007553,0.0,0.0,Low Risk,0
CUST00007554,0.0,0.0,Low Risk,0
CUST00007555,0.8659,86.59,Critical Risk,1
CUST00007556,0.0,0.0,Low Risk,0
CUST00007557,0.0,0.0,Low Risk,0
CUST00007558,0.0,0.0,Low Risk,0
CUST00007559,0.0,0.0,Low Risk,0
CUST00007560,0.6793,67.93,High Risk,1
CUST00007561,0.0,0.0,Low Risk,0
CUST00007562,0.0,0.0,Low Risk,0
CUST00007563,0.3568,35.68,Medium Risk,0
CUST00007564,0.0,0.0,Low Risk,0
CUST00007565,0.0,0.0,Low Risk,0
CUST00007566,0.0,0.0,Low Risk,0
CUST00007567,0.6793,67.93,High Risk,1
CUST00007568,0.0,0.0,Low Risk,0
CUST00007569,0.0,0.0,Low Risk,0
CUST00007570,0.0,0.0,Low Risk,0
CUST00007571,0.8659,86.59,Critical Risk,1
CUST00007572,0.0,0.0,Low Risk,0
CUST00007573,0.0,0.0,Low Risk,0
CUST00007574,0.3037,30.37,Medium Risk,0
CUST00007575,0.0,0.0,Low Risk,0
CUST00007576,0.3568,35.68,Medium Risk,0
CUST00007577,0.6793,67.93,High Risk,1
CUST00007578,0.0,0.0,Low Risk,0
CUST00007579,0.0,0.0,Low Risk,0
CUST00007580,0.8659,86.59,Critical Risk,1
CUST00007581,0.3568,35.68,Medium Risk,0
CUST00007582,0.3568,35.68,Medium Risk,0
CUST00007583,0.0,0.0,Low Risk,0
CUST00007584,0.0,0.0,Low Risk,0
CUST00007585,0.0,0.0,Low Risk,0
CUST00007586,0.0,0.0,Low Risk,0
CUST00007587,0.0,0.0,Low Risk,0
CUST00007588,0.6914,69.14,High Risk,1
CUST00007589,0.0,0.0,Low Risk,0
CUST00007590,0.0,0.0,Low Risk,0
CUST00007591,0.6793,67.93,High Risk,1
CUST00007592,0.0,0.0,Low Risk,0
CUST00007593,0.0,0.0,Low Risk,0
CUST00007594,0.0,0.0,Low Risk,0
CUST00007595,0.8659,86.59,Critical Risk,1
CUST00007596,0.0,0.0,Low Risk,0
CUST00007597,0.4369,43.69,Medium Risk,0
CUST00007598,0.4369,43.69,Medium Risk,0
CUST00007599,0.8659,86.59,Critical Risk,1
CUST00007600,0.0,0.0,Low Risk,0
CUST00007601,0.3568,35.68,Medium Risk,0
CUST00007602,0.5362,53.62,High Risk,1
CUST00007603,0.0,0.0,Low Risk,0
CUST00007604,0.0,0.0,Low Risk,0
CUST00007605,0.0,0.0,Low Risk,0
CUST00007606,0.0,0.0,Low Risk,0
CUST00007607,0.0,0.0,Low Risk,0
CUST00007608,0.5362,53.62,High Risk,1
CUST00007609,0.0,0.0,Low Risk,0
CUST00007610,0.6793,67.93,High Risk,1
CUST00007611,0.8659,86.59,Critical Risk,1
CUST00007612,0.6914,69.14,High Risk,1
CUST00007613,0.5362,53.62,High Risk,1
CUST00007614,0.0,0.0,Low Risk,0
CUST00007615,0.8659,86.59,Critical Risk,1
CUST00007616,0.0,0.0,Low Risk,0
CUST00007617,0.0,0.0,Low Risk,0
CUST00007618,0.6914,69.14,High Risk,1
CUST00007619,0.0,0.0,Low Risk,0
CUST00007620,0.8659,86.59,Critical Risk,1
CUST00007621,0.6793,67.93,High Risk,1
CUST00007622,0.8659,86.59,Critical Risk,1
CUST00007623,0.0,0.0,Low Risk,0
CUST00007624,0.0,0.0,Low Risk,0
CUST00007625,0.4369,43.69,Medium Risk,0
CUST00007626,0.6793,67.93,High Risk,1
CUST00007627,0.6793,67.93,High Risk,1
CUST00007628,0.0,0.0,Low Risk,0
CUST00007629,0.0,0.0,Low Risk,0
CUST00007630,0.8659,86.59,Critical Risk,1
CUST00007631,0.0,0.0,Low Risk,0
CUST00007632,0.8659,86.59,Critical Risk,1
CUST00007633,0.0,0.0,Low Risk,0
CUST00007634,0.3568,35.68,Medium Risk,0
CUST00007635,0.0,0.0,Low Risk,0
CUST00007636,0.8659,86.59,Critical Risk,1
CUST00007637,0.0,0.0,Low Risk,0
CUST00007638,0.0,0.0,Low Risk,0
CUST00007639,0.8659,86.59,Critical Risk,1
CUST00007640,0.0,0.0,Low Risk,0
CUST00007641,0.0,0.0,Low Risk,0
CUST00007642,0.0,0.0,Low Risk,0
CUST00007643,0.8659,86.59,Critical Risk,1
CUST00007644,0.6138,61.38,High Risk,1
CUST00007645,0.5362,53.62,High Risk,1
CUST00007646,0.0,0.0,Low Risk,0
CUST00007647,0.0,0.0,Low Risk,0
CUST00007648,0.6138,61.38,High Risk,1
CUST00007649,0.0,0.0,Low Risk,0
CUST00007650,0.0,0.0,Low Risk,0
CUST00007651,0.0,0.0,Low Risk,0
CUST00007652,0.0,0.0,Low Risk,0
CUST00007653,0.4369,43.69,Medium Risk,0
CUST00007654,0.3037,30.37,Medium Risk,0
CUST00007655,0.0,0.0,Low Risk,0
CUST00007656,0.0,0.0,Low Risk,0
CUST00007657,0.0,0.0,Low Risk,0
CUST00007658,0.5362,53.62,High Risk,1
CUST00007659,0.4369,43.69,Medium Risk,0
CUST00007660,0.0,0.0,Low Risk,0
CUST00007661,0.0,0.0,Low Risk,0
CUST00007662,0.359,35.9,Medium Risk,0
CUST00007663,0.0,0.0,Low Risk,0
CUST00007664,0.6914,69.14,High Risk,1
CUST00007665,0.4369,43.69,Medium Risk,0
CUST00007666,0.0,0.0,Low Risk,0
CUST00007667,0.0,0.0,Low Risk,0
CUST00007668,0.4369,43.69,Medium Risk,0
CUST00007669,0.1,10.0,Low Risk,0
CUST00007670,0.5362,53.62,High Risk,1
CUST00007671,0.0,0.0,Low Risk,0
CUST00007672,0.0,0.0,Low Risk,0
CUST00007673,0.0,0.0,Low Risk,0
CUST00007674,0.8659,86.59,Critical Risk,1
CUST00007675,0.8659,86.59,Critical Risk,1
CUST00007676,0.0,0.0,Low Risk,0
CUST00007677,0.0,0.0,Low Risk,0
CUST00007678,0.0,0.0,Low Risk,0
CUST00007679,0.0,0.0,Low Risk,0
CUST00007680,0.5362,53.62,High Risk,1
CUST00007681,0.5362,53.62,High Risk,1
CUST00007682,0.0,0.0,Low Risk,0
CUST00007683,0.0,0.0,Low Risk,0
CUST00007684,0.3037,30.37,Medium Risk,0
CUST00007685,0.4369,43.69,Medium Risk,0
CUST00007686,0.0,0.0,Low Risk,0
CUST00007687,0.8659,86.59,Critical Risk,1
CUST00007688,0.8659,86.59,Critical Risk,1
CUST00007689,0.6793,67.93,High Risk,1
CUST00007690,0.8659,86.59,Critical Risk,1
CUST00007691,0.0,0.0,Low Risk,0
CUST00007692,0.0,0.0,Low Risk,0
CUST00007693,0.8659,86.59,Critical Risk,1
CUST00007694,0.0,0.0,Low Risk,0
CUST00007695,0.0,0.0,Low Risk,0
CUST00007696,0.0,0.0,Low Risk,0
CUST00007697,0.0,0.0,Low Risk,0
CUST00007698,0.8659,86.59,Critical Risk,1
CUST00007699,0.0,0.0,Low Risk,0
CUST00007700,0.8659,86.59,Critical Risk,1
CUST00007701,0.0,0.0,Low Risk,0
CUST00007702,0.0,0.0,Low Risk,0
CUST00007703,0.4369,43.69,Medium Risk,0
CUST00007704,0.6793,67.93,High Risk,1
CUST00007705,0.0,0.0,Low Risk,0
CUST00007706,0.8659,86.59,Critical Risk,1
CUST00007707,0.0,0.0,Low Risk,0
CUST00007708,0.0,0.0,Low Risk,0
CUST00007709,0.0,0.0,Low Risk,0
CUST00007710,0.0,0.0,Low Risk,0
CUST00007711,0.8659,86.59,Critical Risk,1
CUST00007712,0.8659,86.59,Critical Risk,1
CUST00007713,0.0,0.0,Low Risk,0
CUST00007714,0.0,0.0,Low Risk,0
CUST00007715,0.8659,86.59,Critical Risk,1
CUST00007716,0.8659,86.59,Critical Risk,1
CUST00007717,0.0,0.0,Low Risk,0
CUST00007718,0.0,0.0,Low Risk,0
CUST00007719,0.0,0.0,Low Risk,0
CUST00007720,0.0,0.0,Low Risk,0
CUST00007721,0.0,0.0,Low Risk,0
CUST00007722,0.0,0.0,Low Risk,0
CUST00007723,0.0,0.0,Low Risk,0
CUST00007724,0.0,0.0,Low Risk,0
CUST00007725,0.0,0.0,Low Risk,0
CUST00007726,0.0,0.0,Low Risk,0
CUST00007727,0.3568,35.68,Medium Risk,0
CUST00007728,0.8659,86.59,Critical Risk,1
CUST00007729,0.4369,43.69,Medium Risk,0
CUST00007730,0.0,0.0,Low Risk,0
CUST00007731,0.0,0.0,Low Risk,0
CUST00007732,0.0,0.0,Low Risk,0
CUST00007733,0.0,0.0,Low Risk,0
CUST00007734,0.0,0.0,Low Risk,0
CUST00007735,0.8659,86.59,Critical Risk,1
CUST00007736,0.0,0.0,Low Risk,0
CUST00007737,0.8659,86.59,Critical Risk,1
CUST00007738,0.8659,86.59,Critical Risk,1
CUST00007739,0.0,0.0,Low Risk,0
CUST00007740,0.4369,43.69,Medium Risk,0
CUST00007741,0.8659,86.59,Critical Risk,1
CUST00007742,0.6138,61.38,High Risk,1
CUST00007743,0.8659,86.59,Critical Risk,1
CUST00007744,0.6793,67.93,High Risk,1
CUST00007745,0.0,0.0,Low Risk,0
CUST00007746,0.0,0.0,Low Risk,0
CUST00007747,0.0,0.0,Low Risk,0
CUST00007748,0.0,0.0,Low Risk,0
CUST00007749,0.0,0.0,Low Risk,0
CUST00007750,0.3568,35.68,Medium Risk,0
CUST00007751,0.8659,86.59,Critical Risk,1
CUST00007752,0.4369,43.69,Medium Risk,0
CUST00007753,0.0,0.0,Low Risk,0
CUST00007754,0.0,0.0,Low Risk,0
CUST00007755,0.8659,86.59,Critical Risk,1
CUST00007756,0.3037,30.37,Medium Risk,0
CUST00007757,0.5362,53.62,High Risk,1
CUST00007758,0.0,0.0,Low Risk,0
CUST00007759,0.8659,86.59,Critical Risk,1
CUST00007760,0.0,0.0,Low Risk,0
CUST00007761,0.0,0.0,Low Risk,0
CUST00007762,0.6793,67.93,High Risk,1
CUST00007763,0.1,10.0,Low Risk,0
CUST00007764,0.4369,43.69,Medium Risk,0
CUST00007765,0.0,0.0,Low Risk,0
CUST00007766,0.0,0.0,Low Risk,0
CUST00007767,0.5362,53.62,High Risk,1
CUST00007768,0.6793,67.93,High Risk,1
CUST00007769,0.0,0.0,Low Risk,0
CUST00007770,0.0,0.0,Low Risk,0
CUST00007771,0.0,0.0,Low Risk,0
CUST00007772,0.4369,43.69,Medium Risk,0
CUST00007773,0.4369,43.69,Medium Risk,0
CUST00007774,0.8659,86.59,Critical Risk,1
CUST00007775,0.0,0.0,Low Risk,0
CUST00007776,0.0,0.0,Low Risk,0
CUST00007777,0.8659,86.59,Critical Risk,1
CUST00007778,0.0,0.0,Low Risk,0
CUST00007779,0.0,0.0,Low Risk,0
CUST00007780,0.0,0.0,Low Risk,0
CUST00007781,0.0,0.0,Low Risk,0
CUST00007782,0.0,0.0,Low Risk,0
CUST00007783,0.0,0.0,Low Risk,0
CUST00007784,0.0,0.0,Low Risk,0
CUST00007785,0.0,0.0,Low Risk,0
CUST00007786,0.0,0.0,Low Risk,0
CUST00007787,0.6793,67.93,High Risk,1
CUST00007788,0.8659,86.59,Critical Risk,1
CUST00007789,0.5362,53.62,High Risk,1
CUST00007790,0.6138,61.38,High Risk,1
CUST00007791,0.0,0.0,Low Risk,0
CUST00007792,0.359,35.9,Medium Risk,0
CUST00007793,0.0,0.0,Low Risk,0
CUST00007794,0.0,0.0,Low Risk,0
CUST00007795,0.0,0.0,Low Risk,0
CUST00007796,0.0,0.0,Low Risk,0
CUST00007797,0.6793,67.93,High Risk,1
CUST00007798,0.8659,86.59,Critical Risk,1
CUST00007799,0.0,0.0,Low Risk,0
CUST00007800,0.3568,35.68,Medium Risk,0
CUST00007801,0.0,0.0,Low Risk,0
CUST00007802,0.0,0.0,Low Risk,0
CUST00007803,0.359,35.9,Medium Risk,0
CUST00007804,0.0,0.0,Low Risk,0
CUST00007805,0.0,0.0,Low Risk,0
CUST00007806,0.0,0.0,Low Risk,0
CUST00007807,0.0,0.0,Low Risk,0
CUST00007808,0.5362,53.62,High Risk,1
CUST00007809,0.0,0.0,Low Risk,0
CUST00007810,0.0,0.0,Low Risk,0
CUST00007811,0.5362,53.62,High Risk,1
CUST00007812,0.0,0.0,Low Risk,0
CUST00007813,0.8659,86.59,Critical Risk,1
CUST00007814,0.8659,86.59,Critical Risk,1
CUST00007815,0.3037,30.37,Medium Risk,0
CUST00007816,0.6914,69.14,High Risk,1
CUST00007817,0.1,10.0,Low Risk,0
CUST00007818,0.0,0.0,Low Risk,0
CUST00007819,0.0,0.0,Low Risk,0
CUST00007820,0.4369,43.69,Medium Risk,0
CUST00007821,0.5362,53.62,High Risk,1
CUST00007822,0.0,0.0,Low Risk,0
CUST00007823,0.0,0.0,Low Risk,0
CUST00007824,0.6914,69.14,High Risk,1
CUST00007825,0.0,0.0,Low Risk,0
CUST00007826,0.8659,86.59,Critical Risk,1
CUST00007827,0.0,0.0,Low Risk,0
CUST00007828,0.3568,35.68,Medium Risk,0
CUST00007829,0.0,0.0,Low Risk,0
CUST00007830,0.8659,86.59,Critical Risk,1
CUST00007831,0.0,0.0,Low Risk,0
CUST00007832,0.4369,43.69,Medium Risk,0
CUST00007833,0.6138,61.38,High Risk,1
CUST00007834,0.8659,86.59,Critical Risk,1
CUST00007835,0.0,0.0,Low Risk,0
CUST00007836,0.0,0.0,Low Risk,0
CUST00007837,0.8659,86.59,Critical Risk,1
CUST00007838,0.0,0.0,Low Risk,0
CUST00007839,0.6914,69.14,High Risk,1
CUST00007840,0.0,0.0,Low Risk,0
CUST00007841,0.0,0.0,Low Risk,0
CUST00007842,0.0,0.0,Low Risk,0
CUST00007843,0.8659,86.59,Critical Risk,1
CUST00007844,0.6914,69.14,High Risk,1
CUST00007845,0.4369,43.69,Medium Risk,0
CUST00007846,0.8659,86.59,Critical Risk,1
CUST00007847,0.0,0.0,Low Risk,0
CUST00007848,0.8659,86.59,Critical Risk,1
CUST00007849,0.8659,86.59,Critical Risk,1
CUST00007850,0.8659,86.59,Critical Risk,1
CUST00007851,0.1,10.0,Low Risk,0
CUST00007852,0.0,0.0,Low Risk,0
CUST00007853,0.8659,86.59,Critical Risk,1
CUST00007854,0.0,0.0,Low Risk,0
CUST00007855,0.8659,86.59,Critical Risk,1
CUST00007856,0.359,35.9,Medium Risk,0
CUST00007857,0.0,0.0,Low Risk,0
CUST00007858,0.8659,86.59,Critical Risk,1
CUST00007859,0.0,0.0,Low Risk,0
CUST00007860,0.8659,86.59,Critical Risk,1
CUST00007861,0.5362,53.62,High Risk,1
CUST00007862,0.0,0.0,Low Risk,0
CUST00007863,0.6793,67.93,High Risk,1
CUST00007864,0.0,0.0,Low Risk,0
CUST00007865,0.0,0.0,Low Risk,0
CUST00007866,0.8659,86.59,Critical Risk,1
CUST00007867,0.0,0.0,Low Risk,0
CUST00007868,0.8659,86.59,Critical Risk,1
CUST00007869,0.8659,86.59,Critical Risk,1
CUST00007870,0.8659,86.59,Critical Risk,1
CUST00007871,0.359,35.9,Medium Risk,0
CUST00007872,0.8659,86.59,Critical Risk,1
CUST00007873,0.1,10.0,Low Risk,0
CUST00007874,0.0,0.0,Low Risk,0
CUST00007875,0.6138,61.38,High Risk,1
CUST00007876,0.8659,86.59,Critical Risk,1
CUST00007877,0.8659,86.59,Critical Risk,1
CUST00007878,0.0,0.0,Low Risk,0
CUST00007879,0.6914,69.14,High Risk,1
CUST00007880,0.8659,86.59,Critical Risk,1
CUST00007881,0.8659,86.59,Critical Risk,1
CUST00007882,0.359,35.9,Medium Risk,0
CUST00007883,0.0,0.0,Low Risk,0
CUST00007884,0.359,35.9,Medium Risk,0
CUST00007885,0.0,0.0,Low Risk,0
CUST00007886,0.0,0.0,Low Risk,0
CUST00007887,0.0,0.0,Low Risk,0
CUST00007888,0.6138,61.38,High Risk,1
CUST00007889,0.3568,35.68,Medium Risk,0
CUST00007890,0.0,0.0,Low Risk,0
CUST00007891,0.8659,86.59,Critical Risk,1
CUST00007892,0.8659,86.59,Critical Risk,1
CUST00007893,0.0,0.0,Low Risk,0
CUST00007894,0.4369,43.69,Medium Risk,0
CUST00007895,0.0,0.0,Low Risk,0
CUST00007896,0.0,0.0,Low Risk,0
CUST00007897,0.0,0.0,Low Risk,0
CUST00007898,0.8659,86.59,Critical Risk,1
CUST00007899,0.0,0.0,Low Risk,0
CUST00007900,0.6914,69.14,High Risk,1
CUST00007901,0.0,0.0,Low Risk,0
CUST00007902,0.0,0.0,Low Risk,0
CUST00007903,0.8659,86.59,Critical Risk,1
CUST00007904,0.8659,86.59,Critical Risk,1
CUST00007905,0.8659,86.59,Critical Risk,1
CUST00007906,0.0,0.0,Low Risk,0
CUST00007907,0.5362,53.62,High Risk,1
CUST00007908,0.0,0.0,Low Risk,0
CUST00007909,0.0,0.0,Low Risk,0
CUST00007910,0.0,0.0,Low Risk,0
CUST00007911,0.8659,86.59,Critical Risk,1
CUST00007912,0.0,0.0,Low Risk,0
CUST00007913,0.0,0.0,Low Risk,0
CUST00007914,0.0,0.0,Low Risk,0
CUST00007915,0.0,0.0,Low Risk,0
CUST00007916,0.1,10.0,Low Risk,0
CUST00007917,0.0,0.0,Low Risk,0
CUST00007918,0.0,0.0,Low Risk,0
CUST00007919,0.0,0.0,Low Risk,0
CUST00007920,0.6793,67.93,High Risk,1
CUST00007921,0.3568,35.68,Medium Risk,0
CUST00007922,0.0,0.0,Low Risk,0
CUST00007923,0.1,10.0,Low Risk,0
CUST00007924,0.4369,43.69,Medium Risk,0
CUST00007925,0.0,0.0,Low Risk,0
CUST00007926,0.0,0.0,Low Risk,0
CUST00007927,0.0,0.0,Low Risk,0
CUST00007928,0.0,0.0,Low Risk,0
CUST00007929,0.8659,86.59,Critical Risk,1
CUST00007930,0.0,0.0,Low Risk,0
CUST00007931,0.0,0.0,Low Risk,0
CUST00007932,0.0,0.0,Low Risk,0
CUST00007933,0.0,0.0,Low Risk,0
CUST00007934,0.8659,86.59,Critical Risk,1
CUST00007935,0.0,0.0,Low Risk,0
CUST00007936,0.0,0.0,Low Risk,0
CUST00007937,0.0,0.0,Low Risk,0
CUST00007938,0.4369,43.69,Medium Risk,0
CUST00007939,0.0,0.0,Low Risk,0
CUST00007940,0.8659,86.59,Critical Risk,1
CUST00007941,0.0,0.0,Low Risk,0
CUST00007942,0.0,0.0,Low Risk,0
CUST00007943,0.6914,69.14,High Risk,1
CUST00007944,0.8659,86.59,Critical Risk,1
CUST00007945,0.0,0.0,Low Risk,0
CUST00007946,0.4369,43.69,Medium Risk,0
CUST00007947,0.0,0.0,Low Risk,0
CUST00007948,0.3037,30.37,Medium Risk,0
CUST00007949,0.0,0.0,Low Risk,0
CUST00007950,0.0,0.0,Low Risk,0
CUST00007951,0.6138,61.38,High Risk,1
CUST00007952,0.8659,86.59,Critical Risk,1
CUST00007953,0.0,0.0,Low Risk,0
CUST00007954,0.0,0.0,Low Risk,0
CUST00007955,0.5362,53.62,High Risk,1
CUST00007956,0.0,0.0,Low Risk,0
CUST00007957,0.0,0.0,Low Risk,0
CUST00007958,0.8659,86.59,Critical Risk,1
CUST00007959,0.0,0.0,Low Risk,0
CUST00007960,0.0,0.0,Low Risk,0
CUST00007961,0.0,0.0,Low Risk,0
CUST00007962,0.5362,53.62,High Risk,1
CUST00007963,0.8659,86.59,Critical Risk,1
CUST00007964,0.0,0.0,Low Risk,0
CUST00007965,0.6793,67.93,High Risk,1
CUST00007966,0.0,0.0,Low Risk,0
CUST00007967,0.4369,43.69,Medium Risk,0
CUST00007968,0.0,0.0,Low Risk,0
CUST00007969,0.6793,67.93,High Risk,1
CUST00007970,0.0,0.0,Low Risk,0
CUST00007971,0.0,0.0,Low Risk,0
CUST00007972,0.6914,69.14,High Risk,1
CUST00007973,0.8659,86.59,Critical Risk,1
CUST00007974,0.8659,86.59,Critical Risk,1
CUST00007975,0.0,0.0,Low Risk,0
CUST00007976,0.8659,86.59,Critical Risk,1
CUST00007977,0.0,0.0,Low Risk,0
CUST00007978,0.6793,67.93,High Risk,1
CUST00007979,0.4369,43.69,Medium Risk,0
CUST00007980,0.5362,53.62,High Risk,1
CUST00007981,0.0,0.0,Low Risk,0
CUST00007982,0.0,0.0,Low Risk,0
CUST00007983,0.8659,86.59,Critical Risk,1
CUST00007984,0.6914,69.14,High Risk,1
CUST00007985,0.6138,61.38,High Risk,1
CUST00007986,0.0,0.0,Low Risk,0
CUST00007987,0.8659,86.59,Critical Risk,1
CUST00007988,0.0,0.0,Low Risk,0
CUST00007989,0.6793,67.93,High Risk,1
CUST00007990,0.0,0.0,Low Risk,0
CUST00007991,0.6138,61.38,High Risk,1
CUST00007992,0.0,0.0,Low Risk,0
CUST00007993,0.0,0.0,Low Risk,0
CUST00007994,0.6138,61.38,High Risk,1
CUST00007995,0.0,0.0,Low Risk,0
CUST00007996,0.0,0.0,Low Risk,0
CUST00007997,0.8659,86.59,Critical Risk,1
CUST00007998,0.0,0.0,Low Risk,0
CUST00007999,0.0,0.0,Low Risk,0
CUST00008000,0.0,0.0,Low Risk,0
CUST00008001,0.0,0.0,Low Risk,0
CUST00008002,0.8659,86.59,Critical Risk,1
CUST00008003,0.8659,86.59,Critical Risk,1
CUST00008004,0.0,0.0,Low Risk,0
CUST00008005,0.8659,86.59,Critical Risk,1
CUST00008006,0.6793,67.93,High Risk,1
CUST00008007,0.0,0.0,Low Risk,0
CUST00008008,0.8659,86.59,Critical Risk,1
CUST00008009,0.0,0.0,Low Risk,0
CUST00008010,0.0,0.0,Low Risk,0
CUST00008011,0.3037,30.37,Medium Risk,0
CUST00008012,0.0,0.0,Low Risk,0
CUST00008013,0.5362,53.62,High Risk,1
CUST00008014,0.0,0.0,Low Risk,0
CUST00008015,0.0,0.0,Low Risk,0
CUST00008016,0.6138,61.38,High Risk,1
CUST00008017,0.0,0.0,Low Risk,0
CUST00008018,0.8659,86.59,Critical Risk,1
CUST00008019,0.0,0.0,Low Risk,0
CUST00008020,0.0,0.0,Low Risk,0
CUST00008021,0.0,0.0,Low Risk,0
CUST00008022,0.6138,61.38,High Risk,1
CUST00008023,0.0,0.0,Low Risk,0
CUST00008024,0.4369,43.69,Medium Risk,0
CUST00008025,0.5362,53.62,High Risk,1
CUST00008026,0.0,0.0,Low Risk,0
CUST00008027,0.6138,61.38,High Risk,1
CUST00008028,0.0,0.0,Low Risk,0
CUST00008029,0.0,0.0,Low Risk,0
CUST00008030,0.0,0.0,Low Risk,0
CUST00008031,0.0,0.0,Low Risk,0
CUST00008032,0.8659,86.59,Critical Risk,1
CUST00008033,0.0,0.0,Low Risk,0
CUST00008034,0.8659,86.59,Critical Risk,1
CUST00008035,0.0,0.0,Low Risk,0
CUST00008036,0.4369,43.69,Medium Risk,0
CUST00008037,0.0,0.0,Low Risk,0
CUST00008038,0.0,0.0,Low Risk,0
CUST00008039,0.0,0.0,Low Risk,0
CUST00008040,0.8659,86.59,Critical Risk,1
CUST00008041,0.6793,67.93,High Risk,1
CUST00008042,0.6914,69.14,High Risk,1
CUST00008043,0.0,0.0,Low Risk,0
CUST00008044,0.5362,53.62,High Risk,1
CUST00008045,0.0,0.0,Low Risk,0
CUST00008046,0.4369,43.69,Medium Risk,0
CUST00008047,0.5362,53.62,High Risk,1
CUST00008048,0.8659,86.59,Critical Risk,1
CUST00008049,0.0,0.0,Low Risk,0
CUST00008050,0.0,0.0,Low Risk,0
CUST00008051,0.0,0.0,Low Risk,0
CUST00008052,0.6793,67.93,High Risk,1
CUST00008053,0.8659,86.59,Critical Risk,1
CUST00008054,0.8659,86.59,Critical Risk,1
CUST00008055,0.0,0.0,Low Risk,0
CUST00008056,0.0,0.0,Low Risk,0
CUST00008057,0.6138,61.38,High Risk,1
CUST00008058,0.0,0.0,Low Risk,0
CUST00008059,0.8659,86.59,Critical Risk,1
CUST00008060,0.0,0.0,Low Risk,0
CUST00008061,0.0,0.0,Low Risk,0
CUST00008062,0.0,0.0,Low Risk,0
CUST00008063,0.0,0.0,Low Risk,0
CUST00008064,0.1,10.0,Low Risk,0
CUST00008065,0.0,0.0,Low Risk,0
CUST00008066,0.0,0.0,Low Risk,0
CUST00008067,0.0,0.0,Low Risk,0
CUST00008068,0.5362,53.62,High Risk,1
CUST00008069,0.0,0.0,Low Risk,0
CUST00008070,0.3568,35.68,Medium Risk,0
CUST00008071,0.0,0.0,Low Risk,0
CUST00008072,0.8659,86.59,Critical Risk,1
CUST00008073,0.0,0.0,Low Risk,0
CUST00008074,0.8659,86.59,Critical Risk,1
CUST00008075,0.0,0.0,Low Risk,0
CUST00008076,0.0,0.0,Low Risk,0
CUST00008077,0.8659,86.59,Critical Risk,1
CUST00008078,0.0,0.0,Low Risk,0
CUST00008079,0.8659,86.59,Critical Risk,1
CUST00008080,0.0,0.0,Low Risk,0
CUST00008081,0.0,0.0,Low Risk,0
CUST00008082,0.0,0.0,Low Risk,0
CUST00008083,0.8659,86.59,Critical Risk,1
CUST00008084,0.4369,43.69,Medium Risk,0
CUST00008085,0.0,0.0,Low Risk,0
CUST00008086,0.4369,43.69,Medium Risk,0
CUST00008087,0.0,0.0,Low Risk,0
CUST00008088,0.6793,67.93,High Risk,1
CUST00008089,0.6914,69.14,High Risk,1
CUST00008090,0.0,0.0,Low Risk,0
CUST00008091,0.0,0.0,Low Risk,0
CUST00008092,0.0,0.0,Low Risk,0
CUST00008093,0.0,0.0,Low Risk,0
CUST00008094,0.8659,86.59,Critical Risk,1
CUST00008095,0.0,0.0,Low Risk,0
CUST00008096,0.8659,86.59,Critical Risk,1
CUST00008097,0.8659,86.59,Critical Risk,1
CUST00008098,0.6793,67.93,High Risk,1
CUST00008099,0.6914,69.14,High Risk,1
CUST00008100,0.0,0.0,Low Risk,0
CUST00008101,0.0,0.0,Low Risk,0
CUST00008102,0.0,0.0,Low Risk,0
CUST00008103,0.8659,86.59,Critical Risk,1
CUST00008104,0.0,0.0,Low Risk,0
CUST00008105,0.1,10.0,Low Risk,0
CUST00008106,0.5362,53.62,High Risk,1
CUST00008107,0.8659,86.59,Critical Risk,1
CUST00008108,0.8659,86.59,Critical Risk,1
CUST00008109,0.3037,30.37,Medium Risk,0
CUST00008110,0.0,0.0,Low Risk,0
CUST00008111,0.8659,86.59,Critical Risk,1
CUST00008112,0.8659,86.59,Critical Risk,1
CUST00008113,0.6138,61.38,High Risk,1
CUST00008114,0.6793,67.93,High Risk,1
CUST00008115,0.0,0.0,Low Risk,0
CUST00008116,0.6793,67.93,High Risk,1
CUST00008117,0.0,0.0,Low Risk,0
CUST00008118,0.0,0.0,Low Risk,0
CUST00008119,0.8659,86.59,Critical Risk,1
CUST00008120,0.6793,67.93,High Risk,1
CUST00008121,0.8659,86.59,Critical Risk,1
CUST00008122,0.0,0.0,Low Risk,0
CUST00008123,0.3568,35.68,Medium Risk,0
CUST00008124,0.8659,86.59,Critical Risk,1
CUST00008125,0.0,0.0,Low Risk,0
CUST00008126,0.0,0.0,Low Risk,0
CUST00008127,0.0,0.0,Low Risk,0
CUST00008128,0.0,0.0,Low Risk,0
CUST00008129,0.6793,67.93,High Risk,1
CUST00008130,0.0,0.0,Low Risk,0
CUST00008131,0.5362,53.62,High Risk,1
CUST00008132,0.6138,61.38,High Risk,1
CUST00008133,0.0,0.0,Low Risk,0
CUST00008134,0.4369,43.69,Medium Risk,0
CUST00008135,0.8659,86.59,Critical Risk,1
CUST00008136,0.8659,86.59,Critical Risk,1
CUST00008137,0.0,0.0,Low Risk,0
CUST00008138,0.0,0.0,Low Risk,0
CUST00008139,0.6793,67.93,High Risk,1
CUST00008140,0.0,0.0,Low Risk,0
CUST00008141,0.4369,43.69,Medium Risk,0
CUST00008142,0.0,0.0,Low Risk,0
CUST00008143,0.0,0.0,Low Risk,0
CUST00008144,0.6138,61.38,High Risk,1
CUST00008145,0.0,0.0,Low Risk,0
CUST00008146,0.0,0.0,Low Risk,0
CUST00008147,0.0,0.0,Low Risk,0
CUST00008148,0.0,0.0,Low Risk,0
CUST00008149,0.8659,86.59,Critical Risk,1
CUST00008150,0.0,0.0,Low Risk,0
CUST00008151,0.8659,86.59,Critical Risk,1
CUST00008152,0.359,35.9,Medium Risk,0
CUST00008153,0.0,0.0,Low Risk,0
CUST00008154,0.6793,67.93,High Risk,1
CUST00008155,0.0,0.0,Low Risk,0
CUST00008156,0.0,0.0,Low Risk,0
CUST00008157,0.0,0.0,Low Risk,0
CUST00008158,0.0,0.0,Low Risk,0
CUST00008159,0.0,0.0,Low Risk,0
CUST00008160,0.0,0.0,Low Risk,0
CUST00008161,0.5362,53.62,High Risk,1
CUST00008162,0.0,0.0,Low Risk,0
CUST00008163,0.0,0.0,Low Risk,0
CUST00008164,0.8659,86.59,Critical Risk,1
CUST00008165,0.6138,61.38,High Risk,1
CUST00008166,0.0,0.0,Low Risk,0
CUST00008167,0.8659,86.59,Critical Risk,1
CUST00008168,0.8659,86.59,Critical Risk,1
CUST00008169,0.0,0.0,Low Risk,0
CUST00008170,0.3568,35.68,Medium Risk,0
CUST00008171,0.0,0.0,Low Risk,0
CUST00008172,0.0,0.0,Low Risk,0
CUST00008173,0.0,0.0,Low Risk,0
CUST00008174,0.0,0.0,Low Risk,0
CUST00008175,0.4369,43.69,Medium Risk,0
CUST00008176,0.0,0.0,Low Risk,0
CUST00008177,0.0,0.0,Low Risk,0
CUST00008178,0.0,0.0,Low Risk,0
CUST00008179,0.0,0.0,Low Risk,0
CUST00008180,0.8659,86.59,Critical Risk,1
CUST00008181,0.0,0.0,Low Risk,0
CUST00008182,0.0,0.0,Low Risk,0
CUST00008183,0.6793,67.93,High Risk,1
CUST00008184,0.0,0.0,Low Risk,0
CUST00008185,0.6793,67.93,High Risk,1
CUST00008186,0.0,0.0,Low Risk,0
CUST00008187,0.8659,86.59,Critical Risk,1
CUST00008188,0.0,0.0,Low Risk,0
CUST00008189,0.0,0.0,Low Risk,0
CUST00008190,0.6914,69.14,High Risk,1
CUST00008191,0.6138,61.38,High Risk,1
CUST00008192,0.0,0.0,Low Risk,0
CUST00008193,0.0,0.0,Low Risk,0
CUST00008194,0.0,0.0,Low Risk,0
CUST00008195,0.5362,53.62,High Risk,1
CUST00008196,0.3568,35.68,Medium Risk,0
CUST00008197,0.0,0.0,Low Risk,0
CUST00008198,0.0,0.0,Low Risk,0
CUST00008199,0.0,0.0,Low Risk,0
CUST00008200,0.6914,69.14,High Risk,1
CUST00008201,0.0,0.0,Low Risk,0
CUST00008202,0.0,0.0,Low Risk,0
CUST00008203,0.4369,43.69,Medium Risk,0
CUST00008204,0.0,0.0,Low Risk,0
CUST00008205,0.6793,67.93,High Risk,1
CUST00008206,0.6914,69.14,High Risk,1
CUST00008207,0.0,0.0,Low Risk,0
CUST00008208,0.0,0.0,Low Risk,0
CUST00008209,0.0,0.0,Low Risk,0
CUST00008210,0.6914,69.14,High Risk,1
CUST00008211,0.0,0.0,Low Risk,0
CUST00008212,0.0,0.0,Low Risk,0
CUST00008213,0.8659,86.59,Critical Risk,1
CUST00008214,0.0,0.0,Low Risk,0
CUST00008215,0.0,0.0,Low Risk,0
CUST00008216,0.0,0.0,Low Risk,0
CUST00008217,0.8659,86.59,Critical Risk,1
CUST00008218,0.0,0.0,Low Risk,0
CUST00008219,0.8659,86.59,Critical Risk,1
CUST00008220,0.6914,69.14,High Risk,1
CUST00008221,0.0,0.0,Low Risk,0
CUST00008222,0.8659,86.59,Critical Risk,1
CUST00008223,0.0,0.0,Low Risk,0
CUST00008224,0.0,0.0,Low Risk,0
CUST00008225,0.4369,43.69,Medium Risk,0
CUST00008226,0.0,0.0,Low Risk,0
CUST00008227,0.5362,53.62,High Risk,1
CUST00008228,0.0,0.0,Low Risk,0
CUST00008229,0.6793,67.93,High Risk,1
CUST00008230,0.0,0.0,Low Risk,0
CUST00008231,0.0,0.0,Low Risk,0
CUST00008232,0.0,0.0,Low Risk,0
CUST00008233,0.0,0.0,Low Risk,0
CUST00008234,0.0,0.0,Low Risk,0
CUST00008235,0.0,0.0,Low Risk,0
CUST00008236,0.0,0.0,Low Risk,0
CUST00008237,0.8659,86.59,Critical Risk,1
CUST00008238,0.4369,43.69,Medium Risk,0
CUST00008239,0.4369,43.69,Medium Risk,0
CUST00008240,0.0,0.0,Low Risk,0
CUST00008241,0.0,0.0,Low Risk,0
CUST00008242,0.0,0.0,Low Risk,0
CUST00008243,0.0,0.0,Low Risk,0
CUST00008244,0.8659,86.59,Critical Risk,1
CUST00008245,0.0,0.0,Low Risk,0
CUST00008246,0.0,0.0,Low Risk,0
CUST00008247,0.0,0.0,Low Risk,0
CUST00008248,0.0,0.0,Low Risk,0
CUST00008249,0.0,0.0,Low Risk,0
CUST00008250,0.6793,67.93,High Risk,1
CUST00008251,0.8659,86.59,Critical Risk,1
CUST00008252,0.0,0.0,Low Risk,0
CUST00008253,0.0,0.0,Low Risk,0
CUST00008254,0.4369,43.69,Medium Risk,0
CUST00008255,0.0,0.0,Low Risk,0
CUST00008256,0.0,0.0,Low Risk,0
CUST00008257,0.0,0.0,Low Risk,0
CUST00008258,0.6793,67.93,High Risk,1
CUST00008259,0.0,0.0,Low Risk,0
CUST00008260,0.0,0.0,Low Risk,0
CUST00008261,0.4369,43.69,Medium Risk,0
CUST00008262,0.8659,86.59,Critical Risk,1
CUST00008263,0.3568,35.68,Medium Risk,0
CUST00008264,0.0,0.0,Low Risk,0
CUST00008265,0.8659,86.59,Critical Risk,1
CUST00008266,0.4369,43.69,Medium Risk,0
CUST00008267,0.8659,86.59,Critical Risk,1
CUST00008268,0.0,0.0,Low Risk,0
CUST00008269,0.0,0.0,Low Risk,0
CUST00008270,0.0,0.0,Low Risk,0
CUST00008271,0.0,0.0,Low Risk,0
CUST00008272,0.6914,69.14,High Risk,1
CUST00008273,0.6793,67.93,High Risk,1
CUST00008274,0.8659,86.59,Critical Risk,1
CUST00008275,0.4369,43.69,Medium Risk,0
CUST00008276,0.8659,86.59,Critical Risk,1
CUST00008277,0.0,0.0,Low Risk,0
CUST00008278,0.8659,86.59,Critical Risk,1
CUST00008279,0.0,0.0,Low Risk,0
CUST00008280,0.0,0.0,Low Risk,0
CUST00008281,0.0,0.0,Low Risk,0
CUST00008282,0.0,0.0,Low Risk,0
CUST00008283,0.4369,43.69,Medium Risk,0
CUST00008284,0.0,0.0,Low Risk,0
CUST00008285,0.6793,67.93,High Risk,1
CUST00008286,0.0,0.0,Low Risk,0
CUST00008287,0.0,0.0,Low Risk,0
CUST00008288,0.0,0.0,Low Risk,0
CUST00008289,0.0,0.0,Low Risk,0
CUST00008290,0.6793,67.93,High Risk,1
CUST00008291,0.0,0.0,Low Risk,0
CUST00008292,0.8659,86.59,Critical Risk,1
CUST00008293,0.0,0.0,Low Risk,0
CUST00008294,0.0,0.0,Low Risk,0
CUST00008295,0.6793,67.93,High Risk,1
CUST00008296,0.0,0.0,Low Risk,0
CUST00008297,0.0,0.0,Low Risk,0
CUST00008298,0.0,0.0,Low Risk,0
CUST00008299,0.0,0.0,Low Risk,0
CUST00008300,0.0,0.0,Low Risk,0
CUST00008301,0.0,0.0,Low Risk,0
CUST00008302,0.8659,86.59,Critical Risk,1
CUST00008303,0.8659,86.59,Critical Risk,1
CUST00008304,0.8659,86.59,Critical Risk,1
CUST00008305,0.0,0.0,Low Risk,0
CUST00008306,0.0,0.0,Low Risk,0
CUST00008307,0.5362,53.62,High Risk,1
CUST00008308,0.8659,86.59,Critical Risk,1
CUST00008309,0.8659,86.59,Critical Risk,1
CUST00008310,0.0,0.0,Low Risk,0
CUST00008311,0.0,0.0,Low Risk,0
CUST00008312,0.0,0.0,Low Risk,0
CUST00008313,0.0,0.0,Low Risk,0
CUST00008314,0.359,35.9,Medium Risk,0
CUST00008315,0.6793,67.93,High Risk,1
CUST00008316,0.3037,30.37,Medium Risk,0
CUST00008317,0.6793,67.93,High Risk,1
CUST00008318,0.0,0.0,Low Risk,0
CUST00008319,0.0,0.0,Low Risk,0
CUST00008320,0.5362,53.62,High Risk,1
CUST00008321,0.0,0.0,Low Risk,0
CUST00008322,0.0,0.0,Low Risk,0
CUST00008323,0.0,0.0,Low Risk,0
CUST00008324,0.6793,67.93,High Risk,1
CUST00008325,0.0,0.0,Low Risk,0
CUST00008326,0.8659,86.59,Critical Risk,1
CUST00008327,0.8659,86.59,Critical Risk,1
CUST00008328,0.0,0.0,Low Risk,0
CUST00008329,0.8659,86.59,Critical Risk,1
CUST00008330,0.0,0.0,Low Risk,0
CUST00008331,0.4369,43.69,Medium Risk,0
CUST00008332,0.0,0.0,Low Risk,0
CUST00008333,0.0,0.0,Low Risk,0
CUST00008334,0.8659,86.59,Critical Risk,1
CUST00008335,0.0,0.0,Low Risk,0
CUST00008336,0.0,0.0,Low Risk,0
CUST00008337,0.0,0.0,Low Risk,0
CUST00008338,0.0,0.0,Low Risk,0
CUST00008339,0.0,0.0,Low Risk,0
CUST00008340,0.0,0.0,Low Risk,0
CUST00008341,0.8659,86.59,Critical Risk,1
CUST00008342,0.0,0.0,Low Risk,0
CUST00008343,0.8659,86.59,Critical Risk,1
CUST00008344,0.3568,35.68,Medium Risk,0
CUST00008345,0.0,0.0,Low Risk,0
CUST00008346,0.5362,53.62,High Risk,1
CUST00008347,0.0,0.0,Low Risk,0
CUST00008348,0.8659,86.59,Critical Risk,1
CUST00008349,0.6793,67.93,High Risk,1
CUST00008350,0.0,0.0,Low Risk,0
CUST00008351,0.3568,35.68,Medium Risk,0
CUST00008352,0.0,0.0,Low Risk,0
CUST00008353,0.0,0.0,Low Risk,0
CUST00008354,0.0,0.0,Low Risk,0
CUST00008355,0.0,0.0,Low Risk,0
CUST00008356,0.0,0.0,Low Risk,0
CUST00008357,0.0,0.0,Low Risk,0
CUST00008358,0.0,0.0,Low Risk,0
CUST00008359,0.0,0.0,Low Risk,0
CUST00008360,0.6914,69.14,High Risk,1
CUST00008361,0.4369,43.69,Medium Risk,0
CUST00008362,0.0,0.0,Low Risk,0
CUST00008363,0.8659,86.59,Critical Risk,1
CUST00008364,0.8659,86.59,Critical Risk,1
CUST00008365,0.0,0.0,Low Risk,0
CUST00008366,0.6793,67.93,High Risk,1
CUST00008367,0.0,0.0,Low Risk,0
CUST00008368,0.6914,69.14,High Risk,1
CUST00008369,0.0,0.0,Low Risk,0
CUST00008370,0.3568,35.68,Medium Risk,0
CUST00008371,0.4369,43.69,Medium Risk,0
CUST00008372,0.6793,67.93,High Risk,1
CUST00008373,0.0,0.0,Low Risk,0
CUST00008374,0.0,0.0,Low Risk,0
CUST00008375,0.0,0.0,Low Risk,0
CUST00008376,0.0,0.0,Low Risk,0
CUST00008377,0.8659,86.59,Critical Risk,1
CUST00008378,0.0,0.0,Low Risk,0
CUST00008379,0.8659,86.59,Critical Risk,1
CUST00008380,0.0,0.0,Low Risk,0
CUST00008381,0.4369,43.69,Medium Risk,0
CUST00008382,0.5362,53.62,High Risk,1
CUST00008383,0.0,0.0,Low Risk,0
CUST00008384,0.0,0.0,Low Risk,0
CUST00008385,0.8659,86.59,Critical Risk,1
CUST00008386,0.359,35.9,Medium Risk,0
CUST00008387,0.0,0.0,Low Risk,0
CUST00008388,0.1,10.0,Low Risk,0
CUST00008389,0.359,35.9,Medium Risk,0
CUST00008390,0.5362,53.62,High Risk,1
CUST00008391,0.0,0.0,Low Risk,0
CUST00008392,0.0,0.0,Low Risk,0
CUST00008393,0.8659,86.59,Critical Risk,1
CUST00008394,0.3568,35.68,Medium Risk,0
CUST00008395,0.0,0.0,Low Risk,0
CUST00008396,0.0,0.0,Low Risk,0
CUST00008397,0.0,0.0,Low Risk,0
CUST00008398,0.8659,86.59,Critical Risk,1
CUST00008399,0.0,0.0,Low Risk,0
CUST00008400,0.0,0.0,Low Risk,0
CUST00008401,0.6138,61.38,High Risk,1
CUST00008402,0.8659,86.59,Critical Risk,1
CUST00008403,0.4369,43.69,Medium Risk,0
CUST00008404,0.0,0.0,Low Risk,0
CUST00008405,0.0,0.0,Low Risk,0
CUST00008406,0.8659,86.59,Critical Risk,1
CUST00008407,0.0,0.0,Low Risk,0
CUST00008408,0.0,0.0,Low Risk,0
CUST00008409,0.8659,86.59,Critical Risk,1
CUST00008410,0.0,0.0,Low Risk,0
CUST00008411,0.0,0.0,Low Risk,0
CUST00008412,0.6138,61.38,High Risk,1
CUST00008413,0.6914,69.14,High Risk,1
CUST00008414,0.0,0.0,Low Risk,0
CUST00008415,0.0,0.0,Low Risk,0
CUST00008416,0.8659,86.59,Critical Risk,1
CUST00008417,0.0,0.0,Low Risk,0
CUST00008418,0.8659,86.59,Critical Risk,1
CUST00008419,0.8659,86.59,Critical Risk,1
CUST00008420,0.8659,86.59,Critical Risk,1
CUST00008421,0.5362,53.62,High Risk,1
CUST00008422,0.6793,67.93,High Risk,1
CUST00008423,0.0,0.0,Low Risk,0
CUST00008424,0.0,0.0,Low Risk,0
CUST00008425,0.0,0.0,Low Risk,0
CUST00008426,0.0,0.0,Low Risk,0
CUST00008427,0.0,0.0,Low Risk,0
CUST00008428,0.8659,86.59,Critical Risk,1
CUST00008429,0.6138,61.38,High Risk,1
CUST00008430,0.8659,86.59,Critical Risk,1
CUST00008431,0.0,0.0,Low Risk,0
CUST00008432,0.0,0.0,Low Risk,0
CUST00008433,0.8659,86.59,Critical Risk,1
CUST00008434,0.8659,86.59,Critical Risk,1
CUST00008435,0.6793,67.93,High Risk,1
CUST00008436,0.5362,53.62,High Risk,1
CUST00008437,0.0,0.0,Low Risk,0
CUST00008438,0.6138,61.38,High Risk,1
CUST00008439,0.1,10.0,Low Risk,0
CUST00008440,0.0,0.0,Low Risk,0
CUST00008441,0.8659,86.59,Critical Risk,1
CUST00008442,0.0,0.0,Low Risk,0
CUST00008443,0.0,0.0,Low Risk,0
CUST00008444,0.0,0.0,Low Risk,0
CUST00008445,0.0,0.0,Low Risk,0
CUST00008446,0.8659,86.59,Critical Risk,1
CUST00008447,0.0,0.0,Low Risk,0
CUST00008448,0.4369,43.69,Medium Risk,0
CUST00008449,0.6914,69.14,High Risk,1
CUST00008450,0.3568,35.68,Medium Risk,0
CUST00008451,0.0,0.0,Low Risk,0
CUST00008452,0.0,0.0,Low Risk,0
CUST00008453,0.0,0.0,Low Risk,0
CUST00008454,0.0,0.0,Low Risk,0
CUST00008455,0.0,0.0,Low Risk,0
CUST00008456,0.6793,67.93,High Risk,1
CUST00008457,0.0,0.0,Low Risk,0
CUST00008458,0.8659,86.59,Critical Risk,1
CUST00008459,0.0,0.0,Low Risk,0
CUST00008460,0.4369,43.69,Medium Risk,0
CUST00008461,0.0,0.0,Low Risk,0
CUST00008462,0.8659,86.59,Critical Risk,1
CUST00008463,0.6138,61.38,High Risk,1
CUST00008464,0.8659,86.59,Critical Risk,1
CUST00008465,0.0,0.0,Low Risk,0
CUST00008466,0.6138,61.38,High Risk,1
CUST00008467,0.0,0.0,Low Risk,0
CUST00008468,0.0,0.0,Low Risk,0
CUST00008469,0.6914,69.14,High Risk,1
CUST00008470,0.8659,86.59,Critical Risk,1
CUST00008471,0.0,0.0,Low Risk,0
CUST00008472,0.8659,86.59,Critical Risk,1
CUST00008473,0.0,0.0,Low Risk,0
CUST00008474,0.1,10.0,Low Risk,0
CUST00008475,0.6914,69.14,High Risk,1
CUST00008476,0.0,0.0,Low Risk,0
CUST00008477,0.0,0.0,Low Risk,0
CUST00008478,0.0,0.0,Low Risk,0
CUST00008479,0.0,0.0,Low Risk,0
CUST00008480,0.4369,43.69,Medium Risk,0
CUST00008481,0.0,0.0,Low Risk,0
CUST00008482,0.6793,67.93,High Risk,1
CUST00008483,0.0,0.0,Low Risk,0
CUST00008484,0.0,0.0,Low Risk,0
CUST00008485,0.0,0.0,Low Risk,0
CUST00008486,0.0,0.0,Low Risk,0
CUST00008487,0.1,10.0,Low Risk,0
CUST00008488,0.0,0.0,Low Risk,0
CUST00008489,0.5362,53.62,High Risk,1
CUST00008490,0.0,0.0,Low Risk,0
CUST00008491,0.0,0.0,Low Risk,0
CUST00008492,0.0,0.0,Low Risk,0
CUST00008493,0.0,0.0,Low Risk,0
CUST00008494,0.0,0.0,Low Risk,0
CUST00008495,0.5362,53.62,High Risk,1
CUST00008496,0.8659,86.59,Critical Risk,1
CUST00008497,0.3568,35.68,Medium Risk,0
CUST00008498,0.8659,86.59,Critical Risk,1
CUST00008499,0.0,0.0,Low Risk,0
CUST00008500,0.0,0.0,Low Risk,0
CUST00008501,0.6793,67.93,High Risk,1
CUST00008502,0.8659,86.59,Critical Risk,1
CUST00008503,0.8659,86.59,Critical Risk,1
CUST00008504,0.8659,86.59,Critical Risk,1
CUST00008505,0.6914,69.14,High Risk,1
CUST00008506,0.8659,86.59,Critical Risk,1
CUST00008507,0.0,0.0,Low Risk,0
CUST00008508,0.3568,35.68,Medium Risk,0
CUST00008509,0.8659,86.59,Critical Risk,1
CUST00008510,0.0,0.0,Low Risk,0
CUST00008511,0.0,0.0,Low Risk,0
CUST00008512,0.8659,86.59,Critical Risk,1
CUST00008513,0.0,0.0,Low Risk,0
CUST00008514,0.0,0.0,Low Risk,0
CUST00008515,0.1,10.0,Low Risk,0
CUST00008516,0.3037,30.37,Medium Risk,0
CUST00008517,0.0,0.0,Low Risk,0
CUST00008518,0.0,0.0,Low Risk,0
CUST00008519,0.0,0.0,Low Risk,0
CUST00008520,0.0,0.0,Low Risk,0
CUST00008521,0.8659,86.59,Critical Risk,1
CUST00008522,0.8659,86.59,Critical Risk,1
CUST00008523,0.0,0.0,Low Risk,0
CUST00008524,0.0,0.0,Low Risk,0
CUST00008525,0.0,0.0,Low Risk,0
CUST00008526,0.0,0.0,Low Risk,0
CUST00008527,0.6793,67.93,High Risk,1
CUST00008528,0.8659,86.59,Critical Risk,1
CUST00008529,0.0,0.0,Low Risk,0
CUST00008530,0.8659,86.59,Critical Risk,1
CUST00008531,0.0,0.0,Low Risk,0
CUST00008532,0.3568,35.68,Medium Risk,0
CUST00008533,0.0,0.0,Low Risk,0
CUST00008534,0.8659,86.59,Critical Risk,1
CUST00008535,0.8659,86.59,Critical Risk,1
CUST00008536,0.3568,35.68,Medium Risk,0
CUST00008537,0.6914,69.14,High Risk,1
CUST00008538,0.1,10.0,Low Risk,0
CUST00008539,0.0,0.0,Low Risk,0
CUST00008540,0.0,0.0,Low Risk,0
CUST00008541,0.4369,43.69,Medium Risk,0
CUST00008542,0.0,0.0,Low Risk,0
CUST00008543,0.0,0.0,Low Risk,0
CUST00008544,0.0,0.0,Low Risk,0
CUST00008545,0.0,0.0,Low Risk,0
CUST00008546,0.4369,43.69,Medium Risk,0
CUST00008547,0.0,0.0,Low Risk,0
CUST00008548,0.0,0.0,Low Risk,0
CUST00008549,0.4369,43.69,Medium Risk,0
CUST00008550,0.8659,86.59,Critical Risk,1
CUST00008551,0.0,0.0,Low Risk,0
CUST00008552,0.8659,86.59,Critical Risk,1
CUST00008553,0.6793,67.93,High Risk,1
CUST00008554,0.0,0.0,Low Risk,0
CUST00008555,0.8659,86.59,Critical Risk,1
CUST00008556,0.0,0.0,Low Risk,0
CUST00008557,0.8659,86.59,Critical Risk,1
CUST00008558,0.3568,35.68,Medium Risk,0
CUST00008559,0.0,0.0,Low Risk,0
CUST00008560,0.0,0.0,Low Risk,0
CUST00008561,0.6138,61.38,High Risk,1
CUST00008562,0.5362,53.62,High Risk,1
CUST00008563,0.8659,86.59,Critical Risk,1
CUST00008564,0.0,0.0,Low Risk,0
CUST00008565,0.8659,86.59,Critical Risk,1
CUST00008566,0.0,0.0,Low Risk,0
CUST00008567,0.8659,86.59,Critical Risk,1
CUST00008568,0.0,0.0,Low Risk,0
CUST00008569,0.0,0.0,Low Risk,0
CUST00008570,0.8659,86.59,Critical Risk,1
CUST00008571,0.0,0.0,Low Risk,0
CUST00008572,0.4369,43.69,Medium Risk,0
CUST00008573,0.8659,86.59,Critical Risk,1
CUST00008574,0.0,0.0,Low Risk,0
CUST00008575,0.0,0.0,Low Risk,0
CUST00008576,0.8659,86.59,Critical Risk,1
CUST00008577,0.0,0.0,Low Risk,0
CUST00008578,0.6793,67.93,High Risk,1
CUST00008579,0.5362,53.62,High Risk,1
CUST00008580,0.3568,35.68,Medium Risk,0
CUST00008581,0.5362,53.62,High Risk,1
CUST00008582,0.5362,53.62,High Risk,1
CUST00008583,0.0,0.0,Low Risk,0
CUST00008584,0.0,0.0,Low Risk,0
CUST00008585,0.8659,86.59,Critical Risk,1
CUST00008586,0.0,0.0,Low Risk,0
CUST00008587,0.6914,69.14,High Risk,1
CUST00008588,0.0,0.0,Low Risk,0
CUST00008589,0.6793,67.93,High Risk,1
CUST00008590,0.0,0.0,Low Risk,0
CUST00008591,0.6138,61.38,High Risk,1
CUST00008592,0.5362,53.62,High Risk,1
CUST00008593,0.0,0.0,Low Risk,0
CUST00008594,0.8659,86.59,Critical Risk,1
CUST00008595,0.4369,43.69,Medium Risk,0
CUST00008596,0.3037,30.37,Medium Risk,0
CUST00008597,0.3037,30.37,Medium Risk,0
CUST00008598,0.0,0.0,Low Risk,0
CUST00008599,0.6138,61.38,High Risk,1
CUST00008600,0.0,0.0,Low Risk,0
CUST00008601,0.4369,43.69,Medium Risk,0
CUST00008602,0.0,0.0,Low Risk,0
CUST00008603,0.0,0.0,Low Risk,0
CUST00008604,0.0,0.0,Low Risk,0
CUST00008605,0.0,0.0,Low Risk,0
CUST00008606,0.0,0.0,Low Risk,0
CUST00008607,0.6793,67.93,High Risk,1
CUST00008608,0.0,0.0,Low Risk,0
CUST00008609,0.0,0.0,Low Risk,0
CUST00008610,0.0,0.0,Low Risk,0
CUST00008611,0.0,0.0,Low Risk,0
CUST00008612,0.359,35.9,Medium Risk,0
CUST00008613,0.0,0.0,Low Risk,0
CUST00008614,0.4369,43.69,Medium Risk,0
CUST00008615,0.0,0.0,Low Risk,0
CUST00008616,0.6914,69.14,High Risk,1
CUST00008617,0.0,0.0,Low Risk,0
CUST00008618,0.3037,30.37,Medium Risk,0
CUST00008619,0.0,0.0,Low Risk,0
CUST00008620,0.8659,86.59,Critical Risk,1
CUST00008621,0.8659,86.59,Critical Risk,1
CUST00008622,0.6793,67.93,High Risk,1
CUST00008623,0.1,10.0,Low Risk,0
CUST00008624,0.8659,86.59,Critical Risk,1
CUST00008625,0.0,0.0,Low Risk,0
CUST00008626,0.8659,86.59,Critical Risk,1
CUST00008627,0.6793,67.93,High Risk,1
CUST00008628,0.8659,86.59,Critical Risk,1
CUST00008629,0.0,0.0,Low Risk,0
CUST00008630,0.0,0.0,Low Risk,0
CUST00008631,0.0,0.0,Low Risk,0
CUST00008632,0.0,0.0,Low Risk,0
CUST00008633,0.8659,86.59,Critical Risk,1
CUST00008634,0.0,0.0,Low Risk,0
CUST00008635,0.8659,86.59,Critical Risk,1
CUST00008636,0.6138,61.38,High Risk,1
CUST00008637,0.0,0.0,Low Risk,0
CUST00008638,0.1,10.0,Low Risk,0
CUST00008639,0.8659,86.59,Critical Risk,1
CUST00008640,0.0,0.0,Low Risk,0
CUST00008641,0.8659,86.59,Critical Risk,1
CUST00008642,0.4369,43.69,Medium Risk,0
CUST00008643,0.0,0.0,Low Risk,0
CUST00008644,0.6138,61.38,High Risk,1
CUST00008645,0.8659,86.59,Critical Risk,1
CUST00008646,0.0,0.0,Low Risk,0
CUST00008647,0.0,0.0,Low Risk,0
CUST00008648,0.4369,43.69,Medium Risk,0
CUST00008649,0.0,0.0,Low Risk,0
CUST00008650,0.359,35.9,Medium Risk,0
CUST00008651,0.0,0.0,Low Risk,0
CUST00008652,0.4369,43.69,Medium Risk,0
CUST00008653,0.0,0.0,Low Risk,0
CUST00008654,0.8659,86.59,Critical Risk,1
CUST00008655,0.0,0.0,Low Risk,0
CUST00008656,0.5362,53.62,High Risk,1
CUST00008657,0.0,0.0,Low Risk,0
CUST00008658,0.0,0.0,Low Risk,0
CUST00008659,0.0,0.0,Low Risk,0
CUST00008660,0.8659,86.59,Critical Risk,1
CUST00008661,0.0,0.0,Low Risk,0
CUST00008662,0.0,0.0,Low Risk,0
CUST00008663,0.8659,86.59,Critical Risk,1
CUST00008664,0.3568,35.68,Medium Risk,0
CUST00008665,0.6138,61.38,High Risk,1
CUST00008666,0.0,0.0,Low Risk,0
CUST00008667,0.0,0.0,Low Risk,0
CUST00008668,0.8659,86.59,Critical Risk,1
CUST00008669,0.0,0.0,Low Risk,0
CUST00008670,0.6138,61.38,High Risk,1
CUST00008671,0.0,0.0,Low Risk,0
CUST00008672,0.8659,86.59,Critical Risk,1
CUST00008673,0.4369,43.69,Medium Risk,0
CUST00008674,0.0,0.0,Low Risk,0
CUST00008675,0.4369,43.69,Medium Risk,0
CUST00008676,0.0,0.0,Low Risk,0
CUST00008677,0.8659,86.59,Critical Risk,1
CUST00008678,0.0,0.0,Low Risk,0
CUST00008679,0.3568,35.68,Medium Risk,0
CUST00008680,0.0,0.0,Low Risk,0
CUST00008681,0.6138,61.38,High Risk,1
CUST00008682,0.1,10.0,Low Risk,0
CUST00008683,0.3037,30.37,Medium Risk,0
CUST00008684,0.0,0.0,Low Risk,0
CUST00008685,0.8659,86.59,Critical Risk,1
CUST00008686,0.0,0.0,Low Risk,0
CUST00008687,0.0,0.0,Low Risk,0
CUST00008688,0.0,0.0,Low Risk,0
CUST00008689,0.0,0.0,Low Risk,0
CUST00008690,0.4369,43.69,Medium Risk,0
CUST00008691,0.8659,86.59,Critical Risk,1
CUST00008692,0.0,0.0,Low Risk,0
CUST00008693,0.0,0.0,Low Risk,0
CUST00008694,0.0,0.0,Low Risk,0
CUST00008695,0.359,35.9,Medium Risk,0
CUST00008696,0.0,0.0,Low Risk,0
CUST00008697,0.0,0.0,Low Risk,0
CUST00008698,0.0,0.0,Low Risk,0
CUST00008699,0.8659,86.59,Critical Risk,1
CUST00008700,0.8659,86.59,Critical Risk,1
CUST00008701,0.359,35.9,Medium Risk,0
CUST00008702,0.0,0.0,Low Risk,0
CUST00008703,0.8659,86.59,Critical Risk,1
CUST00008704,0.0,0.0,Low Risk,0
CUST00008705,0.0,0.0,Low Risk,0
CUST00008706,0.8659,86.59,Critical Risk,1
CUST00008707,0.8659,86.59,Critical Risk,1
CUST00008708,0.0,0.0,Low Risk,0
CUST00008709,0.6138,61.38,High Risk,1
CUST00008710,0.0,0.0,Low Risk,0
CUST00008711,0.0,0.0,Low Risk,0
CUST00008712,0.0,0.0,Low Risk,0
CUST00008713,0.8659,86.59,Critical Risk,1
CUST00008714,0.0,0.0,Low Risk,0
CUST00008715,0.8659,86.59,Critical Risk,1
CUST00008716,0.0,0.0,Low Risk,0
CUST00008717,0.3568,35.68,Medium Risk,0
CUST00008718,0.1,10.0,Low Risk,0
CUST00008719,0.5362,53.62,High Risk,1
CUST00008720,0.6138,61.38,High Risk,1
CUST00008721,0.8659,86.59,Critical Risk,1
CUST00008722,0.5362,53.62,High Risk,1
CUST00008723,0.0,0.0,Low Risk,0
CUST00008724,0.8659,86.59,Critical Risk,1
CUST00008725,0.0,0.0,Low Risk,0
CUST00008726,0.0,0.0,Low Risk,0
CUST00008727,0.0,0.0,Low Risk,0
CUST00008728,0.3037,30.37,Medium Risk,0
CUST00008729,0.8659,86.59,Critical Risk,1
CUST00008730,0.0,0.0,Low Risk,0
CUST00008731,0.0,0.0,Low Risk,0
CUST00008732,0.0,0.0,Low Risk,0
CUST00008733,0.0,0.0,Low Risk,0
CUST00008734,0.8659,86.59,Critical Risk,1
CUST00008735,0.4369,43.69,Medium Risk,0
CUST00008736,0.0,0.0,Low Risk,0
CUST00008737,0.0,0.0,Low Risk,0
CUST00008738,0.8659,86.59,Critical Risk,1
CUST00008739,0.8659,86.59,Critical Risk,1
CUST00008740,0.0,0.0,Low Risk,0
CUST00008741,0.6793,67.93,High Risk,1
CUST00008742,0.0,0.0,Low Risk,0
CUST00008743,0.0,0.0,Low Risk,0
CUST00008744,0.0,0.0,Low Risk,0
CUST00008745,0.5362,53.62,High Risk,1
CUST00008746,0.0,0.0,Low Risk,0
CUST00008747,0.6793,67.93,High Risk,1
CUST00008748,0.0,0.0,Low Risk,0
CUST00008749,0.0,0.0,Low Risk,0
CUST00008750,0.6793,67.93,High Risk,1
CUST00008751,0.0,0.0,Low Risk,0
CUST00008752,0.8659,86.59,Critical Risk,1
CUST00008753,0.0,0.0,Low Risk,0
CUST00008754,0.8659,86.59,Critical Risk,1
CUST00008755,0.8659,86.59,Critical Risk,1
CUST00008756,0.3568,35.68,Medium Risk,0
CUST00008757,0.0,0.0,Low Risk,0
CUST00008758,0.0,0.0,Low Risk,0
CUST00008759,0.8659,86.59,Critical Risk,1
CUST00008760,0.8659,86.59,Critical Risk,1
CUST00008761,0.0,0.0,Low Risk,0
CUST00008762,0.6793,67.93,High Risk,1
CUST00008763,0.8659,86.59,Critical Risk,1
CUST00008764,0.0,0.0,Low Risk,0
CUST00008765,0.0,0.0,Low Risk,0
CUST00008766,0.0,0.0,Low Risk,0
CUST00008767,0.8659,86.59,Critical Risk,1
CUST00008768,0.8659,86.59,Critical Risk,1
CUST00008769,0.4369,43.69,Medium Risk,0
CUST00008770,0.0,0.0,Low Risk,0
CUST00008771,0.4369,43.69,Medium Risk,0
CUST00008772,0.0,0.0,Low Risk,0
CUST00008773,0.8659,86.59,Critical Risk,1
CUST00008774,0.6793,67.93,High Risk,1
CUST00008775,0.0,0.0,Low Risk,0
CUST00008776,0.8659,86.59,Critical Risk,1
CUST00008777,0.0,0.0,Low Risk,0
CUST00008778,0.3568,35.68,Medium Risk,0
CUST00008779,0.0,0.0,Low Risk,0
CUST00008780,0.6793,67.93,High Risk,1
CUST00008781,0.8659,86.59,Critical Risk,1
CUST00008782,0.0,0.0,Low Risk,0
CUST00008783,0.6793,67.93,High Risk,1
CUST00008784,0.0,0.0,Low Risk,0
CUST00008785,0.8659,86.59,Critical Risk,1
CUST00008786,0.5362,53.62,High Risk,1
CUST00008787,0.0,0.0,Low Risk,0
CUST00008788,0.0,0.0,Low Risk,0
CUST00008789,0.4369,43.69,Medium Risk,0
CUST00008790,0.0,0.0,Low Risk,0
CUST00008791,0.8659,86.59,Critical Risk,1
CUST00008792,0.4369,43.69,Medium Risk,0
CUST00008793,0.0,0.0,Low Risk,0
CUST00008794,0.6793,67.93,High Risk,1
CUST00008795,0.6793,67.93,High Risk,1
CUST00008796,0.8659,86.59,Critical Risk,1
CUST00008797,0.0,0.0,Low Risk,0
CUST00008798,0.0,0.0,Low Risk,0
CUST00008799,0.0,0.0,Low Risk,0
CUST00008800,0.0,0.0,Low Risk,0
CUST00008801,0.0,0.0,Low Risk,0
CUST00008802,0.0,0.0,Low Risk,0
CUST00008803,0.8659,86.59,Critical Risk,1
CUST00008804,0.0,0.0,Low Risk,0
CUST00008805,0.0,0.0,Low Risk,0
CUST00008806,0.0,0.0,Low Risk,0
CUST00008807,0.0,0.0,Low Risk,0
CUST00008808,0.0,0.0,Low Risk,0
CUST00008809,0.8659,86.59,Critical Risk,1
CUST00008810,0.359,35.9,Medium Risk,0
CUST00008811,0.0,0.0,Low Risk,0
CUST00008812,0.0,0.0,Low Risk,0
CUST00008813,0.1,10.0,Low Risk,0
CUST00008814,0.0,0.0,Low Risk,0
CUST00008815,0.6793,67.93,High Risk,1
CUST00008816,0.8659,86.59,Critical Risk,1
CUST00008817,0.0,0.0,Low Risk,0
CUST00008818,0.8659,86.59,Critical Risk,1
CUST00008819,0.8659,86.59,Critical Risk,1
CUST00008820,0.0,0.0,Low Risk,0
CUST00008821,0.5362,53.62,High Risk,1
CUST00008822,0.0,0.0,Low Risk,0
CUST00008823,0.359,35.9,Medium Risk,0
CUST00008824,0.0,0.0,Low Risk,0
CUST00008825,0.0,0.0,Low Risk,0
CUST00008826,0.6914,69.14,High Risk,1
CUST00008827,0.0,0.0,Low Risk,0
CUST00008828,0.0,0.0,Low Risk,0
CUST00008829,0.5362,53.62,High Risk,1
CUST00008830,0.0,0.0,Low Risk,0
CUST00008831,0.0,0.0,Low Risk,0
CUST00008832,0.8659,86.59,Critical Risk,1
CUST00008833,0.3568,35.68,Medium Risk,0
CUST00008834,0.0,0.0,Low Risk,0
CUST00008835,0.0,0.0,Low Risk,0
CUST00008836,0.0,0.0,Low Risk,0
CUST00008837,0.359,35.9,Medium Risk,0
CUST00008838,0.8659,86.59,Critical Risk,1
CUST00008839,0.6793,67.93,High Risk,1
CUST00008840,0.6914,69.14,High Risk,1
CUST00008841,0.0,0.0,Low Risk,0
CUST00008842,0.8659,86.59,Critical Risk,1
CUST00008843,0.0,0.0,Low Risk,0
CUST00008844,0.4369,43.69,Medium Risk,0
CUST00008845,0.0,0.0,Low Risk,0
CUST00008846,0.0,0.0,Low Risk,0
CUST00008847,0.8659,86.59,Critical Risk,1
CUST00008848,0.6793,67.93,High Risk,1
CUST00008849,0.5362,53.62,High Risk,1
CUST00008850,0.3037,30.37,Medium Risk,0
CUST00008851,0.5362,53.62,High Risk,1
CUST00008852,0.8659,86.59,Critical Risk,1
CUST00008853,0.6793,67.93,High Risk,1
CUST00008854,0.0,0.0,Low Risk,0
CUST00008855,0.0,0.0,Low Risk,0
CUST00008856,0.4369,43.69,Medium Risk,0
CUST00008857,0.4369,43.69,Medium Risk,0
CUST00008858,0.0,0.0,Low Risk,0
CUST00008859,0.6793,67.93,High Risk,1
CUST00008860,0.8659,86.59,Critical Risk,1
CUST00008861,0.0,0.0,Low Risk,0
CUST00008862,0.8659,86.59,Critical Risk,1
CUST00008863,0.0,0.0,Low Risk,0
CUST00008864,0.0,0.0,Low Risk,0
CUST00008865,0.8659,86.59,Critical Risk,1
CUST00008866,0.0,0.0,Low Risk,0
CUST00008867,0.6793,67.93,High Risk,1
CUST00008868,0.0,0.0,Low Risk,0
CUST00008869,0.0,0.0,Low Risk,0
CUST00008870,0.6793,67.93,High Risk,1
CUST00008871,0.0,0.0,Low Risk,0
CUST00008872,0.3037,30.37,Medium Risk,0
CUST00008873,0.0,0.0,Low Risk,0
CUST00008874,0.0,0.0,Low Risk,0
CUST00008875,0.0,0.0,Low Risk,0
CUST00008876,0.6914,69.14,High Risk,1
CUST00008877,0.0,0.0,Low Risk,0
CUST00008878,0.4369,43.69,Medium Risk,0
CUST00008879,0.0,0.0,Low Risk,0
CUST00008880,0.0,0.0,Low Risk,0
CUST00008881,0.5362,53.62,High Risk,1
CUST00008882,0.6793,67.93,High Risk,1
CUST00008883,0.0,0.0,Low Risk,0
CUST00008884,0.0,0.0,Low Risk,0
CUST00008885,0.0,0.0,Low Risk,0
CUST00008886,0.0,0.0,Low Risk,0
CUST00008887,0.0,0.0,Low Risk,0
CUST00008888,0.0,0.0,Low Risk,0
CUST00008889,0.0,0.0,Low Risk,0
CUST00008890,0.0,0.0,Low Risk,0
CUST00008891,0.6914,69.14,High Risk,1
CUST00008892,0.4369,43.69,Medium Risk,0
CUST00008893,0.0,0.0,Low Risk,0
CUST00008894,0.0,0.0,Low Risk,0
CUST00008895,0.8659,86.59,Critical Risk,1
CUST00008896,0.8659,86.59,Critical Risk,1
CUST00008897,0.0,0.0,Low Risk,0
CUST00008898,0.3568,35.68,Medium Risk,0
CUST00008899,0.0,0.0,Low Risk,0
CUST00008900,0.6793,67.93,High Risk,1
CUST00008901,0.0,0.0,Low Risk,0
CUST00008902,0.8659,86.59,Critical Risk,1
CUST00008903,0.0,0.0,Low Risk,0
CUST00008904,0.4369,43.69,Medium Risk,0
CUST00008905,0.3568,35.68,Medium Risk,0
CUST00008906,0.8659,86.59,Critical Risk,1
CUST00008907,0.8659,86.59,Critical Risk,1
CUST00008908,0.0,0.0,Low Risk,0
CUST00008909,0.0,0.0,Low Risk,0
CUST00008910,0.0,0.0,Low Risk,0
CUST00008911,0.3568,35.68,Medium Risk,0
CUST00008912,0.0,0.0,Low Risk,0
CUST00008913,0.6793,67.93,High Risk,1
CUST00008914,0.0,0.0,Low Risk,0
CUST00008915,0.8659,86.59,Critical Risk,1
CUST00008916,0.6138,61.38,High Risk,1
CUST00008917,0.4369,43.69,Medium Risk,0
CUST00008918,0.6914,69.14,High Risk,1
CUST00008919,0.0,0.0,Low Risk,0
CUST00008920,0.4369,43.69,Medium Risk,0
CUST00008921,0.0,0.0,Low Risk,0
CUST00008922,0.8659,86.59,Critical Risk,1
CUST00008923,0.0,0.0,Low Risk,0
CUST00008924,0.8659,86.59,Critical Risk,1
CUST00008925,0.6914,69.14,High Risk,1
CUST00008926,0.0,0.0,Low Risk,0
CUST00008927,0.4369,43.69,Medium Risk,0
CUST00008928,0.6793,67.93,High Risk,1
CUST00008929,0.0,0.0,Low Risk,0
CUST00008930,0.0,0.0,Low Risk,0
CUST00008931,0.0,0.0,Low Risk,0
CUST00008932,0.359,35.9,Medium Risk,0
CUST00008933,0.1,10.0,Low Risk,0
CUST00008934,0.8659,86.59,Critical Risk,1
CUST00008935,0.0,0.0,Low Risk,0
CUST00008936,0.0,0.0,Low Risk,0
CUST00008937,0.0,0.0,Low Risk,0
CUST00008938,0.0,0.0,Low Risk,0
CUST00008939,0.5362,53.62,High Risk,1
CUST00008940,0.0,0.0,Low Risk,0
CUST00008941,0.0,0.0,Low Risk,0
CUST00008942,0.8659,86.59,Critical Risk,1
CUST00008943,0.6793,67.93,High Risk,1
CUST00008944,0.0,0.0,Low Risk,0
CUST00008945,0.0,0.0,Low Risk,0
CUST00008946,0.8659,86.59,Critical Risk,1
CUST00008947,0.4369,43.69,Medium Risk,0
CUST00008948,0.0,0.0,Low Risk,0
CUST00008949,0.0,0.0,Low Risk,0
CUST00008950,0.8659,86.59,Critical Risk,1
CUST00008951,0.6793,67.93,High Risk,1
CUST00008952,0.0,0.0,Low Risk,0
CUST00008953,0.0,0.0,Low Risk,0
CUST00008954,0.0,0.0,Low Risk,0
CUST00008955,0.5362,53.62,High Risk,1
CUST00008956,0.0,0.0,Low Risk,0
CUST00008957,0.0,0.0,Low Risk,0
CUST00008958,0.0,0.0,Low Risk,0
CUST00008959,0.0,0.0,Low Risk,0
CUST00008960,0.0,0.0,Low Risk,0
CUST00008961,0.1,10.0,Low Risk,0
CUST00008962,0.0,0.0,Low Risk,0
CUST00008963,0.8659,86.59,Critical Risk,1
CUST00008964,0.3037,30.37,Medium Risk,0
CUST00008965,0.0,0.0,Low Risk,0
CUST00008966,0.0,0.0,Low Risk,0
CUST00008967,0.8659,86.59,Critical Risk,1
CUST00008968,0.8659,86.59,Critical Risk,1
CUST00008969,0.0,0.0,Low Risk,0
CUST00008970,0.0,0.0,Low Risk,0
CUST00008971,0.6914,69.14,High Risk,1
CUST00008972,0.0,0.0,Low Risk,0
CUST00008973,0.0,0.0,Low Risk,0
CUST00008974,0.4369,43.69,Medium Risk,0
CUST00008975,0.5362,53.62,High Risk,1
CUST00008976,0.6914,69.14,High Risk,1
CUST00008977,0.0,0.0,Low Risk,0
CUST00008978,0.0,0.0,Low Risk,0
CUST00008979,0.6138,61.38,High Risk,1
CUST00008980,0.0,0.0,Low Risk,0
CUST00008981,0.6793,67.93,High Risk,1
CUST00008982,0.6793,67.93,High Risk,1
CUST00008983,0.0,0.0,Low Risk,0
CUST00008984,0.6914,69.14,High Risk,1
CUST00008985,0.0,0.0,Low Risk,0
CUST00008986,0.359,35.9,Medium Risk,0
CUST00008987,0.4369,43.69,Medium Risk,0
CUST00008988,0.6793,67.93,High Risk,1
CUST00008989,0.5362,53.62,High Risk,1
CUST00008990,0.6138,61.38,High Risk,1
CUST00008991,0.0,0.0,Low Risk,0
CUST00008992,0.359,35.9,Medium Risk,0
CUST00008993,0.0,0.0,Low Risk,0
CUST00008994,0.0,0.0,Low Risk,0
CUST00008995,0.6793,67.93,High Risk,1
CUST00008996,0.8659,86.59,Critical Risk,1
CUST00008997,0.6138,61.38,High Risk,1
CUST00008998,0.4369,43.69,Medium Risk,0
CUST00008999,0.0,0.0,Low Risk,0
CUST00009000,0.0,0.0,Low Risk,0
CUST00009001,0.0,0.0,Low Risk,0
CUST00009002,0.6914,69.14,High Risk,1
CUST00009003,0.0,0.0,Low Risk,0
CUST00009004,0.0,0.0,Low Risk,0
CUST00009005,0.4369,43.69,Medium Risk,0
CUST00009006,0.6914,69.14,High Risk,1
CUST00009007,0.0,0.0,Low Risk,0
CUST00009008,0.8659,86.59,Critical Risk,1
CUST00009009,0.0,0.0,Low Risk,0
CUST00009010,0.8659,86.59,Critical Risk,1
CUST00009011,0.0,0.0,Low Risk,0
CUST00009012,0.8659,86.59,Critical Risk,1
CUST00009013,0.0,0.0,Low Risk,0
CUST00009014,0.0,0.0,Low Risk,0
CUST00009015,0.3037,30.37,Medium Risk,0
CUST00009016,0.6793,67.93,High Risk,1
CUST00009017,0.0,0.0,Low Risk,0
CUST00009018,0.8659,86.59,Critical Risk,1
CUST00009019,0.8659,86.59,Critical Risk,1
CUST00009020,0.0,0.0,Low Risk,0
CUST00009021,0.0,0.0,Low Risk,0
CUST00009022,0.5362,53.62,High Risk,1
CUST00009023,0.0,0.0,Low Risk,0
CUST00009024,0.8659,86.59,Critical Risk,1
CUST00009025,0.1,10.0,Low Risk,0
CUST00009026,0.0,0.0,Low Risk,0
CUST00009027,0.359,35.9,Medium Risk,0
CUST00009028,0.6793,67.93,High Risk,1
CUST00009029,0.0,0.0,Low Risk,0
CUST00009030,0.6793,67.93,High Risk,1
CUST00009031,0.5362,53.62,High Risk,1
CUST00009032,0.0,0.0,Low Risk,0
CUST00009033,0.5362,53.62,High Risk,1
CUST00009034,0.359,35.9,Medium Risk,0
CUST00009035,0.8659,86.59,Critical Risk,1
CUST00009036,0.8659,86.59,Critical Risk,1
CUST00009037,0.0,0.0,Low Risk,0
CUST00009038,0.0,0.0,Low Risk,0
CUST00009039,0.0,0.0,Low Risk,0
CUST00009040,0.359,35.9,Medium Risk,0
CUST00009041,0.0,0.0,Low Risk,0
CUST00009042,0.0,0.0,Low Risk,0
CUST00009043,0.0,0.0,Low Risk,0
CUST00009044,0.4369,43.69,Medium Risk,0
CUST00009045,0.0,0.0,Low Risk,0
CUST00009046,0.4369,43.69,Medium Risk,0
CUST00009047,0.6793,67.93,High Risk,1
CUST00009048,0.0,0.0,Low Risk,0
CUST00009049,0.0,0.0,Low Risk,0
CUST00009050,0.3037,30.37,Medium Risk,0
CUST00009051,0.0,0.0,Low Risk,0
CUST00009052,0.0,0.0,Low Risk,0
CUST00009053,0.0,0.0,Low Risk,0
CUST00009054,0.6793,67.93,High Risk,1
CUST00009055,0.0,0.0,Low Risk,0
CUST00009056,0.359,35.9,Medium Risk,0
CUST00009057,0.0,0.0,Low Risk,0
CUST00009058,0.0,0.0,Low Risk,0
CUST00009059,0.0,0.0,Low Risk,0
CUST00009060,0.0,0.0,Low Risk,0
CUST00009061,0.5362,53.62,High Risk,1
CUST00009062,0.0,0.0,Low Risk,0
CUST00009063,0.8659,86.59,Critical Risk,1
CUST00009064,0.0,0.0,Low Risk,0
CUST00009065,0.4369,43.69,Medium Risk,0
CUST00009066,0.8659,86.59,Critical Risk,1
CUST00009067,0.0,0.0,Low Risk,0
CUST00009068,0.0,0.0,Low Risk,0
CUST00009069,0.0,0.0,Low Risk,0
CUST00009070,0.0,0.0,Low Risk,0
CUST00009071,0.0,0.0,Low Risk,0
CUST00009072,0.0,0.0,Low Risk,0
CUST00009073,0.0,0.0,Low Risk,0
CUST00009074,0.6793,67.93,High Risk,1
CUST00009075,0.0,0.0,Low Risk,0
CUST00009076,0.0,0.0,Low Risk,0
CUST00009077,0.0,0.0,Low Risk,0
CUST00009078,0.0,0.0,Low Risk,0
CUST00009079,0.5362,53.62,High Risk,1
CUST00009080,0.0,0.0,Low Risk,0
CUST00009081,0.0,0.0,Low Risk,0
CUST00009082,0.8659,86.59,Critical Risk,1
CUST00009083,0.8659,86.59,Critical Risk,1
CUST00009084,0.8659,86.59,Critical Risk,1
CUST00009085,0.0,0.0,Low Risk,0
CUST00009086,0.3568,35.68,Medium Risk,0
CUST00009087,0.0,0.0,Low Risk,0
CUST00009088,0.0,0.0,Low Risk,0
CUST00009089,0.6914,69.14,High Risk,1
CUST00009090,0.8659,86.59,Critical Risk,1
CUST00009091,0.4369,43.69,Medium Risk,0
CUST00009092,0.8659,86.59,Critical Risk,1
CUST00009093,0.0,0.0,Low Risk,0
CUST00009094,0.8659,86.59,Critical Risk,1
CUST00009095,0.8659,86.59,Critical Risk,1
CUST00009096,0.8659,86.59,Critical Risk,1
CUST00009097,0.8659,86.59,Critical Risk,1
CUST00009098,0.4369,43.69,Medium Risk,0
CUST00009099,0.3037,30.37,Medium Risk,0
CUST00009100,0.4369,43.69,Medium Risk,0
CUST00009101,0.0,0.0,Low Risk,0
CUST00009102,0.6138,61.38,High Risk,1
CUST00009103,0.6793,67.93,High Risk,1
CUST00009104,0.0,0.0,Low Risk,0
CUST00009105,0.0,0.0,Low Risk,0
CUST00009106,0.4369,43.69,Medium Risk,0
CUST00009107,0.0,0.0,Low Risk,0
CUST00009108,0.0,0.0,Low Risk,0
CUST00009109,0.8659,86.59,Critical Risk,1
CUST00009110,0.0,0.0,Low Risk,0
CUST00009111,0.0,0.0,Low Risk,0
CUST00009112,0.8659,86.59,Critical Risk,1
CUST00009113,0.8659,86.59,Critical Risk,1
CUST00009114,0.4369,43.69,Medium Risk,0
CUST00009115,0.0,0.0,Low Risk,0
CUST00009116,0.0,0.0,Low Risk,0
CUST00009117,0.0,0.0,Low Risk,0
CUST00009118,0.8659,86.59,Critical Risk,1
CUST00009119,0.0,0.0,Low Risk,0
CUST00009120,0.0,0.0,Low Risk,0
CUST00009121,0.8659,86.59,Critical Risk,1
CUST00009122,0.0,0.0,Low Risk,0
CUST00009123,0.0,0.0,Low Risk,0
CUST00009124,0.0,0.0,Low Risk,0
CUST00009125,0.0,0.0,Low Risk,0
CUST00009126,0.0,0.0,Low Risk,0
CUST00009127,0.5362,53.62,High Risk,1
CUST00009128,0.8659,86.59,Critical Risk,1
CUST00009129,0.0,0.0,Low Risk,0
CUST00009130,0.0,0.0,Low Risk,0
CUST00009131,0.8659,86.59,Critical Risk,1
CUST00009132,0.0,0.0,Low Risk,0
CUST00009133,0.0,0.0,Low Risk,0
CUST00009134,0.0,0.0,Low Risk,0
CUST00009135,0.0,0.0,Low Risk,0
CUST00009136,0.8659,86.59,Critical Risk,1
CUST00009137,0.6793,67.93,High Risk,1
CUST00009138,0.8659,86.59,Critical Risk,1
CUST00009139,0.0,0.0,Low Risk,0
CUST00009140,0.6793,67.93,High Risk,1
CUST00009141,0.0,0.0,Low Risk,0
CUST00009142,0.8659,86.59,Critical Risk,1
CUST00009143,0.3568,35.68,Medium Risk,0
CUST00009144,0.3037,30.37,Medium Risk,0
CUST00009145,0.0,0.0,Low Risk,0
CUST00009146,0.8659,86.59,Critical Risk,1
CUST00009147,0.0,0.0,Low Risk,0
CUST00009148,0.0,0.0,Low Risk,0
CUST00009149,0.0,0.0,Low Risk,0
CUST00009150,0.0,0.0,Low Risk,0
CUST00009151,0.0,0.0,Low Risk,0
CUST00009152,0.0,0.0,Low Risk,0
CUST00009153,0.0,0.0,Low Risk,0
CUST00009154,0.8659,86.59,Critical Risk,1
CUST00009155,0.8659,86.59,Critical Risk,1
CUST00009156,0.3037,30.37,Medium Risk,0
CUST00009157,0.0,0.0,Low Risk,0
CUST00009158,0.4369,43.69,Medium Risk,0
CUST00009159,0.3568,35.68,Medium Risk,0
CUST00009160,0.0,0.0,Low Risk,0
CUST00009161,0.0,0.0,Low Risk,0
CUST00009162,0.0,0.0,Low Risk,0
CUST00009163,0.0,0.0,Low Risk,0
CUST00009164,0.6914,69.14,High Risk,1
CUST00009165,0.0,0.0,Low Risk,0
CUST00009166,0.4369,43.69,Medium Risk,0
CUST00009167,0.0,0.0,Low Risk,0
CUST00009168,0.6138,61.38,High Risk,1
CUST00009169,0.8659,86.59,Critical Risk,1
CUST00009170,0.4369,43.69,Medium Risk,0
CUST00009171,0.6793,67.93,High Risk,1
CUST00009172,0.8659,86.59,Critical Risk,1
CUST00009173,0.0,0.0,Low Risk,0
CUST00009174,0.5362,53.62,High Risk,1
CUST00009175,0.8659,86.59,Critical Risk,1
CUST00009176,0.6914,69.14,High Risk,1
CUST00009177,0.0,0.0,Low Risk,0
CUST00009178,0.6793,67.93,High Risk,1
CUST00009179,0.359,35.9,Medium Risk,0
CUST00009180,0.0,0.0,Low Risk,0
CUST00009181,0.8659,86.59,Critical Risk,1
CUST00009182,0.6914,69.14,High Risk,1
CUST00009183,0.8659,86.59,Critical Risk,1
CUST00009184,0.8659,86.59,Critical Risk,1
CUST00009185,0.0,0.0,Low Risk,0
CUST00009186,0.0,0.0,Low Risk,0
CUST00009187,0.8659,86.59,Critical Risk,1
CUST00009188,0.4369,43.69,Medium Risk,0
CUST00009189,0.0,0.0,Low Risk,0
CUST00009190,0.0,0.0,Low Risk,0
CUST00009191,0.0,0.0,Low Risk,0
CUST00009192,0.3568,35.68,Medium Risk,0
CUST00009193,0.0,0.0,Low Risk,0
CUST00009194,0.4369,43.69,Medium Risk,0
CUST00009195,0.0,0.0,Low Risk,0
CUST00009196,0.0,0.0,Low Risk,0
CUST00009197,0.8659,86.59,Critical Risk,1
CUST00009198,0.0,0.0,Low Risk,0
CUST00009199,0.0,0.0,Low Risk,0
CUST00009200,0.0,0.0,Low Risk,0
CUST00009201,0.0,0.0,Low Risk,0
CUST00009202,0.0,0.0,Low Risk,0
CUST00009203,0.0,0.0,Low Risk,0
CUST00009204,0.8659,86.59,Critical Risk,1
CUST00009205,0.0,0.0,Low Risk,0
CUST00009206,0.6793,67.93,High Risk,1
CUST00009207,0.8659,86.59,Critical Risk,1
CUST00009208,0.8659,86.59,Critical Risk,1
CUST00009209,0.8659,86.59,Critical Risk,1
CUST00009210,0.0,0.0,Low Risk,0
CUST00009211,0.0,0.0,Low Risk,0
CUST00009212,0.8659,86.59,Critical Risk,1
CUST00009213,0.0,0.0,Low Risk,0
CUST00009214,0.0,0.0,Low Risk,0
CUST00009215,0.0,0.0,Low Risk,0
CUST00009216,0.0,0.0,Low Risk,0
CUST00009217,0.0,0.0,Low Risk,0
CUST00009218,0.4369,43.69,Medium Risk,0
CUST00009219,0.4369,43.69,Medium Risk,0
CUST00009220,0.6914,69.14,High Risk,1
CUST00009221,0.6793,67.93,High Risk,1
CUST00009222,0.0,0.0,Low Risk,0
CUST00009223,0.0,0.0,Low Risk,0
CUST00009224,0.0,0.0,Low Risk,0
CUST00009225,0.0,0.0,Low Risk,0
CUST00009226,0.6793,67.93,High Risk,1
CUST00009227,0.0,0.0,Low Risk,0
CUST00009228,0.0,0.0,Low Risk,0
CUST00009229,0.0,0.0,Low Risk,0
CUST00009230,0.0,0.0,Low Risk,0
CUST00009231,0.8659,86.59,Critical Risk,1
CUST00009232,0.6914,69.14,High Risk,1
CUST00009233,0.8659,86.59,Critical Risk,1
CUST00009234,0.0,0.0,Low Risk,0
CUST00009235,0.0,0.0,Low Risk,0
CUST00009236,0.8659,86.59,Critical Risk,1
CUST00009237,0.6793,67.93,High Risk,1
CUST00009238,0.0,0.0,Low Risk,0
CUST00009239,0.0,0.0,Low Risk,0
CUST00009240,0.0,0.0,Low Risk,0
CUST00009241,0.0,0.0,Low Risk,0
CUST00009242,0.6138,61.38,High Risk,1
CUST00009243,0.3568,35.68,Medium Risk,0
CUST00009244,0.8659,86.59,Critical Risk,1
CUST00009245,0.0,0.0,Low Risk,0
CUST00009246,0.4369,43.69,Medium Risk,0
CUST00009247,0.0,0.0,Low Risk,0
CUST00009248,0.6793,67.93,High Risk,1
CUST00009249,0.0,0.0,Low Risk,0
CUST00009250,0.6793,67.93,High Risk,1
CUST00009251,0.4369,43.69,Medium Risk,0
CUST00009252,0.0,0.0,Low Risk,0
CUST00009253,0.0,0.0,Low Risk,0
CUST00009254,0.0,0.0,Low Risk,0
CUST00009255,0.0,0.0,Low Risk,0
CUST00009256,0.4369,43.69,Medium Risk,0
CUST00009257,0.8659,86.59,Critical Risk,1
CUST00009258,0.6914,69.14,High Risk,1
CUST00009259,0.4369,43.69,Medium Risk,0
CUST00009260,0.6138,61.38,High Risk,1
CUST00009261,0.3037,30.37,Medium Risk,0
CUST00009262,0.5362,53.62,High Risk,1
CUST00009263,0.6914,69.14,High Risk,1
CUST00009264,0.0,0.0,Low Risk,0
CUST00009265,0.0,0.0,Low Risk,0
CUST00009266,0.0,0.0,Low Risk,0
CUST00009267,0.5362,53.62,High Risk,1
CUST00009268,0.0,0.0,Low Risk,0
CUST00009269,0.8659,86.59,Critical Risk,1
CUST00009270,0.0,0.0,Low Risk,0
CUST00009271,0.1,10.0,Low Risk,0
CUST00009272,0.6914,69.14,High Risk,1
CUST00009273,0.0,0.0,Low Risk,0
CUST00009274,0.8659,86.59,Critical Risk,1
CUST00009275,0.8659,86.59,Critical Risk,1
CUST00009276,0.8659,86.59,Critical Risk,1
CUST00009277,0.0,0.0,Low Risk,0
CUST00009278,0.5362,53.62,High Risk,1
CUST00009279,0.6914,69.14,High Risk,1
CUST00009280,0.0,0.0,Low Risk,0
CUST00009281,0.0,0.0,Low Risk,0
CUST00009282,0.6914,69.14,High Risk,1
CUST00009283,0.4369,43.69,Medium Risk,0
CUST00009284,0.0,0.0,Low Risk,0
CUST00009285,0.6914,69.14,High Risk,1
CUST00009286,0.8659,86.59,Critical Risk,1
CUST00009287,0.3568,35.68,Medium Risk,0
CUST00009288,0.4369,43.69,Medium Risk,0
CUST00009289,0.3568,35.68,Medium Risk,0
CUST00009290,0.0,0.0,Low Risk,0
CUST00009291,0.8659,86.59,Critical Risk,1
CUST00009292,0.0,0.0,Low Risk,0
CUST00009293,0.8659,86.59,Critical Risk,1
CUST00009294,0.0,0.0,Low Risk,0
CUST00009295,0.8659,86.59,Critical Risk,1
CUST00009296,0.0,0.0,Low Risk,0
CUST00009297,0.4369,43.69,Medium Risk,0
CUST00009298,0.0,0.0,Low Risk,0
CUST00009299,0.0,0.0,Low Risk,0
CUST00009300,0.1,10.0,Low Risk,0
CUST00009301,0.0,0.0,Low Risk,0
CUST00009302,0.0,0.0,Low Risk,0
CUST00009303,0.0,0.0,Low Risk,0
CUST00009304,0.0,0.0,Low Risk,0
CUST00009305,0.8659,86.59,Critical Risk,1
CUST00009306,0.0,0.0,Low Risk,0
CUST00009307,0.6914,69.14,High Risk,1
CUST00009308,0.359,35.9,Medium Risk,0
CUST00009309,0.5362,53.62,High Risk,1
CUST00009310,0.0,0.0,Low Risk,0
CUST00009311,0.0,0.0,Low Risk,0
CUST00009312,0.6914,69.14,High Risk,1
CUST00009313,0.3037,30.37,Medium Risk,0
CUST00009314,0.4369,43.69,Medium Risk,0
CUST00009315,0.8659,86.59,Critical Risk,1
CUST00009316,0.0,0.0,Low Risk,0
CUST00009317,0.8659,86.59,Critical Risk,1
CUST00009318,0.0,0.0,Low Risk,0
CUST00009319,0.0,0.0,Low Risk,0
CUST00009320,0.8659,86.59,Critical Risk,1
CUST00009321,0.0,0.0,Low Risk,0
CUST00009322,0.6138,61.38,High Risk,1
CUST00009323,0.0,0.0,Low Risk,0
CUST00009324,0.0,0.0,Low Risk,0
CUST00009325,0.8659,86.59,Critical Risk,1
CUST00009326,0.3568,35.68,Medium Risk,0
CUST00009327,0.5362,53.62,High Risk,1
CUST00009328,0.0,0.0,Low Risk,0
CUST00009329,0.0,0.0,Low Risk,0
CUST00009330,0.4369,43.69,Medium Risk,0
CUST00009331,0.0,0.0,Low Risk,0
CUST00009332,0.0,0.0,Low Risk,0
CUST00009333,0.0,0.0,Low Risk,0
CUST00009334,0.0,0.0,Low Risk,0
CUST00009335,0.0,0.0,Low Risk,0
CUST00009336,0.8659,86.59,Critical Risk,1
CUST00009337,0.6793,67.93,High Risk,1
CUST00009338,0.5362,53.62,High Risk,1
CUST00009339,0.0,0.0,Low Risk,0
CUST00009340,0.0,0.0,Low Risk,0
CUST00009341,0.1,10.0,Low Risk,0
CUST00009342,0.6793,67.93,High Risk,1
CUST00009343,0.0,0.0,Low Risk,0
CUST00009344,0.8659,86.59,Critical Risk,1
CUST00009345,0.8659,86.59,Critical Risk,1
CUST00009346,0.0,0.0,Low Risk,0
CUST00009347,0.0,0.0,Low Risk,0
CUST00009348,0.0,0.0,Low Risk,0
CUST00009349,0.4369,43.69,Medium Risk,0
CUST00009350,0.0,0.0,Low Risk,0
CUST00009351,0.6138,61.38,High Risk,1
CUST00009352,0.0,0.0,Low Risk,0
CUST00009353,0.6138,61.38,High Risk,1
CUST00009354,0.6138,61.38,High Risk,1
CUST00009355,0.8659,86.59,Critical Risk,1
CUST00009356,0.6793,67.93,High Risk,1
CUST00009357,0.6914,69.14,High Risk,1
CUST00009358,0.8659,86.59,Critical Risk,1
CUST00009359,0.4369,43.69,Medium Risk,0
CUST00009360,0.6914,69.14,High Risk,1
CUST00009361,0.3568,35.68,Medium Risk,0
CUST00009362,0.8659,86.59,Critical Risk,1
CUST00009363,0.0,0.0,Low Risk,0
CUST00009364,0.0,0.0,Low Risk,0
CUST00009365,0.0,0.0,Low Risk,0
CUST00009366,0.6793,67.93,High Risk,1
CUST00009367,0.0,0.0,Low Risk,0
CUST00009368,0.0,0.0,Low Risk,0
CUST00009369,0.8659,86.59,Critical Risk,1
CUST00009370,0.8659,86.59,Critical Risk,1
CUST00009371,0.359,35.9,Medium Risk,0
CUST00009372,0.0,0.0,Low Risk,0
CUST00009373,0.6793,67.93,High Risk,1
CUST00009374,0.4369,43.69,Medium Risk,0
CUST00009375,0.359,35.9,Medium Risk,0
CUST00009376,0.0,0.0,Low Risk,0
CUST00009377,0.6138,61.38,High Risk,1
CUST00009378,0.6138,61.38,High Risk,1
CUST00009379,0.0,0.0,Low Risk,0
CUST00009380,0.8659,86.59,Critical Risk,1
CUST00009381,0.0,0.0,Low Risk,0
CUST00009382,0.0,0.0,Low Risk,0
CUST00009383,0.5362,53.62,High Risk,1
CUST00009384,0.6793,67.93,High Risk,1
CUST00009385,0.0,0.0,Low Risk,0
CUST00009386,0.0,0.0,Low Risk,0
CUST00009387,0.0,0.0,Low Risk,0
CUST00009388,0.0,0.0,Low Risk,0
CUST00009389,0.8659,86.59,Critical Risk,1
CUST00009390,0.5362,53.62,High Risk,1
CUST00009391,0.5362,53.62,High Risk,1
CUST00009392,0.0,0.0,Low Risk,0
CUST00009393,0.0,0.0,Low Risk,0
CUST00009394,0.3568,35.68,Medium Risk,0
CUST00009395,0.6793,67.93,High Risk,1
CUST00009396,0.3568,35.68,Medium Risk,0
CUST00009397,0.0,0.0,Low Risk,0
CUST00009398,0.0,0.0,Low Risk,0
CUST00009399,0.0,0.0,Low Risk,0
CUST00009400,0.8659,86.59,Critical Risk,1
CUST00009401,0.0,0.0,Low Risk,0
CUST00009402,0.0,0.0,Low Risk,0
CUST00009403,0.0,0.0,Low Risk,0
CUST00009404,0.0,0.0,Low Risk,0
CUST00009405,0.0,0.0,Low Risk,0
CUST00009406,0.0,0.0,Low Risk,0
CUST00009407,0.0,0.0,Low Risk,0
CUST00009408,0.8659,86.59,Critical Risk,1
CUST00009409,0.0,0.0,Low Risk,0
CUST00009410,0.4369,43.69,Medium Risk,0
CUST00009411,0.359,35.9,Medium Risk,0
CUST00009412,0.8659,86.59,Critical Risk,1
CUST00009413,0.0,0.0,Low Risk,0
CUST00009414,0.0,0.0,Low Risk,0
CUST00009415,0.0,0.0,Low Risk,0
CUST00009416,0.0,0.0,Low Risk,0
CUST00009417,0.4369,43.69,Medium Risk,0
CUST00009418,0.6138,61.38,High Risk,1
CUST00009419,0.0,0.0,Low Risk,0
CUST00009420,0.0,0.0,Low Risk,0
CUST00009421,0.6793,67.93,High Risk,1
CUST00009422,0.3568,35.68,Medium Risk,0
CUST00009423,0.8659,86.59,Critical Risk,1
CUST00009424,0.0,0.0,Low Risk,0
CUST00009425,0.8659,86.59,Critical Risk,1
CUST00009426,0.4369,43.69,Medium Risk,0
CUST00009427,0.0,0.0,Low Risk,0
CUST00009428,0.1,10.0,Low Risk,0
CUST00009429,0.8659,86.59,Critical Risk,1
CUST00009430,0.8659,86.59,Critical Risk,1
CUST00009431,0.6914,69.14,High Risk,1
CUST00009432,0.4369,43.69,Medium Risk,0
CUST00009433,0.0,0.0,Low Risk,0
CUST00009434,0.6138,61.38,High Risk,1
CUST00009435,0.8659,86.59,Critical Risk,1
CUST00009436,0.0,0.0,Low Risk,0
CUST00009437,0.0,0.0,Low Risk,0
CUST00009438,0.4369,43.69,Medium Risk,0
CUST00009439,0.0,0.0,Low Risk,0
CUST00009440,0.4369,43.69,Medium Risk,0
CUST00009441,0.0,0.0,Low Risk,0
CUST00009442,0.4369,43.69,Medium Risk,0
CUST00009443,0.8659,86.59,Critical Risk,1
CUST00009444,0.4369,43.69,Medium Risk,0
CUST00009445,0.5362,53.62,High Risk,1
CUST00009446,0.8659,86.59,Critical Risk,1
CUST00009447,0.6793,67.93,High Risk,1
CUST00009448,0.8659,86.59,Critical Risk,1
CUST00009449,0.8659,86.59,Critical Risk,1
CUST00009450,0.8659,86.59,Critical Risk,1
CUST00009451,0.6793,67.93,High Risk,1
CUST00009452,0.4369,43.69,Medium Risk,0
CUST00009453,0.6914,69.14,High Risk,1
CUST00009454,0.0,0.0,Low Risk,0
CUST00009455,0.5362,53.62,High Risk,1
CUST00009456,0.0,0.0,Low Risk,0
CUST00009457,0.8659,86.59,Critical Risk,1
CUST00009458,0.6914,69.14,High Risk,1
CUST00009459,0.0,0.0,Low Risk,0
CUST00009460,0.0,0.0,Low Risk,0
CUST00009461,0.0,0.0,Low Risk,0
CUST00009462,0.6138,61.38,High Risk,1
CUST00009463,0.359,35.9,Medium Risk,0
CUST00009464,0.0,0.0,Low Risk,0
CUST00009465,0.4369,43.69,Medium Risk,0
CUST00009466,0.8659,86.59,Critical Risk,1
CUST00009467,0.0,0.0,Low Risk,0
CUST00009468,0.8659,86.59,Critical Risk,1
CUST00009469,0.0,0.0,Low Risk,0
CUST00009470,0.0,0.0,Low Risk,0
CUST00009471,0.0,0.0,Low Risk,0
CUST00009472,0.0,0.0,Low Risk,0
CUST00009473,0.0,0.0,Low Risk,0
CUST00009474,0.0,0.0,Low Risk,0
CUST00009475,0.0,0.0,Low Risk,0
CUST00009476,0.8659,86.59,Critical Risk,1
CUST00009477,0.8659,86.59,Critical Risk,1
CUST00009478,0.0,0.0,Low Risk,0
CUST00009479,0.0,0.0,Low Risk,0
CUST00009480,0.6138,61.38,High Risk,1
CUST00009481,0.0,0.0,Low Risk,0
CUST00009482,0.0,0.0,Low Risk,0
CUST00009483,0.0,0.0,Low Risk,0
CUST00009484,0.0,0.0,Low Risk,0
CUST00009485,0.0,0.0,Low Risk,0
CUST00009486,0.3037,30.37,Medium Risk,0
CUST00009487,0.4369,43.69,Medium Risk,0
CUST00009488,0.8659,86.59,Critical Risk,1
CUST00009489,0.8659,86.59,Critical Risk,1
CUST00009490,0.0,0.0,Low Risk,0
CUST00009491,0.8659,86.59,Critical Risk,1
CUST00009492,0.8659,86.59,Critical Risk,1
CUST00009493,0.8659,86.59,Critical Risk,1
CUST00009494,0.0,0.0,Low Risk,0
CUST00009495,0.5362,53.62,High Risk,1
CUST00009496,0.0,0.0,Low Risk,0
CUST00009497,0.8659,86.59,Critical Risk,1
CUST00009498,0.8659,86.59,Critical Risk,1
CUST00009499,0.0,0.0,Low Risk,0
CUST00009500,0.0,0.0,Low Risk,0
CUST00009501,0.0,0.0,Low Risk,0
CUST00009502,0.0,0.0,Low Risk,0
CUST00009503,0.0,0.0,Low Risk,0
CUST00009504,0.8659,86.59,Critical Risk,1
CUST00009505,0.4369,43.69,Medium Risk,0
CUST00009506,0.359,35.9,Medium Risk,0
CUST00009507,0.8659,86.59,Critical Risk,1
CUST00009508,0.0,0.0,Low Risk,0
CUST00009509,0.8659,86.59,Critical Risk,1
CUST00009510,0.0,0.0,Low Risk,0
CUST00009511,0.8659,86.59,Critical Risk,1
CUST00009512,0.0,0.0,Low Risk,0
CUST00009513,0.0,0.0,Low Risk,0
CUST00009514,0.0,0.0,Low Risk,0
CUST00009515,0.0,0.0,Low Risk,0
CUST00009516,0.0,0.0,Low Risk,0
CUST00009517,0.0,0.0,Low Risk,0
CUST00009518,0.3568,35.68,Medium Risk,0
CUST00009519,0.6914,69.14,High Risk,1
CUST00009520,0.0,0.0,Low Risk,0
CUST00009521,0.0,0.0,Low Risk,0
CUST00009522,0.6138,61.38,High Risk,1
CUST00009523,0.8659,86.59,Critical Risk,1
CUST00009524,0.0,0.0,Low Risk,0
CUST00009525,0.5362,53.62,High Risk,1
CUST00009526,0.6793,67.93,High Risk,1
CUST00009527,0.0,0.0,Low Risk,0
CUST00009528,0.0,0.0,Low Risk,0
CUST00009529,0.8659,86.59,Critical Risk,1
CUST00009530,0.0,0.0,Low Risk,0
CUST00009531,0.0,0.0,Low Risk,0
CUST00009532,0.3037,30.37,Medium Risk,0
CUST00009533,0.0,0.0,Low Risk,0
CUST00009534,0.6138,61.38,High Risk,1
CUST00009535,0.0,0.0,Low Risk,0
CUST00009536,0.0,0.0,Low Risk,0
CUST00009537,0.0,0.0,Low Risk,0
CUST00009538,0.8659,86.59,Critical Risk,1
CUST00009539,0.0,0.0,Low Risk,0
CUST00009540,0.4369,43.69,Medium Risk,0
CUST00009541,0.8659,86.59,Critical Risk,1
CUST00009542,0.0,0.0,Low Risk,0
CUST00009543,0.0,0.0,Low Risk,0
CUST00009544,0.8659,86.59,Critical Risk,1
CUST00009545,0.6793,67.93,High Risk,1
CUST00009546,0.3568,35.68,Medium Risk,0
CUST00009547,0.8659,86.59,Critical Risk,1
CUST00009548,0.6914,69.14,High Risk,1
CUST00009549,0.4369,43.69,Medium Risk,0
CUST00009550,0.0,0.0,Low Risk,0
CUST00009551,0.6138,61.38,High Risk,1
CUST00009552,0.6138,61.38,High Risk,1
CUST00009553,0.8659,86.59,Critical Risk,1
CUST00009554,0.1,10.0,Low Risk,0
CUST00009555,0.8659,86.59,Critical Risk,1
CUST00009556,0.5362,53.62,High Risk,1
CUST00009557,0.0,0.0,Low Risk,0
CUST00009558,0.8659,86.59,Critical Risk,1
CUST00009559,0.0,0.0,Low Risk,0
CUST00009560,0.0,0.0,Low Risk,0
CUST00009561,0.4369,43.69,Medium Risk,0
CUST00009562,0.8659,86.59,Critical Risk,1
CUST00009563,0.0,0.0,Low Risk,0
CUST00009564,0.3568,35.68,Medium Risk,0
CUST00009565,0.0,0.0,Low Risk,0
CUST00009566,0.0,0.0,Low Risk,0
CUST00009567,0.0,0.0,Low Risk,0
CUST00009568,0.0,0.0,Low Risk,0
CUST00009569,0.0,0.0,Low Risk,0
CUST00009570,0.0,0.0,Low Risk,0
CUST00009571,0.0,0.0,Low Risk,0
CUST00009572,0.0,0.0,Low Risk,0
CUST00009573,0.4369,43.69,Medium Risk,0
CUST00009574,0.5362,53.62,High Risk,1
CUST00009575,0.0,0.0,Low Risk,0
CUST00009576,0.0,0.0,Low Risk,0
CUST00009577,0.0,0.0,Low Risk,0
CUST00009578,0.0,0.0,Low Risk,0
CUST00009579,0.3037,30.37,Medium Risk,0
CUST00009580,0.6914,69.14,High Risk,1
CUST00009581,0.8659,86.59,Critical Risk,1
CUST00009582,0.0,0.0,Low Risk,0
CUST00009583,0.0,0.0,Low Risk,0
CUST00009584,0.8659,86.59,Critical Risk,1
CUST00009585,0.6914,69.14,High Risk,1
CUST00009586,0.0,0.0,Low Risk,0
CUST00009587,0.0,0.0,Low Risk,0
CUST00009588,0.8659,86.59,Critical Risk,1
CUST00009589,0.0,0.0,Low Risk,0
CUST00009590,0.8659,86.59,Critical Risk,1
CUST00009591,0.0,0.0,Low Risk,0
CUST00009592,0.0,0.0,Low Risk,0
CUST00009593,0.8659,86.59,Critical Risk,1
CUST00009594,0.4369,43.69,Medium Risk,0
CUST00009595,0.0,0.0,Low Risk,0
CUST00009596,0.6793,67.93,High Risk,1
CUST00009597,0.0,0.0,Low Risk,0
CUST00009598,0.0,0.0,Low Risk,0
CUST00009599,0.0,0.0,Low Risk,0
CUST00009600,0.6138,61.38,High Risk,1
CUST00009601,0.5362,53.62,High Risk,1
CUST00009602,0.0,0.0,Low Risk,0
CUST00009603,0.6793,67.93,High Risk,1
CUST00009604,0.0,0.0,Low Risk,0
CUST00009605,0.5362,53.62,High Risk,1
CUST00009606,0.0,0.0,Low Risk,0
CUST00009607,0.0,0.0,Low Risk,0
CUST00009608,0.0,0.0,Low Risk,0
CUST00009609,0.8659,86.59,Critical Risk,1
CUST00009610,0.8659,86.59,Critical Risk,1
CUST00009611,0.0,0.0,Low Risk,0
CUST00009612,0.0,0.0,Low Risk,0
CUST00009613,0.3037,30.37,Medium Risk,0
CUST00009614,0.6793,67.93,High Risk,1
CUST00009615,0.6793,67.93,High Risk,1
CUST00009616,0.0,0.0,Low Risk,0
CUST00009617,0.6914,69.14,High Risk,1
CUST00009618,0.6138,61.38,High Risk,1
CUST00009619,0.0,0.0,Low Risk,0
CUST00009620,0.0,0.0,Low Risk,0
CUST00009621,0.0,0.0,Low Risk,0
CUST00009622,0.4369,43.69,Medium Risk,0
CUST00009623,0.0,0.0,Low Risk,0
CUST00009624,0.0,0.0,Low Risk,0
CUST00009625,0.8659,86.59,Critical Risk,1
CUST00009626,0.0,0.0,Low Risk,0
CUST00009627,0.0,0.0,Low Risk,0
CUST00009628,0.0,0.0,Low Risk,0
CUST00009629,0.0,0.0,Low Risk,0
CUST00009630,0.0,0.0,Low Risk,0
CUST00009631,0.0,0.0,Low Risk,0
CUST00009632,0.0,0.0,Low Risk,0
CUST00009633,0.8659,86.59,Critical Risk,1
CUST00009634,0.0,0.0,Low Risk,0
CUST00009635,0.3037,30.37,Medium Risk,0
CUST00009636,0.3037,30.37,Medium Risk,0
CUST00009637,0.6793,67.93,High Risk,1
CUST00009638,0.0,0.0,Low Risk,0
CUST00009639,0.0,0.0,Low Risk,0
CUST00009640,0.6793,67.93,High Risk,1
CUST00009641,0.0,0.0,Low Risk,0
CUST00009642,0.0,0.0,Low Risk,0
CUST00009643,0.1,10.0,Low Risk,0
CUST00009644,0.0,0.0,Low Risk,0
CUST00009645,0.359,35.9,Medium Risk,0
CUST00009646,0.0,0.0,Low Risk,0
CUST00009647,0.4369,43.69,Medium Risk,0
CUST00009648,0.4369,43.69,Medium Risk,0
CUST00009649,0.1,10.0,Low Risk,0
CUST00009650,0.0,0.0,Low Risk,0
CUST00009651,0.6138,61.38,High Risk,1
CUST00009652,0.8659,86.59,Critical Risk,1
CUST00009653,0.3568,35.68,Medium Risk,0
CUST00009654,0.6914,69.14,High Risk,1
CUST00009655,0.8659,86.59,Critical Risk,1
CUST00009656,0.5362,53.62,High Risk,1
CUST00009657,0.0,0.0,Low Risk,0
CUST00009658,0.8659,86.59,Critical Risk,1
CUST00009659,0.6793,67.93,High Risk,1
CUST00009660,0.0,0.0,Low Risk,0
CUST00009661,0.0,0.0,Low Risk,0
CUST00009662,0.8659,86.59,Critical Risk,1
CUST00009663,0.6914,69.14,High Risk,1
CUST00009664,0.0,0.0,Low Risk,0
CUST00009665,0.8659,86.59,Critical Risk,1
CUST00009666,0.8659,86.59,Critical Risk,1
CUST00009667,0.3568,35.68,Medium Risk,0
CUST00009668,0.8659,86.59,Critical Risk,1
CUST00009669,0.0,0.0,Low Risk,0
CUST00009670,0.8659,86.59,Critical Risk,1
CUST00009671,0.0,0.0,Low Risk,0
CUST00009672,0.0,0.0,Low Risk,0
CUST00009673,0.0,0.0,Low Risk,0
CUST00009674,0.0,0.0,Low Risk,0
CUST00009675,0.8659,86.59,Critical Risk,1
CUST00009676,0.6138,61.38,High Risk,1
CUST00009677,0.0,0.0,Low Risk,0
CUST00009678,0.0,0.0,Low Risk,0
CUST00009679,0.6138,61.38,High Risk,1
CUST00009680,0.4369,43.69,Medium Risk,0
CUST00009681,0.0,0.0,Low Risk,0
CUST00009682,0.0,0.0,Low Risk,0
CUST00009683,0.0,0.0,Low Risk,0
CUST00009684,0.0,0.0,Low Risk,0
CUST00009685,0.0,0.0,Low Risk,0
CUST00009686,0.8659,86.59,Critical Risk,1
CUST00009687,0.6793,67.93,High Risk,1
CUST00009688,0.0,0.0,Low Risk,0
CUST00009689,0.0,0.0,Low Risk,0
CUST00009690,0.0,0.0,Low Risk,0
CUST00009691,0.4369,43.69,Medium Risk,0
CUST00009692,0.6793,67.93,High Risk,1
CUST00009693,0.8659,86.59,Critical Risk,1
CUST00009694,0.0,0.0,Low Risk,0
CUST00009695,0.6914,69.14,High Risk,1
CUST00009696,0.8659,86.59,Critical Risk,1
CUST00009697,0.4369,43.69,Medium Risk,0
CUST00009698,0.8659,86.59,Critical Risk,1
CUST00009699,0.0,0.0,Low Risk,0
CUST00009700,0.3568,35.68,Medium Risk,0
CUST00009701,0.1,10.0,Low Risk,0
CUST00009702,0.0,0.0,Low Risk,0
CUST00009703,0.8659,86.59,Critical Risk,1
CUST00009704,0.4369,43.69,Medium Risk,0
CUST00009705,0.0,0.0,Low Risk,0
CUST00009706,0.0,0.0,Low Risk,0
CUST00009707,0.0,0.0,Low Risk,0
CUST00009708,0.4369,43.69,Medium Risk,0
CUST00009709,0.8659,86.59,Critical Risk,1
CUST00009710,0.0,0.0,Low Risk,0
CUST00009711,0.4369,43.69,Medium Risk,0
CUST00009712,0.0,0.0,Low Risk,0
CUST00009713,0.0,0.0,Low Risk,0
CUST00009714,0.6138,61.38,High Risk,1
CUST00009715,0.6138,61.38,High Risk,1
CUST00009716,0.8659,86.59,Critical Risk,1
CUST00009717,0.0,0.0,Low Risk,0
CUST00009718,0.6793,67.93,High Risk,1
CUST00009719,0.8659,86.59,Critical Risk,1
CUST00009720,0.0,0.0,Low Risk,0
CUST00009721,0.0,0.0,Low Risk,0
CUST00009722,0.0,0.0,Low Risk,0
CUST00009723,0.0,0.0,Low Risk,0
CUST00009724,0.3568,35.68,Medium Risk,0
CUST00009725,0.0,0.0,Low Risk,0
CUST00009726,0.3568,35.68,Medium Risk,0
CUST00009727,0.0,0.0,Low Risk,0
CUST00009728,0.8659,86.59,Critical Risk,1
CUST00009729,0.0,0.0,Low Risk,0
CUST00009730,0.6793,67.93,High Risk,1
CUST00009731,0.0,0.0,Low Risk,0
CUST00009732,0.0,0.0,Low Risk,0
CUST00009733,0.0,0.0,Low Risk,0
CUST00009734,0.0,0.0,Low Risk,0
CUST00009735,0.8659,86.59,Critical Risk,1
CUST00009736,0.8659,86.59,Critical Risk,1
CUST00009737,0.6914,69.14,High Risk,1
CUST00009738,0.0,0.0,Low Risk,0
CUST00009739,0.0,0.0,Low Risk,0
CUST00009740,0.8659,86.59,Critical Risk,1
CUST00009741,0.0,0.0,Low Risk,0
CUST00009742,0.0,0.0,Low Risk,0
CUST00009743,0.0,0.0,Low Risk,0
CUST00009744,0.6793,67.93,High Risk,1
CUST00009745,0.8659,86.59,Critical Risk,1
CUST00009746,0.8659,86.59,Critical Risk,1
CUST00009747,0.0,0.0,Low Risk,0
CUST00009748,0.359,35.9,Medium Risk,0
CUST00009749,0.0,0.0,Low Risk,0
CUST00009750,0.6793,67.93,High Risk,1
CUST00009751,0.0,0.0,Low Risk,0
CUST00009752,0.0,0.0,Low Risk,0
CUST00009753,0.0,0.0,Low Risk,0
CUST00009754,0.4369,43.69,Medium Risk,0
CUST00009755,0.0,0.0,Low Risk,0
CUST00009756,0.0,0.0,Low Risk,0
CUST00009757,0.8659,86.59,Critical Risk,1
CUST00009758,0.0,0.0,Low Risk,0
CUST00009759,0.0,0.0,Low Risk,0
CUST00009760,0.0,0.0,Low Risk,0
CUST00009761,0.4369,43.69,Medium Risk,0
CUST00009762,0.6793,67.93,High Risk,1
CUST00009763,0.0,0.0,Low Risk,0
CUST00009764,0.0,0.0,Low Risk,0
CUST00009765,0.8659,86.59,Critical Risk,1
CUST00009766,0.6138,61.38,High Risk,1
CUST00009767,0.8659,86.59,Critical Risk,1
CUST00009768,0.0,0.0,Low Risk,0
CUST00009769,0.3568,35.68,Medium Risk,0
CUST00009770,0.6914,69.14,High Risk,1
CUST00009771,0.0,0.0,Low Risk,0
CUST00009772,0.8659,86.59,Critical Risk,1
CUST00009773,0.6793,67.93,High Risk,1
CUST00009774,0.0,0.0,Low Risk,0
CUST00009775,0.4369,43.69,Medium Risk,0
CUST00009776,0.359,35.9,Medium Risk,0
CUST00009777,0.0,0.0,Low Risk,0
CUST00009778,0.8659,86.59,Critical Risk,1
CUST00009779,0.359,35.9,Medium Risk,0
CUST00009780,0.8659,86.59,Critical Risk,1
CUST00009781,0.0,0.0,Low Risk,0
CUST00009782,0.1,10.0,Low Risk,0
CUST00009783,0.8659,86.59,Critical Risk,1
CUST00009784,0.8659,86.59,Critical Risk,1
CUST00009785,0.6914,69.14,High Risk,1
CUST00009786,0.0,0.0,Low Risk,0
CUST00009787,0.0,0.0,Low Risk,0
CUST00009788,0.0,0.0,Low Risk,0
CUST00009789,0.6914,69.14,High Risk,1
CUST00009790,0.0,0.0,Low Risk,0
CUST00009791,0.8659,86.59,Critical Risk,1
CUST00009792,0.0,0.0,Low Risk,0
CUST00009793,0.0,0.0,Low Risk,0
CUST00009794,0.0,0.0,Low Risk,0
CUST00009795,0.0,0.0,Low Risk,0
CUST00009796,0.0,0.0,Low Risk,0
CUST00009797,0.0,0.0,Low Risk,0
CUST00009798,0.8659,86.59,Critical Risk,1
CUST00009799,0.0,0.0,Low Risk,0
CUST00009800,0.8659,86.59,Critical Risk,1
CUST00009801,0.4369,43.69,Medium Risk,0
CUST00009802,0.0,0.0,Low Risk,0
CUST00009803,0.5362,53.62,High Risk,1
CUST00009804,0.6138,61.38,High Risk,1
CUST00009805,0.4369,43.69,Medium Risk,0
CUST00009806,0.6914,69.14,High Risk,1
CUST00009807,0.6914,69.14,High Risk,1
CUST00009808,0.0,0.0,Low Risk,0
CUST00009809,0.0,0.0,Low Risk,0
CUST00009810,0.0,0.0,Low Risk,0
CUST00009811,0.6793,67.93,High Risk,1
CUST00009812,0.0,0.0,Low Risk,0
CUST00009813,0.0,0.0,Low Risk,0
CUST00009814,0.0,0.0,Low Risk,0
CUST00009815,0.8659,86.59,Critical Risk,1
CUST00009816,0.5362,53.62,High Risk,1
CUST00009817,0.0,0.0,Low Risk,0
CUST00009818,0.0,0.0,Low Risk,0
CUST00009819,0.0,0.0,Low Risk,0
CUST00009820,0.0,0.0,Low Risk,0
CUST00009821,0.0,0.0,Low Risk,0
CUST00009822,0.8659,86.59,Critical Risk,1
CUST00009823,0.0,0.0,Low Risk,0
CUST00009824,0.0,0.0,Low Risk,0
CUST00009825,0.0,0.0,Low Risk,0
CUST00009826,0.0,0.0,Low Risk,0
CUST00009827,0.0,0.0,Low Risk,0
CUST00009828,0.5362,53.62,High Risk,1
CUST00009829,0.0,0.0,Low Risk,0
CUST00009830,0.5362,53.62,High Risk,1
CUST00009831,0.3568,35.68,Medium Risk,0
CUST00009832,0.0,0.0,Low Risk,0
CUST00009833,0.6793,67.93,High Risk,1
CUST00009834,0.0,0.0,Low Risk,0
CUST00009835,0.5362,53.62,High Risk,1
CUST00009836,0.8659,86.59,Critical Risk,1
CUST00009837,0.5362,53.62,High Risk,1
CUST00009838,0.4369,43.69,Medium Risk,0
CUST00009839,0.0,0.0,Low Risk,0
CUST00009840,0.0,0.0,Low Risk,0
CUST00009841,0.0,0.0,Low Risk,0
CUST00009842,0.0,0.0,Low Risk,0
CUST00009843,0.0,0.0,Low Risk,0
CUST00009844,0.0,0.0,Low Risk,0
CUST00009845,0.0,0.0,Low Risk,0
CUST00009846,0.0,0.0,Low Risk,0
CUST00009847,0.0,0.0,Low Risk,0
CUST00009848,0.0,0.0,Low Risk,0
CUST00009849,0.0,0.0,Low Risk,0
CUST00009850,0.0,0.0,Low Risk,0
CUST00009851,0.8659,86.59,Critical Risk,1
CUST00009852,0.0,0.0,Low Risk,0
CUST00009853,0.8659,86.59,Critical Risk,1
CUST00009854,0.4369,43.69,Medium Risk,0
CUST00009855,0.0,0.0,Low Risk,0
CUST00009856,0.3037,30.37,Medium Risk,0
CUST00009857,0.0,0.0,Low Risk,0
CUST00009858,0.0,0.0,Low Risk,0
CUST00009859,0.0,0.0,Low Risk,0
CUST00009860,0.3568,35.68,Medium Risk,0
CUST00009861,0.8659,86.59,Critical Risk,1
CUST00009862,0.0,0.0,Low Risk,0
CUST00009863,0.8659,86.59,Critical Risk,1
CUST00009864,0.0,0.0,Low Risk,0
CUST00009865,0.0,0.0,Low Risk,0
CUST00009866,0.8659,86.59,Critical Risk,1
CUST00009867,0.8659,86.59,Critical Risk,1
CUST00009868,0.8659,86.59,Critical Risk,1
CUST00009869,0.3037,30.37,Medium Risk,0
CUST00009870,0.8659,86.59,Critical Risk,1
CUST00009871,0.0,0.0,Low Risk,0
CUST00009872,0.1,10.0,Low Risk,0
CUST00009873,0.0,0.0,Low Risk,0
CUST00009874,0.8659,86.59,Critical Risk,1
CUST00009875,0.8659,86.59,Critical Risk,1
CUST00009876,0.0,0.0,Low Risk,0
CUST00009877,0.4369,43.69,Medium Risk,0
CUST00009878,0.8659,86.59,Critical Risk,1
CUST00009879,0.6914,69.14,High Risk,1
CUST00009880,0.8659,86.59,Critical Risk,1
CUST00009881,0.0,0.0,Low Risk,0
CUST00009882,0.0,0.0,Low Risk,0
CUST00009883,0.6793,67.93,High Risk,1
CUST00009884,0.6793,67.93,High Risk,1
CUST00009885,0.8659,86.59,Critical Risk,1
CUST00009886,0.8659,86.59,Critical Risk,1
CUST00009887,0.8659,86.59,Critical Risk,1
CUST00009888,0.0,0.0,Low Risk,0
CUST00009889,0.3568,35.68,Medium Risk,0
CUST00009890,0.0,0.0,Low Risk,0
CUST00009891,0.5362,53.62,High Risk,1
CUST00009892,0.4369,43.69,Medium Risk,0
CUST00009893,0.0,0.0,Low Risk,0
CUST00009894,0.0,0.0,Low Risk,0
CUST00009895,0.8659,86.59,Critical Risk,1
CUST00009896,0.8659,86.59,Critical Risk,1
CUST00009897,0.359,35.9,Medium Risk,0
CUST00009898,0.0,0.0,Low Risk,0
CUST00009899,0.4369,43.69,Medium Risk,0
CUST00009900,0.8659,86.59,Critical Risk,1
CUST00009901,0.0,0.0,Low Risk,0
CUST00009902,0.0,0.0,Low Risk,0
CUST00009903,0.0,0.0,Low Risk,0
CUST00009904,0.8659,86.59,Critical Risk,1
CUST00009905,0.0,0.0,Low Risk,0
CUST00009906,0.4369,43.69,Medium Risk,0
CUST00009907,0.0,0.0,Low Risk,0
CUST00009908,0.0,0.0,Low Risk,0
CUST00009909,0.8659,86.59,Critical Risk,1
CUST00009910,0.0,0.0,Low Risk,0
CUST00009911,0.0,0.0,Low Risk,0
CUST00009912,0.0,0.0,Low Risk,0
CUST00009913,0.3568,35.68,Medium Risk,0
CUST00009914,0.0,0.0,Low Risk,0
CUST00009915,0.0,0.0,Low Risk,0
CUST00009916,0.8659,86.59,Critical Risk,1
CUST00009917,0.5362,53.62,High Risk,1
CUST00009918,0.0,0.0,Low Risk,0
CUST00009919,0.0,0.0,Low Risk,0
CUST00009920,0.8659,86.59,Critical Risk,1
CUST00009921,0.0,0.0,Low Risk,0
CUST00009922,0.6793,67.93,High Risk,1
CUST00009923,0.0,0.0,Low Risk,0
CUST00009924,0.3037,30.37,Medium Risk,0
CUST00009925,0.6793,67.93,High Risk,1
CUST00009926,0.8659,86.59,Critical Risk,1
CUST00009927,0.0,0.0,Low Risk,0
CUST00009928,0.6914,69.14,High Risk,1
CUST00009929,0.0,0.0,Low Risk,0
CUST00009930,0.0,0.0,Low Risk,0
CUST00009931,0.6793,67.93,High Risk,1
CUST00009932,0.0,0.0,Low Risk,0
CUST00009933,0.0,0.0,Low Risk,0
CUST00009934,0.0,0.0,Low Risk,0
CUST00009935,0.0,0.0,Low Risk,0
CUST00009936,0.0,0.0,Low Risk,0
CUST00009937,0.0,0.0,Low Risk,0
CUST00009938,0.4369,43.69,Medium Risk,0
CUST00009939,0.0,0.0,Low Risk,0
CUST00009940,0.0,0.0,Low Risk,0
CUST00009941,0.8659,86.59,Critical Risk,1
CUST00009942,0.8659,86.59,Critical Risk,1
CUST00009943,0.0,0.0,Low Risk,0
CUST00009944,0.8659,86.59,Critical Risk,1
CUST00009945,0.3568,35.68,Medium Risk,0
CUST00009946,0.0,0.0,Low Risk,0
CUST00009947,0.0,0.0,Low Risk,0
CUST00009948,0.8659,86.59,Critical Risk,1
CUST00009949,0.0,0.0,Low Risk,0
CUST00009950,0.8659,86.59,Critical Risk,1
CUST00009951,0.4369,43.69,Medium Risk,0
CUST00009952,0.8659,86.59,Critical Risk,1
CUST00009953,0.4369,43.69,Medium Risk,0
CUST00009954,0.0,0.0,Low Risk,0
CUST00009955,0.0,0.0,Low Risk,0
CUST00009956,0.0,0.0,Low Risk,0
CUST00009957,0.4369,43.69,Medium Risk,0
CUST00009958,0.0,0.0,Low Risk,0
CUST00009959,0.6914,69.14,High Risk,1
CUST00009960,0.0,0.0,Low Risk,0
CUST00009961,0.0,0.0,Low Risk,0
CUST00009962,0.6914,69.14,High Risk,1
CUST00009963,0.0,0.0,Low Risk,0
CUST00009964,0.8659,86.59,Critical Risk,1
CUST00009965,0.6793,67.93,High Risk,1
CUST00009966,0.6138,61.38,High Risk,1
CUST00009967,0.6138,61.38,High Risk,1
CUST00009968,0.5362,53.62,High Risk,1
CUST00009969,0.5362,53.62,High Risk,1
CUST00009970,0.0,0.0,Low Risk,0
CUST00009971,0.0,0.0,Low Risk,0
CUST00009972,0.8659,86.59,Critical Risk,1
CUST00009973,0.3037,30.37,Medium Risk,0
CUST00009974,0.8659,86.59,Critical Risk,1
CUST00009975,0.0,0.0,Low Risk,0
CUST00009976,0.0,0.0,Low Risk,0
CUST00009977,0.0,0.0,Low Risk,0
CUST00009978,0.6793,67.93,High Risk,1
CUST00009979,0.0,0.0,Low Risk,0
CUST00009980,0.4369,43.69,Medium Risk,0
CUST00009981,0.3568,35.68,Medium Risk,0
CUST00009982,0.8659,86.59,Critical Risk,1
CUST00009983,0.3568,35.68,Medium Risk,0
CUST00009984,0.6914,69.14,High Risk,1
CUST00009985,0.0,0.0,Low Risk,0
CUST00009986,0.6793,67.93,High Risk,1
CUST00009987,0.8659,86.59,Critical Risk,1
CUST00009988,0.0,0.0,Low Risk,0
CUST00009989,0.0,0.0,Low Risk,0
CUST00009990,0.3568,35.68,Medium Risk,0
CUST00009991,0.6793,67.93,High Risk,1
CUST00009992,0.0,0.0,Low Risk,0
CUST00009993,0.0,0.0,Low Risk,0
CUST00009994,0.0,0.0,Low Risk,0
CUST00009995,0.0,0.0,Low Risk,0
CUST00009996,0.0,0.0,Low Risk,0
CUST00009997,0.0,0.0,Low Risk,0
CUST00009998,0.0,0.0,Low Risk,0
CUST00009999,0.8659,86.59,Critical Risk,1
CUST00010000,0.0,0.0,Low Risk,0
