loan_id,customer_id,funding_account_id,loan_type,loan_amount,principal_balance,interest_rate,start_date,term_months,status,end_date
9c291269-e781-44cc-9058-e121f2aff86f,CUST00003432,b37bdb99-31f1-4f8b-ac4d-e885b245b7d9,PERSONAL,46400.77,37144.26395734718,0.1802,2025-12-14,60,ACTIVE,2030-11-18
ceb7803e-c3fc-4c0e-95c2-c94db3fdc2b8,CUST00006529,552d4865-d756-4d35-ad2e-ebea69b7d533,PERSONAL,17900.85,8746.105638893832,0.0781,2024-01-16,60,ACTIVE,2028-12-20
121d87ac-fb26-4d27-9889-55c0090d7d2f,CUST00004152,b599277f-f78e-49e8-b676-291d4e329b4b,AUTO,58193.72,46873.97612571917,0.1845,2023-03-28,120,ACTIVE,2033-02-03
bd4211d1-9920-43eb-aa8e-b758f32d2812,CUST00004214,f3c1114d-4e8a-40cb-a77b-71ea16f1e5cb,PERSONAL,216326.64,92227.59760862775,0.1564,2022-10-25,360,PAID_OFF,2052-05-20
e3346bd8-14a1-464b-adea-c5b89cc862cd,CUST00007421,71076f2e-0a71-4350-beb2-7900ed5d6510,MORTGAGE,15502.71,15492.678659425457,0.0921,2023-09-22,24,ACTIVE,2025-09-11
21249735-f254-4c17-ba90-c4868d2a3484,CUST00008990,8e301bcc-302f-4247-a39a-046d79912c51,STUDENT,15503.09,6756.6843396569975,0.0797,2021-12-04,12,DEFAULTED,2022-11-29
1aa3c18e-0aaf-4962-b92c-23e3454009f2,CUST00000780,3677f5b4-63a1-4caa-8311-362650f51e97,MORTGAGE,235347.69,35156.115230816795,0.1955,2025-01-24,360,ACTIVE,2054-08-20
39a9a8a9-81f2-4a73-bf20-f661091d1643,CUST00002893,f2c8c25e-32f1-427c-aa8c-662d290a3d67,STUDENT,69644.02,27987.808585266604,0.1483,2021-09-05,120,DELINQUENT,2031-07-15
7a438217-6e77-4dd3-99aa-7cd5a67c7bd7,CUST00005535,98a547b2-09a1-4b34-b111-84e79c4c37b3,MORTGAGE,10892.05,8088.362096782402,0.0882,2025-09-12,360,ACTIVE,2055-04-08
e05f039c-d98e-4024-8813-20254dacd33c,CUST00003307,84a2576c-1fc9-45f8-94d6-07350e2f8958,STUDENT,49703.97,42145.87287350214,0.1356,2024-03-05,360,PAID_OFF,2053-09-29
ee662c46-057d-4e28-ba4e-2920f8b1f902,CUST00002903,e0527739-4d40-4f1b-bca5-be2952171bf3,PERSONAL,10991.46,5057.20700876392,0.1229,2022-04-11,48,ACTIVE,2026-03-21
c82585fa-c60b-446e-86bf-1fb70e2bd8c9,CUST00003719,8d7248e2-951f-48d0-9e84-f058d5a804eb,AUTO,10953.4,6511.5426308495125,0.1144,2022-06-12,12,ACTIVE,2023-06-07
9baefd9e-88c0-4786-b238-7a5acfb57f2e,CUST00000022,afe2487f-4fdf-4f5d-bc75-ed5399b32070,AUTO,31664.25,26752.810330168613,0.136,2022-08-04,360,PAID_OFF,2052-02-28
af001605-ae93-4319-a11f-98efdc3c423a,CUST00001501,8d814215-2d49-4058-9f84-e3c56daa8c7e,BUSINESS,1248.98,1016.1029078943014,0.1168,2023-07-22,120,PAID_OFF,2033-05-30
7b6fb65b-8d70-400f-84a1-dd66bce88f22,CUST00009035,d91738f8-0ad1-418c-b53f-091e8a9e0964,STUDENT,1656.77,1089.697234685164,0.1379,2025-09-23,360,PAID_OFF,2055-04-19
60920068-c403-4430-a31a-9c3c0d591303,CUST00009953,8d814215-2d49-4058-9f84-e3c56daa8c7e,BUSINESS,9476.48,7723.588052891141,0.1834,2023-10-27,36,ACTIVE,2026-10-11
b38adf82-6e02-4a88-a00f-8ed9b2086418,CUST00003642,51f4a724-9950-4858-88ca-c260b3f5a21c,BUSINESS,4821.08,2776.5118389558684,0.1988,2022-07-28,48,PAID_OFF,2026-07-07
1d96dc53-2344-4c54-8cae-f9ec6d44f723,CUST00005213,deaeb0c0-a8ac-4ab1-afa9-d02c9e4c4be7,STUDENT,35290.57,164.03653082944112,0.1477,2021-11-02,24,ACTIVE,2023-10-23
9d9b72b9-e5ab-486c-9e34-c29a701dadb0,CUST00000192,ea350f17-c157-4761-9162-f6dbb5d2bf7f,AUTO,5641.83,232.8201822439949,0.187,2022-06-03,12,ACTIVE,2023-05-29
5a0ed9b7-5e22-47d4-a74f-232bfb876271,CUST00008588,20f0156a-1e6a-4628-9c6d-52d5ae2e9af9,STUDENT,2647.96,2594.4934488467393,0.1745,2026-04-06,12,PAID_OFF,2027-04-01
eb068b1e-6fc0-474f-97d7-14f13192c29c,CUST00007175,35f2e254-3e14-4f6a-abcb-b347e9b758ee,PERSONAL,198485.86,28778.870150063063,0.0731,2022-04-11,48,ACTIVE,2026-03-21
178cb5a0-3b66-4afa-bcf8-b9130ed40264,CUST00005115,dfae1803-93d7-47e7-a392-3df45fec59ac,BUSINESS,15698.74,6350.397927853247,0.1879,2022-01-21,24,DELINQUENT,2024-01-11
69bea8c9-3a24-4c19-8292-9d3d96afa28a,CUST00004663,dcad8ec2-963a-4333-a582-95dc75f1c654,BUSINESS,24374.49,22761.173584617714,0.0327,2025-05-08,360,ACTIVE,2054-12-02
cec7b903-e369-41c0-80a8-5dbdbf5a910f,CUST00004327,c79ddb62-c379-44c1-8903-94ea7d54ec82,STUDENT,2598.99,506.90567042634814,0.0794,2025-09-21,120,DELINQUENT,2035-07-31
0bb8382f-916b-4250-8945-8e1bcb0de65c,CUST00009066,f296d9f0-cd23-42c2-abff-e17b532401fc,BUSINESS,9734.45,8213.844653141929,0.1352,2025-09-10,24,ACTIVE,2027-08-31
df8db157-03d0-4453-8d40-9bc9fdae2920,CUST00004336,1d2467e2-0191-419d-845c-3fbb52ecac27,AUTO,26013.84,21286.28159529268,0.1148,2024-10-18,120,ACTIVE,2034-08-27
0e8fed60-d007-4d07-bffa-ea11b8469295,CUST00008282,534234cf-1974-4b71-a00f-7ed09248c8c8,BUSINESS,3918.68,3865.1102906972437,0.1176,2023-12-29,12,ACTIVE,2024-12-23
704532d5-2070-43f0-8e80-ea41139cd2b0,CUST00008649,bdecb67a-ec6e-4294-b9da-c7798079cdc9,STUDENT,38698.15,10900.565850791867,0.1631,2024-07-29,360,PAID_OFF,2054-02-22
506a8dd3-0b31-424f-8858-35db2e3b5fd6,CUST00009197,a98afcb0-3ef5-47fe-85e4-307a73e5550d,AUTO,8946.72,2821.127663486659,0.055,2026-05-21,120,PAID_OFF,2036-03-29
e3f2df80-a7bb-4612-9a37-ef9d5983ce94,CUST00005495,b5cbe3f5-6a66-4184-bde1-bf5daf4847f0,AUTO,14220.78,12839.629419882549,0.1968,2022-01-27,12,ACTIVE,2023-01-22
21351574-4adb-4f79-bf82-bf843e86cc14,CUST00008537,3d9ffe59-9bc0-4a93-92cd-adefb9d276f4,BUSINESS,8932.4,2090.8877884184417,0.0987,2022-05-13,60,PAID_OFF,2027-04-17
a8575900-7a8c-4c36-a5d7-71639b2aeea6,CUST00002712,dc6bf2c8-db18-4d46-8029-d6335b9559d0,STUDENT,354483.57,194221.88723920687,0.191,2025-06-10,48,ACTIVE,2029-05-20
138d8006-13a9-4a92-a816-4d181f540e96,CUST00007596,9a760ea9-b063-49a0-9393-daad0835075f,BUSINESS,21585.01,15268.048017588539,0.089,2022-04-30,360,PAID_OFF,2051-11-24
34b34dcb-8b2c-45b5-b039-0686400d083a,CUST00006274,0843280a-07ac-43fe-a73a-366e43577225,PERSONAL,4507.21,1225.439389091331,0.1283,2025-12-16,24,DELINQUENT,2027-12-06
d03c9c2c-bc37-49b1-b48b-9a8c7eb3aefc,CUST00006285,186b2880-ab54-4a15-a69d-01ff1634725b,PERSONAL,75645.81,70987.0073726546,0.1011,2023-05-27,36,ACTIVE,2026-05-11
dbd7b4b4-ea44-4cc9-a5cb-bf135b619ebe,CUST00009309,de46222e-2514-47ce-b4e3-5f7ba1b7e3d8,AUTO,3528.88,2349.166763447096,0.1417,2022-12-26,48,ACTIVE,2026-12-05
4d7efc8e-b68f-40dc-b18b-f53a3864bf75,CUST00008818,a2ed50b9-de4c-48bc-9bf4-3b9f9fda15ac,BUSINESS,30130.57,1420.3342275755424,0.0531,2025-09-23,120,ACTIVE,2035-08-02
8d28eef5-c7bb-4cf8-9def-5cc2f1015bfe,CUST00003995,d5108bc0-2f9e-4ddb-b302-8b32230da680,PERSONAL,1165.02,158.13693866958994,0.0921,2023-07-25,60,ACTIVE,2028-06-28
3e84455f-a755-4468-9e74-e1224aed4cc8,CUST00001679,9fb886b2-a662-4b92-8748-ffb3d0a96757,MORTGAGE,3004.06,573.1192834492625,0.0323,2024-04-23,48,PAID_OFF,2028-04-02
51a0bd7c-447d-40b8-a49a-3cd986df42bd,CUST00008415,5a0ae917-690f-4c3c-a9ff-6cc074bc405c,PERSONAL,29592.96,7249.013474363597,0.1277,2021-09-14,12,ACTIVE,2022-09-09
1ab88733-80e1-4c41-8a9a-727fb2a12a55,CUST00000744,8c68720e-d787-463d-87b8-f95cb265a6c2,BUSINESS,66682.64,48723.4960218197,0.1933,2022-06-03,48,ACTIVE,2026-05-13
692c6843-e682-4710-98bd-19da0dd2c843,CUST00000463,f17aa7a9-243d-416d-8563-abbe51883a26,BUSINESS,28482.71,2533.1167851490186,0.0283,2022-01-22,360,PAID_OFF,2051-08-18
7c781b98-9f32-4d3e-b358-206db49bc1ef,CUST00001569,d10bf4dc-0de4-4af4-9347-94cc5d04032d,PERSONAL,18518.54,6492.501462332488,0.1387,2023-09-01,120,ACTIVE,2033-07-10
e97c0ea5-341c-4d10-9415-0ad9479fea14,CUST00001737,88a613b4-a3b8-4f92-a3c9-0c6a86017633,BUSINESS,14021.46,12778.924812710642,0.1595,2024-06-08,48,ACTIVE,2028-05-18
855fecc6-f9d7-4979-9767-a6da231b0c86,CUST00007904,96a9954f-dc33-41f9-8c1f-55ab715629ee,BUSINESS,2397.58,1334.655311407874,0.0584,2022-07-30,360,ACTIVE,2052-02-23
8d8f2868-bded-49cc-8e10-7ed63b046707,CUST00007003,18fdd2b9-79e5-49aa-992a-35497ba109d0,MORTGAGE,7481.84,1986.40281118971,0.0692,2025-10-28,48,ACTIVE,2029-10-07
b993c041-5f54-4332-9f6c-6a8635f4ffba,CUST00008857,592448ee-7ac1-44f9-8472-f9f6ec6494e0,AUTO,11037.37,10563.384455082878,0.0563,2022-06-09,120,ACTIVE,2032-04-17
092e9fab-2457-4251-89b6-7093d0fe42af,CUST00001357,9280c5aa-8dd4-495b-9c63-b6f306ba8cd3,BUSINESS,107547.01,26275.443676714807,0.0735,2021-09-09,36,PAID_OFF,2024-08-24
70b6052f-b2c6-4986-bc2f-db76fa584a4b,CUST00001015,a137f8e4-67b1-4040-8c39-b9253b5ae288,STUDENT,36880.1,33380.16454231279,0.0398,2022-06-11,60,ACTIVE,2027-05-16
f3fac150-7429-4f81-83a2-15ffa660604f,CUST00001055,6e1a1e1b-ed1d-4efa-9c4f-c55ebf715a28,AUTO,1564.68,1135.597292911223,0.0867,2023-08-10,48,ACTIVE,2027-07-20
d61968aa-7fb8-46b2-8573-3d101d3ebe5b,CUST00001765,2bd7d038-8149-4b7a-8968-fdf25760c094,AUTO,35815.14,26521.8646116241,0.0864,2026-05-07,48,ACTIVE,2030-04-16
9696e833-4728-4df6-8532-499e08a43ec0,CUST00006010,c6141017-11e1-41c7-98cc-84170067743e,STUDENT,12361.93,9456.12630832849,0.1653,2024-05-20,36,ACTIVE,2027-05-05
f710900b-d3c1-4e3f-8ce7-db3f625966cc,CUST00004459,74283491-79c8-42cb-a8d3-110e96bfae6e,PERSONAL,7979.39,4042.1141029361747,0.1642,2024-04-16,24,ACTIVE,2026-04-06
dac5609e-4772-4adf-8f49-d01a15a15a52,CUST00009605,aaf407f7-0fe7-4149-bc7e-5368b1594847,MORTGAGE,55133.59,44910.64950215348,0.1634,2022-01-07,48,ACTIVE,2025-12-17
04d340e8-7ecf-4fc6-a249-a5869c186d49,CUST00000668,e522266c-393a-46ee-a2eb-4a7f7ecc492d,BUSINESS,103414.38,86474.39076435319,0.1221,2026-06-10,360,ACTIVE,2056-01-04
71ab4711-6279-4a6e-a1f1-4c98dcdeadc8,CUST00003371,c2b2547d-ac3c-4be3-bc35-b2747a57772b,PERSONAL,89047.05,32100.27912942928,0.0787,2022-11-15,120,DELINQUENT,2032-09-23
611b92ab-34aa-4abd-b975-74330b5ed148,CUST00005977,c4ea4ece-67b6-4467-9432-d79794f6c67a,STUDENT,6255.23,2504.247040682617,0.094,2024-12-07,360,ACTIVE,2054-07-03
88516447-6e5b-4598-a8f0-e3e02f369832,CUST00001395,0a0537f0-2c2c-422b-a568-95c6812a1f9b,MORTGAGE,13851.95,12311.01362736666,0.0772,2022-11-19,120,ACTIVE,2032-09-27
0803ad31-4e1e-4f3d-a910-22b80d60e364,CUST00008291,cb6ad0c7-a235-4dd4-9355-08d073b5bad5,MORTGAGE,36202.92,18996.731436989234,0.1247,2025-09-08,48,ACTIVE,2029-08-18
efede7bb-5909-47d6-8353-b9e48aa2f756,CUST00004071,9118c400-e336-4243-b139-c476de3ce88b,MORTGAGE,95160.26,82498.5684791372,0.1888,2021-11-04,24,ACTIVE,2023-10-25
c125798e-9bd6-4690-a8f9-4c8806a76b07,CUST00006983,a72bdddd-511e-4eb8-9040-5c433a6c7da6,STUDENT,10734.72,6728.1946765207695,0.0712,2024-04-10,120,PAID_OFF,2034-02-17
d4022243-ec35-4b0c-9612-66fbe4a6bf51,CUST00008614,dc3f42e0-fcf7-4842-9edf-3bfad12e0eb5,PERSONAL,16672.43,9896.216874655436,0.1026,2025-11-19,360,PAID_OFF,2055-06-15
c0d978e7-cf6c-4143-8335-5860e84e9da0,CUST00005600,ebd34616-91b7-4d8e-9301-6989bfbbb17f,BUSINESS,4190.17,129.8154609962985,0.1379,2023-10-18,360,ACTIVE,2053-05-13
07001750-c1db-480a-b76f-6fff97491088,CUST00003651,bef6a59a-c186-4221-9030-56b79e4c24dd,MORTGAGE,3661.73,1017.5742534054086,0.172,2025-12-17,48,ACTIVE,2029-11-26
9f1c9fd4-d449-4964-b9cd-213b5748218a,CUST00009325,73dd3bc6-d064-45a8-9bd2-9cb108453b2f,MORTGAGE,74517.46,37412.06062073762,0.0656,2025-05-04,48,ACTIVE,2029-04-13
c8594dfb-6d73-4d1d-9da1-497a6f1f9af1,CUST00009895,75eb0e8f-a090-460d-a7c7-655a7b434a72,PERSONAL,168444.24,98930.19469917887,0.0705,2026-02-24,48,DELINQUENT,2030-02-03
c09d557f-bc44-4fbc-adb6-8854baae905c,CUST00003621,aa528f85-01d9-4b33-b488-e328c075e119,MORTGAGE,19771.26,12464.484985851053,0.1793,2025-07-28,60,ACTIVE,2030-07-02
8da4afbe-1bf5-4332-8eb1-8cd30e9f52f7,CUST00003191,23966b83-5cd1-4b22-b0e8-b2fa4fc34759,MORTGAGE,99240.29,71078.16085877213,0.0344,2021-12-10,120,ACTIVE,2031-10-19
eeb687c3-b8a6-4bf6-b3d5-4f3e635b36bd,CUST00008790,5d0b042d-e9b1-4c76-820f-beef9defeab9,STUDENT,37890.44,24864.973492315923,0.129,2026-02-28,12,ACTIVE,2027-02-23
fdab0afa-dbc7-445d-8994-41c5ad8f6932,CUST00000392,aee14f87-fcff-49e3-940f-f5896c624c2c,AUTO,8369.26,7101.959094139376,0.1749,2023-10-09,60,ACTIVE,2028-09-12
6c8073b7-76a8-4a27-88e6-1f32f01f333c,CUST00001076,f9ad97ae-0ea7-41a6-9c5d-fb8d60e12973,PERSONAL,37876.78,11191.465174074909,0.1859,2025-06-08,24,PAID_OFF,2027-05-29
c4ddfe54-917c-4f11-b81e-d083929614b5,CUST00002651,6b1205aa-9bd3-4580-ad9f-835f3fc5c786,PERSONAL,221251.39,141948.25111085878,0.0223,2025-12-25,60,DEFAULTED,2030-11-29
f5d68c8f-299c-4d73-8295-f5c984d77929,CUST00002385,c8d57717-9055-436f-8aa5-f9d3335f2f59,PERSONAL,20874.03,1067.9052341183929,0.0865,2024-12-19,360,ACTIVE,2054-07-15
fe1be3e9-bee1-4c65-b7a3-19c6619c4a06,CUST00000810,99afee64-9024-4225-84bb-10e079f7f38c,STUDENT,230260.25,110568.68725168948,0.0663,2026-04-01,60,PAID_OFF,2031-03-06
e85fda55-21c2-48f3-bcfc-7050ecb697a2,CUST00008048,092c4801-698f-44f8-a747-d24a1a46d536,STUDENT,432.85,116.01806931227668,0.1222,2022-12-31,36,DEFAULTED,2025-12-15
aebeca58-ccb1-4c1e-87db-f6a203e30f78,CUST00005502,7daec949-d700-4461-8cb6-b0ba925f8199,BUSINESS,75572.95,28784.76541371765,0.1339,2022-07-14,24,DEFAULTED,2024-07-03
ffb1c192-15e5-4e78-863e-9bb3f37296a2,CUST00006896,334a34a8-8bf3-49a3-b31a-dd22bdddbd36,STUDENT,25098.68,8901.566914468143,0.2,2022-06-19,24,PAID_OFF,2024-06-08
4bbb2e9a-8af5-4d42-8576-7c743ffb9577,CUST00001160,d50cf57e-3dc8-419c-8239-850b97ae50f0,PERSONAL,14065.62,849.9949411716842,0.1123,2025-09-19,24,PAID_OFF,2027-09-09
09e218a7-6504-45b5-9232-78bf56688530,CUST00007575,204054fb-92be-47c4-a784-cabe3190b8f4,BUSINESS,25276.77,11795.298577058345,0.1193,2022-06-17,60,ACTIVE,2027-05-22
44cca057-5c98-48f4-8636-8d129d94813f,CUST00001532,b2b8d698-5dd0-455c-b986-f498b52f80c9,AUTO,1117.27,1111.269464594323,0.0946,2026-02-16,24,DEFAULTED,2028-02-06
a72d0bf4-c84d-46c0-8021-a347a8c34b25,CUST00005482,87cb0e2a-2528-4a1b-833b-66fc797eb3e4,MORTGAGE,15843.14,4736.085799508367,0.0466,2023-06-05,120,ACTIVE,2033-04-13
0328a80d-9ba5-458b-8585-36b7cf6d2a9d,CUST00007549,81d2c7de-4ce1-4b90-a669-7833b841d0a0,MORTGAGE,37634.21,27704.272088416998,0.0746,2022-08-30,36,ACTIVE,2025-08-14
a928a5b2-9185-4abd-8e90-ae4a1fd28b9e,CUST00004977,7a3a6e96-23ff-43d3-bb4f-b88a2f4dd219,BUSINESS,202165.32,110743.80402145705,0.0645,2022-02-08,48,ACTIVE,2026-01-18
d8fbd542-43b7-4bf2-9604-153c522c5c44,CUST00005696,db992f51-c433-43bd-99cc-86568a03be43,AUTO,10123.3,3292.3532848702675,0.1642,2025-08-01,60,PAID_OFF,2030-07-06
046b96f9-7675-4903-b19d-722f2dc4d065,CUST00008446,4823debe-ccad-492e-93dc-4faed3a71b83,MORTGAGE,6550.26,586.9495434060607,0.1182,2022-05-05,48,ACTIVE,2026-04-14
09791408-7768-4441-8245-59a5709de505,CUST00003549,f6121d2c-ae73-40eb-a39d-8fe7790b185c,BUSINESS,10377.18,2239.9962906627466,0.0733,2022-12-08,48,PAID_OFF,2026-11-17
a34321bf-7aee-47df-9bd5-5037f7444596,CUST00006164,ebe9e207-4f19-4ec0-832d-4526b3e4110a,STUDENT,86951.27,67983.15821267187,0.108,2023-10-05,60,ACTIVE,2028-09-08
689ab92d-37c4-46a1-8e7d-e390d825b478,CUST00006672,4ce953a7-22d9-4db3-982a-2277f966d59f,PERSONAL,36066.75,10063.350983913928,0.0594,2026-06-09,120,ACTIVE,2036-04-17
145d2f7e-f057-412b-945e-b87f0eff6a6b,CUST00005265,71a3fad2-b094-4d2a-aaa9-3b436d15f16f,AUTO,9950.32,1435.8558767923107,0.0533,2026-02-14,60,ACTIVE,2031-01-19
8d2bb00b-9c3e-4d79-a5a4-b1b446c524a5,CUST00001232,ada58417-5e2a-432d-b1ab-0b56d5c9fdc7,MORTGAGE,47567.32,15758.974176161784,0.1748,2021-07-26,24,ACTIVE,2023-07-16
70c0a4f6-1065-4764-b40b-077950640ae6,CUST00002424,bcda835f-71a0-4ff8-ab8d-a34058c158e2,PERSONAL,25479.16,14880.923826681676,0.1901,2022-08-27,36,ACTIVE,2025-08-11
c96782fb-c417-4ebd-820c-be742e07a11f,CUST00008072,e63658c9-12d0-498d-b18d-4d05e8e22743,BUSINESS,94180.41,66252.44923272947,0.0344,2024-05-10,60,ACTIVE,2029-04-14
7eb3a98f-de7a-49b4-8271-441846b1654a,CUST00004262,592448ee-7ac1-44f9-8472-f9f6ec6494e0,MORTGAGE,7684.19,2976.585006593277,0.1577,2025-04-01,48,ACTIVE,2029-03-11
2cabb9ad-a15d-47c4-ba38-204b2091a706,CUST00009766,accb461a-9d13-4363-9f29-4a8bd1846c39,PERSONAL,13473.86,6711.965053871684,0.1016,2025-04-28,60,PAID_OFF,2030-04-02
a7ee2f23-9e31-4cfd-9f09-87e9259b5aea,CUST00002909,3d85de89-c217-4429-8e20-07247d137018,STUDENT,12232.33,5564.691099461672,0.09,2023-03-02,36,ACTIVE,2026-02-14
a793eb81-1d4c-4eb7-bb90-6c080cb140ed,CUST00004713,4b658517-1519-413c-a6c7-1f155bed83be,AUTO,2452.17,22.077744581729704,0.1441,2021-11-05,12,ACTIVE,2022-10-31
81b85934-af37-4cf9-af2b-5e3109db40a9,CUST00006756,2fd6129a-82e0-4d39-bab0-08df2709f5b2,BUSINESS,34343.92,13586.471060411264,0.0679,2025-12-12,120,ACTIVE,2035-10-21
513cd464-9473-47cd-b0b8-1530dc4e557f,CUST00009818,8de08fc2-c3e1-4a85-946e-f10411906f50,MORTGAGE,32584.2,19137.346158609154,0.0237,2024-08-15,48,ACTIVE,2028-07-25
3a5b171c-b7a4-4108-8dac-20f90abd99fd,CUST00003884,01afb939-c4df-4b8d-84eb-8e5d6a6e94cf,STUDENT,22196.06,12650.527122247218,0.0585,2024-08-09,12,PAID_OFF,2025-08-04
fdf1d205-b6ec-484e-b3a2-dc1d0f916e97,CUST00003516,081fec82-ca9a-4f77-b26a-51a576b40672,AUTO,15492.62,11615.86386960032,0.0533,2026-06-23,12,ACTIVE,2027-06-18
0420521e-41e7-4bba-b9ac-1a4f42516974,CUST00003404,e43081aa-6022-43ff-b330-4e33deb0de7d,AUTO,2635.8,1766.976824725466,0.0261,2023-03-02,360,ACTIVE,2052-09-25
d972c236-db84-4c06-984d-6427adaad2f9,CUST00004599,84d67c4f-f0df-4684-b28e-41225894f7f1,STUDENT,11719.77,3244.111996637985,0.0778,2025-01-13,36,ACTIVE,2027-12-29
0b73a040-b7e3-4615-8a5a-5d575a742a53,CUST00005009,1be00f8e-0c8d-41d2-9673-aefbeb9e54e0,MORTGAGE,13173.05,3367.6068676297923,0.1054,2022-08-21,120,DEFAULTED,2032-06-29
1bf2235c-5987-41e6-bc15-17fc99bf88ed,CUST00006223,1d91fe39-d801-4004-b93b-ed1b14f9c394,AUTO,6611.62,3068.7291949121623,0.1524,2024-07-25,60,ACTIVE,2029-06-29
1cf98855-719d-454f-81c6-af4013d5ac4f,CUST00004010,e0f3ee66-59a7-46e4-a341-89c5405df186,BUSINESS,17293.25,12675.427706327508,0.0786,2022-03-06,12,ACTIVE,2023-03-01
343c1752-3caa-431e-93d3-c72682d33948,CUST00002736,7df37378-9f6c-4ab4-b352-2c1845aa9503,PERSONAL,40379.45,3788.6950345188247,0.055,2025-01-17,360,ACTIVE,2054-08-13
d44260d2-5f11-4839-9203-7fc25366e938,CUST00004492,10f35676-5a85-4cd8-8bb8-6be0e355e636,BUSINESS,372979.54,353706.4127105996,0.0615,2026-07-02,24,PAID_OFF,2028-06-21
1246d2a5-6a7c-4d08-ae57-14e8d29c0131,CUST00008594,697c3923-87fa-441a-be83-b91f25440fe0,AUTO,28620.16,15545.129304977867,0.1804,2024-01-04,60,PAID_OFF,2028-12-08
4878383a-e037-4953-ad2d-7cb9a452b559,CUST00000975,5eef0d1e-38c5-4f5e-8359-ff43106793b6,PERSONAL,32413.35,9931.722547917785,0.0568,2024-03-31,120,ACTIVE,2034-02-07
9b622c0a-5398-4922-8652-62a224a0db6e,CUST00000224,13365c0c-82ff-4f2e-878f-07cf170fa87b,STUDENT,19699.16,13659.224799730151,0.1783,2021-12-22,48,ACTIVE,2025-12-01
f9a013be-55c1-40d9-9c3b-c3e5c9c52567,CUST00004614,885f6e66-c2b6-42c5-ba5d-310011b7e948,PERSONAL,1238.73,55.40321035481748,0.1005,2026-01-06,60,ACTIVE,2030-12-11
5fed5cb7-a6e8-4b4f-a5bb-7f3b687bb3ce,CUST00006778,e7d73d1d-69a3-4991-b634-646c5806a961,PERSONAL,21167.65,10253.544374375351,0.1882,2022-02-17,36,ACTIVE,2025-02-01
4b47b715-f937-4fff-b146-56f1787ed06b,CUST00008428,123c6a29-969b-4b4b-bcce-3ef8a41bc4c2,PERSONAL,24109.12,11716.300547062667,0.0935,2023-06-25,360,ACTIVE,2053-01-18
5e4908c8-290a-42d2-87f9-ee879f35e95d,CUST00004212,9bafcc20-0e16-4f3f-938c-c0ca17acd7e9,AUTO,886346.44,143566.21714738838,0.052,2023-04-13,36,ACTIVE,2026-03-28
266a8b90-ee28-42f4-8a76-a0ea0b6b9944,CUST00000226,319ec58b-4c03-4d16-b8c4-f346e5dd614c,MORTGAGE,16505.66,13821.638578079303,0.1188,2021-10-12,48,ACTIVE,2025-09-21
1b3206f0-0689-4b1c-975a-ae69e9707c9e,CUST00008184,59fcfaeb-7229-44a9-af7c-e6091a99aae0,AUTO,34624.65,27589.340725062262,0.1258,2026-06-02,48,PAID_OFF,2030-05-12
5027b309-cedb-4488-b623-87b49be9ec86,CUST00004278,67b41520-b11a-4696-b5cd-3e5c7a248720,MORTGAGE,20908.95,3193.473999012879,0.1344,2024-05-10,48,ACTIVE,2028-04-19
bdf68eb0-c7e7-4797-b73c-91ca82c3892b,CUST00001342,5a0ae917-690f-4c3c-a9ff-6cc074bc405c,STUDENT,3816.1,1388.4013349672048,0.0941,2023-09-09,360,PAID_OFF,2053-04-04
b67cb2ac-94dc-4c97-8891-4d9982183bb9,CUST00004037,35d21dea-efa5-4c8a-96a0-49431c687714,STUDENT,122300.23,12282.55787475562,0.0287,2022-03-03,360,ACTIVE,2051-09-27
60fba34c-3701-42fd-b09f-e5ab5813d72f,CUST00008402,4da838b7-6947-4bac-b610-f40d69fe890f,STUDENT,68043.3,57742.14022423652,0.1328,2023-09-11,36,DELINQUENT,2026-08-26
a8350a40-0858-414d-952a-ed00d4aa826d,CUST00003728,41526bff-661b-4738-97b1-6c4361a2d612,STUDENT,72153.27,23328.602742203697,0.1879,2023-08-22,120,DELINQUENT,2033-06-30
c33a8761-618f-478a-a66b-4b6db9ec28ff,CUST00003929,f485e944-3142-40c7-95cc-861a8f31bf2e,STUDENT,5630.3,2473.4826081309425,0.1924,2023-07-08,360,ACTIVE,2053-01-31
f486a251-1414-4827-a632-c350ff712ff4,CUST00002804,9255273f-ed09-40f7-9217-4fb08e6b3085,BUSINESS,180627.37,58500.13854898636,0.1274,2023-03-13,120,ACTIVE,2033-01-19
fe08a540-ef7e-4940-b568-757413caaeb6,CUST00009302,84681060-743e-4fef-86a6-1b3dc86e0b55,AUTO,2689.8,833.9079790874252,0.0236,2022-05-26,360,PAID_OFF,2051-12-20
ff70abaa-80e5-4b3d-90be-35ee397e241d,CUST00006559,eb25d7e7-e073-4c70-ac20-2d89b7a69c32,MORTGAGE,53118.77,39695.77653735294,0.0391,2025-11-09,60,PAID_OFF,2030-10-14
bbe43aa7-8c58-4ff0-a15c-f032930e7347,CUST00000394,2e2f2127-babf-4375-b17f-b7867d929cc0,STUDENT,588706.74,440097.28065808024,0.1701,2024-04-22,12,DEFAULTED,2025-04-17
1f09bd6b-bba8-4166-89f9-c43e6b074c79,CUST00006840,9118c400-e336-4243-b139-c476de3ce88b,BUSINESS,4985.03,2581.1895634907532,0.1694,2023-01-22,12,ACTIVE,2024-01-17
cc5732f2-871b-4b1f-a0e4-0a11d8fbfda5,CUST00009036,b0b862ef-6c9f-42b9-b647-8986a3917c99,BUSINESS,9419.65,6194.521496721616,0.1903,2026-06-06,24,ACTIVE,2028-05-26
a8c12f22-78ea-404d-9b6b-09920d2a9d7a,CUST00009717,dc6bf2c8-db18-4d46-8029-d6335b9559d0,BUSINESS,25577.72,13087.177996326554,0.1215,2024-06-25,36,ACTIVE,2027-06-10
5122f001-70e6-4474-8534-bd7686423a80,CUST00008796,108ab4de-49cb-4790-bca0-8cde4dbbb7cd,AUTO,10350.46,295.91147391262285,0.1755,2022-11-12,48,ACTIVE,2026-10-22
93432c76-d604-4e9f-b1ed-10f544e928ac,CUST00000582,7233d5af-9813-4da1-bd21-20ad5f59fb4d,STUDENT,2151.68,142.0247220370131,0.1685,2025-04-15,120,PAID_OFF,2035-02-22
5424aae4-3e78-4f27-a93b-da3b4b0653e2,CUST00000133,bdb58d06-2621-432d-895c-167fdfcf338c,BUSINESS,24412.35,9368.009092146567,0.1261,2024-06-22,360,DELINQUENT,2054-01-16
fa3bc921-c484-4743-8c8b-a7603e3a0dfc,CUST00002839,02d3fb7e-84be-4e1c-9e5f-feaa0eb54078,BUSINESS,4476.27,3356.0671327375226,0.1611,2021-08-28,60,ACTIVE,2026-08-02
5097ce46-74b0-4243-bb1b-a7235ca9bc53,CUST00003386,ac6c2e1b-708d-4094-af64-672f96e1a522,STUDENT,44819.05,40929.93198006462,0.0426,2025-02-26,120,ACTIVE,2035-01-05
b16d3da7-1d8b-469b-b8ef-0017bf89444e,CUST00003771,ec4e8cbb-a2aa-478c-a59e-0258814ff657,AUTO,5546.17,164.76731186499896,0.1351,2024-01-26,36,ACTIVE,2027-01-10
f525d556-bb98-4bdf-b1ec-02ad3db538c9,CUST00002269,0f5f9707-a008-4c20-8272-88e6ff39a117,BUSINESS,225235.46,82893.4182107372,0.1916,2024-04-09,24,ACTIVE,2026-03-30
14669189-5ca4-4e71-a8f0-e5f2e1568ad3,CUST00000976,e1509425-891f-4683-9e12-dbf1493d6196,MORTGAGE,6803.01,1522.3941507243046,0.0492,2023-01-18,120,PAID_OFF,2032-11-26
1391d18a-8171-4955-8f7a-1e435a1ba9db,CUST00007606,caef3c9e-1b9d-4f1b-b52a-6cbf1c17729f,PERSONAL,13587.53,11076.626213994148,0.1539,2021-07-22,12,ACTIVE,2022-07-17
7bf18cf4-a740-4142-9cbf-7ee6ea258d83,CUST00007214,84aeffbe-ae1f-4957-9f28-e41746273272,PERSONAL,74628.36,63133.21524781863,0.0777,2025-04-13,60,ACTIVE,2030-03-18
c94b3a6f-72ef-417e-baf8-34f29aef9aec,CUST00009736,81c974a0-ed6a-439f-b560-4484937749f6,PERSONAL,3476.23,717.5246981365971,0.1671,2026-07-06,12,ACTIVE,2027-07-01
d3ec1562-91c0-49ee-bad1-c48f6b39c4dc,CUST00002836,4823debe-ccad-492e-93dc-4faed3a71b83,AUTO,30982.87,22023.468385629698,0.1455,2025-04-23,60,ACTIVE,2030-03-28
ecfbc936-2012-4ebb-bc9b-519ad3a81c4f,CUST00002739,34ec5264-ad7d-4f81-b9a0-f145a5bab050,BUSINESS,156484.8,114508.69714590658,0.1867,2025-10-10,48,ACTIVE,2029-09-19
e8c5a3b0-c6c5-4054-beb4-a52789a1321d,CUST00009550,8f221604-d46b-4756-b9e4-39ef48d495a4,PERSONAL,1975.89,349.8465324957129,0.1481,2021-08-25,60,ACTIVE,2026-07-30
aa7898aa-95b2-468b-ac92-275a68599dc4,CUST00004135,0f9027d5-90f0-447c-b4af-80050ba24c4f,PERSONAL,29055.14,12601.09558610267,0.0939,2021-10-06,360,ACTIVE,2051-05-02
cbbd3732-42a1-4429-9b05-0a6c235d2722,CUST00009509,f4124360-1153-4e99-9c50-8720f982f4e0,STUDENT,32526.95,20177.696780780196,0.022,2021-08-04,48,ACTIVE,2025-07-14
1e32e3e1-5058-4a4a-9771-3fff49714ec3,CUST00006834,fd06a179-7980-4efa-8da0-8e483531518a,BUSINESS,71163.43,1854.9891577855149,0.1627,2025-02-12,36,ACTIVE,2028-01-28
81496136-6bc8-42f4-a893-a38a14dd9314,CUST00008354,2d8cc973-43c1-436c-9013-b7a3f4a29332,BUSINESS,3444.64,1393.6732117831696,0.0935,2022-01-21,12,ACTIVE,2023-01-16
7e83e815-9375-4195-a5fd-72f4fbb61ff7,CUST00001910,39b86bb2-b596-4a7c-af4a-fa885299e505,STUDENT,3039.1,470.933565751114,0.1407,2026-05-05,60,PAID_OFF,2031-04-09
32b6f533-c5cc-4fb0-a1a6-2208a1f40627,CUST00009320,fd9f45f4-0816-4739-8393-3447f3dc50bf,BUSINESS,48190.27,26114.13870107086,0.0389,2025-10-06,60,DEFAULTED,2030-09-10
743de03a-e05c-4fb9-ae0e-f4aae65e0ac3,CUST00009851,ed6f4ee3-e44e-4cd1-b8ef-a3bc9457f388,MORTGAGE,34388.48,28986.654460495374,0.1804,2024-07-08,24,PAID_OFF,2026-06-28
6b2b0c27-1eec-4480-aab1-803803f89c7b,CUST00001964,aefcfad8-efc8-4849-b3aa-7efe4458a885,AUTO,32072.02,16829.91881469304,0.0984,2022-05-16,12,ACTIVE,2023-05-11
b61d1f43-8df8-4ff9-83f8-6f2d436c9e18,CUST00005154,6c5ccba7-b55d-4fc1-a22c-c212b69d2f48,STUDENT,37036.99,1332.7240929450659,0.1855,2025-05-26,36,ACTIVE,2028-05-10
19dad534-be2b-4dee-b848-c332ee1caec8,CUST00000967,b92da22b-21df-406f-8a0b-3c3336d8393a,PERSONAL,7942.34,235.5479279932184,0.1473,2026-01-23,48,ACTIVE,2030-01-02
d577c131-08b9-4ed4-9e94-da10205b9db8,CUST00000890,da55f825-5086-4384-b33a-c54f62359144,BUSINESS,31206.46,18895.609702531998,0.0419,2025-06-04,36,ACTIVE,2028-05-19
2abc4b2f-b0a6-4457-8620-5f4a6e718848,CUST00003062,44d7df9a-238b-45b7-ab64-777c6177a771,MORTGAGE,34187.27,11212.794096335916,0.1243,2026-04-07,24,PAID_OFF,2028-03-27
83d04bac-21e3-4238-92b1-178bfd6c47e3,CUST00006462,371ecd7b-27cd-4130-8722-9389571aa876,MORTGAGE,7543.74,4320.0472089010555,0.1838,2025-12-14,36,PAID_OFF,2028-11-28
635b729c-eb2a-408b-8780-d6caddebd8d4,CUST00006167,c05db774-132a-4e58-aa57-e880de9205ea,AUTO,361733.04,59192.9488649913,0.164,2022-09-25,48,ACTIVE,2026-09-04
20a0c244-5ab7-48b2-ac1f-b2fce77d9bec,CUST00006968,78460474-927c-4ea7-8a15-9e92af74ae63,MORTGAGE,44835.22,34830.7944991247,0.0952,2021-09-14,12,ACTIVE,2022-09-09
3dcead91-8e93-4bd2-b269-eb4366fe47b3,CUST00009859,0614ac41-275c-45dc-afa0-8cbebf343ca7,BUSINESS,3688.76,3174.988421721756,0.1919,2022-11-02,120,ACTIVE,2032-09-10
5639117a-1e78-4a02-8b1b-bb3ab6448d24,CUST00008102,eb22ec1d-4df6-4f4f-adf7-92ffe9c7c13a,BUSINESS,58972.73,52440.06134083987,0.0683,2024-05-27,24,DELINQUENT,2026-05-17
562e121f-e5fa-455d-9320-8f77e5bdbb3e,CUST00007380,587ef344-6f3f-420c-98b8-e4cc1bc044fc,MORTGAGE,5105.01,1552.3038167299367,0.0875,2021-09-18,360,PAID_OFF,2051-04-14
1b96ee81-9ddb-4fea-9bd7-871c976b1a33,CUST00009634,f4d375c1-a293-49fa-b240-d7a14027ab7d,BUSINESS,71727.31,47392.77054158309,0.1549,2022-09-01,60,PAID_OFF,2027-08-06
12e1725b-0b94-42ab-b8e0-c2e1fe7f9299,CUST00007281,62c9f4fc-f686-4fa7-a94d-ed1e11ca2a0b,BUSINESS,125228.25,34943.989816145004,0.0619,2026-01-14,60,ACTIVE,2030-12-19
f32de530-5ade-40d4-abb4-8c9ebd1e9dd8,CUST00001068,2dc09158-7b83-41cf-8ebc-6d7ec8a65b85,PERSONAL,6431.59,4905.73914116354,0.1128,2023-04-14,12,ACTIVE,2024-04-08
a17e34b0-68ac-439c-a921-f23172eace11,CUST00004224,462741ec-08ac-484f-8a10-b49968028b3b,STUDENT,93439.01,11261.736888275469,0.1512,2022-07-03,120,ACTIVE,2032-05-11
6f8963b3-d5b5-424c-bd9e-599373230f23,CUST00009019,8f7c1d59-594b-4a3a-bad4-65a15129950d,BUSINESS,40911.7,31206.00512314561,0.1359,2022-07-28,36,ACTIVE,2025-07-12
b33aa6b9-7a23-4f3c-81f6-028b4a0efbe5,CUST00004608,9ba4d5a6-0178-4e26-8eb5-57ac8b22e445,BUSINESS,75590.83,33239.452695755856,0.048,2021-07-28,360,ACTIVE,2051-02-21
b944e469-2ef6-4152-bbc2-ede622758233,CUST00003986,4b7a123e-338a-4a2d-be1c-fa1495d16384,AUTO,378961.34,324220.1813317649,0.1333,2022-05-19,360,DELINQUENT,2051-12-13
d1f2789b-ea95-4113-96ed-4815c415ac73,CUST00003180,d2eaef18-4b67-47a1-966e-cfe36d779595,STUDENT,15243.64,11263.996014519222,0.1231,2023-05-01,60,ACTIVE,2028-04-04
26fa466b-1573-4a73-8266-557cefc66c4c,CUST00004539,e0b55615-d3b6-4f1b-b4f7-6d09739cafa5,STUDENT,7110.98,2677.42363459989,0.1204,2021-09-29,24,ACTIVE,2023-09-19
97d20300-97f3-4baf-81fe-1d86e545fcc6,CUST00002363,eb91d7bc-42e1-4eb9-a49d-da44191f9e05,STUDENT,5800.67,5241.132646344816,0.1687,2025-08-04,120,ACTIVE,2035-06-13
741a5b09-a63f-43ea-ac85-2cc75eb00e6f,CUST00002225,df4e713e-f64e-4dfc-bfbe-ac7aefc59738,MORTGAGE,6478.76,1835.6733244513098,0.0531,2026-01-27,48,ACTIVE,2030-01-06
2d3dab8a-7047-4d9d-9208-26b8611eb15c,CUST00006372,dcad8ec2-963a-4333-a582-95dc75f1c654,PERSONAL,19620.84,18973.12921922322,0.1553,2025-07-27,360,DEFAULTED,2055-02-20
47802d60-968c-47f1-b8f7-ef4882380358,CUST00001727,b62c09bf-a4f7-4a30-97a1-5a60c55e6efb,PERSONAL,36743.92,28190.059763796948,0.157,2023-04-06,36,ACTIVE,2026-03-21
3b759faa-18ce-48d1-85e3-be15f1dc5270,CUST00005792,75175f39-7354-44fb-a44a-0371c5ab4e57,AUTO,33357.44,33046.37691078762,0.1501,2026-05-30,120,DELINQUENT,2036-04-07
0c5c9940-5753-4534-be48-7b1c4c1f088f,CUST00008074,c342bd2b-f295-456e-9967-5f06bd767e35,STUDENT,76173.95,4106.127554306809,0.1111,2022-02-09,360,ACTIVE,2051-09-05
8673173a-e5b5-4f30-8486-8583906ae95d,CUST00008459,64953d5f-0cb4-4891-988d-f23b3ccff6eb,STUDENT,22460.26,6154.920839772286,0.0912,2025-12-19,48,DELINQUENT,2029-11-28
ed944378-d814-4be0-821b-390c946f9f07,CUST00007014,76b90472-7470-424c-b9f6-b641063ff61e,BUSINESS,194911.54,144480.957784191,0.091,2022-09-03,120,ACTIVE,2032-07-12
62524390-52a3-469d-8906-9da96d3b867c,CUST00000838,c86aed73-3415-4076-801c-5617a2c3b917,MORTGAGE,14809.36,13657.927835709259,0.1521,2023-03-25,120,ACTIVE,2033-01-31
f41978cd-2dac-488b-81de-6d58518e58fd,CUST00004585,d61169a1-ff46-46bf-894d-916deb6d2fed,MORTGAGE,1303096.29,37491.14504862763,0.1096,2023-03-09,36,ACTIVE,2026-02-21
f1eef895-d061-46b3-8abc-36fc24a887a1,CUST00000687,f33685da-c380-4b4a-bdc4-2f12fe9bd0e1,AUTO,56302.88,0.5233901978307924,0.0809,2025-02-17,24,ACTIVE,2027-02-07
bb21d347-fd3c-402a-a1e3-eda6bc106ec9,CUST00000357,6fd1134e-b25a-4809-b730-e52e2922ecb0,PERSONAL,6089.15,1560.2998059356808,0.1326,2026-01-11,48,PAID_OFF,2029-12-21
473bccd4-84e6-478f-ae37-b72135ef2b60,CUST00009064,889fe107-443b-4d0f-bdbc-3093a8284442,STUDENT,4418.97,3768.403388674571,0.1707,2022-09-02,24,ACTIVE,2024-08-22
507a61a9-9d8f-4ee1-a12c-6678933c3b76,CUST00004648,34879e41-1a9c-472a-8eb9-047dba2ac3d9,AUTO,45420.04,34844.12458546936,0.0311,2023-07-26,48,ACTIVE,2027-07-05
2a6445d3-48e8-4f79-98eb-a4621976a39a,CUST00004419,2e9ce8ff-084a-4c4b-9146-8cdcf7164b73,MORTGAGE,15753.31,5360.496347559277,0.195,2024-01-24,360,DELINQUENT,2053-08-19
7c9428af-461a-4f63-89b0-16e51e595d1f,CUST00006643,6994bf84-50d3-4a03-8cd7-608f3adcb38c,MORTGAGE,64279.8,129.2836698717408,0.0374,2024-04-24,360,ACTIVE,2053-11-18
2b589b3f-e2a6-4e3c-b940-093a705cd91e,CUST00003392,2bd3cdcd-2779-4685-94a5-3fdef10d27c8,MORTGAGE,44795.21,24848.160154227808,0.1121,2024-05-05,36,DEFAULTED,2027-04-20
4269f091-eaed-4ed7-b06f-bb0f49d9bf73,CUST00004358,46feacd4-fe13-43cd-8f2d-5c15eb346d3a,STUDENT,19747.0,4698.906694741927,0.1208,2025-01-07,24,PAID_OFF,2026-12-28
1b2aa4e4-c0e3-44e7-9b2d-f807fd225cba,CUST00004880,2c8fabbc-ec6d-4411-878a-a79ed736c320,STUDENT,6184.55,4611.255698753708,0.0449,2022-08-01,360,ACTIVE,2052-02-25
47543604-aa9b-44ba-bb4f-068eecad122d,CUST00005320,1b332e43-a4b1-4f6a-9d2c-e51b37e82d71,STUDENT,2270.44,1013.4101320008895,0.1848,2022-07-05,36,ACTIVE,2025-06-19
8d5a9549-34f3-4b8e-9891-e25c2418c7fd,CUST00002740,3bdccce0-9875-44da-9830-dffe88859ae5,BUSINESS,11273.7,7650.354499862485,0.1049,2025-06-03,120,DELINQUENT,2035-04-12
2b39e995-c13e-40d3-823a-0b12d6baf0f2,CUST00009511,461fe028-f727-4e90-9ba1-68b8a3840e2b,PERSONAL,79586.38,67832.17441284483,0.0458,2022-07-04,120,ACTIVE,2032-05-12
0a2cbb1b-e70c-4274-9930-300a07006af3,CUST00009728,372f5f47-999f-4691-b4e4-20bfdb38f306,MORTGAGE,30367.88,16269.889300601966,0.1481,2022-05-09,36,ACTIVE,2025-04-23
89b4db80-8a32-484a-a401-461af5b92b3c,CUST00004785,041b1878-1765-49e7-b332-432b3d10fa95,MORTGAGE,3399.53,1142.0909393720517,0.1394,2025-10-16,48,ACTIVE,2029-09-25
7d058c07-01b4-4dfc-b1f4-36eacc8abd69,CUST00009965,76876c62-4c61-445e-ba7e-5d9405d1fb63,BUSINESS,28560.26,21978.363755517476,0.1933,2023-07-07,360,ACTIVE,2053-01-30
5e9a35cf-0699-476d-9288-b06ad51f03b1,CUST00000878,253741e4-0966-4d08-9959-5d27a73d2746,MORTGAGE,39260.57,10411.402190143112,0.0995,2022-05-11,120,PAID_OFF,2032-03-19
f2a83faa-f11a-41f5-8826-80f934010b60,CUST00002871,1417c2f9-eb91-431a-9eb0-5b4a1b4ffd5f,MORTGAGE,5850.1,5215.47422610425,0.0682,2023-09-04,48,ACTIVE,2027-08-14
71e007b0-bb6a-4647-ad2f-458d9237e145,CUST00000293,86c45e42-955b-4346-b1f5-5560a42d10f5,STUDENT,27738.81,1981.3179214720265,0.0308,2021-07-30,24,ACTIVE,2023-07-20
742f790e-d4be-44e4-a04d-3f5585594d77,CUST00009844,24f43c62-b523-40de-9b87-d29c4cfd0fc1,STUDENT,24036.12,20081.424513921913,0.152,2024-03-24,60,ACTIVE,2029-02-26
b75c3825-1c0f-487f-ab01-bba74b814a84,CUST00008729,e0354d75-a90d-45ad-8c8f-e6ceb69f627c,PERSONAL,3966.12,363.12100104386445,0.1311,2023-04-11,120,ACTIVE,2033-02-17
1eb46d3b-d841-46ac-ab4f-9efbb4d1880b,CUST00002687,b0736dd1-f443-464c-a269-9a4400d8c046,MORTGAGE,37672.33,2114.810851202114,0.1951,2025-04-11,120,ACTIVE,2035-02-18
7e45fee4-6ea8-4b32-a38d-9fb071c487bc,CUST00000234,18a73d94-a13e-466d-96c6-d99779fe7ccc,AUTO,51081.45,18555.691082303212,0.1482,2024-03-26,12,ACTIVE,2025-03-21
230681aa-dd50-4d6b-963c-b5294357ac51,CUST00002375,df8b4008-7d01-45a3-8041-f5d49549e631,MORTGAGE,111812.3,106953.98338734581,0.188,2024-10-07,48,PAID_OFF,2028-09-16
ab30f1b1-bb4c-4947-8748-b576fe3a4f96,CUST00002273,4775d7ab-d207-4bc4-b885-8b6d23e7cd20,MORTGAGE,107012.73,105245.52757597128,0.1985,2022-02-25,36,ACTIVE,2025-02-09
cdbb6c1f-5a8d-485e-b7eb-a7e91dd07ec8,CUST00000967,8208fd42-209c-44a5-931e-1d4d9abc9859,PERSONAL,2789.16,563.6069584747729,0.0971,2025-09-13,12,ACTIVE,2026-09-08
38f1f1ab-cb17-4945-be88-f8e4143dbd6c,CUST00000890,a3a6ef83-cab6-4107-afd6-9b3af2dd9456,AUTO,5395.19,801.9278539324226,0.0471,2025-06-26,24,ACTIVE,2027-06-16
281f45ff-53bd-4b05-9308-9f8bba345e82,CUST00003864,e55b93ad-8976-4471-9d7f-57d1e45def26,MORTGAGE,47693.62,16833.622072907572,0.0553,2025-04-22,12,DEFAULTED,2026-04-17
7416386b-46af-440d-95d8-a81a81ceb20e,CUST00006155,38d5101f-423c-4d9d-993e-478302b34254,AUTO,47604.33,16046.793211960126,0.0773,2021-12-29,12,ACTIVE,2022-12-24
ac0d8818-8349-4078-bc4b-2732a170920c,CUST00003401,486fac8f-a4c5-4ae5-8d32-e7120c767092,STUDENT,47694.51,36228.41034167515,0.1116,2025-12-10,60,ACTIVE,2030-11-14
b01cad4e-b4f1-4ca9-92f7-76d1c6ec757f,CUST00008227,2c6a6e9a-3280-47a1-8187-222b257d5e52,STUDENT,7124835.78,3163420.109301237,0.042,2021-10-30,60,ACTIVE,2026-10-04
09d1c11f-ecbb-4aac-a46b-f89a5097621a,CUST00004543,3ff93134-650e-48e4-afe6-33f18f807d8b,AUTO,51861.7,40446.08855828761,0.0743,2025-06-11,12,ACTIVE,2026-06-06
b481acde-eeaf-4b56-99b6-5b6b6ef1d60c,CUST00003524,2a7cf9e9-d7a7-47b1-88c6-2063a06303ca,MORTGAGE,120976.12,90576.40547127358,0.0754,2025-04-19,60,ACTIVE,2030-03-24
30bdf7be-5149-4675-8573-b517cb508544,CUST00001764,b257e257-cc4a-402c-8f49-94e07ab16533,AUTO,92134.31,53282.232445455156,0.0207,2023-07-04,360,PAID_OFF,2053-01-27
d66f3fff-a93f-47ec-8ee4-3f7fd7680657,CUST00003292,b9ef9fa8-3ec8-4e58-9728-2d3089111a42,AUTO,58517.84,48775.32769074621,0.0838,2026-01-30,60,PAID_OFF,2031-01-04
f2fda085-091f-43f3-a046-d4d3e0a8a8af,CUST00002489,503be788-2d44-4af8-bc94-76b1a18b5d15,STUDENT,13726.67,2685.5920531726483,0.0409,2024-08-07,12,ACTIVE,2025-08-02
3ef433df-020a-4c40-a095-c0d0a26e67da,CUST00001559,fb0d3cda-1e63-4261-90e9-688872730e7b,AUTO,68765.25,11126.939186719113,0.0973,2024-08-13,48,PAID_OFF,2028-07-23
df42eabd-604f-4c8d-961a-9968230a37e5,CUST00004691,28f49481-a0a0-4dc4-a720-9bdf1c11f735,BUSINESS,6910.26,5187.188455320648,0.0554,2026-04-20,60,ACTIVE,2031-03-25
3217f93c-ac60-42a4-b85f-a73df17316d5,CUST00006122,f8ded777-bb1e-4ae8-97d8-21b8bb93cd40,BUSINESS,15440.85,3779.874717180595,0.168,2022-02-17,12,ACTIVE,2023-02-12
7c08a960-26c4-41fd-b859-7bc643e9c94c,CUST00002277,c31db215-d7d0-4c99-a45a-e8eec8c6a8b1,STUDENT,10635.52,29.719725009377466,0.0345,2022-10-03,48,ACTIVE,2026-09-12
7f297630-bbca-4210-afe6-1a89d059b594,CUST00004440,c481ea69-f83b-4029-b6ac-204884308e0c,MORTGAGE,24904.68,22712.076172838257,0.1758,2024-01-09,120,ACTIVE,2033-11-17
a2807710-32d5-4d87-a1bd-1db7485873c1,CUST00001104,2c78644f-d860-45a2-bdd5-b0f8d6d744fd,MORTGAGE,709267.37,441828.92882664787,0.1245,2022-07-13,60,ACTIVE,2027-06-17
842ca512-f369-4683-96b5-cf7ae0389eb7,CUST00007521,027e789c-ce40-483b-b915-ad7e2648c819,STUDENT,1338.23,595.4289756051664,0.1026,2023-12-13,12,PAID_OFF,2024-12-07
36d5187b-bfdb-410b-b929-1d34db6ea0ba,CUST00009612,8a6342ca-56b7-479e-a46a-0b429cfecbd8,MORTGAGE,61659.97,44748.891435061974,0.119,2023-02-01,60,PAID_OFF,2028-01-06
7d9def75-1138-48db-af2f-841100d190bd,CUST00005410,119fb03e-9731-4c91-98b6-691b74169e82,PERSONAL,1960.44,653.476862868531,0.0877,2023-05-27,48,ACTIVE,2027-05-06
b5c1f027-3563-459e-9c78-bade8ec7dccb,CUST00009671,de72d970-10c4-4f9e-b020-321be90f4137,BUSINESS,10851.97,10349.15544161776,0.043,2022-05-05,360,ACTIVE,2051-11-29
b01f90e7-6b0c-4da5-89ef-a19b2d98f251,CUST00007870,1ccec1ef-16ef-4cdf-9375-ee61ec94503e,PERSONAL,112806.12,7740.788549436307,0.1579,2026-01-28,12,ACTIVE,2027-01-23
a18af1fd-615a-4341-9d06-5ae84358ce3f,CUST00002957,817c6779-d52d-4f91-864f-e16479472ea4,PERSONAL,24256.02,15546.85213167004,0.187,2023-06-18,48,ACTIVE,2027-05-28
5944a69c-a341-441c-bc16-5571957a66e5,CUST00007711,51cbf9e5-fb7d-4ba1-98c8-8c483ced4d1f,PERSONAL,4373.78,3399.693194348981,0.191,2024-07-08,120,ACTIVE,2034-05-17
f44f5031-a82d-4879-87cc-4d1c7bf6b2ad,CUST00006018,f8f58a26-1924-4644-af52-7666b23909f4,STUDENT,7532.97,3533.9113903845696,0.1407,2025-11-16,36,PAID_OFF,2028-10-31
d73794d5-4cd3-4406-a0bd-60442e18b22b,CUST00009575,321a9240-3321-4bb0-8e74-b39c92e33940,PERSONAL,61046.83,46088.42482709593,0.0939,2024-09-29,24,PAID_OFF,2026-09-19
ab00764e-4ac8-4bda-a002-8f9a3b5d5c9c,CUST00003385,b85f164b-6160-4399-9307-3198bc3eb402,AUTO,7364.67,6826.389199944363,0.1061,2024-05-16,360,ACTIVE,2053-12-10
a1497b65-cbf7-4eb1-bd7f-2fed7c2ce385,CUST00009762,5d00df1b-a83c-4c2b-b776-e729791f49f6,MORTGAGE,30475.79,22673.801878382732,0.1383,2026-01-19,36,PAID_OFF,2029-01-03
8b1d2284-5b6c-4b7a-990c-2e2a6467e0c0,CUST00000029,80acefb5-79d0-4e2b-8024-9b51307c3f63,STUDENT,23584.8,7296.35568803647,0.1682,2023-04-02,60,ACTIVE,2028-03-06
380bd4cb-18b6-46f8-8ba0-768a7b2021f7,CUST00008898,13c37b5d-bbf8-4a91-b7a9-f824eafa4d5b,AUTO,8288.29,4656.74568912142,0.0874,2026-06-22,48,PAID_OFF,2030-06-01
e595e3fa-e182-48d2-b681-db3f1cc41c62,CUST00009213,5d697934-ddeb-48a4-b75f-dd572700260b,AUTO,549034.27,500501.57195749023,0.185,2022-01-11,12,ACTIVE,2023-01-06
6b6a838e-498a-4d9d-8391-59b8c145217f,CUST00009639,4da838b7-6947-4bac-b610-f40d69fe890f,BUSINESS,57004.1,25600.41165317656,0.0784,2022-03-15,360,ACTIVE,2051-10-09
3f555c7d-534d-488e-b279-ec9ef8281e0b,CUST00007757,cf03f0c8-0eff-45bd-87eb-340dc74e48ff,BUSINESS,1056.05,719.9076955557407,0.1156,2023-07-09,48,ACTIVE,2027-06-18
2d1b143e-1da6-436d-acc3-f8aaa9943d14,CUST00006949,4684833e-19dd-4b90-8839-c8e410db5fdc,AUTO,29134.59,13562.580655592397,0.193,2021-12-02,60,DELINQUENT,2026-11-06
a91decb2-51a3-421b-b4d1-183f76f8ef17,CUST00005756,3e612d66-05bf-4618-a930-b0c4d5576899,BUSINESS,8162.62,990.4862423245389,0.1889,2022-09-08,12,ACTIVE,2023-09-03
65e92e49-b26c-4876-98fa-e8c71d10b6f6,CUST00003603,3f569381-4119-4559-a5b9-de82ae5a5f99,MORTGAGE,79114.39,4635.916217793628,0.1452,2023-12-13,360,ACTIVE,2053-07-08
e1d5fcea-c610-424b-a0c8-667fb46f0145,CUST00005063,54470290-4640-4b2a-9c02-28afb1d29457,MORTGAGE,6709.09,6388.891699805229,0.0784,2022-09-14,36,ACTIVE,2025-08-29
dd2fb568-ce02-4728-9712-288a7bd64d37,CUST00008072,e2c328aa-3310-4475-8a86-22250b36e356,BUSINESS,18543.88,11358.901141307988,0.0594,2023-07-19,48,ACTIVE,2027-06-28
afedc6c3-6979-45ea-99de-fd207d3a8826,CUST00007245,e9eba9fe-9a5e-43f5-8c94-d15ca13d2600,PERSONAL,46980.17,4877.242267029885,0.0344,2026-04-06,24,ACTIVE,2028-03-26
4496a883-4a7a-477b-876a-16e73c1fc9aa,CUST00006373,c01d1c62-ba0d-4f1f-a325-85b486daf596,AUTO,80711.21,69204.90355475638,0.1476,2025-10-26,360,PAID_OFF,2055-05-22
d9da5f47-e3ca-40c4-b711-32b781eab1da,CUST00007106,fdb7c107-01e7-4de7-b3a2-ca5f46834cc5,MORTGAGE,3639.33,1902.252812497898,0.1106,2022-11-29,120,ACTIVE,2032-10-07
8ff01845-0f90-4d63-a8b4-9b00c86768b2,CUST00003582,293e16b3-cefd-4224-b36c-c67ee886818e,BUSINESS,13336.34,10294.749105749112,0.123,2023-02-18,120,DEFAULTED,2032-12-27
accc1507-42f8-4fc5-92bc-b64dc59498c5,CUST00002763,5ed7d1a6-7673-4495-9ff0-864c02288f07,BUSINESS,10803.03,1369.350984027228,0.105,2024-11-18,60,ACTIVE,2029-10-23
cf1ca021-6431-4fc2-a946-4f3f514f6fd9,CUST00000573,236e9007-3468-4b6e-8609-0b78b5971e43,MORTGAGE,8266.83,7497.2743651617775,0.1069,2024-02-01,60,ACTIVE,2029-01-05
42bd31c4-660f-4c40-acd9-dc3f7123bc96,CUST00007706,b0b63bcf-0860-4833-879d-0cdaf396ea37,MORTGAGE,311196.98,183772.8454120185,0.1228,2026-02-17,48,ACTIVE,2030-01-27
7c4a14cf-44b0-403f-8dfc-73c1e990ff49,CUST00000615,b62c09bf-a4f7-4a30-97a1-5a60c55e6efb,PERSONAL,40435.87,29852.212912879728,0.1846,2022-10-20,36,ACTIVE,2025-10-04
a2e25753-56ff-4b3e-b80c-fd3dba6a741c,CUST00004051,93364f7e-83ef-49f3-a1c7-cc8a04351b64,BUSINESS,3323.17,104.28003782696533,0.0253,2022-01-20,36,ACTIVE,2025-01-04
72984bb6-4efa-4dc3-8bae-4fc1d18ad3ca,CUST00000326,4312153d-484f-4f7c-a44f-52f41b696031,BUSINESS,87272.69,27517.50681054854,0.1643,2026-01-26,24,ACTIVE,2028-01-16
e028c315-928f-4bae-b8a7-c67868e968cf,CUST00003741,1ddb4f15-1eb8-4863-82f8-60445e08e249,STUDENT,531380.86,142115.37430449025,0.0903,2025-01-18,24,PAID_OFF,2027-01-08
c790b84c-34c9-43ae-8938-279c2aa20c1e,CUST00000359,84681060-743e-4fef-86a6-1b3dc86e0b55,PERSONAL,103642.0,98417.92450162552,0.1541,2025-12-29,48,PAID_OFF,2029-12-08
f7df9baf-f2a8-4e6e-9c3d-a4eba012c6c2,CUST00003778,64cfd9b9-050e-4961-b363-d272d0181ce6,MORTGAGE,2255.09,417.9551532963571,0.1907,2023-09-02,12,ACTIVE,2024-08-27
21144198-5466-4ea9-9c5a-342e9d017d3c,CUST00005907,11defebf-9e98-461d-88fe-bf6d199c8d94,MORTGAGE,10653.55,7532.61092313492,0.0751,2023-10-14,36,PAID_OFF,2026-09-28
f34574ae-0519-48bf-8a2e-30d69adebcc2,CUST00001722,061efb95-68f8-4063-aeb1-9ad201a1fb0f,AUTO,147320.64,6298.478543490009,0.0361,2025-05-17,360,ACTIVE,2054-12-11
61127927-cd6a-4e30-8567-f81fb8e3fb43,CUST00001350,8cd74c27-929a-4586-8a37-6c367d94bf10,MORTGAGE,7619.73,1506.2993582869603,0.0618,2021-09-03,360,ACTIVE,2051-03-30
55525e11-b469-4821-87ca-7ddc171acd35,CUST00003697,fc1bb61a-a36d-4d54-85ec-8e9fa09fc700,BUSINESS,42861.49,14512.787113399398,0.06,2024-05-25,360,PAID_OFF,2053-12-19
c4196c8a-c44f-42a8-9a4a-96aee987cfb2,CUST00003897,b69f75c5-c82b-41be-a1eb-64e6fd498e20,MORTGAGE,70400.18,55933.35470143442,0.1535,2022-05-02,12,ACTIVE,2023-04-27
0c995e2d-a7a9-48ab-903f-3a468d8a7957,CUST00004261,2dd93719-f8d9-4f33-86d9-03c0ad987301,BUSINESS,5484.08,4332.2947631853185,0.0311,2025-04-02,12,ACTIVE,2026-03-28
8914bc96-5cb2-4033-b5e0-edd684c62e4b,CUST00009789,f8cbab4c-9779-4e84-9e47-2e2276c3e642,BUSINESS,20145.01,19190.174030834612,0.0292,2024-03-16,48,PAID_OFF,2028-02-24
d690efa9-2830-4ffa-bc37-337a32ccf39d,CUST00009820,a542deb9-2cff-45f8-9bdc-74a98d3a5d76,PERSONAL,170.39,156.2080147794105,0.1448,2022-11-19,24,ACTIVE,2024-11-08
b7c315a2-dc16-4bae-a541-35f889238eb6,CUST00006942,b9a5d4d0-4237-41f1-bdac-dc5e20c0f275,MORTGAGE,4738.23,386.23489968014775,0.1202,2025-11-30,12,ACTIVE,2026-11-25
2951c8a7-cd21-4a34-8a49-ba1b3ab5a9f1,CUST00003809,0f844fef-1931-49ee-a56c-0941fbf24050,PERSONAL,15080.35,12514.695703644764,0.0952,2022-11-23,48,ACTIVE,2026-11-02
69d445f3-54dd-428c-9fb6-98a5e9209b3a,CUST00005247,a0180791-eeb0-43fe-860e-a4d50d04dcb6,BUSINESS,3389.12,1529.0814018906617,0.1236,2022-07-01,24,PAID_OFF,2024-06-20
3fab0c74-bbbb-4ccc-8d8e-352b37328d15,CUST00008385,ce777f00-ecf2-4e76-8519-7ff4006ed6e3,MORTGAGE,254897.54,220712.23444722587,0.1523,2025-01-25,12,ACTIVE,2026-01-20
d8718196-093c-4582-837d-f82ef0a4be8a,CUST00003846,84909370-e430-4b91-956f-e90eb5ccdbe6,MORTGAGE,2578.05,230.18442075983117,0.0386,2021-11-08,12,ACTIVE,2022-11-03
86cc556b-f0bb-4e32-814f-a9be05209457,CUST00002578,4f9a5f98-4d95-4273-8b2c-c805d1403430,PERSONAL,11383.65,9366.115482373982,0.1196,2024-12-30,360,ACTIVE,2054-07-26
ca957c2e-65df-49cb-8062-42771a3ecc71,CUST00000092,4806f804-0cf0-474c-8c74-dc0f5a575539,PERSONAL,26798.76,4278.22155249719,0.1684,2025-11-04,24,ACTIVE,2027-10-25
4878917a-282d-44a3-8ad3-33617c226735,CUST00004235,2233212a-f526-4ea2-b953-3cb78ef1a114,BUSINESS,191359.65,63883.817485498796,0.0852,2023-04-25,120,ACTIVE,2033-03-03
a1ad9f14-3ae1-4f9c-8634-e0e64d2ce796,CUST00008673,411920f6-d056-4199-b728-ddc20f5e8b47,BUSINESS,2556.02,73.73708810930118,0.1573,2023-02-17,24,ACTIVE,2025-02-06
08a5ad03-3f4f-4031-b025-5b9dc5bcc4cd,CUST00006593,6bca4f86-6500-4793-a238-dfc60a4e3ccf,MORTGAGE,126089.3,15600.788029854568,0.1722,2022-11-23,60,PAID_OFF,2027-10-28
d0207ede-1fa7-4e6b-bffa-749e45bfd2c3,CUST00008129,d6d7b3b8-3309-4d35-bf4d-f561f319c125,MORTGAGE,22367.17,9969.626652419283,0.1678,2025-02-21,360,ACTIVE,2054-09-17
66979d0f-a7c0-4a59-a0bb-380bc8b7bcd0,CUST00001076,7a4a902f-21d6-4b0f-b1ac-040d6c1cc405,STUDENT,5053.0,4135.063609960978,0.1371,2022-03-29,60,DELINQUENT,2027-03-03
e06a46b2-bd93-483f-917b-d6cc2195e073,CUST00002514,436e3c49-770e-49db-b092-d40143675d58,STUDENT,44053.29,34082.69880217823,0.1491,2024-06-14,48,ACTIVE,2028-05-24
13974770-15bd-48ba-9caa-f6a5451ea1db,CUST00008169,ac9b389a-6adf-4568-b5ca-a993aacad101,AUTO,29690.71,6986.157608549601,0.1618,2022-01-24,48,DELINQUENT,2026-01-03
b417dee1-b8dc-4390-8127-8b8612ea7890,CUST00006862,09b2eae6-54eb-4c91-b784-ae08758fc8fa,BUSINESS,8952.38,1357.9905424388494,0.1521,2022-09-24,36,ACTIVE,2025-09-08
0528d309-6a56-487d-bb8e-37e2c32bba73,CUST00008991,54b58635-3dab-4614-9215-0ed87ddca413,AUTO,24457.77,9520.516247011647,0.1013,2025-10-01,60,ACTIVE,2030-09-05
8aacb783-d48b-4d0d-be1e-70bc03c61e18,CUST00000605,c04446bf-d9f4-4bbd-8dec-644cda2d2156,AUTO,12357.64,10915.112258251833,0.0486,2024-02-17,24,ACTIVE,2026-02-06
187666ec-26df-4b57-ab41-eac79ad8e1cc,CUST00002980,d8feb8de-6779-4b58-82ab-23a0fc862110,PERSONAL,26115.28,2387.5914107875933,0.0758,2023-10-01,60,ACTIVE,2028-09-04
6420b22a-cae9-450b-9693-ffd8bc6232e3,CUST00007141,647dc392-9c7e-4575-a37d-dcd698d3148b,PERSONAL,59468.14,32286.08637511927,0.0573,2026-02-16,120,PAID_OFF,2035-12-26
dbfb491a-9b0e-4a7e-94db-549631bc99e6,CUST00007066,54c3b22e-4c66-4a4d-9a70-ea8ad6881d3e,STUDENT,237761.95,21115.03947745208,0.0851,2023-11-06,360,PAID_OFF,2053-06-01
6cd6cedf-52df-4152-88e6-cd4b4febaa0e,CUST00004917,3facabcc-5ac9-4db2-aed4-d00579222d87,AUTO,3440.17,1617.60963286558,0.1081,2022-03-29,48,ACTIVE,2026-03-08
4d59f68e-05ff-42f2-be54-eceb8329bd1a,CUST00006801,b0a4f557-3381-401f-a3ff-8fd202e460aa,STUDENT,540121.86,68482.86738060237,0.1926,2023-11-15,120,ACTIVE,2033-09-23
198493ce-33e1-46f7-b57a-d70346281fb8,CUST00000598,c0e9ab30-ed26-42e9-97e0-11b7f8102383,BUSINESS,1178.35,94.66502735650148,0.1927,2026-05-31,48,ACTIVE,2030-05-10
9381ebb3-a7f2-407e-b821-947c43a7320c,CUST00009725,f14152c7-a0dc-4c7d-bb17-23197f4d55b9,MORTGAGE,17541.46,3347.7759419615495,0.1585,2023-05-31,120,ACTIVE,2033-04-08
6df5fa4a-4a8e-4dd2-a067-982478adb182,CUST00007321,27035b27-958c-4936-b186-78ce4e40bfba,PERSONAL,53235.24,13588.615452540917,0.1964,2025-04-01,48,ACTIVE,2029-03-11
68054a24-f785-4cc1-b8e5-91c417d2efe7,CUST00008706,3d9ffe59-9bc0-4a93-92cd-adefb9d276f4,BUSINESS,33573.35,9275.154266462021,0.1996,2025-11-04,24,PAID_OFF,2027-10-25
48cff1da-7bbc-4b5d-874f-92058f9d7375,CUST00005623,cc0a628b-f518-4923-a829-2e3bbbfc5dc1,BUSINESS,8655.5,5585.116717399289,0.1793,2022-04-23,120,PAID_OFF,2032-03-01
81b01ca4-8880-4d17-b3ef-e892e85cc863,CUST00001878,63f2ae24-fc3d-4348-808d-4127610461e3,PERSONAL,16120.01,886.3083848596021,0.0343,2022-01-03,360,ACTIVE,2051-07-30
fe3f5662-0468-4a4a-a1e5-835e3e9f069a,CUST00001700,d4c3a832-b231-460b-b8f2-ce6bd46b415d,PERSONAL,10514.37,849.6563551971635,0.0967,2024-04-08,12,PAID_OFF,2025-04-03
f392b60b-64c5-4e2d-ba41-348a7f3dadbd,CUST00009222,60980b94-e05b-4892-a4bc-08cf2e904b5c,AUTO,9099.3,1717.0939751482952,0.1161,2025-01-30,48,ACTIVE,2029-01-09
b6eea1cf-8bec-4264-8340-55005f6bbc54,CUST00005781,56c76990-7401-43c1-8155-aa51bca2c581,STUDENT,78779.11,68700.35245398086,0.0423,2022-10-24,60,ACTIVE,2027-09-28
93efe8f0-395c-4d62-b3c7-fd751bb9d499,CUST00000717,bb27f6bc-9888-40d9-9423-251ebcb12a00,BUSINESS,37628.73,23653.605039503353,0.1656,2025-07-13,12,ACTIVE,2026-07-08
c56dbe29-65b8-438c-865f-5046f9a61744,CUST00004087,1f89cec2-9dfe-49d2-a87d-2106dbfbfea4,AUTO,7790.31,5689.806059668523,0.0468,2023-02-24,60,ACTIVE,2028-01-29
7a0ffa86-5eac-415d-b274-2e763b6becb7,CUST00000666,77d2b94f-1478-4c9d-9503-0b43e3c7ca9a,AUTO,84914.47,31449.106147236183,0.089,2026-03-15,48,ACTIVE,2030-02-22
4f842010-a48f-41f1-9be4-0ba9902ad019,CUST00007847,f394c60d-c2db-4aab-bd41-1a05833cd4f2,BUSINESS,34924.69,7446.6545929615695,0.0324,2025-07-01,24,ACTIVE,2027-06-21
a1420851-cf47-4d72-a4ce-3160551a7dcd,CUST00006612,817b2f21-24f3-4f14-a9b0-1062d2e55512,BUSINESS,74555.06,2830.2115442716217,0.1144,2024-06-30,360,ACTIVE,2054-01-24
8f962ff2-186b-4a71-9569-12ddf9cf2bd2,CUST00001080,e5508ea2-6133-434d-8b0e-8eb1ad371d9e,MORTGAGE,56638.44,27669.89539964082,0.1275,2025-03-22,360,ACTIVE,2054-10-16
f12d0664-dd65-4951-b52a-a2af2b5457b7,CUST00008420,21084dd9-f75d-4e3c-848d-56502e9522d6,STUDENT,6351.89,3647.769513865827,0.1523,2026-05-22,12,ACTIVE,2027-05-17
1579bc24-3ffd-48f1-97e9-afe27d6448b2,CUST00008341,a70bba9c-3d5e-49df-afc2-147c5badd755,BUSINESS,9506.48,8527.339124695829,0.0811,2023-01-20,12,ACTIVE,2024-01-15
d68bc80f-9dd2-4036-a737-cac9242e3d71,CUST00001070,d6de0902-ea89-4692-9176-37b264d88360,PERSONAL,67571.42,59604.275146099346,0.1263,2024-04-03,48,DELINQUENT,2028-03-13
d6f34d9b-b918-46e8-85fd-e9e9793841a9,CUST00005264,c9c23e69-d82c-4565-8bb9-07ec13c11754,MORTGAGE,55025.69,23368.593877695177,0.1521,2024-01-03,360,PAID_OFF,2053-07-29
0f163af8-3b80-4449-82b5-79c2910f445d,CUST00007952,0d31812e-30c3-4756-9453-f867b97e6224,STUDENT,21346.6,9041.948619265304,0.1572,2023-09-13,360,DEFAULTED,2053-04-08
696f9074-4084-4290-be50-a000c474e1c0,CUST00001364,8494205c-34ef-4552-ab28-6d090af57e60,PERSONAL,26264.96,4231.886437325503,0.0743,2024-09-17,120,ACTIVE,2034-07-27
d5963842-567e-4c74-bd92-232a4fbb831a,CUST00004509,47419b48-34ae-4abd-b6fc-e0acb4698db3,PERSONAL,149716.28,38544.30474955793,0.0322,2025-09-09,48,ACTIVE,2029-08-19
b062259e-524a-4652-8958-b354268e81b4,CUST00001756,1ad74fd4-298b-4e78-9420-60ce6b2f9d47,STUDENT,9069.23,8395.055876276718,0.0268,2022-07-14,48,ACTIVE,2026-06-23
df15e667-6812-417c-9946-601e90b84f94,CUST00000520,0722ab3c-18c3-4aa9-a013-5044a041301d,MORTGAGE,50043.41,7057.922919994804,0.1583,2022-08-02,360,PAID_OFF,2052-02-26
358fb73f-b0bd-414f-84a5-24d9016d26d9,CUST00005464,ed5f24c3-7fb9-4e49-8222-3c10f82f2dc3,PERSONAL,16264.03,15754.958489225151,0.0894,2022-09-18,36,ACTIVE,2025-09-02
7d1d3494-cb71-4efd-8ffa-1194c14a2a61,CUST00007234,48d3d2ce-fba3-491f-88df-aaf8b9efaad6,AUTO,15890.52,8020.558026965583,0.0441,2022-05-23,24,ACTIVE,2024-05-12
f5a02c0a-5021-43fc-bff3-e8188babb414,CUST00001103,2c913a7c-a340-4f08-b341-91b8ed6522b4,STUDENT,114481.13,52272.85954096231,0.0532,2024-06-28,120,ACTIVE,2034-05-07
761c7a2b-5263-48e0-bc59-69c6a6ea0997,CUST00000598,6b358d15-590c-4e67-8d1b-6d80c8575c8a,STUDENT,75972.33,13267.684688169351,0.1579,2024-05-01,24,ACTIVE,2026-04-21
8e07d8fc-83b1-41ec-bba5-a5dfb5786277,CUST00003274,6b790d01-3cf8-4d20-bbad-793f87a1ec02,BUSINESS,74627.51,49369.17628579384,0.1278,2023-04-25,360,ACTIVE,2052-11-18
bbaa6e4a-fe25-471b-bd5b-fecedbd0ad57,CUST00005782,d7be7b4f-b967-4dc6-96fd-d1a5f17312f4,MORTGAGE,156094.71,71779.45283355475,0.1103,2023-05-02,48,DELINQUENT,2027-04-11
6cfacecc-1ae4-47cf-abd5-c14914d8e0e6,CUST00006257,46a3110a-9813-4b31-ad38-9d1f6716d461,AUTO,22731.47,8425.716408377351,0.1321,2024-08-18,36,ACTIVE,2027-08-03
209595a4-602c-4604-93d7-54d6b30269aa,CUST00007259,ae1782f6-9138-4474-8473-b982d1a529db,AUTO,61262.88,16205.025357244509,0.0447,2021-10-29,360,PAID_OFF,2051-05-25
851ab93f-297e-4f2f-837c-e599c1c353c4,CUST00008781,462e9af3-9962-4263-aabc-42b1059997f6,BUSINESS,13830.06,919.5164749038603,0.0774,2023-03-30,48,ACTIVE,2027-03-09
3286af00-2a8b-4289-9f19-297ebf86ad63,CUST00006555,cf3a2f8d-57f7-41e3-8add-397642fc7edf,PERSONAL,35819.56,18602.104630488968,0.0873,2025-02-14,48,PAID_OFF,2029-01-24
1d191f64-f8cf-414a-9ea7-e1ae7006a2c6,CUST00009600,25f88c74-53ea-4919-9b48-62c2d5ff2a1f,PERSONAL,18120.25,5669.977222105763,0.0766,2024-11-13,24,ACTIVE,2026-11-03
7ec469d8-6c97-44c0-a2b0-505509fff6ab,CUST00008003,fa2c9e79-2758-4f1a-a39e-5593ec11a44d,AUTO,25476.05,18033.609304958773,0.1756,2026-05-05,360,ACTIVE,2055-11-29
864b789a-cd9b-49fd-a04c-57f62bb47157,CUST00004847,3e19fc1d-9f6a-4a65-bd54-da044dcd0009,MORTGAGE,53784.23,38914.09284553847,0.1247,2022-12-01,36,ACTIVE,2025-11-15
dfcc8eb4-bfbe-4892-a3ce-37db7cb8b49d,CUST00009822,41f83199-f4ea-4769-8366-c189cd8d9f75,PERSONAL,6455.38,2143.8769601408603,0.1513,2025-12-17,24,ACTIVE,2027-12-07
025ec446-663f-430d-ab0b-b4578c0dc409,CUST00009187,60042231-36c3-4e85-8bae-295e902a405c,STUDENT,508174.88,340030.3230770567,0.0626,2023-03-18,48,ACTIVE,2027-02-25
fee91972-6f7b-43e7-9e19-f0104bf7e012,CUST00004799,ff12fe28-b840-4136-867e-4b72316e8645,BUSINESS,4870.61,1259.9062120577075,0.0675,2024-01-22,60,ACTIVE,2028-12-26
e15680e9-ec06-4d73-b84e-2f114b523dc2,CUST00006606,0d95ee72-46c3-4497-b546-9cb1a8c9aa31,MORTGAGE,3564.28,2591.850768970381,0.0606,2025-06-19,12,ACTIVE,2026-06-14
5287e5f4-85c1-4181-8567-4f45ad3b1b9d,CUST00002987,1a89b71e-a0d5-42c8-a837-fe68bba205ca,PERSONAL,125137.24,2011.8496206073755,0.1438,2025-03-21,360,ACTIVE,2054-10-15
9055e085-5f23-4322-a3b9-3a349d7739b2,CUST00000401,c8ecb641-9267-4e10-a050-df248522496a,AUTO,72221.57,10949.423177443457,0.0828,2024-03-12,120,ACTIVE,2034-01-19
4a4a5612-243a-4f53-aa7b-6a7ca674dd6b,CUST00002856,da2cf852-0a19-4939-9fc7-ab262cb941fc,BUSINESS,56172.34,13762.709859609553,0.0929,2025-09-09,48,ACTIVE,2029-08-19
cd853347-3457-4c7f-af5d-b99c85f3cb12,CUST00003413,8ac35ac4-5dea-4737-bdab-3441d2c2a960,PERSONAL,56529.52,43693.67207031345,0.1476,2024-04-01,120,PAID_OFF,2034-02-08
5f0a74fb-b6e7-4214-b3b5-f7d79d2f1794,CUST00000057,47378190-96da-4dac-b2ff-5d2a386ecbe0,AUTO,21625.53,1435.421652364469,0.1949,2026-05-29,36,PAID_OFF,2029-05-13
78dc340b-4051-491c-9ac1-ad6984f612df,CUST00008023,f296d9f0-cd23-42c2-abff-e17b532401fc,PERSONAL,5733.71,1078.265125493177,0.0491,2023-02-22,360,ACTIVE,2052-09-17
54867db3-efaa-4791-b5eb-0106767f5095,CUST00001876,b8f91075-a081-45d2-a608-92d6f84006f2,BUSINESS,24678.97,8850.47354103952,0.0313,2023-09-23,60,ACTIVE,2028-08-27
ff0614bb-b85a-44cd-bf2b-f0e4ed55169f,CUST00004544,e53e5f4c-6c7e-4a2c-867f-358ba48aa108,STUDENT,7976.52,73.18452436057684,0.0551,2025-07-06,120,ACTIVE,2035-05-15
2a0b83f4-22a5-47cf-ad87-07d5da36a2b6,CUST00004299,04d07f29-13e6-45fd-9c99-d366c8b62c18,STUDENT,95099.56,72477.36942487709,0.1523,2022-03-20,360,ACTIVE,2051-10-14
794f9276-d454-4573-b70f-9392863daa90,CUST00003769,eaadcb2f-0f89-4df6-b97a-822c15e59a0f,AUTO,17666.3,9894.98560565283,0.055,2025-06-26,120,PAID_OFF,2035-05-05
2de1bda4-6a92-447b-9154-00a60283a43b,CUST00005753,730ad7de-27af-4ff9-87f8-9f6211a1e557,STUDENT,6385.3,5751.108089938916,0.1252,2021-08-18,36,PAID_OFF,2024-08-02
fe4995a4-112a-4ef5-b872-420e267d46e7,CUST00004834,096b7724-5ced-43b3-b7a0-be7a7e6a3ea7,BUSINESS,13601.31,422.0626932638918,0.1263,2024-01-30,48,PAID_OFF,2028-01-09
b3932fb8-4fd4-4793-816f-2931fa1b1bac,CUST00001354,635d8150-d8dc-43a5-b09a-8327891d47fe,AUTO,40920.94,11105.561886960566,0.073,2023-07-13,48,DEFAULTED,2027-06-22
1806699f-b1ac-41dd-b303-343c300b6e7b,CUST00004988,35a7ac9b-48f9-4d0d-9d3b-c1d3a5159982,PERSONAL,9456.08,6914.77417285405,0.0324,2022-03-02,12,ACTIVE,2023-02-25
183f36db-54be-47e0-b566-639489a8c57d,CUST00006598,0f844fef-1931-49ee-a56c-0941fbf24050,MORTGAGE,6416.77,4332.278540237596,0.0919,2024-06-18,36,ACTIVE,2027-06-03
982e2afd-77fc-462b-9ffe-37090fa4c293,CUST00004312,23c8afdb-83f8-4f16-a4a4-474c9b33e3a4,PERSONAL,31746.28,7716.169565520427,0.0536,2022-05-20,60,PAID_OFF,2027-04-24
a2e768d7-59b7-463f-9117-f840280d4e22,CUST00002935,6147adeb-277b-4667-8499-d0a615007170,BUSINESS,31807.26,18947.194664940245,0.0532,2023-01-25,12,ACTIVE,2024-01-20
584f218a-39dd-41e1-a222-c7758f24da7e,CUST00000023,30e912f2-f2b4-4abf-8441-aefd0299436a,AUTO,10296.77,8173.139989790326,0.1141,2022-08-16,360,PAID_OFF,2052-03-11
3150e60d-ed89-42c2-839d-fd70a0fa7665,CUST00001210,c509d558-0632-4b36-a7c8-f0c59808552c,PERSONAL,10866.53,362.7324142066911,0.1412,2025-06-11,36,PAID_OFF,2028-05-26
e958c430-d21c-4643-88c0-8457464aea48,CUST00008941,aa604892-3926-42e9-9b58-eb49c9784b52,AUTO,31196.93,22387.802863147353,0.0336,2025-12-01,48,ACTIVE,2029-11-10
bab4eb77-959f-4841-ad19-312dde3b5a64,CUST00000805,9118c400-e336-4243-b139-c476de3ce88b,STUDENT,2509.59,632.660273639382,0.1241,2025-03-24,12,DEFAULTED,2026-03-19
c4596172-9fdf-4b1b-9e05-b8b14e45a736,CUST00008326,f9d09e26-165e-45b5-b526-d3b0abeb35d1,MORTGAGE,2667.25,2528.1563493426647,0.0643,2021-12-10,48,ACTIVE,2025-11-19
8fa50e32-4137-4168-af2e-cdc9673c984b,CUST00004417,8c68720e-d787-463d-87b8-f95cb265a6c2,BUSINESS,7497.57,4035.343785070405,0.1412,2024-06-20,24,ACTIVE,2026-06-10
33dcd09c-a8cc-4023-a43f-daf08a8016fe,CUST00008626,c605e58a-4845-4343-9db4-49dc77106966,PERSONAL,15991.77,533.9041538174425,0.1658,2022-05-21,24,PAID_OFF,2024-05-10
1a5ca752-2705-4d96-97b7-32b313d579ae,CUST00005142,14aa3ca3-7ca9-468f-a12f-3b2104005940,MORTGAGE,35114.22,14166.151502666778,0.1653,2022-05-03,12,ACTIVE,2023-04-28
2da6b974-47ad-41dd-b768-b54abb0c686a,CUST00004969,ba554e35-ddc8-427b-a623-b91a72f68fe1,BUSINESS,201397.19,194612.49290908282,0.0866,2022-06-17,12,PAID_OFF,2023-06-12
206faddb-1a31-487e-904c-01a1434fe133,CUST00003672,7b189d5d-9b24-4a55-8fe8-8b776009a05a,BUSINESS,79737.03,58237.773273503655,0.1221,2023-04-18,36,DELINQUENT,2026-04-02
a513964e-965a-493e-85b6-9e95cc009f08,CUST00007293,6c878546-7faf-4458-af14-f7775dad348e,STUDENT,17328.23,5206.769286049865,0.1629,2025-04-26,360,ACTIVE,2054-11-20
935e2c27-5485-40db-a208-c875c41c233d,CUST00007002,3967e60a-823d-4107-9c8a-c066cb2fafa3,AUTO,21407.05,12314.77573274165,0.0309,2024-03-17,60,PAID_OFF,2029-02-19
9ad28c4a-9798-439e-9a78-6fcac5a06501,CUST00002099,5168bbf2-97af-4bde-bc8e-9d782d14e9f4,AUTO,4896.16,2933.296093330442,0.129,2023-04-22,60,PAID_OFF,2028-03-26
bcbd6eeb-ceab-4f76-b776-f4e846f90964,CUST00008445,b60b4f87-5dd8-4ffc-9f87-8b322b429596,MORTGAGE,21423.21,500.1925515724771,0.1706,2025-07-09,24,ACTIVE,2027-06-29
e8c347d0-ab22-4d1d-9daa-c867df0fea06,CUST00005062,9255273f-ed09-40f7-9217-4fb08e6b3085,STUDENT,14285.67,2554.7543837971734,0.087,2026-03-19,24,ACTIVE,2028-03-08
00af085d-2b08-4fcd-b595-1ffd793130ce,CUST00009322,a9d049dc-369e-4af8-a226-49ee38a06ffe,BUSINESS,35741.86,19721.534080384285,0.102,2023-07-28,24,ACTIVE,2025-07-17
3768d6aa-fd34-421e-bb59-475ec88a9a74,CUST00003265,a5df6f85-bab5-43fb-9dfc-d1d5cb863dea,STUDENT,6368.72,2565.018274310821,0.1458,2025-04-29,48,ACTIVE,2029-04-08
9d6ba3b5-cda8-48b5-adf6-cca41761f1ce,CUST00005436,7e64c44f-fe67-4797-b16c-084e6a7df379,STUDENT,48003.05,9122.394712302004,0.0322,2026-06-27,60,ACTIVE,2031-06-01
79b8023d-2a31-49ba-a4b1-7e4525807a2c,CUST00008494,b99e6f7b-23c0-4eb1-949b-862d1f7b6b19,MORTGAGE,219500.19,169600.9341097449,0.0894,2023-10-12,12,ACTIVE,2024-10-06
13e9e070-52c6-4562-8010-2dc0dfe6b589,CUST00006692,27c6cbb1-cedd-469d-b96c-9a0a3404c02a,AUTO,18710.87,9149.519643045838,0.0732,2024-04-21,24,PAID_OFF,2026-04-11
2310c9fb-0d5c-4547-b847-91e0e55d32af,CUST00002764,e1cde87f-ec95-4f87-ae5e-c36572eb7474,STUDENT,40238.02,12472.705502020122,0.0231,2022-06-26,120,DELINQUENT,2032-05-04
6ce763e1-708f-45a1-8ea6-e9bc82ff1dad,CUST00004006,e5d6f6e6-9a6e-42f5-8cc4-29038bcf53a1,STUDENT,62020.24,10027.267827267702,0.0553,2025-05-06,36,ACTIVE,2028-04-20
4d747649-53bc-40e0-b8c0-9d8baa3319bc,CUST00003242,5ef787b8-f2e6-495f-b32e-2016add702c9,STUDENT,12066.27,7374.462149551772,0.0913,2025-12-12,360,ACTIVE,2055-07-08
3da34aca-1e07-44a8-828f-d8cb80189536,CUST00003058,e6fdd7af-dd84-4acc-b672-94643f8ea40a,PERSONAL,30826.77,20538.683937042468,0.0555,2024-10-09,12,PAID_OFF,2025-10-04
c61f98b1-6097-4bc0-a4ab-d0358f65abf9,CUST00000551,83d0bae7-7c2c-4bcf-8770-d18fc9160147,STUDENT,22446.47,15030.093833981273,0.1284,2021-12-29,360,ACTIVE,2051-07-25
5ae0bb5a-7977-43fe-b4cc-721462b215ad,CUST00005575,542ef29e-1bcf-492f-b98b-07573036f6b9,STUDENT,25502.05,5617.779276450512,0.1008,2026-04-09,12,DEFAULTED,2027-04-04
51251262-85a0-4af6-96b1-ba8c4fcf9f89,CUST00005412,3e20718a-0bb9-48f6-9e4d-a214eb034c4e,BUSINESS,6908.34,4112.800132150464,0.0271,2025-07-04,12,PAID_OFF,2026-06-29
9afa3fb4-e21f-4167-9404-e49287db0168,CUST00001588,b52a9e6b-c8b6-48e0-92a8-50c55bab7f4a,PERSONAL,22851.35,20689.760020742626,0.0695,2022-10-08,60,PAID_OFF,2027-09-12
2a869922-f492-4b35-b6c2-1bc3d799d80d,CUST00005921,2b1ac76c-89ec-4c51-98cb-aa5247f53019,STUDENT,46490.23,16419.772792619464,0.0235,2022-11-28,24,ACTIVE,2024-11-17
4719c1a8-d567-4214-a23e-be36f20ba0c9,CUST00005261,da095b0c-4a37-4da3-aaef-0d3e085acd62,STUDENT,194213.9,40933.86797940984,0.0845,2022-12-24,36,ACTIVE,2025-12-08
6fef2c5d-d702-4edd-a494-0bbdb61ae1b0,CUST00004410,c1101266-2408-46dc-9346-d1a9f6802cdb,MORTGAGE,92865.38,71705.95822208415,0.0666,2024-05-29,360,ACTIVE,2053-12-23
b1f20ebf-7d76-4495-b10f-c4158f7c0071,CUST00005784,b198047f-4612-4424-bac0-67a69297eaac,MORTGAGE,556695.5,98469.93681353587,0.1439,2024-07-06,48,ACTIVE,2028-06-15
1ec80917-af74-4001-8023-539bc9f99d37,CUST00000713,9136d4ad-f27e-4ce7-ab8d-2c495e3003e1,PERSONAL,6967.27,1767.9358471457188,0.0753,2025-06-25,36,PAID_OFF,2028-06-09
a6ef8273-6f77-4027-a656-cfbc8ed2de16,CUST00005407,b148b2a6-ea79-47e1-9be7-02abfac08fc4,BUSINESS,81510.0,8203.524580368063,0.0875,2024-07-27,36,ACTIVE,2027-07-12
ddbb3fa4-0679-44f2-ad92-38a459225b53,CUST00007991,1036ca81-0bc4-47ba-b0d0-ebcb6949ece5,PERSONAL,28998.9,7768.060504417727,0.1506,2024-10-25,120,ACTIVE,2034-09-03
c54f87ad-7750-4fbb-9af9-ae1b5d9dacbd,CUST00007421,08b9b2e9-4d81-4859-949e-24ad02d22ee7,PERSONAL,588130.65,241330.62921080829,0.1066,2023-07-07,36,PAID_OFF,2026-06-21
6c905f13-ba7e-4b51-9892-e71aab87aea4,CUST00006844,6c35e33c-70fe-45a1-b880-adc62af2b718,MORTGAGE,6552.18,420.37385986562754,0.1202,2025-09-13,48,ACTIVE,2029-08-23
e054dba1-8f4e-4920-9df2-055436ba4892,CUST00002434,f5159494-3818-4fd3-b889-936a9d5817e8,MORTGAGE,6250.5,5448.616547563577,0.1714,2023-10-05,36,ACTIVE,2026-09-19
30e4541b-f07c-4ca7-abac-d8e1ff7661bb,CUST00003302,0db5d441-2837-4418-af27-c1b9e3c6dedb,BUSINESS,8963.45,4604.298316294651,0.0572,2022-03-19,120,PAID_OFF,2032-01-26
eee5b33e-2dd3-4f8e-9fcb-f48261e8baa5,CUST00000271,d3e78237-cd21-44d3-9960-6af0aa546c79,STUDENT,910.65,535.5565723792902,0.1981,2023-07-15,36,ACTIVE,2026-06-29
3222504f-02bb-4d94-bed5-0d6bbf6494b6,CUST00009987,ec95ccf1-a679-4ab0-b129-e2f6e06ca678,BUSINESS,10010.28,3716.67438191068,0.182,2022-11-08,360,ACTIVE,2052-06-03
31e43850-86a8-4b2b-9c69-ee49712c3126,CUST00001080,4ec3f970-956d-40e4-aaa2-6216fada98f5,STUDENT,7053.65,4724.78326694295,0.0716,2025-09-12,24,ACTIVE,2027-09-02
5415668e-4f75-43d1-9610-7189016ff44c,CUST00005323,fad34352-1d59-498c-974d-6b8741d6676a,AUTO,27600.54,11917.409071625809,0.1807,2023-04-04,120,ACTIVE,2033-02-10
ea725584-5e6e-487a-a939-f79018177e4a,CUST00008796,709b7d97-464c-44af-bd3f-3799a07295e9,MORTGAGE,36777.22,27999.004175260212,0.1557,2025-09-27,24,ACTIVE,2027-09-17
03539b9a-ebeb-4d98-80b7-10a640f66fde,CUST00005258,39ed0800-3179-49f9-a9ed-e760233408ba,AUTO,367418.3,301798.17918678693,0.1875,2026-05-11,24,ACTIVE,2028-04-30
a5b01639-0895-4db1-85e5-26e19b559178,CUST00007983,94a1875d-2db6-4edb-82de-ffccf86c2ca2,AUTO,91641.16,61569.031958250736,0.1444,2023-05-08,12,ACTIVE,2024-05-02
65f69897-7a8e-4e5c-a444-c04046633755,CUST00009778,108abb5c-018c-4313-a139-6d49713e9035,MORTGAGE,9270.98,4555.162698651908,0.1414,2022-07-06,120,ACTIVE,2032-05-14
b44aad77-b20c-4a3f-bee8-acf10b3e2b6e,CUST00006215,4a9ff50e-8800-41b6-b3f6-21a826330c43,AUTO,5723.74,4477.506372815995,0.0206,2021-11-15,36,ACTIVE,2024-10-30
0ea66dbf-a011-48d8-8630-419c40c71862,CUST00005007,f76b9723-a990-4071-bfda-9a9382f29004,PERSONAL,46068.23,22770.849411420215,0.1054,2025-09-21,360,ACTIVE,2055-04-17
07ca07d8-d2c5-4940-927a-72dff89cad3f,CUST00003986,450ab36d-f9be-47f3-9bcc-90fca1cc22d8,STUDENT,3040.11,339.0023753729697,0.056,2024-10-11,360,ACTIVE,2054-05-07
7886f504-ed75-4b74-b7d0-c829dcf9b680,CUST00009588,0a42be3f-e671-4582-ba9e-8394bb4ccb14,BUSINESS,343584.43,39972.68928939898,0.0783,2021-08-20,360,ACTIVE,2051-03-16
7458d92c-a1da-4c7a-9b88-26edff4a9185,CUST00008792,41191aa7-1b61-4453-a8c2-094db8b818cf,MORTGAGE,129205.6,122562.2537061657,0.1962,2022-09-13,60,ACTIVE,2027-08-18
bffbce28-7933-4a49-ac7c-41067d845537,CUST00008706,a99c37b3-a419-4fe4-85db-19d7cfbf3d39,PERSONAL,10896.93,2327.1811537548842,0.0354,2021-11-30,60,ACTIVE,2026-11-04
8bab9c9c-c026-4d51-a5c5-bce0dffbdc2d,CUST00005992,080aadfb-e7c9-4b26-9141-25c63a9bedd4,BUSINESS,1686.31,1375.902471610269,0.15,2025-03-25,60,PAID_OFF,2030-02-27
5e99c568-09c7-4e3d-9a98-5b74ceb3c70f,CUST00006228,24eeb4a6-c145-45c7-9d98-6115f05eeefe,BUSINESS,167847.07,41408.77976427023,0.0511,2021-12-18,360,ACTIVE,2051-07-14
b69b8391-e4ee-4f51-9ce8-5b7d0761dc0c,CUST00009259,9caf4bfe-7ff8-42c6-b79a-566b2e1482be,BUSINESS,18549.35,7990.690733982936,0.0213,2022-08-22,48,PAID_OFF,2026-08-01
2d49d235-bc77-4a20-b4a4-cb8027379316,CUST00007834,b5cbe3f5-6a66-4184-bde1-bf5daf4847f0,AUTO,141029.51,92367.01132462634,0.1103,2023-05-25,360,ACTIVE,2052-12-18
1533fe82-21b3-4264-99d7-6878def42b39,CUST00002887,aea03292-6bf7-4125-a571-f542e485a118,AUTO,2014.97,320.11258737005994,0.049,2022-07-18,24,ACTIVE,2024-07-07
1e92c0ae-d886-4de4-9585-3f0b6b691bd2,CUST00002654,075dacd4-255c-42c7-8ade-e3ec68950908,AUTO,8963.69,6608.448975282406,0.1938,2024-08-21,24,PAID_OFF,2026-08-11
b5e9489c-a331-44b0-b181-38900e592949,CUST00009281,58e9bbad-35b1-473c-ad56-cfd579ab3018,AUTO,22200.4,15316.343955944174,0.0567,2022-03-19,360,DELINQUENT,2051-10-13
db9eb2e6-18f4-46dd-9071-ce940ff48fe8,CUST00004865,9fbc879e-869c-4a8e-bd6a-b7c2a86d8706,PERSONAL,23634.69,12835.595728319557,0.0546,2023-01-12,24,DELINQUENT,2025-01-01
da42698b-fbc0-43a8-8708-cf0f8b490e26,CUST00002515,86351a54-bc54-48c1-bf40-8dcc9db1f7f9,AUTO,11213.82,6345.785864103749,0.0258,2023-11-11,120,DELINQUENT,2033-09-19
bcc9c2e6-9d2f-4a3e-a7b4-f9c831b5efb0,CUST00003970,4c955f6a-966b-4964-bcd6-bdca5876fd09,MORTGAGE,56065.44,5930.142143377115,0.0794,2021-12-22,48,PAID_OFF,2025-12-01
ac0798c7-d657-4ecb-9529-885a0444c6f1,CUST00003285,811414f8-d9df-4d0e-a25a-ed6cf0458043,BUSINESS,4440.71,1935.9237518287518,0.0243,2024-07-02,36,ACTIVE,2027-06-17
e5d20eae-5104-4a0c-a650-8af4d9259a4b,CUST00007741,1ed68b71-3ab8-4c3f-a612-e9e5a26d18f6,PERSONAL,17790.69,1540.164857674938,0.1098,2023-06-15,12,ACTIVE,2024-06-09
fc7c356d-e7dd-43a5-ab51-9424b595459d,CUST00004567,d49cc547-c371-4e42-8378-25dad399956c,AUTO,26382.16,8122.098602172642,0.111,2021-07-27,360,ACTIVE,2051-02-20
5dc2fd9b-f1bd-457b-b8dd-dfc2963ba31c,CUST00002197,b636cc4c-5170-4a8a-a00e-0b6064eec4c1,BUSINESS,47650.97,42900.74682574555,0.0296,2021-10-10,360,ACTIVE,2051-05-06
aa1c5dca-f0c7-415e-83a0-b96b842ee348,CUST00000790,38958939-9342-409f-b00a-c64c949cd8d4,PERSONAL,64050.19,36798.97346688054,0.0632,2026-05-15,120,ACTIVE,2036-03-23
aaefdbe1-d674-498a-aa97-cbce673659ef,CUST00003476,c571f9ab-4158-4d90-b504-4d156fb138c2,BUSINESS,4076.67,3027.7568252138926,0.1698,2026-03-15,24,ACTIVE,2028-03-04
316482fe-10a0-4260-8fbd-6062ab6d9aa8,CUST00009857,ded89c47-bb88-454e-bf96-8d71818270d2,PERSONAL,2205.76,1265.8544908230483,0.1033,2022-04-05,36,PAID_OFF,2025-03-20
25c37945-8063-4ce4-82e4-1a50d33650db,CUST00001310,817b2f21-24f3-4f14-a9b0-1062d2e55512,STUDENT,149718.96,29080.925402527173,0.0982,2023-12-21,60,ACTIVE,2028-11-24
2c2e8ba0-157e-4914-8442-4098ba9cee3d,CUST00000865,d3f4a49b-33ba-4a88-b6c7-d6fa7aa4f052,PERSONAL,36260.02,21567.76142634518,0.1458,2021-09-23,360,ACTIVE,2051-04-19
9bc88efe-4688-4612-8b64-e782718296af,CUST00005390,3ef7839f-8df4-497b-98f8-001856fe4769,AUTO,7167.2,5414.017427664158,0.1487,2023-07-17,12,ACTIVE,2024-07-11
68c4b51a-8166-456c-b04f-bce932dcea5b,CUST00003364,0130d66b-932d-4648-a769-b0f1ee01b9e0,BUSINESS,225647.19,31230.6999788867,0.1572,2023-07-18,60,DEFAULTED,2028-06-21
d79570be-bf30-45c3-a2a3-00712c47a51f,CUST00008216,97da64cb-8373-4f49-a8e7-ebe3cb05aa14,BUSINESS,26199.93,21402.898621008415,0.1695,2026-02-28,360,PAID_OFF,2055-09-24
4fa87a65-00d3-4021-b0eb-453ed67df90d,CUST00003004,ad9112c5-f5ea-4128-854d-c3bf61d85365,BUSINESS,129177.9,71744.3953568404,0.0618,2025-04-14,36,ACTIVE,2028-03-29
1e228ade-59c6-4a52-8f80-d1ef4615575c,CUST00008503,a5df6f85-bab5-43fb-9dfc-d1d5cb863dea,MORTGAGE,24374.13,104.20433343815736,0.0319,2025-09-12,36,ACTIVE,2028-08-27
d60b04a9-9173-4d93-b75c-4f3057696e2f,CUST00001232,8db78572-ef7d-4821-bca0-258eb63d65d5,MORTGAGE,484620.74,251895.4346851903,0.0884,2021-10-25,60,DEFAULTED,2026-09-29
ee265c95-90f1-47ee-960a-5654b2403468,CUST00007960,1387bcda-5b78-47ed-8824-faf3f4b28643,AUTO,306511.72,121277.94960982612,0.1739,2026-06-03,120,ACTIVE,2036-04-11
eb02c661-1dc3-4362-9691-c83a7687853e,CUST00002712,03ad702e-216a-4bcf-a616-dde4b388300a,STUDENT,15162.09,4494.748684364808,0.034,2025-11-23,12,ACTIVE,2026-11-18
161f77a1-bac3-4057-aeb8-6221172f0d9b,CUST00006582,7eece88d-a002-452a-b88c-ddde3f2086c2,MORTGAGE,94594.67,72956.82220324883,0.1237,2023-07-01,60,ACTIVE,2028-06-04
a06a7de4-9755-428f-9147-c3ba2f875748,CUST00007706,c342bd2b-f295-456e-9967-5f06bd767e35,PERSONAL,57992.21,52163.98614811965,0.1462,2022-08-19,60,ACTIVE,2027-07-24
2b5997f2-c447-4e3f-8525-c1b4f73c6a1f,CUST00000422,242ac30f-5d80-453b-a59a-5d6c07ba408b,AUTO,171604.44,130874.6563113376,0.1067,2024-03-03,120,ACTIVE,2034-01-10
a3506764-37af-463b-82ac-1c61c9eaa5b9,CUST00009966,15fa9483-f633-4c2d-aba9-00e16a7d5d96,STUDENT,5180.28,4386.519068963568,0.0659,2026-03-29,60,ACTIVE,2031-03-03
e09012d7-14ce-4f0f-b5d9-704d5fe12b57,CUST00000947,98a547b2-09a1-4b34-b111-84e79c4c37b3,PERSONAL,61640.67,56017.866222768665,0.0787,2021-08-04,12,ACTIVE,2022-07-30
4ecad266-3f29-4615-b178-0077b96a33aa,CUST00009379,3facabcc-5ac9-4db2-aed4-d00579222d87,BUSINESS,107757.3,98342.47049478853,0.0329,2024-05-27,48,ACTIVE,2028-05-06
f151ff15-a46e-499e-ae4e-d89fd659d69f,CUST00001835,fb29ff36-2155-4ba8-b5b8-23e420168e6d,MORTGAGE,1574.81,180.53329397272358,0.0727,2022-09-07,12,ACTIVE,2023-09-02
bf5628b9-30eb-4400-9d55-8095e6c75732,CUST00001565,7e1f48c4-a9d6-490d-b4ad-fa22ad0205f5,PERSONAL,3733.54,1703.9334781797727,0.028,2022-05-29,120,DEFAULTED,2032-04-06
4f7c1491-21fa-48a0-bcf4-ced1c17e3dc0,CUST00007333,5d13539c-44ed-4fd5-9c2c-8fb14de5f2f7,STUDENT,1033.96,0.2962030632935301,0.1507,2022-11-24,60,ACTIVE,2027-10-29
497dd968-b4b6-4702-a11a-7d790da761fd,CUST00004945,b6697d0a-8837-4bbc-9898-06fd86912efe,AUTO,14704.22,7447.137267251435,0.1816,2021-12-28,24,ACTIVE,2023-12-18
90a67567-23f2-468f-876a-25332d91ac23,CUST00001309,4087be6a-4514-4416-ac44-821eaf051764,PERSONAL,64622.21,59726.68561639066,0.134,2025-09-03,24,ACTIVE,2027-08-24
d5d4999b-39d8-4a14-a9fa-c66650c74b31,CUST00002987,61a11729-3cb9-4350-9b4d-a0fe7bb38605,AUTO,209721.47,41756.02502267181,0.1382,2024-11-02,36,ACTIVE,2027-10-18
330062f1-e231-4ce6-85d6-2ecd3030d7f4,CUST00000387,90c0e607-4a63-4fc3-926a-ab2718ef2501,BUSINESS,24615.76,15748.83410492722,0.105,2025-10-30,48,ACTIVE,2029-10-09
42650798-4b80-4fa6-bab1-fa122d5737a0,CUST00006132,39b86bb2-b596-4a7c-af4a-fa885299e505,STUDENT,253450.37,163318.10773486234,0.0481,2024-11-28,360,ACTIVE,2054-06-24
17a85108-43b9-4b02-b089-8400b2932bfb,CUST00009354,9c07a751-1437-4509-acd1-586a2b840c67,STUDENT,2779.0,445.623723447321,0.0214,2022-07-27,360,DEFAULTED,2052-02-20
5d15c129-9425-4e90-9aeb-50557d692580,CUST00003259,bdc242a8-d1ed-4618-84da-c679d113b5ff,MORTGAGE,1711.16,408.15861306246546,0.0819,2025-11-17,120,ACTIVE,2035-09-26
85e620fe-a44e-43e1-85ba-136f594ed61a,CUST00006122,19c59f2d-640b-4b85-b53d-aedcd69bdeb1,STUDENT,20265.57,9363.134804371142,0.1553,2022-07-14,36,DEFAULTED,2025-06-28
afe1d845-a18a-4249-945a-1de3731dc76f,CUST00004812,30385dd7-4c7d-4313-a6c6-81b0e4729be5,PERSONAL,39186.92,7375.345778366318,0.1929,2023-08-05,360,ACTIVE,2053-02-28
f31d40e2-0967-4567-aba4-39e6d4ec494f,CUST00006575,744da236-5c7c-4778-874f-054fd2a5d216,PERSONAL,20972.3,12268.669215809561,0.0976,2021-08-08,36,PAID_OFF,2024-07-23
27dc3b65-62bb-484c-95d1-2c70d5b07c12,CUST00006698,913767ab-4dd8-4715-b53f-f3e271fc5136,PERSONAL,991.12,480.2390004507913,0.0858,2026-03-24,24,PAID_OFF,2028-03-13
fe66c4fa-35ed-4f38-9197-107c89b702ed,CUST00003934,cf5e7840-bdc5-41bb-9c4e-3b0054ca4adc,BUSINESS,19270.29,10005.0994674052,0.1003,2024-08-17,12,ACTIVE,2025-08-12
a560c775-58cf-4966-af11-0436b3c28ec5,CUST00001440,cd4f8b2b-899a-4252-81e1-b94a78883058,STUDENT,3112.86,418.5786664729936,0.097,2022-12-16,36,ACTIVE,2025-11-30
49e785c7-cbd8-415e-ae98-b722cf97b016,CUST00006170,f42973f5-d1d1-4e0b-a7e7-a6bdc2a49fd8,STUDENT,60144.71,31109.96103797783,0.1327,2022-01-03,36,ACTIVE,2024-12-18
f7eefd84-b31c-4349-9799-2f42351b3e63,CUST00004481,7eece88d-a002-452a-b88c-ddde3f2086c2,PERSONAL,38173.52,1888.7567157690078,0.1521,2023-09-20,360,ACTIVE,2053-04-15
be3de265-d471-4d86-8d36-645980f6c26c,CUST00000056,5380b904-688c-4015-aab9-7e494f2d4796,MORTGAGE,5378.58,4741.408123179671,0.1613,2022-03-24,48,PAID_OFF,2026-03-03
8365d2cf-173b-4226-84d9-ea2dcb56eb48,CUST00003325,440dd09f-c2e8-4fc2-b649-6cdefca54576,MORTGAGE,10190.38,3497.8447841914926,0.1369,2022-07-17,360,PAID_OFF,2052-02-10
37df8dfb-421a-4d96-b5f1-e04bc5fe21d6,CUST00006778,3aeceaf8-5a00-40f2-84d1-6f5e71cb19b3,STUDENT,4497.06,3851.0003300256667,0.0988,2022-01-14,24,ACTIVE,2024-01-04
ec02e881-080c-4aaa-82c6-cc4277ba69f1,CUST00000106,cc8cc291-fa23-48bc-86e4-abacf0effa1e,STUDENT,20049.94,14068.168093951994,0.191,2023-04-15,12,ACTIVE,2024-04-09
a190aa44-a888-4521-845c-10ea1d842e8f,CUST00003202,370b9a29-0a53-4df9-9a72-083cb266986c,AUTO,92292.07,70711.65424349668,0.148,2026-01-16,48,DELINQUENT,2029-12-26
779d7db4-23ca-4f2f-b9a7-59de2fb9950b,CUST00000670,2aefcf3b-43b7-40ef-82c4-1c54a8debd88,STUDENT,5021.13,1579.3687978642213,0.0968,2022-12-24,12,ACTIVE,2023-12-19
9053317b-5f4d-4c1d-92af-891a9639e2b7,CUST00008935,614c721d-a921-4b4c-95fb-e976ae007b7e,PERSONAL,46913.92,10684.360973859677,0.1004,2026-02-13,360,ACTIVE,2055-09-09
e6b9f3a3-96a0-4726-a886-a9fc60beb85d,CUST00000967,00cb9caa-bbdf-4574-89b8-f7ba98a7fea2,BUSINESS,9942.9,4044.1806527868207,0.1672,2022-07-11,12,ACTIVE,2023-07-06
1ac7ea5b-b387-411d-9286-f97708aa6127,CUST00000308,0f5ae9d3-8e6e-4003-a14f-3f12cfd01cbd,STUDENT,6705.55,162.4477317021466,0.0993,2022-06-08,36,DELINQUENT,2025-05-23
e6a98352-de8c-4a13-9bdf-d4cea125151b,CUST00002139,b717548d-5f57-4d27-8419-99b615d1e2f8,STUDENT,18759.48,17235.378745098264,0.1129,2023-11-22,48,PAID_OFF,2027-11-01
79ba19db-6be1-410b-a8a3-df6e02059f80,CUST00000110,41afeb2a-62c8-43f4-9d06-149ef1eab64a,PERSONAL,4661.7,1804.1444036542828,0.0725,2026-01-06,36,ACTIVE,2028-12-21
e729b06f-a5db-4ca3-9630-202155afb783,CUST00003633,6e4928ac-19f1-45cc-8244-e4d75ac2a176,AUTO,9600.07,9490.212605460563,0.171,2024-02-28,60,ACTIVE,2029-02-01
5ba62f73-e9c4-4f0d-afe6-8a5219a7361b,CUST00006729,604e46cb-3712-42d1-87cd-b6a1bf012e32,STUDENT,3652.56,2781.239696464324,0.114,2023-12-04,12,ACTIVE,2024-11-28
8bf9a66d-7782-483f-a9a9-b2d74e681465,CUST00005685,8da03d88-0c6f-4051-bc78-842387c5f526,MORTGAGE,419612.82,33785.1303142163,0.1195,2023-08-23,48,ACTIVE,2027-08-02
7062dff6-0591-47e1-8086-08612fa83aa4,CUST00006500,e7094153-5a31-4916-aefb-2a2471693ed5,MORTGAGE,23222.93,15331.506163158692,0.1785,2026-02-19,24,PAID_OFF,2028-02-09
97f483d6-74d9-4fb1-9dda-4e36cf292101,CUST00001916,345e2eaf-c1fd-4581-b3ec-e6b1fcfd8547,MORTGAGE,7711.07,2088.4597588070105,0.1857,2021-09-12,36,ACTIVE,2024-08-27
bb1fdb98-6f5a-481a-b1ca-a64c93727484,CUST00000557,f1bb5d9b-7499-4b6b-9afd-d46442e6918c,BUSINESS,30362.69,7399.953683007314,0.1684,2025-11-01,60,ACTIVE,2030-10-06
3e5bd4af-d587-47a3-b93c-04f7663ab809,CUST00007620,f2d3f761-0ba3-4279-94cb-056407437c3b,BUSINESS,18611.0,4774.887849568695,0.0318,2022-08-01,120,ACTIVE,2032-06-09
99d75477-5f8b-40f7-b92e-efe040a8bd6b,CUST00000105,17eaec83-8892-442f-9d4b-2bf94d85e9c7,STUDENT,15812.33,14485.28097469689,0.0998,2022-10-18,60,ACTIVE,2027-09-22
66b1f859-adb5-45e6-bb88-e4ef567f3096,CUST00002048,fa3f012e-4d71-4f28-a185-21ab9ea1e617,STUDENT,55339.93,27668.86794517756,0.0818,2023-01-02,60,DELINQUENT,2027-12-07
edd24200-f884-495d-8a45-e44d4cd82847,CUST00000146,c257cf73-c29d-482b-a722-796e9a36d1ec,STUDENT,68614.66,45935.51810185274,0.0584,2024-08-29,36,ACTIVE,2027-08-14
ef4c113d-c35f-4e12-bbfb-48d5e09f6e24,CUST00000874,8ff19886-5a2c-41bc-82c2-26ff1d8b32d9,BUSINESS,9939.26,2792.4134870579333,0.1836,2021-10-07,24,ACTIVE,2023-09-27
1b9c67e0-81c8-4e2b-ad48-6d9ae69f1f78,CUST00000299,7bae0f3b-4c96-4dc2-8a41-aed81e2c6d4b,STUDENT,9286.09,4856.202136749974,0.1802,2022-12-05,360,PAID_OFF,2052-06-30
44f4d74f-c629-4ca6-ad07-67746bc5bcd4,CUST00003239,075dacd4-255c-42c7-8ade-e3ec68950908,PERSONAL,14580.24,5104.544039152318,0.1038,2023-09-07,48,ACTIVE,2027-08-17
97d3d50e-6697-4f77-93d6-40ccf4382911,CUST00008838,a13a9da2-94e7-4b2a-b434-02ef44cfa6ba,AUTO,697.23,223.9077731355825,0.0442,2021-11-20,12,ACTIVE,2022-11-15
2a983090-831f-4302-a9fd-9b08074f6459,CUST00006383,4d844cb6-7c99-486e-b9d5-546c9a154b85,MORTGAGE,2269.27,560.4389976333636,0.0224,2023-03-07,24,ACTIVE,2025-02-24
98cb3cb4-e2f7-47ea-8cf2-fdf8ec1f5d97,CUST00002512,a0ee404f-9ea8-4cb1-8732-68c98c1e9464,MORTGAGE,171152.7,70002.63499577144,0.0989,2023-03-30,36,ACTIVE,2026-03-14
862a76f2-f15e-409c-b297-fa7ff719ae43,CUST00006597,e1886146-fc40-43d4-a5eb-45497e0a04c2,PERSONAL,259743.94,171438.82145367804,0.0272,2024-02-06,120,DELINQUENT,2033-12-15
9167adea-f8f1-466b-b395-1a4532ce6a3d,CUST00000784,57f7d71f-2978-4c73-9440-adec12439b0f,STUDENT,15160.46,3366.2857853143632,0.1297,2023-10-01,48,ACTIVE,2027-09-10
a9d500dd-2140-4672-a3b9-7f36c0793f64,CUST00004993,e9b87e7a-a078-4a1f-b0d3-b5f768a69e71,BUSINESS,52304.38,50496.94915834793,0.1295,2026-07-14,12,ACTIVE,2027-07-09
0dc5d7d9-f5bc-40c0-89df-af7c55492107,CUST00000371,97f971d5-94f8-4e6c-8416-c07cb6a787b1,STUDENT,35132.27,4377.891062674182,0.1818,2025-09-21,120,PAID_OFF,2035-07-31
caf91924-4f2c-4cfd-9724-5dacf8673a5b,CUST00000487,c632554b-99e0-4598-bce1-2a250804ccea,STUDENT,2231804.95,1071728.8232183799,0.0542,2024-01-06,48,ACTIVE,2027-12-16
589a2b88-cd2e-4c8b-a436-c8dec40cfbde,CUST00007379,6b52f93c-2321-464e-a20d-4a1f479f6628,MORTGAGE,118108.9,10042.589102692327,0.0869,2024-08-14,12,DEFAULTED,2025-08-09
75e913d8-2a53-4bd6-a55f-daa5756e3fd6,CUST00003197,ec1a86d3-5683-4783-9575-9337549c9eb9,MORTGAGE,18180.84,412.0745759042994,0.1747,2022-06-26,360,ACTIVE,2052-01-20
334dd7aa-25c1-4899-a89a-92c5003742ae,CUST00009553,6af31899-014c-43a1-a5f3-d46692de0df8,BUSINESS,5253.71,4847.479061272489,0.1054,2023-01-15,12,ACTIVE,2024-01-10
4eba12da-4d20-46cf-ac0c-ad5ce2095271,CUST00004288,a3b5cece-a446-4e72-b64c-911aa9ab364a,MORTGAGE,1978.97,1603.7271956844863,0.0308,2022-06-15,60,ACTIVE,2027-05-20
db964db1-3c76-46e5-af41-87bc1493794a,CUST00002262,1901ef87-0dbf-4caf-988a-3f87f96d40f8,STUDENT,29887.5,20746.568714290122,0.0399,2025-12-14,120,ACTIVE,2035-10-23
b960df1f-1715-4d76-afc1-aaeb340ce8c9,CUST00009149,4526ed62-13d8-46e6-bf5c-022a9a86013d,PERSONAL,7083.15,6128.276308163031,0.1664,2022-12-23,120,ACTIVE,2032-10-31
8e2b4d2c-af49-4395-a775-957e3ea6ca65,CUST00008573,0bd18d4a-4cf4-4edd-bf93-04fa00059b9d,BUSINESS,2608.73,2094.41476645382,0.1539,2022-08-21,36,ACTIVE,2025-08-05
01440fa3-5fcf-4c27-868e-47b0d87db947,CUST00000239,c36b9a0a-41e0-4a89-966a-9ce7af521b94,PERSONAL,8351.03,5405.101625088992,0.1777,2023-01-30,24,ACTIVE,2025-01-19
1993edfe-583f-497d-a8c9-d68c7a3338e0,CUST00006844,c02553ea-d7f2-4678-9489-8025548b2ce3,STUDENT,4348.9,3685.0070405340607,0.0414,2025-05-26,360,ACTIVE,2054-12-20
64e04880-afd1-4c73-8cc1-9913788664f3,CUST00001106,c2ffd690-a2a6-461a-ace2-7ec9550100bf,BUSINESS,276706.44,108137.0298979754,0.1569,2021-12-06,60,ACTIVE,2026-11-10
78e90ae9-e9af-4d28-b665-de1bb2e33ad9,CUST00001387,dbd30aec-0b46-4173-80a8-547382425912,PERSONAL,82657.4,45689.02938044911,0.1379,2024-01-09,60,ACTIVE,2028-12-13
76a6e2e6-d4d3-4808-a054-a51cab1ead74,CUST00009720,1723ecdb-b058-4256-94b3-e8cfbfbbeab3,BUSINESS,21764.62,16896.10636403209,0.0618,2022-08-21,48,ACTIVE,2026-07-31
eabd37da-c357-4620-be24-5711b4cb1a42,CUST00001668,0cbd3c03-9e2a-44ac-8122-b5b3284c03d2,STUDENT,202787.97,17196.017574623656,0.1953,2023-04-08,120,ACTIVE,2033-02-14
517fd316-20e5-4866-a338-0b421887fa69,CUST00002692,ef2ddcc4-8df6-41da-9f07-c1a5dfc620ce,BUSINESS,24736.93,21240.25281601566,0.1227,2025-06-12,12,ACTIVE,2026-06-07
665ec4dd-222e-4711-af6d-5b4bc356dee2,CUST00007757,b62a7941-59dc-4e0f-b168-5db847d28391,STUDENT,6051.57,949.0704807799041,0.1832,2025-07-10,12,PAID_OFF,2026-07-05
487f70f0-e5e4-4935-93bd-99f9c5f4656a,CUST00001997,cea95510-54de-4c80-908d-13dff3dcd264,BUSINESS,216357.22,187049.7420522285,0.1746,2024-01-18,360,ACTIVE,2053-08-13
df683491-baf9-4a9d-acbc-63edd1ddd3e6,CUST00001426,d317d8c9-1060-473a-b21b-770724877651,BUSINESS,49432.58,15389.987083624395,0.08,2023-06-27,48,ACTIVE,2027-06-06
88bbc5bb-64d3-4090-98d0-fc616cb2170b,CUST00008024,01bb819c-4dfe-4117-a2af-711f1b628a9d,MORTGAGE,4647.71,1518.7919010395965,0.1165,2022-10-26,120,ACTIVE,2032-09-03
ab7d09b2-7d01-4706-98cc-49bb12581998,CUST00006850,11489054-7b6c-4596-aa97-435dd9ff74eb,STUDENT,16555.8,1224.2797197448,0.0976,2024-05-23,36,ACTIVE,2027-05-08
06e2ac94-9620-4553-b860-b58fbd8cc32e,CUST00003248,4648bbe8-f84c-47a9-b6cf-d2d52cd6e8df,AUTO,5922.85,5247.050587390941,0.1476,2026-07-13,12,PAID_OFF,2027-07-08
2d9be542-9bc8-4ea5-a2b5-e74d38c0f0c3,CUST00002593,5c62b3a2-3a3c-463e-8bd6-cee631b1b099,BUSINESS,2767.78,483.006401529401,0.1258,2022-05-15,60,ACTIVE,2027-04-19
5cbe693e-5e7f-48d9-bc33-499fc4916b7f,CUST00001491,250487e4-ada5-47e3-a85d-81db9620ed14,PERSONAL,88368.1,55676.312748197175,0.1613,2025-11-30,60,ACTIVE,2030-11-04
00684d9c-d2bf-4c31-805f-6a69570078c1,CUST00001225,aeb00fb9-26cb-4e99-a945-e93a4a454398,MORTGAGE,386205.53,248703.84797253422,0.0221,2025-05-28,120,ACTIVE,2035-04-06
65ef2c84-c06e-4481-9963-37aa9c4e1662,CUST00002588,94e74f26-29b0-4b37-8271-0779d864465a,MORTGAGE,2703.08,759.975005850061,0.1438,2023-05-23,12,DELINQUENT,2024-05-17
3ae61863-a544-4d55-93c7-f140ea224efd,CUST00007715,29529420-0ba4-432b-8804-044c82a4e22e,BUSINESS,51249.13,50514.26654462823,0.0774,2022-09-01,12,ACTIVE,2023-08-27
0b53d4e6-301e-4689-bffc-b3fe23593443,CUST00003065,71414f58-db8e-435b-bc83-861eddf0a0a2,AUTO,8300.21,532.593085227808,0.0604,2025-10-02,36,ACTIVE,2028-09-16
17c50a7c-6f76-4a77-8d4b-cdb2361352a0,CUST00007805,e7ab2ef7-7b8f-409a-8c8c-eba90662200c,MORTGAGE,10607.45,6447.971962991982,0.1642,2022-03-23,120,ACTIVE,2032-01-30
2e0c5488-a76f-4d3c-a252-2f2656ef26a3,CUST00000833,7b07fd31-a424-4f23-8d5b-a7cd400035f0,STUDENT,9058.05,4343.732872103591,0.0361,2024-05-04,12,ACTIVE,2025-04-29
4fa3baf6-48f3-48ba-a697-64976cfb6acc,CUST00002441,481186e9-1625-44ca-9b47-e6394d2551eb,BUSINESS,6027.06,1479.5474428230532,0.0611,2021-09-30,36,ACTIVE,2024-09-14
7b0c036b-d23f-444f-acde-afcd63065765,CUST00004796,1e26ed31-d9e9-4758-b6b9-04364b46ef33,BUSINESS,23689.39,3874.440274696694,0.0567,2024-12-25,60,ACTIVE,2029-11-29
f47bffba-f561-4747-82d2-2c7408ea6671,CUST00001647,1b84edc3-d8e0-49de-8217-ea0e896490ab,AUTO,6333.29,4668.168994684727,0.0956,2022-05-28,36,ACTIVE,2025-05-12
65f17e33-29dd-4229-adf4-e3876bf6f2f7,CUST00000441,7d76ab58-b271-415b-8af0-9ec34b726a7c,STUDENT,33046.97,30281.430167533534,0.078,2024-02-14,12,ACTIVE,2025-02-08
1b3f0866-d590-42df-8470-f4aeaeadd1dc,CUST00005957,bd717da3-3581-4632-94f5-df7005d2d205,STUDENT,20427.61,2196.9130961689066,0.1497,2025-03-18,24,ACTIVE,2027-03-08
58a64190-1527-4d08-8e65-050b77052c84,CUST00009722,4fe54745-5827-4e80-a082-1918b18ad67d,AUTO,15391.61,2985.667772452915,0.1459,2022-11-15,120,ACTIVE,2032-09-23
a7e70139-19f5-4f3c-bb90-4dfeafa1ff17,CUST00002368,e3a1af97-7785-4ddb-9552-7a3c164a9b18,PERSONAL,5645.73,5568.212700398992,0.0786,2024-10-21,360,ACTIVE,2054-05-17
ce9205ae-cdb5-482a-a78b-941fdcca9a71,CUST00006697,11a72609-5edd-4bbf-a959-76636daa2e68,STUDENT,9272.82,139.30255412644854,0.0987,2026-06-10,12,ACTIVE,2027-06-05
20f5128d-51ab-4c77-a92f-adf7032124e8,CUST00005191,7c8b7f1e-5bf8-4967-b057-fcd4a1701e8e,PERSONAL,68397.18,34763.00145370553,0.0574,2021-07-22,24,ACTIVE,2023-07-12
afb144b5-624d-4ff7-81c8-d068931e5f89,CUST00004664,252151f9-5f39-4d2b-9f25-210ea82e2d61,PERSONAL,46694.23,24099.492127675756,0.1408,2023-03-28,60,ACTIVE,2028-03-01
a76090e7-7c73-4166-82f7-79797466b319,CUST00007063,e58118d1-2687-4443-83a1-beac5107256e,BUSINESS,5083.05,1337.6631903922257,0.0913,2024-01-18,120,ACTIVE,2033-11-26
6c262577-66d6-489e-ab91-e501f5bd62cd,CUST00004332,46feacd4-fe13-43cd-8f2d-5c15eb346d3a,BUSINESS,25565.48,16950.6515824048,0.0439,2023-03-25,360,ACTIVE,2052-10-18
6ccb9163-4d8e-4d5e-8df4-73bbc577d3a5,CUST00009497,7e0f60b2-2a06-4609-a599-bd3c0bb81d38,MORTGAGE,67987.6,64244.26436979724,0.0429,2025-12-21,48,ACTIVE,2029-11-30
1daf7374-a255-40ef-bdf7-f8f04236d2f9,CUST00003035,def3306a-f998-43f2-b799-fddb79e546e7,BUSINESS,1800.63,810.6687104983415,0.078,2023-12-14,120,ACTIVE,2033-10-22
e88081f9-cd6b-4aa0-8e9f-bfeb9a87e44d,CUST00009378,5380b904-688c-4015-aab9-7e494f2d4796,STUDENT,49763.66,37293.857464153014,0.1545,2026-04-05,60,DEFAULTED,2031-03-10
c7efd8e2-5f71-4ac6-8087-1ba97344e407,CUST00003263,95c89b2d-7892-4145-92d2-d7e6387d5add,STUDENT,8152.37,5267.003799576858,0.0246,2022-05-31,60,PAID_OFF,2027-05-05
d81b6bb7-55c6-48d6-b647-2ba8793a650c,CUST00002108,5a589b67-6bc7-4635-94de-19cdbbdb4536,PERSONAL,51839.0,24516.833264138957,0.0664,2023-07-01,60,PAID_OFF,2028-06-04
1c968b9b-5d67-4515-b8c5-ef5c88f757fb,CUST00007037,8ca33a54-59ae-4302-8ae3-297e34e24142,STUDENT,7010.13,349.1906972194392,0.0492,2022-12-07,36,ACTIVE,2025-11-21
6c8f8833-fb11-4ab6-adc8-6df8c9162eb7,CUST00004321,8db06746-7927-4973-9e78-1fd794e0d3ba,BUSINESS,1469.5,1090.001338384716,0.1922,2023-02-23,360,ACTIVE,2052-09-18
decceaea-622b-4588-8275-da34881e40c6,CUST00005939,25f934bf-9bb9-4155-9275-eb9414aeaf5c,BUSINESS,1917.33,696.4728971093946,0.147,2024-06-28,60,ACTIVE,2029-06-02
01c7ea8b-267f-46ec-947b-7a33acba60e2,CUST00002748,f2ca2002-f650-4852-82bc-e2e0dfd5988e,BUSINESS,23673.88,5314.660313876305,0.062,2021-08-15,48,PAID_OFF,2025-07-25
b522f610-ef26-4a84-b2bd-509b564d36b6,CUST00004678,87cb0e2a-2528-4a1b-833b-66fc797eb3e4,AUTO,32519.13,30836.87149738599,0.0573,2025-07-14,12,ACTIVE,2026-07-09
83d03e33-3296-44c0-8201-938b971444b7,CUST00007973,966b91e7-c435-4e28-8b0c-17099569f8cb,STUDENT,5673.29,4388.305527444219,0.1744,2024-06-13,24,ACTIVE,2026-06-03
df48d6fa-ba45-40ff-9d51-30aed015f623,CUST00004265,81f631d4-a392-41a7-9777-a4774c66e0a8,MORTGAGE,57405.11,55239.13952121952,0.0542,2022-08-23,120,ACTIVE,2032-07-01
76fab828-0c6d-4a71-af54-d2b9747a2ecd,CUST00003134,f8f58a26-1924-4644-af52-7666b23909f4,STUDENT,1822.05,466.8400612523133,0.1995,2024-03-17,120,ACTIVE,2034-01-24
de2e7abc-1f1d-4ed9-8a33-3eef481e67f3,CUST00001466,47c1c017-6045-4909-936d-47d73e0f84ce,STUDENT,19947.92,16672.33843505749,0.0708,2022-11-07,60,ACTIVE,2027-10-12
0cd19e0c-5dfa-4933-b5d2-fda97d57d424,CUST00004110,6c21835d-d8e8-497c-a0a2-59014932936e,AUTO,3581.28,2176.420510655305,0.0352,2023-09-05,24,ACTIVE,2025-08-25
5e8a35cb-afb7-49ba-996d-9303e3a060f1,CUST00002212,47198f5c-f69b-4596-bf10-938caec7f267,STUDENT,8285.36,8132.111407205324,0.1444,2023-01-24,60,ACTIVE,2027-12-29
accc8e70-5663-4490-acfa-d76f40987d5c,CUST00005540,15936f42-4d31-49b3-a187-8e933281f976,PERSONAL,23649.52,22379.9415316291,0.1297,2025-10-10,36,ACTIVE,2028-09-24
060615bf-d1b5-4519-844f-376a4bd01f7a,CUST00009736,5b182716-b9c6-426b-a401-118dc078bc3e,BUSINESS,6059.48,5895.680408969406,0.2,2024-09-19,24,ACTIVE,2026-09-09
4b11c181-2dc1-4143-8469-8c048af190cb,CUST00001690,1a354475-8399-4ac5-8f43-a2509f795228,BUSINESS,12371.7,11774.98344381626,0.1644,2025-03-24,60,PAID_OFF,2030-02-26
725f875a-047c-4fe5-aac4-75a55b5cd6c5,CUST00009764,03b68657-4777-4e21-b677-a166d644e9ae,AUTO,99651.98,763.4205541486882,0.0972,2023-01-04,60,PAID_OFF,2027-12-09
091e11df-a2cf-432d-8c34-f9de531b1e76,CUST00007728,c5144d98-b41c-404f-a346-f415e5267a2b,BUSINESS,9271.15,6870.714000318564,0.1418,2023-10-27,48,ACTIVE,2027-10-06
bb5e14d6-5b74-4fdd-9c97-46949884f76d,CUST00007765,e8b81813-e672-4bf5-8110-783e3dd6831b,PERSONAL,77152.42,20980.40947896199,0.1672,2026-04-28,48,ACTIVE,2030-04-07
656e5170-bd1a-4704-8801-36fc095f6d43,CUST00004542,41191aa7-1b61-4453-a8c2-094db8b818cf,AUTO,4045.82,2852.412723728329,0.1125,2024-02-26,360,ACTIVE,2053-09-21
88f4ca54-1584-484b-acdc-1cc03fa60025,CUST00003542,1f5df912-54e0-4431-8f13-3b65d450afa2,MORTGAGE,48761.98,47816.54378331907,0.0691,2022-12-02,48,ACTIVE,2026-11-11
250768f2-ba0e-4d56-a045-1dbd1835e89b,CUST00000819,2e183554-cae2-4e66-ae8a-781390e0a95b,BUSINESS,191444.44,7535.136511065091,0.0578,2023-10-30,360,ACTIVE,2053-05-25
e489149f-6e5c-4ae7-be52-c22ca2070bf3,CUST00004522,62e7c1a6-12d2-4a06-89e1-cd138da00495,STUDENT,540.52,306.4682631901177,0.0732,2023-07-10,36,PAID_OFF,2026-06-24
754182e8-f8cb-47ff-986b-3c2246527e16,CUST00001125,e9b87e7a-a078-4a1f-b0d3-b5f768a69e71,PERSONAL,6665.21,4898.617139011472,0.1727,2023-06-02,360,DELINQUENT,2052-12-26
eb34d8de-3e7d-423e-9e03-83d4b061c6ff,CUST00005661,0331bd0d-13ba-4d24-bebb-527c1438e799,PERSONAL,52344.82,13262.01985045327,0.0885,2024-04-02,24,ACTIVE,2026-03-23
eea90156-d5bd-4de2-a751-0ccfd358a5d7,CUST00005642,2c8fabbc-ec6d-4411-878a-a79ed736c320,BUSINESS,16243.24,3656.709653046491,0.0716,2023-10-19,36,ACTIVE,2026-10-03
91ae757c-8607-4228-920b-58cfbb916d1c,CUST00001130,3c775558-b365-4b7c-8853-bc5542e17302,MORTGAGE,38434.81,2319.3680344752697,0.1651,2024-10-19,12,ACTIVE,2025-10-14
539b4d73-1397-4f7e-8a67-7292755afc3d,CUST00001703,57b936b0-3346-4332-be0a-824e232a5e82,STUDENT,8901.92,836.0670549216356,0.0257,2025-10-28,60,ACTIVE,2030-10-02
9bfe970a-2591-4ffa-89cd-33a65f6f83c5,CUST00002002,695e5ea9-c923-4c64-8006-2b5bf67839b2,MORTGAGE,25081.47,16472.253186445854,0.1269,2025-12-07,60,PAID_OFF,2030-11-11
cffe7547-a347-4f55-b94b-a015fa126797,CUST00006913,08252b39-1947-4a42-b10d-c9d17c413a2a,MORTGAGE,17439.35,8810.544809014851,0.1773,2022-10-28,60,ACTIVE,2027-10-02
833bde78-61c5-4cc8-99e3-2dbee1cd2b70,CUST00003879,2fb21e66-7ed1-4aab-89b7-c9bc65a16fa9,BUSINESS,126965.81,3818.1447207495257,0.0938,2023-08-12,48,ACTIVE,2027-07-22
56784633-1429-4f31-b9b3-c0eefaf2be80,CUST00007233,f997f697-6fcd-4f50-a86d-e2517c98756f,STUDENT,32261.55,31282.791313090293,0.0685,2023-11-17,60,ACTIVE,2028-10-21
4d4ef3fa-bfcf-4645-a301-767aed6cbe79,CUST00009999,a76c11cb-66f2-4d1d-83d6-af3f2c727675,BUSINESS,36548.81,23977.69583523113,0.1085,2024-12-09,360,ACTIVE,2054-07-05
2f160f3d-05ba-4c78-a696-dea06c2aeb89,CUST00006332,c75f41dc-9a6a-4bb1-9cda-038513eb4358,BUSINESS,11874.93,6121.153174265268,0.1491,2023-06-25,48,ACTIVE,2027-06-04
b8ba61b8-41c1-4233-bf2c-1fd1f34ab83d,CUST00006036,ebc1bb52-82e4-4d4a-943a-c1c54f560ed5,PERSONAL,10599.8,2890.8223633927614,0.113,2022-09-17,12,PAID_OFF,2023-09-12
144be8bc-e207-4595-be20-9925a72427a6,CUST00006524,0b961346-6498-4a39-97c8-f02c2ea5312a,BUSINESS,11512.2,7576.165981680939,0.0214,2024-04-23,36,ACTIVE,2027-04-08
f714bab7-6ef5-4d48-a98f-8c8ad63c04c0,CUST00008112,e00bd534-3158-41fb-ac7a-0d3107692583,AUTO,39802.23,14494.693037066198,0.0341,2025-08-03,36,PAID_OFF,2028-07-18
92262ecf-310f-4eb5-8b2c-4e211dce0e8c,CUST00008737,a7e29299-2bf6-4915-8367-ee2c1ddea07d,STUDENT,11713.8,8228.87612259587,0.1498,2026-05-14,360,ACTIVE,2055-12-08
9d96bf5e-4d9e-4bb9-beb2-f90442cf4e6d,CUST00002402,1d0bc9bd-e9b5-45cf-9766-5cdafe049059,PERSONAL,34018.59,23220.134302428483,0.092,2021-11-16,36,ACTIVE,2024-10-31
cb317618-daaf-463a-8a06-3bf5839818fc,CUST00009482,f6f61488-d620-45f0-9253-b6f72328051e,STUDENT,495390.29,45944.37556224302,0.1613,2024-11-02,48,DELINQUENT,2028-10-12
0c8033f0-cc88-4185-b1ba-d5eb3e668eb8,CUST00008975,ebf484d0-ce6d-49bf-bc63-3d6c6eaf0a90,PERSONAL,81363.91,73981.00643755178,0.1369,2025-12-14,120,DEFAULTED,2035-10-23
3717f44b-7911-4e22-92c6-26305fcdf4b8,CUST00000540,893ad232-98c3-43ca-bff4-cec6e7b7b4c6,AUTO,13507.02,6577.570955868941,0.1247,2021-12-23,120,DEFAULTED,2031-11-01
46586cb2-6fdb-4b51-af7b-80f1c2be7bac,CUST00005616,28e60130-2d23-4ed1-bf5d-21f279731ea8,BUSINESS,133495.21,52456.267145777296,0.1822,2023-05-29,24,ACTIVE,2025-05-18
2f8aeb01-c73f-41d2-b059-5815bf32dbc5,CUST00002957,2c8fabbc-ec6d-4411-878a-a79ed736c320,PERSONAL,11942.84,11410.931507415522,0.0238,2024-02-17,120,ACTIVE,2033-12-26
0bb5c276-abe3-47f3-8066-703846dfe43f,CUST00008078,0406ff44-7ce4-4679-a8c6-dbc07bb3447b,PERSONAL,1035.68,453.8445882612597,0.0479,2024-08-02,24,ACTIVE,2026-07-23
2e671517-e8e5-4412-a60f-475f9ac88b74,CUST00003723,904ada37-5f44-4716-b6e5-dd9a315007d2,PERSONAL,4855.52,3501.902586441168,0.1324,2021-09-16,12,ACTIVE,2022-09-11
014b069c-45ce-4149-88f0-06a3ad9f0e53,CUST00005088,23d7e6a1-19b8-44fc-a587-1d8916312fc6,AUTO,1331.17,872.0980244206644,0.0318,2021-11-03,24,ACTIVE,2023-10-24
c8347776-04ca-43d1-b506-e337683d21a9,CUST00006461,3f6eed9d-23cb-4943-8a84-000350834fef,STUDENT,13000.33,2146.8757713121036,0.1361,2023-10-22,12,ACTIVE,2024-10-16
46573d38-2138-481b-a83f-18e26a11315a,CUST00002171,70cafdd8-fc04-4f08-9207-0158f2771f63,AUTO,22643.49,22442.931485824985,0.1971,2026-03-02,60,PAID_OFF,2031-02-04
ca4e5cc5-995d-455b-b662-8c4e445d9a87,CUST00003392,ab132032-b2e1-4f66-b1f0-2ea8242f5829,PERSONAL,272298.99,126238.98871944292,0.1782,2022-05-17,360,ACTIVE,2051-12-11
18deabfe-5172-44f0-a285-f766f9d46d34,CUST00006943,e525aeaf-51e1-4799-bf39-562d6b06e92f,PERSONAL,35968.22,14199.626416871684,0.1264,2025-10-04,36,PAID_OFF,2028-09-18
b58194e0-04a0-4d55-b98e-1dc038a8ab55,CUST00001617,fb924354-f34d-4b13-a065-f5cf25c978b5,BUSINESS,15856.73,14582.062858944926,0.1809,2021-08-06,360,ACTIVE,2051-03-02
9c83cfae-1050-4d65-b897-3d1553199080,CUST00009109,92004957-b161-4d16-a9a0-02a45acd1e90,AUTO,76428.3,40448.78635941634,0.0409,2024-02-16,120,PAID_OFF,2033-12-25
9bfc24bd-b647-458d-ba68-f42949af5000,CUST00006459,c86aed73-3415-4076-801c-5617a2c3b917,AUTO,798.95,563.3212387334241,0.1018,2023-03-20,48,ACTIVE,2027-02-27
6bb73dac-9681-4aed-b5ec-c661d3b4a1d1,CUST00002757,73253aa3-ec17-4298-943d-f5b3a58e83dd,MORTGAGE,31364.18,26541.81335061422,0.0972,2025-01-11,12,ACTIVE,2026-01-06
8a9cfc8d-5429-479b-9861-0b0ba280760f,CUST00006854,74962764-12a4-4ef0-84bb-b7a9d98868dd,STUDENT,70003.31,16485.387187166132,0.0806,2024-10-16,120,ACTIVE,2034-08-25
8ec29e07-ee0c-4303-b9c1-1c4a639817e5,CUST00007710,71d79665-7181-4dcf-b79e-fc6e5edb0d3c,MORTGAGE,2397.35,406.2707180161053,0.02,2025-09-24,48,PAID_OFF,2029-09-03
51d41c6a-5731-4c46-97cb-9e5b03379b0b,CUST00001937,fa745761-6f18-4108-9723-199dbf2c14a0,MORTGAGE,122471.19,8390.110003829155,0.1804,2023-06-20,48,DELINQUENT,2027-05-30
26daf6d1-71c3-46be-9297-cb6658ab766f,CUST00003092,f845846e-fdf0-461e-85eb-074dad900360,STUDENT,36597.84,32833.140944479615,0.16,2022-12-28,36,ACTIVE,2025-12-12
7fbccd75-be19-44aa-9ab7-12f6764231c3,CUST00000969,e182701b-2e3b-4b69-8c2d-0e27c370f2e2,BUSINESS,11814.33,2367.202978436824,0.1375,2022-09-21,360,ACTIVE,2052-04-16
2b85ffb7-b29e-4126-8840-e78a35ec5514,CUST00007298,5c91f845-534f-496d-99ca-9c1b94bcf47a,BUSINESS,56906.95,17513.34399787026,0.0432,2023-08-08,60,ACTIVE,2028-07-12
6726f5b4-4175-41f4-a3db-0deaac48ceaf,CUST00003204,850a48d4-46b5-48de-9b4b-b8eb537d0bd1,STUDENT,664001.23,189776.1504589426,0.0881,2025-12-14,60,ACTIVE,2030-11-18
92419671-da2f-499b-a923-895d08429e20,CUST00006500,a3922a4e-4f2c-486f-a27b-0edd8d7f9371,STUDENT,28934.77,8813.183363723367,0.1864,2021-09-15,360,ACTIVE,2051-04-11
7c8dc9d0-a1a2-42d0-941f-b001f7bcbc14,CUST00005174,0ceaaf73-aced-4d55-a73e-2bc578822064,AUTO,31962.89,21353.164310102376,0.131,2026-01-15,24,ACTIVE,2028-01-05
15458478-5865-4721-bc25-7ff18fb30b07,CUST00000890,07fbb920-dd9d-4e4d-883e-dd69dc7abd16,AUTO,11058.54,10551.102953874593,0.1286,2022-09-06,120,PAID_OFF,2032-07-15
87935334-fc20-494e-bf7d-a45e35221344,CUST00008985,0614ac41-275c-45dc-afa0-8cbebf343ca7,AUTO,6156.31,2028.2174823197656,0.1844,2022-10-13,60,ACTIVE,2027-09-17
c03832d0-4ab4-4a29-8dd5-16c85e8354da,CUST00009174,3354b4be-42c9-4aaf-abe1-3e78568a220d,AUTO,76535.02,31199.283134746456,0.1208,2022-11-16,36,ACTIVE,2025-10-31
77a63918-acac-4f3b-b395-734b50b9ff30,CUST00007383,409e7a80-86c5-41d6-9ea9-f50831227592,PERSONAL,6098.96,4703.194610199055,0.1276,2023-09-01,120,ACTIVE,2033-07-10
95be6c8a-9ff7-407b-a7e9-184f07918b35,CUST00003532,f11c0ac5-8c0b-493a-9333-5bc9bb635ff5,PERSONAL,24522.57,10602.03749999862,0.0822,2024-02-02,48,DEFAULTED,2028-01-12
909cca67-5a04-4fb0-9fcf-d7112aaf1966,CUST00000802,37c6bc5d-1a38-4e8e-a9bc-4734e92966be,BUSINESS,10759.17,9963.451567386892,0.0869,2022-08-06,12,ACTIVE,2023-08-01
c3d31e5c-feee-4138-aa57-31f76e78cd59,CUST00008235,39ec8ca1-3fb2-4f47-bbcd-6c18a06e8de5,PERSONAL,45182.71,22736.7552535864,0.1434,2023-07-11,12,PAID_OFF,2024-07-05
48acdcf8-f92d-4dcd-805a-fd9405fe16de,CUST00003350,3754c5ec-60a7-4c20-99d7-6c9c2a8598d1,PERSONAL,36333.42,12634.396563098859,0.0777,2024-10-06,60,ACTIVE,2029-09-10
fd5baf20-7da2-4e1b-be7a-31688e72d17c,CUST00008006,cf1d46be-2e0e-443d-9d59-b30807aa2515,AUTO,104433.93,101465.13275623084,0.1206,2024-11-14,24,ACTIVE,2026-11-04
899fad03-ebd2-4573-a012-a24e3c168418,CUST00009970,302b0401-efed-498b-979a-7368bd96bb0a,AUTO,10249.41,4364.013018350966,0.0703,2021-08-26,12,DELINQUENT,2022-08-21
f2e5cecf-9b6c-4494-a0e0-b67321b6eb84,CUST00003202,e9ad0e9b-8c9a-41e9-b3b2-63376a74dbb7,STUDENT,14693.9,3396.860439749979,0.0499,2023-07-26,24,ACTIVE,2025-07-15
654fda31-18d3-4b67-9f9d-4db1d983dadf,CUST00000350,8ad8c568-1b39-4777-8aaa-4685f5266edf,AUTO,5073.85,901.6272791198717,0.1018,2025-01-17,12,PAID_OFF,2026-01-12
1c526dd1-fdfc-4a9d-b618-187c37e2dc86,CUST00009760,4ba17233-1ac3-4f31-bb96-e2d10649bcf6,STUDENT,11311.33,11256.824386281714,0.0591,2025-12-24,24,DEFAULTED,2027-12-14
dd69a596-2dba-433f-8a12-c64f921c5875,CUST00009322,6601ddd0-3170-4437-a8f7-ef5a060edf5b,STUDENT,38791.28,29209.356440715263,0.1817,2022-02-21,360,ACTIVE,2051-09-17
fc00814b-c70b-4b6e-8451-e56228bbecfb,CUST00009973,bdc242a8-d1ed-4618-84da-c679d113b5ff,PERSONAL,68561.26,28018.230624871987,0.0747,2026-03-17,24,ACTIVE,2028-03-06
8cd1692d-66af-4249-ba98-f602bc059dfb,CUST00000584,2e0fb5b3-8bae-491e-bf4c-c10f979c30cf,AUTO,5523.42,4564.351815176644,0.1275,2022-06-16,48,PAID_OFF,2026-05-26
37bea260-c053-4253-9a1e-490d6894844f,CUST00003378,e2ba9fce-aebb-4f9c-8a35-653cf57a431e,PERSONAL,81178.76,44389.043554385295,0.0674,2022-06-17,36,PAID_OFF,2025-06-01
4764a956-9968-4a3c-a684-79846b0dd81d,CUST00006029,b1a50a3d-cebd-4b2b-9cfb-bce7e8f2c584,AUTO,168292.16,53414.17690822247,0.0664,2023-08-05,12,DELINQUENT,2024-07-30
a159bef3-5cf9-4400-853f-777f51c46d6e,CUST00007695,fab6ad91-bacf-4cfc-9245-1cc41bfb3b3d,PERSONAL,40951.85,30443.024131483697,0.0831,2025-10-30,120,PAID_OFF,2035-09-08
afd50018-e27f-4dc7-aa0b-46ea1b0b249d,CUST00006197,8dd7e052-44e7-4702-84c4-7757e2db1ce3,PERSONAL,367762.9,274312.4122664107,0.1849,2026-02-05,60,ACTIVE,2031-01-10
a2ded1de-c302-40d5-a214-5243f5d23fc6,CUST00007084,9f871ce7-5487-4d4f-abb7-a385aa0b7b14,PERSONAL,6900.27,3451.302727062411,0.0905,2024-10-02,36,ACTIVE,2027-09-17
8852787c-891e-4aa2-8097-09fa5159b574,CUST00003402,da3465d9-89cd-40e7-825a-2dd465333140,BUSINESS,3405.06,153.76685841088647,0.1678,2025-06-03,48,ACTIVE,2029-05-13
676a504c-dbeb-41e2-b9a0-1a0b64657945,CUST00003186,dfed2c43-e256-46dc-8f54-86b7c7b5b2bc,PERSONAL,1528.31,117.71423645540195,0.0555,2024-08-12,48,ACTIVE,2028-07-22
4949ded7-76c3-4071-81bf-7df87ead63bc,CUST00005286,3781d306-d5e0-4664-a4db-04c8a8174c85,MORTGAGE,207744.96,163858.72896513992,0.0287,2025-05-25,48,ACTIVE,2029-05-04
282f0aa6-730f-4b28-acaf-549ed37dcef3,CUST00009355,28489240-2fd9-4ce1-a676-27ca3625fc20,MORTGAGE,58779.5,48403.52964239918,0.1607,2023-10-21,60,PAID_OFF,2028-09-24
6669f679-2d78-404b-9f93-55acec8566f0,CUST00006773,45df16b6-382c-443f-bcfc-9b793875394c,MORTGAGE,20264.44,13745.161912657395,0.1175,2024-10-11,12,ACTIVE,2025-10-06
d4721e33-885c-4793-80da-b7f849d5182c,CUST00008491,6403c4bc-1486-4c2d-9659-ddcc75373d14,STUDENT,33521.86,28127.139315551012,0.1107,2023-09-12,12,PAID_OFF,2024-09-06
a7fc1bad-76ca-4cbe-834f-b3a955849e58,CUST00003348,5eb38ef5-b240-40ca-ab05-61676a478ddf,PERSONAL,4071.5,2929.3932355610177,0.069,2022-08-19,360,ACTIVE,2052-03-14
192bb3bc-e843-4f65-aef0-244b2c19ee3d,CUST00000789,9339304b-9a8c-43d7-a8a5-e34d798b2f02,MORTGAGE,863395.34,774409.1716320665,0.033,2025-05-05,360,ACTIVE,2054-11-29
6b08984b-a731-46f3-9485-39236223733d,CUST00004946,04b40ac9-2831-4f0d-be90-63fb64b5d9a5,STUDENT,26737.75,4021.3114135657356,0.1069,2024-12-03,24,ACTIVE,2026-11-23
305a1bef-6909-43c4-ab13-b71df96846e7,CUST00002890,2620f9a9-74fd-43d1-84f2-fd0f79474bfa,MORTGAGE,25954.29,10063.556071238889,0.1761,2025-08-01,24,ACTIVE,2027-07-22
3964afe6-9e6e-47d7-876f-3b07a2ec377a,CUST00009570,6c21835d-d8e8-497c-a0a2-59014932936e,AUTO,65424.36,30364.151659398758,0.0416,2021-10-10,120,ACTIVE,2031-08-19
80dc4873-9eb3-48ad-9c15-b25e2379750a,CUST00005274,cc2b2f49-c6d5-4a90-9296-ae08a2dcb574,BUSINESS,45320.46,13490.260103787828,0.1873,2023-11-24,24,DEFAULTED,2025-11-13
9211d6cc-997d-4ca9-949c-0766ffb88ef4,CUST00003273,18a73d94-a13e-466d-96c6-d99779fe7ccc,PERSONAL,30817.13,22353.71213025968,0.0695,2022-07-26,60,ACTIVE,2027-06-30
05d86c95-f20b-4199-a8a5-7ee7bb6e0d06,CUST00009070,f2c8c25e-32f1-427c-aa8c-662d290a3d67,BUSINESS,6729.72,6140.457726530361,0.1158,2023-08-13,36,ACTIVE,2026-07-28
2a9d0c6a-3ffc-4e13-9c1c-ac23533487f7,CUST00005235,c355853e-b0d9-451c-acc0-067f141f746e,BUSINESS,44676.48,18428.25272600984,0.032,2023-01-24,360,ACTIVE,2052-08-19
af326af5-78cf-436a-a020-72d991be0c2a,CUST00009770,4ce09ecb-cfa2-4fb8-8199-322e3ba58126,AUTO,370658.62,348990.64526997117,0.0965,2025-08-10,12,ACTIVE,2026-08-05
05d0f23a-5ecb-4693-b3ac-2f5e1749939d,CUST00006903,334477eb-56b0-4052-b2f7-5350f9a732dc,AUTO,165732.46,85645.38223249608,0.0427,2025-01-09,24,ACTIVE,2026-12-30
ca359116-e22d-4fbb-99f1-9675be32fa85,CUST00007613,5987038a-fcd6-418e-ab54-500d4e089bb4,AUTO,240332.81,125577.64886161292,0.0286,2025-01-04,360,ACTIVE,2054-07-31
82e6e14d-8d53-4190-a3ab-bef5a7742626,CUST00002493,97674900-4651-4367-8bdc-43184d85a3d2,STUDENT,10230.99,6140.84011847872,0.194,2025-11-19,60,ACTIVE,2030-10-24
e9c7eb29-d9ad-49e0-b16a-8466dd0a4a6e,CUST00006746,e24c724b-e453-44c2-b037-f0b710ccf85f,MORTGAGE,4992.0,1339.5086770756723,0.1514,2024-01-23,60,ACTIVE,2028-12-27
b91a7793-5e7a-4fce-b530-57b9295026e5,CUST00009575,301c6abf-c773-4d46-a6e6-a84a46178161,PERSONAL,18239.04,6992.127842924706,0.1494,2023-12-13,120,PAID_OFF,2033-10-21
78e00f78-2cda-40b2-bd43-c4fedfe91357,CUST00004241,7a114e56-12e2-4c2a-94e4-339da9a9cef7,AUTO,23946.74,13248.233442511191,0.0363,2023-07-17,24,ACTIVE,2025-07-06
33252134-ebdf-4eb4-b679-9210efe87716,CUST00002323,99487f82-1831-4802-83c2-aee62ee94ed9,PERSONAL,113696.43,107100.09121077835,0.1873,2025-04-02,360,ACTIVE,2054-10-27
109792a4-4b00-4cfc-a1f5-5aa5529e0da0,CUST00005299,a45ca94a-3452-48c4-a031-046126d3e222,PERSONAL,1739.41,1117.9058978907915,0.1045,2023-02-12,360,DELINQUENT,2052-09-07
93ddbda1-34fe-4da8-87e8-6429e4fa6417,CUST00001862,e5c482ff-5e5a-40c1-92a4-73f94c9e903a,PERSONAL,218452.85,72770.26145297858,0.1734,2026-07-07,120,ACTIVE,2036-05-15
af051197-3ebb-45f1-b58d-aaee760fdd95,CUST00006621,72c573e9-58c5-4875-a56c-0a56f05ff9c3,AUTO,17378.48,181.92789200937477,0.0223,2023-02-26,360,ACTIVE,2052-09-21
3dec163c-fd5d-4a42-b193-41779a6e868d,CUST00004048,b2cc4372-6532-43ae-96f7-91ac4cf6a297,AUTO,11610.65,11397.776278358659,0.0737,2021-08-26,48,PAID_OFF,2025-08-05
761eb7e3-f909-446c-ad47-de92cbf80a9f,CUST00007582,cfdfc6f9-eb0f-427c-a82a-3879f2b5a7ea,MORTGAGE,4826.34,2379.3110907812347,0.1993,2024-11-23,48,PAID_OFF,2028-11-02
cdbe6de6-1c74-4dfd-a431-6e6c800e1610,CUST00007321,deaf0fa9-24a6-4a6c-b641-d44931f09021,AUTO,1840.36,1727.1689495856176,0.097,2023-01-21,48,ACTIVE,2026-12-31
df40fe04-54cd-47b4-967f-017d9aa03078,CUST00001099,f0f7ad22-c76a-4e0f-88f0-91f09b8b38ae,AUTO,75716.84,41594.68517505128,0.1799,2022-03-26,24,ACTIVE,2024-03-15
3eaf5f08-28c5-41e3-a8ac-4518eb8f54d8,CUST00005248,4c91ef0e-644d-452c-ba36-96cc7ccd1ac6,PERSONAL,24587.09,14886.619010122833,0.079,2025-09-07,60,ACTIVE,2030-08-12
11e12ee9-f664-42b9-b8d8-061976538a69,CUST00001735,f9012b9c-6057-453a-8067-f79084440504,MORTGAGE,3181.34,2264.834936197543,0.1146,2025-01-05,60,DELINQUENT,2029-12-10
ae991937-0846-4aa4-bfa4-cfdd01c31adc,CUST00004664,eba0330c-6a9a-4f4b-ae39-c29a921f266f,BUSINESS,3157.01,1013.3236009358651,0.1738,2021-11-01,12,ACTIVE,2022-10-27
850f7bdc-ddf7-4263-a806-5678ad478200,CUST00005910,ac5f12ef-8085-4147-9e91-0f365f705b25,AUTO,13310.69,9303.958815517575,0.129,2024-10-12,360,ACTIVE,2054-05-08
62a40afe-dcb7-4b1f-b85f-a1adfedb5a32,CUST00003417,38c6430f-3b3e-47bd-bae9-6dd3a2209a31,AUTO,269286.81,141858.11293768667,0.1505,2024-05-07,48,ACTIVE,2028-04-16
f5239f95-6ac6-4272-8875-7d0612037b06,CUST00006303,b11af726-2d5d-4395-a901-a768ebd14b0c,BUSINESS,14922.31,10034.954276454535,0.0612,2025-05-14,24,ACTIVE,2027-05-04
898f3586-b74a-4db6-a223-afc0429146ca,CUST00007594,a65f7b8a-dbb4-4021-bdde-64afa75b395a,PERSONAL,2310.65,1931.3181243213219,0.0481,2025-05-14,12,ACTIVE,2026-05-09
9b62d6d2-c6cf-47bf-b73e-54c31ef8aca7,CUST00000681,38d5101f-423c-4d9d-993e-478302b34254,MORTGAGE,15235.53,2806.82844113272,0.0615,2024-04-07,60,PAID_OFF,2029-03-12
b6fac9b9-88bf-4b11-bd3c-c9e3a5a7a595,CUST00008164,813be64b-9c46-44d3-b5fa-46fe6e951719,PERSONAL,14631.25,8977.016756850084,0.1087,2023-07-20,360,DEFAULTED,2053-02-12
d3e7acd9-7b16-4453-b042-eb9e061285a7,CUST00002071,3781d306-d5e0-4664-a4db-04c8a8174c85,STUDENT,385.55,20.091522745522497,0.1642,2025-02-27,360,ACTIVE,2054-09-23
cfc91b52-4aff-40a0-8f4e-2726b9dd378e,CUST00006669,7fcbcf31-93ac-409a-afc1-0403dcda8cc1,AUTO,20303.69,2073.3131103436704,0.0837,2021-09-09,12,PAID_OFF,2022-09-04
b9a3773d-d283-4904-940b-f9dc65fd5412,CUST00008002,71f34593-a737-419b-a1e0-9bf146748ee4,STUDENT,15577.74,10508.653609787681,0.1217,2023-06-30,48,ACTIVE,2027-06-09
664101fa-5d06-47cc-8a37-4f43c4cd8e19,CUST00009922,6c914882-612e-43c7-bb36-8cf45ad5a309,AUTO,62586.79,4439.759916820411,0.1649,2022-06-23,360,ACTIVE,2052-01-17
a117b864-82f5-4390-ad69-6cb3b774b61d,CUST00002192,8a2e6a93-c558-4bb2-81f7-f3fb19e45c6a,STUDENT,352721.52,209995.5010398102,0.063,2021-11-05,360,ACTIVE,2051-06-01
c99496ab-6db7-4a7e-b0a6-d78ba64e2384,CUST00008860,c520d50f-a0ff-4498-82f4-298f6ffad356,BUSINESS,119353.81,26259.341897043716,0.1789,2021-11-21,360,ACTIVE,2051-06-17
d8d99ad8-255f-40b9-9a87-09bd1fc23099,CUST00009805,f28bf846-3b50-4fda-b875-b1c777243aa3,AUTO,14715.65,4474.8059066889045,0.1916,2025-05-11,36,ACTIVE,2028-04-25
946e8ec2-d342-4e50-8208-62274333240a,CUST00007587,01bb819c-4dfe-4117-a2af-711f1b628a9d,AUTO,4188.97,543.0434184005047,0.027,2024-06-06,48,PAID_OFF,2028-05-16
b8d49cf2-1c9d-4bd3-8aa7-8357c0ea7a67,CUST00008873,13f39289-4dcc-405d-959e-f0fd1204f4d6,STUDENT,1045535.45,259990.67205608828,0.0306,2026-05-09,48,ACTIVE,2030-04-18
a812cf1b-69b3-4bf2-9dd0-9e342b4088da,CUST00009165,744cc6ae-e03f-4f2c-b2bf-fc3fae0e289b,MORTGAGE,24072.55,19770.587554652513,0.0364,2026-01-09,24,DEFAULTED,2027-12-30
3e39bf9b-e9b8-43ea-a456-d76756ff66fd,CUST00002847,5d696bc8-dc54-459b-86bb-42c7d8b2f8b6,STUDENT,22491.53,14369.352826051381,0.1598,2021-08-13,36,ACTIVE,2024-07-28
43b6c6ef-35c8-4133-bb8b-1581cba95e23,CUST00002464,84a91789-b2c0-47e8-9ed0-72e9f9fc6034,AUTO,21243.63,20176.345667755842,0.0541,2022-07-02,360,ACTIVE,2052-01-26
b197603c-a45c-4178-947c-903018dd3aea,CUST00006838,3653e588-afd5-4fe7-a5c6-2548b169fded,AUTO,29647.32,1445.1543250264958,0.1506,2025-08-04,120,ACTIVE,2035-06-13
b58674b5-e631-49ee-b54f-595f12f638e6,CUST00004923,99e95433-1453-417e-b11e-be6f68ffae17,MORTGAGE,17737.91,14055.732688971262,0.0994,2024-06-13,36,ACTIVE,2027-05-29
c1c97ab6-3ea6-45f6-80a4-00887dd7fc59,CUST00004393,6c521d13-b719-4b68-a775-ee42a89e22f2,PERSONAL,9316.17,6512.721882552277,0.1705,2025-05-17,36,DELINQUENT,2028-05-01
b06f0681-4b98-42c5-97aa-5681428f54aa,CUST00003184,ccf3a171-56dc-4907-ba6c-34ab6712303a,MORTGAGE,9698.36,2530.2274970355757,0.1655,2024-02-01,60,ACTIVE,2029-01-05
734bda19-c991-46cc-94a6-368b71d60744,CUST00003168,4fb67094-123c-4911-abd8-ad4d3eacdb28,PERSONAL,20970.46,15290.961174621249,0.1927,2024-08-14,12,ACTIVE,2025-08-09
4679fe6e-9177-4972-8207-291eb3167953,CUST00002998,36a2c52b-0047-4139-985d-f528b4258e19,AUTO,9748.44,6985.230545929681,0.0652,2024-11-27,60,ACTIVE,2029-11-01
23d86a4f-c2e6-4c05-8926-8f85982c7129,CUST00006522,b177116d-f203-4633-ac5d-d02dccc67ffd,BUSINESS,7560.79,3473.01261783452,0.0613,2024-05-17,120,PAID_OFF,2034-03-26
06a4093b-49d6-43b1-8593-53fa25e4e633,CUST00003228,28628b4e-c714-4549-a04a-1fe29cc8f772,BUSINESS,25839.13,17793.848634711438,0.0257,2024-03-23,36,ACTIVE,2027-03-08
90441ec6-5ef0-495e-a152-dc3a3894de06,CUST00006565,e581620f-dc0d-4266-8e29-ed9a0518bd4d,STUDENT,15025.95,6680.25041965922,0.0939,2022-05-04,24,ACTIVE,2024-04-23
4e8172da-4a8d-4853-b6bb-cd585cdb7eda,CUST00009921,0a3e4918-6e4f-4ea3-b0ad-16f7db1fb4d4,MORTGAGE,210236.73,70544.00888110793,0.1026,2022-02-21,120,PAID_OFF,2031-12-31
9150d9b2-2886-425e-b741-12a5f1dde1f6,CUST00002025,1d444351-7c93-4dc3-9635-212d92fe00e8,MORTGAGE,413.04,192.67942625755987,0.1936,2022-04-24,360,ACTIVE,2051-11-18
b68c55b2-79ac-446d-8e03-87ada246ea52,CUST00000330,d5dbcbee-cc03-48d3-98ba-fcc9e1dd7fdf,BUSINESS,113239.49,101364.00596820812,0.1695,2025-01-20,48,DELINQUENT,2028-12-30
278976c9-4b7d-4b08-ac5b-fe79709ad1ab,CUST00002487,22538040-7a02-4a6d-87a2-b171b02a06ee,PERSONAL,142789.64,54914.58133234513,0.05,2026-05-16,360,PAID_OFF,2055-12-10
20e8dae1-b1f0-4d9b-8e21-7fb3be654bf9,CUST00001156,f2f5b176-2c41-4bd3-b2f4-44abc1d71f4a,MORTGAGE,982.32,396.55097047923005,0.1637,2025-05-22,48,ACTIVE,2029-05-01
dbf11941-4ad6-43d0-9b81-ce242582bca6,CUST00004478,4f489f45-92b4-402c-bb2e-60e16ae63480,PERSONAL,13173.58,8014.848591337289,0.0521,2025-05-28,60,PAID_OFF,2030-05-02
3a58d606-a302-4b2f-81de-ca4c625cade5,CUST00002186,6cbdd931-2f90-4058-b9ca-28265af56a23,PERSONAL,12617.48,9500.955821294208,0.034,2022-09-16,360,PAID_OFF,2052-04-11
954e95fb-362f-4bc2-99d5-d66c072b50ed,CUST00007087,0c941263-190a-40d6-9ea9-f25945c86249,PERSONAL,2667.06,1959.277911701473,0.1707,2021-12-29,120,PAID_OFF,2031-11-07
0316cde5-9590-4901-a5fb-24214d8e8fdb,CUST00002318,39ee80ab-46c9-47e0-90c5-9550f69a0539,PERSONAL,6858.71,135.7937482487063,0.1957,2025-03-25,60,ACTIVE,2030-02-27
82330e6e-b89c-46e9-9d39-b50542696d14,CUST00003622,f540838e-1333-4679-9b5c-4b589c425665,STUDENT,4163.6,2862.1224805572974,0.0359,2026-02-25,24,PAID_OFF,2028-02-15
844e2e8b-ff01-4ec6-9ec7-8f9ebed64914,CUST00004492,f166cdcf-762c-4fbc-ba2a-a7baf3f81c31,STUDENT,305103.29,137465.5223978008,0.1665,2024-03-18,48,ACTIVE,2028-02-26
e666a9b4-9e53-44dc-ba1a-fd6767e56f19,CUST00002512,bd1a8f4b-88ff-4d40-bb72-c86d92fa675f,BUSINESS,89636.47,46977.574653996104,0.1747,2025-08-27,360,ACTIVE,2055-03-23
a4d37418-581e-40ef-b8ef-6c712b9fff6a,CUST00007843,c4502052-86a8-421a-810e-622bf8bc920c,STUDENT,148350.45,83323.0087839926,0.0414,2023-01-30,60,PAID_OFF,2028-01-04
8047c7e1-da44-4e00-964e-81dd27e78bba,CUST00008642,66d71d97-b193-48b8-ae49-c0799bd0d4c7,MORTGAGE,65023.76,47579.160770139744,0.071,2022-11-08,360,PAID_OFF,2052-06-03
60c336eb-5fd6-49e6-85f9-70f75075b7d1,CUST00009547,e60d7a94-b483-4162-b043-a39a4f1a84cb,STUDENT,4049.8,3366.732317016946,0.1521,2023-07-27,12,ACTIVE,2024-07-21
a5fc00b5-7c39-415f-ad13-bac8dd8b6c69,CUST00007849,52965cf3-8b30-4b4c-aac9-6b60c0ac430a,MORTGAGE,10028.83,6481.241149356108,0.1654,2023-01-01,60,ACTIVE,2027-12-06
7b67caba-8675-4c71-9eeb-96012b4b8171,CUST00005405,9bd65068-ba8d-4f8c-be05-fcef842c49fa,MORTGAGE,45892.72,25879.23619042799,0.0837,2021-09-10,60,PAID_OFF,2026-08-15
613f50db-e5aa-4c5a-bbe7-52062ce62f9f,CUST00005394,66edef30-2fa8-4808-b8f1-6861e3e3e73b,PERSONAL,3522.08,1316.4452169907208,0.0488,2025-02-17,36,DEFAULTED,2028-02-02
1093a05b-f26b-4379-ab32-dc3a03a4bf4b,CUST00001294,0f844fef-1931-49ee-a56c-0941fbf24050,BUSINESS,64183.26,8849.473593301089,0.1367,2024-07-01,12,ACTIVE,2025-06-26
34d88c51-4f2e-43eb-b98e-249757a55d1a,CUST00002466,6ab62dbf-8663-48bb-aaf7-895bb241cfd3,PERSONAL,15359.84,14723.599817636048,0.1464,2024-12-23,12,ACTIVE,2025-12-18
9bcfe969-473f-4005-a66c-3392396c6135,CUST00003176,15ce6a66-4dc8-4a1e-b2f9-e5fa90164161,PERSONAL,12553.68,5797.820348318368,0.1106,2024-11-12,360,PAID_OFF,2054-06-08
1e9d8b00-ca0d-408e-ba90-2275c72bf2e8,CUST00007850,e723ada3-8c32-4db2-942a-895e0fcf601f,STUDENT,63987.3,36230.39275232805,0.0461,2026-05-28,24,ACTIVE,2028-05-17
7fb0b7b6-5b43-4e1a-b26a-cdeaa6662e73,CUST00009426,f220eeb5-6760-4abd-bf31-0f21c87b17d9,STUDENT,42890.04,32213.55699335351,0.172,2021-12-23,360,ACTIVE,2051-07-19
a37dafca-e9a6-4f13-91c4-b8c675961b93,CUST00009630,b1b2b5f8-8b66-4d1f-979a-7954c98e3f5b,MORTGAGE,12817.3,876.8377091319642,0.1361,2025-05-25,36,ACTIVE,2028-05-09
bf0aabdf-d708-4dc7-831f-9724e80368e2,CUST00008445,ea350f17-c157-4761-9162-f6dbb5d2bf7f,STUDENT,125366.25,107189.52390751406,0.1764,2026-05-01,12,ACTIVE,2027-04-26
c9a5c042-c878-4b08-91a3-3332d882ce3c,CUST00008211,461bcbc3-09d2-41e0-a6ba-7e5121de2360,STUDENT,4352.06,3468.703856570758,0.1879,2023-01-20,36,ACTIVE,2026-01-04
bdcaf089-3a76-4ae2-a5ec-276c862c9e66,CUST00002760,b65feea9-7d82-4264-9ba3-62e7afa415e5,AUTO,55486.97,42970.6954915739,0.165,2026-06-28,36,PAID_OFF,2029-06-12
08683cbf-aa0b-4687-9d12-4a2233d9014f,CUST00005256,5209eaab-39b6-410e-82c9-6b28beb96a4a,MORTGAGE,53618.63,1178.6826187907513,0.1926,2024-07-19,48,ACTIVE,2028-06-28
f3b81fe4-194d-4447-a05b-e2306603854f,CUST00008415,c9ce44bd-7c3f-4add-9a38-5db590eeb067,MORTGAGE,13845.01,7289.658762965699,0.1918,2021-08-21,360,ACTIVE,2051-03-17
457f4a84-1133-4ed4-81e6-0c4c545b19ba,CUST00000003,a3a6ef83-cab6-4107-afd6-9b3af2dd9456,AUTO,35925.39,1949.6123832273793,0.1315,2022-12-14,12,ACTIVE,2023-12-09
d8bb254c-88e5-413a-b62f-197d8da40d27,CUST00008131,f00d5a65-5fb8-4f18-97d3-ce211f14eb34,MORTGAGE,3372.23,1857.669036566201,0.1511,2025-06-02,48,ACTIVE,2029-05-12
1456a858-df63-4cb2-89a8-9d04bdc313b8,CUST00001260,0cb5ee5c-62f5-47c2-8706-fec248fa4e98,BUSINESS,88083.5,63283.44314572831,0.1459,2024-08-05,360,ACTIVE,2054-03-01
725687c2-0e54-4d51-8c44-5778f86e92d6,CUST00008191,8e2017e1-50c4-4b4b-ad9e-5c1eb9974024,BUSINESS,16691.36,2033.8463931534295,0.1318,2023-08-20,60,ACTIVE,2028-07-24
3ea426b8-3f7b-46ec-85df-f8e291136499,CUST00004324,4684833e-19dd-4b90-8839-c8e410db5fdc,AUTO,10055.91,6987.681969200121,0.0235,2021-09-03,360,PAID_OFF,2051-03-30
2ec46bfe-bd4b-49cd-8c19-e0ac418df073,CUST00005774,83239ba9-771a-43fe-8a88-57a5957e8c66,STUDENT,106246.15,47761.134184481845,0.0841,2023-06-11,60,PAID_OFF,2028-05-15
db869a02-a69b-4d21-afb3-8c42b0901da2,CUST00002569,0038dc84-a3ed-433a-a722-2ea2261b5048,BUSINESS,7657.83,6214.73437913253,0.038,2022-06-10,48,ACTIVE,2026-05-20
b7a63ca5-b08c-447d-ba74-7c443ebe066c,CUST00001886,3b20d154-6ff9-4cf7-a88f-c36a846c454c,AUTO,2663.26,1421.0860786939807,0.074,2024-08-17,60,ACTIVE,2029-07-22
fab87bb6-0a4c-4231-ad6c-18d074c0bea3,CUST00007061,52b3a0d1-1727-4924-a508-f357474a3674,BUSINESS,2132.51,716.7825363827469,0.0323,2025-08-22,48,ACTIVE,2029-08-01
4708b42e-8d4e-46c5-8409-10e29bf072e7,CUST00007845,e9ff1cae-41c8-4a8c-aa1f-955ad499da99,PERSONAL,54666.97,18148.972837936977,0.1856,2023-09-27,360,ACTIVE,2053-04-22
bbbbfd67-30a4-44b0-be3c-7c84176350f5,CUST00006112,91b8ff07-e909-4654-9432-3b1c869e8836,AUTO,3227.15,2896.323623042475,0.1012,2021-07-20,24,ACTIVE,2023-07-10
e7f8daa8-104c-4b6e-aadf-1b58d4a84169,CUST00009492,b64fa54a-8c61-4654-95da-75c1a21150f9,MORTGAGE,306260.48,138696.66887340322,0.0541,2022-11-01,36,PAID_OFF,2025-10-16
4d81bc5e-85c6-4764-a1ee-ba3de733c344,CUST00002339,73905263-b653-4dba-9faf-c6cf4c5fccfb,BUSINESS,969.82,393.5082445596366,0.1253,2024-07-30,24,ACTIVE,2026-07-20
3e72e402-3a43-47a1-b52d-ed780f94db38,CUST00009269,a23036d2-88d7-447c-ac38-704b22c0eee9,MORTGAGE,280599.75,11188.528448389538,0.0554,2022-05-09,12,DEFAULTED,2023-05-04
7a2f2c57-94ce-43b7-82fd-7e2d95eef403,CUST00003759,19ed59a5-9e85-44d4-9ec6-20e0e143a0ad,AUTO,30228.07,11012.82966615072,0.1648,2026-07-16,24,ACTIVE,2028-07-05
e1b33498-8974-4baf-9928-3cfc76da7bc3,CUST00004811,0f0e5767-606f-4a15-b76c-432eb4428cde,BUSINESS,19052.06,16187.14562842448,0.0751,2022-09-13,24,PAID_OFF,2024-09-02
ca3e7f3a-51a0-433c-8d13-c33bc80aa7cf,CUST00009140,848af440-7fc1-4858-afa0-d842bc55300b,MORTGAGE,9726.62,7401.837759783208,0.0767,2026-02-08,60,ACTIVE,2031-01-13
7a71ce7b-3248-4699-92b3-b3eba247a4f5,CUST00006792,585abefb-d181-4f77-a500-1423faebcd19,STUDENT,40082.86,8854.832979847717,0.1766,2025-04-03,120,ACTIVE,2035-02-10
79dd7b95-1558-4c6d-b120-3b7a1dcccf24,CUST00007172,bd717da3-3581-4632-94f5-df7005d2d205,STUDENT,20817.47,8598.793862048407,0.1207,2022-12-06,360,ACTIVE,2052-07-01
96e15645-8ad8-4f05-9991-77b932888f78,CUST00002732,e1ad640c-7463-435e-aafb-9f20783c91eb,PERSONAL,115260.82,22657.934660516763,0.1797,2025-06-22,120,PAID_OFF,2035-05-01
4cca3dda-7cbb-4627-9929-c7c73709d7d3,CUST00000870,fd06a179-7980-4efa-8da0-8e483531518a,AUTO,26143.12,24946.204748527758,0.0943,2025-08-08,48,ACTIVE,2029-07-18
6e047758-94eb-4ddd-8275-4eca91bf903d,CUST00005167,85319f0f-ba53-4122-b4b7-96204a73b0bf,MORTGAGE,27596.73,16506.097602117974,0.0819,2025-01-11,12,PAID_OFF,2026-01-06
b850b440-1c8c-4498-a7ad-595bdc739cbc,CUST00000094,6f94da50-e3f7-43a7-8de9-2f1b7c0224e5,PERSONAL,12766.52,9630.485546166898,0.1111,2025-06-16,120,ACTIVE,2035-04-25
a48339f7-c703-4a4c-b150-f94fe2f2cf57,CUST00002988,e879c9a6-0ae9-4acc-b1c9-66b39eb03954,AUTO,20223.12,14435.437979451463,0.0311,2025-01-04,60,ACTIVE,2029-12-09
a28af08d-ce46-4bf3-96c4-9c4431de54f6,CUST00009968,d6de0902-ea89-4692-9176-37b264d88360,STUDENT,34951.01,30536.325676740445,0.0478,2025-08-26,12,ACTIVE,2026-08-21
fe034a0e-74cd-473b-816b-44e19d4a305f,CUST00008628,52b0147b-f052-4803-9a96-8e7d0d46e159,MORTGAGE,1693.83,1607.9998711336555,0.0595,2021-12-01,36,PAID_OFF,2024-11-15
683c3806-c12a-4c55-8072-8ad4002072c6,CUST00004948,2294fa0a-8482-4c08-842c-65ad9883e9b1,BUSINESS,2915.28,94.58968148489399,0.167,2025-03-01,48,ACTIVE,2029-02-08
a1919e12-7e1b-4edf-854f-6d2d99f2587c,CUST00006652,a7674726-61b3-48f3-b99b-70d6bc6aa8a7,STUDENT,67164.23,65505.352766071774,0.1521,2022-02-05,60,PAID_OFF,2027-01-10
7bb8373c-81dd-43ea-9421-b62c2d31317c,CUST00006980,afd5b90b-41a6-4c90-a91c-0da1a5630d3a,BUSINESS,28461.23,24776.709267222952,0.0548,2023-11-25,24,ACTIVE,2025-11-14
a5310be0-f391-4a36-88a4-36ae83a2a06f,CUST00006795,373aedf8-431e-430f-8387-f74d1149d096,BUSINESS,16714.38,6400.7285089952875,0.0698,2025-11-04,360,ACTIVE,2055-05-31
883d9b03-de04-4086-83a2-9acd4cb50736,CUST00006525,6fa17735-b572-43d0-8b5c-ea6a41357e8c,MORTGAGE,22644.02,18954.612669847156,0.19,2021-07-27,36,ACTIVE,2024-07-11
ad8716e1-4679-4c1e-9755-19cd3fbfe7eb,CUST00003145,71efe72a-ae13-491e-84fa-4c7239e7a4f1,MORTGAGE,37100.01,27326.30851005805,0.0354,2024-09-17,24,ACTIVE,2026-09-07
a03c67ff-4f0d-47bc-80c8-b0838faf04ba,CUST00003588,cb68a34e-ca1f-4ff2-a823-442c9a87e357,BUSINESS,9802.18,7774.249880900163,0.1185,2026-04-24,120,ACTIVE,2036-03-02
c1b156bd-fa2b-4df7-9c89-4d3970a6b5fc,CUST00000077,1b7e0502-ca9d-4831-894e-7397b38a3db1,PERSONAL,6853.69,1512.547924858705,0.114,2022-11-24,360,ACTIVE,2052-06-19
01ab1df1-7cd2-4263-aea3-5df6f2193325,CUST00009008,27177e59-5548-4613-8f69-ef2dfb2c2c83,BUSINESS,29547.9,19163.695408424846,0.1506,2022-08-26,12,ACTIVE,2023-08-21
8271bbba-f96f-4a1b-a4b3-b66b51b795ed,CUST00008960,6b52f93c-2321-464e-a20d-4a1f479f6628,BUSINESS,5076.82,131.62109869652562,0.0671,2022-02-10,36,PAID_OFF,2025-01-25
2dc58521-29c2-41f9-beeb-f53978731a4e,CUST00006554,cdfa76af-66eb-43b0-92d2-408eff08c739,MORTGAGE,40634.76,34467.5872262932,0.1883,2025-12-16,360,ACTIVE,2055-07-12
ac482af2-6e98-4798-82ac-0d6d10c88179,CUST00008298,e2ed8686-b334-42cb-9a3f-0ad169a9aff9,AUTO,1713.21,1629.3363308752466,0.0939,2024-03-07,360,ACTIVE,2053-10-01
dcadfda8-ece0-47bb-9835-9b4b4dfcf384,CUST00006695,7636ae1c-e961-41f3-8130-8be0fcea9a96,STUDENT,103128.75,68283.96277841645,0.0714,2025-11-10,60,PAID_OFF,2030-10-15
afdc8a51-a34c-4c78-97a9-9ae771757228,CUST00002874,8cb21aa2-1715-4c03-ab4f-36381190e515,MORTGAGE,44752.22,22943.105106256146,0.0806,2025-05-03,24,ACTIVE,2027-04-23
318f7980-2ec2-45a6-9293-23e289e10a5a,CUST00003347,6359d5ce-e2aa-4dc7-b208-838e7d57ef69,PERSONAL,32339.5,23469.78056445704,0.0828,2026-02-23,120,ACTIVE,2036-01-02
3b576da7-c34a-4fa6-9bd4-87bbc75ee63d,CUST00007025,7a89cbeb-b807-478a-b788-f5d1ffe575f6,STUDENT,96185.75,31391.305278850952,0.0558,2022-01-21,24,ACTIVE,2024-01-11
4e2da257-8074-41ed-8ea4-ae7336955a61,CUST00003149,5683ede0-17d5-4563-ba60-ede1e5eb772d,MORTGAGE,267857.84,167782.8819887075,0.187,2024-10-17,12,ACTIVE,2025-10-12
78ccd788-87c8-4346-8434-228151ec8f30,CUST00009658,4001570a-3312-4e73-8485-63a3aeee2302,MORTGAGE,100866.7,72520.42777714132,0.0515,2022-10-21,12,ACTIVE,2023-10-16
ed7403c6-4cd0-432e-af4b-88ff1a58c6ae,CUST00000245,663b4427-bef7-410a-97f9-f3a761936947,AUTO,1392.27,198.65017163281303,0.1789,2025-05-28,120,ACTIVE,2035-04-06
ac00cd5e-922d-4ba6-b5d5-b1199c09f0fe,CUST00002626,331f63fb-d11f-48c0-a97c-a4fff75d599f,PERSONAL,3231.28,452.598944801029,0.0929,2026-02-23,48,ACTIVE,2030-02-02
31209ff4-2809-46a9-92e2-4a8e2793b627,CUST00003850,a23ff67d-e957-4bc2-b9bd-8bd6d479cc36,PERSONAL,8628.04,6178.868842846149,0.0685,2024-10-31,120,ACTIVE,2034-09-09
2bf998ad-c92a-4b0c-a56f-fbd8c4329e78,CUST00009598,399e4d08-cf77-48cc-af36-feb1bb8f7b2b,MORTGAGE,22905.6,9890.237098357184,0.0557,2026-01-18,48,ACTIVE,2029-12-28
a99f8c03-9c31-4930-a86e-f693da341653,CUST00009174,aed690cc-037f-4347-ab40-256118cd99c9,AUTO,47881.69,42576.470496840295,0.1108,2024-10-23,120,ACTIVE,2034-09-01
84372286-f4ea-4fa5-935f-d8d22839d888,CUST00007738,92502e59-13f0-4822-9374-8a1145712959,MORTGAGE,7415.92,2313.313794964535,0.1405,2022-01-03,120,ACTIVE,2031-11-12
9860f848-a74b-4973-b949-54dbfb2cef68,CUST00008334,09572517-18f2-4999-9410-8438f82e5e1b,BUSINESS,29148.25,1236.7817370078035,0.1817,2021-07-19,12,ACTIVE,2022-07-14
b9f9d376-c79e-449b-aaba-8f0cc9eb6e3c,CUST00000893,69b6f3b7-fe5b-4fc9-80b4-f6d67ef6775b,BUSINESS,7093.44,4609.85662079203,0.1374,2026-03-29,48,ACTIVE,2030-03-08
434a7e17-eece-45b3-ba8d-a12744f64bef,CUST00005488,81d2c7de-4ce1-4b90-a669-7833b841d0a0,AUTO,8801.9,6022.605248633255,0.1071,2025-06-01,120,PAID_OFF,2035-04-10
d59dcbfa-db32-4207-af30-3fd078d3ca66,CUST00007252,20f0156a-1e6a-4628-9c6d-52d5ae2e9af9,MORTGAGE,2670.47,1478.3497840293765,0.026,2022-02-11,360,PAID_OFF,2051-09-07
4e653eee-251d-464e-9eec-2af44db9eacb,CUST00007311,e893be3d-7354-4a6f-a160-745985c7504b,AUTO,5514.58,3768.292541294516,0.1848,2021-10-24,24,PAID_OFF,2023-10-14
d4488069-5a9b-43f8-ba09-a484556ed0d1,CUST00002400,f165d779-0154-4950-976d-e21f1b46ebdc,MORTGAGE,2900.02,1518.8980740626348,0.1824,2024-07-15,12,ACTIVE,2025-07-10
4eda31cc-7320-4e30-90ba-8eddbec6573b,CUST00004641,372f871a-45ee-432d-aa07-f2137129cec7,MORTGAGE,5095.89,3529.5806412309657,0.0882,2022-04-28,360,ACTIVE,2051-11-22
c33ffef7-64bf-4e8c-9033-89b46ce052ef,CUST00002961,eb2263dd-87c5-421e-ac24-a3c5c754108f,BUSINESS,106987.01,4700.731754494661,0.0252,2024-09-11,360,ACTIVE,2054-04-07
f0a30219-c321-4788-8173-c12e6ac89d70,CUST00007326,03802b70-8d03-491e-8f8d-5238288b78b5,STUDENT,5302.33,1953.3644280440287,0.152,2021-10-02,36,ACTIVE,2024-09-16
68a650ce-f7fb-48d5-8e28-a0886771dc17,CUST00001470,b0c07fcc-96ad-44df-adf7-5924c5b8386b,PERSONAL,1142321.44,240820.68529321486,0.1625,2025-12-10,12,ACTIVE,2026-12-05
23d2789d-ce2c-4739-a552-abc65a86503a,CUST00003375,3799a376-7e5b-4ac9-83c5-01fe269334ef,PERSONAL,46164.98,4585.389202483003,0.1176,2022-07-23,120,ACTIVE,2032-05-31
46327360-c45d-4c03-b4f6-b97ef998aaa1,CUST00008848,d03a9ed2-515a-4eea-af69-a1cfc19666e9,AUTO,29063.96,6803.659013825267,0.0925,2024-02-09,60,DEFAULTED,2029-01-13
33c43cd1-b44f-4e12-918b-621e04fc9dd0,CUST00008235,c5709e30-417b-4634-a3ec-152ce0653245,PERSONAL,6078.2,1162.824198520815,0.1732,2024-03-28,60,DEFAULTED,2029-03-02
418495a4-b777-4cb9-a97c-696b356766ec,CUST00007924,b379cb1e-e8cd-40cc-b6da-3ca0d2e82f38,BUSINESS,62973.22,61281.2170082003,0.0547,2024-02-17,360,ACTIVE,2053-09-12
060fd3b6-5f9c-41f0-9522-1c404b77cf1c,CUST00005123,1e559419-10bc-44d3-b600-4df4e0de0676,STUDENT,9288.6,2661.610411319713,0.0991,2026-01-13,360,ACTIVE,2055-08-09
61e561bb-ca79-4b30-ad70-881b52647c6f,CUST00009853,69efafb1-3a7e-4e14-a359-eee173991a47,MORTGAGE,26450.09,6108.885546699682,0.0244,2026-05-07,12,ACTIVE,2027-05-02
bd303739-8f5a-4787-8edd-8e22536019db,CUST00005388,0130d66b-932d-4648-a769-b0f1ee01b9e0,MORTGAGE,1024921.73,855681.023298112,0.0495,2021-11-13,36,ACTIVE,2024-10-28
9e1823a2-3708-4b7f-8c27-4beb330f4bae,CUST00007632,4c60b543-541b-489c-b5d9-c07c9d9363ea,BUSINESS,19070.73,7992.852218155365,0.1893,2022-05-04,12,ACTIVE,2023-04-29
462270cb-db3d-419b-b0aa-999280c0e667,CUST00007227,ce315937-34fa-42b6-9043-7e4c34e50699,PERSONAL,123489.32,52046.48163250024,0.1241,2022-04-17,36,ACTIVE,2025-04-01
2911268f-3e3e-47b3-930d-a4761b5982d2,CUST00005109,7249f62c-0898-4462-980c-b95c19d45deb,MORTGAGE,7671.25,3402.8933652187393,0.165,2022-05-15,120,ACTIVE,2032-03-23
f105c2d8-7acc-4c3b-b90c-a4475352db34,CUST00002225,420fd9a8-d45b-4e9b-b61e-c0ed8ddd2994,PERSONAL,20900.27,8705.683642237498,0.1076,2026-04-10,24,ACTIVE,2028-03-30
f3b93ebe-7849-43ff-97ca-eef5b8a4c19f,CUST00002111,36fea0b4-38cd-4122-bc01-45e14ce2afa2,BUSINESS,313702.69,102444.46168166457,0.1703,2024-04-17,24,ACTIVE,2026-04-07
c7fe8dee-0bc6-471b-b25b-76a6f89c2ef6,CUST00000958,80e022c8-3b80-4c61-bde7-8473a3fdd59c,MORTGAGE,8600.27,2462.5965176206823,0.117,2024-10-18,36,ACTIVE,2027-10-03
f5b0fa1c-b013-4951-a3db-2b6da8cfa238,CUST00007147,1ed68b71-3ab8-4c3f-a612-e9e5a26d18f6,AUTO,333925.38,294508.72011507803,0.0208,2025-05-24,360,DELINQUENT,2054-12-18
3ff5ea79-7cae-4dfe-b4dc-70c6e8acd757,CUST00000561,eb4d8f42-8735-40a2-a511-09611869a217,STUDENT,63680.13,10297.54482385448,0.1819,2025-09-15,48,PAID_OFF,2029-08-25
960b9746-9b51-4232-bca7-644d47b76d17,CUST00009523,35ce8841-4973-4d6c-8dca-bfb7001a9a8b,PERSONAL,9473.94,1715.3738678507514,0.0467,2025-10-03,24,ACTIVE,2027-09-23
0e5d8626-19f7-4775-8f2f-633b60013e38,CUST00007414,7df37378-9f6c-4ab4-b352-2c1845aa9503,PERSONAL,56875.03,32516.540988247296,0.1011,2023-03-05,60,ACTIVE,2028-02-07
89b3889d-46aa-4714-97ba-a888a3beb445,CUST00001313,c7a2f280-927f-4103-9a94-08c029b44cb1,PERSONAL,94734.33,32556.26529310083,0.1058,2026-04-11,12,ACTIVE,2027-04-06
48c3a59d-ec71-42e7-b028-eb2d5e9432d6,CUST00001822,34ec5264-ad7d-4f81-b9a0-f145a5bab050,PERSONAL,55978.05,23596.39186187513,0.0285,2024-11-04,120,PAID_OFF,2034-09-13
e17f5e53-2260-4be8-b8ca-903b1c6c8382,CUST00005647,8a8864c7-e29d-4722-956b-212f4faa0851,BUSINESS,2089.46,1685.2468753232665,0.0296,2021-08-21,48,ACTIVE,2025-07-31
fa286316-5315-4a23-92f0-ed7dbff49c48,CUST00004946,abe05b22-13dc-4154-ab1f-c2ab640eb68e,BUSINESS,7400.44,6687.267444457146,0.1573,2022-04-12,360,ACTIVE,2051-11-06
d30606ae-69ed-4072-bb81-c774c67651b3,CUST00005375,d4bf7a4b-25b8-442f-836b-15c7e7c225da,BUSINESS,15195.01,12012.47106639853,0.0741,2024-01-30,60,ACTIVE,2029-01-03
96fdad96-2681-45bb-9fbb-3a4326da916c,CUST00002652,f33c4c36-9a69-4cad-aaab-583079cfc04f,BUSINESS,19699.53,4627.976370544059,0.0937,2024-06-09,12,ACTIVE,2025-06-04
8fd48278-3332-43ab-92f7-70724c81cd72,CUST00009934,01a4c2d1-4edf-4a12-b2f2-40e365e1605b,MORTGAGE,55882.59,54763.33378899381,0.1215,2023-03-28,60,ACTIVE,2028-03-01
53ed75f6-3ec7-4cca-b031-e2cd1687819b,CUST00004702,989bc4da-9b37-422b-aa8a-616fc3b290d0,BUSINESS,28754.56,10442.980483306477,0.0872,2024-05-14,48,ACTIVE,2028-04-23
a9230810-c346-44f9-8bed-0104929ea405,CUST00002878,1b37ef19-b3bc-412f-9fb7-474e85a0d089,MORTGAGE,2971.98,502.46392444000656,0.1595,2024-10-01,36,ACTIVE,2027-09-16
d13b3a4d-87f1-4ab5-8e82-373e42be7d36,CUST00005583,248607c2-2059-4d46-a856-0b7427ce46ce,AUTO,38960.23,19460.5065292771,0.1792,2023-11-17,12,PAID_OFF,2024-11-11
23f5aea6-0598-4489-b087-ab0e4a9a75f0,CUST00005391,a5dd2836-e65f-49fa-838c-2eafa8097a77,BUSINESS,55043.48,39922.25275518582,0.0307,2022-12-02,60,ACTIVE,2027-11-06
dee7dad7-1168-4433-8518-8d4dc5a8646c,CUST00004084,92779574-c457-4cc3-b5f7-89bca6b07458,AUTO,51005.34,4247.259613217961,0.1344,2021-12-01,120,ACTIVE,2031-10-10
bd32ebda-b61e-4c80-b302-225ec930c9f3,CUST00000746,f090f5a0-ce61-4199-ae3a-0ba8ac8d6c7d,BUSINESS,111432.14,70679.94827022064,0.0772,2024-03-29,360,PAID_OFF,2053-10-23
5c798b20-da7a-4b4f-b50b-1168505fc360,CUST00008750,92cf6021-1f33-442d-89ac-908746015028,AUTO,76947.85,66027.25134014121,0.125,2023-08-28,120,ACTIVE,2033-07-06
bf4d4bd8-7222-4838-85cf-dce6e7b4dcd3,CUST00000942,25f98046-0c1d-480e-9873-9636c50e5194,STUDENT,43860.53,11481.874575060792,0.1071,2024-07-03,60,ACTIVE,2029-06-07
523e901f-2f23-4d0c-b6fd-f910e2742d5c,CUST00004024,4ac9778d-8da8-4ee4-8df5-6ac6f96b648a,AUTO,19826.04,13741.88852954389,0.0801,2022-02-07,360,ACTIVE,2051-09-03
5cb9635c-75f7-4b07-ba49-62d177e43d33,CUST00002297,be006ccb-f872-4487-a507-c321f0b6844f,MORTGAGE,1823.58,729.2653794232602,0.0371,2024-07-16,48,PAID_OFF,2028-06-25
f8b03457-ad7b-43c5-b2f0-b15c554047fe,CUST00000940,fffcd743-e3f1-4406-a31d-9c8be0f0fe79,PERSONAL,41958.12,17376.332032067745,0.1207,2026-01-05,48,ACTIVE,2029-12-15
9a86a2f5-415f-4099-824f-8429b43d4bf9,CUST00001611,3fe604f4-2867-4d3b-9c5f-3cba150d28eb,AUTO,30077.47,8446.175599265138,0.0403,2025-11-01,360,ACTIVE,2055-05-28
23e8bb05-05ec-447e-aec4-32d0bf660225,CUST00006301,e6267164-d361-4b3a-bcff-ae922c435667,PERSONAL,33102.64,20669.083061783138,0.0481,2022-05-26,120,ACTIVE,2032-04-03
6d658f44-6928-4f38-a469-db2c1e8343bf,CUST00001726,a29a7e5f-57b6-41aa-b206-4a1cae9e2bbf,STUDENT,3245.02,1171.449796067912,0.1968,2023-11-26,120,DEFAULTED,2033-10-04
cc5015cf-7c81-4d5a-8e5a-43726574708d,CUST00009177,c21c3fb3-a6a5-40ff-93fb-71d0dd326d9c,STUDENT,4352.11,3616.181270395169,0.077,2023-07-03,360,ACTIVE,2053-01-26
0f6eed31-8745-4d05-94e8-9dd00c4bc3d2,CUST00009780,0c9e5550-3cd1-4f3f-b0c5-827854dccba5,MORTGAGE,106908.57,102942.84182347039,0.1252,2021-08-14,48,ACTIVE,2025-07-24
5f9c041d-8323-44b5-bd59-3fa4e9b9339e,CUST00009529,6ed47a6d-87c9-4aac-b5d3-4f2f513bb65c,MORTGAGE,20757.59,19410.166676340694,0.069,2021-09-15,36,ACTIVE,2024-08-30
fee33607-6fec-4ac2-90d2-abfe0425c430,CUST00008854,d2eaef18-4b67-47a1-966e-cfe36d779595,AUTO,61221.34,9986.937586650569,0.1758,2022-03-17,24,ACTIVE,2024-03-06
df823a94-8114-4235-b5b4-aee10836a865,CUST00007188,a8cfe589-9dc8-4e1a-940e-7d01735d88f3,BUSINESS,22982.25,326.12502205435516,0.071,2021-08-16,60,ACTIVE,2026-07-21
89ef698a-ca46-439f-93ba-dc3ecc5bf684,CUST00000033,d91b1cb6-35ea-4d3e-b77d-ff3ad3f04058,STUDENT,23031.87,10098.74583184119,0.086,2024-08-31,36,PAID_OFF,2027-08-16
5570cefc-9327-4b56-885b-841f7df45531,CUST00005986,4be318a8-0b39-4ccf-bc9f-3bc37210045a,PERSONAL,89987.47,65590.40077763968,0.1295,2023-10-28,60,ACTIVE,2028-10-01
135769cb-bc03-4aa7-912e-1621a266530e,CUST00003415,f7e9101d-3f8b-4433-b60e-695c1759ba96,BUSINESS,10157.15,9928.15977876845,0.1766,2024-09-20,120,ACTIVE,2034-07-30
8eec22a4-f966-49c2-9796-b7b190b7f26f,CUST00001157,2f2bdc13-b216-4b5a-9c60-57fee5605cfb,STUDENT,25442.62,19932.315918424483,0.1669,2025-07-25,36,ACTIVE,2028-07-09
28815cd9-8821-4541-9cc1-fb5ec7d4a10f,CUST00003127,17fc695a-07a0-4a6e-8822-e8f36c031199,AUTO,11010.31,6392.028004045887,0.0675,2026-07-07,120,ACTIVE,2036-05-15
d9fafbb9-d8a7-42cb-8374-c273cc707551,CUST00008253,768b4f7e-6421-4e66-9fc6-4cd0721e8b1f,STUDENT,11478.78,302.49928184228395,0.1693,2023-08-25,360,ACTIVE,2053-03-20
77ec2100-ec28-417a-92ec-c3bd16757d7e,CUST00001544,9099a283-eedb-4ce5-a7fe-cdcd2528b516,MORTGAGE,13852.79,11436.041835906166,0.1462,2024-11-26,360,ACTIVE,2054-06-22
30de0010-fe31-4408-a671-cd819c2b05eb,CUST00000272,b636cc4c-5170-4a8a-a00e-0b6064eec4c1,PERSONAL,30736.33,5444.78822070943,0.1982,2025-12-15,120,ACTIVE,2035-10-24
af178dbb-c461-4ac1-92b5-9aa4c07d0001,CUST00005296,96fc734d-a003-4d28-8a8f-3653c9af18f8,PERSONAL,10741.58,597.3018206585441,0.1884,2022-12-11,120,ACTIVE,2032-10-19
77391bee-46e0-4e7d-9158-71366e528655,CUST00004077,ad411244-ff79-40f4-af64-257283d7cafc,MORTGAGE,144876.1,123196.67340518115,0.116,2022-08-19,12,ACTIVE,2023-08-14
fe8db353-e16b-4b8c-a3ac-d21a7387a600,CUST00005903,4458b006-332c-4e0a-8e7d-a698ab95c72f,BUSINESS,5756.52,3259.6344459225656,0.155,2025-07-23,24,ACTIVE,2027-07-13
5497062b-a683-4a72-a6f6-ed64bd2af2c4,CUST00002710,a5c9cf20-3967-46aa-ad2b-2c8276a990f1,MORTGAGE,16642.13,2139.37240330132,0.1226,2023-06-13,120,PAID_OFF,2033-04-21
9341dd73-a5d8-4541-ae82-2ce612b1d17e,CUST00009347,5513b74f-4ffc-4c54-9b0a-31ea9dc6d783,PERSONAL,11389.0,4402.33439088961,0.1271,2024-10-18,60,ACTIVE,2029-09-22
c7f7040b-8718-4322-b43c-6de656fdc504,CUST00005222,33f60730-9665-4f7c-8f70-b88bf06c69d9,AUTO,193004.12,16509.89420620269,0.0383,2024-10-01,48,ACTIVE,2028-09-10
f2d1235d-d1f9-4f96-bd4d-28c8b14d53b0,CUST00009938,1fef4fb0-de25-45fe-91ad-5c228088a7de,BUSINESS,29579.36,18871.95134200795,0.0204,2023-03-19,24,ACTIVE,2025-03-08
66c67afa-057f-41df-a3af-85416eb194b8,CUST00008530,5715bd6f-a416-4293-84c2-e2e3444ea7c8,STUDENT,103545.54,29244.083804176084,0.0287,2024-02-25,60,PAID_OFF,2029-01-29
9faa2180-01a0-49a2-8b37-617d932204fb,CUST00006723,1ca3c448-0279-46a6-8f97-97b06d7ce3c9,AUTO,2372.4,2054.721717251215,0.194,2025-08-25,12,ACTIVE,2026-08-20
022f8a47-04d4-45db-a3d3-997fd4066625,CUST00008202,46a02a9b-65ec-4acd-8f80-35f55bd20c98,BUSINESS,32878.54,11763.811045389395,0.0427,2023-12-19,120,PAID_OFF,2033-10-27
2686d5c6-6d59-4de7-9287-c72e39a8ab5e,CUST00004145,6b352f85-504e-4687-b0e7-e75604d9145e,PERSONAL,83654.14,41378.17042580902,0.028,2021-07-27,60,ACTIVE,2026-07-01
9599b267-390f-416d-9b06-f07242442fce,CUST00005607,1e245a97-273e-46f4-85d4-bf0f0a4fee3b,PERSONAL,24920.0,1583.0030658489004,0.0757,2022-06-08,60,ACTIVE,2027-05-13
8849066e-539d-4223-848d-276cacae8af8,CUST00006767,f7e47c8c-9628-4429-8a81-870a1ecf8aec,AUTO,108903.84,30013.094228176225,0.1259,2025-03-22,60,ACTIVE,2030-02-24
3348eda0-aa57-46e4-a753-297e752f524f,CUST00000731,a99c37b3-a419-4fe4-85db-19d7cfbf3d39,BUSINESS,10138.22,6861.215489199048,0.1907,2023-01-07,24,PAID_OFF,2024-12-27
ece42aa5-930e-4549-924f-7225c519fd78,CUST00004891,6dec6bbd-f697-47a1-99fe-3d53624fea4b,STUDENT,182411.64,134302.8989412585,0.146,2024-11-07,120,ACTIVE,2034-09-16
b703fa9f-e15c-4c37-a4ab-9bae5aca08f9,CUST00001649,ed56c714-5a96-41f5-9f8c-eda5feb9ea24,STUDENT,692696.47,168201.84180513336,0.0697,2024-10-30,60,ACTIVE,2029-10-04
30584d20-2711-4b60-93ac-d71bde03a536,CUST00004229,bd3c83c3-6671-49de-bc0a-8f909b54d227,MORTGAGE,12781.35,6439.50101878392,0.189,2023-01-12,48,ACTIVE,2026-12-22
4ef8a787-34c5-4d5b-a5f5-ed6fc5e2cdcc,CUST00002131,bca37653-50c7-4baa-aa3c-6137e48623dd,AUTO,11290.83,9230.604728576183,0.0265,2024-10-30,120,PAID_OFF,2034-09-08
888e58e7-06b6-45f4-99d4-5a552e7c77b0,CUST00004367,60b61367-f46e-4787-abaf-89c7319fa2f7,BUSINESS,194867.81,74032.2610492953,0.1962,2023-05-31,36,ACTIVE,2026-05-15
0a199083-d83e-462a-b1ca-680c9a178669,CUST00001507,763f56ac-bfee-4533-acf5-9149b1c9d0dc,AUTO,235474.57,31499.731659194982,0.0306,2023-08-01,48,ACTIVE,2027-07-11
5938949e-8a42-4ff0-a098-4689c78ae6ce,CUST00002159,29fb832c-cbe6-4571-b622-e18ee83bcc84,STUDENT,10053.84,4341.955797901428,0.1557,2021-08-19,12,DELINQUENT,2022-08-14
dedcc2ff-53d4-4caf-91bb-797af464a31f,CUST00002917,21d67c73-0b32-4c23-af47-0a44a4fcc79c,BUSINESS,11727.83,7044.070881313738,0.0282,2021-12-28,360,ACTIVE,2051-07-24
a87da2af-3ae8-460a-adaf-ea5450b9e04a,CUST00003230,c342bd2b-f295-456e-9967-5f06bd767e35,PERSONAL,14433.73,106.788358326194,0.1877,2026-03-04,24,DELINQUENT,2028-02-22
29cd4d5c-4d8c-49c6-b3a2-b47b35746477,CUST00009859,74017bb3-c227-4738-a3dc-419dce1e8d1f,PERSONAL,2931.66,1021.8814166356256,0.0396,2026-04-30,36,ACTIVE,2029-04-14
3ba4807e-4565-4d2d-bdb2-69e56c9dda26,CUST00006266,6b382a0a-231d-460b-b362-cd559b0ada0b,BUSINESS,5552.6,3372.8481391024916,0.0291,2023-11-01,24,PAID_OFF,2025-10-21
c5b86c82-379c-441a-ab7d-2448efb18149,CUST00004137,083f64c3-1ce3-42f8-83f7-25feb99b2b5a,AUTO,4884.34,4649.461614081185,0.1801,2022-10-14,24,DELINQUENT,2024-10-03
e0acdb75-2326-43d0-86fc-e65a5af7dfe2,CUST00002690,928b1e4b-4c47-4ded-b2e0-6bb41fef9a77,AUTO,6962.57,2844.5491482730886,0.0372,2022-06-15,60,DELINQUENT,2027-05-20
1f8424bd-708c-4f1a-b1c3-5294e61cf9a3,CUST00007191,fabb6609-7de1-4a85-91c4-194a70c98336,PERSONAL,20909.79,3407.7158469969627,0.1636,2026-02-02,48,ACTIVE,2030-01-12
06822e13-6007-47be-b2b1-068ad58b5423,CUST00002811,4b658517-1519-413c-a6c7-1f155bed83be,PERSONAL,31298.4,16720.20301580576,0.1545,2024-05-23,36,PAID_OFF,2027-05-08
daac1277-be73-41e9-9e16-a0ea71a6de48,CUST00006153,da3465d9-89cd-40e7-825a-2dd465333140,STUDENT,225426.79,64416.23749762182,0.1278,2023-07-27,60,ACTIVE,2028-06-30
0c994ec1-6162-4af8-b565-c8a2bd6aec56,CUST00000013,7b6c7129-cd63-4ba8-b03c-664b3abf9c65,BUSINESS,4926.92,1058.2009180719954,0.088,2025-08-16,36,ACTIVE,2028-07-31
32d9ec3e-6630-4af8-b044-9b5172624be8,CUST00005939,91a07ef2-1c00-4554-8396-3bf97cc9d887,AUTO,96421.41,56927.51470408097,0.1848,2025-01-23,120,ACTIVE,2034-12-02
97187943-6168-44a8-855f-30a134a450e3,CUST00008000,4e583dde-807a-4658-9272-dc48eb4d6df5,STUDENT,15978.78,14634.701500783876,0.1768,2022-10-16,120,ACTIVE,2032-08-24
f8205c5f-17c5-42e0-9fe9-048dd08308b0,CUST00007220,27755e9d-a770-4217-b455-af73c0a7ad9c,AUTO,20451.36,17081.4708836563,0.0967,2023-06-05,48,PAID_OFF,2027-05-15
940bb34d-e9cc-4dab-81b7-4f352cd3248d,CUST00005329,bf06d520-d88a-417b-a543-38df173d5030,PERSONAL,60610.85,11048.905729513734,0.0617,2025-05-07,60,ACTIVE,2030-04-11
29b2b32c-1f27-4a2c-8439-1819b97a08ba,CUST00003622,e63658c9-12d0-498d-b18d-4d05e8e22743,BUSINESS,4088.43,3131.2445539013033,0.0691,2021-07-18,36,DELINQUENT,2024-07-02
f0d1701b-1ecf-4d89-b5aa-d597c1b0f44b,CUST00003684,cf0e6d2b-315c-467a-85d8-a6ad77d0359e,MORTGAGE,39089.71,8985.498255751036,0.0597,2026-02-18,360,ACTIVE,2055-09-14
5bbf785b-9ad7-4864-bd9a-b6d97d3635b9,CUST00007873,b8f91075-a081-45d2-a608-92d6f84006f2,BUSINESS,28273.45,8219.127559146698,0.1174,2023-01-04,120,PAID_OFF,2032-11-12
6a45d1e9-511f-4533-becf-c0dbbfeb32a4,CUST00005311,f1578470-0182-47c4-ba1b-58066160a6b4,MORTGAGE,46105.01,42418.98392537832,0.1763,2023-06-02,60,PAID_OFF,2028-05-06
173e13d9-fc32-4db4-b5d8-053130e423e1,CUST00000653,f7222fbe-ea06-494b-a310-ff72ad62d094,STUDENT,33987.67,30964.471875909916,0.1593,2022-03-16,24,PAID_OFF,2024-03-05
7a5cd426-5c1f-4f7b-81c4-dda8ccbf1dfe,CUST00005800,9a2fc701-f3af-4b09-8c12-6e0e121af952,MORTGAGE,875850.08,147695.2686173416,0.1632,2025-05-14,120,ACTIVE,2035-03-23
f1e4c27a-1cab-47e2-823c-794a415a53c1,CUST00008813,76e5ae78-7bf7-41d3-aa66-2fce7089fc6d,MORTGAGE,8462.42,543.2184454039876,0.1007,2024-12-28,12,ACTIVE,2025-12-23
614996d1-01db-40b4-8422-1bf274faebdd,CUST00003791,d9a3ac28-e346-41b7-9589-9035c0c6e3ff,STUDENT,9931.88,2911.2138271769863,0.078,2021-10-01,36,ACTIVE,2024-09-15
f6295eb4-667a-4b91-ab86-08d1cdac6327,CUST00001646,7a89cbeb-b807-478a-b788-f5d1ffe575f6,BUSINESS,8649.78,5032.226276564547,0.1563,2023-04-26,360,ACTIVE,2052-11-19
5c42adcf-5acc-416d-999d-ed5edb84aa96,CUST00004513,a23036d2-88d7-447c-ac38-704b22c0eee9,STUDENT,9573.79,8395.176776161166,0.1628,2025-01-12,120,ACTIVE,2034-11-21
10b7de33-d627-424e-8f5a-f64ef21b7a7f,CUST00004760,6b65a6a4-8b81-48f6-b38a-088ca65ed389,PERSONAL,8466.9,1006.1842880815682,0.1452,2023-09-01,48,ACTIVE,2027-08-11
a6e997ae-d909-4489-b229-29b66f246189,CUST00005875,bec62bbe-4d7e-44b1-8001-8cbe54492845,PERSONAL,131074.98,54390.67737702522,0.0258,2024-01-18,36,ACTIVE,2027-01-02
b382c1ae-ffec-44eb-bab7-42a14cfa4f8a,CUST00003689,999921ec-9d2f-4e76-beb2-d1727be19731,MORTGAGE,185490.02,50406.87337378603,0.1261,2021-12-08,12,ACTIVE,2022-12-03
cf674365-a4c1-4966-a682-c0fb159e9c9f,CUST00007690,4c1d2e43-0c2b-43e4-83e1-346d49902258,STUDENT,9357.01,139.69049571708965,0.0825,2024-03-16,36,ACTIVE,2027-03-01
040ebf47-78ab-4513-a03d-b91863c279aa,CUST00001380,d8867545-5025-4c18-95fb-f5dccabaef3c,STUDENT,6319.95,4982.94094589871,0.0553,2023-09-28,36,ACTIVE,2026-09-12
bac8f92f-4653-4bd3-b6d8-11eff388fef7,CUST00004244,622c636f-e713-4930-9395-8e5cedd0ce02,STUDENT,44672.94,36331.79685778685,0.145,2023-05-18,120,ACTIVE,2033-03-26
0b9d55cd-52c1-4256-a5b7-7f49a5b95c1a,CUST00009581,c9d6a63b-ca3c-4f5f-9bb5-c40c03cde2e3,BUSINESS,9620.63,2128.362948587462,0.0683,2026-04-02,36,ACTIVE,2029-03-17
2d675be3-3fbe-4756-98f0-2d4124074330,CUST00006508,ce4ba2bb-63d3-4e8e-bcbb-859a95966725,AUTO,56919.75,8608.557222235237,0.1843,2024-12-09,48,DELINQUENT,2028-11-18
84c469b1-20c1-4845-825f-c70f90884400,CUST00007820,09360f02-75ac-4819-b14b-5c03605797cf,AUTO,29863.27,4317.059803150152,0.0737,2026-05-25,12,ACTIVE,2027-05-20
7845a524-b1f0-4f04-a3e5-7b5027dfc6e0,CUST00008594,e58118d1-2687-4443-83a1-beac5107256e,AUTO,2267.39,1051.9492185996476,0.1199,2025-11-29,120,ACTIVE,2035-10-08
98a0db61-0fa9-4695-89fb-4d4bc3254bc3,CUST00002654,98197749-f041-44f7-8e8f-d00b178976de,BUSINESS,224416.24,55317.612908926705,0.169,2025-09-05,12,ACTIVE,2026-08-31
bd66c203-ddc8-4a37-b5b7-215ecd68cb39,CUST00005612,372f871a-45ee-432d-aa07-f2137129cec7,STUDENT,325727.53,166562.61037934248,0.0924,2022-11-25,48,DEFAULTED,2026-11-04
9e181620-5f27-4ee1-8b07-9752a93429ae,CUST00006128,3d51d528-072e-45dd-95e1-7880d8bb62b7,AUTO,8785.14,3380.976390122113,0.1692,2025-12-05,36,ACTIVE,2028-11-19
6b5341c0-2850-4932-92c0-8ee46a35567d,CUST00003924,9bd65068-ba8d-4f8c-be05-fcef842c49fa,STUDENT,12313.45,2596.787224883111,0.1503,2024-02-03,36,ACTIVE,2027-01-18
84c2f2c4-efb0-4e3b-acb5-0ab92c23b779,CUST00008460,4be318a8-0b39-4ccf-bc9f-3bc37210045a,MORTGAGE,33819.68,25405.06594145571,0.1858,2022-04-11,120,ACTIVE,2032-02-18
cf35fdb9-bdf1-4708-a6c0-df52f71de9c5,CUST00005913,0274ce40-e090-46b6-b186-a5a8d6ee526b,AUTO,36376.75,5469.74964777364,0.0787,2023-04-21,12,ACTIVE,2024-04-15
5d7518d4-2e7e-4cef-ab2d-d056cf711c2c,CUST00005131,ed850a6d-7542-4851-b2a2-4da42537e0d6,MORTGAGE,59149.09,47254.344920522366,0.0389,2025-02-15,36,ACTIVE,2028-01-31
c95bc917-1c01-460c-acc9-d15ae10b3781,CUST00005440,e1721c83-ef5e-4376-a723-fb72682b163a,BUSINESS,449237.42,252222.72487735693,0.0975,2023-10-20,360,PAID_OFF,2053-05-15
343e623f-7f5f-4a4f-87ac-c717299152e6,CUST00007881,00c59f30-d103-4424-8124-1bb4655ce508,PERSONAL,16891.73,14054.546764061972,0.1614,2024-01-13,24,ACTIVE,2026-01-02
5f88fe99-a014-4ab9-a755-e34c4e5a4392,CUST00006450,3e612d66-05bf-4618-a930-b0c4d5576899,BUSINESS,6651.21,31.653374903352958,0.1011,2024-02-17,36,ACTIVE,2027-02-01
9f35ba40-43e2-4caf-9767-a0d7e8b2f81a,CUST00001726,db19de67-bc3a-4abb-a5aa-9765a8d3bb7d,BUSINESS,2782.27,2084.444740856853,0.0672,2022-12-04,360,ACTIVE,2052-06-29
069ccc0a-c884-4f88-874a-588f5231d2a5,CUST00009305,467248f6-aaee-4d68-9e09-f48e7e32e5d0,BUSINESS,7358.45,379.0749171586695,0.025,2025-02-07,36,ACTIVE,2028-01-23
7872d73f-e389-4caf-874b-927e54e28fa6,CUST00007523,80b9ec30-ed94-498b-9b92-3c67129538df,AUTO,20958.71,19912.843523685162,0.0763,2023-08-07,60,PAID_OFF,2028-07-11
24f384ef-df3d-4d65-bc25-bce108c2d2ce,CUST00004785,74246baa-2dca-4c82-8660-a3e9736d417c,MORTGAGE,325083.32,228448.8859810966,0.1484,2026-07-16,12,PAID_OFF,2027-07-11
8a1b0744-0be7-4352-a85c-0862e9e02d8d,CUST00009473,df495037-b40a-4181-ac09-bdb799086e47,AUTO,10133.31,3244.405074276313,0.0466,2026-05-07,12,PAID_OFF,2027-05-02
b8f73fad-9937-4931-8333-59b960857b5f,CUST00001233,7dd12d57-0b84-4c50-96c1-b18366dc3989,PERSONAL,30812.69,9855.454082403301,0.0814,2022-09-11,360,ACTIVE,2052-04-06
19a12723-287d-4f8e-ab74-18988673cf07,CUST00008809,123c6a29-969b-4b4b-bcce-3ef8a41bc4c2,BUSINESS,21490.49,18513.89337141932,0.0236,2021-09-25,24,ACTIVE,2023-09-15
3902d8a7-e5ae-488f-9942-339503d301cf,CUST00008339,35eb728f-5775-4d0f-9256-e276fba75385,STUDENT,130952.5,118229.17192119679,0.1499,2023-07-23,24,DELINQUENT,2025-07-12
10fab909-fcfa-4e61-ab7d-71bc17956e87,CUST00007447,ec95b3ac-0beb-4c34-8566-7c4879ba630a,PERSONAL,975200.76,869462.9412646765,0.1785,2023-11-10,24,ACTIVE,2025-10-30
76e51a12-79c6-4757-b7fe-b7351cc6f0a0,CUST00004617,697c3923-87fa-441a-be83-b91f25440fe0,MORTGAGE,9933.78,8033.848143489534,0.1223,2025-06-02,12,ACTIVE,2026-05-28
e5ecb9dc-db2c-44c0-aa42-79c3fbbe0e9d,CUST00004726,a9488d99-0bbb-4599-91ce-5dd2b45ed1f0,PERSONAL,10570.7,8657.741782655048,0.0247,2026-05-24,60,ACTIVE,2031-04-28
db5ed35a-2268-445f-b0bf-17838966f42b,CUST00003678,49c3f48b-f881-4f18-9f34-fd6c7bf75b57,AUTO,105476.27,60413.42197124725,0.0592,2023-07-31,60,ACTIVE,2028-07-04
002f4aee-a308-41ea-8f36-7c1b9a6ff965,CUST00006288,54e14f3a-bba4-4ae0-adf8-f7672261ddef,STUDENT,61257.23,1729.3561036432452,0.0989,2024-06-20,48,ACTIVE,2028-05-30
e648d7ae-7830-4c6c-b9eb-17974fb9ef37,CUST00008481,bb7b6c05-2852-4ca2-b9d2-014a22ee7f07,AUTO,351533.75,30503.73724200621,0.1258,2022-03-10,12,ACTIVE,2023-03-05
52a80809-20d1-4fc0-81c1-aee2e7235658,CUST00001410,f80b2cea-658e-44a2-9879-cf35f4719986,BUSINESS,52885.91,34352.21468830385,0.1093,2024-06-13,48,ACTIVE,2028-05-23
f4f7bfdc-5d96-4459-8a3c-8743a80824f2,CUST00008206,a5fcd671-125d-4206-82f8-65f8226001c6,BUSINESS,12849.52,5154.77975092534,0.1849,2024-05-17,36,PAID_OFF,2027-05-02
18ad8eeb-b760-4067-ab1e-5b379d15844d,CUST00000257,a5d04d53-1e12-42e3-b272-92b6762172ed,PERSONAL,53422.23,30306.94558003431,0.189,2023-12-19,24,DELINQUENT,2025-12-08
d4c2459b-bfac-4af7-be28-40a17a506f60,CUST00001722,297a8503-d833-43c3-b88f-a199ccbcbf4b,BUSINESS,116198.52,26850.877753809877,0.0393,2026-02-06,48,ACTIVE,2030-01-16
2036971a-323f-4f19-923c-c117da1a9b09,CUST00001424,4a9ff50e-8800-41b6-b3f6-21a826330c43,BUSINESS,75412.12,48973.925828841224,0.0449,2025-12-24,120,PAID_OFF,2035-11-02
ce31ce5c-213b-4241-83c5-9c143824c62b,CUST00004954,eb93f78c-620a-4158-9d2d-904f78c59073,MORTGAGE,47141.6,11447.373240544788,0.0844,2026-01-25,48,ACTIVE,2030-01-04
a8c1fb64-39bd-43ed-a481-2414f139dc4b,CUST00002991,11730df2-2956-42c6-8bac-fa4aef1e4acf,MORTGAGE,109099.11,50274.26613572092,0.0958,2022-03-20,12,DELINQUENT,2023-03-15
b79ee140-1844-4abd-be41-635f150a5643,CUST00001196,9a1de644-815e-46d1-bb8f-aa1837f8a88b,AUTO,127254.38,60919.20401613812,0.1255,2021-10-17,24,ACTIVE,2023-10-07
9d719800-e30d-4d83-8844-cc496761f64e,CUST00004560,81d2c7de-4ce1-4b90-a669-7833b841d0a0,AUTO,175122.06,31113.626405987026,0.1592,2022-10-28,24,ACTIVE,2024-10-17
402bf495-39e9-46ef-bff1-80d21af03c73,CUST00004366,b4a69f3c-8d3a-4d99-b11c-21c9bdc14f1f,MORTGAGE,58282.95,51067.97110666448,0.0444,2024-07-26,60,ACTIVE,2029-06-30
4d156c62-a8cc-4e3b-bae3-438e2f43b2f0,CUST00001245,099396ff-da1e-42b2-9e6a-7c6e961b9221,PERSONAL,17142.62,9013.950555688712,0.1645,2023-06-23,48,ACTIVE,2027-06-02
764f6842-f955-4aad-b5e0-bcbf5420d149,CUST00006767,f2491816-154f-4eb4-9316-7cb55e7e00e5,MORTGAGE,27448.6,23792.00120711848,0.1298,2022-05-15,60,ACTIVE,2027-04-19
8453d803-8519-469e-973d-a9cbab196705,CUST00005303,a8835c66-1eca-40c0-84c7-2b2ae598e5c2,AUTO,134559.73,35326.732301293756,0.1966,2023-08-06,48,PAID_OFF,2027-07-16
44482593-e232-4c25-bcd6-2aba93c1392f,CUST00001307,96b93974-f587-43c5-999a-e3daaae39bc0,STUDENT,6467.83,1114.6395981772037,0.1372,2024-08-22,12,ACTIVE,2025-08-17
53f42383-21b7-4e70-a647-bcfcc2886352,CUST00002403,93c09687-29e7-4176-a796-17c47520d99e,BUSINESS,38292.52,689.9028393267675,0.1489,2021-08-06,12,ACTIVE,2022-08-01
252d3404-a944-45e0-9ff0-f8eb6c0990b6,CUST00000497,f165d779-0154-4950-976d-e21f1b46ebdc,STUDENT,12209.77,1146.0659063889166,0.0551,2023-08-17,36,ACTIVE,2026-08-01
d9caa609-ef43-4b80-bc85-630c94517f78,CUST00003400,eb3cc270-e188-43d7-a573-dc3049b49625,STUDENT,22996.96,3391.3756017532182,0.1584,2021-11-26,48,ACTIVE,2025-11-05
ccbdd15e-e7f0-416e-bf78-bad808c2fd6f,CUST00000910,8356ed61-63ff-44b5-866a-0c09b4cb22f4,BUSINESS,149893.12,11819.906274188472,0.0343,2023-10-23,48,ACTIVE,2027-10-02
cb505aa3-0c4a-4f81-a1c2-e70c629153bf,CUST00000373,98159d6c-9d71-4084-971d-abf9daf481a7,MORTGAGE,29338.29,26312.90485587709,0.1382,2026-03-14,24,ACTIVE,2028-03-03
03aa96d2-2ea2-4aec-bac2-84dd32a95261,CUST00006237,61d15db2-a67a-470a-9175-3cd1dd69cf6b,PERSONAL,23615.41,21523.98933175101,0.03,2024-06-16,360,ACTIVE,2054-01-10
d5db677f-08bb-429f-a277-279b2498a9f2,CUST00001345,c21f84fc-d0bc-4ad5-85f8-0d9b00060d5a,STUDENT,2864.69,2685.2534736395955,0.0407,2022-06-05,24,ACTIVE,2024-05-25
65924c9f-2971-4f1f-bce2-6218cb763127,CUST00008516,4052e3a5-66fd-4215-aa10-7fb733383ec9,PERSONAL,67466.09,64758.05758788936,0.0394,2026-01-02,360,ACTIVE,2055-07-29
7b142917-9274-46b6-82ff-975452917b6d,CUST00002432,54ce26be-c8cc-42c2-a518-a4186f14b3f6,AUTO,58001.62,28527.227063864553,0.0294,2023-06-05,60,ACTIVE,2028-05-09
30104525-5809-4249-9b90-f2327bdd41b3,CUST00004671,f65e52fd-2e03-49cc-8827-f0b5efa99c7e,STUDENT,565170.13,299554.0928975599,0.0778,2026-06-21,36,ACTIVE,2029-06-05
f88505f9-d126-4905-9e99-3ecda0f35470,CUST00002785,49a5baeb-d1f4-4c8d-951b-1974de668dd0,AUTO,13881.78,1816.1592267637686,0.199,2026-02-01,12,DELINQUENT,2027-01-27
fe2181fd-73bd-485b-a7d9-20b393c379fd,CUST00009408,175a81ec-112f-4612-b969-9ed2ec48bf55,MORTGAGE,30599.09,4193.6676378586235,0.0827,2026-04-13,48,ACTIVE,2030-03-23
43472a28-9f0e-470b-b404-7ec736ff812d,CUST00001696,7d4ed26e-dcd5-4fae-abb3-16a743299780,STUDENT,32018.7,24742.65658239703,0.1569,2024-10-29,60,PAID_OFF,2029-10-03
beb5ba0f-1e29-44f1-b09a-dc958bbec119,CUST00001908,ae7cfd14-7577-4730-868d-a4b2f613bda0,AUTO,234727.35,200863.02023851784,0.0438,2022-04-24,36,PAID_OFF,2025-04-08
83b5ad03-c4bd-43eb-a7cc-427447808b87,CUST00004815,0b961346-6498-4a39-97c8-f02c2ea5312a,AUTO,19092.61,14982.246585411496,0.1018,2026-02-12,24,ACTIVE,2028-02-02
ff26cb58-5656-411d-965c-978aec83c4d7,CUST00000781,c60fb252-4df7-42ae-a267-e12b65e5f13f,MORTGAGE,33474.27,27936.817840324606,0.0533,2024-07-23,36,ACTIVE,2027-07-08
574aa942-415a-41ff-afb2-a0d7e47ca3af,CUST00001020,f891b0c3-dd3f-487e-92bd-c6619fe0a8c7,PERSONAL,54821.89,15162.107409675555,0.0546,2026-04-20,60,ACTIVE,2031-03-25
c5a24d77-7cc3-4e98-9f39-7fa5ce96cc5e,CUST00001404,d92d9519-9e24-4724-a47a-7b03768ae6fb,PERSONAL,29141.36,13581.790804514629,0.0379,2024-04-13,12,ACTIVE,2025-04-08
18b47298-a9ca-403d-b4d1-20248c84c302,CUST00001427,ee403b9f-27b2-45c1-b6b0-d0b9afad328e,STUDENT,11275.07,5177.505191739826,0.0978,2022-08-14,24,PAID_OFF,2024-08-03
c3659e51-57a5-43b2-9b30-ddadab02e104,CUST00008856,1b41a61e-85d1-41ef-8344-edb3ceed0ffc,MORTGAGE,29470.2,29331.200947267414,0.0336,2025-04-19,120,PAID_OFF,2035-02-26
c82e27a3-1028-4c78-834b-033d84e1f69e,CUST00005869,6601ddd0-3170-4437-a8f7-ef5a060edf5b,STUDENT,110243.59,104640.79248665423,0.1838,2025-03-20,24,DEFAULTED,2027-03-10
068187e9-a46d-4b51-ad30-0e335d8c4fea,CUST00000011,a6d5dac6-ca41-4052-919e-af98b6b84329,PERSONAL,4723.13,2826.727683843862,0.1006,2025-11-13,12,ACTIVE,2026-11-08
1836a027-2050-4d45-8b16-f0a7f6fa16a1,CUST00006331,949077c2-7674-456f-a26d-719d81cf3252,MORTGAGE,26888.51,3709.891970184865,0.1709,2023-07-17,360,ACTIVE,2053-02-09
d47ffd35-751a-4b9a-b99f-5c063a24de17,CUST00009231,3bbdf80c-cef6-4a14-afdc-c21bdb2c0eb7,BUSINESS,7706.5,1992.8703717073136,0.1963,2024-02-12,24,PAID_OFF,2026-02-01
b67333e0-8ceb-424f-9eca-85b31c7378e6,CUST00002826,aee7c7a5-8629-4fbe-b09b-48dd63329992,MORTGAGE,132265.95,48113.26764313652,0.142,2025-02-03,60,ACTIVE,2030-01-08
58fde70b-df91-47d5-a055-25c64bb3e035,CUST00007465,dd750e98-90e0-495f-8212-b554464458b4,MORTGAGE,2242.22,1957.9326475978016,0.1823,2023-10-18,360,ACTIVE,2053-05-13
8da4f916-6fa8-4369-b3db-49d04e998b76,CUST00003004,329fc417-1081-4d45-bf45-f8a20594b24f,BUSINESS,9524.45,1625.180305677287,0.0444,2022-06-24,24,PAID_OFF,2024-06-13
f75ef2cf-153d-4754-b086-424afbfbd9f9,CUST00009268,a52964ff-c74c-4890-bc6a-3174113634a5,AUTO,38786.12,8523.130277967679,0.1694,2026-02-15,48,DEFAULTED,2030-01-25
2ebfaf4c-8135-42e7-b8c0-0141ddf194d4,CUST00007196,9de2fd3f-f952-41e8-9029-733c9e55f98d,AUTO,230564.53,80555.71722404858,0.0688,2023-09-17,36,ACTIVE,2026-09-01
e2b845b7-f0f5-4dc1-91ed-43ba65c65e05,CUST00006721,2f2bdc13-b216-4b5a-9c60-57fee5605cfb,AUTO,19957.79,18499.07889400461,0.1051,2023-01-18,360,ACTIVE,2052-08-13
244700ca-31e3-460a-82ca-a526ffa0a1af,CUST00003089,230f1e69-034d-42fd-a4ca-abcbd2c4c286,PERSONAL,9577.78,4825.401366796265,0.1364,2022-10-11,60,ACTIVE,2027-09-15
c6a22085-38cb-405e-ae3a-1f32d70b1463,CUST00001790,bcda835f-71a0-4ff8-ab8d-a34058c158e2,MORTGAGE,370176.65,239443.59712695275,0.1826,2024-03-02,12,ACTIVE,2025-02-25
be9dd48c-bbc0-48ed-b2dc-80ee0447b659,CUST00003037,8ac35ac4-5dea-4737-bdab-3441d2c2a960,BUSINESS,2509.85,971.8724122303873,0.184,2021-10-14,60,ACTIVE,2026-09-18
c7a9ff30-99d6-4609-868c-10055a9b9519,CUST00007378,787f2425-dbcc-4477-89e9-db0adf465290,PERSONAL,813.86,153.43060534673674,0.0366,2026-04-13,48,ACTIVE,2030-03-23
87d2e18f-dc24-4f84-9019-19b726da7a1c,CUST00007599,204054fb-92be-47c4-a784-cabe3190b8f4,BUSINESS,42617.56,9495.215271038147,0.0856,2025-07-31,360,ACTIVE,2055-02-24
887cedb9-ccdd-46b3-8c07-e0e386695d31,CUST00004839,93829b43-922f-415a-a1e3-db63ef7ddc76,PERSONAL,10372.56,8325.755392999676,0.1628,2026-01-07,24,ACTIVE,2027-12-28
b195fa9f-3afd-499e-8a19-de1f5cd70899,CUST00005873,cfdfc6f9-eb0f-427c-a82a-3879f2b5a7ea,PERSONAL,4760.7,4253.599939829254,0.1466,2025-08-10,24,ACTIVE,2027-07-31
2ab05af8-87e7-49e2-bf46-d9d3f2794e8b,CUST00003654,a33b3dfd-9048-45c6-b820-5aa7996f7e88,PERSONAL,63737.9,31427.606847751686,0.0247,2022-01-07,120,ACTIVE,2031-11-16
ae2e7dd2-19a2-4602-a8a3-d3a35fdd67bb,CUST00004300,96bf02dd-52f6-4f5a-b2a0-f8512121cc4f,BUSINESS,31751.68,11335.175997637527,0.101,2022-07-17,60,ACTIVE,2027-06-21
dbe38b89-a262-4fd2-a289-499e2a6716d4,CUST00009269,7f05fbf5-efca-4577-9aa6-f7cb90c7e6ac,STUDENT,9451.06,7634.8983454273475,0.1693,2024-03-07,24,DELINQUENT,2026-02-25
ee3f0127-d7de-4f4d-b9ec-02ca9e4152f9,CUST00000974,771ad655-cdfc-4ee0-a61e-de900267deb3,PERSONAL,3227.76,2172.588391215216,0.1528,2022-06-28,24,ACTIVE,2024-06-17
8a73483e-26ec-41dc-b751-68f6c0485d0b,CUST00007084,4fa03f26-f6f7-40cc-a9ec-8e49d1bdb8c0,AUTO,81526.71,3332.3209090177434,0.0941,2025-05-13,48,ACTIVE,2029-04-22
6c8c4bac-9c13-4aa7-b483-6de8f1337e7d,CUST00005495,085b15fb-4a8f-4810-b84c-2f29980402a2,MORTGAGE,58413.47,20487.992974664096,0.1523,2021-12-18,12,ACTIVE,2022-12-13
0c858238-4746-4fb7-b3c3-2015dbb93bf6,CUST00009492,6c4c450b-623a-40fc-9326-7d25234b4562,STUDENT,18981.81,12948.877860010682,0.1192,2026-07-01,120,ACTIVE,2036-05-09
669f9a4a-f2eb-4d5a-b819-fa11f584be73,CUST00003407,cd0d4d73-ca1c-4218-819d-11c545e18b77,STUDENT,351496.66,201646.5407416787,0.1843,2023-07-22,120,ACTIVE,2033-05-30
85915047-e6a5-47d0-a3c8-1fb94be730a1,CUST00005151,94fb09f0-53c9-4ae7-bcf0-7bb3f343d9eb,BUSINESS,4424.32,4327.282755874519,0.1257,2021-09-08,120,ACTIVE,2031-07-18
79fee842-e4cc-4065-abd7-f764f8d592a7,CUST00009351,3d9ffe59-9bc0-4a93-92cd-adefb9d276f4,STUDENT,2234.36,1935.2135564914602,0.0921,2026-01-10,360,ACTIVE,2055-08-06
b8b758b8-22d8-408b-9269-6eeb77cf1eb6,CUST00003130,ab0b4cc5-15f0-4a19-98c1-80d2aadf3692,BUSINESS,7802.02,466.0802362834129,0.1753,2022-12-28,36,ACTIVE,2025-12-12
132ab649-0017-4ca3-8ccc-5afef02a2956,CUST00000105,dc05ae03-d3f4-41e7-acba-1bc6289a5e38,BUSINESS,20570.66,14929.547659930802,0.029,2021-10-15,60,PAID_OFF,2026-09-19
ab09ec62-8e46-4d8b-b555-d6ee40571cf3,CUST00007434,b8fc7513-1b3f-44b0-9550-9b75c7cfb659,AUTO,31729.72,10671.549237794612,0.1821,2026-06-09,12,DEFAULTED,2027-06-04
bbc41107-ec4d-4550-b570-f44d4fc55e4c,CUST00007690,2e2bdc6c-b736-4c4f-9cc5-d97550fe8199,PERSONAL,15338.88,10462.384732710962,0.1453,2025-01-12,36,ACTIVE,2027-12-28
111ac671-f593-4884-980f-65609cf540d9,CUST00003568,848be725-da6b-4060-bdcc-4915934a85d9,STUDENT,37349.81,23053.221017842294,0.1893,2026-03-12,12,PAID_OFF,2027-03-07
23eaea4f-690e-4ee8-8152-caf60f29301d,CUST00004349,05000bc6-b20d-4b6e-b231-1f1795863a76,PERSONAL,3370.08,1695.3196173455863,0.0651,2022-04-11,60,ACTIVE,2027-03-16
2906567d-d28b-429a-bb1e-5e1324cf8629,CUST00004391,d61169a1-ff46-46bf-894d-916deb6d2fed,PERSONAL,192076.1,163831.2238942798,0.1451,2024-08-17,120,ACTIVE,2034-06-26
f9f8f5f4-ce96-4887-b8db-37f6c3bc5ca7,CUST00006812,90ce82e8-e9a5-4368-9812-9eb27c13f47a,PERSONAL,19472.79,13800.168821697278,0.1657,2025-04-11,48,ACTIVE,2029-03-21
642830f3-3e12-4f2b-ba74-ed0bf36ee0b7,CUST00001182,f3d6b9f2-d4d7-40ca-b08d-16769d09a404,BUSINESS,117705.82,104705.81418765258,0.1464,2021-11-17,48,ACTIVE,2025-10-27
6b44312a-a565-4d41-a8d1-41dbc94bcc99,CUST00004645,9a069295-3b8d-4447-8e61-065f171b1b80,PERSONAL,36830.74,10371.674466239641,0.0579,2025-07-03,48,ACTIVE,2029-06-12
3fa27ffd-3180-4811-9767-10d764188dde,CUST00005874,c3cb0c28-474c-4a29-bfc5-ae23b9a6bd75,STUDENT,43701.16,15213.576652712642,0.0696,2025-04-01,12,ACTIVE,2026-03-27
39ef20ea-120e-4c83-99b4-4b98d5969658,CUST00004395,0b34fc84-1111-4e29-a8ad-153985f0786a,BUSINESS,51774.39,32201.15174611364,0.122,2024-11-06,60,DEFAULTED,2029-10-11
23f3e5c5-46b6-46ea-b2f4-f240f69e963d,CUST00003535,ff37d19c-2e76-428b-8735-44f9ea83bf00,STUDENT,43112.27,41666.47576893724,0.1004,2025-10-22,24,ACTIVE,2027-10-12
b9d9c1dc-1f9b-42b4-a6c4-ce9be483f4f1,CUST00005845,7b011fdd-94c0-49e0-9c9c-4570bedd62a7,BUSINESS,57761.87,21463.27691624135,0.1523,2025-11-23,24,PAID_OFF,2027-11-13
ac1cfcfc-f1c0-46ba-95ff-7d9dbd5a0760,CUST00005940,205f9619-df73-421d-87b2-e24dcbad3916,MORTGAGE,161737.32,5223.0884149338435,0.0882,2025-03-13,48,PAID_OFF,2029-02-20
2474e10f-7181-40c2-b4b1-58aa26df6494,CUST00006476,93829b43-922f-415a-a1e3-db63ef7ddc76,MORTGAGE,29577.87,13188.41598003643,0.1747,2024-05-12,360,ACTIVE,2053-12-06
53d509af-c2b5-4c1b-8685-38bcac17cb47,CUST00001775,fab6ad91-bacf-4cfc-9245-1cc41bfb3b3d,MORTGAGE,63799.82,34702.60818203042,0.0977,2022-08-18,12,ACTIVE,2023-08-13
85475ee1-1e06-496a-a302-7b2102c1c269,CUST00008284,0cb68029-3276-4b75-b2b9-fc5651f37a1f,MORTGAGE,19252.5,15421.010085987955,0.0272,2022-02-17,24,ACTIVE,2024-02-07
c58b6161-1a44-4b3b-8634-a7cd4fa83870,CUST00000447,702cdd20-2862-48b8-88f4-ef125e9953d2,BUSINESS,191028.1,139183.16535284594,0.0231,2022-07-24,12,ACTIVE,2023-07-19
3b7039b0-789a-4f00-9933-ca27a0e85f89,CUST00000109,f6eab3a0-0153-4221-a331-0a28c550eca8,PERSONAL,7985.73,7703.535709292838,0.1364,2025-08-07,60,ACTIVE,2030-07-12
d27e5846-4c7f-4cd6-b032-97d2a911610c,CUST00003240,c528ac36-2545-434c-b14c-d65e079e8b0b,AUTO,328210.57,256884.7549714113,0.1173,2024-01-08,360,ACTIVE,2053-08-03
9c2b4ca9-be2f-4685-8a8f-fb2c1ff71e8c,CUST00005932,90ce77e9-7513-43b9-87de-96ea2b0fbe44,AUTO,20738.83,6193.204389516518,0.1177,2022-04-21,360,ACTIVE,2051-11-15
e1568c60-1205-49cc-a757-59a074516c96,CUST00004054,d10bf4dc-0de4-4af4-9347-94cc5d04032d,MORTGAGE,2575.6,1651.939128960525,0.1622,2024-09-20,48,ACTIVE,2028-08-30
b8525de3-e916-4e82-8116-8b7efa9f4841,CUST00004538,79dbf407-c5c6-4b7d-8ad0-4982ceb28a32,PERSONAL,26693.0,17944.13417533417,0.0876,2024-04-05,36,ACTIVE,2027-03-21
f311a3a1-45a8-4731-a00f-6ea257647ecf,CUST00006362,c28fa16b-0aa6-4cb9-81bc-be59d296a12d,STUDENT,7930.11,7914.412464783377,0.1992,2022-03-15,48,ACTIVE,2026-02-22
d685b08b-61aa-489d-8a7d-1de0fceae86b,CUST00001246,57f479b5-b212-46ee-8210-63710260a123,PERSONAL,77727.57,10783.760706533141,0.1902,2024-07-01,36,DEFAULTED,2027-06-16
a07c68c2-1ce2-4c5b-8165-53a1e4203a34,CUST00002721,519554e3-0737-4c86-b97b-5f515ffa46ef,STUDENT,8275.58,1583.3295035550902,0.0223,2024-03-29,360,ACTIVE,2053-10-23
2b1feecd-95c1-47e6-ad08-79b4776e3a29,CUST00008470,6e4c1501-808f-4cb9-a59d-12db268f090a,AUTO,11279.3,1754.0850448672052,0.1812,2024-10-06,24,ACTIVE,2026-09-26
dd91cf6b-b102-4282-b5b2-e008e0516aaa,CUST00007742,c44b04e8-f51e-4df3-86c3-998e8f14aac7,PERSONAL,1294.25,762.3910527592986,0.1425,2025-09-15,360,DEFAULTED,2055-04-11
4a85fbd1-c22a-4772-bcbf-f645cb61716c,CUST00005106,86e5edf4-6bfd-4189-b705-10f894ba0d7c,PERSONAL,11176.19,1512.1504904911333,0.1104,2023-06-18,120,ACTIVE,2033-04-26
16acb78e-1a61-4efe-85d8-cc0839819354,CUST00002923,9bd65068-ba8d-4f8c-be05-fcef842c49fa,AUTO,580.67,380.9239963295966,0.1249,2022-05-04,36,ACTIVE,2025-04-18
f5b127e1-9a72-4bf3-bb54-93e6ff630fac,CUST00002514,9b02c535-2649-4478-9396-6f0a6b77af9e,PERSONAL,2047.03,1645.3495953405818,0.1715,2025-06-21,120,ACTIVE,2035-04-30
3dc559fc-5cd0-494c-9d76-3717995b2485,CUST00009031,c01d1c62-ba0d-4f1f-a325-85b486daf596,STUDENT,68914.51,29825.712303182925,0.1912,2026-03-30,12,DEFAULTED,2027-03-25
7e99a2c2-aa37-44fb-9997-5545de8e7602,CUST00002802,5c56d9bc-5111-431d-a3be-441dbd5a0c9e,PERSONAL,71589.25,40139.02449865532,0.1209,2022-03-21,360,ACTIVE,2051-10-15
6eb6d54b-f697-4fbb-b39b-feb6d632919d,CUST00006982,95a15905-591c-44b6-94aa-600af487a21f,STUDENT,41697.08,38057.84572476362,0.0526,2026-01-31,120,ACTIVE,2035-12-10
1aedbcfd-a357-44ea-8e80-c78a6bf2d5d9,CUST00008222,b4323070-a23d-4c2f-82a7-96891933918c,MORTGAGE,5164.36,2941.443442100544,0.1352,2023-03-11,36,PAID_OFF,2026-02-23
d7a29c6c-47bb-4bb0-851b-2775dd7b99a6,CUST00006503,71f34593-a737-419b-a1e0-9bf146748ee4,PERSONAL,20505.18,4277.494393474322,0.0337,2026-05-23,24,ACTIVE,2028-05-12
e79c797d-469f-4152-bb81-5c56b95b7efe,CUST00006039,c1ff9427-9477-49d7-9265-80c067dfc9af,STUDENT,21907.76,7518.6073697855445,0.1343,2024-10-14,24,ACTIVE,2026-10-04
542e2e6a-8200-4972-a3e8-6f41406d7f7c,CUST00006230,beed10b6-4f6e-474b-9eda-b0276550f74a,AUTO,3875.59,2053.465096964411,0.1656,2021-10-26,360,PAID_OFF,2051-05-22
4051dbda-d617-42cb-aabf-1a086b6de0da,CUST00009450,a34db7c5-760d-4bbb-bb70-b3a124a35cf2,MORTGAGE,210049.28,32536.147310753764,0.0836,2022-06-15,48,ACTIVE,2026-05-25
034f2029-1545-4b48-9b4e-279bfbab907a,CUST00000365,27b608dc-589d-4cb0-b5eb-89c23f5cf2f3,PERSONAL,82128.75,50305.48842806548,0.0328,2023-03-24,24,ACTIVE,2025-03-13
7c4cec7d-ce55-454e-b68d-6f3819e3b84f,CUST00001801,a8cfe589-9dc8-4e1a-940e-7d01735d88f3,STUDENT,15812.46,15800.53885807248,0.1446,2022-09-14,12,PAID_OFF,2023-09-09
38ace486-7eb6-40a9-95f5-f2ac3e247c2b,CUST00005959,9bd65068-ba8d-4f8c-be05-fcef842c49fa,PERSONAL,22932.92,14964.53214819394,0.0811,2024-05-23,36,ACTIVE,2027-05-08
44087701-aa66-40ed-af0b-5b2b97514f49,CUST00009097,ffa361be-0f92-40e1-87f9-7d05f6ca6b8b,STUDENT,30108.84,11212.867549347768,0.0648,2023-12-19,60,ACTIVE,2028-11-22
d385d453-c7ea-4fd1-bf4f-38081a9d7acc,CUST00007437,fda2f9a0-2b68-48e3-bde7-f41a1cc6d08a,PERSONAL,1030.09,341.72874361574566,0.1441,2023-09-04,24,ACTIVE,2025-08-24
9b4cccb0-8f88-4e63-bce4-858eb5622984,CUST00004794,94e74f26-29b0-4b37-8271-0779d864465a,MORTGAGE,15202.79,14162.969676900659,0.1945,2024-08-01,120,PAID_OFF,2034-06-10
9b4bf636-6035-448d-90cc-7a42d660a275,CUST00008161,b8b791b0-4de8-4d1e-9fa0-bc178db969af,MORTGAGE,7919.03,6901.547812521093,0.1542,2025-07-18,36,ACTIVE,2028-07-02
aae50490-ecdc-4b27-9ed2-1b1584db01dd,CUST00000180,ac5f12ef-8085-4147-9e91-0f365f705b25,PERSONAL,4902.84,2315.8987374553244,0.1084,2024-08-27,48,ACTIVE,2028-08-06
1b98a0e3-9a06-4a93-8ac7-256b61f13c8c,CUST00003874,893ad232-98c3-43ca-bff4-cec6e7b7b4c6,PERSONAL,14448.55,5106.328005910581,0.1281,2022-11-05,60,DELINQUENT,2027-10-10
a48687d4-cb29-4e19-9694-a5279720b88f,CUST00003961,98e52499-218c-4e1c-9e37-4f7ac42cbc39,BUSINESS,326612.52,232046.53003543205,0.0456,2026-01-26,48,ACTIVE,2030-01-05
184c4178-935c-41d1-993c-5319f43e075b,CUST00001187,2cd94cbb-c19a-458c-835b-1c8c0a4c9f7f,PERSONAL,57599.22,18115.097279995756,0.1664,2023-07-19,12,ACTIVE,2024-07-13
3d15d3ee-c397-43ae-b77b-97421e12bbed,CUST00000774,811414f8-d9df-4d0e-a25a-ed6cf0458043,PERSONAL,9350.93,1116.5312665672482,0.1288,2026-02-13,48,ACTIVE,2030-01-23
b5950807-ac30-411d-9482-e11e5c56e3aa,CUST00004461,b5878d33-1d5b-48b0-8027-b28302bfaf1c,MORTGAGE,51993.51,16125.902151821534,0.1938,2024-05-20,36,ACTIVE,2027-05-05
d0b66c10-6bfd-41bc-9a93-03eae75ec164,CUST00000353,54c63cd8-8945-4f27-97fa-2d8dfb2ca025,PERSONAL,179698.04,78042.13676633623,0.1963,2026-06-05,60,ACTIVE,2031-05-10
0a349670-be8b-45f3-b7e1-c9a264cc7a90,CUST00006944,546252e7-f43b-4052-8459-bd6ec0f63229,AUTO,88163.69,22518.009374612924,0.0838,2025-06-05,360,ACTIVE,2054-12-30
70b3e6df-c9c3-4dd8-a5a7-970558e8f1db,CUST00005203,445dcc38-341c-4494-8d36-6dfcc28ebd70,PERSONAL,24087.43,5222.485444155343,0.1979,2026-02-24,48,ACTIVE,2030-02-03
dd088545-92c6-4b94-b5f3-405dda2bf1b7,CUST00005345,a9f948b2-4e63-44bb-be49-3f43b118f68d,BUSINESS,8346.48,51.24874487764644,0.1922,2026-06-09,48,ACTIVE,2030-05-19
6610ba20-f0b0-4031-898a-ef7285d3f3ee,CUST00004508,9a980457-4b21-4512-a8e9-31d8963d101f,STUDENT,62776.43,39602.057707816435,0.1352,2021-09-17,360,PAID_OFF,2051-04-13
be901a64-a0cc-4d31-8e22-efcfd02b4c3a,CUST00004831,4ff85111-f875-4fd4-ad2c-cf42271a919f,MORTGAGE,39744.55,24420.996710330106,0.08,2026-06-25,120,ACTIVE,2036-05-03
e8780458-ab48-406d-ae8a-457fc712cf67,CUST00000118,081fec82-ca9a-4f77-b26a-51a576b40672,AUTO,84355.04,15860.876453159288,0.1556,2023-05-24,120,PAID_OFF,2033-04-01
2e44d349-9122-4311-b74e-5dff06906169,CUST00000482,6d8c5504-797f-4e4d-aa81-0850034296fa,STUDENT,57111.32,53893.10121923152,0.0688,2024-03-18,12,DEFAULTED,2025-03-13
5436deb3-f229-437b-a169-d799062e5424,CUST00004288,0f3f0f48-52d6-4779-9e43-79cbd8230076,AUTO,106332.8,43550.82078742498,0.1334,2025-12-09,360,ACTIVE,2055-07-05
69824369-ebb1-4253-8ad2-a7ba194b3b6e,CUST00006803,9b3b5b4c-ff2a-40c0-9ab3-83c9e88188c3,MORTGAGE,9868.93,251.45474640421904,0.0244,2021-12-19,360,ACTIVE,2051-07-15
74e5418d-baa3-40fa-8743-8e60cd4901c9,CUST00008299,7250ee18-260a-4962-9d81-b7f57d5911c6,BUSINESS,158909.65,34923.87845238525,0.1331,2024-11-01,36,ACTIVE,2027-10-17
5bcc7bfb-40e6-4eed-a414-f2c5d9743ff0,CUST00004478,37abaed7-86fa-4a83-b651-1c939a0fb0b8,MORTGAGE,29625.76,20503.025192822188,0.1913,2022-10-09,48,PAID_OFF,2026-09-18
5a357945-5813-4496-aed9-dac5d18097f4,CUST00006534,94010dfe-7921-4c7c-a119-ceee0fb91307,AUTO,495286.33,99859.5797368711,0.0623,2026-03-21,36,PAID_OFF,2029-03-05
46d162d6-3faa-4fd6-b730-d07ef93c8285,CUST00000244,afc5c20e-4a63-4af5-b6e1-e7ac9fc97264,AUTO,7833.92,422.3458898383135,0.1601,2023-10-14,24,ACTIVE,2025-10-03
53133ea1-0c3c-400f-88a1-34aa722d8397,CUST00007013,0890f506-5df1-4f6f-938b-d3f88bd18d4b,MORTGAGE,297731.01,183910.29717911957,0.0728,2023-08-02,12,DEFAULTED,2024-07-27
a282bbab-fdb0-4520-b2f8-81eb754ce511,CUST00000866,e08596db-1d87-4966-8710-d430f071d879,PERSONAL,29639.59,15363.823467747441,0.1474,2022-01-16,120,ACTIVE,2031-11-25
291c9094-cb2c-4efb-84c3-b30d435f59e6,CUST00009754,1bef39f1-7700-4b2e-917b-6fc6e66eb0e2,MORTGAGE,8290.56,6311.320090124394,0.146,2024-03-04,360,DEFAULTED,2053-09-28
dd0d3739-c553-4b6d-8ef8-66193599fe91,CUST00005330,b7b8c1a5-9a45-493d-b227-890e4e76833a,BUSINESS,10659.12,8235.570686258632,0.0533,2024-05-26,12,ACTIVE,2025-05-21
bd9ed3fc-5266-4d86-a5f6-21818c1a6477,CUST00000604,27ef0a4b-5fb2-4838-af73-b3cf331e91f2,MORTGAGE,13622.51,13076.727594075874,0.1275,2026-06-08,12,PAID_OFF,2027-06-03
c7ed8888-5939-4c71-80d9-863f66bcf6f0,CUST00005757,ebf3ef99-39d3-4f2b-896e-c0c9a7c5f960,STUDENT,41616.37,2372.863208366796,0.1747,2022-04-22,36,ACTIVE,2025-04-06
7ff5475c-d83f-4f4f-ac0b-fe69d0c29b24,CUST00004019,07f8d4f0-f3ea-4184-a8f4-e3ceadedda80,PERSONAL,48254.93,1881.4317240692214,0.0889,2025-05-13,360,ACTIVE,2054-12-07
5a0fdf61-5571-4266-96c0-2601db4d2d18,CUST00005193,30d73df7-1c22-4cea-b355-56a5f2bd92f2,STUDENT,9315.64,9196.372308488397,0.1478,2026-02-13,120,PAID_OFF,2035-12-23
ce1eaeb5-bd67-4ba0-89c9-c0f39dcc91b0,CUST00002016,f75c0751-8fd8-4cb4-88fb-2050a460cf44,MORTGAGE,21236.32,13694.195882093374,0.1414,2024-10-01,120,ACTIVE,2034-08-10
510861bb-3a42-468f-b745-75cdd6138a1e,CUST00009851,6c8de840-ed30-4556-a2a5-3193a6a1cc2b,PERSONAL,547657.59,391778.1057113415,0.0664,2025-05-26,48,ACTIVE,2029-05-05
ea072198-19ee-4d26-8e4b-36aad4249390,CUST00003381,e4855aa1-016b-4287-b008-05cca7f36ae9,STUDENT,293994.03,28365.13780448171,0.1854,2025-10-16,48,ACTIVE,2029-09-25
67f3e4bf-a3b3-4be6-9726-9541b8d11a8f,CUST00003771,46c79b36-fd05-4963-9616-af7e1057a002,STUDENT,42382.27,2958.8203129607464,0.1214,2021-07-29,36,PAID_OFF,2024-07-13
a3b4a240-7f48-4536-9f2e-444a501bcf44,CUST00005830,600fc79c-fbce-4087-96d2-b14d07faf6f7,PERSONAL,23318.57,3736.884647942851,0.084,2022-10-12,36,ACTIVE,2025-09-26
33c00b7d-61f8-43f4-81ae-35bb2faa49dd,CUST00001614,9a7fde23-af59-4a66-a75b-21134f62cc9d,PERSONAL,26371.71,11265.878550250056,0.0496,2026-03-29,24,PAID_OFF,2028-03-18
7c45d65d-b517-48ef-9b21-3e3143c2181f,CUST00001880,0cb5ee5c-62f5-47c2-8706-fec248fa4e98,AUTO,55286.11,6091.212557955395,0.1052,2023-12-30,60,ACTIVE,2028-12-03
7011a2be-ce4f-4c66-9645-b6bb59c085a8,CUST00005373,c63d04ee-541c-4a86-bba5-cd2fdea45c19,PERSONAL,4749.58,2119.8978069229474,0.1514,2022-02-22,60,ACTIVE,2027-01-27
28c2783d-c138-498b-9c88-da6ee551da7a,CUST00004109,6db99102-a48b-4dbe-957d-94a106f028ff,MORTGAGE,14971.97,8407.29869515612,0.1323,2022-05-11,12,ACTIVE,2023-05-06
0413d049-52a0-428b-ab25-a58af5953b2e,CUST00009292,fffcff63-7bf3-48f5-a24b-31d72e5c58ad,BUSINESS,1802.85,0.6002911516668653,0.1509,2022-09-02,48,PAID_OFF,2026-08-12
4f7ebc54-94f3-4a1b-b096-0fbb1c89fe3c,CUST00009267,30307633-a6de-41d8-9258-17b7cf501889,AUTO,40088.09,4579.889129295564,0.1625,2021-11-26,120,ACTIVE,2031-10-05
a46e47a2-b342-4968-8191-086be8a91aba,CUST00008979,15936f42-4d31-49b3-a187-8e933281f976,PERSONAL,58150.74,21817.878045744055,0.0994,2022-07-06,360,ACTIVE,2052-01-30
8f56fffc-c1bb-4767-8bd4-01528f7bf6c2,CUST00000149,083f64c3-1ce3-42f8-83f7-25feb99b2b5a,BUSINESS,10670.31,569.0454203105937,0.1136,2024-11-04,12,ACTIVE,2025-10-30
9e541d3e-65e1-4146-ad8b-62b689cb09aa,CUST00001755,fb481ded-0f03-4337-b9f6-143bb2383056,AUTO,233509.99,31180.349222828096,0.1976,2023-02-13,360,ACTIVE,2052-09-08
17e6ae99-32d8-4c29-9370-7fcbb21534f7,CUST00007379,e1886146-fc40-43d4-a5eb-45497e0a04c2,MORTGAGE,3502.92,811.964212055972,0.1942,2023-07-26,120,DEFAULTED,2033-06-03
ea299a22-9914-457d-b62f-b6ee172dc647,CUST00006682,b02e21aa-352b-4ec8-a90d-21cb7f111a36,BUSINESS,2449.01,1052.0981593107092,0.0947,2021-08-09,48,ACTIVE,2025-07-19
da2a5b5f-6796-4bd9-a9c6-d4e3e07eaf26,CUST00003757,6786d506-38ba-4abc-8b53-05e517d2582e,PERSONAL,30843.39,22048.002482469117,0.1433,2024-01-09,48,DELINQUENT,2027-12-19
5714fc0b-b744-4158-a550-e249436c3827,CUST00009372,380a1bb7-d653-44bb-8bfc-a0caf1613bab,PERSONAL,105942.04,14057.302221598238,0.0682,2024-01-08,24,ACTIVE,2025-12-28
220e674e-6591-499b-9a92-9d2788676641,CUST00009117,bf00f56c-6a49-49a6-8ee2-5e54bfcb3388,MORTGAGE,275375.68,203215.84355136126,0.0475,2024-10-02,36,ACTIVE,2027-09-17
d8528abb-1a87-4c25-a29f-1962ebd795f5,CUST00005393,edba84d1-e110-4d91-8244-bc44b25c5b50,AUTO,11066.45,9462.486812379138,0.1583,2021-11-27,360,ACTIVE,2051-06-23
e05ff96e-d087-4c98-bc7d-0017f4c1540b,CUST00009796,2caf3d2f-f026-4418-bd3f-bbec697ae294,BUSINESS,111081.7,72367.36893951542,0.0985,2026-06-30,36,PAID_OFF,2029-06-14
9d091856-4b3d-4578-8c69-a8cae32ffec3,CUST00003053,8f8dd995-1127-4cb2-b472-99b68f0ce422,MORTGAGE,20790.21,909.0663903399562,0.0519,2023-04-16,36,ACTIVE,2026-03-31
52e6ef74-150b-41d8-b882-c32691f28485,CUST00005693,8422c0cf-da36-433a-b3ab-d2467570d730,AUTO,17001.54,7491.791284444372,0.1566,2022-09-02,60,ACTIVE,2027-08-07
d37d8533-714a-4ae0-b98e-1f36ffdb3a38,CUST00004219,e8b3d763-f4ff-4f3a-8d9d-baeb553d2625,STUDENT,82908.25,54724.91707993061,0.1847,2021-12-21,36,DEFAULTED,2024-12-05
27aedaae-8c48-43f4-bef3-89ba0a7016c8,CUST00004804,1b3ac54c-e31f-4212-9654-c83f62510f01,STUDENT,58599.67,57340.54677865408,0.188,2024-06-02,60,ACTIVE,2029-05-07
06bf79cf-4616-4d6e-be20-193baae2ad63,CUST00002378,45f8e14d-ea16-4e6e-a388-ca3268d26992,AUTO,2070.22,1970.4527611487067,0.1273,2024-11-09,120,PAID_OFF,2034-09-18
b1f0b429-d54f-4d02-b976-c6377e9716ad,CUST00005087,0cf2b69b-0577-4ea9-b899-924698de8ebb,PERSONAL,201755.23,79835.18093575134,0.1063,2026-05-16,12,PAID_OFF,2027-05-11
e008e8ed-3ecf-4f0a-b80e-c19dfbb713fd,CUST00003183,e0f3ee66-59a7-46e4-a341-89c5405df186,PERSONAL,174579.77,107529.10492491005,0.0455,2022-04-10,360,ACTIVE,2051-11-04
cfc01fbc-a5dc-433d-b0bb-2a0e39d02b29,CUST00003161,9bafcc20-0e16-4f3f-938c-c0ca17acd7e9,STUDENT,8618.41,7677.410174172558,0.1627,2023-03-18,60,ACTIVE,2028-02-20
4bfaa29e-032d-496d-a537-68573749af64,CUST00006577,01a25ed1-c3ab-45f1-8c6b-7074ab102c9b,PERSONAL,39882.99,33144.60917364237,0.1902,2024-08-26,48,ACTIVE,2028-08-05
db872c8f-0551-4102-b6ef-66e43e61d359,CUST00008904,13ad3ead-816e-4f32-a077-5ce4151f62f9,PERSONAL,46214.33,22156.158850891876,0.1801,2025-09-21,24,ACTIVE,2027-09-11
705f052b-d682-40b4-bbb7-cc429cba7bc6,CUST00002587,8a6342ca-56b7-479e-a46a-0b429cfecbd8,AUTO,32565.56,8507.470235631015,0.1553,2024-07-12,360,ACTIVE,2054-02-05
ff9558a3-8d1d-482e-8e6b-24396a1e5d9a,CUST00002649,e7d73d1d-69a3-4991-b634-646c5806a961,AUTO,9648.35,1322.7882716965203,0.0208,2021-11-23,24,PAID_OFF,2023-11-13
2fa17fe6-698e-4981-b136-9512916e1089,CUST00007314,25f93ab9-5e5f-410c-af14-4dc6b9ede33f,PERSONAL,8043.06,3924.853666143959,0.0934,2022-07-14,48,ACTIVE,2026-06-23
664d49fa-94b5-4339-84c1-1826d910498c,CUST00001718,c63e0e47-8bcc-4e8d-b24a-4a6d6b90a95b,AUTO,21198.14,15322.988063949591,0.0939,2023-12-18,120,ACTIVE,2033-10-26
e6ffee2a-e37b-4f84-9351-240fa093ca68,CUST00005309,d0411dec-6ab9-4a0f-b6c6-533e1b7a5c94,BUSINESS,127911.45,124044.65018357674,0.181,2022-08-04,360,ACTIVE,2052-02-28
42f1287b-bf2d-4fcb-a319-3bf6faa855a6,CUST00007408,0df1172a-46f2-4f38-ac45-1540ae2356f3,STUDENT,49781.58,42902.50762964298,0.0318,2021-09-28,12,ACTIVE,2022-09-23
5d2d113b-fb5e-4c15-8bfa-e8d6b4ed4d1d,CUST00000871,a255e1bb-0795-4c1f-938d-6b8cc607b1e9,BUSINESS,12633.14,2580.204581383761,0.1156,2023-01-12,24,DEFAULTED,2025-01-01
6e6aa3ec-4378-4e6b-8d3d-dee3cdad54f4,CUST00003575,f574175b-3d05-4bf4-b93c-4fbf1b9b71f0,BUSINESS,70090.89,50449.88951151979,0.0445,2022-06-17,360,ACTIVE,2052-01-11
ecedf328-e669-4d22-9d50-d2eb5ec74b9e,CUST00005828,b9a5d4d0-4237-41f1-bdac-dc5e20c0f275,PERSONAL,307.1,88.78299505992399,0.1392,2023-01-04,48,ACTIVE,2026-12-14
8a55a14b-51f5-48f9-bc15-ae1fefda21b2,CUST00007987,91519998-f293-4585-9a07-d758b357f3f9,PERSONAL,123395.33,84337.3263360898,0.1626,2026-07-11,24,ACTIVE,2028-06-30
b1757e7d-f545-452a-93b8-ec305b693697,CUST00008463,e47f9c7e-07ec-4d32-89e4-ec2813d88e04,BUSINESS,1620.4,1078.871168130636,0.1356,2022-12-01,60,ACTIVE,2027-11-05
d3d39ff9-dc25-45f1-9258-7a1a226e1ecb,CUST00009736,24933b83-7577-40a9-a491-f0b2ea1fca65,BUSINESS,12788.97,3484.1068078966614,0.163,2023-10-14,120,ACTIVE,2033-08-22
cba9a0f0-3f34-48a3-b3d2-c4a9fc7b427f,CUST00008742,82ec0fc3-7c0a-4867-bcce-521367899d92,MORTGAGE,4107.19,962.6785970702367,0.1293,2024-04-16,24,DEFAULTED,2026-04-06
18bc2e3b-20f6-48d8-9436-9f5d89cc6b08,CUST00005770,00926d61-368b-4d68-83c6-b5324b25c483,MORTGAGE,3158.9,328.32899824215787,0.0542,2021-07-17,120,ACTIVE,2031-05-26
fc4a013f-c8c2-4cfe-aadf-eef6fb2389d3,CUST00005734,421becca-0f60-40f3-bef7-24105528dc45,STUDENT,125648.07,6350.207823002312,0.0889,2022-11-23,120,ACTIVE,2032-10-01
890d58e5-79c9-4246-b556-aeac81e87e90,CUST00009905,2f191516-5fbb-4da5-a64a-1fe8b646e2b1,BUSINESS,10921.06,9375.19552083505,0.1922,2023-09-12,60,ACTIVE,2028-08-16
d387fcd8-cea8-4b7a-9ad4-ac13504089fa,CUST00003241,5df06e8c-878a-4ed9-a33f-fc8292ec89af,AUTO,37040.08,1846.4255652335146,0.0719,2023-10-06,360,PAID_OFF,2053-05-01
592cfe25-b858-4203-ba52-b3839aa5bf18,CUST00009555,4242fc5c-866b-429a-b877-e049b52f5e0d,MORTGAGE,20529.52,1821.8135530006605,0.0313,2026-05-03,120,ACTIVE,2036-03-11
f9fb722d-a51c-4d2a-b3bf-bdabb7b24f20,CUST00004894,cf3ee4aa-594f-4d27-9dcd-0d40d6415102,PERSONAL,45051.49,10760.640082870103,0.0893,2023-08-16,60,ACTIVE,2028-07-20
3955b110-fc2e-4301-9232-231d8dd7b77d,CUST00009477,9ca3fbb3-ff11-48ba-b6ee-1640723ef466,BUSINESS,24716.66,21939.949100770402,0.0859,2022-03-09,24,ACTIVE,2024-02-27
d62c4be4-9302-45dc-84e5-eddd771d030f,CUST00000887,f4672866-ed56-42a0-ad54-ff2b10ee4f77,AUTO,3214.77,1070.326682474448,0.1047,2022-09-01,24,ACTIVE,2024-08-21
70184f95-9e6a-40fa-b5d2-36e30d9e9c48,CUST00005855,6307d4d1-21c9-415d-9104-5a16ef15ab72,AUTO,98164.53,18827.913411934365,0.1209,2026-06-23,120,ACTIVE,2036-05-01
108d692f-6fa9-457c-974f-e6687f441add,CUST00005319,47b885fa-78d8-4dd6-890a-886c36442939,AUTO,10502.46,7515.092972368155,0.1986,2026-02-27,60,DEFAULTED,2031-02-01
05a95733-2bdd-4419-beec-0074f4028e77,CUST00002259,7c89617d-32b1-492b-a263-960ab43c6fef,PERSONAL,2132.66,680.4673034182513,0.1561,2025-12-19,24,ACTIVE,2027-12-09
a6789753-8f1a-4d4a-b2ce-d11f8f59748b,CUST00004383,527a9f7b-d007-4d41-b122-d458f521cf35,MORTGAGE,11589.18,3863.4459746598923,0.0265,2024-12-31,120,ACTIVE,2034-11-09
7a0430c4-58fc-4448-a555-e0870ebb51ae,CUST00001786,7832b59c-25bc-49ae-a547-a8dcc686e251,AUTO,209219.6,154608.38781162215,0.1483,2023-11-23,360,ACTIVE,2053-06-18
1053adba-25db-48d1-b4d0-aaeade19893e,CUST00007728,9496634f-d438-431d-aa0a-2259859f02bb,MORTGAGE,78852.37,19843.42092788791,0.1684,2023-02-24,12,PAID_OFF,2024-02-19
f46976af-10be-43e8-9aba-c34bae9802fa,CUST00000296,ffbb4bcc-a5cb-4f6f-bd33-31644bb8ebe2,STUDENT,13056.24,11708.314405256097,0.1812,2025-06-06,36,ACTIVE,2028-05-21
4083dcf3-91db-4fbc-86ad-dbe7b807c910,CUST00002598,fcc4091b-f457-47c6-b894-6a15c34201db,PERSONAL,13044.39,7323.403322264835,0.0963,2024-08-01,360,ACTIVE,2054-02-25
070f48c2-ba4e-432f-a582-eba2f2859a73,CUST00000681,3d0a5f0c-0c39-4ec7-9f31-74054d183eba,MORTGAGE,13596.22,7312.478268076598,0.0765,2025-06-22,360,ACTIVE,2055-01-16
6e4ae071-7da5-4648-9905-6421b6af49df,CUST00004891,1c2b498f-054d-4360-a24d-347360bc6cbc,MORTGAGE,496392.38,131420.99207483523,0.1711,2024-09-09,36,DELINQUENT,2027-08-25
2223ab94-f157-4169-83ad-6ffdb4479e70,CUST00004299,c9254bb5-4fc3-4d4e-ab95-0c1d578799d9,AUTO,39061.91,32620.379955664546,0.16,2026-06-06,48,ACTIVE,2030-05-16
a96bc761-3717-4e45-a570-6108fc78090e,CUST00000325,797e3984-ded7-43ef-b5e4-a9c12d761ffa,AUTO,41984.78,24046.763888438792,0.1165,2024-12-25,120,ACTIVE,2034-11-03
b27c1721-89d4-4ce2-8f50-b59873bd980f,CUST00007953,44de950f-2488-4ee3-9071-3f73582a2099,PERSONAL,103303.36,16065.381934210804,0.0412,2025-10-23,36,ACTIVE,2028-10-07
3b895644-549d-43b5-8dfe-448cacb70476,CUST00000987,95a15905-591c-44b6-94aa-600af487a21f,MORTGAGE,31513.89,6501.259955725352,0.1373,2026-06-02,12,ACTIVE,2027-05-28
82095583-e03f-4c17-8c65-037491e22c1e,CUST00003119,b1f9ab31-995e-49de-9cac-41f82e4001c1,BUSINESS,14934.61,6993.219378431872,0.0318,2021-12-28,120,PAID_OFF,2031-11-06
c42c40ce-24ec-455d-a83a-755ef23e9b0b,CUST00000761,0840405a-ffd2-4491-9ff3-89aa4c36a70c,AUTO,16407.19,12791.731512331946,0.0381,2025-01-06,36,PAID_OFF,2027-12-22
963d4606-ae6b-49de-baec-fb4c8a240d57,CUST00007759,94ad345a-e323-4264-a390-0c1dd1291d13,AUTO,19783.39,18582.444723121032,0.0796,2026-05-07,36,ACTIVE,2029-04-21
f88c2664-01bc-475c-9cdc-23fc50805bbf,CUST00009229,13483fb3-c982-4300-b95f-17e6d8eae31b,STUDENT,20830.36,13820.915330258738,0.0868,2022-05-17,12,ACTIVE,2023-05-12
c124b471-b64d-458c-8d8f-808d9c0e6192,CUST00000907,913a1734-ccb6-4571-abc5-35452e6d7a04,PERSONAL,65607.44,33206.762876801076,0.1032,2024-03-26,60,ACTIVE,2029-02-28
c64d8e70-1ea3-41e2-9662-f8835bbccb30,CUST00005500,52645a59-e1f8-4b33-9b2d-5a2a99bd6240,MORTGAGE,23811.38,5970.274394690275,0.081,2023-04-12,36,ACTIVE,2026-03-27
1049f904-9d25-4dc4-922d-ef06fa33dca5,CUST00000365,cb618d75-aa96-4dfb-a79b-265ab15f3994,MORTGAGE,66102.39,44478.180340550534,0.0261,2022-11-18,360,PAID_OFF,2052-06-13
2944e059-bafa-44da-a9e8-fe2a879f22eb,CUST00007770,d218c9d6-c093-4fb0-a4e9-bcfd9647ff9f,MORTGAGE,19514.74,19168.153453144674,0.0483,2023-06-17,48,ACTIVE,2027-05-27
fad2fd69-3fb1-4376-b1d2-8c69bb88cfe7,CUST00003414,41f74651-a033-4dad-8fdf-de19cfd835fc,AUTO,24783.98,11802.68830931489,0.0407,2026-05-27,360,ACTIVE,2055-12-21
fd55c844-c242-47c5-8613-71c199fd92a4,CUST00008028,1ddb4f15-1eb8-4863-82f8-60445e08e249,PERSONAL,1099.6,178.29121002732896,0.0976,2021-09-22,36,ACTIVE,2024-09-06
078c7f1d-2e65-4eb1-95f3-04a02de94792,CUST00007940,adc90caa-7000-493b-bdb8-ed7140a3823b,MORTGAGE,87072.08,8998.079375624753,0.0582,2025-08-12,36,PAID_OFF,2028-07-27
ba89eda3-7eb6-4f51-adc7-8d7ba63f89b5,CUST00009262,ec1b55dd-e829-46cf-ba81-d86090b3032d,BUSINESS,37039.22,9973.038983643844,0.0728,2024-05-02,12,PAID_OFF,2025-04-27
181af69a-16cf-4211-94f0-327b1e978ef7,CUST00003082,e645bb00-d3e6-4c21-b10b-394d6021a15b,STUDENT,98421.56,56045.37184162046,0.1049,2023-04-24,12,ACTIVE,2024-04-18
b3700e92-92f1-4a69-a74f-6635f236b2ee,CUST00005449,38d5101f-423c-4d9d-993e-478302b34254,STUDENT,285.89,270.682167529,0.0624,2021-07-19,120,ACTIVE,2031-05-28
ce0ed735-632f-4f79-af73-4c45f2f39f61,CUST00003259,6f887f28-3e49-4d09-9b19-d8b8d8302081,MORTGAGE,505125.43,151115.89122376282,0.0643,2023-04-10,48,DELINQUENT,2027-03-20
7972c629-b248-41dd-a19c-44966856c822,CUST00002108,7bd7b4bf-8e0e-4bb7-8f20-c5e75ec646eb,AUTO,17865.3,5455.9048939051245,0.17,2025-04-02,24,ACTIVE,2027-03-23
2ed86804-57e2-4419-98e6-650123755bc8,CUST00007929,9194821e-e11b-40d4-8637-9f04d9ee7dc9,STUDENT,116107.79,55868.706812470016,0.1187,2025-03-09,12,ACTIVE,2026-03-04
2d6acdd4-5aeb-40f6-8faa-8036188a7f55,CUST00002934,9d6b9b62-6b53-4a19-a902-b73fcf39f648,STUDENT,4629.21,4252.125363064516,0.1742,2025-07-31,24,PAID_OFF,2027-07-21
4083ff8f-e10a-4f9f-ae2c-219ab50f2f5c,CUST00002830,585409d9-de22-4c3f-9136-6db15a578607,STUDENT,55224.44,23142.08049795412,0.1126,2023-02-23,48,ACTIVE,2027-02-02
42b07e31-2f3f-4e11-973a-603d7feb25e2,CUST00008634,453b45fe-636c-4499-9254-aad3809cd839,STUDENT,4536.34,1012.6444194744256,0.1837,2025-09-19,36,ACTIVE,2028-09-03
59e849b6-3a05-47b2-b35a-ffe566c3f832,CUST00005007,cb33478a-f7b5-405b-99c1-d16c1fdb563a,MORTGAGE,8641.63,1409.7170088339246,0.0659,2022-11-05,120,PAID_OFF,2032-09-13
14e1aabd-a20c-44ba-a5b0-8e26fc52a468,CUST00001560,30d73df7-1c22-4cea-b355-56a5f2bd92f2,PERSONAL,388888.14,177727.85690778855,0.131,2025-02-18,36,ACTIVE,2028-02-03
1812362f-c076-492d-b3a4-69a556f7e6bb,CUST00001742,1df44d3e-f26f-4b19-9708-013e4b541670,PERSONAL,16547.27,13249.025711934433,0.1106,2024-08-21,360,ACTIVE,2054-03-17
e119e331-0538-4bfd-81fd-1281861c2a6f,CUST00005831,01bb819c-4dfe-4117-a2af-711f1b628a9d,AUTO,30520.36,8892.180279054071,0.1854,2024-11-20,120,ACTIVE,2034-09-29
8e9ff74a-fb65-43ea-8f97-33429b2d43a3,CUST00007524,6d283989-1271-4873-a4bd-e1a811c7bec9,BUSINESS,81235.01,41634.781723127664,0.0953,2022-10-14,24,DELINQUENT,2024-10-03
18720dc7-5f86-4f8b-aec6-16940f243491,CUST00000626,6a9f687a-d04f-4197-94c0-df2891b5fcb4,PERSONAL,46328.97,27936.752162816105,0.1739,2024-11-15,360,ACTIVE,2054-06-11
fc31654d-f6ae-4936-8071-4e0f2b23ace0,CUST00001691,2bde3c78-a931-4044-9f52-58abcf3a9723,BUSINESS,27601.58,12433.695105008388,0.1215,2026-02-25,48,PAID_OFF,2030-02-04
53ad132c-0131-471e-8338-57e4877478d3,CUST00008283,d0095507-07fc-484e-a1b2-462781d67019,PERSONAL,38079.89,7299.543304806711,0.1475,2021-10-10,48,ACTIVE,2025-09-19
cccf4d37-0714-4da9-8e67-4f72627f34eb,CUST00006311,b3eda8f1-026b-4383-a301-ec030e5d8c6a,PERSONAL,810270.46,746863.2944632871,0.1796,2024-01-01,12,ACTIVE,2024-12-26
5ff540ca-9038-4b45-916d-9a42e7b795f9,CUST00003007,38e59b27-16dc-4a6e-a789-077055ec024a,AUTO,20202.71,11423.606919164062,0.1994,2023-11-27,24,ACTIVE,2025-11-16
2c21f1ed-f4a9-45b0-91c3-7e19dbfeed4a,CUST00004303,d4f76322-b362-40d2-a498-8bdecd0254db,STUDENT,29781.68,21714.846898720487,0.1516,2021-10-17,120,PAID_OFF,2031-08-26
7f8a1fca-9ef1-4e4f-a2f0-77e330405cc4,CUST00001089,b02b61c4-a3d7-4628-ace6-6fa2fd5166e6,AUTO,106508.66,67744.08821156695,0.0766,2021-08-06,12,ACTIVE,2022-08-01
f9cc596e-37e7-4948-8903-c8c72e8992cc,CUST00006008,893ad232-98c3-43ca-bff4-cec6e7b7b4c6,PERSONAL,115645.98,115420.24155974654,0.0738,2022-10-09,24,PAID_OFF,2024-09-28
aee4f488-df41-4155-98d2-bfd058622bb4,CUST00004612,30d73df7-1c22-4cea-b355-56a5f2bd92f2,STUDENT,130685.04,59632.90817152113,0.0756,2025-09-08,360,ACTIVE,2055-04-04
5fc97e64-9987-4384-a798-879be9a11cc0,CUST00009373,269cd696-236c-4b87-94a0-bccb8a476a87,STUDENT,57416.98,24400.63025826658,0.0376,2021-08-09,12,PAID_OFF,2022-08-04
70d18e9e-e435-4335-ad4b-2c1392f0ae83,CUST00007929,98874bfe-c136-4c65-ae2a-e3413f59e4f2,STUDENT,3965.92,1428.2858977236776,0.0296,2023-02-06,12,ACTIVE,2024-02-01
c5a0b7c3-e132-4e39-9891-b0a4b4d4813a,CUST00004491,81f631d4-a392-41a7-9777-a4774c66e0a8,BUSINESS,255287.92,92319.37719778024,0.1246,2026-01-03,48,ACTIVE,2029-12-13
d079fe4e-261b-447a-81e0-4baa2d701ddf,CUST00008379,26331cc6-cbee-43e3-9cd8-89e231979167,PERSONAL,3946.1,1088.2168285112878,0.1659,2022-02-16,48,ACTIVE,2026-01-26
9f40ce6a-07c4-48ba-b1f2-7f0fd1a9af91,CUST00001598,e2495790-517c-4dec-8d53-9417f5194ab9,MORTGAGE,34681.21,34009.439302533676,0.0265,2022-12-03,36,ACTIVE,2025-11-17
e36345fc-899f-4cfb-af6f-5d6a09ed1c7c,CUST00003748,4052e3a5-66fd-4215-aa10-7fb733383ec9,AUTO,7105.23,6187.106633582974,0.122,2021-08-19,36,ACTIVE,2024-08-03
1ecadf24-f0d1-4a72-8b2c-7b1df5418b22,CUST00002671,3d85de89-c217-4429-8e20-07247d137018,BUSINESS,20006.1,6335.391804474562,0.0869,2025-05-07,48,ACTIVE,2029-04-16
ef5e4a66-4fc9-4cd0-af2a-dff8cea4f9c4,CUST00008432,dcb913b4-7d3d-46ca-8592-a38fdb62a1f7,AUTO,36067.36,11008.805835841695,0.1806,2024-07-24,48,ACTIVE,2028-07-03
aedb3046-595b-4abc-9b97-23324a9b37f0,CUST00002581,ccb1063d-25a7-4338-aab9-278d92dfcf99,MORTGAGE,35668.95,3692.94861220436,0.0462,2025-06-26,360,ACTIVE,2055-01-20
2ad9c360-84bb-4f7a-9711-35452e2fcae7,CUST00007433,a40dfea5-bd64-487e-b652-ae9938b5e89a,STUDENT,41476.45,36376.126634378954,0.1214,2024-04-09,12,ACTIVE,2025-04-04
3172e9f8-7f66-4f24-9987-5a42e675835a,CUST00008331,d52721e7-19bc-443e-bb02-bebb48729a4d,MORTGAGE,247847.0,92141.10039922183,0.1948,2022-06-07,36,ACTIVE,2025-05-22
9cfa2010-ff51-4c96-a7be-a2b29a7f326f,CUST00002507,af95be79-c971-4f51-8a32-bb221b2bb2ec,AUTO,43490.66,24903.421330550427,0.0821,2025-07-25,48,DEFAULTED,2029-07-04
74650ff9-f014-4b87-965f-a125eb85105d,CUST00004726,9e90d107-0611-4bfe-88b6-f61d316da914,MORTGAGE,15271.83,13750.41561125567,0.1535,2021-08-30,24,ACTIVE,2023-08-20
d4eee313-8c48-4218-a892-ab6fedb92750,CUST00004301,ed92b753-bb64-4511-a1ec-ff07a60c1329,PERSONAL,93538.72,38173.212289447154,0.1788,2022-08-02,24,PAID_OFF,2024-07-22
f1aab637-72ab-47ff-88b8-547b638b66ac,CUST00009942,737cf8b5-6356-4add-a85a-9f2b4236c0bf,MORTGAGE,131164.26,105832.24983320491,0.0535,2023-06-16,36,ACTIVE,2026-05-31
10c238ba-8df1-463a-ab30-41841dcb2fbf,CUST00008760,18412e07-f583-4c69-807f-26542be4be9c,PERSONAL,3493.25,1503.0952638934707,0.1987,2025-05-21,24,ACTIVE,2027-05-11
243191eb-5d9e-4717-bf08-6a9e569db57e,CUST00007003,2b10a823-d777-4933-adf0-1fe06d572692,MORTGAGE,53965.49,37826.62123515314,0.1657,2025-05-18,120,ACTIVE,2035-03-27
7da2fb48-d14d-4890-b5db-ed2c3d4caf01,CUST00009074,0b705933-4cde-4b6b-9132-567c51a40d2a,PERSONAL,63054.78,27188.237934933397,0.0448,2025-03-27,12,ACTIVE,2026-03-22
0aa5aaf2-677f-43b8-8b47-1eca30370fff,CUST00006132,09ab99a3-658c-42ee-b1c4-6ef9db13f2ec,PERSONAL,14096.12,5536.379891779094,0.076,2021-09-27,36,ACTIVE,2024-09-11
fb7b00c7-eaa6-4c45-8f01-fe855bbaf3ac,CUST00008832,760e36aa-a0d9-40ba-ad57-a5c89110f698,MORTGAGE,173435.36,171824.01361874575,0.1325,2024-02-10,120,ACTIVE,2033-12-19
d7f64255-cf97-4ff0-bafd-0718ebced334,CUST00004538,0331bd0d-13ba-4d24-bebb-527c1438e799,BUSINESS,17587.02,10769.408918313715,0.1793,2026-02-13,48,ACTIVE,2030-01-23
c12e3882-b527-4a0a-a8df-7aa5e8e00199,CUST00002336,8edddfcd-1e52-4770-bf89-7142fe716b14,STUDENT,26591.97,9769.655279982815,0.0551,2024-04-05,360,ACTIVE,2053-10-30
d907ba3f-1949-4b8a-9754-81a3d6ccc7cd,CUST00004322,ffa361be-0f92-40e1-87f9-7d05f6ca6b8b,STUDENT,16990.2,4380.404479600453,0.1516,2023-07-16,360,PAID_OFF,2053-02-08
a7a13e62-a9db-4628-9748-ba0185147bc9,CUST00002986,746b161a-31cc-4738-b68a-e9b79b3aa1d1,STUDENT,22547.25,896.6222911597179,0.0687,2026-04-14,120,ACTIVE,2036-02-21
90208d23-86ff-46f2-a970-1e00520fc3e7,CUST00000560,9d264599-c4dd-4df5-9aec-56a857311609,PERSONAL,4253.88,3005.648423457255,0.165,2024-09-06,24,ACTIVE,2026-08-27
858c5992-882c-4812-b3c3-c4289338e35d,CUST00000714,624c69b6-b244-45a7-b7e5-848131c681ec,STUDENT,2540.01,945.2835891902474,0.143,2025-01-03,12,ACTIVE,2025-12-29
a4a8a844-8bdf-4208-81c5-bc8b64e94d6a,CUST00004594,e3ea2d7f-c219-4845-99eb-404c1851d1cf,PERSONAL,240808.57,197765.04078611016,0.1141,2021-08-24,48,PAID_OFF,2025-08-03
22ae8888-5200-41ca-8855-f44a33704903,CUST00003989,2ad3136f-a338-47fa-b9db-138870aff6eb,BUSINESS,6182.99,2249.7950533431904,0.137,2023-10-07,60,ACTIVE,2028-09-10
4aff5eee-32b2-4952-8376-37d672a9dfa1,CUST00006204,79d19c4e-1521-4d35-960f-1e2d21d72432,MORTGAGE,4978.64,1858.6716505749528,0.1778,2024-03-30,12,ACTIVE,2025-03-25
677c25b0-6d23-4155-a057-c558f1ba308e,CUST00000257,3653e588-afd5-4fe7-a5c6-2548b169fded,MORTGAGE,871.24,678.8536600218222,0.0896,2022-04-19,24,ACTIVE,2024-04-08
7d8f2305-1517-403e-a087-75a56f654201,CUST00008769,5c11ab6d-42f5-43f5-8ef4-c34d5bf86f3c,PERSONAL,8446.92,4134.485692257126,0.1585,2023-02-24,12,ACTIVE,2024-02-19
524ec63c-1ab4-4e05-bdc1-dda00619feb0,CUST00000038,3e9639ba-0ed2-4c9d-bd17-5712d8b22277,PERSONAL,3027.12,2678.6826579828885,0.0486,2024-07-31,360,PAID_OFF,2054-02-24
6388f6dc-9c12-43c9-bbee-45828fae46a9,CUST00008653,77617d80-549f-434c-8171-f5a74148bd11,BUSINESS,258596.12,152606.81695706112,0.1462,2023-03-26,60,ACTIVE,2028-02-28
c94ee2f0-fe06-4b4e-bf63-abb84e4f4dd0,CUST00009633,1a574cee-6490-4d65-b63d-329547f50a35,STUDENT,100180.18,24107.840733936668,0.1551,2026-05-25,60,DEFAULTED,2031-04-29
af1e0ecd-c555-430a-8985-8ab5c54f447e,CUST00001833,de46222e-2514-47ce-b4e3-5f7ba1b7e3d8,BUSINESS,7846.12,4458.729161460578,0.0997,2023-06-15,12,PAID_OFF,2024-06-09
d4cd45a9-870d-4661-8e1c-0d4db2eb3819,CUST00007601,8b8a7166-09cc-4f05-b45f-44334743968f,MORTGAGE,646063.91,2585.338400926492,0.1629,2025-01-01,360,ACTIVE,2054-07-28
16d4fdff-f260-4a26-b025-f0410aa86e33,CUST00005168,ec5412b4-0d74-4c38-bc58-82ecb34de663,MORTGAGE,96052.31,30006.48947966858,0.1203,2025-02-01,48,ACTIVE,2029-01-11
bf733026-9664-4ca5-a460-2d314e9f67a7,CUST00000433,f1faf665-7115-43f3-92e8-9d1028711733,STUDENT,13531.19,2813.8426302205703,0.1885,2022-07-29,360,DEFAULTED,2052-02-22
2c613d5c-8af4-4753-923f-128ee67882ae,CUST00004152,904ada37-5f44-4716-b6e5-dd9a315007d2,MORTGAGE,518.47,339.1767774944536,0.0402,2022-07-24,120,ACTIVE,2032-06-01
0c46d8be-bd3f-4354-904b-9abba41425de,CUST00006412,6016c743-8bc8-4a02-99ea-493660f34ebc,PERSONAL,684479.42,93115.61073156811,0.0435,2022-09-22,48,PAID_OFF,2026-09-01
f77e1ee6-0c15-4b28-8728-971988c75e8a,CUST00001752,564cfbd2-bc92-4d81-839b-058c2faabe0b,MORTGAGE,2739.8,794.808984637084,0.1716,2025-02-22,60,DEFAULTED,2030-01-27
5a0d4f8c-3030-4e86-a288-e5da4d8ddd2d,CUST00004998,497de16d-d4ea-420a-9e65-96540e9058b6,AUTO,1866.65,618.437112927766,0.1716,2022-03-15,36,PAID_OFF,2025-02-27
d2e106a4-0d6c-4599-89aa-e145f6d4f767,CUST00005721,4b657bcc-b041-4f19-bbe7-18354e8bf78a,STUDENT,102115.08,336.28832889390895,0.1048,2021-10-26,36,PAID_OFF,2024-10-10
6f0dc87b-dfab-44e2-af25-762cd34d09ae,CUST00007617,18b475b1-c12a-44f4-82a1-3629aae6f1a1,STUDENT,855660.2,40016.291144533294,0.1935,2022-06-28,48,PAID_OFF,2026-06-07
d96688c9-8623-481e-8224-da50bd10f69f,CUST00000257,7c2c0791-f6bf-4aa9-b1fc-f2e6b3dd7820,STUDENT,175678.21,54658.08124732211,0.1423,2026-06-21,36,ACTIVE,2029-06-05
ae5ec1fc-5eee-4114-823d-269c2da46bc5,CUST00000672,73fe7e1d-f36d-4b13-9f53-4d9aa7faf009,AUTO,51321.43,11411.651147536999,0.1969,2023-01-16,48,ACTIVE,2026-12-26
36e90637-e921-46db-8b72-d0efb2fdaa38,CUST00000490,271e3ee2-b1a6-41f1-a20e-99d33b33f3d8,BUSINESS,53751.75,6283.941787357187,0.1158,2025-10-16,24,ACTIVE,2027-10-06
2f8a637d-f330-4c59-b50d-456e19412cae,CUST00006890,46c79b36-fd05-4963-9616-af7e1057a002,PERSONAL,79231.03,12214.386819430134,0.0563,2024-01-22,48,PAID_OFF,2028-01-01
51ffdef6-b660-4a31-b8b8-9fc4e47172b1,CUST00002097,0d722918-1db1-4e86-91cc-c8d3c1676505,STUDENT,68761.06,57452.40713367379,0.1,2024-01-29,24,DEFAULTED,2026-01-18
7eca5b2d-341f-4b4a-b6ca-f84012adbc1b,CUST00001683,f301bb6c-b306-4300-8879-d93272540ab7,MORTGAGE,33583.4,22948.1946322733,0.1965,2021-10-22,120,ACTIVE,2031-08-31
9ceeaf74-a3f2-43db-9236-948e34ecb64f,CUST00002461,03802b70-8d03-491e-8f8d-5238288b78b5,PERSONAL,25752.88,12467.420681781767,0.0867,2025-05-21,60,ACTIVE,2030-04-25
61a93ecf-ec0d-49ba-8b94-729c03fde24e,CUST00004530,8ee9581a-e061-465f-a859-6f8cd73418fe,MORTGAGE,20052.52,18225.229627986617,0.1923,2023-09-14,36,ACTIVE,2026-08-29
1dc7deab-b07b-44ed-a67b-6ad334be5f01,CUST00005122,fffcff63-7bf3-48f5-a24b-31d72e5c58ad,PERSONAL,7108.55,210.0774920480426,0.1635,2021-10-02,120,PAID_OFF,2031-08-11
e7867bbf-0136-4f98-8a5a-62d3ec9fba0a,CUST00001976,76492e64-f55d-4e6d-ad26-8b378f5242d3,PERSONAL,14457.77,4986.989968840476,0.0996,2025-02-21,120,ACTIVE,2034-12-31
ea4d7ed8-d04a-402a-a8db-2a2c3d8a0701,CUST00003217,e1ccff0d-8078-436d-81b0-62c19aad9234,MORTGAGE,1738.13,1431.1479409053297,0.1175,2024-07-26,360,ACTIVE,2054-02-19
2d53a810-fc01-446c-94ac-13ced4d05762,CUST00009582,f1578470-0182-47c4-ba1b-58066160a6b4,MORTGAGE,19005.63,11941.028164160622,0.1293,2023-12-16,360,DEFAULTED,2053-07-11
3a769378-d39a-4c87-a3d1-8504fcb1a281,CUST00004516,accb461a-9d13-4363-9f29-4a8bd1846c39,PERSONAL,4999.6,4908.044497486138,0.1398,2026-05-22,60,ACTIVE,2031-04-26
66e6c48a-d679-4ab4-aae6-c3da5f2d38b8,CUST00005693,c09c2ebe-80da-4ed7-880b-cb0ec8ab96ac,STUDENT,4207.47,3974.018204287442,0.0338,2024-07-10,12,DELINQUENT,2025-07-05
9947c98a-2444-4277-a7ea-f6650b752e49,CUST00009777,b819b15d-4f96-4a84-a0d4-4d244d074581,MORTGAGE,28849.31,4902.723607194439,0.188,2021-09-29,12,DELINQUENT,2022-09-24
42186e6d-ab24-474a-9f2b-e8ba3f05344c,CUST00004940,47d6723c-d77f-4eeb-94fc-3a5d9b4bf377,AUTO,177726.91,172748.24557176538,0.1275,2024-12-09,120,DEFAULTED,2034-10-18
ae2e69e2-6c3f-4800-ac13-d7c3e1c72223,CUST00005564,279f5df0-da2d-4df9-a3c1-4a53acf96a12,AUTO,87332.23,82575.66140168847,0.1876,2022-02-16,120,ACTIVE,2031-12-26
e6ef3a0b-dd1e-4932-b5cd-dc34920ee451,CUST00002964,3e20718a-0bb9-48f6-9e4d-a214eb034c4e,PERSONAL,2088.6,780.3238198808931,0.1337,2025-01-14,360,ACTIVE,2054-08-10
f0b5b7b3-3472-459e-8f4b-1252a04e03d7,CUST00004530,7d7c59a5-e6c1-4650-bf02-f5b057bd56c9,BUSINESS,4991.83,4906.3713264616645,0.0976,2022-01-02,60,PAID_OFF,2026-12-07
e9ea9d49-bc94-446e-a741-0d2ce0f13db6,CUST00006787,f5c9f459-9db1-4d5e-91a4-d796b9720eec,PERSONAL,90323.85,3237.5818379407747,0.122,2025-09-27,48,ACTIVE,2029-09-06
029e435d-b0b6-45da-a8c1-8df945ca17af,CUST00006201,cfdfc6f9-eb0f-427c-a82a-3879f2b5a7ea,PERSONAL,5045.59,3333.876392364988,0.1693,2025-08-27,48,ACTIVE,2029-08-06
608bb508-69e4-4d26-92d4-7ec76a77982b,CUST00000977,89fab5cc-95b0-4f8a-964f-10b584d6b400,STUDENT,15725.68,4185.355202564728,0.0787,2024-09-08,36,DEFAULTED,2027-08-24
3082d7e6-e6ac-4778-97b6-e0a34730b04b,CUST00007346,e1e669e5-c055-4921-a35b-8f49823483a8,STUDENT,50265.7,6507.553174531357,0.1922,2026-06-09,60,ACTIVE,2031-05-14
40e07e0f-7cfb-4186-877b-4fffd114dda1,CUST00000046,bd9277a4-1d2a-4042-842a-2f6480e1be4d,BUSINESS,5153.77,2976.482170127849,0.1039,2025-11-14,12,ACTIVE,2026-11-09
b149324b-a064-4c2a-82ab-856599a2186f,CUST00001194,e4917f7d-91c4-4efc-bcb8-96bb68c0cbef,BUSINESS,25798.28,7903.311028647936,0.1921,2021-12-08,60,ACTIVE,2026-11-12
c46268d6-b22d-4bfe-8ab3-5cb1653d6c17,CUST00004513,c9ac376c-fe11-430e-90fc-fdaa274b369e,BUSINESS,2977.86,1985.7125183214741,0.1785,2022-07-16,60,PAID_OFF,2027-06-20
b08307e1-a9b7-41f5-a0fe-d1f372fa10f7,CUST00004944,0b2d983a-f218-4128-b2da-61f764bfc76d,BUSINESS,8936.94,4825.778263883447,0.1582,2025-10-28,360,PAID_OFF,2055-05-24
1d480843-a339-4f8e-920d-e24a3914dce2,CUST00006283,e7574997-8458-4f73-b0a0-c1cd0df6c527,BUSINESS,35584.77,13970.203535772436,0.1041,2022-04-08,36,ACTIVE,2025-03-23
ca8b6e4c-e6f7-43d4-a8af-3b731d82e2a8,CUST00000247,e660a8e0-8b13-4689-9ef2-a148209515d5,PERSONAL,2019.31,367.15530856478654,0.1257,2023-06-29,48,ACTIVE,2027-06-08
8974e16a-2ef0-463c-9106-2a357d10bf9f,CUST00003220,67884209-92ca-425a-ade5-93329364f3d0,PERSONAL,42647.0,25641.51717159592,0.1708,2022-01-16,120,ACTIVE,2031-11-25
bd76bb2f-f189-4bad-aad8-8bca53cf14e1,CUST00008984,94ad345a-e323-4264-a390-0c1dd1291d13,AUTO,21387.1,17734.83839565657,0.1179,2023-03-21,12,ACTIVE,2024-03-15
b70bc594-ae4f-445f-b48f-ab0641a9edd3,CUST00000637,6c24dcaa-5660-42e1-a46c-d3c18c45fc9e,AUTO,50449.84,30270.129435578274,0.1529,2022-12-02,36,ACTIVE,2025-11-16
48e918f9-65f0-4b99-b1ec-c7c2ee3d114e,CUST00003776,2a9527f6-f817-4ebf-ab6e-64c5bb8aa843,MORTGAGE,30818.52,18815.40159556245,0.1623,2023-03-27,12,ACTIVE,2024-03-21
db029414-48e2-4a53-8954-105b89485754,CUST00002422,5207c6cc-9b5a-4674-8896-54b2ce926059,PERSONAL,170452.28,87243.84570817735,0.1124,2021-10-10,12,ACTIVE,2022-10-05
c2d031ad-1bc6-429e-82f1-9c7b91f29ea4,CUST00009281,eb1313b7-95d1-4b6d-ae9a-e156325cba4e,BUSINESS,26577.94,10318.622543944295,0.1165,2022-05-10,48,ACTIVE,2026-04-19
e2b6a842-d2a8-4922-a518-93471e910b71,CUST00004184,f1c2fa18-c2af-46a6-9038-4c0ddbc3f559,MORTGAGE,11566.77,5291.311952225653,0.0556,2023-07-16,120,PAID_OFF,2033-05-24
16251089-f340-46f1-b3be-8942e24f908a,CUST00000713,0b961346-6498-4a39-97c8-f02c2ea5312a,STUDENT,26461.5,26184.759206033053,0.0641,2022-06-22,120,ACTIVE,2032-04-30
3366da87-7f7a-478c-98b1-3a9d8e041844,CUST00005846,83666636-68d5-46b8-a6ce-6d7a44e2a94b,PERSONAL,49759.02,37302.76998962717,0.1829,2022-02-19,360,DEFAULTED,2051-09-15
092351d9-fedc-4b65-84aa-6e12208a9c4f,CUST00005324,d61169a1-ff46-46bf-894d-916deb6d2fed,AUTO,23701.42,10204.87069076472,0.1713,2024-07-06,48,PAID_OFF,2028-06-15
1c852510-1bfd-4626-ba93-ef0e780d90b6,CUST00006033,4d187b75-a971-431f-97d8-05949d9887bc,PERSONAL,23409.27,10704.974896563357,0.0218,2023-07-23,36,ACTIVE,2026-07-07
63582706-d545-4254-89bc-6a803a887bed,CUST00003645,af32baf8-811d-44af-a8ca-7483dc0e3375,PERSONAL,7684.9,3839.622016355994,0.1765,2023-01-07,24,ACTIVE,2024-12-27
b190dea4-c335-49e5-9567-55f42f39f8c8,CUST00007774,23e2fcb4-72d8-467d-894a-05e430b187ef,PERSONAL,8148.98,5372.738183709059,0.0245,2023-10-25,36,PAID_OFF,2026-10-09
6f9a544a-3de3-42e9-9141-26afce70d3f7,CUST00002109,b24cc64f-be3e-4e57-b30a-9e32aba4fc03,PERSONAL,2686.76,1251.9179453608765,0.1025,2024-12-17,36,DEFAULTED,2027-12-02
bd0443f0-7027-41f1-9ef3-6d4d9d85aa72,CUST00003615,ac95adb1-ffac-44fd-8345-eeda2de66d5b,STUDENT,303873.0,208511.3072574882,0.0321,2026-06-25,24,ACTIVE,2028-06-14
c4e57a92-98d5-46b9-b128-7916248bd5aa,CUST00009435,b0e6a969-e213-42b0-b1ee-dba313432e61,AUTO,3409.11,1122.2374435212446,0.1944,2022-04-11,12,ACTIVE,2023-04-06
80ed319c-ef01-4e79-a9b2-4a990a8260b6,CUST00006958,75f8e3a8-7d97-4c0f-bd56-09c4a4461663,PERSONAL,7790.36,3199.030563712083,0.195,2023-02-09,60,ACTIVE,2028-01-14
c4bfa424-3060-4ccf-b979-549bc44c5c78,CUST00005280,b189727f-6a8d-4a70-88a2-a172e30cdee2,STUDENT,7497.98,6478.653047966952,0.13,2024-07-18,24,ACTIVE,2026-07-08
0b33b7a0-5163-4a91-b993-b65f35ded447,CUST00004333,c9a7d91f-ef2a-4713-9702-10496a39aaa6,MORTGAGE,84321.03,27733.66357725842,0.0906,2023-11-23,60,ACTIVE,2028-10-27
27180985-f2d6-418c-83a3-574a919cf735,CUST00003901,3b45d977-c289-4a30-92db-575a79f633e8,PERSONAL,14151.49,13648.216785158704,0.1122,2021-07-29,12,ACTIVE,2022-07-24
40349202-f34e-4ba1-9c07-605e57628c84,CUST00007940,7a37f3d6-77eb-4d89-b142-de87d109ffe5,STUDENT,143144.96,24693.213735954618,0.1572,2023-12-06,24,ACTIVE,2025-11-25
7647f43f-59a1-4829-acef-781debfdb100,CUST00006964,f0ede303-aa53-419c-9fa4-bb9f5a856750,BUSINESS,8020.56,1938.407462668321,0.0602,2022-11-27,48,ACTIVE,2026-11-06
0e721365-a4e6-4afd-a6cc-d201335dc080,CUST00004569,7e8adee7-0758-4201-961e-16d16105716b,MORTGAGE,33472.89,15520.701292246447,0.0995,2025-02-05,36,PAID_OFF,2028-01-21
f262e145-2731-460c-a149-ee42642d03af,CUST00007839,2e0fb5b3-8bae-491e-bf4c-c10f979c30cf,AUTO,6291.65,5017.016611286266,0.1527,2023-01-09,24,PAID_OFF,2024-12-29
39a90a45-104b-4372-816e-a5c24ab3c590,CUST00001846,e726be23-e776-4886-9534-ee1d7f2984f5,PERSONAL,550027.57,402386.6822315017,0.0912,2025-03-05,24,DELINQUENT,2027-02-23
55fccc14-31c0-44f0-a091-129b2f1835b1,CUST00000383,850a48d4-46b5-48de-9b4b-b8eb537d0bd1,PERSONAL,3709.31,647.1485437972319,0.0258,2026-05-03,12,ACTIVE,2027-04-28
067ab1d7-7059-4387-b89f-52d2a8737d14,CUST00004113,eb1fa9f2-d10b-41d0-b317-347038f16a81,STUDENT,35057.02,8297.471689054977,0.1113,2021-10-28,48,ACTIVE,2025-10-07
d7ea8625-11c3-438b-b0c6-9b42df0ff647,CUST00007070,55082167-2ff5-4dab-aaa9-46d411c7c76c,AUTO,56991.95,32785.35950883588,0.1527,2024-03-14,24,PAID_OFF,2026-03-04
49adb07b-874f-4c5c-9a06-64b93eeb2f03,CUST00003811,23ef5561-839e-4623-81d8-41d32a74b90c,BUSINESS,40974.23,12094.148161760475,0.1958,2026-01-01,48,ACTIVE,2029-12-11
8c1046bf-24b3-4794-a93d-b7fa8e8ded45,CUST00001510,2e85cb21-7631-4e9d-9de9-f86322bd3388,MORTGAGE,16681.72,7045.1128118778915,0.0267,2025-05-28,60,ACTIVE,2030-05-02
1c82780f-0e84-4070-914b-30a9f6d4461c,CUST00007574,7d6c3d2a-5564-41d3-8e0f-bae18787c3f4,AUTO,18129.01,8821.4706733461,0.1172,2026-02-19,24,ACTIVE,2028-02-09
849ebfa5-68f0-4a5d-90ac-72bdaf4c9dfc,CUST00001579,f2dcb12b-0f7a-4302-ac2e-28150a3217d2,PERSONAL,23522.61,13978.217027915482,0.101,2026-01-07,48,DEFAULTED,2029-12-17
b87189e1-9e5b-4abf-8478-608888c62a79,CUST00000880,620956a8-1c68-4db0-8d33-3496e3528539,STUDENT,17667.76,4435.514547875075,0.0636,2021-12-10,36,ACTIVE,2024-11-24
52581086-eecc-4487-b95d-43d62b7f90a5,CUST00002163,9bd972ca-0086-4f9e-ac19-1606a57d4eb4,BUSINESS,93509.53,15255.158147956796,0.1348,2025-04-18,12,ACTIVE,2026-04-13
e6c9fd54-24bb-4796-89d6-8cdc5ed0b58c,CUST00009765,411920f6-d056-4199-b728-ddc20f5e8b47,STUDENT,606696.84,241807.14791433042,0.0495,2022-12-27,120,ACTIVE,2032-11-04
0182c481-3bd1-4558-af2f-5f8b1a9226d6,CUST00009841,aabb6cac-48d7-4165-8c98-7a1b59afb1d1,MORTGAGE,9544.9,782.9321136242171,0.0711,2025-04-09,48,DEFAULTED,2029-03-19
0ef473a2-900d-4f16-80e0-32006197337c,CUST00007715,8f1c3fa0-7000-4009-b4e5-70ba7c3cc2bc,AUTO,2822.27,1486.673539414749,0.1607,2025-08-28,12,ACTIVE,2026-08-23
9123f2c5-c4c9-4949-a334-fca6d04f0a71,CUST00001360,d664d264-4c6e-47ff-b9de-7a3a486822b9,STUDENT,19294.53,16199.786933013987,0.1029,2024-05-27,120,ACTIVE,2034-04-05
c31dfb91-397a-4433-9b64-8ca71ea0dd2d,CUST00004432,1a9b0d42-154f-437d-befa-c198c3d6cd54,STUDENT,1055541.02,125583.6889127844,0.1989,2025-03-10,24,ACTIVE,2027-02-28
8bab4c1b-904a-4134-8902-8dd7a0d763f0,CUST00008149,7d6c3d2a-5564-41d3-8e0f-bae18787c3f4,PERSONAL,6597.78,743.7712502735637,0.0896,2024-06-04,24,ACTIVE,2026-05-25
d2f18f28-a61b-4c7d-8511-2d7f12ecaf24,CUST00003961,c3c75611-ffe3-4a49-854f-92fff366bad4,STUDENT,257474.31,20654.022413090275,0.1034,2023-08-25,60,ACTIVE,2028-07-29
924d4a86-efed-4e52-b9f7-3374e92af09b,CUST00003812,f7bce0ef-72c1-468e-9390-6193490ce315,BUSINESS,272815.55,231309.74409010264,0.074,2025-07-04,12,ACTIVE,2026-06-29
af8422cc-484f-4a28-a2d4-7bffa510f7b4,CUST00004243,0b6d35d7-818d-42af-b516-567d40b55023,AUTO,9600.95,774.8436609605468,0.0625,2025-07-24,36,DELINQUENT,2028-07-08
e9058f29-731d-46ec-a303-2bd49db564b5,CUST00004218,78ea47e2-cbc4-4d42-9c39-b57dbc0dbd13,MORTGAGE,51713.52,50858.28363609201,0.186,2026-07-13,360,PAID_OFF,2056-02-06
7d957e47-aed1-4cec-bcd7-e0eabf817a17,CUST00000081,3ff69f41-9508-4801-a3be-7ca05df924fb,STUDENT,253367.16,90789.38231158981,0.1548,2022-03-15,36,ACTIVE,2025-02-27
fae9df3f-585b-4128-8002-c5eb9cd3e931,CUST00002733,b92da22b-21df-406f-8a0b-3c3336d8393a,BUSINESS,12472.84,4100.597809038652,0.08,2023-07-31,48,ACTIVE,2027-07-10
7aa83419-7479-4994-a2fe-9cb4fcec1791,CUST00007834,61af663c-ed2e-4bcd-8c06-df90aa1c4023,MORTGAGE,16230.21,1487.202579203049,0.146,2022-10-13,36,ACTIVE,2025-09-27
7447f8a1-2734-4be8-a609-2042eb5f8944,CUST00002710,9fea97cc-3086-4fe3-a075-13728fe2c74f,BUSINESS,9204.78,5390.698521269847,0.1938,2025-01-21,120,PAID_OFF,2034-11-30
394d9156-5c31-4125-a123-433f895517ec,CUST00002423,ff233d5f-6ced-415d-9800-7c0287ea7ff5,STUDENT,4807.18,2816.4412535780934,0.0333,2024-06-03,12,ACTIVE,2025-05-29
bb2168c4-a318-4a65-896f-e30824f7e239,CUST00003642,02aa1c76-d0e0-4655-a03e-9b5d0ea8d0ee,STUDENT,8317.22,4107.091702854121,0.0676,2026-02-27,24,ACTIVE,2028-02-17
63719357-f7a5-4f8d-b689-c4c22ca26887,CUST00000668,2b2bf58c-6da5-4dad-b56a-abc050fb35b0,AUTO,3512.52,1092.4644874987362,0.0561,2023-05-11,12,ACTIVE,2024-05-05
290a8303-e1c6-47c2-81d8-93a5ffc7aba2,CUST00002497,73557b9d-0fd6-447e-b52d-4af2269ed4c9,PERSONAL,23181.86,8544.390592171987,0.1766,2026-06-04,12,ACTIVE,2027-05-30
6e8649f1-055c-42ad-bd71-017f5e3a5dad,CUST00003500,760116cf-25b4-47aa-9a20-e3baa5fc6d09,BUSINESS,6939.88,2224.255091688501,0.0523,2022-03-25,24,ACTIVE,2024-03-14
0ae4e096-24dc-4ee5-8cc3-78c3ce3200af,CUST00009637,73131038-b2df-4075-9b8f-abe952377d88,PERSONAL,31278.27,13329.122417727773,0.0755,2023-06-19,120,ACTIVE,2033-04-27
e13ae6f4-b5ef-418b-a90e-1a7e75be1ba7,CUST00009538,7c12d198-50c1-48f7-a764-28c4197fa0fd,PERSONAL,2134.86,729.6697548676501,0.1179,2025-03-29,12,ACTIVE,2026-03-24
fccc1a7d-3a1b-4a9c-9a07-f08e8a9fa5a1,CUST00008081,25e6d919-ddeb-4d5c-b842-7379d888dcb6,MORTGAGE,36182.12,24441.64872944286,0.1318,2023-01-18,36,PAID_OFF,2026-01-02
a0624c48-d713-4c2e-a001-965b66f89b87,CUST00006824,eaadcb2f-0f89-4df6-b97a-822c15e59a0f,MORTGAGE,76902.48,22746.713273956462,0.1655,2022-03-11,48,DEFAULTED,2026-02-18
67e2020e-f11f-4e97-b546-1a1c5a5a5dac,CUST00001190,4f612217-eef1-4694-90ca-e32d0aba590e,BUSINESS,1106.99,388.3744138820458,0.0933,2023-12-22,360,ACTIVE,2053-07-17
75e8abfe-6af0-4106-a235-09a86bcfdfa4,CUST00006605,69c165ae-4c61-4ae8-87a3-7f1061b512ed,PERSONAL,38602.98,16810.04922331779,0.1162,2024-04-26,48,ACTIVE,2028-04-05
f3cecaaf-71a2-46c1-b3ca-b4e3bbc3553b,CUST00008651,1b3ac54c-e31f-4212-9654-c83f62510f01,AUTO,138899.16,550.2954522872564,0.1938,2023-10-14,12,ACTIVE,2024-10-08
567a25f8-5d12-490e-b6a9-0f786370fda9,CUST00009405,042b03ca-75a7-4686-9632-1d31c8acffcf,PERSONAL,3588.68,1765.9268924550306,0.0735,2022-08-15,120,ACTIVE,2032-06-23
2213cdad-661d-4354-aa55-e9af537574b0,CUST00009104,88fd5890-a479-4ce2-b7ee-e00f7743c104,MORTGAGE,270724.93,69256.798312021,0.0647,2023-06-26,24,ACTIVE,2025-06-15
3efa528c-34b6-49da-87a9-efafb92ab1b7,CUST00001026,b540b30e-039f-4a25-8d61-68bd2defe193,PERSONAL,41296.31,2318.806556037239,0.1479,2023-07-20,60,ACTIVE,2028-06-23
9181c8a2-30e3-4645-b66c-4a03378aa526,CUST00007786,c680a2e5-678d-4f97-a614-f06ac81484cd,STUDENT,7650.16,6969.458698958483,0.1588,2023-03-13,120,PAID_OFF,2033-01-19
bab3d9a3-dfa4-46da-b2b0-74a331d16ea8,CUST00000072,e83cdff9-78a1-4988-84e1-502aa76180c7,STUDENT,20258.84,6531.8295428179335,0.0947,2025-08-09,12,ACTIVE,2026-08-04
5d08c254-9e6e-4c9c-88bc-7784a8c99656,CUST00005547,850cddfd-1c3d-4e19-b745-55601fa54251,AUTO,50893.49,21684.966105874137,0.0583,2023-07-05,12,ACTIVE,2024-06-29
dcc8c801-8c57-4243-b69f-ce1ae67d9f00,CUST00002686,4c618a43-6f04-4c76-b3e6-922da5044925,BUSINESS,24686.41,20424.132417432756,0.1602,2021-09-30,60,ACTIVE,2026-09-04
5ff3fbbf-6880-434f-8ac5-a4c6c393f806,CUST00009386,f796611f-c7c1-4b1b-9d58-631b052226b9,PERSONAL,49421.16,8242.904409854907,0.1407,2023-07-10,48,ACTIVE,2027-06-19
64907a63-36a8-453d-8e90-ee87a4dd2fe1,CUST00007373,68e8f311-5295-4a96-887b-25d79cf023dd,STUDENT,5535.79,4707.131004992292,0.1777,2023-09-17,120,PAID_OFF,2033-07-26
8af6d268-1bd0-4f9b-b861-2769242e4cff,CUST00001849,750d112e-8164-4eec-a4ab-851bf1fac6e7,BUSINESS,28397.07,6861.80972620966,0.172,2021-08-01,48,PAID_OFF,2025-07-11
e798d9bf-4ce1-4a16-b3cb-3b3fa6f90864,CUST00002023,901bcdef-b56f-48ce-bd66-971e88476c56,STUDENT,2642.36,1556.4501632886495,0.0569,2021-10-05,360,ACTIVE,2051-05-01
debf96d3-c64a-48bf-b4aa-e84ad5382419,CUST00006339,b64e26cf-3c9b-4542-bb1d-23a8d8c823b0,BUSINESS,18641.79,12782.272370598062,0.1698,2025-03-13,60,PAID_OFF,2030-02-15
330c8461-0d06-4891-a980-8e3c9fa3fe4b,CUST00003742,3e6b74fd-9f02-4cbf-ab29-d9129d1b83df,BUSINESS,5676.77,5137.556017483812,0.0515,2025-12-23,24,ACTIVE,2027-12-13
e3d21a33-8d3b-41df-9672-67353798fc80,CUST00001299,8d93e14a-5b16-4158-ba67-470c7d98302f,STUDENT,7307.86,4440.53339583238,0.1755,2021-12-24,360,PAID_OFF,2051-07-20
efe739dd-6260-4cbe-a8de-eb1c281ec259,CUST00004103,a9325ae1-9c70-40da-88cd-29c5ac0e1f71,MORTGAGE,140665.47,63754.06434177788,0.1587,2024-09-16,12,ACTIVE,2025-09-11
f1758208-2e29-4386-ae89-6265847aefa5,CUST00000905,396c357b-dd66-4071-8fd7-b1a1bd4f6118,BUSINESS,113206.08,64784.37008275145,0.1226,2022-11-14,36,ACTIVE,2025-10-29
34da1f50-b1a7-4e09-861a-1396716728ee,CUST00003027,c8f3332a-4741-4ca4-a3d9-9d90c964f746,PERSONAL,54924.08,11099.19335013998,0.1356,2021-07-31,48,ACTIVE,2025-07-10
2c1e86bb-aac0-46bd-9140-a95d62cef959,CUST00006710,2db13deb-ee6f-4bea-8df7-164713769ff9,STUDENT,4279.24,2948.714453667407,0.0387,2024-04-07,48,ACTIVE,2028-03-17
ae3dc742-bef8-404b-bbcf-57d745f84c5d,CUST00004712,ba0371f9-90ed-41d3-af44-4cf56f089155,MORTGAGE,13703.24,2560.8712485996502,0.0272,2022-02-22,120,DEFAULTED,2032-01-01
a4282ec4-27e6-487b-84ec-ea3290389f81,CUST00008022,eb45bc38-9cf6-4e33-8b5f-174b6c267b56,STUDENT,135896.19,75727.82736803309,0.0795,2025-11-03,360,ACTIVE,2055-05-30
cd03a402-c827-47c0-9337-bb3466e1608e,CUST00005970,d73d52ba-ca17-41d0-97c7-68d6114a9827,AUTO,27243.64,17643.08101278707,0.1679,2024-06-22,360,ACTIVE,2054-01-16
510588a9-694a-48b3-a693-2d9532a3a8fb,CUST00002621,b1d81887-4739-4c7b-bff3-0c8d83ff3e96,PERSONAL,714254.28,641816.8825422509,0.1038,2024-07-03,48,DEFAULTED,2028-06-12
bd0c1656-de37-4877-bee6-187277f4d7f9,CUST00002647,7d8f2350-31c7-4a44-a4f8-f226830481c2,AUTO,39734.57,17888.09915359534,0.0602,2026-06-26,24,ACTIVE,2028-06-15
7c976337-ee66-4fd2-833b-14ed216c0ed0,CUST00004866,55af47da-31d1-46cb-a450-dd3c01521e60,BUSINESS,29380.12,22779.383237178256,0.1702,2021-11-01,60,ACTIVE,2026-10-06
c36db2ec-eeda-49bc-9c40-6cbe50f370af,CUST00007346,0a1bebd3-e60e-4813-802d-a0fa227dcecc,BUSINESS,13853.94,2320.957333138149,0.0612,2025-03-31,24,PAID_OFF,2027-03-21
a0ca381c-bc3d-468a-87d4-9f499cc15301,CUST00002290,647ac591-5da6-4a3a-a60c-cfb4c6735380,AUTO,26911.56,4203.490909234057,0.1668,2024-09-26,48,DEFAULTED,2028-09-05
18d939eb-ad1a-4fd5-8909-8704e03c119a,CUST00007371,c71d5e60-1d52-46ab-b7e6-427cbf780e3f,AUTO,17523.45,9196.27175352051,0.1015,2022-04-04,120,ACTIVE,2032-02-11
057eccfa-15f3-4747-90bb-5ed3c9765bdf,CUST00003873,93dc8eea-3e8e-436a-87e9-5e6d7f71eef6,BUSINESS,63714.22,37995.38670319343,0.1034,2022-03-21,12,ACTIVE,2023-03-16
de952d1d-dcbc-4e3f-ab90-60cb02381c49,CUST00009678,4a7d6fa1-1d9d-4b86-8253-fb27393aa0a9,MORTGAGE,92508.28,58496.78205161128,0.0691,2024-08-01,48,DELINQUENT,2028-07-11
1706c3cd-da44-4dee-94dd-bff40d81339d,CUST00007691,91b3f921-1224-415f-9fbc-f340604948be,PERSONAL,6775.14,5052.0460290769815,0.182,2023-03-28,12,ACTIVE,2024-03-22
5b5073c7-e6dc-4c76-ae7a-e3bb50340715,CUST00001441,9aa1f98b-b4a4-4eee-b0cd-f14946434f21,STUDENT,2990.36,881.9513237416118,0.036,2024-12-25,120,ACTIVE,2034-11-03
f53ca48b-268d-49f4-be5b-8a9233f8457c,CUST00000766,16591c89-21eb-4aa9-9a2b-d69c450f69ee,AUTO,1402.05,872.9271564232351,0.046,2025-05-19,12,ACTIVE,2026-05-14
10e6e383-d736-450e-8ebc-5f603687f1e1,CUST00004093,8f158449-4f40-422f-95b0-2530f020e992,PERSONAL,47192.35,8878.727237784262,0.1345,2023-11-04,48,ACTIVE,2027-10-14
50c49c2b-e8c4-41fc-9f8c-1c815ce9a3d3,CUST00009342,05c8234b-1d76-4a66-b5f5-9cb0cf685878,STUDENT,4208.87,921.7328877084756,0.173,2023-05-25,48,ACTIVE,2027-05-04
72557e4e-d408-4cd1-a78e-4df0955ce1d2,CUST00002667,57f7d71f-2978-4c73-9440-adec12439b0f,STUDENT,871.89,58.68594668430334,0.0372,2023-11-18,12,PAID_OFF,2024-11-12
2cdb1625-b41f-4721-96af-d9ce799f52c0,CUST00008656,ec1b8ca1-f91e-4d4c-9ff4-9b7889463e85,AUTO,39453.1,29471.48882498994,0.1521,2024-07-12,24,ACTIVE,2026-07-02
cd65e328-19fb-4ed2-8da1-2b024a2c7830,CUST00005969,dca02eec-acda-4acc-9165-e21098543881,MORTGAGE,926805.75,469884.00016293896,0.1537,2022-09-12,24,PAID_OFF,2024-09-01
e16c77ac-e69b-425c-a8e9-772b8fd7dced,CUST00007642,363e6ef4-f8df-4c3a-aacb-4fbdfbff8a7d,MORTGAGE,21826.8,5198.831758980519,0.1247,2022-02-06,120,ACTIVE,2031-12-16
1e521d48-6a49-4f0b-a9cb-31b126ea945e,CUST00002182,e182701b-2e3b-4b69-8c2d-0e27c370f2e2,PERSONAL,77476.98,43095.619149326885,0.1076,2024-10-15,24,ACTIVE,2026-10-05
68e0c800-9e48-4e45-a904-ee42884526f5,CUST00009835,f2c0a0cf-bf03-48c2-b9ec-958b4d266574,PERSONAL,24903.01,8821.647208979197,0.0778,2022-06-23,360,ACTIVE,2052-01-17
a0f155fb-8d64-4c21-8fc9-3778288510d1,CUST00003889,d91b1cb6-35ea-4d3e-b77d-ff3ad3f04058,BUSINESS,18989.96,15898.582707996795,0.0833,2023-07-03,36,PAID_OFF,2026-06-17
47fefddb-fbb9-4f21-b32a-322878359656,CUST00000841,1519830c-4019-4303-9c45-7e4da79313b8,MORTGAGE,87431.83,46176.93572856053,0.1414,2021-10-15,12,ACTIVE,2022-10-10
3fd8027f-e755-4655-9916-2e44b0a17621,CUST00005900,60980b94-e05b-4892-a4bc-08cf2e904b5c,PERSONAL,14251.08,424.8349962477045,0.0318,2025-02-15,36,ACTIVE,2028-01-31
f205da82-a9f3-431b-9d05-3081f9e34f60,CUST00004119,81c974a0-ed6a-439f-b560-4484937749f6,BUSINESS,32895.41,32405.113333213118,0.1253,2023-09-11,36,DELINQUENT,2026-08-26
18d98279-71e5-48a4-a8c0-563d258a9c6b,CUST00000566,5735773c-761e-4287-907c-5e53b8f6703b,STUDENT,35687.18,2651.5053077626676,0.0702,2022-03-17,360,DELINQUENT,2051-10-11
e156df17-22b6-495e-8a14-b309c173d1d9,CUST00006006,7ed70ed7-b194-490b-a961-929e546e035a,PERSONAL,8085.8,5627.378723808184,0.104,2026-05-18,12,ACTIVE,2027-05-13
7a14cf98-611e-4047-b90a-474e6185e21b,CUST00009157,2caf3d2f-f026-4418-bd3f-bbec697ae294,BUSINESS,97544.46,42651.88471686546,0.1206,2023-04-15,36,ACTIVE,2026-03-30
960f96d9-051b-4698-8463-299a2ba321ef,CUST00009188,ae9bec36-35c7-436c-9b99-62c6e61fecc0,MORTGAGE,16942.16,4223.982168912515,0.1794,2025-08-13,120,ACTIVE,2035-06-22
5cc53673-d165-4869-bcde-b1c8b028bafc,CUST00007227,9cf021b8-4fff-4b59-9462-8786cc502a89,STUDENT,7089.59,4795.811534465853,0.1242,2024-01-03,120,ACTIVE,2033-11-11
9268b5df-95bb-4e09-b0e1-3734ee523a03,CUST00009380,e8dd5e5a-1712-4b16-a1a4-344fbb7bee03,PERSONAL,49254.93,6201.065343924375,0.0609,2023-01-07,12,DEFAULTED,2024-01-02
05155381-e4dc-4680-b284-71562e8ca6bf,CUST00005891,5aac72b1-77e7-4d81-9b88-fc72b66cdb02,MORTGAGE,5723.28,4911.98616434207,0.0343,2023-02-24,60,ACTIVE,2028-01-29
abf89388-f254-450e-bde4-71bff8655d61,CUST00004312,e522266c-393a-46ee-a2eb-4a7f7ecc492d,STUDENT,22977.52,5758.441918558713,0.1329,2025-08-07,60,ACTIVE,2030-07-12
56fb9a22-e2b6-4f5d-9805-2a559118b0e6,CUST00007737,d141b9e4-a783-41c8-a250-891ae9846baa,AUTO,21727.23,7853.386770049885,0.1181,2026-06-14,360,ACTIVE,2056-01-08
5eb63bc5-e2f1-4e16-95c3-3faefce176a1,CUST00008849,be153187-b783-41d5-9264-04b923f47a55,MORTGAGE,112290.37,71039.78799874363,0.1409,2024-06-29,12,ACTIVE,2025-06-24
9fc08086-228b-468a-ad5f-4dd311a2c64d,CUST00002983,dca02eec-acda-4acc-9165-e21098543881,AUTO,44893.46,46.20953716116612,0.1027,2022-03-24,12,PAID_OFF,2023-03-19
eab10bcf-64c4-4063-ad68-53c64cd3a6a4,CUST00009306,0227b8d5-b070-4a53-90ce-857f75c72fb6,PERSONAL,21214.91,10029.31930688452,0.1685,2023-02-19,12,PAID_OFF,2024-02-14
ef5e0d74-fe2e-4c0f-9c68-a6142644b6f9,CUST00006084,061efb95-68f8-4063-aeb1-9ad201a1fb0f,BUSINESS,75105.53,67163.03920131142,0.1856,2025-04-12,24,ACTIVE,2027-04-02
32773b28-ab3d-48ac-b5dd-b7d2ca7cd927,CUST00000557,cc876b1c-a987-499b-bd4c-938cd76ac5a8,PERSONAL,177249.09,120603.05323751847,0.0272,2026-05-10,12,ACTIVE,2027-05-05
4ad76a0d-5219-4d62-a25c-6c5cf629c955,CUST00003020,afcfea4d-627e-41e1-af35-fbc0e1057ec8,MORTGAGE,50854.07,19726.312311614867,0.1539,2022-12-13,120,ACTIVE,2032-10-21
c95d2093-f2e2-4d2f-8af3-c094b61ed8af,CUST00002581,f485e944-3142-40c7-95cc-861a8f31bf2e,AUTO,22371.18,14774.473758414368,0.0263,2022-12-20,120,ACTIVE,2032-10-28
fbcb4db6-9a51-4c62-9ace-65501544409d,CUST00008147,b4c0fd18-65cd-4fd1-a264-9ce8eab8d5be,AUTO,3078.65,2883.369459978667,0.1001,2023-03-10,48,ACTIVE,2027-02-17
9f325c4c-0415-4961-bea7-ededcca0152e,CUST00008244,f11afc00-132b-4f36-9940-4d24eced9c30,STUDENT,4457.44,837.1309314773855,0.1031,2024-02-10,60,DELINQUENT,2029-01-14
fde02b7a-6af0-4bbd-971f-640de41bb3b9,CUST00009554,503b4078-a39c-4ec6-b746-4c02871854c1,PERSONAL,13935.06,7410.776511647359,0.1453,2022-03-01,60,ACTIVE,2027-02-03
40b1fb20-d9eb-4495-9d7e-cb5f2b4786c5,CUST00009387,a70a409d-ac50-4260-b0f2-4933d544c79b,PERSONAL,8828.42,2072.361956733315,0.0834,2021-08-15,360,ACTIVE,2051-03-11
fb66bcaf-47be-40eb-836f-ad3831286dc8,CUST00004020,f4d375c1-a293-49fa-b240-d7a14027ab7d,MORTGAGE,16639.64,14213.99047493042,0.1678,2024-05-07,12,ACTIVE,2025-05-02
060072c3-ea7a-409e-a77e-e2a9853b0173,CUST00003139,9fb886b2-a662-4b92-8748-ffb3d0a96757,AUTO,23979.99,17290.777822902972,0.0817,2025-02-18,60,ACTIVE,2030-01-23
2ab8c610-e7e3-49b8-918d-a4887d5704df,CUST00009841,093923de-8bab-4e3b-a628-6bfbe767dcea,MORTGAGE,48753.83,39055.51923293738,0.0817,2024-07-08,12,ACTIVE,2025-07-03
b354f19d-3d22-4110-a63f-69ea0d5098fc,CUST00000672,9136d4ad-f27e-4ce7-ab8d-2c495e3003e1,MORTGAGE,19816.14,18686.854890663926,0.0601,2023-04-13,12,PAID_OFF,2024-04-07
ff03f1a9-72ed-457b-835b-66254e7fb47f,CUST00000778,504867ba-bf7b-439b-8f9a-ea4b8acd4e10,AUTO,45695.38,10615.437814118814,0.1431,2023-04-18,60,ACTIVE,2028-03-22
45d89da6-0a5b-4eb2-9667-91896ed5ca30,CUST00004928,73069588-45d5-468d-a90a-3abbc35b9fea,MORTGAGE,24263.09,1182.0776432120276,0.0338,2022-08-07,60,ACTIVE,2027-07-12
a81d0ecf-c27f-469e-bebe-a834bfffd800,CUST00003023,902f3465-0b57-4720-9cd8-758ba5a1c825,AUTO,1137.74,330.97279858499434,0.0853,2025-12-22,48,ACTIVE,2029-12-01
553a2bad-148a-4202-a8cf-20c875453946,CUST00001861,fef97d57-3c77-4a4a-8d65-4036a00f230b,MORTGAGE,5382.98,2148.558915559806,0.068,2025-10-08,360,ACTIVE,2055-05-04
df3e03c2-2172-44cf-8808-1d218d204cf6,CUST00003140,848be725-da6b-4060-bdcc-4915934a85d9,BUSINESS,17745.17,11093.567046577147,0.0613,2025-05-09,36,ACTIVE,2028-04-23
02bbc915-9fc9-453a-ad32-1036fa6e8103,CUST00001075,ccc56569-f9e8-4369-a999-b735dd56cc94,MORTGAGE,3588.39,2862.4750749422146,0.031,2023-07-14,48,ACTIVE,2027-06-23
4d7e6eeb-04eb-4694-92da-e5a7bc11733c,CUST00009909,6d39da75-aee7-4ab2-a1fa-8e7a078c26ce,MORTGAGE,54170.57,18949.04350137383,0.0543,2023-07-29,48,PAID_OFF,2027-07-08
7859d906-e78f-480a-b31b-c38a6173a99e,CUST00009476,f574175b-3d05-4bf4-b93c-4fbf1b9b71f0,BUSINESS,218846.59,103623.20092265216,0.1003,2025-11-16,60,PAID_OFF,2030-10-21
b1fe69b8-0936-412c-a36d-feba6148ca39,CUST00006764,ce3714af-99b4-4350-af2b-99b4d9acd158,PERSONAL,137055.71,107652.77382149639,0.1107,2024-07-11,360,DELINQUENT,2054-02-04
60094db3-b265-493e-8531-4fd0ac01e53d,CUST00001987,7ee667de-d93e-4a4d-aa6a-642bfabfa7ef,AUTO,15991.87,3603.4276987153526,0.0685,2024-12-21,120,ACTIVE,2034-10-30
8338b815-cd9a-4a65-9de6-346755ec2b78,CUST00009194,1cce08e9-6b6a-4061-881c-8d3185c69fbf,STUDENT,206094.32,44749.65703876011,0.137,2022-04-15,360,ACTIVE,2051-11-09
6cacf6d9-c8bc-4c88-be60-0c12da8746db,CUST00006328,4e954929-e58b-4d2d-8d4c-3b8004251c71,BUSINESS,27529.16,16221.08925430937,0.0804,2024-01-04,48,ACTIVE,2027-12-14
21e10ae8-5795-4ee7-b510-561a683def14,CUST00001047,3c0a584e-a7cd-43cb-abda-06b220d2b528,PERSONAL,13284.74,5792.901618653928,0.0861,2024-01-07,120,ACTIVE,2033-11-15
42f76d43-b818-4f1c-98a3-2011f1624df9,CUST00002177,d9a3ac28-e346-41b7-9589-9035c0c6e3ff,MORTGAGE,8777.05,8328.514685082166,0.1609,2023-02-12,60,ACTIVE,2028-01-17
4819a23a-7d23-4d9a-b162-1e958d68f317,CUST00002339,91a07ef2-1c00-4554-8396-3bf97cc9d887,PERSONAL,13992.76,4995.842700652885,0.1194,2023-07-31,24,ACTIVE,2025-07-20
732af4e8-e9d1-4994-9553-8cc94444a6bd,CUST00000501,b63b4dc3-a559-4463-b9e1-3ceab0cbc61f,BUSINESS,12304.68,9346.088643358456,0.1916,2021-08-08,12,PAID_OFF,2022-08-03
ce339ee0-15b5-4510-abfb-9abfeb34e953,CUST00002234,69c718ee-aea4-47d6-955f-a2f45fa9b21a,MORTGAGE,28442.06,16584.35879516871,0.0847,2026-05-23,36,ACTIVE,2029-05-07
dc89e59a-5190-4e93-a9d0-c2ecaa8d904c,CUST00004609,85eb2b3f-aad5-4fb8-a762-b59cce9e5929,PERSONAL,28025.24,1529.5080751517455,0.169,2023-08-02,120,DELINQUENT,2033-06-10
05e3d107-1d0f-4e16-a554-674f8240252d,CUST00007235,1d71f339-c448-42af-87f8-b6f13fdd0e2b,STUDENT,22127.34,1867.2277118913885,0.1529,2025-08-06,24,ACTIVE,2027-07-27
c316959c-ce64-4ebe-a0e7-118acf8da52b,CUST00007973,430438b5-32c1-42f1-b661-7a3bf9606ca3,AUTO,42421.36,8618.174521843323,0.1802,2025-09-29,120,ACTIVE,2035-08-08
2d56e616-130c-465b-be32-b1b41b679a64,CUST00006611,1b0c9092-8127-48f7-9909-e0c9276c7935,AUTO,131395.8,18809.653401346044,0.1922,2023-02-02,12,PAID_OFF,2024-01-28
92689d81-276c-4202-90a1-2a0b5f96600d,CUST00000601,8570b59f-a903-4e67-bc56-8b5324acb722,BUSINESS,91521.68,30144.632076361988,0.0214,2023-08-28,12,ACTIVE,2024-08-22
165effd1-c764-4651-bca8-72f2cd2c4a30,CUST00004285,d7b73862-b347-41d4-98c6-b1c674d082c5,MORTGAGE,2374.76,1374.9597181570496,0.0359,2023-10-12,360,PAID_OFF,2053-05-07
b91d8c4c-0278-4c40-934e-2bd9dd1ad072,CUST00009181,c2b2547d-ac3c-4be3-bc35-b2747a57772b,MORTGAGE,477.76,287.78472854720883,0.1414,2023-01-09,36,ACTIVE,2025-12-24
57549c43-ce96-4698-bc8b-7eb7037146f7,CUST00004484,79eae461-0751-4daa-844a-2a482fe12ed8,AUTO,89454.01,52578.18533162558,0.0902,2025-11-10,48,ACTIVE,2029-10-20
12049b0a-9e11-471c-a8ae-6b4bdec2c775,CUST00005902,bbaa574f-e0e3-45ce-84af-ecb79f2ebefc,PERSONAL,2834.67,333.3816683355629,0.1674,2022-04-24,12,ACTIVE,2023-04-19
f7347784-a049-4164-952f-6d1127ff97ca,CUST00006130,91b8ff07-e909-4654-9432-3b1c869e8836,MORTGAGE,15722.56,9437.080035778801,0.0222,2023-08-26,36,ACTIVE,2026-08-10
a189682b-75f4-4056-b817-93a1df10c0ab,CUST00001755,659ae9f2-171e-4028-a2be-80e1a84d5f25,STUDENT,3807.89,1560.2710729953678,0.1653,2026-02-24,120,PAID_OFF,2036-01-03
aa3961be-c93f-4c2c-94b5-e773df973c95,CUST00002465,5d2e7b90-acb6-4e81-a8f6-0796f200a32c,STUDENT,1475.91,1332.8244591731523,0.0443,2021-08-15,120,ACTIVE,2031-06-24
0e60ec16-1f39-49f9-9cd1-126b1b17dab8,CUST00004483,d18183d1-ac2b-4cfc-85c5-1060991121e7,MORTGAGE,49622.22,45254.680415779156,0.0722,2022-07-11,120,ACTIVE,2032-05-19
eb0230a0-3313-4402-a382-d280b44304e9,CUST00009687,75b17a55-d426-4982-a43e-4288a2b5b498,MORTGAGE,68784.43,52838.39880936668,0.1944,2025-07-17,360,PAID_OFF,2055-02-10
2f81d4b2-14c6-4d19-ad33-29b7befe0e22,CUST00009045,65c17795-b155-46bc-9f8d-ed9756abf2f1,AUTO,9276.45,6522.338331814399,0.0293,2021-11-08,120,DEFAULTED,2031-09-17
17722cf0-f38e-4bc3-b7df-852c1779e7d0,CUST00007401,205c8491-a061-49db-b172-f63648bfb602,BUSINESS,451.89,51.94598342859289,0.0828,2024-01-23,120,ACTIVE,2033-12-01
af838c06-caa5-422a-aed7-149f00fbbb90,CUST00006807,fc267da6-4a64-4fc1-a843-a5c38dcd6e9b,AUTO,9707.3,822.1521201355457,0.0352,2021-09-04,60,ACTIVE,2026-08-09
b78bf29d-0ccc-45c6-b5d0-ea433baada26,CUST00008644,84fcfcb0-f5e9-4352-b745-39f2f1d188b9,BUSINESS,39644.44,33334.38080942202,0.1736,2023-06-01,12,PAID_OFF,2024-05-26
a01d9aeb-5206-4f1c-a30b-f0db1454578f,CUST00007397,b86d066b-1ba8-47c6-897a-24ad41b455b8,STUDENT,2396.18,1023.2067590790248,0.1465,2022-07-15,360,PAID_OFF,2052-02-08
d14b049b-79de-46cb-b150-c32387826633,CUST00007339,529b20e0-53bf-4b10-90cc-c1a51b912adc,BUSINESS,28999.67,13089.357031276619,0.1641,2021-07-24,12,DELINQUENT,2022-07-19
7ecc0177-fce8-43f0-b54f-0f8a32823c8a,CUST00009951,e8b81813-e672-4bf5-8110-783e3dd6831b,AUTO,21526.4,18249.933172856498,0.1149,2023-10-01,48,ACTIVE,2027-09-10
781e2d35-2fa1-42bc-b4ce-5f319aff48af,CUST00005242,5711d5fd-30b1-467b-a771-a42280038f26,MORTGAGE,52519.37,32637.162468368395,0.0844,2024-12-09,360,ACTIVE,2054-07-05
9780fe9b-ad18-4723-bb47-d3a449be8766,CUST00007395,71f34593-a737-419b-a1e0-9bf146748ee4,BUSINESS,26353.87,4728.075103792776,0.0204,2024-09-18,48,ACTIVE,2028-08-28
7148c007-0faf-46b4-9c63-df5edd712dc5,CUST00006438,a801f15e-7046-425d-bd47-4d951bd36f41,AUTO,5117.37,1079.832767623049,0.07,2021-12-28,360,ACTIVE,2051-07-24
145deec7-019d-412d-81f1-0d042f576e77,CUST00004696,0a398bf7-27a1-48a0-afff-a2f4b5ae329d,STUDENT,132568.83,845.4138376602735,0.1126,2024-01-11,60,ACTIVE,2028-12-15
43651cb8-329d-4f9e-b964-8a0f2d0490a7,CUST00002589,00cb9caa-bbdf-4574-89b8-f7ba98a7fea2,BUSINESS,17364.89,12340.708007584939,0.1396,2022-01-04,12,ACTIVE,2022-12-30
934fa5c8-8ac0-48d3-a0d0-2f5a24d6281f,CUST00001783,7a8104de-b205-47bb-bb16-f75776f186ab,STUDENT,21142.56,10267.07362641916,0.0612,2023-08-29,360,ACTIVE,2053-03-24
1fbf23bb-b331-49f5-b078-f3d0f9046be7,CUST00005948,cebeabaa-2859-4b34-9725-d2c71eb2a7b8,STUDENT,5432.19,5160.384467674195,0.045,2023-04-11,48,ACTIVE,2027-03-21
302dc72b-1366-4d76-82fc-93d9b3ef29d7,CUST00006595,b0b862ef-6c9f-42b9-b647-8986a3917c99,PERSONAL,11328.5,8088.694018941003,0.0563,2023-09-28,360,PAID_OFF,2053-04-23
c19bf990-5247-4092-993e-eb082fe26180,CUST00003521,f6f61488-d620-45f0-9253-b6f72328051e,BUSINESS,5841.81,602.5982451927371,0.0837,2021-11-06,36,PAID_OFF,2024-10-21
6508f5c4-2994-4775-ba4b-90e3fdf26daf,CUST00009972,5a765b48-5d03-44d8-9396-440547b5c4cd,AUTO,16993.41,2745.1402607465816,0.0467,2022-03-09,120,ACTIVE,2032-01-16
4bf5cf0e-97a1-42a2-9606-be66a2a2d1a6,CUST00003219,4b658517-1519-413c-a6c7-1f155bed83be,BUSINESS,287093.35,144041.80962259177,0.0482,2022-10-27,120,PAID_OFF,2032-09-04
a3fe085b-81b4-4b37-a98b-4ff499ff70c6,CUST00003758,0b458c23-eead-490c-8f9c-78bf010d583f,BUSINESS,2813.4,2602.040986115732,0.0279,2021-12-01,12,DELINQUENT,2022-11-26
403e3ee2-6d30-41b9-b7df-c57149102c10,CUST00004017,e1ccff0d-8078-436d-81b0-62c19aad9234,STUDENT,1957.96,484.1077439488489,0.1742,2022-10-08,120,ACTIVE,2032-08-16
3da325e2-bc46-40bd-9842-20f1d3105f4f,CUST00002838,52c83bfc-5b48-461f-9b1b-4cd736ba4918,STUDENT,200136.62,165228.83114967312,0.0596,2023-03-05,120,ACTIVE,2033-01-11
e3fb7b87-a7a3-4c7a-81c9-a46487d22e31,CUST00006001,c1472ff2-2ad4-4bba-80ce-350586780a98,STUDENT,16090.99,5024.772389678948,0.1679,2023-10-03,36,ACTIVE,2026-09-17
480d0cf3-406d-4351-aefb-e3b3f7d7f5c0,CUST00007035,421becca-0f60-40f3-bef7-24105528dc45,STUDENT,8073.89,2179.1202197825014,0.0989,2022-11-13,24,ACTIVE,2024-11-02
0fc64cf0-108d-4f04-a948-9bdac1199d43,CUST00007310,9714fadc-b3c4-4030-ae84-e8323c38c3f0,AUTO,104805.03,94470.49413536508,0.1338,2025-02-02,60,ACTIVE,2030-01-07
e716eb38-581f-43df-be71-bda810128b96,CUST00004240,67e54646-8430-40fa-b90f-ecf5e8410a39,MORTGAGE,8880.18,419.5138410917297,0.0336,2026-05-21,48,ACTIVE,2030-04-30
c172494f-9eae-4feb-8f76-a282bba04391,CUST00004429,a3422e50-9e2a-4324-8f79-a8a75f8a14bd,PERSONAL,340787.56,225172.32638197218,0.125,2025-03-15,24,ACTIVE,2027-03-05
ac8d8f32-1477-4569-ae1a-b11ad1550475,CUST00009612,6e43b319-f929-4271-b220-58f9bdb2fd9e,STUDENT,60893.93,2628.6395929148007,0.0722,2023-05-15,48,ACTIVE,2027-04-24
722899a2-b752-4753-a60d-400fc3b1ef08,CUST00004151,13aec376-c359-410a-b1a6-014c5f3c44dc,STUDENT,10594.95,8484.05228053633,0.0371,2022-01-10,24,ACTIVE,2023-12-31
acac1b18-be88-44ab-ba27-a8f803125cdd,CUST00009523,235fc3d5-2224-4806-8e07-2a5273edb223,PERSONAL,560151.36,464591.9774182497,0.1835,2025-08-07,120,ACTIVE,2035-06-16
c5798f5d-9690-40b0-9182-88dd16965a15,CUST00001447,1e26ed31-d9e9-4758-b6b9-04364b46ef33,STUDENT,8878.85,7931.979022916842,0.1287,2025-01-05,48,ACTIVE,2028-12-15
b2b51b60-5c89-406e-aa1b-248fea94d306,CUST00009633,29a099de-aa10-4595-8ee2-51809fb109a3,MORTGAGE,67046.59,12476.704062771712,0.0635,2026-06-25,60,ACTIVE,2031-05-30
f5946de4-ad9e-492f-9b02-7f54ae5b4ff8,CUST00006469,7412b293-4729-4739-a14f-f3d719db3ad0,BUSINESS,34507.74,4296.149995187686,0.0955,2023-11-18,12,ACTIVE,2024-11-12
ba266e87-432f-474f-91b7-2a5c10dd6f06,CUST00005791,88438de2-59cf-4b0d-91f0-647d0f321333,PERSONAL,155222.05,78159.74217359895,0.0842,2021-10-24,36,PAID_OFF,2024-10-08
5bad4331-7366-4606-91ae-2d48d6f83aa7,CUST00004176,15a905b4-08f6-4b3f-80c9-1cd8d9f8a24e,AUTO,229180.87,62253.000529514386,0.1461,2025-02-26,24,ACTIVE,2027-02-16
5ed560c3-7afe-417e-8f9b-6d33be00565d,CUST00005081,cf3a2f8d-57f7-41e3-8add-397642fc7edf,PERSONAL,23109.67,14011.334505463834,0.1293,2022-02-26,36,ACTIVE,2025-02-10
7d34d5ec-c36f-4008-8cdc-ffaf7fec01d8,CUST00000865,f0f7ad22-c76a-4e0f-88f0-91f09b8b38ae,MORTGAGE,7114.38,3654.9934490907854,0.0236,2026-03-18,36,DEFAULTED,2029-03-02
beb64fd8-ffc4-495b-8bc1-35a9503fe053,CUST00006861,e7ab2ef7-7b8f-409a-8c8c-eba90662200c,AUTO,43912.67,6360.842915132791,0.0556,2021-12-10,48,PAID_OFF,2025-11-19
2ba95b90-9654-45e4-ba65-860330b6857a,CUST00008664,cea95510-54de-4c80-908d-13dff3dcd264,BUSINESS,7969.9,5891.911908949231,0.1061,2024-10-03,12,ACTIVE,2025-09-28
68e438e0-5a57-4306-b0dc-80e80aee5a68,CUST00006218,5fcf5c22-b9b0-4c1a-baf9-706d802ddcc4,STUDENT,451387.24,362818.012177935,0.1002,2024-03-01,48,ACTIVE,2028-02-09
5309c42a-762e-4da3-a146-04df77069f94,CUST00005673,68b666d6-66a3-43db-8960-42b0dbe7a333,PERSONAL,27032.71,26033.662741906304,0.113,2024-06-02,36,ACTIVE,2027-05-18
f1f97ce9-d8b3-44a4-8bd7-25f2ec66f55e,CUST00001503,6e4ff4a4-19cb-44c8-9b45-03bce892464d,AUTO,12733.83,5036.724809973767,0.1487,2023-07-13,120,ACTIVE,2033-05-21
de61f70d-76b0-4d9f-a73a-d8cbf8e7158b,CUST00004685,0ad7d77c-9bf4-4cc6-af1f-be1687324f52,PERSONAL,29057.17,9813.621435226554,0.1428,2026-05-14,360,ACTIVE,2055-12-08
27165ab6-73c1-4557-b6e2-6e93e62abbfe,CUST00001411,d8d994b8-d90f-44e9-86dd-f6cab0c30a59,BUSINESS,2919.92,561.3915745657386,0.0871,2026-03-24,60,ACTIVE,2031-02-26
62b45550-c024-4e61-bce4-570b245f8b4a,CUST00003771,290c9e51-80d7-4805-ac6f-c084c04a3f68,PERSONAL,5128.55,927.5754788931355,0.178,2025-10-12,12,PAID_OFF,2026-10-07
df94a2f8-0644-4f36-b31b-38886b6ab820,CUST00004660,8cfb137c-a89e-44df-871c-10aecdb4adab,AUTO,133335.11,42807.67512200173,0.0313,2023-07-26,12,ACTIVE,2024-07-20
61a73056-5114-4a97-89cb-c14823b1d124,CUST00004002,01d3a033-3586-4e6f-9b24-955cb4fbdaf2,MORTGAGE,8222.74,8073.223471116535,0.1252,2022-08-13,120,ACTIVE,2032-06-21
263e0670-a1d7-4730-9ec8-bcbbfd610d09,CUST00003484,65edcfe3-4f2d-4d3f-90d4-de39161237c9,AUTO,4580.82,422.6203823499095,0.1909,2023-03-12,36,ACTIVE,2026-02-24
6f339c5e-0392-4cfa-9d9f-2c8c6640464a,CUST00004563,2e709838-0190-4620-99dc-abd056febfb9,PERSONAL,49265.49,12777.803034786242,0.1188,2025-12-20,48,DEFAULTED,2029-11-29
e7c5d314-a969-44fc-9141-70c1ca978f1d,CUST00000599,ac5d7133-6a2a-4cad-a8ca-5b2ecb8e2d61,BUSINESS,130425.34,11213.761645082239,0.1019,2024-04-23,120,ACTIVE,2034-03-02
f22fdeb8-97ca-4ad1-a6aa-78092c3b4e9c,CUST00009184,97c6eb3c-cb5a-4c0e-9834-a40dbecfdded,STUDENT,64759.13,17720.130934254685,0.0441,2022-07-07,60,ACTIVE,2027-06-11
043217e4-1847-4750-b78c-e7b72f14b369,CUST00003042,581848c5-27d1-4990-a049-a289056a3b28,STUDENT,98132.27,9067.562325489926,0.1658,2023-02-25,24,ACTIVE,2025-02-14
45590d60-265f-45c1-b8e7-e190642bb07d,CUST00008161,0d67d38e-990f-4c5b-adcc-3daf569f3ab3,BUSINESS,7078.43,3598.0287317118723,0.0873,2024-07-30,48,ACTIVE,2028-07-09
7f5085e7-058c-4d44-b2a0-2b53565a4a42,CUST00006392,3385db3b-e893-486d-a3fb-6609334b92a2,PERSONAL,2610.47,1144.31428284518,0.1462,2022-11-11,12,ACTIVE,2023-11-06
d46c5776-4db3-4044-a887-6b7f64694f53,CUST00007288,42bb8f63-4145-4abc-8cc2-e0f013093c17,BUSINESS,209399.77,36446.099151370334,0.0556,2024-11-23,120,PAID_OFF,2034-10-02
47155ad3-8ca0-4d2a-9a93-98e6f487b599,CUST00000067,115c42cd-5147-4e86-a875-d40aeac7dc2e,PERSONAL,13574.93,2373.0049214455876,0.0275,2023-11-04,48,ACTIVE,2027-10-14
9b58e20a-7c8d-4aef-b0a0-4e0b3a4d1f57,CUST00008124,94010dfe-7921-4c7c-a119-ceee0fb91307,AUTO,15119.65,9466.550056461418,0.075,2024-04-11,24,ACTIVE,2026-04-01
6f6335bf-6ecf-4ab4-bfc7-6f6ab9465130,CUST00002751,15fa9483-f633-4c2d-aba9-00e16a7d5d96,MORTGAGE,161504.97,62522.020240027516,0.0707,2021-07-29,360,ACTIVE,2051-02-22
7cc27448-28ea-4192-9a02-4444f28446fa,CUST00008662,6676cc75-6699-4af5-9d24-181c2ed087d4,PERSONAL,50733.67,2850.975375895935,0.1772,2024-12-22,360,PAID_OFF,2054-07-18
5a766ac4-0f4c-4562-aa71-295cf816ee8a,CUST00009917,63f2ae24-fc3d-4348-808d-4127610461e3,STUDENT,43644.46,40161.30911282981,0.1756,2021-10-14,60,ACTIVE,2026-09-18
f3f48d53-1120-41b7-9b23-91f0f620e4c0,CUST00006807,600c9c71-0990-4647-8ac8-d87ea689d07f,STUDENT,566653.63,229467.79606164686,0.1161,2022-06-21,360,PAID_OFF,2052-01-15
9b99f012-7a09-471c-b4bd-feed52c2a44b,CUST00006430,721df83c-b464-49f4-b163-b27430c041a9,MORTGAGE,8389.39,4958.528446239151,0.0234,2022-10-03,360,ACTIVE,2052-04-28
84cda1d2-3c32-42ee-a437-e3804a10ff5a,CUST00008124,8b074d1a-6a7a-4841-a8cc-812a8150e0c9,PERSONAL,88588.75,78437.53787833132,0.0611,2025-04-10,120,ACTIVE,2035-02-17
37663e35-cdba-4cac-be85-f617f17e993d,CUST00001632,9416e4dc-c6b2-4def-b8d8-b7f1c86c6544,MORTGAGE,23993.05,9649.020929536495,0.135,2023-12-07,60,PAID_OFF,2028-11-10
f4f48fdc-0351-4800-bd91-dbcc6a959ce2,CUST00006453,01afb939-c4df-4b8d-84eb-8e5d6a6e94cf,AUTO,32954.68,27044.588987585106,0.0383,2023-11-30,24,ACTIVE,2025-11-19
56ad3649-289a-4abc-a1aa-8c494ed9974f,CUST00000775,92f71993-4884-4b5b-8dd3-214cb4508610,MORTGAGE,218098.62,199506.1978278334,0.1461,2025-03-13,24,ACTIVE,2027-03-03
9e54b7bf-af1e-4596-8f84-4346a165c37d,CUST00006108,8e485223-46b9-4991-a14e-b70db380c73a,AUTO,47181.33,8212.730670858076,0.0222,2024-04-02,360,ACTIVE,2053-10-27
995fa798-1f31-43fa-9c93-92456dd2c683,CUST00007805,05cf079e-a095-4c4d-b3bd-2348854bc8fa,STUDENT,49387.08,44077.59652158022,0.1429,2022-10-06,36,ACTIVE,2025-09-20
57522610-482a-48ff-8796-45b8212232df,CUST00009679,67c3bd9e-2f54-40e5-899a-5349cb93dab6,AUTO,110057.8,13188.495453121226,0.172,2021-07-27,12,ACTIVE,2022-07-22
b0427c62-ce9f-4278-9f94-2c43b989a884,CUST00004020,aaf78c67-51d0-4109-bc90-2838d8741408,PERSONAL,12740.88,3505.365307612956,0.1045,2024-10-02,36,ACTIVE,2027-09-17
90b950bb-5e9b-4a6c-a0cd-5bb8dd357f0d,CUST00000930,5fcc997d-1cbb-404b-accd-a2af4d64bb63,PERSONAL,6255.31,5055.6131506010015,0.1692,2024-05-11,48,ACTIVE,2028-04-20
0488a0e8-1028-45b4-b938-ce7ff86e2588,CUST00003013,9d37efb6-eafb-4e90-94ec-84ce002ccb25,PERSONAL,4595.29,4138.906697900579,0.1607,2022-05-12,24,ACTIVE,2024-05-01
3f010e25-6ac0-4ccb-9eb8-e0db7273b7af,CUST00005025,663b4427-bef7-410a-97f9-f3a761936947,PERSONAL,1153.4,789.0856785094841,0.1409,2024-07-23,36,ACTIVE,2027-07-08
b0333c0d-5381-4235-b1cf-c83f359ee84a,CUST00006265,616d41c8-575c-4669-a00a-06e6e42f0c28,BUSINESS,481331.11,50455.9425073544,0.1001,2023-09-15,12,ACTIVE,2024-09-09
e70dc8b8-df33-4eb0-a8ff-561f3bc29d89,CUST00007974,a65d958e-936d-41a8-93ac-b00e32eeeb38,AUTO,4209.87,2201.729496773011,0.0689,2022-10-01,12,ACTIVE,2023-09-26
e6defc16-ea6d-4cb6-a245-65d450026d68,CUST00009698,439db29d-4bc8-4c16-ba2f-bd74fd1935cc,PERSONAL,15805.6,9050.825673997067,0.175,2022-06-28,24,ACTIVE,2024-06-17
47d0e6ee-c96c-4090-b9e7-6f99f8f79639,CUST00004730,7249f62c-0898-4462-980c-b95c19d45deb,MORTGAGE,14541.76,4098.7365473343625,0.1367,2025-08-18,120,PAID_OFF,2035-06-27
cb37a85d-93c4-4d32-973b-df7a8e14338e,CUST00007962,c9525185-81e0-4a5e-8b48-f49686abd4e7,MORTGAGE,34930.3,34626.25992377297,0.1636,2024-12-29,36,ACTIVE,2027-12-14
e6e005dd-31c2-4ddb-b2c5-b9b954c06524,CUST00002820,7dc4f12b-f2c5-42da-8094-4f952f51aca6,BUSINESS,74877.28,25130.90850158901,0.1194,2024-07-23,60,ACTIVE,2029-06-27
c8169e32-5263-4195-b729-4c21208bc725,CUST00006656,24933b83-7577-40a9-a491-f0b2ea1fca65,AUTO,80074.3,16836.0034728993,0.0509,2023-12-09,24,ACTIVE,2025-11-28
e950419d-f89c-491d-9280-9c97a1f76e1c,CUST00001185,17e52113-4626-43be-a068-8849eec71a30,AUTO,9185.52,1011.6566939039678,0.1963,2025-06-22,360,ACTIVE,2055-01-16
9c00cb52-97c4-4530-b546-5c933a9af0b6,CUST00008481,8082a0ee-dbe8-4d7a-8907-03e848841707,AUTO,17142.52,6488.465434542985,0.0529,2022-03-17,48,ACTIVE,2026-02-24
3fc4f4d0-d1d5-4a53-9035-dd193cad3401,CUST00006344,b69f75c5-c82b-41be-a1eb-64e6fd498e20,BUSINESS,33653.42,23308.987729815126,0.184,2024-05-15,36,ACTIVE,2027-04-30
e3fb8c1d-7841-43dd-9034-4c867d14190d,CUST00000528,f9690579-79dd-4dd4-af97-fbd2a0c45942,AUTO,15168.3,3510.203896188374,0.0575,2025-11-05,36,ACTIVE,2028-10-20
e17766b1-82ce-4e0c-903e-eaf204f73882,CUST00000917,b45c9a54-5fa3-4531-9291-6e60f5e72daf,AUTO,245491.69,188916.7104748653,0.0873,2022-12-27,24,ACTIVE,2024-12-16
25fa9f8d-c00c-4ab9-a257-37cf18781ae5,CUST00009901,08560684-8a6f-44b3-b08d-312e7a732f35,PERSONAL,46003.02,6228.867227027967,0.0992,2021-09-27,120,ACTIVE,2031-08-06
877bfb50-14d0-445b-9257-fa5d9fa4b54f,CUST00003575,0964fbbf-8cd3-41b0-82b0-1cfdd045dd1c,AUTO,66324.64,29213.876953698553,0.1858,2025-11-19,36,ACTIVE,2028-11-03
e6829d8f-9a43-4a95-b672-cdbe7dae4677,CUST00003320,6924e248-2759-4511-a604-bfbe83aa622f,PERSONAL,59535.13,41815.91192579936,0.1799,2026-02-24,36,ACTIVE,2029-02-08
ba52dbf2-f551-4cd0-b278-0c3be412b716,CUST00001407,73b0e73d-5e51-4bf8-bfa0-29a6d0a73b72,PERSONAL,128054.44,17326.96978789994,0.1682,2023-02-25,48,ACTIVE,2027-02-04
63bb48b6-7311-41a7-9122-06a244190e59,CUST00001242,8e969227-72e7-4b51-ae54-ac6d2ff8e87e,AUTO,28898.13,17276.521903922156,0.0878,2025-05-11,120,ACTIVE,2035-03-20
c51b2922-ca91-4df7-b174-5b78c705dd1e,CUST00005207,c4f4b844-46c1-42a5-bec8-8839ec35c3de,MORTGAGE,3148.72,2515.6777548973587,0.0208,2025-08-14,48,DEFAULTED,2029-07-24
5d20d8de-24a1-4c7f-b63f-93f646b5b8f6,CUST00007250,9099a283-eedb-4ce5-a7fe-cdcd2528b516,STUDENT,40116.06,23891.075256471588,0.1427,2026-03-20,60,ACTIVE,2031-02-22
79477aa8-0f1c-4455-871b-3b67d907a314,CUST00003134,690a7b80-af8d-488d-9811-70c1d8d2660e,MORTGAGE,8291.32,4240.711065055232,0.094,2026-01-08,48,ACTIVE,2029-12-18
00c818ba-a210-4d25-b92c-5f423f203c22,CUST00000799,216e9fe5-93f3-4596-8c1c-8b0556771f36,AUTO,9967.4,8355.666966593993,0.1563,2023-11-04,360,PAID_OFF,2053-05-30
9ee31563-d328-40c7-9b2d-e07e53c45254,CUST00001524,de72d970-10c4-4f9e-b020-321be90f4137,AUTO,53079.5,52305.61946788958,0.1631,2024-08-17,60,ACTIVE,2029-07-22
c89f884f-2568-421b-8fd7-3af97b8899f9,CUST00007210,822c4d32-6c64-4c15-aba3-01cba561e1e9,MORTGAGE,141128.29,25588.386920737288,0.0992,2024-07-05,48,DEFAULTED,2028-06-14
7c152622-51ed-4b85-b4e8-2b6c45d3708a,CUST00004929,e92915a3-85cd-44bf-901c-93a3b1f22be5,AUTO,22740.6,15721.63060959299,0.1547,2022-06-23,60,ACTIVE,2027-05-28
e21a47b9-9ad2-4609-906d-5518fc3b9c08,CUST00002889,34885a46-9088-4eaf-8977-6598203c8c25,PERSONAL,35005.12,2823.427368562003,0.1712,2022-05-15,120,ACTIVE,2032-03-23
cf8be8bd-d2fa-4b0a-b337-05f9894b9f90,CUST00002691,af4afcdd-52cb-4ae0-ae18-c9b3c6da85f1,BUSINESS,283034.03,12125.467664672886,0.1871,2023-11-28,48,ACTIVE,2027-11-07
ec78342e-f52d-42cc-b02d-8d1fa555dfa1,CUST00004092,6906d118-6f75-43b2-9818-61124cdedddb,AUTO,31606.87,8875.808685625407,0.1248,2022-09-22,48,ACTIVE,2026-09-01
4badb973-1ed0-4243-9ae6-9d9798fb7955,CUST00007283,71be94c3-6ab1-4db6-9da4-66feb0937085,AUTO,1090912.08,1059188.1260150187,0.1601,2026-03-17,24,DEFAULTED,2028-03-06
e28065d7-bc49-4467-8f81-0db2bbc1686b,CUST00009434,97867b12-1328-4726-a4f4-34d6d1e91691,MORTGAGE,51444.79,28407.58932358821,0.109,2022-05-04,48,PAID_OFF,2026-04-13
810e9d40-cc81-45da-8604-3d4131e7ca38,CUST00006250,4838a888-1a2e-4864-b8ea-ca362f999b2a,PERSONAL,1570.04,421.1967408637538,0.0275,2025-02-23,60,ACTIVE,2030-01-28
60421eb5-ca6b-4ccd-bf8b-c509484f0da6,CUST00000691,3e59034b-c1da-4b7d-adb2-094bbce7e298,MORTGAGE,68187.22,9040.677324506134,0.0479,2025-11-17,24,ACTIVE,2027-11-07
da4a9d0b-d18e-431b-b35d-8adb6c4928d4,CUST00008720,cb618d75-aa96-4dfb-a79b-265ab15f3994,MORTGAGE,39016.41,35902.25292716356,0.0431,2024-10-19,60,PAID_OFF,2029-09-23
34491318-42d0-4a0b-8c55-542d02cb42d1,CUST00001496,b4b2ce14-49b9-4124-a30b-d3b558fe7bd2,AUTO,152455.67,55244.84002482035,0.0509,2021-10-10,48,PAID_OFF,2025-09-19
0760d408-0678-4e13-8bcd-6e4d24e11716,CUST00000893,1c24220e-2cab-47e7-8c6b-66e5402adf9c,PERSONAL,60462.1,18543.561031865724,0.0218,2022-09-25,48,ACTIVE,2026-09-04
6be26493-c32a-4b1b-a4dc-6a67a6d18c91,CUST00008579,062667fc-cedc-45bf-ae94-34ab7adf1458,AUTO,17895.71,15353.864769658916,0.1746,2022-06-15,60,PAID_OFF,2027-05-20
c69aa024-7706-4602-9e5e-a4cd1426512f,CUST00009442,b993ff63-c6b1-4d94-b24b-cc3d9a7791a2,AUTO,3510.64,2121.8407571174507,0.1208,2024-06-01,120,PAID_OFF,2034-04-10
7259f45b-25ca-447f-be33-ebd7e8e91639,CUST00005874,451b4cf3-6123-4df7-b656-af7229d4beef,AUTO,16098.24,2714.7445978737082,0.089,2022-10-19,120,ACTIVE,2032-08-27
282fbcce-8e25-4e3d-a1cc-06e5a03a5196,CUST00004504,2904a6d6-e3e7-45ab-9c02-bc2935dbe396,AUTO,6150.07,2592.3192745801125,0.0938,2026-07-02,360,ACTIVE,2056-01-26
506801b9-c22a-499a-b1b3-1c9198063af9,CUST00000898,40a26c60-0d27-4659-b72a-da9b2f32751e,BUSINESS,9220.78,8559.01446816775,0.1034,2021-11-13,120,DELINQUENT,2031-09-22
74b8b222-4607-41e5-afd8-dfa91b952ae5,CUST00000711,136d6cce-a535-49d7-83ff-fdea3bd9b015,STUDENT,53256.1,47994.58768735672,0.0333,2024-08-16,36,ACTIVE,2027-08-01
9b465e04-b4cf-4cd7-b2a1-c14d46a49f8d,CUST00003696,dbc21e42-fd0d-4cb1-8916-7a93ada63c4b,PERSONAL,269643.71,18904.664617514183,0.0694,2022-09-06,24,ACTIVE,2024-08-26
96239346-29b3-42d3-88e6-36b5740da9d6,CUST00002687,bc594585-9445-48c0-8ef8-c2d6f7fd5646,BUSINESS,39815.33,10694.922911799262,0.1733,2025-07-14,24,ACTIVE,2027-07-04
04573e35-f4c3-459b-92a3-43b820e7b6ef,CUST00007189,b253d218-6c4a-47ea-8906-17f2747b6dba,STUDENT,3663.5,566.1550846797888,0.1539,2024-02-15,120,DEFAULTED,2033-12-24
5397ff39-de24-4ec5-8d6b-a0191fb8e3c2,CUST00005779,9ba14c35-0ab5-407f-86b6-020a67a55936,STUDENT,42911.88,22906.86422484838,0.1214,2023-01-03,48,ACTIVE,2026-12-13
2449ea0f-5e6b-4e56-ba23-53358d759038,CUST00007769,6d283989-1271-4873-a4bd-e1a811c7bec9,STUDENT,132580.76,99433.35815920056,0.1065,2022-08-09,24,ACTIVE,2024-07-29
6001e75d-b872-4503-94f1-211050b57397,CUST00005014,a05095fa-deba-4297-81e1-5f65a7610e80,BUSINESS,8824.84,2608.1215515376293,0.0666,2023-01-10,60,ACTIVE,2027-12-15
6f2ba37e-a0fe-451e-8684-e4388cd5219a,CUST00004513,2a7cf9e9-d7a7-47b1-88c6-2063a06303ca,PERSONAL,18015.26,13655.49641307669,0.1048,2024-11-03,48,ACTIVE,2028-10-13
2d914e29-6541-4574-92ea-13b8a575c5c7,CUST00000416,87f3c9a4-cd1a-410d-9101-71d21138978b,MORTGAGE,22517.14,15057.562178978687,0.1276,2024-07-25,24,DEFAULTED,2026-07-15
c2b2315d-d608-46ac-9cf2-f216539cbe4f,CUST00009664,5a58abba-9130-4877-b320-e68f6de77482,STUDENT,6786.24,4941.890686369667,0.1483,2024-03-02,12,DEFAULTED,2025-02-25
52f2978f-486c-480b-a4c4-582908d73827,CUST00004181,17eaec83-8892-442f-9d4b-2bf94d85e9c7,MORTGAGE,58245.41,55230.84386123549,0.05,2025-12-28,24,ACTIVE,2027-12-18
0a14e77e-918b-4860-81a9-6b3b90cc44af,CUST00004263,70869a45-4a8a-4b17-b09a-083a0c9ea060,MORTGAGE,18371.9,7800.926645187225,0.1664,2021-08-02,120,ACTIVE,2031-06-11
b907e44b-0e4c-4983-82ff-51e0e21d4d53,CUST00002516,e8fb5a96-3b85-46e1-840f-54057a25ed81,AUTO,41328.13,14157.69585498641,0.0822,2024-11-26,60,ACTIVE,2029-10-31
7f2632df-21c2-4510-b6b2-b13cb79f0581,CUST00009288,9e11d2cd-0930-4ef6-8a80-068ddf547e50,MORTGAGE,5818.29,3978.821372600517,0.1106,2023-03-14,24,ACTIVE,2025-03-03
23d13c7f-1161-4b5e-ad4c-8325105a4d40,CUST00009002,9ceab67b-ba82-454a-87e2-a618802993b1,AUTO,11427.89,9228.674181522623,0.1294,2023-02-23,360,PAID_OFF,2052-09-18
29d36291-85d4-42c1-9a2d-445326cd4979,CUST00005641,6f8ef978-5021-41bd-8458-526b4385a3e3,PERSONAL,65092.98,12461.74454432579,0.1079,2021-12-17,36,PAID_OFF,2024-12-01
17841919-3c29-49ed-b6bf-1f51f0abe316,CUST00006617,8505d91d-f28b-4fb9-95bf-1edb3b79da1e,PERSONAL,12591.16,10662.18926179479,0.123,2025-10-03,120,ACTIVE,2035-08-12
5b69a9a8-f8e9-4d27-9c3d-bae4c1315e84,CUST00000993,88438de2-59cf-4b0d-91f0-647d0f321333,AUTO,293738.67,16993.513762260078,0.0401,2024-12-28,360,ACTIVE,2054-07-24
57f46801-69a2-4466-94c6-d16d569186b9,CUST00009474,7ee667de-d93e-4a4d-aa6a-642bfabfa7ef,PERSONAL,12094.98,77.332303484415,0.0978,2022-03-05,360,ACTIVE,2051-09-29
668b179f-7e11-43ab-91cf-c46bc037c059,CUST00004371,3d730c3b-bade-43a0-93a2-2a821458771d,STUDENT,30854.17,4888.138200393659,0.0705,2023-06-27,36,ACTIVE,2026-06-11
6a961ac0-8651-42a6-8fe9-17808b8c6b6e,CUST00001774,366b3575-d07a-4518-912c-f322735e8153,PERSONAL,89222.3,87318.93735628185,0.0355,2026-02-12,48,ACTIVE,2030-01-22
b1d06d8a-655f-4c8c-8a2b-a8f5a44e3b1c,CUST00003562,d85195ac-d3aa-4b27-90f3-2ab5df586eff,AUTO,2623.99,1373.8303152152691,0.0545,2023-10-03,36,ACTIVE,2026-09-17
16e7bff3-d2a6-4853-8c50-1e6e27ad082f,CUST00003817,3334cd07-e6b3-4561-966d-273534952c00,STUDENT,1569.93,73.10757635834572,0.1284,2023-09-22,60,ACTIVE,2028-08-26
28b82fa1-72d0-4649-b50e-a2b2d07a2b58,CUST00006634,b08a4895-d4ff-4666-b5c8-e90d9e3d750d,MORTGAGE,2233.93,2227.620675869175,0.0554,2024-12-28,12,ACTIVE,2025-12-23
de60d544-e953-4b87-8344-819d1d80f7cd,CUST00001757,c7688339-27ef-4357-9b24-9c2a9e5c5dcd,MORTGAGE,146367.54,109030.8278873444,0.0526,2024-08-27,12,DEFAULTED,2025-08-22
0e77b689-3d40-4ee0-ba36-a26d42c0d1c2,CUST00002374,76492e64-f55d-4e6d-ad26-8b378f5242d3,MORTGAGE,9625.9,8066.553060598812,0.1195,2022-07-20,48,ACTIVE,2026-06-29
06339f7f-8ec4-4aab-aefb-4b37a50ee5e7,CUST00002577,b0736dd1-f443-464c-a269-9a4400d8c046,AUTO,1022027.47,217631.06753890766,0.1828,2026-05-04,48,PAID_OFF,2030-04-13
b281738e-d7c7-48e6-a495-430e0d6f885a,CUST00009084,5d0b042d-e9b1-4c76-820f-beef9defeab9,MORTGAGE,9448.66,996.3558512917032,0.162,2022-03-01,36,ACTIVE,2025-02-13
0acc09da-0ada-434b-ba8b-a3cf39bbab8a,CUST00004185,db19de67-bc3a-4abb-a5aa-9765a8d3bb7d,PERSONAL,29051.55,14964.015967608491,0.1829,2021-07-23,360,ACTIVE,2051-02-16
f330f931-3b8f-49d7-822e-dfc438107177,CUST00008900,752caa97-b60d-46a3-bc19-8515208b326a,MORTGAGE,222607.39,171892.01369953403,0.1249,2025-09-14,60,ACTIVE,2030-08-19
233e8b97-ded7-4bb9-b454-ef982712cefe,CUST00002398,b01ba134-544e-4743-8383-9f121335f6c3,BUSINESS,446475.29,284753.30170029035,0.0938,2025-06-26,36,ACTIVE,2028-06-10
6334db06-52ac-4e30-91c8-10ef802643c4,CUST00005970,aa5ca8cd-1f83-4b8d-abac-8660e5c345fc,BUSINESS,485170.36,306171.2830540304,0.1513,2026-06-20,60,ACTIVE,2031-05-25
6553b96b-ab96-4b35-a263-7d77c186cbce,CUST00004536,1c2b498f-054d-4360-a24d-347360bc6cbc,MORTGAGE,134935.12,102158.85090401348,0.067,2022-08-10,60,ACTIVE,2027-07-15
4a25cec8-c3fa-463d-829f-8b3904edf187,CUST00006884,6c8c5d0e-3eb3-46fd-b291-bc95b8bf9cae,MORTGAGE,102343.88,23234.192127949565,0.034,2022-04-25,12,PAID_OFF,2023-04-20
b6f957dc-ab6d-49ab-8604-f4e77e029b3f,CUST00008128,68e5c8cd-b414-4e4a-9ba0-c3e033a0daa7,BUSINESS,53572.46,35439.215264047954,0.082,2025-05-30,360,DEFAULTED,2054-12-24
1165ed7f-8cce-4653-aa39-6c71b276c469,CUST00009169,9bd65068-ba8d-4f8c-be05-fcef842c49fa,MORTGAGE,70794.86,27759.41992594394,0.0739,2023-09-15,60,ACTIVE,2028-08-19
0937a982-96f4-4688-b33b-5a5d0a45f604,CUST00000735,c226ab53-b680-473b-b2b9-c542d143e0a2,STUDENT,9635.62,672.1180782223669,0.1416,2024-09-01,24,ACTIVE,2026-08-22
7dd0a74b-952e-453e-bac0-e784357650f9,CUST00000633,ee87905e-4ca4-45ea-8dfa-6a56d12dbc9a,BUSINESS,6455.59,1304.949787438736,0.1192,2025-06-09,60,ACTIVE,2030-05-14
14a3ffe6-b3aa-4060-9971-116a01d4bcf6,CUST00004269,7bd7b4bf-8e0e-4bb7-8f20-c5e75ec646eb,AUTO,21915.26,17400.798385647413,0.0449,2026-02-10,12,ACTIVE,2027-02-05
8257909d-5e3c-4f18-a1b3-9d6494e2a33d,CUST00004100,aacefa98-732e-4280-82fd-617775ffe99a,BUSINESS,17063.95,15288.116635510014,0.1835,2024-01-03,120,ACTIVE,2033-11-11
65adafab-2a07-458d-943b-bf74e609456a,CUST00002902,5a2d6aee-6e29-4319-814d-98294e4a516f,PERSONAL,11160.74,3156.5007047972176,0.1268,2023-11-18,36,PAID_OFF,2026-11-02
01e1af8f-8946-4e5b-a6fa-3d5c3678a41a,CUST00001664,df02774d-9482-442f-8095-3c13f06bffa4,STUDENT,62603.79,11917.31618711074,0.1024,2022-08-19,60,ACTIVE,2027-07-24
9f6f4967-be87-4c4f-a0af-9f67ea4a973e,CUST00005592,c2ad0d97-75aa-4cb0-9757-ad381498d0dd,AUTO,92314.62,2467.062454081699,0.1887,2026-03-28,24,PAID_OFF,2028-03-17
5fd229bc-8e67-4bc8-8401-6c6f480af459,CUST00003873,bec62bbe-4d7e-44b1-8001-8cbe54492845,MORTGAGE,25149.93,23834.522984141116,0.0375,2023-08-12,48,ACTIVE,2027-07-22
d5b6eac1-28ec-4d72-a36f-7abf82c901df,CUST00001055,71299889-a01a-4992-bf9d-3e64c1a6423b,PERSONAL,202054.98,138176.29320089042,0.1621,2025-03-04,36,ACTIVE,2028-02-17
419b7333-9b8c-431b-8111-61a7339b2275,CUST00008573,0b6c03c8-721e-4419-afc3-e6495e911b91,PERSONAL,3973.75,3802.9983799152583,0.0856,2025-01-15,48,ACTIVE,2028-12-25
e5de9e28-53ba-440f-b21e-246255a0db97,CUST00003083,b819b15d-4f96-4a84-a0d4-4d244d074581,STUDENT,16473.54,14230.654069632756,0.1452,2021-09-16,24,ACTIVE,2023-09-06
a684b83b-1e81-4599-a483-8f5b42a5c37c,CUST00008008,92004957-b161-4d16-a9a0-02a45acd1e90,AUTO,7515.83,2558.8890313403467,0.1875,2023-07-14,12,DEFAULTED,2024-07-08
720f2288-0760-4502-b39f-51c3490ec6f3,CUST00009785,01d3a033-3586-4e6f-9b24-955cb4fbdaf2,PERSONAL,1339.69,150.9603495681949,0.1132,2026-03-09,120,PAID_OFF,2036-01-16
abfe1fb5-a6c2-4716-b7bd-77509a7650dd,CUST00004262,cdd0b4d4-5542-47de-b6ad-f48b2314d0c8,AUTO,19457.33,9710.312746336005,0.0241,2025-03-11,360,ACTIVE,2054-10-05
346003a3-67db-4a91-851f-cfef8305a8cb,CUST00002390,fc24a159-eada-4885-afda-70bf78920f72,AUTO,18349.89,492.03024043650316,0.0252,2021-09-06,12,DELINQUENT,2022-09-01
63300ee1-0aaa-4c51-9cd9-7b172f51270f,CUST00003554,1ddb4f15-1eb8-4863-82f8-60445e08e249,PERSONAL,213240.22,31968.25476696739,0.0795,2025-07-22,120,ACTIVE,2035-05-31
eede901c-be29-44f8-9b52-a1e6cdfc9ce7,CUST00005139,7caa281b-4e33-4644-8657-20ae5bd67d4d,AUTO,56739.03,13244.740940665695,0.1607,2021-07-23,360,ACTIVE,2051-02-16
c27f9590-333c-4c30-b4a1-1999dfcdd21a,CUST00009400,8c6d768e-45bc-43ba-af52-d36e8a63b93c,STUDENT,4739.66,3154.938545882123,0.0719,2024-05-02,36,PAID_OFF,2027-04-17
4c71b0d5-bf4d-493d-bc57-003e91f91586,CUST00000545,304c9c7b-2e62-4a6f-9c71-14398098f50d,PERSONAL,355449.64,181235.76456109283,0.0802,2021-10-20,60,ACTIVE,2026-09-24
36df253c-ac98-4942-b093-71b5d53ae164,CUST00003664,50d3802d-b876-4455-88b3-152d845a91b8,STUDENT,137523.56,41589.813970251715,0.1612,2023-06-08,60,ACTIVE,2028-05-12
4da9b236-d15f-4acd-97df-c472e2fba2a1,CUST00002240,99f75c76-2bcf-403f-b3e9-b99b1fc489b3,STUDENT,52740.9,29786.39366491054,0.0409,2021-09-18,48,ACTIVE,2025-08-28
a5d83148-0deb-483b-b6ba-45725c667438,CUST00003774,8c68720e-d787-463d-87b8-f95cb265a6c2,AUTO,15682.08,1963.437956079287,0.1724,2024-08-12,12,ACTIVE,2025-08-07
e3e492f3-911c-4bb8-bad4-d4c4a0493ed9,CUST00002628,77902ddf-4b58-4ceb-a6e4-86bf8d2eea22,AUTO,5223.07,3947.1164459424904,0.0678,2022-05-22,60,ACTIVE,2027-04-26
37809a0a-4098-4e31-97f3-b054e266c16f,CUST00006619,77e490c7-1d7b-4313-8de2-2f1c56b60afc,PERSONAL,12603.0,8973.778853707641,0.0292,2024-01-22,120,ACTIVE,2033-11-30
032a0c06-4f55-458e-8618-93ec82d768c6,CUST00006781,b11af726-2d5d-4395-a901-a768ebd14b0c,MORTGAGE,112771.95,24415.428916710876,0.0411,2023-01-23,360,ACTIVE,2052-08-18
dc406c3b-2e50-478b-945f-d39a376788ab,CUST00008016,87f7e1fb-da4b-49ca-ab5c-f46780bacd64,PERSONAL,372085.69,225629.6204412006,0.1915,2024-09-10,60,ACTIVE,2029-08-15
f2612977-7fe5-4edd-b4d3-87dd557c9198,CUST00003131,033e02f7-1e93-4127-acf7-2140bd9bc648,STUDENT,222986.23,112229.5502814229,0.1012,2021-12-18,12,ACTIVE,2022-12-13
53cdc93f-b84f-481c-a379-6fa5b84e203d,CUST00000097,c342bd2b-f295-456e-9967-5f06bd767e35,AUTO,10580.05,643.4396201864737,0.0662,2025-08-30,12,PAID_OFF,2026-08-25
9a106a52-6408-4ac9-bbf6-76af7537e85e,CUST00003859,a854027e-5667-4e49-8133-8bdc66cc7376,STUDENT,4107.52,1142.5227764827591,0.1138,2024-09-28,24,ACTIVE,2026-09-18
7ddee37d-ebba-4a66-aa4e-4d28c0fce144,CUST00002709,503b4078-a39c-4ec6-b746-4c02871854c1,BUSINESS,27209.72,27195.6445213319,0.1428,2025-07-01,360,ACTIVE,2055-01-25
490c3442-98c3-4a3d-8f92-8bca7aecc953,CUST00005398,8dcdcd03-969b-4662-8562-8059568cc69b,BUSINESS,1552.06,154.4853181836531,0.0774,2023-01-11,48,ACTIVE,2026-12-21
db7be180-aac2-4afb-bc9d-b15bcb8553f6,CUST00006153,4087be6a-4514-4416-ac44-821eaf051764,STUDENT,35765.95,18112.28148638925,0.1505,2021-10-23,360,ACTIVE,2051-05-19
9dca71ef-13e2-438a-bf9e-e7b6f0154f90,CUST00000457,948c7eb4-1cf8-470b-9e5b-2ad8b4732eb6,MORTGAGE,17651.85,14992.312036393323,0.0654,2026-01-12,12,ACTIVE,2027-01-07
da495408-0011-4e30-a268-d92f1b757ed1,CUST00005915,4312153d-484f-4f7c-a44f-52f41b696031,MORTGAGE,10948.36,3291.644940334817,0.0402,2022-11-22,360,PAID_OFF,2052-06-17
db6f3ad4-0cce-4325-9e88-ebab07fcb800,CUST00004369,b96c2da0-19a8-4c19-a70a-858cf86b2e95,PERSONAL,2014.14,525.1036981428726,0.1189,2024-12-01,24,ACTIVE,2026-11-21
ee1eedbf-4634-4607-b260-a3ed02dec88f,CUST00004089,4d2d8efd-57c8-494c-9e77-76ae8bec9a50,PERSONAL,47591.06,42393.785570577296,0.0472,2025-11-19,360,ACTIVE,2055-06-15
61a4cd19-71ef-4e0a-8dae-ac5c00009f1e,CUST00009224,2320de16-15ac-40e4-a2c2-3308fd7ee75c,PERSONAL,9906.52,3019.8039663718932,0.1893,2023-11-28,12,PAID_OFF,2024-11-22
28d42725-f611-40ec-916f-b778ba8f3e6c,CUST00008400,7466ef02-5e7b-42c8-a097-dedbefb3b939,AUTO,3809.01,2481.5445374949973,0.0201,2025-05-02,36,PAID_OFF,2028-04-16
371e7782-5e38-4274-8db4-a7fa18e43d85,CUST00001938,e10b1a47-7fae-4748-b781-321e83c501cb,MORTGAGE,296.37,219.4065591661733,0.156,2024-01-28,120,ACTIVE,2033-12-06
6c5495bf-f88f-4979-b0d7-509da551524c,CUST00001147,1f2da344-a359-4667-9971-4b2bf3533e8a,STUDENT,21135.89,16668.13800140255,0.0703,2023-09-07,120,ACTIVE,2033-07-16
137b41c2-5f71-41e1-a05e-ad1cbde9a6a8,CUST00005153,488e5bd8-0729-45c7-a5ee-3dfd6cc1da4d,BUSINESS,314386.18,312738.6823911321,0.1723,2023-08-23,36,ACTIVE,2026-08-07
05bba5e4-a754-4837-aae0-6e0147acaec9,CUST00004300,d3946dc7-a08f-41c6-9688-8e84f346bbe7,MORTGAGE,266169.56,213785.2797901735,0.0308,2023-05-26,36,ACTIVE,2026-05-10
e60584a2-08f5-48e7-853b-cc3a4c26fd27,CUST00008119,7c2c0791-f6bf-4aa9-b1fc-f2e6b3dd7820,MORTGAGE,11096.17,7290.318584890752,0.1915,2026-03-04,12,ACTIVE,2027-02-27
4341fd0e-244f-402b-8d53-280e1ebd55b6,CUST00008635,585409d9-de22-4c3f-9136-6db15a578607,MORTGAGE,8925.63,7992.576395040227,0.0383,2025-10-02,60,ACTIVE,2030-09-06
e32a2749-eea7-467f-ae1c-b89a74f935ca,CUST00007760,b85f164b-6160-4399-9307-3198bc3eb402,PERSONAL,44496.3,40302.2850307813,0.1618,2023-09-10,60,ACTIVE,2028-08-14
3464fd00-ea21-4067-8cf1-493afbb8704e,CUST00007954,083759f8-2090-435e-95fc-f99133c417d5,AUTO,4926.69,4794.489455287048,0.1131,2022-05-05,36,PAID_OFF,2025-04-19
be87dbac-a2ff-4996-ab5e-371f1ecd9ed7,CUST00004785,9458054e-c287-4f06-9050-f7efc1235c91,STUDENT,34637.35,26894.699128514614,0.0975,2025-10-03,48,ACTIVE,2029-09-12
07c62bd3-caf2-4c2a-ae8c-51f9f3d21fd2,CUST00009025,9be71737-06b8-4231-8e86-7f3ca487eeab,PERSONAL,69502.67,13547.969932542797,0.0704,2022-10-07,120,ACTIVE,2032-08-15
79fc3831-ee9a-41b5-ae58-d695e15ab8f3,CUST00001462,84f16d9d-af8f-4cf0-851a-9ec71cdde8ca,AUTO,138745.95,98482.72012076857,0.1714,2023-07-26,24,ACTIVE,2025-07-15
160a56e1-1cd2-4c9f-83ac-0d1b2cb15c02,CUST00001160,f8e351ea-9aeb-4c3e-a1f7-815758f34359,MORTGAGE,18953.97,1423.9822290636864,0.056,2025-07-26,36,ACTIVE,2028-07-10
deaaacaa-748a-489c-bc1c-09a3b98d15a7,CUST00000387,ce777f00-ecf2-4e76-8519-7ff4006ed6e3,AUTO,16227.93,5159.880136806051,0.1498,2024-11-08,120,ACTIVE,2034-09-17
8eb4b40e-b1e6-4f11-946c-4404e2edbb63,CUST00007193,1c405045-4a22-4ae9-a2f9-cafe2eb23ca3,PERSONAL,5901.88,683.4820289813357,0.1002,2023-04-29,24,ACTIVE,2025-04-18
b3efbaa9-05c6-4c4d-8523-19ae45ec257f,CUST00009911,5719d3e4-16d1-4768-9c83-90ba1672380e,MORTGAGE,6372.07,6053.100787069887,0.1997,2025-10-11,360,PAID_OFF,2055-05-07
bb3f4297-1033-4eb4-bacf-41f0902fe243,CUST00004776,45df16b6-382c-443f-bcfc-9b793875394c,PERSONAL,15682.2,5312.40973872489,0.1301,2025-08-04,24,ACTIVE,2027-07-25
10ae2dfc-3729-4854-a73e-54e5b119e78c,CUST00003410,4a9f6c5c-7eb9-4e2d-b738-7270d424d9f3,STUDENT,38217.48,27257.30470363197,0.0388,2023-07-24,36,ACTIVE,2026-07-08
07a76739-609e-4d33-ad92-abbf65c51c9a,CUST00000690,5115d7ee-3b90-408e-bce3-456320363a73,MORTGAGE,86714.55,49541.621065897925,0.0955,2026-04-27,60,ACTIVE,2031-04-01
d498736f-6eb7-408b-bf57-2473098364e3,CUST00007029,c64c9647-9ea7-417c-b89f-7039a107cc46,AUTO,6602.68,709.8634567640963,0.0319,2022-11-08,48,PAID_OFF,2026-10-18
f91070e0-2cce-4cce-a994-a2ca7738381c,CUST00007263,c7688339-27ef-4357-9b24-9c2a9e5c5dcd,PERSONAL,206701.88,116030.95270453939,0.0714,2023-08-08,120,PAID_OFF,2033-06-16
0b45cb04-e5bc-49c0-93a6-9684036599fc,CUST00005665,6f887f28-3e49-4d09-9b19-d8b8d8302081,BUSINESS,14666.4,9694.835697286555,0.0818,2021-11-23,36,PAID_OFF,2024-11-07
c5001e3e-f59d-4194-9021-7062a8179850,CUST00006767,08651a6e-1b99-4b83-b244-0f070ae263e0,AUTO,21331.69,18804.25286266458,0.1736,2024-05-30,24,ACTIVE,2026-05-20
4814e14e-b5bc-4efc-87e4-02c5e05a2a8a,CUST00009362,8f221604-d46b-4756-b9e4-39ef48d495a4,AUTO,7180.92,503.27939136047354,0.1708,2022-11-17,120,PAID_OFF,2032-09-25
cd4c01b3-33e4-4ea9-baaa-f675b807eb46,CUST00000953,9b0707e5-f68e-4e81-adf9-568bde0bde18,MORTGAGE,580.35,171.57118325095144,0.0221,2024-07-08,12,PAID_OFF,2025-07-03
459f5497-abd6-4d74-863f-ec11446cc0d6,CUST00006143,9fd34579-4667-42ce-a04e-178c10d08d11,AUTO,82956.2,57433.97381140346,0.1158,2024-10-08,360,ACTIVE,2054-05-04
3c1d10be-3025-47f7-9f3a-d6e8f6939800,CUST00005968,0eb5e5a7-98f3-4640-b6a9-e3e3b62bccb1,PERSONAL,66520.53,2283.7586139599375,0.0602,2022-08-02,12,ACTIVE,2023-07-28
007fb3cb-cf73-4afa-b2af-6a55b08e8dd4,CUST00007206,9918ee46-1497-4658-b010-f7197e695d0d,BUSINESS,14443.63,2940.0508062486037,0.0776,2024-02-27,120,PAID_OFF,2034-01-05
df9f1099-0b4b-46c4-a672-5796feef341b,CUST00002485,de8ede0b-a85c-4e4a-804b-6fabfcf56188,STUDENT,24354.84,5325.682517172268,0.0239,2022-08-18,120,DEFAULTED,2032-06-26
6f72bca4-db64-4c30-95dc-4812902ea8c3,CUST00001855,4c7f03bb-a376-4c2d-bb31-dcdc40d91a8e,BUSINESS,47758.33,31965.911698956555,0.155,2024-06-23,24,DELINQUENT,2026-06-13
7d10257c-b3f4-4487-b3bf-de5f8f16fac0,CUST00003232,0b7ce5c6-9096-4629-91f3-90f4fa069889,PERSONAL,2113.67,604.426509386869,0.1911,2025-05-23,36,ACTIVE,2028-05-07
d9347309-b72f-4d06-bb44-f3d7cabe2348,CUST00002598,7ec391ef-44ad-4484-b112-3048e128b9a8,MORTGAGE,9960.88,5972.500440293956,0.0595,2024-12-09,60,DELINQUENT,2029-11-13
5d316263-4959-4f6e-8c1b-7e93be162e89,CUST00007830,eba0330c-6a9a-4f4b-ae39-c29a921f266f,PERSONAL,72504.0,69991.62377781898,0.0815,2025-04-14,36,ACTIVE,2028-03-29
74cd4a41-5e07-4fb2-9919-be9116a26e58,CUST00008187,3e628981-9ef1-474f-bd13-452669d75427,AUTO,3356.2,2662.282096192541,0.0572,2025-09-26,48,ACTIVE,2029-09-05
29f5010c-8b6a-4c97-b8f4-223bd21a5375,CUST00003984,68d0a2a8-c4e7-47dd-a929-de738693fd9d,MORTGAGE,34212.18,11389.330675002677,0.1874,2025-01-30,120,DELINQUENT,2034-12-09
5f0bb32f-e6dd-4be3-a89a-18fe5f8e74df,CUST00006964,fef97d57-3c77-4a4a-8d65-4036a00f230b,STUDENT,2878.8,1359.945030294762,0.0217,2025-10-02,12,PAID_OFF,2026-09-27
254c5028-8a6f-4508-8d0f-e9b5b9e826d0,CUST00006685,a98afcb0-3ef5-47fe-85e4-307a73e5550d,STUDENT,44340.11,8897.902893287699,0.1251,2024-07-13,24,ACTIVE,2026-07-03
58c714f2-a3aa-4839-bc35-bc9a521a21a4,CUST00000657,6c93a791-8b60-4511-b816-8aebac6a7c85,PERSONAL,20879.81,328.2308283340748,0.1767,2021-12-05,60,PAID_OFF,2026-11-09
66db005e-9488-4285-ac88-d2576831429e,CUST00007744,6c35e33c-70fe-45a1-b880-adc62af2b718,AUTO,1953.35,565.9155729271919,0.0535,2024-07-14,360,ACTIVE,2054-02-07
58f1a399-fbc7-4e98-b7ad-0afc5f429866,CUST00006840,593edc83-c497-40a8-8842-04d52bb9a661,STUDENT,126387.65,46688.6862599558,0.1262,2025-01-26,36,ACTIVE,2028-01-11
d0713654-25cb-49de-8add-f902c46ea4cd,CUST00009989,3ee82983-d557-4241-91dd-b9bf613d2de9,BUSINESS,7318.15,4130.12362649334,0.0291,2023-09-05,48,DEFAULTED,2027-08-15
7e984064-e3b1-4fd8-806c-bd3fac334f9c,CUST00006313,866cfb2b-3754-416f-8d79-132cf362d408,MORTGAGE,6533.0,6167.587419639946,0.1666,2024-06-27,36,DELINQUENT,2027-06-12
5c3e82e9-6867-453f-8ad2-1d5dacfb605e,CUST00007939,a7d4cf50-f791-41e5-83f9-cd6b797ebe87,BUSINESS,29758.02,28206.200947513087,0.0694,2024-08-23,360,ACTIVE,2054-03-19
9a26a065-1621-4bd0-ae84-a24bf61d6b9c,CUST00009955,0614ac41-275c-45dc-afa0-8cbebf343ca7,STUDENT,123371.58,8648.137885582652,0.198,2023-02-12,48,ACTIVE,2027-01-22
5532a5c2-233c-490a-a280-70d140d1bc31,CUST00006177,13106665-aec2-4b19-bbc3-98d82d6bc882,STUDENT,4799.5,2949.991938909852,0.186,2023-02-09,36,ACTIVE,2026-01-24
777028e6-a53d-4350-9bd1-b61cecba63b3,CUST00003286,b7ed70cf-f111-4e9e-8545-b11f6d820335,PERSONAL,24161.6,1023.3078096920242,0.1519,2025-11-16,60,PAID_OFF,2030-10-21
dc9eec0b-8a09-48b4-80f2-b34e7365949b,CUST00009778,48924bd6-e399-40dd-8e1f-39bee4edc295,PERSONAL,41907.7,27159.587259054057,0.1094,2024-07-12,60,PAID_OFF,2029-06-16
0af20a23-e3c6-4f79-aa0e-0060ae2a9c01,CUST00005560,1bad52a8-a976-4c4d-8c47-2187fea35d37,MORTGAGE,62296.37,7332.4735176255745,0.158,2025-07-18,24,DELINQUENT,2027-07-08
dc160e3d-eb15-4f5b-81a0-578257ec95f3,CUST00003564,9f690cde-7eaa-4a91-9def-d401792cad76,PERSONAL,28700.29,27162.03553495354,0.0435,2022-07-31,60,ACTIVE,2027-07-05
994a77f9-2522-4779-a004-1dd5fb932692,CUST00004585,db7904e0-ce30-461d-8e88-c8ece651e3e1,AUTO,12701.28,10978.207621758562,0.0758,2025-08-29,48,PAID_OFF,2029-08-08
d4fecf58-a1f8-45a4-8a4b-455957765dc6,CUST00004818,7108022a-12a8-4ff7-bffb-bc83d8c80184,MORTGAGE,6365.29,142.1294818331452,0.0248,2025-06-02,24,PAID_OFF,2027-05-23
cc79eeca-d9e1-4c82-a8d0-4562beaad00d,CUST00005042,9c2d9672-e3d1-403c-85fa-b5ea14072edb,AUTO,25064.7,19603.89703401883,0.1361,2023-09-22,360,ACTIVE,2053-04-17
d0f64c6d-fa2b-4ff7-a3b7-aaf692dd8487,CUST00006183,ba388c8f-1393-49d1-a06a-187de2e6e7a6,PERSONAL,4410.71,2804.7577736755857,0.165,2022-08-16,60,ACTIVE,2027-07-21
b1768686-d31e-46c4-b4b0-258bcad2b7c2,CUST00008027,fd235def-3e5a-47e3-9560-db22c96b5edb,MORTGAGE,275.33,136.3899992573636,0.1903,2022-03-14,12,ACTIVE,2023-03-09
6b4203f7-d2cd-4f44-94ed-228b65773498,CUST00003245,14eae37c-67b2-416c-861e-a8aa11baf616,STUDENT,42397.29,25550.069098846412,0.1436,2022-08-27,360,PAID_OFF,2052-03-22
805aadb5-fd91-4a63-9ca4-2a3ce177105f,CUST00001041,e13f8740-bd74-4fe0-b808-8e14b9a01137,BUSINESS,85468.42,57968.96103268883,0.1518,2024-06-29,48,ACTIVE,2028-06-08
1a93a3f1-8502-46c0-8abf-19038b435eca,CUST00002274,8456ce4f-7706-4136-8788-17ecc764032e,STUDENT,636.26,562.7449134001321,0.1812,2026-01-03,360,PAID_OFF,2055-07-30
ef3bbcb5-4135-44d3-8108-cc5d9351a5da,CUST00003630,af70de70-2b69-495e-8567-1b58926bffa5,AUTO,4843.55,3716.7351991435894,0.1885,2022-01-18,360,ACTIVE,2051-08-14
2a29e752-f139-4895-aa25-a5788cea3275,CUST00002115,97ac6aa8-bb24-48a3-9363-57b66f81cf4f,STUDENT,55755.5,32080.478005653287,0.1084,2022-01-17,24,ACTIVE,2024-01-07
b5b25ed1-af1b-4316-ba0e-681bbd5db7a4,CUST00007365,946b4482-97bb-4fbf-b1df-c82cb8addf54,STUDENT,482262.19,397680.95445918484,0.0398,2025-02-18,48,PAID_OFF,2029-01-28
1dee8ebf-7d3a-467e-95bb-fd22c9a84bdd,CUST00001678,f97f4994-1f38-4f55-833a-c4d6d4085391,BUSINESS,22724.31,22427.14320970433,0.104,2024-06-21,24,ACTIVE,2026-06-11
cc027d43-d622-4179-bb5a-d45d535322bf,CUST00003095,df8b4008-7d01-45a3-8041-f5d49549e631,BUSINESS,7390.83,2218.5942854787895,0.1201,2026-03-20,48,ACTIVE,2030-02-27
651c21fd-efda-449e-8c67-43e15f9209ec,CUST00009191,da3c45ca-43d7-4f2b-b69d-e1e34eed4124,STUDENT,16741.66,1982.5589962178792,0.1337,2024-03-18,12,ACTIVE,2025-03-13
648e85eb-d1c1-42db-a82a-113285eb4279,CUST00005874,2e709838-0190-4620-99dc-abd056febfb9,BUSINESS,173219.46,126701.07273790018,0.1981,2024-10-18,360,ACTIVE,2054-05-14
bff49e06-59e3-40f6-93b7-8bab38151095,CUST00002285,a3a6ef83-cab6-4107-afd6-9b3af2dd9456,STUDENT,8358.66,8179.754032425096,0.1852,2024-11-04,60,PAID_OFF,2029-10-09
fcea545a-c066-48e4-b013-b8e468729600,CUST00005053,6928043e-d492-451a-b828-3a052baa43c9,MORTGAGE,6642.29,775.1945733439385,0.0913,2026-02-03,36,PAID_OFF,2029-01-18
a4d6c76c-a3f5-4c8d-b9ce-fff31b3ec681,CUST00007063,77ff3c31-c1f3-4837-8d78-3178c935a278,STUDENT,10677.4,4609.511076657205,0.0404,2023-03-11,360,ACTIVE,2052-10-04
b1a63ccf-d597-4a14-a7dc-08577422acb0,CUST00001590,abe05b22-13dc-4154-ab1f-c2ab640eb68e,PERSONAL,5271.17,328.2233274601134,0.0587,2022-12-25,36,PAID_OFF,2025-12-09
b75901d0-3036-481c-80d9-8272e52e1409,CUST00009354,075dacd4-255c-42c7-8ade-e3ec68950908,BUSINESS,26476.31,20559.70044170169,0.0513,2026-03-17,36,ACTIVE,2029-03-01
f822c3b6-cb28-49c6-a4a7-ad110027112a,CUST00002521,c1f31143-93ac-4eb8-8ab5-a7999e63638c,BUSINESS,251958.0,239034.75059465214,0.0841,2022-09-06,360,ACTIVE,2052-04-01
7ec59e55-1b98-467e-8cc8-8dc68127a367,CUST00004649,eda413c6-eb84-46e4-85fa-e0476f669013,AUTO,35761.2,17844.629756188857,0.1778,2021-08-15,24,PAID_OFF,2023-08-05
b1e76ab9-127c-42f0-aa74-bb8724f47c35,CUST00005730,54231dbe-2ba6-4158-a5ae-cf37a9d1a28e,AUTO,15085.21,6177.712505860878,0.0988,2025-01-15,60,ACTIVE,2029-12-20
c17c2577-3de8-4a53-8e7a-7311f33a72c8,CUST00000695,0ec0713d-ea2c-4a51-b688-d11fce4758be,PERSONAL,14218.27,12906.194156712185,0.1221,2022-06-15,360,ACTIVE,2052-01-09
35910434-d342-46c9-8d88-136e67f778de,CUST00007808,62c965b2-7eb0-462a-bd45-74ebf4655a21,BUSINESS,2111.63,281.66692453370297,0.0523,2023-10-17,120,PAID_OFF,2033-08-25
f398d16e-18b9-40a2-a364-42e58abe5779,CUST00003684,6fd1134e-b25a-4809-b730-e52e2922ecb0,BUSINESS,82839.86,73858.71954078751,0.1087,2025-04-01,24,ACTIVE,2027-03-22
0426fe7b-0604-46dd-b0e5-ce91d082b3b4,CUST00006705,70944bdb-26a5-44e3-90ee-7a92a09151e0,AUTO,19599.2,7685.3559541045615,0.1773,2026-06-25,360,ACTIVE,2056-01-19
3503ae05-1efe-4e73-8bb8-815707f6008e,CUST00007369,23841977-02a9-4064-9351-1e950c3edd5c,AUTO,16802.45,9399.398273322953,0.1592,2025-12-02,360,ACTIVE,2055-06-28
ae34097a-c6ac-41e7-93e1-4d832f8af5db,CUST00001972,a801f15e-7046-425d-bd47-4d951bd36f41,STUDENT,2648916.78,1399401.8220159018,0.0346,2022-03-25,24,DELINQUENT,2024-03-14
73dd8d31-40e1-4b51-9128-58041243161c,CUST00009696,a33b3dfd-9048-45c6-b820-5aa7996f7e88,BUSINESS,34479.82,21238.85105742075,0.1752,2022-07-04,360,ACTIVE,2052-01-28
f1e34d6c-6c02-4976-9e73-b307f37590d3,CUST00008056,3fac4317-16e8-47b0-8552-f3c55f13fb98,BUSINESS,7131.76,6718.997364123217,0.0693,2024-07-01,24,ACTIVE,2026-06-21
02b49d26-672b-4fa7-a95d-a34b5b860e79,CUST00004219,a9d52401-41e1-408c-8bb3-fbb2fd6314f2,STUDENT,11619.77,11051.877355729508,0.1398,2024-03-13,360,PAID_OFF,2053-10-07
57d9f647-4cda-4bf4-98f9-bfb4b2a43bf4,CUST00001869,45c45a3e-e9da-484a-8075-9f1f87e5f0fe,BUSINESS,123336.12,102510.60241669237,0.0463,2026-02-13,120,PAID_OFF,2035-12-23
4dc4f59c-355c-4fff-9ffa-7dbe63436870,CUST00001672,83f38f4e-faf3-4aec-9e0a-71570d6ed01e,PERSONAL,26105.61,5000.374972958747,0.1414,2026-03-28,360,ACTIVE,2055-10-22
eb680076-96f5-49cb-9e87-ad6d6db3bda5,CUST00009275,e5f95507-6889-48ad-a234-5eacb8da3559,AUTO,2546.77,849.3893694627966,0.0264,2023-01-16,24,ACTIVE,2025-01-05
97e4e173-9d63-4da6-a29d-c0737a7b029b,CUST00001729,c82f78fd-936c-431c-b7bf-52447db2a7aa,AUTO,87451.83,42661.1758742359,0.1281,2025-09-04,60,ACTIVE,2030-08-09
fa1d8ded-7dc8-47a2-adda-a3b60ab84fe2,CUST00007633,b69f75c5-c82b-41be-a1eb-64e6fd498e20,AUTO,8085.15,7320.787513935367,0.1363,2026-03-10,360,ACTIVE,2055-10-04
59fbb46d-51d3-449c-bfff-a983081190e9,CUST00006404,cb08587d-1963-426d-ae21-8b099afd4015,MORTGAGE,365838.28,190552.29126840117,0.064,2022-05-08,36,ACTIVE,2025-04-22
793daf5a-b35c-4601-817a-f0cb07f2422d,CUST00006093,86879aa9-14f5-43d0-8991-2032df85c777,PERSONAL,111309.75,108798.11947536773,0.1887,2023-07-13,48,ACTIVE,2027-06-22
c0bf3b37-623d-4905-8c3e-b36ddc75f4cc,CUST00002143,fa0f01a4-87bb-4f6d-bc92-0c731e14fe04,PERSONAL,11260.06,11078.110623465669,0.0283,2023-11-06,24,ACTIVE,2025-10-26
6c362d23-1916-4984-8510-c97a89fd09b5,CUST00009341,d85195ac-d3aa-4b27-90f3-2ab5df586eff,STUDENT,150470.83,90069.47034633034,0.1805,2024-01-23,360,ACTIVE,2053-08-18
e171582b-9ec7-4199-964d-ce39b047824a,CUST00006185,2fb7e9bd-5fe9-4750-ad28-a2a82baeafc7,MORTGAGE,24386.46,21399.004998069115,0.0887,2024-01-01,60,ACTIVE,2028-12-05
af5235bc-f8ab-43f4-b2f9-ade159debc39,CUST00006011,77617d80-549f-434c-8171-f5a74148bd11,BUSINESS,79154.78,79093.25394125507,0.1485,2025-10-11,12,DEFAULTED,2026-10-06
61458972-06fe-49ea-bea0-9deb7d84dae5,CUST00000254,23c8afdb-83f8-4f16-a4a4-474c9b33e3a4,PERSONAL,45574.3,38725.235507254474,0.1373,2025-05-31,48,ACTIVE,2029-05-10
c25110f8-7cc9-4b10-b677-fb0609e6614a,CUST00004103,d123f7c1-b7a1-467e-9a1e-00365cbaa496,MORTGAGE,6188.61,4065.3660653145866,0.0503,2024-03-04,24,ACTIVE,2026-02-22
408d5212-7991-429a-963a-6695e7e77386,CUST00003543,cbc72f1a-cf08-4a54-b429-9924c0986750,MORTGAGE,8388.99,7089.816694256177,0.0774,2026-02-01,24,PAID_OFF,2028-01-22
3ed1d8f8-153d-4c6b-9790-834b8b3236d6,CUST00002776,d00dcc4f-a5e6-4ec4-aa36-7425fa41dd2e,PERSONAL,103253.38,8534.414503907876,0.1153,2022-03-09,360,ACTIVE,2051-10-03
a19ccc9a-b732-4e2b-94a4-2bf0b96a5305,CUST00007679,6e15c527-fe2a-4cbc-927a-e04ef58b8c61,STUDENT,13330.86,8462.714109005834,0.1724,2023-10-17,48,ACTIVE,2027-09-26
613dec3a-7466-409d-9810-c0abec1c9109,CUST00006213,80cfb1db-1287-4313-8f02-6c2c1b414999,MORTGAGE,12022.41,2603.1166455624475,0.1919,2024-10-03,48,PAID_OFF,2028-09-12
9a861a16-3dca-4d82-965e-b679bfc1e2f1,CUST00004638,c363f61f-9400-4191-91d0-6bcd195efd72,AUTO,5257.0,610.1466114705934,0.0237,2024-10-14,24,ACTIVE,2026-10-04
52a7c5d6-08ca-45a8-b822-b39dfbe770a6,CUST00006035,004f5362-244f-4ce3-aa50-18b5d623c671,MORTGAGE,41581.0,37126.479543054804,0.0835,2021-10-30,60,ACTIVE,2026-10-04
b43bf88c-c6f4-4468-8d78-e1c84f4ff145,CUST00008458,06289878-6a39-4607-ae35-c5c86fe05fa2,BUSINESS,485914.22,310812.57392313855,0.1403,2024-10-29,12,PAID_OFF,2025-10-24
9d1c92f0-3770-4be5-b381-c6ebdac9d4a4,CUST00006477,0a3e4918-6e4f-4ea3-b0ad-16f7db1fb4d4,PERSONAL,4441.29,1081.6608389375806,0.115,2026-05-28,360,ACTIVE,2055-12-22
af0f134e-02a2-4fcc-984e-e3db691d8bea,CUST00003149,6786d506-38ba-4abc-8b53-05e517d2582e,BUSINESS,22841.38,8834.641439955876,0.1897,2022-12-29,60,PAID_OFF,2027-12-03
acdcb47b-dcdb-4021-97ea-f79c20ddc8b1,CUST00003360,ed113faf-0e3f-4912-a405-d362719deadd,STUDENT,183199.47,178303.74727217233,0.0231,2023-06-25,120,PAID_OFF,2033-05-03
819c84c4-ef7f-4e3f-873a-7522c7e4cbe5,CUST00001005,e7d3f770-9c8d-4ade-b3e8-16b5a353ea98,AUTO,19546.23,16852.408707457384,0.0988,2021-10-15,36,ACTIVE,2024-09-29
2e654dcc-8087-44bc-91b0-830f71c629a6,CUST00004718,632c817e-8ec5-4d47-8a0c-64e5bc341b4f,PERSONAL,43414.89,676.4819376573959,0.1404,2025-01-11,36,ACTIVE,2027-12-27
90a71d24-b277-4e31-8655-6f9a7692f681,CUST00003272,79dbf407-c5c6-4b7d-8ad0-4982ceb28a32,MORTGAGE,4475.66,4385.256121874028,0.0592,2026-06-25,36,DELINQUENT,2029-06-09
8921349f-eccb-453b-8d22-7ff2635fa3f3,CUST00000210,f27f3ad7-4890-4b6d-9240-ef02a9681fc1,AUTO,41875.69,15432.425981719512,0.1507,2022-07-17,24,ACTIVE,2024-07-06
40d1ff56-0c78-4409-b96d-c079a75908f0,CUST00009080,6c8c5d0e-3eb3-46fd-b291-bc95b8bf9cae,MORTGAGE,16635.32,11568.503724988974,0.0346,2025-02-27,360,PAID_OFF,2054-09-23
8448d4ed-b2be-420f-9e1f-86f795ede22d,CUST00005540,0b251279-785a-45d0-9f92-a62163f4c69d,STUDENT,96625.21,68862.5227174419,0.1012,2024-06-02,360,ACTIVE,2053-12-27
73a44f97-e6fa-403b-ac85-ef207db8aa1c,CUST00000154,73d12f3e-5860-44f4-9f70-b9511038f676,PERSONAL,130754.8,119207.11605398523,0.1417,2023-05-24,12,ACTIVE,2024-05-18
0a3169f7-29a9-4bf0-9a82-95a04b1b9280,CUST00003594,b60b4f87-5dd8-4ffc-9f87-8b322b429596,STUDENT,1071259.34,948129.730101706,0.068,2023-01-26,12,ACTIVE,2024-01-21
6d3e4848-54d7-4728-99e3-05e54a5039e6,CUST00008607,1db14bfc-6f3a-4115-acb4-678c16120aa6,STUDENT,52546.29,14803.844813895403,0.0333,2025-04-12,360,ACTIVE,2054-11-06
f7f3dc54-27a0-4911-afd2-9b721c13a1e7,CUST00001285,47198f5c-f69b-4596-bf10-938caec7f267,STUDENT,35907.25,23107.58930267531,0.1923,2024-06-01,120,ACTIVE,2034-04-10
7b6deeca-32f9-4ae0-93aa-84b0d65e2bcf,CUST00003149,adf4e62d-6651-429e-8268-690ba43825b5,STUDENT,29483.22,11607.703599408884,0.1845,2024-03-23,24,ACTIVE,2026-03-13
63265564-0175-405a-bfc1-428a7c7ab691,CUST00000769,40c37cbc-3d5b-4535-abed-e2b6c9eef97c,MORTGAGE,12968.14,6815.32475053275,0.1867,2025-11-22,24,DELINQUENT,2027-11-12
a7641ff1-ce8a-4e7f-be99-919ec696e772,CUST00009175,960be0f4-9513-4c22-9583-9b99a50a13dc,BUSINESS,36597.15,20299.653197121283,0.1961,2022-11-24,24,ACTIVE,2024-11-13
6070b244-c5c0-4d05-ad37-ba8ce7c8f28d,CUST00005608,6928043e-d492-451a-b828-3a052baa43c9,MORTGAGE,14141.91,5605.053340032397,0.0532,2021-08-30,12,ACTIVE,2022-08-25
39323a07-2ec3-48e0-8d62-00500b3b5efa,CUST00003203,7d05955b-0d9e-4328-9f99-7c8097d38ab9,AUTO,28358.77,13155.46383004536,0.0484,2024-12-09,24,ACTIVE,2026-11-29
9564d4c1-aedb-4262-9d95-b4d7570edab2,CUST00002788,7e0f60b2-2a06-4609-a599-bd3c0bb81d38,STUDENT,158958.16,33117.70355895096,0.0262,2024-02-13,48,DELINQUENT,2028-01-23
b6bd6dbe-3a8e-46fd-be4c-410bd87534bf,CUST00002211,7d338ca2-6bcc-472a-9e69-2c3f440b71a6,AUTO,4866.77,2957.2751886654332,0.1805,2024-12-22,48,ACTIVE,2028-12-01
f2b2d2f2-b366-41c5-8ef4-83f671d5a861,CUST00009231,67c0518b-17ef-4621-881c-79d4c27437eb,MORTGAGE,121761.3,92411.93377607063,0.1555,2024-08-29,48,PAID_OFF,2028-08-08
2a184cbc-19fe-4052-9db8-0b51e9623c3c,CUST00007400,133ca9cf-13f8-4789-b1e9-3b1a34b549be,STUDENT,158843.16,68261.45084514596,0.134,2024-05-18,24,PAID_OFF,2026-05-08
fa926f97-bd87-4f11-a1ca-afcd23a2f59c,CUST00006339,bdf66ba5-dc9c-46de-a5a6-74c212738a23,MORTGAGE,18451.43,18039.5957098912,0.187,2025-07-11,48,ACTIVE,2029-06-20
060fc65e-9011-4e99-9aee-c74ff2591fc7,CUST00008734,d5108bc0-2f9e-4ddb-b302-8b32230da680,STUDENT,913.44,52.27288958593184,0.1235,2022-07-04,360,ACTIVE,2052-01-28
cb59b151-5dde-4466-bf03-66ef702724eb,CUST00000359,e2fb8d66-a892-4ad4-887f-e19cf7ba19f9,MORTGAGE,8850.83,5214.561036828698,0.0434,2024-12-07,120,ACTIVE,2034-10-16
b55a478e-0541-43ca-ae12-bda9b2ec7ff4,CUST00000850,9cc3c1f5-9129-4c75-9b08-e5a844511ba0,PERSONAL,154120.77,89945.00057574816,0.0518,2022-10-01,24,ACTIVE,2024-09-20
5e48245a-b19d-4b55-a5ce-fa0f8671e213,CUST00007499,09f64405-0b99-4034-8a4e-255280051b10,BUSINESS,21283.72,772.5198267364364,0.0438,2021-07-23,120,ACTIVE,2031-06-01
6b2afb3a-1b38-41ad-8b21-cf12a284598a,CUST00004523,965befdf-6b4b-4411-8a4a-0e2df22b5b98,BUSINESS,4919.92,1104.8672825830793,0.0754,2024-08-24,48,ACTIVE,2028-08-03
6fb0c665-4766-429e-8895-df3c7941a6a4,CUST00002545,175a81ec-112f-4612-b969-9ed2ec48bf55,STUDENT,10330.31,9354.535607300943,0.0883,2026-02-18,24,ACTIVE,2028-02-08
1122e28f-6c18-4b52-b3b9-66e28eaa0112,CUST00001832,ce3fde9a-12aa-4ab4-be59-a0d13c5168b0,PERSONAL,77724.83,42322.261549863564,0.1634,2022-04-24,60,ACTIVE,2027-03-29
e0b641d0-4345-429c-9655-8df410af54cc,CUST00001473,999413cc-ff99-47a8-88ad-b388287e4086,AUTO,50016.11,21826.32392483976,0.0544,2023-07-08,36,ACTIVE,2026-06-22
79810edf-5b8e-46fd-aa29-ee4cf2db83c8,CUST00009629,49ee4969-0309-44c0-af4a-bfccdeca8598,PERSONAL,15391.98,6395.312979774112,0.1506,2022-02-20,60,PAID_OFF,2027-01-25
3e447305-eb55-420d-81d2-31cb66bd5d42,CUST00000330,2df8d4a8-3fc7-4cb8-aa40-e5cc2cd51392,STUDENT,12705.16,11284.22547654861,0.1084,2025-09-27,36,ACTIVE,2028-09-11
2334fcc4-e022-4de0-ad88-bddae8180064,CUST00005852,08e3f771-b6dc-4d05-9a9b-ccc1e71c681a,PERSONAL,12238.75,4492.002800638684,0.1999,2021-11-02,36,ACTIVE,2024-10-17
161cd674-2978-468d-862c-06921efa91a0,CUST00007033,fb756923-f910-4bb3-b105-32523990e2c9,AUTO,5521.39,4743.795321979576,0.1598,2025-12-10,48,DELINQUENT,2029-11-19
324ef0f7-aa25-48da-afd1-843d92071602,CUST00005267,6a7330b3-ecfa-4700-a790-eee07dcfe924,STUDENT,248466.56,76824.02152787747,0.1944,2023-08-18,36,ACTIVE,2026-08-02
8bc15738-ff1b-46a0-a8ec-b6a17233bf8c,CUST00004355,7e000029-c47f-4b05-851b-5f38c0697f1d,BUSINESS,13582.25,7219.019993513745,0.0816,2023-06-18,36,ACTIVE,2026-06-02
7a5653b3-4354-47e1-8eaf-b35b5f91b1af,CUST00006436,a90e319d-637e-4f94-910c-8d920222305d,PERSONAL,136726.49,19663.972281253737,0.0421,2022-03-15,60,ACTIVE,2027-02-17
a800d519-ca3d-41cc-b88a-a20e111b0acd,CUST00007979,fbf3a106-260b-43e0-8ce6-929f7a44bd05,BUSINESS,215771.25,178017.82176065835,0.1111,2022-01-13,36,PAID_OFF,2024-12-28
1da85583-69cb-4141-9505-d99e2f7d987d,CUST00004239,ad3053ce-a896-4e70-85cd-338470249792,BUSINESS,98465.98,72468.48692886396,0.0424,2023-02-26,24,ACTIVE,2025-02-15
33d3958a-3b74-4fd2-8a2d-6f038f464f34,CUST00006113,693e5fcf-c080-4ba4-9e07-809d188854db,MORTGAGE,11528.41,6111.130173893132,0.1086,2026-01-17,120,ACTIVE,2035-11-26
bf23f095-221a-4dd0-8ce3-492325bb2b7a,CUST00004723,0cb68029-3276-4b75-b2b9-fc5651f37a1f,AUTO,40360.03,1045.3775468905662,0.0686,2025-03-16,360,ACTIVE,2054-10-10
5f321f6d-02dd-45c2-a405-8e04b393cb2d,CUST00001389,5c9deee0-b42a-4456-8736-5a84725e134d,PERSONAL,21241.38,10222.56986377241,0.1084,2024-12-18,120,ACTIVE,2034-10-27
031d45fc-c9c0-4379-829c-34f70f5bc40c,CUST00004186,25e6d919-ddeb-4d5c-b842-7379d888dcb6,BUSINESS,5678.53,1278.7852414229108,0.1909,2023-07-29,24,ACTIVE,2025-07-18
44113459-aa79-47f8-8649-c4c31cdd5a61,CUST00008912,516546ca-5fcf-4219-b1c1-2d4b60d16c16,BUSINESS,35829.93,14811.172085001233,0.072,2022-12-06,360,ACTIVE,2052-07-01
4da7f632-0244-4c10-87d0-1cf295e81a39,CUST00003236,f480ada5-e68c-4348-9046-e3dfddfef849,AUTO,3757.24,3217.7998609992533,0.1988,2024-01-15,48,ACTIVE,2027-12-25
51ccaa40-2316-4b59-8fbb-f4e3e160e35b,CUST00004577,72114575-fa3e-4d03-8ede-ae5f59f2674c,BUSINESS,130812.34,100673.6092446639,0.0613,2026-03-06,360,ACTIVE,2055-09-30
7afac8ce-dc4f-47fe-be61-8f4bebb511e6,CUST00001101,a904babd-69c2-4a17-83d1-677a79a6ab72,BUSINESS,10971.7,2654.6347372445043,0.0575,2026-04-12,360,ACTIVE,2055-11-06
a9fe494e-304c-4b39-b6ab-eff0cd1d19da,CUST00008865,99b3568d-6dcc-4c60-9e35-836f66aa394c,BUSINESS,29784.38,29336.227328559107,0.1181,2023-02-26,60,DEFAULTED,2028-01-31
36d0bb41-7a8e-45a9-ba70-425b7989d78e,CUST00008709,45665e79-1a9a-4b54-a01a-5b5e592fcdc6,BUSINESS,33689.17,30428.412292205638,0.1716,2025-04-20,360,DELINQUENT,2054-11-14
8d938a78-634a-41a4-ac23-9586195b2525,CUST00002533,c942e6e8-2df7-41e0-b67f-3c15a95d3271,MORTGAGE,14937.69,7897.160004764832,0.1549,2023-05-02,360,ACTIVE,2052-11-25
dbd34a94-8a99-4027-a085-0656a22646f5,CUST00007771,5738db52-126c-4e50-9d4f-4af28becb8cc,MORTGAGE,53105.76,28154.035673133058,0.1502,2024-01-04,12,PAID_OFF,2024-12-29
aac5e8a3-2567-4f2a-9227-b7accdca6bef,CUST00003671,4a2f2373-f777-4816-85ef-875e26755363,STUDENT,10803.71,9737.016118765827,0.0709,2022-01-15,120,ACTIVE,2031-11-24
25391b09-8286-43c8-9b9b-c56e2080293c,CUST00000782,cd649aff-445f-4de1-8534-17b555c06c8e,PERSONAL,81384.97,51772.62615048264,0.0241,2026-05-16,60,PAID_OFF,2031-04-20
7a49c96a-1168-4e55-82b1-4f24dc76a6a8,CUST00003524,dd34aa18-9001-4ed4-8bb4-01e769f753f1,AUTO,2924.94,1569.7814033938992,0.0491,2022-10-25,120,ACTIVE,2032-09-02
129543a4-fcc3-4cc7-bd67-eb3e836d2c1f,CUST00006132,2a45c2ab-8cbf-4db0-b264-accc79ac1b1e,STUDENT,26624.03,19945.352768936773,0.0829,2023-09-12,12,ACTIVE,2024-09-06
a07f3385-3f3f-462f-aa2b-ec6b90efb126,CUST00004783,a0970ff4-dc42-4980-8059-5e29a226a75b,MORTGAGE,403686.35,94905.49635917925,0.1949,2021-07-27,36,PAID_OFF,2024-07-11
a028dc87-d6fb-4a95-a9db-b362c0dfb921,CUST00009782,c8fe3ccd-c8b8-49c6-ad30-49cf43e458fc,MORTGAGE,4912.33,4314.879750093284,0.1856,2021-10-20,12,DEFAULTED,2022-10-15
d3f63623-39b0-4426-b007-1d3b5c99d8ab,CUST00004996,f7b217c7-ae92-4a71-8f7d-cb431679742f,MORTGAGE,7969.54,4235.135015041606,0.0561,2024-02-28,36,ACTIVE,2027-02-12
c09b61e4-0f46-4b11-a809-4564433121ff,CUST00001502,937ca77c-b25b-4de7-9652-1e08c2f43c10,STUDENT,47613.03,28734.43003646644,0.1506,2023-03-25,120,ACTIVE,2033-01-31
520b7950-dee4-454b-8afc-13fb6e8f19bc,CUST00003081,81e58eee-f9c0-4d4d-8bd0-3267bd0e01ce,MORTGAGE,28835.79,2593.6025832914443,0.1242,2025-06-23,360,DEFAULTED,2055-01-17
314e9b45-0715-41b6-a506-6540c7d77fbb,CUST00009269,1c405045-4a22-4ae9-a2f9-cafe2eb23ca3,STUDENT,37270.04,11535.411273426724,0.029,2023-08-14,60,ACTIVE,2028-07-18
5fa9a39e-ee47-48d4-b9fb-97b9abf1a574,CUST00009293,3bdccce0-9875-44da-9830-dffe88859ae5,MORTGAGE,45879.82,19578.540434155097,0.0869,2024-03-13,60,DELINQUENT,2029-02-15
d61c8113-9b3f-4c54-b327-f33e6409e93b,CUST00000503,959677e9-35c4-4e08-86a4-7588a676ace1,BUSINESS,57072.76,23622.95889277832,0.1075,2022-03-16,48,PAID_OFF,2026-02-23
e8527018-bfa4-4e84-b987-51a2ddef7af4,CUST00009532,e5f95507-6889-48ad-a234-5eacb8da3559,BUSINESS,116372.29,90570.73396338569,0.1402,2024-12-16,120,PAID_OFF,2034-10-25
f30b15eb-9d69-4f34-bab7-b78f209875b2,CUST00003886,01bf9e73-3f80-4385-af92-40b652d78f10,PERSONAL,40730.32,11499.081592935221,0.0731,2023-04-30,48,ACTIVE,2027-04-09
68127855-e384-4c71-8271-b0d0ca5c159e,CUST00008010,27d415b6-0d77-45a0-a222-b6a615bfbe97,MORTGAGE,15338.38,2793.2610673376366,0.1881,2023-08-13,360,ACTIVE,2053-03-08
a2a5ef39-c163-4f1b-9f32-f343a562f0a0,CUST00000624,fdf48930-a265-4f65-8d56-e00031456a6c,PERSONAL,60407.02,35194.17196142535,0.1013,2023-04-22,120,ACTIVE,2033-02-28
85713253-9956-4d9b-bdc8-7f792843d696,CUST00001051,b96c2da0-19a8-4c19-a70a-858cf86b2e95,STUDENT,380721.3,234149.2563968315,0.0647,2023-03-02,360,PAID_OFF,2052-09-25
1336d4de-c5e9-43c3-bf44-23d549a1f7a1,CUST00007386,0f0e5767-606f-4a15-b76c-432eb4428cde,PERSONAL,18052.68,2194.904536169639,0.077,2022-04-24,36,PAID_OFF,2025-04-08
6ad5401e-07e9-4b0b-998d-eba36ec8261b,CUST00006082,2a7cf9e9-d7a7-47b1-88c6-2063a06303ca,MORTGAGE,5106.18,12.604620577033009,0.1553,2026-01-01,120,ACTIVE,2035-11-10
b4586ea4-15b8-4fa6-8fca-b2a910fb436c,CUST00005485,f3402dd3-4515-45b9-ace9-504b03d7f962,STUDENT,115915.99,106370.201583323,0.1353,2025-11-07,120,PAID_OFF,2035-09-16
c5ddf574-2543-4b1a-86ec-9e60e4433474,CUST00003773,a8e56e0c-20de-435d-a031-d750c40db9b4,STUDENT,18387.53,1464.3276735313432,0.1536,2022-11-04,36,ACTIVE,2025-10-19
4702fe75-5e98-4fdf-8a3a-1171a432cc60,CUST00003917,f9da4f55-bef9-4394-928f-af652f068e12,BUSINESS,846.4,759.9545711957089,0.0726,2025-05-23,24,DEFAULTED,2027-05-13
a67155cd-76e9-4fdc-87e4-b3f364ad2b39,CUST00004019,3f87dfc2-1591-42f2-a505-da9c46e75a2c,STUDENT,78521.87,31347.0984686361,0.0788,2024-06-26,360,ACTIVE,2054-01-20
576b67e3-eac7-457b-bc96-fd06ce8b30ce,CUST00001330,4a85e443-3ba8-48d9-b4b5-5b8648a84587,STUDENT,9867.56,6444.068355495804,0.0914,2023-11-26,24,ACTIVE,2025-11-15
9af4ab8a-8908-43f9-9619-5c4f4db1f8cb,CUST00004115,15f7ef61-da4e-404c-ba7e-1b86c1fad753,PERSONAL,19229.49,3569.2758387917397,0.0539,2023-01-08,120,ACTIVE,2032-11-16
dafa1c94-4ee2-4290-ab59-003a53bc0611,CUST00003368,53cd6268-610c-4373-8299-9aa40cdf742b,STUDENT,36241.87,29860.293813310243,0.1444,2022-04-05,24,ACTIVE,2024-03-25
7cdfa469-82ed-4aad-b84c-2537f2d0a15c,CUST00008096,e79f9f3d-19ee-4c3b-b93c-4b0bb93b770c,AUTO,29311.92,5281.814141338163,0.0793,2025-10-13,60,DELINQUENT,2030-09-17
d6e9fa04-df04-4782-81e6-206862d70bec,CUST00005142,46a3110a-9813-4b31-ad38-9d1f6716d461,BUSINESS,63842.71,24675.791468215575,0.0787,2022-07-20,120,ACTIVE,2032-05-28
8f6875a3-b1fb-4012-96ed-79efb03e5eb4,CUST00003952,4926ce5f-7878-4140-ac2a-4f71a77d95f1,BUSINESS,11461.75,2728.1919779643617,0.0685,2024-03-10,12,DEFAULTED,2025-03-05
996e782f-9aee-43e9-aea3-98c6ec677b25,CUST00005085,092385fe-23d3-4d22-b080-bed6bc3e34af,STUDENT,47555.78,39828.249072449275,0.1015,2026-02-07,36,DELINQUENT,2029-01-22
2323f3de-92f0-428e-892b-3dc3a937dfd6,CUST00001574,99e95433-1453-417e-b11e-be6f68ffae17,PERSONAL,14923.31,12809.211431184458,0.159,2026-07-14,48,ACTIVE,2030-06-23
b1012b0f-174a-4825-964a-90627825e2f0,CUST00002635,95866982-f7e8-48a2-821d-f2cfd9fc13b8,BUSINESS,66717.04,24820.666293269293,0.1704,2021-08-17,36,PAID_OFF,2024-08-01
8861972e-57a8-4eef-b9a8-743d7d5b6037,CUST00002769,cdeb2696-015a-4a1d-a2c8-cf62f6ee137d,BUSINESS,55439.7,17040.97021893563,0.1648,2025-06-02,120,ACTIVE,2035-04-11
101c778c-a1a1-41b4-9dca-34888459f41e,CUST00005303,e1ccff0d-8078-436d-81b0-62c19aad9234,AUTO,5414.53,4188.492930955477,0.1318,2025-09-22,12,PAID_OFF,2026-09-17
ef252aa8-44a9-444f-a10e-193140686515,CUST00006251,03c72ba8-d605-4770-8a63-f881ffd0f9d5,STUDENT,112304.95,98661.24306866397,0.0705,2025-08-24,36,ACTIVE,2028-08-08
982cd08d-49f8-4d9d-9fef-b72a4570b7fe,CUST00001212,4b27b079-5c5d-4f1b-94c0-c6c254f6516e,BUSINESS,9858.16,6151.6889451755,0.1523,2025-11-17,48,DELINQUENT,2029-10-27
ed441085-5024-46c6-ba53-de538375e8f9,CUST00008968,922b4fb2-1ca7-4972-bc6d-317323fbc01f,BUSINESS,74019.71,68646.15113040227,0.0271,2025-03-12,48,ACTIVE,2029-02-19
3d4a49ae-e83f-4a2a-92fc-6f48e7e337c4,CUST00005956,bd717da3-3581-4632-94f5-df7005d2d205,BUSINESS,38213.0,14637.253220440245,0.1637,2023-10-21,12,PAID_OFF,2024-10-15
f8eb51b8-5938-4971-b0f6-d8b690e65aa4,CUST00001161,504867ba-bf7b-439b-8f9a-ea4b8acd4e10,BUSINESS,347067.83,52714.88395467354,0.1604,2026-05-02,48,ACTIVE,2030-04-11
55c275e2-d363-421f-b11c-dad44e6ccc79,CUST00005978,ba0371f9-90ed-41d3-af44-4cf56f089155,PERSONAL,15753.24,2829.9590147561084,0.1406,2023-08-01,60,ACTIVE,2028-07-05
474d3a1a-695a-42da-ad14-e5bf848622e3,CUST00007042,30a900ad-939b-462d-a645-f129629c2ae3,MORTGAGE,13043.23,8736.772215161669,0.0376,2021-10-08,48,ACTIVE,2025-09-17
ab707385-6c81-4f55-9906-d534438f9d83,CUST00002384,a38cc35f-12bc-4090-86d6-fba776509bcd,AUTO,21394.1,8718.66104798623,0.1995,2024-08-26,360,ACTIVE,2054-03-22
9cf116dc-c4b0-4ad1-b037-e34da8bb81dc,CUST00005877,bc2cbb0d-dd33-4cc7-ab7f-089acd5f4822,PERSONAL,13977.87,2184.945134724144,0.1562,2025-08-04,12,ACTIVE,2026-07-30
cd5fe3f4-23a7-439d-8971-d849e3fb1c48,CUST00003541,76b874d3-4959-4bed-9d19-11a5618dde71,AUTO,73124.07,21368.81699385127,0.1523,2022-11-18,12,PAID_OFF,2023-11-13
30a19d7d-4b86-4f69-b036-89a4c518c20b,CUST00004636,8d56bff6-69c9-420f-b425-449cc145d6ba,BUSINESS,1949.9,1034.6268299566564,0.0315,2026-02-15,36,ACTIVE,2029-01-30
b66e550b-5c8a-4866-af9c-5cfbafe601c5,CUST00001096,bec39a37-9b3d-44bd-a91e-314e0c8e29e3,AUTO,4534.53,550.6972063978164,0.0918,2024-02-08,48,DELINQUENT,2028-01-18
3457c8d7-5236-44ef-8d8b-10518af35cd2,CUST00005902,a854027e-5667-4e49-8133-8bdc66cc7376,STUDENT,4439.49,15.282939638717565,0.0355,2023-08-07,48,PAID_OFF,2027-07-17
85261ad4-94ed-4114-b672-e14bcc4bbc6f,CUST00008216,4d171ebc-5a45-48ea-93e7-63d10378bcb7,STUDENT,91625.18,84047.59871543405,0.085,2022-05-29,120,ACTIVE,2032-04-06
b905a7b6-b97e-4830-9e01-86462c64f73d,CUST00001080,66132e69-7418-4109-93d1-bf0f56c438e4,MORTGAGE,286622.14,87379.9669037632,0.1227,2025-07-12,120,ACTIVE,2035-05-21
3f3d2b89-a37a-4c5c-8a9d-3213e04b1533,CUST00008371,5a589b67-6bc7-4635-94de-19cdbbdb4536,MORTGAGE,18832.25,4171.308447635453,0.1782,2023-03-16,12,DEFAULTED,2024-03-10
a22966c4-ca39-465a-991f-210234aaf8d4,CUST00002848,171603b1-7466-4e6f-a1ee-b1f133b1d0dc,AUTO,17098.87,11943.232563037036,0.0709,2021-10-13,120,ACTIVE,2031-08-22
e3245730-2ede-4051-965e-040dd4946414,CUST00001961,c8f3332a-4741-4ca4-a3d9-9d90c964f746,PERSONAL,24466.94,20880.15319943622,0.1322,2024-08-07,36,ACTIVE,2027-07-23
5fffe8e6-7f38-4ce2-8f40-7865a5c11300,CUST00001474,3451cf94-ee8b-46d3-8b94-6541d4cae432,PERSONAL,125846.41,79570.01298940775,0.0496,2024-03-19,360,ACTIVE,2053-10-13
b7900752-7bfd-4c74-a441-e11e3ee1db8e,CUST00004889,8f8dd995-1127-4cb2-b472-99b68f0ce422,BUSINESS,5480.6,1394.7181821124125,0.0837,2021-09-10,36,DELINQUENT,2024-08-25
75863743-9174-4c0b-aeb7-4413454f3fbf,CUST00004980,f35757c5-7836-4477-9b39-455032103c49,PERSONAL,31494.04,27136.418281385533,0.1905,2024-08-02,60,ACTIVE,2029-07-07
4135b443-2576-4869-9765-f41889939c6e,CUST00001213,615eca80-0d0b-4920-9d46-0c9117478b5c,MORTGAGE,95110.67,48547.07260988123,0.1546,2025-11-27,360,ACTIVE,2055-06-23
1fda98c9-40a6-4de4-9271-e2959b21c065,CUST00005698,11489054-7b6c-4596-aa97-435dd9ff74eb,PERSONAL,46706.62,17804.133981359126,0.1182,2025-04-11,60,ACTIVE,2030-03-16
8cf996a3-d028-4602-a066-5e51f76d7126,CUST00009002,40b374f8-8c1a-42c7-9fa3-ed1f61584f88,BUSINESS,29271.58,17701.288988926168,0.0653,2022-08-09,12,ACTIVE,2023-08-04
11092f7a-00d6-4c63-a4a0-f44bfbdebeb5,CUST00000420,e9a1c6d5-c34e-4baf-8f1c-b2ccceef9fa8,STUDENT,98870.79,69270.08403477701,0.0883,2024-11-18,36,ACTIVE,2027-11-03
413b48c4-ef22-4e93-8fde-a771305d9749,CUST00003660,5133577b-4651-4173-8d0e-391db9272714,PERSONAL,381.9,226.7836289245728,0.0482,2021-08-08,36,PAID_OFF,2024-07-23
ef4bd7a8-746b-402f-bebb-f6dfed84acc9,CUST00005284,999921ec-9d2f-4e76-beb2-d1727be19731,PERSONAL,60889.31,56033.1102207041,0.0836,2025-05-24,60,ACTIVE,2030-04-28
d2376d22-9565-4c2f-8cf7-0470fda8977a,CUST00009471,51f4a724-9950-4858-88ca-c260b3f5a21c,MORTGAGE,8257.58,5185.907274461665,0.0471,2024-09-24,360,PAID_OFF,2054-04-20
6ba57136-9144-4442-82d8-a7f546ef7aaa,CUST00009633,61a451ff-700b-4b43-ad3b-9d13c3e90323,AUTO,1413.82,1242.1549831242924,0.1632,2025-08-29,120,ACTIVE,2035-07-08
fb48ac14-0d0d-4136-8404-fe9a32fe1dea,CUST00001341,40c37cbc-3d5b-4535-abed-e2b6c9eef97c,STUDENT,47420.22,27833.698125852414,0.0345,2023-12-02,60,ACTIVE,2028-11-05
7d53c706-fb50-48f7-a0cb-feca6d7e39bc,CUST00005138,6502d6a2-ca6a-4224-971e-16cc5da36f1b,AUTO,172903.31,57002.68953732764,0.0541,2023-12-19,12,ACTIVE,2024-12-13
6fea84f5-79f3-4373-9bab-13ac9863bb20,CUST00005190,e9b1c4a1-da22-4b85-a9b9-2a1d457498ca,BUSINESS,17922.77,9540.23343148329,0.1444,2025-10-07,360,PAID_OFF,2055-05-03
23c52c31-1e93-4ed6-902a-12a5630ae016,CUST00001362,93d054e4-3550-407e-84ca-bb38892fca69,BUSINESS,91978.66,7941.1330229902715,0.1825,2025-08-25,36,PAID_OFF,2028-08-09
c2978392-5c80-4220-9f77-765f2e5ce13a,CUST00000592,ff37d19c-2e76-428b-8735-44f9ea83bf00,AUTO,247314.82,56925.598150504266,0.1936,2024-06-03,12,ACTIVE,2025-05-29
0a813e88-0df3-4a58-be83-3c05cd21fb86,CUST00000527,bc2e2b59-2c7d-4667-b664-c7202fddb26a,MORTGAGE,158319.7,121309.56689059378,0.1705,2023-12-23,60,ACTIVE,2028-11-26
1b829ae1-4700-4de9-91fd-de63d8e0713b,CUST00007856,236dd176-da1c-46ae-8279-e2ab0bbf6334,MORTGAGE,257801.91,170529.67585286146,0.0581,2025-09-29,48,PAID_OFF,2029-09-08
209ebc46-44b6-4c9e-8904-59d78c69e2e8,CUST00001293,1a2a73ed-562b-4f79-8374-59eef50bea63,MORTGAGE,67049.82,11165.04956792751,0.0714,2023-03-24,60,ACTIVE,2028-02-26
be36c36d-ecfd-4eed-988c-49b2c8abbf0d,CUST00001655,816bcb9f-7426-4193-8b7e-6b3c87d292a6,STUDENT,24665.25,10803.753826199636,0.1767,2022-04-22,36,ACTIVE,2025-04-06
0a39561f-3473-49d3-ac5b-059aafcd2960,CUST00000188,5e1b015f-6a1c-401b-959b-2b6b32dba028,BUSINESS,1992.31,282.89249179689585,0.1801,2022-11-19,12,ACTIVE,2023-11-14
0f5449d1-910a-4ebf-a909-3889e42cfe33,CUST00002759,6f2e92b9-d130-42db-a13a-14ca5911f42e,BUSINESS,15228.23,13032.591154969841,0.1353,2022-08-04,120,ACTIVE,2032-06-12
fa11f0e7-566d-46e8-9c86-cf6f0285ede1,CUST00008721,164b85f0-cbfc-421c-bf78-042820bb859a,BUSINESS,6217.54,678.7669874453611,0.0765,2023-06-28,120,ACTIVE,2033-05-06
48c08d33-46f4-4ccb-b835-de289fd60efb,CUST00008626,c5c5b37a-f85e-46a1-9dad-09b252c21221,STUDENT,571725.39,374042.75867445103,0.0603,2022-11-22,36,ACTIVE,2025-11-06
386e995d-3b01-4893-bd9d-38e36e078bdc,CUST00006432,21ec4754-1cf1-4654-aab2-02c2cc0243c6,BUSINESS,16918.64,10269.614496549291,0.1734,2021-08-10,60,ACTIVE,2026-07-15
c07126f3-9213-4643-9a89-8be79e49b057,CUST00006038,473bd358-610e-4a64-a130-1617c2dff335,AUTO,26497.54,12527.41807909323,0.0569,2023-02-17,60,ACTIVE,2028-01-22
5a8258cb-8d78-4a9b-ad87-adb64448cbb9,CUST00009997,0c90e028-4185-400d-971d-f5fdb38950ce,PERSONAL,50373.88,14015.757493928757,0.1391,2021-10-02,24,PAID_OFF,2023-09-22
05e05148-26d6-404f-bc82-3de9d73c9259,CUST00008495,4bbe4aff-9326-4ffd-9be4-bf5192698698,STUDENT,23515.23,9499.130007331085,0.1942,2022-07-25,60,ACTIVE,2027-06-29
c329732b-5114-4ac7-9588-e38e8dbff478,CUST00004183,ec8be537-58ab-4778-943b-45e3b6d1f6bb,PERSONAL,280008.87,225796.71681992826,0.147,2025-04-23,36,ACTIVE,2028-04-07
f765f8a0-ce43-47c4-abfd-dbf938498d35,CUST00006974,efb2d33c-171a-4532-8d07-018b416aa7f6,AUTO,8656.16,6592.105707497551,0.0664,2023-06-06,360,ACTIVE,2052-12-30
8aad970f-3401-4fe9-a21e-1d14d33b05e6,CUST00000438,76492e64-f55d-4e6d-ad26-8b378f5242d3,MORTGAGE,29493.09,21789.763726267764,0.0709,2024-12-31,360,PAID_OFF,2054-07-27
290fb2bd-f458-4d04-8476-fc349dc59ddb,CUST00000833,10fd7164-819f-4393-82ce-ef41b2cfba8b,MORTGAGE,7232.17,5422.851632108512,0.0367,2023-01-14,12,ACTIVE,2024-01-09
9d37c5a6-bd8e-480c-923c-cd6417576cc8,CUST00008989,a56b61e0-4ba8-44ca-a449-cb6fbf72ae52,MORTGAGE,3041.07,437.56853646079117,0.1435,2024-02-02,12,PAID_OFF,2025-01-27
cf3eb0d7-450c-4845-b95d-b36ffa8a47d6,CUST00008752,b780606a-02ca-48d5-b033-ee83518f0ed4,STUDENT,8798.59,871.9090371943875,0.1133,2026-06-18,24,ACTIVE,2028-06-07
3f068051-187e-4974-9fe3-61117c7b5816,CUST00008954,df4e713e-f64e-4dfc-bfbe-ac7aefc59738,MORTGAGE,20836.15,17950.314530579835,0.0572,2024-05-28,120,PAID_OFF,2034-04-06
3df5516b-3891-47f7-a809-f986d86af8f9,CUST00005795,b4a69f3c-8d3a-4d99-b11c-21c9bdc14f1f,STUDENT,11568.56,9684.904247503919,0.061,2024-01-13,36,ACTIVE,2026-12-28
e4529643-2a67-4ce3-9c0f-37d575a239b1,CUST00003575,a30c1e0e-69cd-4159-a53d-fc49f7410b94,STUDENT,7796.02,5311.5711247115305,0.0216,2024-09-26,60,ACTIVE,2029-08-31
478b640b-3868-4ee5-aae9-81cb2c6d523b,CUST00003786,b8875caf-1991-403f-906e-ccbc3a8359b6,PERSONAL,2671.84,1618.8832065638676,0.1961,2022-08-28,48,PAID_OFF,2026-08-07
abd13f1a-3d20-4440-80cf-a44d1b7db566,CUST00005221,3d563b0e-d11c-45c8-90b2-81c0ffdba2ee,MORTGAGE,19444.93,7133.794651530589,0.169,2022-10-18,12,ACTIVE,2023-10-13
dc63a196-9463-40bc-af68-d3b34ef97a7d,CUST00007751,f37599aa-147b-4d20-bb2e-00e6c8028d0e,BUSINESS,2305.19,516.5529492796974,0.091,2021-08-20,36,PAID_OFF,2024-08-04
7237e20d-62fe-4cae-997e-b35599870266,CUST00006819,635d8150-d8dc-43a5-b09a-8327891d47fe,MORTGAGE,68877.44,45986.46623035055,0.1903,2023-03-24,360,ACTIVE,2052-10-17
d8e77ca2-19b1-4043-bb70-324e36a09573,CUST00000685,5eb38ef5-b240-40ca-ab05-61676a478ddf,MORTGAGE,24925.82,22758.137042608963,0.1419,2025-09-07,24,ACTIVE,2027-08-28
71b2b47a-b661-4c50-a895-b96f14fdc3a7,CUST00004234,8beddb12-ad77-482f-89a2-3a89e6b5a92c,MORTGAGE,2474.2,1081.2169276913305,0.1553,2025-05-07,48,PAID_OFF,2029-04-16
e35bba6d-bd39-409d-a67f-aa8371497c71,CUST00000578,ccb1063d-25a7-4338-aab9-278d92dfcf99,BUSINESS,13852.02,4200.105201777064,0.1424,2021-10-07,120,PAID_OFF,2031-08-16
c02d7e7f-9d74-4bb0-99c0-076f626cfccc,CUST00008008,6c8c5d0e-3eb3-46fd-b291-bc95b8bf9cae,BUSINESS,7127.85,1929.8070352810694,0.1562,2024-10-30,36,PAID_OFF,2027-10-15
c3dab31b-8a90-417c-85e5-120a615256aa,CUST00000228,c9a7d91f-ef2a-4713-9702-10496a39aaa6,STUDENT,35552.36,842.777329459307,0.0508,2023-09-14,60,ACTIVE,2028-08-18
ac5e1ec3-e1be-4ed9-b483-518e458fa881,CUST00002329,6c521d13-b719-4b68-a775-ee42a89e22f2,BUSINESS,164501.62,85592.94371401372,0.1212,2022-05-21,120,DELINQUENT,2032-03-29
e0099d7a-ca22-4c56-afc8-503c7dd43e50,CUST00002732,07b4e684-8ef6-4ee8-9a5a-8bc373315c49,STUDENT,1322.45,1306.892737681522,0.1729,2024-08-17,360,ACTIVE,2054-03-13
054da197-5273-460c-97a0-3c178620a10a,CUST00009020,047dd583-9344-4b2f-bba3-16688334e524,PERSONAL,26174.45,21338.398839202888,0.0235,2022-11-22,12,ACTIVE,2023-11-17
634d7549-9d9a-40e1-81ef-688b7fc0922e,CUST00000431,289ac251-52b4-44e8-afab-cd734fe66636,STUDENT,17323.18,15547.11608822604,0.0422,2024-10-17,360,ACTIVE,2054-05-13
3499a783-9b47-4e77-b133-5445d695847a,CUST00009256,e79f9f3d-19ee-4c3b-b93c-4b0bb93b770c,MORTGAGE,60295.34,37453.30038072437,0.0642,2025-08-02,60,DELINQUENT,2030-07-07
13cdaa4c-b415-47cf-a4fe-fbbe5f7a6026,CUST00001710,cd14eacb-7da8-4631-8c6d-8ddd1edfc59e,AUTO,30327.04,14600.844548566803,0.0731,2021-10-05,24,ACTIVE,2023-09-25
aeeb5608-b2ed-403d-9641-aee399d81764,CUST00005783,6928043e-d492-451a-b828-3a052baa43c9,AUTO,7129.85,7061.809894237637,0.0529,2022-09-16,12,PAID_OFF,2023-09-11
676cf539-c9be-43d7-ab1b-0f5260ae9b09,CUST00001235,a254da12-6fff-45cc-ae26-f348b044db1b,MORTGAGE,13648.97,6103.302233246302,0.1324,2021-12-28,48,ACTIVE,2025-12-07
5a6f9b6b-5070-4efc-b7ca-273b3506880f,CUST00008494,076c108d-214c-47b1-8cfc-64207192e443,STUDENT,6673.91,6118.8447475597295,0.0729,2026-02-06,12,ACTIVE,2027-02-01
b705e692-3faf-4b34-862e-27af67b4c897,CUST00005206,ccc56569-f9e8-4369-a999-b735dd56cc94,MORTGAGE,110637.09,84288.29267543888,0.0485,2024-07-18,360,ACTIVE,2054-02-11
61233eea-3b1b-4755-a600-fd684a69ed38,CUST00001421,86e5edf4-6bfd-4189-b705-10f894ba0d7c,BUSINESS,22741.97,7527.101417411037,0.183,2025-05-10,60,ACTIVE,2030-04-14
f5ed7ddf-783f-4cd0-a0b2-f35699b62656,CUST00000769,11489054-7b6c-4596-aa97-435dd9ff74eb,STUDENT,381469.44,191902.84933069357,0.1451,2023-03-15,120,ACTIVE,2033-01-21
903506bb-ef6d-4fc6-afbd-f3690636f35e,CUST00006035,44f00717-1d75-4901-b309-106e62928cdc,MORTGAGE,20110.73,7729.141209999921,0.0643,2022-12-11,36,ACTIVE,2025-11-25
108fd94b-b294-49b6-a53d-ff523e7b8fb1,CUST00009597,e581620f-dc0d-4266-8e29-ed9a0518bd4d,BUSINESS,7611.3,1036.8362066594088,0.085,2025-10-01,360,ACTIVE,2055-04-27
0599e1f2-ccd3-454c-b68b-bbc673c66188,CUST00008636,c9c1ad45-f4ea-4b97-aaa4-15b56336c815,BUSINESS,2274.3,811.3942364468955,0.1533,2021-08-18,36,ACTIVE,2024-08-02
5c098a5c-585d-4d17-9258-14d9638cf9e3,CUST00003105,fd063a58-aa3d-4585-aaec-f4e0e81909ce,STUDENT,1473.34,1309.7593093252342,0.1624,2022-07-01,36,ACTIVE,2025-06-15
6fb0d297-7daf-438b-853f-1a4361874fa9,CUST00004356,6772fe9f-999b-4859-8f5e-0f0bcd67b5df,PERSONAL,2046.32,1540.1334556435047,0.0518,2023-02-07,360,ACTIVE,2052-09-02
6c944bca-e8c0-4c02-b200-fc98b963c2fc,CUST00003306,18fdd2b9-79e5-49aa-992a-35497ba109d0,PERSONAL,32882.31,9127.506935320283,0.1886,2021-09-29,360,ACTIVE,2051-04-25
59259acd-4142-400e-aff6-fa9a16e6e8fc,CUST00001539,4a1954ec-4a3f-4fda-baff-d9bd79e58450,BUSINESS,47244.31,17381.810617107163,0.1613,2022-01-09,360,ACTIVE,2051-08-05
e95e8740-5dd9-4744-84e5-27ea3a82b37c,CUST00001332,380cc838-2c94-4f5a-88ba-d5fb32a4a8a4,PERSONAL,2055.38,1267.0059566691448,0.1742,2025-04-06,24,ACTIVE,2027-03-27
28791fa4-7a80-4dd0-8286-2014ff41e2a0,CUST00008169,e99d6b91-0715-42d9-b616-b5036906b588,BUSINESS,84335.44,35095.33440025939,0.0459,2024-11-12,24,ACTIVE,2026-11-02
95e2f91b-da88-4b20-b819-58f22b258bdf,CUST00006940,552d4865-d756-4d35-ad2e-ebea69b7d533,PERSONAL,10672.32,5368.647783959852,0.0458,2023-11-24,36,ACTIVE,2026-11-08
87eb754a-995e-45bd-8465-3d5fa51f4e7c,CUST00008262,2e2cb850-6b17-4d75-b07a-1acbad5c3c49,BUSINESS,27451.87,19166.028459513465,0.075,2024-03-16,48,PAID_OFF,2028-02-24
094a8492-d88d-41dd-b21a-3244cf6579ec,CUST00005559,3e896c64-e117-4ac3-919c-4ea3e1805081,BUSINESS,247293.44,115548.0695804525,0.0316,2023-11-04,60,ACTIVE,2028-10-08
0c485217-5d54-4496-a1a6-51c5faaa53fc,CUST00005945,c4af9dc9-416c-4562-aec3-641124df6dcc,BUSINESS,84563.58,16149.089086105087,0.0364,2024-08-03,48,DEFAULTED,2028-07-13
b504cdaf-1708-4003-ba84-3b35c2bde805,CUST00007127,c9ea356a-7abf-4ebf-942c-b1ae19f738cb,BUSINESS,14723.56,7664.7016004911275,0.0458,2026-04-28,360,DEFAULTED,2055-11-22
9d8e20d6-17a6-4138-a8a4-14a7ea7523fa,CUST00000481,bce8e033-fb70-4bf3-95fd-46d7cfbfd796,AUTO,5786.09,2060.5321306768165,0.1482,2022-02-09,360,PAID_OFF,2051-09-05
4019a1f6-0cd1-4081-8d85-e013b20004fa,CUST00005264,b1b2b9c6-7120-421e-86cd-6214237befd1,PERSONAL,873.3,253.89820171291512,0.0254,2023-02-01,36,PAID_OFF,2026-01-16
4151344e-ee98-46b7-8677-098c144a1458,CUST00004095,eb821435-382a-4bde-bef5-50110acd1ac7,BUSINESS,7489.6,2457.4018792633856,0.035,2024-02-10,60,ACTIVE,2029-01-14
244220c6-4b0c-400c-a626-c97d73fe6a93,CUST00006168,e79f9f3d-19ee-4c3b-b93c-4b0bb93b770c,MORTGAGE,16047.44,7044.861745037817,0.19,2023-09-02,24,ACTIVE,2025-08-22
defa6d4a-474c-4879-af96-bbffdbc6ac37,CUST00002794,a2379e6f-d473-4534-9aea-635257632e1e,STUDENT,5010.2,4442.109168415395,0.0351,2022-11-17,12,ACTIVE,2023-11-12
68d2a842-3aa5-4e1d-af9f-02e5ea7c8b0c,CUST00002893,965d744f-0445-41a8-92af-97e4c536c66e,MORTGAGE,18090.0,13279.093017333322,0.1167,2026-02-01,12,ACTIVE,2027-01-27
11186c1a-8540-42b0-aaa8-2f4e4fc4e8cd,CUST00001199,3de54ee2-a655-496c-a528-d32da60c2bed,MORTGAGE,24717.77,16508.552143030807,0.1357,2024-02-26,60,ACTIVE,2029-01-30
9ef63a80-179f-4235-9f2e-f2803b5844f5,CUST00008012,85eb2b3f-aad5-4fb8-a762-b59cce9e5929,AUTO,15720.42,7408.408444349419,0.1925,2022-05-03,48,ACTIVE,2026-04-12
c8794a56-a795-4d2b-9296-81b00d5979bf,CUST00002373,9950f11a-1114-40da-b87a-e6defe8c9aab,PERSONAL,8308.18,15.203530310056886,0.182,2021-07-23,60,PAID_OFF,2026-06-27
dde7110f-f42e-48ee-9f30-1cb5c8c574fa,CUST00001893,9ceab67b-ba82-454a-87e2-a618802993b1,AUTO,28367.01,9660.405436899817,0.0993,2024-02-25,48,ACTIVE,2028-02-04
49ca4ae6-2d0a-495a-bdb8-65cff106b83d,CUST00005791,c5c5b37a-f85e-46a1-9dad-09b252c21221,PERSONAL,42740.87,34756.53526579748,0.1896,2025-02-28,360,ACTIVE,2054-09-24
6c5b07b6-f127-47bd-b862-32528c45b36c,CUST00001884,4d38a8d0-10f5-4651-8b14-7f1f40c56cf6,BUSINESS,4291.54,1665.8509850317605,0.0978,2025-09-27,120,ACTIVE,2035-08-06
046606f6-3c7a-412d-aafd-3660e5199bd9,CUST00005468,86cac6f4-e238-4e93-bd17-c5e8d5ca69ab,AUTO,182845.82,103091.9702546753,0.1406,2023-02-21,48,DELINQUENT,2027-01-31
9a463e70-3204-406d-b61a-84b9cec74f48,CUST00000798,370b9a29-0a53-4df9-9a72-083cb266986c,STUDENT,18998.55,3889.759637861136,0.0667,2024-09-30,12,ACTIVE,2025-09-25
c5d899df-113f-440f-93b9-6213b6684e19,CUST00008210,1a43db54-523a-4993-8b34-46bc8ba435cc,PERSONAL,22658.14,20751.632934825786,0.1346,2025-11-29,24,ACTIVE,2027-11-19
c87c1935-d139-46d8-84e0-137119fc9448,CUST00008236,046a0df5-cafd-4613-b2bb-912d7da67785,AUTO,63724.32,58828.40826144827,0.1169,2025-01-09,36,DELINQUENT,2027-12-25
c7706e6d-1fc7-45eb-88b1-2a442dc149dd,CUST00000155,a879d8f8-9042-4eb7-8b04-0f53e63949d4,STUDENT,31251.55,4564.925907793692,0.1292,2025-07-28,360,ACTIVE,2055-02-21
5e723c24-c2c7-4d49-8dae-27d77668d540,CUST00004963,c44b04e8-f51e-4df3-86c3-998e8f14aac7,MORTGAGE,92014.82,66633.3553626098,0.1429,2022-12-04,24,PAID_OFF,2024-11-23
889dc47e-2718-4112-adcd-f65db924312e,CUST00004081,f480ada5-e68c-4348-9046-e3dfddfef849,BUSINESS,33883.59,2549.3507488776413,0.0512,2024-05-24,36,PAID_OFF,2027-05-09
c972d38d-3ee2-411c-afd2-908feea163a7,CUST00008051,2fe5b140-23ea-4956-89f1-137d7d592e19,BUSINESS,8789.77,5261.095896092925,0.0742,2022-05-03,120,ACTIVE,2032-03-11
2bfaba2d-dafb-4997-9352-8440023d35cf,CUST00005948,97da64cb-8373-4f49-a8e7-ebe3cb05aa14,MORTGAGE,37882.91,6767.920175412647,0.1525,2024-10-10,12,ACTIVE,2025-10-05
d034ce89-8364-4560-85b7-e83cc42f7d59,CUST00009618,7c0e8cd8-8573-4793-8715-b2b9c40c5d91,AUTO,3961.63,577.2302994188046,0.0495,2022-08-22,360,ACTIVE,2052-03-17
e5141d91-8127-4cf9-803b-d70b054dc5a9,CUST00004321,fdf02450-585b-4b17-ad9b-1eb118ebeed7,MORTGAGE,25921.8,106.79308248930975,0.082,2026-05-26,36,ACTIVE,2029-05-10
2ac09858-228c-4659-a4d0-72f80e8db9f5,CUST00001893,8fb3a134-ff23-46e9-b990-3d9687cec69d,STUDENT,20955.47,19716.103505910767,0.14,2023-09-09,120,DELINQUENT,2033-07-18
d8b6a802-27e9-4dd3-b814-c4920c604d99,CUST00009090,5e6fea07-c453-4f1d-8199-2fdfb31022f0,PERSONAL,16120.14,13367.666258658594,0.1888,2025-03-24,360,ACTIVE,2054-10-18
9be5662a-dc97-4a81-bdee-d56a21ddd27e,CUST00003425,dec56dc3-ad96-4213-b0a9-b97f7557c28c,AUTO,18163.94,1407.261373500133,0.0336,2023-05-06,48,DEFAULTED,2027-04-15
c87d01c2-92e8-48b1-9e00-3828d5935e79,CUST00009451,6964eb16-1623-4e87-bacd-c514dae18b28,PERSONAL,1309.27,784.7445049924517,0.113,2024-04-14,60,ACTIVE,2029-03-19
74773879-3eec-45dc-b660-302f477eb375,CUST00002016,fae2d4a8-a475-4fa7-8d30-69bfca6628a8,MORTGAGE,9671.25,2252.417053302081,0.0347,2025-02-14,360,DELINQUENT,2054-09-10
b6a35409-1c20-486b-b5d0-44fb2cd64d84,CUST00006674,874db4a6-d057-4b85-af1e-c0de297eb3f4,BUSINESS,25317.91,6684.33034258117,0.0882,2025-04-29,360,ACTIVE,2054-11-23
9b23854f-a3df-45f0-a97e-86fe3f8b015e,CUST00006033,53391df4-5ae8-4d18-88dc-1e26c7c2564a,PERSONAL,27995.09,24472.47683064836,0.0516,2022-05-15,36,ACTIVE,2025-04-29
fb9c7872-112b-4360-8ad2-7057c127cdfd,CUST00004834,c5ba36af-fb60-4e1c-a6d2-975250970843,PERSONAL,4714.92,539.0367444500205,0.1369,2023-08-23,24,ACTIVE,2025-08-12
49861a4a-0025-43ed-a2ca-9f04609eee72,CUST00009895,5c65a65c-0f8a-4c2c-a390-0bc0cd0fa4a6,BUSINESS,147054.97,88452.1138552248,0.1564,2023-12-11,12,ACTIVE,2024-12-05
7d6dca57-cc80-4698-8765-88fe75f53328,CUST00009066,1139fa12-34c1-43ea-bd9c-4e6404015ced,PERSONAL,6007.34,2410.4784255008008,0.0645,2026-03-08,12,ACTIVE,2027-03-03
8ce17e35-651f-4429-8117-1668ad724e2e,CUST00000566,f56febb1-484b-424b-806e-10295b4d5bbf,PERSONAL,94295.22,17991.58451827008,0.1483,2022-08-04,360,ACTIVE,2052-02-28
e387eb15-6765-43bf-b9ea-88738a9db593,CUST00007413,5c0b9b10-a757-4b10-82f5-25b902ed73ce,BUSINESS,41805.85,18892.819266719576,0.1004,2025-10-15,360,ACTIVE,2055-05-11
a5b8f158-f64c-41bf-b774-6c098669ba60,CUST00002019,a34db7c5-760d-4bbb-bb70-b3a124a35cf2,BUSINESS,8355.36,7858.12656991506,0.071,2023-10-05,120,ACTIVE,2033-08-13
c950824d-5a9b-441d-8508-2f78f17b25ef,CUST00002315,fe07832a-badc-4599-9f7f-ae0c7ba79d05,MORTGAGE,315832.2,246857.62139059362,0.1142,2025-01-15,60,ACTIVE,2029-12-20
d66ec576-b7e6-4b4d-93d5-326f9b032c39,CUST00004413,59bb8900-6198-4718-84c7-aab4ca20508d,MORTGAGE,3675.87,485.6243369306624,0.0883,2023-06-18,48,PAID_OFF,2027-05-28
405db449-c06a-4817-a7bb-18babfd4f67c,CUST00003884,77dd362b-4a6b-436b-957f-108b86514886,PERSONAL,87442.02,74275.8522889853,0.0614,2022-06-14,360,ACTIVE,2052-01-08
2ab9aa52-685d-4acf-afd6-b83c86022833,CUST00008217,fcc2ed18-92ae-413c-963b-d56405e514ff,AUTO,98802.03,92621.02726823323,0.1562,2024-06-29,48,PAID_OFF,2028-06-08
20514111-7fee-46c1-9ba1-17ce80ce9afc,CUST00006740,c1472ff2-2ad4-4bba-80ce-350586780a98,MORTGAGE,8055.17,2230.9943661117227,0.1636,2024-10-29,12,PAID_OFF,2025-10-24
12cb7604-34f6-40dd-8952-9a77ce09e92a,CUST00009330,ba303cce-3590-47e0-bd2e-7d9ee2c6093e,MORTGAGE,177850.39,59298.82288108584,0.1641,2024-10-02,48,PAID_OFF,2028-09-11
d789c624-5e14-401b-bea5-9d94998c603a,CUST00007903,040a3aae-52e2-4fd9-96bf-10ab3ce915e7,AUTO,15137.5,1912.0165142413573,0.0888,2024-12-12,360,ACTIVE,2054-07-08
e7775ef5-9ab9-4e1b-9d93-c7bd4c66b4ed,CUST00001190,f6b751f7-9b74-4245-9b1b-c8952af43ab7,AUTO,33963.46,11715.359438923662,0.0505,2023-05-26,360,ACTIVE,2052-12-19
4cad3598-603d-4161-a1f0-41d06993e611,CUST00007157,e914ae70-f797-4ec8-a41e-f111d94296b6,BUSINESS,32548.38,21909.642458803013,0.1713,2026-06-14,120,ACTIVE,2036-04-22
7cba8dea-5086-4861-861c-ba485fa5c8d5,CUST00007343,fabf8aef-608d-4b54-9913-0b900286675d,MORTGAGE,18007.38,4900.79877574423,0.0793,2024-03-10,60,ACTIVE,2029-02-12
372f9fb6-041b-4c79-8014-680432de3097,CUST00006885,97867b12-1328-4726-a4f4-34d6d1e91691,STUDENT,74325.73,507.27390750918823,0.1547,2026-01-04,12,ACTIVE,2026-12-30
c016c62b-a371-4326-866b-1f526f7f6354,CUST00003158,82f73861-1adb-48cf-a60c-1638d4a5a81e,STUDENT,72419.66,24517.28827643581,0.1671,2025-05-13,48,ACTIVE,2029-04-22
97266a28-dd7d-4ff7-b32f-4bd725acf1b6,CUST00005521,cf5285f7-bf8c-46f9-b5a6-1d619925bc9b,PERSONAL,1599.11,724.6751214641899,0.1583,2023-11-20,36,ACTIVE,2026-11-04
23cce3bb-bfcd-4af7-823d-d884ca5fccf2,CUST00001742,a995ecc3-6f5b-49a6-8ff1-c51f915cb31b,MORTGAGE,155828.35,88254.32682380738,0.0902,2024-01-17,36,ACTIVE,2027-01-01
6577e64d-4d4e-4bd1-8b33-e3c6a62989b9,CUST00003689,abe05b22-13dc-4154-ab1f-c2ab640eb68e,STUDENT,1819.4,1244.151394868981,0.1888,2023-01-06,120,PAID_OFF,2032-11-14
e6876705-0431-49ef-a46e-c70f3e97037d,CUST00007486,fb29ff36-2155-4ba8-b5b8-23e420168e6d,MORTGAGE,103654.58,6404.230251608589,0.1388,2022-04-10,48,ACTIVE,2026-03-20
40bf5ca2-7064-42bb-a756-80bb3a215b51,CUST00005370,65339cf0-7ce4-470e-b2b7-3d808f2e08d3,MORTGAGE,119378.89,56078.465805187996,0.1236,2023-06-13,36,ACTIVE,2026-05-28
b67ffa23-7762-46bb-a634-8a1b7c9d575e,CUST00005645,66d4b394-61a7-4114-9994-f7ba4b7faa4c,STUDENT,4287.89,1142.1329401181758,0.1456,2023-05-09,60,ACTIVE,2028-04-12
3466b8f9-e1e3-4199-9f1f-05c37717a7cb,CUST00009090,bbfecb11-f060-46a1-92d1-2566fc829c09,MORTGAGE,11893.87,11275.026776542734,0.0281,2023-03-29,24,ACTIVE,2025-03-18
f5a98c9a-6a71-4ec5-a162-d1b7769ac892,CUST00004024,5e09a9ee-af88-4dec-bb1e-143b196f4dfa,AUTO,4194.14,1509.4647358670825,0.0903,2023-02-07,60,ACTIVE,2028-01-12
2541f181-f29e-425b-bed0-4e680d250730,CUST00000717,6dd49c96-6744-4b9e-aded-cba5a22c3d4f,PERSONAL,15956.45,1597.6187924386757,0.1786,2024-08-27,120,ACTIVE,2034-07-06
19edcdbc-ec39-412e-a3d8-89fae5a456d8,CUST00003968,08560684-8a6f-44b3-b08d-312e7a732f35,BUSINESS,13876.45,575.7545971171679,0.049,2024-07-05,60,ACTIVE,2029-06-09
59bdfac9-0d99-4ab9-9fc0-ccce4ba08508,CUST00007424,dd59ba71-36b8-4481-bb3a-4e3e7c52fa17,STUDENT,70932.98,18826.030516651746,0.0946,2021-08-28,48,ACTIVE,2025-08-07
e3157b34-62f5-43b1-a8cd-ea8a7710199d,CUST00006451,c55fa445-f09e-4302-b525-a4d983f023fd,BUSINESS,157229.71,28125.05223968362,0.0929,2023-08-24,360,ACTIVE,2053-03-19
13ffe66e-6ef2-4516-9f42-ca29a747520f,CUST00003216,21da5db1-5ef3-41c2-abd7-d3f1650ad9aa,PERSONAL,178711.08,116126.39310309713,0.0841,2022-04-22,60,ACTIVE,2027-03-27
d2333b12-5ad2-4e7a-8b40-601a99260664,CUST00007826,7462f144-c49b-4e62-a5ba-4f0347656069,AUTO,9478.18,8027.701336282455,0.1212,2022-03-17,48,ACTIVE,2026-02-24
0a5fcede-7a23-41bc-8d36-192983373b02,CUST00000391,9ff0f466-ccc0-4446-96dd-58af53415fe2,AUTO,16093.44,5030.144740776462,0.1993,2025-03-02,12,PAID_OFF,2026-02-25
d8e06ea2-de5e-48e5-bb3a-3e15ef1920da,CUST00009892,27c6cbb1-cedd-469d-b96c-9a0a3404c02a,AUTO,1763.12,1018.7156700699398,0.0661,2022-08-23,48,ACTIVE,2026-08-02
54da1012-5a3c-49e0-9158-6f467abdcb0f,CUST00003038,3527bcee-d343-4f88-91f3-79b18ebb8208,AUTO,6576.09,4802.553228902334,0.1469,2023-11-29,120,ACTIVE,2033-10-07
81b83de2-ec07-4a4c-8f72-8efc3187dc09,CUST00000233,3610901c-2196-43b5-bc21-109bba27bc64,STUDENT,93646.04,37316.79407664973,0.1564,2023-10-17,48,ACTIVE,2027-09-26
19eef9d6-fdfa-4cb1-82d4-93eb2a7b65de,CUST00003132,e1e669e5-c055-4921-a35b-8f49823483a8,STUDENT,248543.77,16484.81748951806,0.1252,2024-01-21,12,ACTIVE,2025-01-15
8fc45e9e-b60a-4a9c-be8c-ea8a255c4297,CUST00007635,1a354475-8399-4ac5-8f43-a2509f795228,MORTGAGE,3458.11,792.5466323284835,0.0375,2024-06-09,360,DELINQUENT,2054-01-03
826f081a-0651-4897-8f54-c086450511e1,CUST00000234,371831f3-d527-489b-9b28-65da4cb9be7b,MORTGAGE,9057.09,7998.006499781933,0.123,2026-06-12,24,ACTIVE,2028-06-01
5f0b5135-8566-48c8-a173-e27437fc511b,CUST00001392,0b398e89-f842-4163-9455-5290017c75c5,PERSONAL,21171.08,17455.137675303682,0.1916,2025-12-17,120,ACTIVE,2035-10-26
5583b4db-6746-4338-b2c7-a202062e0778,CUST00009448,f66c7331-a172-4ee3-83e1-847c8420e0d8,MORTGAGE,33531.54,2901.568951560327,0.0816,2022-09-06,12,ACTIVE,2023-09-01
58d0202b-75d5-4115-9ce8-b890cc6b3a6e,CUST00000890,ff233d5f-6ced-415d-9800-7c0287ea7ff5,PERSONAL,6539.36,1464.4813236387997,0.1351,2024-12-09,48,PAID_OFF,2028-11-18
5e331ed8-48f0-4cb2-9398-6e7f9f2c7e7f,CUST00007903,1c3892e8-f2cf-4d63-80ab-4b7f2e968660,PERSONAL,41609.82,32004.828939400562,0.1927,2024-05-29,120,DEFAULTED,2034-04-07
95eb44d9-8459-4302-8d1d-036e0d08da99,CUST00000746,edcabf94-65f6-4a53-9226-a8b3b674410d,PERSONAL,10820.97,5257.890191404061,0.1636,2021-09-20,36,PAID_OFF,2024-09-04
c22c9037-703a-4746-a22f-38841f9071b1,CUST00009912,cefc0e85-efbb-4216-8ff9-7696615a58bd,AUTO,21554.11,16380.41299754313,0.1439,2025-08-09,48,ACTIVE,2029-07-19
8393a544-c37d-435e-aef3-d69b7ccde71e,CUST00000428,235b275b-dcd2-4b97-b3ca-9a6bccd3af7c,BUSINESS,49982.41,10550.91046653079,0.1948,2025-05-10,12,DEFAULTED,2026-05-05
8c490e4c-c780-4892-aa93-f2c4094183bf,CUST00000732,107380cb-46d9-434d-9feb-21c760b2d14b,BUSINESS,22239.68,21187.701751742377,0.0507,2023-09-07,48,ACTIVE,2027-08-17
8185ca84-90fc-49ed-bfba-5b2cba89c0b8,CUST00000800,5d42b9e9-692e-47b6-8b2f-6d5c700b5d5f,STUDENT,11446.29,8969.3981051238,0.1591,2025-08-30,360,ACTIVE,2055-03-26
2740a29d-f7d7-4510-bfa7-2ae11139dd0f,CUST00006508,371831f3-d527-489b-9b28-65da4cb9be7b,PERSONAL,18687.04,3689.7994921166055,0.0932,2025-11-27,12,DEFAULTED,2026-11-22
5484d865-60bf-413c-9320-63afeed5a71b,CUST00007026,5115d7ee-3b90-408e-bce3-456320363a73,AUTO,19292.19,10773.708084866475,0.0849,2025-02-11,60,PAID_OFF,2030-01-16
bb404bc8-709a-42bc-b6da-79bba91e25a1,CUST00009028,6d9c5b50-a1fd-4187-9c3a-1e0bb5f3f8aa,MORTGAGE,12644.57,1430.0645530120987,0.1137,2024-09-05,24,ACTIVE,2026-08-26
24da0109-4461-4c94-a29c-c64fb8f89cba,CUST00007625,6772fe9f-999b-4859-8f5e-0f0bcd67b5df,MORTGAGE,14940.13,5399.8831245159145,0.0261,2023-10-13,24,PAID_OFF,2025-10-02
3242f61c-ea3d-49b2-8319-8f412467f4a3,CUST00008327,061efb95-68f8-4063-aeb1-9ad201a1fb0f,STUDENT,242309.41,159832.46461869605,0.0763,2024-11-24,120,ACTIVE,2034-10-03
46983234-6246-45b9-9deb-7a4b17db4613,CUST00005384,5fa18468-64e8-4ffc-9f3a-cc68ae3e6268,STUDENT,51091.79,16866.81450484234,0.0499,2024-04-20,12,ACTIVE,2025-04-15
0b4476b2-0ab9-494f-b861-7ce964f75c10,CUST00006208,e08596db-1d87-4966-8710-d430f071d879,PERSONAL,14140.23,9286.71477044869,0.045,2025-08-04,24,PAID_OFF,2027-07-25
22087d01-f41c-4c7d-8319-f3694d8b876a,CUST00002539,0bc57207-3e9a-4c86-8325-4fbddce8e1c5,PERSONAL,62657.06,15337.161604017241,0.0807,2026-06-19,36,ACTIVE,2029-06-03
3193fb1c-91bd-4f30-ab1a-ae6a31ca528c,CUST00003719,cb618d75-aa96-4dfb-a79b-265ab15f3994,MORTGAGE,13349.99,9628.103308048638,0.1644,2024-06-12,120,ACTIVE,2034-04-21
e21734c6-d36f-41c9-8caa-2cd36ae71db3,CUST00008233,949077c2-7674-456f-a26d-719d81cf3252,MORTGAGE,127987.38,46022.92744132805,0.0562,2025-01-21,36,ACTIVE,2028-01-06
9174b136-8c0b-4c3f-ad4a-125926d24d46,CUST00003368,86c2ad8f-bb36-47b0-baed-6f49245fd841,MORTGAGE,38348.22,30313.549682791392,0.1157,2021-11-22,24,ACTIVE,2023-11-12
35eaede0-ea83-456b-bd8c-93df41515f1e,CUST00005009,0273be68-e6c5-4969-8118-71cf79fdcd33,MORTGAGE,18751.83,2563.186043502938,0.1548,2025-07-01,12,ACTIVE,2026-06-26
29d4056e-10f4-45e5-bdb3-e9a900252855,CUST00005230,5b9e75f4-12e0-4b9c-8288-49d95ce195be,BUSINESS,43112.81,15605.886554614695,0.0634,2023-08-24,120,ACTIVE,2033-07-02
ba2c43ec-43f8-4fcf-8997-0b27dbdcfb3d,CUST00007389,af374e8c-c473-4700-837e-7f6080000fac,PERSONAL,2087.42,968.4218826583513,0.1864,2023-02-10,36,PAID_OFF,2026-01-25
381692f5-10eb-46b1-8979-a0e17b8fe7cf,CUST00002416,30cbd755-6232-417a-a507-41818d1fb540,PERSONAL,4063.7,1722.3810579129934,0.176,2022-07-22,360,ACTIVE,2052-02-15
2a6504e1-fb2f-4e8c-aa46-391177e2f124,CUST00007172,768b4f7e-6421-4e66-9fc6-4cd0721e8b1f,MORTGAGE,3674.28,1591.310476068995,0.0652,2024-03-01,24,ACTIVE,2026-02-19
1d3ea32c-7e54-4a1e-ac30-4971ecc11ecb,CUST00002950,5738db52-126c-4e50-9d4f-4af28becb8cc,AUTO,27293.79,12140.36877162041,0.1981,2026-06-27,48,DELINQUENT,2030-06-06
cfcae6b9-75a8-41d7-ab5e-ebe91478e20e,CUST00004262,35ce8841-4973-4d6c-8dca-bfb7001a9a8b,MORTGAGE,296194.76,292878.4228434391,0.1405,2025-12-08,36,ACTIVE,2028-11-22
ba5916c5-9de6-4f2c-97bd-9ee6e63f6d3a,CUST00005146,fc737d92-11ab-4d11-a4eb-8000ef40d162,STUDENT,625902.71,120897.55439222675,0.0715,2024-04-07,60,ACTIVE,2029-03-12
780b8dc0-d9c0-447b-9f43-04e4fabdc4aa,CUST00003467,03671560-fd06-475b-b462-931f966456be,AUTO,57358.52,44089.41969550439,0.1426,2024-08-30,120,ACTIVE,2034-07-09
93b91ea1-4211-4052-b4de-bda7f4a6af9d,CUST00003089,4497734d-77a0-4a7f-b027-8488be015802,STUDENT,46689.13,25762.538133630296,0.1399,2021-09-27,36,ACTIVE,2024-09-11
e6bd4bbc-e3a0-4a3c-8c44-d60f8efe59c3,CUST00001116,d06200e3-356a-4651-9727-bd831ac2c99a,AUTO,1477.95,611.3221205454588,0.1291,2023-10-21,120,PAID_OFF,2033-08-29
a1ab975e-54a2-415d-bdfb-0259d07b3c55,CUST00004579,1e42d2b8-0067-4b62-b18c-d979fab0a15d,STUDENT,9759.43,6182.879168261792,0.1481,2022-08-04,24,ACTIVE,2024-07-24
27d54ab0-86d6-4946-9397-abdfaa399b2c,CUST00002591,1519830c-4019-4303-9c45-7e4da79313b8,MORTGAGE,6756.93,5767.2522138243585,0.0683,2024-02-11,24,ACTIVE,2026-01-31
b770beaf-d5da-408b-ae94-c0b5aaf1c938,CUST00007373,42bb8f63-4145-4abc-8cc2-e0f013093c17,MORTGAGE,8679.58,4050.2250109999263,0.1962,2023-04-22,120,ACTIVE,2033-02-28
476a3991-aebe-47a2-8521-e25e96fbcb7e,CUST00003574,4d2d8efd-57c8-494c-9e77-76ae8bec9a50,AUTO,17116.26,14802.165079493561,0.1744,2021-11-12,24,ACTIVE,2023-11-02
e586ee20-c73e-49e9-9806-9315ce62665f,CUST00002979,042b03ca-75a7-4686-9632-1d31c8acffcf,STUDENT,10849.39,1017.6547173213661,0.1542,2024-01-05,12,PAID_OFF,2024-12-30
05b08ce0-d09f-4fc4-b9e8-2ba53ecbc10b,CUST00009423,e0827f76-11a5-49b4-a6a3-02d6f43e8c48,BUSINESS,1131.22,738.7819336030334,0.0247,2021-10-31,120,ACTIVE,2031-09-09
5401e034-45ae-45d2-bbbf-d6926f125321,CUST00007314,cf0e6d2b-315c-467a-85d8-a6ad77d0359e,AUTO,67633.95,22534.283608372196,0.1263,2024-06-12,12,ACTIVE,2025-06-07
7fb63b12-4cf2-4624-8243-0329f09fe936,CUST00007023,f7a67b94-7b5a-411a-b1b6-4afed31edf1a,AUTO,4406.72,1704.146166996791,0.1472,2023-05-23,120,PAID_OFF,2033-03-31
679b03d4-fdc6-4ebf-b96a-3419f906dfde,CUST00004976,f3d6b9f2-d4d7-40ca-b08d-16769d09a404,PERSONAL,31535.54,18007.416195432706,0.1737,2026-06-25,48,ACTIVE,2030-06-04
4ce33ed4-9779-4ead-b3bc-daee0d211dc4,CUST00004926,b4209103-bca7-46eb-83ef-0f77848ac924,AUTO,494411.78,237276.5184982037,0.1903,2025-05-09,48,PAID_OFF,2029-04-18
1b435fdc-41f4-4834-9cf5-d1fccd3a7e73,CUST00008048,6ddd5c02-d213-4565-aa94-a1d43f529dae,BUSINESS,5546.5,2117.5396556949077,0.1849,2024-09-04,36,ACTIVE,2027-08-20
393f8079-8e15-4734-a5e1-7dadd2f62f9d,CUST00008091,46a3cc71-ff2f-4883-963b-5481284e4cd4,MORTGAGE,495.01,152.62317703498522,0.0931,2022-05-19,24,ACTIVE,2024-05-08
e1789474-380d-4643-8891-e9bcd83060dc,CUST00008052,15661feb-05c5-4f8d-b21a-6c3f47263c24,STUDENT,14342.66,8868.286152704108,0.1814,2025-09-04,48,ACTIVE,2029-08-14
e7b986cb-76df-4b9a-bfad-4b74f4c800a4,CUST00005293,cb881c32-cbb0-4a8b-9908-a121d1a7ba20,PERSONAL,114856.57,58069.14467094499,0.0201,2022-08-04,24,PAID_OFF,2024-07-24
b2879bdd-193d-4b13-ad11-b850273beecb,CUST00006646,7d457a09-402d-45e8-9f47-d9021ba84a91,STUDENT,415617.72,134373.00160002595,0.0833,2022-11-10,36,PAID_OFF,2025-10-25
69a31ab6-5ced-4a62-817e-f8408ace3a10,CUST00005404,720b274b-82a7-4586-a61d-9cde1747f387,MORTGAGE,3483.09,713.8976752422363,0.0405,2024-02-06,12,PAID_OFF,2025-01-31
910aeb6f-6b56-4091-a65c-9da5be160640,CUST00003431,80599b93-79c2-42e4-9ae1-a991524f93ff,AUTO,46399.73,35935.11518630519,0.179,2023-08-06,48,ACTIVE,2027-07-16
3e141965-14c4-422c-8c90-cdc454ca6257,CUST00001996,2c913a7c-a340-4f08-b341-91b8ed6522b4,BUSINESS,10960.29,8765.107490153765,0.187,2024-03-02,60,ACTIVE,2029-02-04
f2d058ca-7b2e-429d-9f80-bd12299606d2,CUST00006031,069f14f1-4018-4c6e-9a8c-fa3c5283aac7,PERSONAL,18789.95,4017.068216551659,0.0661,2025-11-06,60,ACTIVE,2030-10-11
c6642ca9-10fa-42fc-a9b2-a838edac4484,CUST00003892,c9d6a63b-ca3c-4f5f-9bb5-c40c03cde2e3,BUSINESS,1163001.85,304298.2864541447,0.0861,2026-05-04,60,PAID_OFF,2031-04-08
0e913294-e3a9-4752-ad16-7ec3505f7c6e,CUST00007146,55c34853-0783-443c-a65f-ad87c57c7498,BUSINESS,2311.25,552.7193107565615,0.1971,2024-12-19,360,ACTIVE,2054-07-15
6ea28b15-d0a7-43b9-a7ea-ae636f850440,CUST00008499,47e321c2-a4ba-48bf-83b8-fa0513bc0dc6,BUSINESS,32228.6,28508.444502288123,0.1219,2023-07-15,60,ACTIVE,2028-06-18
fa75b5fc-7921-40b3-aa0a-8302276f8e0d,CUST00009555,2f098f4d-a43f-483a-a431-01e40d565923,BUSINESS,44424.21,34390.13061567167,0.1095,2022-04-18,60,ACTIVE,2027-03-23
5ed13afe-f006-496b-9572-fd4107d51b96,CUST00002103,5e3ece60-9ef6-499f-b3b4-daf34ad1d634,MORTGAGE,112271.97,8372.516365116133,0.1101,2024-07-05,60,ACTIVE,2029-06-09
7c8c9267-3c55-4d3a-8ed9-92e01e4415f4,CUST00003031,725d4259-3c4b-4eec-a231-ee7342c2d2eb,BUSINESS,25513.8,21244.4725106983,0.1453,2024-12-12,60,ACTIVE,2029-11-16
ed86a0c9-7dea-4676-bf6f-b946e10d1490,CUST00008525,7b4e9ecd-de07-47b1-b8ae-8d5dfe268e77,BUSINESS,34964.05,1288.488902447615,0.1918,2022-06-11,48,ACTIVE,2026-05-21
36ca9390-96a2-479d-a576-d828f5517659,CUST00008108,d11756d5-8c0d-4a8b-b448-a24723a86b61,MORTGAGE,12240.77,3099.3604054711327,0.086,2026-03-22,60,ACTIVE,2031-02-24
3c304193-d975-4f32-ae1b-670f67c2e684,CUST00000243,d32e6dcd-83bc-4478-9d6a-c7b86778043b,STUDENT,32981.12,30309.365117856552,0.0511,2025-06-22,120,ACTIVE,2035-05-01
cdf5a57f-9c4e-4e7f-be44-b4c74955f0b0,CUST00001885,fad34352-1d59-498c-974d-6b8741d6676a,MORTGAGE,13163.61,11377.720075097423,0.0533,2024-07-21,120,PAID_OFF,2034-05-30
99155bef-28c0-4e9b-960b-63a92a36856d,CUST00008016,41191aa7-1b61-4453-a8c2-094db8b818cf,AUTO,55958.06,43727.559461030876,0.0237,2024-09-13,60,ACTIVE,2029-08-18
da6b391d-6079-4657-97ec-147d53bfa311,CUST00009625,29310971-601e-4211-a34f-76b42b8c03bf,MORTGAGE,12652.18,5788.969901191466,0.12,2023-03-18,360,DEFAULTED,2052-10-11
151248e1-1504-4b41-99c4-d7d61537846c,CUST00006748,86c2ad8f-bb36-47b0-baed-6f49245fd841,STUDENT,38779.64,12464.323128479535,0.1872,2021-12-25,36,PAID_OFF,2024-12-09
26696e53-022c-4449-bcc8-39fbcbd363a5,CUST00008495,39b02e2a-d96e-484f-bdb0-174e7938878a,AUTO,21080.54,18583.4622901051,0.1484,2025-12-08,48,ACTIVE,2029-11-17
e5865a54-7e1e-45dd-adb4-f81c8a55b7c4,CUST00004331,63d69dd8-55a1-4414-8995-3dd10976e09f,AUTO,119261.68,78363.75988997788,0.1987,2024-04-11,120,ACTIVE,2034-02-18
cb28ac77-f855-4dab-af33-268417a1f56e,CUST00007864,0840405a-ffd2-4491-9ff3-89aa4c36a70c,PERSONAL,20392.23,6026.084539171265,0.1837,2022-04-25,36,ACTIVE,2025-04-09
26e21c56-a5e1-48aa-b287-b9a1cedf8af6,CUST00003110,73d39457-b25f-43df-b8d4-9848702ba49f,BUSINESS,1541.41,713.9747582547217,0.1085,2024-05-18,24,ACTIVE,2026-05-08
78a118df-0088-4a76-8d25-c8d0fde90c2d,CUST00002187,ab987d93-53bd-4128-a2f0-6403eac97d37,AUTO,146222.14,128894.84890956961,0.1076,2025-06-27,60,ACTIVE,2030-06-01
4a9ab305-222b-462a-885e-05182d756dd3,CUST00001551,c3a6b204-fc01-4a22-aed0-b0b27da56b6e,AUTO,5661.26,5114.696122052193,0.1331,2024-02-27,12,ACTIVE,2025-02-21
adc1e2f7-5de4-40f7-97f4-d848fbd3d538,CUST00009985,85319f0f-ba53-4122-b4b7-96204a73b0bf,STUDENT,8261.41,5446.764912158986,0.04,2023-06-23,360,ACTIVE,2053-01-16
b3322d31-d3a6-4f0c-ab07-8653af878674,CUST00000647,a542deb9-2cff-45f8-9bdc-74a98d3a5d76,AUTO,9013.76,6603.082715096771,0.1294,2024-10-26,360,ACTIVE,2054-05-22
1667b920-926e-4991-aa82-cac85b74c4d1,CUST00006145,a8b97820-e92c-4b92-a279-67a3753439c0,STUDENT,173105.61,6802.675392750305,0.1035,2025-05-09,360,ACTIVE,2054-12-03
4f4cea72-e493-4415-aa4b-f5dc0a599c13,CUST00004657,4c485cfc-9a02-40da-905c-1021157c6813,BUSINESS,894.7,540.9360741829922,0.1357,2024-02-05,60,DEFAULTED,2029-01-09
ff0e88ea-09f8-4e6f-9997-b85154842b4d,CUST00008905,c0476d80-532b-470a-a09f-839fb6ddbd11,PERSONAL,2437839.61,1679653.374170401,0.1217,2022-03-18,60,ACTIVE,2027-02-20
0a1d9238-fcf9-4bbb-9514-9d1a95368ae6,CUST00000538,e3a1af97-7785-4ddb-9552-7a3c164a9b18,PERSONAL,107375.27,2188.001669569584,0.0759,2025-08-01,36,ACTIVE,2028-07-16
ec2c4f79-d249-48d2-800d-f7649d46ea9a,CUST00006573,8be15610-b234-4948-a4f2-ae4cf016716b,BUSINESS,30787.33,25980.165135675266,0.1294,2024-10-14,360,ACTIVE,2054-05-10
e5a5788e-2b80-41ed-8a1f-783a31372ca1,CUST00000235,8ad8c568-1b39-4777-8aaa-4685f5266edf,BUSINESS,20285.45,18830.679189590526,0.0859,2023-12-26,360,ACTIVE,2053-07-21
7d883d25-fe54-4772-92fe-2d04640fac70,CUST00009697,f0ede303-aa53-419c-9fa4-bb9f5a856750,MORTGAGE,33803.89,8043.177664554944,0.055,2026-02-13,360,ACTIVE,2055-09-09
4a9b0dc7-97e7-4b55-846f-c2131b87a428,CUST00006540,882ae449-b5b7-4c24-b85c-a87b1f69e2b1,AUTO,48131.09,40709.080158271536,0.1415,2023-06-25,24,ACTIVE,2025-06-14
1259d654-86ad-4b8e-963b-ca599d8d2752,CUST00001375,95831d58-ef4c-4119-8da5-d39b42c21797,AUTO,57978.26,38585.261553583434,0.0751,2025-05-06,36,ACTIVE,2028-04-20
237c56bb-48d1-40c6-9cdc-546cd4f0fd63,CUST00001910,b4746349-49fc-4cd8-856b-ad4c4c3077c4,AUTO,50686.09,29433.200582482335,0.18,2026-05-16,48,ACTIVE,2030-04-25
da36967d-9b2d-4eee-b65b-b06910a012b2,CUST00009108,d9ee9678-8112-40ff-aba4-646336c9b657,STUDENT,25194.25,21241.92656261783,0.0559,2021-09-21,360,ACTIVE,2051-04-17
c6acdcaf-a4ba-4ef5-a84a-f9d8428e31ed,CUST00007219,2b24ef63-f6f3-4192-b2da-dc219b7cd539,MORTGAGE,16382.88,4679.123133849383,0.128,2022-02-18,24,ACTIVE,2024-02-08
7f151663-189b-4535-83cf-ed3bb32f7256,CUST00000081,eb91d7bc-42e1-4eb9-a49d-da44191f9e05,AUTO,17554.93,13883.424839360285,0.1229,2023-10-25,120,PAID_OFF,2033-09-02
48a05e4f-b064-472a-b94a-6d319b428238,CUST00002084,b99e6f7b-23c0-4eb1-949b-862d1f7b6b19,STUDENT,16442.71,5171.573771745642,0.0556,2022-03-15,24,ACTIVE,2024-03-04
56b243cd-da26-4c89-a4b5-6f4e08335cee,CUST00001691,05c14422-4ffe-4dfd-bedc-acb7a8b331a0,STUDENT,120650.73,95007.20674513542,0.0992,2023-12-12,24,ACTIVE,2025-12-01
79004406-b1e5-4a88-a9ad-b01daa3e009c,CUST00000757,edcabf94-65f6-4a53-9226-a8b3b674410d,PERSONAL,53655.28,24201.428973984337,0.1416,2022-04-11,36,ACTIVE,2025-03-26
f3a2e957-5bd7-4a7c-b3d7-9809cf6de802,CUST00002671,aa000756-52e0-434e-a505-a2b69dd3c15a,STUDENT,267.58,31.29226926211846,0.0773,2024-04-25,60,ACTIVE,2029-03-30
a74b151c-4b2c-4c4e-8e70-263a8245b08f,CUST00003752,a19c7caf-9b45-4430-9fd3-92e2c36b0890,BUSINESS,58915.01,22477.246385126033,0.0405,2023-06-25,60,ACTIVE,2028-05-29
6b000e3b-66ae-492a-908c-1e18b4a5f712,CUST00008660,402913ec-9ef2-493e-b0ac-7d7ba2f963a3,STUDENT,29498.78,6887.766848338106,0.1307,2024-07-29,60,ACTIVE,2029-07-03
cb5475bf-3c31-485d-ae35-0ed7ce955086,CUST00005262,9364ecb5-db29-420a-8886-b7c6a4c755b0,BUSINESS,21416.93,2153.0771859798997,0.0603,2022-09-11,60,DELINQUENT,2027-08-16
aa8fb624-4f2f-4eb3-98dd-0b26fc0ea898,CUST00006853,5fd2bec3-6536-4c77-b87f-b57839e1609d,BUSINESS,12298.37,1356.3511736895487,0.1427,2022-12-01,60,ACTIVE,2027-11-05
7616e3a2-3d9d-49d4-b5e6-6d4c539cb0bb,CUST00001495,59bb8900-6198-4718-84c7-aab4ca20508d,PERSONAL,118915.58,92762.64279452022,0.1711,2025-01-27,48,ACTIVE,2029-01-06
096b9227-27bc-4004-b407-2f12261292e0,CUST00005741,cec56969-5d4f-4107-911d-dc7990c80420,PERSONAL,91243.74,80422.03649211838,0.0422,2024-11-08,12,ACTIVE,2025-11-03
e0094827-9672-463f-8f0a-1d5b14570a44,CUST00009212,f8c01007-1fbc-4004-b098-aa1f23f459be,STUDENT,6909.71,6406.193347833966,0.0988,2025-10-16,120,ACTIVE,2035-08-25
ff8bb891-1b90-4e3f-a5ce-5ac51e22c6b2,CUST00008056,2cd58759-e95d-4761-bc36-dc59e134edfc,PERSONAL,40561.65,34637.46576090759,0.1001,2024-11-06,24,ACTIVE,2026-10-27
b9076ff3-263a-484e-a048-ba6e72ec6f04,CUST00000902,f33c4c36-9a69-4cad-aaab-583079cfc04f,PERSONAL,5128.23,4257.58012242212,0.1339,2024-07-30,12,ACTIVE,2025-07-25
552dad08-c536-40a2-8850-4c6b12cd1aeb,CUST00000673,b8875caf-1991-403f-906e-ccbc3a8359b6,AUTO,2781.02,191.43387978471156,0.0802,2023-10-24,48,DELINQUENT,2027-10-03
3d3fc0e0-944b-4f07-91e8-44c9b00ecc67,CUST00008631,d8842354-7613-4f44-ba88-f16259f8068e,STUDENT,8603.5,6797.828347188235,0.0953,2021-10-09,360,ACTIVE,2051-05-05
68edeed7-6f72-4a94-bb49-ecf3b7f8d284,CUST00000445,a72bdddd-511e-4eb8-9040-5c433a6c7da6,STUDENT,80305.24,62901.70197154962,0.0222,2025-02-10,360,ACTIVE,2054-09-06
ab13b31a-a4f1-4126-ae0c-2cb51f63ed1f,CUST00009158,3cfe18e9-5f20-4c06-9ace-863187638104,STUDENT,92013.22,12080.451916634476,0.042,2021-10-05,60,PAID_OFF,2026-09-09
bab8ad70-8d57-4064-abf0-a4f1f14cd6f2,CUST00008656,7d76ab58-b271-415b-8af0-9ec34b726a7c,PERSONAL,47554.33,31481.405478466047,0.1226,2023-12-30,360,PAID_OFF,2053-07-25
b588489e-effb-4197-8d73-a782967197ec,CUST00002199,846a4a71-c84a-49b8-a08f-ae0214013b99,PERSONAL,65358.56,29575.22790041414,0.0589,2023-11-04,48,ACTIVE,2027-10-14
a7fb859f-7925-4d0f-a545-5ccc35b39c0e,CUST00002288,d61a080a-3fec-4a37-95be-a8dc33e88249,BUSINESS,47775.46,42998.560090098974,0.046,2024-08-12,120,DELINQUENT,2034-06-21
640b1814-2812-49bc-9d3c-d2be08a97c0f,CUST00004009,aaf407f7-0fe7-4149-bc7e-5368b1594847,MORTGAGE,8415.05,5851.89613997766,0.0784,2025-11-08,120,DEFAULTED,2035-09-17
0c858251-10e9-40ff-9857-8862310565b6,CUST00009105,5256f928-bea8-4e9f-a911-fd6d0d586ee2,MORTGAGE,42103.4,40039.80863897969,0.0494,2025-06-16,48,DELINQUENT,2029-05-26
cdba8621-da62-4307-9753-ba9908087cc4,CUST00000497,073bca43-ad2a-4a7c-b4e1-0c33a1861de1,MORTGAGE,73175.38,7677.754438577256,0.0307,2025-11-13,360,PAID_OFF,2055-06-09
d0013b99-2fc2-4f20-a3ba-24b1408eff3d,CUST00001464,311f5d4a-c258-4de2-8f26-54892ec75a83,AUTO,68284.43,2772.8473212124304,0.0711,2026-07-11,12,PAID_OFF,2027-07-06
f76ffc87-a888-4750-b6a8-31c77f63d2b6,CUST00006829,b9ef9fa8-3ec8-4e58-9728-2d3089111a42,PERSONAL,131054.7,127592.15065750103,0.0496,2022-06-30,24,ACTIVE,2024-06-19
dcd1ad00-b58a-4ffc-88a2-2fe065c1e162,CUST00004254,77ed78d9-a82e-4889-b717-4acfd7abed02,BUSINESS,63732.87,5110.876600387103,0.1639,2023-04-25,36,PAID_OFF,2026-04-09
d0d70956-2205-4294-b319-c9c052d61c9a,CUST00000494,aaf78c67-51d0-4109-bc90-2838d8741408,BUSINESS,37315.81,14411.209875880151,0.0313,2023-10-10,36,ACTIVE,2026-09-24
b517272d-f779-4643-beca-c08c53b04133,CUST00005066,d72b6108-2a40-4f12-b963-f37f67814c1f,MORTGAGE,109669.37,71281.86866072632,0.1545,2025-07-18,120,ACTIVE,2035-05-27
f543c14d-5095-4881-a88d-37de6c1f0650,CUST00005431,668409e3-f1f8-443e-a99f-131849c8a43f,AUTO,21167.41,18628.52042769862,0.0889,2023-10-03,24,ACTIVE,2025-09-22
de3e0557-910a-460d-8063-3a98ea5dc3de,CUST00001427,2ea9ef6c-4905-4b93-890a-83b4b639529e,AUTO,5867.52,1493.7375061665755,0.1416,2025-03-29,60,DELINQUENT,2030-03-03
de823285-01e7-40a0-af18-2049b329b6a4,CUST00009885,ab987d93-53bd-4128-a2f0-6403eac97d37,MORTGAGE,17247.1,501.16988620218586,0.0295,2025-05-16,48,ACTIVE,2029-04-25
402758b2-f44c-4255-aa07-a49fc8803bae,CUST00001794,28874d02-fb54-45ba-8255-b13b46e32efc,MORTGAGE,7205.83,3756.303993582774,0.1857,2025-09-28,360,PAID_OFF,2055-04-24
e0222432-7ca5-4928-97dd-06916a71efda,CUST00002724,9f708368-cb3c-48ca-a392-57316b79afcc,PERSONAL,8000.29,3769.0327846638093,0.1581,2024-10-31,60,ACTIVE,2029-10-05
0ac22e6d-25ee-42db-95a5-7ad7fd05bd92,CUST00000659,3878becf-60dc-42eb-9413-c85063c4e76d,AUTO,17733.7,5442.351624986481,0.0452,2025-12-10,120,ACTIVE,2035-10-19
8345d6d3-3d72-4c0e-a3ed-6309e25c2f4a,CUST00004762,c5144d98-b41c-404f-a346-f415e5267a2b,BUSINESS,6710.11,5863.960884865149,0.0594,2022-01-15,48,ACTIVE,2025-12-25
4721fbe9-f502-4e2a-becf-c2269a9a9f1b,CUST00007631,a45ca94a-3452-48c4-a031-046126d3e222,MORTGAGE,13877.97,10399.070617566982,0.1359,2023-03-10,36,ACTIVE,2026-02-22
2e361846-b885-4367-b3c7-024de84543c7,CUST00008742,39b86bb2-b596-4a7c-af4a-fa885299e505,PERSONAL,1286.37,1103.8551718560147,0.1859,2024-09-13,120,DELINQUENT,2034-07-23
025c9425-c557-43d3-89d7-cc9c6af98a8b,CUST00008835,df7d0dd7-236e-4608-9acb-394acd1f5318,BUSINESS,30331.45,4907.900363934694,0.1002,2024-12-12,120,ACTIVE,2034-10-21
57cc6c2a-b61c-47e8-9c58-a3bea1ac78c9,CUST00004351,e1509425-891f-4683-9e12-dbf1493d6196,AUTO,22066.33,15278.990781924016,0.1074,2025-05-19,24,ACTIVE,2027-05-09
56516ab6-5f7e-4e7d-9d68-9315ccda78e2,CUST00000208,f395c213-79ee-42c0-aa7a-907d41f3f1b9,MORTGAGE,6466.35,6305.349106825729,0.0628,2023-09-28,12,ACTIVE,2024-09-22
c5857b6b-7b98-4c6e-9ac6-e2bf00b36478,CUST00004191,dd750e98-90e0-495f-8212-b554464458b4,MORTGAGE,59211.35,36232.24761774661,0.0889,2026-01-25,120,DEFAULTED,2035-12-04
33a37a74-8046-4354-b822-58a7d306e664,CUST00001884,03200c4e-40cb-4188-83f0-fac39f601d17,PERSONAL,89891.19,15404.146720005952,0.0715,2023-05-01,12,PAID_OFF,2024-04-25
ae2bcab8-551f-44f7-a5d6-9a97360824da,CUST00002887,10168d65-4f90-491a-9448-10de2a1b76e3,PERSONAL,1975.66,1967.3234941349147,0.0831,2024-10-05,24,ACTIVE,2026-09-25
be7a38c6-bc8e-4e55-9b97-151da89e4fa6,CUST00000478,727dda84-8e02-4ef0-815c-e9f42e106355,AUTO,7015.75,3706.586167318192,0.0237,2024-03-01,120,ACTIVE,2034-01-08
640445a1-87e7-499b-8600-8f33814671a1,CUST00008954,73bb84e5-33f7-4722-a517-28b23832dfc1,MORTGAGE,6948.54,5837.183690853235,0.0274,2024-08-18,360,ACTIVE,2054-03-14
972a355c-fe5e-4b1c-875b-2fe1e3bbeeb7,CUST00008382,74962764-12a4-4ef0-84bb-b7a9d98868dd,PERSONAL,5378.4,803.3256088598318,0.1425,2024-12-02,120,ACTIVE,2034-10-11
32586047-9cba-4eda-ad34-3b0f9cca6d2a,CUST00006855,d24289ea-3959-4465-85c5-581054b728fa,MORTGAGE,76436.24,50913.89036363675,0.1427,2025-03-28,36,ACTIVE,2028-03-12
bb3494d1-f327-43ef-850b-d5b96f581316,CUST00000756,7202fae5-767d-4b27-bade-4367e0bd202c,AUTO,16469.42,15030.284171152678,0.0794,2024-02-15,48,DELINQUENT,2028-01-25
f6d20b48-7477-4444-8a17-c5acccdf1d3e,CUST00009639,95a15905-591c-44b6-94aa-600af487a21f,MORTGAGE,14812.52,7880.524585951984,0.1794,2025-02-04,360,PAID_OFF,2054-08-31
4a4a1b64-8c10-43d4-974a-25a0b81768f8,CUST00004932,0ec5bad7-b24a-46e3-9e41-1475b040d75a,BUSINESS,1090.3,314.72606405561226,0.0679,2022-12-10,12,ACTIVE,2023-12-05
74d90398-c17a-408e-bf2d-a31889ee49ed,CUST00009856,09b2eae6-54eb-4c91-b784-ae08758fc8fa,MORTGAGE,57132.42,7279.917392040574,0.0912,2021-10-06,36,DELINQUENT,2024-09-20
0496122f-5525-40d1-88d4-0d840b653f5f,CUST00005725,bd29ede9-cab4-423b-b448-83858de7ad6c,STUDENT,3432.73,1015.8981307035735,0.1516,2023-05-19,360,ACTIVE,2052-12-12
f70fdc0c-a085-4f47-96dd-b15968473103,CUST00004151,c4f4b844-46c1-42a5-bec8-8839ec35c3de,STUDENT,24098.36,8552.127280444476,0.1538,2024-02-02,120,ACTIVE,2033-12-11
d45d91e1-7979-4bb2-9013-8f7ecab5e9f3,CUST00004061,8ac8ad93-7e02-421d-b86b-543ae1b243cc,AUTO,33391.79,23706.67178326237,0.175,2022-08-03,24,ACTIVE,2024-07-23
76aac248-edd6-4dd7-aad0-9369e0d3f7c1,CUST00004766,74017bb3-c227-4738-a3dc-419dce1e8d1f,AUTO,169564.37,30287.826351488024,0.0252,2026-05-27,60,ACTIVE,2031-05-01
9267e278-9bd7-49be-a265-eddaea02cc7d,CUST00003613,64880945-ad1d-4537-97f3-4368c2efeecb,AUTO,3092.61,328.1409378340268,0.0531,2023-02-05,36,ACTIVE,2026-01-20
d5b5984b-50af-4b53-ac4f-98383b1f3a0d,CUST00006554,3e0c5ec5-df74-4fb5-95e6-162f8efadaa1,BUSINESS,237.63,91.94844313585108,0.1353,2023-01-31,36,ACTIVE,2026-01-15
43c36988-7303-4257-b90f-f1c09744ceb0,CUST00007379,f216880d-61c9-415e-b028-5484beeac4d3,BUSINESS,29020.98,13310.57742873726,0.0809,2023-12-17,60,PAID_OFF,2028-11-20
da2777af-a6ed-4e6b-a43a-35624cdf5063,CUST00001690,dd3ee854-5340-44b0-aa4f-4a80dc412176,MORTGAGE,327999.31,206109.8635416556,0.0278,2021-10-18,120,DEFAULTED,2031-08-27
ab1e5fcf-3abe-4cc1-9115-a0ca09e8ede2,CUST00001317,6772fe9f-999b-4859-8f5e-0f0bcd67b5df,PERSONAL,141268.77,99952.07667128307,0.1256,2026-02-21,36,ACTIVE,2029-02-05
65126fe3-410f-41df-945e-49c7e78579d2,CUST00007131,9e47a339-c0ae-4b1a-b347-673637ec07a6,STUDENT,30166.55,26826.440467414224,0.0908,2022-01-20,12,ACTIVE,2023-01-15
3aae37b5-87de-42ea-8118-d2a543ef0542,CUST00003187,a52964ff-c74c-4890-bc6a-3174113634a5,STUDENT,10535.92,3044.391650118146,0.0855,2022-04-21,120,ACTIVE,2032-02-28
d24e4a96-f3b6-45ae-b8c7-f2360a6119f6,CUST00005790,c5f833cf-f4ce-4477-b8bc-a9ac2ada62ce,STUDENT,73915.95,39072.549391705485,0.0676,2022-09-04,12,ACTIVE,2023-08-30
00937ba0-65a0-4e43-bd2d-ca8673020b26,CUST00001146,1d9af659-82ec-4f2d-bbf6-e16f9b3080d5,MORTGAGE,5113.71,1871.8260227859028,0.0211,2024-10-13,12,PAID_OFF,2025-10-08
137ba9ec-f569-4392-8c3a-3ed86e152f71,CUST00004395,8dda4ff2-b27b-4bb4-a8c6-90b230a2cee8,MORTGAGE,45005.35,63.98284733991959,0.0528,2023-02-26,36,ACTIVE,2026-02-10
8906a4e2-460c-4c89-8da4-0209cd698214,CUST00007943,ae62990c-19bd-4f93-b8ef-7666b7a4c719,AUTO,47014.21,27241.529394037443,0.1054,2021-10-14,120,ACTIVE,2031-08-23
f09e64ef-8bea-4f03-a645-3b43d07e22a1,CUST00007549,a5b09024-a12a-4119-86fb-bcdb7ecd7062,PERSONAL,108046.27,88143.72305690429,0.0696,2023-07-18,36,ACTIVE,2026-07-02
de590698-8072-4ee2-842f-14df6ab075bd,CUST00000561,e5e79add-68c8-4ed8-ab03-5cda69d53317,AUTO,1382618.96,50381.92437920919,0.1774,2026-06-30,36,DELINQUENT,2029-06-14
c44ba50d-cb6c-4a6e-bb95-8291f3dd69d1,CUST00001913,9bd972ca-0086-4f9e-ac19-1606a57d4eb4,MORTGAGE,39680.85,138.55594936067166,0.0457,2022-02-09,120,ACTIVE,2031-12-19
c4d6afc4-4e63-44bc-89b9-f6c0a3d853ec,CUST00001865,a38bbaa4-4fe8-48d8-822c-a6a893daf60d,BUSINESS,10265.61,7471.499912060698,0.1776,2024-09-05,120,DEFAULTED,2034-07-15
7f2382b5-0d1b-493b-a9ce-f59399a9a788,CUST00000297,edb68b81-cec6-4cfe-a3fd-17f02ae63af6,AUTO,21197.5,14496.11652087474,0.0929,2023-07-06,120,ACTIVE,2033-05-14
88ba1f6f-36a2-4607-9486-6e3cfd267a93,CUST00002410,d92d9519-9e24-4724-a47a-7b03768ae6fb,MORTGAGE,1550.58,629.3061574903767,0.0697,2026-03-20,360,ACTIVE,2055-10-14
c798c498-499d-4830-8d67-6a99a94a3567,CUST00007631,def3306a-f998-43f2-b799-fddb79e546e7,MORTGAGE,7769.26,5140.180342582069,0.0748,2024-03-18,120,ACTIVE,2034-01-25
ecf60826-3c1e-4ac4-9af0-9b921da9c3c5,CUST00001462,94ad345a-e323-4264-a390-0c1dd1291d13,BUSINESS,11921.23,11365.534649438743,0.0794,2021-11-30,24,PAID_OFF,2023-11-20
b9c8ddd8-8f8d-4ef2-a397-3de4fd414341,CUST00004293,9ca4364d-5d9a-49f1-908e-3a956c6e8796,BUSINESS,10035.33,2487.384958155335,0.1112,2021-09-23,120,ACTIVE,2031-08-02
a7f655fb-8b89-43fd-ad5f-62b0541e4d9c,CUST00002269,0dd4c0e6-0b09-4fcc-ac34-4cf0ab8e77a1,BUSINESS,27681.85,6807.703100834124,0.0837,2024-09-26,60,ACTIVE,2029-08-31
6df3be7a-af61-4ae1-83a3-5aed33440c51,CUST00000995,9399ad15-a37c-41c5-842b-266b1b02fa24,PERSONAL,6414.84,1194.6497964096698,0.1365,2025-12-07,120,ACTIVE,2035-10-16
3edf665f-a597-4064-942a-965f1465b466,CUST00006555,567e642e-052d-4b9a-9f58-4603e5a3d8e9,MORTGAGE,118367.09,85696.2047929504,0.0965,2023-10-17,36,ACTIVE,2026-10-01
197634e5-054b-4fbb-bad8-66baf252f8f9,CUST00000008,6a241f46-3af7-4a21-a93e-7b5b1e4ae3a7,BUSINESS,22033.31,7781.927973292969,0.1409,2023-10-10,60,PAID_OFF,2028-09-13
bb23e712-bfd9-4996-ae5b-6379213fa67b,CUST00002516,cc2b2f49-c6d5-4a90-9296-ae08a2dcb574,PERSONAL,21721.32,21475.71994513734,0.1288,2021-10-22,360,PAID_OFF,2051-05-18
4ad5433b-a84f-4cf1-ab45-11214218f371,CUST00001418,994316bb-d4d3-43a5-9e1f-1619467ba9e5,STUDENT,13469.16,9625.720424488924,0.064,2025-12-15,48,PAID_OFF,2029-11-24
296fc0d7-6a63-4a6b-81d0-d034abfbcc17,CUST00002317,a566e884-d473-4687-b6ad-1c332469d0c2,STUDENT,27799.85,10213.022342264292,0.1663,2022-09-14,12,ACTIVE,2023-09-09
baaa58f6-343f-45d0-ad2b-c99de7eca309,CUST00007359,5f90bed6-fb25-464d-a30a-a767a2bb522b,STUDENT,75936.09,11328.604109386324,0.1638,2026-05-30,24,ACTIVE,2028-05-19
c3dd1d6a-18fc-4899-9c86-a6f929f5d43d,CUST00003933,a4d78f64-1fb0-46cc-a529-2f568fa09a4c,MORTGAGE,5998.74,3551.402947897508,0.198,2025-07-25,60,DELINQUENT,2030-06-29
ff75659e-4f3a-4530-89ed-6369ee869beb,CUST00006205,d0a44432-9cd6-4852-b14c-7df4e4347d51,PERSONAL,8207.68,2420.47153237447,0.0515,2024-09-05,360,PAID_OFF,2054-04-01
a396fc57-8c76-460f-b109-e9718ad57402,CUST00001288,0d259caa-b8ad-4d87-ba40-45dd93dfd907,PERSONAL,13966.42,12646.720143198083,0.1726,2023-04-30,12,ACTIVE,2024-04-24
27d3584c-fb99-4c3e-9383-883b118f1972,CUST00001119,d73cad84-5fd9-4dfe-8a5e-df3827439b53,STUDENT,2925.42,1291.2932594866368,0.177,2024-02-08,24,ACTIVE,2026-01-28
efe5f873-da60-414c-9f16-bfe5df8b6c1c,CUST00008745,6d39da75-aee7-4ab2-a1fa-8e7a078c26ce,AUTO,6445.34,1886.228522438925,0.1356,2022-11-10,120,PAID_OFF,2032-09-18
10e436c9-3d53-4dee-b41e-2e7c00da1e3f,CUST00007638,75dacbbe-09a9-461a-9823-3383279b637c,STUDENT,10782.38,6345.989314390616,0.1111,2026-06-04,360,ACTIVE,2055-12-29
c229a415-cb5f-4951-8534-f723c75694ac,CUST00000661,822c4d32-6c64-4c15-aba3-01cba561e1e9,MORTGAGE,81763.3,11199.487215247453,0.1923,2024-05-31,12,ACTIVE,2025-05-26
2dd10250-f713-47f8-8522-11a8f1c1d53b,CUST00008908,3f8c1097-c4da-4c2e-9bff-a27915c1604f,STUDENT,32657.9,18339.01346468912,0.1951,2023-01-04,360,ACTIVE,2052-07-30
56685b02-7387-4896-83d0-81781d05ddbf,CUST00006923,98cd2655-5297-41ad-adba-948427591ad4,STUDENT,29448.11,1652.3769917119462,0.1355,2026-02-12,36,DEFAULTED,2029-01-27
d5cf18c2-c418-4fea-801e-59011f16a10e,CUST00008105,f1faf665-7115-43f3-92e8-9d1028711733,PERSONAL,78932.39,47903.17411425647,0.0847,2026-06-29,36,ACTIVE,2029-06-13
82c273a9-771d-4808-88db-039cc78fc57d,CUST00006338,00e78824-33ee-46e7-b5de-feba21aea39b,STUDENT,17924.83,9503.096774079651,0.1671,2025-08-22,120,ACTIVE,2035-07-01
9d47172c-ab01-4101-bb32-aadb1f41c851,CUST00002530,58c6d166-fe65-4782-97c2-6cfdf9d59f7f,BUSINESS,39564.89,20604.048799070377,0.0361,2023-08-29,12,PAID_OFF,2024-08-23
5b33cb3f-1551-4ef5-8916-54e6473eb4b1,CUST00003971,cfb0d68d-b189-45a6-86ce-c51b93efb5c4,BUSINESS,18866.96,12908.102124043664,0.0723,2025-10-28,120,ACTIVE,2035-09-06
2d28746a-5a6d-4285-978f-48ebc9fbe7f1,CUST00003408,6af31899-014c-43a1-a5f3-d46692de0df8,AUTO,32795.4,1457.9724527688952,0.1974,2026-04-24,120,DELINQUENT,2036-03-02
8b991282-3075-49af-8e7d-765b634c25ea,CUST00009651,1758d47e-a7cd-4143-ade2-14293bf0d9c1,MORTGAGE,9189.92,4224.895381435251,0.1666,2025-08-12,24,ACTIVE,2027-08-02
04aa8f68-b9ae-4292-8012-1516f1e7a280,CUST00009047,3334cd07-e6b3-4561-966d-273534952c00,MORTGAGE,567.8,252.12515287432464,0.1891,2021-11-15,12,PAID_OFF,2022-11-10
cdeb8ab9-9ece-4b21-a9f4-07eee9320c6a,CUST00007417,a8aa454e-cf76-470a-bff2-e80a027a76dc,PERSONAL,18008.18,8279.844973539259,0.1271,2022-08-19,48,ACTIVE,2026-07-29
161fe564-c438-4a7e-8b16-5a76f82c0c20,CUST00004761,ba991da0-85e8-4165-a189-6b253a5bece9,MORTGAGE,186115.4,182372.8000362148,0.0934,2022-03-20,120,ACTIVE,2032-01-27
2553ff33-298b-4a25-903d-24cffdfbc585,CUST00001898,15b2c2b4-8cf0-497b-8128-d40b5fc57ff4,AUTO,88373.12,12308.473220594497,0.1963,2023-02-20,24,ACTIVE,2025-02-09
d0b21f98-85a7-497f-a90c-07eb5793f195,CUST00006365,03c72ba8-d605-4770-8a63-f881ffd0f9d5,BUSINESS,93722.75,64708.97551345693,0.0757,2022-08-20,24,ACTIVE,2024-08-09
7a8b737a-31b5-476f-88e9-41fdb0850679,CUST00008465,d61a080a-3fec-4a37-95be-a8dc33e88249,PERSONAL,140673.39,56550.15941194725,0.1563,2024-01-13,12,ACTIVE,2025-01-07
a1ae96a0-c1df-4a89-acba-0cb1fdb99dc1,CUST00004088,7b874b4a-cafb-44fe-931f-04afb93c92d5,BUSINESS,25159.39,12874.727198824923,0.1205,2024-11-07,60,ACTIVE,2029-10-12
da7f624b-5716-4640-87a0-424659f43595,CUST00009465,0182144d-5b12-4b1b-8eb8-1b177cff07e3,AUTO,29613.14,22576.877469266357,0.0611,2025-11-19,360,ACTIVE,2055-06-15
6eb1de50-c1ba-4834-8aec-1d2d63a7bc90,CUST00004375,1b332e43-a4b1-4f6a-9d2c-e51b37e82d71,PERSONAL,8721.29,1372.5168735616744,0.0231,2023-04-26,120,ACTIVE,2033-03-04
c69ee73d-832d-40cc-8ea9-93a01a8385f9,CUST00007608,b599277f-f78e-49e8-b676-291d4e329b4b,STUDENT,13710.14,10468.860167176077,0.0891,2026-04-08,120,ACTIVE,2036-02-15
2ae2c9d1-365d-495b-a707-9421cfd2be23,CUST00004020,c4605896-ef87-4f0d-8802-2f8e38de6b6e,MORTGAGE,55473.28,3901.4792004730693,0.1186,2023-05-16,12,ACTIVE,2024-05-10
7bc19e2f-a332-4e99-9efe-c6c530ad41bb,CUST00000816,802a63cc-4d5e-42e8-b11c-377f40bc2b56,AUTO,134031.03,64778.47159625046,0.053,2025-01-27,60,ACTIVE,2030-01-01
b285d65b-bf6b-4493-961b-53afc601b22f,CUST00007256,dce70289-411a-415b-a88b-4cfb708175fd,PERSONAL,17869.14,13260.168046153882,0.0946,2022-05-05,24,ACTIVE,2024-04-24
bea17713-fe36-44bf-b9e4-21bc1120653d,CUST00000923,9794b389-37c2-4f27-9267-e7e628f5f5c2,BUSINESS,11211.73,2158.834928543944,0.1307,2026-02-03,360,ACTIVE,2055-08-30
ef0d44d7-a832-4652-95a2-86133a0c5dc9,CUST00004868,6fa1c232-7eec-4c53-8f1b-6490bec51040,PERSONAL,22043.92,16994.00282795319,0.1487,2024-11-20,36,ACTIVE,2027-11-05
8eb58d5c-7e8f-4f03-87e0-3fade9b2af2e,CUST00001265,9f8c2c51-9f39-46a5-8d81-31f52719bfdb,STUDENT,54274.52,9053.668743391388,0.0295,2024-11-08,120,ACTIVE,2034-09-17
527c9dea-6324-4e63-b535-ddc2c555b4b5,CUST00003725,584cb0f7-48de-48be-831e-ef965f71dcc4,AUTO,2525.56,2018.525434970116,0.1396,2022-09-16,36,PAID_OFF,2025-08-31
e6647803-32f9-430d-9e6e-5122a47cacbf,CUST00002723,88f7f097-57f2-445f-a751-5d4b0d829d52,PERSONAL,703.26,329.78363102707664,0.0302,2024-02-02,360,ACTIVE,2053-08-28
30260bb1-73f1-4f26-8950-2a6c0abe31af,CUST00005356,901bcdef-b56f-48ce-bd66-971e88476c56,AUTO,9645.0,6603.336710819664,0.0251,2026-05-09,120,ACTIVE,2036-03-17
04621030-5afc-46a6-9229-13f100f3e866,CUST00002551,f0533851-dce0-42bb-87ed-ea0271e4dc42,AUTO,3529.57,3238.0503132661365,0.0474,2025-05-31,360,ACTIVE,2054-12-25
5f5e9c52-ef15-427d-aa21-ee30fcd77150,CUST00005320,08b9b2e9-4d81-4859-949e-24ad02d22ee7,BUSINESS,10278.3,4197.8789461590395,0.1377,2022-08-01,12,ACTIVE,2023-07-27
bfee7aef-6a60-4a4b-96b6-b8cca6124e53,CUST00006687,94ad6252-15bc-4a3e-bf76-55d7f97c6c3c,MORTGAGE,17647.15,4111.036419470495,0.0295,2021-09-23,120,PAID_OFF,2031-08-02
50aefe0d-f836-43b0-81e7-719cd667a724,CUST00001674,54231dbe-2ba6-4158-a5ae-cf37a9d1a28e,STUDENT,11160.4,9677.89818389192,0.0238,2024-05-14,60,PAID_OFF,2029-04-18
22530aa4-15d1-42b0-b6a6-b583dcac7b04,CUST00004588,4c6f9a45-8192-4f8f-9fed-7603fadc9704,PERSONAL,194599.97,31450.594872690388,0.0412,2021-12-26,120,DEFAULTED,2031-11-04
85406adb-983a-4235-9891-f8cfd7d050be,CUST00005354,fb481ded-0f03-4337-b9f6-143bb2383056,MORTGAGE,35958.37,22706.849518109007,0.1909,2024-05-03,12,DELINQUENT,2025-04-28
97c75839-1dd2-4b24-8420-c72d8fb8b736,CUST00006858,8494205c-34ef-4552-ab28-6d090af57e60,BUSINESS,34568.96,31915.905984144483,0.1833,2026-02-25,360,ACTIVE,2055-09-21
8db7c020-7e8d-4bb3-b932-b23322c1d7a1,CUST00001667,ce777f00-ecf2-4e76-8519-7ff4006ed6e3,MORTGAGE,56011.41,37773.91071245574,0.0356,2024-11-07,48,ACTIVE,2028-10-17
c2f72b1f-b9d4-42d3-8d35-f50cff02bf74,CUST00004512,72c22a16-79eb-4168-9045-56e5bee3eb79,AUTO,3990.81,780.9260326247754,0.0747,2024-10-02,12,ACTIVE,2025-09-27
cf928274-9ffc-4f2b-9ea8-22bb57385567,CUST00006173,e6267164-d361-4b3a-bcff-ae922c435667,AUTO,104680.45,15941.152598353518,0.1905,2026-07-10,12,PAID_OFF,2027-07-05
a3593aec-d5d1-4ae2-8940-e0fa08509d96,CUST00001385,257035db-3fea-490a-a1f8-072dddb7570e,STUDENT,19660.24,4960.387294765085,0.0376,2022-09-04,12,ACTIVE,2023-08-30
897e2ce5-4fe3-4b6d-befc-5196512b4c10,CUST00004404,288f3435-c3b5-44db-9387-03c92b29bf36,PERSONAL,60217.66,23569.603582634267,0.037,2022-06-01,12,ACTIVE,2023-05-27
09f7e468-4b1f-4028-acf6-c879d27960a4,CUST00003955,97777f10-f2d2-493f-8e85-140d0f9aeb70,PERSONAL,4412.58,702.3019607602454,0.0355,2021-12-29,60,ACTIVE,2026-12-03
f0657d73-0e0e-475e-9b48-732fdbd0f097,CUST00006306,2f098f4d-a43f-483a-a431-01e40d565923,BUSINESS,2141.71,1708.6863642380342,0.1958,2025-10-25,120,ACTIVE,2035-09-03
ff97588e-f6cd-40d1-aa31-e22b4cda3e1c,CUST00008253,36cdf42f-892c-4b33-99af-8224d7232ce3,STUDENT,75119.43,26820.29142663443,0.1538,2025-03-23,60,ACTIVE,2030-02-25
d0d14782-421e-4ad4-b226-f24a230d27b8,CUST00007239,a542deb9-2cff-45f8-9bdc-74a98d3a5d76,PERSONAL,38739.47,36263.50402328899,0.0586,2021-11-20,60,ACTIVE,2026-10-25
47d9dd10-272d-4ace-bfd0-dce0612c3b0d,CUST00006982,74eff545-3e65-4603-b8e3-654bfaf14ff0,AUTO,5692.6,4795.963492607486,0.0283,2023-04-11,48,ACTIVE,2027-03-21
fb372648-697a-496d-9988-5d2a570662ce,CUST00006027,46c79b36-fd05-4963-9616-af7e1057a002,STUDENT,5975.99,5431.0888503202505,0.1937,2025-03-27,48,ACTIVE,2029-03-06
5d210794-87ed-45ae-b9a2-1729130bb2a3,CUST00006610,e212f7e1-8f63-42bb-ae41-115540bf6f6b,MORTGAGE,119151.63,35089.28701579725,0.0966,2024-03-25,120,ACTIVE,2034-02-01
bd16c038-4ef2-43f5-bf8f-bd67133a8490,CUST00008665,86cac6f4-e238-4e93-bd17-c5e8d5ca69ab,STUDENT,3699.24,2122.3706761687986,0.1277,2024-06-16,120,ACTIVE,2034-04-25
06b19eec-05d1-47ad-a828-b0b74cc1032d,CUST00000959,8d548038-9a26-4279-a25b-74adf519ab52,STUDENT,258851.4,83207.65777458948,0.0703,2025-07-12,360,ACTIVE,2055-02-05
2f4d7d4a-53e7-4d02-88ff-eea5fb33740c,CUST00008725,0ba6eab9-4639-447b-a067-bdac88bd13d1,PERSONAL,5704.83,1465.847577321767,0.1565,2021-08-29,12,ACTIVE,2022-08-24
232e444c-de97-4f42-97d3-d848b6388b9c,CUST00000494,6553b15f-1ea1-4b0f-95ae-b18b46ae7e06,BUSINESS,57387.85,34839.4051366348,0.0554,2023-11-16,60,PAID_OFF,2028-10-20
997bd7bb-9a58-431a-8663-686eee70e803,CUST00007043,0e0630cd-996d-4c50-bc04-a168652ffb49,BUSINESS,13454.55,11005.759748048797,0.1616,2022-07-30,48,ACTIVE,2026-07-09
1d061735-5cce-4873-99a1-a2d1da007c08,CUST00000082,e2495790-517c-4dec-8d53-9417f5194ab9,PERSONAL,54436.01,5095.091110288612,0.0615,2022-12-31,36,ACTIVE,2025-12-15
c49b9178-43a2-49e4-b981-f289185c39ed,CUST00007000,86e52753-7c93-46cc-97d7-a560adb14670,PERSONAL,9738.37,2685.5382326245094,0.0376,2023-06-19,12,ACTIVE,2024-06-13
1fac9217-e36e-4b7f-917c-e0825572f1b3,CUST00002971,250487e4-ada5-47e3-a85d-81db9620ed14,PERSONAL,17254.2,3539.4261838454167,0.1062,2023-11-24,360,ACTIVE,2053-06-19
950ce835-3659-4a8c-938f-b1ef2ec01db7,CUST00000012,18f1a1e4-1d30-4290-b3d9-2aceb7461b72,BUSINESS,23420.78,18697.983768450085,0.1664,2022-10-25,24,DEFAULTED,2024-10-14
0c906c01-3b44-4abc-942e-c8b0cce52711,CUST00007825,1cce08e9-6b6a-4061-881c-8d3185c69fbf,PERSONAL,4898.67,4572.281773294662,0.0893,2022-06-04,60,ACTIVE,2027-05-09
c2b8efc0-d76a-44da-8fbd-b62246c9ae33,CUST00000762,505c7527-dc57-446d-8c3d-031ab3952193,MORTGAGE,66918.89,5349.677429062079,0.0252,2022-02-25,12,PAID_OFF,2023-02-20
e9b89caf-8a93-4d39-813d-3c538cda74ec,CUST00003186,77fa7bbc-cc68-453e-9a9f-d637fc7aa2dc,MORTGAGE,10200.37,3868.1171389773003,0.1196,2025-04-04,120,ACTIVE,2035-02-11
b67af865-cfc3-445b-9464-cda8dbf7fa26,CUST00000026,d18183d1-ac2b-4cfc-85c5-1060991121e7,AUTO,15632.39,14295.962014304701,0.1425,2024-05-27,12,ACTIVE,2025-05-22
decc0209-93cd-4ce8-af69-e0858c871a3a,CUST00001807,13aec376-c359-410a-b1a6-014c5f3c44dc,MORTGAGE,4956.6,1708.2338039597826,0.1533,2024-04-07,24,PAID_OFF,2026-03-28
e8048c91-4c15-47ec-8bca-e422b0c37157,CUST00006652,7d7ddbed-d284-476c-ab88-f83dd97dc9cd,STUDENT,471.77,336.21228580971575,0.0923,2024-10-17,120,ACTIVE,2034-08-26
19b627b5-4c2b-4a96-a86c-1d888d67e82c,CUST00005665,b78a2037-bd46-4bd5-82c5-2802aca65492,AUTO,16538.7,1664.8911667274583,0.0375,2026-02-24,36,ACTIVE,2029-02-08
ee481499-c096-4be4-a755-978de5341283,CUST00005155,3e896c64-e117-4ac3-919c-4ea3e1805081,MORTGAGE,821529.51,365077.47109543276,0.1252,2023-12-23,48,DEFAULTED,2027-12-02
e0c2442e-eb38-4cdf-8fd8-2aba0a6dc4ac,CUST00005825,9c3de1b0-022b-4683-9033-da6587cf63fd,STUDENT,71460.95,35966.35155951458,0.0793,2025-03-31,48,ACTIVE,2029-03-10
5550f4ea-a86b-48b5-97cc-b76c6b905645,CUST00003660,f4188f3f-8a14-4e62-a95b-4715c333e861,MORTGAGE,21399.21,16213.412714258682,0.1904,2026-02-27,24,ACTIVE,2028-02-17
230b5490-0d53-4045-bdb8-5b9744e05787,CUST00001526,3f46057b-7165-436b-b997-c779c56f05e6,STUDENT,14848.64,4288.653259585631,0.1105,2024-08-04,360,ACTIVE,2054-02-28
f1d799af-f2f0-4a8c-9825-068b11997084,CUST00000761,d2938e6e-ff4d-4930-b3b0-fb536f75ee8a,PERSONAL,22781.38,6018.5802629311265,0.105,2023-08-31,24,DELINQUENT,2025-08-20
e432f23e-1b59-400c-8106-c378969b1bad,CUST00000595,a13a9da2-94e7-4b2a-b434-02ef44cfa6ba,STUDENT,50045.04,15162.029173657189,0.0757,2023-10-02,360,PAID_OFF,2053-04-27
cf3b6e13-781f-418a-8ae2-e88e7a1b2bb4,CUST00007193,75175f39-7354-44fb-a44a-0371c5ab4e57,PERSONAL,3747.26,2082.3392995424333,0.081,2023-03-24,360,ACTIVE,2052-10-17
1b5d3449-8abe-4e04-a7ee-dfe95c72e5ca,CUST00001056,e27a984d-6548-41d0-bfcd-9eb1a7cad415,STUDENT,117181.88,102651.84405809682,0.1123,2026-04-14,48,DEFAULTED,2030-03-24
f08d5f51-9742-42a6-a8a7-926043a8007e,CUST00003084,2ba46308-7e77-46aa-8015-575691b0af07,STUDENT,64413.08,53523.494645573875,0.0752,2026-01-11,36,ACTIVE,2028-12-26
3f612028-cb4a-4aa4-a520-53b68faa2da8,CUST00003676,92ef63c1-781f-4d3f-a7f3-39dc833de3ad,MORTGAGE,64684.61,3748.1921861396586,0.1806,2021-12-04,36,ACTIVE,2024-11-18
2f64a0ad-2b1a-406e-9585-244514fe88bc,CUST00009651,c1101266-2408-46dc-9346-d1a9f6802cdb,STUDENT,42519.31,37372.564853110045,0.099,2024-11-11,12,ACTIVE,2025-11-06
b360e8af-91aa-4b5c-ab0c-bd6ca6032997,CUST00005958,81f631d4-a392-41a7-9777-a4774c66e0a8,MORTGAGE,22684.22,2157.481968832328,0.0726,2023-07-26,24,PAID_OFF,2025-07-15
cfef7fd7-a17e-4816-9a97-793bdddf8a27,CUST00005256,2023fd4b-ab89-436b-9f6b-9b3fff594778,STUDENT,60433.08,25100.763100992797,0.048,2024-04-20,24,PAID_OFF,2026-04-10
ba8f4592-37ea-4bed-b866-9ba9044ffc73,CUST00009412,a92f85fe-258f-4afc-81cf-d878000c14a5,BUSINESS,53515.21,40960.77930162189,0.141,2024-10-08,24,ACTIVE,2026-09-28
bce4808b-2b5b-4e12-a06c-e216b54a126d,CUST00004229,a92f85fe-258f-4afc-81cf-d878000c14a5,AUTO,12951.14,1055.6608392206426,0.0246,2026-04-04,120,ACTIVE,2036-02-11
aeb4eb8e-dd23-4782-927a-1a33f5110f36,CUST00004182,ce3fde9a-12aa-4ab4-be59-a0d13c5168b0,MORTGAGE,9317.01,376.4042251373028,0.101,2025-12-31,48,DELINQUENT,2029-12-10
686cd27d-fd59-4efd-bd14-01de827aae2c,CUST00009692,0dfef633-2a31-4dfd-a166-7c7cd3c6e5a0,MORTGAGE,25662.46,8468.50411032986,0.119,2022-01-13,48,PAID_OFF,2025-12-23
e004c471-85e1-428d-ae70-f6f5015a749b,CUST00001831,cb371d97-cdcc-4d6a-9a16-998c7648776e,PERSONAL,224926.78,164179.8166148885,0.0812,2025-06-25,48,ACTIVE,2029-06-04
bad78868-cb6e-4774-93a2-014b45f7eef8,CUST00003396,b92da22b-21df-406f-8a0b-3c3336d8393a,BUSINESS,3433.51,1791.4559459682318,0.155,2023-01-15,36,ACTIVE,2025-12-30
7e1e7e84-3003-4603-9782-d6a7c6b92071,CUST00001204,69fb0763-8a9c-46f7-8ee4-e5125802b640,PERSONAL,2437.46,1016.4253795362893,0.1416,2022-11-28,48,PAID_OFF,2026-11-07
6e025590-0f32-4b39-bce7-c8078c2d23a9,CUST00002811,c0ac1c00-af8e-46b2-acfb-f1736b4d3d1a,BUSINESS,28201.8,22930.13108591488,0.1949,2023-12-10,12,PAID_OFF,2024-12-04
6370e0f7-aab8-4c30-9cfe-793d360496b6,CUST00003093,13ad3ead-816e-4f32-a077-5ce4151f62f9,BUSINESS,23773.61,18227.446982793717,0.1116,2025-01-14,120,DELINQUENT,2034-11-23
4aeeccef-871c-4a58-9334-dce93145d4c5,CUST00003045,b432ece9-76dc-46b5-a076-aed65ed3e00e,STUDENT,28567.14,22455.00641851953,0.1168,2021-11-01,48,ACTIVE,2025-10-11
f945cfd4-678e-495f-a2de-b12c5821f077,CUST00006072,0e737523-59ec-4846-a974-37ea5b7c57e8,PERSONAL,31758.95,14600.441215461507,0.0643,2024-06-30,120,PAID_OFF,2034-05-09
940d8bcc-e926-4a56-a95a-e210973cb616,CUST00007273,905f9096-2996-46e2-8c9d-690713b22cec,AUTO,15759.47,306.5097535758922,0.0894,2025-08-18,120,DELINQUENT,2035-06-27
9dcb65be-3fc0-496e-84f4-caeb49a4443e,CUST00004674,e43081aa-6022-43ff-b330-4e33deb0de7d,BUSINESS,205827.8,35430.57455241998,0.0248,2022-07-23,36,ACTIVE,2025-07-07
b4f7af31-1fe8-4be4-a3ba-b56cdb2bfd4f,CUST00003515,88c982ec-b3dd-4cfb-accb-6ae1b6d331ca,BUSINESS,1995.49,1479.257591621724,0.1441,2023-12-23,24,PAID_OFF,2025-12-12
9af20d53-a5f9-4430-8147-a2026b93cfe0,CUST00009991,436ae2bb-d509-4e07-b368-d836027d3808,MORTGAGE,6356.64,4787.652617462537,0.0761,2023-10-16,120,DELINQUENT,2033-08-24
1d5720cd-fa52-43bb-805f-33377f67c68a,CUST00006193,ce4ba2bb-63d3-4e8e-bcbb-859a95966725,STUDENT,18866.02,18343.405073195667,0.1173,2021-09-02,12,ACTIVE,2022-08-28
bf2d57e1-30f0-4f6b-973a-905867d1cb6f,CUST00000145,46a3110a-9813-4b31-ad38-9d1f6716d461,AUTO,1872.85,356.19083692375455,0.0659,2026-07-11,36,ACTIVE,2029-06-25
939d1b61-20d1-40ae-b0f9-08d240c06d72,CUST00007508,0ad7d77c-9bf4-4cc6-af1f-be1687324f52,BUSINESS,16919.44,2079.8524165413883,0.1318,2024-07-01,60,ACTIVE,2029-06-05
948841cb-a40c-40ee-907f-8c452f3214c2,CUST00004858,ee4205ee-a52f-43ec-ab4e-2281b184d1fc,MORTGAGE,266253.79,36953.265994925685,0.1006,2025-02-19,120,ACTIVE,2034-12-29
3fb00e1b-abc8-46cf-b798-bd221eb6d3f0,CUST00001378,8dd7e052-44e7-4702-84c4-7757e2db1ce3,PERSONAL,22727.47,4199.766341704071,0.1067,2022-03-03,360,ACTIVE,2051-09-27
3b195b02-0a4a-440d-b608-90b921e8265a,CUST00003147,0143d636-fd54-425b-899d-6cd2e7232e8a,BUSINESS,31133.86,16453.259296670636,0.1897,2023-07-27,120,ACTIVE,2033-06-04
0beba1de-beb0-4722-bfff-bc75ff866deb,CUST00005025,c438eae0-b5d0-4595-a4f8-9e23af39f2ce,MORTGAGE,3326.76,3244.2944865638883,0.1471,2024-11-11,24,PAID_OFF,2026-11-01
650c4a03-af1f-4779-927b-a660bb335cf7,CUST00000794,77ff3c31-c1f3-4837-8d78-3178c935a278,PERSONAL,8738.19,5150.564290441074,0.0671,2026-07-12,48,ACTIVE,2030-06-21
46cbeb60-37d7-4d4a-b718-a6ad2209cd5f,CUST00009794,1c24220e-2cab-47e7-8c6b-66e5402adf9c,STUDENT,12546.61,6557.963311322826,0.1107,2026-05-26,36,DEFAULTED,2029-05-10
00b8a88f-9317-445d-9cd4-3dfff59b39fa,CUST00005757,32fd73c5-0894-4176-be99-df69bcd49975,PERSONAL,13676.4,9209.089149221974,0.104,2025-05-24,60,ACTIVE,2030-04-28
1c5bb4ce-b79c-4fc9-b5cf-fe16a6dfd693,CUST00004415,01b1c626-16a4-4bfa-a032-9ee6c190b0cf,BUSINESS,150612.52,11134.842456670667,0.1631,2021-09-07,36,ACTIVE,2024-08-22
69d1b037-0385-4534-b23b-be88d478f5dc,CUST00001111,7a3a6e96-23ff-43d3-bb4f-b88a2f4dd219,AUTO,50844.98,41456.66464379267,0.17,2022-04-19,48,ACTIVE,2026-03-29
72737998-34d2-44cd-9763-2be71b61508e,CUST00005673,bb0c7919-330c-4ff5-88a5-fa0d09a85dc5,PERSONAL,4158.1,2689.78982907557,0.071,2026-05-09,36,ACTIVE,2029-04-23
a5e0ecfd-b96c-47ff-a5a0-f9e224f6548d,CUST00004054,d8e7012f-3968-4c81-bb70-c3b8a81fdec3,AUTO,31880.73,5457.715715272044,0.1678,2024-09-18,60,ACTIVE,2029-08-23
5e66d8fa-de69-4076-9f8c-edcdc91ceaae,CUST00003938,f2ce7eeb-4c56-4b8f-8bb4-32b3d2e76deb,AUTO,46505.81,29331.931542370672,0.0523,2026-05-22,36,ACTIVE,2029-05-06
60f41905-693f-4bc7-ba2d-0e68533a83b3,CUST00003964,0b531932-bd94-49aa-bea6-e5b20c760d28,PERSONAL,121810.71,72624.51522780208,0.1573,2025-04-15,12,PAID_OFF,2026-04-10
466aa217-ae29-47c1-84d4-65dfa8d65147,CUST00004943,fea82e3a-b544-41cb-9541-0a9d090aaa93,STUDENT,235816.92,15293.431292188545,0.0648,2024-06-01,12,PAID_OFF,2025-05-27
db95e988-3398-4604-a9c2-371e71836f01,CUST00005898,19d9d0b5-a962-4996-abbe-3b5a4d15f7d8,PERSONAL,4804.74,1282.539808277419,0.0736,2024-10-08,48,PAID_OFF,2028-09-17
63a35592-34ef-4156-a55a-b787a292bd6c,CUST00008975,d3520a91-4873-4252-b7a2-a1800a7be6e7,MORTGAGE,6527.07,2551.7033385119407,0.1734,2023-06-19,360,PAID_OFF,2053-01-12
aa759a8a-deb5-4d16-b020-d03f5a69e2c6,CUST00001117,614c721d-a921-4b4c-95fb-e976ae007b7e,AUTO,3339.69,817.8517730089758,0.0956,2025-08-21,360,ACTIVE,2055-03-17
3e2613ab-a98c-49cf-b25f-3382dbad54e6,CUST00001751,28719b9b-db8f-4e32-adef-50031fce01e3,BUSINESS,15505.81,3770.4189302354234,0.1983,2022-02-14,60,ACTIVE,2027-01-19
461e24a3-f2fb-494a-bd29-6f9c7d6af5c4,CUST00004028,e24c724b-e453-44c2-b037-f0b710ccf85f,AUTO,44335.35,25401.871113340832,0.0473,2025-12-30,60,ACTIVE,2030-12-04
00c85e9a-408a-4d2f-8c86-e6b66ffcc6e5,CUST00005746,4de5f4af-f278-45f6-8c49-f33a1c5d9fe9,BUSINESS,96858.05,45606.486217390855,0.1034,2023-08-15,60,PAID_OFF,2028-07-19
0fb83639-289a-480f-b6ad-57f16eec50cb,CUST00005065,8e52fc42-73c3-44a6-9ac7-26b667863fb3,MORTGAGE,19654.73,13115.44766297493,0.1518,2023-10-21,60,ACTIVE,2028-09-24
0f417135-d56c-45e4-a391-5adcc8096083,CUST00009680,84aeffbe-ae1f-4957-9f28-e41746273272,MORTGAGE,13632.73,13038.439588655976,0.021,2022-02-26,60,ACTIVE,2027-01-31
4a00ae99-8637-4844-b570-7bd6bf922ea5,CUST00005939,4f67448e-10ec-4b1f-a4a5-c736ae59aa52,MORTGAGE,27657.08,18269.051370019286,0.0473,2025-04-10,360,ACTIVE,2054-11-04
e19d4f0a-1c44-4135-a9d4-de06342ed9b4,CUST00003398,f783b6f6-d775-4809-a18d-052048cc32c6,PERSONAL,6293.58,3663.467317494759,0.0237,2026-06-29,24,ACTIVE,2028-06-18
47820b9c-488f-4db6-a404-c66d49869729,CUST00008266,b4209103-bca7-46eb-83ef-0f77848ac924,AUTO,506008.16,428872.0188681938,0.1987,2023-08-12,36,ACTIVE,2026-07-27
03864649-c4e0-41c7-ad18-50e92d53cf30,CUST00001360,1cb9b73a-906d-4c8c-aad0-8c8913fe8a29,BUSINESS,1975.36,1248.5719396896998,0.1569,2026-04-22,120,ACTIVE,2036-02-29
87935d69-c33b-403e-8923-527f7925dc65,CUST00009284,98cd2655-5297-41ad-adba-948427591ad4,MORTGAGE,29059.79,4811.175747306991,0.0872,2021-07-19,60,ACTIVE,2026-06-23
590c3cdc-7455-467a-9623-d84810b72ccf,CUST00004854,97feb937-a6d9-47a1-b4ec-fe8d16d1f5ca,MORTGAGE,458359.61,144268.09113178824,0.0481,2026-07-13,360,ACTIVE,2056-02-06
730825d1-396c-419c-a4ed-91b84d9e3b99,CUST00001942,c241330b-01a9-471f-9e8a-774bcf36d58b,BUSINESS,22252.28,16318.93835117252,0.0363,2025-04-11,120,ACTIVE,2035-02-18
468ebdf8-dd25-4141-b03d-01eb336fc177,CUST00003149,d1e2b878-c576-426d-98ae-0666d066ad21,AUTO,16563.25,12230.01200567229,0.1157,2026-02-13,12,ACTIVE,2027-02-08
63fe0717-f6a8-48cc-ba11-df76d6e75f73,CUST00007934,42c18a62-ef48-48d5-90fd-9d3f85d51695,AUTO,12885.16,12717.765669130988,0.1957,2022-12-06,360,ACTIVE,2052-07-01
3876fdaa-7af8-4c9f-a913-cb7645071807,CUST00009437,6e4c1501-808f-4cb9-a59d-12db268f090a,BUSINESS,16804.68,10536.112199589674,0.1414,2025-08-07,120,PAID_OFF,2035-06-16
0463aa5e-222c-4fd2-a7a1-66d270293dbb,CUST00001286,2851a8be-2639-4214-85cc-aa931e1e5d91,STUDENT,172693.34,155345.46301148323,0.0857,2026-02-24,360,ACTIVE,2055-09-20
7c641c58-a52d-4946-bc03-032cc7f020cf,CUST00006475,18b475b1-c12a-44f4-82a1-3629aae6f1a1,AUTO,798.08,43.55945427528976,0.1102,2022-03-19,120,PAID_OFF,2032-01-26
f2d1e6c1-fc8a-4016-b808-0dba6273f164,CUST00000771,aab612c9-415d-474a-b5a6-69814104a8b5,BUSINESS,219729.07,124415.50923846313,0.1998,2025-10-15,360,ACTIVE,2055-05-11
ef19117f-a452-4def-827b-8c898d3f433b,CUST00001844,39d11950-8a45-402e-91f2-0d9bc90ec689,BUSINESS,2602.07,2393.5089496368423,0.1134,2022-03-07,36,ACTIVE,2025-02-19
b8a35c0c-4486-4697-9c1d-73b3250a8bc0,CUST00000074,5aaab32f-ce63-42b6-ab05-347fd556b37d,MORTGAGE,14765.1,4241.189856829575,0.1936,2024-12-10,120,ACTIVE,2034-10-19
b09dcd19-413b-4e20-85a3-a4735eeefb7f,CUST00001661,c8d57717-9055-436f-8aa5-f9d3335f2f59,BUSINESS,11569.57,1791.855708959369,0.0229,2026-06-09,48,ACTIVE,2030-05-19
a885f19e-dcac-4096-8595-7a60194d397d,CUST00004350,9f8acdeb-2e8f-45a8-847a-3b7ed209383b,PERSONAL,53254.09,18666.09961170728,0.1498,2022-11-19,360,ACTIVE,2052-06-14
bf144332-4f6a-448f-8ca9-7f8184381157,CUST00007103,ac5f12ef-8085-4147-9e91-0f365f705b25,MORTGAGE,2003.83,1587.5065990090832,0.1329,2024-06-25,48,ACTIVE,2028-06-04
91312064-101e-47fb-8532-5a3e6759d978,CUST00008001,bec62bbe-4d7e-44b1-8001-8cbe54492845,MORTGAGE,44057.86,3731.7366351153487,0.1434,2021-09-27,360,ACTIVE,2051-04-23
3dc0f8cf-1b6c-4937-a282-d170f5080d9c,CUST00009012,41f83199-f4ea-4769-8366-c189cd8d9f75,AUTO,458843.48,275461.4791846018,0.1227,2026-01-15,60,ACTIVE,2030-12-20
cf492a27-4089-4b7c-8866-7469e6162980,CUST00003819,2f191516-5fbb-4da5-a64a-1fe8b646e2b1,STUDENT,2850.47,386.6138235109347,0.028,2022-08-02,24,ACTIVE,2024-07-22
ab1f5666-f52a-42c4-81fb-0bf53e8a1072,CUST00000332,9bafcc20-0e16-4f3f-938c-c0ca17acd7e9,AUTO,29277.05,12751.105067800805,0.0469,2023-09-24,360,PAID_OFF,2053-04-19
9d148109-db18-4efb-8e53-4765ee6e5ef6,CUST00001422,f7073712-88b0-4b77-bfeb-4cf34ec77371,PERSONAL,8160.22,7882.584847601852,0.186,2023-08-29,24,ACTIVE,2025-08-18
87a8cadf-eca7-4d15-8c8a-e9ca930cc62d,CUST00007513,2804335a-3311-45e0-ac5c-ce54210c78d9,MORTGAGE,41723.96,8142.191709320698,0.0619,2022-08-24,36,DEFAULTED,2025-08-08
7f3dcbf9-a0a5-4b74-aed5-a161ebfce2d6,CUST00006891,ba92992e-44f8-453c-9224-6d05d3692867,MORTGAGE,22668.28,771.0966538755379,0.1987,2023-08-25,24,DEFAULTED,2025-08-14
262b2cda-00dc-4949-8740-7d86fa3a4705,CUST00004932,82010c62-f5f5-4b22-8e8f-a8e0284d82e5,BUSINESS,8414.99,3594.9118254668388,0.1423,2023-05-02,120,PAID_OFF,2033-03-10
c4bbf711-53ce-4524-8502-8ad9f568384d,CUST00009884,c8d57717-9055-436f-8aa5-f9d3335f2f59,STUDENT,45789.42,26452.345896891333,0.1,2025-03-30,48,ACTIVE,2029-03-09
6b732c7a-8dca-44bd-850a-2d22b08c19fa,CUST00006026,27cb6f2a-8da0-4097-be0f-051b1b66b5a9,STUDENT,329892.51,98148.87237902172,0.1856,2022-01-04,60,ACTIVE,2026-12-09
7b2413e8-005f-4765-975f-310891653dbc,CUST00004409,488e5bd8-0729-45c7-a5ee-3dfd6cc1da4d,BUSINESS,16541.78,8961.807122896502,0.1631,2025-11-11,12,DEFAULTED,2026-11-06
bb8cea35-1bc4-4161-aff7-9a573183eab0,CUST00005114,2e2d0681-a8b2-4070-9b18-72ac78c4c27f,PERSONAL,64837.34,61816.04614580181,0.0972,2024-08-12,120,ACTIVE,2034-06-21
6cc2e20f-c3a0-4289-b88b-a4454e6c2bae,CUST00008420,f69072cf-ac7e-4cc6-b0cf-3e7f5c58b8ba,STUDENT,3165.58,986.9353692287224,0.0323,2023-03-07,48,ACTIVE,2027-02-14
459df649-cdf9-41d6-b22e-d234404c86f1,CUST00002882,6bbdb66f-9181-4091-96c6-f45cdc5e4e78,MORTGAGE,5246.65,1623.455333241759,0.1763,2024-09-20,48,ACTIVE,2028-08-30
66e66f92-a0fc-4ea8-b310-401b9610b3cd,CUST00002866,b09b2a5c-badc-432a-8159-0f538a0f4efb,PERSONAL,44739.38,21598.73643509721,0.1577,2022-12-03,36,ACTIVE,2025-11-17
9a00a4e2-f5ed-4b7f-9787-6a50ab7a63e3,CUST00002576,69498671-7e55-43ba-a8a2-f417379e03dd,AUTO,204060.96,105155.94620567223,0.1623,2023-07-24,120,PAID_OFF,2033-06-01
1899598d-5b5c-4adf-9063-bf1890b1f965,CUST00006186,f1738856-e25d-46eb-9e9a-9f83066803ee,AUTO,37549.68,51.29007951316986,0.1541,2022-11-30,360,DEFAULTED,2052-06-25
323eab00-9fe7-4bb8-b8cb-74696142894a,CUST00008657,dbc21e42-fd0d-4cb1-8916-7a93ada63c4b,PERSONAL,13772.28,8482.004751989793,0.0696,2021-09-04,24,PAID_OFF,2023-08-25
0bb9c606-5320-46af-beb0-b8d1e3e7e32d,CUST00005742,98550b1e-d588-4c1c-a5db-5946a091e5b4,MORTGAGE,22003.07,21944.92355768404,0.1746,2022-05-13,12,ACTIVE,2023-05-08
78ac9c5e-5b5c-47cf-960d-cb39db988c39,CUST00000278,51e744e4-b864-4a08-aa75-752d6a8fcacb,AUTO,3375.8,985.7607734023672,0.0204,2022-10-08,12,ACTIVE,2023-10-03
555b9d60-8851-4075-bdbd-210bc2490241,CUST00000066,f7222fbe-ea06-494b-a310-ff72ad62d094,MORTGAGE,54544.55,34407.250109087014,0.0627,2025-11-01,360,ACTIVE,2055-05-28
f51ed666-6e4a-4daa-ba42-87f37e3f1d45,CUST00004263,88c982ec-b3dd-4cfb-accb-6ae1b6d331ca,BUSINESS,82743.41,382.4114973573794,0.0284,2021-11-08,24,ACTIVE,2023-10-29
13865151-b092-4979-8434-d8b88ffbc222,CUST00005705,d0243d72-3748-467f-961d-33ba350843f0,STUDENT,11179.81,6756.256703422985,0.0399,2023-01-23,360,ACTIVE,2052-08-18
2312271f-e55b-4c65-90ae-41e41a6ad169,CUST00008595,889b78d5-dbfd-497e-aca2-b148da330aa1,PERSONAL,10882.78,4865.346056474868,0.1158,2023-07-09,60,ACTIVE,2028-06-12
0b3b81a9-ddd6-42a8-a925-f2d53b36c46e,CUST00007990,e0b55615-d3b6-4f1b-b4f7-6d09739cafa5,STUDENT,32820.79,17404.640228301825,0.0267,2023-05-06,24,ACTIVE,2025-04-25
88f47eed-6990-4abf-b792-be4734783752,CUST00006256,9dec2b83-3885-4f7e-af1a-25a829344e15,BUSINESS,11440.56,6222.577414894665,0.0526,2025-12-13,60,ACTIVE,2030-11-17
1a44fca1-1296-4c6d-bd15-e59bfef6f9d7,CUST00007442,861550f6-6b43-4b40-bb9a-21c41155581f,AUTO,19946.34,3529.564089664444,0.0619,2022-03-29,12,DELINQUENT,2023-03-24
8c6ef4cd-f9d6-4e8e-bd61-de15ae53719c,CUST00004693,7d23d479-9549-4a82-b787-ef8d3495311e,MORTGAGE,513796.57,395606.98003092135,0.138,2025-08-03,120,DELINQUENT,2035-06-12
3881e713-22be-40bc-b7eb-178670f7cd82,CUST00004420,ef0a573d-53d2-456d-9040-158728e213bc,MORTGAGE,15206.24,8446.604369792258,0.1044,2025-08-11,36,ACTIVE,2028-07-26
5ef1cb5b-37ed-4e1a-b6eb-aef4bcef2c15,CUST00007961,ce88cb2d-d4e8-4839-bc3e-058be0f3eab0,BUSINESS,12867.88,3476.829881472181,0.1025,2022-02-03,48,ACTIVE,2026-01-13
02fea0e2-41a7-42d6-895f-a84518cb913a,CUST00006079,23a9654d-f679-4544-9acf-614ae834fb5b,PERSONAL,8338.91,7816.740352469949,0.1583,2023-06-18,120,PAID_OFF,2033-04-26
1eca80e9-68bd-47aa-9666-600eeb0f61a4,CUST00001438,b75d2f0c-472e-4f3b-8f9a-fd511a58fa44,STUDENT,67257.78,859.1313772365994,0.1022,2023-12-28,12,DELINQUENT,2024-12-22
96b0356c-a49c-487c-87c9-021ffdc6dba9,CUST00008621,4ce794d7-e724-4119-af2f-32a720b6d43c,AUTO,16783.7,12183.912418608263,0.0827,2022-03-08,12,PAID_OFF,2023-03-03
35868ed1-e4a2-418e-b328-8280e3ca0915,CUST00007033,2bd3cdcd-2779-4685-94a5-3fdef10d27c8,PERSONAL,8316.03,3170.3632409800452,0.1932,2022-08-19,12,ACTIVE,2023-08-14
3c98fe89-ec6e-45ca-973f-9ac917ee7fc7,CUST00005732,ce3714af-99b4-4350-af2b-99b4d9acd158,BUSINESS,159844.39,83525.85980860876,0.0215,2024-05-19,48,ACTIVE,2028-04-28
ce2fbaf4-17f0-4802-9e68-4eac9c9d3925,CUST00003379,f480b91e-700e-4efc-a4ff-c31a5b86ea69,BUSINESS,185239.43,53999.09982674235,0.075,2025-06-15,60,ACTIVE,2030-05-20
8971b1bb-992b-4a0e-8a85-7fe44014c0f8,CUST00008585,22538040-7a02-4a6d-87a2-b171b02a06ee,MORTGAGE,8949.6,2875.0784766865063,0.1297,2023-04-29,36,ACTIVE,2026-04-13
c2cb0bc7-f032-4337-a10d-27dcbf153b90,CUST00006348,ce315937-34fa-42b6-9043-7e4c34e50699,AUTO,1339.69,20.318026052078494,0.1609,2026-01-24,120,ACTIVE,2035-12-03
b062166c-79db-43f9-8b4e-c2ee3dbff049,CUST00006402,b5ed7ce8-2ddf-4675-9235-d52e16d7ba54,PERSONAL,99834.64,72863.82168732083,0.167,2023-06-13,120,PAID_OFF,2033-04-21
a8449e0b-2ac2-4c1e-8a83-e68d46eed033,CUST00006630,7f05fbf5-efca-4577-9aa6-f7cb90c7e6ac,MORTGAGE,7887.66,5606.536192936395,0.0283,2024-08-08,36,ACTIVE,2027-07-24
01a0960b-ba89-434b-b224-7627c1e0248e,CUST00004542,77902ddf-4b58-4ceb-a6e4-86bf8d2eea22,AUTO,72109.31,47185.318324206506,0.1476,2023-03-20,36,PAID_OFF,2026-03-04
d12b32e6-7d53-4cdc-9790-6117ed1d4adb,CUST00007877,8f942977-b582-4f0c-bd23-36f45b44e6ed,STUDENT,1146.93,1006.9479740822163,0.1496,2024-06-15,60,ACTIVE,2029-05-20
696c5060-cbb4-44a3-b763-4604fe048d5a,CUST00008534,178926f3-f91e-4b9b-8596-7e762824162d,STUDENT,84027.21,75731.00025777546,0.0585,2022-05-01,120,ACTIVE,2032-03-09
16b5b5fc-199f-4b17-94ab-a577e3311ee6,CUST00008325,047dd583-9344-4b2f-bba3-16688334e524,MORTGAGE,3580.44,1992.3154990429614,0.0403,2022-06-15,24,ACTIVE,2024-06-04
ecc06aeb-3ab5-41e6-9537-927280f2835e,CUST00000265,ccf3a171-56dc-4907-ba6c-34ab6712303a,PERSONAL,65916.64,45141.263590127426,0.1549,2024-12-20,24,ACTIVE,2026-12-10
6d56ccd8-0006-46d1-8715-60e4935f6c60,CUST00009878,567b9583-e679-4a4b-b3ce-cf7c90d5e87e,AUTO,22503.13,247.49844908069596,0.0649,2023-06-03,36,PAID_OFF,2026-05-18
5b5dc6ed-ef45-49fb-9955-5d44b245e656,CUST00001435,77617d80-549f-434c-8171-f5a74148bd11,STUDENT,5266.34,4457.1303046768135,0.0203,2025-12-12,12,ACTIVE,2026-12-07
b2290f1c-8e68-40c1-b3cd-9709c0da1043,CUST00005328,bd5a6112-d1b2-4e3c-aede-2487373058be,STUDENT,11961.47,9765.504680322261,0.0602,2025-08-08,12,PAID_OFF,2026-08-03
18f67e0c-bd28-48b0-86e2-e0802a0f31e4,CUST00005098,3d846fc9-c3f6-4136-846d-5a3b2661c426,PERSONAL,61665.36,1248.6383445874455,0.0256,2023-01-13,48,DELINQUENT,2026-12-23
0577f0c3-925b-4545-a090-9a10fb0f79e5,CUST00001661,e1509425-891f-4683-9e12-dbf1493d6196,MORTGAGE,25818.37,14014.862291167876,0.0649,2021-10-07,24,PAID_OFF,2023-09-27
2c0ca9c0-314a-4ace-8677-4ddcaad414ad,CUST00005693,960be0f4-9513-4c22-9583-9b99a50a13dc,BUSINESS,52924.38,47984.18393893882,0.0803,2022-08-16,12,ACTIVE,2023-08-11
bccb296d-3bf5-400a-a82e-25e3d2832c0d,CUST00002355,3737cc38-166c-4d33-8f9f-dc15dfd23d15,AUTO,427051.92,77462.08812664342,0.0689,2025-11-01,360,ACTIVE,2055-05-28
32239f5d-2dec-4b01-bb81-33fb0b928003,CUST00008458,59518620-8769-4e24-9875-589a7d57a51f,STUDENT,2108.3,743.4812881188301,0.1856,2025-07-04,36,ACTIVE,2028-06-18
21f3eb6f-3298-4758-b585-ac00d3c874bd,CUST00006462,d773f98d-550c-4fe9-a54c-11d9f2e61828,BUSINESS,249152.11,82482.72252619105,0.0619,2025-08-12,48,ACTIVE,2029-07-22
a962a21a-0faf-4a84-b5fa-99f24b851e26,CUST00009329,38e7e019-fb89-46c8-87ec-fe71d49347fc,PERSONAL,25758.86,9168.620874155642,0.1042,2023-02-27,24,DELINQUENT,2025-02-16
226f93e7-9e5f-492d-b9c2-92597310453d,CUST00007045,b99e6f7b-23c0-4eb1-949b-862d1f7b6b19,MORTGAGE,5720.57,239.61196924054332,0.1923,2026-05-29,48,ACTIVE,2030-05-08
e988a44d-b9ca-4928-9e2d-22f6080fc9b3,CUST00005498,ca7ecb33-787d-46d7-88df-d1f114d72283,AUTO,2994.49,835.515663858552,0.1783,2025-04-04,12,PAID_OFF,2026-03-30
a08ba0ef-5ddc-46f0-b444-10e5b95c1eda,CUST00004550,027e789c-ce40-483b-b915-ad7e2648c819,PERSONAL,16586.09,4890.513339514251,0.0757,2023-03-20,36,PAID_OFF,2026-03-04
4cb22b3d-c2d6-4712-a152-9522c1afd792,CUST00006335,2e4bebc4-2989-4880-a77d-1be96070b6a1,MORTGAGE,87770.01,75997.59835465188,0.0788,2021-11-10,360,DELINQUENT,2051-06-06
2767ec01-6e8b-4bd6-afcf-7c8ed5b1f09d,CUST00006011,5c3bd3b5-ecaa-4afb-97e4-527a6274d240,PERSONAL,18190.89,6405.303552972016,0.1268,2025-02-25,36,ACTIVE,2028-02-10
e6b23125-d568-492f-9032-5480b01b5658,CUST00004927,dec56dc3-ad96-4213-b0a9-b97f7557c28c,STUDENT,212507.46,95036.89346425926,0.1852,2022-08-01,36,ACTIVE,2025-07-16
01f39146-60ca-40ea-b946-5f6628b8bcc2,CUST00009583,5c85a58c-d029-4d6b-abe5-5cc408d57cf7,STUDENT,2497.98,951.0760588200133,0.0218,2026-03-24,12,ACTIVE,2027-03-19
8874a1c5-08fe-4f40-9fe1-91732bdf3df4,CUST00009305,928b1e4b-4c47-4ded-b2e0-6bb41fef9a77,BUSINESS,21630.65,2610.245152624455,0.0908,2026-05-21,360,PAID_OFF,2055-12-15
e4951ebb-d7c8-4cb8-af37-6fbe2cd31317,CUST00006066,4f9a5f98-4d95-4273-8b2c-c805d1403430,PERSONAL,3365.76,3333.303160882597,0.173,2025-06-10,360,ACTIVE,2055-01-04
c3b0de86-15b7-4e01-9bc8-41bd6b9c7e6b,CUST00002180,1d91fe39-d801-4004-b93b-ed1b14f9c394,STUDENT,38004.04,31384.693580550218,0.0939,2026-03-03,60,ACTIVE,2031-02-05
275b7c2c-12be-46cb-b637-8db328542b64,CUST00004968,9d6b9b62-6b53-4a19-a902-b73fcf39f648,MORTGAGE,83310.6,45064.39533063415,0.1496,2022-10-27,120,ACTIVE,2032-09-04
3ab09847-6f43-47cc-9bc2-b4b46a40e733,CUST00000635,4823debe-ccad-492e-93dc-4faed3a71b83,BUSINESS,11717.72,5581.905763193881,0.1445,2024-04-15,120,ACTIVE,2034-02-22
4421c1e1-2a8b-4fc8-9006-862ab31eb8f5,CUST00003632,e6f8dac3-b8ef-4250-b9fe-60c6b2b302d3,AUTO,443.05,287.65230611638617,0.057,2023-12-12,36,ACTIVE,2026-11-26
8e144e1f-b6b6-415c-852f-e1b1b6b4d8e7,CUST00009592,7832b59c-25bc-49ae-a547-a8dcc686e251,PERSONAL,29685.74,9690.350202962232,0.1009,2022-06-11,120,ACTIVE,2032-04-19
f3310760-87e6-4238-ad59-2953e24297fc,CUST00004678,a6f2f7b8-0cf3-4b58-9910-8be58ce21ea3,STUDENT,42408.66,2132.42915268716,0.1219,2026-02-04,60,DEFAULTED,2031-01-09
e6233aa1-9778-4819-ae9a-fb6be6a24a40,CUST00002219,ff31950a-fdd0-44a1-8cd2-216f50adff63,MORTGAGE,40394.23,16332.066362018806,0.1488,2022-09-07,36,ACTIVE,2025-08-22
fc0221b4-95eb-4914-aac9-8c18f63e7ed4,CUST00001390,8a45a905-badf-4397-acf2-6429b8d77d2f,PERSONAL,140599.86,138347.10962668437,0.168,2021-07-18,60,PAID_OFF,2026-06-22
284b2e1d-73fb-4c56-a2ea-5644547e1c39,CUST00004277,5d13539c-44ed-4fd5-9c2c-8fb14de5f2f7,MORTGAGE,4417.9,805.5899536871914,0.1568,2023-11-20,24,ACTIVE,2025-11-09
8868b644-9822-4d58-bf49-a81cd42aa238,CUST00001250,0a0537f0-2c2c-422b-a568-95c6812a1f9b,BUSINESS,61103.48,32244.629764963305,0.0251,2022-09-30,120,ACTIVE,2032-08-08
f42050e8-3730-4f79-913a-27afa9179e02,CUST00007641,945b3711-0a85-4722-b0c9-5ec44f2fcfd6,STUDENT,131763.15,1122.8060217296181,0.1407,2022-09-16,360,PAID_OFF,2052-04-11
9c672338-2c11-4a43-acc5-599972f580bd,CUST00005713,09572517-18f2-4999-9410-8438f82e5e1b,STUDENT,1528.62,186.53981473228828,0.1095,2022-10-21,24,ACTIVE,2024-10-10
477809ce-71f0-4cbe-8b72-8b16d6315151,CUST00001246,372f871a-45ee-432d-aa07-f2137129cec7,BUSINESS,35577.82,20891.000624713008,0.1233,2023-05-07,36,PAID_OFF,2026-04-21
36d25823-9b35-4089-829e-588250d3b1d6,CUST00008246,123c6a29-969b-4b4b-bcce-3ef8a41bc4c2,MORTGAGE,10339.54,3075.12322070344,0.0871,2023-06-07,360,PAID_OFF,2052-12-31
c5954f39-cc5d-46e4-bbc1-0bbeed1c4d70,CUST00000443,e87466d7-ad66-41bd-9367-6a024fdc6e1b,PERSONAL,19491.15,17652.832178277007,0.1485,2025-03-28,48,ACTIVE,2029-03-07
67e39166-323e-4a41-8520-89dcd5eb6f69,CUST00006977,c44b04e8-f51e-4df3-86c3-998e8f14aac7,MORTGAGE,37105.29,15071.046955075324,0.1413,2021-12-16,48,ACTIVE,2025-11-25
89131a4a-c5c6-4d8a-a022-7afc4ba82162,CUST00004676,dc956e31-0349-4b41-8111-fa05308b5146,PERSONAL,10605.81,2206.364804788488,0.1243,2024-12-22,12,ACTIVE,2025-12-17
dfedf5fa-174d-45c0-ad60-18d977019d44,CUST00007954,2efcd60c-5256-4d59-857f-2f3e61a90fb1,BUSINESS,7993.93,4361.42241223807,0.1751,2023-01-02,24,PAID_OFF,2024-12-22
b1cbe822-cbee-4876-9d87-6a3e94d6cbb0,CUST00004378,dd750e98-90e0-495f-8212-b554464458b4,AUTO,23184.25,18430.867501328314,0.0383,2025-09-09,24,ACTIVE,2027-08-30
3ad0190f-0dc5-4340-a69c-db5b207495ab,CUST00007059,8567c805-34f5-41c0-88c5-eb2a7490adeb,PERSONAL,4311.89,83.73559383658471,0.0742,2022-04-14,48,PAID_OFF,2026-03-24
f316891d-8896-4456-b344-dde4bcac4426,CUST00000823,42a1279b-8bf5-4aed-9904-b887d77b03b3,STUDENT,4321.09,2184.3979294110854,0.1091,2022-01-02,36,ACTIVE,2024-12-17
7ab4d358-8f60-48e7-9cf8-5fc4db6fdf8b,CUST00002940,f72169bb-8096-4718-a051-acef097a1e10,STUDENT,61026.28,47199.34561026671,0.1925,2022-11-05,360,ACTIVE,2052-05-31
94a64978-a64f-4efb-a8ca-0bd26504f7a9,CUST00007097,ba236c22-e92a-4b97-91db-1a374204d733,STUDENT,3931.63,407.2722622109248,0.033,2025-06-14,360,ACTIVE,2055-01-08
229da816-d113-4946-bcd4-2854b6630e4c,CUST00005766,ec95ccf1-a679-4ab0-b129-e2f6e06ca678,MORTGAGE,59842.34,54025.57592149372,0.0807,2023-10-31,360,ACTIVE,2053-05-26
89fd911f-2e06-433a-8498-a96b0d8660ca,CUST00001032,8bc2d46d-0e80-4f03-9e5f-83786633427e,MORTGAGE,44085.53,11661.390212615835,0.1867,2024-02-16,12,PAID_OFF,2025-02-10
205d8635-cc87-458c-bb57-45dfe0345e68,CUST00000563,23ef5561-839e-4623-81d8-41d32a74b90c,MORTGAGE,1654.56,282.27390517733465,0.1816,2024-06-28,24,ACTIVE,2026-06-18
82278cac-0cfe-4cdf-a872-c5573d9049bb,CUST00000341,5380b904-688c-4015-aab9-7e494f2d4796,STUDENT,7971.7,4697.372636358251,0.1757,2023-02-15,12,ACTIVE,2024-02-10
e2696a73-8b2d-4d83-9b5d-e3c9dbb9c173,CUST00004568,bf3c4c06-4343-48bc-89fa-6a688fb5d27b,PERSONAL,132080.14,23118.138244005677,0.0755,2021-11-10,24,ACTIVE,2023-10-31
8d620ba6-89fc-47cf-bdd2-995612fcff49,CUST00007863,e2ba9fce-aebb-4f9c-8a35-653cf57a431e,STUDENT,5055.6,3436.2990063885486,0.1724,2025-12-01,60,ACTIVE,2030-11-05
899df4da-866b-4f44-96d0-0a821564b478,CUST00002297,3e9639ba-0ed2-4c9d-bd17-5712d8b22277,PERSONAL,10975.2,5378.968370349169,0.111,2021-07-31,360,ACTIVE,2051-02-24
5502ec67-42da-4572-8278-f61e17f2029c,CUST00000235,a1230193-5c53-4042-aa3e-0103c13d8929,MORTGAGE,44050.47,4843.611794926054,0.1316,2021-08-11,60,ACTIVE,2026-07-16
2da5ba63-d3ff-4631-a2dc-b06c8c85328e,CUST00005203,ee87905e-4ca4-45ea-8dfa-6a56d12dbc9a,AUTO,71330.96,65088.797290266695,0.063,2023-02-25,12,ACTIVE,2024-02-20
d9a9a834-7d91-4485-ad7f-1aa30b44cceb,CUST00009309,44725ab7-bc44-4417-914b-a9bb60f91495,MORTGAGE,15103.65,10167.858890195974,0.1472,2022-10-05,360,ACTIVE,2052-04-30
cd88e44e-23c4-4184-b48e-90aed680b541,CUST00009610,f35757c5-7836-4477-9b39-455032103c49,BUSINESS,8988.8,4907.822116906734,0.079,2024-01-08,360,PAID_OFF,2053-08-03
a2e13d75-b2e2-43cc-b873-335fca3f48a4,CUST00001292,22460ac9-4a7e-4bc2-9b6f-1c33bbb4c0ce,PERSONAL,186009.83,69631.03422337321,0.0819,2023-09-20,48,ACTIVE,2027-08-30
9ff5846e-25d7-4d5e-8498-b40a16e1cf6b,CUST00004728,9e45455e-24d3-4751-a729-4d3c46818a88,AUTO,299045.05,40329.18693517645,0.1346,2022-01-06,48,ACTIVE,2025-12-16
b88e33d1-6c10-46cd-9249-944e713db204,CUST00008721,1febc9af-b2a8-4456-884b-fa8ce3593ee9,MORTGAGE,95634.32,67663.03830395722,0.0632,2022-07-07,24,ACTIVE,2024-06-26
bcdc99ef-1485-4949-8bf6-40eaa244496a,CUST00002940,1d0bc9bd-e9b5-45cf-9766-5cdafe049059,AUTO,25033.68,20368.799428745064,0.0604,2025-01-12,120,PAID_OFF,2034-11-21
2a257ecc-75fd-4d83-9264-43bac298823a,CUST00005436,f6ff3521-c225-4530-952a-53459682d9ff,STUDENT,6552.5,824.4280142207933,0.0864,2025-07-25,60,ACTIVE,2030-06-29
d8e3cb62-fe24-4cd4-86bc-55dbae6c3a9b,CUST00006982,50d3802d-b876-4455-88b3-152d845a91b8,PERSONAL,6338.09,3134.614115408955,0.1601,2024-01-20,60,DEFAULTED,2028-12-24
c3f67602-0879-4480-87ab-777056724b4c,CUST00005393,b42a2d93-9aba-4f15-b214-90623e1a963e,BUSINESS,48231.67,23384.94129178005,0.0604,2021-11-03,12,ACTIVE,2022-10-29
c67a56e3-06fe-4fcf-87b1-326502f39ad2,CUST00009522,a2ef0f53-8138-4447-a376-324fc30f3c69,STUDENT,41257.88,14436.615268334437,0.1617,2025-02-27,360,ACTIVE,2054-09-23
dce61522-0632-418e-b0dd-be62aa35b738,CUST00007973,080aadfb-e7c9-4b26-9141-25c63a9bedd4,AUTO,180303.69,142321.25641073645,0.1452,2024-03-22,120,ACTIVE,2034-01-29
15690641-07c4-4918-b91c-6d9dcf41c7ca,CUST00001234,3967e60a-823d-4107-9c8a-c066cb2fafa3,MORTGAGE,58435.28,5816.050785092568,0.1422,2026-05-15,12,PAID_OFF,2027-05-10
be00b0cb-c1ef-4aef-aa38-746e528f2346,CUST00009946,9a0f09e9-eb8b-4c11-9fb0-ef34c8497436,PERSONAL,2310.87,473.7727761801666,0.1055,2021-12-20,48,ACTIVE,2025-11-29
14c08edd-95f9-4545-a315-0039ced7430d,CUST00002801,91d51b06-3059-4fbc-ad15-94cbdcc31cb2,BUSINESS,106715.47,171.04023843983924,0.1543,2022-07-28,48,ACTIVE,2026-07-07
7b1463c9-30bf-4f5a-b01d-e9361527690a,CUST00002776,236e9007-3468-4b6e-8609-0b78b5971e43,MORTGAGE,4929.09,1838.4785465461077,0.0224,2021-12-18,120,ACTIVE,2031-10-27
7060ee63-1927-4b44-8e2c-f16bf3fd9e32,CUST00006045,2d90e4ee-0de4-433e-92c0-620c1667c518,BUSINESS,12382.54,3605.5253111530724,0.075,2022-01-01,120,ACTIVE,2031-11-10
a5c5afe1-89fd-4534-a4f0-78a1c89d43e7,CUST00003488,cb53f0be-5e7b-4866-9270-54706a7be8b1,PERSONAL,32057.94,27794.041111679955,0.1422,2021-11-12,48,ACTIVE,2025-10-22
a17f2016-c997-4b86-8ea7-c6ed5f1d3663,CUST00007384,b599277f-f78e-49e8-b676-291d4e329b4b,AUTO,439547.57,327819.08046478074,0.1977,2022-09-08,36,ACTIVE,2025-08-23
069d887f-9ad8-4fa7-b7f9-0812bf9bd810,CUST00003851,4c1d2e43-0c2b-43e4-83e1-346d49902258,BUSINESS,2338166.97,197510.09988525172,0.0205,2023-12-13,360,ACTIVE,2053-07-08
5a744822-fd07-4913-a657-abb6b81f2807,CUST00004998,31a3ac4d-828c-47e7-87d5-b7be1d30d990,PERSONAL,54725.47,40549.1607010683,0.1118,2023-08-09,60,PAID_OFF,2028-07-13
1d7af727-ac13-44e8-a109-18c950168bd5,CUST00000891,39590149-077f-4e36-9a4d-67db9e33bdbc,BUSINESS,16734.12,11302.228353261436,0.1863,2024-09-12,60,ACTIVE,2029-08-17
a54680ad-8107-45f3-aa0c-e0e1cb70c67b,CUST00005921,b0d18df1-484f-4db9-b50b-9f519f310fff,MORTGAGE,49107.08,13834.656441633279,0.1754,2026-04-09,12,ACTIVE,2027-04-04
42c40e37-4ac9-4d23-80a5-c3374a3461e7,CUST00001189,187de0c5-c39b-46de-b043-77c39e9be9e2,BUSINESS,83406.63,1289.5311153007697,0.0242,2021-08-13,60,ACTIVE,2026-07-18
d0116cb3-8bb7-4cee-95c5-35c928c635ff,CUST00005645,9afa8267-4479-4214-b5de-f8074a965478,MORTGAGE,13615.97,1568.0478024366673,0.1153,2025-07-14,12,DELINQUENT,2026-07-09
938df7c1-ab0b-44fc-99b0-6cf925dfa1fb,CUST00000741,bdecb67a-ec6e-4294-b9da-c7798079cdc9,MORTGAGE,325402.13,81331.36130938945,0.0208,2021-12-05,120,PAID_OFF,2031-10-14
7dbb4c18-4984-40ab-ba0e-25398a3e50b5,CUST00001370,71127f4b-2df8-4502-8653-ee8561e30fb4,PERSONAL,31104.45,25400.589556866067,0.1621,2023-10-28,120,PAID_OFF,2033-09-05
139c4fd6-c49a-4d85-a906-612085b059fe,CUST00009582,0274ce40-e090-46b6-b186-a5a8d6ee526b,STUDENT,46472.44,21624.222383231085,0.0756,2021-10-07,36,ACTIVE,2024-09-21
c362f40b-d309-4fc5-acfc-4fb4268c3b15,CUST00002001,93162f53-e70a-4828-a6a4-cbefa437199c,BUSINESS,59807.5,54926.94044869964,0.1578,2024-11-24,360,ACTIVE,2054-06-20
c9ceacdb-9f24-4788-805c-c2d749fa68d6,CUST00001472,96fc734d-a003-4d28-8a8f-3653c9af18f8,AUTO,41455.67,32714.678115897103,0.1901,2024-09-11,120,ACTIVE,2034-07-21
780826ff-6123-4319-9069-c0570adea5db,CUST00001537,bdd640fb-0667-4ad1-9c80-317fa3b1799d,MORTGAGE,77529.26,22259.284723252764,0.1957,2023-02-21,360,PAID_OFF,2052-09-16
77a1cf7d-6f47-46b6-81d4-2b2f0a568d1c,CUST00000319,7d154385-52fb-443b-9954-6eb400257ad1,STUDENT,8726.5,7377.052859399846,0.1809,2023-01-18,48,ACTIVE,2026-12-28
0c81a3cc-9965-4f48-8b4d-2de206b868bd,CUST00005154,011c4544-7fb3-4be5-b6bf-2f7222778161,MORTGAGE,9533.31,1112.7740883362742,0.0567,2023-03-13,36,ACTIVE,2026-02-25
e2c350af-42e3-47d9-a97b-43bd00b73636,CUST00001895,4a85e443-3ba8-48d9-b4b5-5b8648a84587,STUDENT,4229.2,152.74821750406977,0.055,2023-10-24,48,ACTIVE,2027-10-03
a2fcab34-5868-4fda-a0bd-c6623ee07bb3,CUST00007992,dc8aee30-be60-43f7-a8be-9288e5af6e39,STUDENT,42584.77,25914.455915325736,0.1326,2021-10-21,48,ACTIVE,2025-09-30
b95175be-5c89-458a-96b4-4b0c576bd523,CUST00009468,3ee82983-d557-4241-91dd-b9bf613d2de9,AUTO,70855.99,24214.541062001328,0.1179,2024-10-02,12,DEFAULTED,2025-09-27
2663afff-87b0-4378-866b-9910841169cd,CUST00008593,8ece1128-56ce-4b42-bc9e-1dcbcb7e6268,STUDENT,43768.05,14418.319925135074,0.0217,2024-10-19,360,PAID_OFF,2054-05-15
1f79260c-9020-4de2-a0b2-55bf67ba189d,CUST00005936,2ce6f908-cece-45d3-9ea9-09ef7257dcb6,AUTO,271505.76,186580.98085390526,0.0905,2021-07-21,48,ACTIVE,2025-06-30
cc361369-2636-4245-a9b8-8f333c5d815e,CUST00000724,1e69d7ef-08b3-4111-beb8-62c6676c269f,PERSONAL,21842.35,18568.2653436476,0.1832,2025-11-11,360,ACTIVE,2055-06-07
fd9c635d-3a54-4890-82fd-a10144f801b9,CUST00002330,bcd4344f-cf8a-468e-b5ba-93573ca87f31,MORTGAGE,60060.79,19350.115369381718,0.1817,2025-08-26,36,ACTIVE,2028-08-10
0c8b2089-a94c-4612-9e9b-e593525706d0,CUST00009328,f27f3ad7-4890-4b6d-9240-ef02a9681fc1,AUTO,4283.17,1392.089452072115,0.0567,2024-10-28,24,ACTIVE,2026-10-18
2b94906d-d252-4321-8f64-710a5dbffb1f,CUST00002771,44fcc054-cfc1-4689-8953-4e152ea37b78,MORTGAGE,12324.57,6579.484503331775,0.0888,2022-10-06,120,ACTIVE,2032-08-14
bac70b9c-6015-4570-93aa-d0c7c8feedd7,CUST00007546,a0279a18-6576-4410-8d41-ee472a5fda18,BUSINESS,62524.05,40839.68419565752,0.1209,2025-08-02,12,DEFAULTED,2026-07-28
0a148b9f-b6db-45fb-8d73-7aa20ab832ea,CUST00004847,5820b3f2-5989-4d6c-8d24-34f9963dc8bf,PERSONAL,78720.05,15972.75437139338,0.1735,2021-11-25,360,ACTIVE,2051-06-21
681f9515-0d93-408b-b842-cbc6a0011ba6,CUST00000268,0b458c23-eead-490c-8f9c-78bf010d583f,BUSINESS,14172.37,12934.826646353637,0.1158,2026-04-03,120,PAID_OFF,2036-02-10
9a2363fe-6901-488c-bd8a-3090353a044d,CUST00000570,3be8a5df-5e93-4de0-83ac-e8751017ab44,BUSINESS,19783.45,12946.616578800089,0.1943,2022-06-09,48,PAID_OFF,2026-05-19
75c41c37-8eea-487f-9d3c-c9cadb247ea2,CUST00001974,485f7888-1e23-4a4b-9e21-741fb8011026,STUDENT,2260.16,1412.9657195817208,0.1638,2025-04-04,48,DELINQUENT,2029-03-14
ffad7df2-c959-45ec-9ae6-54b79e3b37e6,CUST00008738,e723ada3-8c32-4db2-942a-895e0fcf601f,STUDENT,12893.21,11657.984216905308,0.1916,2021-08-08,60,ACTIVE,2026-07-13
c7533bff-9fd8-4e61-85b9-cf380459be16,CUST00002823,ec4014c6-da60-49f3-8e40-b29426b94955,BUSINESS,83748.6,75982.18032867463,0.1517,2021-09-15,360,ACTIVE,2051-04-11
db2d0fff-f047-44e9-b3fe-b7dea2e0f358,CUST00004461,8a3c3b5e-801e-41da-85b1-ed25f1533ae8,STUDENT,52198.42,7075.502127512152,0.178,2022-06-19,12,DEFAULTED,2023-06-14
20323ec5-2f4c-4a5e-869c-4218ecb55c92,CUST00000271,11e74656-9026-4d4c-88ba-135ebd3b17eb,MORTGAGE,46676.62,6771.634170576751,0.1696,2021-10-24,12,PAID_OFF,2022-10-19
cd4f75e6-448f-4dbc-8f8a-ce7c1084061b,CUST00007642,fc737d92-11ab-4d11-a4eb-8000ef40d162,STUDENT,23733.92,18084.029464749547,0.0657,2026-05-03,36,PAID_OFF,2029-04-17
dd811c65-1f56-4aa2-ad9a-7dd60c075053,CUST00008931,63d62a39-c0e3-4efd-8c71-e0fe5a0cdd7c,BUSINESS,22261.07,21301.171449350513,0.0613,2023-09-13,24,PAID_OFF,2025-09-02
8750be7b-d5bb-43a4-80b8-7dc36444ea5b,CUST00006681,7942000a-cf24-4413-95b6-54383ecd0888,STUDENT,8180.58,5452.46846817076,0.1756,2023-03-21,36,ACTIVE,2026-03-05
ea4cd607-8e48-4a8c-a3e4-79461fcfcb8e,CUST00001258,2ba4d656-610c-4ade-bed9-9a6b6c3786c2,STUDENT,62833.44,25844.461952963706,0.0352,2024-10-11,36,ACTIVE,2027-09-26
42f8bae4-0145-43df-bd0e-be4e877f867c,CUST00008251,9afa8267-4479-4214-b5de-f8074a965478,AUTO,41417.53,28307.7692707733,0.0935,2026-04-03,36,ACTIVE,2029-03-18
f64f98b4-4237-45ff-bbb8-90dea025e80b,CUST00005371,295d6fbf-430f-401d-bad4-09e2a319dcb4,AUTO,46075.11,10542.518549900926,0.1677,2026-02-03,24,ACTIVE,2028-01-24
8c277f18-2d6d-4a43-a4ce-98efdb60cc10,CUST00004859,50032b35-1857-4baf-bac7-e2b96a7e4c36,BUSINESS,10006.08,9985.730633180669,0.1664,2021-08-20,36,ACTIVE,2024-08-04
e1656eaf-7f9a-4ca7-b940-964ff2cd4e4b,CUST00008582,25637cc3-ca97-4bf5-95d5-96afa663d2cd,MORTGAGE,871.3,375.60455032056245,0.045,2023-03-05,120,ACTIVE,2033-01-11
31a08f66-8402-437a-bfbf-7804ee4f72dc,CUST00008911,30a5648e-efe9-43d0-b639-08bf03ece8ff,PERSONAL,114202.57,106400.93591951948,0.1078,2025-09-12,12,ACTIVE,2026-09-07
300c0f07-c38b-4bdd-b7da-bc6860ca5ead,CUST00007000,edd32be9-2905-4dd7-877b-1426b73c62ab,PERSONAL,10740.14,4626.831399484344,0.1064,2022-05-20,24,ACTIVE,2024-05-09
66534f79-106d-4d9c-a5d2-74e88740108c,CUST00000121,3c1a8ce2-95ec-4c2c-8798-3bc0579744ba,BUSINESS,6038.05,5604.15440540323,0.0783,2025-03-31,48,ACTIVE,2029-03-10
ac49b6e2-27a4-474d-be02-99f6448e8117,CUST00006909,b4522738-e073-49de-aa8f-7654155287c7,MORTGAGE,62331.26,20923.696531099406,0.1851,2022-01-08,60,PAID_OFF,2026-12-13
666bd0ee-b257-4bf7-a439-680010c69c57,CUST00002304,9bafcc20-0e16-4f3f-938c-c0ca17acd7e9,MORTGAGE,12234.08,9304.543717717912,0.1376,2025-06-26,60,DEFAULTED,2030-05-31
b9da7480-4b8f-45ff-ad8b-0dd99e7badb8,CUST00004862,493e904d-30ec-4796-a59b-457fc0d7ac73,MORTGAGE,108001.95,102710.07179409795,0.1964,2021-09-04,360,PAID_OFF,2051-03-31
a52aea24-9248-4bee-858f-ab602bbe35ea,CUST00002912,7a199807-61d2-4319-8bcb-329396512240,AUTO,55576.12,35901.0996890894,0.032,2023-08-02,120,ACTIVE,2033-06-10
4eb818dd-bb05-40e4-aabf-222fab640937,CUST00008992,05c14422-4ffe-4dfd-bedc-acb7a8b331a0,BUSINESS,61411.6,41610.36461919638,0.091,2021-09-21,12,ACTIVE,2022-09-16
054d35aa-2899-4ac0-8c2e-a4dc685b2cbc,CUST00007237,40afbf3f-3df5-4967-8d86-70bda2224f96,PERSONAL,2838.6,292.0528959711744,0.1703,2023-02-12,60,PAID_OFF,2028-01-17
c1a8a33b-6b77-4e6e-a123-61753e22a676,CUST00005566,032a09e0-5071-45f0-a7ac-590c42f90f92,MORTGAGE,135661.21,64333.25183839086,0.0961,2022-10-27,120,ACTIVE,2032-09-04
b8e55770-5e46-4f1c-a169-20d1b78cbafc,CUST00006532,0426fcc9-255b-40e2-bdc2-b74b38a56b49,BUSINESS,32593.75,28902.68401714123,0.0671,2025-03-27,120,ACTIVE,2035-02-03
6e4ebe99-8740-4c48-9854-83efb9a893f3,CUST00001110,3066478c-4aa0-4842-857f-dd20a50a0a29,PERSONAL,12658.5,3049.5571619265456,0.1996,2024-05-16,60,ACTIVE,2029-04-20
f5f5431f-4f40-46ed-9aa5-d4e236c077aa,CUST00006930,46b821c7-fe73-4856-b1fc-fc366ad3cc40,AUTO,27312.03,21531.79427555633,0.1772,2021-08-20,60,ACTIVE,2026-07-25
76435b4e-1508-4aec-8079-3ca3c73e54ab,CUST00001251,33bcb8a9-c71d-4564-8992-b886c8f216c1,STUDENT,1534.02,1036.5524790209618,0.1184,2026-06-17,120,ACTIVE,2036-04-25
63e31ac9-d271-42f1-8a70-7ba8df9a09f5,CUST00008178,49793220-d14b-4771-9ff0-287a4d334878,PERSONAL,40659.15,9066.419788280224,0.1211,2023-07-21,120,ACTIVE,2033-05-29
a1b2a7e5-fb72-425b-b209-329d4aa7f4e2,CUST00001650,f3d04ffb-4470-4848-929e-cc924a11be44,PERSONAL,4702.94,1329.9500709029205,0.0212,2026-01-03,48,ACTIVE,2029-12-13
f23657ec-5acc-4d2f-a81b-a82763cf3b51,CUST00007352,4cc9f5f2-e42e-4037-8a55-2ea08acbbe09,PERSONAL,2895.74,1238.1052009155073,0.1966,2022-07-28,60,ACTIVE,2027-07-02
4a658a7d-c1f5-4014-9fa8-81b0c0133339,CUST00005912,11defebf-9e98-461d-88fe-bf6d199c8d94,STUDENT,2245.0,280.91508884402907,0.1651,2025-03-30,36,PAID_OFF,2028-03-14
2fc44d65-0ad5-4e56-9f9b-87b0ddc418d2,CUST00009538,78ea47e2-cbc4-4d42-9c39-b57dbc0dbd13,MORTGAGE,116895.14,106768.66565329021,0.0266,2022-03-30,120,ACTIVE,2032-02-06
b89b9722-3aa4-4cd7-89e5-8ebc673d4de0,CUST00002957,ed56c714-5a96-41f5-9f8c-eda5feb9ea24,STUDENT,8570.7,6336.812225791066,0.0517,2022-03-21,12,ACTIVE,2023-03-16
8b20cc44-5705-4300-9e79-e796acfe02ea,CUST00005829,c3101e2e-7107-414f-b54a-31ba4ac8927e,PERSONAL,219825.99,80228.5945977459,0.1678,2022-03-23,12,ACTIVE,2023-03-18
31116b6a-4b38-457b-afdc-4da3aee51b7a,CUST00004995,a4d78f64-1fb0-46cc-a529-2f568fa09a4c,AUTO,9860.56,2954.869596384294,0.0356,2021-09-23,360,DELINQUENT,2051-04-19
baafe28b-e953-4b78-9d8f-5010f58f56a0,CUST00006437,31f3f0c0-22f3-4068-bc0f-549d02740f73,PERSONAL,1700.99,1172.9667626126509,0.1895,2026-07-01,120,ACTIVE,2036-05-09
7846e9c5-15a8-4b98-ab2d-96a005f4a2d0,CUST00008677,5ea2d56b-42aa-4bc7-b0de-13fc2060917a,AUTO,4126.62,1750.5985409486204,0.2,2022-09-14,12,ACTIVE,2023-09-09
cac6a853-6943-4ab7-8ec7-5bdc6094d74c,CUST00007615,1327f1bc-2784-478f-b84f-16b3a79fbfaf,BUSINESS,140606.07,32246.11408284469,0.1796,2026-06-06,48,ACTIVE,2030-05-16
8352aaba-4a64-4fcc-9cf3-15c647a029ae,CUST00008995,c1ff9427-9477-49d7-9265-80c067dfc9af,AUTO,17433.57,7499.063262520707,0.153,2022-03-12,360,PAID_OFF,2051-10-06
87c5577f-d091-4dcd-b5c0-b4909361b11d,CUST00001716,73131038-b2df-4075-9b8f-abe952377d88,PERSONAL,9677.6,8432.063684834766,0.1077,2024-11-12,48,DELINQUENT,2028-10-22
05c208e0-eb05-4b48-aa90-f6488155db84,CUST00008151,96792482-a3c9-48e4-8d22-38e6c7bf4fbc,STUDENT,28001.89,1921.1154896620374,0.0348,2021-10-11,120,ACTIVE,2031-08-20
1be52474-bb14-4720-b9d2-6141c5a435cb,CUST00003484,af76b6c2-dd6d-4b41-b692-a531c6097cd8,PERSONAL,46754.89,17222.549332258597,0.1515,2023-06-07,360,PAID_OFF,2052-12-31
b28935e7-8e5b-4f68-bdcf-3be05e4d9d2f,CUST00007676,f481b9cb-93ab-4d5e-adfc-1dc4f8c43f7a,PERSONAL,117724.01,113290.455858667,0.0914,2024-10-25,60,ACTIVE,2029-09-29
d4961e60-2daf-43de-84cc-98eb803f8f00,CUST00001758,7bd7b4bf-8e0e-4bb7-8f20-c5e75ec646eb,BUSINESS,193445.06,2869.146653536952,0.1226,2022-01-07,36,ACTIVE,2024-12-22
b9ba04a8-54e0-4a94-8682-ca38fb780253,CUST00001810,52ce55e3-69df-45c7-a4a0-053f22a37556,MORTGAGE,12840.34,11436.124494808808,0.0728,2024-11-09,60,PAID_OFF,2029-10-14
9c2f3381-7736-4b28-a25e-75c8f8f431f9,CUST00005540,84909370-e430-4b91-956f-e90eb5ccdbe6,PERSONAL,3013.71,1129.640065738971,0.0636,2024-08-11,12,ACTIVE,2025-08-06
ac7625b8-0fc0-4f77-b27b-14fdd4edc9d8,CUST00006049,c4767556-f97b-42dd-8f9b-72aed85c16bd,BUSINESS,11846.67,2245.1596285979304,0.0784,2021-10-09,360,ACTIVE,2051-05-05
4a298783-099c-4929-9705-9671b031a179,CUST00009863,7bb775d4-9172-4023-89b1-85d6fa6d81ee,STUDENT,32546.36,487.536253923094,0.1665,2021-12-01,36,DELINQUENT,2024-11-15
fe3d81d8-0eb9-4aed-a39a-d4dfafd3ec8b,CUST00001152,11489054-7b6c-4596-aa97-435dd9ff74eb,BUSINESS,5189.34,365.9667942108284,0.0968,2025-05-02,12,ACTIVE,2026-04-27
34634757-3d23-4e3b-8a97-a245da5bf081,CUST00005493,6e191042-370b-4063-9d90-e79eb888f6ed,BUSINESS,5241.03,900.6362271999182,0.0761,2022-10-27,36,ACTIVE,2025-10-11
f840596b-357c-481a-b754-85e6ea9ed202,CUST00006712,7b92a41d-bb19-40fe-85cb-fedd5268c879,AUTO,36889.48,937.3335910186826,0.0979,2023-01-28,120,ACTIVE,2032-12-06
31bf8a3c-5ae5-4068-92ed-9291c3da1521,CUST00006303,a2ac7896-7f38-4a3e-b3a6-74036f9d1d74,MORTGAGE,20476.26,6876.949219976637,0.0258,2022-08-29,24,ACTIVE,2024-08-18
964d9921-41f9-4f45-86b5-dd45d41a4093,CUST00004748,bca37653-50c7-4baa-aa3c-6137e48623dd,MORTGAGE,23137.17,1038.6996191104147,0.1803,2022-01-17,48,ACTIVE,2025-12-27
1f473751-b579-4849-a22b-c2f850a8ad59,CUST00008403,a51e01ad-7e8a-4078-93d1-06cb61004ffe,STUDENT,7060.4,4887.3222830467475,0.1193,2022-09-06,360,ACTIVE,2052-04-01
ce8437fc-38cd-4ced-ba7b-c404650c5ea2,CUST00004682,706ad042-ae6b-4455-9cdd-d7c2d25a0b3f,BUSINESS,15590.22,12766.942059613977,0.0389,2022-05-31,48,ACTIVE,2026-05-10
170e0447-1a28-4f20-8e52-9b862433d80d,CUST00002508,f6c8b8b9-d915-4664-bd27-4ad5a9a54c24,STUDENT,5506.31,4886.651476998738,0.0719,2022-06-13,360,DEFAULTED,2052-01-07
746a18dc-9990-4c0d-b618-1e8e18360f46,CUST00002964,58e9bbad-35b1-473c-ad56-cfd579ab3018,STUDENT,83725.4,45975.97660292998,0.197,2023-06-09,120,ACTIVE,2033-04-17
e0ebb3c7-b8a3-43fa-b769-44b886b5ca8f,CUST00003429,33ffb402-a5d5-4bf9-8a3a-bb3ac439dfcf,MORTGAGE,104075.72,98508.66198516414,0.1268,2026-05-29,12,ACTIVE,2027-05-24
0c5f606f-8b5c-49ef-9faf-f7a0c991484d,CUST00007495,075dacd4-255c-42c7-8ade-e3ec68950908,MORTGAGE,1381.21,7.797552767655557,0.0725,2025-07-11,12,ACTIVE,2026-07-06
3db87d15-32d8-4ff9-b9c0-48829b40bb90,CUST00003956,35b33f54-2513-4cd4-a5b0-15b44a84525f,MORTGAGE,5462.89,732.1273519671643,0.0967,2022-05-02,24,ACTIVE,2024-04-21
adc4b86d-a180-4e9b-9767-370097e3ab40,CUST00003706,4c4d6e40-24e2-426c-a250-d133f5cb5be4,PERSONAL,2333.69,684.1585175719295,0.0665,2025-03-17,60,ACTIVE,2030-02-19
227c27df-377f-4ac2-be19-cad732af7b95,CUST00004039,7f13de67-9008-4dc9-9d42-1bae2134e15b,BUSINESS,8307.92,6555.151941800444,0.0257,2022-10-24,360,ACTIVE,2052-05-19
ffdb88d7-52b1-431b-a4df-08c567adb841,CUST00009245,946b4482-97bb-4fbf-b1df-c82cb8addf54,STUDENT,19435.24,17207.750431895147,0.1716,2025-09-14,36,PAID_OFF,2028-08-29
681a035f-e1e3-466c-8a09-bdc139c8a117,CUST00000714,71a91c81-4eee-4680-b0ba-8fe363ff910d,BUSINESS,2503.72,1547.635588424053,0.0726,2023-08-08,120,ACTIVE,2033-06-16
13abd39b-b92e-4cab-88e5-dd93dad50f42,CUST00007261,988c24c9-61b1-4d22-a280-1c4510435a10,STUDENT,5525.95,2117.744877387679,0.1709,2022-12-16,24,ACTIVE,2024-12-05
c002c7fc-eb0a-47f7-9578-320ef4ca37a4,CUST00007012,f1f71605-a79e-4626-b707-ac0e0d96feb3,STUDENT,4885.68,3253.108548528361,0.1061,2022-03-04,120,ACTIVE,2032-01-11
7f258778-8140-4ce5-82e8-118f9ca3d9d1,CUST00008880,68e8f311-5295-4a96-887b-25d79cf023dd,STUDENT,30058.51,5437.565582988129,0.0529,2023-01-23,24,ACTIVE,2025-01-12
fdcdd45c-53d3-4d79-b632-090ac22664f4,CUST00008522,1f20c257-ed34-4e32-8126-fa8fbddfd7eb,STUDENT,24440.98,11190.890551665369,0.1643,2024-01-17,12,ACTIVE,2025-01-11
f5f30d6e-7632-44d4-9866-177e63abd48f,CUST00001747,a52964ff-c74c-4890-bc6a-3174113634a5,AUTO,7460.62,3786.5936508327036,0.0879,2023-01-13,12,ACTIVE,2024-01-08
c766dd63-683e-4858-9bbe-b0d9802ccb52,CUST00001208,97feb937-a6d9-47a1-b4ec-fe8d16d1f5ca,AUTO,28716.62,3011.5470027150654,0.1474,2025-07-25,60,PAID_OFF,2030-06-29
8643eed7-dd30-44fc-b864-aaf78d73e7aa,CUST00000785,319ec58b-4c03-4d16-b8c4-f346e5dd614c,PERSONAL,9700.96,328.5973219033937,0.1707,2024-08-03,360,DEFAULTED,2054-02-27
e958c745-02bb-457d-8225-51d2e44e923a,CUST00002697,cec3a6f4-9262-4536-a14e-21f714f16d92,MORTGAGE,14654.71,10992.57853307216,0.1933,2023-09-07,360,DELINQUENT,2053-04-02
06cd3e3b-d202-4202-b56d-98962f50f0fb,CUST00007074,7250ee18-260a-4962-9d81-b7f57d5911c6,STUDENT,271082.41,144949.48851586925,0.0354,2021-07-26,120,PAID_OFF,2031-06-04
960a035c-0786-4459-8f89-321cff4ca29e,CUST00005037,d61a080a-3fec-4a37-95be-a8dc33e88249,BUSINESS,164504.23,54654.67182862933,0.0215,2022-11-10,120,ACTIVE,2032-09-18
6a3eed4f-c754-4e4d-95a7-97311b53b124,CUST00007128,27ad8d51-98a1-4e4f-b03b-693479ab56d1,AUTO,3135.76,1371.044054017768,0.1187,2024-02-07,60,ACTIVE,2029-01-11
d66cbda1-20be-4394-8cbb-ca011cacfd9f,CUST00003719,6ab76840-f5b5-4c71-a3ef-5e69b61d56f5,MORTGAGE,76465.78,73231.53850231097,0.0676,2023-09-09,12,ACTIVE,2024-09-03
035bd879-eca0-4912-861c-53de98e1e160,CUST00005776,9950f11a-1114-40da-b87a-e6defe8c9aab,PERSONAL,74391.34,28634.25127713315,0.1044,2022-11-17,48,ACTIVE,2026-10-27
5577526f-6096-46ba-b03a-c41d3e9011e8,CUST00007911,9e3bc735-071f-4a27-a72e-31b197e1bc36,MORTGAGE,3934.76,407.16592186820014,0.0331,2025-04-08,60,DELINQUENT,2030-03-13
7f527025-b3ed-4b04-a307-840278e6e25e,CUST00002694,23a13e20-7fd2-45ee-ac48-436668bd80d7,STUDENT,75219.55,34871.94732577391,0.1103,2025-03-11,24,ACTIVE,2027-03-01
d2b2cf4b-489d-4b8a-bab0-dbe0438e1bb9,CUST00000626,7d154385-52fb-443b-9954-6eb400257ad1,MORTGAGE,221216.66,143359.09669925092,0.0425,2024-06-16,12,PAID_OFF,2025-06-11
f5dab6fe-1ea4-489d-9898-2e99fa9fdbb3,CUST00003709,d6de0902-ea89-4692-9176-37b264d88360,STUDENT,4089.52,49.53683055282836,0.1709,2023-04-29,120,DELINQUENT,2033-03-07
eaab0629-6a5e-4c28-a86e-8c8db98b06f3,CUST00006860,7fcbcf31-93ac-409a-afc1-0403dcda8cc1,AUTO,5562.18,1848.538016105237,0.1567,2023-09-23,120,PAID_OFF,2033-08-01
ae1c64c6-9efd-49e9-a1dd-2f7f00c976e5,CUST00008954,4cc57e0d-2633-4018-a883-ac6e6a944054,AUTO,101365.92,39888.95122978956,0.0333,2023-10-24,36,PAID_OFF,2026-10-08
9c1817a3-5e2f-4318-a44a-79cd36b528a4,CUST00007693,8222cd7f-36e6-4a85-99ab-dc15296b67bf,STUDENT,33098.49,15348.2611853695,0.1705,2024-11-22,36,ACTIVE,2027-11-07
e2c94a44-2248-4e75-9885-dca5cac5ebc7,CUST00006399,c4615234-8044-4eb2-b66e-dbf4a0ea0251,BUSINESS,50373.19,15196.795207960136,0.0785,2024-09-01,48,ACTIVE,2028-08-11
9a8b8524-4fac-40ff-9385-3f450ed57c8c,CUST00007253,2ecaf629-44e2-4691-92de-d495e4f1e8e8,AUTO,36712.91,24484.656852054344,0.0835,2025-11-16,120,ACTIVE,2035-09-25
deef7995-1f88-4ed9-8efa-bf951227557d,CUST00001556,ad973b67-9b89-45cb-9942-644c248d31ec,BUSINESS,39578.6,37390.26848215443,0.0524,2022-10-03,12,PAID_OFF,2023-09-28
93350c77-c599-4a45-a3a8-68d786a56845,CUST00008868,1e0914d2-e5c9-43b1-a898-dac4f736df7e,STUDENT,3011.8,2752.7797065964146,0.1704,2024-11-07,120,ACTIVE,2034-09-16
4ad07831-8a0a-4ef0-9bdd-fef5496e186a,CUST00004188,27aa7cbc-2337-4bbc-bffe-77c839feb99c,STUDENT,105976.91,70410.36112580783,0.0928,2024-04-17,120,ACTIVE,2034-02-24
87a6c63c-65a1-4e9c-bb39-b8aa39d0eb01,CUST00007768,6f07b60f-9d4e-4b5d-a120-bfba1689e0b8,AUTO,127310.59,64531.7095224235,0.0288,2024-09-01,24,ACTIVE,2026-08-22
06c0965d-d68b-417e-97cb-97197a3367d0,CUST00000037,3d0a5f0c-0c39-4ec7-9f31-74054d183eba,BUSINESS,15613.85,12894.153511991102,0.1939,2022-06-06,48,ACTIVE,2026-05-16
ff36fe7f-c1ab-4f4c-a3a8-bfbe96289af2,CUST00001788,eb4d8f42-8735-40a2-a511-09611869a217,STUDENT,20635.84,17250.26605869926,0.0661,2023-11-26,24,ACTIVE,2025-11-15
d0a05417-2bac-4c89-b1d8-3f7868437031,CUST00006284,1a9b0d42-154f-437d-befa-c198c3d6cd54,AUTO,2215.73,1838.1099003241827,0.1885,2022-09-13,360,DELINQUENT,2052-04-08
37309e25-f10c-44f0-a85d-9795b9138441,CUST00008061,08e3f771-b6dc-4d05-9a9b-ccc1e71c681a,STUDENT,47637.81,7519.4347974942675,0.0742,2023-07-26,36,ACTIVE,2026-07-10
25db9dbd-817f-4e3b-9a1a-59cf9b480ff5,CUST00008066,6e663c0a-c1e0-44a1-bbf8-20f6c6523c3d,MORTGAGE,51952.55,1321.274986223265,0.1697,2025-05-31,24,ACTIVE,2027-05-21
4667b057-7387-4e41-bd79-f8b612d0ff7d,CUST00003881,ba5c865d-b834-4070-a0e5-f6e504c44853,MORTGAGE,20064.62,19727.402153100124,0.1396,2023-03-20,36,ACTIVE,2026-03-04
13a5893a-6b13-4d0a-9673-28bc55cf185a,CUST00005933,96ef2ad6-b97e-4703-86c8-adfe7bf47042,AUTO,118958.51,114159.03323821544,0.175,2022-06-06,360,ACTIVE,2051-12-31
0956f0e5-ef0c-4132-8151-55db179c0a64,CUST00008329,cd0d4d73-ca1c-4218-819d-11c545e18b77,STUDENT,13344.83,7531.534616222192,0.1957,2023-06-17,60,ACTIVE,2028-05-21
bb10f0be-db76-4604-befa-e203b206da83,CUST00006334,e914ae70-f797-4ec8-a41e-f111d94296b6,AUTO,51375.1,51018.74775272608,0.1769,2026-05-05,360,ACTIVE,2055-11-29
893e2de8-8509-43a2-a14b-1e1c4b403399,CUST00005760,ceef7261-bb15-42ea-8991-2f464ce6928b,PERSONAL,4771.92,3676.9888538686496,0.0927,2023-05-25,36,ACTIVE,2026-05-09
0af87147-bf44-4a67-b0cf-99906841667c,CUST00006486,c655a597-7ccc-43de-82ac-7e1dac565da6,AUTO,21261.89,11000.480548767084,0.1666,2023-03-16,120,ACTIVE,2033-01-22
0570ea72-a167-40f7-9de8-f62bd45f8e7f,CUST00005068,26996aab-daaf-4529-9eef-f82a0dd70158,AUTO,16957.55,6602.101037634551,0.1481,2025-10-11,360,PAID_OFF,2055-05-07
3cd68ac3-5665-4d0b-8ac2-9f1dc72c3764,CUST00000662,bca83a82-7899-4035-bddf-8484f0c44ecb,MORTGAGE,30883.02,18309.40635605251,0.0311,2022-11-17,36,DEFAULTED,2025-11-01
6dbd4921-653f-4313-af82-fab37e0c5286,CUST00007974,083ed925-c90d-45aa-914c-c11c05f30bc5,MORTGAGE,12653.76,6526.836001970575,0.1874,2025-05-12,360,ACTIVE,2054-12-06
be66de49-ca6d-4803-b75e-a48f6f747d68,CUST00006387,54c3b22e-4c66-4a4d-9a70-ea8ad6881d3e,STUDENT,18084.15,17972.073963243438,0.1039,2023-06-29,120,ACTIVE,2033-05-07
18927ebd-b195-4d60-84f3-6ac60bde24e2,CUST00007888,92a593c8-1db9-4330-b127-6a5cbe9f44cb,AUTO,76044.26,37296.691790288576,0.0442,2022-05-01,48,ACTIVE,2026-04-10
6d3026db-20f8-460c-bf10-545a1dd3c5d2,CUST00000415,1ee93260-3002-4831-b227-e8d89c60c81b,AUTO,11439.8,9562.77004176384,0.0966,2025-06-24,120,ACTIVE,2035-05-03
f0582911-0499-4aeb-98b6-a5b0c7c22f1b,CUST00006851,e31db345-7b6b-411e-8aeb-99597ca2f582,STUDENT,1978.58,1609.8198239848614,0.1286,2025-11-26,360,ACTIVE,2055-06-22
dff4cc91-3164-4c14-b1a0-051f0acae683,CUST00008535,18f1a1e4-1d30-4290-b3d9-2aceb7461b72,BUSINESS,303876.26,21698.671333476585,0.1231,2024-02-05,120,ACTIVE,2033-12-14
e28b40c6-852f-48aa-8e2d-df52fd8190c8,CUST00002730,7464d6f2-11ea-4c00-863e-cbe2a8d99292,STUDENT,174936.99,15220.701982952212,0.1235,2024-08-21,120,DEFAULTED,2034-06-30
65d8350a-63fd-407a-9c7f-9aef3403bfdf,CUST00003898,63d62a39-c0e3-4efd-8c71-e0fe5a0cdd7c,MORTGAGE,3170.38,2091.8487917640505,0.0661,2023-08-17,48,ACTIVE,2027-07-27
d173bd6d-16a0-4e13-9b80-5cc7e2712ff8,CUST00002170,7ec391ef-44ad-4484-b112-3048e128b9a8,MORTGAGE,61979.67,16059.428751811753,0.1339,2023-01-16,12,DELINQUENT,2024-01-11
62e38426-06fb-42ac-8342-adc9df09451f,CUST00001879,9e15ebcc-66d1-47f6-8659-010a4ede79b6,AUTO,10358.24,6810.822831880956,0.1833,2022-11-16,360,ACTIVE,2052-06-11
129b1e2d-74a4-4600-af56-2306276c01fb,CUST00006455,fcc1c48c-7303-40ca-a992-6bade6335f58,MORTGAGE,32703.29,4729.742563244723,0.09,2025-06-16,12,ACTIVE,2026-06-11
367d9053-bec2-440d-b0b8-1b2952044e75,CUST00004571,b1b2b9c6-7120-421e-86cd-6214237befd1,STUDENT,34246.38,13598.149394816299,0.1335,2023-05-23,360,ACTIVE,2052-12-16
c4811514-2cee-4a3a-b3e9-d42f19960b40,CUST00001516,68e8f311-5295-4a96-887b-25d79cf023dd,AUTO,15496.79,1587.9601984916467,0.0639,2022-10-15,36,PAID_OFF,2025-09-29
572d3274-e5c2-4467-8107-e87337f66fc4,CUST00000575,dbc21e42-fd0d-4cb1-8916-7a93ada63c4b,STUDENT,6797.78,1917.6066757158167,0.0287,2025-10-15,60,ACTIVE,2030-09-19
6e06f176-d140-4967-8d53-48d15b15674d,CUST00002868,a7e29299-2bf6-4915-8367-ee2c1ddea07d,STUDENT,7818.03,690.3210264194772,0.1254,2025-01-12,12,PAID_OFF,2026-01-07
6fad7460-2ef3-4ed1-8cdf-e58d8252caff,CUST00003545,ff37d19c-2e76-428b-8735-44f9ea83bf00,AUTO,5573.13,5409.161020641841,0.0286,2022-05-03,36,ACTIVE,2025-04-17
a05a53c4-7c42-43c7-9bd8-978e92714fea,CUST00004478,83d0bae7-7c2c-4bcf-8770-d18fc9160147,BUSINESS,6325.01,2498.748548874485,0.1502,2025-12-07,48,ACTIVE,2029-11-16
c3575ff1-6caa-4c8d-bc3a-aa22d8f148fb,CUST00000072,600b4b35-6a0a-47d5-a0b8-575544caa5a2,MORTGAGE,19915.08,17947.24640779381,0.1407,2025-06-06,12,ACTIVE,2026-06-01
24812872-e704-4b7d-a4e7-13588fb6002d,CUST00002981,c2294116-1152-4a73-91fc-dedd61022b56,PERSONAL,7527.81,7310.7965546130545,0.0865,2026-04-15,12,ACTIVE,2027-04-10
86451dda-fbe2-4c49-b5fa-d47f9f0590b5,CUST00009310,ed92b753-bb64-4511-a1ec-ff07a60c1329,PERSONAL,61271.99,55730.71421570998,0.094,2026-02-28,120,ACTIVE,2036-01-07
bfe9efdb-4a57-4541-8387-4957d4d61370,CUST00005493,a98afcb0-3ef5-47fe-85e4-307a73e5550d,PERSONAL,205021.32,93276.4309351171,0.1852,2023-07-06,360,ACTIVE,2053-01-29
3dfa45fa-1da6-40f0-8a53-d7c4f68fa05b,CUST00009552,1e245a97-273e-46f4-85d4-bf0f0a4fee3b,MORTGAGE,9227.29,7187.111245005942,0.0224,2025-02-20,120,ACTIVE,2034-12-30
0144fe67-8df5-49a0-a577-e1b64dd35982,CUST00004760,81c974a0-ed6a-439f-b560-4484937749f6,BUSINESS,31542.99,4848.141279089947,0.1214,2024-11-16,36,ACTIVE,2027-11-01
728ac5fd-fc32-464b-871e-8c56cb3738c2,CUST00009708,4f3e2a2c-ded6-4d2a-842d-5f032482e8d1,STUDENT,46608.01,4419.959413211823,0.1862,2023-03-26,120,PAID_OFF,2033-02-01
4c6694ab-57b5-4de2-b1ae-84bec7be05c6,CUST00008085,1e26ed31-d9e9-4758-b6b9-04364b46ef33,AUTO,44712.28,39208.2639620585,0.1845,2024-05-07,36,ACTIVE,2027-04-22
aac782ac-dce2-4b06-ba15-422e3cc7edc8,CUST00000040,f3abea0d-5be9-4db3-9d92-dd7c0db977a9,BUSINESS,24684.55,768.1867926191201,0.1252,2025-01-13,24,ACTIVE,2027-01-03
e4cb277f-bc95-4041-8cdf-b034e9a84c51,CUST00009575,252151f9-5f39-4d2b-9f25-210ea82e2d61,PERSONAL,67105.66,65248.66861800618,0.0886,2025-01-15,360,PAID_OFF,2054-08-11
0bce8eeb-684f-4e52-a2f1-5aad8752d9fb,CUST00005374,3139d32c-93cd-49bf-9c94-1cf0dc98d2c1,MORTGAGE,45404.81,30518.111118873832,0.0378,2023-07-31,24,ACTIVE,2025-07-20
5fd24b9a-a527-4af5-bbd6-df9b36430f4d,CUST00007566,6b2d5b09-8707-4ad4-80be-7e3561c2645a,MORTGAGE,3440.96,1443.8716221186392,0.0513,2025-05-08,60,ACTIVE,2030-04-12
0daba507-1fc7-437c-b94e-b6f89d506e83,CUST00001901,67b4a019-a452-4530-a717-5804502d3281,AUTO,81124.0,11468.931977336722,0.1423,2025-12-12,360,PAID_OFF,2055-07-08
7397b987-5edd-4492-aac2-33021a3bc8d8,CUST00002218,1a5165ca-3c7c-4d85-a5cf-0041d0a643fe,STUDENT,83361.03,60289.2936716703,0.023,2024-06-04,12,ACTIVE,2025-05-30
9b0dfaab-049f-42c7-b1a7-d537b0ec7074,CUST00004797,eb2263dd-87c5-421e-ac24-a3c5c754108f,BUSINESS,7009.84,3947.323300486799,0.179,2025-12-25,24,PAID_OFF,2027-12-15
5e452956-81e4-4e99-8c28-6323d27f6d1f,CUST00004607,216e9fe5-93f3-4596-8c1c-8b0556771f36,BUSINESS,23316.27,16580.829309916222,0.1258,2025-04-13,36,ACTIVE,2028-03-28
b521d095-94b2-4af0-9080-9121fe41bb81,CUST00001284,a854027e-5667-4e49-8133-8bdc66cc7376,BUSINESS,61389.46,25656.018525568423,0.0281,2022-04-24,120,ACTIVE,2032-03-02
4927db4a-4a12-40d4-8da4-2f8510995969,CUST00008776,ec6a37ad-81b1-4db9-88cc-4d49669b29b8,STUDENT,16091.22,1066.2055737514033,0.0632,2022-07-22,120,ACTIVE,2032-05-30
0409b7c8-ef59-44b5-ae89-015e92f765e7,CUST00008651,fea82e3a-b544-41cb-9541-0a9d090aaa93,STUDENT,110135.54,34689.63339264261,0.127,2026-02-05,12,ACTIVE,2027-01-31
fdecc58d-73fe-41a3-bed0-24cbb6f37bd4,CUST00000816,e82b5b36-4269-428c-8bac-bedfff5a229e,STUDENT,763607.16,240552.10270333092,0.0264,2025-04-26,360,ACTIVE,2054-11-20
2a64d46b-ceac-4779-9538-e0354157abec,CUST00002512,247474b3-1d7d-4bb3-8e00-44e207af3b8a,AUTO,6775.18,58.80285998615314,0.1604,2023-06-26,24,ACTIVE,2025-06-15
b4c70241-990c-48bf-8197-8cb867218261,CUST00000247,cf03f0c8-0eff-45bd-87eb-340dc74e48ff,MORTGAGE,2775.08,26.588083380720644,0.1856,2026-02-28,60,ACTIVE,2031-02-02
a03f137f-f14d-43ea-9faf-c17e92a2319d,CUST00004826,2e2bdc6c-b736-4c4f-9cc5-d97550fe8199,PERSONAL,34742.81,11491.472328130432,0.193,2022-04-18,60,ACTIVE,2027-03-23
929d778e-9fde-4d5f-8441-c3db6bb57af7,CUST00006517,e237c877-2e0e-4673-8ed7-cd177e14c595,STUDENT,65013.08,47305.03732582199,0.1521,2022-01-21,60,ACTIVE,2026-12-26
c7d012b0-de9c-4b51-a038-e284ceddadec,CUST00000417,0d574085-0f0a-4450-8e97-8ce118643b6a,MORTGAGE,15579.33,9722.18321059553,0.1742,2023-12-01,60,ACTIVE,2028-11-04
8d7da747-d48d-4f9a-8be1-a297a8222853,CUST00006703,033d2bce-575a-4d2c-a5c5-650c8186a576,STUDENT,194831.62,46568.19531641682,0.1299,2022-04-29,120,ACTIVE,2032-03-07
99adf607-c26e-4dbd-9acb-0045a449aefa,CUST00003718,7fab9b07-1e30-4f10-99d5-6f424c589a8e,PERSONAL,2957.48,1782.6584885461527,0.1025,2023-10-31,120,ACTIVE,2033-09-08
ada3b63d-ad08-48c6-bad1-6e1dbefb1a15,CUST00000108,e8b3d763-f4ff-4f3a-8d9d-baeb553d2625,STUDENT,62278.9,40317.964536090025,0.1484,2024-10-07,120,ACTIVE,2034-08-16
74c9abd9-daac-4e2b-bb32-440ec2d66d46,CUST00009031,55eef366-bc76-4752-8dcb-e8184dfa6a17,MORTGAGE,8876.91,4638.806173624462,0.0604,2026-03-19,360,ACTIVE,2055-10-13
4ba9008d-85af-4680-a39f-6cc716f39bed,CUST00004514,294d25fc-0553-4a50-afac-c50db2904e73,AUTO,290415.19,151409.11376113634,0.0398,2026-04-19,36,ACTIVE,2029-04-03
5dbe0139-c895-48d9-8907-19db252a95db,CUST00001422,dc6dafff-59c2-4153-b06b-0f0c96822e22,PERSONAL,437474.21,161755.1586672584,0.1571,2025-04-08,60,ACTIVE,2030-03-13
f3b20598-a303-414f-a254-4d22944baabb,CUST00007284,e8c44e4c-5ce1-4cc2-96c7-02a1a3e2ac17,MORTGAGE,6974.49,860.6127560533122,0.1925,2024-04-11,48,ACTIVE,2028-03-21
5492112f-259d-437f-bf8a-16b8919a5591,CUST00000256,133ca9cf-13f8-4789-b1e9-3b1a34b549be,BUSINESS,9659.18,3723.4574117710604,0.1239,2022-08-31,120,ACTIVE,2032-07-09
05722bc5-4b5e-4a40-9a5a-897790ba1d38,CUST00007249,7108022a-12a8-4ff7-bffb-bc83d8c80184,BUSINESS,79968.0,27615.694593629505,0.1069,2022-11-24,60,ACTIVE,2027-10-29
4f418193-e328-4c3a-801c-bac1c5b56b89,CUST00009030,12fc7a87-a470-4d48-9128-b9b1f8ede0ca,BUSINESS,12324.0,7295.470234604542,0.1162,2026-03-30,24,ACTIVE,2028-03-19
f99003d8-cad4-43f4-9e68-9a6c91c98ab6,CUST00002963,0b398e89-f842-4163-9455-5290017c75c5,AUTO,20576.05,17618.452045550173,0.1061,2022-12-22,360,ACTIVE,2052-07-17
2cd4e76d-f40a-46cf-b1c7-8a33db5983d3,CUST00002283,39ec8ca1-3fb2-4f47-bbcd-6c18a06e8de5,STUDENT,22881.47,8589.135573040325,0.0996,2024-04-14,12,PAID_OFF,2025-04-09
2f592f3e-1bbd-4513-b0bc-76c4e3fa6893,CUST00008745,5cce495d-b037-4c52-b2ad-ffa6af793d4a,STUDENT,1237.06,877.9851228785844,0.1905,2024-01-16,120,ACTIVE,2033-11-24
d1c1f266-ce9c-4015-87c4-0854d6d4eb06,CUST00008373,dce70289-411a-415b-a88b-4cfb708175fd,STUDENT,21573.98,17514.41232750126,0.1064,2023-09-09,120,ACTIVE,2033-07-18
242bba10-c7d0-40d1-8b5f-df7039185b72,CUST00001478,0cc46000-ae60-4948-9bf3-84ef6efe2368,AUTO,7827.58,1657.5019138489054,0.0346,2024-11-19,24,ACTIVE,2026-11-09
677a72f6-6e0c-42e9-b817-9896c6b98ce2,CUST00008763,9aa1f98b-b4a4-4eee-b0cd-f14946434f21,BUSINESS,10512.45,9478.552401939198,0.1578,2021-09-02,12,DEFAULTED,2022-08-28
f001e73c-f5eb-47f9-8f52-3f8a905cbe00,CUST00004953,52ce55e3-69df-45c7-a4a0-053f22a37556,STUDENT,192037.9,13528.097993594232,0.0905,2025-06-19,36,PAID_OFF,2028-06-03
b31e120d-9f49-4b89-a866-d52e0e05926a,CUST00005881,f1224f43-c527-4f35-adc5-60443016b62b,AUTO,3345.06,3016.3052914386035,0.1479,2023-07-05,120,ACTIVE,2033-05-13
79150e99-8ed3-4834-bd72-1fc205e0c019,CUST00009920,b64fa54a-8c61-4654-95da-75c1a21150f9,AUTO,74593.44,12205.940358361935,0.1243,2024-03-26,12,ACTIVE,2025-03-21
1e22ade1-a3e6-4bfd-a5e2-ebba27ae2220,CUST00005593,a8f1e091-ffb8-402d-9475-dbc996418ced,MORTGAGE,14494.95,4887.256534603263,0.1484,2023-01-08,48,ACTIVE,2026-12-18
f8eb7113-6aee-407a-8387-d8eb7509d8ba,CUST00007092,3c9b3b84-cb4a-4dc6-8509-6c7855660d8e,STUDENT,14477.63,8762.371580563205,0.0312,2023-11-23,120,PAID_OFF,2033-10-01
712636bb-a455-4a22-87d0-2e2ce4406398,CUST00000592,5958a499-eeea-463e-a1e8-ac6843e42caf,BUSINESS,72081.87,65283.35063265507,0.0261,2024-09-26,60,ACTIVE,2029-08-31
4f3b81d6-3745-4be5-bfd0-96b42c85ab3f,CUST00006278,af4afcdd-52cb-4ae0-ae18-c9b3c6da85f1,PERSONAL,36683.3,9379.972654686695,0.0881,2024-08-15,360,ACTIVE,2054-03-11
b9725caf-fea4-4063-b16a-83488fc8ed53,CUST00002261,7ef74fdb-17fc-4335-baa0-3208e6f47dcf,AUTO,51840.11,39583.75566723776,0.1448,2025-04-20,24,DEFAULTED,2027-04-10
386bf5fc-9b52-4a4d-851e-4fe83a6570b5,CUST00000348,aab133ba-e88f-4ab5-8e59-22e9f182cdf7,MORTGAGE,94115.4,66862.95026691271,0.0603,2025-05-03,12,ACTIVE,2026-04-28
9a36e49e-a99c-406e-ab8e-b99553663145,CUST00008358,3e6b74fd-9f02-4cbf-ab29-d9129d1b83df,PERSONAL,13400.37,2140.156504947032,0.098,2025-06-24,24,ACTIVE,2027-06-14
3e7447a2-a672-432f-9c9f-0999e869839a,CUST00005033,9736bb4f-f5c8-4e3c-aee3-1d4710ecf6ae,AUTO,8792.42,4215.648375642137,0.1965,2021-12-04,60,PAID_OFF,2026-11-08
23763f57-852c-42ce-b337-7b9ee60587ef,CUST00004444,15a905b4-08f6-4b3f-80c9-1cd8d9f8a24e,MORTGAGE,4325.46,2082.7310203361208,0.0587,2022-01-08,36,PAID_OFF,2024-12-23
c1cb8d69-8fa7-4dec-a5a6-1a06a8422325,CUST00008775,eb1bb47f-4726-4e7f-8c05-e009397bfdd7,STUDENT,6386.13,1945.290647933273,0.1726,2025-11-05,360,ACTIVE,2055-06-01
fb1eaa6e-d19b-4b23-9602-3639047ad506,CUST00006870,1027fbf7-3877-40f0-9d99-d4c5cc96bf43,MORTGAGE,1836994.99,1432711.5510704601,0.1686,2024-11-29,60,PAID_OFF,2029-11-03
e5b23a6d-00c9-478e-93f8-b32d48e23143,CUST00005697,cf3a2f8d-57f7-41e3-8add-397642fc7edf,AUTO,142488.9,131935.2960974052,0.1804,2024-01-16,36,DELINQUENT,2026-12-31
e324f5db-6850-48bf-b5c3-e7f5583d2337,CUST00003039,817b2f21-24f3-4f14-a9b0-1062d2e55512,STUDENT,2902.68,2079.980544137224,0.1847,2022-01-18,24,DEFAULTED,2024-01-08
247803a1-fb4a-4283-9e28-7c97a9e0917f,CUST00002846,bba95ec4-fef4-4c9c-a484-557f454a8e82,BUSINESS,3029.99,2948.043111511798,0.1113,2026-01-10,36,ACTIVE,2028-12-25
9c296b78-90f6-4dce-b1f4-e511e6f9c201,CUST00007865,49e64c22-89a0-47eb-b98f-569b465cc2cb,MORTGAGE,45378.74,2290.1956274100053,0.1427,2024-02-13,120,ACTIVE,2033-12-22
8c9bcaa6-07aa-440c-9762-0a6f6f24564d,CUST00006610,4082cbb9-48bd-4b3e-a2f5-df2badaa44ca,PERSONAL,50055.98,1863.217980381064,0.1314,2022-07-11,36,ACTIVE,2025-06-25
25b1ad19-c8b9-4543-9956-3604cdf94cb5,CUST00001266,b52c4358-d4a8-445a-b5d1-d77614c08f6d,STUDENT,50177.69,44851.763623066116,0.0756,2023-11-07,36,PAID_OFF,2026-10-22
5bd537b1-c35a-4de3-972b-cd8d67fec003,CUST00002275,f1901b7e-c6b4-49ef-b74e-ba9310275b53,STUDENT,15026.44,13490.743387223814,0.0704,2021-09-08,120,ACTIVE,2031-07-18
6f242a0f-2588-41bb-ad32-a7c68b64612c,CUST00002471,8429e12c-347f-4a8c-b39a-442b0d92bc7e,BUSINESS,18248.14,1954.7550831935896,0.0815,2021-08-28,36,ACTIVE,2024-08-12
c89a10a3-17ef-41fc-841b-1a37a931f647,CUST00002578,15260718-cd18-4a82-8447-ceab84ef4324,MORTGAGE,36019.63,12875.074432424508,0.0593,2025-07-29,120,ACTIVE,2035-06-07
60d8039e-92aa-41d5-a1e7-2ff58cf50927,CUST00003661,7d05955b-0d9e-4328-9f99-7c8097d38ab9,PERSONAL,25055.27,20931.03671115363,0.1563,2023-11-29,120,ACTIVE,2033-10-07
12a34b04-a15e-4dba-a82c-3bb2583f66bd,CUST00001069,bae1e137-96ee-40e5-9f87-3b46c0a0473a,BUSINESS,789.22,101.44687349784897,0.1936,2023-06-10,360,ACTIVE,2053-01-03
03d2a7ca-3775-43ab-9447-6a01ec67f7b7,CUST00005592,82fce908-17c3-45fc-b6b7-4e2748af7f10,MORTGAGE,15604.28,4173.022524854398,0.1762,2023-11-25,36,ACTIVE,2026-11-09
6d0b4f01-cf09-4990-bb5f-b4278fd1bc4e,CUST00005975,43bfd931-3605-4f54-a021-c0ca3531968d,PERSONAL,6141.91,4182.61636873823,0.0592,2022-05-16,120,PAID_OFF,2032-03-24
af88239f-d4a3-418d-ac08-f40119271805,CUST00004830,0ab54bde-20a0-4502-ae06-809725e97977,PERSONAL,28647.38,28128.835335271906,0.0293,2025-09-10,12,ACTIVE,2026-09-05
30b69f93-c438-4125-a54d-befee1dd8d91,CUST00001951,1f5df912-54e0-4431-8f13-3b65d450afa2,AUTO,1939398.64,1545969.9823236961,0.1563,2021-07-24,36,ACTIVE,2024-07-08
924e48b4-504e-4b66-874c-146ccea6c978,CUST00008284,d9ee9678-8112-40ff-aba4-646336c9b657,PERSONAL,38224.14,29712.297638924334,0.0902,2022-01-07,36,DELINQUENT,2024-12-22
c01ba459-ec7f-4c2e-bb00-59ff563bf6e0,CUST00003094,af34cf65-a193-44b2-bc19-e71d118405ad,MORTGAGE,13762.54,4715.908615555819,0.1684,2024-03-22,60,ACTIVE,2029-02-24
312997af-d7e3-45d5-807e-85061ec4816d,CUST00005312,06289878-6a39-4607-ae35-c5c86fe05fa2,BUSINESS,87789.95,58059.27519488514,0.1603,2023-08-29,60,ACTIVE,2028-08-02
8a9da702-660f-44e6-845d-3231c6f7cc83,CUST00001388,b1fead13-f280-4f1d-9a6c-0db952171c88,BUSINESS,45434.72,5138.13474285127,0.1326,2023-12-14,360,DELINQUENT,2053-07-09
cbd93d47-966d-402f-bd98-03952621b899,CUST00004275,168885c2-8814-4bde-98db-f732dde4d194,AUTO,41362.99,41043.13137089874,0.066,2024-04-23,360,ACTIVE,2053-11-17
824fdf53-d98a-4a6f-8f8c-d57dc5ecd23e,CUST00002286,a5accd5a-48f1-4eed-a703-7089c78cd2c3,MORTGAGE,54735.94,26305.234381523347,0.0387,2025-02-06,360,ACTIVE,2054-09-02
0a6246b9-e624-46fe-a044-3dc9459b556f,CUST00003207,c3093b6e-37e9-42e2-935a-c07aaa0217d0,PERSONAL,481574.08,307633.31145617925,0.0655,2024-04-27,60,PAID_OFF,2029-04-01
f58f9bdd-d520-4ef5-878a-4dcbdac97c5a,CUST00002925,268b84b6-3ec0-4285-8bc4-ec0ec2aef674,AUTO,4038.66,3538.56040032884,0.1118,2022-03-29,36,ACTIVE,2025-03-13
3946ad23-c098-42b4-ba79-8ed42a0bfd9f,CUST00007046,dabf984e-53ff-4461-aa1f-1b61265cb9d9,STUDENT,44821.72,43.25124956290864,0.1963,2025-03-15,60,ACTIVE,2030-02-17
da2a4996-aaef-4529-81aa-db8000401b20,CUST00008472,b02e21aa-352b-4ec8-a90d-21cb7f111a36,MORTGAGE,5488.6,5356.777152105096,0.0315,2024-05-30,12,ACTIVE,2025-05-25
640324f0-99b3-41a6-af2a-e2fd838edbe4,CUST00001619,4ba99d78-b498-45d0-a5b1-c79954cecee7,AUTO,50679.1,18201.870697404436,0.056,2022-02-17,24,ACTIVE,2024-02-07
1006e0eb-63a8-4422-a29e-ae63e8475ebd,CUST00008563,92811c92-984f-4323-b329-2925b107094e,BUSINESS,5552.31,1885.5130693594608,0.1329,2026-06-10,60,ACTIVE,2031-05-15
d56e0949-1de5-4d73-8e1e-5ebdff99fe31,CUST00005897,b89f3a92-999a-4d86-99db-13028dab66d3,AUTO,11777.54,1708.4892433646748,0.0748,2026-06-09,120,ACTIVE,2036-04-17
80ff8beb-631e-4726-8364-9c91faca60d4,CUST00007844,292bd156-db94-4570-9ac7-0ec0ab8ddeb4,STUDENT,14148.52,12142.039292584886,0.1745,2023-07-14,60,ACTIVE,2028-06-17
ab16b1fd-14ca-428c-9336-eb2833ba1e1b,CUST00009896,4d4f6814-d385-4240-92a2-f8390acfc6ac,MORTGAGE,95199.03,82903.0791002115,0.0451,2022-07-10,12,ACTIVE,2023-07-05
55b82364-9ca4-406c-9076-ddad317e43a4,CUST00007064,48d3d2ce-fba3-491f-88df-aaf8b9efaad6,AUTO,87350.29,1746.0448546458579,0.1934,2025-05-20,120,PAID_OFF,2035-03-29
dabd385c-d2c5-49ab-b830-aa05d2d4dd05,CUST00008496,341d85cd-c925-4285-abc8-906f34a91b86,PERSONAL,3399.64,189.44568988976113,0.1842,2025-06-16,120,ACTIVE,2035-04-25
10f3f41f-f202-4876-8c44-3b8c068634e7,CUST00001349,411920f6-d056-4199-b728-ddc20f5e8b47,MORTGAGE,23918.35,21965.21725861735,0.1798,2023-10-02,120,ACTIVE,2033-08-10
9cb076a2-0e55-4d71-871e-b65c600c8bc0,CUST00005557,7147f758-cdbe-4548-aa65-66e8fe1ad905,AUTO,7597.92,933.5422395931149,0.0512,2022-06-18,120,ACTIVE,2032-04-26
4b045067-1481-496b-877c-bc8ca5f604d7,CUST00005290,b1f9ab31-995e-49de-9cac-41f82e4001c1,AUTO,3335.05,2070.824138703006,0.0793,2024-10-02,48,DELINQUENT,2028-09-11
db9b318b-12ba-4c10-9b45-caa9a13ea32a,CUST00002423,0038dc84-a3ed-433a-a722-2ea2261b5048,MORTGAGE,15906.36,9856.383134539294,0.1647,2025-09-25,48,PAID_OFF,2029-09-04
7400c7a1-0de8-45b2-9246-cc34bcdbe579,CUST00003629,d5de293b-b9a8-47ba-a6dc-e997b2c454a4,BUSINESS,13867.12,12060.654924591923,0.1654,2025-04-14,120,DEFAULTED,2035-02-21
dce6ea64-2d5c-4588-860e-35b66864fe6b,CUST00002429,f1f71605-a79e-4626-b707-ac0e0d96feb3,PERSONAL,839091.24,480509.04341272323,0.1469,2026-07-02,120,ACTIVE,2036-05-10
df30f2f5-3226-486f-8595-30c1a1295a39,CUST00003034,1e2595b8-8fc9-486b-a9dd-ebf563119aca,MORTGAGE,42168.96,18301.809843101455,0.1006,2024-09-15,120,ACTIVE,2034-07-25
a45ee904-717d-4042-b30d-6ea3951c4200,CUST00006158,f75c0751-8fd8-4cb4-88fb-2050a460cf44,PERSONAL,2789.38,2717.918267343811,0.0761,2023-06-26,12,ACTIVE,2024-06-20
0ce06819-24c6-4f93-a081-9bf56940240c,CUST00008861,8e4c3ab5-6d5d-4477-adc2-9178a0411612,PERSONAL,9441.21,2160.2949601562354,0.1933,2025-01-20,60,ACTIVE,2029-12-25
a333639f-3873-44c1-9e4c-e90bbadfbb75,CUST00008692,37f5c238-6559-4365-bc00-a0f0dcf89878,MORTGAGE,101933.4,26779.74078370699,0.0451,2023-04-07,24,PAID_OFF,2025-03-27
e54dce58-044e-4d9b-8526-aeed47a0fcda,CUST00007814,cb68a34e-ca1f-4ff2-a823-442c9a87e357,AUTO,505177.01,42823.680749892934,0.0279,2023-07-27,360,ACTIVE,2053-02-19
994d4c03-7154-44b9-b0ce-68ab7ec9ef95,CUST00001415,398d1ca6-8b68-40b5-9d61-fac36cd5e859,BUSINESS,2040.65,1990.2802629272371,0.0216,2026-02-16,120,ACTIVE,2035-12-26
0ee503e3-298d-4c45-a407-675048107252,CUST00006709,3737cc38-166c-4d33-8f9f-dc15dfd23d15,PERSONAL,1313.06,927.4933358163192,0.1595,2022-07-01,360,PAID_OFF,2052-01-25
e2abe6e3-72f3-4ed1-b163-ebe1b6dd5f35,CUST00008722,6a36af18-06d3-4b93-ae33-688d597e6845,PERSONAL,364560.49,4410.120143438033,0.0302,2022-01-31,60,ACTIVE,2027-01-05
c351c359-6739-4010-b9dc-86a923c560d2,CUST00006636,93b1ee1d-a1a6-4f32-9e4d-acd68116fd6c,AUTO,39514.43,27830.56734078995,0.117,2022-03-27,12,DEFAULTED,2023-03-22
214990ed-abe0-4080-a961-a383dceea2eb,CUST00003622,6c27316b-dd05-4827-a863-782e75fe2857,MORTGAGE,5988.29,2420.0842328210124,0.0861,2026-03-13,360,ACTIVE,2055-10-07
04fb7e52-5834-45e1-a31f-167698a7e77b,CUST00005316,6a9f687a-d04f-4197-94c0-df2891b5fcb4,BUSINESS,49116.17,47522.33514272062,0.0464,2025-11-05,12,PAID_OFF,2026-10-31
bef0e0f1-1791-4e3c-8c75-70cc8e32ebbf,CUST00000755,5d87edd2-1735-436b-a5a6-ab3af5757b77,PERSONAL,422.58,117.21841066378406,0.1533,2024-06-26,120,PAID_OFF,2034-05-05
a01989d1-b998-4301-bdf9-e116df58c65f,CUST00002348,c8a6a005-2463-463c-a493-16b4ca8c5366,PERSONAL,22138.27,15724.510743759734,0.0299,2026-01-14,360,ACTIVE,2055-08-10
626cd59a-ec3e-43c3-b961-3250d3752185,CUST00000727,cef44098-4d9d-4bb1-a00f-80d49d0a94df,MORTGAGE,36016.48,22597.96952827642,0.0773,2021-08-06,36,ACTIVE,2024-07-21
293572d3-fb63-43cb-8c35-bf2dec4fa141,CUST00004924,2d8cc973-43c1-436c-9013-b7a3f4a29332,AUTO,88115.63,1061.7911294671394,0.1212,2023-07-09,12,ACTIVE,2024-07-03
9a0f7242-eeb7-491f-b304-08fa90bf747e,CUST00002650,6b382a0a-231d-460b-b362-cd559b0ada0b,STUDENT,4813.39,4260.894315479153,0.0924,2024-05-28,36,ACTIVE,2027-05-13
4377be10-c719-45ea-84e4-992911196b23,CUST00002816,5209eaab-39b6-410e-82c9-6b28beb96a4a,AUTO,25047.54,3496.9536946973426,0.0666,2024-01-26,360,DELINQUENT,2053-08-21
8623a5ca-efc3-4842-a5b4-11ed05d1f737,CUST00009067,9a760ea9-b063-49a0-9393-daad0835075f,PERSONAL,5496.48,3647.4024519860095,0.1867,2024-11-12,360,ACTIVE,2054-06-08
113145d2-4346-4ce5-8895-d134acb4b5c3,CUST00003280,af194390-1c28-4022-880e-6ddd1fe72d21,PERSONAL,32308.18,25056.558946983034,0.1876,2026-07-06,12,ACTIVE,2027-07-01
33e1f2af-32cc-4a25-b1fd-1e5ef86561ef,CUST00002985,e916da57-f248-43ab-977a-8a5f6ffe33b3,BUSINESS,5750.15,3627.9286065131255,0.0949,2022-02-02,36,DELINQUENT,2025-01-17
efef1246-16d4-42f7-bb6b-c3b774309740,CUST00003808,edba84d1-e110-4d91-8244-bc44b25c5b50,AUTO,11942.38,1159.77070911777,0.0909,2024-10-01,36,ACTIVE,2027-09-16
506f6bc0-ee6f-4a9c-b446-023621f66088,CUST00007877,913767ab-4dd8-4715-b53f-f3e271fc5136,STUDENT,4945.72,4822.9629577575515,0.0753,2025-01-20,120,ACTIVE,2034-11-29
2bd6f0fb-ee3c-4687-b704-eced5b9df42d,CUST00006100,6088825e-e382-4da1-acce-4c234e55f3fe,BUSINESS,58495.46,13852.772846159582,0.174,2023-06-17,120,PAID_OFF,2033-04-25
f605070b-ea73-4391-9840-f42533decf96,CUST00000608,7fcc4456-20bc-4fa0-ba80-10620b4e360a,STUDENT,79831.76,50123.549626614156,0.1222,2023-01-01,360,ACTIVE,2052-07-27
8b7080c2-7799-425b-9bd4-a24e66bc6735,CUST00006170,5199839c-d0de-4fb6-858c-6c02bf409640,BUSINESS,15491.85,12349.762901875494,0.0361,2023-11-04,60,ACTIVE,2028-10-08
02b964d6-76d9-4b12-9443-3a8eed5acddc,CUST00007791,deaeb0c0-a8ac-4ab1-afa9-d02c9e4c4be7,AUTO,23326.77,21909.34237880692,0.1736,2024-08-23,36,ACTIVE,2027-08-08
e62c54bb-ff01-4f14-997b-d00e34757171,CUST00005574,f7eae66e-ca6c-4f9b-8969-71018b2c550a,PERSONAL,2507.68,1514.6651240044548,0.1163,2023-10-19,48,PAID_OFF,2027-09-28
1a062a0e-ad93-4d1a-aa0d-c97ee85af565,CUST00000635,7e63f654-53ff-4f1f-950e-33880a6552a5,STUDENT,14051.51,3640.101967507011,0.0948,2024-11-26,12,ACTIVE,2025-11-21
001e7006-29d3-44d6-9a59-6f63141ec659,CUST00001075,ee6c69f7-f8c9-4b4a-8d2f-2114da72ab37,AUTO,20428.64,17091.39729656065,0.0808,2023-08-08,120,ACTIVE,2033-06-16
c016215d-3807-4f3a-9cd4-aa85613c826a,CUST00001915,25e42403-64f2-402e-894f-6ed34a2f3876,STUDENT,1122635.54,183236.53461314013,0.0379,2025-12-27,24,ACTIVE,2027-12-17
83674372-d33e-4b2c-bceb-cc1d6c019c07,CUST00000589,11836c4f-2492-44c7-ad58-db1bfe31537a,AUTO,4154.92,92.58170604105273,0.1922,2022-08-30,360,ACTIVE,2052-03-25
21e219ce-5158-4417-ab6d-0f79fac368c1,CUST00003232,b864a47b-a434-47fb-8182-978288eae7d4,BUSINESS,198048.23,179857.2739910382,0.1534,2023-03-09,12,ACTIVE,2024-03-03
92ccadb2-8bce-4c24-bee9-58ac77bd00de,CUST00006352,c926a021-19da-4262-8790-3dc5900c0af7,AUTO,98251.73,56532.96055176247,0.0437,2024-07-17,60,DELINQUENT,2029-06-21
1f0b2be6-6040-4c51-984f-a41ff9f7852c,CUST00003839,3acb43a3-d2c7-4ffb-a118-433b882ccd1e,BUSINESS,33555.45,2336.851562844662,0.112,2021-09-15,60,ACTIVE,2026-08-20
1307afb6-728e-4994-b7df-79d830bd373a,CUST00001974,7bcf2b31-902b-4154-a088-5550f74f6900,PERSONAL,308023.31,178570.16472589946,0.12,2026-04-28,36,ACTIVE,2029-04-12
4bf66063-8b91-4e2d-aaf9-ee3ee432d37d,CUST00005045,c53f1db3-d275-4d43-8451-7303e94d4fbe,BUSINESS,38490.17,5581.619991139662,0.0502,2022-01-29,60,ACTIVE,2027-01-03
0c975601-97b1-4fbd-83bc-bd124e9dfdb6,CUST00006104,2598f383-9280-4da2-a40b-50e40a086989,MORTGAGE,39487.47,1239.3539860160172,0.0969,2023-04-17,120,ACTIVE,2033-02-23
dd53abe1-2b2f-4082-b613-aed3b9da42b4,CUST00006684,865a7766-ad8c-4fea-9e4b-061eb45e9463,PERSONAL,20339.48,2370.0385334572447,0.1362,2025-05-29,60,ACTIVE,2030-05-03
240ed1db-0c3b-4dd8-92b1-9d01942caa0c,CUST00005838,17584f23-1fa0-4802-bbb7-1494b7e767d4,AUTO,138047.53,107001.66598990078,0.0711,2021-09-05,12,ACTIVE,2022-08-31
82a0f6e9-4b44-4a71-a545-4a72dd372743,CUST00009444,a8cfe589-9dc8-4e1a-940e-7d01735d88f3,AUTO,114085.55,86209.98993915718,0.0797,2023-07-20,360,ACTIVE,2053-02-12
18323765-d145-4528-b91b-ad400b022156,CUST00006784,3d0a5f0c-0c39-4ec7-9f31-74054d183eba,MORTGAGE,8616.93,5207.367066295551,0.042,2025-02-18,48,PAID_OFF,2029-01-28
feb3a855-48e6-4273-8680-13786e607c2f,CUST00005595,8a693650-a9a2-49cd-bb6f-65df1d9d1d80,AUTO,3044.61,637.3230047514274,0.0944,2024-05-19,48,ACTIVE,2028-04-28
3473b11a-73a5-44c1-bc8b-c1890d8adcc6,CUST00003823,b38046ef-ad4a-4b3c-b86a-f9ddfe83c32a,PERSONAL,16244.81,12004.379580102286,0.1251,2022-11-26,360,ACTIVE,2052-06-21
1a037833-d4fd-4ad6-8008-40cbae9abf14,CUST00003390,69eb337c-059e-48d8-8ba2-0d387db4990d,PERSONAL,6633.86,2706.9151763673485,0.041,2024-06-19,360,ACTIVE,2054-01-13
1bb868d5-88c0-43d7-b86c-014f65fae4a1,CUST00005915,350b0860-095e-497c-a655-2e7f957fe29f,BUSINESS,20024.53,10227.60112875491,0.1307,2025-05-08,36,ACTIVE,2028-04-22
76949bb0-e7b0-427d-a44b-405aed7cb20d,CUST00001781,30cbd755-6232-417a-a507-41818d1fb540,STUDENT,140949.54,126522.04280962607,0.0916,2021-12-12,360,ACTIVE,2051-07-08
aad29f81-7fe9-4b4f-8a7a-d5f3bdacb371,CUST00003689,a605b7c9-fb07-4e93-8a37-31ab0be3534a,AUTO,11092.76,5078.903625021328,0.1421,2022-09-03,60,ACTIVE,2027-08-08
2fc82f4d-ea48-4dae-ab99-f902836d943f,CUST00009917,2bf95861-4827-4440-b6d9-fe1731094211,MORTGAGE,20656.08,12938.2693832487,0.0767,2022-11-26,60,PAID_OFF,2027-10-31
29568d7d-d57e-4322-8396-63d0133ee71e,CUST00007212,6dc75587-cd40-4648-a353-98a63a6a22d9,PERSONAL,24029.42,23110.330532999662,0.1223,2022-11-25,48,ACTIVE,2026-11-04
7dd7e170-e0d0-407c-979e-e93ba3999919,CUST00005038,97fa7f04-8363-4007-9cae-9610c72c1fe3,PERSONAL,78640.83,35497.676297921586,0.1303,2023-12-04,360,ACTIVE,2053-06-29
8947494f-96c8-4002-9215-2070e4eea1bc,CUST00006320,439e754c-6930-46ea-a0bd-a1ee5807cf74,PERSONAL,757.23,424.5999863484508,0.1443,2024-11-14,36,ACTIVE,2027-10-30
a0d60422-1a32-4219-aeb1-3e3cd3cb6d14,CUST00009870,aeb1fcd3-f836-4a87-aaa2-25714b0d2716,STUDENT,8865.74,5181.2681164141795,0.1562,2025-09-16,60,PAID_OFF,2030-08-21
ee3ada8b-84f9-40cb-82d7-57a83181b49e,CUST00008641,6964eb16-1623-4e87-bacd-c514dae18b28,STUDENT,30240.14,7279.151239930332,0.0445,2024-10-28,36,ACTIVE,2027-10-13
9290a83a-2bef-4363-ab7c-7396f942fcb2,CUST00000082,8fca7b6a-8fc4-4092-b4e5-59e596229348,AUTO,133268.14,98208.23256541323,0.1937,2022-07-26,120,ACTIVE,2032-06-03
d46a537b-bc0b-45fe-9713-412e8bceda58,CUST00006279,5d696bc8-dc54-459b-86bb-42c7d8b2f8b6,MORTGAGE,10531.71,7652.730457041963,0.1719,2024-12-20,12,ACTIVE,2025-12-15
afd0c396-bb31-4aeb-88ce-14bb7dc63851,CUST00007000,d7c4fe9c-e1e0-4ffc-98f6-fd7f7eb162f1,STUDENT,1319.71,281.8329673192666,0.1212,2024-03-17,120,DEFAULTED,2034-01-24
c2045288-3bde-4b66-b01c-3f0c9b43324c,CUST00001407,3d51d528-072e-45dd-95e1-7880d8bb62b7,BUSINESS,55802.12,744.2911784208534,0.1803,2022-01-16,60,ACTIVE,2026-12-21
3b4c0646-d38a-4b74-9dd8-6b0e6d0faded,CUST00007411,1f5df912-54e0-4431-8f13-3b65d450afa2,STUDENT,8492.65,8483.661129288172,0.0888,2021-10-08,60,ACTIVE,2026-09-12
3e372c8d-8a13-4d8d-9292-4079dfee84b1,CUST00001481,2d174fc9-6f7c-45ea-a72a-6d8eb5122df8,PERSONAL,3697.82,2150.6067506966974,0.0262,2024-05-11,60,ACTIVE,2029-04-15
83eab8b5-d91b-4378-9d6f-affbe06bae1f,CUST00009272,00f2baa4-931b-4fae-a42e-3a16e79503fb,MORTGAGE,8634.16,1563.0596190011759,0.1509,2025-07-12,48,PAID_OFF,2029-06-21
fef44a33-ae78-4d3f-8b23-96072d5e114d,CUST00003599,71127f4b-2df8-4502-8653-ee8561e30fb4,AUTO,16700.8,4735.7704103811575,0.1898,2022-11-13,48,ACTIVE,2026-10-23
56a60db5-0776-449a-a88e-8d5d51856418,CUST00007994,290c9e51-80d7-4805-ac6f-c084c04a3f68,STUDENT,8891.78,5493.270925074031,0.0491,2025-03-08,60,PAID_OFF,2030-02-10
731bd233-c011-4674-928a-77e53a99bbcb,CUST00004184,3f738f50-19a2-476f-a8dd-2bfdf956be95,PERSONAL,805.65,110.86999287138593,0.1359,2026-04-26,60,DEFAULTED,2031-03-31
7e29d9a1-05dd-4fbf-bd21-0b7df5b350ab,CUST00003681,b466fab6-962c-44dd-a5d0-7461059c1574,BUSINESS,84592.37,3153.657448156575,0.1664,2025-11-13,12,ACTIVE,2026-11-08
8b6acc43-96af-4fcb-b3eb-f780c91d95c7,CUST00007645,3730dfba-6494-4d5c-9a29-6905ee22a70b,BUSINESS,149091.06,119046.20490748223,0.1829,2024-01-04,12,ACTIVE,2024-12-29
671cae75-6dbe-434e-a2fb-8131b81c5f50,CUST00004311,326684ff-3ffe-4652-aac0-32fa130e8618,AUTO,58529.31,41897.98674800908,0.0698,2022-08-16,36,ACTIVE,2025-07-31
1e767433-fe95-4f4a-ad56-c7c7ae455311,CUST00001759,d61169a1-ff46-46bf-894d-916deb6d2fed,AUTO,3997.69,1237.691412724747,0.0432,2021-11-29,360,ACTIVE,2051-06-25
0fa38669-b33a-42a9-ba73-42fc741d6857,CUST00002600,eb6c1016-cee6-44d0-9dac-6e8345241ea6,STUDENT,16281.14,952.3063103406486,0.0646,2022-10-18,36,ACTIVE,2025-10-02
7f184a88-f02d-41dd-9c64-34ef6714aea1,CUST00005617,59518620-8769-4e24-9875-589a7d57a51f,AUTO,21812.05,10606.56542096381,0.124,2024-04-06,48,ACTIVE,2028-03-16
84add36e-67b3-4154-a67a-e19a3c6736b0,CUST00005814,1417c2f9-eb91-431a-9eb0-5b4a1b4ffd5f,PERSONAL,54078.48,14935.734756013542,0.1854,2022-01-22,24,ACTIVE,2024-01-12
dc2f952c-2583-4b38-8ebf-3ea4c7a69982,CUST00003854,c47d336f-2e8f-4f7f-a0a6-2edffea95b73,PERSONAL,60024.66,23876.56227431782,0.1249,2021-08-05,12,ACTIVE,2022-07-31
c3b8a22b-5d76-4bc4-83f5-4e71cadafd4a,CUST00002293,8ae0b8a0-80ff-4909-ad85-2212f554e1f8,PERSONAL,7322.74,2006.2062914784822,0.1855,2022-12-15,36,DEFAULTED,2025-11-29
24c4e6ca-8a66-4d77-a049-315b00938d5e,CUST00001502,0b705933-4cde-4b6b-9132-567c51a40d2a,STUDENT,24909.22,4365.779703611232,0.1586,2024-10-24,360,ACTIVE,2054-05-20
2bc2bdd4-d736-490c-a8ae-5c671598203e,CUST00008423,0b458c23-eead-490c-8f9c-78bf010d583f,STUDENT,43735.73,16925.280829833857,0.1277,2024-06-29,360,ACTIVE,2054-01-23
596bf99f-a111-4bb1-b952-0c712e31e772,CUST00007551,25f93ab9-5e5f-410c-af14-4dc6b9ede33f,AUTO,195581.7,188715.63298980106,0.0239,2024-10-30,12,ACTIVE,2025-10-25
16107d90-28c2-4491-ac83-995b53f0a378,CUST00004251,32f8dbab-b462-43e8-9c41-8a83eb04159c,STUDENT,63370.89,16871.09687522325,0.08,2025-05-26,12,ACTIVE,2026-05-21
df9a7704-adc2-4f16-a4b3-0768fdfd984e,CUST00009391,a605b7c9-fb07-4e93-8a37-31ab0be3534a,PERSONAL,71939.81,24169.376539077697,0.0303,2021-10-11,120,ACTIVE,2031-08-20
c6fc40c3-03cc-4a33-9db4-d496a8d89b3d,CUST00006992,1ee93260-3002-4831-b227-e8d89c60c81b,MORTGAGE,24977.73,8223.718618029174,0.078,2023-02-06,24,ACTIVE,2025-01-26
72811822-fd26-4e31-8a00-c9be55c5e74b,CUST00000115,083a1c27-3807-4019-8a72-007114a9ee59,PERSONAL,182716.07,87756.48561706574,0.0312,2026-01-14,12,DELINQUENT,2027-01-09
43d10cf2-afce-4f1a-9ada-c950efe3155d,CUST00009606,9d6b9b62-6b53-4a19-a902-b73fcf39f648,MORTGAGE,40726.9,34353.36572785982,0.0502,2022-05-08,120,ACTIVE,2032-03-16
bb84711f-267c-4754-91c6-485467a9cca9,CUST00004407,1df05d18-4e2d-4255-bd13-1a3d1e2c2e7d,AUTO,6053.36,2434.192810782959,0.0939,2026-02-06,360,ACTIVE,2055-09-02
c524a1be-a6bb-451c-85d8-acf312a7186c,CUST00009185,27755e9d-a770-4217-b455-af73c0a7ad9c,BUSINESS,180783.41,145738.17790245067,0.1127,2022-04-18,24,PAID_OFF,2024-04-07
fb50d324-129f-456d-ac99-562cefe3a150,CUST00002348,8f3dc97f-e6b0-4a0a-b98f-5dbe15aede0f,STUDENT,62746.3,7216.5843220868055,0.0591,2024-05-08,360,ACTIVE,2053-12-02
915fbbf9-53cf-4f73-a384-bb95921409e1,CUST00001042,d56f0350-8c45-4ce2-a7f4-8ad54d0b0d1a,STUDENT,11332.55,10141.58064242028,0.1519,2025-12-13,120,ACTIVE,2035-10-22
c145419c-74eb-4a0d-b80a-ea0265dec4ed,CUST00006928,1de20f2d-0328-4b00-a953-4ea7d76d9612,PERSONAL,10729.59,1988.2368415375731,0.1263,2025-10-22,360,ACTIVE,2055-05-18
8eba0d06-0a18-4676-b473-c022981b99f9,CUST00000012,a8addf36-ddf2-45eb-a8a3-f341c8819065,PERSONAL,34367.39,1347.2532075538634,0.1445,2026-03-04,120,ACTIVE,2036-01-11
ae8e8200-c5c7-44b4-88c5-3b179733b490,CUST00007981,6a429bd5-cd71-42b4-9471-104f1859c5ae,MORTGAGE,44124.8,6987.359775741845,0.1519,2023-07-25,24,DELINQUENT,2025-07-14
9f999133-6e11-4dc4-bc37-531544bd8fcd,CUST00007872,183fea70-3ff6-479e-8cd4-b90abf8211bc,STUDENT,29612.1,5648.501894677915,0.1508,2024-04-06,12,ACTIVE,2025-04-01
c88994e7-49ef-4088-8ab7-2eb99be4e2ac,CUST00006376,3b482d28-b7ed-4c13-b3eb-e65817e1e8f6,AUTO,35135.35,17866.470500140036,0.1885,2021-09-15,12,ACTIVE,2022-09-10
f3fd80f2-0423-493f-9e3a-564a8bf63e19,CUST00007099,11836c4f-2492-44c7-ad58-db1bfe31537a,PERSONAL,282077.2,126917.33379256226,0.0627,2026-05-14,36,ACTIVE,2029-04-28
eb2873e6-e465-4ed7-a07a-d1d42888c573,CUST00003677,1d2c2721-7522-4646-b273-75bf5373bf4d,STUDENT,109898.75,78673.70357777362,0.0686,2025-12-03,12,ACTIVE,2026-11-28
cc62f748-54b4-48a6-99d2-c70309ac7ba5,CUST00006110,df482e7c-a8cf-4f62-90d9-170cf2dec75c,BUSINESS,29317.9,1493.7788381900464,0.037,2024-07-21,360,PAID_OFF,2054-02-14
b1195d16-9aec-419f-b38e-f31f08ae64bb,CUST00005398,326684ff-3ffe-4652-aac0-32fa130e8618,MORTGAGE,90396.96,44991.13209739386,0.1267,2022-10-10,12,ACTIVE,2023-10-05
d77dd689-a98d-41ec-bad4-1c9abac97a02,CUST00003066,307fc576-4b43-4873-b1a5-80d76c2ec07e,PERSONAL,4680.75,1556.2146954216148,0.0911,2022-04-06,12,ACTIVE,2023-04-01
b81cc43b-f99a-4620-aee2-f9bf8ad303b1,CUST00002037,bea6450f-0acc-423c-ba6d-bed8a110e887,PERSONAL,40010.23,25234.70540941763,0.1093,2026-04-26,36,DELINQUENT,2029-04-10
40328c40-b100-4314-b77c-ff4c99252280,CUST00003047,5fd2bec3-6536-4c77-b87f-b57839e1609d,AUTO,332355.19,14523.830114518087,0.0506,2025-05-23,24,ACTIVE,2027-05-13
a5fb9e9a-4ab7-45e0-b814-af2e81e26ceb,CUST00000541,91788bdd-4dfb-4b6e-a025-7194c903cc1d,PERSONAL,15881.83,554.8286963206909,0.1368,2022-10-31,36,ACTIVE,2025-10-15
9b08725e-e1ea-40f2-8c52-b95c2146e7b4,CUST00000077,891f6912-17ab-4863-9efe-ef4fd8ddbbc0,STUDENT,6176.76,2639.030601440589,0.1314,2026-01-07,360,PAID_OFF,2055-08-03
9c174363-bc44-4b36-989c-568d5674e177,CUST00003068,7fcbcf31-93ac-409a-afc1-0403dcda8cc1,STUDENT,8282.22,6719.692061432345,0.0677,2026-03-20,360,ACTIVE,2055-10-14
10e681fd-a127-4663-8db4-daaa831fe884,CUST00000024,45f72e6c-7b70-4f15-abfb-c97aeefa4d76,STUDENT,4296.48,2883.342224675924,0.1038,2023-01-20,12,ACTIVE,2024-01-15
58c68877-4897-46e2-9581-f33ea5b38959,CUST00005135,f3dea9dc-469c-458b-896d-036a8092189b,BUSINESS,6787.63,113.39477064170214,0.181,2022-11-06,60,ACTIVE,2027-10-11
81edceb3-8bb2-4f15-a045-d9e673ad562d,CUST00000676,bca6a6b0-93b0-427e-a154-7769f43dd740,BUSINESS,12635.15,2255.021681209568,0.1592,2022-04-27,12,ACTIVE,2023-04-22
c04cf6e6-cf6d-48c3-b661-cfdb7537fb16,CUST00006669,988c24c9-61b1-4d22-a280-1c4510435a10,PERSONAL,2674.85,606.4726578644824,0.0608,2021-11-03,36,ACTIVE,2024-10-18
a7a3208e-b1fd-44de-892a-2783e9b50a89,CUST00004268,3c9b3b84-cb4a-4dc6-8509-6c7855660d8e,BUSINESS,22548.58,9539.378072467027,0.1782,2023-02-20,120,DEFAULTED,2032-12-29
ec7448f9-5b60-47b0-9777-676070fff474,CUST00005989,f37985df-fa59-407b-a0a7-ca57858117a1,BUSINESS,85256.17,50021.13209010321,0.0321,2021-11-30,120,ACTIVE,2031-10-09
8b418bdf-e52b-4187-bc3b-5ed72dd5b752,CUST00007653,e10b1a47-7fae-4748-b781-321e83c501cb,AUTO,5644.1,1221.7228674936928,0.0945,2021-11-06,36,ACTIVE,2024-10-21
7a44167a-63f7-4edf-b294-8c6466d2c0a7,CUST00008681,7636ae1c-e961-41f3-8130-8be0fcea9a96,BUSINESS,215114.53,82284.3676156728,0.0344,2023-12-07,48,ACTIVE,2027-11-16
f8dc2c64-c4e4-4753-8a0d-9af8322c519f,CUST00001486,7e1f48c4-a9d6-490d-b4ad-fa22ad0205f5,MORTGAGE,47391.02,27673.673063626356,0.1864,2026-06-19,360,PAID_OFF,2056-01-13
ef145b36-06b6-4727-afcf-9246a81f3e5b,CUST00003660,8f221604-d46b-4756-b9e4-39ef48d495a4,MORTGAGE,103349.41,39627.81243140613,0.0273,2022-01-08,120,ACTIVE,2031-11-17
61650f34-465f-496b-b3b6-b1439d96d6dd,CUST00002420,1b2ededb-8fc8-4fc0-83d5-bceb5edbb8ee,MORTGAGE,8211.15,1175.5855944024224,0.0472,2025-09-23,60,PAID_OFF,2030-08-28
9d30b0f7-f6a9-4c38-93f7-4636c7be5406,CUST00007741,85924e5f-1f53-4b6e-ab11-77367260282f,PERSONAL,79363.02,39019.71173931255,0.1847,2026-03-08,36,ACTIVE,2029-02-20
a9e7bb4f-a0b8-4ebf-b82b-2b9310404bf3,CUST00007144,eca04629-e05b-47ea-80a1-5dbc695f34ff,STUDENT,4281.67,1387.23622898953,0.1248,2022-01-15,120,ACTIVE,2031-11-24
9c454443-7eb1-46f4-b61e-b3acf92df31d,CUST00003496,acffa99f-f005-4f9a-a6a2-c94556f11afb,AUTO,83731.56,72359.83973056197,0.1631,2026-02-23,120,PAID_OFF,2036-01-02
8abefd88-626c-4a12-be12-9751883e153f,CUST00000757,1b41a61e-85d1-41ef-8344-edb3ceed0ffc,PERSONAL,28502.84,22107.512655413266,0.023,2023-06-15,24,ACTIVE,2025-06-04
93188472-9fa6-43ea-9b65-e8d62660f73f,CUST00008449,e660a8e0-8b13-4689-9ef2-a148209515d5,STUDENT,50507.49,9610.317318242147,0.0954,2021-12-09,12,ACTIVE,2022-12-04
7f4a3544-817c-481a-afbc-2464ea524c69,CUST00001780,0fb97b5d-520b-48f6-88d0-e602fa4ffba8,AUTO,3776.71,576.4611194771132,0.1972,2025-06-24,120,ACTIVE,2035-05-03
d64894cd-2766-4e92-9873-6d60b7f23862,CUST00006488,57d9cbb0-309e-47ba-90e6-56e592715f6e,AUTO,5752.53,2000.0204935418608,0.1244,2022-01-13,120,ACTIVE,2031-11-22
84203c0c-51f3-43e6-a126-180ad586cc32,CUST00009665,f3025d16-1eca-4ae9-a5bf-213d9eca381b,AUTO,53951.58,22237.46553464251,0.1729,2025-01-19,24,DELINQUENT,2027-01-09
fe835c51-7e70-4309-b237-1f1493a971f4,CUST00000259,a6cc0a57-8e01-4eb3-8352-8ba43f0e924b,MORTGAGE,5310.7,4949.668796240233,0.1934,2021-12-21,360,ACTIVE,2051-07-17
a4afade6-ca60-4b2d-89c6-28ddbff090b9,CUST00004076,e7d73d1d-69a3-4991-b634-646c5806a961,MORTGAGE,44126.22,13309.383001189562,0.1433,2024-01-08,36,PAID_OFF,2026-12-23
863e3610-ae7a-452a-9179-15b7883a5ef5,CUST00008499,b69f75c5-c82b-41be-a1eb-64e6fd498e20,MORTGAGE,2833.57,2458.3609950409286,0.079,2022-07-23,36,PAID_OFF,2025-07-07
2fad3d7e-a4bf-4846-a60a-3bdb002ae6c6,CUST00008015,0b398e89-f842-4163-9455-5290017c75c5,AUTO,78610.56,39722.64542319203,0.0755,2022-03-21,24,ACTIVE,2024-03-10
3ccb9897-cadb-41c4-a00d-1e18aeadc03f,CUST00001119,4a229ba5-925f-4cc6-9e9d-2f8a1ef11a27,AUTO,3467.59,3070.979974505549,0.0328,2025-01-25,24,ACTIVE,2027-01-15
44f2a0db-b20c-451e-8d47-7c015e61df62,CUST00007632,5c7ae8ef-c324-4e35-beed-cc6522cb2720,MORTGAGE,50435.47,35403.368677842605,0.097,2024-06-16,48,ACTIVE,2028-05-26
e50c27d4-a9df-4b1d-87a7-611de20da100,CUST00003018,83f38f4e-faf3-4aec-9e0a-71570d6ed01e,AUTO,56299.81,39882.16431065353,0.1848,2023-02-02,12,DELINQUENT,2024-01-28
fe95c8c9-c16c-493f-9c40-5fa3de2752ba,CUST00004342,d18183d1-ac2b-4cfc-85c5-1060991121e7,MORTGAGE,7745.31,4018.247367878789,0.1061,2025-10-12,24,PAID_OFF,2027-10-02
9e9a1e40-ba49-4cd5-a185-3b1a63e12924,CUST00001659,1674eb65-0f9c-4300-baa1-c5678cf9eea9,MORTGAGE,52735.27,44313.66051471442,0.184,2021-08-15,12,ACTIVE,2022-08-10
91b6aa01-74e6-4f83-af84-4b8f54f5e2f0,CUST00008379,2540647b-784f-4b14-b2d3-1a6527dea64c,MORTGAGE,32554.26,8282.611260287522,0.1671,2022-03-21,120,ACTIVE,2032-01-28
1ff49019-ac4a-4701-87d7-a39309cf1063,CUST00001798,7e63f654-53ff-4f1f-950e-33880a6552a5,STUDENT,9815.69,8906.278802315417,0.1972,2026-01-27,60,ACTIVE,2031-01-01
8ab171e0-e657-4d38-8793-acb12afcc87e,CUST00009117,3d114802-2702-478b-9f0f-da8d05379ff6,AUTO,4852.11,3089.706493978567,0.1906,2024-11-20,36,ACTIVE,2027-11-05
57b6b27c-bf18-474a-8743-d9f12d08413f,CUST00000785,6f082598-e1b4-47ef-9f8a-4862ff68ef1a,PERSONAL,1159.87,508.8452935741358,0.1472,2021-07-24,24,DELINQUENT,2023-07-14
404f04e4-44b0-4797-9fe1-271fda3c3beb,CUST00005692,13f39289-4dcc-405d-959e-f0fd1204f4d6,MORTGAGE,37215.29,36552.482090681944,0.1768,2026-05-25,60,ACTIVE,2031-04-29
64a70279-8609-4880-af29-c0f72ebbfe0a,CUST00003197,33a51ac6-c461-494d-a09c-fe40c5bca449,PERSONAL,2106.53,1815.8585766325775,0.1547,2024-02-23,36,PAID_OFF,2027-02-07
323415b1-64e1-4340-97f5-d62875ef8169,CUST00009553,0b398e89-f842-4163-9455-5290017c75c5,STUDENT,25413.0,19619.36999909198,0.1466,2025-07-23,48,ACTIVE,2029-07-02
d0b2b078-d393-4f3e-9a5f-838f23ee4016,CUST00008533,31dae817-4937-490f-84a5-b18bcdcd0a34,AUTO,14836.23,4063.6800583471963,0.1488,2021-12-25,36,PAID_OFF,2024-12-09
a367b563-2f89-4e9b-8b4e-52fd9c83e2d2,CUST00000563,87f3c9a4-cd1a-410d-9101-71d21138978b,MORTGAGE,61005.19,59403.23644061151,0.1498,2022-01-01,24,ACTIVE,2023-12-22
2212b446-f39e-4b73-a24a-7b893f22cd74,CUST00004747,eb25d7e7-e073-4c70-ac20-2d89b7a69c32,MORTGAGE,14001.67,10403.065828693101,0.0883,2022-03-16,60,PAID_OFF,2027-02-18
937838f9-bd46-4b37-885f-3b06aefb886b,CUST00003000,cdfa76af-66eb-43b0-92d2-408eff08c739,MORTGAGE,13437.82,8132.800923671134,0.0962,2024-03-17,60,DEFAULTED,2029-02-19
6431d4a9-ca1e-48d9-84ed-bacfd8c42832,CUST00001194,279f5df0-da2d-4df9-a3c1-4a53acf96a12,PERSONAL,66026.14,60862.84494672638,0.0729,2025-10-18,60,ACTIVE,2030-09-22
ddc55228-38e1-4998-9dca-9cc3d48f16c5,CUST00000069,cb6ad0c7-a235-4dd4-9355-08d073b5bad5,STUDENT,36409.57,5904.965300916364,0.0467,2023-01-14,36,DEFAULTED,2025-12-29
f5e1ab65-8bd2-46cc-b1cf-3224f0cb8112,CUST00005680,2285b2ef-cfbe-4fe9-aea9-c542a1b970d0,AUTO,35391.75,4920.021385420092,0.1025,2022-03-23,12,ACTIVE,2023-03-18
ef3dc5a8-9295-4d18-ac7c-44a8e6c9e05e,CUST00002429,7c441fe7-ab42-40a7-874a-493b3ceddf2d,STUDENT,44529.24,25101.729920625614,0.182,2023-12-19,360,DELINQUENT,2053-07-14
2a17879a-67a7-4886-9716-6f351a64eed2,CUST00006201,8b7fa47e-adc5-4fc7-a07b-f99be08c82ea,MORTGAGE,2200.94,124.82322337367869,0.1372,2025-01-10,12,PAID_OFF,2026-01-05
ae372e39-af39-4095-9461-1ef142bf18d2,CUST00005397,be86f5d0-f73e-4b07-a860-25bfde68666d,STUDENT,68540.7,45510.12430316856,0.0301,2025-05-28,36,ACTIVE,2028-05-12
88755363-2fc5-4298-93ef-fcdfea7ec9ac,CUST00006994,6b1d20b9-8954-4c3d-a10f-2a8a1c59b736,PERSONAL,55199.17,13288.711008837578,0.166,2024-07-31,24,ACTIVE,2026-07-21
fd481505-b8f0-4270-967f-d2e9c2f18bfc,CUST00003599,140642a8-2f61-4334-b608-93b22febcc33,BUSINESS,4793.3,570.530096054524,0.1884,2026-05-23,36,DEFAULTED,2029-05-07
e9f8e115-2d8a-42cc-bbb9-bc20eea21c48,CUST00009036,092c4801-698f-44f8-a747-d24a1a46d536,BUSINESS,15273.57,6254.463526499625,0.1693,2023-12-04,12,ACTIVE,2024-11-28
2aed0848-639a-451f-97e5-d468f1ed1e4a,CUST00000574,4d2d8efd-57c8-494c-9e77-76ae8bec9a50,AUTO,20765.31,9675.588435865104,0.151,2024-02-03,36,ACTIVE,2027-01-18
6755b2d4-2bfe-452a-9350-46f4f7f80118,CUST00004215,03ad702e-216a-4bcf-a616-dde4b388300a,AUTO,18002.3,3069.1196653162406,0.047,2023-12-30,60,PAID_OFF,2028-12-03
de4b2801-38be-418f-96d0-d89df2314c7d,CUST00007637,ed3d5159-c2f5-4a5f-945f-f4db9ce91544,STUDENT,36344.2,1509.5661946838593,0.0828,2023-01-06,24,ACTIVE,2024-12-26
879d19c3-57e4-467e-b8e6-b704b1d12755,CUST00001479,17584f23-1fa0-4802-bbb7-1494b7e767d4,AUTO,188537.12,78064.84869206315,0.1218,2023-09-08,360,PAID_OFF,2053-04-03
5ebbb87b-afba-4ddc-881c-597a9ba1cbe2,CUST00009706,afbb411a-a123-4a8c-93b7-a88612f70c97,PERSONAL,111597.07,84760.91368414434,0.0338,2024-07-26,24,ACTIVE,2026-07-16
fdce4f12-dc46-46c7-b93a-cfff1a2b2339,CUST00006128,9e11d2cd-0930-4ef6-8a80-068ddf547e50,MORTGAGE,3076.88,2689.8077901668717,0.0391,2022-09-26,48,ACTIVE,2026-09-05
8f57cd9e-1b30-4e97-8125-aedbf0884735,CUST00009161,f7b217c7-ae92-4a71-8f7d-cb431679742f,MORTGAGE,55999.89,5462.69374091723,0.1882,2025-06-26,360,ACTIVE,2055-01-20
5da55873-5e85-4364-a426-f2e5b5eae220,CUST00006677,1de20f2d-0328-4b00-a953-4ea7d76d9612,STUDENT,161684.14,84831.70101607661,0.1465,2021-12-09,36,ACTIVE,2024-11-23
7d5887a5-a554-4394-b39d-ea6f06919b1d,CUST00002197,a53bc024-d1a6-4d87-b54e-2019ba35844e,MORTGAGE,39348.49,10364.509871018143,0.0695,2026-02-18,120,PAID_OFF,2035-12-28
62e32fa7-f4cd-4362-834a-184284d8ec6a,CUST00009704,4b27b079-5c5d-4f1b-94c0-c6c254f6516e,STUDENT,113150.11,42389.86355529,0.0789,2024-01-15,120,ACTIVE,2033-11-23
530a542a-8f05-494e-99a1-9ca8f3177bab,CUST00008167,bcc4f0db-cf13-4b3d-8ab0-5699fd888cbd,AUTO,450631.71,420638.4879302355,0.0892,2024-08-12,360,ACTIVE,2054-03-08
c1886c58-5208-42d3-9c21-592004007c5d,CUST00008847,29d0c613-b0c7-4002-9956-699065fdaadb,AUTO,102289.71,36013.62642292607,0.0335,2022-02-05,360,ACTIVE,2051-09-01
498ccdd7-ae1b-4c1a-85e3-8a4e7cde6371,CUST00006051,6dec6bbd-f697-47a1-99fe-3d53624fea4b,PERSONAL,32015.1,11696.586489252151,0.1531,2026-06-22,360,PAID_OFF,2056-01-16
01f239e4-3965-4c7a-82ff-3b13d32a27d1,CUST00004651,6a5e6920-bf5a-47e6-93a3-dd5a4b8c5bdc,MORTGAGE,105623.14,22117.044618078817,0.0518,2022-02-25,120,DEFAULTED,2032-01-04
9f88be6e-a0cc-4aff-8e7e-9ac831b4709c,CUST00008485,67e54646-8430-40fa-b90f-ecf5e8410a39,PERSONAL,27373.53,26279.092966383298,0.1649,2024-06-06,60,PAID_OFF,2029-05-11
e4d479e7-ace8-43d1-a0b4-3a731eb6dd1c,CUST00004527,af2537f5-9d31-462a-bb5a-bb36ce7968b7,BUSINESS,22830.54,10421.852855726867,0.1723,2022-12-22,120,ACTIVE,2032-10-30
13131048-93b3-4363-9307-32958326c2dd,CUST00004413,5fcc997d-1cbb-404b-accd-a2af4d64bb63,PERSONAL,13002.26,7416.386828960886,0.1349,2022-10-15,36,ACTIVE,2025-09-29
e9f410c9-1cfa-48a2-9517-fa40ed233795,CUST00005444,e7f2418a-953f-4fd4-a069-4b6d04b51c12,STUDENT,229835.71,104154.21024343774,0.1586,2022-04-20,48,PAID_OFF,2026-03-30
2a314f1d-7bf7-4f91-9958-21e07b310f54,CUST00009781,b9787c4b-09aa-4570-9be9-50c7147d7bfc,STUDENT,6453.37,1632.180382415618,0.0509,2023-04-14,48,PAID_OFF,2027-03-24
d5411860-8583-40bb-b2fb-59fd0c00f8ff,CUST00008788,76492e64-f55d-4e6d-ad26-8b378f5242d3,PERSONAL,219378.01,177786.70634976955,0.1237,2025-12-05,36,ACTIVE,2028-11-19
3c6bad34-94fc-412b-9567-cd27b4664f33,CUST00002594,6d1e0d7d-1402-46ee-81e6-935f3c7ed208,AUTO,46620.53,1327.3436401271172,0.1418,2021-12-03,120,ACTIVE,2031-10-12
1604c332-09a6-4674-8b1f-a32544e5f394,CUST00009108,462741ec-08ac-484f-8a10-b49968028b3b,BUSINESS,2700.09,1863.7193831562815,0.1391,2022-09-23,36,ACTIVE,2025-09-07
64fff7a6-35ce-4da8-9d3d-c371d6ac0d84,CUST00006853,18e824e9-cb2f-4bc3-921b-f7334eada8d3,PERSONAL,38233.75,22721.27807225299,0.0411,2026-02-21,360,ACTIVE,2055-09-17
4b2ca54d-5343-4238-9694-c02c4ebd9823,CUST00006630,7e7838c9-ca55-438b-bc9a-be10238d6f44,AUTO,943.84,136.17784934606902,0.082,2022-08-18,360,ACTIVE,2052-03-13
d3dd8cf8-53a7-4e7d-9b86-9a7274242892,CUST00003870,3de54ee2-a655-496c-a528-d32da60c2bed,PERSONAL,56289.43,9338.700377810555,0.0785,2021-10-18,36,ACTIVE,2024-10-02
3772d3a3-1b72-4a6c-b3c9-bfa153e87b79,CUST00007972,f80443ee-c3b8-4179-a899-4c8408403234,MORTGAGE,83103.93,54784.23711112269,0.1231,2024-07-11,360,PAID_OFF,2054-02-04
9e8fa807-5db9-4490-ac6b-2108ba9b519a,CUST00009168,d0ef1299-250b-4c5a-90e0-8a8175ea1023,STUDENT,9058.57,2827.5310939971614,0.1577,2023-09-16,12,ACTIVE,2024-09-10
6b6348f4-d14a-4950-b6e7-5939e2d76077,CUST00009268,6bca4f86-6500-4793-a238-dfc60a4e3ccf,MORTGAGE,26511.17,7045.027365723608,0.1227,2024-11-07,48,ACTIVE,2028-10-17
f35c02fd-d88b-4a71-ba53-d4ca79d1acbd,CUST00007823,2a9edda7-761a-4914-8931-b2d4d3def87c,MORTGAGE,413013.74,24432.28026164903,0.1559,2023-06-26,24,ACTIVE,2025-06-15
cc7e66de-3cf7-426e-98ed-c1e686474182,CUST00002990,6e43b319-f929-4271-b220-58f9bdb2fd9e,BUSINESS,10315.26,7906.472351967743,0.0378,2023-07-29,120,ACTIVE,2033-06-06
513be62e-d9ff-4acd-b284-03566d1eb9b4,CUST00007063,9f8acdeb-2e8f-45a8-847a-3b7ed209383b,AUTO,4499.13,3971.2557842691926,0.1781,2022-10-22,120,ACTIVE,2032-08-30
9eead5de-f5b5-477f-841c-4ba30bb90921,CUST00005341,3db02235-261e-4555-863e-1f2a18a806ef,STUDENT,203311.61,166683.8750987652,0.1166,2023-04-07,12,PAID_OFF,2024-04-01
2651daa3-d8bb-4c4e-b3e6-270444087b43,CUST00009644,f5159494-3818-4fd3-b889-936a9d5817e8,MORTGAGE,418269.31,194927.76959973798,0.0267,2022-05-18,60,ACTIVE,2027-04-22
cd68f11c-a4b0-490d-9d40-111ab276d819,CUST00003824,3eabedcb-baa8-4dd4-88bd-64072bcfbe01,STUDENT,22148.91,11826.552437574106,0.1358,2023-02-27,24,PAID_OFF,2025-02-16
c50ef346-f34c-4c78-8892-111c1bee4909,CUST00003933,a5df6f85-bab5-43fb-9dfc-d1d5cb863dea,AUTO,100427.82,24331.269999779368,0.1131,2025-05-01,24,ACTIVE,2027-04-21
c6bdce43-0902-4afd-964e-9cd4cade4865,CUST00008555,c72850c1-3322-468b-9be7-8aec32da81f0,PERSONAL,164754.85,28478.6566647312,0.0597,2024-01-10,24,DEFAULTED,2025-12-30
6207db63-74e5-4611-ad65-27a15a968960,CUST00002430,dcdbf14e-5ca5-4057-9e71-9a56187ebca4,MORTGAGE,7232.02,5951.960956837704,0.1576,2023-02-06,360,ACTIVE,2052-09-01
ff62499a-f2ae-4fce-877a-71fc9d9fbeb3,CUST00007445,4262a48c-9aa3-4580-bb70-8dd7bf3d5023,AUTO,10636.44,8491.539762985454,0.188,2021-12-01,48,ACTIVE,2025-11-10
8612944f-977b-4e96-b232-398b1f3c4a38,CUST00007148,109efb40-8ceb-4c57-97e3-23cf6d651847,STUDENT,139568.64,108495.05404557036,0.0781,2022-03-27,60,ACTIVE,2027-03-01
9ae5fbbc-0f65-4cc9-8fbd-853a790f2b45,CUST00007632,87f1d48c-d54e-4948-81c0-c5e3527c8f50,AUTO,275824.87,127806.02045041778,0.1089,2023-05-11,12,PAID_OFF,2024-05-05
c1fcdfc3-21b2-4aa6-95bc-cd83bb853c91,CUST00003599,81ef8162-3953-48bb-883e-00325fe8a7f4,PERSONAL,51242.33,44299.391968757984,0.0431,2023-12-22,360,ACTIVE,2053-07-17
5c699e1f-458c-441d-81b8-d47e7a5f1d32,CUST00004330,567e642e-052d-4b9a-9f58-4603e5a3d8e9,AUTO,5885.69,5451.514828257396,0.1874,2025-08-02,60,ACTIVE,2030-07-07
83a64431-d83e-4704-bc29-9c682138fe3c,CUST00006719,e3395b1a-1ce9-4871-bcf5-9d5feb9f33cb,STUDENT,433909.67,142471.78623494247,0.0774,2026-03-19,120,ACTIVE,2036-01-26
c4593083-db40-4797-8ecc-4bd986db41b4,CUST00009924,4758367b-a649-4cdc-907b-907265e58f34,MORTGAGE,9932.26,2231.724112930357,0.0551,2023-11-16,12,ACTIVE,2024-11-10
e3e32e42-29ac-42f0-a6f6-290a592b4112,CUST00008219,15956c42-27c0-4f89-9e3b-f1b34330125c,MORTGAGE,13323.62,6185.664202107506,0.1061,2024-04-03,360,ACTIVE,2053-10-28
8eb232b8-54b5-4b05-af67-8fc82308961b,CUST00000093,bda3c162-3a78-464a-9d86-80cbb90800f3,BUSINESS,36809.33,6600.883040532779,0.0278,2025-01-24,48,ACTIVE,2029-01-03
c69eb431-cf34-4c15-a9b3-589ccf2109f1,CUST00008501,15936f42-4d31-49b3-a187-8e933281f976,STUDENT,226667.76,200374.95380819772,0.0655,2022-12-03,120,PAID_OFF,2032-10-11
f49eaaa3-0ef1-47f7-aa84-6c2c6d9b5aa8,CUST00000052,a04d4d14-197d-4ae1-8bc2-ea720c648ca2,BUSINESS,79297.67,26801.859138301934,0.0322,2024-03-03,60,DELINQUENT,2029-02-05
9564a7bd-c5de-42fb-9d31-5c0b530f7e66,CUST00000319,95ca788d-d6bc-4712-aecc-a931ef705d01,BUSINESS,41039.83,23645.99217042156,0.0429,2026-02-03,24,ACTIVE,2028-01-24
c1192634-cad3-4250-aa5f-09cb81a603db,CUST00005689,61652fd3-41dd-4edf-acfa-a174ba059e68,PERSONAL,44131.66,26245.958588744634,0.0402,2023-09-03,60,ACTIVE,2028-08-07
478fcedd-7134-4dec-89f6-53a97324c2bb,CUST00007019,67e2189b-f4b4-4704-8edb-6dc82d19bd52,STUDENT,23512.14,12108.467140995963,0.177,2024-07-25,120,ACTIVE,2034-06-03
23625303-2ae7-4b5d-9cd2-dfd44c745676,CUST00007211,c9a7d91f-ef2a-4713-9702-10496a39aaa6,MORTGAGE,50879.19,7963.901309622609,0.1875,2024-01-28,360,ACTIVE,2053-08-23
829d03f5-567f-4e50-b4c3-13eb7e225d5c,CUST00003957,b636cc4c-5170-4a8a-a00e-0b6064eec4c1,STUDENT,495.55,491.09036719827014,0.1054,2026-06-15,360,ACTIVE,2056-01-09
e4a6da33-bda5-4100-bbaf-f9ca565854d5,CUST00006058,52ce55e3-69df-45c7-a4a0-053f22a37556,PERSONAL,14116.35,2436.5275950980213,0.1335,2024-07-13,48,PAID_OFF,2028-06-22
a1d60cf1-8a95-40d8-8794-c44dab583656,CUST00006876,80daa8ca-6230-4d27-9a4b-160621019bff,STUDENT,31633.85,23773.071118196076,0.1453,2026-06-13,48,DELINQUENT,2030-05-23
6c05df93-969c-482a-bb9e-88f856ebd83a,CUST00004432,05000bc6-b20d-4b6e-b231-1f1795863a76,STUDENT,3918.56,3101.002903757584,0.0904,2021-09-10,48,PAID_OFF,2025-08-20
dde630e0-cbee-4346-9d1c-153ef6ebcacf,CUST00001526,ba554e35-ddc8-427b-a623-b91a72f68fe1,BUSINESS,39319.86,5707.816689846071,0.0866,2022-01-26,12,ACTIVE,2023-01-21
d7718c05-b671-41b2-89a0-a9ef513c5c4d,CUST00007044,4775d7ab-d207-4bc4-b885-8b6d23e7cd20,STUDENT,16208.53,15125.208771861582,0.1416,2026-06-30,60,ACTIVE,2031-06-04
80851d53-2d82-4b6a-89bc-819e9d180608,CUST00001279,a8cf2936-8e81-42f0-ad47-4c4f08697ffa,BUSINESS,306573.73,149534.02319896728,0.0878,2025-01-17,24,PAID_OFF,2027-01-07
9d482c49-f53f-42d3-8df6-720520ff622c,CUST00008706,cc351e4f-703e-457f-b5ab-8466b5578b00,BUSINESS,233171.52,146637.5953513245,0.1246,2023-03-31,360,ACTIVE,2052-10-24
153e09ba-f7b6-434b-9e60-5b15e915a8f9,CUST00006126,910c4cb7-25f0-4b0a-a64e-f59d6a18e5af,AUTO,10952.16,7033.324435462053,0.1127,2023-10-19,24,ACTIVE,2025-10-08
fc424352-6d98-4038-b174-429ccffa9e4d,CUST00007875,dabc47ce-3068-4fdd-965a-fd0f9db402f1,PERSONAL,17566.4,8870.243718204592,0.1144,2026-03-28,36,ACTIVE,2029-03-12
eebd342d-22d9-4b18-8680-55f355114558,CUST00009926,15956c42-27c0-4f89-9e3b-f1b34330125c,BUSINESS,19713.89,2799.806955379571,0.1693,2026-02-16,48,DEFAULTED,2030-01-26
0a164306-e1ea-4d41-819a-1843d9dbff58,CUST00006901,c986f893-6bf5-4c98-8797-2916c0e5d883,STUDENT,11187.03,8409.8873673307,0.1467,2022-08-01,120,PAID_OFF,2032-06-09
4e8d2654-cd37-40e6-a7eb-e3a50af9da16,CUST00002501,30e912f2-f2b4-4abf-8441-aefd0299436a,BUSINESS,29511.56,17169.407580397048,0.1929,2023-05-13,24,ACTIVE,2025-05-02
9619cf44-3ac5-424f-a3a0-51e85f5c6553,CUST00003465,0dfabe46-dbd3-4865-8f38-1c01d5ce0626,BUSINESS,7062.66,838.2008341537121,0.1624,2024-01-25,48,DELINQUENT,2028-01-04
129f9fa5-3b6a-48cf-a0df-542da5b813c2,CUST00002260,f395c213-79ee-42c0-aa7a-907d41f3f1b9,BUSINESS,4040.31,2829.5178530900553,0.0462,2025-12-22,24,PAID_OFF,2027-12-12
a484be3e-2191-490c-bc86-1a6af55db8b9,CUST00007497,b69415c7-1604-42b7-b424-b79c27b0816b,MORTGAGE,56053.78,39392.53721332964,0.1529,2025-10-20,60,ACTIVE,2030-09-24
fdbf4aa4-e211-4c10-9368-c594e09b6f17,CUST00002660,d72b6108-2a40-4f12-b963-f37f67814c1f,MORTGAGE,56630.01,31060.792927276136,0.1398,2022-06-18,36,ACTIVE,2025-06-02
537356f2-cc9f-47d4-9da0-b6add3bb447f,CUST00000256,076c108d-214c-47b1-8cfc-64207192e443,MORTGAGE,6591.44,596.8470501082531,0.1363,2024-09-24,48,ACTIVE,2028-09-03
3556071b-11b9-41b1-913f-9d0fde550a06,CUST00001503,399557cb-827e-40b2-a892-0b25ab35f75a,MORTGAGE,84375.57,29754.54113425928,0.1065,2021-12-21,12,ACTIVE,2022-12-16
7b03f61b-5705-433e-92f0-2148016d0426,CUST00004657,d89939ba-da7a-4e9f-8265-1976e0880267,AUTO,8541.0,434.94280323965296,0.0312,2022-04-28,12,PAID_OFF,2023-04-23
a227ac14-343f-4341-8593-d3a208a66a64,CUST00005431,b544f70c-593a-4b51-978b-55e7f406d6e0,BUSINESS,32200.84,15378.992986865616,0.1913,2023-07-25,24,PAID_OFF,2025-07-14
bcf7bbc2-8e38-440e-acf9-8cc8a20c9fea,CUST00008599,64f22a7c-87f7-47fa-acfa-855f089b5b49,AUTO,75396.49,68342.93211537793,0.1733,2025-05-06,360,ACTIVE,2054-11-30
48ae4aba-19b1-4ec8-ae97-38692ea151aa,CUST00003177,f1901b7e-c6b4-49ef-b74e-ba9310275b53,STUDENT,20943.45,47.18522870463742,0.1076,2023-05-08,60,PAID_OFF,2028-04-11
85123413-d9e3-43be-88cc-02e84da29b5e,CUST00001861,177d6e7e-07d9-44ce-b8c8-8faea2178f84,PERSONAL,43569.44,11617.296795412196,0.0485,2023-05-18,120,ACTIVE,2033-03-26
62c57829-6210-4734-9ded-b8538658c2e5,CUST00006159,76f2dbfe-cd29-436f-a222-82e174daaebf,AUTO,10151.28,8119.593696302533,0.1684,2022-11-02,360,ACTIVE,2052-05-28
b77c1be6-febe-46a6-9eb5-d8d29620818d,CUST00005807,f18cccdc-131e-4723-bbcd-f203459ee674,MORTGAGE,16404.32,161.76027347645623,0.0975,2025-11-29,48,PAID_OFF,2029-11-08
f68d6979-7fe4-4461-a4e1-ed797d99e386,CUST00004355,e43081aa-6022-43ff-b330-4e33deb0de7d,MORTGAGE,16174.82,164.55351300049017,0.0902,2023-12-04,36,ACTIVE,2026-11-18
efc87fc9-fd8e-4c60-b0bb-79d9d9b00417,CUST00000723,403fd582-4ccf-4a4b-bc93-243ec90b9454,STUDENT,7187.74,4390.4051840141565,0.1398,2024-11-09,60,ACTIVE,2029-10-14
e61c4368-72f1-4318-ac4e-77f738da98b0,CUST00007580,2cc09f87-399e-4823-a75f-58ba86052bef,BUSINESS,16896.11,13334.40590284213,0.1566,2021-12-15,24,ACTIVE,2023-12-05
b8280725-70e9-4f08-89f0-9bd6a32785f7,CUST00009475,df223246-e6fb-41d3-bba2-6c214264e318,PERSONAL,2158.29,1675.9238774641406,0.0313,2025-11-02,60,ACTIVE,2030-10-07
69ccaeb0-a4a5-408d-8aec-4d62f30fa5b6,CUST00000614,fae2d4a8-a475-4fa7-8d30-69bfca6628a8,AUTO,10543.55,8219.519840671144,0.1582,2024-10-23,36,ACTIVE,2027-10-08
21366a4d-01a1-496e-bf34-d88926530bd4,CUST00003332,7f85c4e7-1177-4f21-948f-5ba30d87bc72,BUSINESS,14366.97,5186.567325805058,0.1521,2022-11-30,60,ACTIVE,2027-11-04
fc1b3217-83eb-4e95-9891-0c365dc57345,CUST00005791,f143262f-dc5c-4eed-8da0-365bf89897b9,BUSINESS,14998.87,13239.864685833852,0.1261,2025-09-26,48,ACTIVE,2029-09-05
eb536282-2aee-4929-b424-a7a0bd1e9e72,CUST00003117,8a4b8f7c-2147-4a15-bcce-96f6250a4578,AUTO,15332.86,196.80647923197128,0.0809,2021-07-26,24,ACTIVE,2023-07-16
f31fbee0-358a-4854-89b4-af175e6bed7a,CUST00009005,f6f61488-d620-45f0-9253-b6f72328051e,AUTO,20077.47,6267.959996883758,0.0497,2025-08-20,36,ACTIVE,2028-08-04
37eb9827-869c-444f-91d0-dc7af56ccffa,CUST00009979,e83cdff9-78a1-4988-84e1-502aa76180c7,AUTO,45214.01,15245.607806164267,0.0385,2024-02-02,24,ACTIVE,2026-01-22
b5230821-2c41-46f7-9045-f17ece2db215,CUST00000331,cb5a4d77-91fd-427f-8cbb-7460510c8c48,AUTO,81778.99,13540.239442684997,0.0202,2026-04-28,120,ACTIVE,2036-03-06
1b19b829-d0fc-4577-8ec7-56748b19f320,CUST00002213,0a670143-6090-403c-9e8d-f8ad838b77ad,MORTGAGE,8311.14,2794.4211331735555,0.0572,2023-08-25,48,PAID_OFF,2027-08-04
d61a4a69-30bf-4bd2-a23b-da76bcaf0ee3,CUST00009409,85915036-288c-4222-8148-a2458be64b98,BUSINESS,3623.51,2122.9570040851177,0.094,2022-06-10,36,ACTIVE,2025-05-25
9b48c6fb-333f-417b-a054-e592101b3c72,CUST00005494,38d5101f-423c-4d9d-993e-478302b34254,BUSINESS,4614.38,2400.766454924548,0.0639,2021-09-29,120,PAID_OFF,2031-08-08
a528698b-d756-4927-a0f0-200824a994d7,CUST00007233,0ff4c2d6-e0d6-4081-a98d-c5f7a9d06567,MORTGAGE,10606.22,3387.916839166518,0.0756,2025-01-16,120,ACTIVE,2034-11-25
9fc2e952-4e0b-4c8f-a07d-4d6c01d0468c,CUST00005615,bbd0fe6c-6108-4fcc-8186-722ba355ad05,BUSINESS,12992.38,9735.547802217661,0.0903,2023-10-08,120,ACTIVE,2033-08-16
bd00ff19-608d-4135-8f19-9b9217b4e6d0,CUST00005914,19b17e80-dea4-4e17-94fd-9ad39716108e,AUTO,6939.65,4960.396437655929,0.0755,2025-08-01,36,PAID_OFF,2028-07-16
8503e3b7-1700-4953-a2ae-f5080213d090,CUST00005914,77d2b94f-1478-4c9d-9503-0b43e3c7ca9a,PERSONAL,3152.1,884.7833654052563,0.1504,2025-12-05,24,ACTIVE,2027-11-25
7d525a4e-432c-43e4-aa55-8ea53ea7d639,CUST00005612,614c721d-a921-4b4c-95fb-e976ae007b7e,BUSINESS,11112.42,3591.849656473186,0.1085,2021-07-23,60,ACTIVE,2026-06-27
8d80c2fe-b7b1-4072-b436-873728ffa490,CUST00009433,8f8d4107-c4d5-4c13-b561-d900aa52cdf3,PERSONAL,28915.7,8313.847807587013,0.0235,2024-09-24,60,ACTIVE,2029-08-29
8852c78e-0633-4286-9852-62b176935d1f,CUST00000320,13cf44fe-17c0-4e28-ae3d-9de2e504d1c6,PERSONAL,53773.94,6928.8348969041135,0.0608,2025-08-09,120,ACTIVE,2035-06-18
676e34be-78be-4228-8455-da792a4150de,CUST00008086,bd9277a4-1d2a-4042-842a-2f6480e1be4d,MORTGAGE,9545.88,7185.9632299071645,0.1477,2023-08-03,12,ACTIVE,2024-07-28
aa47bfc8-164b-4766-b4c7-573a84c84c23,CUST00004201,794e0838-7dcf-40fd-a330-98edda252795,STUDENT,11854.98,548.6071066280673,0.0742,2024-07-16,12,ACTIVE,2025-07-11
2e401311-c973-484e-ad4c-041374be3766,CUST00004792,d0095507-07fc-484e-a1b2-462781d67019,BUSINESS,5485.99,826.0830848464363,0.1856,2024-11-26,36,ACTIVE,2027-11-11
76d9d64d-7ae6-4ecf-999f-5901e65cad51,CUST00000330,a9f25336-83f4-49a9-88a6-39d015b52908,MORTGAGE,21011.84,2212.6416781949306,0.1483,2026-06-26,24,ACTIVE,2028-06-15
f929eda0-bf30-470d-82a5-af9b522326bb,CUST00008852,885f6e66-c2b6-42c5-ba5d-310011b7e948,MORTGAGE,6169.4,5091.846275599828,0.0722,2025-07-25,36,ACTIVE,2028-07-09
4400592c-a0b3-45c7-8fe1-f0505cf9d973,CUST00006743,1c24220e-2cab-47e7-8c6b-66e5402adf9c,PERSONAL,52036.03,2290.0284269204362,0.113,2022-01-16,24,ACTIVE,2024-01-06
279e04e7-6100-4856-a2bb-0c8d7bdc80ac,CUST00004917,f3c1114d-4e8a-40cb-a77b-71ea16f1e5cb,BUSINESS,1512.02,1004.9297548996353,0.1401,2022-03-21,48,PAID_OFF,2026-02-28
085e9e90-f12f-403e-923b-6567dcdc614f,CUST00001794,6a9f687a-d04f-4197-94c0-df2891b5fcb4,MORTGAGE,12843.02,571.1881568819173,0.0548,2022-03-31,12,DEFAULTED,2023-03-26
1719944c-9e5d-431a-a477-536f534fa89b,CUST00006458,cd6bb03b-eb35-47a0-ad6e-0291b7893986,AUTO,34601.8,27212.35737382132,0.0643,2023-11-25,36,ACTIVE,2026-11-09
dad95c71-c688-499b-9111-277c82cc3039,CUST00008126,24aa5685-7523-46ce-bc95-0bbae8184f34,MORTGAGE,29020.33,26487.263982795095,0.1113,2022-05-20,360,PAID_OFF,2051-12-14
61e5cdd9-741d-40f6-bded-3f17ab76faa9,CUST00005704,5a5226e6-9d64-4932-8066-853d6de299a1,AUTO,1251120.99,609099.7036136707,0.1865,2024-01-19,48,ACTIVE,2027-12-29
3db8014a-8dc5-4246-a85d-938be64f8ec0,CUST00006171,7f53d344-a7c8-44e4-8684-3c86b8a60402,STUDENT,37223.67,29947.998502087357,0.0819,2022-02-05,60,ACTIVE,2027-01-10
0d97bade-647a-46e9-9a2d-0d7abac432f8,CUST00006645,85924e5f-1f53-4b6e-ab11-77367260282f,AUTO,4884.97,3450.79426065738,0.0924,2023-04-19,12,ACTIVE,2024-04-13
b7e1cb21-2e80-4748-9e78-c6038ca3c793,CUST00007421,35ba5e93-bfc7-4282-b92c-8a723a17d79a,AUTO,19087.78,15186.911417242862,0.0543,2025-07-04,24,PAID_OFF,2027-06-24
a53a43d6-1ef5-40d6-b5d9-89367085770f,CUST00004156,f99cea5c-b65a-40f1-8350-ab061059ea28,PERSONAL,1533.99,1176.2254883208711,0.1268,2022-05-07,120,ACTIVE,2032-03-15
7508e10c-1035-4dda-acf0-c77d7801792b,CUST00008412,085b15fb-4a8f-4810-b84c-2f29980402a2,MORTGAGE,19518.16,4008.403213673968,0.1532,2022-09-09,60,PAID_OFF,2027-08-14
7161c888-32c5-4d76-b70e-bb11affee02e,CUST00002612,9645dec1-840d-414b-bbd5-48637974c90b,STUDENT,6313.31,3153.8708944003347,0.0993,2024-04-20,60,PAID_OFF,2029-03-25
379f0075-ba72-486e-b79a-0c86c986b3e4,CUST00005692,816bcb9f-7426-4193-8b7e-6b3c87d292a6,MORTGAGE,86949.73,83507.75425880872,0.155,2022-06-12,48,ACTIVE,2026-05-22
9522496e-a7c8-49be-9082-140aed00e657,CUST00002594,77fc9703-1fd5-4423-b06c-5c5649e2623d,AUTO,9659.43,3318.332430878798,0.0745,2024-04-27,360,ACTIVE,2053-11-21
d67e0f37-f4e9-438e-afa7-6c80f7746c4b,CUST00000096,2a65bae3-ddaf-4233-96a9-e518a55ac92f,AUTO,18487.52,17941.89949789454,0.1473,2022-12-17,36,PAID_OFF,2025-12-01
2e89bdbd-5369-4c45-877e-0371ed140bfa,CUST00009181,6c93a791-8b60-4511-b816-8aebac6a7c85,MORTGAGE,8490.16,4951.136235946246,0.0665,2024-03-22,120,ACTIVE,2034-01-29
f48783eb-939f-4536-a7ba-a3dd2c2bd5a3,CUST00009305,f99cea5c-b65a-40f1-8350-ab061059ea28,STUDENT,299023.38,138032.60635701247,0.1605,2023-11-24,36,DEFAULTED,2026-11-08
36cf28af-9d64-42ce-a8de-4479911eb1cd,CUST00006042,5a0461c9-947d-4fcf-88cf-c53d188889ce,STUDENT,13604.23,8948.28383843341,0.1695,2025-11-15,48,DEFAULTED,2029-10-25
2bd346cb-e1ad-44fa-a974-eaeebdb1d20f,CUST00005064,a4b1f991-7542-4646-8d37-a539857dd3b3,PERSONAL,344150.92,280771.80133284075,0.1636,2024-03-04,60,ACTIVE,2029-02-06
6d566dcc-bb99-4df7-99ce-afeef4914ab0,CUST00008438,53f30073-83e9-4ef4-ad7d-f5d0d3b59af7,AUTO,74699.42,29447.120526621155,0.0588,2023-05-01,12,ACTIVE,2024-04-25
da970edb-a841-488d-93b3-4dafcca5ac2e,CUST00003350,570e5af5-f5ff-4705-9a74-a05688dd44cc,AUTO,45392.41,1495.8694280154425,0.145,2024-07-28,60,ACTIVE,2029-07-02
4d9e6b9f-a3ee-485f-934a-fb2395ce2483,CUST00007645,b3da5808-756e-467d-acab-8b695ba37cb5,PERSONAL,38295.96,27144.417634822956,0.1169,2024-07-08,48,PAID_OFF,2028-06-17
24d4dba9-8cf7-4bd8-8d9a-58d83c7c5372,CUST00006561,23ef5561-839e-4623-81d8-41d32a74b90c,MORTGAGE,39763.15,38020.2032769872,0.1975,2021-09-13,60,ACTIVE,2026-08-18
5339eb18-2aa3-4d5e-a58e-8fb63c884bee,CUST00005248,2efcd60c-5256-4d59-857f-2f3e61a90fb1,AUTO,1222.3,763.9211826327679,0.0851,2022-11-27,120,ACTIVE,2032-10-05
f6d2a20d-b3d5-4708-9d1a-f023a73ff524,CUST00005357,8188de48-719b-4dd6-97b4-e75be9d18ec2,MORTGAGE,14496.68,2731.3844028405924,0.1588,2021-09-26,60,ACTIVE,2026-08-31
db0f1685-93dd-4e65-8a12-f3d93e98f09d,CUST00004078,11defebf-9e98-461d-88fe-bf6d199c8d94,STUDENT,78255.7,19426.39312560532,0.0866,2025-04-19,60,DELINQUENT,2030-03-24
51f8deb6-3404-47f4-8a48-28afe4ff5eec,CUST00004899,b95e44e3-9653-49ee-905e-c9d64c32a0a2,BUSINESS,20468.74,18621.450924478755,0.0914,2022-11-18,60,ACTIVE,2027-10-23
444b9490-4edd-4cfd-b08f-ecf78e525adc,CUST00001418,797e3984-ded7-43ef-b5e4-a9c12d761ffa,PERSONAL,2676.37,36.29718581293707,0.04,2024-07-26,12,PAID_OFF,2025-07-21
b98b9459-7d35-4e60-9f45-a6d06af9e1cd,CUST00008847,29298691-ec93-443d-9e5e-8cfe2a96c526,AUTO,20361.34,11173.2174293669,0.0631,2022-02-13,24,ACTIVE,2024-02-03
be60808d-bcb3-4076-b688-f76ea504ee5a,CUST00000111,fae91634-3bf8-4406-b89d-2267b7c25d94,PERSONAL,283837.81,45038.715307809434,0.0496,2023-05-29,24,ACTIVE,2025-05-18
295c1b59-3807-4a8e-be3b-eb35e1ebef9c,CUST00008282,929d6377-1cfb-455f-82c4-2e488cbadae5,STUDENT,142962.49,40424.70774207736,0.0487,2025-06-14,36,PAID_OFF,2028-05-29
3f444245-4a33-4325-a4a1-0253cee8efcf,CUST00008955,94213090-4368-4e93-bded-cb7ad5ba304c,STUDENT,20070.25,6161.198450742104,0.0216,2025-01-24,24,ACTIVE,2027-01-14
5526db8e-922f-4bcf-8501-e79ef1204008,CUST00007392,12b2102d-940c-4503-b7c8-6152beed0af9,STUDENT,91782.22,20126.257395123685,0.1629,2026-03-23,24,ACTIVE,2028-03-12
93de2da0-40ff-4822-9d8d-074742d361aa,CUST00005133,fc24a159-eada-4885-afda-70bf78920f72,STUDENT,12711.21,10071.753462991113,0.1042,2023-04-12,24,PAID_OFF,2025-04-01
7f849eea-c661-4011-b3fc-e192cf8e31a3,CUST00002505,6d98567e-cb8f-4981-b6d6-682f6248953e,BUSINESS,1709.9,568.0444665862798,0.1648,2021-09-09,360,ACTIVE,2051-04-05
1dd18fcf-b99b-4d2d-b72a-69289c7871de,CUST00009657,1b3ac54c-e31f-4212-9654-c83f62510f01,MORTGAGE,5504.39,1901.6841310721147,0.1303,2025-10-22,60,ACTIVE,2030-09-26
9a86040e-7263-4c6a-a4ad-77b02e32a832,CUST00008290,497de16d-d4ea-420a-9e65-96540e9058b6,MORTGAGE,229654.93,104035.24808829438,0.1696,2025-05-31,360,ACTIVE,2054-12-25
950f5eff-dc51-46e4-9912-d963d32a9e06,CUST00005240,b21eafab-f649-49e8-9e03-2a652346f26d,BUSINESS,14603.41,13176.588042544774,0.1107,2022-07-06,60,ACTIVE,2027-06-10
922fe35d-2fd1-4775-80b0-2a827054ef5f,CUST00000293,46a3110a-9813-4b31-ad38-9d1f6716d461,MORTGAGE,15289.54,10521.849100093252,0.0369,2026-05-19,120,PAID_OFF,2036-03-27
297eb3ce-11e3-4175-b0ad-20702ca0ed97,CUST00001735,784aee43-11c7-4eb2-842a-6bd7a51004b8,STUDENT,14048.1,867.4660191193578,0.131,2026-04-06,12,ACTIVE,2027-04-01
aaae3222-3f19-4d0f-94c3-9b6d0e31275c,CUST00005121,168885c2-8814-4bde-98db-f732dde4d194,MORTGAGE,383158.83,15043.551727926124,0.142,2026-03-07,360,ACTIVE,2055-10-01
c27eb09a-77f0-4674-988c-a047e6acb189,CUST00006394,1deb979d-8d0b-46d7-ad91-f45623b13ebd,PERSONAL,252442.4,142980.6564485753,0.1328,2022-05-13,60,ACTIVE,2027-04-17
b800f540-7f69-43af-a921-3dfa86e979fe,CUST00002197,1ccc33c1-7e34-4f69-b52f-bd7e7c360908,MORTGAGE,614258.02,544884.0642666424,0.1642,2024-10-03,60,ACTIVE,2029-09-07
b53a2800-7d86-4a55-b6d8-3fad1ccda878,CUST00003467,768b4f7e-6421-4e66-9fc6-4cd0721e8b1f,PERSONAL,17351.46,5608.885055765217,0.1517,2024-07-02,24,ACTIVE,2026-06-22
236603b4-53ae-422e-9147-b235e537cd52,CUST00001907,25e36ccd-dca5-44f2-91bf-c946205474fa,AUTO,34318.39,8503.130255277887,0.0979,2026-02-28,12,ACTIVE,2027-02-23
f2203acf-8eed-4d34-b384-3346945f4281,CUST00001722,b495db4e-8245-4fb4-8ab7-706eb77350ca,PERSONAL,2264.33,1694.1514296337643,0.1674,2021-07-30,12,PAID_OFF,2022-07-25
21737acd-3e37-47dc-84d9-92ecea3c2de7,CUST00001817,2be26bd1-17de-4ce8-8dfd-3ecde50dede5,PERSONAL,201874.53,121546.91162315417,0.1445,2026-03-11,24,DEFAULTED,2028-02-29
acdb425c-cff4-40eb-8730-24e4263490a1,CUST00008445,301c6abf-c773-4d46-a6e6-a84a46178161,STUDENT,3821.24,2159.105081707518,0.0417,2022-12-27,360,PAID_OFF,2052-07-22
227cc456-193a-4e2a-b8da-93c8c0b4283a,CUST00004228,62e0adf7-a315-4bbb-adb2-31a2cfcc2abd,STUDENT,30490.28,4552.235366222329,0.1172,2024-09-27,24,ACTIVE,2026-09-17
baad0da4-65aa-4c06-9d43-3dc2cb115be6,CUST00005776,9826a55f-555f-4bf4-9b67-8ec1a65e883b,STUDENT,4247.33,747.3657875883641,0.1511,2026-03-23,12,ACTIVE,2027-03-18
0de5fd7b-dcec-4307-b9e2-4cc0ca63d3d0,CUST00003850,b58f67b6-deda-428b-a232-0dc95bf6f06d,PERSONAL,9106.1,2565.9876663417576,0.1196,2023-05-04,48,PAID_OFF,2027-04-13
09a3e57e-2c5b-4eb0-b03d-a2528c486219,CUST00005229,3862abcf-db34-47bb-a90a-a98bfa87fba5,BUSINESS,6273.6,1297.6247406205996,0.1908,2023-12-28,24,ACTIVE,2025-12-17
c2d0af1f-43eb-456f-8b62-192ae224a224,CUST00006850,ad9fb00d-4882-473c-9c63-45ab6e0ed1e8,STUDENT,8850.13,8597.412281477815,0.0383,2026-06-12,24,PAID_OFF,2028-06-01
cf92bd95-9b48-4302-bd2b-87148de0b52a,CUST00001059,24108e9a-3f77-4cae-b318-b96d44790612,STUDENT,9811.55,182.60291752925573,0.15,2024-07-14,12,PAID_OFF,2025-07-09
7731b193-e283-4b28-af9e-a625f091f0f9,CUST00002323,b390b059-207b-4e21-a7e8-d18eddf6d4ac,PERSONAL,9677.87,6058.891855995003,0.1684,2023-11-12,360,ACTIVE,2053-06-07
dd16663a-8183-4bc0-80e2-cd0484c48ac0,CUST00008379,21813d25-6552-48a6-83ff-50113d1a85dd,AUTO,76879.99,39792.99248043545,0.1465,2022-09-28,48,ACTIVE,2026-09-07
af003b94-596c-4252-b039-035691a4d3a5,CUST00000949,5cc624ef-0464-4f52-99c0-99f6fe709416,AUTO,4199.44,1357.4741700813292,0.0894,2022-03-07,120,ACTIVE,2032-01-14
b8d7e825-bd6f-4707-b17d-64df35e8f24a,CUST00008180,6f6bbdf3-c673-42e0-bdca-c10ff9e9cf93,MORTGAGE,30663.0,27216.132679244198,0.0894,2024-03-30,48,ACTIVE,2028-03-09
aad74fe0-5f48-487e-a0e6-60c2b477caf7,CUST00004360,38b77c07-80fb-4296-b3b6-a09b1beaf6ac,AUTO,136890.79,91739.0846677886,0.1256,2025-10-19,36,PAID_OFF,2028-10-03
3c9ea73a-2f45-4112-9b7c-398883ab6df5,CUST00005661,de72d970-10c4-4f9e-b020-321be90f4137,STUDENT,10200.64,10183.853330281756,0.0915,2021-08-29,48,DELINQUENT,2025-08-08
ec9f1803-64f3-480f-88f5-1390a32e6cb4,CUST00007255,88c982ec-b3dd-4cfb-accb-6ae1b6d331ca,BUSINESS,7503.48,1265.5066176870962,0.179,2023-01-16,24,DEFAULTED,2025-01-05
ec2c1148-d67d-4117-8c77-15050f95e5dc,CUST00008402,47198f5c-f69b-4596-bf10-938caec7f267,MORTGAGE,15587.32,1369.6240753793245,0.0398,2024-08-26,60,ACTIVE,2029-07-31
d048c8af-ff5f-474a-8a53-76abc027c505,CUST00002094,98507072-7f44-4bca-9d3a-e1311b388581,BUSINESS,129260.86,18018.610674349642,0.135,2026-02-03,12,DEFAULTED,2027-01-29
047032f6-33b5-451d-8a5a-2180c4c0eaf1,CUST00001564,027e789c-ce40-483b-b915-ad7e2648c819,BUSINESS,29470.98,7936.268719866284,0.0441,2025-02-07,120,PAID_OFF,2034-12-17
3c7d53a0-4d56-4834-ba5d-8ae747338a26,CUST00008218,2fe5b140-23ea-4956-89f1-137d7d592e19,STUDENT,9928.64,4138.127995961271,0.1172,2023-03-10,24,PAID_OFF,2025-02-27
14fe9960-a539-4212-a34a-35ebec2be308,CUST00000175,bf337a15-1e08-4f20-bdd1-51b0f64ab6ec,PERSONAL,45515.81,39262.08722552428,0.1488,2023-01-18,120,DEFAULTED,2032-11-26
cb53e1ae-daed-41e5-929a-3babd08e6441,CUST00001335,6f0eebef-97e8-4057-96a7-01aba66ccf43,PERSONAL,4215.66,1195.526465642034,0.0498,2024-08-10,12,ACTIVE,2025-08-05
75d0a2af-1c06-4fa6-921b-a1e492e7fc57,CUST00000322,48ef30ff-3087-47b4-9c54-956f32ce93db,PERSONAL,61208.37,56020.55116019909,0.1467,2025-11-25,120,ACTIVE,2035-10-04
df2ff029-d5ce-4fac-98cd-9df3110024b8,CUST00005699,b0b63bcf-0860-4833-879d-0cdaf396ea37,AUTO,40656.38,18820.15088470375,0.0452,2022-03-04,48,ACTIVE,2026-02-11
df3bd35c-35c5-4df0-b43f-847a29baadcc,CUST00005605,68b666d6-66a3-43db-8960-42b0dbe7a333,PERSONAL,13881.15,8982.075987842398,0.1317,2025-05-09,12,ACTIVE,2026-05-04
edb49f8d-e606-432f-920d-5830ba5b70e7,CUST00006743,24a167fd-34c6-4a9b-a07c-0594b13e655f,STUDENT,6261.16,1655.4990029385567,0.111,2025-05-07,24,ACTIVE,2027-04-27
c768edb9-05d8-4146-97f4-2764de1a8a8e,CUST00007437,e70d8d07-594d-40a9-b5f5-afea80d2157b,AUTO,5825.37,908.8382034490371,0.0737,2022-01-07,60,ACTIVE,2026-12-12
2adff941-93c2-4f31-a495-dbf92632fa9d,CUST00008525,6b382a0a-231d-460b-b362-cd559b0ada0b,PERSONAL,49130.04,42716.45427280758,0.0401,2024-10-27,24,ACTIVE,2026-10-17
f11b9c1b-bad1-4fe7-ad46-d087c77afed5,CUST00005675,3e0c5ec5-df74-4fb5-95e6-162f8efadaa1,BUSINESS,139172.68,15240.268619555007,0.1525,2022-12-25,360,ACTIVE,2052-07-20
a9fc73da-5926-4059-bfd0-b387963dbc5e,CUST00005003,339b77a8-4b1f-4d7b-8977-c513752a7d25,STUDENT,8467.9,6554.335015104571,0.0887,2024-04-27,36,DELINQUENT,2027-04-12
32e72520-4d83-4055-97ac-720e0626d3be,CUST00000911,c5c5b37a-f85e-46a1-9dad-09b252c21221,STUDENT,43808.36,25451.96963496516,0.0356,2025-07-17,12,ACTIVE,2026-07-12
de2bdf8c-a75c-47c0-86f5-8ae67a5c28ca,CUST00000950,e2eed64b-82f4-4196-9a41-c57f4bf70dc6,MORTGAGE,962.43,828.7848352211745,0.1591,2022-12-24,24,ACTIVE,2024-12-13
0e832587-315e-439f-82e9-dd36bc23db22,CUST00005426,17584f23-1fa0-4802-bbb7-1494b7e767d4,STUDENT,9164.32,6578.3176303595665,0.0619,2025-12-17,48,ACTIVE,2029-11-26
e9622f9d-3242-4aba-92c0-75229cb14954,CUST00002515,a832a228-8c65-401b-9521-e8251177fdd5,BUSINESS,21023.83,5921.658199895696,0.1526,2022-03-09,48,ACTIVE,2026-02-16
fdff67de-6a63-4d5b-9398-ba020141f1ae,CUST00007702,0c5921f8-050d-4bfe-960b-f603a750350e,STUDENT,5627.81,3232.769376120472,0.1217,2021-09-21,360,ACTIVE,2051-04-17
afd063d6-35dd-4534-9528-68557858406c,CUST00000101,b01c9191-e81b-40ff-9a41-a15f4e29b9da,MORTGAGE,5405.87,70.6742880164993,0.055,2021-12-19,120,ACTIVE,2031-10-28
9bd39476-17ca-45a2-bff7-2b2097eea179,CUST00004647,473bd358-610e-4a64-a130-1617c2dff335,STUDENT,8089.57,3844.3120459057304,0.0338,2024-02-03,24,ACTIVE,2026-01-23
65d77fc8-252a-483c-9d7b-ca5cf7a87bc5,CUST00006946,5b182716-b9c6-426b-a401-118dc078bc3e,STUDENT,34142.19,2936.693888291201,0.1268,2024-04-26,120,PAID_OFF,2034-03-05
bb5452fd-26a3-461b-a21f-56b20c650576,CUST00002401,e2495790-517c-4dec-8d53-9417f5194ab9,MORTGAGE,16630.71,7133.659864534227,0.0245,2024-08-04,36,ACTIVE,2027-07-20
284baa23-350e-4c9a-9d95-505626db89dc,CUST00005802,1d53434b-b881-49b9-ae27-0da702f06b90,STUDENT,767.13,84.08650627002524,0.0318,2021-08-27,12,PAID_OFF,2022-08-22
ec8a7209-afd1-4425-9de2-134c1e3a7063,CUST00002344,67884209-92ca-425a-ade5-93329364f3d0,AUTO,915.02,874.2831329511936,0.1464,2022-08-26,36,PAID_OFF,2025-08-10
68fd1179-75d9-4768-b5ca-07f4b34d8b83,CUST00000353,1f89cec2-9dfe-49d2-a87d-2106dbfbfea4,STUDENT,8863.55,4636.238993881266,0.117,2023-04-07,60,PAID_OFF,2028-03-11
23bf1f71-a901-4db8-80ae-50f37770014d,CUST00002956,4c66d04f-64b1-4c49-8c0c-f61e9cc10bd8,PERSONAL,43762.38,39964.59249451087,0.0787,2026-06-13,360,ACTIVE,2056-01-07
c578f4f4-9b18-476a-9d7b-83630db26722,CUST00001019,71a91c81-4eee-4680-b0ba-8fe363ff910d,PERSONAL,357.36,7.992793439046084,0.1171,2024-05-03,120,ACTIVE,2034-03-12
1dadd807-16d8-4599-ac66-69e6befb3cb8,CUST00001180,8ffe38c9-d2d8-4eb3-9a14-0609f287b989,AUTO,10408.78,6637.192748204222,0.1265,2025-02-03,24,ACTIVE,2027-01-24
1ac0dff3-6717-4ab7-a1f0-e5c51cda8918,CUST00005194,14a34f7f-d90d-419b-93fb-e043af1d5a1a,STUDENT,10002.88,3070.4290482317506,0.1218,2021-08-31,120,ACTIVE,2031-07-10
0ab6c155-2e42-4010-a9cd-10722127130e,CUST00003537,9d1c0838-edc8-4ca8-a3bc-d6f3b18d2c8c,BUSINESS,176752.67,76326.92802027475,0.1357,2026-07-09,36,ACTIVE,2029-06-23
082bbc6f-b8bf-4903-9e15-00621ef70629,CUST00002503,4001570a-3312-4e73-8485-63a3aeee2302,STUDENT,12363.05,10794.023121408969,0.1893,2023-11-12,360,ACTIVE,2053-06-07
57cad887-b916-4c61-a2d0-0779724d3c00,CUST00003820,21986e3c-d19f-4f31-9dd7-3f1f138ef8cc,PERSONAL,39123.69,38342.04150480176,0.09,2024-06-20,60,ACTIVE,2029-05-25
8776b75f-ecef-43a2-be19-b37aa966544f,CUST00006856,e45a87e8-039a-4ed5-b337-b2615f8392d5,MORTGAGE,27224.86,6710.708950574398,0.0742,2022-02-12,36,ACTIVE,2025-01-27
3fa916f9-eeb1-4cb9-b008-f9e0c28c36b8,CUST00000980,f56febb1-484b-424b-806e-10295b4d5bbf,AUTO,901.58,854.9261970088297,0.0269,2022-04-09,60,DEFAULTED,2027-03-14
bf2c857e-9f7b-4992-acec-73f232acf022,CUST00000977,637aa999-61ff-4d9a-8ff8-9e8ac6f06a71,MORTGAGE,69724.76,48021.321216310134,0.0465,2022-08-26,360,ACTIVE,2052-03-21
4b2a2bb4-097a-475d-b6ce-8d27bacc5ea6,CUST00009564,c5285425-c7a9-433c-a2d8-39d333e4f986,BUSINESS,30427.28,28948.937568044697,0.0391,2024-11-05,48,ACTIVE,2028-10-15
615a443c-6e73-499b-b144-0c359266facc,CUST00002281,91b76c45-d9b8-4389-ac16-ddb7fd93754a,STUDENT,47211.98,26550.459491564594,0.0804,2025-03-03,48,PAID_OFF,2029-02-10
036ec6cb-8941-469b-b559-d3c6565a2822,CUST00005898,06b81c8a-03f9-474d-885d-5d016a2062aa,BUSINESS,7955360.69,7643162.782291583,0.1298,2025-02-19,24,DEFAULTED,2027-02-09
a68f75ac-7491-4018-adc8-4e80a90bdc3a,CUST00000108,8ce0bd8f-ed4b-429f-9e4a-a01643fcf7b7,MORTGAGE,966.64,862.6831440636353,0.0283,2022-10-17,36,ACTIVE,2025-10-01
4d2cd22d-cfae-4f3f-aa46-dd26e07ab79d,CUST00009165,f47e3ca0-723f-485a-a57b-084d2b0582e0,STUDENT,292741.42,37644.12892660961,0.151,2026-02-17,48,ACTIVE,2030-01-27
264e448e-1a87-47b0-855f-c748c6d273f9,CUST00001627,8a08d40e-a239-4ad5-af1f-798c13fd2d26,BUSINESS,14311.64,4447.91355230621,0.0915,2022-09-27,120,ACTIVE,2032-08-05
2d17534a-4834-49b1-88f5-d39ec3ad1a08,CUST00008896,1b7e0502-ca9d-4831-894e-7397b38a3db1,PERSONAL,33894.0,8238.383813125078,0.1934,2025-02-22,360,PAID_OFF,2054-09-18
05d04902-48d1-4e77-9710-d2f519b7a8e8,CUST00006230,486fac8f-a4c5-4ae5-8d32-e7120c767092,PERSONAL,20572.93,11769.759387879114,0.1223,2024-07-10,12,ACTIVE,2025-07-05
65108b6f-aedb-4272-8ef2-6cacca32c1eb,CUST00006878,6714272a-d981-4a41-a1cc-233c9838d168,AUTO,11656.81,9358.080441172584,0.1588,2021-08-11,360,PAID_OFF,2051-03-07
ec0389c1-23ff-48b2-865a-5dcda016d50a,CUST00000875,eeb47b07-8239-41c4-ad52-09e76c8a30c1,PERSONAL,9369.83,7115.556157384106,0.175,2025-08-12,120,PAID_OFF,2035-06-21
9390e315-023c-4d0d-9c1e-b9f4564fd4ad,CUST00005544,750acc98-2cbf-4769-86a1-a468afb3e3ad,PERSONAL,36107.76,26241.28324870003,0.18,2024-04-21,48,ACTIVE,2028-03-31
227763f8-fb63-4b0b-939e-a196aa386ce6,CUST00003810,34981735-4d38-4415-a036-35fca88d4108,MORTGAGE,2262.53,849.0480392980352,0.1133,2026-05-01,48,ACTIVE,2030-04-10
6025cf7c-4966-455e-98a8-a428266ecb23,CUST00002108,e9a1c6d5-c34e-4baf-8f1c-b2ccceef9fa8,PERSONAL,67905.26,9482.078752526879,0.0914,2026-02-12,36,ACTIVE,2029-01-27
d2bfbcf2-d709-4cc3-8461-a44d20f985d8,CUST00009466,47c1c017-6045-4909-936d-47d73e0f84ce,PERSONAL,11798.27,2484.521623269694,0.1209,2025-06-18,60,ACTIVE,2030-05-23
d8ccacd5-b35c-448c-b193-4d22976611ee,CUST00000560,fc8d5b93-a2a2-491f-a49b-1cd99082889b,MORTGAGE,4043.62,2999.061809383191,0.0924,2024-07-03,12,ACTIVE,2025-06-28
5997fbb0-f7b9-42e2-be9b-f2d55de1d542,CUST00008309,0d3f69ed-a8c5-4cca-82ae-cc90c5386208,PERSONAL,11214.7,1654.5533522512842,0.0633,2023-01-27,12,ACTIVE,2024-01-22
ca7d60a1-d6f3-4b49-a168-2935b8b91656,CUST00004970,3a9048cc-d063-43e7-ac7e-f0abe1a29ffa,PERSONAL,145179.16,32367.21534701645,0.0783,2025-05-20,60,PAID_OFF,2030-04-24
bc6965e7-bdfb-4e2f-8f7a-9bd510e68719,CUST00003047,66d71d97-b193-48b8-ae49-c0799bd0d4c7,AUTO,9867.46,4189.256320123059,0.0619,2024-04-07,36,PAID_OFF,2027-03-23
ee426792-ce2c-46df-8051-01e5a7b85447,CUST00000044,220b9ea9-8a0f-4508-9fe2-c0a0a96b3c42,PERSONAL,37709.99,2719.359040099922,0.0685,2022-12-07,48,ACTIVE,2026-11-16
91a17855-aabd-4589-b736-5e1b36f1374d,CUST00000509,d2f629ca-bbe2-47ba-b84a-996719ef13bf,PERSONAL,7358.16,1565.0222138763384,0.0368,2024-06-03,60,ACTIVE,2029-05-08
c77ae3b1-20d1-4ef1-9861-919d98a0be4c,CUST00006108,2c3aacdc-aed5-4a46-8bde-005b5d8babd7,AUTO,68657.3,10282.675249305481,0.0968,2025-03-23,360,PAID_OFF,2054-10-17
d2d07acf-7f1e-4dcc-955d-8f95b1ceb8e6,CUST00003440,af4afcdd-52cb-4ae0-ae18-c9b3c6da85f1,MORTGAGE,61590.42,58592.30816468907,0.0624,2025-09-17,360,DEFAULTED,2055-04-13
3a96c7f5-18e0-4183-86bf-b986045fea04,CUST00003929,fc3a156a-531b-49d8-8b7e-42df9c8a1631,PERSONAL,352537.84,67520.12199408245,0.1007,2024-07-22,360,ACTIVE,2054-02-15
24522ef6-1e5f-4e58-b427-eefaf808e17a,CUST00005412,65db6e43-47bf-4db7-82d9-a774ea7f6c7d,BUSINESS,16926.81,14587.012147809322,0.1626,2023-09-10,12,PAID_OFF,2024-09-04
ef6739d2-6c82-4a41-b0d5-69ed4684ac73,CUST00000917,0de051a6-69ca-47d2-b644-14fd8ae769ed,MORTGAGE,60052.97,6893.972336187896,0.1007,2024-09-23,12,ACTIVE,2025-09-18
8a25cd95-539e-4c1f-8cb8-cf5d5be87a2a,CUST00000799,6b579789-4bb4-4889-b900-5224851031c0,MORTGAGE,25517.03,22191.475407157046,0.1918,2024-12-27,360,ACTIVE,2054-07-23
c337ed45-4e93-453a-a32a-992b5ddf6f80,CUST00004972,cb53f0be-5e7b-4866-9270-54706a7be8b1,PERSONAL,153861.43,92229.7395463504,0.0466,2023-05-04,360,ACTIVE,2052-11-27
d8a9e06f-3646-4544-a15d-8b1eec8c93eb,CUST00001761,75f8e3a8-7d97-4c0f-bd56-09c4a4461663,AUTO,7493.2,6367.016423906707,0.173,2022-04-22,360,PAID_OFF,2051-11-16
132fdba1-f106-4955-8265-3ccf06ec3c00,CUST00003276,b2414482-5198-44d8-8643-3603c92a7d7c,MORTGAGE,67339.88,58407.15660426303,0.0647,2024-07-31,48,ACTIVE,2028-07-10
27facb5d-c74d-4800-be1e-0254e35aac0c,CUST00000819,37bb3eec-4bf5-4b52-b09d-258c27a0c3d7,AUTO,16447.92,9809.10412253509,0.1881,2024-04-04,48,PAID_OFF,2028-03-14
7b5aaea7-fd77-419f-a40e-78ce0690b4f3,CUST00005041,b8943df8-c9ab-4a91-9674-b9e20e5995aa,BUSINESS,20004.6,18358.104461006096,0.0609,2021-08-12,24,ACTIVE,2023-08-02
1f8452fb-6c26-4326-8dc6-d899ee209e85,CUST00003066,833334f6-6a6a-4149-8b44-676d2ac39be9,AUTO,25276.46,14798.060321779412,0.1545,2021-11-15,120,ACTIVE,2031-09-24
7ab417d6-2975-4ef7-9d3f-904a5ca0678b,CUST00003260,9134c0b7-6f73-473b-baee-bacdc8c8ccf9,STUDENT,32156.2,22913.385157272613,0.0312,2021-10-13,60,ACTIVE,2026-09-17
472678ac-7eae-4452-8eba-2e783b162773,CUST00000907,9cac3d21-a5a8-48af-8efb-d22aec511744,AUTO,18502.41,7698.491581573381,0.1334,2023-03-14,48,ACTIVE,2027-02-21
9e929f50-995c-412f-aa96-08bd0f706894,CUST00000603,582b91ee-f8e8-435b-8c00-988a7ee1011a,MORTGAGE,30396.11,27784.102188586523,0.0594,2023-11-03,24,ACTIVE,2025-10-23
b8b75626-b805-4666-b16f-f4f50fbfae31,CUST00004296,4684833e-19dd-4b90-8839-c8e410db5fdc,AUTO,234961.53,193646.49111145432,0.1406,2022-09-16,36,ACTIVE,2025-08-31
6d1b5e96-6e64-4ec8-95db-0b31f6c84ff5,CUST00009984,a9f948b2-4e63-44bb-be49-3f43b118f68d,AUTO,96584.59,16101.917533145177,0.1344,2025-04-28,360,ACTIVE,2054-11-22
698f3072-05ba-48a1-973f-7fd5dca9b10a,CUST00003528,7d23d479-9549-4a82-b787-ef8d3495311e,STUDENT,81123.82,46758.78421019295,0.1863,2023-05-26,12,ACTIVE,2024-05-20
dc29aca7-2061-4cdd-a146-de313a6b65aa,CUST00004544,1cb9b73a-906d-4c8c-aad0-8c8913fe8a29,STUDENT,11122.11,9974.612205111218,0.1328,2026-01-04,60,ACTIVE,2030-12-09
f1f58294-a66c-43f2-87f2-b5814809c026,CUST00001812,4dd7962b-bfda-45c9-98fe-b4f3ec40d95a,PERSONAL,5803.05,4602.192909927576,0.0935,2021-12-15,120,PAID_OFF,2031-10-24
51c680ca-57a6-4460-9b66-f3d3e6afcce9,CUST00009033,6321d753-68dd-46fd-9fa3-8f4baa1cd2d8,MORTGAGE,92313.98,88857.07814291393,0.0548,2023-02-18,36,ACTIVE,2026-02-02
2899e850-dd32-4854-b3f2-33b742d4f31c,CUST00007964,bdce4d4d-03a2-4ee9-81c7-d9b3db9c9b7c,PERSONAL,81966.85,18959.07067878046,0.1383,2023-10-06,60,ACTIVE,2028-09-09
a1b95e07-af38-4794-a0eb-16f1d3e8947f,CUST00005250,afb28b3d-38ec-4b4d-b69f-5eabb9ff2c29,STUDENT,200587.53,73707.82018434875,0.0409,2022-01-03,60,PAID_OFF,2026-12-08
b381e8b0-38ca-4da7-81f0-98fca45ccc55,CUST00004616,6b2d9ccc-6279-403c-a1a2-cfe7810d5c57,AUTO,8901.98,4515.012043299645,0.1691,2022-08-27,48,ACTIVE,2026-08-06
084a4052-4913-418b-9dcf-f347b5d84cae,CUST00009229,b63fa809-ee4d-4dec-bd47-288513f0e33f,STUDENT,15610.16,3632.00297119281,0.0645,2024-11-10,24,ACTIVE,2026-10-31
0450f237-1feb-4daf-8f03-8aaf3fec2bfa,CUST00008917,d123f7c1-b7a1-467e-9a1e-00365cbaa496,BUSINESS,1883.29,742.1014886445511,0.1143,2021-11-20,60,ACTIVE,2026-10-25
e7b4638b-e871-490e-9cf9-cefa9dbb2aeb,CUST00006767,14296c07-f26b-4776-913e-4de2e0c53cb8,AUTO,12225.67,6571.776925354428,0.1273,2024-06-24,120,ACTIVE,2034-05-03
907e5f2d-7f13-487a-b4e3-057067d17836,CUST00009180,1b84edc3-d8e0-49de-8217-ea0e896490ab,PERSONAL,98209.26,18791.281535751445,0.0852,2024-04-20,36,ACTIVE,2027-04-05
7393c675-a3cc-47c1-84b6-ae47ea0970c6,CUST00000803,3c20592f-c04a-46c4-b3b6-3fe1d1843324,AUTO,10940.83,2808.377787495755,0.1395,2022-03-29,120,ACTIVE,2032-02-05
c96e517f-e49e-4f6e-ac56-1f785e5a590a,CUST00002583,699fdb02-bcdd-4b48-bcb3-c9fa191abb3d,BUSINESS,57567.86,7186.915551042707,0.065,2022-08-22,60,ACTIVE,2027-07-27
5ef28433-109c-41df-9f76-cb6f4eea155b,CUST00006446,8772df4a-15b1-44a6-b292-45ba7df6bc1d,STUDENT,16551.72,11807.689349634142,0.0262,2021-08-23,120,ACTIVE,2031-07-02
c743eed3-ad54-4be9-9712-4b5a715c2507,CUST00003838,e3ea2d7f-c219-4845-99eb-404c1851d1cf,MORTGAGE,35813.69,12948.508615867842,0.1927,2022-12-11,120,ACTIVE,2032-10-19
48f89e30-5f39-49ad-9918-a225ff7f84ec,CUST00008719,ab0b4cc5-15f0-4a19-98c1-80d2aadf3692,MORTGAGE,3938.14,867.4389484992043,0.0776,2023-12-08,360,ACTIVE,2053-07-03
f21dfe36-2c27-4031-97ef-f6da6cd7f2a3,CUST00001666,58e9bbad-35b1-473c-ad56-cfd579ab3018,MORTGAGE,25029.59,12698.115451098076,0.1484,2023-07-15,24,ACTIVE,2025-07-04
d771b446-7ac5-4288-8053-f74e3f003f8a,CUST00009331,0e737523-59ec-4846-a974-37ea5b7c57e8,STUDENT,247.97,16.923780330770867,0.1114,2024-08-11,12,PAID_OFF,2025-08-06
cf61ea35-d636-4272-a309-33ad1b3eaba1,CUST00008652,2ff3cde4-6aa4-4c9f-9217-04753d959e3f,MORTGAGE,16641.52,15366.889507179694,0.1404,2024-09-28,60,ACTIVE,2029-09-02
00b30bda-6f26-4d7c-b634-fa4840480f7b,CUST00006976,09cb3942-43f5-4a85-bbc9-f87af668a617,BUSINESS,1908.91,562.1119958123134,0.04,2025-10-14,36,ACTIVE,2028-09-28
0f34bd08-8e10-43c7-8b4b-af231c4dacfd,CUST00002553,7a0ecfea-958c-49ba-8cd6-20c20ea2622b,STUDENT,134455.93,119190.38834690499,0.1134,2023-01-08,360,DEFAULTED,2052-08-03
c89a0cbd-cc19-4b50-9e56-a4fbc4e7770d,CUST00007476,5ef787b8-f2e6-495f-b32e-2016add702c9,MORTGAGE,70693.65,35178.57873103773,0.0906,2023-01-18,360,PAID_OFF,2052-08-13
350c559f-09ea-4c35-9f65-206e83a17fac,CUST00002809,8fe069b6-eeda-4802-8568-f42689e03e22,PERSONAL,44356.14,37709.39449752285,0.1013,2025-05-30,12,ACTIVE,2026-05-25
bc9742d3-e955-4593-8e5c-5b2006d23bde,CUST00005634,75938f5a-b40b-4353-a96b-e9034e09c596,STUDENT,215670.99,53284.63253889901,0.1939,2024-01-14,120,ACTIVE,2033-11-22
3ad782dc-8dc8-4d97-a99e-5dc9cae33dbb,CUST00006097,bfddc3d9-9ee3-4c2a-b94d-62046808593f,STUDENT,5306.17,930.0156115024289,0.0445,2026-02-02,12,ACTIVE,2027-01-28
46b3138a-660d-4992-b307-039f19b251ca,CUST00008824,12fc7a87-a470-4d48-9128-b9b1f8ede0ca,AUTO,302865.71,257257.7088690966,0.1558,2023-02-27,48,DEFAULTED,2027-02-06
7d2e11bd-1708-496e-b176-2fbdc37114e3,CUST00002457,f9a55cf2-a66c-4fa1-b5dc-8a9afb38cd91,MORTGAGE,89168.88,18986.184116337205,0.0795,2025-12-04,48,ACTIVE,2029-11-13
0ae95eb4-842a-4bac-ac7e-80ad29709912,CUST00009174,d89462e8-9580-4c3a-a932-a211214c0a4d,PERSONAL,15446.95,11526.442250863149,0.0723,2021-08-02,60,ACTIVE,2026-07-07
18f1101e-8450-4864-835c-6c488b5c0140,CUST00005424,07179ef3-3121-4863-a663-ed111d122ccf,BUSINESS,120986.01,41689.81842652823,0.0687,2022-12-14,360,PAID_OFF,2052-07-09
5dc228d3-ab91-4d71-ba0d-24f5cff54357,CUST00004318,01ae7eb1-4d45-4ea5-a3ec-4f6afe503fdc,STUDENT,4190.43,3135.2534370656936,0.0828,2022-06-18,36,ACTIVE,2025-06-02
97be4ad9-25eb-4cee-9b7e-b52972a07a9c,CUST00001557,380a1bb7-d653-44bb-8bfc-a0caf1613bab,BUSINESS,6394.73,5804.1528065035545,0.0843,2025-04-06,48,ACTIVE,2029-03-16
1bb1ca48-b844-4438-9e51-993207cdabeb,CUST00002206,fb95d0fc-ad72-4d05-924c-de09ccea5031,BUSINESS,8840.65,8678.321797560007,0.0687,2026-01-18,120,ACTIVE,2035-11-27
0f90bfaa-b44d-4088-97bc-6e8af9653f72,CUST00003956,b7ed70cf-f111-4e9e-8545-b11f6d820335,BUSINESS,9962.0,3584.4220125501265,0.1401,2022-05-31,24,DEFAULTED,2024-05-20
8224153c-320b-4ab7-959d-880c76a5025c,CUST00009114,4398018f-8c9d-4a84-a24c-ee91b4992393,AUTO,4515.01,1659.3828186604128,0.0286,2023-01-18,24,DELINQUENT,2025-01-07
1a06cff0-73f5-4452-a899-25840ade0b41,CUST00006806,0dc78104-8c66-4766-b922-b440e0f1e44c,BUSINESS,137946.97,135379.46468462824,0.0798,2021-07-25,120,ACTIVE,2031-06-03
b66e58a8-7642-4a9f-8dcb-48113f1ad220,CUST00000405,27d415b6-0d77-45a0-a222-b6a615bfbe97,MORTGAGE,14938.82,12870.21366345894,0.0704,2021-09-13,12,ACTIVE,2022-09-08
f801a8bf-1467-473a-9507-14a73aac2179,CUST00001621,9a0f09e9-eb8b-4c11-9fb0-ef34c8497436,MORTGAGE,37375.01,1685.3129011074734,0.1553,2021-12-10,120,ACTIVE,2031-10-19
49a85d9e-dec7-46ca-9020-94d60c3c83d3,CUST00002953,f8f9a45d-0f55-4896-b610-396b7df59abf,PERSONAL,9362.55,5368.954168545109,0.0464,2025-02-02,12,ACTIVE,2026-01-28
f431f8f1-87db-4211-b84f-e7ef5c726f34,CUST00008081,7eccdaf4-c413-4dc2-85c5-ae8abe15ad12,PERSONAL,1435.25,260.1315583648961,0.1893,2023-01-30,12,ACTIVE,2024-01-25
331212d1-4cdc-4dcd-bdf5-e219468a4cd3,CUST00003119,3527bcee-d343-4f88-91f3-79b18ebb8208,BUSINESS,33027.18,32829.430951807226,0.0507,2025-02-21,24,ACTIVE,2027-02-11
1d3c9859-2ccb-47cb-a68e-d827cd101511,CUST00007381,7387928a-29a3-4b6d-b9bf-ca38afe9be90,BUSINESS,1250.9,173.77879617485104,0.0866,2023-04-02,48,ACTIVE,2027-03-12
0476444d-0658-45a8-b251-561eb43d9643,CUST00006631,4ec3f970-956d-40e4-aaa2-6216fada98f5,AUTO,19871.64,11115.15439131133,0.0559,2026-04-03,120,ACTIVE,2036-02-10
5953b5d4-2e85-4607-af62-752490ac7063,CUST00009787,8d9957fa-76fe-4cd6-917e-7f4a0f8593c3,BUSINESS,2828.57,1881.5601535134467,0.0716,2023-07-14,48,ACTIVE,2027-06-23
ad2654a4-8733-4652-9c01-ef9d881cf24c,CUST00000566,2bde3c78-a931-4044-9f52-58abcf3a9723,BUSINESS,434049.56,406732.5010441451,0.157,2022-01-30,60,ACTIVE,2027-01-04
b41287fb-6d08-4507-b262-c8cb5af7233a,CUST00004800,bdd4c1f2-71b8-4ce0-a347-2e25ba5498fd,BUSINESS,86426.02,73225.16378732675,0.1058,2024-03-19,36,DEFAULTED,2027-03-04
7f0544ca-40f6-454a-989d-f5ed6df2b925,CUST00007671,ef7cef26-3c66-4012-be74-1860bf957403,STUDENT,25812.93,6343.65070945007,0.0493,2023-02-13,24,ACTIVE,2025-02-02
8fae987e-1ed8-49a2-b45e-2b3707995fbc,CUST00002869,1723ecdb-b058-4256-94b3-e8cfbfbbeab3,STUDENT,146614.21,83954.80824582903,0.0284,2022-12-13,360,ACTIVE,2052-07-08
fff03027-32ef-4b5d-9571-7909016643b7,CUST00009050,e1509425-891f-4683-9e12-dbf1493d6196,AUTO,6188.98,5901.650154000353,0.0614,2026-04-29,12,ACTIVE,2027-04-24
c6e9c9c4-df46-4896-8dbc-3b08abc9fbb3,CUST00009477,d06d3943-c8b3-415e-b664-704355c9bf0f,AUTO,49772.56,36618.51091554134,0.1902,2026-03-08,36,ACTIVE,2029-02-20
2815eb62-670f-4921-9b61-e82e334b2922,CUST00008777,6e5fbf71-9749-42b0-b1ad-e82ad05cc78d,MORTGAGE,29724.17,20460.226636423187,0.1722,2023-06-18,12,PAID_OFF,2024-06-12
f0514b1d-eb61-4b74-8f53-6189d294f5a8,CUST00004328,72fcc072-544c-4132-9af9-7493e8e46b31,AUTO,32729.44,24707.489580267855,0.0992,2025-09-17,36,ACTIVE,2028-09-01
d69cd777-4114-42dc-ac06-2d4a708183ae,CUST00006414,408669bb-4721-494b-88a4-ae21d9f850e9,MORTGAGE,148528.22,47901.270189344476,0.1068,2024-05-10,36,PAID_OFF,2027-04-25
6fd2b471-64c4-4c04-a3bf-37c26ffe5a67,CUST00007615,3ff93134-650e-48e4-afe6-33f18f807d8b,BUSINESS,66087.72,48194.61978968564,0.1819,2023-06-09,48,PAID_OFF,2027-05-19
5a6d86ba-1434-4aeb-a61f-32ead2bcc804,CUST00001246,4d3485c5-c5c1-4eb4-b27b-3d901a16342c,AUTO,33964.99,7908.909304346984,0.1264,2022-05-09,360,ACTIVE,2051-12-03
3d948afd-864d-4a8d-9067-308a95cc34cd,CUST00008244,b958d153-2afa-4f6a-aa03-081bd4986a31,AUTO,1840.27,787.8246862184113,0.1785,2022-05-13,60,ACTIVE,2027-04-17
da8f55c4-b310-40ed-a362-84b8d4a84c96,CUST00000538,35eb728f-5775-4d0f-9256-e276fba75385,AUTO,5218.32,4643.933345311127,0.1085,2023-10-21,60,ACTIVE,2028-09-24
0ebd9eef-0836-42d1-84db-e9aa7999d29e,CUST00000541,578cd875-d231-4372-bfb0-942cac777762,MORTGAGE,18323.44,347.6166644544995,0.056,2022-09-26,12,PAID_OFF,2023-09-21
6a3098aa-6729-4b46-8418-dce5fad5ab17,CUST00000815,4242fc5c-866b-429a-b877-e049b52f5e0d,MORTGAGE,25337.95,10497.98524416145,0.1507,2025-05-10,24,ACTIVE,2027-04-30
f70f8b81-4f83-40da-99a4-8e556cf1bb98,CUST00001416,806a29ad-f6b2-4778-be50-8d4d293a60be,PERSONAL,4042.81,1078.7097067903373,0.1148,2022-08-25,60,DELINQUENT,2027-07-30
066208b6-96dd-4b80-a078-6e8f54909f0a,CUST00001653,d0ef1299-250b-4c5a-90e0-8a8175ea1023,MORTGAGE,820373.51,162917.66073241623,0.1403,2022-04-06,24,ACTIVE,2024-03-26
1dd19a42-cb8b-457b-915c-13dec14df98e,CUST00004063,29cf4c70-e756-41e0-a657-41db61bc7c56,MORTGAGE,214184.07,179609.49677294807,0.0483,2025-07-08,12,ACTIVE,2026-07-03
7c53ccb0-96a8-4f54-b26a-18440cf2a69a,CUST00002357,3e245fbf-fa69-4cd2-be23-90f3e7bbaefc,STUDENT,54348.78,37853.847705865686,0.1366,2024-12-02,24,ACTIVE,2026-11-22
e9f746e7-1fd3-48d0-b7a4-d097aaa22344,CUST00003811,1b0c9092-8127-48f7-9909-e0c9276c7935,AUTO,24539.89,2763.994569298517,0.0888,2022-12-30,36,ACTIVE,2025-12-14
bfbff315-0507-4453-898f-d17b4097d297,CUST00009056,0e5779ec-be1a-470f-ad83-a4c869f8d3e4,MORTGAGE,16021.5,7922.044185538806,0.0798,2022-06-13,36,ACTIVE,2025-05-28
3c675934-95e7-4fd0-833f-ed33a7b4d7c9,CUST00000186,be86f5d0-f73e-4b07-a860-25bfde68666d,AUTO,5282.33,2466.350365695504,0.1409,2022-08-27,12,ACTIVE,2023-08-22
8d522457-f104-4c45-84ad-84e48b3b966c,CUST00001552,1987e6d0-9a71-41aa-8304-92b3ced89c97,AUTO,24741.09,3526.2929795830587,0.1266,2021-12-14,24,ACTIVE,2023-12-04
901b938f-b703-4e19-920f-65b31164d2e6,CUST00007014,913a1734-ccb6-4571-abc5-35452e6d7a04,STUDENT,32423.18,25930.850011524126,0.1368,2024-09-28,360,ACTIVE,2054-04-24
b51f34b7-dba0-4a70-b32e-ddf2c1dd9365,CUST00000762,4a229ba5-925f-4cc6-9e9d-2f8a1ef11a27,AUTO,3419.87,1253.977314757074,0.1938,2026-02-24,360,ACTIVE,2055-09-20
92fcbafc-4501-4390-b249-c3c8a18e1a64,CUST00009472,215bdef5-dcaa-4893-853d-1af98d40aeb2,MORTGAGE,36361.46,27705.169933983674,0.1462,2022-03-28,24,ACTIVE,2024-03-17
aaef0591-3fd1-40e5-90a6-eb2200c65ec8,CUST00006164,e581c1bc-6843-4e98-94d1-44d518ede297,AUTO,17450.29,3351.5483313429813,0.1354,2023-06-23,12,ACTIVE,2024-06-17
5111044c-10d6-419e-b52d-b8c8ff5b2d52,CUST00007636,d9a3ac28-e346-41b7-9589-9035c0c6e3ff,PERSONAL,1259.27,396.7625580064506,0.1304,2021-10-09,360,PAID_OFF,2051-05-05
4169de84-0ad3-48b9-ac10-180ec8d2382a,CUST00003282,6e411e23-7dd1-4b8f-aa05-5b69b4c04bdf,PERSONAL,6059.74,576.7111986317525,0.0918,2021-08-23,60,ACTIVE,2026-07-28
09b3abbf-8078-4391-9bdd-8ac39c4d8e2c,CUST00001537,b0b63bcf-0860-4833-879d-0cdaf396ea37,STUDENT,11844.18,1699.394297135538,0.1711,2025-09-07,48,ACTIVE,2029-08-17
a5868874-4c31-47b6-96f3-05d7cece12fc,CUST00006202,f60b9881-76f3-4fc7-9009-6b2a00419afc,MORTGAGE,373820.68,330152.2529284321,0.0886,2024-07-26,60,ACTIVE,2029-06-30
7f353843-d25b-4219-9912-28bed483764a,CUST00003165,51683612-2bb6-4a4e-8c47-5261e585a0a5,STUDENT,50758.26,5538.367962859033,0.146,2023-07-03,120,ACTIVE,2033-05-11
c8880b2c-651e-4bd2-a99e-9370ede40cf0,CUST00002771,22538040-7a02-4a6d-87a2-b171b02a06ee,PERSONAL,2971.37,284.45283739323304,0.0728,2026-01-25,48,ACTIVE,2030-01-04
7e29bddc-fd5c-474e-8778-dbe69b29f76e,CUST00007400,083ed925-c90d-45aa-914c-c11c05f30bc5,MORTGAGE,45663.49,42940.90992961671,0.0466,2024-12-28,24,PAID_OFF,2026-12-18
10ab9db1-a5e5-478a-b943-23c3a38dbe8c,CUST00003846,c9e26074-4f16-49a0-8a17-991ea5769411,AUTO,2162.55,1396.798526689393,0.0434,2024-07-17,48,ACTIVE,2028-06-26
706370c4-971f-4676-b697-67b732dba13d,CUST00003436,4c82c445-30e5-4543-a925-de8562588ce9,MORTGAGE,111751.91,11277.553911734962,0.1342,2023-10-03,360,DELINQUENT,2053-04-28
6a21ab97-d04c-4e8e-9eca-88d3af665d67,CUST00004711,8470f6c8-ce66-41cb-b7b6-51ee028bffb6,BUSINESS,10865.12,10557.818975961338,0.079,2022-01-14,48,ACTIVE,2025-12-24
bff9e3b2-8e79-4982-9a5d-5ace61d9407c,CUST00000562,e87466d7-ad66-41bd-9367-6a024fdc6e1b,MORTGAGE,19140.19,2815.5221500351026,0.0695,2023-01-07,24,PAID_OFF,2024-12-27
e877a70d-692f-476c-9a20-4dcc4ae8e236,CUST00004718,40afbf3f-3df5-4967-8d86-70bda2224f96,AUTO,160925.21,123324.3467741598,0.1266,2022-04-29,36,ACTIVE,2025-04-13
260027aa-197d-4ceb-b498-816e61cb03f3,CUST00007624,1a482803-0204-4c81-9577-32970d093c73,BUSINESS,3194.72,111.34034205721966,0.0246,2022-03-27,48,ACTIVE,2026-03-06
f3da143e-4962-494f-bc26-09e1375e5c72,CUST00007188,e2acf72f-9e57-4f7a-a0ee-89aed453dd32,STUDENT,2708.97,1691.864992739629,0.0643,2022-03-13,360,ACTIVE,2051-10-07
922e3abc-7ada-41a6-bc2a-5ca20c921749,CUST00002181,7b53359e-1bac-4d0d-af35-b30b4c68eb17,MORTGAGE,9178.33,5017.828550438172,0.0813,2023-01-19,360,ACTIVE,2052-08-14
d4b6f0f2-3bb9-49b9-bf8c-c66b4423fcd5,CUST00001961,4c485cfc-9a02-40da-905c-1021157c6813,STUDENT,104565.43,21750.007878760094,0.1475,2023-07-31,12,PAID_OFF,2024-07-25
6fd8440a-5283-489c-831f-37eb2c981221,CUST00003880,d3e78237-cd21-44d3-9960-6af0aa546c79,MORTGAGE,2255.17,1450.4038866788012,0.1181,2024-04-01,60,PAID_OFF,2029-03-06
b05ab6bf-bca9-4eba-b5ff-dd0c2eda17d5,CUST00005154,a6eab79e-d21c-42f8-8ada-4f80a9e782d4,PERSONAL,314.75,194.21742960258305,0.1741,2025-05-22,24,ACTIVE,2027-05-12
974a2447-ab73-460c-83f0-79b3f78ffd83,CUST00007036,4baf0f5e-a932-4094-93f2-8f11147f6570,PERSONAL,11195.44,8937.898729374025,0.0802,2026-01-25,24,ACTIVE,2028-01-15
9186c2a1-9536-422e-8a02-d7c19859df42,CUST00003271,a8049463-0d36-45e4-92a6-f3e62b48c6e6,AUTO,50393.18,44138.07909238279,0.0734,2023-05-04,48,ACTIVE,2027-04-13
9c4cc0fd-fee4-4434-9d2b-11d0e976d79f,CUST00004688,3e20718a-0bb9-48f6-9e4d-a214eb034c4e,PERSONAL,133304.68,67999.3758802426,0.026,2022-09-29,36,DELINQUENT,2025-09-13
11269f9e-03c0-4a01-8e98-6e40723182d4,CUST00000583,0ffa2366-4b4f-4faf-9a3d-c78020a77d78,BUSINESS,10995.68,5391.129053089922,0.1913,2022-06-03,36,ACTIVE,2025-05-18
439cf4f8-e93b-4044-9292-5f7cb624013a,CUST00009806,8a4b8f7c-2147-4a15-bcce-96f6250a4578,BUSINESS,11882.95,7386.391466347297,0.1103,2023-07-28,60,PAID_OFF,2028-07-01
d91e7e1a-6e48-4e95-a228-23f82a46cb32,CUST00009294,ce7ae7f6-3982-4cff-8f77-a665ac3c5640,MORTGAGE,124349.46,90676.56994862908,0.1105,2024-07-24,60,ACTIVE,2029-06-28
23baa2ca-a90a-41cd-b4ac-51f0fcf086c5,CUST00000289,e9ad0e9b-8c9a-41e9-b3b2-63376a74dbb7,STUDENT,1333.27,474.8723390815781,0.1862,2023-12-01,360,PAID_OFF,2053-06-26
0d0d13d3-779e-483d-b6df-223906bc0d71,CUST00005665,e7574997-8458-4f73-b0a0-c1cd0df6c527,BUSINESS,12298.33,6206.252413459388,0.0722,2026-06-30,36,ACTIVE,2029-06-14
e7718e1b-d1df-4ff0-b5f3-2c8e83fc7a2b,CUST00007980,de6cf36b-9edd-4182-b3fd-862d4057e470,MORTGAGE,29308.59,17148.5786895752,0.0798,2021-07-26,120,ACTIVE,2031-06-04
1b0e93e1-2be9-4560-9820-d3628a6181ae,CUST00003860,e0d6e969-478a-443a-bfb2-bfe18e7569bc,STUDENT,43210.04,42707.85653767307,0.1381,2022-08-25,36,ACTIVE,2025-08-09
d74d930e-0e0f-4619-a926-61f516ca331c,CUST00003061,9740b212-2d52-45f4-8a0e-c018b29769b2,PERSONAL,10252.63,6025.595696749824,0.1613,2022-03-04,36,ACTIVE,2025-02-16
a8c5840f-aa54-468f-a927-4d42288a2e51,CUST00001184,73b9c2ac-0134-476b-8ed9-fa95a26e865b,MORTGAGE,23194.29,5199.847872015617,0.1459,2023-04-26,48,ACTIVE,2027-04-05
a9129abc-cda1-426e-a17d-b91d07059d15,CUST00004336,1422373f-8622-48d1-a683-e10796c044d0,STUDENT,527.16,309.9647336699358,0.162,2021-09-15,360,PAID_OFF,2051-04-11
d980a784-1857-48fa-826e-08b6a0b58a0c,CUST00001447,0534a101-8ddc-4719-81f3-8dd4fd034ada,AUTO,8206.05,6724.8545526587895,0.1235,2022-08-14,12,ACTIVE,2023-08-09
8bb61e76-efbf-4c75-a6e5-4d66ee4ebb16,CUST00006680,1df05d18-4e2d-4255-bd13-1a3d1e2c2e7d,AUTO,43488.99,37287.62006596987,0.1753,2025-09-26,60,DEFAULTED,2030-08-31
156c992b-cc97-4171-b926-393cf1974022,CUST00009942,ed1115d7-50a4-4c85-99d5-7b0242d04d55,BUSINESS,5047.05,4038.9040568536598,0.119,2024-06-22,120,ACTIVE,2034-05-01
b3aa475c-af31-4f40-9e8f-7d7e3c36c559,CUST00006214,87cb0e2a-2528-4a1b-833b-66fc797eb3e4,STUDENT,24064.1,21373.96019045222,0.0613,2024-01-16,120,ACTIVE,2033-11-24
835108d8-9251-4afe-9d7e-5e48c03caa32,CUST00001904,cd602879-f79b-4079-abb8-fe95f077671b,AUTO,43058.23,14414.446144890104,0.1175,2023-01-19,24,DEFAULTED,2025-01-08
fe389c35-e28c-459c-8124-14079870fafa,CUST00007895,08b9b2e9-4d81-4859-949e-24ad02d22ee7,BUSINESS,13176.32,6687.91292427098,0.1483,2025-06-11,36,ACTIVE,2028-05-26
e69cf4c8-72d6-47e9-95af-bf6fc7b0a9e2,CUST00009270,7d05121c-ceee-4d65-9904-8ca79291e493,MORTGAGE,28444.09,22174.75929803722,0.1376,2025-08-25,36,ACTIVE,2028-08-09
15604ec8-1ca9-41d9-a5bf-13792587f6a0,CUST00002378,cc8cc291-fa23-48bc-86e4-abacf0effa1e,MORTGAGE,5197.33,1374.4336625787848,0.0637,2021-07-30,12,ACTIVE,2022-07-25
05bcde63-f667-491a-b1c7-ebf1f9dbe07e,CUST00000848,4b6c14e4-cc58-4b60-ba4e-8355f5e8a7e1,STUDENT,16156.59,6003.488942980415,0.0274,2022-04-19,360,DEFAULTED,2051-11-13
80ef2ccf-8999-4812-9616-76fcbb1ffaf4,CUST00007371,8fca7b6a-8fc4-4092-b4e5-59e596229348,STUDENT,55012.97,45724.34108942025,0.0654,2023-08-19,36,PAID_OFF,2026-08-03
4a2e25a0-f6ee-4bdc-9670-0f55a03ef56a,CUST00006342,0143d636-fd54-425b-899d-6cd2e7232e8a,STUDENT,27874.27,21465.575320646745,0.1971,2024-11-24,60,PAID_OFF,2029-10-29
07d1316f-821a-4ac9-a957-2b45ed84859d,CUST00001240,e2fb8d66-a892-4ad4-887f-e19cf7ba19f9,STUDENT,9138.06,8874.879923591296,0.0532,2021-10-14,120,DEFAULTED,2031-08-23
121374ec-d9f5-4388-9202-5cd5d0b8bcbb,CUST00005601,22b5f457-1860-4d28-90af-b235ade68f51,AUTO,30832.5,30708.37015915295,0.1036,2024-06-04,36,ACTIVE,2027-05-20
6624f8ed-ed96-4f31-8bef-2ae1f87339cc,CUST00009525,6522e8b9-8aad-4665-af30-141d3505c563,AUTO,64338.58,15489.162294881828,0.1349,2024-10-03,12,ACTIVE,2025-09-28
88fc929a-4dda-4b87-8291-b38ce4e7e7a3,CUST00004792,440dd09f-c2e8-4fc2-b649-6cdefca54576,BUSINESS,1017.48,916.1898519319892,0.1783,2022-08-07,48,ACTIVE,2026-07-17
1ec83ceb-c201-426f-a924-b4722363bd37,CUST00002366,6338fb29-7599-4b0a-895b-81d6b97d7617,AUTO,125318.16,11844.508720668182,0.1568,2024-08-20,60,PAID_OFF,2029-07-25
e2293661-e153-4d2b-b261-b0827387d450,CUST00005056,eade7b17-b0d0-40bd-8dff-01baf0db6ecb,MORTGAGE,13301.31,9441.27261749568,0.1836,2023-12-28,48,PAID_OFF,2027-12-07
bcc93b94-835d-4e20-859e-45bf5b262633,CUST00005623,24eeb4a6-c145-45c7-9d98-6115f05eeefe,BUSINESS,41699.1,9177.946376621565,0.1288,2023-12-24,24,ACTIVE,2025-12-13
fb9c7376-9232-4c60-bbae-eb8eed569361,CUST00000373,1bbcb748-bb55-4fa3-ae26-651915f87768,AUTO,132703.21,39852.25452243779,0.1758,2024-07-23,12,ACTIVE,2025-07-18
5fb14f5b-81c0-4a3f-b8f7-03ec70bb034d,CUST00007784,7e570ddf-8270-40a8-a369-b584ff5e9ff0,STUDENT,2814.36,2663.28846957198,0.0675,2021-07-20,24,PAID_OFF,2023-07-10
8a02711e-02f3-44d0-aeb8-c6eb700affff,CUST00001950,c9c23e69-d82c-4565-8bb9-07ec13c11754,AUTO,7599.51,1999.8204550740109,0.0975,2024-10-09,24,ACTIVE,2026-09-29
0693d01a-cfd6-4b31-8fcc-85202c2de0bd,CUST00000245,84909370-e430-4b91-956f-e90eb5ccdbe6,PERSONAL,14288.02,9618.378858124468,0.1719,2022-06-17,120,ACTIVE,2032-04-25
6b35a9b9-0bfc-4c45-8a43-aa23426ea2f9,CUST00007796,fdf48930-a265-4f65-8d56-e00031456a6c,BUSINESS,6797.9,1210.8997836036292,0.0786,2024-06-13,24,ACTIVE,2026-06-03
aaa54056-7928-413d-91f8-8167796c39ad,CUST00005773,ab45eaf0-7ad3-4e2a-8413-ffc7173a0c96,AUTO,297272.61,27762.28238022031,0.1768,2023-04-02,24,DELINQUENT,2025-03-22
2e095630-d7b4-4669-942c-ef0517fc87fd,CUST00000125,846af2e6-5c89-4b2a-bedd-fc1777723a5a,AUTO,6092.67,2067.3466608018025,0.0854,2022-01-14,12,ACTIVE,2023-01-09
903ce3b1-6158-4ec7-b05c-b0aed795187f,CUST00001920,18e824e9-cb2f-4bc3-921b-f7334eada8d3,MORTGAGE,9572.79,5975.298191676539,0.0854,2022-04-10,48,ACTIVE,2026-03-20
673a0c97-987e-428b-8caf-ae2b15caf379,CUST00009828,19d9d0b5-a962-4996-abbe-3b5a4d15f7d8,STUDENT,29929.01,7420.752686867332,0.0756,2025-10-01,36,ACTIVE,2028-09-15
ab00fba9-a5e0-4e86-83bd-7384176cc975,CUST00009618,f80590f0-0249-4a09-be3b-1a40ca0553a2,STUDENT,3629.23,1089.3816092031996,0.1184,2023-06-04,24,ACTIVE,2025-05-24
82ca3ac9-2867-4c72-af24-5e07158327a4,CUST00009733,db558642-3054-466b-ad8e-e559daf93e99,MORTGAGE,12166.95,8623.08026649381,0.0432,2025-02-17,120,ACTIVE,2034-12-27
d1303a7a-aca1-4386-bfeb-5020e417eadf,CUST00000531,90fcc9f1-2ddc-456b-a8c2-cce9723b80d4,MORTGAGE,35460.68,3645.216876214973,0.0266,2022-12-11,360,PAID_OFF,2052-07-06
2a545726-ca9d-469a-8539-fd8297266ab2,CUST00007850,c605e58a-4845-4343-9db4-49dc77106966,PERSONAL,13369.21,5974.76802239037,0.1815,2024-01-02,36,ACTIVE,2026-12-17
8f47c5ae-6c68-437a-aba0-24bd99932899,CUST00006930,528a34f3-63ea-40a1-9202-b09c60b36938,BUSINESS,19147.35,18031.720650740404,0.1872,2024-02-11,120,PAID_OFF,2033-12-20
769eb31c-2683-4a4c-8133-25f1e76032c3,CUST00004350,69c718ee-aea4-47d6-955f-a2f45fa9b21a,STUDENT,9956.71,3952.5317208763377,0.0337,2023-05-21,36,ACTIVE,2026-05-05
941eddf9-6460-4660-808d-551fb9e89990,CUST00004757,11730df2-2956-42c6-8bac-fa4aef1e4acf,MORTGAGE,2271.72,986.3831592769084,0.1189,2026-05-23,24,DEFAULTED,2028-05-12
ee2291ef-ab97-47ef-bfc1-9e7bf17a273b,CUST00001802,0f6ce9bf-fe7e-4362-8a89-b0f0105291d3,MORTGAGE,35681.58,26340.29591550777,0.1171,2023-02-01,60,ACTIVE,2028-01-06
a2a8d37d-aa22-43a9-ba25-90fcd91218a9,CUST00005157,25f88c74-53ea-4919-9b48-62c2d5ff2a1f,BUSINESS,306324.3,238630.15917864637,0.087,2025-03-06,360,ACTIVE,2054-09-30
96be541b-0b0a-400f-8462-ecae0cce769b,CUST00007857,a2a9d4d8-102e-4de5-a5cc-8bf738ab854c,MORTGAGE,22642.92,17426.135915289233,0.1224,2024-06-09,36,ACTIVE,2027-05-25
1e2f9c71-b6a0-43e6-bab5-d8d05ac9c4d4,CUST00005462,fb0d3cda-1e63-4261-90e9-688872730e7b,PERSONAL,30880.99,30815.121617685774,0.1025,2024-08-25,60,ACTIVE,2029-07-30
16a3ce4e-ca5c-4c4a-a79b-d4394236fb0e,CUST00009229,47003fcf-deb2-4490-9c66-fdd96565e779,BUSINESS,62260.6,4448.58757759668,0.1081,2026-01-13,48,ACTIVE,2029-12-23
1ccc575e-6c6b-4d66-94ba-c2b5ca4514d1,CUST00005303,ba85e403-6c80-444b-a5d1-36e2f8698e93,PERSONAL,3281.33,3223.0971704647995,0.156,2022-09-04,36,ACTIVE,2025-08-19
7e8e148b-0b44-4907-ad59-ae125ac7b94d,CUST00007433,7c059799-bdae-4eff-a83c-510ed2efa93b,AUTO,283161.3,269056.9271954855,0.1147,2022-12-20,12,ACTIVE,2023-12-15
3f843c8f-a46f-47b5-8d45-e921e64b5523,CUST00006190,5eb38ef5-b240-40ca-ab05-61676a478ddf,STUDENT,29836.66,25424.978639818346,0.0783,2025-06-10,120,PAID_OFF,2035-04-19
ac97e067-48bb-4c17-bccd-3eb62d51ca94,CUST00001143,1d53434b-b881-49b9-ae27-0da702f06b90,MORTGAGE,254685.66,115659.27200875731,0.1247,2025-03-06,360,ACTIVE,2054-09-30
8d9f42bc-b0e0-4156-8ef8-8a52e4cda3b9,CUST00007077,c79ddb62-c379-44c1-8903-94ea7d54ec82,BUSINESS,7335.28,6388.3127485988925,0.1353,2026-06-06,48,ACTIVE,2030-05-16
b90db373-5553-4a05-b960-a10e8ee56246,CUST00007615,00231f70-0a77-45cc-ae87-46510c2ca7fa,PERSONAL,336748.92,74365.07634507226,0.1392,2022-03-23,48,ACTIVE,2026-03-02
c76e8e04-1b64-4f32-9aa2-88e1609c6c82,CUST00009948,565c1e3f-6d1c-41d6-b3e0-4a38cdf0aaba,STUDENT,70455.26,55776.31771276677,0.1313,2022-09-18,360,ACTIVE,2052-04-13
cc40d3a5-94be-40bd-b5d2-4173ee56aea4,CUST00004841,6e15c527-fe2a-4cbc-927a-e04ef58b8c61,STUDENT,50491.49,9352.957929653674,0.1396,2026-05-10,60,ACTIVE,2031-04-14
ab86fc70-a89c-4d28-8e08-215adbe6fc7f,CUST00001630,8623bc74-65a2-4cc8-855b-e95d06bfd9c4,MORTGAGE,31289.46,25512.23679313134,0.0758,2024-10-18,24,ACTIVE,2026-10-08
4af83592-2e85-4bc6-a5ed-b1d9a4242b77,CUST00005063,a3bdd4d6-0a01-48b6-8ab6-3e0f3cfbc642,STUDENT,15172.0,9323.636009882272,0.1003,2023-11-20,120,ACTIVE,2033-09-28
9ad0afdc-e280-4ef0-8b90-1a34a3d6f33a,CUST00000763,c3828725-e1c6-4384-ae20-a0b5acad7c07,MORTGAGE,133358.66,13073.320074009216,0.1404,2026-02-14,12,ACTIVE,2027-02-09
a3c05d75-b3b6-4eb4-abf0-1ba6ed1d3817,CUST00006906,c3f9c78c-af70-4164-bf16-44542685602c,AUTO,27188.24,24342.162947745528,0.1558,2024-03-19,360,PAID_OFF,2053-10-13
60562765-9c1d-4a65-95c8-3c5d48754ef8,CUST00004890,8fbba749-5fcd-459e-96e1-8109d7e174e6,MORTGAGE,1152.16,665.8991623157144,0.0981,2021-12-01,360,ACTIVE,2051-06-27
b8692e43-3fa7-4954-8bfa-fb8c623c2c71,CUST00004840,6e66a273-c4ca-40d7-8a66-de6724d4d5a3,PERSONAL,4122.52,2705.396651585818,0.0858,2023-03-14,12,ACTIVE,2024-03-08
6de72534-9c9f-4ec0-af80-a18943cbfd06,CUST00003958,3d225c30-b28f-41de-bb14-0bc3304b8590,STUDENT,16667.76,4725.477231832479,0.1489,2022-12-28,60,DELINQUENT,2027-12-02
82fecfdc-73fb-4982-8401-4a72068f19b5,CUST00000558,3de54ee2-a655-496c-a528-d32da60c2bed,STUDENT,35066.39,30565.110518403664,0.06,2025-03-18,60,ACTIVE,2030-02-20
71a67925-1094-4b53-a6d5-1dc14ff90831,CUST00004622,6714272a-d981-4a41-a1cc-233c9838d168,STUDENT,20233.95,11031.564415060446,0.0217,2025-09-24,48,ACTIVE,2029-09-03
56885791-8f92-42c3-a727-aea402f93785,CUST00000840,69be173a-850e-40ad-9872-f72ee5b4a1ae,MORTGAGE,137098.67,57735.03088638703,0.1048,2023-10-06,360,PAID_OFF,2053-05-01
28e9209e-2470-4fcc-a2cc-a6611a2a69d9,CUST00008195,8486b704-0211-46ca-b863-af2d5e6ba460,BUSINESS,1180.09,630.5005447264851,0.0512,2025-06-15,60,ACTIVE,2030-05-20
947ab584-5b06-498e-aef4-74a3fb31a55f,CUST00009244,7a199807-61d2-4319-8bcb-329396512240,MORTGAGE,27320.21,19214.661081446764,0.0881,2022-02-18,24,ACTIVE,2024-02-08
a15c6648-d355-441e-be3f-9b1ec29295fd,CUST00009597,7bd50aeb-6791-41dd-8cc7-cda21f2f087d,PERSONAL,1440.91,1001.5014345738352,0.0724,2023-01-08,48,ACTIVE,2026-12-18
8bf54fa8-8ae9-4f31-8674-a2f56818f77e,CUST00008349,e24c724b-e453-44c2-b037-f0b710ccf85f,MORTGAGE,68841.94,24616.301329511683,0.1599,2025-04-29,48,ACTIVE,2029-04-08
f7b8a5e4-80a5-4e0d-8016-7fac2003c81e,CUST00006999,57d9cbb0-309e-47ba-90e6-56e592715f6e,STUDENT,19116.59,7364.824584896539,0.0797,2022-07-09,48,PAID_OFF,2026-06-18
c7569b9b-ca12-4556-b5cc-a86b92e92aa7,CUST00000511,3f91c419-e846-49df-b373-35549e204ac7,AUTO,41332.94,23238.95749029914,0.1353,2024-08-12,12,PAID_OFF,2025-08-07
666ef491-88dc-4e09-8413-377b38d52946,CUST00001138,bf337a15-1e08-4f20-bdd1-51b0f64ab6ec,PERSONAL,6028.03,5572.353855895624,0.1413,2026-02-08,120,ACTIVE,2035-12-18
3a5b10ff-8076-4a77-b25a-2225885f40aa,CUST00005607,7e388a19-46f7-420a-83c4-95061e8e06ed,AUTO,150121.07,111904.7892873179,0.1022,2026-02-21,120,DEFAULTED,2035-12-31
6f97aebd-e15d-4642-8a84-bd349d345ce9,CUST00004667,6553b15f-1ea1-4b0f-95ae-b18b46ae7e06,PERSONAL,105091.53,41029.30814699396,0.0346,2024-11-22,12,ACTIVE,2025-11-17
652b1328-422f-403e-bc29-c667233089c9,CUST00008907,4e7674e9-ca12-4a49-a5f5-cdc821c7c0f6,PERSONAL,52855.47,17814.017881727814,0.1461,2026-05-31,48,ACTIVE,2030-05-10
fcce4fb6-fd97-4595-a6be-21e57ac20f0f,CUST00005435,d141b9e4-a783-41c8-a250-891ae9846baa,STUDENT,18137.27,9497.339740730491,0.0335,2023-09-06,24,DELINQUENT,2025-08-26
9a18e6bb-71f6-41a8-86f7-3047c0bdbeaf,CUST00006447,c0476d80-532b-470a-a09f-839fb6ddbd11,MORTGAGE,52563.96,45730.191515972,0.0379,2023-08-24,36,ACTIVE,2026-08-08
05a562a9-6cc7-4151-9172-44f793645e43,CUST00002655,d5d9a385-2bb2-4cbc-9c79-4cdb74c88361,STUDENT,7628.61,66.2105492307094,0.0553,2023-09-06,48,ACTIVE,2027-08-16
16d49f2d-103b-42ed-9540-d6f59f8c9841,CUST00000991,38e7e019-fb89-46c8-87ec-fe71d49347fc,STUDENT,79485.79,56473.546421989944,0.0705,2021-10-31,60,ACTIVE,2026-10-05
ffab82a0-36e6-4004-92e8-089e4cc639c9,CUST00007821,55f8bbb8-c3dc-4b92-b95c-a96d85ee751c,STUDENT,261508.31,77017.40219381874,0.1724,2022-06-05,360,DELINQUENT,2051-12-30
e5642b96-9624-4a9d-9cea-0ac0d466f946,CUST00002161,b8a1e477-e240-4060-8b20-802fc24f3f4c,AUTO,109745.12,22870.606474021188,0.1415,2023-11-24,360,ACTIVE,2053-06-19
3f8f9da4-b98a-453f-be85-44e1c1b65800,CUST00005741,98a547b2-09a1-4b34-b111-84e79c4c37b3,PERSONAL,7373.12,89.49490708958113,0.0897,2026-01-09,120,ACTIVE,2035-11-18
fcb4ee27-c167-4c84-a943-2abd5b95509f,CUST00004458,cd14eacb-7da8-4631-8c6d-8ddd1edfc59e,BUSINESS,37878.01,33961.068493958024,0.1962,2023-08-19,360,ACTIVE,2053-03-14
29ca6e42-d09a-42dc-a3dd-65b3998549bc,CUST00002064,c166a8b3-f26b-4ebf-bdef-3b8eec0dfc3a,MORTGAGE,3166.2,2888.361105734392,0.0638,2022-03-02,36,ACTIVE,2025-02-14
345ec501-df85-4192-921c-922affa2df47,CUST00001978,a0017720-200b-4903-8642-6c458d03f17a,STUDENT,51978.5,3192.3864904833044,0.1298,2025-06-17,12,ACTIVE,2026-06-12
3b8ee0e0-1ba3-4c18-a84a-05d0b6f8dba9,CUST00008568,cb68a34e-ca1f-4ff2-a823-442c9a87e357,PERSONAL,43299.88,22594.540870285146,0.1725,2022-05-05,12,DEFAULTED,2023-04-30
685a9a7c-b83f-44ca-b9a0-d586369db2ef,CUST00008934,67ce378f-e5a4-483b-a383-889adb2c6ac8,MORTGAGE,1333.12,203.40006234696276,0.1644,2021-12-22,36,PAID_OFF,2024-12-06
2fc3bb1c-577b-4d97-801b-d08ee4fa2e93,CUST00002668,55eef366-bc76-4752-8dcb-e8184dfa6a17,BUSINESS,3855.76,2925.3171257106296,0.0363,2025-01-16,120,DEFAULTED,2034-11-25
eb19071b-0b35-40a1-bfa5-e99ffb23a4b7,CUST00009433,53b3618b-ade0-4648-9ac6-030661f43c2b,BUSINESS,14404.44,9584.591531567157,0.1455,2023-02-23,120,ACTIVE,2033-01-01
82d3c040-8e69-44d3-923b-505c4127bbb7,CUST00004920,637b3648-d617-49c0-a449-d64f922ddab6,STUDENT,14026.59,4167.732089688498,0.0664,2024-04-12,60,ACTIVE,2029-03-17
c79e46ae-551b-4d7f-a68e-43e1182a4ea3,CUST00008610,1db14bfc-6f3a-4115-acb4-678c16120aa6,BUSINESS,3589.56,419.83594641125393,0.084,2023-07-30,12,ACTIVE,2024-07-24
e8f66646-059d-42e6-b348-f0fed47ebb90,CUST00007643,dfda35b2-28b2-4f21-8d47-0ed6a6663769,BUSINESS,39476.79,32813.92354930809,0.108,2021-11-29,12,PAID_OFF,2022-11-24
f4c621ef-e80b-4c7a-9c3d-ae7b2a630401,CUST00008799,db75dada-d51f-4de1-b17d-aa267357d500,MORTGAGE,32119.24,21656.477202745158,0.1623,2025-02-23,48,DELINQUENT,2029-02-02
7edf1d61-4d55-467c-801f-39a647465064,CUST00008760,82fce908-17c3-45fc-b6b7-4e2748af7f10,MORTGAGE,16458.48,112.24592842561496,0.0499,2021-11-03,24,DEFAULTED,2023-10-24
9dc4805f-1fe3-469c-831e-687425076d01,CUST00000544,a5c9cf20-3967-46aa-ad2b-2c8276a990f1,STUDENT,7089.09,4451.039563516335,0.0395,2022-03-15,60,ACTIVE,2027-02-17
a6792090-5160-4305-adcd-8d4318ecae05,CUST00000884,2ad11fe8-7d1b-495e-b1a0-449dd703262f,PERSONAL,106198.01,86051.82565225681,0.0476,2021-11-20,48,ACTIVE,2025-10-30
b26f8bb2-3178-4dbb-9f7f-acac0814b225,CUST00004799,cd6bb03b-eb35-47a0-ad6e-0291b7893986,STUDENT,263843.31,155870.20028093643,0.0593,2022-02-10,360,ACTIVE,2051-09-06
c9a692f0-073b-478d-860a-a7f94a05e06d,CUST00008041,5c494d63-1e4c-4fdf-956e-fce49d9e4da2,AUTO,10664.31,4529.278309320308,0.0307,2023-12-08,24,ACTIVE,2025-11-27
d85a4e1a-66ed-471c-aa98-979991354949,CUST00009416,904ada37-5f44-4716-b6e5-dd9a315007d2,BUSINESS,8793.34,5134.59283477128,0.1867,2024-04-11,360,ACTIVE,2053-11-05
bd86a1ab-c16f-4ca3-b854-f2ce102c89ba,CUST00005719,73d2939e-f99d-46d5-a2b5-17815d17c25d,PERSONAL,46019.09,28518.58491354128,0.0774,2026-03-07,12,ACTIVE,2027-03-02
ee6d7a27-e95b-4b7b-a585-fc3d7bf7202e,CUST00002069,5be6128e-18c2-4797-a142-ea7d17be3111,MORTGAGE,12873.88,8239.728944476119,0.0519,2021-08-29,24,ACTIVE,2023-08-19
840aa19c-c5bb-4f64-90b9-b399bf5d96d6,CUST00007479,be9cafcf-ed17-46e9-8cdc-718dc4057420,AUTO,17870.46,17281.539953995773,0.1348,2024-09-08,12,ACTIVE,2025-09-03
98343ead-4239-413e-b33f-f435207479d2,CUST00008121,ee462fcd-a829-407c-99be-ccff33a315f3,AUTO,66801.43,11933.927675234541,0.1617,2023-12-06,120,ACTIVE,2033-10-14
8bef5d54-c0c5-4495-92bf-804e89ca1b26,CUST00007821,dd34aa18-9001-4ed4-8bb4-01e769f753f1,BUSINESS,1256.35,782.8230505008254,0.1556,2023-09-06,48,ACTIVE,2027-08-16
8a81b778-8bf4-4171-8ab5-6e07a167974e,CUST00001787,a43366c9-7d3d-4b72-9f3e-c5721527b2ac,MORTGAGE,159126.3,29914.681377389057,0.1494,2023-03-21,12,ACTIVE,2024-03-15
00bae133-babf-4447-a855-6690f4d85745,CUST00005716,09b7fdf7-7d8d-4ddd-acf1-49cb4f1e1a37,PERSONAL,24563.6,5157.292893508626,0.0291,2022-03-21,24,ACTIVE,2024-03-10
d554fadf-7633-4d1d-a694-940dddc5c146,CUST00009650,473bd358-610e-4a64-a130-1617c2dff335,MORTGAGE,11881.77,7951.96824489768,0.1608,2022-07-14,48,ACTIVE,2026-06-23
4580ee86-18ce-4087-a53c-e1148d185c2a,CUST00008270,399557cb-827e-40b2-a892-0b25ab35f75a,BUSINESS,19266.99,17647.678195614346,0.1103,2023-12-22,24,ACTIVE,2025-12-11
69e83561-4557-4dcb-b15e-ae421461f0d8,CUST00001309,ef15b821-ade6-4f3c-8c2a-261d5d7233db,AUTO,20819.47,3311.2169311552475,0.1368,2024-03-28,24,PAID_OFF,2026-03-18
1ac62a63-feca-4f41-9908-d31984584019,CUST00008840,71efe72a-ae13-491e-84fa-4c7239e7a4f1,BUSINESS,1641.22,1579.6176833117215,0.1922,2024-06-21,36,ACTIVE,2027-06-06
53921935-d6f8-494c-b9fa-35e6c98afa08,CUST00008745,427f6635-5f7b-4b00-9772-03300f589a93,STUDENT,207400.57,66238.00245799172,0.1659,2021-11-24,12,ACTIVE,2022-11-19
64ff3d41-eb4b-4bd8-af49-056a9f5f4623,CUST00008474,a55fa725-bcb3-4168-b706-2cfa29cc0789,AUTO,23435.06,9170.468087252719,0.1686,2022-03-26,12,ACTIVE,2023-03-21
43d8c607-f27a-4635-a064-62aea0683570,CUST00009474,bc0a6a5d-6e99-4e3e-a3b1-37fc0a3450fc,BUSINESS,42808.98,6578.919318381218,0.0527,2025-08-20,24,ACTIVE,2027-08-10
a9c55ff9-9dd0-4b9c-ac14-52b48bc1163c,CUST00004862,704d628f-35a7-48ab-aaed-979fb2ac4768,PERSONAL,91796.06,56531.328122924446,0.1058,2024-02-16,360,ACTIVE,2053-09-11
ea467d0d-ce05-4ac8-9e0e-5cdf89d4d409,CUST00002777,29a099de-aa10-4595-8ee2-51809fb109a3,PERSONAL,4761.21,2839.6832232085794,0.1909,2022-12-18,120,PAID_OFF,2032-10-26
94eeda02-f9aa-4d6d-b2e9-d9393fbce063,CUST00001597,171a8b65-e272-47ca-bf17-6b5540767e21,PERSONAL,44810.95,19818.52734468566,0.1249,2024-02-08,12,ACTIVE,2025-02-02
8caf728a-9e58-48b6-b24c-77826554f48c,CUST00000480,7a199807-61d2-4319-8bcb-329396512240,STUDENT,14743.22,7019.120101170538,0.0385,2023-08-12,60,ACTIVE,2028-07-16
81b89c44-ee28-4856-8fc6-0d4370ba8e9c,CUST00003313,8ac35ac4-5dea-4737-bdab-3441d2c2a960,MORTGAGE,78445.25,48869.49832007159,0.1517,2026-02-06,120,ACTIVE,2035-12-16
b04dee79-4ff6-408a-9135-6bfe6193dc3d,CUST00006157,2294fa0a-8482-4c08-842c-65ad9883e9b1,PERSONAL,906.11,528.7120452965548,0.0277,2021-12-17,120,ACTIVE,2031-10-26
53cbad6c-171d-414d-9de2-2a23e47c666a,CUST00007920,ce3714af-99b4-4350-af2b-99b4d9acd158,STUDENT,18984.13,7105.06469145306,0.1536,2022-12-21,120,ACTIVE,2032-10-29
fa98f0cf-42df-4d68-969e-3fde571ceacb,CUST00006745,f3dea9dc-469c-458b-896d-036a8092189b,PERSONAL,8917.48,7884.072348623854,0.1784,2022-04-21,12,PAID_OFF,2023-04-16
0c9ef5aa-a8ef-43a9-8db7-5f5750452f2b,CUST00003899,7b4e9ecd-de07-47b1-b8ae-8d5dfe268e77,STUDENT,42124.91,28125.139447292793,0.0965,2023-02-06,120,ACTIVE,2032-12-15
2280229d-9d1b-40f5-9fc6-1eb31c534b87,CUST00002073,4f10aae3-b518-474f-8587-4243cbd10fdc,PERSONAL,44581.14,9157.248381356358,0.0945,2021-08-25,120,ACTIVE,2031-07-04
2e3a9584-adf5-48fc-995f-2694b8edffe8,CUST00009488,102f4f5c-55e3-4295-ac67-10bd97d46f61,MORTGAGE,7620.22,2437.731189172214,0.0748,2021-09-07,48,ACTIVE,2025-08-17
c7f2a172-affc-4532-9846-06250effa0c1,CUST00005625,b495db4e-8245-4fb4-8ab7-706eb77350ca,BUSINESS,7568.42,5962.992382492938,0.1778,2025-04-10,12,ACTIVE,2026-04-05
3f13d74a-5c7f-45ce-bea3-9cb17a4e438d,CUST00000939,fc737d92-11ab-4d11-a4eb-8000ef40d162,PERSONAL,18657.47,1950.179160621075,0.1186,2023-10-23,120,ACTIVE,2033-08-31
e39f95a1-61a9-429d-adc2-735db26dfebe,CUST00008177,44d18524-cf0e-4567-882d-7fc1be3074f8,BUSINESS,5738.98,4305.5664360387655,0.1243,2023-03-24,360,PAID_OFF,2052-10-17
1d0707aa-59ec-4e63-8b63-981eb1dc3a91,CUST00000762,3fac4317-16e8-47b0-8552-f3c55f13fb98,PERSONAL,77883.98,27948.0775093503,0.1391,2026-01-31,60,PAID_OFF,2031-01-05
6c27ca62-141f-4b4c-b977-93611204a9d9,CUST00007255,8f5e248e-b40f-440e-8037-447f0d99c071,MORTGAGE,12659.83,6984.314856254956,0.074,2024-05-23,120,PAID_OFF,2034-04-01
3a21356c-0fd6-4618-ba6b-295caec9c199,CUST00001670,4b8fb475-e2eb-42d2-b848-52b657f498e0,BUSINESS,281.33,78.92941510423496,0.0979,2024-03-25,24,ACTIVE,2026-03-15
c0b15ca3-89ae-47cb-9893-e27dd5204b48,CUST00007129,a05095fa-deba-4297-81e1-5f65a7610e80,STUDENT,12553.65,12383.630542833513,0.1535,2026-01-30,12,PAID_OFF,2027-01-25
65173bc6-ceb8-4364-8e24-2b1dc5736b1c,CUST00003863,eba0330c-6a9a-4f4b-ae39-c29a921f266f,PERSONAL,4638.68,4201.903246354664,0.1974,2022-04-14,48,PAID_OFF,2026-03-24
3fa1292a-507b-4b8e-abd6-f68435073a4e,CUST00002686,9134c0b7-6f73-473b-baee-bacdc8c8ccf9,PERSONAL,1906.62,1770.2010281146493,0.0262,2022-10-04,60,DELINQUENT,2027-09-08
a5ca5367-b598-455f-b9d2-3cfd692981b1,CUST00006635,2ce6f908-cece-45d3-9ea9-09ef7257dcb6,STUDENT,3442.18,636.0305924718483,0.0277,2025-01-10,36,DELINQUENT,2027-12-26
944af6a6-83c1-4496-999a-2509203201a2,CUST00001932,25f93ab9-5e5f-410c-af14-4dc6b9ede33f,MORTGAGE,25954.82,21845.91493647034,0.0971,2022-07-30,24,ACTIVE,2024-07-19
99786dc1-5f54-482d-93e1-1f554289281d,CUST00007309,594de8d7-add7-4b0f-a90b-365143eb4ff0,AUTO,161613.22,86527.24947516852,0.1387,2022-11-03,24,ACTIVE,2024-10-23
01f73517-7c4a-42db-a105-06680e49a743,CUST00003940,93829b43-922f-415a-a1e3-db63ef7ddc76,PERSONAL,35234.35,24940.95881316148,0.0895,2023-04-07,24,ACTIVE,2025-03-27
a7f3cf5c-9818-43c7-8657-894f0c953522,CUST00001127,2aa814da-56ec-4e55-aad9-e93dc3d0bde3,STUDENT,8868.36,1928.9043653183055,0.1999,2024-11-01,60,ACTIVE,2029-10-06
ce972144-4d17-494c-9288-cbf5a6bd63a4,CUST00006022,7a199807-61d2-4319-8bcb-329396512240,AUTO,43645.54,31074.95434547171,0.0552,2024-01-20,12,PAID_OFF,2025-01-14
f8a5764a-87c5-4450-8c78-7ac622c97943,CUST00006438,0a1bebd3-e60e-4813-802d-a0fa227dcecc,PERSONAL,11063.03,10114.56595472065,0.0214,2023-06-11,12,PAID_OFF,2024-06-05
0c0575ab-2dce-4207-800e-45409492ba69,CUST00007040,140642a8-2f61-4334-b608-93b22febcc33,BUSINESS,7770.58,2078.485507248967,0.0542,2024-08-09,120,PAID_OFF,2034-06-18
ffa6df21-6057-4624-aba6-71024b16d8a8,CUST00005374,ee462fcd-a829-407c-99be-ccff33a315f3,STUDENT,3898.92,909.8513924034021,0.1796,2022-03-05,120,ACTIVE,2032-01-12
46230245-dd7c-415a-aeb2-51526002ed7b,CUST00001204,a175a9c3-d7b1-42a9-a332-a50e6992896e,BUSINESS,1591.22,166.14651782196728,0.0461,2023-12-08,12,ACTIVE,2024-12-02
dc8f79c8-bd95-4829-a72c-f300c917a68e,CUST00004136,9f690cde-7eaa-4a91-9def-d401792cad76,MORTGAGE,12272.48,3274.3795866288538,0.1062,2026-05-14,360,ACTIVE,2055-12-08
6e6c4c64-6f56-41b1-9d07-285b8e8752c2,CUST00008712,2bde3c78-a931-4044-9f52-58abcf3a9723,AUTO,27919.49,14959.046695838375,0.0955,2025-02-09,120,ACTIVE,2034-12-19
53ae0bce-0ccc-4432-a913-ed3b7f5c62cc,CUST00007905,42ac66dc-904f-4df7-88f7-2c2dba1ad160,STUDENT,19054.61,15867.084173989053,0.1398,2022-01-21,360,PAID_OFF,2051-08-17
296da4cd-431b-411f-af90-d9afca07906e,CUST00002284,3e2b6091-a092-452a-94a0-57a7b0cc1b3b,PERSONAL,11802.3,3290.484339964258,0.0298,2024-11-02,12,PAID_OFF,2025-10-28
ee6fc3f3-ca5e-4705-91f8-0fcf03acc634,CUST00004559,612a9cc6-cfff-4d34-8aa8-1f139cdd39a7,PERSONAL,5331.46,3311.606464547482,0.1386,2022-07-20,24,ACTIVE,2024-07-09
dd7c5485-6c70-4048-9093-4c874f8ccb0b,CUST00005348,399e4d08-cf77-48cc-af36-feb1bb8f7b2b,AUTO,54850.65,26305.8615835957,0.0839,2024-12-15,36,DEFAULTED,2027-11-30
716ebe56-c19a-4b0f-bd72-8f735d3b64ac,CUST00007868,4b9dfd58-9e5d-4c7a-85ac-c35415f00cb4,BUSINESS,3054.29,881.4040779684536,0.1867,2023-08-10,24,ACTIVE,2025-07-30
07789dae-e478-4edc-899a-c6ce5704c899,CUST00005945,77902ddf-4b58-4ceb-a6e4-86bf8d2eea22,BUSINESS,70547.52,36004.567487761,0.1728,2024-05-23,360,ACTIVE,2053-12-17
f3f73d69-c853-45f9-b35b-ea93923ad413,CUST00008675,b506c24d-8fff-49f7-b485-0fcd2f3b2b18,STUDENT,4898.45,822.7554006253845,0.0919,2025-12-15,120,ACTIVE,2035-10-24
f6fa5eb6-51a5-4b4e-849c-00424efb4227,CUST00002478,8181a8cc-3691-47eb-89a2-688b12c136e0,STUDENT,7124.87,4556.906968837911,0.1987,2023-03-31,36,ACTIVE,2026-03-15
81a4dce0-c800-4f5e-b139-c12d3881efd7,CUST00003094,a60da1aa-005b-4f73-9dbe-4a3c88db3692,BUSINESS,2440.17,282.2367023511969,0.0293,2022-08-05,36,DELINQUENT,2025-07-20
6cd6b9e1-0765-4c22-9bcd-e988ce25d281,CUST00008535,6fa5f03f-e92d-4961-9e0f-d29bb7a2ab33,STUDENT,10382.71,7589.558808209845,0.162,2024-02-28,12,PAID_OFF,2025-02-22
c84042f9-db66-4c53-be15-91ee217fc48c,CUST00007208,4207fb51-52ff-4ff5-a49c-5edd69aec17b,BUSINESS,95127.05,16905.282842412063,0.0981,2021-09-30,48,ACTIVE,2025-09-09
6789278d-cc86-4c85-8212-173f5e997f0d,CUST00009655,078c3875-ba21-4269-a540-fbfee12ff6cd,AUTO,47736.05,47648.17525069186,0.098,2022-01-12,60,ACTIVE,2026-12-17
217c82b1-c884-4ac6-a19a-4805e03a0ab6,CUST00009395,ae423568-de14-453b-9eac-41d9801f4909,STUDENT,95571.81,78719.88072864909,0.0506,2022-12-01,48,ACTIVE,2026-11-10
c53a8da2-2f2f-4254-a22f-3da5dab2a215,CUST00009814,7dd12d57-0b84-4c50-96c1-b18366dc3989,BUSINESS,48204.8,16574.753079497143,0.1127,2025-11-23,36,ACTIVE,2028-11-07
4a086284-b35a-4b1c-9625-583a6b32264f,CUST00006228,a8702d97-10e6-4176-b858-3966757256f6,STUDENT,4206.96,1793.0264288302453,0.0352,2025-08-13,48,ACTIVE,2029-07-23
a1f3a5bc-6580-44de-9bc0-04500ddf8da3,CUST00003536,73e88db6-9e23-43d0-b491-5c14a30b669c,PERSONAL,13410.81,3475.961537781199,0.131,2025-07-24,120,ACTIVE,2035-06-02
58d687f6-9bb5-4052-9a88-d62a55812914,CUST00007005,82b34384-9979-4f26-88b1-90e1089a9f4f,PERSONAL,6834.25,5242.65268974441,0.0635,2022-05-12,36,ACTIVE,2025-04-26
02580dcb-0dbf-48ed-ace3-e35d3a99542f,CUST00002914,e27bb6c4-4d94-4434-8785-9c05dc409942,MORTGAGE,162082.76,61709.2780971931,0.1505,2023-09-06,24,ACTIVE,2025-08-26
6ced484e-acde-4588-ae92-0236b1ddecb7,CUST00009382,e5f95507-6889-48ad-a234-5eacb8da3559,BUSINESS,3658.53,2762.868843240066,0.1293,2023-01-03,120,ACTIVE,2032-11-11
1e50661f-2fce-40ae-9b06-fec229071205,CUST00002341,53391df4-5ae8-4d18-88dc-1e26c7c2564a,MORTGAGE,84166.02,1548.7856192431711,0.1544,2023-09-12,24,ACTIVE,2025-09-01
2e58e57a-4b4a-420d-a6f3-af262cc6c3c2,CUST00009796,20f0156a-1e6a-4628-9c6d-52d5ae2e9af9,BUSINESS,84072.16,11401.947006823893,0.155,2025-11-14,120,PAID_OFF,2035-09-23
73b171e5-cc56-4dff-8314-d41cf699734e,CUST00005290,d123f7c1-b7a1-467e-9a1e-00365cbaa496,STUDENT,342638.18,125054.14178919894,0.0554,2025-12-04,12,DELINQUENT,2026-11-29
7a761f37-e1a0-4de2-b6de-974a6d9d5598,CUST00000598,a845f723-8992-4e2d-8400-e249f8bb1616,BUSINESS,11914.01,1297.5373559485117,0.0201,2025-11-25,360,ACTIVE,2055-06-21
4f848c31-7954-4f2d-a819-d4b9b1a6aed3,CUST00008837,fa5f9e72-5166-488b-b008-32dae24ba9d4,PERSONAL,64118.18,38543.23281308898,0.0858,2023-05-21,120,ACTIVE,2033-03-29
50e5b83b-c388-4b0e-a263-e16c66b768bd,CUST00007146,e47f9c7e-07ec-4d32-89e4-ec2813d88e04,STUDENT,675006.6,34312.002002383546,0.1854,2025-07-27,60,ACTIVE,2030-07-01
071a8d53-63e0-4207-913c-b0099cff77c5,CUST00002903,b495db4e-8245-4fb4-8ab7-706eb77350ca,PERSONAL,8721.42,7498.3541762713885,0.124,2023-12-25,24,ACTIVE,2025-12-14
47eb1172-2d47-484c-943d-9bff1a89383c,CUST00006646,8ef4d74b-2dcc-4095-b28f-9444a0154d65,STUDENT,2202.7,1676.9331288598023,0.151,2026-07-05,120,ACTIVE,2036-05-13
17a0fba1-1994-4293-bbc6-423eb58a4321,CUST00008956,3b9b2d45-a350-45e4-b9c5-9df987f255d6,BUSINESS,1312.89,283.9209690135865,0.1783,2023-02-14,60,DEFAULTED,2028-01-19
da0eb3c3-f8f0-41ae-a924-e01a5f5cc473,CUST00007695,ec1f0155-6662-4bd2-b243-b5c6833d7595,BUSINESS,64155.69,31038.003554167277,0.1831,2023-04-09,12,PAID_OFF,2024-04-03
404eb634-f4e0-470e-90b6-8d0280dc3ba1,CUST00004831,16718639-fcb8-4f9e-8769-0baaa104bdce,PERSONAL,1306.72,590.3931858211181,0.1152,2026-05-10,120,ACTIVE,2036-03-18
a3b0e3da-845e-4ab9-8c00-7490888d7c51,CUST00007547,72f60958-12ef-4101-a082-786fca00ef58,AUTO,12600.87,9133.924785504107,0.1174,2026-02-02,360,ACTIVE,2055-08-29
01910880-0f5a-4a7c-be4d-b9ea636404e8,CUST00007369,59e7703a-70aa-4b0d-aa03-8ad4a667b982,BUSINESS,42445.23,17042.137627687644,0.1732,2023-12-27,60,ACTIVE,2028-11-30
896f07e5-fabb-4975-a789-3317c2afaa5f,CUST00009835,6a5e6920-bf5a-47e6-93a3-dd5a4b8c5bdc,AUTO,29078.76,957.7176211226046,0.1653,2025-09-18,360,ACTIVE,2055-04-14
96bc3f42-797e-4c89-9bbc-af4503d7f55b,CUST00002161,c21f84fc-d0bc-4ad5-85f8-0d9b00060d5a,STUDENT,41696.28,11413.767016643349,0.1458,2024-11-26,120,ACTIVE,2034-10-05
7b2ff249-6565-4fc1-bb62-f1dc842a4b95,CUST00005879,430438b5-32c1-42f1-b661-7a3bf9606ca3,AUTO,30743.53,14332.50472417916,0.1288,2023-02-10,24,ACTIVE,2025-01-30
8f0f7109-fddb-4b80-be99-cb58b601efce,CUST00007664,1dde7969-6886-43db-a634-8e784d5c55c7,PERSONAL,149986.22,146160.40392135715,0.1311,2025-04-19,24,ACTIVE,2027-04-09
14420114-dfe7-44a4-b225-70ff20baeb3f,CUST00003750,ed850a6d-7542-4851-b2a2-4da42537e0d6,MORTGAGE,5279.18,4651.795211412041,0.0853,2024-08-11,48,PAID_OFF,2028-07-21
e1ea1d2e-9874-4952-93ed-4b5c2c4276b2,CUST00002923,8f5e248e-b40f-440e-8037-447f0d99c071,MORTGAGE,7978.51,1447.3507339829166,0.1714,2026-06-06,48,ACTIVE,2030-05-16
ee4401c9-71af-45ff-9bbd-cdb6f117bec0,CUST00006487,c3093b6e-37e9-42e2-935a-c07aaa0217d0,PERSONAL,6911.98,4999.268835153399,0.1312,2022-11-04,120,ACTIVE,2032-09-12
ee550e96-037c-4932-a5b3-2f0bc91ca763,CUST00008113,aeb00fb9-26cb-4e99-a945-e93a4a454398,MORTGAGE,76518.49,71684.4705886273,0.0602,2023-10-01,48,ACTIVE,2027-09-10
22897671-7234-4df0-85f0-3f1ccd4a3c8e,CUST00008772,e3ad64d4-eab9-4b02-af1d-c1217d024c6d,PERSONAL,85016.27,747.5151638110628,0.0632,2023-01-04,120,ACTIVE,2032-11-12
cae322c3-6896-457b-b7e1-1681fe84f0fe,CUST00003805,1b493710-38de-44f1-973d-18559a039d06,BUSINESS,43340.29,31245.994571138963,0.1751,2023-09-03,120,ACTIVE,2033-07-12
a37ae656-2a03-4bf9-9a4d-4948435bfa43,CUST00004879,785e02ee-4cac-495c-b2e2-503ab2d515d1,AUTO,129993.6,59710.41469507854,0.1326,2022-05-13,360,ACTIVE,2051-12-07
25b3cc2e-137d-4405-accc-0672cfde82ad,CUST00002369,4aab47b2-3c9d-428a-a176-1930f6d70248,MORTGAGE,3762.88,2559.6471782697936,0.0918,2025-08-12,60,PAID_OFF,2030-07-17
2a24cab7-eb65-470d-9c64-72c8bafe90d2,CUST00008094,ec95b3ac-0beb-4c34-8566-7c4879ba630a,BUSINESS,268561.76,162638.1211475615,0.0537,2024-06-06,24,PAID_OFF,2026-05-27
40508324-875c-4067-b432-327f0db04a2c,CUST00003933,fbc1085b-216b-4833-bbf2-82a9be09f835,MORTGAGE,216394.4,213076.09887344486,0.1298,2025-01-30,12,PAID_OFF,2026-01-25
e26e750f-c27d-4696-bc44-35083a9321f7,CUST00005609,288f3435-c3b5-44db-9387-03c92b29bf36,STUDENT,66398.72,19176.973294458363,0.0532,2025-09-11,36,ACTIVE,2028-08-26
6e19f773-3a5c-41bc-9797-29e87a8d8320,CUST00006636,9981d28f-a09c-4325-b047-fbeb2483c458,PERSONAL,318920.89,250717.4194449998,0.1046,2021-08-25,24,ACTIVE,2023-08-15
bac043ca-96b7-4f15-b249-848c58810e2d,CUST00006396,8a8a4105-c0eb-4875-b439-67294b8e5509,PERSONAL,1835.49,430.6791685997406,0.142,2023-07-30,48,PAID_OFF,2027-07-09
8844276d-c0a7-4490-9dcc-48a562c8570e,CUST00006102,81d2c7de-4ce1-4b90-a669-7833b841d0a0,BUSINESS,10029.92,4369.11316619003,0.1218,2022-03-26,120,ACTIVE,2032-02-02
59b0d399-8dd9-4f68-b611-7bbd0c4fde2e,CUST00009293,2303f6c6-d69d-42f1-ae4c-84ffa8c01f05,STUDENT,7310.34,7130.365818198929,0.186,2021-07-27,48,ACTIVE,2025-07-06
2b36b6f5-a2b3-4e1b-91aa-0c74f9449817,CUST00009863,e55b93ad-8976-4471-9d7f-57d1e45def26,AUTO,65004.97,49802.66693831111,0.0271,2023-08-11,60,ACTIVE,2028-07-15
f2af577d-43c5-47a4-bbc0-2c385e55bd48,CUST00005532,15936f42-4d31-49b3-a187-8e933281f976,STUDENT,4558.68,1439.7280445947351,0.0704,2022-03-10,48,ACTIVE,2026-02-17
20bf262b-4f4c-4fe8-acc1-8e4d83992e41,CUST00004971,958c9cfd-a783-4a8f-815e-38051928aae5,STUDENT,68613.37,42497.0137874227,0.0303,2024-05-18,60,PAID_OFF,2029-04-22
b1d8ea69-8eb7-4d02-abf7-c0281f978761,CUST00006345,5302e6e2-387b-4cda-b133-0766d11ce313,AUTO,172095.39,8551.778490322627,0.055,2023-03-06,12,ACTIVE,2024-02-29
53054058-80e2-4e40-bb89-1988c04d3cca,CUST00008409,cff2b1c4-e53f-4644-b39e-4df25c0a1feb,AUTO,62492.66,16647.72695012261,0.0423,2024-03-18,120,PAID_OFF,2034-01-25
cc02ae53-5cad-41a9-80d2-e1bee0ef3416,CUST00000376,7d338ca2-6bcc-472a-9e69-2c3f440b71a6,STUDENT,33712.59,24218.804035905916,0.1519,2023-03-18,48,ACTIVE,2027-02-25
44b2e5aa-f334-4f9b-badd-e398c09eb13e,CUST00007888,a28defe3-9bf0-4273-9247-6f57a5e5a5ab,MORTGAGE,5004.99,2853.31261485387,0.0865,2022-02-02,60,DEFAULTED,2027-01-07
f1cf851b-ad02-44a0-880c-28ad0c11f642,CUST00001610,2cc09f87-399e-4823-a75f-58ba86052bef,MORTGAGE,6184.02,2904.4663162654197,0.1865,2025-08-20,48,ACTIVE,2029-07-30
a71f4b37-4e35-4338-8124-98f96de27e22,CUST00002940,55dddf38-fc94-44ae-867a-211ade162c17,STUDENT,143548.52,99174.23591872268,0.0242,2021-10-24,60,DELINQUENT,2026-09-28
779bfee4-a6f7-4a50-8903-528a5e0fb618,CUST00004063,f859396d-c37a-4ab0-85eb-43c898ff805c,MORTGAGE,70899.84,28250.67160570313,0.1375,2023-08-26,360,ACTIVE,2053-03-21
deafd27f-2548-4b37-bd61-676d56aa814e,CUST00001614,d24289ea-3959-4465-85c5-581054b728fa,AUTO,20774.27,543.3748086753736,0.1947,2022-03-04,120,DEFAULTED,2032-01-11
13a2dc03-e14b-400f-9873-56e93262188f,CUST00006579,48998e5f-d40e-43ce-92a7-4a4144bed486,AUTO,11767.96,5189.9836644662555,0.0517,2023-10-12,120,ACTIVE,2033-08-20
318c6ee8-f1c8-4a37-a3d3-59b81c84f34f,CUST00007852,901bcdef-b56f-48ce-bd66-971e88476c56,MORTGAGE,1054.99,951.737276577468,0.0996,2023-08-19,24,ACTIVE,2025-08-08
fc16f82a-b682-4487-af45-88c3277747dc,CUST00003680,73b0e73d-5e51-4bf8-bfa0-29a6d0a73b72,AUTO,4419.23,3785.5792734996135,0.1463,2024-01-02,60,ACTIVE,2028-12-06
898a52e0-c50e-4599-8914-4c1b728c0b4a,CUST00007541,a1e518a2-93d2-48d4-a465-5c397d4d2add,PERSONAL,387367.31,158432.13950965425,0.134,2024-07-12,36,PAID_OFF,2027-06-27
bb20fea4-bc89-42fe-83ed-fa0e9d620006,CUST00009489,1966d047-db64-4c52-a7e7-eec3ecd5afa3,AUTO,3227.03,71.70925597697773,0.1219,2022-09-12,12,DELINQUENT,2023-09-07
f0a968a6-aea2-449e-bdc2-c940fa26897a,CUST00007075,a2819fce-d624-4055-8c39-bd0eb25db530,STUDENT,29267.11,18622.874941578768,0.0788,2023-02-20,24,PAID_OFF,2025-02-09
fbb8d9fe-d0cb-46e9-bbc2-b67c9eec1868,CUST00003997,ebc1bb52-82e4-4d4a-943a-c1c54f560ed5,BUSINESS,99824.2,73989.14079788222,0.1511,2021-08-25,12,ACTIVE,2022-08-20
e6b31a27-703a-482b-b364-5c1b15b9d469,CUST00004787,30a5648e-efe9-43d0-b639-08bf03ece8ff,MORTGAGE,3353.02,986.6045954820953,0.1376,2023-09-30,24,ACTIVE,2025-09-19
34cec306-c39f-4fb3-a5ec-c39cc6079cb1,CUST00005696,964db03f-9340-4fad-9c4a-d56bd6016237,MORTGAGE,29058.48,13851.131299665407,0.0493,2025-06-06,48,ACTIVE,2029-05-16
a522f92f-4b20-46a2-aa1c-8b533e2e7201,CUST00009348,cbbed980-07e6-4cb0-90bd-e9001529e6f5,AUTO,89937.77,89205.3883239255,0.1935,2022-10-30,60,ACTIVE,2027-10-04
2a966a13-be04-496e-adb3-5ea8a43a5eda,CUST00006999,31a3ac4d-828c-47e7-87d5-b7be1d30d990,AUTO,22443.34,12935.062196970432,0.12,2025-12-05,48,ACTIVE,2029-11-14
310e8aed-07dc-4a0c-ab72-d6947d41cba8,CUST00002367,10b6a662-2ac1-45ca-8e5d-8f1296b31f4a,BUSINESS,1627579.64,571402.3685696865,0.1146,2025-11-16,12,PAID_OFF,2026-11-11
89f515e0-8e1a-4d7d-9525-89b9de1bad90,CUST00006765,794ceef2-f833-4fa7-9a26-15f89810b8c1,BUSINESS,1802.81,1131.2432216955983,0.1727,2021-11-27,120,PAID_OFF,2031-10-06
d1d46f58-2b72-4139-af61-997d61275e64,CUST00008977,2294fa0a-8482-4c08-842c-65ad9883e9b1,STUDENT,107806.45,19407.565823827583,0.1353,2024-06-02,12,DEFAULTED,2025-05-28
5a878212-7988-46f2-a5d2-3d4112a1720b,CUST00009274,7df37378-9f6c-4ab4-b352-2c1845aa9503,PERSONAL,16997.09,3386.710521261631,0.0334,2023-01-18,24,ACTIVE,2025-01-07
8afb9ff3-a7b1-4bcd-833a-c676b6d6e920,CUST00001615,23ac64e5-d1aa-4b53-8755-66c2dde4cd87,STUDENT,70114.17,64850.32868466008,0.1112,2025-11-20,12,ACTIVE,2026-11-15
1138b544-d8c7-4cbe-8d1b-30400f8f2932,CUST00004556,a61f0b96-e75f-445a-aa1d-3fc65f31273d,MORTGAGE,42700.28,10213.908733941948,0.1605,2024-10-28,60,ACTIVE,2029-10-02
f65a5aa3-6314-4fcc-88b6-b9a29b5358d4,CUST00002417,c9a7d91f-ef2a-4713-9702-10496a39aaa6,AUTO,7333.92,2279.30444401793,0.146,2026-01-18,12,ACTIVE,2027-01-13
41431647-0aad-44b7-93a2-b6cb3f3753af,CUST00007289,16ed0330-ce01-4413-ba25-16fe8a27b0b0,STUDENT,31054.36,16886.654231935845,0.1947,2022-06-21,48,ACTIVE,2026-05-31
31c1b3f3-a2a5-400c-b6fa-64725436273c,CUST00006863,d3946dc7-a08f-41c6-9688-8e84f346bbe7,AUTO,1357.16,1221.0268365359564,0.0245,2025-06-24,120,PAID_OFF,2035-05-03
fe8c686a-9bdf-4c67-a2f9-11de087fcdef,CUST00003654,948c7eb4-1cf8-470b-9e5b-2ad8b4732eb6,AUTO,54440.91,42542.78867479279,0.067,2023-01-02,60,ACTIVE,2027-12-07
53332e5d-3ac3-4c05-ba96-a00dcaf6a7d4,CUST00006640,f85bc2d3-0119-4e6d-a7f3-1b7851f9cd77,STUDENT,34449.08,1508.3157858701745,0.1188,2024-01-04,12,ACTIVE,2024-12-29
d46a1235-80c7-40d4-8b9a-0113b81c9d0b,CUST00000497,f204be89-4a4b-4563-8cf4-77ef18c8a616,STUDENT,57410.95,39787.49166964083,0.1315,2024-04-17,36,PAID_OFF,2027-04-02
e4cfb2f3-9fc6-4a49-844a-bb9a251356e1,CUST00000505,c1e158aa-ec96-4f27-9461-4433bbdf144c,BUSINESS,107707.82,54291.363445860625,0.0694,2025-10-29,36,DELINQUENT,2028-10-13
3ac1b782-d907-4c2d-94bd-fe613abc666c,CUST00007700,f5159494-3818-4fd3-b889-936a9d5817e8,PERSONAL,38232.06,18181.364788605533,0.1688,2026-03-21,120,PAID_OFF,2036-01-28
0927d2fc-0306-43e0-8e3a-bb8ae18f8b8e,CUST00005734,e13f8740-bd74-4fe0-b808-8e14b9a01137,BUSINESS,27505.3,19021.52034704661,0.0496,2025-01-14,48,ACTIVE,2028-12-24
b3338169-dcfc-4b72-abbb-ae74db9b4d43,CUST00008056,3e20718a-0bb9-48f6-9e4d-a214eb034c4e,PERSONAL,5874.62,1152.7887033593208,0.0202,2025-03-11,24,ACTIVE,2027-03-01
1a950f3e-bd84-46da-a266-04f3c9afd545,CUST00003217,a2f87dea-cb22-4b8d-9a0b-d63d69f841b0,STUDENT,7567.88,7427.788427952256,0.1914,2021-07-28,24,ACTIVE,2023-07-18
df61dbe1-b714-4c44-91b2-152483c38648,CUST00005689,6cb9b655-f704-4d14-b235-161506beab4a,PERSONAL,130627.09,84294.51420748692,0.0905,2026-02-04,120,DELINQUENT,2035-12-14
8151ef6c-7963-4f34-b0c7-556a6576796d,CUST00009601,503b4078-a39c-4ec6-b746-4c02871854c1,MORTGAGE,189947.52,69455.48354020904,0.1923,2026-05-28,12,ACTIVE,2027-05-23
112458e5-e7ae-468b-83a1-dcf0495efe40,CUST00004365,f3abea0d-5be9-4db3-9d92-dd7c0db977a9,BUSINESS,15410.96,9249.69222048093,0.07,2025-02-26,60,DEFAULTED,2030-01-31
fd28750f-5868-4a1b-accb-cb41d7b205e5,CUST00006043,e6fdd7af-dd84-4acc-b672-94643f8ea40a,BUSINESS,23600.05,5108.723197178203,0.0314,2023-11-11,120,DEFAULTED,2033-09-19
411feb55-410c-4e46-8762-fc232c189303,CUST00001478,f7222fbe-ea06-494b-a310-ff72ad62d094,BUSINESS,5670.76,3594.3650935448914,0.1591,2025-12-05,24,PAID_OFF,2027-11-25
5c05dcee-f49c-46f4-ab86-d1c5eab2bbe3,CUST00004961,08175dd0-e6a7-4af7-94ca-6897be71cd60,AUTO,127916.79,3609.446066157269,0.1704,2023-05-30,36,ACTIVE,2026-05-14
0db1565d-6d70-499e-830b-105742fbacf1,CUST00002398,2f191516-5fbb-4da5-a64a-1fe8b646e2b1,AUTO,59762.0,20389.71338958678,0.1086,2025-11-11,24,ACTIVE,2027-11-01
d1c76cf1-35d3-4e5b-881f-ea11d36b06cd,CUST00008302,816bcb9f-7426-4193-8b7e-6b3c87d292a6,STUDENT,405074.45,302799.99581570295,0.0333,2022-12-31,36,PAID_OFF,2025-12-15
b03d3665-5c93-4629-a106-ae3288fb044a,CUST00008842,230f1e69-034d-42fd-a4ca-abcbd2c4c286,STUDENT,5898.87,4766.156294803926,0.1377,2024-10-26,24,PAID_OFF,2026-10-16
9e9a3e83-9a4e-46fc-b9a0-e72710e29558,CUST00006195,1c153057-5bf7-44cf-ba8b-d601d21ce315,AUTO,12493.8,3159.924566062054,0.0528,2023-11-02,48,DELINQUENT,2027-10-12
c8c67501-b45f-452f-b349-3fec37aa530b,CUST00007571,8b0a4802-bd64-48d6-b757-ec69c09c3207,BUSINESS,31168.68,16812.680887608287,0.1729,2022-07-23,120,ACTIVE,2032-05-31
a44c26d4-03fc-4e6c-9b6e-63538d6ebe62,CUST00007731,c3093b6e-37e9-42e2-935a-c07aaa0217d0,AUTO,58089.16,30699.708028013527,0.0693,2024-10-16,60,PAID_OFF,2029-09-20
e90c961c-c172-44d8-a6a2-1998afad738e,CUST00001500,9594eea8-4381-4e47-9f3c-5c8a651076d6,PERSONAL,15938.59,6717.41512622049,0.1726,2024-03-10,120,ACTIVE,2034-01-17
520c31d3-ab65-49eb-b9dc-e742ccea7dd0,CUST00007236,47b885fa-78d8-4dd6-890a-886c36442939,BUSINESS,5946.5,1358.3767319405868,0.0968,2022-01-04,360,ACTIVE,2051-07-31
1f92bdc9-9883-4e3e-a4c6-34ce3dad2abf,CUST00000596,4140752c-aa44-4259-9001-8b7b6d4067f4,AUTO,82628.61,58106.77142444931,0.1274,2023-10-22,12,ACTIVE,2024-10-16
f5d92b55-74dc-4f13-8960-a41b25a744a7,CUST00000979,ecaf8800-ad8a-4364-a379-064fb241b95b,STUDENT,64971.44,16396.301863828125,0.1621,2024-12-11,36,ACTIVE,2027-11-26
41659d74-a93b-4a35-8332-b29b80994da1,CUST00000731,350b0860-095e-497c-a655-2e7f957fe29f,AUTO,5572.44,5076.636258761011,0.0273,2026-04-11,24,ACTIVE,2028-03-31
62d0abcd-bc3f-412e-89f3-2a99dfc735f8,CUST00000057,88c982ec-b3dd-4cfb-accb-6ae1b6d331ca,MORTGAGE,168242.93,88916.60572655985,0.1678,2026-06-20,12,ACTIVE,2027-06-15
944bad04-9161-4c6c-9f41-dfcfcdccb9d9,CUST00002244,ee25356a-aee0-4ec9-bf04-18a9f2765513,AUTO,127426.89,110922.34733586351,0.045,2022-04-06,36,ACTIVE,2025-03-21
8716f0b3-9619-4356-bcf8-d6f86cf322ab,CUST00005880,ffbb4bcc-a5cb-4f6f-bd33-31644bb8ebe2,BUSINESS,26942.08,7833.21364332345,0.0845,2022-10-03,120,ACTIVE,2032-08-11
e282338d-27ae-400a-86c2-e2be83b5c73d,CUST00001702,730ad7de-27af-4ff9-87f8-9f6211a1e557,AUTO,24819.79,20031.535171718915,0.1051,2023-10-07,36,ACTIVE,2026-09-21
994e4303-b0cb-47f3-83ab-6793e30065bb,CUST00007230,bc2e2b59-2c7d-4667-b664-c7202fddb26a,STUDENT,50568.63,5747.8117692813075,0.1812,2025-03-13,48,ACTIVE,2029-02-20
fc3b8f4d-fe42-4b8f-8e5a-ef220f988297,CUST00001287,7394988f-847f-49b4-a64d-1bcb702753a1,PERSONAL,6047.77,4637.613537482054,0.024,2022-04-28,24,DELINQUENT,2024-04-17
b3fce44c-942a-4c09-bb32-99df50833557,CUST00008304,785299f4-175b-498d-b814-01027de1bdfe,MORTGAGE,23041.38,8915.766367551862,0.1207,2021-10-27,360,PAID_OFF,2051-05-23
1aca9cf6-7ab6-4c3c-9667-159d22021f9f,CUST00009394,e71594ff-d6a6-4618-8eb1-8c8843b63613,BUSINESS,872.55,410.08985199865793,0.1357,2024-05-18,120,PAID_OFF,2034-03-27
ae57927f-730c-4e0e-96f9-92984634a5f6,CUST00000948,32a447b2-ef04-457d-8dcc-c33aa9434aa0,STUDENT,82017.14,13681.059338754218,0.077,2025-01-21,360,ACTIVE,2054-08-17
3b8879a2-6078-4a69-80f8-95ff23352f7f,CUST00004122,a8dbe9a1-d857-4c60-88f7-972661ae2255,MORTGAGE,2117.01,39.43500288302383,0.0723,2023-02-15,12,ACTIVE,2024-02-10
dca21033-16ec-44b5-8f6a-d43f09536c4a,CUST00006554,39f18027-6f88-42c0-b968-ab06b0067b61,AUTO,210056.06,139938.8205884039,0.1083,2025-02-17,24,PAID_OFF,2027-02-07
8a5abc61-9924-45ee-bc8a-fb1dba99267e,CUST00000758,7eba0464-65c2-47c0-9085-449dbd9f82d7,MORTGAGE,13424.27,7889.688920303733,0.0537,2023-07-08,120,ACTIVE,2033-05-16
b5e18851-619f-4688-b6a8-6371bf693365,CUST00005652,91519998-f293-4585-9a07-d758b357f3f9,PERSONAL,16034.53,9980.342877205485,0.1043,2023-07-18,360,ACTIVE,2053-02-10
21d7ef88-448e-4408-acce-bc8640ac9243,CUST00007274,3878becf-60dc-42eb-9413-c85063c4e76d,MORTGAGE,8590.39,2190.5645521368715,0.1577,2025-03-11,24,ACTIVE,2027-03-01
8e86f9b2-d4e6-45f7-b427-fb9ee7912673,CUST00003536,9a760ea9-b063-49a0-9393-daad0835075f,MORTGAGE,14298.95,3421.416477892389,0.1722,2021-08-07,60,ACTIVE,2026-07-12
73146dae-97a7-4f9d-b9f4-4feba61109cf,CUST00002294,cd602879-f79b-4079-abb8-fe95f077671b,AUTO,184941.9,153556.57736912605,0.0893,2022-07-12,36,PAID_OFF,2025-06-26
3cff13aa-3c47-4d0c-857e-a11629a8f004,CUST00001105,1ba651ed-3146-44a6-967a-efbb5404801d,AUTO,527.57,401.61411468561204,0.1311,2024-09-10,360,PAID_OFF,2054-04-06
26a4850d-1a6b-48d2-8ad7-5ebe91694fbb,CUST00008854,b52a9e6b-c8b6-48e0-92a8-50c55bab7f4a,BUSINESS,149559.27,50370.08386844933,0.02,2024-11-23,36,DELINQUENT,2027-11-08
a564ee98-fc3e-4ed1-9cdb-d909f9cd1b18,CUST00000909,8fb3a134-ff23-46e9-b990-3d9687cec69d,AUTO,36571.89,23325.760486033825,0.1191,2025-10-14,60,DEFAULTED,2030-09-18
07b38e70-7ffd-4ae1-8cb9-8201a8d705bf,CUST00006540,1fca0f16-78f8-455f-a2f5-a68bd590f435,MORTGAGE,3602.8,2983.658835019403,0.1955,2025-06-18,60,ACTIVE,2030-05-23
2838c714-d121-4aed-ab81-e22464535f72,CUST00004618,6cb9b655-f704-4d14-b235-161506beab4a,PERSONAL,4389.77,3901.7568205650855,0.0762,2025-08-01,24,ACTIVE,2027-07-22
35c87983-910b-47f9-a1ae-25a6f1966b21,CUST00007070,f7c8435f-8c83-4c68-a6ac-e59a5e85643c,AUTO,272280.9,1580.9339460034025,0.1271,2023-09-03,36,ACTIVE,2026-08-18
ddef6430-845f-4d5d-ac22-919cfbc07564,CUST00002312,0df1172a-46f2-4f38-ac45-1540ae2356f3,BUSINESS,5333.38,4338.504058296876,0.1572,2021-07-24,12,ACTIVE,2022-07-19
b6315c55-0ca3-4980-ac95-575283c2539c,CUST00000790,47503f1d-c33a-4f6c-9d69-1fba5e187b24,BUSINESS,3904.85,1368.2295063841084,0.1296,2021-11-17,48,ACTIVE,2025-10-27
364b9aa2-ec93-43cd-8e9a-8e7293fca973,CUST00000172,d45e087f-86d4-4ba8-805f-08927c795dd9,MORTGAGE,121293.9,87134.90383581308,0.0953,2022-03-26,120,PAID_OFF,2032-02-02
0b76d6f7-1f02-46eb-a54c-f7b62af3d7cd,CUST00007990,7c6166df-515a-4b43-b189-1f48e66e2c11,AUTO,36600.94,13593.63906164271,0.0475,2025-07-06,60,ACTIVE,2030-06-10
2f63a62d-03d0-4c19-9df1-f0f5d0f36c28,CUST00001886,67213a70-17d5-4f59-84d5-98f7e14fe093,AUTO,5394.37,3270.33188632903,0.1035,2022-04-19,12,PAID_OFF,2023-04-14
008a7385-e393-4f65-acfc-95d73ae28de8,CUST00008668,b60b4f87-5dd8-4ffc-9f87-8b322b429596,BUSINESS,30483.4,19716.127831679467,0.0731,2025-08-26,12,ACTIVE,2026-08-21
85a33467-b110-4489-9022-c8a1042ac25f,CUST00001050,fbc8c77e-2933-4fc4-8918-a346c00c200c,AUTO,4728.54,1915.0245169882116,0.1453,2025-09-30,24,ACTIVE,2027-09-20
61208478-6f18-4134-b618-5aee62ccf3b9,CUST00004130,98e52499-218c-4e1c-9e37-4f7ac42cbc39,MORTGAGE,114832.76,58884.55486206117,0.0995,2025-12-31,60,PAID_OFF,2030-12-05
07a1012a-e8f8-4e43-8b99-69081d575d69,CUST00001162,83f38f4e-faf3-4aec-9e0a-71570d6ed01e,PERSONAL,108234.61,78612.24454745614,0.173,2025-02-21,12,PAID_OFF,2026-02-16
98cc3e26-a1a2-4f5e-975d-cd7e820740e7,CUST00000816,41526bff-661b-4738-97b1-6c4361a2d612,MORTGAGE,48923.31,23302.430314992034,0.0548,2024-02-18,48,PAID_OFF,2028-01-28
eb67a72c-8ee0-414d-9e2a-7affabe5a807,CUST00003767,4aea1b8f-b43c-4e0a-ba9f-c10e52daf681,AUTO,37891.86,529.7465835792202,0.0952,2024-01-22,12,PAID_OFF,2025-01-16
b7017485-7b18-40a5-ad3e-8705cd525f9f,CUST00008946,45fb3e8a-563b-44fa-9784-713d18407642,MORTGAGE,309211.93,3990.1316587020565,0.1204,2022-11-19,48,ACTIVE,2026-10-29
8c38c18b-02de-4556-9f27-e8b562e03868,CUST00004662,18b475b1-c12a-44f4-82a1-3629aae6f1a1,STUDENT,22016.1,14559.485805772454,0.0427,2023-06-25,360,DEFAULTED,2053-01-18
30794bd3-4ba4-48a8-915d-4c4315678e9b,CUST00008654,698c206f-e1a4-4e10-ad53-4dd0cf8ebc5a,STUDENT,3741.3,3169.769798882629,0.1258,2022-10-22,48,ACTIVE,2026-10-01
17caf26b-cbfe-4d65-a23b-34635f6763a6,CUST00003240,fe85544c-3e85-4c67-9855-e4a0bfea3d2a,AUTO,43226.58,33944.68939123177,0.0724,2026-05-14,48,PAID_OFF,2030-04-23
b97938ac-ead2-4702-8fcc-588e49ec6e32,CUST00008273,0a58f43c-5bda-4655-b06d-ca247bc6e121,AUTO,503364.87,156244.60763054757,0.0613,2024-04-04,60,PAID_OFF,2029-03-09
4a13b17c-8d93-4a1b-a5d2-5bc33c3826aa,CUST00002805,27571245-b884-4902-8897-3a4a33b636dc,PERSONAL,4807.16,2264.7871236419596,0.0455,2022-07-25,360,ACTIVE,2052-02-18
3e74ba44-a65e-4003-91bf-4361edb5db91,CUST00008032,75175f39-7354-44fb-a44a-0371c5ab4e57,MORTGAGE,12807.75,2999.0722190371253,0.083,2025-04-22,48,DELINQUENT,2029-04-01
96f22a06-15c5-4e34-b183-0345a4229f14,CUST00000870,5d697934-ddeb-48a4-b75f-dd572700260b,PERSONAL,41137.24,40690.89727107347,0.1872,2023-08-28,60,DELINQUENT,2028-08-01
c9425b82-0c20-4760-814f-5b9f82a54c56,CUST00005527,aa604892-3926-42e9-9b58-eb49c9784b52,AUTO,20315.57,5292.33700539769,0.0256,2023-10-19,360,ACTIVE,2053-05-14
c87533e5-6bcf-476f-86bf-c38b7b8ae091,CUST00007742,c355853e-b0d9-451c-acc0-067f141f746e,AUTO,5046.98,2100.863933878896,0.1734,2024-06-03,12,PAID_OFF,2025-05-29
8ce285db-db30-4078-8435-0ad5c04675c7,CUST00004695,cc2b2f49-c6d5-4a90-9296-ae08a2dcb574,BUSINESS,118514.05,80723.35059369603,0.0915,2021-08-27,360,DEFAULTED,2051-03-23
509ac91f-31ea-41f4-a364-8766a43a4bdd,CUST00008999,b253d218-6c4a-47ea-8906-17f2747b6dba,PERSONAL,715016.63,626367.2019741511,0.1211,2025-06-29,48,ACTIVE,2029-06-08
fb81519b-ddc9-49b0-a89e-77e54f304094,CUST00001935,4dd7962b-bfda-45c9-98fe-b4f3ec40d95a,AUTO,29560.59,1521.6515916781557,0.1123,2022-05-16,360,DEFAULTED,2051-12-10
ad20c3fa-d501-48d7-90ff-14bf96b525c7,CUST00005173,902a73ae-b81e-4682-a7eb-40085a13f4bb,STUDENT,5675.41,1708.4100795210852,0.1866,2026-06-06,36,ACTIVE,2029-05-21
00ef3377-08ed-4047-9900-1fc9ca445a6b,CUST00000704,1b1f2eb1-6e32-45a8-8bd5-cc86f73936e9,BUSINESS,2157.18,1227.4048915119745,0.1586,2024-03-30,12,PAID_OFF,2025-03-25
fe9d21c3-c5e9-4866-bbbb-dbd132d48c82,CUST00002524,cff2b1c4-e53f-4644-b39e-4df25c0a1feb,MORTGAGE,32434.05,20054.3973970092,0.1973,2023-07-27,120,ACTIVE,2033-06-04
c068a64c-d5d6-4a82-b500-d6ef0453ab6d,CUST00002640,730ad7de-27af-4ff9-87f8-9f6211a1e557,BUSINESS,115360.35,8078.389814947419,0.163,2025-02-28,360,ACTIVE,2054-09-24
00e5ebaf-2eb0-4b1e-aa7e-ee0b677ebe4d,CUST00006160,5d42b9e9-692e-47b6-8b2f-6d5c700b5d5f,MORTGAGE,44925.09,29833.797064641545,0.0733,2024-09-24,360,PAID_OFF,2054-04-20
47691dcb-d0c9-4fc1-913f-24955ebc23bf,CUST00003910,18a73d94-a13e-466d-96c6-d99779fe7ccc,STUDENT,21947.19,11589.528964240844,0.1933,2025-01-10,360,ACTIVE,2054-08-06
be007552-f3d6-45c7-9455-213bf1867d89,CUST00001165,4ba99d78-b498-45d0-a5b1-c79954cecee7,MORTGAGE,9100.57,7531.880899801752,0.197,2023-06-13,36,ACTIVE,2026-05-28
d586ff50-7002-4916-a112-8e82969c8d45,CUST00000620,c63d04ee-541c-4a86-bba5-cd2fdea45c19,PERSONAL,4280.2,951.0141120067686,0.0422,2025-10-20,36,ACTIVE,2028-10-04
e7270909-0500-4955-94d7-1e4a13149627,CUST00007983,fb10987f-20ac-4703-ab67-146a77a6e17c,MORTGAGE,77043.62,15025.584923771114,0.1822,2024-09-28,24,ACTIVE,2026-09-18
6ecf4ff1-6f97-480c-8bcb-b729b0646038,CUST00003067,92cf6021-1f33-442d-89ac-908746015028,MORTGAGE,86738.87,68813.1741589701,0.1396,2022-10-22,60,ACTIVE,2027-09-26
63d2b7c6-ab1f-4327-a59a-5f4ef8f218d0,CUST00004873,e8334da5-de95-4695-b579-c1437ab99428,BUSINESS,2167.66,1525.7489560372485,0.186,2026-02-17,24,ACTIVE,2028-02-07
12e63e97-178f-4dd7-84c7-b9766c0d8d97,CUST00008639,d1c06099-a1f8-46ce-a5dc-6ce55fbbdfd7,STUDENT,239129.01,189312.06695831238,0.1848,2025-12-30,60,ACTIVE,2030-12-04
649ad218-a5b5-4511-a7ad-3be20356b6fe,CUST00002338,4a2f2373-f777-4816-85ef-875e26755363,MORTGAGE,52109.72,40746.36914741373,0.1804,2025-12-04,24,ACTIVE,2027-11-24
de14b989-4c91-472f-9ef7-c9e1ea882491,CUST00008401,6fcc57dd-168f-4e12-9ca2-60c9eb7607c9,PERSONAL,179762.53,18695.424608993464,0.1793,2024-07-16,12,ACTIVE,2025-07-11
b43e9061-171d-481d-b57e-526c1627999a,CUST00005595,23966b83-5cd1-4b22-b0e8-b2fa4fc34759,BUSINESS,2941.89,819.5606810188989,0.0412,2021-08-29,36,ACTIVE,2024-08-13
f14dfb3e-fe3c-4361-a44d-9a28d739a70f,CUST00002461,600fc79c-fbce-4087-96d2-b14d07faf6f7,STUDENT,2839.16,738.423315113153,0.0458,2026-06-21,12,ACTIVE,2027-06-16
0067eaa6-483d-453a-bc9d-b77e398c31c0,CUST00006821,620956a8-1c68-4db0-8d33-3496e3528539,STUDENT,17615.7,16463.409173254622,0.0412,2026-02-16,60,ACTIVE,2031-01-21
52ed2487-8aa9-439a-b26f-f6fdcec98bf1,CUST00005547,41f83199-f4ea-4769-8366-c189cd8d9f75,AUTO,46825.19,22825.714948556502,0.0364,2022-12-10,36,ACTIVE,2025-11-24
d164d651-9d36-4ea0-a619-484819bf0f3b,CUST00003443,d36ec1bd-000b-4f5e-8c91-bd138ea02346,PERSONAL,325963.68,36200.591665146,0.0836,2025-02-12,36,PAID_OFF,2028-01-28
44d44eca-976b-4158-aa93-26f6ec221123,CUST00002712,e645bb00-d3e6-4c21-b10b-394d6021a15b,BUSINESS,63520.53,18394.142060964932,0.1431,2021-10-20,60,ACTIVE,2026-09-24
0abdbcd1-782c-4fec-9e5d-78a1c5bdb495,CUST00001292,f3d04ffb-4470-4848-929e-cc924a11be44,BUSINESS,15305.66,13345.030185632617,0.0838,2025-11-17,12,ACTIVE,2026-11-12
5e065732-03d9-4317-9d7c-24ce85d5bed9,CUST00005375,462e9af3-9962-4263-aabc-42b1059997f6,PERSONAL,4724.17,4001.685571737228,0.1497,2022-04-08,36,ACTIVE,2025-03-23
31d46873-c29d-4b1c-8fcb-6df2c5e3b186,CUST00009593,000cd21a-65a7-4a30-b5b7-0dd9728f5897,STUDENT,139385.79,125494.53016755123,0.1677,2024-08-25,120,ACTIVE,2034-07-04
33ca11ee-8c59-4d00-ab70-d4d56e0db295,CUST00002656,54e14f3a-bba4-4ae0-adf8-f7672261ddef,MORTGAGE,5181.98,2013.3483297477828,0.1399,2025-05-12,360,PAID_OFF,2054-12-06
60bf684e-240d-483a-8dd0-64e34b50c34d,CUST00006514,80cfb1db-1287-4313-8f02-6c2c1b414999,PERSONAL,253394.5,162512.27226627694,0.1037,2022-01-03,12,ACTIVE,2022-12-29
9089bcfd-9145-4617-b9c1-f1b288c79c98,CUST00007395,ef6e9295-9c8a-4485-b980-50a6974e598d,BUSINESS,14377.55,3999.45944170346,0.0732,2024-05-12,12,ACTIVE,2025-05-07
636f1e3d-28c8-40b1-a7be-e26e9f30418c,CUST00000705,aab612c9-415d-474a-b5a6-69814104a8b5,PERSONAL,239395.7,43288.806728954354,0.0424,2022-08-14,12,ACTIVE,2023-08-09
03f2ffe0-c8ef-482f-b588-73899b5ffa2d,CUST00000826,63f6bf77-aa23-4ba2-89af-9883eed21f94,STUDENT,60985.84,1335.6555122733257,0.1089,2021-10-16,36,DELINQUENT,2024-09-30
6ef68419-8a39-4869-bbec-a80c87280662,CUST00009197,b74d0fb1-32e7-4629-8fad-c1a606cb0fb3,AUTO,17934.95,4007.402260630998,0.1495,2024-10-22,48,ACTIVE,2028-10-01
e5d0111f-8521-46cd-8e30-0e9c8edb0ef1,CUST00000377,0ec0ad4b-d644-4a9d-b362-d476d53ae57f,AUTO,10106.21,6107.931946002057,0.1187,2025-12-29,360,ACTIVE,2055-07-25
78f45889-1e49-476a-90d5-2b99a2a1a620,CUST00000973,3098f7b2-500e-45c0-b89b-df7f93e34c35,MORTGAGE,13208.8,11943.533190369402,0.1499,2021-07-18,24,DEFAULTED,2023-07-08
a910c002-ae9f-441d-beb8-bf0b8775a0f0,CUST00004214,9339304b-9a8c-43d7-a8a5-e34d798b2f02,MORTGAGE,41876.29,5587.157778410272,0.0803,2022-01-30,60,ACTIVE,2027-01-04
9d470a35-c816-4c27-bc3c-4c2fa40e0199,CUST00000444,a04d4d14-197d-4ae1-8bc2-ea720c648ca2,STUDENT,24729.07,22701.572151923683,0.032,2023-03-15,12,PAID_OFF,2024-03-09
5ef993c3-07d7-4fec-9d34-a21912990cb3,CUST00007520,8ffe38c9-d2d8-4eb3-9a14-0609f287b989,MORTGAGE,9038.81,3121.8715148108636,0.1588,2023-07-02,36,ACTIVE,2026-06-16
2e3c7679-6dc2-47db-9763-7e6ccd87a06a,CUST00000755,34943114-def1-4d58-9e39-2331a142d68f,AUTO,17180.89,7333.291920096806,0.0596,2023-12-02,60,ACTIVE,2028-11-05
13d94ad0-d809-4e6d-b41a-d2c25ceef79c,CUST00004736,62c965b2-7eb0-462a-bd45-74ebf4655a21,STUDENT,24781.82,9044.832493759199,0.1309,2025-06-24,48,ACTIVE,2029-06-03
6086a5f3-e594-4c30-b458-30d691c0e6c0,CUST00005397,bd3c83c3-6671-49de-bc0a-8f909b54d227,STUDENT,904.06,369.4062749758075,0.1648,2024-03-12,120,ACTIVE,2034-01-19
3c9b7cd1-983e-4d3b-b176-6ffc05fbd075,CUST00003466,bc9a7998-6365-4c2a-a793-cb096b271eff,STUDENT,43794.0,11351.10477552461,0.045,2024-12-30,48,ACTIVE,2028-12-09
16440645-f17a-4355-85b3-f11620629446,CUST00002712,501ba851-5ee6-4495-b400-29c3ea11905b,PERSONAL,5066.56,3539.5225189456023,0.1277,2025-01-31,36,DEFAULTED,2028-01-16
b39844f4-e194-4b21-ae7e-2fbc21f8b225,CUST00002408,6502d6a2-ca6a-4224-971e-16cc5da36f1b,MORTGAGE,3904.95,2960.667136449488,0.1441,2021-11-03,12,ACTIVE,2022-10-29
745d8729-5bc7-4822-bcfe-06e3c395899e,CUST00008815,e8fe6095-2cb3-4e23-9a94-0c6c1c8e806b,BUSINESS,1752.82,1442.7687373436668,0.1544,2025-12-06,48,PAID_OFF,2029-11-15
85a0429c-a18d-418d-b6a0-e01fd969c458,CUST00005589,5b6a8102-0428-4378-bf50-23f440ef3935,AUTO,1493.92,509.859334373122,0.0466,2022-08-16,360,ACTIVE,2052-03-11
df681283-d4be-477b-8f1f-114793cabbe1,CUST00006105,2a35ce30-303c-404b-8007-93365bf7dda1,MORTGAGE,2883.7,2204.9545656568516,0.1685,2024-02-29,48,DEFAULTED,2028-02-08
4d7f6dfb-03c2-43e5-a150-e2162fd049b1,CUST00005748,5b59f28e-a9de-4b26-88ff-eab0075072d6,AUTO,7604.3,4849.0747208609455,0.0369,2024-02-02,48,DELINQUENT,2028-01-12
dad2e66e-8da4-4ed1-9423-040dfa4fa66c,CUST00001724,34885a46-9088-4eaf-8977-6598203c8c25,MORTGAGE,412457.61,395099.77975874086,0.1135,2024-09-26,360,ACTIVE,2054-04-22
fafb6c18-f190-4cec-82d4-54e1017f040e,CUST00007225,445dcc38-341c-4494-8d36-6dfcc28ebd70,BUSINESS,10008.4,4251.419862385744,0.0998,2025-03-08,120,ACTIVE,2035-01-15
ef3cfc8f-5e58-427a-9256-fa39e5b6ead0,CUST00001920,1bff3142-a5e1-4b55-97d3-f4ddd963dc72,AUTO,28756.67,28535.523382531424,0.0599,2021-09-20,36,PAID_OFF,2024-09-04
c8b1ef8c-12a5-4eaf-b0d4-ad0c23a29fe4,CUST00000919,8cd74c27-929a-4586-8a37-6c367d94bf10,BUSINESS,40163.83,29737.059954251046,0.0743,2022-10-26,60,ACTIVE,2027-09-30
82afea66-55ea-4359-9c78-0e7076032584,CUST00004216,25f93ab9-5e5f-410c-af14-4dc6b9ede33f,AUTO,26811.81,20813.411673187198,0.0496,2021-11-18,24,PAID_OFF,2023-11-08
1e26bc3d-f514-483e-b8b5-3c1650798aac,CUST00000582,bbaa574f-e0e3-45ce-84af-ecb79f2ebefc,PERSONAL,19610.78,504.09235654133767,0.0966,2022-12-13,36,DEFAULTED,2025-11-27
4a7109c6-74f8-4694-bc95-9cad75e7f531,CUST00003882,a255e1bb-0795-4c1f-938d-6b8cc607b1e9,PERSONAL,3666.74,1823.8304307781182,0.0264,2022-11-25,12,ACTIVE,2023-11-20
bf79dcb6-abc4-4f76-9718-27dfb4c0c39a,CUST00009879,cbd431cc-ea7a-4c21-a1a1-a29c5228ed8d,AUTO,194150.97,102577.08518199062,0.18,2021-11-10,36,PAID_OFF,2024-10-25
6295b041-4bfa-41db-bcff-c54b2351fc3a,CUST00003910,d91738f8-0ad1-418c-b53f-091e8a9e0964,AUTO,331305.09,13451.020420813424,0.0494,2023-07-28,36,ACTIVE,2026-07-12
131ad6fa-c8b8-4c6c-af54-2dc69a24beb8,CUST00002000,c1b5b5ca-bc35-46df-94f7-9dbac5811d2d,BUSINESS,1765.19,550.9709143932928,0.1795,2026-01-04,120,ACTIVE,2035-11-13
cc1791f8-ac48-4aa4-8ab4-1a8218b8f130,CUST00000401,5c62b3a2-3a3c-463e-8bd6-cee631b1b099,STUDENT,4740.78,4530.498818636644,0.1754,2023-03-30,24,ACTIVE,2025-03-19
250801c0-8d2a-4e18-a51d-7a23d5b483b6,CUST00003649,64305373-f936-4968-8e44-f2f83de8a4cd,AUTO,14476.54,6168.619252924957,0.1013,2024-12-23,24,ACTIVE,2026-12-13
b67819ff-9bca-4ac2-9786-e4b747c3c3cc,CUST00005446,3730dfba-6494-4d5c-9a29-6905ee22a70b,MORTGAGE,5183.28,967.7286625213837,0.1096,2025-09-17,24,ACTIVE,2027-09-07
2344f207-f0a1-4255-a71e-bf8e979bc54c,CUST00002629,8cca8963-2e2e-47a4-8ade-c3792ab403f6,MORTGAGE,47049.16,24152.154961078602,0.0743,2022-06-30,60,ACTIVE,2027-06-04
29a7f041-2d51-4614-842a-584a6f8cd15f,CUST00001657,22b5f457-1860-4d28-90af-b235ade68f51,MORTGAGE,7387.85,249.4550196682142,0.1994,2024-09-17,36,PAID_OFF,2027-09-02
7a3f4573-f16a-4857-9a68-990e2412e47e,CUST00000621,1db14bfc-6f3a-4115-acb4-678c16120aa6,PERSONAL,566699.3,292410.43508139485,0.1407,2022-01-21,120,ACTIVE,2031-11-30
130f0872-966f-4d47-8321-4b1455928cd5,CUST00000247,c85b811b-10a5-4073-b180-4803d9025a2c,BUSINESS,131376.55,78072.91982057712,0.1913,2024-02-12,12,ACTIVE,2025-02-06
b506aa35-cfa8-4cc8-8dab-44287303f483,CUST00005213,ccf4ffb0-b4bb-473f-ac70-51d1d051267f,PERSONAL,30298.73,10837.684913515646,0.0947,2022-08-17,24,ACTIVE,2024-08-06
e245ed74-e9d5-4e55-bee6-6950e1b340ee,CUST00003340,4b4ef503-f872-4413-97c5-982cf6ae10e8,MORTGAGE,102793.71,78388.03655973192,0.1789,2023-02-03,360,ACTIVE,2052-08-29
5dcf19aa-bb3d-451c-b893-dae943ab6168,CUST00006759,5a947a40-a32e-4ab5-8802-d74aeaef2ec2,AUTO,115710.96,15703.606135300251,0.1007,2023-02-21,24,ACTIVE,2025-02-10
1af0bb95-21c3-40e2-aa8f-37c74432dbd9,CUST00007087,b4157cea-0738-4ba4-9770-a3dbe9fa97e2,MORTGAGE,9452.92,8301.397518929434,0.176,2024-01-26,360,ACTIVE,2053-08-21
ae570403-58bb-4712-8db5-975fd2c447bd,CUST00003011,d97e8d3c-04c4-446a-a461-0160134d695a,AUTO,6474.81,6186.324260244997,0.0436,2022-07-12,36,PAID_OFF,2025-06-26
d55c41b2-7c71-4adb-9f72-fe574b2c8bff,CUST00004720,a3b442bd-4649-4296-af58-42c3ff86cc31,BUSINESS,24765.69,30.573853612510472,0.1346,2024-08-30,12,ACTIVE,2025-08-25
6f63def8-51a7-4445-8b9d-7654d5c31b18,CUST00002369,8cc36f3b-c3af-4cfe-b34a-6ca38116e3fc,STUDENT,80214.07,67598.1342292182,0.1422,2021-08-07,120,PAID_OFF,2031-06-16
00bd2562-205c-4fb1-817b-f3cec78d7642,CUST00001840,9ad2bb72-b04b-4584-b95c-ec2d7bd15655,AUTO,27135.3,13733.315047145166,0.1381,2026-02-25,24,ACTIVE,2028-02-15
2057111f-243b-4306-93f6-5b6fd84ccc20,CUST00002904,d218c9d6-c093-4fb0-a4e9-bcfd9647ff9f,PERSONAL,2068.35,954.348342749896,0.1005,2024-02-15,36,PAID_OFF,2027-01-30
7f37c8f7-5dfe-477c-9ea0-f4f1d8355a00,CUST00006206,2976aab2-2a26-4770-8ddb-1b36272c0588,MORTGAGE,6606.2,1576.7619158335362,0.1431,2023-02-17,48,ACTIVE,2027-01-27
9313ea0f-b5d6-4793-8003-fd3ed49bf21a,CUST00004396,c3231466-aebb-490e-a4e7-51de57ff51d9,MORTGAGE,19713.14,8818.181160939448,0.0631,2022-12-13,120,ACTIVE,2032-10-21
0cbe735d-bbfc-4897-b027-1efc049fb2fd,CUST00005768,ba236c22-e92a-4b97-91db-1a374204d733,MORTGAGE,19663.15,18688.39160724984,0.1273,2022-02-02,360,PAID_OFF,2051-08-29
3834e80b-6638-4c22-a1d2-80a21038f8e4,CUST00003692,43af6c46-a46b-4932-8de8-4b635856e1fc,AUTO,424561.97,89492.41312331203,0.1198,2025-09-30,60,PAID_OFF,2030-09-04
57988711-e602-4d06-b441-a695ece321fd,CUST00007471,c01f36bf-3e6d-458b-b367-c28de1b294de,BUSINESS,2754.57,493.1816241993165,0.0773,2023-10-18,120,ACTIVE,2033-08-26
0d86ff36-f35d-464d-866d-8ac168f65558,CUST00003842,0692fe02-238c-4712-accf-3b91e35209a0,AUTO,47022.61,11374.595566228838,0.1602,2022-11-08,36,DEFAULTED,2025-10-23
d3c8acca-3615-4de4-abf3-074375987f10,CUST00004349,25f88c74-53ea-4919-9b48-62c2d5ff2a1f,PERSONAL,205596.27,113455.05201419709,0.0346,2021-12-30,24,PAID_OFF,2023-12-20
dd50f7e7-d8fd-4386-8748-3ec122d1b5fa,CUST00006622,69c165ae-4c61-4ae8-87a3-7f1061b512ed,MORTGAGE,664755.52,618421.9375642673,0.0509,2026-03-06,120,ACTIVE,2036-01-13
80cb135d-2d78-4a72-bdeb-d029785218de,CUST00001393,a05ff5e6-c534-4e41-b6d6-dc3938227b0d,AUTO,12008.91,6891.692374156809,0.1048,2021-09-22,12,ACTIVE,2022-09-17
9c6c3c4e-8f5b-4149-ab67-212a29b76b37,CUST00006061,3c847821-4f10-4422-9fc2-2517e593562b,MORTGAGE,46034.4,11208.569721063002,0.1805,2025-12-26,360,ACTIVE,2055-07-22
e2aebd53-b89b-4995-a32e-3ac453fe40e3,CUST00004256,8c68720e-d787-463d-87b8-f95cb265a6c2,PERSONAL,51773.85,22803.912105595722,0.1235,2025-06-29,48,ACTIVE,2029-06-08
0ef40214-014b-4836-87ad-fc55c99cb5f3,CUST00004301,50647c59-774f-4354-b316-ce642a147a96,STUDENT,29531.79,11529.214707868969,0.1716,2024-10-29,12,ACTIVE,2025-10-24
a6e62c01-8529-474f-bc48-13d916c60b3d,CUST00003339,6b382a0a-231d-460b-b362-cd559b0ada0b,STUDENT,18991.22,884.4110474409158,0.1132,2023-07-26,12,ACTIVE,2024-07-20
84471dfa-d11b-446b-a993-f6e9f2007b99,CUST00005488,dd34aa18-9001-4ed4-8bb4-01e769f753f1,STUDENT,42360.14,21630.860193549714,0.1614,2024-07-28,12,ACTIVE,2025-07-23
430679d8-b058-4c0b-a931-e8032ec9e5f6,CUST00003515,a38cc35f-12bc-4090-86d6-fba776509bcd,MORTGAGE,493.55,62.19045212304971,0.0786,2025-01-04,36,ACTIVE,2027-12-20
17101a77-3d88-4b62-b3df-2a11b79257a3,CUST00000760,439e754c-6930-46ea-a0bd-a1ee5807cf74,AUTO,61273.59,51607.3161145901,0.1667,2024-10-08,36,ACTIVE,2027-09-23
128e92ad-6b70-4ef6-be62-314e22e142fc,CUST00009916,16591c89-21eb-4aa9-9a2b-d69c450f69ee,MORTGAGE,26615.97,14611.18032493231,0.0923,2022-07-25,120,ACTIVE,2032-06-02
8ad09042-ef18-4725-b10c-88c063b55bfb,CUST00008622,a43e558c-2215-4f00-9fdf-0e05c0cef31b,BUSINESS,15776.67,13325.077756115075,0.1206,2025-01-19,360,ACTIVE,2054-08-15
c5bde81d-cb7a-4831-ae65-3bb6ec981b8e,CUST00006794,902f3465-0b57-4720-9cd8-758ba5a1c825,AUTO,474631.17,453768.60854252387,0.0517,2023-09-21,60,ACTIVE,2028-08-25
10df8c94-7b41-43ad-8199-673b5f8635af,CUST00002460,3d44cb2c-ea45-4a41-a589-ada1345af934,PERSONAL,8003.22,7548.5433922984275,0.1857,2022-01-27,360,ACTIVE,2051-08-23
f1668e89-59f7-471a-894b-08d20f1536da,CUST00005274,9b72a9fe-669e-498d-a3e7-3896c784ef4b,STUDENT,12032.73,1208.439063802531,0.1463,2024-02-14,48,PAID_OFF,2028-01-24
c0c86a82-b2b1-4b81-a438-0f8a8ffd43cf,CUST00001719,a801f15e-7046-425d-bd47-4d951bd36f41,AUTO,436843.35,412737.05467309477,0.1746,2023-06-28,120,DELINQUENT,2033-05-06
1dbd3a83-176a-4eb8-8f1a-befdf2e3fdc9,CUST00009458,12068ad6-12aa-4a4b-88ec-a4c81a71064d,AUTO,6322.74,5031.302700579047,0.0574,2026-06-13,12,ACTIVE,2027-06-08
0043384a-f987-4ca6-9f2e-621e930951a6,CUST00005424,649f7d88-8989-45ab-be2b-34d82db0728d,STUDENT,9651.1,7505.25613968242,0.0322,2024-02-17,120,ACTIVE,2033-12-26
76bd0773-d805-4e6a-ad91-6caf9c446194,CUST00001309,c9d6a63b-ca3c-4f5f-9bb5-c40c03cde2e3,PERSONAL,17667.14,1592.3135389134925,0.0807,2023-08-27,360,ACTIVE,2053-03-22
fb26699f-1bf5-427f-8ea8-be58e2cae78d,CUST00001051,0843280a-07ac-43fe-a73a-366e43577225,MORTGAGE,77738.17,13955.144443621815,0.113,2021-12-19,24,ACTIVE,2023-12-09
50a2c011-160f-49f3-a82d-0a46d0f7d4e7,CUST00005480,7a89cbeb-b807-478a-b788-f5d1ffe575f6,MORTGAGE,30082.65,29335.498650793008,0.1644,2024-05-25,120,ACTIVE,2034-04-03
bf5e39fb-14b3-4352-ad6a-53cb2f991807,CUST00002250,3ae56c8d-5360-46e7-a5fb-c1c0ad463549,AUTO,3168.65,676.0953484701236,0.0916,2025-09-04,360,ACTIVE,2055-03-31
5cdbb28b-be6e-4511-8b2a-a744e14f043f,CUST00002810,af194390-1c28-4022-880e-6ddd1fe72d21,STUDENT,9914.44,1676.0690987448838,0.0686,2023-06-21,120,ACTIVE,2033-04-29
dcb8c9a0-d123-4280-b26e-df2e3a37b907,CUST00002922,e3c43657-1d8c-4bac-83b4-09ef2260e70f,BUSINESS,8857.04,3209.3627809745053,0.0871,2023-04-28,360,ACTIVE,2052-11-21
d220f704-0da1-44c5-b0ca-6f70cb3ffc4f,CUST00004677,a52964ff-c74c-4890-bc6a-3174113634a5,PERSONAL,19617.33,17917.60993458713,0.1466,2025-03-22,12,DELINQUENT,2026-03-17
0b39c366-3319-4ce0-a2db-a98191cb87c7,CUST00004042,c4605896-ef87-4f0d-8802-2f8e38de6b6e,MORTGAGE,41721.23,19867.377017539675,0.0805,2024-02-24,120,ACTIVE,2034-01-02
cf460215-1225-43fd-b65e-3ce808676b2a,CUST00002418,f9705e4b-2d71-4040-8554-e88b558492ba,PERSONAL,41245.97,37970.368460036894,0.1962,2024-11-11,48,ACTIVE,2028-10-21
ae344b14-505c-4986-97f9-580e6e20cc72,CUST00000533,f9a62522-ca83-4709-ba14-675762538cdf,PERSONAL,1534.53,513.0528887105916,0.0515,2022-05-05,12,ACTIVE,2023-04-30
7bdeb381-f4fc-46bc-812d-b1c403c3c30d,CUST00009091,e43081aa-6022-43ff-b330-4e33deb0de7d,PERSONAL,108652.66,24612.93987010978,0.1556,2021-11-13,36,ACTIVE,2024-10-28
d4796110-b35e-45f5-a7f2-f49d41a51d1f,CUST00008168,585d3f86-1d23-44e6-8329-20b7c143f426,STUDENT,32172.05,15931.695960905958,0.126,2025-11-22,36,ACTIVE,2028-11-06
e093e2cf-162c-4897-a755-54fefcebe192,CUST00001470,bf16e3e9-49b7-4037-8425-dea7c83924d7,STUDENT,175746.53,108167.9277587177,0.062,2025-02-20,120,PAID_OFF,2034-12-30
4ff02a31-c903-4d4c-92f1-d3d08111f0f3,CUST00009445,3653e588-afd5-4fe7-a5c6-2548b169fded,STUDENT,42885.86,16789.77124468116,0.1557,2025-11-13,120,ACTIVE,2035-09-22
b2f9fa1a-53c5-4448-b61c-c55b8fd0720c,CUST00007293,319ec58b-4c03-4d16-b8c4-f346e5dd614c,AUTO,114919.19,39765.545877890814,0.1006,2023-03-17,48,ACTIVE,2027-02-24
a5571020-cf8b-4199-ba1c-e4164b046117,CUST00008962,bf0d073d-821c-4336-9970-cf60ebff8d15,STUDENT,44347.78,9670.445188081292,0.1428,2026-06-09,360,ACTIVE,2056-01-03
859b6ee4-9146-4391-8c25-9a1b240eb222,CUST00009026,e4dc4306-8b20-4e3e-82b7-c0488d3543be,AUTO,165932.88,45632.664738665255,0.1392,2022-07-30,360,ACTIVE,2052-02-23
8e2a4c5a-97d5-4683-a9c7-c2dd77e42950,CUST00007143,8513176c-1efc-4c94-a141-10b69a920655,MORTGAGE,48212.61,32452.77384145625,0.0399,2022-06-28,60,ACTIVE,2027-06-02
db82b67d-dd7e-4ae6-b69d-5ad492b5a7e3,CUST00006001,d8842354-7613-4f44-ba88-f16259f8068e,MORTGAGE,19017.73,7034.1550914995005,0.1712,2023-04-29,12,ACTIVE,2024-04-23
985d94c0-21aa-40dd-9838-9bc769810678,CUST00007082,97da64cb-8373-4f49-a8e7-ebe3cb05aa14,MORTGAGE,665738.4,53097.32534409075,0.1427,2024-03-27,48,ACTIVE,2028-03-06
78e33d35-f4e0-440f-876e-6a0641d0b488,CUST00004650,d20eac17-4e20-4d1a-9983-36e375d66ed4,MORTGAGE,83579.68,11546.983282508058,0.1605,2024-06-25,120,ACTIVE,2034-05-04
d619e0ce-69d5-4df5-9d95-cdeac417fe56,CUST00006932,86351a54-bc54-48c1-bf40-8dcc9db1f7f9,MORTGAGE,52084.19,19395.068400208405,0.1006,2023-08-26,120,PAID_OFF,2033-07-04
9fd90541-f597-4e00-968d-1defbb926370,CUST00003425,5e1b015f-6a1c-401b-959b-2b6b32dba028,STUDENT,3247.18,3002.0258001533803,0.0551,2023-09-28,120,PAID_OFF,2033-08-06
ecfa60c9-83c1-4063-b890-33f0cb041d56,CUST00001092,7b9ea9eb-aac4-463f-9610-ac0abfcf214e,BUSINESS,3189.24,1208.818471651826,0.0787,2022-04-16,120,ACTIVE,2032-02-23
33c25e62-7960-4810-ba37-298924290112,CUST00009389,4207fb51-52ff-4ff5-a49c-5edd69aec17b,STUDENT,34168.97,2072.0773251839687,0.1823,2023-05-23,24,ACTIVE,2025-05-12
89d5e178-cf99-4da3-8f94-2b3ece05a281,CUST00009853,a4f954fc-c449-41b6-8fef-7811e124c3f2,BUSINESS,27399.55,11452.854568496388,0.1888,2023-05-14,120,ACTIVE,2033-03-22
c5404be9-e6d5-4568-b695-6a3815280e7c,CUST00007850,d50cf57e-3dc8-419c-8239-850b97ae50f0,STUDENT,8767.58,5863.91176045327,0.1067,2022-09-27,120,PAID_OFF,2032-08-05
0917f2d6-121a-4b14-8600-9101b9b0b99e,CUST00004655,8b7fa47e-adc5-4fc7-a07b-f99be08c82ea,MORTGAGE,27213.65,16153.917457833653,0.0738,2022-10-12,24,ACTIVE,2024-10-01
275ac9d6-0b9f-47a5-9510-f78642004a56,CUST00000261,0a398bf7-27a1-48a0-afff-a2f4b5ae329d,PERSONAL,238694.65,66548.77552569662,0.1515,2024-10-27,60,ACTIVE,2029-10-01
a9fb1b54-8fbd-4cfd-8651-a34f5a0f3cdb,CUST00005937,3aeceaf8-5a00-40f2-84d1-6f5e71cb19b3,BUSINESS,62511.37,43013.38126159844,0.1579,2025-05-24,360,ACTIVE,2054-12-18
af4219dd-38c6-42d8-a73d-78049c5bad2e,CUST00009378,2540647b-784f-4b14-b2d3-1a6527dea64c,PERSONAL,3977.81,2508.503940605258,0.1668,2024-02-02,36,ACTIVE,2027-01-17
e47472d0-77e0-4d89-9197-aeb02ee49d62,CUST00004371,1e5c5da8-d087-4dcb-be94-f1cb075cc8eb,MORTGAGE,18633.88,3208.2504404027413,0.0256,2022-12-14,120,ACTIVE,2032-10-22
e1b3b9d1-f887-4c21-b69d-2be14bf91d08,CUST00004302,a28e0841-7d16-4228-b589-717e8275b18a,BUSINESS,6585.0,1067.7248484968934,0.0218,2023-06-25,360,ACTIVE,2053-01-18
5c253a40-ba76-46f5-8a69-35bdc89eb2f2,CUST00007208,83666636-68d5-46b8-a6ce-6d7a44e2a94b,PERSONAL,12313.48,6737.7279373819465,0.0843,2024-11-02,120,ACTIVE,2034-09-11
c391a132-8626-49ab-818b-6aa27016f6ad,CUST00005820,cc351e4f-703e-457f-b5ab-8466b5578b00,STUDENT,11844.0,7810.390317859133,0.0474,2022-01-05,48,PAID_OFF,2025-12-15
565f8687-3df0-4dc0-92e8-4094e19d768c,CUST00009059,6fa5f03f-e92d-4961-9e0f-d29bb7a2ab33,MORTGAGE,10759.36,10349.542270322096,0.1649,2026-01-26,12,ACTIVE,2027-01-21
6bb17a8b-26c1-48f2-ab1c-0430df114270,CUST00000093,987593c3-2523-42f6-b7a3-f6a6159b558b,STUDENT,3351.95,1414.290377681389,0.1159,2025-01-16,48,ACTIVE,2028-12-26
dcaeedcd-67d7-4873-8f7b-524587aa2080,CUST00005162,504867ba-bf7b-439b-8f9a-ea4b8acd4e10,STUDENT,18188.01,13912.722540545155,0.1686,2023-03-21,120,ACTIVE,2033-01-27
6f77cc54-8bb1-47de-baa0-a29745e3e268,CUST00007633,75b27455-04cc-4ede-afac-16730ad45230,MORTGAGE,9500.39,1106.9925423595193,0.0518,2021-10-04,60,DELINQUENT,2026-09-08
72a35369-6de4-4fed-bece-128609f68439,CUST00009544,2a9edda7-761a-4914-8931-b2d4d3def87c,BUSINESS,272.01,241.9825515201292,0.1329,2024-12-12,48,ACTIVE,2028-11-21
38124f7f-8c46-4173-9699-e962319a009f,CUST00006209,ce315937-34fa-42b6-9043-7e4c34e50699,AUTO,479001.03,303259.16443081194,0.1244,2024-03-28,60,PAID_OFF,2029-03-02
4059d846-ff17-4b76-b7be-51dffd5eb636,CUST00008557,c1eecd7a-2428-485a-861d-e0171ee92d3b,AUTO,112775.51,70939.2164236059,0.0813,2022-11-18,60,ACTIVE,2027-10-23
8abcb652-ee52-4b7b-8cb0-fe85e4184c38,CUST00004917,7800e27a-9ace-43cc-989c-83f68098580d,MORTGAGE,12525.84,1784.2136405636738,0.1131,2023-09-02,120,ACTIVE,2033-07-11
4dbb5559-8c12-46ef-b1fa-b84d80dd8005,CUST00003719,581993cc-41f9-494a-8f5d-337fee8d5daa,AUTO,22657.1,896.8525182412224,0.126,2024-04-13,60,PAID_OFF,2029-03-18
ccda08bf-5163-4bff-ad47-cb5af7b96b0d,CUST00006126,df629d0c-bc76-47a0-ad98-a416bae27198,PERSONAL,3799.1,2664.8754201173683,0.1801,2024-07-25,48,PAID_OFF,2028-07-04
fb3cd9c8-ebcf-481a-a1f3-b7803a5479ea,CUST00001925,956abfdf-bf4e-4e46-9204-79cedba0c89e,BUSINESS,280291.19,32809.894180370145,0.03,2022-08-01,24,PAID_OFF,2024-07-21
f81379f3-a170-411f-a862-8d4bcc3c33f5,CUST00003096,e0d6e969-478a-443a-bfb2-bfe18e7569bc,STUDENT,379243.23,48152.569603869466,0.1682,2025-08-13,12,ACTIVE,2026-08-08
ea3dbc37-67e8-4ce0-8c44-2d17d98d2038,CUST00006684,e9eba9fe-9a5e-43f5-8c94-d15ca13d2600,STUDENT,27862.6,5224.241577607503,0.1964,2025-06-04,60,ACTIVE,2030-05-09
54b279cd-0c24-4f00-8a4a-07e1234d65cf,CUST00005182,6334fa2a-8b4b-47e7-a451-5ae01754bf08,MORTGAGE,102262.26,9995.77627290764,0.1517,2021-07-28,360,ACTIVE,2051-02-21
d0f95340-720d-476f-8d96-30be5580885a,CUST00002539,47e321c2-a4ba-48bf-83b8-fa0513bc0dc6,STUDENT,28650.61,17917.877199765753,0.1527,2025-06-26,120,PAID_OFF,2035-05-05
b4666d99-46d5-4341-ad50-a84e71bfd71b,CUST00009489,86879aa9-14f5-43d0-8991-2032df85c777,PERSONAL,2965.83,1251.5945133299178,0.0592,2023-03-31,36,PAID_OFF,2026-03-15
72f0b90d-5c2f-4996-a4ba-aea10cd4ba10,CUST00002277,088dbd82-d883-43f8-8c98-03de12de9e5a,PERSONAL,11875.88,3160.1252619247057,0.1142,2022-04-30,60,ACTIVE,2027-04-04
147eeb2d-5a39-44e8-95e7-7e009eb01a8e,CUST00008195,420fd9a8-d45b-4e9b-b61e-c0ed8ddd2994,MORTGAGE,26846.53,11832.591999557542,0.1471,2025-09-02,360,ACTIVE,2055-03-29
28d217d6-65a6-4c40-b5fe-ea0a5d3da878,CUST00009946,6359d5ce-e2aa-4dc7-b208-838e7d57ef69,STUDENT,11138.67,9402.596916803579,0.1284,2022-06-08,48,PAID_OFF,2026-05-18
baabf7ec-2eca-49b7-9087-ba7334bbc278,CUST00000911,37bb3eec-4bf5-4b52-b09d-258c27a0c3d7,AUTO,15867.37,14710.311939207242,0.0893,2025-04-24,60,ACTIVE,2030-03-29
08b52947-9814-400c-827d-df7ed31c63fb,CUST00000307,cc2b2f49-c6d5-4a90-9296-ae08a2dcb574,AUTO,19204.51,9361.740494758464,0.1892,2023-09-10,36,ACTIVE,2026-08-25
e6fe01cc-5553-431a-afd9-d09a8a74a19a,CUST00006576,789fed96-7337-4c2f-8e1c-37621c7cb6ed,BUSINESS,19510.0,11057.349373850777,0.1125,2024-05-05,360,PAID_OFF,2053-11-29
0ae19e7e-1b6d-4927-9315-de9ac4024764,CUST00004232,dc8aee30-be60-43f7-a8be-9288e5af6e39,MORTGAGE,23822.55,6127.158200518138,0.1946,2024-10-11,24,ACTIVE,2026-10-01
4f39a47f-b328-4760-a102-7a457e4e7273,CUST00006029,c75ff368-5f7d-4bb1-880a-fe9f84a6d693,BUSINESS,4487.69,2304.8792832060135,0.1215,2022-10-25,48,ACTIVE,2026-10-04
fd780916-aa84-4060-870d-eea0bb09e763,CUST00006659,71f34593-a737-419b-a1e0-9bf146748ee4,AUTO,7513.64,5621.101403452838,0.1628,2021-11-21,48,PAID_OFF,2025-10-31
3bcb4f32-e3b5-4c1d-9a0a-1af2999f64e9,CUST00006337,9458054e-c287-4f06-9050-f7efc1235c91,AUTO,3207.1,1578.3334182717012,0.1536,2023-05-25,120,ACTIVE,2033-04-02
ff2d10f4-1555-4b95-b377-7cff1987e58e,CUST00009631,a6f2f7b8-0cf3-4b58-9910-8be58ce21ea3,AUTO,95484.89,28843.397703834784,0.1389,2025-03-27,48,ACTIVE,2029-03-06
81ec334f-c766-478e-b673-7d1619a1459d,CUST00000873,ceae71cf-ce00-4af0-beb0-51817ba24588,BUSINESS,935.92,544.7375862547837,0.0226,2021-11-05,36,ACTIVE,2024-10-20
99dce819-1841-4873-a34d-6e09f0ffd6b0,CUST00001142,99afee64-9024-4225-84bb-10e079f7f38c,MORTGAGE,124291.58,117661.37379533042,0.0339,2023-02-21,360,ACTIVE,2052-09-16
246f5c1d-04e3-43eb-afca-225afc7cdc3e,CUST00000666,87beb021-f636-44f5-90d0-f83dadb1be7a,PERSONAL,176226.27,156486.0824076684,0.1247,2025-12-01,48,ACTIVE,2029-11-10
b443cda3-4b80-48c6-8e31-66c3541acd27,CUST00008401,7bd50aeb-6791-41dd-8cc7-cda21f2f087d,PERSONAL,13998.83,10768.493294872753,0.1841,2023-05-25,24,PAID_OFF,2025-05-14
6399c513-ae96-4e3e-b1f7-a87cf1430eea,CUST00000952,9adf4709-ac75-4344-a08e-149e44b9e602,AUTO,443.76,122.57078659151315,0.1282,2023-01-15,12,DELINQUENT,2024-01-10
2d598b9d-b3e3-468f-afce-09490dd1db5f,CUST00009250,4dffc9aa-b5bb-4bce-ac15-c4ad57904515,MORTGAGE,12810.68,3094.5415479070093,0.0625,2022-01-27,12,ACTIVE,2023-01-22
67f7aba4-0617-4c62-a243-b9ab2b0e817c,CUST00004723,8c2b678e-1f50-41aa-8088-b13a7d2194cb,MORTGAGE,20004.72,16774.701691487804,0.0776,2022-09-25,60,PAID_OFF,2027-08-30
eb5c4ed8-5ef6-440e-9ef8-b5a9b792ff65,CUST00004009,6522e8b9-8aad-4665-af30-141d3505c563,STUDENT,4837.25,877.0779611781496,0.1322,2025-07-24,12,ACTIVE,2026-07-19
eb7fb03e-d14c-40b7-90ac-2a6d3bdad4ac,CUST00006656,7d9704fe-8dca-4908-8a1a-421961bba5fb,STUDENT,10169.74,6158.909538199218,0.1275,2023-11-17,36,ACTIVE,2026-11-01
f0c46591-b2d9-45fa-849e-e02aeea28810,CUST00006191,17cb67b8-6d0f-44e6-a174-a7856f2190cb,BUSINESS,218664.27,95978.29569471005,0.192,2022-06-29,12,ACTIVE,2023-06-24
ff8abfc0-2d58-493a-aebe-15241549d4d7,CUST00000772,f4d375c1-a293-49fa-b240-d7a14027ab7d,STUDENT,59718.12,27947.272012143512,0.1152,2026-02-13,36,DELINQUENT,2029-01-28
aab76dd1-152b-4e5f-a499-9ab5002a99b2,CUST00004031,f7ebc69a-b428-4f0d-9a6c-f45952f6531f,BUSINESS,5503.58,2501.615979282523,0.0839,2024-03-20,36,DEFAULTED,2027-03-05
e6af993c-700f-4e85-aea7-56a8229ea406,CUST00007860,db558642-3054-466b-ad8e-e559daf93e99,PERSONAL,2005.4,1804.7600242396281,0.1145,2024-05-12,60,ACTIVE,2029-04-16
e66ccf4a-cb3c-411d-88f1-68095051b949,CUST00000522,21986e3c-d19f-4f31-9dd7-3f1f138ef8cc,AUTO,13486.9,1174.6314524019117,0.1615,2023-11-26,12,ACTIVE,2024-11-20
f644404d-df36-4764-9b7a-ec0490de2fee,CUST00003356,2ce6f908-cece-45d3-9ea9-09ef7257dcb6,MORTGAGE,15991.54,12519.79984503518,0.1173,2025-12-21,60,DEFAULTED,2030-11-25
dc247a02-286c-43e0-82b5-166d0f3cc54f,CUST00001401,e94f03ec-0f40-46a2-9c33-345debc05f02,PERSONAL,46364.94,38715.31241682772,0.0787,2025-10-03,48,ACTIVE,2029-09-12
b31b58fa-cffd-4e28-8271-a48f6aed2058,CUST00003724,59ccc94a-bc1c-460d-bd9c-03c773deaa56,PERSONAL,9867.73,9304.057111280908,0.081,2024-09-26,24,PAID_OFF,2026-09-16
51cb3f06-1435-47ed-8cff-84c2eb41ce2f,CUST00006580,1deb979d-8d0b-46d7-ad91-f45623b13ebd,BUSINESS,47441.34,21471.94834618464,0.1562,2025-05-15,360,ACTIVE,2054-12-09
dce202f5-36ef-4201-9656-b5f91c6a16e0,CUST00003248,6f082598-e1b4-47ef-9f8a-4862ff68ef1a,AUTO,401406.96,200729.6484771439,0.032,2022-08-29,12,ACTIVE,2023-08-24
e810c030-2edf-4b1a-ae35-5704b82f76ef,CUST00001859,735741e5-fe1a-4ba9-8896-9c5b45f8c28d,BUSINESS,74850.76,71953.62549123367,0.0695,2025-11-13,48,ACTIVE,2029-10-23
cc464bb8-f773-4927-98d6-9943e0e5e2f9,CUST00004782,dd34aa18-9001-4ed4-8bb4-01e769f753f1,PERSONAL,20493.59,9395.308078157157,0.0475,2025-10-07,120,ACTIVE,2035-08-16
96944fa8-afb7-4dcd-afb6-f3c9a798deba,CUST00004065,2cc09f87-399e-4823-a75f-58ba86052bef,MORTGAGE,16735.28,8427.024688830108,0.19,2026-04-17,360,PAID_OFF,2055-11-11
e3fe266b-a23b-4ed7-b0ad-f7ed4277171c,CUST00002399,84a2576c-1fc9-45f8-94d6-07350e2f8958,STUDENT,12900.1,4286.113930074873,0.0362,2025-07-05,360,ACTIVE,2055-01-29
7024cf94-0830-4982-96fc-1a769e1d5748,CUST00000143,904ada37-5f44-4716-b6e5-dd9a315007d2,BUSINESS,129438.53,4093.810724268576,0.1565,2023-11-21,360,ACTIVE,2053-06-16
d5b26840-f4b3-493f-8b38-2c494853338d,CUST00005063,c1d48a10-1b96-4925-9682-d038b77f69b9,PERSONAL,8595.81,3722.454646576956,0.1335,2026-02-21,48,ACTIVE,2030-01-31
7164a9a2-c3d6-4e1e-9992-97677e083461,CUST00003470,00cb9caa-bbdf-4574-89b8-f7ba98a7fea2,STUDENT,23572.45,15442.107170384463,0.1339,2026-04-17,60,ACTIVE,2031-03-22
210f0001-d832-4732-b0f6-99cdb4456f0d,CUST00003696,76876c62-4c61-445e-ba7e-5d9405d1fb63,STUDENT,23784.68,16410.14270125206,0.1574,2022-02-13,60,ACTIVE,2027-01-18
0cad2d63-8cfd-480c-984f-541976b4c117,CUST00000718,216e9fe5-93f3-4596-8c1c-8b0556771f36,PERSONAL,10376.76,67.53866664634052,0.0921,2025-12-08,360,ACTIVE,2055-07-04
be3ff70d-b552-4386-9a96-ef37ee45a744,CUST00000643,71a3fad2-b094-4d2a-aaa9-3b436d15f16f,AUTO,2811.02,2251.7753709419167,0.0921,2024-01-18,360,ACTIVE,2053-08-13
a4d7809a-5dbc-4f05-ac8f-f1839702d8c1,CUST00002549,1bfc270c-8549-4255-89db-ebb5c9739495,PERSONAL,35755.58,17606.60588422239,0.072,2022-03-30,24,DELINQUENT,2024-03-19
aa9af6c4-3b08-4388-a9d8-34b6072e4e7a,CUST00008562,409d3602-5084-4242-968b-1625746f7891,MORTGAGE,20100.38,10467.179647099803,0.1276,2022-03-08,24,ACTIVE,2024-02-26
0c5332b3-10d5-45b8-9448-a70dc04147f5,CUST00003651,92b26acd-cd1f-45a3-b1b6-5ca175873920,STUDENT,46646.85,44862.3135605299,0.1874,2025-03-16,360,ACTIVE,2054-10-10
49b04036-6486-4c75-bb89-85bc027d3094,CUST00007550,91b76c45-d9b8-4389-ac16-ddb7fd93754a,MORTGAGE,9893.17,2814.222600978978,0.1863,2024-10-21,24,PAID_OFF,2026-10-11
375af79e-9f3e-4f38-ad73-286bf517aed0,CUST00008979,e0864418-7f3e-459b-9638-613769f35b2d,BUSINESS,137479.75,104711.7250303464,0.1465,2026-02-24,360,ACTIVE,2055-09-20
b8ab8e09-c5da-4dcc-8dd7-0974f84716b7,CUST00000950,ec1f41ce-57b9-4dfb-af82-e70cb9644e4f,STUDENT,5912.59,3398.4162823994116,0.1831,2022-07-14,24,ACTIVE,2024-07-03
e5b2fd55-b0a5-43c1-b409-1297031fdae1,CUST00005445,cb618d75-aa96-4dfb-a79b-265ab15f3994,AUTO,287236.28,201294.74312765396,0.1934,2025-06-11,360,ACTIVE,2055-01-05
4705ecba-00c4-4208-9e57-29859437ea94,CUST00000522,7942000a-cf24-4413-95b6-54383ecd0888,PERSONAL,1601.26,669.034372839043,0.1631,2021-11-06,60,ACTIVE,2026-10-11
080bf99f-f00c-4cc5-a045-3d2d59244739,CUST00006633,bdf66ba5-dc9c-46de-a5a6-74c212738a23,BUSINESS,42283.62,11805.90547870032,0.0934,2023-10-03,36,ACTIVE,2026-09-17
0bace8ac-6dac-49b6-b6ea-525de0d768bb,CUST00006049,6e15c527-fe2a-4cbc-927a-e04ef58b8c61,MORTGAGE,44942.81,24544.43491338607,0.107,2021-12-15,60,PAID_OFF,2026-11-19
f8e8e938-b2df-42fe-9c90-282181a8d2b0,CUST00000355,0ceaaf73-aced-4d55-a73e-2bc578822064,BUSINESS,6678.6,2504.0819400307882,0.1876,2021-11-27,36,PAID_OFF,2024-11-11
126f28a9-107d-4387-88c2-1370c2a423f2,CUST00001483,df1e04cb-ca34-4e3c-af58-9a8167c5b29b,AUTO,41630.61,9279.928350497996,0.1406,2025-09-05,60,ACTIVE,2030-08-10
9d09cf19-a079-465a-8cc5-b7058af263bd,CUST00009840,18fdd2b9-79e5-49aa-992a-35497ba109d0,PERSONAL,150133.17,125997.1832949087,0.1677,2025-02-14,120,ACTIVE,2034-12-24
38ac7355-f495-4d71-9802-f730e8ec6834,CUST00006995,a8761e85-bddf-403a-aa84-30f84f2da233,BUSINESS,792.17,376.93951461217284,0.0409,2022-12-08,60,ACTIVE,2027-11-12
e16874df-5639-4a74-a768-b119fd9077b6,CUST00002216,5a58abba-9130-4877-b320-e68f6de77482,MORTGAGE,46822.41,39673.36503349418,0.0549,2022-07-05,24,ACTIVE,2024-06-24
2c9c763b-e454-4286-9dd9-76469d892032,CUST00004717,7a0ecfea-958c-49ba-8cd6-20c20ea2622b,BUSINESS,523.27,248.04650610618492,0.0819,2024-12-01,36,ACTIVE,2027-11-16
589a8b9d-5bf2-46af-8ba2-2d11f5b85c17,CUST00008620,acd3d56f-3257-49cd-9571-276b33474b1b,PERSONAL,5174.52,2881.16082276681,0.0539,2023-12-27,48,ACTIVE,2027-12-06
e8c80d96-3e5e-4986-8002-cd6bc28d1433,CUST00005822,8cd74c27-929a-4586-8a37-6c367d94bf10,BUSINESS,253659.87,252462.65662526642,0.1832,2025-12-26,120,PAID_OFF,2035-11-04
5728e2b6-912c-4ca9-af9f-504b5fb15849,CUST00002538,6928043e-d492-451a-b828-3a052baa43c9,MORTGAGE,9203.39,8757.064350002269,0.059,2026-05-13,48,ACTIVE,2030-04-22
634ee115-5c81-4bad-8bb3-4c1425818b22,CUST00006340,5b7117bd-2442-4191-be7c-7d6ea8cc4515,PERSONAL,3786.43,1028.7346769892347,0.1203,2023-04-15,120,ACTIVE,2033-02-21
6855a90d-0f2f-4a57-8883-93111216e243,CUST00008737,9b4547e0-72fe-4dc2-b772-aa9715f39d39,AUTO,16368.16,14218.290350262696,0.0354,2024-11-01,48,ACTIVE,2028-10-11
f0c935a9-91c3-4637-bca5-013cf6b896c2,CUST00004920,70a32883-cc58-4872-a2fb-a345a84ca488,AUTO,489852.45,191240.1029776052,0.0479,2025-10-14,24,ACTIVE,2027-10-04
04ebb4a9-a4e5-45b7-8357-20d193de2f9e,CUST00007076,05e15e2f-f2b7-4922-854e-dd713977fd2f,STUDENT,1411.6,100.57471843431043,0.0645,2024-12-31,48,PAID_OFF,2028-12-10
f16231e0-6db0-4ad8-9239-b3a065d52310,CUST00003766,6db99102-a48b-4dbe-957d-94a106f028ff,BUSINESS,4550.69,2620.2009063558007,0.1969,2023-10-11,360,PAID_OFF,2053-05-06
8c28d4a4-d301-476f-a8a9-4b68e9fc5fb3,CUST00008851,21813d25-6552-48a6-83ff-50113d1a85dd,MORTGAGE,208177.74,203400.44796398035,0.1635,2023-11-22,60,ACTIVE,2028-10-26
630915e1-8bf6-488b-92dd-332d0f0cd977,CUST00007083,6d9c5b50-a1fd-4187-9c3a-1e0bb5f3f8aa,BUSINESS,357379.5,348199.7383051053,0.1412,2025-04-30,24,DELINQUENT,2027-04-20
4344c269-7a3d-4b8e-b071-878cb795c127,CUST00002828,fa34d2e8-dd3f-4d7e-a508-dc9513a4a492,PERSONAL,18861.03,2385.267291483655,0.1849,2025-09-18,360,PAID_OFF,2055-04-14
e53b7727-b209-41cd-873e-45170b4967db,CUST00002059,cf1643a0-8860-4b56-a34f-2452efe9e8c9,STUDENT,3433.79,2648.2647534657067,0.1921,2025-06-17,48,PAID_OFF,2029-05-27
803e82de-7a9e-4031-bf01-73e93ddbd9d1,CUST00007750,a2ac7896-7f38-4a3e-b3a6-74036f9d1d74,MORTGAGE,510816.27,410100.18109663593,0.1016,2026-01-22,24,ACTIVE,2028-01-12
20141450-ae22-45bb-b1c3-6cb3445dc624,CUST00000731,1a482803-0204-4c81-9577-32970d093c73,BUSINESS,240785.94,88788.55951178425,0.079,2026-03-20,60,ACTIVE,2031-02-22
37c20000-f4d7-48cd-a3c7-8964b776cbf6,CUST00001833,cb21aa80-19d4-439a-bdff-e27d9b125dfb,MORTGAGE,60987.27,40165.922135840214,0.0768,2024-12-06,24,ACTIVE,2026-11-26
d928c011-91fd-4b9d-b19f-da66a986bfc0,CUST00008601,503be788-2d44-4af8-bc94-76b1a18b5d15,PERSONAL,6511.96,3178.874996162137,0.0264,2024-06-15,48,ACTIVE,2028-05-25
b2ea6850-94bf-4660-8e87-9c6249fa555e,CUST00006506,c9ce44bd-7c3f-4add-9a38-5db590eeb067,STUDENT,20464.68,4663.759318842383,0.0703,2023-12-01,24,PAID_OFF,2025-11-20
dca4b19e-5ffd-41cf-bc8e-920df692f963,CUST00007171,ec1b55dd-e829-46cf-ba81-d86090b3032d,MORTGAGE,17317.28,13183.026711971852,0.0839,2023-06-04,120,ACTIVE,2033-04-12
64836ec2-00b6-4158-8540-38d7399b747b,CUST00004180,2a9528c3-5ae1-4bad-aa29-60fda85894df,PERSONAL,36180.55,9506.537482642403,0.0266,2025-02-02,12,PAID_OFF,2026-01-28
c23e471a-6081-4fb2-b55e-b3647da38784,CUST00006300,73d0b6c7-f62e-4f88-9c29-850b410bfc29,AUTO,194172.49,66105.58792300403,0.1789,2023-09-18,48,ACTIVE,2027-08-28
558c7208-283c-47ec-98b4-f757d91ade99,CUST00007831,aab612c9-415d-474a-b5a6-69814104a8b5,MORTGAGE,82382.27,15654.147538714842,0.1726,2025-05-27,60,ACTIVE,2030-05-01
292254f9-37cc-4228-820f-8fa553fdd1f7,CUST00004803,50bf2995-9ee4-405d-9f06-bc767b777e71,STUDENT,4376.2,3147.6750796401275,0.0653,2023-07-22,36,ACTIVE,2026-07-06
02d4729d-d414-4afe-9912-853ea204a093,CUST00006058,958c9cfd-a783-4a8f-815e-38051928aae5,MORTGAGE,173640.9,79653.25755879024,0.1645,2023-10-26,24,ACTIVE,2025-10-15
fc411721-3667-4c4a-be44-56d712a82af1,CUST00006616,4b88445a-1582-4e78-806a-5949226378ab,MORTGAGE,35231.58,15620.740297718263,0.1633,2023-01-08,120,ACTIVE,2032-11-16
21483249-414e-4cc1-9027-8ec26125cb48,CUST00006763,49a214ae-f7e8-48e5-8d2b-91efb8976ec5,PERSONAL,61734.53,37322.404442907486,0.0803,2024-07-30,24,PAID_OFF,2026-07-20
492eb70c-2f03-4a0c-a423-421be61aa316,CUST00005544,272c7482-0002-472a-9130-38f51d5d8f65,BUSINESS,198751.64,31256.36805246178,0.1455,2025-02-27,48,ACTIVE,2029-02-06
4138aeea-8988-4d52-b599-d4751b139a48,CUST00008326,16591c89-21eb-4aa9-9a2b-d69c450f69ee,BUSINESS,4157.34,3733.9310914967546,0.0722,2023-06-06,120,ACTIVE,2033-04-14
a0b3543a-0fa7-4a5b-9505-5ac72f0b9138,CUST00004884,7d283421-243f-45fe-bc47-16ad0970d09d,MORTGAGE,20874.04,9708.702956827072,0.0326,2025-10-25,48,DEFAULTED,2029-10-04
929b4c7b-f270-4a23-a957-811d2fd02b45,CUST00007051,b993ff63-c6b1-4d94-b24b-cc3d9a7791a2,STUDENT,9925.06,3637.801064030667,0.1109,2022-07-07,12,ACTIVE,2023-07-02
38059440-2642-465f-8772-fdb6b3d42f8a,CUST00004960,6307d4d1-21c9-415d-9104-5a16ef15ab72,STUDENT,2096.89,265.656270907209,0.0989,2025-06-09,60,ACTIVE,2030-05-14
54be6170-4ec6-4d97-b8a8-9514ca0e0bc2,CUST00000667,b6f31d02-90ca-4ac3-94e3-552bfd2f1be9,PERSONAL,37051.53,6222.960241745381,0.0449,2021-08-15,120,ACTIVE,2031-06-24
03e6551e-11da-4e5e-9862-3b8cdb23915e,CUST00000277,36cdf42f-892c-4b33-99af-8224d7232ce3,MORTGAGE,952966.31,877072.372220933,0.1083,2024-08-13,120,ACTIVE,2034-06-22
9241e029-082d-4372-8996-a54bbcbb0658,CUST00000882,60b759a9-f88a-4c64-974e-bb877ea413e5,MORTGAGE,1393.93,636.4921813668749,0.1909,2023-05-17,24,ACTIVE,2025-05-06
e470dab0-e520-4332-a4a5-8bd60a328c88,CUST00002061,a6f2f7b8-0cf3-4b58-9910-8be58ce21ea3,BUSINESS,20985.33,15155.267868447476,0.1517,2022-05-08,24,PAID_OFF,2024-04-27
0be08870-ad40-4867-96c4-222e6bf82001,CUST00002083,b23f4738-aff6-48bc-8d2b-f2063f931507,PERSONAL,57573.31,4635.592931679055,0.153,2025-08-30,36,DELINQUENT,2028-08-14
a31ffadd-0170-4874-be89-7b355b2dec8c,CUST00006703,4b657bcc-b041-4f19-bbe7-18354e8bf78a,AUTO,26492.51,17046.990869916313,0.1564,2022-12-13,360,PAID_OFF,2052-07-08
8e47fb7d-8a7f-426e-b585-f440c3a98532,CUST00009430,056de195-1f81-4097-8b2a-3730a0a2e9bd,STUDENT,18588.68,17129.825380218776,0.154,2022-03-26,120,ACTIVE,2032-02-02
40d6c0ac-82ab-4b8d-a9fc-339fe9dcbdd1,CUST00000159,7eccdaf4-c413-4dc2-85c5-ae8abe15ad12,STUDENT,3137.48,941.1293278716607,0.0236,2024-11-30,24,PAID_OFF,2026-11-20
e2eb0222-26c6-4746-8391-ddc53e33a833,CUST00005230,db75dada-d51f-4de1-b17d-aa267357d500,MORTGAGE,31231.43,18087.38600819673,0.1864,2024-12-14,24,ACTIVE,2026-12-04
624f88a5-16a0-4b2c-9ddc-a90ae7215e6c,CUST00007957,8e4c3ab5-6d5d-4477-adc2-9178a0411612,PERSONAL,7078.76,6655.58538686687,0.1694,2023-05-13,360,ACTIVE,2052-12-06
cb697bf9-384e-40c1-b1ae-b0b964804241,CUST00007515,8eac0a33-cdf9-44a7-9882-b5c1f79efd70,AUTO,824.78,593.2828559270571,0.0694,2025-06-11,12,ACTIVE,2026-06-06
01a9abd0-ed71-4874-9dc3-a0c622d635b7,CUST00007804,b1fead13-f280-4f1d-9a6c-0db952171c88,STUDENT,132175.83,8237.925007782396,0.1195,2024-08-30,36,DELINQUENT,2027-08-15
55a28f90-ada7-43f0-a579-77ec48164644,CUST00002527,e9ebd446-2622-40d6-b23d-9820977e5877,PERSONAL,92742.19,35124.9124712856,0.1307,2026-04-30,360,ACTIVE,2055-11-24
e97f0af3-ec6c-4fcc-b9ab-b350f52b0682,CUST00008303,f30ee4fe-262e-4559-be7d-9a19ab450578,AUTO,23801.2,2041.4945221847688,0.0438,2022-06-15,24,ACTIVE,2024-06-04
e05f8184-c115-4e8e-9586-768274dfb5ce,CUST00007804,c9d6a63b-ca3c-4f5f-9bb5-c40c03cde2e3,MORTGAGE,31058.01,26750.810515929912,0.0657,2025-09-24,24,ACTIVE,2027-09-14
ca3a7379-8e75-44bd-9004-c585fefb5480,CUST00006575,49e64c22-89a0-47eb-b98f-569b465cc2cb,BUSINESS,110357.13,68604.91153287856,0.0242,2024-06-09,60,ACTIVE,2029-05-14
52c2526e-737e-48ed-8b04-09e4fb65c3d3,CUST00008734,3513a238-d91b-4a04-bcca-ba381e30614f,STUDENT,30838.2,29493.091523536335,0.1755,2025-05-05,120,ACTIVE,2035-03-14
2fa227c3-dc57-44da-90ca-beebdb721b14,CUST00001139,a13ecf15-72cf-4b0e-9db2-f6cee5190530,STUDENT,85479.03,1688.7518551634862,0.0245,2022-10-05,24,ACTIVE,2024-09-24
bca88911-97ea-402c-abc6-206b16754427,CUST00007258,cbc72f1a-cf08-4a54-b429-9924c0986750,AUTO,14097.84,5964.618046221166,0.0774,2024-08-29,12,ACTIVE,2025-08-24
4fca946a-6c6a-48e9-8564-956a97f5f3e4,CUST00003284,f5705436-3877-4265-902c-01a3ab404598,BUSINESS,157625.24,16450.416238069112,0.0341,2021-08-10,24,ACTIVE,2023-07-31
3b1f38f0-0be2-4694-a52e-89572ae06f26,CUST00007763,9cac3d21-a5a8-48af-8efb-d22aec511744,PERSONAL,35638.39,12490.821712779272,0.1607,2021-08-24,120,ACTIVE,2031-07-03
6b48d839-3d82-4b77-97d9-9ccef4084628,CUST00007897,97a418b8-92d0-4319-a0bd-14220b0b81de,MORTGAGE,29468.52,4770.565091820051,0.1865,2025-01-03,24,ACTIVE,2026-12-24
2ddecd40-e1de-431a-8dd9-f251abc90bba,CUST00002420,8b2ab759-2fc6-44e6-9113-5d7e30952621,PERSONAL,3277.74,1077.7004588808331,0.1213,2023-12-07,360,PAID_OFF,2053-07-02
b1b8106d-e27e-4a13-822b-2e42cc1e713d,CUST00001757,2dd93719-f8d9-4f33-86d9-03c0ad987301,AUTO,33875.04,27752.533180438924,0.0451,2022-10-04,48,ACTIVE,2026-09-13
5a8d9931-5ebb-4417-b523-8331243711ee,CUST00002307,80b9ec30-ed94-498b-9b92-3c67129538df,STUDENT,6323.75,1016.2223658449967,0.1205,2021-10-16,24,ACTIVE,2023-10-06
417e5edc-13e6-4df3-afc0-fe9c854a05f9,CUST00007631,4087be6a-4514-4416-ac44-821eaf051764,STUDENT,8455.53,4005.0865623519367,0.1587,2022-02-10,36,ACTIVE,2025-01-25
e3d2549d-769f-4d26-bbb9-c4ee7641f1fb,CUST00006264,72d35458-61ea-4f30-a42e-707afe2bd987,PERSONAL,6482.99,5974.614242283052,0.1493,2024-01-03,120,ACTIVE,2033-11-11
2046eeb5-9888-427b-b1e5-2a9006506312,CUST00009168,3da9c2a9-0ed4-4f1a-bd4c-bf374eb93eff,MORTGAGE,4449.95,4444.517891987271,0.1535,2024-09-29,120,ACTIVE,2034-08-08
1d522106-71e6-4fd1-a846-d6880047eacb,CUST00005009,25e050f6-b273-493c-9cad-a48a46a42ee1,AUTO,533469.46,133709.38196665785,0.0703,2022-02-10,48,ACTIVE,2026-01-20
d783b9d0-5820-4a4f-8d18-5ea51740e77b,CUST00005248,604e46cb-3712-42d1-87cd-b6a1bf012e32,MORTGAGE,162268.65,151813.38405318453,0.0333,2026-01-30,36,ACTIVE,2029-01-14
c07ec4c4-b6b4-4aa5-b9c4-2eed297f8f1e,CUST00008915,9fb886b2-a662-4b92-8748-ffb3d0a96757,AUTO,392601.84,102621.67703765529,0.0468,2023-03-09,36,ACTIVE,2026-02-21
306542ee-2e51-4870-8191-073f8cfcb112,CUST00002571,ff233d5f-6ced-415d-9800-7c0287ea7ff5,MORTGAGE,3518.03,1454.805665279251,0.192,2025-04-08,120,PAID_OFF,2035-02-15
2b125551-f51a-497b-b34e-fd5b6e737276,CUST00005808,77ed78d9-a82e-4889-b717-4acfd7abed02,PERSONAL,24511.08,21518.855893340067,0.1304,2022-01-08,12,ACTIVE,2023-01-03
9ba585ae-cb96-4524-a5a4-14b21956673f,CUST00007813,95866982-f7e8-48a2-821d-f2cfd9fc13b8,BUSINESS,3164.46,2487.8228369885865,0.151,2021-11-20,24,ACTIVE,2023-11-10
1149544e-2bc1-43fb-a906-5b41b9be1d00,CUST00000325,7a89cbeb-b807-478a-b788-f5d1ffe575f6,AUTO,7757.83,6652.24269605701,0.1818,2025-02-01,36,ACTIVE,2028-01-17
86413c79-e90f-4aac-a82a-e2455a422292,CUST00007488,ceefd2c9-7e2b-43ce-adf9-8b8d8ddd6a3e,PERSONAL,5556.98,4447.010361761246,0.1735,2026-02-02,24,DEFAULTED,2028-01-23
92a6584c-85b2-4fa7-9fde-c4f3c92215cd,CUST00009722,ffa623d0-ea9e-4c8d-b1a8-b71f491b90e9,STUDENT,141403.96,33238.556949999685,0.0593,2023-08-21,24,ACTIVE,2025-08-10
01183a0a-b908-49f4-bd24-28d4e8eca39b,CUST00005646,c680a2e5-678d-4f97-a614-f06ac81484cd,STUDENT,12156.94,6793.238690582904,0.0305,2021-09-11,360,ACTIVE,2051-04-07
182ebfd2-90c7-43ba-9db4-eef0afb79cd8,CUST00001946,4cc9f5f2-e42e-4037-8a55-2ea08acbbe09,MORTGAGE,109378.43,42138.11873079919,0.1865,2021-09-14,12,ACTIVE,2022-09-09
1cb04376-c5d6-4362-9b3e-144b6f093f45,CUST00004487,ab987d93-53bd-4128-a2f0-6403eac97d37,STUDENT,54512.28,25059.89303112864,0.1967,2023-07-20,12,PAID_OFF,2024-07-14
891887a7-3620-4b79-afc0-760380cd513e,CUST00002431,9496634f-d438-431d-aa0a-2259859f02bb,BUSINESS,697639.75,107406.03612445423,0.1221,2024-05-06,36,ACTIVE,2027-04-21
8cf431de-8cdc-4715-9512-a5075f15ee3f,CUST00003511,6e191042-370b-4063-9d90-e79eb888f6ed,AUTO,2394.27,756.032794026049,0.1799,2025-02-17,36,ACTIVE,2028-02-02
e1772a38-96aa-43ca-baf6-e89f14e0a8d3,CUST00000846,5c17ebb5-093b-4d72-ac8c-dcaf2b633b18,MORTGAGE,145633.7,124902.32358706235,0.0617,2024-11-21,120,ACTIVE,2034-09-30
76b851e9-bfe7-46da-91a8-5948501d5146,CUST00000568,7fcc4456-20bc-4fa0-ba80-10620b4e360a,AUTO,122965.77,110368.96099162777,0.04,2025-10-07,360,ACTIVE,2055-05-03
2adfedf8-786f-486a-b90a-3610b0b55ce7,CUST00002180,5d697934-ddeb-48a4-b75f-dd572700260b,AUTO,5115.0,3120.933024144094,0.11,2026-02-03,360,ACTIVE,2055-08-30
61b862b2-181d-40f9-b0d3-ce6fb437e204,CUST00002020,bb0c7919-330c-4ff5-88a5-fa0d09a85dc5,PERSONAL,99777.7,49715.96088884401,0.166,2024-07-13,48,PAID_OFF,2028-06-22
b575dd69-0b61-49c4-844a-a5c98e56dda6,CUST00003320,5a2837b2-cb83-43f2-bb96-f6022b115c36,STUDENT,36468.98,25996.536330323073,0.1378,2025-11-10,24,DELINQUENT,2027-10-31
c5eba017-fe0e-4da1-801b-07c40ce356ea,CUST00002321,d98f5e83-cf5b-494d-92cc-48539cef5ef4,AUTO,15658.76,9533.886920449411,0.1347,2026-02-19,120,ACTIVE,2035-12-29
7a8f5fad-3c80-44cd-aacb-832956f4927f,CUST00001647,ba751921-2833-48ea-9c94-563ae9365d1b,BUSINESS,6400.28,6295.795469627784,0.0231,2022-07-23,24,ACTIVE,2024-07-12
b309887d-ceec-49d5-83fd-913088f45162,CUST00003910,a3b5cece-a446-4e72-b64c-911aa9ab364a,BUSINESS,7490.09,1423.7821613011772,0.0771,2023-02-19,12,ACTIVE,2024-02-14
1131f87f-3748-4145-9bab-23419a977a80,CUST00008016,99b3568d-6dcc-4c60-9e35-836f66aa394c,STUDENT,476735.99,214075.7821213954,0.1891,2024-01-30,12,DEFAULTED,2025-01-24
9bd0e94e-601c-4f82-baa5-9b3b8c283b62,CUST00003421,314b4d36-9516-4359-8436-2fc753edc74f,STUDENT,22049.04,20246.321564514266,0.0442,2025-02-09,360,ACTIVE,2054-09-05
e89afbfe-822e-4328-a792-1c1cf14e8d13,CUST00000357,8c8181b4-fe8b-4ccb-bd75-a5f3eeafca83,MORTGAGE,71196.22,65125.82095940047,0.1507,2023-05-02,120,PAID_OFF,2033-03-10
2c20fb0e-e632-4f0a-bac6-885994f6614e,CUST00007486,6fdc0bad-5e36-4127-8ca1-b45c1fdd980a,MORTGAGE,6725.43,3331.420542267914,0.1567,2026-01-06,36,ACTIVE,2028-12-21
54ea3718-46af-457c-8252-0d78cdbfaa37,CUST00003082,752caa97-b60d-46a3-bc19-8515208b326a,MORTGAGE,6837.79,921.7956457950262,0.1519,2024-07-17,48,ACTIVE,2028-06-26
ddc16c3a-4f9d-4780-a1cf-33a4f6214132,CUST00002281,4f9a5f98-4d95-4273-8b2c-c805d1403430,STUDENT,111633.58,90976.67546075633,0.1981,2022-01-29,360,ACTIVE,2051-08-25
fed46e35-1891-4896-a848-849e0dacf645,CUST00004132,a22eb45b-1986-433d-8b73-aba7ed5edfa2,AUTO,2909.21,1702.368412227404,0.0937,2024-05-24,48,ACTIVE,2028-05-03
b8ee0ec6-2b0a-4050-a35a-a8e9838fd802,CUST00005124,f83811c5-4a32-4d2a-a55e-c749795235ad,PERSONAL,11815.64,9135.451303603637,0.1428,2023-11-26,12,ACTIVE,2024-11-20
004fe610-299a-4d68-ba0d-bbe1c105ab46,CUST00007423,6a9f687a-d04f-4197-94c0-df2891b5fcb4,MORTGAGE,23179.91,10721.256148970655,0.0549,2021-12-30,12,DELINQUENT,2022-12-25
36b86a13-8d1b-4ecb-ad79-4edf0dd14338,CUST00002788,a1d770ea-c704-480e-a246-6cd702ed5d15,PERSONAL,26031.4,5307.383925506308,0.0919,2022-10-20,48,ACTIVE,2026-09-29
20a145c8-8962-41dc-8b67-563a9d7362f2,CUST00004210,332ac35a-833d-4df1-9e11-a680d5016ada,BUSINESS,16837.44,403.92020907198315,0.1085,2022-10-02,48,ACTIVE,2026-09-11
fab8cd39-d6b3-481a-ad37-0c84a011d446,CUST00006541,ac5d7133-6a2a-4cad-a8ca-5b2ecb8e2d61,STUDENT,39883.97,22300.65394025661,0.0587,2026-01-09,36,ACTIVE,2028-12-24
f20d3aea-a998-43ee-a2a1-12b53a880cec,CUST00009390,2e2f2127-babf-4375-b17f-b7867d929cc0,BUSINESS,62273.03,10028.833528878593,0.1832,2024-01-26,48,ACTIVE,2028-01-05
16b3c475-4080-4548-8f25-152b27ce0017,CUST00009471,4d862412-ae8c-497b-955c-4e185be2124f,MORTGAGE,66300.74,12407.335411569926,0.1489,2023-08-10,24,ACTIVE,2025-07-30
fcc6713a-7cbe-48bc-875b-ce8c47054796,CUST00000466,8beb4e78-e683-43a3-bb82-b7963207343e,AUTO,5020.55,2190.4942355019916,0.0711,2024-09-16,48,ACTIVE,2028-08-26
bb2c23cb-361f-4924-a7a3-2e37475ce39f,CUST00001488,3b964c74-ffe6-4994-9580-4c2ac44fc4b8,MORTGAGE,14382.5,6358.173508734948,0.0443,2025-10-22,60,PAID_OFF,2030-09-26
dc399fe1-bfd2-45d7-acaf-9eeb21b5b893,CUST00004943,d0e34b2b-1ca6-4c33-b0d8-67cd038d5f5a,PERSONAL,132209.66,36276.62390448563,0.0718,2024-12-08,48,ACTIVE,2028-11-17
10e7ee6f-1c15-455f-bf6e-074d865fe33c,CUST00004598,97ac6aa8-bb24-48a3-9363-57b66f81cf4f,MORTGAGE,84285.98,11119.192620736294,0.1321,2022-09-28,12,PAID_OFF,2023-09-23
f4e1048a-f417-4dc9-b954-018b6be4d062,CUST00004537,cb1b8eff-d02a-4cbb-89b4-094ae048f1de,AUTO,2809.36,2654.7124628596025,0.1688,2022-04-27,12,ACTIVE,2023-04-22
b5e5f62a-9a39-4c36-93c8-40115c2281fe,CUST00000326,5cec4eb5-edd9-4831-9ca3-5cfb04fc6d82,AUTO,37317.58,4912.509214286235,0.1106,2025-12-04,360,ACTIVE,2055-06-30
ac5200b5-029c-4bda-b37b-574e323f9bb2,CUST00009958,c30dcc74-0512-46b8-bb64-665ccb26a809,STUDENT,1133.04,397.43936925646375,0.0384,2021-12-31,60,ACTIVE,2026-12-05
bc1af663-a096-4a2f-bc58-196e2064774f,CUST00004163,cfa701cd-2631-400b-a6d7-94d30db95301,STUDENT,23633.07,7204.9666100512595,0.0649,2026-07-08,24,ACTIVE,2028-06-27
a250b2fc-093e-4080-a0a9-20970356f7ab,CUST00000304,8f8d4107-c4d5-4c13-b561-d900aa52cdf3,AUTO,379515.43,328788.59948952054,0.0821,2024-01-07,48,ACTIVE,2027-12-17
46e95aec-0cfb-4d8a-ba8a-7ad235362888,CUST00005068,f9012b9c-6057-453a-8067-f79084440504,AUTO,5314.32,2179.2030711986367,0.1345,2022-03-27,48,ACTIVE,2026-03-06
26366874-b225-48de-b6e2-887aefe61690,CUST00005025,bce05a63-197f-4b8d-879b-f5e62275b1e2,PERSONAL,6301.33,781.6390230304768,0.0644,2024-10-30,60,ACTIVE,2029-10-04
216dfc70-2196-4bee-9a35-44b538118828,CUST00007716,54470290-4640-4b2a-9c02-28afb1d29457,MORTGAGE,69289.22,710.9786545453298,0.0621,2023-08-29,360,PAID_OFF,2053-03-24
5bf2e8db-7f7e-42ed-b05c-3053b789593e,CUST00009633,afffcfd2-341e-440b-97c7-00aab7b56ea7,STUDENT,2177.21,1571.8358961807703,0.0715,2022-04-10,36,ACTIVE,2025-03-25
b2092e71-208f-498c-ae2c-92b2d9b97b79,CUST00008341,6035d9af-4a68-4bad-9af4-cf72da622059,PERSONAL,8525.93,6091.786300157011,0.1267,2024-02-19,36,PAID_OFF,2027-02-03
5f786318-3e63-431e-9a6d-a2e5e0351e44,CUST00002632,a0ee404f-9ea8-4cb1-8732-68c98c1e9464,MORTGAGE,53887.93,22513.49723487022,0.1087,2023-02-04,360,ACTIVE,2052-08-30
e604d38c-0a9b-4471-b1a7-9435b7c52ba7,CUST00006392,fa5f9e72-5166-488b-b008-32dae24ba9d4,STUDENT,8506.38,1074.423847696743,0.1715,2024-03-27,24,PAID_OFF,2026-03-17
80dac46f-2171-4e00-8261-c03dc6df62a7,CUST00008288,4bbe4aff-9326-4ffd-9be4-bf5192698698,PERSONAL,15460.52,5745.65199195722,0.1456,2022-11-11,48,PAID_OFF,2026-10-21
e2e6e895-55e1-4b39-aafd-5fed17f20b40,CUST00002370,c9c1ad45-f4ea-4b97-aaa4-15b56336c815,BUSINESS,67257.15,39673.812483694375,0.14,2025-12-27,48,ACTIVE,2029-12-06
6557ecee-40e3-400c-a83b-81bc0c0a7983,CUST00000529,35f2e254-3e14-4f6a-abcb-b347e9b758ee,BUSINESS,41453.15,29180.652358160252,0.0478,2026-01-19,48,ACTIVE,2029-12-29
fbff1829-aea3-498b-80bd-204e32714f01,CUST00004676,d1c06099-a1f8-46ce-a5dc-6ce55fbbdfd7,STUDENT,32867.11,2571.519151025524,0.0299,2026-06-26,360,ACTIVE,2056-01-20
b71a72c1-582c-497f-8eb4-762ed32b3c0d,CUST00001664,f6558f35-244f-45c6-b489-0e8ce65dd443,PERSONAL,13244.22,7367.858528464343,0.1118,2024-01-12,12,ACTIVE,2025-01-06
ef55c8e2-3b16-4e64-9849-73b7cb052418,CUST00003365,6b352f85-504e-4687-b0e7-e75604d9145e,MORTGAGE,38372.32,10595.521497917038,0.0329,2022-03-08,120,DELINQUENT,2032-01-15
75a8457d-74f8-44e2-b0a1-e5ddd403653e,CUST00002342,0f14f86c-2b50-4ad7-adb9-4a81684344a1,MORTGAGE,18295.33,11293.090420984747,0.0855,2021-07-21,36,ACTIVE,2024-07-05
95a5de44-e731-407b-a5db-b4045b199207,CUST00006657,ef60250e-a055-41d3-8c16-ab4e97b018b0,PERSONAL,43770.2,28369.222805815152,0.0247,2025-08-06,360,ACTIVE,2055-03-02
39681e1d-898a-4752-9c71-64a818906db4,CUST00004906,b52f5f46-c0b0-4dd0-bac9-b5b642e88605,BUSINESS,10452.56,9518.139829022351,0.0518,2024-12-27,120,PAID_OFF,2034-11-05
af0caa3c-122f-462e-8495-6e6a21cc0211,CUST00008885,7b85179a-d5b0-47e0-aa5d-932b45ff2c83,PERSONAL,16749.88,6873.788542360033,0.0399,2025-03-20,60,ACTIVE,2030-02-22
fd9c70c3-2972-4882-a6d9-d3d105ddf023,CUST00009144,9f8cc29f-fd35-4c5f-9347-9a3b479bc637,BUSINESS,4989.36,2682.2333360527477,0.1642,2024-10-30,120,ACTIVE,2034-09-08
aec13f6e-6a6c-4216-96f3-e1c899249d85,CUST00005951,e552d0a8-b66f-4507-a588-b999971eea39,BUSINESS,20899.67,5605.607554704133,0.0823,2021-08-23,12,ACTIVE,2022-08-18
fa709240-af8f-48b4-901d-cc22e22a75cc,CUST00001361,f6f61488-d620-45f0-9253-b6f72328051e,MORTGAGE,6525.67,1869.9765757531336,0.0342,2023-07-01,12,ACTIVE,2024-06-25
4c6cfc1c-783c-4761-92f3-77fdbe072245,CUST00005128,c4605896-ef87-4f0d-8802-2f8e38de6b6e,STUDENT,4141.98,190.67100255153227,0.0678,2021-10-15,36,ACTIVE,2024-09-29
0a76e404-9bad-46c6-9d7d-08c960cc7abd,CUST00005563,3f8e2d0d-5261-4dec-b979-d5f56b5bc975,AUTO,32467.4,9287.914777182525,0.1429,2023-01-23,48,PAID_OFF,2027-01-02
950097ce-28bc-4d51-b1e4-53e6dc50522d,CUST00008731,7249f62c-0898-4462-980c-b95c19d45deb,PERSONAL,30306.26,1934.408862193772,0.1542,2025-04-10,24,ACTIVE,2027-03-31
37d9f94a-87e8-43e5-b4ae-6f01bfc3535d,CUST00009012,0426fcc9-255b-40e2-bdc2-b74b38a56b49,BUSINESS,71275.69,68703.76307590051,0.0416,2025-06-29,120,ACTIVE,2035-05-08
0777cad1-c900-40bf-b1b1-59b61e8c8499,CUST00005778,a28defe3-9bf0-4273-9247-6f57a5e5a5ab,PERSONAL,11536.97,7202.106218637056,0.1601,2023-02-20,360,ACTIVE,2052-09-15
f721e45e-d796-4fbc-bf79-17c5437feb6b,CUST00003926,3985fb62-17dc-4eff-a872-13f98d605936,STUDENT,40622.58,7033.741278675126,0.0867,2024-06-27,360,ACTIVE,2054-01-21
46a1c19b-d238-4804-8a8c-e2d7bdeb7527,CUST00008464,d7c4fe9c-e1e0-4ffc-98f6-fd7f7eb162f1,STUDENT,50321.94,5875.909752897315,0.1423,2024-05-04,60,ACTIVE,2029-04-08
645261f7-6318-41d2-9ebe-22d3111f1a28,CUST00008002,fb10987f-20ac-4703-ab67-146a77a6e17c,AUTO,42922.9,15886.736226495548,0.1409,2023-03-26,36,ACTIVE,2026-03-10
14c6e496-9146-470a-a69d-2c2229861808,CUST00001029,65ebd4dc-b49b-4b72-8631-9c165827bc1d,AUTO,6383.8,1963.9589909017595,0.1628,2022-08-01,24,PAID_OFF,2024-07-21
f05ad4ec-33f9-4264-9e5e-d279cd2c614b,CUST00006019,0b6c03c8-721e-4419-afc3-e6495e911b91,BUSINESS,27557.92,7695.680912058022,0.1455,2022-04-04,36,ACTIVE,2025-03-19
0394fc90-7ca2-401f-ab77-fbe41e57072d,CUST00001243,51683612-2bb6-4a4e-8c47-5261e585a0a5,AUTO,38033.04,17806.918904703325,0.027,2025-12-06,36,ACTIVE,2028-11-20
67e69ffe-5dec-4a98-8e4d-f5f680474077,CUST00009334,43a534d2-8e7d-4f5a-8773-e66a6db2b020,BUSINESS,22264.92,20325.06308396352,0.1135,2023-07-18,36,ACTIVE,2026-07-02
f805d526-5e5a-4447-a282-20cd8ea359f9,CUST00008785,92502e59-13f0-4822-9374-8a1145712959,MORTGAGE,963.22,547.1573660460863,0.0499,2024-10-19,36,ACTIVE,2027-10-04
f83f136d-d768-4211-aaed-5760d75b6911,CUST00007120,78460474-927c-4ea7-8a15-9e92af74ae63,BUSINESS,28021.7,14605.792852074866,0.1946,2025-03-11,48,DELINQUENT,2029-02-18
f43c67ba-75e3-40a3-a4ac-70a3e84c1940,CUST00009798,66fba71d-b3a9-4caa-ac6f-6d2e6a59c043,AUTO,608527.0,490806.49960325315,0.0661,2025-12-09,360,ACTIVE,2055-07-05
0a6368f2-e413-44d3-a083-ebb5c0cdf96d,CUST00004211,b0d515ab-c891-455d-94c1-76b90ac013d5,PERSONAL,12835.13,51.65641304557997,0.0956,2025-01-08,12,PAID_OFF,2026-01-03
64dd4384-b34f-41ca-bbde-c3f462171534,CUST00006407,acffa99f-f005-4f9a-a6a2-c94556f11afb,AUTO,7390.01,1458.682068913867,0.0554,2022-07-14,360,ACTIVE,2052-02-07
92010309-1588-4873-a729-26b0ee0b683a,CUST00003378,257f7595-cdfb-4db9-85e7-8b23f4613f09,STUDENT,38562.01,19133.92696376164,0.0442,2022-09-18,360,ACTIVE,2052-04-13
5caf5c6a-64ca-48e8-8dde-dccc831bef03,CUST00004072,d8d994b8-d90f-44e9-86dd-f6cab0c30a59,AUTO,35191.76,24821.067183718045,0.1282,2026-01-13,120,ACTIVE,2035-11-22
94ca68d9-4d9e-4c77-8f79-4b765c96703d,CUST00001441,57a911b3-5139-44a1-9081-34dc54270925,MORTGAGE,131808.15,63930.66907283309,0.1088,2025-10-07,36,ACTIVE,2028-09-21
c881464b-c358-4cfb-875f-a0cf4974e1b7,CUST00003627,195c663b-9b82-4430-8563-cafe8d31df34,BUSINESS,3338.24,546.5232374178402,0.0874,2026-02-02,24,ACTIVE,2028-01-23
0942f1cd-a7f1-4425-8ced-c55b41365c29,CUST00000185,f510ab53-c7fe-439f-9190-f938a66fd7f7,STUDENT,65977.59,61358.02505072024,0.0354,2023-06-13,120,ACTIVE,2033-04-21
643a6898-6e75-4006-b71e-b55d70e3c153,CUST00004997,1ccec1ef-16ef-4cdf-9375-ee61ec94503e,BUSINESS,53403.58,17551.894622200136,0.1525,2025-02-08,24,PAID_OFF,2027-01-29
4e6120f3-af52-477c-b243-cee9facd64f1,CUST00008413,65daced0-460a-4125-bf8c-93d4c32afc4a,BUSINESS,17796.91,14027.803542366662,0.0211,2025-09-15,24,PAID_OFF,2027-09-05
b79fa51d-3045-438c-852c-7f939acaf159,CUST00008032,48d3d2ce-fba3-491f-88df-aaf8b9efaad6,AUTO,36608.33,32633.153519349828,0.1024,2022-07-18,12,PAID_OFF,2023-07-13
58029d89-6ab5-44fd-914b-254e39873b7f,CUST00005564,60042231-36c3-4e85-8bae-295e902a405c,PERSONAL,103175.45,35745.07044524812,0.1339,2021-08-09,12,ACTIVE,2022-08-04
9ac1b7f0-a5b0-4be6-8d63-96fe022f6ca5,CUST00003189,88a613b4-a3b8-4f92-a3c9-0c6a86017633,STUDENT,81509.35,68900.81384355896,0.0975,2026-01-29,24,ACTIVE,2028-01-19
3094f256-7420-4299-aad2-85f1607e683f,CUST00009286,5738811d-70c2-403f-ba8d-03aa782a65e0,MORTGAGE,3965.83,2818.8075959133803,0.0427,2021-10-28,48,ACTIVE,2025-10-07
62a5aa21-2b3f-4e5d-98b4-d672212552fa,CUST00002946,e00da49d-effa-4002-b040-413c4690fb15,MORTGAGE,75375.48,68160.6021182003,0.1601,2021-09-23,12,ACTIVE,2022-09-18
d5828d59-e1ce-459e-af10-2145227b0512,CUST00006766,6e4c1501-808f-4cb9-a59d-12db268f090a,PERSONAL,19989.59,5023.597890054617,0.0783,2021-10-20,12,ACTIVE,2022-10-15
f7f9efbc-4ba7-4c70-96a5-4aa01e1296dc,CUST00002475,a38cc35f-12bc-4090-86d6-fba776509bcd,PERSONAL,24570.73,22882.170615469913,0.0443,2025-08-24,48,ACTIVE,2029-08-03
c92c2f78-3768-408e-8177-497a25987d51,CUST00006788,84e3b774-569a-4ef0-9f86-5633ab7aeb66,AUTO,24582.63,1605.4049525805283,0.119,2024-06-26,36,DELINQUENT,2027-06-11
eb6d3598-232f-4fbe-aa5b-e35369331443,CUST00008793,cbd431cc-ea7a-4c21-a1a1-a29c5228ed8d,MORTGAGE,17582.08,13954.392031946745,0.0235,2021-11-14,12,PAID_OFF,2022-11-09
f0dac80a-57f1-49fb-bd24-e118d428df1c,CUST00009353,13483fb3-c982-4300-b95f-17e6d8eae31b,STUDENT,131605.13,57335.75168589107,0.0783,2023-10-05,120,PAID_OFF,2033-08-13
52105009-b207-45f2-8e07-b7b4a7905401,CUST00004600,18412e07-f583-4c69-807f-26542be4be9c,PERSONAL,19427.08,3455.882617249815,0.1551,2022-02-10,24,DEFAULTED,2024-01-31
19f620a2-26bb-4675-ac6a-e5e1443cf3a1,CUST00006275,43b47ee5-e1e8-4e7e-a249-8f666e51484d,PERSONAL,4107.96,326.1841634436036,0.1843,2021-07-23,24,ACTIVE,2023-07-13
836392b7-d9a3-442a-83c2-8870adde98b6,CUST00004314,0bd18d4a-4cf4-4edd-bf93-04fa00059b9d,PERSONAL,12206.27,4754.922132479191,0.1265,2026-03-31,48,ACTIVE,2030-03-10
0a0ef615-f478-4e8d-a2e3-87c2a2e01d59,CUST00002219,e83cdff9-78a1-4988-84e1-502aa76180c7,STUDENT,28797.45,11211.536169723402,0.0592,2025-10-23,24,PAID_OFF,2027-10-13
f2fb122f-7e34-4e79-bc25-d3bd88a72da1,CUST00001153,1b0c62eb-27c8-4c6c-9be5-a4c395af6d0c,MORTGAGE,139221.6,32015.034975033403,0.0596,2024-03-14,360,ACTIVE,2053-10-08
afef2e1c-f34b-43b9-9818-2703fc800953,CUST00000057,2a35ce30-303c-404b-8007-93365bf7dda1,STUDENT,54428.44,11730.166928323806,0.1287,2021-10-06,60,ACTIVE,2026-09-10
9f6e292a-bd6a-4ee8-991c-2be69e2189db,CUST00009397,0f9027d5-90f0-447c-b4af-80050ba24c4f,STUDENT,6149.94,2456.988962130036,0.0932,2024-03-05,24,ACTIVE,2026-02-23
a3b44efe-25c3-4c9d-a856-1badee287a92,CUST00000144,9a11ddf4-be1a-45c9-a12a-c11c21677dca,AUTO,916012.12,375669.28759618854,0.0519,2026-06-15,48,ACTIVE,2030-05-25
e84dfaa4-4fa6-497e-b96f-52663d77546e,CUST00007219,0a670143-6090-403c-9e8d-f8ad838b77ad,PERSONAL,32766.53,14494.759462724714,0.1617,2022-09-11,48,PAID_OFF,2026-08-21
a873abc8-15aa-4a3b-b612-3cdad216d058,CUST00008560,2c9de90a-b805-4e3c-8312-5b58e2a868e7,MORTGAGE,149206.44,129624.49531023351,0.056,2025-01-14,48,PAID_OFF,2028-12-24
61592130-aec5-409c-9226-15b299cd0df3,CUST00009675,1a115f59-10d7-4164-ae8d-0018a04dac84,AUTO,17543.32,10723.433407616489,0.0779,2022-12-08,360,ACTIVE,2052-07-03
8f48de0a-3375-49d9-b879-7294437fdbd9,CUST00006362,23966b83-5cd1-4b22-b0e8-b2fa4fc34759,AUTO,49022.71,1001.6891747062099,0.0311,2023-03-21,120,ACTIVE,2033-01-27
e32a2082-3d4a-4183-8e14-586856bdebf5,CUST00000616,32a807cc-2c47-4336-8006-1add316c00bc,BUSINESS,77590.69,40277.26834680465,0.1462,2025-12-12,60,ACTIVE,2030-11-16
f66037cf-f737-44aa-b85c-c2c8224c6031,CUST00008063,f2ce7eeb-4c56-4b8f-8bb4-32b3d2e76deb,PERSONAL,136939.17,104409.44763771357,0.0696,2024-07-17,360,ACTIVE,2054-02-10
75ffb57f-f27d-493c-881f-af4bfd4454db,CUST00005978,df4e713e-f64e-4dfc-bfbe-ac7aefc59738,MORTGAGE,107586.72,6069.43021295781,0.0619,2022-06-10,12,ACTIVE,2023-06-05
e3931b79-2fc8-4230-b53f-38c0f95f299a,CUST00009781,0997623a-e072-4d96-8a1a-81f5ed10f004,MORTGAGE,81494.88,34440.3784084978,0.0746,2024-12-15,36,DELINQUENT,2027-11-30
5d5b0bd9-0ebf-4523-aaad-89265d9a24cd,CUST00006985,a6aa59e5-dc08-4f29-92d3-3488d0c30018,MORTGAGE,13730.43,6195.309287287996,0.1773,2024-08-25,24,ACTIVE,2026-08-15
3eda9150-3993-4371-bc60-ae1c8818d277,CUST00008891,bc2e2b59-2c7d-4667-b664-c7202fddb26a,PERSONAL,9342.98,8913.394005764105,0.1132,2022-09-10,120,DELINQUENT,2032-07-19
f3098246-33ca-423f-b301-13f042bffd8b,CUST00004972,de46222e-2514-47ce-b4e3-5f7ba1b7e3d8,MORTGAGE,36275.99,17255.906350591133,0.0484,2026-02-28,12,ACTIVE,2027-02-23
b084aab8-cf15-4c06-88e4-5be4d0b3575e,CUST00005782,441dde33-0fa1-459f-826f-05f619cea0c3,STUDENT,89294.23,66961.7665312191,0.1594,2025-01-27,48,ACTIVE,2029-01-06
b4d70339-1424-4cfc-93da-35053daaae57,CUST00000945,2477f047-8336-4758-99f9-3502a55bc44f,STUDENT,15770.86,4777.025748705643,0.0575,2024-09-16,12,ACTIVE,2025-09-11
ab204463-d92c-46c8-9da7-f990d59ec42e,CUST00009115,01a4c2d1-4edf-4a12-b2f2-40e365e1605b,PERSONAL,108853.47,84830.23317594039,0.0942,2023-08-18,360,ACTIVE,2053-03-13
072a5087-67d9-483b-bfdf-c5c0876cacdd,CUST00007079,6c3912ef-b9fc-429f-8dcf-2615c62f3461,MORTGAGE,194643.53,62804.142013196106,0.1223,2021-12-25,12,ACTIVE,2022-12-20
445f1ad1-b801-4d83-baea-50545fb56c40,CUST00001747,7ec391ef-44ad-4484-b112-3048e128b9a8,BUSINESS,5572.05,2396.112929865762,0.1252,2025-05-24,60,PAID_OFF,2030-04-28
c742bbaf-7787-4d52-9d12-bbc65eaae175,CUST00005784,a1726883-d971-4e00-a4ad-5e9bfedd22d9,BUSINESS,6276.82,3009.6239510140213,0.0324,2023-07-06,48,ACTIVE,2027-06-15
b098a176-ea87-4e7d-a3f1-8953ba4ec145,CUST00009752,2d8cc973-43c1-436c-9013-b7a3f4a29332,BUSINESS,17844.26,16530.26168066704,0.1706,2024-03-18,120,ACTIVE,2034-01-25
7fd7559e-44c0-4b4e-acd5-f173904fa87a,CUST00006908,f7716700-7305-4d23-8fd0-b040d5916d49,STUDENT,34941.1,1867.7257592046576,0.1063,2024-10-03,120,ACTIVE,2034-08-12
66c09e7b-741a-426d-8bca-fbdb54b0f552,CUST00009276,495743a2-81b1-4b80-a5e1-b0f5ca0ee8c4,BUSINESS,10028.13,1974.209383066006,0.1981,2024-02-07,48,ACTIVE,2028-01-17
b87618a0-e519-4db0-b64c-99ed963a4320,CUST00008626,247474b3-1d7d-4bb3-8e00-44e207af3b8a,MORTGAGE,167427.22,118160.54603101364,0.1491,2025-08-06,24,ACTIVE,2027-07-27
b8c4535c-44ac-4bbe-bd88-857bcc282628,CUST00002927,5aff4594-40dd-4895-9015-48989187c9a0,MORTGAGE,41610.19,24033.1161674441,0.1987,2022-03-30,120,DELINQUENT,2032-02-06
ea8b34b9-e6c7-4728-b157-8055c5a79a96,CUST00001090,0b6c03c8-721e-4419-afc3-e6495e911b91,BUSINESS,23369.12,5878.06724637442,0.1016,2022-03-24,120,ACTIVE,2032-01-31
3309cd89-f26d-4669-95e3-8f96a2bf0f3d,CUST00002958,0b070a68-c8f2-47a3-a221-3776427ae472,AUTO,2555.84,739.1511962850097,0.0453,2024-09-19,24,ACTIVE,2026-09-09
6fc41bf6-3d6b-4f76-b790-df8a5c493e43,CUST00002613,4758367b-a649-4cdc-907b-907265e58f34,BUSINESS,3060.32,1124.0845649979553,0.1509,2024-02-21,24,ACTIVE,2026-02-10
fdba93eb-78e1-4240-9077-1f715ee76dc6,CUST00006048,78ea47e2-cbc4-4d42-9c39-b57dbc0dbd13,AUTO,33574.22,15120.047553145301,0.16,2023-04-15,360,ACTIVE,2052-11-08
62fc194b-649d-42ad-8556-b8a2db747f33,CUST00006250,a7dc2bc0-bd9c-4693-b6ca-1127e9f87970,PERSONAL,898.84,735.2756792325271,0.1735,2026-06-19,120,ACTIVE,2036-04-27
c6e4472d-983a-4d16-ba66-f439ee62af25,CUST00003760,44d18524-cf0e-4567-882d-7fc1be3074f8,PERSONAL,100604.89,1389.9044907593827,0.0743,2025-05-07,120,PAID_OFF,2035-03-16
ce908ee8-f657-49b2-a1de-ebef80b6d44f,CUST00007719,5738b277-8576-4472-8fef-c63f8d41d660,MORTGAGE,17374.68,15602.805637266998,0.1119,2023-01-21,120,ACTIVE,2032-11-29
e7ebff3f-3568-4bea-ae4f-fcf31046eb49,CUST00004264,cd4f8b2b-899a-4252-81e1-b94a78883058,STUDENT,2855162.89,1179259.6816942266,0.1744,2023-11-02,24,ACTIVE,2025-10-22
2d555314-143e-4fb7-a060-8b8d47c57d53,CUST00001903,2db13deb-ee6f-4bea-8df7-164713769ff9,MORTGAGE,702130.37,161839.30729298716,0.1757,2025-01-11,120,ACTIVE,2034-11-20
05aa0cd3-5eb4-4406-8919-d9ff57dfba1d,CUST00002568,5d00df1b-a83c-4c2b-b776-e729791f49f6,MORTGAGE,16778.04,8530.16860917778,0.0246,2022-10-28,12,ACTIVE,2023-10-23
0207006d-e883-44f4-b29f-2d6b8915a364,CUST00008076,a28defe3-9bf0-4273-9247-6f57a5e5a5ab,STUDENT,18779.0,12387.943731855381,0.1408,2023-10-31,12,ACTIVE,2024-10-25
d6b9bf52-ece0-4105-9500-99df929b958d,CUST00002995,74283491-79c8-42cb-a8d3-110e96bfae6e,MORTGAGE,98063.67,4388.5668547692,0.1283,2021-07-23,24,ACTIVE,2023-07-13
f09d07f1-eac4-460c-9e4a-9260efd52c09,CUST00005230,866cfb2b-3754-416f-8d79-132cf362d408,STUDENT,283440.9,202880.57675585095,0.035,2023-04-12,24,ACTIVE,2025-04-01
d094805e-1668-49f8-820f-46424e6cebb2,CUST00002011,3c9ad14c-ee0c-4eb5-acfe-db992790cebd,MORTGAGE,1887.4,1435.8606654457822,0.1874,2025-02-17,24,PAID_OFF,2027-02-07
662b7ae4-c2aa-4e0c-af74-10dd57790735,CUST00007378,5209eaab-39b6-410e-82c9-6b28beb96a4a,PERSONAL,1510.86,251.07816609288128,0.1002,2021-11-28,36,ACTIVE,2024-11-12
c959dbb9-52b6-43d4-a481-216b988fd26b,CUST00000831,2b10a823-d777-4933-adf0-1fe06d572692,AUTO,8664.14,1454.5481988574593,0.1414,2025-09-07,24,ACTIVE,2027-08-28
619c03d1-9362-4966-9f07-fe07f0a0a77d,CUST00000049,3ef7839f-8df4-497b-98f8-001856fe4769,MORTGAGE,52791.55,10758.102500272427,0.1789,2026-07-14,360,ACTIVE,2056-02-07
7259e6c4-d820-4466-8d55-93a365a6b335,CUST00004211,6f082598-e1b4-47ef-9f8a-4862ff68ef1a,AUTO,46411.86,36973.02025644801,0.0434,2021-09-21,36,ACTIVE,2024-09-05
ec32006d-da7b-4adb-9ce3-31182e857464,CUST00001179,99e95433-1453-417e-b11e-be6f68ffae17,BUSINESS,109607.07,29813.457991663763,0.1741,2023-04-15,24,ACTIVE,2025-04-04
debfe7d3-7404-4fd3-8377-c4283d51c7fc,CUST00005769,ce3fde9a-12aa-4ab4-be59-a0d13c5168b0,MORTGAGE,3642.6,2899.275883696792,0.1504,2024-04-14,48,ACTIVE,2028-03-24
3d56400b-22ff-4a30-86b3-fcbffb18291f,CUST00007879,108ab4de-49cb-4790-bca0-8cde4dbbb7cd,PERSONAL,682.51,368.9129389643538,0.1711,2022-08-08,60,ACTIVE,2027-07-13
96a805bb-b7a7-41ba-86e4-34945e317e80,CUST00000071,567e642e-052d-4b9a-9f58-4603e5a3d8e9,STUDENT,79779.45,61204.5067768753,0.1091,2025-06-10,120,ACTIVE,2035-04-19
2e7cdb3f-4404-47f9-9e60-ba33fcbfa2ca,CUST00007687,673ba8bd-c38c-4dec-9da3-9a73ba3df7ff,PERSONAL,6359.5,3521.0837085614853,0.026,2022-10-06,120,ACTIVE,2032-08-14
d04a8ff9-eee1-4ab3-9f5e-c4d26282a4d5,CUST00007880,4feeea91-8003-44a8-9c7a-b4e3ee8b09a3,AUTO,1066.64,358.1445386552645,0.1407,2025-11-07,12,ACTIVE,2026-11-02
aaee3f08-ff69-4568-8d79-c20f4931bd94,CUST00005456,f7bce0ef-72c1-468e-9390-6193490ce315,STUDENT,27380.75,24936.036261584628,0.0874,2023-09-15,48,DELINQUENT,2027-08-25
8b61d80d-a691-4dda-83c8-1787f422dc84,CUST00008259,999413cc-ff99-47a8-88ad-b388287e4086,PERSONAL,72385.66,51777.148578689375,0.0924,2026-03-11,60,ACTIVE,2031-02-13
caea5bfb-3f70-41b2-b206-9ba39561a574,CUST00005613,81f46dfd-3b6b-4c0d-b028-05af580661f1,PERSONAL,18341.37,8878.228233216863,0.0994,2024-07-25,120,ACTIVE,2034-06-03
6a5b54e4-f0e2-4a55-a84c-3ab4e5b2df55,CUST00005770,94010dfe-7921-4c7c-a119-ceee0fb91307,PERSONAL,11083.66,7065.040506461519,0.1087,2024-08-20,120,ACTIVE,2034-06-29
c6d93097-4d0e-4acd-9dc8-b74ad10b41c1,CUST00001778,fb924354-f34d-4b13-a065-f5cf25c978b5,STUDENT,17343.22,10680.706806374237,0.1391,2022-12-29,36,PAID_OFF,2025-12-13
36a7581e-4f17-4a4e-a2d9-79705115898b,CUST00007381,ecc38555-2b9b-4ffc-b2db-b2c54518f4c6,PERSONAL,12633.73,4524.3435879364915,0.1508,2022-03-28,12,PAID_OFF,2023-03-23
73eb0a4e-0e4b-4dbf-8f41-80b1b7e8b0a4,CUST00002229,e5f95507-6889-48ad-a234-5eacb8da3559,PERSONAL,2915.89,1235.6717987169397,0.1598,2024-04-30,36,ACTIVE,2027-04-15
a864a116-3852-4f46-a9a3-618b910ad032,CUST00009982,bc9a7998-6365-4c2a-a793-cb096b271eff,AUTO,7540.01,2399.659285921506,0.1409,2026-06-25,360,ACTIVE,2056-01-19
1ab01dc1-39db-4ebb-b538-c985c533af2d,CUST00008805,5200044b-3148-4df8-a6ca-8d50e5f5c891,PERSONAL,48142.46,48119.261660943186,0.1646,2025-04-11,360,PAID_OFF,2054-11-05
e756b705-ae40-4d26-a84f-52adf60768a0,CUST00009815,17e8392a-55ce-45db-9e87-e04ca2086977,PERSONAL,35686.15,20700.267114555016,0.042,2022-03-29,36,ACTIVE,2025-03-13
a54720e0-88be-4288-87ad-45b104a05d77,CUST00008889,a6cc0a57-8e01-4eb3-8352-8ba43f0e924b,BUSINESS,28341.71,2609.0052145011578,0.1706,2023-08-27,12,ACTIVE,2024-08-21
7ee50afd-1f3a-4502-bb1a-56bdafaea21d,CUST00006747,8cfb137c-a89e-44df-871c-10aecdb4adab,STUDENT,4950.67,2569.928361136176,0.0897,2022-09-15,60,ACTIVE,2027-08-20
5b345ede-d26b-4c21-87e4-7dbaf0ad73fb,CUST00006392,84a2576c-1fc9-45f8-94d6-07350e2f8958,BUSINESS,16776.68,838.1958934707628,0.1152,2026-07-15,12,ACTIVE,2027-07-10
ee926321-245f-4d94-aac1-4fd1eb74e721,CUST00009430,db55daf5-2dd4-450c-86aa-7991dd8cf1ca,AUTO,840.84,242.71018830347424,0.0981,2025-03-18,24,PAID_OFF,2027-03-08
bada092a-5e4c-4ce6-9453-9cdb1ec88633,CUST00002407,5fcfe711-8258-4678-804a-7761a52368e3,BUSINESS,28788.03,12838.341985555839,0.1056,2023-04-28,36,ACTIVE,2026-04-12
ea88d27d-17a6-4711-b256-9d7c8c8a22f6,CUST00008441,4b9dfd58-9e5d-4c7a-85ac-c35415f00cb4,MORTGAGE,187828.87,100351.42177278725,0.0714,2021-09-07,24,ACTIVE,2023-08-28
517e71e0-47e5-4f56-8e96-551aeeba6ad9,CUST00000638,905f9096-2996-46e2-8c9d-690713b22cec,STUDENT,2413.42,2355.935713732165,0.0506,2025-03-08,12,ACTIVE,2026-03-03
d0ce2457-5cdd-4f45-b588-93f1280b0996,CUST00008091,b599277f-f78e-49e8-b676-291d4e329b4b,PERSONAL,9146.33,8983.72401908163,0.0389,2023-07-27,12,ACTIVE,2024-07-21
bd37414a-4784-459f-a86e-dac1f82e98dc,CUST00000950,d89462e8-9580-4c3a-a932-a211214c0a4d,BUSINESS,36086.0,3538.9312824407048,0.1013,2023-12-21,120,ACTIVE,2033-10-29
e3a14f5d-6ed5-455d-ad1c-a2b3e5715f31,CUST00003588,0f8a579c-b6db-4b2c-bb5e-2d657ce71cca,BUSINESS,144244.34,77622.59221511893,0.0425,2023-12-09,360,ACTIVE,2053-07-04
75ed76cf-cc29-4582-8167-86fae7e55d10,CUST00001112,14296c07-f26b-4776-913e-4de2e0c53cb8,PERSONAL,11244.82,9188.248069244188,0.0641,2025-11-16,60,ACTIVE,2030-10-21
ae269692-d819-48d1-845d-ff54427fbc4b,CUST00008368,5a19d7ab-73e0-467e-87e8-1b25a9715404,PERSONAL,7798.02,1853.6893265873866,0.0441,2024-02-02,36,ACTIVE,2027-01-17
7f808dbc-adc0-4c1f-a3ea-46a8a6864e54,CUST00000723,a0279a18-6576-4410-8d41-ee472a5fda18,AUTO,1148.96,862.3669777542103,0.0396,2023-12-08,360,ACTIVE,2053-07-03
31a9b14c-7f49-40d9-9cc8-1f380c71aae2,CUST00003843,e92915a3-85cd-44bf-901c-93a3b1f22be5,BUSINESS,25723.42,22601.08698990258,0.1788,2025-11-22,48,PAID_OFF,2029-11-01
dea43dfd-29e1-4b4c-b701-f1f4a48f93b4,CUST00003675,76e5ae78-7bf7-41d3-aa66-2fce7089fc6d,BUSINESS,471235.88,312187.8310596778,0.1413,2022-03-02,12,ACTIVE,2023-02-25
ad3c919f-d0dc-47a3-af0a-d184a5ea3158,CUST00004867,7250ee18-260a-4962-9d81-b7f57d5911c6,MORTGAGE,33390.87,10942.299919852016,0.1863,2024-03-12,120,ACTIVE,2034-01-19
6932317a-876e-4409-b106-3540067b0c70,CUST00000703,f00f63ef-e59f-41c2-804e-a81ad3d877a8,MORTGAGE,21302.54,19665.063158045323,0.1359,2025-08-05,48,PAID_OFF,2029-07-15
bdf1de53-e014-43df-9768-6c78cbf01dcb,CUST00002129,6c092d0a-9f4f-4355-baa6-961c20e4dbfe,BUSINESS,35707.77,31548.532295295674,0.1719,2022-08-16,36,ACTIVE,2025-07-31
e7a9f866-38f9-4aed-a5c8-5224d202d65b,CUST00009119,29298691-ec93-443d-9e5e-8cfe2a96c526,MORTGAGE,21663.02,15506.93819754161,0.12,2026-03-06,24,ACTIVE,2028-02-24
21ce7ad0-73f5-4a4e-b67a-004b71d87c8f,CUST00004234,f9690579-79dd-4dd4-af97-fbd2a0c45942,BUSINESS,6505.99,2366.0211093411135,0.1033,2023-09-15,36,PAID_OFF,2026-08-30
ae957e1c-667a-4370-ae12-d25593ca3df0,CUST00002518,d9b59f84-edc3-41c3-adea-2d2d086c405f,STUDENT,75729.26,59969.72552084998,0.1151,2024-03-03,360,ACTIVE,2053-09-27
31ea2821-3034-4270-a81f-f52852ec03ca,CUST00001150,edba84d1-e110-4d91-8244-bc44b25c5b50,AUTO,30904.04,9769.044608701432,0.0776,2024-11-12,60,PAID_OFF,2029-10-17
47561669-1c89-4238-80df-2b6b77d0da32,CUST00001879,4fb67094-123c-4911-abd8-ad4d3eacdb28,MORTGAGE,22616.16,5720.822158216249,0.1384,2023-05-01,48,ACTIVE,2027-04-10
d3d17709-a54c-4489-8fdb-a768e9390c7f,CUST00009446,0b7ce5c6-9096-4629-91f3-90f4fa069889,BUSINESS,5099.77,2626.449820168544,0.1815,2021-12-24,120,DELINQUENT,2031-11-02
a119ca40-c360-4f0d-accc-d30e0bf0afdb,CUST00009676,8ccc9cea-109f-48ee-b5a4-720058f0dd23,MORTGAGE,155633.93,155188.0738083789,0.1608,2024-10-25,360,ACTIVE,2054-05-21
270a4855-d0b6-4ada-9b6b-8e34b344a147,CUST00000310,1a115f59-10d7-4164-ae8d-0018a04dac84,AUTO,59698.02,48016.42734617298,0.1032,2025-12-09,48,DELINQUENT,2029-11-18
89797b17-eeb3-4b22-b077-d33ed04cc4db,CUST00003953,f541a44e-16cc-4813-a635-53ba4299b351,STUDENT,9610.57,7013.7241375143985,0.1917,2025-06-15,24,DEFAULTED,2027-06-05
efa107ee-ed75-4494-864b-4edc101905bf,CUST00007729,80daa8ca-6230-4d27-9a4b-160621019bff,PERSONAL,98986.35,44743.09194871138,0.1974,2022-05-07,360,ACTIVE,2051-12-01
84e69ef9-a629-4bb2-9352-e5785e13ab9c,CUST00003050,1cce08e9-6b6a-4061-881c-8d3185c69fbf,PERSONAL,10442.55,3257.553568423343,0.1088,2026-03-01,120,ACTIVE,2036-01-08
094f5166-0bae-4d2b-bbec-e5d5a8856294,CUST00005767,82f552c8-9ae6-4149-9a69-78cf51589375,MORTGAGE,6815.77,5833.622744458392,0.1756,2022-05-27,24,PAID_OFF,2024-05-16
7bdd42e3-26e8-4cb6-abb7-e6cc067b30d1,CUST00009757,6c521d13-b719-4b68-a775-ee42a89e22f2,BUSINESS,7047.62,4001.1648948498305,0.0209,2022-05-03,12,ACTIVE,2023-04-28
babfbd99-2d9d-4bd8-aeb2-f98cdb38c2f2,CUST00009693,2ad11fe8-7d1b-495e-b1a0-449dd703262f,AUTO,1545.96,1257.259624236411,0.032,2023-09-01,360,ACTIVE,2053-03-27
2fb1eb40-4f26-4edb-90d2-8a3220c6270a,CUST00006413,0f5f9707-a008-4c20-8272-88e6ff39a117,STUDENT,44681.44,21793.53810897311,0.024,2023-09-19,36,DEFAULTED,2026-09-03
d8c024a9-a99e-4f9b-b68e-af5851ddaa9d,CUST00004866,4242fc5c-866b-429a-b877-e049b52f5e0d,STUDENT,1412.73,1065.1383705157145,0.1592,2024-02-12,360,ACTIVE,2053-09-07
6ce87f51-1eb2-4170-b1e2-d719f2034fe7,CUST00000016,f42973f5-d1d1-4e0b-a7e7-a6bdc2a49fd8,STUDENT,3488.87,3027.4357473679156,0.0344,2024-12-30,360,DEFAULTED,2054-07-26
3a099c80-4d16-4503-9aad-dae806c6b8c2,CUST00000606,0eb5e5a7-98f3-4640-b6a9-e3e3b62bccb1,PERSONAL,979.08,383.20214711624715,0.0231,2021-08-06,60,PAID_OFF,2026-07-11
cab0d331-b13a-4dc7-92db-a951f7b8895a,CUST00009574,4a90cd0c-24c1-43b9-b7f2-85723defa849,AUTO,19358.67,262.68882581377585,0.0465,2025-01-14,12,PAID_OFF,2026-01-09
37b5ba07-eb21-4c92-84ec-df3a1f9850b1,CUST00004909,42ac66dc-904f-4df7-88f7-2c2dba1ad160,PERSONAL,17580.04,4481.619227710222,0.0751,2022-07-07,36,ACTIVE,2025-06-21
ce5e137f-8772-4818-a5e3-1112c35826a5,CUST00008007,af9e7a0e-936d-44a7-bab1-996a21925613,MORTGAGE,13493.4,12345.314615368363,0.1036,2024-10-04,24,ACTIVE,2026-09-24
7e8f7fe9-163b-4284-b1b2-5b70a0a6e38e,CUST00009087,ea350f17-c157-4761-9162-f6dbb5d2bf7f,STUDENT,4610.69,3170.0442253058422,0.0318,2021-12-20,60,DEFAULTED,2026-11-24
08fb27dc-e88f-42a4-aa1b-41edfe530a7e,CUST00009760,fae2d4a8-a475-4fa7-8d30-69bfca6628a8,AUTO,3795.8,2798.334803851338,0.1098,2023-07-08,24,ACTIVE,2025-06-27
60ca13d1-32b7-4456-9f22-b19432ce3db1,CUST00006413,6d283989-1271-4873-a4bd-e1a811c7bec9,STUDENT,44203.3,14378.830202958705,0.0647,2025-08-17,120,ACTIVE,2035-06-26
b58d4c97-59df-4bb2-988a-7de79f57dbfc,CUST00008606,889b78d5-dbfd-497e-aca2-b148da330aa1,PERSONAL,9644.78,6763.623657133699,0.0694,2022-05-21,24,PAID_OFF,2024-05-10
640933ec-c68b-451f-84a2-092d2777fe38,CUST00004121,9ca4364d-5d9a-49f1-908e-3a956c6e8796,PERSONAL,35402.49,22879.99719003572,0.1679,2024-04-17,48,ACTIVE,2028-03-27
06dba492-b889-4a75-a80f-58fb2d0f0209,CUST00008508,dfae1803-93d7-47e7-a392-3df45fec59ac,PERSONAL,5837.9,1041.3276100125474,0.1976,2024-09-29,36,ACTIVE,2027-09-14
935b67b4-2fbd-4d23-a516-8cda99d6bf85,CUST00004667,b198047f-4612-4424-bac0-67a69297eaac,STUDENT,28899.92,27995.085972483434,0.1035,2024-12-03,12,ACTIVE,2025-11-28
7c115895-db1f-4973-a194-3347b9ebce1f,CUST00004821,e63658c9-12d0-498d-b18d-4d05e8e22743,AUTO,155580.27,55079.39739995159,0.0779,2025-02-10,360,ACTIVE,2054-09-06
20b8d865-580e-40e4-bf02-7521c8ba5226,CUST00007836,a748dbcf-ac61-4e63-8dde-29a6baa4b71a,AUTO,53063.72,17473.191779495326,0.1877,2026-05-19,48,ACTIVE,2030-04-28
9d88e7a4-f763-41e6-9f9f-9701b819544a,CUST00001850,9de2fd3f-f952-41e8-9029-733c9e55f98d,MORTGAGE,11865.37,4380.238312062665,0.1101,2021-07-18,120,ACTIVE,2031-05-27
dc1c4e12-e4ac-4e29-93c6-756c5a2cfba8,CUST00001954,172e8c68-82aa-4c46-8049-9bbf76f6a778,STUDENT,32396.27,2971.37342222778,0.1515,2022-12-31,36,PAID_OFF,2025-12-15
e8d7ea29-3694-478c-aed1-95c9a8c62c4d,CUST00008581,f2dd85f6-3446-40f0-a19e-17fffaec8f42,MORTGAGE,15352.02,9594.452413685392,0.0945,2024-06-17,120,ACTIVE,2034-04-26
26994648-2b42-423a-a5fa-d4573c10cbcf,CUST00002770,2b1ac76c-89ec-4c51-98cb-aa5247f53019,MORTGAGE,22288.37,5318.545435589877,0.0565,2025-08-01,36,ACTIVE,2028-07-16
d08ef8b5-c556-4034-b177-3184a3d2e30b,CUST00003047,d36ec1bd-000b-4f5e-8c91-bd138ea02346,MORTGAGE,13515.38,10857.07716137963,0.1379,2024-05-15,36,ACTIVE,2027-04-30
9daeceaa-b306-4396-ba12-2631715463ee,CUST00007595,db20a56e-dc81-4fe7-8eda-8bbb71710434,MORTGAGE,17214.33,6785.1345563651885,0.1397,2022-01-26,60,ACTIVE,2026-12-31
9a77c01f-85af-475b-a4c4-607130aaa9ae,CUST00006841,4b657bcc-b041-4f19-bbe7-18354e8bf78a,PERSONAL,30276.89,13883.724726881019,0.1028,2023-02-27,48,ACTIVE,2027-02-06
498e6ba4-005d-45a8-ac9f-57059ba0e399,CUST00005067,bdc242a8-d1ed-4618-84da-c679d113b5ff,MORTGAGE,4963.97,3208.8196839680113,0.0686,2024-08-27,12,PAID_OFF,2025-08-22
b0f1d209-7943-4f6f-9a55-4d255d144588,CUST00002416,bd0b0fa2-8bee-483f-96a0-6bf2c14ebd10,AUTO,4799.09,3656.2881402460503,0.1697,2023-12-11,48,DELINQUENT,2027-11-20
c81e4c13-e4f7-46ab-940b-d487b188bd6a,CUST00002390,ead1d758-b319-418d-aef0-3a1b645f273c,MORTGAGE,2744.04,634.1896411154124,0.0696,2022-04-21,120,ACTIVE,2032-02-28
5aa249bf-c827-4447-b8d8-e484d4e384a3,CUST00005925,846af2e6-5c89-4b2a-bedd-fc1777723a5a,PERSONAL,1997.38,1930.0569682924308,0.1386,2023-02-26,24,PAID_OFF,2025-02-15
6c589836-3a04-44d7-a113-6ce039ba7d2f,CUST00008496,01d74256-3860-4ab6-96a4-02f23ae8cc93,BUSINESS,3547.78,2207.8599343496726,0.0891,2024-07-23,120,ACTIVE,2034-06-01
599a20f1-81dc-457c-964c-af2f6d442c3f,CUST00000764,37abaed7-86fa-4a83-b651-1c939a0fb0b8,BUSINESS,27978.56,157.76056592300378,0.105,2024-01-09,36,DELINQUENT,2026-12-24
65a815a3-7833-4ece-88e5-ed83f8d4866f,CUST00007542,cb5d2b59-2ad8-40ca-83db-7a2e531350e0,BUSINESS,5772.26,2399.0794574533174,0.0581,2023-01-09,24,ACTIVE,2024-12-29
8d1d37a3-0c88-4f7b-a84b-3c5517759710,CUST00000816,0ceaaf73-aced-4d55-a73e-2bc578822064,STUDENT,47592.08,20789.068664884508,0.1369,2024-04-15,48,PAID_OFF,2028-03-25
82ee6e08-0ba9-4e1e-b588-8aa1f9e33543,CUST00006256,7e0f60b2-2a06-4609-a599-bd3c0bb81d38,AUTO,23203.78,18775.68608621519,0.0606,2022-06-25,12,DEFAULTED,2023-06-20
7f720ffc-9b6d-472f-a39b-66512ffbe857,CUST00000878,cc214b4e-f80c-4b1a-9e16-afca8c111ba4,PERSONAL,1149.69,350.8161469086021,0.1074,2024-04-29,24,DEFAULTED,2026-04-19
c3b5b2bd-1eec-4d0d-b5a8-edd7c9b49d09,CUST00007174,255bfc1c-7e3d-4ee4-84b6-4ec14d16f049,BUSINESS,58833.3,19487.149001136477,0.0791,2026-05-05,24,ACTIVE,2028-04-24
d46b78f3-288c-41cc-8e92-b02181735a2a,CUST00007074,9a760ea9-b063-49a0-9393-daad0835075f,PERSONAL,74324.65,5239.448778334611,0.1934,2024-03-15,360,ACTIVE,2053-10-09
09e002f0-6191-4e64-b32c-dcc7da819b74,CUST00004799,cfd42949-e33e-4976-9862-5813b28d7506,PERSONAL,4960.22,1406.450661773437,0.1968,2023-02-16,60,ACTIVE,2028-01-21
1feb1cf5-7dcb-4113-839f-f46b194274cf,CUST00006990,d8feb8de-6779-4b58-82ab-23a0fc862110,STUDENT,41369.01,29659.995798385145,0.1556,2026-03-01,48,ACTIVE,2030-02-08
5aae363d-198a-46fd-a57c-280127edb5db,CUST00005040,370b9a29-0a53-4df9-9a72-083cb266986c,BUSINESS,6095.17,3868.9513333934256,0.1971,2026-02-19,24,ACTIVE,2028-02-09
d2d93182-f3c0-4d85-9867-01f3a5120438,CUST00009772,17c95aaa-21bd-45eb-915a-a3c07737cfb5,MORTGAGE,25501.83,2075.698195382353,0.0404,2026-04-01,48,ACTIVE,2030-03-11
e498446d-38e6-4f15-8dba-2c36fb0100d9,CUST00006325,8edddfcd-1e52-4770-bf89-7142fe716b14,PERSONAL,3305.2,379.08625221778067,0.1986,2022-12-30,12,ACTIVE,2023-12-25
8f6a9f1b-ad82-44e3-8eeb-2a03f676831f,CUST00009396,1eb1dc0c-75f0-46c0-955d-307823447519,BUSINESS,1495.69,563.7643949831448,0.0386,2025-05-29,24,ACTIVE,2027-05-19
b4c21dd6-2ed1-4d37-b63f-a63fa1d29dff,CUST00002824,0273be68-e6c5-4969-8118-71cf79fdcd33,PERSONAL,12404.0,9225.571281597086,0.0948,2022-02-01,12,ACTIVE,2023-01-27
7e34edc3-dbe9-464c-b6b2-41f316f2af16,CUST00005288,2e326567-d284-454e-bebe-c0db9a3a6103,STUDENT,18295.43,15238.59805322288,0.063,2026-04-12,120,ACTIVE,2036-02-19
a1592b44-d781-47e8-8b33-94d7aa8d6f81,CUST00003286,043486c3-a64d-4c1d-96f2-83191a936d0c,STUDENT,12130.53,177.39739245430647,0.1917,2023-06-25,24,ACTIVE,2025-06-14
c3155e4b-b51b-4a05-ac4c-89cd6f4b3d1a,CUST00007434,956269f0-e5d7-4875-adad-d6c795a76d79,MORTGAGE,3729.22,1226.9528251063048,0.1344,2023-12-16,360,ACTIVE,2053-07-11
421e0683-dc0a-4c8e-88bc-e600431b800a,CUST00006175,846a4a71-c84a-49b8-a08f-ae0214013b99,STUDENT,12090.21,5129.415026260834,0.1275,2024-06-15,36,PAID_OFF,2027-05-31
3347216c-7a7d-4d78-a70c-ada1c783870a,CUST00004827,03ba33a0-fd42-469c-8727-59406bf36656,BUSINESS,32989.42,30057.742970946903,0.1995,2024-05-26,60,ACTIVE,2029-04-30
433d65c2-c0f5-4e46-b14f-4be5530619e4,CUST00003665,bb64a525-bc65-4d94-a56d-4d11f7bd8499,STUDENT,20592.05,10324.988906680732,0.1302,2026-04-23,60,PAID_OFF,2031-03-28
facc2e35-35b6-4692-a528-759d218acc31,CUST00000498,64ad1905-0fbc-4377-af1f-5c6a2a112eab,MORTGAGE,28962.34,7811.165261305677,0.1363,2022-03-28,60,ACTIVE,2027-03-02
fb6e5531-3779-4ead-b6d4-017df8490b53,CUST00007642,8eb7c306-8f73-498e-9c3d-0d5f5c6801d6,AUTO,8061.28,3144.2786054639987,0.0281,2026-04-30,12,PAID_OFF,2027-04-25
244226d7-271b-40ac-bb83-4299b0dba7b4,CUST00004644,808eadf2-19db-433e-80ea-83afbdcfc159,PERSONAL,127717.6,55740.35942504953,0.1746,2025-11-09,48,DELINQUENT,2029-10-19
b64a46f5-eb6d-435f-a950-94bbf3c8e316,CUST00005057,0dc78104-8c66-4766-b922-b440e0f1e44c,PERSONAL,3773.43,2528.1825290515853,0.1946,2025-11-17,360,ACTIVE,2055-06-13
1b2b5f8b-a27e-4970-8452-ba518223c495,CUST00000132,c8ebe27a-23a4-470e-9dbc-15c02a7dc57c,BUSINESS,45768.0,1880.5056508531172,0.1929,2023-04-19,60,ACTIVE,2028-03-23
40f62c58-4ac2-4e89-9b80-6a19c11f2240,CUST00005444,5d00df1b-a83c-4c2b-b776-e729791f49f6,MORTGAGE,129681.49,50504.671943975656,0.0598,2022-01-02,120,ACTIVE,2031-11-11
8f6a201a-589a-491e-a76a-7d9aff447459,CUST00000858,0a398bf7-27a1-48a0-afff-a2f4b5ae329d,MORTGAGE,45313.58,29297.705264193944,0.0607,2024-03-16,24,ACTIVE,2026-03-06
bd95c7f5-dbaa-4aa2-ab9c-405dfd8a2b0a,CUST00008713,a3b5cece-a446-4e72-b64c-911aa9ab364a,MORTGAGE,16255.94,4605.670559224724,0.0859,2021-12-10,24,ACTIVE,2023-11-30
d0d0d99d-b7a4-4237-a77f-172590ea31de,CUST00008222,0a398bf7-27a1-48a0-afff-a2f4b5ae329d,PERSONAL,9972.18,5901.047553636145,0.0758,2022-02-10,36,DEFAULTED,2025-01-25
a19f304a-af71-4929-bda5-e1d1aa3db493,CUST00006148,3a710f9e-d5da-46fd-8a68-998ffd8bb697,STUDENT,104206.68,37230.851140094484,0.075,2026-06-05,12,ACTIVE,2027-05-31
bbf7f858-2dbb-4bdf-af23-4d87dc383057,CUST00004605,f18cccdc-131e-4723-bbcd-f203459ee674,PERSONAL,2605.91,1977.158295844581,0.1289,2024-03-03,24,PAID_OFF,2026-02-21
0ea20820-67af-4fd7-9a8e-a2f5f556b55c,CUST00009453,473bd358-610e-4a64-a130-1617c2dff335,PERSONAL,5140.03,311.47397774811026,0.165,2021-09-26,24,ACTIVE,2023-09-16
e37001f6-d230-4588-aedb-bd896084d671,CUST00001559,6676cc75-6699-4af5-9d24-181c2ed087d4,PERSONAL,12132.75,11137.403221354381,0.1886,2025-11-28,360,ACTIVE,2055-06-24
56689e24-fe39-4df5-be2e-e0669e30d1d6,CUST00000016,4ccb2355-39d1-47ff-b27e-1442fd7fe973,STUDENT,140995.13,24196.53350769705,0.0322,2023-05-07,36,ACTIVE,2026-04-21
0c9f82ad-a7f5-4ee0-9f20-90333608428a,CUST00003606,db7904e0-ce30-461d-8e88-c8ece651e3e1,AUTO,38935.1,6173.046677294584,0.07,2021-10-04,36,ACTIVE,2024-09-18
d5471932-3e03-45ea-a3bd-916be674b2ca,CUST00001608,fc24a159-eada-4885-afda-70bf78920f72,BUSINESS,5156.08,4334.422274686266,0.0659,2025-02-18,48,DELINQUENT,2029-01-28
b8d8e96c-ca54-41d7-a2ab-a713e5a79d2f,CUST00005936,71594914-b1b6-4ecd-8009-45ce932c3ec9,AUTO,13829.21,12021.49609191119,0.0843,2022-06-17,48,ACTIVE,2026-05-27
3ea0dd43-cc7a-4886-9d4f-6de87a91e144,CUST00002017,f5948a54-5f80-4eeb-943a-9aff659b0105,AUTO,8764.94,814.9055139536329,0.0964,2022-11-21,48,PAID_OFF,2026-10-31
1d5f9ff2-a5d3-49af-9ae6-c21b111139c1,CUST00003575,059dd55d-4b94-4e30-b303-f438fe2110d0,PERSONAL,7595.54,6902.210966494372,0.0901,2025-01-23,24,DELINQUENT,2027-01-13
6595fa90-4584-4215-8e30-20b68815251c,CUST00007275,1bf645f6-2324-4211-8588-fc1bb2384849,AUTO,95638.84,26137.890948433884,0.1914,2022-06-12,36,ACTIVE,2025-05-27
46997fc2-7de5-4d45-8b00-ebbfaf0545d3,CUST00009936,fcc1c48c-7303-40ca-a992-6bade6335f58,PERSONAL,2814.06,1740.8385400393927,0.0987,2026-04-13,120,ACTIVE,2036-02-20
019db91e-3c7f-4fd1-93e2-63471ac33967,CUST00003792,5ea0c503-3d7a-474e-b4c9-c3ad4e19392b,PERSONAL,246020.78,16875.424013073032,0.1193,2024-05-07,12,DEFAULTED,2025-05-02
3aa74acf-50b4-427c-ab43-bd837c4e1b98,CUST00006407,080aadfb-e7c9-4b26-9141-25c63a9bedd4,BUSINESS,76293.62,29042.01339825653,0.1548,2025-12-27,48,ACTIVE,2029-12-06
4e0d4d6f-f324-44fd-8f13-72bbdb55667b,CUST00001089,cc1b4157-ec9f-4c54-9e0a-72ab7f5db163,MORTGAGE,113129.96,50990.456999012,0.1505,2023-04-16,120,ACTIVE,2033-02-22
8fca9026-a738-40e8-9f3d-0200c5acf275,CUST00001362,904ada37-5f44-4716-b6e5-dd9a315007d2,PERSONAL,10999.34,6597.6963773836405,0.1249,2023-11-10,60,ACTIVE,2028-10-14
e37355f3-0378-45ba-a603-e8cd52eef7f2,CUST00004474,f42973f5-d1d1-4e0b-a7e7-a6bdc2a49fd8,AUTO,17590.05,9239.560240779021,0.1749,2021-10-15,24,PAID_OFF,2023-10-05
c6573806-3841-4305-925d-5ccda8f5314f,CUST00005295,e54c8739-3133-439e-ae7d-952b785b8a07,BUSINESS,2566.43,1184.389381160868,0.1324,2022-09-15,12,ACTIVE,2023-09-10
a93dbf91-66bb-4d3c-acad-002a62a765d3,CUST00007107,8d87b7be-271d-40f1-8985-c98d985defc4,AUTO,10026.7,9622.02451131002,0.1775,2021-08-16,24,PAID_OFF,2023-08-06
496d4895-c8d7-425c-823b-576b0ead4e04,CUST00007320,f00f63ef-e59f-41c2-804e-a81ad3d877a8,MORTGAGE,46188.32,8545.891230799256,0.0745,2022-04-01,120,DELINQUENT,2032-02-08
922731e9-3aaf-4187-a638-4b25a9f9f36c,CUST00008668,19d9d0b5-a962-4996-abbe-3b5a4d15f7d8,STUDENT,153905.58,24316.19370432924,0.0438,2022-07-10,48,ACTIVE,2026-06-19
a82762b4-7939-49cd-b858-2767d4031364,CUST00009482,05c8234b-1d76-4a66-b5f5-9cb0cf685878,MORTGAGE,4185.01,2985.66590405992,0.1675,2022-02-27,120,ACTIVE,2032-01-06
505739f3-1031-4582-a2d8-84ee5d89378c,CUST00008521,889cd33d-299f-4f30-b9b8-1e658a34b26b,BUSINESS,12730.31,949.0686054823647,0.0889,2025-03-13,120,ACTIVE,2035-01-20
79e49119-ca6e-4d5a-86df-90fbbb01e392,CUST00001187,f5c9f459-9db1-4d5e-91a4-d796b9720eec,MORTGAGE,17554.25,8476.797341387533,0.1372,2022-04-16,360,ACTIVE,2051-11-10
405d861c-5184-4088-9c8d-5e9d0b874724,CUST00003415,aa4e8b03-18b6-4fc7-bb50-f94f28bfffdd,MORTGAGE,2714.37,1313.8992650331766,0.1527,2024-09-16,24,ACTIVE,2026-09-06
2c9d9b63-cc9d-419c-929d-dfde9194d072,CUST00005487,a0a11839-e745-4704-98df-bc3ca0d4de3d,BUSINESS,53477.91,16579.506746750503,0.0788,2021-11-10,48,ACTIVE,2025-10-20
113a19a0-a8e1-4405-a04f-3f5cefd10af8,CUST00003537,e214d458-f0dd-4de0-ba63-bde0cf0d3f06,BUSINESS,7435.45,6918.267919076026,0.1109,2024-01-29,24,DELINQUENT,2026-01-18
fa33dec0-6d99-45f0-9623-6b475e4815f7,CUST00001774,dca02eec-acda-4acc-9165-e21098543881,AUTO,16430.83,4642.423149678598,0.1811,2025-09-20,48,ACTIVE,2029-08-30
13d69792-126f-45ed-8485-e60db86ad0f8,CUST00005416,55273407-7cd2-492f-94b0-0f62c768b07f,PERSONAL,11182.17,3225.406945059953,0.1784,2021-09-21,360,DELINQUENT,2051-04-17
ac58d464-eb16-4eb0-8434-917090f43724,CUST00002559,14eae37c-67b2-416c-861e-a8aa11baf616,STUDENT,6741.19,1579.4605758253065,0.1549,2022-12-01,36,ACTIVE,2025-11-15
4588d5c7-6da2-49e0-9477-7e31579bca3c,CUST00005908,505c7527-dc57-446d-8c3d-031ab3952193,STUDENT,21794.93,3177.4400224697065,0.1573,2024-05-26,36,DEFAULTED,2027-05-11
aba78b51-eeef-465f-91cf-b23504540420,CUST00005080,8a2e6a93-c558-4bb2-81f7-f3fb19e45c6a,STUDENT,15939.98,5802.32894203323,0.1816,2026-05-22,360,ACTIVE,2055-12-16
603fea1d-b88c-4cbc-9383-f05717610223,CUST00009455,97d02f8f-affd-443b-ac69-1f0442bbeaae,MORTGAGE,12609.59,8585.709184828824,0.1525,2023-07-20,360,PAID_OFF,2053-02-12
97477da7-3626-4c14-bc19-9ebc97a92b57,CUST00006725,403fd582-4ccf-4a4b-bc93-243ec90b9454,BUSINESS,7385.75,5481.42936370911,0.0811,2024-10-03,360,ACTIVE,2054-04-29
7f2487bc-8c10-4bc1-b36b-8385522fb6b0,CUST00005421,6b1d20b9-8954-4c3d-a10f-2a8a1c59b736,BUSINESS,35571.04,28934.15681311241,0.0417,2023-04-07,360,ACTIVE,2052-10-31
0f6924f3-2f53-4a9f-8e0a-e1dd5b95ae5e,CUST00003292,ee403b9f-27b2-45c1-b6b0-d0b9afad328e,BUSINESS,263135.9,51980.888898251345,0.0959,2026-07-09,36,ACTIVE,2029-06-23
cfab07f4-0022-494c-8dad-77367a272eb3,CUST00009211,1da76d69-85b8-44d4-9d64-3387b6b38fbc,PERSONAL,27168.97,968.1034378045707,0.0357,2022-05-09,36,ACTIVE,2025-04-23
2b31b5e7-40ed-4d57-84a6-24f3231830a3,CUST00009982,15ac37f0-0de9-4283-96d5-aed275d106f2,BUSINESS,98142.65,95658.25306957576,0.0408,2025-10-18,360,ACTIVE,2055-05-14
aaaa7602-2886-415f-b9f4-fbcd6f41bc23,CUST00003525,0ec0ad4b-d644-4a9d-b362-d476d53ae57f,BUSINESS,2737.14,39.230111839655,0.191,2023-08-01,36,DEFAULTED,2026-07-16
ddebaa54-9f6c-407f-9234-f67203d11260,CUST00003505,6fa1c232-7eec-4c53-8f1b-6490bec51040,MORTGAGE,27907.26,26809.914107393408,0.1417,2022-08-06,60,ACTIVE,2027-07-11
22cdf6a0-1899-4d8c-bf02-671ba6eb5efa,CUST00008999,6766d37b-6fa1-49a5-ba67-58707d9d2b3b,AUTO,4246.91,3519.9002429713296,0.1733,2022-02-19,24,ACTIVE,2024-02-09
2650d902-16fd-4c70-a960-bd87ba9d64d4,CUST00005990,fdb1429e-7010-4d13-b526-b22d3f6c21f7,STUDENT,2403.33,2192.0166354145413,0.1357,2024-05-06,120,ACTIVE,2034-03-15
33a83451-f0d8-41ad-92c3-3d134eb71327,CUST00002667,5d2e7b90-acb6-4e81-a8f6-0796f200a32c,MORTGAGE,7265.87,2813.2410536899474,0.0953,2023-06-19,360,DEFAULTED,2053-01-12
b7696e0e-c07c-4f32-be5f-e7f59252a620,CUST00008597,6b358d15-590c-4e67-8d1b-6d80c8575c8a,MORTGAGE,131643.0,25960.262734746575,0.0245,2025-12-22,36,ACTIVE,2028-12-06
9ecc4181-f256-4a65-a7eb-7bae6e143f9d,CUST00007141,287e09f1-ded7-445e-980b-82cbd66248bf,MORTGAGE,91585.09,55543.03118853578,0.1921,2021-08-10,60,ACTIVE,2026-07-15
910813b5-882f-4c64-b677-450f674dfb85,CUST00008786,57d3ec63-e3e1-43bb-ae8e-60755eebc618,STUDENT,31713.8,23507.89137786852,0.0328,2026-04-21,360,ACTIVE,2055-11-15
094d4b8a-67ee-47f2-b433-005aa5b33e2e,CUST00006896,12068ad6-12aa-4a4b-88ec-a4c81a71064d,MORTGAGE,2210.45,289.26184405734585,0.1298,2024-09-26,60,PAID_OFF,2029-08-31
797d3028-85f1-4c46-b473-bdb490ff3e09,CUST00004108,b864a47b-a434-47fb-8182-978288eae7d4,AUTO,16408.9,13088.091672307051,0.0384,2021-08-22,24,ACTIVE,2023-08-12
6d2616e2-2a3b-473f-92fe-55f53732d5fe,CUST00003281,00fa0eb4-5c5f-48d4-8df4-07b82751ab86,BUSINESS,34632.58,7224.124842800514,0.0711,2022-03-22,24,ACTIVE,2024-03-11
3b38102b-7bdf-4546-a4a8-844f7d94a6ce,CUST00002213,09a0a0f6-73b0-4091-b634-c1694f76e388,AUTO,28661.34,14092.13006232896,0.0534,2022-11-07,48,ACTIVE,2026-10-17
fc2edb04-9a18-40e8-8c42-82cd1474849f,CUST00008079,bbae2fbd-bc99-4291-9342-98bebe2a85c6,BUSINESS,1386.18,1187.2388423720981,0.1197,2022-05-28,48,ACTIVE,2026-05-07
7016e105-21c1-46e7-af74-b072c53ee9f9,CUST00009735,efb56207-ddec-440b-afe3-af13891778e8,BUSINESS,5793.68,1120.6397211378269,0.1797,2023-06-20,36,ACTIVE,2026-06-04
c3bf7d44-acc9-474d-a3af-f1a4a6ebb88c,CUST00007602,86351a54-bc54-48c1-bf40-8dcc9db1f7f9,MORTGAGE,20007.92,4839.608686067774,0.1344,2025-02-04,12,ACTIVE,2026-01-30
56d07ef3-f58a-4328-b5db-9c81073fdf7f,CUST00000614,85d0691c-33cd-4d56-843d-72db1bcb404c,MORTGAGE,49238.76,3090.7739097861313,0.1396,2022-03-27,48,PAID_OFF,2026-03-06
87c97761-f6bd-4f6e-93a7-9138b2093314,CUST00000869,dcad8ec2-963a-4333-a582-95dc75f1c654,STUDENT,817.14,119.80425530246721,0.1836,2025-01-19,12,ACTIVE,2026-01-14
a6145f1b-79a3-46a8-9f23-a1b588e65e96,CUST00000812,b819b15d-4f96-4a84-a0d4-4d244d074581,PERSONAL,17271.52,2530.723626870305,0.1549,2024-05-31,120,ACTIVE,2034-04-09
3cbb32de-5a37-4e11-ab9c-7d7c8b713ce4,CUST00004863,28874d02-fb54-45ba-8255-b13b46e32efc,AUTO,27298.12,5553.188365103904,0.1759,2023-05-12,48,ACTIVE,2027-04-21
353fce99-ef9b-409b-a32c-ceaed7357f9d,CUST00004178,a90e319d-637e-4f94-910c-8d920222305d,STUDENT,78780.28,22546.94741689061,0.095,2023-11-21,120,ACTIVE,2033-09-29
9258b0c0-af58-4559-a186-ef6ff0d20481,CUST00001745,4b8fb475-e2eb-42d2-b848-52b657f498e0,STUDENT,62273.2,50751.622052845065,0.1758,2025-07-04,60,ACTIVE,2030-06-08
b166681c-b2c2-4691-aa74-b216e66d8edc,CUST00002257,9a0f09e9-eb8b-4c11-9fb0-ef34c8497436,AUTO,52778.38,48332.5332140194,0.1363,2024-09-19,60,ACTIVE,2029-08-24
9a452aca-1d83-45f3-b3f8-cf8c4f0b6127,CUST00007613,827c9f8c-d40a-45e9-81df-6517561c9210,AUTO,6634.84,2695.6068373366084,0.0444,2026-07-07,120,ACTIVE,2036-05-15
61d9e819-c51c-4229-a145-676d17795b66,CUST00008714,41e0cfaf-52ca-4ced-8526-8f0fc516e394,BUSINESS,1258.9,161.40224965808451,0.027,2025-01-10,60,PAID_OFF,2029-12-15
07e79181-3039-4a9f-8f0b-5593542d4393,CUST00007197,2fb21e66-7ed1-4aab-89b7-c9bc65a16fa9,PERSONAL,12215.01,2733.840473141158,0.0639,2023-03-05,120,ACTIVE,2033-01-11
b99eec19-ac0f-413a-8332-d1b9f42d157f,CUST00005424,ec68fc07-4d8c-4019-a88f-c85ac33a402e,MORTGAGE,98957.7,72853.25019584634,0.0881,2025-12-18,12,ACTIVE,2026-12-13
55ba1dfe-a30e-4e97-9406-1f23c91f8d86,CUST00005090,702cdd20-2862-48b8-88f4-ef125e9953d2,PERSONAL,178114.48,120659.29409333387,0.1708,2024-12-29,36,ACTIVE,2027-12-14
250d235f-1feb-41e7-bbb1-591b2e832bbe,CUST00006609,c8d0f9e5-9919-45ea-98d0-0c2c17d30f32,PERSONAL,63947.88,61850.8564582045,0.1534,2025-07-29,120,ACTIVE,2035-06-07
960a3974-1efd-493b-a896-0c250bb1bad8,CUST00009718,d7371450-95cc-4da2-b677-0e04a1d8507b,MORTGAGE,41940.67,607.6649715737897,0.192,2025-05-10,48,PAID_OFF,2029-04-19
060556e8-d798-4e8b-9a1a-e46111ba91f9,CUST00001470,98cf1188-06d2-4913-a117-3719b023a0ea,PERSONAL,38927.63,29225.25923953028,0.1207,2023-01-25,48,PAID_OFF,2027-01-04
cebbdf91-7c7d-4f90-995e-f944c64be810,CUST00002676,ab0e664e-9c3e-42d5-91e1-aa9676f72255,STUDENT,9564.58,4837.703355020579,0.1546,2026-04-10,12,ACTIVE,2027-04-05
4864d025-fe41-4620-85b4-a13e60cd8424,CUST00001514,2ad3136f-a338-47fa-b9db-138870aff6eb,STUDENT,18122.5,16359.053492399767,0.0696,2026-05-07,120,ACTIVE,2036-03-15
ccaeb64c-74c2-411d-a3dc-896e902369ab,CUST00004877,e0527739-4d40-4f1b-bca5-be2952171bf3,MORTGAGE,269306.2,155165.25757574485,0.1423,2023-05-19,60,ACTIVE,2028-04-22
01c363cd-7add-4695-88ba-47a9ebf1f6a4,CUST00001452,48d3d2ce-fba3-491f-88df-aaf8b9efaad6,MORTGAGE,5357.02,2392.807933294292,0.1471,2023-08-01,36,ACTIVE,2026-07-16
23e96b81-004e-4721-8cc8-fa21b601e5b2,CUST00004655,204054fb-92be-47c4-a784-cabe3190b8f4,AUTO,248244.19,165293.5452145948,0.1727,2025-06-05,48,DEFAULTED,2029-05-15
76da3747-8fae-4492-b7d9-f6056bbdcd3d,CUST00003008,a6846099-f729-4951-8591-31d2bbda0242,AUTO,13588.21,11326.091572278252,0.1166,2024-01-09,36,ACTIVE,2026-12-24
8b75190c-4f26-4e21-8e61-2e346548dfc8,CUST00003125,4bbe4aff-9326-4ffd-9be4-bf5192698698,PERSONAL,160837.23,45436.28428881754,0.1368,2021-10-15,36,ACTIVE,2024-09-29
7f14d81c-6f6d-48c6-8334-33e0aa566d79,CUST00001754,44296ca2-1257-429e-be08-5cb73f09f7a6,PERSONAL,2669.85,287.081077847401,0.0565,2023-06-12,24,ACTIVE,2025-06-01
72a4bac6-9288-48f6-8c38-f15a66a247b7,CUST00001613,60980b94-e05b-4892-a4bc-08cf2e904b5c,MORTGAGE,53042.9,22968.536748199884,0.1526,2026-01-22,36,DEFAULTED,2029-01-06
4f3c0388-ec61-43eb-b33c-4dee97d47986,CUST00003276,45c87f41-dbbd-4290-a6ed-caddeb04cd29,PERSONAL,7294.27,1564.7658726544075,0.1709,2025-06-27,120,ACTIVE,2035-05-06
6b775489-16ca-4742-b0e5-2458e2832379,CUST00008748,cf3ee4aa-594f-4d27-9dcd-0d40d6415102,BUSINESS,2636.21,1132.360741988604,0.1269,2023-05-09,360,ACTIVE,2052-12-02
e3f9899a-62ba-4966-b388-cf1bd0f383cd,CUST00002050,92004957-b161-4d16-a9a0-02a45acd1e90,STUDENT,30570.81,30297.14539148387,0.0408,2023-01-23,24,ACTIVE,2025-01-12
fd987761-b0cc-4109-ad37-a68058f99bf7,CUST00000825,6db99102-a48b-4dbe-957d-94a106f028ff,PERSONAL,100128.3,57485.8692420334,0.0763,2026-03-29,360,ACTIVE,2055-10-23
54a3e5ae-db9f-458f-81c6-444b08a575c4,CUST00003031,cf2e3296-7184-4713-a55f-65b7e709fba6,PERSONAL,6201.76,4301.542118042022,0.1056,2022-08-20,12,ACTIVE,2023-08-15
3e881490-681d-432b-85e6-d7080874688e,CUST00001082,8fa8ae34-3233-4053-9242-ba54a6f9c0e1,AUTO,2325.0,1576.183582222798,0.1419,2023-03-12,60,ACTIVE,2028-02-14
3878a369-b2f3-4c00-9092-74705a5e6d18,CUST00005300,dc6dafff-59c2-4153-b06b-0f0c96822e22,BUSINESS,19191.69,15750.636032742881,0.0777,2021-11-13,24,ACTIVE,2023-11-03
96bfbee0-09a2-4373-b2fd-73447862f1cf,CUST00000493,e0527739-4d40-4f1b-bca5-be2952171bf3,PERSONAL,19319.05,18239.66761080807,0.1713,2023-06-12,360,ACTIVE,2053-01-05
45bbfb02-f99c-498f-a2d8-d220bd36a04a,CUST00004765,3aeceaf8-5a00-40f2-84d1-6f5e71cb19b3,STUDENT,50135.24,33030.00347000433,0.0869,2023-09-09,36,ACTIVE,2026-08-24
2fbc9834-9dd0-4cde-ad37-45e890a6dffe,CUST00007203,83f38f4e-faf3-4aec-9e0a-71570d6ed01e,PERSONAL,91527.23,43575.624052095176,0.0277,2024-04-14,60,ACTIVE,2029-03-19
143e77c2-70fe-4e06-b6e3-1e8ef67fb352,CUST00008267,55b85720-87cd-4444-adba-97542d95d98d,MORTGAGE,20148.34,6403.765970949862,0.1629,2024-03-23,36,DELINQUENT,2027-03-08
90c031a8-a28e-4ff6-a1fa-b7e41c230f19,CUST00003361,37b567b4-172d-4bd0-8fbd-4c81a9008ecd,BUSINESS,356202.61,128330.64602004478,0.136,2025-08-28,36,ACTIVE,2028-08-12
91be48c3-2329-4406-9bac-0279a66b3d83,CUST00008563,889fe107-443b-4d0f-bdbc-3093a8284442,PERSONAL,30833.35,10313.157658501883,0.1644,2023-04-24,24,ACTIVE,2025-04-13
52335cad-3905-4fc0-a151-f6edb2297aff,CUST00004683,88a613b4-a3b8-4f92-a3c9-0c6a86017633,BUSINESS,13099.9,4250.46548913883,0.0828,2025-11-29,12,ACTIVE,2026-11-24
5ef75904-b1d9-4480-8caf-014434b51e65,CUST00000329,3a0e618f-428f-4941-8a0d-72ce2bf6f6c4,PERSONAL,1963.82,1364.1184761056443,0.0232,2022-07-14,360,ACTIVE,2052-02-07
020978dc-b811-4c26-b748-9b6b97f3d71d,CUST00009983,b69aca1e-985d-454b-8325-58201a49de98,STUDENT,14853.8,8729.712389098999,0.0333,2025-04-12,36,ACTIVE,2028-03-27
1c30f3f5-598a-4bd1-9e35-b2472de3153d,CUST00008969,08252b39-1947-4a42-b10d-c9d17c413a2a,STUDENT,13298.67,2686.2654439960183,0.0401,2022-11-18,120,ACTIVE,2032-09-26
7671b52a-293d-4fae-876d-9b132958d9ab,CUST00004675,af2537f5-9d31-462a-bb5a-bb36ce7968b7,BUSINESS,93009.53,90184.46031841886,0.1649,2022-07-14,24,PAID_OFF,2024-07-03
6d33758b-34d4-4b34-aca6-dd4b69dcce11,CUST00004317,26c25405-a7ea-42f0-acab-d3d710116af4,AUTO,44078.41,18853.460633248982,0.0743,2023-01-10,120,PAID_OFF,2032-11-18
140f9b24-fcc9-46c6-bc19-ef424cb9c5c6,CUST00009380,9e47a339-c0ae-4b1a-b347-673637ec07a6,AUTO,3755.39,2125.875209707051,0.1996,2025-04-01,120,ACTIVE,2035-02-08
4a3c2fe2-9d34-4254-9063-317dda738817,CUST00009696,6fcc57dd-168f-4e12-9ca2-60c9eb7607c9,MORTGAGE,28520.59,20038.59410741444,0.1565,2022-09-07,360,ACTIVE,2052-04-02
d99598fb-9eea-4337-8646-f5c1ea89cc6d,CUST00005804,203d54c9-6485-425e-9858-f464c15da547,AUTO,60312.63,37012.496558884224,0.1282,2026-03-29,36,ACTIVE,2029-03-13
c37180d4-91e6-40dd-972a-bf118f415cf0,CUST00003326,534234cf-1974-4b71-a00f-7ed09248c8c8,BUSINESS,217955.68,67795.49984843466,0.1971,2023-04-23,360,ACTIVE,2052-11-16
59432772-64ba-42bf-9c99-f2bc55dcb8a8,CUST00008380,294d25fc-0553-4a50-afac-c50db2904e73,AUTO,83387.69,66518.90846092759,0.0769,2024-04-11,120,ACTIVE,2034-02-18
a84f3d75-69f8-46b9-881d-07d0ec2fb9e6,CUST00001215,9950f11a-1114-40da-b87a-e6defe8c9aab,MORTGAGE,68959.18,7596.104659426613,0.0498,2023-09-08,360,ACTIVE,2053-04-03
f8ed8b6a-4c6c-4d6d-bf7d-d3136f438da3,CUST00007557,0b070a68-c8f2-47a3-a221-3776427ae472,PERSONAL,24103.9,13715.018700113827,0.1527,2022-05-05,60,ACTIVE,2027-04-09
dfe9a6ee-4300-4c97-80f3-beb154959740,CUST00009302,7aededf4-6f30-4743-820e-2e6abcc8509b,AUTO,39437.33,10778.901518690684,0.0701,2023-08-16,12,ACTIVE,2024-08-10
4acafd79-ec60-4353-b12d-2edce6b03b0d,CUST00008723,a845f723-8992-4e2d-8400-e249f8bb1616,BUSINESS,143523.97,88376.65958503124,0.193,2024-01-06,36,ACTIVE,2026-12-21
b5836d91-4eb1-4673-b8ae-1b31becde24c,CUST00009263,26331cc6-cbee-43e3-9cd8-89e231979167,BUSINESS,2983.44,650.3704712063521,0.1979,2023-09-18,120,PAID_OFF,2033-07-27
caad515c-12af-4aeb-891a-c2f241e4d392,CUST00003137,9416e4dc-c6b2-4def-b8d8-b7f1c86c6544,MORTGAGE,13040.84,10070.132151640146,0.1868,2023-07-02,12,ACTIVE,2024-06-26
1f0e523d-9cab-4954-8e2b-952ee58d55cb,CUST00009155,f8c01007-1fbc-4004-b098-aa1f23f459be,MORTGAGE,6912.92,1572.9404551341995,0.1901,2023-01-15,360,DELINQUENT,2052-08-10
9a7db4b4-ed91-4b55-91c3-3f136540ecd1,CUST00006619,a23036d2-88d7-447c-ac38-704b22c0eee9,STUDENT,38899.23,34635.56844826586,0.1308,2023-02-09,12,ACTIVE,2024-02-04
9b828fab-c0c3-4528-be9d-547a96ce7d17,CUST00005266,085eb489-4ac6-4780-b874-9f3cc2d49b56,STUDENT,139432.13,120128.43547011727,0.1446,2022-04-24,60,ACTIVE,2027-03-29
f1db228c-b4a7-4a99-9572-d4083e11bb31,CUST00007090,a8aa454e-cf76-470a-bff2-e80a027a76dc,STUDENT,8996.03,3260.1023661198064,0.037,2025-11-05,60,ACTIVE,2030-10-10
940cbc1d-469a-49ee-822b-a8e9db93db00,CUST00007966,1966d047-db64-4c52-a7e7-eec3ecd5afa3,PERSONAL,610.66,235.60501760381263,0.1573,2025-08-07,48,PAID_OFF,2029-07-17
932df381-39f6-449b-88fb-95d1736d8da9,CUST00009598,5953ff90-17ef-4203-ab4d-738c7657e37c,BUSINESS,11868.81,8326.011253635863,0.0564,2023-11-27,12,ACTIVE,2024-11-21
68f06068-e087-4259-8507-1307e183cfa3,CUST00008709,ffa361be-0f92-40e1-87f9-7d05f6ca6b8b,STUDENT,86700.12,7835.396587038913,0.1713,2024-03-01,36,ACTIVE,2027-02-14
c252714e-869c-4fdd-8465-a8d7438806fe,CUST00006570,49c3f48b-f881-4f18-9f34-fd6c7bf75b57,BUSINESS,49337.75,3992.3817280706226,0.1931,2021-07-25,60,PAID_OFF,2026-06-29
b31985d0-a84a-4aee-9636-a89dad0fc0f7,CUST00001492,eade7b17-b0d0-40bd-8dff-01baf0db6ecb,MORTGAGE,41868.1,5707.635105463215,0.0582,2024-01-30,36,ACTIVE,2027-01-14
397ab7cc-2567-44d6-abdc-c3d78fb51ba1,CUST00005214,a590fd3c-ad6e-4c57-a520-c3d0fbcdbf5e,PERSONAL,14472.56,8140.458040818114,0.034,2024-08-02,12,PAID_OFF,2025-07-28
80210c15-5404-411d-97e3-e23f0c38f74b,CUST00004229,d06200e3-356a-4651-9727-bd831ac2c99a,MORTGAGE,3233.93,481.8630236624173,0.1071,2022-10-05,60,PAID_OFF,2027-09-09
b91340e3-9afe-48a7-a0d8-82e46b8d8642,CUST00007509,0f14f86c-2b50-4ad7-adb9-4a81684344a1,BUSINESS,47712.16,13245.720166717572,0.1625,2025-05-29,48,ACTIVE,2029-05-08
37f15695-ef67-486a-b93a-502f7a1e827a,CUST00004410,66c14dca-8255-4a61-9a3b-031932f57510,STUDENT,6301.72,4076.6545551242793,0.1587,2024-10-17,12,PAID_OFF,2025-10-12
d14c6d19-ab44-4946-935b-cc84fd030266,CUST00000591,bd1116ee-f58a-47c7-8ccf-4130255603d4,MORTGAGE,583118.15,9110.508428156565,0.1454,2025-05-26,36,ACTIVE,2028-05-10
e1e0d3d7-c541-4a01-a47d-d853887e649d,CUST00007380,7d457a09-402d-45e8-9f47-d9021ba84a91,AUTO,51831.89,9342.004037417375,0.1677,2024-08-04,48,DEFAULTED,2028-07-14
ef0abbd0-dbae-449d-9527-b10285bb0541,CUST00009736,8c357321-4abf-4f5c-8cc7-147ff6e5203c,PERSONAL,9219.05,8573.077277584256,0.0515,2022-08-20,12,ACTIVE,2023-08-15
285e9704-3fca-4417-9989-cdb9450513d0,CUST00003057,7fcc4456-20bc-4fa0-ba80-10620b4e360a,BUSINESS,8803.65,5841.905144322117,0.1373,2025-09-08,60,ACTIVE,2030-08-13
ff69af1c-020a-48a8-b7a3-79871a8645c4,CUST00002207,c9c1ad45-f4ea-4b97-aaa4-15b56336c815,STUDENT,19160.07,5854.380737094765,0.129,2022-10-20,120,DEFAULTED,2032-08-28
720f1c3d-922d-42ff-829f-aa8fe4eb5ab9,CUST00002709,be69ad39-0e37-4b07-8c53-5c3e52bb530d,MORTGAGE,15378.83,696.7136570546216,0.0476,2022-10-05,12,ACTIVE,2023-09-30
2c5fd1ca-b0f7-42d8-8fab-0fb8210bf60a,CUST00005982,b0b862ef-6c9f-42b9-b647-8986a3917c99,PERSONAL,117624.27,68933.56327388159,0.0946,2026-06-03,24,PAID_OFF,2028-05-23
c2fdb44a-7a8e-454f-9c44-91791d7a0bd0,CUST00005723,30a5648e-efe9-43d0-b639-08bf03ece8ff,STUDENT,29132.92,6492.746376791681,0.1735,2023-09-11,36,ACTIVE,2026-08-26
4d25d614-53aa-443a-ba9b-2b2c0b191955,CUST00000748,1b37ef19-b3bc-412f-9fb7-474e85a0d089,MORTGAGE,7350.71,7057.97119914124,0.1949,2024-07-11,60,ACTIVE,2029-06-15
5905fd87-84c1-4470-9a04-23dfe634727d,CUST00008993,51e744e4-b864-4a08-aa75-752d6a8fcacb,BUSINESS,375367.58,257862.87122790082,0.1398,2023-03-25,60,DEFAULTED,2028-02-27
b5b2872b-a15b-493e-897d-1e5c3155dc87,CUST00006554,e2acf72f-9e57-4f7a-a0ee-89aed453dd32,AUTO,23717.36,23103.64689706968,0.1859,2024-03-21,24,ACTIVE,2026-03-11
5630899b-5edb-493e-a9ad-2a79c8cc684d,CUST00001498,c4767556-f97b-42dd-8f9b-72aed85c16bd,AUTO,69790.94,59245.45201531681,0.0438,2023-04-28,120,PAID_OFF,2033-03-06
21c4f6d5-95ea-478b-8ce3-edb778fd780c,CUST00001380,ded255d0-bf1e-4366-8b8e-63d4ce7607ad,BUSINESS,8845.47,4272.604510245471,0.1955,2025-05-11,48,ACTIVE,2029-04-20
098bfdfb-202b-40d1-871a-5cecdbf0d42a,CUST00008872,a28defe3-9bf0-4273-9247-6f57a5e5a5ab,PERSONAL,37974.62,25426.406098169995,0.026,2025-06-30,60,PAID_OFF,2030-06-04
4d40e14f-0afc-42bc-8299-e3553e933783,CUST00007361,6dda4f8d-cea6-4f4c-b9e5-8ff092f837d4,BUSINESS,35124.88,28525.16779045445,0.1149,2023-02-20,360,PAID_OFF,2052-09-15
d92757a8-6ece-4ce9-9112-448d473407a3,CUST00003771,c02627d1-fbd1-40c0-9bfe-679afbcbd6ec,MORTGAGE,1294.04,748.1860824107009,0.0724,2021-11-02,48,ACTIVE,2025-10-12
10681724-edcc-4a95-a1aa-142d4dec48e4,CUST00003343,222db2cf-bc34-4d5d-9f9e-14257a7628e6,PERSONAL,452667.29,27833.38043215616,0.1665,2026-07-07,48,DEFAULTED,2030-06-16
3933c2ed-9c66-45cd-b939-8e8e25fc57c7,CUST00009089,9175fc63-51f7-4017-b6a5-fabaa3e53892,AUTO,152659.72,71818.20255098064,0.0592,2021-09-13,48,ACTIVE,2025-08-23
0702c1db-d2ad-4a48-8dfa-c4c9910af69d,CUST00001547,f5159494-3818-4fd3-b889-936a9d5817e8,MORTGAGE,12139.34,1585.0740573514893,0.0221,2022-06-01,120,PAID_OFF,2032-04-09
dfe88339-bcbf-4a3d-a5b1-7208243517e0,CUST00003127,8d87b7be-271d-40f1-8985-c98d985defc4,STUDENT,4215.8,3013.651034931037,0.0946,2022-11-20,12,ACTIVE,2023-11-15
c75e769c-22e8-443e-9b4c-80a75b13d748,CUST00005890,10168d65-4f90-491a-9448-10de2a1b76e3,STUDENT,37098.89,25250.57727205868,0.0315,2023-11-10,24,ACTIVE,2025-10-30
dd20525e-bbdc-4d1f-b43b-f9ce1d63734c,CUST00006209,adc90caa-7000-493b-bdb8-ed7140a3823b,STUDENT,25085.53,24907.628238969053,0.0722,2025-03-16,36,ACTIVE,2028-02-29
64bb419d-dbc4-4cdd-9554-5bb97622f59a,CUST00008876,afe2487f-4fdf-4f5d-bc75-ed5399b32070,AUTO,37552.81,23613.575012911784,0.1359,2021-07-31,24,ACTIVE,2023-07-21
b4fc8fdd-875d-44cb-9b32-7b4edd44051b,CUST00001296,2598f383-9280-4da2-a40b-50e40a086989,BUSINESS,29359.34,23491.521897350554,0.073,2023-10-31,60,PAID_OFF,2028-10-04
54ad2b86-30b8-44e1-a440-4fef984bbbba,CUST00001386,98197749-f041-44f7-8e8f-d00b178976de,PERSONAL,47068.6,12627.933538346104,0.0642,2022-12-11,24,ACTIVE,2024-11-30
ad735097-a0c4-4637-965e-a7b89514e86e,CUST00000943,ccc34f70-b299-4e18-a2c5-26ab6424fa05,AUTO,193099.05,65658.33750272516,0.048,2026-02-17,36,ACTIVE,2029-02-01
0097d5f0-f6be-4f8c-b8aa-9c52d6eee772,CUST00003281,51beb80e-b7e6-414c-9c8a-49225005680f,MORTGAGE,51645.32,47360.010961814165,0.0443,2025-05-02,12,ACTIVE,2026-04-27
f889c78a-6e24-4a6b-b09e-a0d08e2d33d0,CUST00001034,f89617fa-6493-45ef-bf53-76a4bb48bbba,MORTGAGE,4562.0,3445.187088412649,0.1147,2025-05-02,60,ACTIVE,2030-04-06
92dba65f-ec35-4d88-9431-9083ce60cada,CUST00002787,79d19c4e-1521-4d35-960f-1e2d21d72432,STUDENT,170049.4,111428.13001283341,0.1427,2024-05-18,12,ACTIVE,2025-05-13
119bd998-f1c3-420d-b7e9-1ea49c0723c4,CUST00002234,97777f10-f2d2-493f-8e85-140d0f9aeb70,PERSONAL,258053.41,65552.71230548524,0.1015,2025-01-10,60,ACTIVE,2029-12-15
8d73f2a6-5c49-4ad1-b4b0-601442d6e3c8,CUST00001621,fb95d0fc-ad72-4d05-924c-de09ccea5031,STUDENT,2490726.77,1739966.7480069208,0.0422,2023-10-11,36,ACTIVE,2026-09-25
b21d856b-4266-44cf-b06c-4d844c60507b,CUST00003536,6b1205aa-9bd3-4580-ad9f-835f3fc5c786,MORTGAGE,4083.7,3621.276697257816,0.1366,2026-02-12,12,PAID_OFF,2027-02-07
38a6484c-634c-442f-a584-387553c70de6,CUST00003206,3f5e3b8c-c058-4da5-a757-075bd47f83b1,MORTGAGE,31707.96,7318.12280949357,0.1203,2023-12-29,36,PAID_OFF,2026-12-13
ef3e9770-390a-4185-928d-fb8215ab1a47,CUST00002883,ff7d39f7-9563-4c97-b65f-982b95eef45c,BUSINESS,969.57,684.6365961807447,0.0886,2022-04-02,36,ACTIVE,2025-03-17
0c4d862e-5ef8-4a9b-8cfc-a54b8ac31e08,CUST00000171,d73aae7b-47cc-4a66-a638-d8bef83893a2,BUSINESS,50499.75,19881.446223085837,0.0794,2026-05-28,120,ACTIVE,2036-04-05
e3e7589e-4bef-42f1-b467-73fbe2908a40,CUST00008141,e1fdc6d1-6978-4221-bfb7-5c574b8c031f,BUSINESS,9678.86,1149.5331624144492,0.053,2023-02-12,24,PAID_OFF,2025-02-01
684b1568-d42d-4055-b0c4-31e62efe4238,CUST00009746,2336d60b-0f57-4d6b-9452-e1309ea8ffe3,STUDENT,394418.85,301123.28205863683,0.0463,2024-09-19,60,PAID_OFF,2029-08-24
bda91c8a-abb6-4c94-aecb-343b28569821,CUST00003898,ab0b4cc5-15f0-4a19-98c1-80d2aadf3692,PERSONAL,6891.73,1151.8616241253665,0.081,2026-02-25,48,PAID_OFF,2030-02-04
3fa83ff8-dba4-444b-8892-80fd22bf52d3,CUST00009788,38491ecc-8891-47fd-a804-d0ac795741bb,BUSINESS,1748.0,442.06268606116913,0.0275,2024-11-16,48,ACTIVE,2028-10-26
4af1ff74-751f-4c03-8f5d-f42331e5266a,CUST00009816,2b76a718-566c-43cc-9d4d-fdb14e0ebe2e,AUTO,10862.85,8504.981948759103,0.0986,2026-05-23,12,ACTIVE,2027-05-18
3539bd22-6815-4607-83df-1c142ee066ca,CUST00004123,1f5df912-54e0-4431-8f13-3b65d450afa2,BUSINESS,1137.7,844.3244702051502,0.1283,2021-07-25,36,ACTIVE,2024-07-09
4d1f3b9a-04ca-4bf5-9b97-9060a7f12456,CUST00005110,eec259dc-7f95-497c-a76a-a6ced50755d9,STUDENT,67958.27,17273.841431672827,0.1895,2024-05-09,24,PAID_OFF,2026-04-29
b6d62dfd-7365-4790-a9cd-17503b63be00,CUST00009284,26331cc6-cbee-43e3-9cd8-89e231979167,PERSONAL,994.63,935.9116343673272,0.1326,2021-09-07,60,ACTIVE,2026-08-12
bdcfc42b-8122-41db-aa6a-58b294568b74,CUST00002838,a07eafb1-01e0-4ad8-8880-2d4d89b8b7ee,BUSINESS,22987.05,4948.772233110654,0.1323,2023-08-26,12,ACTIVE,2024-08-20
a874d557-cd0e-4708-acbf-81d4b1720b65,CUST00008600,b74966cb-25df-48fa-a5c6-5c7b5c6ebf5a,PERSONAL,975.82,969.5964298062021,0.0874,2023-03-21,36,ACTIVE,2026-03-05
8a4f48b2-d251-43ad-880b-dbd7657050ee,CUST00005229,7d4ed26e-dcd5-4fae-abb3-16a743299780,AUTO,13623.52,10052.793663527875,0.044,2026-07-04,120,ACTIVE,2036-05-12
8d5af123-085d-47e6-872c-5869d4c933f2,CUST00004170,534bfa86-7681-4ad7-9898-6758979800c3,MORTGAGE,259125.36,101708.69661690081,0.1004,2022-02-02,48,ACTIVE,2026-01-12
f3151b0a-fd13-4ac5-a6cf-af54ca9dc28c,CUST00006722,1c0f0bdc-ac7e-437c-94cc-1e2a5e4cb287,PERSONAL,37834.32,4931.67359661455,0.1278,2021-09-25,48,ACTIVE,2025-09-04
b5356bf3-b5f4-449f-9054-b5baa6b02299,CUST00000680,2f098f4d-a43f-483a-a431-01e40d565923,BUSINESS,6031.55,1933.171820042968,0.1503,2022-03-16,60,ACTIVE,2027-02-18
dc404104-91af-4892-a40f-f1c4e5ae01ed,CUST00007430,64953d5f-0cb4-4891-988d-f23b3ccff6eb,STUDENT,21019.27,4072.2420818819546,0.1687,2025-01-10,60,ACTIVE,2029-12-15
9523175b-c0d5-4c17-a1a5-564247d41385,CUST00005488,950df1a0-7aaf-4001-9912-316afd9e8e20,STUDENT,22629.85,14072.136566421681,0.0661,2021-07-25,60,DELINQUENT,2026-06-29
e2d8d2e6-272a-44fa-8cd4-dd15f592478d,CUST00000237,20f0156a-1e6a-4628-9c6d-52d5ae2e9af9,STUDENT,44754.42,15970.84540270043,0.0634,2026-07-04,12,ACTIVE,2027-06-29
a589c017-16f4-46b5-a760-a7dfce01fa3f,CUST00006805,600c9c71-0990-4647-8ac8-d87ea689d07f,STUDENT,2834.76,836.2747838836361,0.1218,2021-08-28,60,PAID_OFF,2026-08-02
702adf3b-7cbf-46b4-b8e7-4535a9a45be4,CUST00002424,7e8adee7-0758-4201-961e-16d16105716b,PERSONAL,53575.7,40563.940739545986,0.1219,2022-06-19,12,ACTIVE,2023-06-14
773fbb30-107d-4224-893a-55d2e3a71aee,CUST00001033,a9e27ba9-952e-4abb-94dd-5061555736f8,STUDENT,381.23,87.9114225479353,0.0592,2024-05-09,24,ACTIVE,2026-04-29
099c3693-fe59-489f-b035-fa61437478bd,CUST00006340,9a5c68ad-aeb0-4110-ac13-b24990d22d54,MORTGAGE,8562.72,5025.368896105717,0.1257,2023-02-06,36,ACTIVE,2026-01-21
518ba376-d76a-4c03-b534-f5214d564ca1,CUST00002941,c655a597-7ccc-43de-82ac-7e1dac565da6,AUTO,10589.19,2060.6150001661613,0.0823,2023-04-05,48,ACTIVE,2027-03-15
895c186b-3a77-4b80-a7b8-f1780ef6465e,CUST00005410,bc594585-9445-48c0-8ef8-c2d6f7fd5646,PERSONAL,56953.49,40710.27535754078,0.1351,2025-12-19,360,ACTIVE,2055-07-15
5dda5439-d5af-44fe-8a97-8dfacb3f99af,CUST00003133,0e0630cd-996d-4c50-bc04-a168652ffb49,PERSONAL,22787.02,14244.655752700097,0.0724,2022-03-28,360,ACTIVE,2051-10-22
2977fb6e-29d2-45d6-8c03-b6d6f27eec3b,CUST00007081,53a71719-bcdf-4302-8c37-e264d03cd20a,STUDENT,2674.87,2134.9568931415847,0.1266,2023-11-11,12,ACTIVE,2024-11-05
f1bef588-9c08-41d4-8f20-2a19d0a836ae,CUST00004943,7f05fbf5-efca-4577-9aa6-f7cb90c7e6ac,STUDENT,5026.66,344.31150582656784,0.1583,2022-11-12,36,PAID_OFF,2025-10-27
569d7aeb-640e-40e7-ac10-56b347c3c463,CUST00006962,62e0adf7-a315-4bbb-adb2-31a2cfcc2abd,PERSONAL,29673.81,6234.629188576603,0.1964,2024-12-17,120,PAID_OFF,2034-10-26
5636d3b7-c069-47d3-b2cd-fdd02e616bd7,CUST00007731,69c165ae-4c61-4ae8-87a3-7f1061b512ed,STUDENT,19563.07,3021.718845732688,0.184,2024-11-26,60,ACTIVE,2029-10-31
ec1aa530-c0ff-4bc4-9f44-9bffbad65109,CUST00000634,41f74651-a033-4dad-8fdf-de19cfd835fc,STUDENT,9240.15,1760.814444426249,0.1106,2022-09-14,48,PAID_OFF,2026-08-24
33777a82-32ef-483d-a8d3-e1aac23f2471,CUST00006823,c8fe3ccd-c8b8-49c6-ad30-49cf43e458fc,STUDENT,10708.03,1103.0778498326213,0.1079,2022-08-29,120,ACTIVE,2032-07-07
273fd952-fe77-49f9-8533-4baf222b8537,CUST00004104,d6c34b19-b4a3-4c95-9466-99843ecb1bd6,STUDENT,62583.19,35176.87843313502,0.0988,2023-12-31,12,PAID_OFF,2024-12-25
0262bf90-3bd8-4e22-8b0f-ab8e9fa4ce21,CUST00009585,82f73861-1adb-48cf-a60c-1638d4a5a81e,STUDENT,10132.07,6012.688556434712,0.025,2025-11-01,60,ACTIVE,2030-10-06
5487452b-226a-4b48-8428-6ad922e40b50,CUST00006488,e3395b1a-1ce9-4871-bcf5-9d5feb9f33cb,BUSINESS,19300.05,16279.394457452177,0.0499,2025-05-02,36,ACTIVE,2028-04-16
1b993f82-fdd3-4eea-92d8-8eb166b9ce27,CUST00003447,445dcc38-341c-4494-8d36-6dfcc28ebd70,BUSINESS,570863.2,238471.35216685096,0.0307,2022-06-25,24,ACTIVE,2024-06-14
028ccae1-e0b8-4731-b454-4a6a372cba50,CUST00005739,6e66a273-c4ca-40d7-8a66-de6724d4d5a3,BUSINESS,2603.15,1385.8772658397486,0.1453,2025-07-13,36,ACTIVE,2028-06-27
32803153-382e-40e8-859f-99d73acf0cbf,CUST00003099,fc3a156a-531b-49d8-8b7e-42df9c8a1631,PERSONAL,1369.55,1357.640474566487,0.0944,2025-03-02,12,DELINQUENT,2026-02-25
70e39ecb-77ec-4430-a885-ca4740ee7a6e,CUST00008098,2c3aacdc-aed5-4a46-8bde-005b5d8babd7,AUTO,71352.27,37948.35398601666,0.0315,2022-01-16,24,ACTIVE,2024-01-06
1f737931-b137-4223-bbeb-914b115626bb,CUST00005477,9c48c830-6e89-44f4-9820-10d1f4c873a7,PERSONAL,7958.82,4564.9888387225,0.1443,2022-04-02,24,ACTIVE,2024-03-22
c88736e9-6d82-4f0b-a6a1-9ff8ab9a9585,CUST00008254,be9e01a9-d18c-4fde-a445-8bad2f4f914c,BUSINESS,13665.69,13609.89865731572,0.136,2024-10-29,60,ACTIVE,2029-10-03
d0d74aa0-eecc-4146-9d7d-c0fd74cfb32b,CUST00005182,a9eb0bf9-850e-4d30-a055-adeccbebb43f,PERSONAL,6824.44,6784.3763159410855,0.1496,2024-06-03,36,ACTIVE,2027-05-19
6d473b55-db1c-41cb-b002-983102bda3a7,CUST00001818,ae7303c0-50ab-4660-ab94-5cbb3d162ab9,AUTO,14917.64,6325.533536459912,0.128,2022-12-01,12,PAID_OFF,2023-11-26
9c137f71-7a77-44de-86a1-c1ef2459bf96,CUST00008825,a689b424-7a3a-40e1-b9c7-73a0e0decc3d,STUDENT,242269.78,153828.42871960768,0.0491,2025-11-20,120,PAID_OFF,2035-09-29
d057358d-c03b-4a8e-98ed-77989c266a1b,CUST00004888,98e52499-218c-4e1c-9e37-4f7ac42cbc39,MORTGAGE,73364.3,35273.7394257246,0.0311,2023-07-19,120,PAID_OFF,2033-05-27
bf96abad-e60d-4941-bfc6-8e1450b034fd,CUST00002599,c9e26074-4f16-49a0-8a17-991ea5769411,BUSINESS,80284.77,57862.474271744446,0.1671,2022-06-19,24,ACTIVE,2024-06-08
a44a0d54-472a-4d93-ac6e-7aa80e81a1fd,CUST00009493,e24c724b-e453-44c2-b037-f0b710ccf85f,BUSINESS,2632.42,2470.2274459619625,0.0588,2023-11-05,60,ACTIVE,2028-10-09
1407a94b-0e59-4ba4-b5ea-7f1e5ec51b50,CUST00002654,b544f70c-593a-4b51-978b-55e7f406d6e0,AUTO,3917.74,1213.1646587863077,0.1177,2022-11-11,120,ACTIVE,2032-09-19
e9052c4b-2c4c-4385-a74c-87ebf10a373d,CUST00001455,a38295d3-1e0e-4546-b0b6-dedf4f9c4027,STUDENT,311.49,255.07142684002585,0.1073,2024-04-19,24,ACTIVE,2026-04-09
8e5e71c5-94eb-4e5d-bc16-5b0e3b17b288,CUST00001139,dfed2c43-e256-46dc-8f54-86b7c7b5b2bc,STUDENT,6541.55,4283.727036200713,0.1858,2025-09-29,360,ACTIVE,2055-04-25
7cd5babe-d0e9-4e5d-8220-f0b6c5035b6c,CUST00005808,5422ea97-e32a-4787-9824-6315ad49e072,MORTGAGE,92508.4,25919.4476701958,0.1194,2023-06-11,36,ACTIVE,2026-05-26
377f35c1-076f-432f-bc28-29392bae3b70,CUST00003193,ebc1bb52-82e4-4d4a-943a-c1c54f560ed5,STUDENT,47830.55,38135.28116565676,0.1244,2022-06-16,120,PAID_OFF,2032-04-24
f365185d-eafb-4b2c-b77c-32c24556a328,CUST00006117,3781d306-d5e0-4664-a4db-04c8a8174c85,AUTO,15799.45,6748.466780161071,0.0775,2024-11-18,48,ACTIVE,2028-10-28
2086ba87-0bf2-498c-a1be-4ca5cadaf90f,CUST00003760,4dd7962b-bfda-45c9-98fe-b4f3ec40d95a,STUDENT,21301.86,2564.683776497977,0.1926,2022-02-04,360,ACTIVE,2051-08-31
116f176a-755d-4764-8bc6-fdb98a497bbd,CUST00003030,076c108d-214c-47b1-8cfc-64207192e443,AUTO,7837.47,7785.870897658438,0.1302,2021-10-18,12,ACTIVE,2022-10-13
94deff78-ccaf-419b-b8e2-74d8f250f86c,CUST00009553,bb27f6bc-9888-40d9-9423-251ebcb12a00,BUSINESS,29945.62,12746.243341582533,0.0209,2023-05-12,360,ACTIVE,2052-12-05
ffd8ca90-cc12-444b-bdcc-5163cf3b5aa8,CUST00005096,2fe938e4-427b-4ffb-9ca1-adcc9cdf0664,BUSINESS,69481.61,37627.94289129697,0.1201,2022-08-29,48,ACTIVE,2026-08-08
17430eff-0431-4773-8544-3fb6ead24b3d,CUST00000064,b4b2ce14-49b9-4124-a30b-d3b558fe7bd2,BUSINESS,1951.14,1576.446451362404,0.0855,2022-07-03,36,ACTIVE,2025-06-17
f5260cb1-29bd-44d4-b7bb-24ab7447b052,CUST00001346,b576255e-9854-4f22-a102-f9c964575bc4,PERSONAL,34526.12,33175.324746287035,0.0258,2025-02-12,48,PAID_OFF,2029-01-22
21e5259f-cc0c-419c-a973-6b1829d5039a,CUST00000975,486fac8f-a4c5-4ae5-8d32-e7120c767092,BUSINESS,89201.43,77862.8444460856,0.0977,2023-04-17,36,PAID_OFF,2026-04-01
5f9094ca-e18e-463b-8d57-aef54aecb057,CUST00004162,ed850a6d-7542-4851-b2a2-4da42537e0d6,AUTO,11817.65,6204.895041176183,0.1592,2023-01-02,36,PAID_OFF,2025-12-17
e0f0c823-d077-4d1f-b079-04e00ef92e30,CUST00005963,f75efed8-2d6b-4953-8fea-d84ec98cfd48,MORTGAGE,63010.14,34384.38611679217,0.1107,2026-04-25,60,ACTIVE,2031-03-30
d4d1bf15-ea92-49d4-a9e0-d8c3b8e2e864,CUST00009815,edda1677-4e08-4b81-ac4d-6c0037abaaf8,STUDENT,1501509.76,421754.4767759102,0.1351,2022-11-03,360,ACTIVE,2052-05-29
8be5199e-e212-42e8-a91a-0e8b424a1f16,CUST00008650,25e050f6-b273-493c-9cad-a48a46a42ee1,BUSINESS,18835.26,8717.012538874662,0.1352,2025-04-29,48,ACTIVE,2029-04-08
f55c6af8-c6b4-4036-baca-2a87766afbe7,CUST00006597,4dffc9aa-b5bb-4bce-ac15-c4ad57904515,PERSONAL,39733.92,37621.62039723673,0.1408,2026-06-05,24,ACTIVE,2028-05-25
79edf2d0-ead7-431d-94ea-18f51a01d224,CUST00003331,a2cd1590-58af-493c-8aa2-b4c93ba5bd76,PERSONAL,7280.21,5292.282729471644,0.0898,2025-07-14,36,ACTIVE,2028-06-28
7ec4eb39-b0e4-40ce-a2d4-faa0a466c489,CUST00001741,b1644235-49a2-4fde-b235-7a3ccc7f9517,AUTO,28908.09,343.34111728540046,0.0866,2025-08-30,360,DELINQUENT,2055-03-26
69f6a8cb-42ac-4bbb-9328-bb735234967d,CUST00006056,e5d6f6e6-9a6e-42f5-8cc4-29038bcf53a1,MORTGAGE,43932.4,5118.422541749386,0.0208,2024-09-02,48,ACTIVE,2028-08-12
d51878a7-c962-4855-9f4e-f5d61b1a5a06,CUST00006322,27ef0a4b-5fb2-4838-af73-b3cf331e91f2,BUSINESS,29503.48,27255.647326976177,0.0478,2024-06-19,24,ACTIVE,2026-06-09
2ed1027f-dcbd-4ef5-af8b-07d099c8cca7,CUST00001955,9293f705-0815-4147-be00-980eae441e21,BUSINESS,4771.7,4049.834021843896,0.1911,2023-03-01,12,PAID_OFF,2024-02-24
62e5b19a-0ccf-47fb-8382-79e7ecf8022f,CUST00000280,b257e257-cc4a-402c-8f49-94e07ab16533,PERSONAL,30017.71,14593.54394514031,0.1716,2021-12-07,24,ACTIVE,2023-11-27
3a363b3a-8aa7-4eb9-a3cb-29bd5c1947e1,CUST00002392,bfbf397b-ac3e-4b0d-9e5b-a13d746cdb77,AUTO,197460.51,121828.84599897213,0.0695,2024-11-13,48,ACTIVE,2028-10-23
70d21fea-eba5-4500-9f55-6ba6896d3a54,CUST00009233,baebe15d-4f3c-4771-8edd-2a2a6b69b4ae,PERSONAL,43172.27,12504.675764579457,0.0922,2026-02-27,48,PAID_OFF,2030-02-06
781aee5a-ad79-4370-89e2-fc9e277230de,CUST00006440,c4ea4ece-67b6-4467-9432-d79794f6c67a,PERSONAL,93244.54,73927.13877745807,0.1892,2023-04-06,24,ACTIVE,2025-03-26
817b6767-56e8-4e7e-a5f9-79cda1010d68,CUST00000962,f69072cf-ac7e-4cc6-b0cf-3e7f5c58b8ba,MORTGAGE,15436.38,9313.037370815211,0.0651,2023-05-01,24,PAID_OFF,2025-04-20
2e0c881c-1068-4337-ae5e-ccf7df4924f2,CUST00006828,592448ee-7ac1-44f9-8472-f9f6ec6494e0,AUTO,67836.14,47134.29383090622,0.1159,2025-04-27,120,ACTIVE,2035-03-06
0a4434d1-994a-461f-9110-7df927d23eca,CUST00001218,1b5829c9-24ef-45a7-b7cf-65ca6c412493,MORTGAGE,33486.64,12554.47077786563,0.024,2022-08-22,36,PAID_OFF,2025-08-06
c82d4afa-95be-4ff6-b4ae-5a44cd7b6acd,CUST00008567,1825bc54-30be-445f-a835-14f2ceb81f9d,AUTO,5290.32,2277.154794607816,0.1316,2023-10-24,48,ACTIVE,2027-10-03
64ea7b95-62a1-49fb-97de-b702b026d60a,CUST00006008,2b1ac76c-89ec-4c51-98cb-aa5247f53019,BUSINESS,35517.52,7376.352535331753,0.1874,2021-09-12,36,ACTIVE,2024-08-27
b66db5df-4820-4942-88a5-9343c21ca2c1,CUST00004131,530ac1c7-b8ba-4368-8fc7-77685ebbcca5,STUDENT,4976.37,4717.860233015139,0.1793,2025-05-14,36,ACTIVE,2028-04-28
b9866767-81d3-4bca-aa34-23ed41357db8,CUST00001393,76e5ae78-7bf7-41d3-aa66-2fce7089fc6d,STUDENT,8524.33,8068.764405591888,0.1104,2022-03-21,360,ACTIVE,2051-10-15
3f55f644-f278-4488-a5be-290abd4fb6fc,CUST00002077,09cb3942-43f5-4a85-bbc9-f87af668a617,AUTO,29260.46,23927.777659813324,0.1369,2022-06-22,12,PAID_OFF,2023-06-17
30084a02-a090-4f90-bfc5-43c97c479df2,CUST00008967,fb481ded-0f03-4337-b9f6-143bb2383056,STUDENT,34401.88,32184.854944076018,0.1226,2025-10-08,360,ACTIVE,2055-05-04
f0c3dc02-c4f8-45ce-92ca-910d738cf3da,CUST00004317,ecab3301-bc8f-4d29-adea-94930658663a,PERSONAL,3700.23,2461.866819999495,0.0321,2023-08-15,48,PAID_OFF,2027-07-25
1987e27b-2fb1-4e81-8b5f-b5b51388fee7,CUST00006197,2320de16-15ac-40e4-a2c2-3308fd7ee75c,BUSINESS,107042.22,25117.65701735098,0.0486,2022-07-17,36,ACTIVE,2025-07-01
fab522e5-1600-4e9c-95a4-2c522147129e,CUST00004590,582b91ee-f8e8-435b-8c00-988a7ee1011a,BUSINESS,51948.57,39491.849526853184,0.1935,2023-10-03,12,DEFAULTED,2024-09-27
753840d9-87ea-49f2-9e85-95360c11c74d,CUST00008143,27ef0a4b-5fb2-4838-af73-b3cf331e91f2,STUDENT,7653.42,2489.47544533463,0.0661,2023-06-20,120,ACTIVE,2033-04-28
3c573da8-0abe-40fe-8375-9222f74c72c0,CUST00006261,345e2eaf-c1fd-4581-b3ec-e6b1fcfd8547,AUTO,2194.31,966.5533756444031,0.0892,2026-07-13,36,ACTIVE,2029-06-27
b0385cd1-fb86-41c1-98be-6c14b2675285,CUST00008472,5d87edd2-1735-436b-a5a6-ab3af5757b77,PERSONAL,17723.44,4862.428668080814,0.1116,2022-03-30,36,PAID_OFF,2025-03-14
eb10052a-cead-4e1b-aa7a-4ce68d843ad9,CUST00007898,b62a7941-59dc-4e0f-b168-5db847d28391,AUTO,11283.36,4779.878601539465,0.1962,2021-12-22,120,DEFAULTED,2031-10-31
ab6b897b-0ccc-441d-9d3b-9ac6be24af96,CUST00004842,a6d5dac6-ca41-4052-919e-af98b6b84329,STUDENT,26100.52,17730.53648866988,0.1442,2023-02-17,48,DEFAULTED,2027-01-27
e6184043-f9db-40b0-a40f-1972ea94a772,CUST00007162,c234af07-f3e0-4b1f-85df-9333de36992f,BUSINESS,12776.02,1413.1627434442867,0.1333,2023-12-02,360,ACTIVE,2053-06-27
0caaf782-dae5-408b-b454-83ed12ed553c,CUST00009667,205f9619-df73-421d-87b2-e24dcbad3916,BUSINESS,1084.44,114.09060207718673,0.1144,2026-05-11,24,ACTIVE,2028-04-30
4a95c90d-7c17-4917-930a-835ddcea8b59,CUST00001060,3b482d28-b7ed-4c13-b3eb-e65817e1e8f6,AUTO,12301.54,8411.424154502763,0.1461,2025-02-19,120,ACTIVE,2034-12-29
a118766a-cc45-45fe-893a-d01fb18ed96d,CUST00001923,2ad11fe8-7d1b-495e-b1a0-449dd703262f,MORTGAGE,13926.81,10857.078789248271,0.1395,2025-05-10,24,PAID_OFF,2027-04-30
26ab406f-9927-485c-b9bc-ae35eeba719d,CUST00006102,3527bcee-d343-4f88-91f3-79b18ebb8208,AUTO,56982.05,31423.702201614222,0.1825,2025-04-12,48,ACTIVE,2029-03-22
f8bc60bb-9677-4d4c-9a83-7f9e5a3ede12,CUST00004593,67ce378f-e5a4-483b-a383-889adb2c6ac8,MORTGAGE,7728.74,1403.856171063783,0.1175,2025-05-07,360,ACTIVE,2054-12-01
b1c72493-4077-4847-9e04-215a9e92b9d9,CUST00006350,d52721e7-19bc-443e-bb02-bebb48729a4d,AUTO,273214.37,117688.96094813297,0.0959,2022-10-30,24,PAID_OFF,2024-10-19
517eb16a-9922-4b37-ad9e-b2d25adea2a4,CUST00002474,088dbd82-d883-43f8-8c98-03de12de9e5a,MORTGAGE,1252.05,949.2736628009052,0.1653,2022-01-18,360,PAID_OFF,2051-08-14
c3aa59ef-e5bb-4fb9-a2c0-7b0fbc374a1e,CUST00008109,65c17795-b155-46bc-9f8d-ed9756abf2f1,MORTGAGE,157432.37,107956.58736486072,0.164,2025-04-23,60,PAID_OFF,2030-03-28
2c33acb9-1a1e-4904-be76-3e5b1c011cb5,CUST00008097,bb0084fa-3822-451b-9b00-f1a0d2ed3196,MORTGAGE,15733.09,1728.523450425153,0.0506,2021-09-07,24,PAID_OFF,2023-08-28
7e02c8c1-e7c2-4aa7-a460-fdd72cedc1f9,CUST00006749,fb8fe8c4-d8b4-4ead-9360-8edf382b5b86,MORTGAGE,79967.64,77500.41287388379,0.0626,2022-10-30,360,ACTIVE,2052-05-25
4128b138-bf99-46e3-a347-8b41f2023981,CUST00004550,3a3c8a71-ff57-4e2b-8991-ab9bebc2026f,PERSONAL,24827.38,5545.539949039814,0.1926,2022-02-18,120,ACTIVE,2031-12-28
7453c9c3-8ebc-42b1-b866-5e813ff1254b,CUST00000595,11df12d7-dd30-4e89-a2f2-35f2e11b868d,MORTGAGE,121702.32,26821.914011091965,0.0999,2026-06-03,36,PAID_OFF,2029-05-18
5c57eb93-057e-4a6f-a9de-65e62e89a6ed,CUST00005453,143029a9-d88f-4c94-88b7-63d5e519dd7e,MORTGAGE,12319.73,5665.3171307671255,0.1135,2024-10-25,36,ACTIVE,2027-10-10
24f3984a-264f-4171-8a0d-08aedb6e82cc,CUST00000507,b253d218-6c4a-47ea-8906-17f2747b6dba,BUSINESS,4238.94,1387.1639892434655,0.0758,2023-07-03,12,ACTIVE,2024-06-27
607b7b22-2d18-41d7-a02c-98871cecb536,CUST00004890,fe4cefed-6f55-4c9e-9b00-0f9f16e500e5,PERSONAL,185490.03,182519.5905532283,0.1066,2021-08-11,120,PAID_OFF,2031-06-20
cf97b941-af62-4976-920c-7748addb47c3,CUST00007638,db20a56e-dc81-4fe7-8eda-8bbb71710434,MORTGAGE,18578.85,1421.0920238225297,0.1538,2024-08-25,360,PAID_OFF,2054-03-21
a5637759-e10a-4c64-9752-800f42bb7890,CUST00008213,b9d707a9-e74e-40b3-bdce-635fbf905d6a,STUDENT,30709.82,9410.692394199486,0.1068,2021-11-02,48,DEFAULTED,2025-10-12
313e59a2-f546-45ee-9999-6d9d61eb8774,CUST00001400,3d57ee27-33da-4fc1-8d47-e26d1ef7a52e,PERSONAL,140382.75,53727.58936672499,0.0767,2024-05-25,12,ACTIVE,2025-05-20
bc6699ff-bd73-4fcc-b1ff-18f9e8a541f8,CUST00003202,3427e466-17f4-485d-997f-aaf01fa7cddf,BUSINESS,4684.75,2311.7320208388605,0.0373,2021-12-17,36,ACTIVE,2024-12-01
d10320a3-8a21-406c-b13e-3f6d0062cf68,CUST00007855,ff50bde4-3825-47b8-9cab-cc97663f1c97,AUTO,53811.17,882.8491253187228,0.1871,2025-09-14,36,DEFAULTED,2028-08-29
4a36acf1-f9e5-4053-b3cd-a586320c6b84,CUST00006764,16db80db-a543-448e-9adf-e9816ab19e15,BUSINESS,9092.07,748.8422677501134,0.1769,2022-09-29,12,ACTIVE,2023-09-24
e090c65f-715c-4f85-8d52-9e8a4b5f9c24,CUST00007963,59518620-8769-4e24-9875-589a7d57a51f,BUSINESS,18065.26,4657.398226421155,0.1624,2025-06-29,120,PAID_OFF,2035-05-08
4e02ffb3-04bd-4646-9561-2a4ae7a3d3fe,CUST00005191,6ddd5c02-d213-4565-aa94-a1d43f529dae,PERSONAL,24548.8,13600.086302883363,0.1449,2022-09-19,60,DELINQUENT,2027-08-24
7fc4bd3f-84c0-4bed-9732-bacd8090661f,CUST00005682,a14923c2-f920-464c-8763-fcd01f15c7b6,PERSONAL,2320.8,1781.8442601050106,0.1128,2024-08-19,24,ACTIVE,2026-08-09
ec2597eb-9482-40ec-9966-80b38231f16b,CUST00003679,058b5ee1-a2dd-415a-a570-66e86eaebb60,STUDENT,6848.22,4701.2711776615115,0.1815,2023-03-22,360,DELINQUENT,2052-10-15
76f1a8e8-455d-4614-8301-a06c54a1c8a6,CUST00000337,a4d546e1-7239-4201-a768-7c42b3468999,STUDENT,167143.72,94774.65324513246,0.1625,2021-11-28,360,ACTIVE,2051-06-24
02a49e9a-2a8c-4efe-8def-bf070553c66b,CUST00001668,8dd7e052-44e7-4702-84c4-7757e2db1ce3,PERSONAL,83223.65,33059.166822000814,0.1669,2025-04-07,60,ACTIVE,2030-03-12
aee0ba17-9d25-4068-9fca-fb85dc34d926,CUST00000910,4823debe-ccad-492e-93dc-4faed3a71b83,PERSONAL,20051.13,17458.40865502343,0.0757,2026-04-01,60,ACTIVE,2031-03-06
af31dee8-81ea-4853-8415-a46760a55b8e,CUST00008468,7f6bd3c6-1b34-4937-88e6-09391d2fed2a,PERSONAL,31719.45,14583.73219725323,0.0962,2023-02-04,60,PAID_OFF,2028-01-09
c41e63d4-9cb1-4b59-9245-6606596fb6ce,CUST00009084,53391df4-5ae8-4d18-88dc-1e26c7c2564a,AUTO,14166.51,4239.3678631869625,0.1472,2021-09-14,360,ACTIVE,2051-04-10
c9bbdda4-3080-4036-902f-4df3dffd1d40,CUST00008205,9fb886b2-a662-4b92-8748-ffb3d0a96757,BUSINESS,168531.02,106062.48882783436,0.0868,2023-03-11,120,ACTIVE,2033-01-17
41e39149-7f30-4761-b2bc-e91aae8f191f,CUST00005123,e0864418-7f3e-459b-9638-613769f35b2d,STUDENT,16308.98,11287.68963702618,0.1089,2024-08-14,60,ACTIVE,2029-07-19
2e8139fe-e75d-4776-b3b5-ab5c9fb8d4b8,CUST00008154,6b0ffa79-3113-413a-a0b9-98300b373468,STUDENT,31187.2,12427.171220462096,0.1364,2024-06-29,24,DELINQUENT,2026-06-19
a86e45c6-a279-41f6-ad58-f5e065b2e4c5,CUST00000974,a7087280-34ee-4b67-a1bb-d1838acfd4d6,MORTGAGE,122890.04,3458.528933463683,0.0988,2022-04-03,48,ACTIVE,2026-03-13
e0ad8c81-f297-4a6e-a8f3-0754358e5535,CUST00004271,1d4ff1c8-618e-42a7-8d34-dd8374629fb5,AUTO,6863.29,646.0517842596133,0.1627,2025-08-24,12,ACTIVE,2026-08-19
6a036e2f-5108-4482-bdb7-7a79990501f8,CUST00001409,7464d6f2-11ea-4c00-863e-cbe2a8d99292,PERSONAL,228247.03,193005.43564601938,0.0409,2026-02-11,60,ACTIVE,2031-01-16
73cd3e91-2f5b-46f7-849c-230d3bb11ffe,CUST00002289,7cd0129d-2e8d-4e87-9334-20e6d9d80b8d,PERSONAL,2217.88,125.41650343847077,0.1493,2025-01-23,60,PAID_OFF,2029-12-28
51a3dfe4-7962-45a8-bf7d-7604ebd92165,CUST00008739,f72169bb-8096-4718-a051-acef097a1e10,AUTO,253840.96,150278.84062085522,0.0461,2023-08-21,12,ACTIVE,2024-08-15
e97c0337-28f6-4012-aba5-a631cb776246,CUST00001219,af32baf8-811d-44af-a8ca-7483dc0e3375,STUDENT,12594.14,2313.661719663604,0.1888,2022-09-05,360,DEFAULTED,2052-03-31
047d4bc7-2753-4c4a-9136-8ea85bd3494b,CUST00001421,972a8469-1641-4f82-8b9d-2434e465e150,PERSONAL,15305.26,3503.7764083278535,0.0765,2025-07-24,360,ACTIVE,2055-02-17
663cf258-e2c5-4f4d-949f-25e36b19b289,CUST00009647,94a1875d-2db6-4edb-82de-ffccf86c2ca2,MORTGAGE,1293.34,353.5137434851925,0.1632,2026-04-13,12,ACTIVE,2027-04-08
244a603e-156e-47f8-8af0-cf0c596b0c6f,CUST00003378,9d66e815-5a41-43b3-a95f-176cdebac186,STUDENT,11134.55,426.3573541800339,0.1139,2026-04-21,360,ACTIVE,2055-11-15
071c641d-2242-4baa-9ac6-2e25cf3cc829,CUST00007502,4398018f-8c9d-4a84-a24c-ee91b4992393,BUSINESS,4629.9,820.5815957421397,0.0364,2022-08-14,360,ACTIVE,2052-03-09
b9a1f8c5-929c-4513-9e6f-46b9a77465af,CUST00004099,ff4625af-bd20-463b-b275-b5f3d436a7a8,AUTO,8853.17,5758.986947899282,0.1249,2025-06-14,48,ACTIVE,2029-05-24
97affdcd-26a1-4f29-a85c-ecb9ed6d216d,CUST00002739,a76c11cb-66f2-4d1d-83d6-af3f2c727675,STUDENT,17926.47,8940.237780718717,0.1842,2025-09-06,36,PAID_OFF,2028-08-21
52949fbd-1243-4159-9df5-6402492ca612,CUST00007620,9b3b5b4c-ff2a-40c0-9ab3-83c9e88188c3,BUSINESS,92659.56,73880.16225977207,0.0483,2024-03-13,48,ACTIVE,2028-02-21
edced19f-f47e-4c3e-9d5c-0525ec8f3b62,CUST00001843,92811c92-984f-4323-b329-2925b107094e,MORTGAGE,30073.66,1841.774290113389,0.0778,2024-04-27,36,ACTIVE,2027-04-12
0ac33b9c-37e6-4aaf-a917-5c82c4c34aeb,CUST00008939,97ac6aa8-bb24-48a3-9363-57b66f81cf4f,AUTO,34944.45,31062.06206845031,0.099,2026-04-30,120,ACTIVE,2036-03-08
50d8929c-5157-4f3e-9766-cd4326d18922,CUST00002817,ec86a890-d7b0-4bdc-966e-3cbe9aea622f,PERSONAL,4258.71,4243.372391785604,0.0695,2023-01-31,24,DEFAULTED,2025-01-20
94e17c88-b37d-4941-aa32-fd19c1e84c4a,CUST00009064,600fc79c-fbce-4087-96d2-b14d07faf6f7,PERSONAL,5877.39,92.50995549527464,0.1899,2023-04-06,360,PAID_OFF,2052-10-30
3e8e9f65-6f96-4845-bb8b-1bf766f8197e,CUST00000495,271e3ee2-b1a6-41f1-a20e-99d33b33f3d8,BUSINESS,327121.69,316536.0535511337,0.088,2026-03-22,48,ACTIVE,2030-03-01
cff716ad-b85f-40e5-ab1a-a0c576990442,CUST00006561,db23aa8c-3bca-4f85-a20a-60ac9261549d,STUDENT,7311.46,1724.500791379094,0.1385,2024-10-30,24,ACTIVE,2026-10-20
2c1fd0db-689a-4f90-a550-0af12777a40b,CUST00005511,d4c3a832-b231-460b-b8f2-ce6bd46b415d,MORTGAGE,264160.56,182942.58321266412,0.0603,2024-10-16,12,ACTIVE,2025-10-11
4bf1d7a8-b904-4b4e-9f57-1ce3d3a085ec,CUST00003445,b0c07fcc-96ad-44df-adf7-5924c5b8386b,BUSINESS,15296.94,4474.1016801694705,0.0595,2021-10-29,48,PAID_OFF,2025-10-08
2e0cf801-f436-4b12-8391-ef93aa012ab9,CUST00009268,4312153d-484f-4f7c-a44f-52f41b696031,MORTGAGE,22102.19,11533.207390524658,0.0517,2023-05-22,120,ACTIVE,2033-03-30
1374975f-6081-48de-ae74-745d0af15cc2,CUST00007544,93fde248-aac0-4912-884d-7822da948e70,MORTGAGE,109704.73,55995.32480857891,0.0983,2025-08-15,12,ACTIVE,2026-08-10
9f9dda0d-425b-4476-a9ca-723755d145d2,CUST00007563,0769165f-e746-4cb9-8ca9-cf07b1aa0f6a,MORTGAGE,148425.53,53597.27217313264,0.1159,2023-07-19,120,ACTIVE,2033-05-27
ab37ff0a-a574-425f-86ed-eb1183ade32f,CUST00003995,dfb68a5f-bb81-41f0-bbc4-d138ec737598,AUTO,18653.35,13384.65101025119,0.0219,2023-05-17,120,PAID_OFF,2033-03-25
31ccd55c-18db-494a-96f2-ce968d1d122a,CUST00007254,6c93a791-8b60-4511-b816-8aebac6a7c85,BUSINESS,12303.46,7377.603469146013,0.1699,2025-11-02,60,ACTIVE,2030-10-07
3918d757-1b62-4489-b94e-52be346b544c,CUST00000046,3d8925a9-25d2-47d0-b665-87075d411ac5,AUTO,20254.24,10294.764424346027,0.1123,2022-04-07,12,ACTIVE,2023-04-02
d9f0fa1f-c2a1-4a12-89ce-ab51a79a80da,CUST00002058,9ceab67b-ba82-454a-87e2-a618802993b1,STUDENT,36568.27,35940.73332484102,0.0483,2022-06-03,360,ACTIVE,2051-12-28
92eae3b6-45c9-4b9b-8b29-fc3a0a5ac47d,CUST00000664,fc24a159-eada-4885-afda-70bf78920f72,STUDENT,83864.32,78833.24293435832,0.0321,2025-02-25,120,ACTIVE,2035-01-04
3975864c-d9da-4362-9a06-e43988d094a9,CUST00004669,fd063a58-aa3d-4585-aaec-f4e0e81909ce,PERSONAL,22166.66,21178.821545520525,0.0314,2022-01-28,60,PAID_OFF,2027-01-02
107187d9-2833-4002-9b04-9d89b451c12b,CUST00002030,1b2765f6-f383-44f7-addc-ac0a97206c66,PERSONAL,55733.1,49118.91638411263,0.0664,2022-10-26,36,ACTIVE,2025-10-10
2d4177f0-156d-4288-a472-1ca1d1a4e006,CUST00005718,760e36aa-a0d9-40ba-ad57-a5c89110f698,PERSONAL,257182.08,65621.380743956,0.1099,2023-11-25,60,ACTIVE,2028-10-29
f3234331-1828-4e61-a6de-fcafd9ba9cdb,CUST00002697,4d2d8efd-57c8-494c-9e77-76ae8bec9a50,STUDENT,39025.26,13657.905602691568,0.1748,2025-05-18,360,ACTIVE,2054-12-12
138664e3-c838-4cbc-ac42-e58bd42e937c,CUST00008832,40b374f8-8c1a-42c7-9fa3-ed1f61584f88,MORTGAGE,35153.49,8122.376257646815,0.1825,2023-10-01,36,ACTIVE,2026-09-15
82e89b5e-4bcb-48bd-bfca-79d85f42cf6b,CUST00002664,5da8d6d2-f8b3-4a8b-a05f-b8bc8a16a06c,MORTGAGE,2256.64,2225.4462107825643,0.1698,2023-11-16,60,ACTIVE,2028-10-20
1cd6cf0d-e228-48e4-a964-f172a9a9bd76,CUST00002746,7279101c-93f3-403d-9d96-232d63d5e750,BUSINESS,425.77,64.99884428920163,0.0791,2024-07-28,60,ACTIVE,2029-07-02
2755d942-89cf-427c-9f5b-787eb6131739,CUST00005005,f99cea5c-b65a-40f1-8350-ab061059ea28,STUDENT,39441.1,14455.62680217435,0.0752,2021-11-10,24,ACTIVE,2023-10-31
6acac286-8b1e-401c-af79-029edea6a37e,CUST00006322,f4672866-ed56-42a0-ad54-ff2b10ee4f77,PERSONAL,19106.11,3802.9646735747438,0.1977,2025-02-18,24,ACTIVE,2027-02-08
66c64e18-fdce-4d79-bfdf-76ae89293c77,CUST00005126,9bd65068-ba8d-4f8c-be05-fcef842c49fa,STUDENT,10176.39,2273.9531397737123,0.1426,2023-01-02,360,ACTIVE,2052-07-28
1a9e82f5-0228-4e49-a4c4-e73c4c46bad8,CUST00004949,9364ecb5-db29-420a-8886-b7c6a4c755b0,MORTGAGE,31738.8,7842.27295819217,0.0749,2021-08-30,12,ACTIVE,2022-08-25
87e504ce-1c17-4c69-9535-99c6c379b61d,CUST00004403,24f43c62-b523-40de-9b87-d29c4cfd0fc1,MORTGAGE,20118.49,12869.20808954618,0.0792,2022-12-20,120,ACTIVE,2032-10-28
8988266f-8e67-47d8-831b-dc7053a3b34e,CUST00003428,cfdfc6f9-eb0f-427c-a82a-3879f2b5a7ea,AUTO,119571.57,9093.342591312181,0.0982,2022-11-01,360,ACTIVE,2052-05-27
fd236d28-4f2e-4a08-a3b3-dfd00ef90bcc,CUST00005913,d1b60755-81d1-4226-bcc5-6af30eac5e90,AUTO,25063.46,14349.579586374766,0.1319,2026-01-07,24,ACTIVE,2027-12-28
d650e1f3-2231-4476-8005-05394e3b744f,CUST00000395,8429e12c-347f-4a8c-b39a-442b0d92bc7e,BUSINESS,7184.02,5885.768707189723,0.1816,2024-02-24,36,ACTIVE,2027-02-08
0ae689d6-003e-4a09-ac78-dec5d639d8aa,CUST00003598,302b0401-efed-498b-979a-7368bd96bb0a,STUDENT,97270.34,74560.02836839703,0.0557,2025-01-29,24,ACTIVE,2027-01-19
91eca6b7-2d7b-4702-a365-798bcb6bb8fe,CUST00000330,38491ecc-8891-47fd-a804-d0ac795741bb,AUTO,15903.64,2404.1802676707225,0.0352,2024-10-10,12,ACTIVE,2025-10-05
eeb44055-ea62-4d3d-80a2-4679ed95e829,CUST00000773,956abfdf-bf4e-4e46-9204-79cedba0c89e,AUTO,48523.57,44386.04936376079,0.093,2022-10-14,48,ACTIVE,2026-09-23
86403806-a366-4154-b136-e9e57f71a837,CUST00008136,35c0c003-d2cb-43eb-bd52-3fad3fbefe33,STUDENT,10763.15,8288.598288616793,0.0642,2025-12-16,36,PAID_OFF,2028-11-30
504d39e0-d4f7-415f-be9a-f4fb7afe3780,CUST00001646,7f05fbf5-efca-4577-9aa6-f7cb90c7e6ac,MORTGAGE,8310.37,44.065827780995924,0.1237,2023-05-28,48,ACTIVE,2027-05-07
bc9b944f-c6a3-45d4-93c9-6c608551e6e8,CUST00009925,2fb50401-9d26-4076-9e44-b774cf9d539c,BUSINESS,24990.53,18427.35791018003,0.1459,2026-02-13,36,ACTIVE,2029-01-28
66d78e18-a347-4f18-a341-6840f5b3029a,CUST00001788,960be0f4-9513-4c22-9583-9b99a50a13dc,BUSINESS,22454.42,16558.376088883375,0.0759,2021-12-18,120,PAID_OFF,2031-10-27
66383fa3-dec6-4e8f-b21b-76e3482202f9,CUST00009816,8082a0ee-dbe8-4d7a-8907-03e848841707,BUSINESS,45240.16,22476.038974201798,0.1434,2021-09-24,120,DELINQUENT,2031-08-03
becfa316-c66b-4a01-8f90-1410bfba290b,CUST00001000,cb68a34e-ca1f-4ff2-a823-442c9a87e357,AUTO,14721.02,676.9080656781254,0.0818,2024-10-22,120,ACTIVE,2034-08-31
b9668355-6f72-4b3c-9885-e9901e668738,CUST00001849,a7dc2bc0-bd9c-4693-b6ca-1127e9f87970,MORTGAGE,1401.73,812.8715508685177,0.1343,2022-04-29,12,ACTIVE,2023-04-24
a893b7e0-4bd3-43b4-b7bb-f1542119e1c1,CUST00001562,be332380-b7aa-43b6-a900-b66f6083bf88,BUSINESS,11508.48,8812.581272919646,0.134,2026-06-13,24,DELINQUENT,2028-06-02
2412a2ab-9c4a-463d-9c9e-78442e27a7f7,CUST00000774,19c59f2d-640b-4b85-b53d-aedcd69bdeb1,STUDENT,72455.49,19626.312406570207,0.0701,2023-12-17,48,PAID_OFF,2027-11-26
cf048f3a-6fa5-49d0-ae1f-18acb701001e,CUST00007312,ed1115d7-50a4-4c85-99d5-7b0242d04d55,BUSINESS,14100.08,9405.715242807662,0.1344,2022-02-18,48,PAID_OFF,2026-01-28
317ca102-1339-4f4a-add5-f00525139dd0,CUST00005180,e9d6bb7e-361d-4014-b114-56de301c8db3,PERSONAL,15220.9,5387.075222151033,0.0886,2024-10-02,24,ACTIVE,2026-09-22
b0af70d2-4e3e-4f5f-8461-2c712eda833f,CUST00001804,868592d2-5fb6-4406-b665-8a3452630028,MORTGAGE,96718.96,55502.64262927758,0.0806,2023-02-22,12,ACTIVE,2024-02-17
29c09a85-48c9-4572-8ba4-0fdb105fef51,CUST00009291,fae91634-3bf8-4406-b89d-2267b7c25d94,PERSONAL,7570.7,2911.431919222001,0.0721,2023-08-01,24,ACTIVE,2025-07-21
378a91e6-882a-4ff5-80c0-63fc9c9a9d7d,CUST00002051,4a5d6cea-b565-464e-bb93-a53f9c02040d,MORTGAGE,2177.2,661.3494638139085,0.0822,2024-12-16,60,ACTIVE,2029-11-20
480a202f-1cde-4b69-b8fb-04f3cbbc04a3,CUST00009791,13483fb3-c982-4300-b95f-17e6d8eae31b,STUDENT,17310.24,14816.084989202793,0.1616,2022-02-11,60,ACTIVE,2027-01-16
82d621dd-f00a-4b85-bc50-1ef8bb94c73b,CUST00000748,aeb1fcd3-f836-4a87-aaa2-25714b0d2716,AUTO,10654.52,8031.784809255779,0.0641,2024-11-27,120,PAID_OFF,2034-10-06
c5c19ddb-917f-4389-a146-02b4eac2e8ad,CUST00008126,92ef63c1-781f-4d3f-a7f3-39dc833de3ad,AUTO,5170.01,1785.9754771325202,0.1428,2023-11-18,60,DEFAULTED,2028-10-22
1ca691e1-dda7-433a-b334-5e5bdca3aa0a,CUST00005861,00a81de9-d20f-47d0-8465-6d6b81fb18b3,MORTGAGE,16931.52,7358.974332640742,0.1821,2022-03-05,48,ACTIVE,2026-02-12
9d70773e-dcd9-469f-b897-59ef170d5c13,CUST00003974,1987e6d0-9a71-41aa-8304-92b3ced89c97,BUSINESS,46039.66,31845.790179818854,0.0831,2026-01-22,120,ACTIVE,2035-12-01
c2a663d6-d34c-41f2-a746-cfa4724eb58d,CUST00009746,be006ccb-f872-4487-a507-c321f0b6844f,PERSONAL,21721.7,17618.009948352865,0.0253,2026-05-05,48,ACTIVE,2030-04-14
9814697c-9c02-4145-968f-86586800155d,CUST00001616,1b7e0502-ca9d-4831-894e-7397b38a3db1,STUDENT,34908.01,23888.99164609769,0.0244,2025-08-02,12,ACTIVE,2026-07-28
934b45a8-4716-4e93-9ceb-5b43fa0d3875,CUST00003755,6511e61a-1436-45f5-8c81-926079ec533c,BUSINESS,334406.15,180890.84730949547,0.0451,2026-02-03,36,DELINQUENT,2029-01-18
a6d50103-18b6-45c5-86df-605bb0cebeff,CUST00005507,d5385b0e-34f3-493c-8ff0-a55c6a702e2f,AUTO,13169.8,12569.07052936846,0.0398,2022-08-11,24,ACTIVE,2024-07-31
32fc5015-b2c4-406b-8381-023f292faba1,CUST00004222,3c243b45-d1fd-4711-af1d-80eafb91fb90,BUSINESS,33440.5,25887.74971596776,0.1547,2022-05-08,360,ACTIVE,2051-12-02
051852dc-8caf-4d2a-bc40-47fa1c6386f7,CUST00005292,aca58d95-915a-4c30-8b86-b5a1ca6fbff8,PERSONAL,10261.76,1186.1759292889103,0.0731,2022-02-05,360,ACTIVE,2051-09-01
6e96f611-e00c-44a3-b826-ad580e98686d,CUST00005855,21962a11-c90c-41d3-b28e-10025766fe0c,AUTO,6188.58,3454.088464002314,0.1375,2023-09-05,360,PAID_OFF,2053-03-31
bcccd4b3-055c-4cac-a8ea-0d226c187782,CUST00000217,43d88870-f81d-4aa1-8812-0a8e78308930,MORTGAGE,9160.34,3751.6780844422424,0.0276,2024-12-20,36,ACTIVE,2027-12-05
b4cb8396-2b08-4b7e-bec0-94b8b02d25b4,CUST00001360,76b35303-c719-4dd0-96f0-c19ca894b11e,STUDENT,10741.42,8538.737547737368,0.0732,2021-12-16,48,ACTIVE,2025-11-25
590bbfbc-0160-41c4-8ff8-a84c008ba779,CUST00003775,e60d7a94-b483-4162-b043-a39a4f1a84cb,STUDENT,37767.86,1686.8272099027508,0.0621,2021-10-22,24,ACTIVE,2023-10-12
294a8a71-bf7c-4627-b25b-7c88efadd4b5,CUST00005418,86cac6f4-e238-4e93-bd17-c5e8d5ca69ab,AUTO,746845.55,306747.0705065531,0.0698,2024-01-22,48,PAID_OFF,2028-01-01
8b41bcd9-3182-4fde-962f-62e88a0bb8e4,CUST00004928,d8feb8de-6779-4b58-82ab-23a0fc862110,MORTGAGE,7524.61,2394.905145196747,0.0543,2022-09-07,12,ACTIVE,2023-09-02
18ab202b-df7a-47b0-b044-f29765623354,CUST00004430,48817b98-741f-4545-8e4c-01f676b1d8fa,PERSONAL,11790.65,1664.6745290848557,0.1312,2024-08-20,120,PAID_OFF,2034-06-29
0be1bd38-a1be-4068-925f-38eb00fc3ce3,CUST00004607,4bbe4aff-9326-4ffd-9be4-bf5192698698,STUDENT,20036.59,7589.942748970984,0.1393,2022-04-29,24,ACTIVE,2024-04-18
4528bbd1-2df1-4e76-8f42-ce0a539e832e,CUST00004479,9f64eeed-5c9d-427d-84b8-71bb300568d2,AUTO,39882.71,26833.098382750904,0.0467,2024-07-05,48,ACTIVE,2028-06-14
e62e54eb-878a-4369-a2e4-4a013e889897,CUST00001897,64880945-ad1d-4537-97f3-4368c2efeecb,STUDENT,32706.41,11829.185195806669,0.1534,2022-10-09,60,ACTIVE,2027-09-13
007d3d37-b5b4-4dcd-8cc1-e0363c253eb3,CUST00007367,dcd81a8b-a8d6-4af6-9f0d-def190c40e45,MORTGAGE,151167.49,87678.13817951291,0.065,2024-05-18,360,ACTIVE,2053-12-12
b069acba-8d9b-4935-9af3-80a4ef70f8b6,CUST00004428,5b7d9d2d-22af-4503-b17a-ff6de0d96670,PERSONAL,578.48,342.92976771497155,0.0709,2021-12-01,60,DEFAULTED,2026-11-05
d7aae31f-6afd-4346-acc6-9033296e44d5,CUST00005362,1b2375d0-b38f-40f2-8dd8-67e55f26b2a6,MORTGAGE,613.76,360.3453253431385,0.1692,2023-02-25,48,DELINQUENT,2027-02-04
a8f4c2dc-2bc1-4824-9dae-8912cf70ea88,CUST00009092,d284b528-b091-4fb7-b17f-3f92d26aa790,BUSINESS,10469.09,5543.716950881442,0.1822,2022-08-18,36,ACTIVE,2025-08-02
9c88f367-c46e-40a4-9086-b124c7422b51,CUST00000642,4f612217-eef1-4694-90ca-e32d0aba590e,MORTGAGE,114227.83,13363.312297527742,0.1685,2023-11-05,120,ACTIVE,2033-09-13
65ea60d8-737b-4961-8f44-a6f10ffc93bf,CUST00005347,1c654aa2-c63c-421d-a443-5958eacf33a9,MORTGAGE,2103.86,459.60068749408487,0.0466,2025-06-07,12,DELINQUENT,2026-06-02
29fcd3e2-6ea4-4e17-b28f-c8c688b30922,CUST00004730,41e0cfaf-52ca-4ced-8526-8f0fc516e394,STUDENT,241.91,193.54422641587678,0.1999,2022-02-10,12,ACTIVE,2023-02-05
6fa760a9-c19b-4e2a-b517-6bfad298345c,CUST00003628,84274378-b40d-4aef-a0ba-614204c32fed,MORTGAGE,51884.17,26064.81642939901,0.141,2021-09-04,360,ACTIVE,2051-03-31
3a25be44-db98-4cde-be7b-15a3eefdf1cf,CUST00006595,4a229ba5-925f-4cc6-9e9d-2f8a1ef11a27,AUTO,31744.85,22414.286734776444,0.1119,2022-03-24,48,ACTIVE,2026-03-03
fe318a9e-8e49-4061-9805-aa2b2d6436ea,CUST00008388,8513176c-1efc-4c94-a141-10b69a920655,STUDENT,4292.77,2446.488602264937,0.1919,2024-02-10,12,PAID_OFF,2025-02-04
df40ae0a-e1cb-4d85-b4f1-7153e3b89773,CUST00003276,5aff4594-40dd-4895-9015-48989187c9a0,STUDENT,5022.54,194.32335083762703,0.1671,2023-10-19,24,ACTIVE,2025-10-08
62a73ff5-e498-41a8-9c02-8ab78068f766,CUST00004051,1986b4b2-70b7-4868-9854-80f0dfcaf0b7,BUSINESS,5142.96,4094.895565508302,0.1445,2021-07-18,12,ACTIVE,2022-07-13
f5b16d2f-e1fc-4171-8a23-792cac553173,CUST00004554,6fcc57dd-168f-4e12-9ca2-60c9eb7607c9,AUTO,25998.73,1672.3473660282343,0.1709,2024-10-04,60,ACTIVE,2029-09-08
7bd0a126-d086-44d6-b6e8-d3bd342f4b08,CUST00004926,e476231a-ecdf-4364-bdce-7f651a0a7680,MORTGAGE,8608.69,8119.493022468298,0.0894,2023-04-10,48,ACTIVE,2027-03-20
15534416-bf3a-4509-a66e-cec56852833e,CUST00002305,904ada37-5f44-4716-b6e5-dd9a315007d2,BUSINESS,46216.67,9954.004116059326,0.1432,2024-07-07,24,ACTIVE,2026-06-27
1d3208db-a28f-47d0-9612-ad538172d09d,CUST00003344,e1035e1c-e3bb-42ae-a552-ac5309eda6f5,AUTO,304.31,155.93031351635813,0.0543,2024-08-20,360,DEFAULTED,2054-03-16
8ad634a7-f6a6-4d7f-a190-28e4e21e2ae4,CUST00002057,b076a7dc-fd0c-4433-8a5e-151b23d3cd4c,BUSINESS,6091.94,387.37453941902356,0.1978,2025-03-09,12,PAID_OFF,2026-03-04
d3c0331b-c002-4999-8fb3-0320e9bdb511,CUST00002809,fe7b178d-fb0e-4c28-8110-bcfef1aa9ba0,PERSONAL,4068.05,3640.629663031494,0.126,2023-05-29,360,ACTIVE,2052-12-22
65cc59d6-2d52-4b16-a709-9d55c49943ce,CUST00007093,a87d21ff-f1fa-4e6a-ba23-6dbb6c4d1774,MORTGAGE,14995.25,14694.449102262883,0.1666,2022-07-10,60,ACTIVE,2027-06-14
6f1e2050-3f71-4dab-9ad1-36d67472bd84,CUST00009417,bcaff931-ead1-4464-8a8e-858cd0f81063,BUSINESS,9827.39,1437.6734783171942,0.0933,2022-10-24,120,ACTIVE,2032-09-01
c6e79a7b-f712-4813-8e01-009d8d59b363,CUST00007227,35adde88-43e4-4668-82ea-d2df725656e3,PERSONAL,72894.3,21561.15296448538,0.1565,2023-02-17,36,ACTIVE,2026-02-01
130aef28-f920-41df-8035-c5551bd12715,CUST00000887,a8049463-0d36-45e4-92a6-f3e62b48c6e6,MORTGAGE,1354.24,21.497776970100436,0.0897,2021-08-04,12,ACTIVE,2022-07-30
817ed3f4-a9f0-4ec4-a7b1-85f6309b7234,CUST00008585,8ac8ad93-7e02-421d-b86b-543ae1b243cc,BUSINESS,23581.96,18558.188752956878,0.1262,2026-06-26,360,DEFAULTED,2056-01-20
e66aeaff-337c-4ef0-a827-67c0ca85a82c,CUST00009868,ee4205ee-a52f-43ec-ab4e-2281b184d1fc,BUSINESS,50894.22,15851.734269641003,0.1601,2021-07-27,60,ACTIVE,2026-07-01
2700b560-9bd8-4990-b786-834b39c1801b,CUST00007721,26c25405-a7ea-42f0-acab-d3d710116af4,BUSINESS,356814.44,210105.71187422267,0.041,2025-06-03,120,ACTIVE,2035-04-12
d961cea0-8a62-4b5c-ac4b-7dbd1961da1f,CUST00002447,32fd73c5-0894-4176-be99-df69bcd49975,BUSINESS,10693.07,419.36617948228553,0.0842,2023-06-06,120,ACTIVE,2033-04-14
394b5576-f887-4d7d-bb28-b3b18212f5df,CUST00003906,eb93f78c-620a-4158-9d2d-904f78c59073,STUDENT,35835.27,25638.711830561577,0.1181,2025-07-30,60,ACTIVE,2030-07-04
7609c580-2fd4-4a8e-a5d0-6bcf596d88dc,CUST00006475,25c73c44-3e75-43b4-a64f-a6637e8f8095,BUSINESS,1471.75,779.1502830702628,0.0801,2022-10-05,60,ACTIVE,2027-09-09
db2be1be-ba73-4eb2-999f-46ebbcb760a9,CUST00003592,c47dd678-4d31-4923-a93d-a46c37f39aac,STUDENT,609.15,441.6217168501904,0.0757,2024-01-06,360,ACTIVE,2053-08-01
534b3dbb-7a14-430b-8742-45861034794e,CUST00002182,a254da12-6fff-45cc-ae26-f348b044db1b,STUDENT,78210.69,61752.369730912964,0.0707,2024-08-09,60,ACTIVE,2029-07-14
bc7d0e39-c3a6-43ce-b019-eca2b54fae0b,CUST00005012,72114575-fa3e-4d03-8ede-ae5f59f2674c,PERSONAL,21843.52,1949.3783322346776,0.061,2025-12-23,36,ACTIVE,2028-12-07
67f396b4-0510-4ebf-b347-fd7bf0e3b50f,CUST00005031,8d8164b0-f85a-4287-93ff-c45f2b80e44a,MORTGAGE,129025.98,74588.90241562425,0.1728,2025-04-07,48,DEFAULTED,2029-03-17
7e35cb46-7b76-4a50-a549-84aef3e205de,CUST00000355,946a95a6-f2e4-41af-8702-1755f11cc0a4,STUDENT,2807.07,1824.4383991880843,0.1863,2023-02-02,60,ACTIVE,2028-01-07
0b1f7526-a690-43d0-9850-147b62b97bbf,CUST00002632,97da64cb-8373-4f49-a8e7-ebe3cb05aa14,AUTO,48043.07,24824.755266092172,0.146,2023-04-10,48,ACTIVE,2027-03-20
b92d933d-a10f-43db-8169-9add6c286e65,CUST00001522,7bab1baa-2172-40aa-a44a-913af933a9fa,STUDENT,363388.13,66285.41012998803,0.0254,2021-10-26,120,PAID_OFF,2031-09-04
2ac3aafc-94fe-4779-9355-652e5ec7a8f6,CUST00002673,cd0d4d73-ca1c-4218-819d-11c545e18b77,AUTO,41338.87,32889.09269801586,0.1615,2024-07-07,36,ACTIVE,2027-06-22
ef30681c-e61b-4afc-a282-84df019b2b5d,CUST00002338,28719b9b-db8f-4e32-adef-50031fce01e3,PERSONAL,33351.97,33267.20025970842,0.1157,2024-01-21,360,ACTIVE,2053-08-16
db36840c-19b7-4aaa-85cc-2c2d89c93243,CUST00006969,e03d1b30-adcd-495f-af91-a7be905c3fd9,AUTO,22310.98,21625.369216527724,0.1565,2023-10-21,120,ACTIVE,2033-08-29
3f532270-4432-4bd0-902f-1905a778f14e,CUST00000629,436e3c49-770e-49db-b092-d40143675d58,PERSONAL,2087.41,1623.0229892291225,0.0987,2023-07-11,36,ACTIVE,2026-06-25
209f9f95-9f04-4dd0-9337-27c0c533fd1e,CUST00007163,e6b9d31a-361f-4d90-bad1-fa330ae4ac11,PERSONAL,168275.77,70357.39899483162,0.0274,2022-09-24,120,ACTIVE,2032-08-02
f4dea863-71d0-44fd-9b50-9cd77793231f,CUST00002680,567b9583-e679-4a4b-b3ce-cf7c90d5e87e,PERSONAL,8810.62,2971.8265122792563,0.1427,2025-06-09,24,PAID_OFF,2027-05-30
eb108621-75ec-4919-9de5-388868e57a79,CUST00005267,6c521d13-b719-4b68-a775-ee42a89e22f2,AUTO,46944.67,3217.8599186748456,0.0999,2022-11-26,24,ACTIVE,2024-11-15
5a332b7d-1c54-4db8-b1dd-fdbb80cf9dc7,CUST00004423,7a6e43d0-d9c5-4cd9-b09d-721b62be4009,AUTO,2112.12,879.2466278800202,0.1773,2024-07-25,60,ACTIVE,2029-06-29
945dbe02-6b43-48f5-97ea-6d52f84dca4b,CUST00009631,1a89b71e-a0d5-42c8-a837-fe68bba205ca,PERSONAL,3754.88,585.9437586511775,0.1529,2025-02-19,48,ACTIVE,2029-01-29
3f381a63-a4ac-4176-8882-7b82da6d33da,CUST00007464,b695c2bf-8379-45ed-afc8-d769026e6d11,PERSONAL,189592.27,48219.895673407584,0.0847,2022-07-27,120,ACTIVE,2032-06-04
5995e5f4-4c85-45c1-b159-f8a48a802429,CUST00009614,44d18524-cf0e-4567-882d-7fc1be3074f8,MORTGAGE,13082.71,11668.296006315062,0.1503,2023-08-01,36,ACTIVE,2026-07-16
bc033a02-2d9e-4145-bf5a-c17aa926550e,CUST00001127,17e8392a-55ce-45db-9e87-e04ca2086977,PERSONAL,194835.95,188703.6115148383,0.1091,2024-12-28,12,ACTIVE,2025-12-23
b7584252-fd9c-4d09-8442-46cfacf14cbe,CUST00001781,3f30ea12-cebc-4264-9ad7-5b94663463e9,BUSINESS,19587.64,18580.032219883145,0.0559,2024-12-09,24,ACTIVE,2026-11-29
b3953089-2692-47e6-bb5c-c587d2689ad4,CUST00009724,78460474-927c-4ea7-8a15-9e92af74ae63,MORTGAGE,1390.13,268.789539561473,0.0956,2023-01-11,24,ACTIVE,2024-12-31
b2288b79-5e5f-47a9-a07a-93ea640ac369,CUST00009425,e9917f60-a8c4-40ca-90a4-a31afc00f3e7,MORTGAGE,83960.47,75639.50114371558,0.0601,2021-11-19,120,ACTIVE,2031-09-28
88ab7afd-6635-4eda-926c-f96cf40e285f,CUST00006572,3e9639ba-0ed2-4c9d-bd17-5712d8b22277,MORTGAGE,9092.1,1286.5803463153006,0.0209,2025-02-04,360,ACTIVE,2054-08-31
9c9425d8-2bba-46f4-8383-1cda626cc54d,CUST00008585,9d7d1756-3b4e-49f5-b2cd-9a0a840c5cb0,BUSINESS,62820.28,31891.35640363794,0.0644,2022-04-10,12,ACTIVE,2023-04-05
d455b87e-9322-4023-9a99-5017deb04c83,CUST00000826,8b074d1a-6a7a-4841-a8cc-812a8150e0c9,MORTGAGE,22875.38,14724.044118252104,0.0577,2025-06-27,48,ACTIVE,2029-06-06
72be5fb8-52dc-483c-a36b-f12c181d8b09,CUST00007277,d58c449e-57e0-457b-b3ab-800b8523d070,MORTGAGE,2176.17,1006.4065352349384,0.0208,2024-04-01,48,ACTIVE,2028-03-11
81d9cff9-9de2-48ca-8edc-3a083442853a,CUST00002396,c8ebe27a-23a4-470e-9dbc-15c02a7dc57c,AUTO,28182.1,26824.777788660038,0.1611,2022-01-08,48,ACTIVE,2025-12-18
f3d210db-e41f-4a4b-90c4-e57a97da6c23,CUST00004146,1b4909b6-5cbd-4682-a8aa-123650deef43,AUTO,593821.89,197869.0089983036,0.0339,2021-12-01,60,PAID_OFF,2026-11-05
39385322-537e-45ed-97ea-efa6299a19fb,CUST00007060,c9d6a63b-ca3c-4f5f-9bb5-c40c03cde2e3,PERSONAL,46142.04,24334.281225777373,0.1008,2022-10-05,60,ACTIVE,2027-09-09
6f6656b4-abd1-4dd5-85d8-1a459a3336ee,CUST00005493,90ce82e8-e9a5-4368-9812-9eb27c13f47a,PERSONAL,20205.77,1524.5240428169227,0.0952,2024-04-15,360,DELINQUENT,2053-11-09
c395428a-024f-4385-a2ef-2b77a0d69a59,CUST00007112,4a9f6c5c-7eb9-4e2d-b738-7270d424d9f3,STUDENT,110527.0,94193.82616229846,0.0527,2022-03-15,120,DEFAULTED,2032-01-22
e2f7da51-4c40-4716-bcf8-fa8f71c01cb1,CUST00009985,ab6ef8dd-5a66-4316-a641-4954c798a445,BUSINESS,30212.25,12488.638259107442,0.194,2022-05-28,12,ACTIVE,2023-05-23
9b9abb6d-dc95-4d75-944f-12fc22f1e7d4,CUST00006793,653d171f-c0bd-4748-9bb4-64a3cec79642,AUTO,30160.89,21128.672079837517,0.1287,2021-10-13,120,ACTIVE,2031-08-22
a09d63de-44a3-421a-b1ee-ea5105c0e8c6,CUST00009556,4f3e2a2c-ded6-4d2a-842d-5f032482e8d1,PERSONAL,4283.66,2922.508319901151,0.1664,2025-04-17,36,PAID_OFF,2028-04-01
9e0a294e-c3cc-4aac-a489-41f479a55d6f,CUST00003552,d1cbc092-9383-486d-b3ed-d6edb0894de4,BUSINESS,31281.18,21154.301278068786,0.1093,2022-01-15,12,ACTIVE,2023-01-10
fd0be52c-971b-4682-ac4d-181069793532,CUST00007712,2dbb45bd-2138-42e6-b013-a170d5cf3b4c,MORTGAGE,104106.02,52775.32658708773,0.1501,2022-10-06,36,ACTIVE,2025-09-20
c3b44bae-101c-4fa0-8df4-8d1fff3c6eb0,CUST00003629,4052e3a5-66fd-4215-aa10-7fb733383ec9,BUSINESS,6284.91,1744.1806219020293,0.1946,2023-06-02,12,DELINQUENT,2024-05-27
6577aba9-9e65-49a5-92f7-d82a70186dce,CUST00001566,65edcfe3-4f2d-4d3f-90d4-de39161237c9,AUTO,186603.95,116645.11375106103,0.0827,2022-01-16,60,ACTIVE,2026-12-21
00fc21fd-8ffb-4c0f-8587-29f37c03af35,CUST00003668,59fcfaeb-7229-44a9-af7c-e6091a99aae0,STUDENT,19195.69,18462.25155179396,0.1108,2023-02-04,48,ACTIVE,2027-01-14
751095ed-9864-4c1a-8827-1dd98da18439,CUST00006460,22b5f457-1860-4d28-90af-b235ade68f51,AUTO,5815.87,4850.1404591804885,0.1126,2022-04-15,24,PAID_OFF,2024-04-04
7f7eedaa-ae01-4882-af9d-cdf04e9720a0,CUST00004097,794e0838-7dcf-40fd-a330-98edda252795,PERSONAL,98365.77,10699.07084832553,0.1986,2022-01-13,360,ACTIVE,2051-08-09
af826da0-5a18-4557-8f24-73da4141c9c5,CUST00001020,f6d22a7b-aec7-4a82-948b-4376602a4e57,PERSONAL,14325.67,332.1750632863929,0.062,2024-03-21,12,DEFAULTED,2025-03-16
48c31385-922b-46f1-99c1-75fd9e28984f,CUST00007929,56c76990-7401-43c1-8155-aa51bca2c581,BUSINESS,68821.56,34339.987175140035,0.1416,2024-04-11,12,ACTIVE,2025-04-06
f41facd1-1344-42f6-869a-cda367d73e57,CUST00009477,8fde042a-1ee5-4930-ba08-5f6a9e189a98,AUTO,14219.39,11031.820125479,0.0449,2023-05-08,360,ACTIVE,2052-12-01
9bb718a5-cd7f-4010-b18b-eb4e8251afd9,CUST00008255,03edd1f8-74f9-4d17-a912-b4bf86a4bae4,PERSONAL,20135.92,6320.716698370632,0.1869,2022-09-21,24,PAID_OFF,2024-09-10
4d617ffb-d8d3-4c89-810a-9f84cd4ebc4b,CUST00005966,e2add909-c521-4f2d-9c45-d539c03f3538,MORTGAGE,46181.77,32384.424865369117,0.1263,2021-09-12,360,ACTIVE,2051-04-08
3e16918f-7648-48d7-a934-3f601ccfb86d,CUST00002270,1491b51d-e6a7-46b0-b961-9ae2960e9c1a,MORTGAGE,34075.9,31756.055808075234,0.1747,2024-04-17,12,ACTIVE,2025-04-12
84dc5e33-7555-4a6c-96c1-de5749fa485d,CUST00008836,b1fead13-f280-4f1d-9a6c-0db952171c88,STUDENT,1104.01,506.72348550094375,0.1811,2022-07-11,360,ACTIVE,2052-02-04
34cd510f-57e6-4df9-a142-070ef197e38d,CUST00004722,9aa1f98b-b4a4-4eee-b0cd-f14946434f21,BUSINESS,4097.51,1000.4466330015355,0.1203,2025-03-13,48,ACTIVE,2029-02-20
8953cabc-94de-420d-bbaa-e0a4660f1b0b,CUST00008409,b5a6571c-4fa5-435e-90cc-460428b26b1b,PERSONAL,88797.61,81494.70471143557,0.1428,2025-12-13,120,DEFAULTED,2035-10-22
ff4b3804-1b58-49fa-8880-f906cef516c8,CUST00000196,b5ed7ce8-2ddf-4675-9235-d52e16d7ba54,STUDENT,18066.15,8531.991613285714,0.1458,2024-11-25,24,ACTIVE,2026-11-15
95935df6-c6c2-46af-8aff-e799617d7629,CUST00003274,6fdc0bad-5e36-4127-8ca1-b45c1fdd980a,MORTGAGE,10040.71,4094.996204925844,0.1029,2024-02-27,24,ACTIVE,2026-02-16
4a3e7903-43e5-47b9-8728-04aa88a0d69a,CUST00005111,c55fa445-f09e-4302-b525-a4d983f023fd,STUDENT,2870.21,1014.2219162524754,0.0983,2025-02-28,48,ACTIVE,2029-02-07
9adc8fe3-cad6-4b77-8287-413950e7ceb8,CUST00007402,9fbc879e-869c-4a8e-bd6a-b7c2a86d8706,STUDENT,4360.73,1844.6627150085053,0.0535,2024-09-23,48,ACTIVE,2028-09-02
83c7f1d9-a3d7-4d9b-a9b2-97702aaa9394,CUST00003213,c4c557d8-ee23-4eb0-85f6-2467a6c1d136,PERSONAL,1061.36,714.9935001149877,0.0891,2022-08-27,24,ACTIVE,2024-08-16
0289a49c-e036-400d-a4fd-da37ce635ae0,CUST00002756,641118ec-ddf0-4771-92e9-b7659b9b3926,PERSONAL,18921.97,8206.829774670938,0.1983,2025-09-30,48,ACTIVE,2029-09-09
1e46c88e-2bc0-40e4-b700-942853a0730b,CUST00001522,b85f164b-6160-4399-9307-3198bc3eb402,PERSONAL,8976.31,2910.334133113013,0.0686,2022-09-24,120,ACTIVE,2032-08-02
0809c464-fc90-488a-a33b-b3e0d5f00f27,CUST00005675,e49d681d-51d8-4c64-95fa-1ab8458f1f19,BUSINESS,5167.36,3842.6435275066724,0.1572,2024-05-14,48,ACTIVE,2028-04-23
f60fdbf2-23b8-4542-a602-3be329fda256,CUST00001081,28874d02-fb54-45ba-8255-b13b46e32efc,STUDENT,19886.87,4036.4663829486535,0.0307,2024-11-17,120,ACTIVE,2034-09-26
66747987-658e-417a-8a01-7177756c1d0f,CUST00005624,f2491816-154f-4eb4-9316-7cb55e7e00e5,STUDENT,38023.36,7678.198708161359,0.1041,2021-12-21,48,PAID_OFF,2025-11-30
e6d7e558-9a11-4c5a-8d89-57fb4a357184,CUST00000722,7250ee18-260a-4962-9d81-b7f57d5911c6,BUSINESS,508793.19,354341.6582701053,0.0305,2026-03-27,24,ACTIVE,2028-03-16
8b5b73df-d701-4ade-84a0-c5990fab3b92,CUST00001563,e7773701-f787-4461-a62c-4f006c2d1b96,MORTGAGE,2280.56,1976.5762444889049,0.1056,2023-12-08,12,PAID_OFF,2024-12-02
d5647056-88de-4047-8543-646b2ddc3792,CUST00000640,ce88cb2d-d4e8-4839-bc3e-058be0f3eab0,AUTO,125375.88,30242.021267491356,0.025,2022-10-08,36,PAID_OFF,2025-09-22
1ab84c1b-8524-4095-9bcb-31f340ae802f,CUST00004261,05776108-3166-4c94-bbb2-4366704fe1a8,MORTGAGE,94812.1,18120.960239962737,0.1304,2023-06-11,24,ACTIVE,2025-05-31
8e687e83-0023-43a5-b8b0-42dac52a0570,CUST00005191,c3093b6e-37e9-42e2-935a-c07aaa0217d0,BUSINESS,6845.6,4588.645940963974,0.1256,2021-08-09,360,DEFAULTED,2051-03-05
8e382a3d-92b8-4f90-8a24-cbe1e0941981,CUST00003737,11c58ef0-dd46-4c09-8752-87aa5408f9ac,STUDENT,29877.29,18547.8969757478,0.1636,2025-04-15,36,ACTIVE,2028-03-30
cdf392f9-aa6c-4ab9-9ffb-ad3730a0d16d,CUST00007747,408669bb-4721-494b-88a4-ae21d9f850e9,STUDENT,11087.24,4958.794106426105,0.125,2024-07-03,48,PAID_OFF,2028-06-12
4e1c6d6a-7b82-4f4c-9473-04460a88bdd7,CUST00000090,64880945-ad1d-4537-97f3-4368c2efeecb,PERSONAL,29101.15,2789.6548593221687,0.1867,2023-01-27,48,ACTIVE,2027-01-06
8d129c6c-8a75-4c6e-9096-f682aab09b08,CUST00001252,2bf95861-4827-4440-b6d9-fe1731094211,PERSONAL,211863.3,19445.96429974194,0.161,2023-12-22,12,ACTIVE,2024-12-16
bca50ac2-9852-4535-9e6d-3d623ca97d02,CUST00009295,3c1a8ce2-95ec-4c2c-8798-3bc0579744ba,STUDENT,54633.87,42469.19024821669,0.0439,2023-12-14,48,DEFAULTED,2027-11-23
dac7bffa-d55a-4290-830c-a1a07946293c,CUST00004704,c6435300-68a5-4c68-a32d-bb5e486bb6bf,STUDENT,47236.05,21339.78861775847,0.0678,2021-10-09,360,DELINQUENT,2051-05-05
8da72e1a-1b21-4b27-beae-0fb8be56db4c,CUST00000349,cd4f8b2b-899a-4252-81e1-b94a78883058,PERSONAL,11551.1,9910.463667640372,0.0247,2021-08-28,36,ACTIVE,2024-08-12
dd90fef2-fbf7-4d20-aa7e-95d258fe79a1,CUST00004053,1b67f7bb-33bb-4382-8801-8e83df9d3910,PERSONAL,2377.76,1366.5786872830454,0.0895,2022-03-10,24,ACTIVE,2024-02-28
ecea934f-263d-479a-83ba-c96e3c8f5a90,CUST00002942,82f73861-1adb-48cf-a60c-1638d4a5a81e,MORTGAGE,16111.65,9968.892372949073,0.1117,2022-10-29,24,DEFAULTED,2024-10-18
5edce3b7-c9ce-462d-b273-b748f5cb2af8,CUST00008438,ae50f96e-7760-44f6-a5aa-620faf7ead9e,STUDENT,134579.75,125723.65444344268,0.1903,2025-02-16,360,ACTIVE,2054-09-12
0029691e-0c18-4305-8341-f831ea4a742b,CUST00000272,5a5ed7eb-1532-4177-b61d-170a4bd600e6,STUDENT,2228.87,366.90742774768216,0.114,2025-06-12,120,ACTIVE,2035-04-21
584c3ee3-adfe-4110-8bc1-b150367d9aad,CUST00002031,e87d1c78-e7c4-41c7-8049-7b717d106c60,BUSINESS,4524.97,2457.168346842028,0.1606,2026-05-17,12,ACTIVE,2027-05-12
adc77c49-c280-4fd5-a3ef-c4d9b85f4790,CUST00007837,43470982-6808-4471-ac87-ae14f8505ae9,MORTGAGE,26619.56,1547.6239501118605,0.0682,2026-02-09,360,PAID_OFF,2055-09-05
e37b9630-9798-44e0-9a11-0a4f673e79fe,CUST00009658,9a069295-3b8d-4447-8e61-065f171b1b80,AUTO,5029.21,1805.1094400592322,0.0476,2023-10-29,36,PAID_OFF,2026-10-13
5b1bab8d-98b0-4e7a-874f-555dde9389de,CUST00009388,3b7f1998-1eed-4236-ad89-9035f05d45c7,AUTO,6709.06,993.6017210762735,0.166,2023-09-17,48,DEFAULTED,2027-08-27
e941cff1-046c-425d-b40b-d8b6a521f3ae,CUST00007042,c01f36bf-3e6d-458b-b367-c28de1b294de,AUTO,11667.96,2191.6624944978776,0.0645,2022-11-20,60,ACTIVE,2027-10-25
632cd092-5b80-4397-b347-e18df7dea35a,CUST00005176,1e26ed31-d9e9-4758-b6b9-04364b46ef33,PERSONAL,2840.04,2654.854396760702,0.1768,2023-05-15,12,ACTIVE,2024-05-09
42d4c734-8ed6-4860-98da-fb7a4af3e1d7,CUST00009807,1f2da344-a359-4667-9971-4b2bf3533e8a,AUTO,5109.3,3120.1602413571973,0.0506,2025-07-07,12,ACTIVE,2026-07-02
d351df5f-310b-42d7-90b9-ae31c46ac405,CUST00001127,0d18ab95-668c-4477-8b95-017c5dae1201,BUSINESS,63268.44,56445.453320231776,0.1733,2025-07-07,60,PAID_OFF,2030-06-11
aa3b3db7-8a96-4857-ba8f-39237032c8e2,CUST00004380,dd34aa18-9001-4ed4-8bb4-01e769f753f1,PERSONAL,3099.34,1374.619848289626,0.1591,2024-11-24,360,ACTIVE,2054-06-20
4b50045e-fd93-44a1-a5af-12b1d83c575c,CUST00008709,edcb8cb6-0692-4c63-9424-aed51bac5c15,PERSONAL,2004.58,1198.023899854485,0.13,2025-09-24,24,ACTIVE,2027-09-14
0d41de26-91c9-4644-b2e6-3a676e971b5a,CUST00009494,4603c9ee-d463-4183-a231-72118578b1c6,AUTO,8560.92,274.75855132266713,0.173,2023-02-22,120,ACTIVE,2032-12-31
e9faa206-7ad7-4ad5-82dc-09c180ade83c,CUST00008053,fad3b44c-3b2d-4dc9-a2f3-2faea63fcf12,PERSONAL,66034.54,31003.3639372088,0.0795,2022-06-11,24,ACTIVE,2024-05-31
a754251d-04fe-42e3-a98a-470cb894550a,CUST00000612,43c07d43-93a7-4792-8561-b8dca4364fcd,MORTGAGE,16393.12,9246.64873292552,0.0499,2023-11-02,24,ACTIVE,2025-10-22
29788933-78db-404e-87e3-c9551e49e6e1,CUST00000750,8cfb137c-a89e-44df-871c-10aecdb4adab,MORTGAGE,10972.29,184.0899464586965,0.0483,2024-03-09,60,ACTIVE,2029-02-11
cdbbbc7a-a48a-4be5-a0d0-dacc6a1917c8,CUST00001857,4c6a70f4-8ede-444d-876c-f68c3f1be0d0,AUTO,23541.93,18586.09893653976,0.0687,2021-12-11,48,PAID_OFF,2025-11-20
a18abfa8-1ced-4991-87fe-b08e08f07b8a,CUST00008592,4806f804-0cf0-474c-8c74-dc0f5a575539,BUSINESS,1605.9,474.4197704498008,0.1003,2022-02-03,48,ACTIVE,2026-01-13
5f5310d7-6d7f-40cd-b43c-4990c007e123,CUST00001527,e7d90c1b-a59c-4eed-ac09-72046fa6681c,PERSONAL,46261.18,20932.586022433683,0.1777,2025-06-13,120,ACTIVE,2035-04-22
0c2fded5-1f74-409c-b01c-5226e3786121,CUST00006230,1186da93-da7d-4c53-b020-cf0669b41194,STUDENT,39149.88,20969.86139404964,0.0361,2025-04-23,120,ACTIVE,2035-03-02
4bae2c00-eb3f-4202-8579-609a3b1dfabe,CUST00008512,6690a951-fc04-4a7a-ae41-5f166263307c,AUTO,11920.77,11827.754057098835,0.1847,2024-08-26,36,ACTIVE,2027-08-11
4087550b-f80b-4a34-b31f-24084d927676,CUST00008528,5820b3f2-5989-4d6c-8d24-34f9963dc8bf,PERSONAL,99596.94,9878.437525179179,0.1866,2025-07-14,36,ACTIVE,2028-06-28
f02a1b37-9865-496f-99f8-d29021abbbf2,CUST00002099,e82b5b36-4269-428c-8bac-bedfff5a229e,AUTO,4059.26,2254.024115755416,0.1509,2023-01-23,24,PAID_OFF,2025-01-12
4635d22a-7be4-4393-a4b5-83300b1378a1,CUST00007866,3ec2e72a-c832-43f0-ab0e-63fdfc3d3138,AUTO,119594.66,63456.22646497364,0.1821,2022-11-03,60,DEFAULTED,2027-10-08
6c04399d-f466-444b-97cb-2f2eaa4ed133,CUST00000174,f1043785-658b-4523-a014-1de9f54ad0a2,BUSINESS,27770.8,1913.6773746568513,0.1586,2023-05-11,120,ACTIVE,2033-03-19
669f5e4f-eddb-4d45-a702-d3cb8f021e9c,CUST00009834,8f0881ee-8011-416b-bae8-8926b423ccde,STUDENT,13295.37,8428.445055987455,0.1151,2024-07-27,12,PAID_OFF,2025-07-22
2a329b37-5fcd-49c7-aaa2-c166d1893aba,CUST00000501,18ecde2b-0a80-4167-b4b3-f20eaed0fb57,PERSONAL,21379.54,6132.815843610079,0.1281,2022-04-02,48,ACTIVE,2026-03-12
60b97459-09e2-456e-b0a3-be304d06b31c,CUST00003647,3873e57f-0ba0-48e8-8ef4-92c1aac93316,AUTO,18752.88,1945.9482173291922,0.1331,2023-07-09,360,ACTIVE,2053-02-01
20448d4c-c732-4a9b-8992-e0cc244a9ac8,CUST00006220,9a5c68ad-aeb0-4110-ac13-b24990d22d54,AUTO,137368.77,24539.822320692816,0.0428,2023-03-27,60,ACTIVE,2028-02-29
581d0820-e900-42ed-92d7-ed321de883ef,CUST00002364,2aefcf3b-43b7-40ef-82c4-1c54a8debd88,PERSONAL,4380.78,3608.024572005328,0.0547,2025-08-28,120,ACTIVE,2035-07-07
df4b4c19-6faa-439b-98ec-5b6a9c7cf745,CUST00007541,d8dff535-c62d-4aea-9e70-bd3000a21367,AUTO,7017.91,730.7382115570109,0.1142,2024-07-17,36,DEFAULTED,2027-07-02
eeb450c8-50bf-4860-a30d-a62a7a49ae9c,CUST00001897,ffbb4bcc-a5cb-4f6f-bd33-31644bb8ebe2,AUTO,104240.33,48672.66503620956,0.0407,2023-10-23,120,PAID_OFF,2033-08-31
2f2a2499-2da2-49cb-84a3-68646ceb9d92,CUST00005760,dabc47ce-3068-4fdd-965a-fd0f9db402f1,AUTO,9015.47,1760.4789657976337,0.1937,2024-01-13,48,DEFAULTED,2027-12-23
1ff868e7-2e48-495b-9ae8-6239f05e6b17,CUST00009911,284bf962-5744-4596-b422-21676b7a2460,MORTGAGE,85033.42,13802.613007016904,0.1113,2022-09-21,120,DELINQUENT,2032-07-30
3c64b7e5-54ef-4054-8206-ad9d9be6aa29,CUST00001779,afd380c4-2713-482c-b41e-a3ac5fd23109,MORTGAGE,281856.67,57981.2314891372,0.0884,2023-10-10,48,ACTIVE,2027-09-19
a5c3a0a9-a29c-4dbe-ae8f-0a8837280c98,CUST00003058,30afe613-9dc4-4583-838e-f7af67ccfa38,STUDENT,12055.88,5940.9319246164,0.0484,2024-12-18,60,ACTIVE,2029-11-22
cb0a7314-7088-4b5b-8b7e-40bda8efa221,CUST00005191,3862abcf-db34-47bb-a90a-a98bfa87fba5,BUSINESS,61208.63,14554.703486102355,0.095,2022-02-14,120,ACTIVE,2031-12-24
4eab6bdd-7fb8-4b3e-8234-e83e0786bad1,CUST00006998,aed0cbcf-c630-4536-b677-9a11e403999b,PERSONAL,3902.85,377.5341952834902,0.0744,2025-04-26,120,ACTIVE,2035-03-05
4db70660-6388-4dea-a698-a3767afb83cc,CUST00004748,c6435300-68a5-4c68-a32d-bb5e486bb6bf,BUSINESS,68329.71,54759.48898940695,0.0358,2024-01-18,36,ACTIVE,2027-01-02
c91463ac-af4a-4f31-89df-f7488a8b0677,CUST00009287,bf3c4c06-4343-48bc-89fa-6a688fb5d27b,BUSINESS,29706.94,16036.442034737076,0.1941,2023-08-14,60,PAID_OFF,2028-07-18
390bde0d-98e7-492b-9f53-5718535fc8cc,CUST00000046,23fd6ade-c17f-4f19-96a3-48336bc152ad,MORTGAGE,44781.82,7024.192026711973,0.0677,2022-04-01,12,PAID_OFF,2023-03-27
2bb47785-5385-4e02-afe4-0ae899ccdde6,CUST00007759,e473b0b0-9017-44a8-8279-d9137afd2923,STUDENT,8363.58,3942.841253423045,0.1443,2023-09-02,48,ACTIVE,2027-08-12
d15a1b21-d2f7-473b-991d-49fa18acf173,CUST00009638,30385dd7-4c7d-4313-a6c6-81b0e4729be5,BUSINESS,1823.25,124.64192789328293,0.0364,2024-06-19,360,ACTIVE,2054-01-13
50029c14-39a8-4a83-88cc-f7ad3b54a3f0,CUST00007054,1a115f59-10d7-4164-ae8d-0018a04dac84,BUSINESS,46858.05,27197.81157094097,0.1844,2023-07-19,360,ACTIVE,2053-02-11
14f32e9b-d497-4ff6-bd35-960301903474,CUST00003202,67c3bd9e-2f54-40e5-899a-5349cb93dab6,AUTO,997.14,339.3315478139313,0.1263,2022-03-19,60,ACTIVE,2027-02-21
55409902-4997-4fe3-a31e-388af82dd1f5,CUST00000456,a43366c9-7d3d-4b72-9f3e-c5721527b2ac,PERSONAL,13683.89,1416.6730113209064,0.1382,2023-07-20,360,DELINQUENT,2053-02-12
1a04409f-37d9-4c58-9902-bf0bba891427,CUST00009855,bae1e137-96ee-40e5-9f87-3b46c0a0473a,STUDENT,90379.5,16597.639329180827,0.1607,2025-09-08,60,ACTIVE,2030-08-13
dca261ea-d432-416a-b396-9a862a8daa45,CUST00002925,ceb380ac-e223-4389-b23e-d1fc9b9f9efe,PERSONAL,29373.45,10154.481115797573,0.1291,2026-02-28,360,ACTIVE,2055-09-24
00d9dc89-0e6d-42f9-988f-00a8e643b83e,CUST00007799,3c9ad14c-ee0c-4eb5-acfe-db992790cebd,MORTGAGE,409427.03,330165.00898073375,0.0328,2023-09-30,12,DELINQUENT,2024-09-24
20b2a35f-64f6-42b5-bfc7-6ec5bdb3a39d,CUST00000966,3be8a5df-5e93-4de0-83ac-e8751017ab44,BUSINESS,102504.68,17810.772040215248,0.0973,2022-08-20,60,ACTIVE,2027-07-25
17664a5a-f24e-4477-af51-5686a88db0f3,CUST00004965,ba2eeeb3-d6aa-4382-a144-6b45af390a9d,BUSINESS,8259.77,905.8012467595707,0.0672,2021-09-01,48,ACTIVE,2025-08-11
ede652f5-1167-41d8-9e71-a4acee367214,CUST00001529,52ce55e3-69df-45c7-a4a0-053f22a37556,PERSONAL,22947.63,11839.57742294213,0.1076,2023-05-12,360,ACTIVE,2052-12-05
3ca0cbd6-78e8-4f15-8775-3db0b795e838,CUST00002977,6906d118-6f75-43b2-9818-61124cdedddb,MORTGAGE,20515.66,11462.036956051359,0.0928,2022-07-31,24,ACTIVE,2024-07-20
24a7dce4-a3dd-4a45-875f-7f94ec529f2b,CUST00003072,7bab1baa-2172-40aa-a44a-913af933a9fa,AUTO,2052.34,185.20586590154696,0.1688,2022-01-12,24,DEFAULTED,2024-01-02
7ea19c4a-769b-4641-b84c-0ee5a2206dd1,CUST00004870,ad9fb00d-4882-473c-9c63-45ab6e0ed1e8,AUTO,5374.4,1528.933385051724,0.0645,2024-04-06,36,ACTIVE,2027-03-22
454c976e-c5bc-40a9-acf4-090928349f05,CUST00006388,76f2dbfe-cd29-436f-a222-82e174daaebf,BUSINESS,9498.21,2495.788012557547,0.0562,2025-10-20,12,ACTIVE,2026-10-15
bb4400f1-8baa-4ca5-a47d-5fb6893bfecf,CUST00002522,f9da4f55-bef9-4394-928f-af652f068e12,BUSINESS,1038.64,193.41721245069283,0.1925,2023-12-06,36,ACTIVE,2026-11-20
8e416029-58b4-4e1d-9e13-87b03f12cf6c,CUST00006526,54b58635-3dab-4614-9215-0ed87ddca413,STUDENT,23652.88,7465.750746101799,0.1909,2022-12-22,24,ACTIVE,2024-12-11
523c0ed4-acd3-4c0b-b65d-95c2522c12e1,CUST00001127,96053035-6545-4030-a981-fa54f121e129,PERSONAL,15159.64,562.5516758564232,0.1988,2026-07-04,12,ACTIVE,2027-06-29
2e52635d-2bc4-4319-9321-1cf18ddc5f0e,CUST00006633,ca77736e-80fd-463d-b3d3-6295ee6bcb89,BUSINESS,1791.23,1167.075517719759,0.1223,2022-05-16,60,PAID_OFF,2027-04-20
2b998363-4e26-4d3f-ab28-efa9959ee77e,CUST00005774,f18cccdc-131e-4723-bbcd-f203459ee674,MORTGAGE,40389.26,39924.26430742952,0.0404,2022-03-29,60,ACTIVE,2027-03-03
23d34fb6-58a5-402e-9779-87b7ae6791cd,CUST00007717,e3a68a70-7e71-4b55-8639-bd418b15bd94,PERSONAL,64460.58,40871.02237819291,0.1784,2024-12-23,48,PAID_OFF,2028-12-02
19f58e82-5008-406f-9bf5-aafeb67a3c07,CUST00003405,85eb2b3f-aad5-4fb8-a762-b59cce9e5929,STUDENT,30963.11,11180.049856596814,0.0461,2026-03-07,120,ACTIVE,2036-01-14
809a794c-fa3d-4527-9d9b-a45067f4df95,CUST00004493,0f5c365a-27e8-4b87-9c7b-f8eb4969b2a1,AUTO,13546.69,9047.97379742713,0.048,2025-05-08,24,ACTIVE,2027-04-28
9d6d37c7-5e45-42ec-bd3f-b84a53e39b1a,CUST00002344,bbfecb11-f060-46a1-92d1-2566fc829c09,STUDENT,53485.36,30567.734781677547,0.0548,2022-12-26,60,PAID_OFF,2027-11-30
0e03622c-110a-456d-b2d9-32a41583367e,CUST00000107,c81a5f0f-1b1b-4a94-b983-4d4b1c65f6bd,PERSONAL,61103.87,51740.18651207813,0.1376,2023-06-12,12,ACTIVE,2024-06-06
8772a3ba-0d5e-4574-aa8e-81315603534d,CUST00003155,c86aed73-3415-4076-801c-5617a2c3b917,AUTO,34930.14,21722.165477539813,0.0393,2021-11-19,120,ACTIVE,2031-09-28
5cff7279-0c12-4a1d-a300-df89da07aa8b,CUST00004054,c777a07f-6346-44ef-a9ef-74e34ab6821c,MORTGAGE,6393.78,4054.1447146502474,0.1601,2023-01-10,120,ACTIVE,2032-11-18
4221ad1e-17be-460d-996a-d4754efac302,CUST00004802,4be318a8-0b39-4ccf-bc9f-3bc37210045a,AUTO,33352.94,7393.152371617853,0.0305,2023-07-01,60,ACTIVE,2028-06-04
44ed3d94-4ea8-499e-b440-6c5f72bfa693,CUST00006140,959677e9-35c4-4e08-86a4-7588a676ace1,AUTO,132352.09,55009.133681379004,0.0399,2023-06-13,36,ACTIVE,2026-05-28
5dba2337-c3c2-4248-baf6-527f78bbd251,CUST00005581,339b77a8-4b1f-4d7b-8977-c513752a7d25,MORTGAGE,9000.69,3099.982189382671,0.0982,2024-01-05,36,ACTIVE,2026-12-20
c5ba8420-5b4b-4466-b6fe-b3a6a37d299e,CUST00000215,0534a101-8ddc-4719-81f3-8dd4fd034ada,BUSINESS,512424.68,5854.547999307127,0.0883,2022-07-26,36,ACTIVE,2025-07-10
dfb44eef-7038-4338-8c2d-189b2422262e,CUST00005401,c9c1ad45-f4ea-4b97-aaa4-15b56336c815,BUSINESS,10012.14,3136.6105219453966,0.1981,2022-08-20,120,ACTIVE,2032-06-28
da69aa76-be4c-4dc5-bb57-40e9876796d9,CUST00006876,df69a560-9baa-4785-b8f2-17f0b8314c26,AUTO,23123.63,11239.520719857903,0.194,2023-01-10,36,ACTIVE,2025-12-25
d550f98f-1cb4-40cf-8bb9-536fbb74a62b,CUST00004290,eec259dc-7f95-497c-a76a-a6ced50755d9,AUTO,8032.66,4818.38012204129,0.0541,2024-12-10,36,DEFAULTED,2027-11-25
1e7c30a0-7614-47f3-9817-3ad5ca1ac0b5,CUST00004254,3e42df5b-90a3-4bbf-b580-e05067f1698c,STUDENT,30788.8,28774.256386478864,0.1904,2021-11-24,120,PAID_OFF,2031-10-03
b3cbc1c4-4cdf-4ab5-94a0-f4355b3d7f2a,CUST00008657,15c52392-44e8-41e1-bd86-9ad2084930a1,BUSINESS,1614.32,386.00612400973876,0.1446,2023-10-30,48,ACTIVE,2027-10-09
759f52c9-9232-4a95-bae0-1ea2ce4771b8,CUST00006248,ff12fe28-b840-4136-867e-4b72316e8645,MORTGAGE,9710.25,1480.1236109118786,0.0936,2025-06-09,36,ACTIVE,2028-05-24
d8ef8f09-4a15-41ff-828c-92a6330e6bd9,CUST00006178,1ab9f662-1bc0-4912-8519-72c431d9dd32,AUTO,4280.47,3721.6361883893705,0.1531,2024-12-18,48,ACTIVE,2028-11-27
0961b319-3403-4f08-9a60-7945e6bbba9e,CUST00007270,f06b6c12-9c8b-4550-a4e7-0f9a501a0ccf,AUTO,26984.22,25415.01998693137,0.182,2022-05-31,48,ACTIVE,2026-05-10
82b3158f-7d03-4875-bb3a-ef0a5557bd35,CUST00002373,5b182716-b9c6-426b-a401-118dc078bc3e,STUDENT,97896.99,47769.25219379993,0.0524,2024-11-23,60,PAID_OFF,2029-10-28
31faf7e0-38e5-456d-87c0-c4df88c8e83a,CUST00006835,855c0a97-9640-4fcd-bf76-14495cf85eeb,STUDENT,58047.06,6687.982643875442,0.0553,2023-06-01,120,ACTIVE,2033-04-09
6bd95a4f-37bf-4cbd-87a4-53041ff3a9f8,CUST00008784,8121c051-c09c-4132-8235-00f97e33e68f,STUDENT,627.98,304.8141441799524,0.0936,2023-01-07,12,ACTIVE,2024-01-02
1192e4dc-c99a-4a60-9fb4-6e9e15490c7e,CUST00006618,0dfef633-2a31-4dfd-a166-7c7cd3c6e5a0,PERSONAL,471231.37,51573.12896823147,0.0505,2022-09-04,36,ACTIVE,2025-08-19
d353db1c-3d59-4f7b-b377-4ed1b039ba0d,CUST00005151,ff3c6d4e-a1dc-4cab-8e21-3ce5668eb10e,MORTGAGE,34300.66,30293.84825191468,0.0849,2024-07-18,12,ACTIVE,2025-07-13
99d2f7f2-eb1f-483e-856b-1c79a4f17bc1,CUST00009076,a5b13afd-af2c-40ac-9539-22c05ea0942c,PERSONAL,6872.28,4866.605800952162,0.1362,2026-06-30,24,ACTIVE,2028-06-19
efb3eb37-6d57-4fd7-aea5-f54bfafbb18e,CUST00008103,33f60730-9665-4f7c-8f70-b88bf06c69d9,AUTO,27880.75,6723.080906518193,0.1663,2025-03-24,48,ACTIVE,2029-03-03
818b0652-7974-4626-8352-a5d609954fc3,CUST00004159,2804335a-3311-45e0-ac5c-ce54210c78d9,STUDENT,28689.45,25438.66831137729,0.0743,2022-07-30,360,ACTIVE,2052-02-23
cfe4ce7b-2cd2-4623-a3be-6d6c88f25856,CUST00007728,58f42098-591c-4524-953b-0f1fea3e072a,STUDENT,8100.87,5167.558979803759,0.0707,2026-02-27,24,ACTIVE,2028-02-17
5a45b8cc-117d-4f63-8e8b-84ebe9e24240,CUST00005207,e6267164-d361-4b3a-bcff-ae922c435667,STUDENT,29639.85,28254.582310906033,0.1604,2022-11-07,48,ACTIVE,2026-10-17
8b160a4d-7adb-490e-ac91-0cd0cb5e0dab,CUST00000304,af4637b3-c9a6-4c37-b507-8c5dcb62f5b6,BUSINESS,8855.48,8682.619693315919,0.0886,2021-09-04,36,PAID_OFF,2024-08-19
49058e12-0277-4141-b240-ab1579a7e05a,CUST00000334,6d575fd1-f019-455f-8080-1ed9743480a1,MORTGAGE,12009.54,39.41277909792585,0.1673,2022-10-17,24,ACTIVE,2024-10-06
2f17a43f-6f4e-4891-8e0a-c6f5d3c40794,CUST00004507,d1e2b878-c576-426d-98ae-0666d066ad21,PERSONAL,7868.17,945.8658330442647,0.1988,2023-02-09,120,ACTIVE,2032-12-18
503ef9cb-1006-47c7-af2c-65fa50e363d5,CUST00002332,e1fdc6d1-6978-4221-bfb7-5c574b8c031f,MORTGAGE,2568.28,1404.6496837645802,0.1963,2024-03-27,60,ACTIVE,2029-03-01
b106c45a-71f6-4ee9-9f4a-47062e795ba5,CUST00004562,94a1eab0-b9c0-47aa-b289-f58b1923cafc,STUDENT,27412.51,26202.32647986337,0.1393,2024-05-14,24,ACTIVE,2026-05-04
d4ec675d-53a3-439e-a899-98d64e444af9,CUST00000080,13aec376-c359-410a-b1a6-014c5f3c44dc,AUTO,52994.8,52689.21266710922,0.0875,2024-07-04,48,ACTIVE,2028-06-13
53d2f38a-ed34-4d55-b673-f569a9305695,CUST00003764,53391df4-5ae8-4d18-88dc-1e26c7c2564a,BUSINESS,47682.77,27055.58207525262,0.0318,2026-01-20,120,ACTIVE,2035-11-29
cfea3a8f-7b8d-432f-b9f7-113dba9bb777,CUST00005197,402d105b-113e-4f84-abf3-90964a68369c,MORTGAGE,75349.15,13095.794460757497,0.1528,2026-03-06,48,ACTIVE,2030-02-13
0cccf76f-8309-4e3c-88c4-89bcce4766d1,CUST00000733,84e3b774-569a-4ef0-9f86-5633ab7aeb66,AUTO,35828.91,5841.904492390133,0.196,2022-08-16,12,ACTIVE,2023-08-11
dd0cd405-9084-46de-830a-d57d19fdaf3b,CUST00003977,462741ec-08ac-484f-8a10-b49968028b3b,STUDENT,9906.16,7566.897169119953,0.0322,2024-04-19,360,ACTIVE,2053-11-13
af80ccb1-6cc3-4925-9b32-92fd1b7d405e,CUST00005660,c425d020-4389-4f66-9780-29e939d00762,STUDENT,77613.43,45942.31359063373,0.0211,2025-06-09,360,PAID_OFF,2055-01-03
477ab887-4ae3-4a94-b020-366c7a7634b5,CUST00001385,4ce953a7-22d9-4db3-982a-2277f966d59f,STUDENT,2874.76,1577.5932536959497,0.1697,2022-09-12,24,ACTIVE,2024-09-01
166e6aeb-7f1e-41ea-a1ab-0704de8e2646,CUST00002125,cea95510-54de-4c80-908d-13dff3dcd264,STUDENT,5704.4,2656.909428475465,0.0384,2021-09-06,60,ACTIVE,2026-08-11
be07d0c9-7154-4572-baac-3fd3bc376bf5,CUST00006653,9ca3fbb3-ff11-48ba-b6ee-1640723ef466,BUSINESS,5185.91,3760.4829113362084,0.0347,2024-03-31,36,ACTIVE,2027-03-16
97ad6a67-299f-4047-aefa-dcfa60ff9567,CUST00005284,7414e3e1-a387-4e92-9362-0119efa9a0a3,BUSINESS,111311.08,95510.93736370964,0.1839,2023-12-22,12,ACTIVE,2024-12-16
eea0e30e-96be-452e-a5c1-efd6cf1f5a98,CUST00007177,a7e29299-2bf6-4915-8367-ee2c1ddea07d,MORTGAGE,90597.58,27447.268997768155,0.0343,2024-07-23,24,DELINQUENT,2026-07-13
3977c6c3-4f75-4392-bca7-e61410b7ca01,CUST00009391,92a0c677-b700-43c5-90a9-0840c8e7f2f6,STUDENT,45750.49,10107.096098002912,0.0405,2024-09-29,12,PAID_OFF,2025-09-24
22f50db1-6563-47d9-904a-3a7335bc040f,CUST00006606,85319f0f-ba53-4122-b4b7-96204a73b0bf,BUSINESS,109962.51,73696.78252789851,0.1225,2023-07-20,24,ACTIVE,2025-07-09
41c7a406-9359-4b5d-9ac7-25209670efb3,CUST00005708,81f46dfd-3b6b-4c0d-b028-05af580661f1,AUTO,5890.38,5388.121576004816,0.1562,2022-09-04,360,PAID_OFF,2052-03-30
cb3ada7f-a10d-4623-a046-2998e37f24d7,CUST00002293,3873e57f-0ba0-48e8-8ef4-92c1aac93316,BUSINESS,37156.45,12936.294516841732,0.0919,2025-10-04,36,ACTIVE,2028-09-18
e7f1ec14-f8bf-491d-8311-fb266e153de8,CUST00008377,f1c2fa18-c2af-46a6-9038-4c0ddbc3f559,BUSINESS,18255.8,4973.760199659059,0.0957,2025-05-15,36,ACTIVE,2028-04-29
966925ed-9c0e-4e5e-8d7b-03695769993c,CUST00000998,ba65983d-fa33-4a98-a3f2-0557a2e2d1ca,MORTGAGE,78458.35,17740.580799146817,0.1339,2024-06-04,360,ACTIVE,2053-12-29
076c1833-ca50-4117-95f9-6dfa933ac61c,CUST00004665,638e1388-8faf-4d4a-a5a9-9ebcbe0ec2da,BUSINESS,18530.32,4715.797956709032,0.111,2022-06-12,60,ACTIVE,2027-05-17
0c586c0a-1cb6-417b-8974-52d8b082a958,CUST00002358,a137f8e4-67b1-4040-8c39-b9253b5ae288,AUTO,12364.51,1668.3846683662377,0.0234,2026-04-21,12,ACTIVE,2027-04-16
571cdfbf-8dd9-4b83-9877-c24c8842955a,CUST00005492,c35d8f64-418a-4089-ba7d-e9617927a136,STUDENT,49580.99,29588.8553352675,0.0404,2025-06-10,60,ACTIVE,2030-05-15
04579d6f-93d3-425a-ba56-04b37acd003a,CUST00001680,e9a1c6d5-c34e-4baf-8f1c-b2ccceef9fa8,PERSONAL,81981.9,23022.654678380197,0.1247,2025-01-28,24,ACTIVE,2027-01-18
d52939e5-3be4-4056-a7ea-6db48802bbd2,CUST00005716,98d53cf5-4afc-49e8-8c47-6b726e310234,MORTGAGE,8082.71,4970.416941415961,0.1629,2026-04-14,36,DELINQUENT,2029-03-29
57232faa-b578-4525-af0a-c5d6ee5e1fb5,CUST00004887,9f871ce7-5487-4d4f-abb7-a385aa0b7b14,AUTO,20098.22,1668.8024276204867,0.1574,2022-02-09,36,ACTIVE,2025-01-24
15c18944-b44b-4731-985f-014a29e9efa2,CUST00007441,816ce054-282c-4470-af32-f72aa4b5c723,MORTGAGE,4502.28,519.8188060164846,0.1532,2024-10-05,48,ACTIVE,2028-09-14
a9dfcc0c-68db-46b3-982d-f0788a51451c,CUST00006822,757e2b43-af51-4850-b77e-5f7a80a233e3,STUDENT,519.52,278.53645432906865,0.1588,2023-12-15,48,DEFAULTED,2027-11-24
4998ef25-e794-40ee-8a5e-d28785a63296,CUST00003528,b7c12a4c-6f4a-454f-afca-07aef17e4a71,BUSINESS,29753.12,15219.641574708181,0.028,2021-10-30,360,ACTIVE,2051-05-26
63ce0666-4b78-4b1f-a68a-84572b924e09,CUST00006814,c30dcc74-0512-46b8-bb64-665ccb26a809,BUSINESS,54904.91,14907.228091650371,0.1811,2023-03-11,60,ACTIVE,2028-02-13
83bccfa8-f019-49d0-bc72-873246e53c29,CUST00002746,f89617fa-6493-45ef-bf53-76a4bb48bbba,AUTO,32633.68,26992.323529912264,0.1801,2022-08-28,12,PAID_OFF,2023-08-23
9e876040-4c2b-424c-8446-a29ac6c753a3,CUST00004091,76492e64-f55d-4e6d-ad26-8b378f5242d3,STUDENT,1182.82,221.24312754863485,0.1157,2021-11-11,360,ACTIVE,2051-06-07
d6e11e55-e6a4-443c-b06c-fdb6c046f297,CUST00006159,102f4f5c-55e3-4295-ac67-10bd97d46f61,PERSONAL,13013.28,4693.384194110572,0.0647,2026-01-30,24,ACTIVE,2028-01-20
7533c4df-b964-4bed-9d75-5e6cab84978c,CUST00008562,1cc0b764-b06b-4fca-96b4-05d7712dd406,PERSONAL,790.35,439.0486768943231,0.1266,2021-10-16,60,PAID_OFF,2026-09-20
2bb2c51f-7023-4aca-9ee6-fdea9534ee94,CUST00007472,7f13de67-9008-4dc9-9d42-1bae2134e15b,BUSINESS,171879.97,149056.2182840078,0.1204,2025-04-04,36,ACTIVE,2028-03-19
5ef59cd3-e078-42d6-a92c-b8ed8fa05149,CUST00003744,114c440d-675d-493b-9473-6d379e12d7cf,STUDENT,4319.6,1807.9727923304085,0.0601,2024-12-20,36,PAID_OFF,2027-12-05
7d82e0de-e3cc-4771-866e-f0cdd2ea243c,CUST00009896,d20eac17-4e20-4d1a-9983-36e375d66ed4,STUDENT,144799.52,57717.227019384336,0.1286,2024-06-08,36,ACTIVE,2027-05-24
922e047f-b5c1-4af0-a296-884f541eb2a4,CUST00007009,08b9b2e9-4d81-4859-949e-24ad02d22ee7,AUTO,91017.26,52747.908766901135,0.1635,2021-12-13,24,ACTIVE,2023-12-03
205cf4ec-8518-4eb4-8115-761359393a5d,CUST00003325,00f2baa4-931b-4fae-a42e-3a16e79503fb,PERSONAL,5705.09,1806.775847803215,0.1651,2023-10-20,360,ACTIVE,2053-05-15
1c751ad4-bdec-4a9d-84b0-249af208deed,CUST00008633,eb4d8f42-8735-40a2-a511-09611869a217,AUTO,4027.18,2855.968341659235,0.0307,2022-03-08,60,DELINQUENT,2027-02-10
2ddcc829-0d24-421d-97a3-5108d7b3c866,CUST00003258,7ea5a387-363b-45cb-9329-37246dfd171a,MORTGAGE,37255.52,9265.296591438408,0.0555,2022-04-29,24,ACTIVE,2024-04-18
bec4ee08-70ec-49c4-924b-035f24b9be69,CUST00000227,62e0adf7-a315-4bbb-adb2-31a2cfcc2abd,STUDENT,6207.5,5109.989151006367,0.1403,2023-12-10,120,DELINQUENT,2033-10-18
89efa861-bb2b-45a2-b677-7d6d95745ff7,CUST00002402,287e09f1-ded7-445e-980b-82cbd66248bf,PERSONAL,25686.66,6995.849522998752,0.1748,2024-02-19,36,ACTIVE,2027-02-03
a99e7d01-e5ae-41f3-a90b-98109bf4b57d,CUST00004719,c6a28e4e-002f-4ca4-b43e-85315dfb1922,AUTO,10676.05,10598.127243671623,0.1138,2021-08-23,48,ACTIVE,2025-08-02
12f04460-d6ad-4137-a196-5413d881a73a,CUST00001025,03671560-fd06-475b-b462-931f966456be,BUSINESS,1522.73,481.8869035329313,0.1474,2024-03-23,60,ACTIVE,2029-02-25
876080e1-4c9a-499a-a33d-9eb3d1eba173,CUST00005673,15669e36-4708-403b-a716-10c19db54283,MORTGAGE,776.11,682.0657544716855,0.0238,2023-10-10,48,ACTIVE,2027-09-19
9bc27450-a3a9-4472-b002-0f5e8a5acb4d,CUST00007728,e581620f-dc0d-4266-8e29-ed9a0518bd4d,AUTO,30946.85,12296.915108327039,0.1295,2024-06-16,60,PAID_OFF,2029-05-21
e61219b5-73ac-46e1-9c21-0944e84511a2,CUST00005281,71a91c81-4eee-4680-b0ba-8fe363ff910d,BUSINESS,9486.86,2334.2878386695515,0.1931,2026-06-27,360,ACTIVE,2056-01-21
ed1d6d27-03ae-4a62-b64d-a24314faa0f5,CUST00000871,2ad55c0b-69fb-4fe6-b346-1e07f72cb6c8,PERSONAL,9608.13,2173.0059116456528,0.139,2023-07-18,36,ACTIVE,2026-07-02
877477ad-94a2-4b24-8028-286b5402b337,CUST00003200,40b374f8-8c1a-42c7-9fa3-ed1f61584f88,PERSONAL,62554.64,53183.409567257666,0.186,2021-10-22,48,PAID_OFF,2025-10-01
433fca8a-f72a-4b7a-aa78-b0884c9b9009,CUST00001746,1fca0f16-78f8-455f-a2f5-a68bd590f435,MORTGAGE,128048.38,39535.31971752604,0.1219,2025-09-05,48,DEFAULTED,2029-08-15
19504cc0-cf96-4bfa-9427-becdece9abc0,CUST00005271,436ae2bb-d509-4e07-b368-d836027d3808,BUSINESS,14635.17,4954.927191837421,0.1718,2023-03-20,60,ACTIVE,2028-02-22
ed0c082b-cb78-47a9-8410-710eca3761d2,CUST00008636,436e3c49-770e-49db-b092-d40143675d58,STUDENT,13214.92,2603.2474734671323,0.0423,2023-10-13,120,ACTIVE,2033-08-21
c2b35e09-7f10-4f15-acea-8e8a34c3ab73,CUST00005887,7a5d7c82-86c5-447c-851a-00393803dcee,PERSONAL,46640.03,44836.21369268189,0.0422,2024-08-09,120,ACTIVE,2034-06-18
feb2ac4b-85e8-40a2-a8ed-a191dfb48b5f,CUST00005591,b46788bd-d38e-43e4-8de1-087bafa14a55,STUDENT,2877.27,704.1943979667958,0.0416,2025-06-29,48,PAID_OFF,2029-06-08
1ad4e764-85fb-44a6-bb67-24376426e700,CUST00007898,edcd465e-3638-4821-b6e0-7cc06c52c49f,STUDENT,30783.36,7617.146002813797,0.108,2025-03-06,48,DELINQUENT,2029-02-13
37b71c72-b9e2-46e0-aea6-4fad153f7fee,CUST00008665,fae2d4a8-a475-4fa7-8d30-69bfca6628a8,AUTO,50404.16,47576.380284060135,0.0794,2024-10-27,360,ACTIVE,2054-05-23
8735b2bb-35bd-41ea-8799-6e3ba360c4cb,CUST00008272,592c6a0e-14d4-4d3a-8b40-fcdd9cd2da08,AUTO,61104.78,55049.22633673255,0.1495,2025-09-15,36,ACTIVE,2028-08-30
6f35fae2-c082-4f39-977a-e5a180b6068f,CUST00005159,da095b0c-4a37-4da3-aaef-0d3e085acd62,PERSONAL,1205.77,300.1292756118403,0.1825,2023-12-05,60,ACTIVE,2028-11-08
c67e0a01-1d34-4563-894f-f117d952e7bc,CUST00008432,3e5f7e23-704c-49e2-aa3d-d7698dac210d,STUDENT,7030.18,6079.176404313978,0.1315,2022-12-19,60,ACTIVE,2027-11-23
9c18e0ba-3eea-4cf0-93ff-d1ea14f872f6,CUST00000590,03d33907-ce02-4d60-98ef-9a287f5da7f8,AUTO,5899.4,1473.8070632802378,0.0584,2024-08-12,12,PAID_OFF,2025-08-07
d5942bb2-7ddf-4270-bc60-037efc6f2e6e,CUST00009553,fab6ad91-bacf-4cfc-9245-1cc41bfb3b3d,BUSINESS,25586.76,2161.1643146909337,0.1876,2024-08-30,60,DELINQUENT,2029-08-04
f1fc8f26-466d-49a5-946c-e13089ecde94,CUST00001885,351d1137-d518-4b72-b0ac-cfda7f055b10,BUSINESS,45302.47,37164.395374861415,0.115,2021-10-28,36,ACTIVE,2024-10-12
02e842bb-9391-4c8b-9628-c13eea9b85eb,CUST00005400,2cc09f87-399e-4823-a75f-58ba86052bef,BUSINESS,207952.63,160447.54811564385,0.1496,2022-05-07,48,DELINQUENT,2026-04-16
bce642a4-05cd-4d7c-9231-6495e333b8d0,CUST00008504,e9ea8b10-3bd6-4a06-a22f-c33168518341,BUSINESS,10483.44,3089.12509022524,0.1803,2025-11-19,360,ACTIVE,2055-06-15
eabb42d6-a81c-4995-9e00-801dcb8052e1,CUST00001077,0e51f30d-c6a7-4e39-84b0-32ccd7c524a5,STUDENT,10442.52,941.2781549225502,0.1982,2022-01-27,12,ACTIVE,2023-01-22
b85acaf0-d7fd-4197-b750-6c46ddd0bcc0,CUST00007236,3bd13a43-8853-490b-ac26-4a0cc09f1c91,BUSINESS,123563.2,25508.2491704267,0.1111,2022-02-28,360,ACTIVE,2051-09-24
2abb8747-d88e-4b86-a159-b48192a6dd56,CUST00006838,91d51b06-3059-4fbc-ad15-94cbdcc31cb2,STUDENT,34367.46,26499.25585836511,0.1655,2022-12-09,360,ACTIVE,2052-07-04
77cf865f-71fe-4889-9af9-469ad55957c2,CUST00000034,1c35730b-49d5-4453-98d4-d949cad6d3ef,PERSONAL,147484.34,142285.19475322592,0.122,2025-10-23,48,ACTIVE,2029-10-02
50cca99f-5ed2-465d-8c07-cdc393bc506c,CUST00001842,e0d6e969-478a-443a-bfb2-bfe18e7569bc,PERSONAL,33965.21,8797.059758934982,0.1076,2025-06-30,60,ACTIVE,2030-06-04
6cdb930c-dc87-485e-8f6e-1e3025d6ad40,CUST00004482,a7087280-34ee-4b67-a1bb-d1838acfd4d6,BUSINESS,3882.85,3177.1761856004937,0.1168,2026-06-25,24,ACTIVE,2028-06-14
352d855e-95cf-4d81-ac47-016cecb359bf,CUST00008441,fb924354-f34d-4b13-a065-f5cf25c978b5,BUSINESS,2981.87,679.6655529339406,0.1072,2023-04-28,48,ACTIVE,2027-04-07
5fa8c28a-ca10-4941-92b7-828638942fe2,CUST00001135,b400a5e1-dfcb-421b-a37c-db55c596fab7,BUSINESS,2148.94,1460.4204660085952,0.0958,2025-03-25,120,PAID_OFF,2035-02-01
a830b0ba-d43d-447d-a0c4-e0f916e4e6e7,CUST00007262,bdce4d4d-03a2-4ee9-81c7-d9b3db9c9b7c,PERSONAL,59461.11,4971.7496795651805,0.1503,2024-04-22,60,PAID_OFF,2029-03-27
89d8953b-812c-4a6f-be98-703f50261309,CUST00005299,cebeabaa-2859-4b34-9725-d2c71eb2a7b8,AUTO,130992.49,76669.3333198168,0.0649,2024-03-19,120,ACTIVE,2034-01-26
b8cf3f6a-c129-4e67-854a-778bc0383a81,CUST00007018,c2baf0e0-2179-43f0-a612-4ab4f9b21e6e,PERSONAL,352936.42,95006.91649845334,0.1309,2022-01-19,36,ACTIVE,2025-01-03
030b23db-bfbe-4ca3-b610-350b76f53b65,CUST00007772,6f07b60f-9d4e-4b5d-a120-bfba1689e0b8,BUSINESS,78015.13,72229.99205042959,0.1483,2026-03-31,120,ACTIVE,2036-02-07
5183c54f-ab3f-431b-960c-e979c4d0388b,CUST00008568,73905263-b653-4dba-9faf-c6cf4c5fccfb,AUTO,126027.81,36516.6699583651,0.1806,2026-05-20,60,ACTIVE,2031-04-24
65022273-ac5f-4726-a064-b2a131f5ee86,CUST00008916,f783b6f6-d775-4809-a18d-052048cc32c6,AUTO,9227.8,3676.7310440503925,0.0797,2023-09-15,12,ACTIVE,2024-09-09
1f1d1b20-be91-4d2a-bf02-4c09051d1800,CUST00001914,c60fb252-4df7-42ae-a267-e12b65e5f13f,MORTGAGE,3886.94,3267.669264311187,0.1749,2024-01-02,120,ACTIVE,2033-11-10
c98a2fa2-3dba-44d7-935f-52da1f324096,CUST00004298,276e1d67-00a0-486e-8a8d-5d5a06defca8,STUDENT,78835.52,34551.604617859455,0.1902,2024-09-13,24,ACTIVE,2026-09-03
3fa58bda-02ab-4229-946f-192895a155de,CUST00001943,2fe5b140-23ea-4956-89f1-137d7d592e19,BUSINESS,41213.5,9825.80333934987,0.1368,2024-12-18,360,ACTIVE,2054-07-14
202a9ced-885a-4b35-9b8e-e298f561f4c3,CUST00004005,6fcc57dd-168f-4e12-9ca2-60c9eb7607c9,STUDENT,25878.47,14169.609281933443,0.1589,2026-05-01,24,ACTIVE,2028-04-20
796c6ae6-fc19-485d-92d1-3d77da532699,CUST00001332,b52a9e6b-c8b6-48e0-92a8-50c55bab7f4a,MORTGAGE,39381.73,33080.30646946476,0.093,2025-01-27,24,ACTIVE,2027-01-17
ddbb5298-a575-4dda-a268-1c704eb00c3d,CUST00007891,a6388854-fb2b-4b80-808b-d674d2dd3e26,STUDENT,35766.9,15493.420330809204,0.1914,2023-07-29,120,ACTIVE,2033-06-06
3e4c23fb-1f0b-4094-997c-e0cf50ad9cd5,CUST00004589,80b9ec30-ed94-498b-9b92-3c67129538df,BUSINESS,151104.25,20080.015494934618,0.1408,2022-10-04,36,ACTIVE,2025-09-18
92ef8d59-0ad1-47b6-ad35-20b7b937c04f,CUST00000338,ef2ddcc4-8df6-41da-9f07-c1a5dfc620ce,MORTGAGE,153657.04,58864.001131913836,0.0758,2026-07-05,24,ACTIVE,2028-06-24
53fdb674-87f7-46a9-b0a9-5fc90f1f43a7,CUST00007067,7e808d05-ac71-4531-93c7-24e8742632d7,STUDENT,49827.91,47559.50102905539,0.0928,2022-07-17,48,ACTIVE,2026-06-26
19df5a16-cc2f-45ed-88f6-8352d38bca4e,CUST00007814,13106665-aec2-4b19-bbc3-98d82d6bc882,PERSONAL,78331.44,5641.557234384263,0.1312,2022-01-04,360,ACTIVE,2051-07-31
1f7e09de-b799-48b6-8095-fa69db07a2a9,CUST00008984,df996726-5c36-4f5c-a23f-3abf0441e22c,AUTO,47624.08,19451.82556827829,0.0621,2024-07-10,36,ACTIVE,2027-06-25
0f9d7819-53e6-4977-888d-5d8d0aef77ed,CUST00003612,b011b125-0221-41e5-88fc-3da1781d5b6c,MORTGAGE,11028.58,7146.83739627263,0.1557,2026-06-13,60,ACTIVE,2031-05-18
36514258-4ca1-4720-a2b8-952ee11b1719,CUST00003701,1ca3c448-0279-46a6-8f97-97b06d7ce3c9,PERSONAL,68517.67,5379.851653732027,0.0604,2023-05-17,12,ACTIVE,2024-05-11
66849b64-34e2-41b8-b606-9f22b6f23b07,CUST00009709,702f31e5-62cc-4604-8c53-644b0053f649,BUSINESS,2719.65,938.1501944568942,0.1265,2023-04-21,36,ACTIVE,2026-04-05
eec335f7-57df-4c9a-a7e0-fe2511d67820,CUST00006119,1f89cec2-9dfe-49d2-a87d-2106dbfbfea4,AUTO,107027.1,100667.37354499994,0.1455,2025-08-19,360,PAID_OFF,2055-03-15
87eb0127-c979-4f8f-8b8a-051ab27913d5,CUST00007106,e45e2ad0-8eef-45dd-9391-6dcfd6cade2c,MORTGAGE,3670.99,112.46331973182984,0.1748,2025-04-07,360,ACTIVE,2054-11-01
c1ed3940-610d-484a-b4a4-ed3c7f0643ea,CUST00002674,31cd9f6e-e3b1-4d36-b8e3-6397123b31cf,AUTO,33816.53,25421.301820569108,0.1521,2025-04-23,12,ACTIVE,2026-04-18
709b5f65-ea3e-442f-a3cd-ec8466ed34e2,CUST00002123,047dd583-9344-4b2f-bba3-16688334e524,MORTGAGE,6199.78,5216.339687550626,0.1638,2022-01-21,36,ACTIVE,2025-01-05
59430636-b0b1-49f7-b78f-78da14308e24,CUST00007083,85319f0f-ba53-4122-b4b7-96204a73b0bf,MORTGAGE,50517.92,13996.53156179587,0.1843,2024-07-11,60,DELINQUENT,2029-06-15
66a4372a-997e-43d1-b87a-d8968278e194,CUST00008251,647ac591-5da6-4a3a-a60c-cfb4c6735380,STUDENT,20933.63,4494.751167211028,0.1276,2024-08-02,12,ACTIVE,2025-07-28
5a6d4596-3580-47d6-bece-ff5e917f61b3,CUST00002063,27aa7cbc-2337-4bbc-bffe-77c839feb99c,AUTO,2013.98,1842.4309832647493,0.1723,2022-08-19,360,ACTIVE,2052-03-14
0f735617-9e61-40dc-8c69-21373df359d6,CUST00001255,eaadcb2f-0f89-4df6-b97a-822c15e59a0f,AUTO,41400.55,31630.090393834507,0.0617,2026-02-10,36,ACTIVE,2029-01-25
5578126e-a06a-493d-81d2-3fc9b44df4b5,CUST00003689,01a25ed1-c3ab-45f1-8c6b-7074ab102c9b,PERSONAL,9256.85,1049.5482217255794,0.1667,2024-01-29,360,ACTIVE,2053-08-24
dfb2591d-f9b5-41db-925e-acaf8b67cdcd,CUST00003749,635d8150-d8dc-43a5-b09a-8327891d47fe,BUSINESS,82596.29,17526.70605383691,0.0599,2021-12-26,12,ACTIVE,2022-12-21
f8930a13-d770-47c8-8053-9b74fa00a281,CUST00006343,716fda0a-45a8-4829-94e2-86e5ac8936bc,PERSONAL,22070.31,13713.500890783725,0.1882,2025-09-27,24,ACTIVE,2027-09-17
a203b5c1-5de1-4be7-9721-04cb6e21b4a2,CUST00004131,4b26f0a3-33b1-4ca4-b74d-34f5caf07226,STUDENT,39860.11,16718.00492169231,0.0794,2022-08-06,360,ACTIVE,2052-03-01
aa68a301-734a-494f-8ab9-e0dff4a3ee30,CUST00004258,04d07f29-13e6-45fd-9c99-d366c8b62c18,MORTGAGE,5237.75,2640.73930876111,0.0509,2025-10-22,24,DELINQUENT,2027-10-12
55957cd1-a691-40e6-9600-b3cf3f0e3075,CUST00003030,55eef366-bc76-4752-8dcb-e8184dfa6a17,STUDENT,9099.74,8658.788758397508,0.0467,2025-02-04,120,PAID_OFF,2034-12-14
602596fb-d206-4a87-a2c6-0435dc5bb24f,CUST00002847,5a19d7ab-73e0-467e-87e8-1b25a9715404,STUDENT,11070.53,4652.229302330643,0.0537,2024-10-13,24,ACTIVE,2026-10-03
916efd7b-7cc2-49b7-95b4-59923d49e4f8,CUST00008663,2cc9abb6-86e3-4e9b-a047-9ecbf5538cd3,PERSONAL,79622.64,70201.84814720105,0.1006,2025-12-23,48,PAID_OFF,2029-12-02
ca33dd84-58c2-47f1-9b68-d4ee2f9997c3,CUST00004036,55dddf38-fc94-44ae-867a-211ade162c17,MORTGAGE,272683.11,180173.92480044015,0.114,2021-10-22,24,ACTIVE,2023-10-12
613c9847-19ec-4e51-9d9d-dee1e09189f1,CUST00002900,8d87b7be-271d-40f1-8985-c98d985defc4,BUSINESS,6582.98,800.618464322166,0.1845,2024-03-12,24,PAID_OFF,2026-03-02
f4de6a69-6494-446a-bf00-5dab4a490f80,CUST00009639,ee462fcd-a829-407c-99be-ccff33a315f3,STUDENT,110776.75,82474.06987196529,0.0886,2026-04-13,60,ACTIVE,2031-03-18
a8f75fed-0ae7-40f7-9d0a-afe2adc8a219,CUST00004444,6c8c5d0e-3eb3-46fd-b291-bc95b8bf9cae,BUSINESS,850.21,442.2869567683984,0.0591,2025-01-11,12,ACTIVE,2026-01-06
e9382f35-8210-4862-969c-15b2224f6444,CUST00004790,1deb979d-8d0b-46d7-ad91-f45623b13ebd,MORTGAGE,3672.82,826.7416831847036,0.1539,2022-02-09,12,PAID_OFF,2023-02-04
2e8498c6-7c74-4b6a-b8b6-a2933d6f9aaf,CUST00000913,bc9a7998-6365-4c2a-a793-cb096b271eff,MORTGAGE,5228.25,1513.836248405025,0.0442,2022-07-30,24,ACTIVE,2024-07-19
288d6c65-daf2-471c-8736-591d74f9bd90,CUST00004243,51cbf9e5-fb7d-4ba1-98c8-8c483ced4d1f,PERSONAL,2896.44,1614.279928345066,0.1806,2025-08-29,12,ACTIVE,2026-08-24
ff2c37dc-6bfc-4bd7-9831-3d758b719ba7,CUST00007542,b1f9ab31-995e-49de-9cac-41f82e4001c1,AUTO,2048.0,1232.286699818584,0.0937,2024-01-15,36,ACTIVE,2026-12-30
68ec88eb-60d2-442e-a670-af0fc40586bc,CUST00001712,4251d2f0-20a8-4260-97a1-a2f67a139e90,PERSONAL,40925.08,39622.696789018795,0.1305,2023-09-03,120,ACTIVE,2033-07-12
3fd6f99e-ea03-486f-97d6-6988013319d1,CUST00008867,9aab1efb-0838-4528-a477-e25ae19383a9,BUSINESS,15976.89,13655.769600217043,0.0535,2024-01-05,360,DEFAULTED,2053-07-31
150b8146-856f-4c5c-ad55-b7414b842799,CUST00001440,546252e7-f43b-4052-8459-bd6ec0f63229,PERSONAL,38913.95,8010.019722169828,0.0462,2022-06-26,24,PAID_OFF,2024-06-15
41a50d68-4140-4d41-8ea7-252160b1aac5,CUST00005614,f3c1114d-4e8a-40cb-a77b-71ea16f1e5cb,MORTGAGE,62050.82,48026.84265218924,0.1638,2024-12-16,120,ACTIVE,2034-10-25
aed65001-b46d-4853-9126-ed1711958966,CUST00003631,a3708c7f-d235-45df-bbf8-b1fe3232be72,STUDENT,32807.93,272.0370614126163,0.0973,2022-05-26,24,ACTIVE,2024-05-15
e4af65aa-08f3-43a9-9398-592b698681df,CUST00005376,e3ea2d7f-c219-4845-99eb-404c1851d1cf,AUTO,59079.82,7669.060520113698,0.1976,2023-06-27,48,ACTIVE,2027-06-06
b252456e-ffc9-4f30-9f9a-8a331ad6ff7b,CUST00007104,21f6c63d-ac20-4f11-abd3-3927586528e6,MORTGAGE,19844.89,3963.0327897896227,0.1144,2025-07-22,120,ACTIVE,2035-05-31
52c5be0f-f2e3-419a-b57a-7220763a4e61,CUST00008878,d8e70aeb-e7b3-4085-978b-e96820f87ba2,STUDENT,3712.68,2217.210092630528,0.1722,2024-12-30,36,PAID_OFF,2027-12-15
55b2f82a-3469-40de-a442-c26ca27589cd,CUST00009319,ae1455f4-d6e8-4ad3-803a-423a990ddc73,BUSINESS,107658.7,20959.53468776991,0.1964,2023-08-26,24,ACTIVE,2025-08-15
a28322e8-d171-404f-9f48-00048910d70e,CUST00004217,4a229ba5-925f-4cc6-9e9d-2f8a1ef11a27,BUSINESS,9102.75,3324.988273111892,0.0706,2022-02-22,24,ACTIVE,2024-02-12
d4073daa-68db-4370-8cb3-7187eb469b21,CUST00002467,5fa18468-64e8-4ffc-9f3a-cc68ae3e6268,BUSINESS,5413.25,1314.2276556806119,0.1642,2025-09-24,12,ACTIVE,2026-09-19
5f90ea2c-f9ae-4b30-8af8-75b243fe6d09,CUST00007825,43d643ed-236e-4832-a7f6-a2ac5b0c4170,PERSONAL,16867.15,5691.256815910499,0.024,2021-12-04,24,ACTIVE,2023-11-24
305c5d6f-0997-4b9a-9fdb-482df69d1805,CUST00004125,af32baf8-811d-44af-a8ca-7483dc0e3375,BUSINESS,5601.47,5279.113494134529,0.1424,2024-08-11,120,ACTIVE,2034-06-20
00501cd8-8bff-45b3-8f6a-5979ab55db54,CUST00000966,e1ccff0d-8078-436d-81b0-62c19aad9234,BUSINESS,11776.42,11745.522826231876,0.1541,2024-03-05,120,ACTIVE,2034-01-12
36c84263-fae9-4f9d-bd8b-d58a22a7899d,CUST00006929,01b8c14a-fd68-45d7-937a-430a2f2aa5e8,PERSONAL,36904.21,25306.032611213002,0.1059,2022-11-18,24,ACTIVE,2024-11-07
7c923cab-2488-4330-8399-5af3021e2689,CUST00006097,f104ad27-ee75-434e-b067-dba16d8bebc3,STUDENT,37142.33,21256.84782320448,0.0492,2021-09-21,24,ACTIVE,2023-09-11
2262dad8-6c16-478b-b562-43476b715b34,CUST00006158,300ffa68-4f22-4efa-a8e1-3f98c1ab6398,MORTGAGE,5728.76,4058.5276811984904,0.131,2025-10-13,24,ACTIVE,2027-10-03
df5325cf-8255-4a9f-9b72-7254ef022c92,CUST00009112,e03d1b30-adcd-495f-af91-a7be905c3fd9,AUTO,10598.23,8178.147500045687,0.1816,2023-02-04,48,ACTIVE,2027-01-14
4258828b-a23e-489b-8367-70b21a3a1233,CUST00008121,569b111f-15b4-466e-91d0-12a7f19293c9,BUSINESS,110359.61,81557.158169776,0.1876,2024-07-20,36,ACTIVE,2027-07-05
1db60efe-740a-48ad-8545-448dad2aa94b,CUST00001509,74eff545-3e65-4603-b8e3-654bfaf14ff0,BUSINESS,46378.91,3798.0861950604854,0.1543,2021-10-27,360,ACTIVE,2051-05-23
3adbd2b2-943a-4af1-8146-3a0a8763edcb,CUST00009405,79eae461-0751-4daa-844a-2a482fe12ed8,BUSINESS,495140.86,153638.95047799387,0.0675,2023-12-04,120,ACTIVE,2033-10-12
361f448c-cb53-444a-9126-28f2978bd951,CUST00000872,cc8cc291-fa23-48bc-86e4-abacf0effa1e,PERSONAL,129339.02,44419.07835793208,0.1767,2022-05-11,48,ACTIVE,2026-04-20
696932ac-9349-466a-8588-15b3ed335d5f,CUST00000864,34c6d620-8d06-43e2-9ab6-2311a261d918,PERSONAL,122570.25,45259.61321020135,0.18,2023-04-30,360,ACTIVE,2052-11-23
6b1b8c03-0b7e-4d79-8c1b-0d55933be58a,CUST00003056,d92d9519-9e24-4724-a47a-7b03768ae6fb,PERSONAL,2746.81,945.7645303378421,0.0861,2023-01-08,12,ACTIVE,2024-01-03
b1f6d38e-4297-4b04-a6f2-1e777ecbca9c,CUST00005134,1a85fd69-344c-46cc-bf48-e5f018cc0e29,AUTO,69271.62,54523.15853390606,0.0529,2024-02-14,60,ACTIVE,2029-01-18
a8c649ab-eadd-46c6-9c4d-e578c19473fe,CUST00002683,a28defe3-9bf0-4273-9247-6f57a5e5a5ab,MORTGAGE,20339.9,15206.204184301467,0.1774,2023-03-17,24,ACTIVE,2025-03-06
f716b195-a06f-4919-9b58-0ad0dc3a765a,CUST00005279,56c76990-7401-43c1-8155-aa51bca2c581,BUSINESS,9638.56,44.3402954489978,0.1793,2022-08-31,120,ACTIVE,2032-07-09
91d5bfdd-00eb-45a9-ab7c-5618b12a8b02,CUST00005449,48ef30ff-3087-47b4-9c54-956f32ce93db,STUDENT,28339.82,8399.399027166108,0.0382,2025-01-06,360,DELINQUENT,2054-08-02
895d603d-8172-413b-ac52-75582c77a125,CUST00000614,baeb286b-f0d0-470f-94d1-3d551db6b844,BUSINESS,90927.46,56708.15138745428,0.1941,2026-01-23,12,PAID_OFF,2027-01-18
f04084d0-4739-469a-9bb2-bf95c376caa7,CUST00001873,c342bd2b-f295-456e-9967-5f06bd767e35,BUSINESS,46688.23,5614.98902050613,0.116,2025-08-23,120,DEFAULTED,2035-07-02
c3e8212d-744f-4ff8-8257-7dd19d193891,CUST00007724,cb80f288-446f-44dd-9abc-a6e5d0b1e3eb,BUSINESS,5897.53,419.8940776772618,0.1989,2022-09-18,60,PAID_OFF,2027-08-23
c1204784-51e5-4918-9f04-ea9f4505f98e,CUST00007190,9f8cc29f-fd35-4c5f-9347-9a3b479bc637,BUSINESS,67083.16,55571.563594015766,0.1001,2024-07-13,360,ACTIVE,2054-02-06
db0dc10e-1ca4-4caf-99c1-3fccf5fe9cc4,CUST00005387,c86022c4-b4da-4f04-b951-0a4532cb28ba,MORTGAGE,8464.35,3831.6781191596533,0.116,2024-06-21,24,PAID_OFF,2026-06-11
d4d8c52e-d4c6-47db-bcb4-8481b4f82d12,CUST00006943,612a9cc6-cfff-4d34-8aa8-1f139cdd39a7,STUDENT,30486.06,26086.536439677213,0.0679,2025-05-02,120,ACTIVE,2035-03-11
bfa55677-89a2-4dad-9422-7d6dc454d1a5,CUST00008760,ab0e664e-9c3e-42d5-91e1-aa9676f72255,PERSONAL,13974.3,11508.57287538348,0.1818,2022-02-27,24,ACTIVE,2024-02-17
d88a2b67-22c2-4a83-b424-0302e48bb336,CUST00000245,a46b6fce-e78d-447c-bd87-703472173fa3,STUDENT,15862.3,14170.911233350611,0.0999,2023-12-14,60,ACTIVE,2028-11-17
4410d892-7419-4962-9f8f-a9dd7daf8db1,CUST00000021,c4615234-8044-4eb2-b66e-dbf4a0ea0251,BUSINESS,69519.63,3356.0297971476675,0.1666,2022-12-07,48,ACTIVE,2026-11-16
a44d3bc0-0572-457e-b250-d693e3656653,CUST00008586,ae423568-de14-453b-9eac-41d9801f4909,STUDENT,4627.21,861.2629031973781,0.0344,2025-03-16,360,PAID_OFF,2054-10-10
8d84067f-ce58-47fc-acc0-e350f7c40cb2,CUST00005768,f79f8fa9-bd8c-4f4f-8fe2-75b124e72383,BUSINESS,407498.53,120677.9041631272,0.1619,2024-07-24,60,ACTIVE,2029-06-28
1eac66fe-fc30-477c-8f58-ed08f5b917b1,CUST00003516,0265a223-71cf-4772-b167-d947efadf069,STUDENT,1434.21,195.38298454093737,0.1082,2022-04-24,60,ACTIVE,2027-03-29
623d45f4-c1ef-4252-9b0c-6cadc9f12b09,CUST00001911,ec95ccf1-a679-4ab0-b129-e2f6e06ca678,AUTO,8986.68,4362.761929058563,0.021,2026-02-04,120,PAID_OFF,2035-12-14
455f8af7-d21d-437a-9504-882cd6d21f63,CUST00008482,7e000029-c47f-4b05-851b-5f38c0697f1d,STUDENT,38381.0,30665.532016589106,0.0607,2025-06-05,360,ACTIVE,2054-12-30
d439566a-c402-4a0b-b889-2fafc691a1ad,CUST00005883,56c76990-7401-43c1-8155-aa51bca2c581,PERSONAL,52916.54,50333.25034110082,0.0549,2026-01-01,36,PAID_OFF,2028-12-16
f275de56-4e18-4cc7-b3fe-09e708fd4865,CUST00008553,3bdccce0-9875-44da-9830-dffe88859ae5,PERSONAL,18944.83,16852.83075005379,0.1553,2022-01-26,24,DELINQUENT,2024-01-16
c28fcc52-80fe-41cd-9734-aeb43550d3f7,CUST00008077,fcfd348c-00f0-47fe-b8e7-bcf5854c0d1f,STUDENT,20209.62,9242.600515181079,0.1059,2025-08-02,360,ACTIVE,2055-02-26
81db9a62-10a4-47d5-a6b1-7ece85d0cf83,CUST00001623,fa2c9e79-2758-4f1a-a39e-5593ec11a44d,STUDENT,40775.03,25952.943753133615,0.0487,2021-11-21,120,ACTIVE,2031-09-30
784aed02-8c62-4a8f-b49e-b0da7e509ec4,CUST00004315,5ab33edf-6e59-4ed3-a8b3-17fa18d0752b,MORTGAGE,15574.59,3592.9975373021543,0.0662,2024-07-17,24,ACTIVE,2026-07-07
5bf0e042-bf56-4386-a6e2-e3f47174bbc8,CUST00002454,5302e6e2-387b-4cda-b133-0766d11ce313,STUDENT,178041.49,71752.32283128891,0.1107,2025-03-29,48,PAID_OFF,2029-03-08
bb77e34a-38f2-42b9-8310-6b55f638900a,CUST00002016,a605b7c9-fb07-4e93-8a37-31ab0be3534a,PERSONAL,77576.8,67583.5579683785,0.0235,2023-02-26,360,ACTIVE,2052-09-21
48b1e8cc-679a-4d56-b6e6-222e3be9cfb0,CUST00002801,e7ba26ac-ab7a-4d1c-8cfe-f6833e11bafe,AUTO,81571.61,2381.6888791394986,0.0963,2025-12-11,48,ACTIVE,2029-11-20
03908f5a-7312-4621-b992-ce54c2cfa589,CUST00009024,63d69dd8-55a1-4414-8995-3dd10976e09f,PERSONAL,5170.71,2754.7436986503394,0.1421,2021-11-15,36,ACTIVE,2024-10-30
3b8846e6-1823-4790-8046-0d07d4539094,CUST00009986,e45e2ad0-8eef-45dd-9391-6dcfd6cade2c,MORTGAGE,19553.65,17066.3924377132,0.1132,2025-03-28,36,ACTIVE,2028-03-12
03305744-9ae4-46ba-8228-62c4b7ab7799,CUST00009984,91d51b06-3059-4fbc-ad15-94cbdcc31cb2,STUDENT,14034.88,1712.3939383105608,0.1277,2026-06-14,36,ACTIVE,2029-05-29
f12c2046-1cdb-46cb-a9c3-d3719f688611,CUST00008773,d1ad3e51-89f9-4de9-b798-0131a885a7b4,AUTO,4873.65,4788.586297139085,0.0788,2026-04-15,48,PAID_OFF,2030-03-25
833d19ff-3168-49f2-995f-0d20f3966a62,CUST00006753,f574175b-3d05-4bf4-b93c-4fbf1b9b71f0,PERSONAL,37806.88,468.4825917603859,0.053,2022-10-24,60,ACTIVE,2027-09-28
6b4c2dac-df93-4659-a30c-e666d36e7cca,CUST00007454,b74966cb-25df-48fa-a5c6-5c7b5c6ebf5a,AUTO,9833.31,8713.492769920847,0.1658,2024-01-04,120,PAID_OFF,2033-11-12
8b81ea62-2fb0-4eaa-85ef-ea2af825a8bd,CUST00002854,2b843ef3-d86d-455d-8cd9-916481df62f4,BUSINESS,58871.11,20821.09703118928,0.183,2023-08-25,24,ACTIVE,2025-08-14
59432577-221c-48a3-a559-925520b203ce,CUST00002237,a7d4cf50-f791-41e5-83f9-cd6b797ebe87,PERSONAL,4423.62,586.9727109213846,0.1119,2022-06-09,24,ACTIVE,2024-05-29
f84a9bca-2ab7-413d-899b-316743b6c14b,CUST00004177,2f981e44-ca78-4f58-adec-4b0d529b3b96,BUSINESS,290268.29,45676.08844865421,0.0749,2026-03-21,120,ACTIVE,2036-01-28
115ca802-4310-457d-ac80-1a6f0a1dee98,CUST00002156,6aa0426d-f7c0-45f7-a9a5-3b4f8ff8869d,AUTO,5741.64,4025.915776451616,0.112,2025-08-21,12,ACTIVE,2026-08-16
dcc3645f-2b9e-4568-98ee-0d81a7bbc32d,CUST00009537,1ccc33c1-7e34-4f69-b52f-bd7e7c360908,STUDENT,30606.07,26649.30737410919,0.1782,2026-07-02,48,ACTIVE,2030-06-11
15c211ca-e4f9-4eff-bb8e-8a91deb1289a,CUST00005699,f11c0ac5-8c0b-493a-9333-5bc9bb635ff5,STUDENT,72242.87,46312.47325943778,0.1445,2025-01-28,48,PAID_OFF,2029-01-07
a701e867-b962-4064-88eb-f1789c787640,CUST00006830,40c37cbc-3d5b-4535-abed-e2b6c9eef97c,STUDENT,9358.49,8691.463357229892,0.1746,2023-07-28,36,ACTIVE,2026-07-12
224a94a5-763a-4eaa-b340-fa855b2955f1,CUST00008538,b01c9191-e81b-40ff-9a41-a15f4e29b9da,BUSINESS,79118.58,66655.72594501288,0.0791,2021-09-23,360,ACTIVE,2051-04-19
478d365f-c209-4ac4-84be-71b901dfe84a,CUST00001887,1e5ebe54-5907-4299-9c3b-bdd8a74e02a9,STUDENT,3485.0,31.47584718816672,0.1482,2025-01-08,360,ACTIVE,2054-08-04
b5100bca-0e7d-45c3-8509-c41e10f809ac,CUST00006472,ec2a322b-a901-4e33-897e-f98dc25a6eb3,MORTGAGE,194497.88,130202.65054077262,0.1375,2023-07-08,120,ACTIVE,2033-05-16
9770d013-b080-4995-bea7-ccb8b0ad194d,CUST00008747,8a8a4105-c0eb-4875-b439-67294b8e5509,PERSONAL,22498.95,6853.960629648433,0.1229,2024-05-26,12,ACTIVE,2025-05-21
198640a1-45a9-47a0-b443-7813d6bfe645,CUST00003771,d73d52ba-ca17-41d0-97c7-68d6114a9827,PERSONAL,9003.63,4092.1499405262357,0.1151,2022-11-06,12,ACTIVE,2023-11-01
454e1370-28d8-4df4-b710-3c3f90a58dd6,CUST00008392,ec814510-c42e-4fc8-9372-e80dee892190,AUTO,14061.94,1322.2547384186084,0.1192,2022-10-31,48,ACTIVE,2026-10-10
3d7d9e1e-c7e1-46e3-bf71-d4015f09058e,CUST00002941,5c3bd3b5-ecaa-4afb-97e4-527a6274d240,BUSINESS,74115.42,20907.897863765356,0.1729,2025-08-31,36,ACTIVE,2028-08-15
1345c526-a4ab-4e56-8d03-bd2fd7169b2a,CUST00003491,b819b15d-4f96-4a84-a0d4-4d244d074581,PERSONAL,9166.56,5799.553881628126,0.1849,2025-02-27,24,ACTIVE,2027-02-17
b6ef2c43-7b93-4d83-9f13-08200f3b35f9,CUST00007900,3a710f9e-d5da-46fd-8a68-998ffd8bb697,BUSINESS,7157.84,1563.1443472339263,0.0403,2024-04-25,36,DELINQUENT,2027-04-10
f46a9817-194a-489d-8f3f-be079dba68ea,CUST00000307,1ff49f0a-9435-4cb1-b24a-f3fba016db34,AUTO,15798.89,10230.360592983068,0.1224,2023-02-18,24,ACTIVE,2025-02-07
24ea2f78-24fa-450e-ac70-d93aa260f227,CUST00003076,cd4f8b2b-899a-4252-81e1-b94a78883058,STUDENT,3768.97,3478.880560767534,0.1853,2022-01-04,360,ACTIVE,2051-07-31
f3be0191-8b42-4cfc-86ec-9b9cc02ac918,CUST00001657,c1101266-2408-46dc-9346-d1a9f6802cdb,AUTO,338004.96,1669.84759558837,0.0443,2023-06-28,48,ACTIVE,2027-06-07
baedb7ab-965e-45d5-8735-93d177329dc5,CUST00007245,a847bce7-90fa-4b57-a4ac-2130deaf528d,MORTGAGE,9418.28,7400.608654217331,0.0943,2025-06-03,36,ACTIVE,2028-05-18
26a97770-7983-4fc0-8eda-75d9bc41c770,CUST00006612,cc8a6796-7015-493c-b23e-9a06ed37c2ce,STUDENT,76682.22,49177.75545882724,0.036,2024-07-22,12,ACTIVE,2025-07-17
41797153-fba3-4051-a3c8-4474be919354,CUST00006323,87d75309-de77-4156-9f76-043f9a16b853,STUDENT,30157.99,1406.3503921980791,0.0404,2021-08-01,120,ACTIVE,2031-06-10
6828e25c-9307-436e-aeec-de56dd94b1cc,CUST00002693,0b34fc84-1111-4e29-a8ad-153985f0786a,STUDENT,5030.12,3974.635520399928,0.1827,2025-05-27,60,PAID_OFF,2030-05-01
5f89a98c-2d6d-42cb-aeee-dca934664ef1,CUST00001765,87f3c9a4-cd1a-410d-9101-71d21138978b,AUTO,21830.6,4901.4289096646535,0.1003,2023-11-23,12,PAID_OFF,2024-11-17
d78c2051-7efa-40ae-bdea-42aa14003cbc,CUST00000276,3cfe18e9-5f20-4c06-9ace-863187638104,MORTGAGE,71396.5,18978.656235702885,0.144,2023-07-17,360,DELINQUENT,2053-02-09
2f7e6184-24e7-4747-8b1f-999b4c6d98a8,CUST00005272,0f344fe1-c3c5-4bb5-a355-ce1655a47eab,BUSINESS,16607.47,1553.0588911396442,0.045,2024-11-06,120,ACTIVE,2034-09-15
d516f81c-43d8-415f-8394-c4d84a240d4b,CUST00007332,a33b3dfd-9048-45c6-b820-5aa7996f7e88,AUTO,131882.86,70475.53837374093,0.024,2023-03-25,24,DELINQUENT,2025-03-14
ac672695-a54b-406c-b1a3-3f6de3dbe202,CUST00009594,1901ef87-0dbf-4caf-988a-3f87f96d40f8,PERSONAL,101953.6,50795.70392581068,0.1803,2026-05-02,48,PAID_OFF,2030-04-11
19848c74-6b51-4da0-ac21-d6c536c7b748,CUST00009968,3d57ee27-33da-4fc1-8d47-e26d1ef7a52e,PERSONAL,87410.64,30346.745790539077,0.1234,2021-10-09,36,ACTIVE,2024-09-23
9f3204af-d414-463f-8898-010d1b9e2c84,CUST00005026,6e89a7a8-b68d-4037-98fe-3fb8a1628abf,AUTO,11053.64,1865.3438396831134,0.0236,2024-06-23,360,ACTIVE,2054-01-17
4e33db37-3142-4d81-8912-fddc0d36d15b,CUST00004051,bcc4f0db-cf13-4b3d-8ab0-5699fd888cbd,BUSINESS,4360.04,3653.511015758107,0.1986,2025-01-08,360,DEFAULTED,2054-08-04
19664504-6e7e-4978-869d-7b0161f03b99,CUST00008081,84aeffbe-ae1f-4957-9f28-e41746273272,PERSONAL,8774.62,7689.887700040394,0.1086,2023-01-26,48,DEFAULTED,2027-01-05
0cdddf92-3711-4879-a1a8-d644b002c52e,CUST00003461,f3402dd3-4515-45b9-ace9-504b03d7f962,BUSINESS,29565.44,15982.47404577843,0.1057,2025-12-14,48,ACTIVE,2029-11-23
8bd0d625-2639-4221-8312-615379927753,CUST00003836,9e1be56d-3f6c-4de5-adcf-cb58c2ca55ed,STUDENT,49945.12,12197.863593660973,0.1318,2024-06-09,24,ACTIVE,2026-05-30
a71dc051-b1c8-4969-b2da-c793663c36c1,CUST00004279,4ce794d7-e724-4119-af2f-32a720b6d43c,AUTO,847.8,81.48211369934427,0.0214,2023-11-13,48,DEFAULTED,2027-10-23
ee125271-ef2b-43e0-8e5b-f3282b7a523e,CUST00001845,70cafdd8-fc04-4f08-9207-0158f2771f63,STUDENT,21760.03,18899.547140941428,0.1224,2024-09-09,36,ACTIVE,2027-08-25
0823e20b-08ff-4421-876e-e7c026c53162,CUST00000072,97feb937-a6d9-47a1-b4ec-fe8d16d1f5ca,PERSONAL,27920.99,2681.88702313275,0.1333,2026-02-12,360,ACTIVE,2055-09-08
cadc3379-c788-4847-95d1-0dfc9834e02f,CUST00007387,fad3b44c-3b2d-4dc9-a2f3-2faea63fcf12,BUSINESS,14525.83,191.45098774211235,0.0735,2021-09-13,12,ACTIVE,2022-09-08
cd766247-e4ac-4a19-a413-93ca3c87b498,CUST00006863,ae3acdf2-eac9-41cc-9ea3-93eadb646a33,STUDENT,152803.91,71725.78516187139,0.1508,2026-06-21,48,ACTIVE,2030-05-31
11f0a923-22b2-40bd-b8b0-67436a02c1e2,CUST00007341,3db02235-261e-4555-863e-1f2a18a806ef,PERSONAL,41467.7,30324.127358132435,0.0879,2024-08-06,36,PAID_OFF,2027-07-22
68c5eddc-3253-49fa-9c42-952b923cddb6,CUST00009869,5fbbf0b1-8083-49c8-a57e-01c90da23e5c,MORTGAGE,157202.15,71925.80080835041,0.1492,2025-11-15,36,ACTIVE,2028-10-30
07fb3bdd-9559-4433-8b30-0329f55c12c6,CUST00009488,d24289ea-3959-4465-85c5-581054b728fa,STUDENT,15931.59,819.0527121606286,0.0459,2025-01-20,24,ACTIVE,2027-01-10
79cdc59e-7700-4b66-96c6-5adb028dd025,CUST00007636,885f6e66-c2b6-42c5-ba5d-310011b7e948,MORTGAGE,89878.7,62018.91967650598,0.1845,2023-11-06,48,PAID_OFF,2027-10-16
0f57bc75-07af-4918-9020-036f9adbb8f1,CUST00001044,0227b8d5-b070-4a53-90ce-857f75c72fb6,MORTGAGE,255914.73,164382.37916025487,0.1783,2024-09-21,360,ACTIVE,2054-04-17
22f5b1a9-3e4f-42ba-beb3-eae71885048a,CUST00003043,43d88870-f81d-4aa1-8812-0a8e78308930,PERSONAL,157556.62,107379.52086549367,0.0471,2026-01-01,24,ACTIVE,2027-12-22
90266418-cc45-420c-b48f-854e5562c4f4,CUST00000815,bffa7a4f-0f19-42db-b370-dc1d2f85f99d,AUTO,4280.34,904.0184718209904,0.1889,2023-03-09,12,PAID_OFF,2024-03-03
cc6c7745-06a7-4afd-8327-aec2f737e8bc,CUST00005623,7b7ce7cc-f950-47fa-a8b5-8db58c466308,BUSINESS,15055.31,11979.486216187806,0.1204,2026-04-09,12,DEFAULTED,2027-04-04
76237f14-9d86-47ff-b758-16cf761df97f,CUST00007333,00ebf725-2f1e-48dc-b4f9-02b74580a4ae,PERSONAL,13124.72,6288.948612094961,0.1463,2026-03-04,120,ACTIVE,2036-01-11
c75861c1-c0ac-43e0-b083-807316e7d97b,CUST00000310,29d0c613-b0c7-4002-9956-699065fdaadb,STUDENT,45884.46,24610.259083424633,0.1713,2023-08-20,36,PAID_OFF,2026-08-04
2bf23fc0-7393-4a80-a783-621808dc05ef,CUST00006662,9fb886b2-a662-4b92-8748-ffb3d0a96757,BUSINESS,61668.61,33660.577991664126,0.035,2024-01-31,48,ACTIVE,2028-01-10
34460c61-1bf1-47e1-97f1-33972905fe7d,CUST00004228,a34db7c5-760d-4bbb-bb70-b3a124a35cf2,AUTO,6258.28,1794.9149889939558,0.0505,2021-11-15,120,ACTIVE,2031-09-24
90fdbb3e-6173-467d-9020-91168a608ef3,CUST00001878,7a4a902f-21d6-4b0f-b1ac-040d6c1cc405,PERSONAL,24385.84,6099.73024690642,0.0723,2022-07-28,360,PAID_OFF,2052-02-21
78fd3b16-8262-4a03-be45-43f40a8fc854,CUST00002487,ee4205ee-a52f-43ec-ab4e-2281b184d1fc,AUTO,1064.34,5.0727833167184535,0.1059,2026-05-11,36,ACTIVE,2029-04-25
63cd0cb1-a7b3-46f9-9358-96aae2751ce6,CUST00006887,54ce26be-c8cc-42c2-a518-a4186f14b3f6,STUDENT,191552.56,75971.7263431876,0.0823,2023-11-23,360,PAID_OFF,2053-06-18
1eb51009-2f85-46a6-a47d-2d527ee0938e,CUST00004836,8ca33a54-59ae-4302-8ae3-297e34e24142,PERSONAL,10213.22,4954.463497626142,0.1111,2026-03-19,48,ACTIVE,2030-02-26
40fea948-d2d9-4f36-8de4-4f3a06633c73,CUST00000795,d0f7c7b0-1708-4bbd-b106-e8ce5b9a289a,STUDENT,23951.73,17791.434758924384,0.0535,2023-10-22,24,PAID_OFF,2025-10-11
b5bef85b-ec0b-4ca6-9ec1-6a3450f35bb4,CUST00006787,cb6ad0c7-a235-4dd4-9355-08d073b5bad5,BUSINESS,13842.87,922.308358847022,0.1428,2023-12-07,12,ACTIVE,2024-12-01
6852c038-be54-4df1-8782-05fdc6026414,CUST00004015,c942e6e8-2df7-41e0-b67f-3c15a95d3271,BUSINESS,122889.56,113548.65233433618,0.03,2022-03-22,120,ACTIVE,2032-01-29
7ef86974-ffb0-4027-9ca3-d15acad743d3,CUST00007393,71414f58-db8e-435b-bc83-861eddf0a0a2,AUTO,312.23,82.41575254077377,0.0851,2023-12-08,360,ACTIVE,2053-07-03
8c128604-2acc-4fee-91c9-67441c67d4d6,CUST00005354,80acefb5-79d0-4e2b-8024-9b51307c3f63,AUTO,21484.45,7878.792331025834,0.0522,2022-09-03,120,ACTIVE,2032-07-12
1182d657-f6e3-45f3-be28-cbd9cec84000,CUST00003408,e1cde87f-ec95-4f87-ae5e-c36572eb7474,BUSINESS,18793.6,908.9048334111122,0.1514,2023-01-04,12,PAID_OFF,2023-12-30
746cff4e-019c-4251-9590-65fa795581fa,CUST00000975,6cb96a2c-d68e-41f0-bb9d-58321f6d5768,MORTGAGE,11153.91,7285.024743988374,0.1791,2021-08-06,24,ACTIVE,2023-07-27
68353c7e-3eb0-49ec-8e6f-c9d441bff5b9,CUST00009240,2f2bdc13-b216-4b5a-9c60-57fee5605cfb,BUSINESS,293413.99,208007.8665841224,0.0342,2026-02-21,60,ACTIVE,2031-01-26
250b0aeb-fa76-41da-bbb6-4c040dc56a75,CUST00004238,928b1e4b-4c47-4ded-b2e0-6bb41fef9a77,PERSONAL,5819.71,5405.295535173422,0.1613,2023-01-26,60,PAID_OFF,2027-12-31
4d315b7c-c273-473b-b9bf-cccad336a508,CUST00007249,a14ed649-926e-402e-8659-8f83b50b9ff8,STUDENT,70101.14,23612.09711746132,0.1812,2024-10-17,360,ACTIVE,2054-05-13
ee409f44-c959-4659-9b59-1d884b0af1e0,CUST00004370,fe914b95-a0b6-4265-9120-6a372703c75d,BUSINESS,37585.71,9673.386444271617,0.1953,2024-10-09,60,ACTIVE,2029-09-13
5c4cbcb4-2f04-4f18-a1ba-0416e70320bd,CUST00008051,929daf9f-0149-42af-8ab1-a5041f8c56e0,BUSINESS,146133.94,106105.8815476354,0.1243,2025-03-20,48,PAID_OFF,2029-02-27
65b63378-a5df-468a-97c4-8e8e24ebe8de,CUST00000465,7ef74fdb-17fc-4335-baa0-3208e6f47dcf,STUDENT,8096.74,5722.7830254913915,0.0789,2026-04-08,120,ACTIVE,2036-02-15
2e5b80a1-57a2-4d1c-a4e1-d1d903f10ab7,CUST00005328,ad409244-cd35-46ef-9c37-07394a629c5e,STUDENT,7335.98,6874.723345931289,0.078,2022-01-04,24,ACTIVE,2023-12-25
4516bb39-9674-4e86-a94f-82d936f4dd3b,CUST00005416,25e42403-64f2-402e-894f-6ed34a2f3876,PERSONAL,114017.23,23409.860802489908,0.0882,2024-08-16,48,ACTIVE,2028-07-26
f45045ad-2454-4c98-9510-71bcc15d3abb,CUST00008116,5ed7d1a6-7673-4495-9ff0-864c02288f07,STUDENT,41688.56,29402.63381875849,0.1303,2025-12-09,48,ACTIVE,2029-11-18
aa10ce87-efbf-4921-a9f2-e2babb8999fa,CUST00000288,1d2c2721-7522-4646-b273-75bf5373bf4d,AUTO,2170.24,145.12086095942414,0.1082,2025-09-27,360,ACTIVE,2055-04-23
45876487-9555-46a4-845b-44d9bafd2834,CUST00003196,1a85fd69-344c-46cc-bf48-e5f018cc0e29,BUSINESS,9808.87,4711.868311327679,0.1377,2022-09-09,24,ACTIVE,2024-08-29
7232245c-d2c3-41c2-bded-abba4e1a7019,CUST00009068,bcf2fc3b-d958-44c2-a053-8c1ba84510a1,STUDENT,39323.36,4694.846515099265,0.0271,2025-08-03,48,ACTIVE,2029-07-13
e220134e-7976-4bb0-97b2-abd8cc3effe9,CUST00001993,e3837348-873d-48bd-922d-d7be980bc81e,PERSONAL,77392.59,50548.65966674034,0.0391,2023-08-08,360,ACTIVE,2053-03-03
05c95f58-9df5-4a21-a036-3d282e27c83f,CUST00007451,9425fc3a-6964-4112-95fc-0f2ba50939f1,STUDENT,7951.8,4782.7433956199475,0.1958,2026-02-07,120,ACTIVE,2035-12-17
6bb0c8a0-2ec0-410a-aca5-abd4354f7ca8,CUST00002926,bff9507d-cd14-403e-8359-9af65d01f55f,BUSINESS,278.28,13.589228770480881,0.1992,2022-06-19,24,ACTIVE,2024-06-08
50d8ae13-5a66-4824-a021-6b00a43ccdd5,CUST00001121,680bac63-b856-4035-bdc9-829015eabb27,MORTGAGE,48283.0,15432.10732785978,0.1544,2022-09-18,60,DEFAULTED,2027-08-23
216bb956-ec46-4708-b982-9dd41828da8f,CUST00005311,e3b2f985-2ad0-457e-b30c-19bc1073c0c3,STUDENT,3531.64,1395.1165770938708,0.0662,2023-02-08,60,ACTIVE,2028-01-13
a6cbb287-1432-4972-a8b2-9ad37867340f,CUST00000447,e2fb8d66-a892-4ad4-887f-e19cf7ba19f9,AUTO,1068.48,265.04743676921225,0.1916,2026-01-19,48,ACTIVE,2029-12-29
4cd3dfc4-d17e-4ecb-9a49-192f7732c94b,CUST00006628,06b81c8a-03f9-474d-885d-5d016a2062aa,BUSINESS,314.67,12.168302751398986,0.0585,2022-01-05,12,PAID_OFF,2022-12-31
f8736e59-062b-46f0-8ea4-17feb85f0883,CUST00002897,2df8d4a8-3fc7-4cb8-aa40-e5cc2cd51392,PERSONAL,74680.28,23809.70847133138,0.1517,2024-04-06,24,ACTIVE,2026-03-27
45358d5a-2249-4a0f-ad58-35f3f87e213c,CUST00000722,ce3714af-99b4-4350-af2b-99b4d9acd158,BUSINESS,26713.55,21173.82493615178,0.0407,2024-10-14,36,ACTIVE,2027-09-29
b129a6a4-d3c0-46c5-984e-6851f2b158c7,CUST00002164,3e0c5ec5-df74-4fb5-95e6-162f8efadaa1,MORTGAGE,15701.56,5654.2744610669915,0.1368,2023-02-03,360,PAID_OFF,2052-08-29
59cb1e01-8a40-45cd-9597-b5085bed5760,CUST00009544,88433a38-46d2-4109-895c-7ac8314aabdd,PERSONAL,176934.79,57215.3597347417,0.1567,2022-11-19,36,ACTIVE,2025-11-03
21a44c4a-097c-463b-a1dc-1d581ca88afb,CUST00003981,225f52ab-5425-44b8-a098-d2e3bd3fdb62,MORTGAGE,57296.05,53958.73487743905,0.1747,2023-01-09,48,PAID_OFF,2026-12-19
aadbb2fc-9331-453d-9b36-84b41b13a85f,CUST00004503,2bacf712-d6a9-49e8-86d8-95e5219b606d,MORTGAGE,248811.3,10358.193243289397,0.1522,2026-05-27,12,PAID_OFF,2027-05-22
ee1db5ee-f480-4b7b-91d5-d62b1c45cd81,CUST00001726,5d697934-ddeb-48a4-b75f-dd572700260b,AUTO,2726.83,2092.2644705224284,0.1862,2025-11-27,24,ACTIVE,2027-11-17
d772aea9-ec14-4855-94d9-6516897a68c9,CUST00008886,a995ecc3-6f5b-49a6-8ff1-c51f915cb31b,STUDENT,20914.0,10103.419515146315,0.1138,2022-11-23,60,ACTIVE,2027-10-28
6e0bc459-ce30-46f3-abb4-ee3817467451,CUST00003414,b6f6dbf1-d6d4-41cc-995d-82f8ee4a9b5d,AUTO,1948.72,1840.4929776359409,0.1419,2024-11-20,48,DELINQUENT,2028-10-30
fe4d58c1-6794-46cd-a17e-e03a8a5db90b,CUST00000495,7e4b4f10-745f-480e-bbe5-403bb24b007b,AUTO,15614.05,6143.671872904407,0.0865,2024-11-18,24,ACTIVE,2026-11-08
bb859153-4918-4f40-b3ff-962ec1e81da9,CUST00000948,581ab26c-e8c3-4a79-904e-54acbe216c79,AUTO,15170.02,10741.016413220506,0.0219,2022-04-30,24,ACTIVE,2024-04-19
e2888ddb-892e-4973-8d65-be9a9b4d6f3e,CUST00000023,c948384b-1174-4357-8546-74262f120b9e,PERSONAL,56382.86,3943.1558594793837,0.1562,2022-12-09,24,PAID_OFF,2024-11-28
8e562fbe-7a9d-4ea0-815b-4add69e34120,CUST00001129,4a1954ec-4a3f-4fda-baff-d9bd79e58450,STUDENT,23584.52,21904.651846631554,0.1766,2025-08-02,12,ACTIVE,2026-07-28
e88668a4-e0f9-4296-8a89-b4606d8ec757,CUST00000558,917bc866-6874-4b44-863e-23bf5c0c309c,STUDENT,56112.32,19333.088373056,0.0513,2025-04-24,24,ACTIVE,2027-04-14
6bda623f-aca9-44d8-8381-863cfb0cd85d,CUST00009809,02d3fb7e-84be-4e1c-9e5f-feaa0eb54078,PERSONAL,63269.6,33153.55990804149,0.0252,2021-07-30,12,PAID_OFF,2022-07-25
611e5684-76af-43c0-b6c1-c052207ca173,CUST00003731,28e333b6-4e8a-4c4b-b724-20411e43fbd2,AUTO,558155.58,77294.28265842698,0.0496,2024-07-18,12,ACTIVE,2025-07-13
0279d6d8-e869-48cd-8f0c-b156ffc6ce15,CUST00005342,d7be7b4f-b967-4dc6-96fd-d1a5f17312f4,AUTO,13726.11,12978.83135173486,0.1812,2023-09-27,120,PAID_OFF,2033-08-05
4fdcb645-44ec-49bb-8688-6817800d198e,CUST00006999,5422ea97-e32a-4787-9824-6315ad49e072,MORTGAGE,5369.37,3613.4270977490523,0.0732,2023-04-19,24,ACTIVE,2025-04-08
82dc286e-060c-4ba5-8241-e3eb74c8a3a4,CUST00007183,f9c3ee05-0012-4399-a7af-55453d3fec1b,MORTGAGE,31860.6,1718.7989804846372,0.0621,2026-01-06,120,PAID_OFF,2035-11-15
d2242ae5-7035-4ec5-bb10-8cbabfcbaa55,CUST00007035,816ce054-282c-4470-af32-f72aa4b5c723,BUSINESS,6611.59,1026.1635891539584,0.0226,2021-12-30,60,ACTIVE,2026-12-04
16ac92bb-f9f6-449c-8eb7-ae33a848096e,CUST00001657,29fb832c-cbe6-4571-b622-e18ee83bcc84,MORTGAGE,203402.32,81327.16273538949,0.0735,2024-11-18,120,ACTIVE,2034-09-27
926730dc-1c0a-4411-9086-af36fa0a5de5,CUST00004174,29a3b2e9-5d65-4441-9588-42dea2bc372f,STUDENT,14402.73,3122.0943631973223,0.1488,2024-02-12,120,ACTIVE,2033-12-21
9ea56510-4aa4-4837-bd9e-3bb20853d212,CUST00005442,a38bbaa4-4fe8-48d8-822c-a6a893daf60d,PERSONAL,9429.85,2872.57342670357,0.1926,2024-10-30,360,ACTIVE,2054-05-26
15f3f9e1-2170-4f53-9137-8b3ed8abc155,CUST00008999,f4188f3f-8a14-4e62-a95b-4715c333e861,AUTO,10862.01,10834.758964348639,0.0763,2026-06-11,360,PAID_OFF,2056-01-05
0ce3dcce-0b2a-4994-8cff-a0376feb3d46,CUST00003313,506e5a9a-b758-488d-ab73-295b344a54b8,BUSINESS,64707.1,42619.24711134199,0.0633,2023-08-16,360,ACTIVE,2053-03-11
b9e1aa73-bcaa-4722-923f-720a675684ce,CUST00008646,84a91789-b2c0-47e8-9ed0-72e9f9fc6034,MORTGAGE,17385.29,16033.020459341418,0.1799,2022-11-29,24,PAID_OFF,2024-11-18
d2e9c930-eeec-475d-8772-36d0c39b7cb2,CUST00002325,a84554c3-a3f6-4c61-afb7-0dab2f383b43,BUSINESS,8412.72,3666.249704104511,0.1735,2024-08-09,60,ACTIVE,2029-07-14
f977de8f-f140-413b-a4cb-bdb8c4beb48f,CUST00009640,dcd1c413-0760-401f-9c81-fc465bcd236c,PERSONAL,267808.61,190219.71131704352,0.0791,2024-06-03,48,PAID_OFF,2028-05-13
f6423513-9ba1-43ac-a49e-2575339c0ee9,CUST00005596,06905ba5-17e0-4df5-97df-85b33429c8cf,PERSONAL,6098.18,2803.2741458521273,0.0324,2022-01-21,36,ACTIVE,2025-01-05
d5672f5d-20bb-45b0-a015-7233baf90557,CUST00005985,d91b1cb6-35ea-4d3e-b77d-ff3ad3f04058,BUSINESS,23233.47,7625.795069685918,0.1986,2024-01-07,48,ACTIVE,2027-12-17
faca2c41-5377-4d9d-8911-7c2732878723,CUST00002512,e1d5c0dc-3ea5-45a9-81ae-c50599a04abb,BUSINESS,58598.2,30422.611873298196,0.1425,2022-07-03,12,ACTIVE,2023-06-28
44de3376-8a53-4a16-8752-7e223aff81d1,CUST00000363,bdd4c1f2-71b8-4ce0-a347-2e25ba5498fd,BUSINESS,1906.45,814.647135615754,0.1868,2024-03-28,48,DEFAULTED,2028-03-07
72f4c4b3-453a-4e55-afe2-43b3828648b4,CUST00003455,317046b9-3080-4a5d-a2a5-0eec881af04f,AUTO,45269.59,44388.67314410904,0.0815,2025-01-28,36,ACTIVE,2028-01-13
811143a5-0a00-4b04-b359-77e1f1cdf51a,CUST00002799,0f0e5767-606f-4a15-b76c-432eb4428cde,STUDENT,4524.84,2245.0735969793795,0.1366,2026-01-11,36,ACTIVE,2028-12-26
92f72f86-3958-489b-9e05-4c8a28605c20,CUST00004621,3737cc38-166c-4d33-8f9f-dc15dfd23d15,MORTGAGE,75672.81,61379.2099943553,0.1414,2023-11-18,60,ACTIVE,2028-10-22
518d38f8-6904-4328-871c-db5df728a97a,CUST00003256,62c965b2-7eb0-462a-bd45-74ebf4655a21,MORTGAGE,5197.97,3466.1075916177715,0.1771,2023-02-21,360,ACTIVE,2052-09-16
25e591c8-2fff-4405-ae83-766e4639e799,CUST00001218,0a368ce7-dc57-4131-b8e1-daa7cbceabde,MORTGAGE,62264.93,29863.95635143621,0.1988,2025-09-11,48,PAID_OFF,2029-08-21
2b0d5b1c-027d-4e84-9b0e-09ffb6e3f5d3,CUST00001486,32fd73c5-0894-4176-be99-df69bcd49975,BUSINESS,115699.27,54858.81725480219,0.0396,2022-03-19,12,ACTIVE,2023-03-14
33057245-2a9f-4994-bf74-7a8a10e00199,CUST00005350,340155bd-b6ac-4c8e-b977-c7b41e56d346,BUSINESS,80190.06,27416.189000611823,0.1336,2025-09-26,120,ACTIVE,2035-08-05
afb29df9-7ddd-43dc-ba13-06b5be54b9d8,CUST00007196,f7d7465d-37c3-43c9-a5d0-b51788d00abd,BUSINESS,32111.68,3435.3655725021436,0.0806,2026-06-29,120,DELINQUENT,2036-05-07
ddc096d2-25fc-450a-be17-56edf0553964,CUST00007751,3922a7e4-2de9-42f8-8d7b-ec04e6e59b32,AUTO,15569.18,11855.453046704293,0.1661,2024-12-18,12,DELINQUENT,2025-12-13
542fbdd4-e714-41a3-9bf9-bfad03b93598,CUST00006080,5c0b9b10-a757-4b10-82f5-25b902ed73ce,AUTO,9277.72,8517.826424772504,0.1557,2024-08-29,60,ACTIVE,2029-08-03
c2e8a700-3548-4cd7-a0ef-27f80061a789,CUST00009400,c63d04ee-541c-4a86-bba5-cd2fdea45c19,AUTO,200095.9,43611.872802585436,0.1807,2024-02-01,120,PAID_OFF,2033-12-10
05476e17-0f9b-4aca-8081-a70437c200e3,CUST00009641,3270e4fa-abae-4f43-bcae-8081bdf070aa,AUTO,7713.73,7140.395400326467,0.0819,2025-08-31,60,ACTIVE,2030-08-05
607cbd33-84dc-4f4d-8c6d-5cde04a7083d,CUST00008036,8cd74c27-929a-4586-8a37-6c367d94bf10,PERSONAL,4648.97,1079.9753406263935,0.0532,2023-06-21,120,ACTIVE,2033-04-29
be6826d2-4aac-4fb6-8b14-5c963fa8a0e3,CUST00001508,3c088990-54a2-4051-bb0c-cad9eee13cae,AUTO,59757.7,31676.30795261584,0.0239,2021-12-03,120,ACTIVE,2031-10-12
74147301-673f-41eb-be7a-f953b6dd7eec,CUST00001004,eec259dc-7f95-497c-a76a-a6ced50755d9,AUTO,6672.8,2292.9208557571656,0.066,2026-01-19,48,ACTIVE,2029-12-29
9cb84018-1c79-4fe1-97ff-96423d40f9b0,CUST00006404,4f11d8dc-5cd3-4369-84aa-c1b75ca0c428,AUTO,5297.05,606.5587644165274,0.0861,2025-06-10,60,DELINQUENT,2030-05-15
85664da4-8422-4dc7-80dc-1d6c013c7d7c,CUST00000926,21a496a8-638b-4370-935d-1936d7d2f88f,MORTGAGE,2526.51,133.4966827089399,0.1903,2021-09-04,36,ACTIVE,2024-08-19
9170d854-c734-417f-84a3-60a6925d5ff4,CUST00008276,0dd4c0e6-0b09-4fcc-ac34-4cf0ab8e77a1,MORTGAGE,10674.74,3899.97924054127,0.1084,2022-07-16,12,ACTIVE,2023-07-11
408b1ac0-1f0e-43aa-9709-0396ffd04fa6,CUST00006584,b43bd27f-42a2-49a6-8664-12854303cbc1,MORTGAGE,19456.32,921.1373787105595,0.1202,2023-06-17,120,PAID_OFF,2033-04-25
00adad8f-cc5e-479b-a7fc-50e01e7e0e2d,CUST00003928,e39eb7c2-6ac9-4528-a5f7-01fee493998a,STUDENT,31717.94,3305.213533439315,0.1784,2024-08-16,360,ACTIVE,2054-03-12
db1a8e44-f477-4614-9463-9e5705ecad50,CUST00009735,f6558f35-244f-45c6-b489-0e8ce65dd443,PERSONAL,91762.53,13057.58584337739,0.1793,2022-06-13,36,ACTIVE,2025-05-28
9155ed93-626d-4bf1-97a3-f0bed9b37816,CUST00000986,6c5ccba7-b55d-4fc1-a22c-c212b69d2f48,BUSINESS,48549.87,93.00728594860085,0.115,2024-06-06,24,ACTIVE,2026-05-27
26fb0b0c-a0b5-46c3-bdcb-3eb2c0c28c41,CUST00004232,a879d8f8-9042-4eb7-8b04-0f53e63949d4,AUTO,16542.56,2535.183975726588,0.0405,2026-06-29,36,PAID_OFF,2029-06-13
af7da5d4-238c-429d-bc2f-5047d205bba8,CUST00005303,47d6723c-d77f-4eeb-94fc-3a5d9b4bf377,MORTGAGE,16361.83,9445.335630975302,0.0687,2021-09-19,360,PAID_OFF,2051-04-15
74ed53ce-ef0e-4fd3-b398-39aa7e95b992,CUST00005292,d147a0bf-2d7f-4e23-a29f-f19c29b50942,PERSONAL,47345.93,38801.084372135665,0.1022,2026-04-30,12,ACTIVE,2027-04-25
ac5a61d3-94fc-4275-94e8-45bcbdfe7f18,CUST00000909,f9012b9c-6057-453a-8067-f79084440504,AUTO,148576.5,28739.146363993088,0.1552,2022-10-01,24,ACTIVE,2024-09-20
93c16428-c5f9-4dca-b1f0-2b90882cbb08,CUST00005052,95ca788d-d6bc-4712-aecc-a931ef705d01,STUDENT,26621.42,2152.943553517921,0.1481,2023-06-15,48,ACTIVE,2027-05-25
b7636ce8-bd71-47cf-b5b7-7e0cba0ca93f,CUST00002587,13f39289-4dcc-405d-959e-f0fd1204f4d6,BUSINESS,10897.66,7949.997699726667,0.1357,2023-06-14,360,ACTIVE,2053-01-07
0247b04d-6361-4032-8b73-633f9e269012,CUST00009336,69b6f3b7-fe5b-4fc9-80b4-f6d67ef6775b,AUTO,4967.64,40.54941194332465,0.1784,2024-06-16,24,ACTIVE,2026-06-06
563b0ab8-bba9-427b-8b8f-63c28ab1e605,CUST00001332,ba85e403-6c80-444b-a5d1-36e2f8698e93,BUSINESS,2520.45,1850.418870077597,0.1645,2026-03-24,60,ACTIVE,2031-02-26
d7b798ec-fd2e-43ed-8b17-74d44cda028a,CUST00006852,8f97b21d-028a-4f1c-92b1-2838639e8bbc,AUTO,59838.5,7845.858718420376,0.1968,2023-08-29,12,ACTIVE,2024-08-23
dac5169d-f15b-454e-950b-1760f371c77e,CUST00009746,3dba6da8-5844-49fc-914b-9547c9dc72b8,STUDENT,52416.03,11965.796664602516,0.18,2022-05-29,60,ACTIVE,2027-05-03
6cddab56-8c30-4073-a8e4-c8deddd98c67,CUST00001807,d5f25073-f414-42b1-a442-9ebbda7b9095,PERSONAL,52367.7,6287.785072411064,0.0552,2022-05-19,36,ACTIVE,2025-05-03
63754082-420d-4799-bffe-5b8b7ae32c9a,CUST00000806,b9add00a-ec64-4a9b-bcf1-c29e09b4413c,BUSINESS,18160.62,4491.8142817106955,0.0304,2023-04-11,48,ACTIVE,2027-03-21
05e71b68-0cf8-42b3-8a66-c2113eb4a3ee,CUST00004148,1d91fe39-d801-4004-b93b-ed1b14f9c394,BUSINESS,181752.68,145070.6159269463,0.0946,2022-09-13,12,ACTIVE,2023-09-08
d7561954-d0e1-4881-98c2-fc34ebde34e7,CUST00000072,0d18ab95-668c-4477-8b95-017c5dae1201,PERSONAL,10655.4,1412.310457749732,0.1312,2023-06-18,48,ACTIVE,2027-05-28
46ff19b3-83da-40ff-96e8-9593f8f1e1f4,CUST00000028,be69ad39-0e37-4b07-8c53-5c3e52bb530d,BUSINESS,92309.64,91771.07161738849,0.1358,2024-05-20,120,ACTIVE,2034-03-29
6f3f753b-3fc1-4984-b818-1f7aaf2e1558,CUST00008661,c4605896-ef87-4f0d-8802-2f8e38de6b6e,MORTGAGE,20782.9,6798.0403708628,0.0682,2022-01-02,12,ACTIVE,2022-12-28
b9175922-18c6-44ff-a3eb-ebd71e65ca50,CUST00003984,f99cea5c-b65a-40f1-8350-ab061059ea28,PERSONAL,8843.82,8153.720147733068,0.1748,2021-11-13,360,ACTIVE,2051-06-09
72176085-f3fd-4abb-be8b-a891d5c4b30a,CUST00008956,9df79a27-ddfc-4a92-b074-feb3fc5217cc,STUDENT,53572.73,10180.590877098184,0.0793,2025-08-28,60,PAID_OFF,2030-08-02
85fcfa18-189b-47a3-adf8-3de2151d892c,CUST00007056,dd23ff41-dae1-4586-a358-755cbc5c3cd8,AUTO,40719.17,7651.031057194485,0.1854,2025-06-15,36,ACTIVE,2028-05-30
17abe966-517e-47c8-95cd-3d70e1e3afdf,CUST00006691,6b52f93c-2321-464e-a20d-4a1f479f6628,AUTO,37626.32,21271.501317597267,0.1049,2022-07-02,24,ACTIVE,2024-06-21
a550a4d1-8e27-4044-9aa8-33b4a982d88e,CUST00009617,9360715f-c3fe-4183-a172-b725db52ca58,PERSONAL,24882.44,1259.0535766355542,0.0219,2024-12-04,48,DELINQUENT,2028-11-13
5468edcc-4256-4c8d-b1bd-d56a5e8fb079,CUST00003833,27cb6f2a-8da0-4097-be0f-051b1b66b5a9,MORTGAGE,20809.41,16668.397708087083,0.0492,2025-09-20,12,ACTIVE,2026-09-15
92c5d3d7-c25c-4ea8-a43a-c2d48051d262,CUST00009868,4648bbe8-f84c-47a9-b6cf-d2d52cd6e8df,STUDENT,792191.15,348259.31098426384,0.0384,2025-07-04,12,ACTIVE,2026-06-29
266bb932-4f1d-423b-8e0b-08abf67d8488,CUST00000560,43d88870-f81d-4aa1-8812-0a8e78308930,AUTO,130142.46,90995.14906546494,0.0279,2025-06-17,120,DEFAULTED,2035-04-26
a2cbc85c-3069-4e7c-84a6-dca6f908017b,CUST00007958,046a0df5-cafd-4613-b2bb-912d7da67785,AUTO,65136.5,11374.930523018465,0.1485,2023-01-26,48,ACTIVE,2027-01-05
aa2bcaa7-d90d-448d-8e0f-3a5342809061,CUST00003832,5b59f28e-a9de-4b26-88ff-eab0075072d6,MORTGAGE,26048.06,16732.162814719733,0.0546,2022-12-11,24,ACTIVE,2024-11-30
341583df-5cee-4d7b-9183-8d860314f10f,CUST00007345,93e0f235-4e80-410b-bd0e-e0b640f7924b,BUSINESS,99781.27,59277.12436094302,0.171,2024-09-11,36,ACTIVE,2027-08-27
471994c9-3d3a-49ab-833c-518f52eddbdb,CUST00005172,ca9128fb-c094-4932-92cb-8f692182b518,PERSONAL,47905.81,36200.56435874315,0.0676,2022-04-14,12,ACTIVE,2023-04-09
724c5cd0-07ac-4372-a93e-e2d569b20a83,CUST00000079,b0d515ab-c891-455d-94c1-76b90ac013d5,MORTGAGE,22909.5,6813.314913987411,0.0258,2021-07-21,12,ACTIVE,2022-07-16
93231668-f185-4a7c-a004-0d0d5257c31b,CUST00004930,768b4f7e-6421-4e66-9fc6-4cd0721e8b1f,MORTGAGE,13969.81,13036.145780892739,0.1677,2023-08-31,48,ACTIVE,2027-08-10
488bd31f-4019-475a-98e4-18359b7215f8,CUST00003648,1986b4b2-70b7-4868-9854-80f0dfcaf0b7,MORTGAGE,19508.86,18753.88798069162,0.1039,2022-06-06,48,ACTIVE,2026-05-16
45f97eab-b43c-4be2-a3fc-722194fe41ec,CUST00001032,59fcfaeb-7229-44a9-af7c-e6091a99aae0,MORTGAGE,189.49,164.5007430903345,0.1279,2025-04-07,12,ACTIVE,2026-04-02
710dcbb7-6e93-4789-a788-32d0dcfca748,CUST00007382,b0e6a969-e213-42b0-b1ee-dba313432e61,BUSINESS,30209.18,17280.671008021716,0.0805,2022-11-22,12,ACTIVE,2023-11-17
18721154-0dbd-484d-b753-3ff525f50323,CUST00002073,95dfe6cb-c75a-4c94-ae05-7f791cf8d03f,STUDENT,10585.98,4449.163227455643,0.0283,2022-07-01,120,ACTIVE,2032-05-09
4459e2fd-2350-4275-8cef-f4f40efdcce7,CUST00006912,5cce5ba9-31d4-4e09-8fd3-3afc91fdfa4f,MORTGAGE,240146.64,13926.684465048264,0.0866,2025-07-28,12,DEFAULTED,2026-07-23
041aabfd-b894-4e59-a4da-b893e19896da,CUST00006089,7f6bd3c6-1b34-4937-88e6-09391d2fed2a,MORTGAGE,22674.95,21478.343036737868,0.1133,2024-11-30,60,PAID_OFF,2029-11-04
c51e21bd-b4d2-4229-a3a7-cc57cf63961d,CUST00001485,9794b389-37c2-4f27-9267-e7e628f5f5c2,PERSONAL,3701.73,3523.2375534085554,0.0221,2024-03-27,12,PAID_OFF,2025-03-22
b04fd83c-1773-4d21-a906-222b8a00cf6f,CUST00005839,8c8181b4-fe8b-4ccb-bd75-a5f3eeafca83,AUTO,20438.58,381.9654821786669,0.1234,2022-09-10,36,ACTIVE,2025-08-25
23451386-ebaf-4098-a6f7-12cc81ca7732,CUST00001551,1f5df912-54e0-4431-8f13-3b65d450afa2,BUSINESS,4586.25,1636.7755107810026,0.1807,2022-09-25,36,ACTIVE,2025-09-09
725d71f1-836a-4e1d-b8f5-3fd1a711fd90,CUST00005498,351d1137-d518-4b72-b0ac-cfda7f055b10,MORTGAGE,44806.62,39431.455138728,0.0592,2022-08-02,360,ACTIVE,2052-02-26
49fafbef-c45d-4840-ac25-30fa98b1d51e,CUST00004683,4aaa7f99-4a34-441e-8c78-947b5b21c9f0,STUDENT,34078.47,2755.313582379641,0.1868,2023-05-25,120,ACTIVE,2033-04-02
f60249b5-2637-4ce4-8049-f6b8f7d86a56,CUST00001830,f2dcb12b-0f7a-4302-ac2e-28150a3217d2,STUDENT,92666.24,18215.06704015849,0.0376,2026-03-28,24,ACTIVE,2028-03-17
089f4c42-2407-4ed2-a41d-f3f9e403cbbb,CUST00003752,f104ad27-ee75-434e-b067-dba16d8bebc3,STUDENT,6725.61,6582.201948775008,0.1686,2025-03-25,48,DEFAULTED,2029-03-04
e322544a-8034-4d4d-98be-184d87e7a66e,CUST00006082,1d91fe39-d801-4004-b93b-ed1b14f9c394,PERSONAL,23179.24,19639.51072545247,0.1713,2023-06-13,24,PAID_OFF,2025-06-02
b056fa5a-4317-4be4-bf33-922b11ed5768,CUST00006602,03ba33a0-fd42-469c-8727-59406bf36656,STUDENT,2842.58,2592.613447012625,0.0664,2026-01-20,12,ACTIVE,2027-01-15
77b299e6-22cd-4c19-a7a3-3be5532394aa,CUST00004460,ea74bb18-de3b-496f-ac45-96f6c012a0ff,PERSONAL,63085.24,8967.845617931162,0.1924,2022-10-24,48,PAID_OFF,2026-10-03
5bc76084-e9a9-4188-8a27-b91a3a36fc4e,CUST00003857,6088825e-e382-4da1-acce-4c234e55f3fe,BUSINESS,47968.83,10136.579311967562,0.095,2021-09-23,12,ACTIVE,2022-09-18
695db06d-3151-4b94-b88f-7584a31dcd15,CUST00006183,9c595e03-4d2d-4557-8e06-a41671219097,STUDENT,46337.53,28053.5091398967,0.0454,2023-09-19,48,ACTIVE,2027-08-29
ee38a9e9-f377-471a-a8e6-a63b4fc34028,CUST00006084,5f18e583-f0b6-483f-a377-f6f1d289f0ab,AUTO,22080.02,11078.389954504019,0.1265,2025-08-01,120,ACTIVE,2035-06-10
7455c604-fee9-41f4-982d-45dc38e6a21b,CUST00007971,6fcc57dd-168f-4e12-9ca2-60c9eb7607c9,MORTGAGE,41034.13,12248.826933148373,0.1994,2025-08-08,360,ACTIVE,2055-03-04
1652142c-4b6e-49d5-8227-e56b04741ebc,CUST00002095,1b1f2eb1-6e32-45a8-8bd5-cc86f73936e9,BUSINESS,244387.09,216000.62520005342,0.1819,2022-06-03,60,PAID_OFF,2027-05-08
fe13d91c-183e-4726-9ea8-428428d30ca3,CUST00006239,2067902b-f099-42b6-b10c-cf77ba4d6c8e,AUTO,14362.25,12945.968643475784,0.0701,2022-10-15,360,ACTIVE,2052-05-10
23b590e1-f34e-4435-8f5d-0e9fc586e43c,CUST00003033,22212e52-d6e3-4103-9df7-0cc1133b385e,BUSINESS,27118.4,7910.00366075986,0.1239,2024-05-08,60,ACTIVE,2029-04-12
1b705635-54fe-48cf-b383-1f178d399ec4,CUST00001549,2cd58759-e95d-4761-bc36-dc59e134edfc,STUDENT,4319.14,672.7196196562709,0.0408,2023-06-18,60,ACTIVE,2028-05-22
6b2e258e-afc6-4d34-9dbe-fabd8c881f36,CUST00008560,a33b3dfd-9048-45c6-b820-5aa7996f7e88,BUSINESS,5988.57,892.8503982524762,0.1031,2024-08-23,360,ACTIVE,2054-03-19
2d3b840d-a0db-41ff-91c7-0935f03256d8,CUST00000065,8ee9581a-e061-465f-a859-6f8cd73418fe,BUSINESS,25507.3,12356.378786420806,0.1142,2022-03-17,120,DELINQUENT,2032-01-24
53ce202b-f97c-4b6a-a1ad-0addc94b12db,CUST00003300,7606fa34-51d6-4f11-a569-3e130efa8993,BUSINESS,115370.08,15334.81744793372,0.0768,2023-03-11,360,DELINQUENT,2052-10-04
496ff6e3-0495-461f-9080-810858904829,CUST00004850,6a36af18-06d3-4b93-ae33-688d597e6845,PERSONAL,14996.6,7098.493974673256,0.1072,2021-08-24,24,DELINQUENT,2023-08-14
65c7fb93-e46a-4676-9dc4-5dd4aa620cd9,CUST00005640,b0d18df1-484f-4db9-b50b-9f519f310fff,AUTO,15461.76,7142.313770381629,0.1856,2022-11-20,48,ACTIVE,2026-10-30
0f92b3fb-081d-45b6-a224-81801d4ac6f9,CUST00002036,f692641a-9aad-40ce-8ab2-4f241744ee3f,STUDENT,11964.18,10577.653730630858,0.11,2023-03-30,24,ACTIVE,2025-03-19
381487da-2c42-47f3-9a03-718276f3304d,CUST00005675,c8f3332a-4741-4ca4-a3d9-9d90c964f746,MORTGAGE,9876.02,2925.3802276739616,0.1696,2025-09-15,48,DELINQUENT,2029-08-25
688cce17-6d2d-4c6c-83b6-6a270e2d79ba,CUST00002229,294d43ed-2da1-4fda-be65-6dcc6abdb05a,STUDENT,34284.79,19221.8518074896,0.0771,2024-06-06,12,DELINQUENT,2025-06-01
20b6a33c-15d3-44dc-8dc4-aa1006062b52,CUST00005621,02e7df89-b395-4a98-a320-4ff5b538f96c,STUDENT,2331.14,1733.2022736272284,0.1949,2023-04-12,60,ACTIVE,2028-03-16
24b0e62f-85ba-4504-be07-90f18fc23d26,CUST00000597,82010c62-f5f5-4b22-8e8f-a8e0284d82e5,PERSONAL,150453.5,89657.4666170411,0.0368,2026-05-31,60,PAID_OFF,2031-05-05
16f89d97-0795-4c4a-962f-bcea7551eb4f,CUST00003607,be006ccb-f872-4487-a507-c321f0b6844f,PERSONAL,8118.22,7745.332660474648,0.1254,2025-10-21,48,ACTIVE,2029-09-30
e849c066-bee2-4b33-a104-bf7ab9312771,CUST00003890,bdb025ff-2451-45a4-91d0-59b26699cd99,BUSINESS,65046.34,39175.94577093141,0.1622,2024-09-16,24,DEFAULTED,2026-09-06
e771c17c-fbcd-4fde-b354-38032cfffc6b,CUST00003507,850a48d4-46b5-48de-9b4b-b8eb537d0bd1,STUDENT,3278.04,2956.3402955121655,0.1665,2026-03-22,24,ACTIVE,2028-03-11
fd7e1648-bc29-4d8d-915b-3aca208d0d01,CUST00001396,d7825ea3-bbff-46e9-93e7-e89335fab528,AUTO,60069.66,14720.453983299994,0.0557,2025-07-30,36,PAID_OFF,2028-07-14
1192a38f-6d5e-420f-a08c-afbfecdbe3c7,CUST00009779,f481b9cb-93ab-4d5e-adfc-1dc4f8c43f7a,PERSONAL,60350.04,33841.452267349894,0.0923,2026-06-27,60,ACTIVE,2031-06-01
0784781d-2006-4fdb-96ee-251359d12415,CUST00007530,17cb67b8-6d0f-44e6-a174-a7856f2190cb,PERSONAL,39194.95,21294.84862648369,0.1324,2024-08-02,60,ACTIVE,2029-07-07
f24e1445-43b5-4ebb-a789-ff69a7a52a11,CUST00008304,07480379-3ea7-4419-a510-af65b0167db8,AUTO,4956.01,4903.734552375356,0.0769,2025-12-09,24,ACTIVE,2027-11-29
02f38593-5fcf-460e-b71f-e000884831ce,CUST00000453,e182701b-2e3b-4b69-8c2d-0e27c370f2e2,PERSONAL,32026.61,6549.643941771503,0.1385,2026-02-23,60,ACTIVE,2031-01-28
6f6afbe1-6dec-4f06-bc45-0b7c7f6d19a8,CUST00007337,bd5a6112-d1b2-4e3c-aede-2487373058be,AUTO,3734.67,526.5638150754651,0.0882,2025-10-05,24,ACTIVE,2027-09-25
f4aa15ac-3971-43ef-9339-e78dc05db901,CUST00002632,8f040721-e5a5-429e-8b8c-1d76303c1503,MORTGAGE,15075.94,9221.53154203156,0.0832,2025-11-14,36,ACTIVE,2028-10-29
bb02e930-e426-4ae1-859b-7de8d09d1263,CUST00002187,f204be89-4a4b-4563-8cf4-77ef18c8a616,AUTO,103168.58,23078.000784725442,0.0395,2022-10-14,48,ACTIVE,2026-09-23
4230411e-c100-4cbc-b93a-d0a8e9d79f8f,CUST00005968,8d9957fa-76fe-4cd6-917e-7f4a0f8593c3,MORTGAGE,72769.55,46511.046883066054,0.0271,2023-09-04,48,ACTIVE,2027-08-14
0bc6e292-b9b4-46d3-a1bf-fb714fe2f053,CUST00006375,77ff3c31-c1f3-4837-8d78-3178c935a278,BUSINESS,22533.86,21913.932972227165,0.1703,2026-01-24,36,ACTIVE,2029-01-08
a7b414b4-4e32-4993-a014-ec53f87c318a,CUST00005359,e53e5f4c-6c7e-4a2c-867f-358ba48aa108,BUSINESS,5104.05,4831.013925808394,0.1081,2025-11-29,60,ACTIVE,2030-11-03
fa7cf893-24f2-45fc-a4d2-48572d7e085d,CUST00004349,6dda4f8d-cea6-4f4c-b9e5-8ff092f837d4,PERSONAL,58010.63,13406.43205450385,0.1213,2023-08-26,360,ACTIVE,2053-03-21
3800da79-fcd1-43b7-ab41-168370972046,CUST00001460,3bbdf80c-cef6-4a14-afdc-c21bdb2c0eb7,AUTO,22676.21,3875.2814802918138,0.087,2023-03-05,12,ACTIVE,2024-02-28
620072e0-4cc2-4118-a24e-ae81da2534f2,CUST00001943,86e5edf4-6bfd-4189-b705-10f894ba0d7c,PERSONAL,678.26,380.32702891086825,0.0446,2023-02-26,60,DELINQUENT,2028-01-31
1b69000c-0670-40e0-b765-8613d34172ff,CUST00005423,f387e1bd-2d59-42c6-934a-5a2fa7cf705c,AUTO,71249.62,41807.658810529916,0.1009,2022-01-08,24,PAID_OFF,2023-12-29
3c91accc-5538-4109-968e-8bf69f3df699,CUST00005197,dd3ee854-5340-44b0-aa4f-4a80dc412176,PERSONAL,21240.2,14066.323966139289,0.0612,2025-11-07,120,PAID_OFF,2035-09-16
b81c14e5-7fcc-4b99-9dae-f60b01c08038,CUST00000062,737cf8b5-6356-4add-a85a-9f2b4236c0bf,BUSINESS,133743.21,99169.37662734817,0.1708,2023-07-26,12,ACTIVE,2024-07-20
fba837a7-a03c-4494-8c6d-bed4be576fe1,CUST00001495,f1da833d-1550-4390-b4c0-db3e666a4a82,BUSINESS,4260.3,2560.2584306559397,0.1976,2021-10-06,36,ACTIVE,2024-09-20
4f22fd57-bb5d-43c5-b6cb-407134781d96,CUST00001181,2d5f60d9-19bb-4bf0-9b63-9a38049ffb5f,PERSONAL,187.72,20.9782738582551,0.18,2023-10-31,48,DELINQUENT,2027-10-10
426cd241-261e-4c4d-9868-7bc07de7ca5a,CUST00006269,eb821435-382a-4bde-bef5-50110acd1ac7,AUTO,33477.4,26452.434443941635,0.1151,2025-07-22,48,ACTIVE,2029-07-01
f60ad0a3-8eee-4e95-9987-67113c20fe71,CUST00002789,439db29d-4bc8-4c16-ba2f-bd74fd1935cc,STUDENT,34109.99,2712.3303689631466,0.1331,2024-02-27,360,PAID_OFF,2053-09-22
ffc9cf29-7dbd-40f0-9544-59026bfebd17,CUST00004637,a7939a2e-34f4-4404-8ff5-070182226c16,AUTO,1744.1,34.869244031404705,0.1907,2021-07-25,60,ACTIVE,2026-06-29
29c649ec-2b48-4034-88e5-e76e68eac538,CUST00004722,9f6facc1-451d-48fe-8532-fc74a9987bdf,PERSONAL,5075.86,3906.677253854359,0.117,2025-05-09,48,ACTIVE,2029-04-18
19ffa018-c1c1-4a4f-915e-a371f0b10781,CUST00005711,695e5ea9-c923-4c64-8006-2b5bf67839b2,AUTO,1373436.59,753134.1511181173,0.1349,2025-07-14,60,ACTIVE,2030-06-18
d37805ee-204f-4be4-adec-6f15bfdc2b0d,CUST00007703,ef8c485b-c07a-40f2-add4-253b50f0fd0a,MORTGAGE,13926.99,9729.275700740323,0.1333,2023-03-30,360,DEFAULTED,2052-10-23
2eeaf8b3-f3e5-418a-ab0d-bf1175770452,CUST00000106,85924e5f-1f53-4b6e-ab11-77367260282f,AUTO,65935.91,25236.793121693052,0.1475,2022-03-23,360,ACTIVE,2051-10-17
00f899de-fca3-49e8-b3fb-f31264ecfbeb,CUST00009347,2c2ac34b-9e0b-4b01-b536-59efd873dad9,BUSINESS,8300.0,92.06769625328764,0.1353,2024-02-01,24,ACTIVE,2026-01-21
6b161276-d8e8-4a7d-a459-1a9b82673f9a,CUST00004088,11654cb3-d4e9-4a65-822b-7e76ac3cbe34,BUSINESS,957.71,317.0167100162743,0.1407,2023-10-26,24,PAID_OFF,2025-10-15
ef58b690-632e-47ff-8f2a-5746b41ea125,CUST00009901,7942000a-cf24-4413-95b6-54383ecd0888,MORTGAGE,17062.06,10376.039832248636,0.1507,2026-03-20,36,ACTIVE,2029-03-04
c87df059-b2e3-464b-ae8f-d6ca59e0890f,CUST00003926,7249f62c-0898-4462-980c-b95c19d45deb,AUTO,14788.32,3337.769231094533,0.1656,2026-06-22,120,ACTIVE,2036-04-30
db1df2c3-2713-4873-b3e4-613a6672cf51,CUST00001909,fc267da6-4a64-4fc1-a843-a5c38dcd6e9b,STUDENT,12090.59,8315.960198178984,0.0925,2025-03-29,24,ACTIVE,2027-03-19
139b4c16-fbca-4bdc-86ab-fedd21491f7c,CUST00002050,f92b7b46-c17d-449c-a253-4b28e47919dd,AUTO,18546.54,14733.390106001354,0.1543,2024-08-05,60,ACTIVE,2029-07-10
e11b2f5a-9f14-456f-ad35-839bf4d62658,CUST00009467,34fadee1-0696-4d48-98d4-2238331de35c,BUSINESS,32741.62,14873.43743902576,0.038,2023-07-21,48,PAID_OFF,2027-06-30
68a522b9-ff6f-46ca-a245-932771224f95,CUST00009138,5133577b-4651-4173-8d0e-391db9272714,BUSINESS,17585.4,15399.90931506554,0.1777,2023-06-06,24,DELINQUENT,2025-05-26
82b91686-7126-4537-8bb8-14ccda3069f5,CUST00008173,933c8d00-8680-4a0b-8279-1490510564f9,PERSONAL,3307.64,2827.425461631397,0.0722,2026-05-11,24,ACTIVE,2028-04-30
ca44724a-4502-4c28-9824-a59edb33ce63,CUST00003905,92f71993-4884-4b5b-8dd3-214cb4508610,BUSINESS,45673.67,40104.12917668979,0.0926,2023-09-10,60,ACTIVE,2028-08-14
7792a78a-792a-43f4-8b1f-a8629fa0aa69,CUST00003797,1c6fec01-f57f-4bba-bfba-cf5fa576db48,PERSONAL,1183.16,782.1125755582609,0.1646,2024-06-27,360,ACTIVE,2054-01-21
28de68ab-a992-4ca9-949c-eebdd472511a,CUST00000293,7b7ce7cc-f950-47fa-a8b5-8db58c466308,BUSINESS,1016.85,309.9246943180797,0.1347,2024-08-06,24,ACTIVE,2026-07-27
352b6689-a39c-4730-8f62-06f19403ad3d,CUST00006267,118a9d29-2f92-4996-99f1-95d014822f53,BUSINESS,66754.08,32125.486603534508,0.0756,2022-10-31,48,ACTIVE,2026-10-10
69ac030e-0958-46df-83d9-f8c35c922fa4,CUST00006371,a6129a1c-889d-4b76-b75c-30b561730c48,STUDENT,47123.66,33481.86227488231,0.0606,2021-08-15,120,ACTIVE,2031-06-24
ce68210c-1bdd-4bea-aec2-1c06f99773b2,CUST00004861,4aea1b8f-b43c-4e0a-ba9f-c10e52daf681,PERSONAL,20209.48,4255.3819393368985,0.1924,2025-01-17,48,ACTIVE,2028-12-27
90ccd1e5-8027-49e5-8da5-98e482a06460,CUST00003730,a9e8f0d8-5883-49de-bb5f-be413fa2bde0,PERSONAL,2715.76,2006.5216486930726,0.0358,2023-10-30,360,ACTIVE,2053-05-25
f93adb04-4d24-4ef6-be50-e2da7bbe4efe,CUST00007963,d900b745-311d-4ed4-863a-5bb6c841b6a8,BUSINESS,7616.97,4174.774553739175,0.0208,2025-10-23,120,DELINQUENT,2035-09-01
502e5598-3c3c-4182-a024-4fcf25445d8c,CUST00005511,004f5362-244f-4ce3-aa50-18b5d623c671,PERSONAL,14851.85,1426.0366204754396,0.1411,2024-10-02,48,PAID_OFF,2028-09-11
35a02595-cfcb-4ed7-8599-9d7edd354aa4,CUST00008620,399e4d08-cf77-48cc-af36-feb1bb8f7b2b,BUSINESS,2010.54,1120.4464518869163,0.1306,2025-11-26,360,ACTIVE,2055-06-22
b9def348-4ea7-4fb3-8dbb-d8ed4ebed7c3,CUST00006762,a5b2c7ea-2947-4f54-973e-129c35f0b1be,BUSINESS,7269.6,485.43581434946856,0.1528,2025-11-16,48,ACTIVE,2029-10-26
c0ff979e-bd29-4827-a0f2-d1dc6b55ae42,CUST00006111,2575dbd1-45f3-48a4-872f-a86e55616496,AUTO,58600.32,838.4114820632666,0.1517,2023-09-16,12,ACTIVE,2024-09-10
f28dacb1-2701-46e4-8c35-00bd60df109a,CUST00006956,afcfea4d-627e-41e1-af35-fbc0e1057ec8,PERSONAL,187392.02,166709.12611181923,0.1754,2021-10-19,360,PAID_OFF,2051-05-15
561657a8-163d-4f6f-a69b-ded71c474b1c,CUST00000107,8429e12c-347f-4a8c-b39a-442b0d92bc7e,MORTGAGE,11741.07,5752.139360476184,0.186,2025-10-10,48,DELINQUENT,2029-09-19
d7ee15bc-6ecd-4788-a31f-6c0fca66b8b7,CUST00004755,696608aa-ee49-4329-884a-7b28550a1b46,PERSONAL,68509.83,37220.68190757129,0.1595,2024-08-24,360,PAID_OFF,2054-03-20
c04f4bd0-bcfe-4408-9ac7-25a740b60c17,CUST00005279,fb38bc6c-ae6a-4c48-88c6-a7ed06a574ec,PERSONAL,1247.52,349.22796886419053,0.0618,2026-01-31,360,ACTIVE,2055-08-27
41bc3273-5b5e-4d09-a9e3-74bd5b35300d,CUST00006409,6448a3d5-d576-4137-9456-e29d91c631cf,STUDENT,59229.61,32146.55806302675,0.1034,2021-12-11,12,ACTIVE,2022-12-06
0466b04d-2c0c-4e4b-8920-aae993283178,CUST00007636,fe54ee4b-80ff-4173-a3df-ecd70e731dd7,MORTGAGE,6595.07,1113.700845535938,0.1355,2026-05-12,48,DELINQUENT,2030-04-21
b0e28479-a8f0-4513-a650-bc24f84b241f,CUST00001226,09b2eae6-54eb-4c91-b784-ae08758fc8fa,MORTGAGE,34927.1,26043.245329829046,0.1171,2022-08-13,360,PAID_OFF,2052-03-08
a48fb9e9-4876-494b-8d10-4ac646c2f46e,CUST00004251,b1644235-49a2-4fde-b235-7a3ccc7f9517,STUDENT,15189.68,12506.410274803693,0.0486,2024-02-28,360,PAID_OFF,2053-09-23
1fac6d85-c433-44f0-9683-541bd1801014,CUST00000896,1a85fd69-344c-46cc-bf48-e5f018cc0e29,STUDENT,159631.13,136624.41788814284,0.1261,2025-07-10,48,ACTIVE,2029-06-19
9cca1eda-b5d3-4eb6-abab-2bc719e012e5,CUST00001621,000cd21a-65a7-4a30-b5b7-0dd9728f5897,PERSONAL,5933.36,632.8089674781829,0.1796,2026-04-19,60,ACTIVE,2031-03-24
8bf4a93a-3210-488f-862c-13c37e390638,CUST00005089,7808a004-02a4-48e1-95f2-f85a754a3e48,AUTO,56466.87,31494.645216197376,0.0953,2026-03-16,120,ACTIVE,2036-01-23
2591855b-87fc-4d1a-948f-0e3c8ce90fdf,CUST00005420,2ab8bd33-911f-430b-9bff-00b07fe670f3,STUDENT,14483.12,11713.237346367509,0.1404,2023-10-13,48,DEFAULTED,2027-09-22
db6fca27-00a5-4ee7-bfc3-8d4c76ae71ce,CUST00001386,f9a55cf2-a66c-4fa1-b5dc-8a9afb38cd91,MORTGAGE,17370.73,2227.2139982855797,0.1309,2023-03-24,24,DEFAULTED,2025-03-13
4e85661e-3bc6-44e2-add5-346eab2f4642,CUST00002434,9ec5405d-c6a9-4598-9d34-0833db592a19,MORTGAGE,16717.63,1663.7787965631892,0.0879,2023-12-11,48,ACTIVE,2027-11-20
9635dc67-ad5a-4575-965d-6ed039b05c64,CUST00001302,b177116d-f203-4633-ac5d-d02dccc67ffd,PERSONAL,6194.95,5060.914834660846,0.1217,2023-05-02,36,ACTIVE,2026-04-16
dfdabe67-801d-44d5-8999-9d27c9f8f4d6,CUST00006859,797e3984-ded7-43ef-b5e4-a9c12d761ffa,AUTO,21565.53,17182.034948789827,0.0578,2023-09-14,60,ACTIVE,2028-08-18
2dc3e080-ce69-4f9d-80b0-4e3ddd2f1be8,CUST00008951,0e5dd462-cbd0-4ef2-930a-37df0bc61066,BUSINESS,20050.87,8996.68775914669,0.1183,2023-03-04,60,ACTIVE,2028-02-06
844e21a8-873a-4a3c-9094-f482b959170a,CUST00008939,e8e977f0-dc15-47c5-93a7-55812bfcc524,STUDENT,31629.97,3470.1609797087845,0.1638,2024-10-21,48,ACTIVE,2028-09-30
6b766741-cd26-422b-9631-15d046f860a9,CUST00008785,334a34a8-8bf3-49a3-b31a-dd22bdddbd36,STUDENT,25003.17,12904.715043332486,0.1566,2021-12-03,36,ACTIVE,2024-11-17
67b80731-fe39-4e8d-85f0-604a896e5e77,CUST00005645,3e42df5b-90a3-4bbf-b580-e05067f1698c,PERSONAL,72910.78,28785.409258836215,0.0844,2025-03-08,360,ACTIVE,2054-10-02
c62d7b34-ddbd-47b1-8279-c1cc67b80414,CUST00005089,6f959489-8af2-420e-a9a3-e5f6984ad463,AUTO,88015.03,45639.967699761706,0.0402,2023-08-27,120,ACTIVE,2033-07-05
192cc87d-d8c4-498d-98e9-bf3804ae6d5a,CUST00009261,82010c62-f5f5-4b22-8e8f-a8e0284d82e5,MORTGAGE,4555.38,2003.8898054032986,0.164,2021-08-22,48,PAID_OFF,2025-08-01
0b32b3a6-fe32-47e1-99cb-2d9ed109fd54,CUST00005441,453b45fe-636c-4499-9254-aad3809cd839,MORTGAGE,81077.34,46093.63638939367,0.0677,2022-01-08,24,ACTIVE,2023-12-29
d0af7986-2937-47e9-9752-db082e86d47e,CUST00007494,52645a59-e1f8-4b33-9b2d-5a2a99bd6240,BUSINESS,3716.34,2702.2612580996947,0.0295,2023-12-31,360,PAID_OFF,2053-07-26
3231dc66-4f9d-4529-9efe-70f7e0cf449e,CUST00006292,c6ac1b04-dd1d-4cd1-811f-6bf5379ef467,MORTGAGE,53198.41,41221.31484697887,0.1001,2023-01-02,60,ACTIVE,2027-12-07
150f1ad2-476a-4f1d-bfef-bd38a8112386,CUST00003308,4d2d8efd-57c8-494c-9e77-76ae8bec9a50,STUDENT,55804.41,36216.06867316593,0.1531,2024-05-10,360,PAID_OFF,2053-12-04
3f4435c3-2fbd-4f4f-b9e8-ba00cd59855d,CUST00008895,4c66d04f-64b1-4c49-8c0c-f61e9cc10bd8,BUSINESS,1252.66,249.20495084401432,0.1655,2025-02-27,60,DEFAULTED,2030-02-01
b54ec323-1e53-45da-8780-b3eedcfa02a9,CUST00004709,a7c10adb-743a-4892-b561-10f64fd3ca88,AUTO,25323.01,10056.350348628688,0.1968,2022-06-12,120,ACTIVE,2032-04-20
9c7e3507-4f9a-4528-8d0b-906366c5558f,CUST00000105,ae27d432-1dc1-47eb-b11c-767385351a69,BUSINESS,10908.04,776.9145544104013,0.0541,2022-12-18,36,ACTIVE,2025-12-02
6c83a898-8723-47f4-b378-c9eebe751767,CUST00009690,766ecb15-474e-4c19-aef9-12766c006f61,AUTO,7057.54,3187.7054028396456,0.0729,2022-07-31,12,ACTIVE,2023-07-26
3d5e1fbf-f22a-46f6-92e4-455c0112ae15,CUST00003834,0dc78104-8c66-4766-b922-b440e0f1e44c,MORTGAGE,167088.43,162132.48903931738,0.1297,2026-05-16,120,ACTIVE,2036-03-24
b6a9e66b-19b9-4096-a46c-4e5b7f25d908,CUST00000396,d65e59dd-e62d-4d06-8f9b-85581a7f195b,PERSONAL,8262.49,5302.29355416365,0.166,2024-08-05,36,ACTIVE,2027-07-21
81572c3c-df4e-4a91-a450-f04fbae0054d,CUST00003518,d73d52ba-ca17-41d0-97c7-68d6114a9827,BUSINESS,6571.09,1015.9727489801579,0.0621,2024-09-27,360,ACTIVE,2054-04-23
0ef6da2a-fcc9-4df1-8d88-fa936292ac6b,CUST00003292,b02e21aa-352b-4ec8-a90d-21cb7f111a36,BUSINESS,24674.91,6627.129582969419,0.0938,2023-09-19,24,PAID_OFF,2025-09-08
ffdf6588-0ffe-4184-a9c4-91dd33dfeff6,CUST00002011,f0b2a5d1-8c7e-4f42-a646-eaf9d5c0244d,STUDENT,61598.0,3977.607464944278,0.0935,2024-02-16,36,ACTIVE,2027-01-31
983c9686-1ae3-4baa-b39e-f82bb2e8f8bf,CUST00004538,5304317f-af42-412f-b838-b3268e944239,STUDENT,17810.21,3248.8296905234456,0.1591,2021-08-20,120,ACTIVE,2031-06-29
979c2adc-d3fc-4621-8cfe-8711725c5c5f,CUST00009861,c84bbdf5-603f-4ddc-aef1-7a908bbb8f3f,AUTO,126697.27,61808.20442094775,0.0634,2026-06-04,12,ACTIVE,2027-05-30
f53d488d-e994-4cd2-9ab9-5b799f76385e,CUST00004969,0f5ae9d3-8e6e-4003-a14f-3f12cfd01cbd,PERSONAL,48847.74,16845.45485736668,0.1944,2026-03-05,360,ACTIVE,2055-09-29
cebe11c8-16e7-450e-9486-cd280cabf18c,CUST00004763,c6a28e4e-002f-4ca4-b43e-85315dfb1922,STUDENT,839.4,171.20596914897874,0.1119,2023-03-01,24,ACTIVE,2025-02-18
03617d89-f038-419a-884d-93a646a968c5,CUST00001052,cbf925b5-6418-46b7-bf2b-43b422e9e527,STUDENT,9954.69,1459.341761510028,0.0708,2026-02-02,24,ACTIVE,2028-01-23
efd1422e-eb42-4215-8c3d-8a3535b92983,CUST00002842,e43081aa-6022-43ff-b330-4e33deb0de7d,MORTGAGE,9482.82,6221.404309493789,0.0712,2024-10-08,12,DEFAULTED,2025-10-03
3d9ea33b-1de5-4fa3-9033-dd5e798f5e3f,CUST00006619,16c8e3d7-abf0-463e-8343-8b6400b3700f,MORTGAGE,45208.55,25230.999209975136,0.0233,2025-06-13,48,ACTIVE,2029-05-23
7f12e3cd-b09a-46e3-800d-ec5e1b6046ee,CUST00004724,f7eae66e-ca6c-4f9b-8969-71018b2c550a,STUDENT,429.57,361.9729989181408,0.1446,2023-08-02,36,ACTIVE,2026-07-17
d298404d-96f6-4fa1-9951-9ab3bf5eaf8e,CUST00007473,085b15fb-4a8f-4810-b84c-2f29980402a2,AUTO,1008036.12,184725.52790780796,0.1597,2025-01-29,120,ACTIVE,2034-12-08
8e05cadd-a6f8-45ac-830d-afb577756059,CUST00007914,c572aa5b-51d4-4f72-ac77-8135fad76ab7,PERSONAL,48851.44,41425.310816557125,0.0258,2025-07-01,24,ACTIVE,2027-06-21
bfcc8e33-c7da-450f-8bab-99ee6a3990da,CUST00005525,93162f53-e70a-4828-a6a4-cbefa437199c,STUDENT,27537.81,15914.408066830532,0.1255,2022-09-08,120,PAID_OFF,2032-07-17
c1f6afec-a15e-4655-a276-db301adecee4,CUST00003585,c6a28e4e-002f-4ca4-b43e-85315dfb1922,AUTO,129618.6,34507.47769117917,0.1607,2023-04-04,36,DELINQUENT,2026-03-19
27d49ec5-ed64-4014-a254-c6d16350eff7,CUST00008540,f5159494-3818-4fd3-b889-936a9d5817e8,AUTO,740796.38,202647.17627078426,0.0877,2021-10-08,360,ACTIVE,2051-05-04
5ad2c420-f09d-4a8a-bcd9-915dc2b408fc,CUST00001264,f5705436-3877-4265-902c-01a3ab404598,STUDENT,81317.78,31744.866682031956,0.0979,2025-08-31,12,PAID_OFF,2026-08-26
fa4f169a-9de9-494d-b71d-2e0faf09c66e,CUST00004666,f9c3ee05-0012-4399-a7af-55453d3fec1b,AUTO,91420.01,42064.834748950496,0.0851,2025-04-16,60,ACTIVE,2030-03-21
b8c52ae1-0d09-4714-bd99-8da8c0524da3,CUST00008015,6e1a1e1b-ed1d-4efa-9c4f-c55ebf715a28,BUSINESS,26796.73,2210.866479321366,0.0768,2022-11-11,12,ACTIVE,2023-11-06
94f319ac-1938-4fc7-8224-91e981e02a64,CUST00001352,ed6f4ee3-e44e-4cd1-b8ef-a3bc9457f388,AUTO,17813.49,14998.943717605478,0.1084,2022-06-07,36,ACTIVE,2025-05-22
fa6a2e9f-d86c-4321-88ee-e6b2a5e441cd,CUST00006981,4f67448e-10ec-4b1f-a4a5-c736ae59aa52,STUDENT,10789.26,1311.338197616754,0.0499,2024-05-06,24,DELINQUENT,2026-04-26
861d3a8f-d24c-49a6-b776-fc5da2d99503,CUST00007191,6e76936a-a634-4d1a-adb6-10f4c65de86e,AUTO,6379.42,3084.193391821688,0.0993,2021-11-25,360,ACTIVE,2051-06-21
ebd7fd91-5d5a-43aa-9e09-b6685422d954,CUST00003828,f8d78cbc-5a5d-4cc5-9f98-2a0dac184ef9,STUDENT,7859.5,3009.9388287640495,0.1895,2025-09-13,36,ACTIVE,2028-08-28
13b8fad4-1ed7-4c8a-a0f1-963a0269b71b,CUST00008862,b11af726-2d5d-4395-a901-a768ebd14b0c,MORTGAGE,2904.93,1488.158119830292,0.0249,2024-03-24,360,ACTIVE,2053-10-18
5739d3a3-7003-4ea7-b54c-e27a34be949b,CUST00002647,730ad7de-27af-4ff9-87f8-9f6211a1e557,STUDENT,19657.08,17445.314836610425,0.0497,2022-05-19,60,PAID_OFF,2027-04-23
2a67f030-87b5-4b85-9673-51cb39347843,CUST00000267,1a115f59-10d7-4164-ae8d-0018a04dac84,AUTO,1759.88,1740.6767875459643,0.16,2023-03-13,24,ACTIVE,2025-03-02
78f8ebed-05cb-4465-9e8f-ada4b4c77a96,CUST00009631,8623bc74-65a2-4cc8-855b-e95d06bfd9c4,STUDENT,29330.25,594.5644286284734,0.0438,2023-10-09,360,ACTIVE,2053-05-04
874ac31d-8ee0-48b6-aa9d-a1f7ec3115d4,CUST00007435,8a713a73-fdee-4aa1-853d-80902041e7ed,PERSONAL,20858.23,8202.278511993396,0.0688,2023-01-17,60,DELINQUENT,2027-12-22
71926dfe-d64d-4f6a-9e02-ad35ad0e0e1b,CUST00001023,21986e3c-d19f-4f31-9dd7-3f1f138ef8cc,STUDENT,27457.73,22449.729203082326,0.1019,2021-09-15,360,DELINQUENT,2051-04-11
78bf9e23-00e2-4562-bea3-2d3485c8363f,CUST00007948,c0398710-8976-4334-a281-7efdae849217,STUDENT,10064.83,3287.202467347154,0.1898,2022-03-11,48,PAID_OFF,2026-02-18
99474e78-77cd-4b25-8786-140f2339df60,CUST00002038,bcd2e8eb-3f55-40cd-bab7-127e4f32ea54,PERSONAL,2225051.36,1444138.825916706,0.053,2021-10-26,120,PAID_OFF,2031-09-04
3a08daae-b70e-4920-8e65-9ebac2ad08d9,CUST00008757,da4bdf2d-56a0-48b4-9179-2ee0bc731d47,PERSONAL,169426.39,168114.89483842583,0.1862,2025-11-08,12,PAID_OFF,2026-11-03
6a5e52e1-f20b-4b32-9ca8-d3ea77cb751d,CUST00007779,55af47da-31d1-46cb-a450-dd3c01521e60,PERSONAL,3405.63,2202.6637043302426,0.1493,2025-11-02,48,ACTIVE,2029-10-12
8d72441d-0709-4bf8-ad3f-9e041b14a2aa,CUST00001060,b9add00a-ec64-4a9b-bcf1-c29e09b4413c,BUSINESS,31235.24,3473.0893659934345,0.1408,2024-03-27,36,ACTIVE,2027-03-12
c7797848-1c6e-4704-8311-7efcb0b4d74e,CUST00001425,9247e851-2e0d-4860-b362-f9b74795cd1d,STUDENT,8848.39,7458.5906985920765,0.1502,2025-11-24,48,ACTIVE,2029-11-03
d5b4c4a4-f9d7-49ad-b850-b7b19d95f5c5,CUST00004124,fd8398c3-5821-49f8-aa45-2afdfb8a61eb,PERSONAL,4809.17,4648.819947704114,0.0256,2026-07-16,12,DELINQUENT,2027-07-11
33eadf2f-e4cd-46e1-a139-298b2795bf89,CUST00000220,2448ef43-1566-4d1a-ad15-420ba2bc6715,PERSONAL,2950.98,2102.598101084532,0.0378,2023-09-06,24,PAID_OFF,2025-08-26
c2174dbb-e10d-42b1-9881-3adcad45c94d,CUST00000406,146b9fbc-667c-4788-9887-f3d2c0f1fa3a,MORTGAGE,42121.98,17651.97812022781,0.0803,2022-05-28,120,ACTIVE,2032-04-05
625ac0d9-fce3-4a66-a23c-ff90968c5275,CUST00009830,eb93f78c-620a-4158-9d2d-904f78c59073,BUSINESS,7926.21,7517.218953824657,0.0333,2023-06-04,60,ACTIVE,2028-05-08
c65f72e4-7d8b-4291-bb2a-cbee405620d4,CUST00002319,73bb84e5-33f7-4722-a517-28b23832dfc1,STUDENT,94064.79,91108.52319547968,0.1978,2025-09-12,360,PAID_OFF,2055-04-08
7c33c04f-32ad-4dad-8914-d0391ee096ff,CUST00009952,74962764-12a4-4ef0-84bb-b7a9d98868dd,AUTO,97799.36,91453.81903950176,0.1245,2024-02-11,24,ACTIVE,2026-01-31
0a524e33-3a08-47d8-9666-7ba856bebe18,CUST00009867,c51155ff-e7a3-4e81-a3b4-c08b6b8e869f,BUSINESS,172969.68,71232.2010474939,0.1077,2025-06-28,120,ACTIVE,2035-05-07
8f45c269-6b52-49dc-a0d8-b49272896055,CUST00008984,96a9954f-dc33-41f9-8c1f-55ab715629ee,BUSINESS,6132.88,4843.182399530062,0.1614,2024-09-08,48,ACTIVE,2028-08-18
e726f649-e650-4ae5-9b25-97f3dd00a64c,CUST00005059,6e9c92ba-bbb5-4037-9e23-faf9e66414db,MORTGAGE,44938.42,29397.786791603383,0.1959,2025-05-06,36,ACTIVE,2028-04-20
496b75fe-cc5b-49b5-ae9b-8fb501c90e2a,CUST00001310,ba92992e-44f8-453c-9224-6d05d3692867,STUDENT,56878.99,10221.533651839633,0.1919,2022-10-15,48,DEFAULTED,2026-09-24
b90914d8-ac79-4d55-83d2-15148c0a268b,CUST00007622,5cd8fe1a-dafe-48a9-bc71-e0bef3579560,STUDENT,10815.47,5791.8453536422085,0.1628,2024-10-10,12,PAID_OFF,2025-10-05
c8cd015b-5dc8-48f0-8c8d-f318b7609e4c,CUST00004930,2c154804-0997-49a3-b919-955c9be4f19f,PERSONAL,6921.18,5174.90405856094,0.0879,2024-05-28,12,DELINQUENT,2025-05-23
f8644f2f-ddfc-45c2-b72c-74985a15fc95,CUST00009523,de431e06-e924-4069-80bb-ae526ec01269,PERSONAL,246293.94,220657.76434186337,0.0319,2025-05-03,36,ACTIVE,2028-04-17
2b72895b-03c5-407e-880e-ee5e8020da65,CUST00008703,aba23511-f544-428c-8bba-d72a8a7e9cce,BUSINESS,30984.55,26727.22233778038,0.0377,2023-07-30,120,PAID_OFF,2033-06-07
de3d8b14-ab4c-450a-81c3-c01da6bdaf11,CUST00008684,15bebdd0-97b0-47ce-8fe5-c13ba5e8c198,MORTGAGE,57179.55,8843.303444280784,0.0202,2024-05-03,24,ACTIVE,2026-04-23
c49dc4fc-cc64-4c00-b1b4-1e884b0c8c70,CUST00001618,b1fead13-f280-4f1d-9a6c-0db952171c88,STUDENT,6418.16,3132.275461261521,0.0203,2021-10-19,360,ACTIVE,2051-05-15
652fd941-e057-4014-b699-febb228c4f0c,CUST00001521,f42973f5-d1d1-4e0b-a7e7-a6bdc2a49fd8,MORTGAGE,3537.14,1691.703100010921,0.1886,2023-06-21,360,ACTIVE,2053-01-14
f8642165-298a-4a60-afac-4e8cf6c94743,CUST00007893,27ef0a4b-5fb2-4838-af73-b3cf331e91f2,AUTO,9375.22,8425.857677446638,0.1869,2023-02-27,12,DEFAULTED,2024-02-22
95c7d0c2-6405-4dd8-9f1d-5ae0d3016d19,CUST00001584,58eb3e59-f9a1-4e3f-8f72-d6afe825049a,STUDENT,18287.41,35.42836648263019,0.1402,2023-04-18,12,ACTIVE,2024-04-12
626b6e7a-fe49-46cd-8a12-516809bdbd25,CUST00006705,b0e6a969-e213-42b0-b1ee-dba313432e61,PERSONAL,4463.42,3297.188778114781,0.1508,2021-08-20,36,ACTIVE,2024-08-04
61e6b719-c36f-42b6-ab3c-5a669a3b2264,CUST00007989,a3922a4e-4f2c-486f-a27b-0edd8d7f9371,BUSINESS,21703.59,13426.741832098358,0.1124,2025-09-28,24,DELINQUENT,2027-09-18
74b565f8-d8cf-4b88-9a37-a5048d2e304b,CUST00006584,8c2b678e-1f50-41aa-8088-b13a7d2194cb,MORTGAGE,1749.77,1612.5381166201603,0.0628,2021-08-25,48,ACTIVE,2025-08-04
78df7714-aa97-4f51-a5fe-3fdd4273f09d,CUST00001576,23d26b8d-ae46-424d-91d0-5ef3a91883fc,PERSONAL,4104.87,1875.5863238562413,0.1846,2021-12-09,60,PAID_OFF,2026-11-13
7146a1c1-cd04-4f6c-a391-26040519ae36,CUST00006936,5513b74f-4ffc-4c54-9b0a-31ea9dc6d783,BUSINESS,60256.57,39629.073961680595,0.07,2025-05-13,36,PAID_OFF,2028-04-27
10f897ab-5b44-402f-aec1-6f6caea74c2e,CUST00009954,f90c9f84-b184-471c-bb35-b9f96c80423a,PERSONAL,54485.28,53000.394321686246,0.1531,2023-09-27,24,PAID_OFF,2025-09-16
1e4f1499-b0a9-487f-9ea7-86bc6fdab002,CUST00006177,665e467f-e1bb-4399-87c4-32a0c3af3d93,STUDENT,12236.58,9102.83790722155,0.0642,2024-06-07,60,ACTIVE,2029-05-12
fb87ebc5-d986-4b5f-93fc-03bc3ef3d085,CUST00009239,47efa886-d5b5-47b0-b92e-dfa1df266424,MORTGAGE,4785.54,322.46870355696694,0.1766,2024-07-19,360,ACTIVE,2054-02-12
b26d6078-5d5b-4adb-ae77-f590ea1581f6,CUST00002614,57d52b78-9cf3-437e-b562-037b78aa16ea,AUTO,4716.84,790.2289545699501,0.1372,2021-12-17,36,DELINQUENT,2024-12-01
f17d8b73-e0a1-4f32-b089-d324bfa223da,CUST00003893,4cdbf99e-ebe9-4dd4-a80d-9169c24489e1,PERSONAL,12582.95,10336.278155987362,0.1357,2025-07-29,48,ACTIVE,2029-07-08
0e0f2704-5265-472a-96e5-b746245c92cb,CUST00008654,058b5ee1-a2dd-415a-a570-66e86eaebb60,MORTGAGE,57917.67,19390.577659583858,0.0375,2024-10-13,48,ACTIVE,2028-09-22
68151f14-d6b6-4b16-9d8d-7b02bc5d618f,CUST00006734,9fbc879e-869c-4a8e-bd6a-b7c2a86d8706,STUDENT,88642.66,62574.45906560528,0.0955,2021-07-19,24,ACTIVE,2023-07-09
252b473a-d2cd-4683-8c56-4c15e507b981,CUST00004432,01e187d8-1a31-4044-95a0-f35665abc9ff,PERSONAL,10458.84,7319.344455245762,0.1145,2023-01-05,24,ACTIVE,2024-12-25
7af7bd84-0121-421d-929c-717f636dde12,CUST00008113,7464d6f2-11ea-4c00-863e-cbe2a8d99292,STUDENT,3904.02,3879.4267173180197,0.0729,2026-02-23,48,ACTIVE,2030-02-02
32978c7d-37b3-40f6-8278-2c34ed809b95,CUST00001382,3c862582-6202-435d-9756-fd3353ae1065,AUTO,32917.69,15467.12465611674,0.1786,2025-11-03,48,PAID_OFF,2029-10-13
f0e67cd5-faae-4f71-8be2-39725d2db4f9,CUST00009338,9b69554d-7c54-435f-ac8c-3b6aa974d079,AUTO,6404.12,4725.166976563192,0.1708,2022-04-12,36,ACTIVE,2025-03-27
85ce7878-a616-4c23-9039-0646f47a4d1b,CUST00003516,889b78d5-dbfd-497e-aca2-b148da330aa1,BUSINESS,10123.56,493.55267837849414,0.1089,2025-11-19,120,ACTIVE,2035-09-28
c82211cb-e48d-41a8-820e-199bc44fdf5b,CUST00004455,701fb3ea-a1fe-4bc6-a29d-650a15b98c20,BUSINESS,160799.6,74384.45109104036,0.0812,2025-01-30,360,ACTIVE,2054-08-26
363dda7c-d939-40b6-8835-b19428130df9,CUST00007770,3f5e3b8c-c058-4da5-a757-075bd47f83b1,BUSINESS,76166.21,14218.825745666009,0.1643,2023-11-03,120,PAID_OFF,2033-09-11
1ccd3552-b1e0-49ad-bf80-b3f8b3ebc460,CUST00006490,c840789b-7c60-4399-b8f4-0e5ef6babccc,STUDENT,27916.17,23465.538334788835,0.0554,2024-02-29,24,ACTIVE,2026-02-18
38dd9a5e-dd9e-4e73-89c7-0e189eb88096,CUST00008385,a52964ff-c74c-4890-bc6a-3174113634a5,BUSINESS,3268.61,2745.33277311105,0.0329,2025-05-03,60,ACTIVE,2030-04-07
8ab55352-49de-469d-a30f-635993f06c26,CUST00003535,d58c449e-57e0-457b-b3ab-800b8523d070,MORTGAGE,30245.26,7148.903358993138,0.0282,2021-10-14,48,ACTIVE,2025-09-23
10e2a69d-80de-4dbe-8af7-3ae2daf39837,CUST00000756,5fbbf0b1-8083-49c8-a57e-01c90da23e5c,STUDENT,108443.65,34516.00374475869,0.027,2022-08-16,60,ACTIVE,2027-07-21
4d2a5ec7-029d-44a0-8609-ac3b386b8594,CUST00009877,2285b2ef-cfbe-4fe9-aea9-c542a1b970d0,STUDENT,12538.38,8807.93340312199,0.108,2023-03-07,24,ACTIVE,2025-02-24
6cd27618-bd14-4f78-9b6d-5342e9b2286b,CUST00002526,a3b442bd-4649-4296-af58-42c3ff86cc31,BUSINESS,167154.05,123404.13907535025,0.066,2022-04-10,360,PAID_OFF,2051-11-04
13189bf2-cf3a-4554-8f32-cd1499c69fcf,CUST00000828,9b72a9fe-669e-498d-a3e7-3896c784ef4b,BUSINESS,153141.55,100710.72287677847,0.1443,2026-04-09,24,ACTIVE,2028-03-29
dbafd3b1-50ff-4ea7-83f5-dc20d065699a,CUST00009082,8677b81d-1902-493b-a947-9974030fe73e,STUDENT,267159.0,266275.94266685174,0.1377,2025-04-12,12,ACTIVE,2026-04-07
19d6cf82-25b9-4454-8bfe-68af3a87b3e2,CUST00004749,2ff3cde4-6aa4-4c9f-9217-04753d959e3f,AUTO,34817.13,30245.0563205032,0.1176,2022-08-14,48,ACTIVE,2026-07-24
6086ce8d-123e-42fb-a95e-17415e48f8b3,CUST00002334,697c3923-87fa-441a-be83-b91f25440fe0,AUTO,53161.38,22171.425642059534,0.0835,2023-01-23,360,ACTIVE,2052-08-18
c37e9c25-5d5e-4747-b83d-f10179ece854,CUST00004947,b1b2b9c6-7120-421e-86cd-6214237befd1,BUSINESS,183740.72,60078.9382393452,0.1731,2022-12-12,120,ACTIVE,2032-10-20
fd39b46b-8cd0-4b4a-b6dc-d204cebb1f39,CUST00008303,f1738856-e25d-46eb-9e9a-9f83066803ee,AUTO,43091.93,25719.407561164742,0.1477,2024-09-07,120,ACTIVE,2034-07-17
677ee2ce-4a71-4a06-b2c2-dd37635ccc91,CUST00008047,1e6773d7-f3aa-472b-abf4-5b9d5e8c8bbf,MORTGAGE,10385.32,8491.414991258403,0.0689,2022-10-31,24,ACTIVE,2024-10-20
3b289bee-3ebc-4752-8b4f-e656b6819b33,CUST00008985,69fb0763-8a9c-46f7-8ee4-e5125802b640,MORTGAGE,11239.46,5342.603959323035,0.1103,2024-02-01,24,PAID_OFF,2026-01-21
9d4d8b69-ef8b-4927-9e23-f191aaf170f9,CUST00007182,d20eac17-4e20-4d1a-9983-36e375d66ed4,MORTGAGE,31502.82,23239.397408347908,0.0481,2024-07-13,48,ACTIVE,2028-06-22
4f52ddca-3b90-4d87-947a-8ad4dcccea61,CUST00003415,12a1fe7d-dfa5-4722-8a1f-c9df9a591974,STUDENT,3178.48,60.89980236916562,0.0792,2025-04-12,12,ACTIVE,2026-04-07
00cdcce8-17ed-4eb8-9739-1cff8cc99052,CUST00009502,bdfdcc7b-3381-4e0d-b9ba-243a493d269e,STUDENT,17767.24,16449.623405758408,0.1995,2025-02-19,12,ACTIVE,2026-02-14
1e557621-d1f7-4b45-845f-1770536b0351,CUST00006458,09f64405-0b99-4034-8a4e-255280051b10,STUDENT,114098.88,88293.67571461831,0.0603,2022-09-15,12,PAID_OFF,2023-09-10
e97e55d4-46b0-4ed1-82d4-705de1661e4d,CUST00006750,e7e646c7-0158-4463-9d87-76a072d78bdd,STUDENT,823.13,324.4696861181607,0.1457,2024-03-24,12,PAID_OFF,2025-03-19
c4ca0233-4273-4de8-abad-2b997fa8c425,CUST00000297,cd320878-e83e-43a0-9445-587e6ff6881f,STUDENT,220074.88,84511.46645717915,0.0629,2024-11-29,360,ACTIVE,2054-06-25
816caa34-7d96-4941-a7cc-c1ddfe5e36e2,CUST00009822,c1c4f618-7925-47d5-bc65-a804ee9ff73c,BUSINESS,118605.88,12202.980373402295,0.1889,2022-04-18,36,ACTIVE,2025-04-02
c9886df0-95d0-4dac-8ef2-4e8ad1fcbfa4,CUST00000569,5304317f-af42-412f-b838-b3268e944239,AUTO,11051.85,9020.008533291122,0.0758,2022-08-27,48,ACTIVE,2026-08-06
1f4db543-f58b-42eb-9b03-89976cab2214,CUST00005284,e08596db-1d87-4966-8710-d430f071d879,BUSINESS,49765.95,38251.577726217576,0.0824,2023-09-28,48,ACTIVE,2027-09-07
8d4363a2-3f2d-4955-b8f3-0ce351ef467b,CUST00007665,3737cc38-166c-4d33-8f9f-dc15dfd23d15,AUTO,22130.71,13947.873505055537,0.1269,2023-08-26,48,ACTIVE,2027-08-05
c3d1b0b7-be94-4e36-9229-e29b56430354,CUST00007512,9247e851-2e0d-4860-b362-f9b74795cd1d,BUSINESS,139383.66,14141.37441812358,0.1259,2023-12-05,360,DEFAULTED,2053-06-30
23065b37-1c75-425e-9d3e-0153ea15bb14,CUST00005466,6522e8b9-8aad-4665-af30-141d3505c563,MORTGAGE,96184.62,25233.20456408271,0.1242,2025-10-02,120,DEFAULTED,2035-08-11
e7e4a92a-138c-449c-853a-cbfc8bc7393e,CUST00008264,088dbd82-d883-43f8-8c98-03de12de9e5a,PERSONAL,2697.0,1237.6923343946755,0.1232,2026-01-20,360,PAID_OFF,2055-08-16
545b25b3-7e20-4afb-a858-f4f172f44add,CUST00004383,c7b611cd-1417-482a-a1ad-018a93875413,STUDENT,53151.08,14136.696060767876,0.0762,2023-10-14,12,ACTIVE,2024-10-08
3bf5337a-224c-4ee6-9936-059ccea35945,CUST00000066,6c936f69-8269-441a-b453-30442e07336d,PERSONAL,16180.44,7021.889025140168,0.0982,2022-08-22,12,ACTIVE,2023-08-17
9012d2f8-c3dc-43a9-9f42-feab979f5b27,CUST00000880,3da9c2a9-0ed4-4f1a-bd4c-bf374eb93eff,PERSONAL,24940.51,5635.496301848772,0.1268,2022-02-28,120,ACTIVE,2032-01-07
5763c5c0-1934-449c-81b6-69c67f6c945f,CUST00008260,0ad7d77c-9bf4-4cc6-af1f-be1687324f52,MORTGAGE,7388.96,2583.1841386025053,0.1408,2023-10-10,360,ACTIVE,2053-05-05
605a79a3-279e-4501-8274-f88a5cbe6bb3,CUST00009409,a542deb9-2cff-45f8-9bdc-74a98d3a5d76,PERSONAL,303217.49,197787.8237789916,0.0656,2022-12-10,120,PAID_OFF,2032-10-18
0bad6367-a3b5-4c49-b05a-fb4adaa51cfb,CUST00007223,f200c261-4d29-41ab-b455-12f701f7c7ec,PERSONAL,104829.73,93545.97116064362,0.1463,2023-04-30,24,ACTIVE,2025-04-19
993b1792-cfe5-4a88-abe3-ec98c32e6e52,CUST00005070,c05db774-132a-4e58-aa57-e880de9205ea,MORTGAGE,7261.51,2795.904142078973,0.1862,2023-11-07,36,ACTIVE,2026-10-22
bbfe7e0e-3a22-4851-a928-a048763c714b,CUST00003240,c02553ea-d7f2-4678-9489-8025548b2ce3,AUTO,2975.25,2058.599964761044,0.1564,2023-09-06,120,PAID_OFF,2033-07-15
4baec9a5-274c-41a1-84d4-0f6a622361ee,CUST00000508,47003fcf-deb2-4490-9c66-fdd96565e779,BUSINESS,12350.98,1664.8267140487806,0.0352,2024-12-01,48,DEFAULTED,2028-11-10
c22515fe-6f64-4a2b-8aef-9e25c9699ed6,CUST00007705,38491ecc-8891-47fd-a804-d0ac795741bb,PERSONAL,42266.66,22858.569591917,0.1044,2025-12-29,36,PAID_OFF,2028-12-13
5eabfb1c-fda3-4293-97b3-0cb4bcf71f08,CUST00001126,8941bdd3-9803-482e-926a-4bd0be125f8f,STUDENT,31580.93,29108.276627941304,0.0983,2023-06-26,360,PAID_OFF,2053-01-19
c5ee154f-6c3f-4efb-87ba-1cc7c58e411e,CUST00000886,a93c9413-1396-4289-829a-988f18a95210,MORTGAGE,144307.14,4031.336044844253,0.0806,2026-04-05,120,ACTIVE,2036-02-12
0963c291-242f-478f-b7f3-cc6c766b6138,CUST00002842,72d35458-61ea-4f30-a42e-707afe2bd987,PERSONAL,72033.0,19272.9594372672,0.1084,2023-10-07,48,ACTIVE,2027-09-16
1a0c0048-7108-4569-908d-6ac75baca439,CUST00007976,c05e5ade-b303-4188-b378-cb94478b2f00,AUTO,94311.04,12495.602954649432,0.0991,2023-02-09,12,ACTIVE,2024-02-04
0fa745c7-341d-406a-b5ef-f2a906fe3650,CUST00006566,b2051cec-c9f7-469f-a4c1-d21074be4b20,AUTO,35964.34,19173.362149912085,0.0211,2021-09-30,360,ACTIVE,2051-04-26
1f5c5c10-76be-4057-8002-a34fd3b060d8,CUST00006084,cf03f0c8-0eff-45bd-87eb-340dc74e48ff,STUDENT,2740.93,1862.8524190470177,0.0626,2024-08-12,12,ACTIVE,2025-08-07
43799d48-ce35-45ea-a25f-c9245c9557ea,CUST00004871,462e9af3-9962-4263-aabc-42b1059997f6,PERSONAL,16423.23,948.920960466619,0.0585,2026-02-02,48,ACTIVE,2030-01-12
88143a11-7b0e-4102-a6ff-ab6dc133ef02,CUST00002526,aa604892-3926-42e9-9b58-eb49c9784b52,STUDENT,108026.8,7592.601051652707,0.0829,2026-02-12,60,DELINQUENT,2031-01-17
3ad96cc4-c0ac-4a64-a426-d1c1feb24920,CUST00009118,aaf78c67-51d0-4109-bc90-2838d8741408,AUTO,20388.28,17730.243477938653,0.0514,2024-07-27,360,ACTIVE,2054-02-20
0faae5bf-b900-4086-aa21-e1537b2cefe1,CUST00004216,a9f948b2-4e63-44bb-be49-3f43b118f68d,AUTO,46846.69,21373.012878666006,0.0322,2025-08-11,12,ACTIVE,2026-08-06
516bbc7b-7c96-4c00-9903-0a15376d65f7,CUST00001939,23b8c1e9-3924-46de-beb1-3b9046685257,BUSINESS,13655.23,6321.710571933653,0.0554,2022-11-13,24,ACTIVE,2024-11-02
87b31442-3a6f-466b-ba8c-178b4e90b61e,CUST00003233,4fa03f26-f6f7-40cc-a9ec-8e49d1bdb8c0,AUTO,4699.83,4439.367277636006,0.1738,2024-01-08,120,ACTIVE,2033-11-16
e37fb2dd-2f8a-48e5-86bc-b0d00415052c,CUST00003745,03d33907-ce02-4d60-98ef-9a287f5da7f8,MORTGAGE,18306.0,5861.757125509841,0.1635,2025-05-29,12,ACTIVE,2026-05-24
12a94f75-d243-4439-8be7-df76713a9af7,CUST00006222,2904a6d6-e3e7-45ab-9c02-bc2935dbe396,BUSINESS,35016.38,31410.520893486057,0.0996,2023-05-31,24,PAID_OFF,2025-05-20
d8bfc4d5-80d5-4f85-8d3d-22c1d72d6882,CUST00003466,0d259caa-b8ad-4d87-ba40-45dd93dfd907,STUDENT,8237.63,8025.550111563765,0.178,2022-11-27,36,ACTIVE,2025-11-11
abf5c5d8-7582-40a7-b4a7-4d4353067ada,CUST00000441,12068ad6-12aa-4a4b-88ec-a4c81a71064d,AUTO,15466.52,3738.1681418443336,0.0619,2022-12-23,360,PAID_OFF,2052-07-18
2978ad8f-0cc0-423f-a221-6ec62e5a7731,CUST00000462,8505d91d-f28b-4fb9-95bf-1edb3b79da1e,MORTGAGE,5381.95,2766.5313845194455,0.1252,2022-09-27,12,ACTIVE,2023-09-22
427288fd-5513-416e-ac39-e3ba90080708,CUST00008804,b253d218-6c4a-47ea-8906-17f2747b6dba,BUSINESS,118050.45,63080.984310144304,0.0457,2022-12-20,120,ACTIVE,2032-10-28
af6c9f36-64f9-4ef3-8072-15b1c544966b,CUST00005414,07179ef3-3121-4863-a663-ed111d122ccf,MORTGAGE,14161.98,12266.655475836973,0.17,2024-01-20,12,ACTIVE,2025-01-14
25c298e5-fb34-41dd-a71f-a59b8730130c,CUST00005756,f8ef32ee-ebac-42ef-8b2e-1eb3b523b1f3,BUSINESS,194684.06,59166.069857846735,0.0435,2023-03-19,120,ACTIVE,2033-01-25
8e1483d2-2f99-48ae-b36c-1a10e4bc9bef,CUST00005013,6e5fbf71-9749-42b0-b1ad-e82ad05cc78d,BUSINESS,218190.06,174124.92859782817,0.0257,2024-06-24,36,ACTIVE,2027-06-09
ff3d782f-4cdd-4af2-957a-d46184255121,CUST00003164,a50784cb-c9df-401e-8ef0-0de1fb4f1972,BUSINESS,19505.1,18939.596267616744,0.0692,2025-10-14,120,ACTIVE,2035-08-23
6db96fa2-6aa7-42a8-b2dd-aaea0bb28d6b,CUST00006753,28628b4e-c714-4549-a04a-1fe29cc8f772,STUDENT,4852.88,4078.0529353697552,0.1822,2023-10-10,24,ACTIVE,2025-09-29
72007655-02a2-43b0-a2d7-e45d402c04cb,CUST00000006,0db5d441-2837-4418-af27-c1b9e3c6dedb,BUSINESS,964.06,876.465781669283,0.0433,2023-11-03,60,PAID_OFF,2028-10-07
aee5b68c-6093-418a-a472-3a97a7178558,CUST00004777,e2acf72f-9e57-4f7a-a0ee-89aed453dd32,BUSINESS,2421.02,1714.9402642539121,0.0795,2022-10-23,360,ACTIVE,2052-05-18
f2128a48-7a6d-4868-a4d1-2e3b34f5b8eb,CUST00007039,4ec3f970-956d-40e4-aaa2-6216fada98f5,MORTGAGE,2805.25,2535.821896517541,0.077,2025-09-02,120,ACTIVE,2035-07-12
b4d713fb-d5b7-4c6e-9c13-1f79114e16d5,CUST00006415,960be0f4-9513-4c22-9583-9b99a50a13dc,BUSINESS,174155.6,28709.661310165782,0.1643,2021-09-05,360,ACTIVE,2051-04-01
354f9914-5698-47e3-b16d-a24334def7ee,CUST00005740,6e663c0a-c1e0-44a1-bbf8-20f6c6523c3d,STUDENT,26205.82,18668.015017526144,0.0959,2025-04-23,120,ACTIVE,2035-03-02
ebbc9e9a-f786-4063-8c69-d4b8ba045dfb,CUST00003971,b7f330ad-c4d1-4310-a40f-92a4a77af8cb,MORTGAGE,39513.86,28919.29934151321,0.1301,2022-09-28,360,ACTIVE,2052-04-23
b10e91b4-6ae5-4c9d-b9d3-cba066a0835e,CUST00002607,e886a011-36f7-426c-9a9c-06792c3d17e2,BUSINESS,787.9,346.0306677468935,0.0928,2023-06-28,24,ACTIVE,2025-06-17
2018ed3f-9a8e-46e8-9bae-b471236bc49c,CUST00000099,2a7cf9e9-d7a7-47b1-88c6-2063a06303ca,MORTGAGE,3652.07,291.21046448381014,0.1193,2023-08-23,360,ACTIVE,2053-03-18
6e659294-876d-432a-a4a3-482f37c783d1,CUST00000526,3c862582-6202-435d-9756-fd3353ae1065,STUDENT,83334.65,51871.13173933484,0.0312,2023-12-02,48,ACTIVE,2027-11-11
79a59fec-d5fd-40e9-8102-d8ebb8d7529c,CUST00006338,a30c1e0e-69cd-4159-a53d-fc49f7410b94,MORTGAGE,33865.81,1756.9855379626497,0.0873,2021-08-31,48,ACTIVE,2025-08-10
e55b116e-680c-40c1-8d57-9ea09b7d5a08,CUST00001181,3facabcc-5ac9-4db2-aed4-d00579222d87,STUDENT,17662.38,6754.138200065518,0.1739,2025-11-26,48,ACTIVE,2029-11-05
cc1de42d-07bb-4002-b1af-6608abfc8586,CUST00008068,9b6fbe20-4b3a-4a83-a286-16f4bbf9a04b,AUTO,51393.32,20232.020052224078,0.1444,2021-08-27,120,PAID_OFF,2031-07-06
efa5fccb-eb24-4b05-845a-ede243641b12,CUST00009882,2b10a823-d777-4933-adf0-1fe06d572692,BUSINESS,256195.66,255919.61134461916,0.1967,2025-11-16,36,ACTIVE,2028-10-31
9760dd35-64b4-45c3-be5f-b9a285f801f0,CUST00009331,0f5f9707-a008-4c20-8272-88e6ff39a117,STUDENT,15810.61,4740.053032497813,0.1618,2023-08-25,24,ACTIVE,2025-08-14
0eba92ac-2d26-4022-bbd7-6e1fadeeb23b,CUST00004492,17584f23-1fa0-4802-bbb7-1494b7e767d4,BUSINESS,24441.91,20053.461309876384,0.1013,2023-04-26,120,ACTIVE,2033-03-04
5eda2838-c7b9-4bd9-95a8-edb9b1a4da6c,CUST00005923,cb68a34e-ca1f-4ff2-a823-442c9a87e357,STUDENT,29404.28,1563.4751202323364,0.1417,2023-01-30,360,DELINQUENT,2052-08-25
018af2d2-427c-4d5f-bc3d-bcd8c7050c5b,CUST00003072,08e94548-9b16-4cb8-a7bd-1db7f7808afc,PERSONAL,796645.01,422035.4287253627,0.1597,2023-10-08,12,PAID_OFF,2024-10-02
aff32a65-0680-4246-89c7-eb4c58cb5de8,CUST00005642,c8cba592-b0ca-42eb-8fe1-621ad6e1ba00,PERSONAL,944.79,507.0609309829346,0.0685,2022-07-16,120,PAID_OFF,2032-05-24
9a9eb406-d591-41ce-b18f-2155865b0427,CUST00007382,1f8b4af1-96bc-432d-ac11-7babd6642fe8,PERSONAL,61379.71,38592.48365161867,0.0308,2021-12-25,48,ACTIVE,2025-12-04
33342b79-7969-448f-a510-f963c5a1faa6,CUST00002793,0ddb0654-ce19-4f51-9da8-b3919494065d,STUDENT,18542.05,15019.156981516406,0.0931,2023-02-16,24,ACTIVE,2025-02-05
157470f1-be01-4fe7-ab09-ea4293e4d5f7,CUST00004779,93364f7e-83ef-49f3-a1c7-cc8a04351b64,BUSINESS,51542.27,39271.26066008756,0.046,2023-11-24,12,PAID_OFF,2024-11-18
989f5496-53ce-44c4-a7a1-550cf4fd7fd5,CUST00000015,df9b141e-c7f7-4da1-bff1-5840207e863f,PERSONAL,8216.84,6253.082029206588,0.0699,2022-07-31,24,ACTIVE,2024-07-20
f3986f93-6dd7-486a-b30a-0bb4da8fa656,CUST00002416,93162f53-e70a-4828-a6a4-cbefa437199c,BUSINESS,20466.66,8847.612973877509,0.1904,2025-06-05,36,ACTIVE,2028-05-20
507409da-0242-4b7e-86c9-77ec41e327ee,CUST00002686,45f72e6c-7b70-4f15-abfb-c97aeefa4d76,STUDENT,64030.57,46580.41368107669,0.1725,2021-11-02,48,ACTIVE,2025-10-12
bce4d414-a7ff-4051-ae8b-3239311d3751,CUST00009429,3f8c1097-c4da-4c2e-9bff-a27915c1604f,BUSINESS,2348683.0,1153944.87391016,0.1266,2024-06-25,60,ACTIVE,2029-05-30
0eca3630-7342-44e1-a957-a9dd5258e6d8,CUST00008160,bdc242a8-d1ed-4618-84da-c679d113b5ff,BUSINESS,74017.31,4955.546122427314,0.0922,2025-06-27,120,ACTIVE,2035-05-06
986abdfa-800c-4efb-b943-bf07bc9b5872,CUST00007927,3ef7839f-8df4-497b-98f8-001856fe4769,PERSONAL,6172.76,5494.8785004343645,0.0676,2024-10-04,360,ACTIVE,2054-04-30
