investigation_id,case_id,investigator_id,start_date,end_date,outcome,notes
f99f3086-c28d-4bfb-b1a8-702ad50965b7,43a882d4-7784-4a3a-b9ae-95c53d799632,33ae4a2e-ccb4-4b32-889b-780e64b5b84a,2026-06-13 15:59:40.883990,,Inconclusive,Score each cause bill scientist nation.
7e3a92ec-00f5-4461-83e2-ed8d537e0bc6,04b9170b-a01d-49d7-930a-ee80b824aa31,c4c5ad22-9935-46e6-a47d-89d35392612a,2025-12-26 05:34:02.896452,,Fraud Confirmed,Ahead despite measure ago current practice.
b0a14dc9-6a51-453a-8c89-03d714cdac5d,92f0a0b1-7f4a-4154-b92f-075e296bbe61,de435fc2-1a21-4c4c-829c-bec976c56075,2026-04-12 19:07:22.531068,2026-07-08 19:07:22.531068,Fraud Confirmed,Last everything thank serve civil institution everyone democratic.
ce0a9a4f-2c26-4e6d-9d27-bc1112ab7123,ae0a01b4-31f8-43db-a553-07717caacc4e,9cf46cab-9afb-46e0-a4ca-038ecbcf7a3a,2024-11-01 06:23:45.067562,2025-01-16 06:23:45.067562,Fraud Confirmed,Behavior benefit suggest page southern role movie.
43f14645-7ad9-4b93-81cf-e0f281866586,8751caf7-7968-42f9-a4d2-39f6c3f944b3,6aee5996-7817-4595-a3e5-4f99415c8285,2024-12-24 12:22:57.230192,,Fraud Confirmed,Bad fall pick those gun court attorney product significant world.
06f73b56-01ee-4709-80b6-8a743cf6c8de,76fe573b-8193-456f-a76a-2b8b7d7118f0,e07e7015-7b35-481a-a2ce-1b82ce38b5ca,2026-07-15 07:40:07.840385,,Pending,Herself law street class great prove reduce.
d340a361-7d48-4b77-96bc-b7c418bd7264,f1212225-4e0b-4522-8021-7347ea0e864b,bf7defdb-f734-47e5-a71b-0312081617b4,2024-08-05 20:56:51.190011,2024-09-03 20:56:51.190011,Inconclusive,Participant commercial rock clear here writer.
594142f8-8b37-4ed1-8923-408bd9cd55b3,333406be-b9f5-48c9-a5c1-0a1a195cdc18,a4f7ee7b-ad06-4bf0-a0e1-ea9f4ab6142a,2025-03-17 08:25:18.916488,2025-03-18 08:25:18.916488,False Positive,Detail food shoulder argue start source husband at tree note responsibility defense material.
48ce2958-1897-4e36-b016-da65b3d3f673,93bf7d4e-a151-4510-8e2d-23080a768dd5,2a0dccd6-5af8-4906-883d-12bfe796943f,2025-08-14 19:08:11.662281,2025-11-12 19:08:11.662281,Inconclusive,Central cause seat much section investment on gun young catch management.
9d954fe5-4633-4cd6-bb14-8f9ea7205bcb,ebde3e0c-9f8a-42b3-9fe1-6e243076a0b9,39e961b5-3e06-4f10-992d-214b9b3bf80e,2024-10-17 20:59:34.963536,,Inconclusive,Check civil quite others his other life.
b756f28b-c44b-4fd9-a1ab-f33a6ecf4303,67bde71c-d07d-4c3e-bdb5-44c38f574801,d743b643-fdc2-4af6-8cf4-379ad0687c21,2024-10-03 19:32:14.526091,,Fraud Confirmed,Team activity result race Mr environment political born itself law west then enjoy.
14587e68-4832-48a9-a06b-94913e41f79b,2c59af74-f874-429f-9c38-14acb8ba25cf,f5b1be3e-b900-457b-bb93-7416d9d40e9b,2026-01-11 00:44:30.159010,2026-02-26 00:44:30.159010,Inconclusive,Medical blood personal success medical current hear claim.
c96df663-0898-4b09-8d1f-bac8e1468080,f358f775-9489-46c1-a09d-80b1237d2bd5,b185b444-6dd6-4186-b3fc-18e02c4b546d,2024-11-02 10:59:49.604217,2024-11-08 10:59:49.604217,Fraud Confirmed,Truth out major born guy world southern dream drive note bad rule.
750100f2-739a-4438-923c-e08926d8b5b9,3f6fae48-a838-4021-aa27-821e0c4123b4,e83f1a12-9e6e-4f1d-a2d3-a4775837a7b5,2025-03-29 21:13:39.034884,,Inconclusive,She campaign little near enter their institution deep much role cut find.
e170ac1c-7113-4529-9416-2649fd9368d6,7ba5e8bd-4388-4303-a70c-6248ac2d8d0d,fd2316ee-1b17-46b9-85d6-8716ee927fde,2025-06-14 21:56:14.247410,2025-09-03 21:56:14.247410,Inconclusive,Just military building different full open discover detail audience piece.
7c63fd0d-d0fd-4863-bb76-07530cc00e17,80da3d4c-9565-4d85-9533-89d6bddddf05,f69aa3df-6acc-4d47-80dc-1ffb452bdb27,2024-09-06 18:53:40.169254,,Fraud Confirmed,Teacher audience draw protect Democrat car.
2fc25e66-6ef7-42b4-b64d-566cfa7881c0,db3858cb-dab2-45e4-a1af-a9203706858a,ac4cb476-69c5-4829-a31a-3cd238b92dc8,2026-04-08 03:10:43.324971,2026-04-14 03:10:43.324971,Inconclusive,Office drug list imagine behind probably great in tell approach president position art.
81e2bf15-09a2-43e9-911c-1903655b7e36,40c57141-5e3c-4e2a-abbe-643f5a709976,0f719367-e388-4121-af6d-2b1dc0b8540a,2025-10-21 10:13:58.457968,2025-11-01 10:13:58.457968,Fraud Confirmed,Eat couple large instead everything economic type.
e4d6360d-9990-4121-8ac9-73a5137ce883,a9a88c49-da93-45ec-ba06-53aa96df30b2,61637b7b-0d8b-4fce-aab6-1e499e620158,2024-11-25 02:42:44.866102,,Inconclusive,Better present music address behavior send door image loss ten total clearly able.
249cbb18-910b-4bfa-84b2-ac6e16fd1cc1,8d456bfe-aef0-42f6-89d9-818416092bd0,68d4a1c5-3f34-41ff-b818-4166507b0caa,2025-01-10 18:12:56.066980,2025-01-31 18:12:56.066980,False Positive,Expect recent room situation product main couple design around save article.
cdf88863-715b-43e5-986c-d130864bc4ee,5e501e43-6a46-4c94-8286-740c9e586358,c7a62776-5a24-4182-af88-f8fd3d0c74ca,2026-01-15 01:17:44.586668,,Fraud Confirmed,Once me system church whether bag.
78e2d600-19a1-4730-a64c-5a332680c611,a4bc61cf-8714-468f-85c1-932ffdcc3ead,9dd97a6a-25f4-47be-9ea3-b487d142a036,2026-03-07 12:24:53.683668,2026-05-24 12:24:53.683668,False Positive,Attack technology identify walk now often always bank price north first end prove.
36bf72e0-4849-4a11-9053-3807b32c4adf,798cf1ea-3c02-479c-b850-82e96479520b,3745ac78-a7a8-489a-9aa7-ac22be75d867,2025-09-03 18:04:42.906790,2025-09-24 18:04:42.906790,Inconclusive,How public feel first sell authority leader your you.
f396a38e-81d9-4ff1-992f-36e3e49a9204,1a3ad2fa-4b9c-4509-b1b6-1ba645f752f7,c5fcddcd-d79b-448c-ad4f-8c3e6ccfcfc2,2025-10-15 13:58:17.274315,2026-01-05 13:58:17.274315,False Positive,Media car give attention each expect just myself.
7d9821a8-80c2-4032-b9ae-cbffa25609e7,2205c9ac-c1db-4b1b-9035-0bbee22f42a2,69797e97-dd28-4cae-8ec4-ecf535a9f41e,2026-04-28 10:11:56.385832,2026-07-25 10:11:56.385832,Fraud Confirmed,Account stage federal professional voice care break blood network evening painting response.
bbb8c2de-4c4d-40b4-a4d8-4e62f8d7c05c,342145ba-9fc9-4bb5-8fcb-b2347a0ced00,08f2b3b9-4c62-47c0-8492-191139116179,2025-01-06 15:07:05.251024,2025-02-05 15:07:05.251024,Inconclusive,Measure economy traditional anything plant stop analysis four capital.
1a892406-125c-40ff-8ce2-816a3decdd96,2e7373af-2c30-433c-b38f-4694e4eefb8a,156934b8-bd01-4ebd-87fa-bb65318b45c3,2024-11-13 16:09:51.981841,,False Positive,Scientist necessary into act away third tough nation.
5624b5c6-c474-4fba-8cd2-aec40c529b4d,e6e633ba-309b-4a2d-81ed-0514a9f0a67d,c42ee7e2-63ec-4767-9c58-a264eb5b2a4b,2024-12-13 21:07:17.263560,2025-02-24 21:07:17.263560,Inconclusive,Need involve among half value win always group radio project government nice themselves.
27c94ee9-64f8-4054-871d-151f49cfce6c,6e374ed6-1b59-4958-93c1-0bf050bc1f2b,d4c5247c-ea91-4246-aefe-dafc388f3c05,2026-07-14 03:41:21.908668,2026-08-11 03:41:21.908668,Pending,Understand door class son computer include conference.
84e64fb8-cadb-42eb-bdf1-eff13e3046a7,f6b5ede9-fe01-47d7-af36-e99a7c513fba,a977b61f-0f4d-475d-88b7-1773fba0bbe6,2026-05-31 21:31:34.993637,2026-08-22 21:31:34.993637,Inconclusive,Soon ten specific environment skin blue the teach develop staff least.
737f7edd-8f41-4d19-ae48-708dca67d4a4,ea82e904-a683-46dc-a2e0-d59d8e584c1d,7a10feda-a13f-49e6-accb-cce858482e53,2026-04-12 12:35:28.436127,,Inconclusive,Development process huge everything attorney significant go meeting.
24194a27-5a95-4276-8d7f-b109f606ef9d,fee1ce8f-0516-48fc-9707-bfdbbd9842e7,e6efdc51-0b04-4470-b0e5-4c5ccb00fcb1,2024-07-26 09:46:21.935659,2024-10-09 09:46:21.935659,Pending,Former agree theory end oil worker although others generation skill job worker.
5c7495ac-5f60-4be5-a294-873e3df6b692,7f9c3146-b276-4d59-83e9-dd25193b194f,a4cbb6bb-bab2-4a34-b05c-1e0a6072a0f3,2025-06-16 14:02:41.444403,,False Positive,Couple and job mind southern rather vote say culture issue we TV perhaps.
6fba4f9a-a4b5-44c3-aa7d-93a1a8030285,0e6b1d1c-b129-431e-9554-39f9cd886d39,ba12f8c1-afaf-4049-8a19-bf1f84d2f52a,2024-10-09 22:15:48.425906,2024-12-14 22:15:48.425906,Fraud Confirmed,Rest feel finally impact I fast camera.
70b8ec97-02e3-467b-9319-1b3e308165e1,0aaf2966-444e-42fb-ac0f-e741c3723deb,c372fca4-e820-4863-abc3-11ed7ebe057f,2025-07-21 22:06:19.161062,,False Positive,Quality total past feeling nature a expert involve oil pressure.
b530e94b-848b-453c-bd51-7812eb18ab8d,039dc011-8699-4ba9-9729-909331ff4345,b2c64488-be6f-486e-8ee0-9b6ecbbe8101,2026-06-12 17:46:00.149535,2026-09-08 17:46:00.149535,Fraud Confirmed,Put memory soldier where save probably exist professional people behavior weight.
28493c26-118e-49ca-9a21-645d37068225,9cc5b8df-bc40-43a2-8c55-30d86a396a05,634a1453-29d9-4633-a2ee-c165f67c7c1a,2025-08-15 05:34:51.545458,2025-10-04 05:34:51.545458,Pending,Different current agency each little sure authority increase picture.
8a468b62-b9f9-46a6-ae83-c818afe48e1f,137e54e1-8ecc-4b1d-b511-f8fb430f4fc2,70dad310-9384-4419-9844-95d44b0a337d,2025-10-07 01:29:02.207864,,Fraud Confirmed,Manager during prevent accept seem show blood interesting compare when.
e934b733-2523-45c5-9596-af71fe819c6d,d7de7885-50c0-466f-a029-58ad933e9996,bbf58f45-3a43-4c98-8ee8-f8b92d886134,2026-01-26 10:40:42.248176,2026-04-24 10:40:42.248176,Inconclusive,Newspaper true building card let most.
bcb646c9-6cf8-4d33-bcda-1dda6fe7b226,4ea2f7f5-5363-4ead-83de-d863cbc2c6f6,fdd6d31d-13d4-4ff6-bca5-ea3c54ec9678,2025-03-06 14:20:34.213079,2025-05-28 14:20:34.213079,Inconclusive,Wear through partner rest measure store natural today season listen.
64f00e3c-d824-4883-bce4-5e54c8c5c4a4,024ff50c-71d4-46c0-9943-4a1f5180c4ee,34fd38c4-5fa8-4a29-a949-d0e07f3176cc,2025-01-08 16:02:01.899394,,Fraud Confirmed,Style everyone sing machine dream key require doctor from.
fd6e0c25-11bf-411c-b239-b476bfeadd77,2c80273b-5c1c-4d02-bfb5-27d31e48f7c3,d5509890-23a3-426f-aaf2-6e675d75b643,2025-06-08 15:59:39.584165,2025-07-12 15:59:39.584165,False Positive,Catch discuss really relationship ask imagine my.
6702d1d9-5c98-4196-a3c6-ebd59f4dadbe,1438cfd3-d158-4632-89c2-74a215f3b2f0,df60af37-7e40-4c86-ad1e-e35a3982e446,2025-03-08 05:08:31.894530,2025-05-12 05:08:31.894530,Inconclusive,Strategy hope show watch affect thing offer local.
9e32ba23-1cb8-4f71-a3a7-699c30b96fe0,13973e0d-4291-4c72-8fa1-42096565ccb9,18987893-73fc-43b4-bfb9-17f708cf702f,2025-05-17 13:04:44.144069,2025-08-07 13:04:44.144069,False Positive,Send table well industry section national owner determine detail.
32939d1c-ad40-4dc3-8c2f-d07b0207940a,120932f1-fbef-4b3e-8db2-fcd78548fcc6,df0fa05b-7052-4e0d-babf-18d5cd0a4e08,2025-12-27 13:14:54.040773,2026-01-16 13:14:54.040773,False Positive,Home protect something right subject try.
00839280-8afc-4a29-87a2-fecd38a19e80,f549b20a-95a0-4d7e-b1df-74c7f2395b19,09b90caa-b427-4501-9b3f-35599669ee45,2025-11-11 20:42:52.429312,2026-01-20 20:42:52.429312,Fraud Confirmed,Agree hour north agree poor career left anyone here deep force seven.
15a7f365-cf74-4694-984d-bdfce3414aaf,755da698-a081-493c-87d3-0eda82f2efb1,2ee9cf8a-e308-49b6-86f5-0f32a9b4c37a,2025-03-12 05:08:35.371700,2025-05-28 05:08:35.371700,Fraud Confirmed,Edge bank affect much yourself glass practice sit prepare senior wear.
4951a7dc-dcae-4127-8bd0-aa30bf1b16d7,3f6fae48-a838-4021-aa27-821e0c4123b4,79f73335-a244-42d8-a9b5-f25b9b263efa,2025-03-29 21:13:39.034884,2025-04-13 21:13:39.034884,Inconclusive,Perform draw list boy way let.
e3d1e65c-b45c-4d5d-b6b4-8df3c3099147,fb4e5d9e-91db-4012-bf33-17906afcfc90,9effd850-b235-421f-89c2-70773e71bf16,2026-01-31 22:39:54.276172,,Fraud Confirmed,Cold parent security boy standard who blue agent find quality.
94c38ece-dafc-48d3-869b-d0992eaad451,fee35abf-15f8-4d00-9d08-3a15c5b97cfa,11397914-61f6-45e6-af0d-1e5dfff3a95b,2025-08-22 21:03:52.793742,2025-09-02 21:03:52.793742,Fraud Confirmed,Walk cup option store drug recent feeling range south someone not.
d5464716-8299-440c-b813-9b81590f878d,bcabb9ec-0ab0-4813-9b77-329a133f2c04,a839b88e-bbca-4764-b581-db63fb3cf06e,2026-07-16 03:47:43.420764,2026-09-23 03:47:43.420764,False Positive,Into have media game support state black whether player stock religious itself.
0cc43f28-f413-46f0-b7f7-153ed2e8a60b,53e6fea8-e5d5-4576-8164-619535b61879,68adb88d-3221-4189-aa61-e133ebfef6cc,2026-02-28 23:31:54.671412,2026-05-24 23:31:54.671412,False Positive,Pattern try simple let stay or focus early various.
4740be6b-4026-4776-b0f5-92a5795aa362,f4b9c7fe-f4d7-49ac-bd65-912a23543122,0969a72b-abac-4deb-8c7d-cfa4d06c67bb,2024-07-23 18:15:44.736185,2024-08-26 18:15:44.736185,Pending,During let particular her agreement surface consider deep something future they.
f320253c-e2df-461a-a64e-3cdcaf52952d,025c816f-4400-41a2-bb78-a94d01a7c35b,4d2eb3b3-731b-4a97-bdb7-226e9ca0c60a,2025-12-28 05:19:13.075341,2026-01-25 05:19:13.075341,False Positive,New might course drop image new drive live Republican.
f2b1ee7f-eef6-400a-b804-5f5bd64cf706,71a3b45e-032f-422c-a4eb-dadb04e8bcb5,190ae8cf-91c8-4034-95a0-1734622b65d3,2025-02-06 13:37:57.412652,2025-03-18 13:37:57.412652,Inconclusive,Behavior develop reality fill ok list.
c538e583-a2c0-41e6-b837-e57d0a0934ca,6ece4310-df1b-49c3-9846-16da9b3ddce8,a7f8e982-868d-4176-b328-5b03e4b8295b,2025-11-07 23:27:34.911620,2026-01-03 23:27:34.911620,Pending,You nearly goal law fill discover return firm sea week real.
29368122-de2c-4e01-9676-95fe36d2461d,8e09a708-8d5f-4ed8-b163-5e5625a1a1ca,aba23bb2-b902-42d5-b7c4-0b03a5e09068,2026-05-06 22:26:01.535237,,Fraud Confirmed,Everybody operation set others wonder strategy fast guess few remain call animal.
3eacd83f-0632-4562-a1f7-cbb740714f28,198b39e6-5ccb-4605-a3c0-26fc05a16bb3,2527c11e-879b-4372-8480-e992e9a0d020,2025-07-21 02:20:23.826597,,False Positive,Recently call than make their off light key continue.
34c28bdc-1198-4776-a2eb-16a31e53df69,fe79ed9a-dbd4-43de-a32d-7c9dc27abfb5,5e8ba596-a1ab-4735-9660-878955774732,2025-12-25 04:50:55.106988,,Fraud Confirmed,Box assume man officer rather charge specific we be easy newspaper indicate.
ba4919f4-4491-41c8-9415-52e2575191cc,a91cffb2-5d36-4f62-90c9-eee276322a4a,2c60c296-a27e-4ec1-92c3-e7927a45ef18,2025-12-20 14:01:32.410158,,Fraud Confirmed,Difficult mission late kind team wrong figure perform participant science way debate decision.
b78eeca2-ca8a-42a7-b643-e5a27a8f4ff7,1a61bdad-0775-4ff0-90a9-de7db44a0ead,538a1da3-1d5c-4dc5-961e-4abbc7ddec70,2024-11-16 22:50:09.604241,2024-11-21 22:50:09.604241,Fraud Confirmed,Dream necessary choose impact ready like allow explain.
c98248c2-f3e0-4661-b150-d45f1994e233,d5659d5a-ae47-4663-859f-0f85d42b4ec0,43e91d1b-1ed5-4aff-93ab-9fc4e2dd6840,2025-06-03 03:33:37.890890,,Pending,Author do enough social operation sound cup boy different chance enter.
cdf16e46-6863-42f3-8e1c-47e9597c244b,05cfa200-174f-425f-b372-bc164cc33af4,d0e07aff-c85e-4535-87cb-44dc21df61fc,2024-11-26 10:46:36.887832,2024-12-24 10:46:36.887832,Pending,Coach film see notice eye buy.
a4b88138-b6db-47c7-a3f6-a1dbee9de539,4da03470-3e30-4c54-969e-9fd3b77aadf0,d6f6ab65-5561-4aef-bba6-c409950c18ed,2026-01-30 09:04:56.772688,2026-03-03 09:04:56.772688,Pending,Wall matter management ball always it focus economy before while structure.
6c9740b2-0da8-483c-a51d-86feede409ce,0357701f-8afa-42fc-900f-1e31ebe9fb05,7437e6bd-f1ac-4108-a241-f7b9685bcc61,2025-10-08 07:04:57.226942,,Pending,Yourself public especially American series like.
c42fe028-c015-4218-938e-4df5887d7a66,a9fefb6f-88de-4db0-8875-eec835b74595,9d44d7f2-85b9-4046-be59-14c1dffc82b0,2024-08-17 22:38:52.332234,2024-10-02 22:38:52.332234,Pending,Consider one play man before girl four prove tax.
711c6106-0479-490a-8352-d602a61a49ba,59df2328-0ba0-44a0-8ef7-daccd1f215d3,05fabdf8-2df2-4700-b67a-9d87fbc7b8c6,2025-04-22 11:23:30.617462,2025-04-29 11:23:30.617462,Fraud Confirmed,Explain war spend nearly lawyer fire follow wife identify method write price.
b9c9eed1-87af-4aa8-a9d5-a3b1a0cf48de,d627901a-171c-4826-a809-e59091d84e22,5284e255-03c4-4951-8616-94763a39c7a8,2026-07-05 02:08:06.288444,2026-07-13 02:08:06.288444,Inconclusive,Approach million performance material kind appear environment capital explain thing machine.
da5df7d1-1f85-4811-969a-de1f54c37587,77faa870-3334-42c1-80b0-ad81ea4d8aa9,d77bdcf9-a9b0-4e73-8445-7b65eac918b8,2024-09-17 19:42:55.293365,,False Positive,Participant dream citizen nearly need behavior yeah tree left brother strategy marriage respond meeting.
6a379ef8-babf-49a5-9235-fa4730507b39,f6d370ca-4343-483b-814b-5f3ec2abcde5,c244561e-47b4-4da3-82fa-b45efdd9f124,2025-07-12 02:09:49.742257,2025-09-19 02:09:49.742257,Pending,Woman during necessary himself two meet these tell everybody so increase various.
3dee271c-0e80-4079-975e-44632239c4ef,b55d3b88-5163-462e-8224-f0f09ec6c489,de1b748c-7398-4c92-b33b-fdcc99b11cf8,2025-02-18 02:20:46.496464,,False Positive,Executive fear only your majority chance.
a9cbb3ca-c9ad-404e-b64c-e2519b799021,aba5e9f4-5f21-4421-96ce-3c1f9b836c80,cdab6404-7f15-4670-b65e-ac0cc0ceff41,2026-04-09 23:42:33.935760,2026-04-19 23:42:33.935760,Fraud Confirmed,Forward several help usually thank wonder draw him task improve.
c5df4501-f24b-4562-9462-80d04bf8c862,e0bc4398-d824-4270-83a9-466102085c3c,a314c562-6ed6-45b5-87cd-7c126a88bbc4,2024-11-22 20:50:29.330686,2024-11-29 20:50:29.330686,Fraud Confirmed,Relate specific history professional star wonder manager already maybe opportunity thank them.
a58358b1-c0ee-4f56-8576-5f7b829add5e,16e626b2-c72d-4bf1-897c-1b4a6038e345,f3f4dfb1-ada4-416a-a20f-db42dc44736c,2026-02-28 11:47:46.028270,2026-03-12 11:47:46.028270,False Positive,Treat address century that wide avoid sit enter perhaps however bag forget.
b36d5189-2152-4fab-b32a-9b07a302d793,f3e0bbf8-ca67-421c-ba1d-fe1a222050e4,899d2868-8df7-442a-82d1-e16dbaee4795,2025-05-17 12:49:50.560946,2025-06-08 12:49:50.560946,Pending,Here first responsibility service their along attention piece TV young section its.
d2d1c639-c8bf-4b77-8362-ed4ab59155ac,37941a56-796d-45aa-ae0f-50caffcc6f9b,8d05db49-5efb-4944-97f4-bd121805ce01,2025-06-02 16:59:19.899100,2025-06-30 16:59:19.899100,Fraud Confirmed,Kitchen really tough animal someone fall hear.
b5f4539c-58d0-46b1-85c4-dcf4c8c7b36b,59c446f3-9117-4e2e-a368-e4470a53b841,ea111fb2-814d-46b7-ba4b-c2cc3dc21305,2026-07-17 00:12:34.293645,2026-08-08 00:12:34.293645,Pending,Include radio conference company participant him raise marriage on discussion point least.
b57705f0-2f69-414a-952f-d24fc3459c00,0d844465-4a9d-4b91-8771-74e76e0bf666,c132deb1-54ff-4076-b2a0-4913dfc14dd0,2025-01-30 21:15:36.267955,2025-03-05 21:15:36.267955,Pending,Top quality citizen kid generation onto police interesting economic suddenly current.
3ddff94c-af99-451a-9fc9-2317802ef57a,eb6349d5-1f16-4c01-ae7b-81e2d3527dd9,a1403436-e4ad-44c8-a06c-27b861af7a34,2025-01-05 17:11:39.994095,2025-02-11 17:11:39.994095,Pending,Blood high grow fast recognize against stop how account ten sing wind.
86d6a246-2f22-4b51-844f-428c2188a8cb,192cd6e9-beab-40e8-b3fe-7ac1c586438f,c63f8462-0089-4f05-b275-4accfcb35b1d,2025-03-07 15:00:55.511493,,False Positive,Strategy total simply discover soon despite couple economy sense should race carry.
5df43b87-f72e-4fac-826c-bd8a15c2c81f,fc7a286e-bf18-4b99-bc32-29ec14e1da7c,7635229f-c3af-47f0-8aef-721731ac3223,2024-12-31 23:42:28.076560,2025-01-08 23:42:28.076560,Fraud Confirmed,Position final kid often run bed far section compare car much will most tree.
6fd0e30e-3df0-4969-91e8-cd9281f5775a,c803caba-7dfb-4dc4-ba85-4788923144a6,ac5bbdd0-cde9-4233-8c26-041f1d9b2d08,2026-05-10 22:35:35.964566,,Pending,Trial want whose far that sound life away senior.
f3fc121d-c47c-406d-9ca3-5fb4959411a1,34b9654a-d183-4519-b817-ab14fc2c305c,6c7f478b-1019-471a-9cbf-38d3ca2cfd18,2025-04-03 01:45:08.351430,2025-06-07 01:45:08.351430,False Positive,Whose source hand so add Mr lawyer pull public once state.
bbb15489-f66a-478d-ad94-7f74543254e3,d3fe63e5-5767-4b0c-8b0d-0e0a960390c6,7dd52868-efcb-40af-b45f-27cde76f4f44,2026-04-25 12:10:58.270053,2026-05-03 12:10:58.270053,Fraud Confirmed,Push likely people wall foreign particular positive.
562c47a2-3cb4-4c04-9308-18f353ba2adc,3932c39b-ff7b-4bfa-a550-6a084749b78c,3903d075-144f-401f-bad2-1b2a5c2364f7,2024-11-18 13:11:44.087200,,Fraud Confirmed,Travel few impact cause watch fight manage best thought career law.
0370effb-ec5f-4ff1-ad7d-e19a76728949,6da34e4f-ebb7-4b22-b999-42c44a977939,1a403da0-6493-4313-81f3-ef8011b0a162,2026-06-24 02:22:04.304875,2026-09-19 02:22:04.304875,Pending,Industry score choice increase between majority impact week allow have kitchen wear.
7af0feaf-d526-426b-9a94-1b0d7f80ba00,747fc472-4d55-4d7c-bfcf-567c12bb99a3,373fd6c9-3435-4623-9461-1008d040fdf1,2025-03-17 23:20:50.179799,2025-04-02 23:20:50.179799,False Positive,Wonder happen top population art every why.
2081f6c4-b6f7-4c3c-ba6c-d243f59aa102,78db8195-3dac-410b-b160-e1fa026022cc,c500832f-e6f7-4988-939a-2c272bfd2aaf,2026-03-31 12:39:04.667126,2026-06-14 12:39:04.667126,Fraud Confirmed,Begin deep police wife anything four writer skin day stop never.
14dd7477-e60f-4185-8096-4203ef07a102,43400f9c-abbe-433c-997c-93668c39087f,bd2a7637-66e0-4ba9-96ce-aaff2bf4d5df,2025-04-25 05:53:00.743495,2025-06-18 05:53:00.743495,Inconclusive,Forget challenge too able teach certain candidate economy.
807648c0-c71b-4659-aa12-630802dd49e1,0ea06f2c-42d0-4e9d-be13-aa03b3233518,f84a20b3-91d7-4e9c-b940-2f4b2e6494df,2024-10-25 22:04:58.039034,,Inconclusive,Capital group small open administration enter.
44038c50-96eb-4800-bd9c-9e9e073f935f,b44a0671-20a5-4bdb-bd8e-e7d78bddf2f8,163fc226-5b56-4f9c-abf7-db931b9594d2,2026-06-14 23:53:34.770609,,False Positive,Moment second live sing message board mean war analysis situation term.
e253a2e7-fb30-4882-bc9e-5f7a531a9f97,583854cd-f8c3-4c02-8121-8b480d92b71b,167da64a-ca18-41a2-ae8a-f55fa073bda9,2025-07-29 03:28:05.718051,2025-10-23 03:28:05.718051,Pending,Poor all your suggest international blue Republican kitchen tonight focus chance.
7a6d5cab-9361-4e74-b955-a3123bcaef1f,c8c4c6d2-6fb7-4c1e-bc2b-32b7589b7078,e6751875-fe69-4aad-adc0-3d0a2587ea97,2025-12-02 17:18:28.508286,2026-01-12 17:18:28.508286,Fraud Confirmed,Plan nature foot yes most law painting between reduce table prepare shoulder result.
21bdc4b3-710b-4bf0-b25d-363efd83367d,bcfc8450-b60d-4d6d-a280-3b304aa4dc6a,3267d0b5-de37-4e59-a111-1835638b5750,2025-04-23 11:29:03.500209,2025-04-25 11:29:03.500209,Fraud Confirmed,Thousand including still human role fine fine effort well rather listen.
e80040f6-8c16-41db-a1cb-8e14f4e23608,90bb90f4-6741-470e-9f39-0c07c7b09bcd,575a1dd4-b42f-49c2-9c53-46995ad8cca7,2026-04-15 22:20:53.141858,2026-04-25 22:20:53.141858,Inconclusive,Behavior benefit school speech news only no.
ceb6d68d-179d-4a6d-8d7d-cd98c254b0b1,bc42499d-6594-4dff-b3cf-161027b58b19,5530063f-2558-4f59-8925-b2ae8b1db1c4,2024-07-20 05:02:27.703253,2024-08-06 05:02:27.703253,Fraud Confirmed,Improve them wait institution trouble anything explain.
1143ae37-2162-4f4e-99f5-18992ecb8ad9,ae884ffc-d29c-4f0b-b68d-0a95d96ae4dc,fb12b7c9-44ac-4848-8258-ef2da86a642e,2025-10-25 03:35:16.894980,2025-11-26 03:35:16.894980,False Positive,Official defense prevent difference board suddenly happen.
5ba0a18e-8870-4265-a296-bb47cc20117d,4703fba9-33ef-434c-bf23-eb0a7e8643d1,94ea7df9-5233-4a68-b9f3-0cf497c92e8b,2025-12-11 12:42:30.752617,2026-02-06 12:42:30.752617,Inconclusive,Difficult investment night should perform push news participant price really ahead event several.
f9f6ae3f-1d32-46e4-bf87-60c68d99dfab,5ae0400e-3a51-454d-93f1-7272cc282b87,00c2e625-c7c2-40c3-8e1e-a054b4bae1a0,2026-04-07 10:55:24.635145,2026-06-25 10:55:24.635145,Fraud Confirmed,Accept thank not husband center plan air second Democrat information.
e644be4f-d658-4cc7-860c-16fdba428f75,af51c510-d037-4b46-b504-6d8f83118330,d56b25c0-cbe0-4ea0-b0a2-70a1d599f238,2025-05-22 03:57:16.634522,2025-08-16 03:57:16.634522,Inconclusive,Find food walk other third choose senior anyone bank kitchen.
62420ab4-7619-4fac-866d-4721adbfeba7,3315aafc-7879-4248-b723-e656ad4b167d,7a92c501-902a-4dc3-951e-48c14e1f595c,2025-01-26 01:45:27.479686,,False Positive,Kind event sense box involve exist question main project animal house out account.
4d15f388-805c-48a2-a21f-4504ee16f0f2,129a10db-e547-4985-811e-926d0a895078,0fa59e77-66df-4408-b71d-d22687720bf7,2024-09-01 22:25:57.481400,,Fraud Confirmed,Should share face build market issue can mouth.
1647a45c-a4e8-4656-9281-012047e1b901,59409bf9-7d55-466f-9d56-b385a9add2b5,2b7057a7-06a5-4951-9be0-be5069f985ad,2025-10-31 14:27:28.687738,,Inconclusive,Street south author technology amount affect TV television office of remember individual boy.
12b922d2-1b27-4961-8bc4-5219756da4a9,3170f557-e760-447e-9140-690efd4df2bf,3b3479c1-9056-402e-bd2d-a5d35308e92e,2026-01-01 06:50:52.746889,,Inconclusive,Commercial way least ready gun join black job hundred bad.
b57743f3-4b18-49c0-8f03-99f8ef5766ca,9b482651-6e68-4961-81c7-de52b15936f6,547d4def-f80b-4a1b-ad73-1df2cf9ed114,2025-12-04 03:19:40.751793,2025-12-31 03:19:40.751793,Inconclusive,Develop single baby plan most create simply go when population.
2c154834-9f55-4d4f-adcb-01993805ba71,c8173331-7717-4273-8278-f9cb5652cb14,8a5526dc-26b7-4064-b94c-a751238e49d5,2025-01-26 01:03:51.708652,2025-04-01 01:03:51.708652,Fraud Confirmed,Chair culture own set pretty concern significant.
d176ad6c-1650-4e59-9de2-5c3582063c4d,297bb362-e29a-4cc1-b84a-11d54579b3c1,e427f411-066b-4548-9917-7dee328bc3ef,2025-01-09 07:59:32.102002,2025-01-21 07:59:32.102002,Inconclusive,Service large under north play person ten physical character attention kind field ever.
6de4ac2e-4113-4d56-aa63-fc0e82cbfa69,03af570d-203c-4b70-9941-5c5bf242b893,6acc13ae-6625-4271-a089-3797c759fe15,2025-09-24 14:24:30.109177,,False Positive,Avoid left also hard expert popular within bed order his oil west.
925d1158-d65a-41b2-ad4d-80fbf08587e3,713d0bf8-1e88-4d8a-bdd5-26f4f0883d11,3c416993-6ad6-41a2-b95f-6471b44a3ae1,2025-12-08 03:20:53.960975,2026-02-28 03:20:53.960975,False Positive,Last special prepare focus little character.
9a736fb1-b11b-4429-9abc-81a2c4049e47,2a9a711c-7114-4b37-9200-c59fa072ce14,607b763a-01ec-4c50-a515-0d9d316c10cd,2026-02-22 23:26:25.608230,2026-04-20 23:26:25.608230,Pending,Specific study word base position always remain.
ff881b00-a64a-4789-a8ae-3e71263a04e8,448e821f-cfa1-4ebb-a13d-1ccc160e8e7c,3c94cfa6-a93a-49d8-8025-e8e47ad55df2,2024-08-27 03:37:12.358037,,Fraud Confirmed,Mission city health executive impact full our smile positive at behind question.
94986f5b-4203-46f6-adb4-33885b07a93b,4a9f012e-c71e-45e8-b970-ef1bc15be73c,d54e81a7-cb36-430a-bc52-9ed95dfe5005,2024-12-21 19:57:26.487066,2025-03-20 19:57:26.487066,Fraud Confirmed,Their four old center glass whose recognize hot organization visit finally heavy social.
ef4a4f12-4a3e-4845-86ba-ac193d038022,3ac135d0-4422-4f4e-9d11-5ca5a3ca8d94,648c7c5b-b4d4-4e0b-abb5-3f6683b28cbf,2025-11-23 22:21:54.163774,2026-01-10 22:21:54.163774,False Positive,Behavior provide meet adult final week game she court yourself choice fast.
3e249924-f040-40fa-b741-558b06a0757f,e7a6c403-2b94-406c-8eb8-a3d952a1d27b,274773e4-a28d-462b-99f2-c2b7a06e76e2,2024-09-26 16:04:17.483642,,Inconclusive,Side strong this also from short capital heavy class story side speak.
531d9bc8-0060-4238-b5af-61a0540869de,f87b38df-ccc2-4d8a-9ace-65b137fe368f,92204b07-bb56-49fb-bfc7-3c1a1154920f,2025-04-16 06:55:28.468270,2025-06-02 06:55:28.468270,Fraud Confirmed,Analysis hair rest wide particular sell six doctor dream whole six.
895db88b-cff6-4fb5-94b4-c4b089a535d7,3d48ffb5-173e-466c-bb8e-5530a321031c,39720e13-ac2f-446b-9b4b-c15cb8d909ef,2026-01-09 22:02:18.820184,,False Positive,Happy water worker left example high month whom.
b8ef0f4b-597e-4f33-b8e4-890b01c00328,252371e2-81f6-44fd-8a1a-905617fee85c,d2782771-534f-4a2d-b01f-08cccecf4f9b,2025-11-07 09:20:46.016500,,Pending,Catch economic political them never bill suffer surface expect several evening town challenge.
1303396e-73a2-4f4b-8013-e04bec1ef6d3,8dd795df-14f5-44b1-a6d9-95033a3a5df5,ec553ca4-5294-4e04-8976-a7aff683e346,2025-06-28 01:30:06.794707,2025-09-16 01:30:06.794707,False Positive,Stage this us increase how hear history bank.
ec8c4cd4-0f8b-425e-bcd0-f4205052e125,e4f40835-320a-4d70-a63c-218838988633,ed6ebfda-f73b-4206-9abd-744dabfde5b9,2025-01-23 09:06:01.218359,2025-02-13 09:06:01.218359,False Positive,Us stuff practice social case expert stop receive catch relationship.
343986ab-0637-48d8-8ab6-22bcee2fb921,9bc72cf7-025b-44cb-9ca3-f979de6fe81c,590680fb-55c2-47d0-b5c6-fa005bec2090,2025-08-23 22:33:32.652069,,Inconclusive,Town affect democratic change vote participant.
61ec87e2-ad43-4ebc-b0f7-682afb8ed9c2,cebb82a0-e2a3-4d05-a941-e54ad7b45a07,6606f32e-4b1d-4128-8af6-5deca7d1200c,2025-02-10 12:56:49.877868,2025-04-04 12:56:49.877868,False Positive,Down business draw police performance artist student matter movie.
e12fc65e-9440-4c2f-9f17-b856ab3cf387,8f6f062c-a9ee-48dd-8c67-047eb9499594,18069e78-6742-4883-bd0a-8b40f4e80abc,2025-03-16 03:25:07.311527,,Fraud Confirmed,Drop century investment pass drive indicate professor beat window attack moment medical write.
39955693-86fd-4961-8a74-c554ddabc0d4,6337c20a-c904-42ea-bc06-5d44ad7f5248,b26fb002-63e8-4343-ba24-1bda98b55dd8,2026-05-21 00:01:23.364090,2026-07-09 00:01:23.364090,Pending,Them analysis hit health section ground attack drop price billion.
ebab980b-240d-4a50-9529-0dbd5187959b,df0bd547-0722-4c4e-b40c-a4b093f875cc,893ca77c-5b49-4d97-8923-406616834d17,2024-10-25 08:21:17.581790,,Pending,Card good full poor store range wonder long consider care.
e6170c2f-315a-4ddd-80e1-6f1445c5c282,b15e6696-9037-40e6-ab6a-9a7cbffaf180,2d537f90-547e-4488-84ca-9ddc7a54d51f,2025-10-05 02:33:45.208143,2025-11-19 02:33:45.208143,False Positive,Already cut social though firm financial huge spring list already positive.
e19e27ef-3948-4a63-ae39-cfcb566e383c,f4a60f0c-3e05-4901-86aa-1f480dcb317c,fc706e38-a5a6-4fe7-a7f5-c8dd369fb7a1,2025-08-19 07:26:05.401813,,False Positive,Tend forward buy happy threat sea.
0cd8ab55-3c99-4469-b52b-894c4ede4519,47d06684-7643-4197-9bd8-3b0686778604,55f4f85f-b002-4193-950a-19733b0d8cbe,2026-01-21 05:44:45.823078,2026-03-14 05:44:45.823078,Fraud Confirmed,Fund cost reality happen something entire bar interesting issue yet.
d321e9d5-0db1-4359-b1c6-33fbae2b147b,6888504e-6bb1-4422-866e-78d7a9722fe0,dcffecd8-840d-469b-8cd4-a0bc3ed61e13,2025-06-11 18:10:51.266041,2025-07-17 18:10:51.266041,Pending,Fly bag produce fill owner international ready goal amount.
30ce6542-51cc-441a-9132-dafab653fe9a,bc76ab64-84b2-4217-8bf0-8764fcbffaf2,95033a46-5ae8-4143-a1c6-b9ec3e99a03b,2026-06-04 01:38:33.017284,2026-08-30 01:38:33.017284,Inconclusive,Past itself police social arm provide image message seek civil.
da546e1e-7d75-4eb9-b866-ad0654f9d231,a4778c21-5481-4f8d-b996-ceef39168803,ec3b0735-d949-4df1-9ffb-df47b57296cd,2025-06-03 15:52:48.950600,,Inconclusive,Question just call door population gun we allow check last he know baby.
f429b6e8-6af6-4bf2-b057-7f0afc744574,09231f55-ac5a-4230-b6d4-ecca339f6ce3,1c6e66d7-bd9f-4839-93fb-4a25075b6fa4,2025-06-04 07:23:05.641788,2025-06-27 07:23:05.641788,Inconclusive,Huge power economic box save material hit no energy employee.
939445f5-f8dd-4038-a657-cff70d2602d6,3cfaadbd-2ed2-44ba-ae2b-2cdd77dd2abf,5933e6ee-ee92-4a93-8105-47f406d5f4e1,2025-01-30 23:06:08.762089,,Pending,Experience trouble make but table later together knowledge because radio suffer floor girl.
2df4a37c-4b2e-427b-a18e-368e0ec22fa3,e563d669-3950-43ae-94e8-3ef31741cb27,f9e344fd-696d-4a1e-86da-f50171c49a59,2026-05-17 17:26:57.393863,2026-07-01 17:26:57.393863,Inconclusive,Face feel church remember record company gun difference world society door management.
e288e877-4124-49cb-a974-80c7d82298ed,a817a5ee-5929-40a3-8760-f9bda81175a7,55f4bafe-8365-4ac9-8b6b-02b3463fb2b1,2024-08-31 05:12:19.759679,2024-10-26 05:12:19.759679,Fraud Confirmed,Hard sound necessary partner beat finally yourself rest moment shoulder statement available win.
f55b4f78-7368-4a2d-8dc7-37dd82968260,e4901c2b-9437-433d-8c15-b91a51d58bcb,a74cf24f-9ae6-4555-9be3-283f30bc841a,2025-07-29 20:55:59.015423,2025-09-17 20:55:59.015423,False Positive,Letter military campaign stop necessary onto should can me than story.
eb56b437-6bc4-4352-976c-7f1dec4e878b,e01c3774-5ed7-4396-a59d-6f495c8fd019,c2627225-cf3a-4cd4-ac19-005e92eff0d7,2025-10-01 02:17:19.604601,,Pending,Clearly follow remember generation wait thus suffer economy play.
db57e384-8e61-4c26-a96e-3ad678f99aaa,54c7f391-5b44-4c73-aff0-977d1c471532,69e4d14a-fc29-4f6f-9156-94f2035a88d1,2024-11-26 00:35:43.109786,2024-11-27 00:35:43.109786,False Positive,Person pass behavior political option oil commercial.
0d3c4e94-de43-4140-9c76-9cabc8c6a004,e9c3cdc8-dedf-42c9-8751-f9a6ae967655,3cce25e5-8148-4b65-8252-a32f62fdf231,2024-11-13 00:14:54.209670,2024-12-30 00:14:54.209670,Inconclusive,Front under American tell ball we side enough decision occur peace air threat.
def71036-e56f-4683-a6a9-309a124ab674,886b4180-8a01-41e9-9c12-d6eccd128093,97642f06-56f2-4cb3-b89b-a87ec24352da,2025-02-07 01:02:52.949502,2025-04-28 01:02:52.949502,Fraud Confirmed,Lot source rate father authority art keep machine daughter.
ce2de8d9-c9e1-4c62-be6c-7c296ed619e3,45f48532-cdf5-4a52-bb72-64db07d8b8c3,f08af16d-477c-4e94-a30b-512945555980,2026-01-14 17:14:00.243608,2026-02-22 17:14:00.243608,Pending,Technology floor write generation human set middle blood drop business.
39a5104a-5041-4a5a-9f1b-f6cae7a7a840,443e0cf9-ab45-40e1-8d5a-76e9ed2e0689,377ddb1f-a24e-491a-9f24-032342cfdc13,2026-01-26 15:43:07.496948,2026-03-09 15:43:07.496948,Inconclusive,Best face his past eat tend civil.
12482eed-c7e6-4b58-84f3-019df5e5019d,7c94ceb7-0a6c-4e08-9db1-53987c64749c,ef91c767-5e13-462d-a651-0f8766819c11,2026-01-28 10:41:07.536668,,Pending,Return couple city you level these market bed hotel lead drive on any.
54694da9-12ca-4792-ada2-17ffabb72918,e9716124-6bce-4452-a0e1-99f8e2cdab97,c653d30a-48dd-4854-a61b-460d8c611f2a,2025-05-17 06:46:57.839020,2025-08-11 06:46:57.839020,False Positive,Think pressure like Mr suggest issue think road shake hand hundred now crime.
16c1d664-0081-490e-8ce7-aff4880c5185,1c6c1d54-be03-4ce6-a23c-fb1fa279aab9,448cedf1-0a05-4008-a401-3cfe4248c890,2024-07-24 02:29:33.839613,2024-10-11 02:29:33.839613,Pending,Hit late near stay perhaps particularly.
ebd96f90-e4fd-4cb8-b035-4091b13a15fb,e61ec1d0-289c-4642-82a5-0a1a1c24595e,a22d74c9-8027-4bc3-b806-6bf67b77bbf1,2026-01-26 02:10:44.444494,2026-04-07 02:10:44.444494,Inconclusive,Hour some fund voice sense current meeting.
0a025cb8-2807-4a03-b8bd-f9e7bc13bda9,485e5904-f0e8-44c7-ab55-a4fe93b9870e,d3cad648-423a-478f-aa17-12556fef69e4,2025-03-04 12:55:42.618794,,Inconclusive,Although require sound mind chance throw.
d094d3c0-4205-42fe-ae00-bd93045ada08,ff6b796a-0cce-46bb-adbc-ce8f1ed9dd75,71058db5-fbec-43d3-bd8a-353780765962,2024-09-30 12:46:51.010572,2024-11-29 12:46:51.010572,False Positive,Five hotel pattern successful order medical meeting majority none little admit former body.
90bf9e35-7326-42aa-8bae-cf2e86b5a7c4,ca6f537a-afb5-4162-b0aa-33a80f69302e,ce3edc34-5de1-4cd4-9052-2d255ff68c64,2026-05-21 07:47:12.910269,2026-07-26 07:47:12.910269,False Positive,Someone rise read ago listen whose situation simply officer.
c83aa0d0-a162-4ad0-b5b6-22b2940d1df0,98bb5a0a-c9d2-401c-9c91-e32df7f37ac9,1b31c8c3-44cf-40a8-af28-2eb12bf21574,2024-09-17 17:34:26.763803,,Inconclusive,Lose modern return simple herself start drug occur red course kid industry include.
47ad0db4-9bbf-4524-a953-5b03518ddc10,cb9837c0-dd7a-46b3-8f16-542744b8d2e9,f684424d-0e4d-4b20-941d-9ec15e76be00,2025-09-02 00:56:02.432386,2025-09-14 00:56:02.432386,False Positive,Simple turn their save artist catch debate foot production moment finish community.
e4370f99-38ed-4026-9aa8-dfaf16c7e5ff,ab929100-e6e3-4c8e-9a45-3d09aaed3341,8c6d037d-7177-4855-acf0-29b1e7b58bf0,2025-01-31 19:42:50.537630,2025-04-28 19:42:50.537630,False Positive,National put test race sound enough machine whatever everything fear.
a58a1112-74d6-4b16-b05f-5e95a4c658a5,27997719-c85a-441a-b7ee-8674e7f9336d,656386a2-cc11-4cef-ace8-63926d28ef3d,2026-02-01 17:01:24.963998,,False Positive,Side relate real major look night various return explain.
90cab15a-2f54-4752-a250-3ae2a02ba26e,0b5cf091-238d-45b7-be2b-1465faff5b32,6eb81594-189e-4ff4-8a25-968a46e49909,2025-09-14 00:57:27.137052,2025-11-14 00:57:27.137052,Fraud Confirmed,Here woman stand west source fact explain research get kind either look.
ca541ca0-2fd1-4f2c-b7fe-88c13805c0eb,0cffc263-ce36-4a09-a805-0539c825f5ab,2f902c9e-1891-4f6c-b3a4-14e840b7967a,2025-09-11 23:49:29.968253,2025-11-09 23:49:29.968253,False Positive,Even no even body scientist dream anything toward difficult do beyond form.
5530a088-ede5-4071-ab88-4589f9a949de,312d7068-9e35-4928-b6e3-321977c16edf,898afdb9-02d8-491d-be32-032feac99879,2025-02-28 15:53:20.080450,2025-05-29 15:53:20.080450,Pending,Accept nearly upon imagine various there local.
dda0359e-bb4f-42bc-8161-b2f50e929299,134892d7-f8b1-4538-a2fc-076b44afdd1f,a8fd7fce-0521-4bd2-bb49-ad10302b8c3b,2024-10-25 22:06:20.524656,,Fraud Confirmed,Fly position traditional become off movement rich view tree.
32c9f19b-f1f0-42ad-b8d0-15b13992b7a2,463ff8bd-0b32-4c3b-b545-57ba15ba6e8c,cf26d0a8-a743-4978-8072-3c10f8acc459,2026-04-09 19:51:11.733305,2026-04-23 19:51:11.733305,False Positive,Value already structure small control see the face.
52582f47-6a9b-468e-a254-f83d8e22b8f1,73e4509b-d17b-4ed0-a10a-1fc936f13576,a6adbe5c-795d-459e-b2a7-0b77dc3c65cb,2025-05-12 13:01:23.299957,2025-06-04 13:01:23.299957,Pending,Nothing blue work expect writer myself management voice surface.
5e8b554a-b6a1-4700-8cfd-c75fa34b5c69,609f2c3a-720e-4efa-894c-31e423da186f,39799906-b0ec-4872-8d27-5fd9872bbf33,2026-04-13 09:17:17.404898,2026-04-20 09:17:17.404898,Fraud Confirmed,Speak former room possible responsibility add front far.
9a1255f5-3011-4e44-b425-14743d9c7249,861e5d52-5511-46b8-9ac3-1b145da7a247,9e1f3528-8a91-4e0f-b55b-e9776ba9d095,2025-07-29 03:36:21.729673,,Pending,Compare task today still middle beautiful protect continue.
5afd2517-26a1-46ed-829f-64448223248f,8ad23656-4688-47b2-9eb4-0ec2016f5b16,4e43c44d-e6e2-485f-8ecf-e945d0271c2d,2026-07-04 09:11:33.310796,2026-09-28 09:11:33.310796,Inconclusive,Very according himself land environment form old of end growth.
7639295a-04ac-46e8-a8ce-c8bf17a32172,0cffc263-ce36-4a09-a805-0539c825f5ab,2b7fbc5d-c6c3-4563-8ad4-b73c6857af37,2025-09-11 23:49:29.968253,2025-11-07 23:49:29.968253,Pending,Let civil rather type thousand show real.
96284dc2-e332-44a8-8cbe-d7e5e8a9c1cc,37552885-4e92-42db-bc3d-ea97ad5e70af,f018160e-9737-429d-b8ad-e1da31668061,2025-10-01 11:58:43.477535,2025-12-11 11:58:43.477535,False Positive,Happen determine whatever long lawyer writer health reduce tree.
86d7f5de-2d27-4a86-b794-05e4c0066127,1c6fa83b-eee6-4004-9ad9-0a1b22d04bcb,419e7a97-2cb8-4d99-9ace-9a89d92f3e77,2026-02-25 11:33:18.289826,2026-04-27 11:33:18.289826,False Positive,Seven quite other skin moment month gun true.
93b9ad56-9609-4110-af52-72f54f742429,85bf04bf-46e8-46a9-ba94-f07318911dd0,0612adfe-0dad-43a3-ac39-5faed342f3c2,2025-12-28 00:20:53.066193,,Pending,Total dark Mr clearly take kind quite response major together knowledge argue car.
20e5998b-81a5-4057-a0fb-e38abfa772b5,38ae1bf8-42ab-4fe3-a608-c2bad38bbd4a,ae298ad5-2a10-4f5d-a715-3c785836c984,2025-06-23 19:47:58.309442,,Pending,Around left southern rich how staff second official and general as yes various.
7c16717e-1bb3-403f-9372-acdecebaed40,0f739291-da0a-4d06-b11b-dfd998870457,44cc2f7d-5017-48dd-9a16-8f27f9bc1d06,2025-02-20 22:24:44.475948,2025-03-02 22:24:44.475948,False Positive,All important shoulder she within position inside year him thank trade heart.
b43486c7-d037-4cbe-94f9-fa012913aae6,4df8cf11-01d4-4545-93c9-dafd7e5048ba,05ea186e-3ecb-48fa-a005-0faa8e70f54f,2025-11-24 08:25:40.654658,2025-12-29 08:25:40.654658,Fraud Confirmed,Card team budget year hotel camera without strong series without leg rest.
60b86ae9-47a3-41d6-834a-88207c1e7cb7,0f560d96-1c14-4f02-9b60-c08b678c1b3e,2a51ac2a-cdf0-4a39-bbd8-e7ea1c57c9db,2026-03-15 19:11:20.625969,,Pending,Statement easy get every visit right both special information she.
8b59229a-acb7-453e-b384-63b2c646cc18,46ebf94c-e625-4177-9846-44308ab1e40d,163bbc41-28f1-4b72-af08-9d0f1645e695,2025-09-26 13:53:26.870260,,False Positive,Drive attack order land public the.
6b490109-bd9e-4b1d-93e2-eb0254e80f5d,59e2ce73-7844-46f8-9f69-fe6187d9cb02,93111cf7-54dd-4164-a563-26ba7637a2e1,2025-03-26 21:40:18.749822,2025-04-04 21:40:18.749822,Inconclusive,I doctor describe tell argue mean.
32b2644d-c04c-47d6-9ff7-dbfb3d9976cd,282385df-c511-4d41-88a0-a9cbe558ea18,05b99894-fe64-4698-905b-d2bffde4df1e,2025-07-29 05:44:51.591715,2025-10-07 05:44:51.591715,Fraud Confirmed,Five our pull fly few century produce determine feel article we they treatment.
b5778b41-5233-43c3-b6a3-90a09a83e881,10b163f7-72ef-4292-8d05-792a52ebf4f2,4dac158b-a267-4c1e-ac1a-4fca9f3916fb,2026-06-10 16:30:40.620574,2026-07-07 16:30:40.620574,Pending,New another general poor high modern recent impact feel contain Mrs.
00820199-7cfb-48f6-97b7-14c116e65b08,d611c2da-acd4-4f84-9f6a-2b59d3c1a40f,92a55d67-adc1-42e0-8a20-71e1aa5cd733,2025-01-23 10:57:48.592966,2025-04-08 10:57:48.592966,Fraud Confirmed,Feeling remain south trip none whose newspaper care.
629594d8-9d2d-4631-9dfb-6549bceb57ba,ade9339e-6d04-4d08-be5f-130cd98ad97c,fb1610d3-d043-4847-a9f3-2a5fd187b405,2024-08-15 07:13:34.575948,2024-10-28 07:13:34.575948,Fraud Confirmed,Form bad last he movie stop appear help.
d2aeca51-43db-4cb1-91be-d656594c79d3,5d3a6107-9535-4747-a6d2-8aab51a1c373,4e0494ca-1353-4633-a068-084abe3fdd81,2026-06-21 05:02:54.100229,,Pending,Them could seven right next look.
19801878-bd09-4572-8e9c-1a0c91b8af1b,73a0a945-4b56-4f24-9c2e-ad97298e3bb7,da4c3642-2ea1-46c0-95a8-712075598bdb,2024-10-29 23:17:21.978675,2024-12-22 23:17:21.978675,False Positive,Field training deep couple scientist section senior trial receive region.
7b2ed561-af62-4edb-8cf3-ec0abbfdf4a8,42e0d9a8-7ba3-4773-bfb9-027e4b6a1f4a,7518b975-f867-4fdb-b159-726074de511c,2025-03-26 08:00:58.965466,,Pending,Need simply herself move grow end mention market better.
6e53d7fe-faeb-428a-b013-fe562ff3dbd3,eddead85-312d-4591-b538-60411994002d,c6eaebdb-112b-4179-bcb2-ae13aad2b0b5,2025-11-01 13:56:43.434668,,Inconclusive,Seven floor data fine animal ten scientist administration network once result far.
6a0886ec-73b5-4d30-9d47-6dd4f6fa8873,9bc72cf7-025b-44cb-9ca3-f979de6fe81c,40097ccc-02af-4965-89dc-66765a196a0d,2025-08-23 22:33:32.652069,2025-11-17 22:33:32.652069,Pending,Here street material pressure range either start whom.
95da1418-cde2-4067-8e34-2815d1ef8551,9dfe9fa7-c628-4cb4-8032-8be885757088,c8bdf1cf-c8f5-4eb2-8883-1862c0f8489a,2024-09-01 18:23:47.977168,2024-09-23 18:23:47.977168,False Positive,Leave run goal cause national contain threat wrong whatever model stuff avoid.
a0b89a2f-1acc-48a4-b012-3d57a14e8c53,1ae9dee4-80e1-435a-8062-7090defbfc1e,cb5e7f6f-9381-4b3f-b0b3-cdfe32f00f75,2026-06-14 09:59:24.834756,2026-09-02 09:59:24.834756,Pending,Share include successful discuss religious across.
15781ee3-1724-4cfd-a8e9-35f6bad53510,115d84c4-3241-46c3-96e7-cbbe127e3c4f,ea931af9-ec98-4b4b-86bc-a4669495fa7d,2026-05-05 21:01:53.107307,2026-07-20 21:01:53.107307,Fraud Confirmed,Art point value tree process administration mother in admit reveal.
c4fea0bb-f325-4502-bd92-d35332be6b1f,1361a6be-2c14-4561-bd97-9b28661ad06b,1f08dfd8-10eb-4e90-b376-66a52e720643,2025-10-05 09:54:24.909524,2025-10-16 09:54:24.909524,False Positive,Admit spend purpose south travel blood benefit chance court.
4912e9cf-0f3c-496b-86d3-f1ac282efc64,ad46fa97-9cfe-418c-9a76-48acacd814c5,6170a13f-5705-4e9a-a8d6-642a6ef20464,2025-04-14 08:16:53.414521,,Inconclusive,Environment however health image north wrong difficult range summer president.
423d5b3e-5746-4fec-8bd6-47774abef777,7dfb7816-eaae-421e-9a19-67f670c23b31,5a6f3513-e980-4578-8722-a03a3e21abbd,2026-03-22 23:09:29.576169,2026-05-10 23:09:29.576169,Pending,Behavior here need argue act commercial.
810d5148-a46f-4fe5-bca9-a300f76c6287,62ffcf3b-193d-4804-a1a3-5c6a5d87e3f4,372ff862-1182-4ad1-8e5e-4ea22e8b8673,2025-04-21 21:36:56.679731,2025-06-02 21:36:56.679731,Pending,Population former with wind thus try discover top realize note even.
5ca540ea-fb28-4430-9fca-01d54aff3ee7,849c3269-ab7e-47e8-956c-5ebc3ea851d9,cc6b7abb-88b7-4425-9b98-03196081c708,2026-03-31 22:44:47.064399,2026-05-06 22:44:47.064399,Pending,Tonight nor allow up fire which onto sell require.
e1426d53-e8f3-417c-b900-0486f0e0d310,b2759ceb-2841-45ca-a8b0-14a03ecc98cb,3c968b23-6717-4a24-afba-74554eb40a81,2026-03-09 09:49:58.206653,2026-04-11 09:49:58.206653,Pending,Federal nor note support quality music.
84f1a8d9-947c-4e3e-9f0e-86117fa6a250,31f814a6-4371-4e71-b34c-1c672f90bd51,0841b0b0-7522-4b75-b1da-f86f8c85d580,2025-09-15 11:42:03.151318,2025-09-18 11:42:03.151318,Fraud Confirmed,So ready bad seat generation best discussion.
e2895652-ef87-46e2-9da8-a8fdaaa7a8fb,3d67aaaf-cf33-4e32-a24d-61d20624ecfb,0e4d8bb5-96ad-4c28-94dc-001dd5fe7c60,2025-11-02 07:02:23.789705,,Fraud Confirmed,Shoulder western however similar ahead event yeah make green wait it quickly produce.
96c56367-0556-45e1-a5fa-91b16c831d22,9b1cf4f0-27c7-4d4f-9e06-a1b67dfeec5e,653556f2-2d2a-4b22-848e-eb2217dee94c,2024-10-02 07:27:22.752996,,Fraud Confirmed,Far east available environmental here six child hope guess before wall know seven.
a4e2e459-4e02-4083-99fa-b1f71f97de22,6b960738-78a2-4abc-a5c9-a34692a0ca56,86248ec3-1eb3-4639-8caa-8ac48fbaa7df,2025-10-25 00:25:24.698573,,Fraud Confirmed,Cost large never impact ago government behavior.
b552fcf6-a945-4caa-b3cd-5ea0ee7c7362,94d57136-bd66-4a37-8e1a-8e2b8e26bd01,7c3afdc0-745d-4414-aa5a-a0ea91b25393,2026-06-10 17:50:50.449703,,False Positive,Tell activity including single right nice yeah drug minute rate.
2423db4b-87b5-4081-aa04-adce105fef8d,f844702c-0223-42e8-82c9-0e3bbf22dbd8,f28fb021-8ac3-4bda-a937-fbce8f759707,2026-01-08 08:21:53.564330,2026-03-10 08:21:53.564330,False Positive,Feeling manage as itself inside machine baby edge east.
f7cba4ca-1569-44ae-965d-2330669be220,b98d9f6e-a6af-4711-9a57-68354a66a9ba,737bb6e2-2e8b-429e-b12e-9292a0ded8d4,2025-01-08 10:40:59.320889,2025-03-09 10:40:59.320889,Inconclusive,Pattern leader career according how success here television key issue statement prepare organization.
39d5f7c9-7b48-479b-bc5e-9e59256debea,3fdb5c39-5c7a-4cbd-aa25-b0d0e9400c2c,84c52055-5749-4a9f-a389-6694792de3f0,2025-01-03 00:55:45.599595,2025-01-25 00:55:45.599595,Fraud Confirmed,Water cut fire who why fact reason make office drug heavy staff hotel.
b5be8e93-3ac6-4fcc-9c06-81841e968d34,785eb4b1-bd45-4d53-831a-cb6ef264a203,e2cb9e7f-ce1e-41d3-8033-b45bfa06d1d5,2024-09-17 14:44:31.732826,2024-10-08 14:44:31.732826,Fraud Confirmed,Customer young conference should agree road wall decide something story attorney summer some.
90dc1423-9095-4380-931e-af301edd24e4,1e3f3790-60a5-466a-b7ed-c8914597df4e,64307362-dd5e-46fb-b3dc-e9bd1768e190,2024-09-09 20:59:44.979289,,Inconclusive,Plan drug probably resource smile available wrong.
1d03d13e-790c-4920-bf3b-393f249cb4b7,197423e4-16e2-4afc-89be-3411c33e2211,bc200008-20b5-4435-b910-b96ccbae69b0,2025-12-26 18:10:40.767112,2026-03-10 18:10:40.767112,Pending,Move type thank industry already why reduce speech order trial body.
686831ff-62ff-4a43-b5d5-1472f446efce,8db19392-2276-493b-8e57-386d125fb4e8,709f9230-441e-4d96-b570-1924e013242f,2025-03-20 09:17:11.453918,2025-05-10 09:17:11.453918,False Positive,Coach partner none population position whom former someone black better.
7f175b0b-f6f5-4abe-a9fc-fd6248047eb5,7aa78a86-425e-49f4-8ccb-6e936084b819,386b3b48-2238-47e6-b1b2-1d45118a8276,2025-06-25 15:01:53.899513,2025-07-05 15:01:53.899513,False Positive,Newspaper reach determine hear leg quickly real character young lot far turn.
0f307fff-cc22-4d4e-9d96-9fe8723390fb,8b89ec7a-8181-4dc7-98cc-b1210d28d82a,29c2c908-9a70-410f-887a-684a63450490,2026-06-16 11:40:48.715213,2026-06-30 11:40:48.715213,Inconclusive,Give gas six miss give best reveal.
6d2edfb9-6ef7-4a06-8ef5-a89242a22fe6,a63940c6-b3da-4fab-b5c4-94d47177f5ab,463d9a31-403e-4a80-a7a5-2f7d4a181069,2025-11-23 16:38:22.417251,2026-02-19 16:38:22.417251,Fraud Confirmed,Feel special boy support possible quality.
7d5bced7-8c50-4cf3-b30f-5458268649bc,acec48d7-b5ae-4fc2-9514-18c66c572089,d791ed30-2e39-4599-8f1c-203102488264,2025-07-30 18:02:18.351076,2025-10-11 18:02:18.351076,Inconclusive,Might necessary former interview left something picture control price.
097b68b9-e9c7-44f8-acc2-48ded1f852d8,90926da3-ec22-4269-95e1-52e569a63ade,1baee4a6-985e-4886-a315-18e69cc81b41,2025-01-29 18:41:18.908161,2025-04-08 18:41:18.908161,Inconclusive,Third last involve above Democrat everything region somebody officer son Mr hand culture.
673ca459-4458-41aa-91c3-c1d03a9cbfb2,5e200eb8-c358-4b6a-8452-9fbcdc07a052,7ca97876-7f2c-4773-a118-026d8da00f0a,2026-03-16 05:41:11.221919,2026-03-25 05:41:11.221919,Inconclusive,Month police others particularly only girl suddenly pay sport relationship father pass.
c2cc54c2-9d13-4059-b0d0-d39f9e91caa9,26303be3-8886-4152-8108-f8dedf8893fd,d54a5c24-3ff7-4d26-a83f-6257f3d3fa48,2025-08-23 12:10:38.927636,2025-08-25 12:10:38.927636,Pending,Finish draw bring health center home others.
e465c454-e311-4157-bcdb-45ca2500723f,9daef75b-520b-4018-8fcf-6570481dbb43,96337362-ddcb-470c-b9a3-2b5ef8b93901,2026-04-01 14:24:10.999371,2026-04-15 14:24:10.999371,Inconclusive,Control player really population yourself never majority cell fire late approach.
a5906eae-cb17-45dd-9d76-fce418109563,9fa372cb-af36-4145-a412-6746f546e154,77758516-06ed-45f2-a4c0-8f543ed7dc6d,2026-02-06 12:29:32.118321,2026-04-29 12:29:32.118321,Pending,Machine crime himself no president important.
7e8965c1-75aa-453b-9573-8e1a4870ed70,c59d42e1-6b32-4fe4-98fd-d660fe65d253,184ab0fc-2c86-4972-b57a-c40bf755a2fc,2025-04-05 16:14:44.434486,2025-04-25 16:14:44.434486,Inconclusive,Major bar air set factor ever Mrs collection leader score she.
3a4be7f2-719b-4312-bf99-e24026c1e428,9e219073-2f90-4574-b3ff-13aac0f9145d,ad5dd041-ee2d-4f9d-9425-bfdbd626244d,2026-07-04 12:09:10.949270,2026-09-21 12:09:10.949270,Pending,Of environmental myself yard my series service.
f1133128-758f-46f3-a94b-e9971434a82f,025c11a7-2e12-4a0f-97f0-216ac4112dad,1daee5cb-d08f-49b3-a512-87ee1b6b9b49,2025-01-05 11:37:44.441432,2025-03-06 11:37:44.441432,Inconclusive,Wrong bill stop seem fear yourself last give.
b3fcf119-3876-4209-b337-64588a58a3f7,f8638b67-6f2f-4357-9292-cbb428cc0454,7533971e-b6ee-4db7-85d7-7d50b9a885c0,2026-02-01 17:01:44.796288,2026-03-15 17:01:44.796288,Fraud Confirmed,Tend bring speech decide scene ready technology particular into pattern size.
4b07c17a-43f8-4ae4-b008-ae0a6b560329,efb82b57-b963-469e-8508-82eb6316dede,754ddf2c-a06e-4b93-bfaa-3e1608adb78f,2024-08-27 14:35:18.480335,2024-10-02 14:35:18.480335,False Positive,Now mother others collection without fall.
8945bc01-86c8-4cb5-81bf-1be04c0ccde0,f51ab647-afb6-429a-8988-8140c1fde050,6dc62aa4-9648-4a59-a9b4-cdfb6f2d275f,2026-01-14 21:04:37.707945,2026-03-15 21:04:37.707945,Pending,World quickly believe while size try yeah term camera tend economic represent.
70ac4e29-35ec-4f5d-9db9-3fbd4952a0ca,332c5926-5695-4486-989d-a5f9fc425aa2,7792066b-cf0c-4d8c-8903-74d470146055,2026-01-16 17:46:17.020288,,Inconclusive,Majority officer environmental increase later plant they behavior middle everything view.
acc45416-57eb-4cfe-825f-f5f905666149,bb77f933-92aa-4f36-9b0a-8a538d98dbae,0bb392e1-569b-4a3b-9b69-9488916a5471,2025-03-19 20:17:51.068787,2025-04-12 20:17:51.068787,Inconclusive,Force able similar run room learn professional group as move design involve.
d6bc20c1-d3cd-4fac-a683-eb5a63b8d4f0,a7c46b11-f039-4f00-9661-d12451a4c502,78f73b7d-4bb0-4ec3-84f9-08169c5eb318,2025-10-20 18:35:35.103777,2025-11-23 18:35:35.103777,Inconclusive,Follow exist natural candidate system small thus several animal.
55792a2e-caf2-4ed4-898f-8994a413a9b8,c40b4281-44fc-4a04-94b2-1544a2bfe58b,28e69378-1f72-4022-b37b-2fb2f9787889,2024-09-01 21:19:06.517524,,False Positive,Administration upon citizen lead yeah into yet travel think few themselves.
dcbdc250-2491-4e76-b5b0-4821cac8c754,874aaaef-91f6-4d49-a21f-a8042f0a7c12,81dbdc8a-bed0-43d0-8864-0939500b5932,2026-06-01 21:23:12.672148,,Pending,Pressure economy head tough close how figure.
bc5724ee-caff-47ba-9bf0-743e308a5c94,57640689-0e54-4aac-ae64-8b7cd06d2df9,6fa85bf3-a912-444b-9323-d10e1719a485,2026-02-02 22:28:56.088939,2026-04-06 22:28:56.088939,False Positive,Investment before believe degree back order mind knowledge.
2a61983d-3491-4351-be0f-f54f601fb342,e42ea90b-6bb1-470e-a316-8b4cbd4ec109,03f0b2b6-d3c4-4ae0-b6e3-a58a9dead8a6,2025-07-01 10:32:48.826288,2025-09-28 10:32:48.826288,Pending,Stage write institution car audience him room bill finish thing.
17270c09-fa80-47cc-8221-36836aea3569,67d7c7a0-4d8a-4df3-8e88-8b4841665566,99f9791e-fc9e-49d7-adb3-93f5a3e4ff2c,2025-11-10 14:59:46.889518,2026-01-07 14:59:46.889518,Fraud Confirmed,Political quality attention none particular clearly goal.
237c27b2-9cfe-422f-afae-789914182df2,badb9647-4213-4be6-b768-b54396c2525a,cd8454ff-13c7-4a50-81b2-ccc928022e9a,2025-01-14 11:24:40.111771,,False Positive,Turn pattern kind describe to cause but.
779a9278-733c-4729-af9d-d19ee52f994c,b150bbe9-5b83-47cc-b4b3-96a8cc2aabfd,9dbbdb53-f1c4-4722-b603-a17dda61833b,2024-07-24 12:53:56.526999,2024-09-02 12:53:56.526999,Inconclusive,White fire cause everybody base network outside parent single real.
7e6c7f4f-c1a8-4c4c-ae94-54b7b2500906,8429bb1e-16b9-4cc5-9a9a-43df03c07805,a6b3f98d-feed-4e4b-8b21-1507e9b19dcf,2025-12-21 11:11:08.411545,2026-02-20 11:11:08.411545,Inconclusive,Day parent country hot position six soldier dream history.
c4812f62-0121-4122-8949-dbbc3029b3f9,599078bd-0d3e-43f7-8a26-1c66e909a3e4,1074922b-5021-4369-a63b-f26900b60b3d,2025-06-30 13:27:49.403853,2025-08-24 13:27:49.403853,Inconclusive,Audience thousand activity guess first hit stuff inside national common likely would authority.
a01846b0-47ac-47cd-b3e0-4ba4b4711438,0081d8ed-5206-488b-a79a-7156d993e952,6d1bd3e5-c622-43e5-8988-a4f0b86bf0eb,2025-05-07 18:42:37.014566,2025-06-22 18:42:37.014566,Inconclusive,Energy always art smile media pick.
11a78d31-aa3d-45bc-a432-a8eaefe6606b,4afd3141-74ac-46a8-95cf-02cc30a90ee0,c0430114-4a81-4a92-b5c2-27369cb5da42,2024-09-01 14:12:09.150756,,Fraud Confirmed,Interest I policy Mrs check base bad TV window choice force.
2c1cd328-8b2d-4f3c-a908-824328328ca8,f559978a-ed2b-48b2-9357-e6cfacc37450,2f50c144-1ff3-4711-b62f-c8140b780bc0,2026-01-03 21:54:55.332727,2026-01-28 21:54:55.332727,False Positive,Financial join well draw each under.
b3b51492-b83e-49a3-86c6-08685a931e50,66cc4969-67b0-4fca-9ca8-31254dbdd7d1,6ed9e176-b6c4-471e-9857-0e50f9c3ccd2,2025-07-14 17:08:04.694059,,Pending,Participant finally score scientist budget remain reduce clearly well mission situation result cold.
415fd528-591a-4e49-84fd-5ce048355d66,92a9bd9f-e5da-41fd-9962-39b4e9ad5b45,d51269b1-0680-4ac9-9571-8e33a2709beb,2025-03-02 09:00:27.422963,2025-04-07 09:00:27.422963,Inconclusive,Run brother tonight friend investment model enjoy window physical.
30061d82-082e-43a6-8511-7212efa12553,59df2328-0ba0-44a0-8ef7-daccd1f215d3,68a742dc-7d4a-4669-a6ce-c37e3590f065,2025-04-22 11:23:30.617462,2025-05-05 11:23:30.617462,Inconclusive,Growth matter note happy effort bill off reveal direction meeting analysis television.
07d70a46-ddc8-4816-b5ed-82e50e012e31,d44019ad-9358-40a4-9429-c9fd159deb89,0048bb3a-39fb-4807-bd09-a0bb147c3994,2025-09-11 20:36:43.338758,2025-10-11 20:36:43.338758,Inconclusive,Hair turn condition whether along sort research pretty different eat trouble floor.
efafc1fd-633e-417b-b924-eb7feb127096,6fed0d41-eb25-4d05-a54d-c3abc05523e3,a8a3863f-8a34-49c4-a444-ed6e3e51390c,2025-05-23 02:07:27.563766,2025-05-25 02:07:27.563766,False Positive,Head maybe top conference source wonder west attention let executive suddenly force network.
c6bcd26e-f1a0-4cba-b2a2-7bb7cd05eaa8,de7b5927-acb0-42d2-be70-d93ef50e0692,12c13d78-ec0a-4567-baed-ec03df8cd328,2024-11-04 20:58:20.339920,,Fraud Confirmed,Factor six science drug happy will young simply.
2579e0eb-88b6-41cf-bd46-59444cec6d84,6bb6040d-d968-4f81-8d56-b608a6e30def,7f5f8198-b25e-4b6d-afd4-2e209c7acff9,2025-12-22 02:37:23.073265,,False Positive,Set early according improve do get style theory week ability price support.
45f4884b-792a-4bcb-8efc-3bd8f54f6198,ac912435-0a47-4892-a12c-148f8bfd18b3,db6760bc-becb-4f1e-9fcf-c9a51fe758ec,2024-08-22 05:31:07.637880,2024-11-12 05:31:07.637880,Pending,Day work information which win central evidence.
9a71768f-656d-44f3-81c6-2ab282a2b25a,2e8ac99c-9a64-4e4d-86f7-5fbf2c61e282,3ec5d8c4-7520-4736-880e-c6e25ac125eb,2025-11-07 22:07:56.049826,2025-11-21 22:07:56.049826,Inconclusive,Today mind red head window be believe card.
944ee92d-84b9-4e7f-86b3-5c482efd5dae,e9a57200-f622-4ce3-ab9f-446d86beb06a,b057d7e4-1c68-4c41-a5bd-fef8338ec632,2026-01-21 18:49:11.327749,2026-03-23 18:49:11.327749,Inconclusive,Option artist production candidate factor surface.
1e2bfd28-f0c1-401e-844d-8f40c3c270b6,71b37113-03ec-4ee4-853c-ed249080f769,8933cdc3-f46a-431d-92ef-db280a5e6696,2024-10-03 12:47:05.357219,2024-10-27 12:47:05.357219,Inconclusive,Red save fish evening avoid dark sister once choice clearly letter.
863b6ed5-674f-4ac1-8d9a-1fd85baf6405,1161ae02-1c31-4fd3-9549-9a8826972508,32eb157b-0c40-49fa-a6d9-5b1d4acd4892,2026-07-04 18:25:07.496996,,Fraud Confirmed,Group show later leg system bed space fight relate owner Democrat task.
6e0ee186-b19e-424c-8073-bf8be7fcd26b,eb2ebe0c-0dab-453d-aa7b-f2cfbb19c4aa,bf45c7d7-e87c-4a14-9dc2-b64abf3f7174,2025-03-22 06:08:04.235269,2025-05-13 06:08:04.235269,Fraud Confirmed,Why how any federal star community weight take new.
7c65eaae-41a9-4bbb-b2ee-6b98f7285708,ea91b5eb-3e85-4efe-a36d-cf4ad6274257,b8582b2e-1c89-44c3-b5de-a9683c323070,2025-02-13 18:49:49.533901,,Inconclusive,Left sound cause activity store work candidate.
ec2f0aaa-aff5-4b4d-82a1-4e302f7b1133,b008d682-9386-4282-bcbf-e2cacf787e58,b019faf7-18ea-47da-b2d3-5d977c29422f,2026-03-12 20:01:09.821739,2026-03-23 20:01:09.821739,Fraud Confirmed,Rather visit base only true avoid young cup position speak.
8864dd9e-55a7-491d-a909-e0d70cb6495b,20f8267a-8ec6-47de-a649-e31bdc86ddf9,bd0c3d5c-e7a3-44c2-9738-686de5813e78,2026-02-26 04:44:31.578451,2026-05-09 04:44:31.578451,False Positive,Business walk anything under item right many him interview government.
380180e5-00c6-46b5-9f0f-5d161dedc7ca,5d9d0d66-4788-4ca9-98e1-f74ac657fc92,0dcfd62e-0877-4220-8f15-ed67eb81ed9e,2025-04-07 05:29:05.404512,2025-06-13 05:29:05.404512,Pending,Evidence third alone people early far include nearly article.
57b3d343-c31c-4a93-b958-12fbf8838075,79d29a62-4285-4579-8643-745579900bad,45633e18-0f22-4f74-9571-8292476768dd,2025-09-05 20:43:17.752171,2025-10-14 20:43:17.752171,Pending,Information poor something eat yes myself affect.
70e7bf8e-ad55-4006-b9a2-bfe125380f02,c32a7cf0-0e62-4d4d-9a77-1a43651e61e8,4e4e1dbc-4f99-466a-8b96-0672c71225e1,2024-12-25 18:31:33.709123,2025-02-03 18:31:33.709123,Fraud Confirmed,Look sit general not focus establish ago others ahead specific.
ed58f69f-6ca9-4efd-96e3-aa86ed85f00f,2135d20b-f308-42f0-b61e-7b395cc5159d,0a2c2102-f12c-48c8-a06c-d1da995b0f21,2026-02-25 05:25:04.069646,2026-05-15 05:25:04.069646,Fraud Confirmed,Morning short yourself wind beyond prevent entire staff true argue you detail.
84ebe775-91f4-4623-8209-233a444807e0,c19d6672-d580-4299-b0f0-916037658239,ef33d2de-b827-4e06-98dc-03d39eaf392f,2026-01-02 11:32:32.233586,2026-01-29 11:32:32.233586,Inconclusive,Great stuff suddenly compare or south recently trial agreement red.
17fdd874-6307-4edb-abc2-437e69f8e820,7e183dc0-81bc-4432-8885-73546f19c886,dc6082f9-81db-4eb4-bdab-9c12bfd124f3,2025-09-16 15:36:50.675152,,False Positive,Center way student special wife my compare also argue own after long forward.
c88cea32-72e8-416c-9cdf-67f122315fe0,6f39ac06-2f94-4393-b6db-2ba98d6eb27d,beef4bd9-ca07-4540-baf5-e5f6b271bdf5,2025-10-13 17:03:39.284048,2025-11-05 17:03:39.284048,False Positive,Future concern sort than arrive challenge relate.
9e3aa250-52fd-4580-8f0e-95fc4e4a696e,095a8ae0-8bc2-4fc5-8603-94f630efdb48,849c5667-617b-450b-8110-2a0f882ef238,2025-04-10 20:44:25.338957,2025-04-11 20:44:25.338957,Pending,Suffer team whether health walk how big.
8f068599-4d24-4c45-8c12-396857b3bc47,7ff57110-624d-4cf6-b104-4b1ca3f27ca6,af2f9d3d-69aa-436d-8fed-1c90d76e392e,2025-02-15 13:40:41.754200,,Inconclusive,Wish run join police maintain fish religious.
a380a301-7585-4cca-bd36-473f951aa501,513e014b-5588-4ecd-9d77-da61d10fc5f3,479a3ad5-28eb-4a8a-95af-71d5cc4f1fc0,2025-03-05 23:41:56.872263,2025-04-11 23:41:56.872263,Pending,Skin development open compare fill read camera rock we we hot yes whole.
c052ffc6-9474-443d-a345-b48e33375ef8,7c20bdca-c4d3-4430-b578-c457a311a927,72837355-1292-4c7e-80a8-2d9058cf0c69,2025-05-03 22:23:13.310413,2025-05-13 22:23:13.310413,Inconclusive,Fish speak particularly policy bit many former back get floor player white start.
c70ec9b7-d69d-45eb-8323-c9d3642af1a6,59f3efd5-2f8f-4e2e-8871-6d02d3307eab,27bcd30e-5df4-4759-8726-eafded408643,2025-04-24 05:47:13.741011,2025-07-14 05:47:13.741011,False Positive,Land enter economic attack either blue ability history run why.
c0552874-0e9c-475e-8a80-50f805cf97ee,4d101ca1-7871-4ac9-b943-10bc67b767e6,f32dc463-0868-433b-ac15-ef7b62e3a268,2024-08-22 11:58:04.948112,,False Positive,Think goal heart stock small official serve difficult later son almost after.
d4b71fb3-f176-4802-8ade-57654946a1a1,3d79ce34-bbda-4e4e-8f7d-f326e699d148,1fa9ee3f-f7ee-40f0-be89-f5c84f22c19b,2026-03-16 22:53:26.957688,,Inconclusive,Avoid color heart rule natural together behavior.
85e3e113-a087-4dd3-a1ea-f27279ec7aef,3020b0e0-fc74-4f19-bd6c-b2840305fa4e,8dbcc534-ed2c-4e55-ac55-f8ba665eb935,2026-06-05 03:48:49.594060,,False Positive,Throw relate issue president parent its approach former window important never understand music.
49d488fb-5228-4656-8997-7cdf460d5452,4f3a5aa9-82a5-4cbe-930a-e6ade2f31189,46c7b5e1-c284-43b3-ad07-79752567b7c7,2024-08-17 08:21:32.319899,2024-09-26 08:21:32.319899,Inconclusive,Down anyone occur style child guess into far product.
f38e7153-9995-4a63-96b2-1372eb4a8e01,c9019909-9fe7-4fb5-b81d-dfd20a46023f,b3694a9d-7feb-4460-953a-d8c26807e419,2025-07-26 11:07:22.087904,,Inconclusive,Best deal point with list break size likely.
7d05a9db-85e9-43df-a608-3dabfde7460c,a0ede17f-e574-4432-badb-2eb910e32834,257090e7-84f3-4765-b575-1388d7fa52f1,2024-12-13 13:05:55.978340,2025-03-13 13:05:55.978340,Inconclusive,Before name continue those hard knowledge enjoy let difficult.
219d15b2-fbff-438b-a734-1a2157b0b388,bbdffbe6-e7fc-4616-b5ef-b09c23fdfc6f,34e67fe3-7197-4bda-bcb2-3c0969f763c0,2025-06-30 18:36:41.615745,2025-09-03 18:36:41.615745,Pending,Character recent benefit property space including.
6c8a9351-ede0-48c8-ad08-dd2b48361be6,c7872e1c-646f-4b71-9b2d-09174818d8ef,96dfe289-66cd-4796-88e5-e49bc01cbb8a,2025-01-09 15:20:59.928150,2025-01-20 15:20:59.928150,Pending,Network subject stand industry movement term little think.
8d366bf9-fe97-4495-a953-631476a7693d,418b0135-7f2b-4107-bbc2-fd3156ec1ca3,fdcd3ab0-d407-4f6e-8be5-44ca7fbd9e0c,2025-03-26 05:07:30.823552,2025-05-07 05:07:30.823552,Fraud Confirmed,House take alone number might number work.
d7e515ff-3289-433c-9d45-f77241d82612,93ef2d0c-b824-4108-ba6f-fca2f8398a0d,8b8ef6d7-21e8-475a-abd9-ede25ce45ed4,2025-09-10 00:59:37.548574,,Fraud Confirmed,Common worker will speak call interest write itself young physical street.
34984525-7aa9-46b0-851e-0d5f99f4d12e,b4af9009-334a-45d7-851b-69f6a88c0c6e,ff0405b0-53ff-4f1a-aa15-5acbdcf91aa0,2024-09-22 02:29:38.930736,2024-12-18 02:29:38.930736,Fraud Confirmed,Beautiful news need task mind true.
dadec85a-1b92-4154-b48a-cf4253cce0af,579009ad-ccfa-41ac-a9de-c77ca87619a6,fa0ec7c4-8a4e-4481-9106-2b130027372c,2025-02-20 18:17:08.265007,2025-03-15 18:17:08.265007,Pending,Onto site both change note old who beyond black single size test they.
dabbf4f3-1504-41fa-b45d-507a80e8c145,934e6577-17db-49f5-98db-081286583df0,cf097edd-bf0d-4cf2-bbf3-47fe41b815bd,2024-07-18 04:46:15.890033,,Pending,Him magazine participant also every century participant really although.
3945636d-e669-436d-aee5-217a5c9755e5,9023717d-a393-48d4-a687-2a075bfd3886,21221a4e-c8fe-4991-9b37-25e47b7234f3,2026-03-06 01:48:53.814240,2026-05-27 01:48:53.814240,Fraud Confirmed,Real any little environmental head full soldier financial successful teach.
dae15d17-bb42-4230-903b-082037543000,90519eb8-27a2-4ffa-8e57-794ebb4b6374,c23a7879-753a-49b1-94d9-2bdb27b01c2c,2026-01-11 01:37:22.902660,2026-03-13 01:37:22.902660,Inconclusive,Care wind kitchen stay especially indicate population could.
efbbb0e9-7a65-443d-b6c0-a28b6339db92,b17d2623-d289-4a15-9098-28174145eeeb,30eb49d7-dd76-4ef4-87b8-63bd3d64c303,2026-03-09 05:05:59.623889,2026-04-20 05:05:59.623889,False Positive,Scientist service test start middle city find medical career surface these.
e17ec264-6585-42b9-bbbe-0eef0ec8c95f,61e33699-f988-4681-9de3-f6940adfc015,d61ffd20-67ac-4211-ad2b-e6352eaaef94,2025-04-21 18:25:20.713562,2025-06-03 18:25:20.713562,Pending,Themselves customer arm almost anything growth current happy.
e7da7141-a275-40a5-a0f5-8ed86e90a6d9,62b1e4e5-b461-40a6-8a09-84df6cedc50b,f9a78742-fd8a-4f66-8ebd-afc0b25aeaf0,2025-01-23 19:25:25.182725,2025-03-01 19:25:25.182725,Pending,Play buy air head order concern that only glass clear thus.
2459fc25-8e1f-4dd6-b321-a556d8a4335b,bec03896-cfc0-4566-81e1-7b01d7088916,4527fa17-3e6c-496f-aa21-3518c9cd7fdc,2024-09-28 09:50:45.685836,,Fraud Confirmed,Expect hit clear occur who tax positive.
cdefa031-bdd6-4f09-a3de-442a833c3089,223e30fb-4c82-4ea2-a5ec-14f708cec257,70d303b6-78ff-4027-874a-c7593ce3b343,2026-06-20 14:54:21.831828,,Fraud Confirmed,Prepare message ten whose radio listen car community song.
db2a97be-2cec-4df6-b348-445bac4daf61,05f49799-b76d-4af1-bd8b-de4bf2df6ced,2efe24e6-2b28-42b5-8878-3c2d8e55676d,2025-01-23 04:17:12.798872,2025-03-16 04:17:12.798872,Fraud Confirmed,Source figure whom poor interest heavy give edge level quality station however bill.
b6ce42da-ec30-4c8c-9ca0-c5cca4e70ef4,d01d8d2a-2967-4179-a785-d469bb4fc15a,1435788a-ce37-4b78-a793-3ff455295fdc,2026-05-07 22:16:40.197206,2026-07-31 22:16:40.197206,Pending,No order executive range loss from everybody foot everybody prevent.
e5d8be7a-b6d1-4295-bd94-2586c1508a7e,d8fcfa39-698b-4e6d-8488-41f4434b62ec,af702e6a-dd4d-4896-aef3-108156cb99f8,2025-02-22 02:30:06.215426,,Inconclusive,Could military drive arm tax special identify floor cause.
92cb82c7-99d1-4645-92eb-49d9eaa0c037,05c96517-330f-45af-9b02-a1cbde964969,26de5ab8-23f9-4be5-97c3-035cb08f378b,2025-02-16 15:31:47.133893,2025-05-07 15:31:47.133893,Pending,Young else industry home along remain occur couple risk develop movement size.
82396935-8869-4895-bd4c-d3918fb1ff3e,b96ab88b-84cd-4c1b-836d-58103d74f807,191e323c-8d4c-4a28-bac2-38b10cd5548a,2026-06-14 14:36:42.968530,,False Positive,Medical suddenly subject theory Congress best campaign else space several.
8051ef23-2a89-4164-bdd6-6bd8e99ff60e,92c91a91-4f3c-4274-859e-4ddf612bdc4a,f627097c-36b1-44c4-a22d-463c28148e0e,2026-05-31 11:52:54.656848,2026-07-07 11:52:54.656848,Pending,Pressure develop development the inside thought he one less brother.
0a7d7ab3-3f87-4faa-96ca-1c3996f78d1b,aa53369f-c1bb-4fbc-99ed-1f772e2ea65d,e21b579a-7c1d-4f11-9999-cd2ea3464e52,2025-09-02 22:47:48.617659,,False Positive,Oil per line create build quite morning including that character yeah garden would.
4308bb02-e0b8-4604-b573-93e2da1e95e7,40aa78f9-c7c7-4619-b07a-63c6b5a3cba3,fb4a023a-5381-41cb-97ac-648193f979ac,2026-07-17 15:37:10.171780,2026-08-07 15:37:10.171780,Fraud Confirmed,Century television Congress ball forward would finish around later decide similar.
e54ca9ef-0c3e-4f6e-8c38-88648cb27ad6,a6d87461-d884-4160-9b97-05628605022c,85803e75-acf2-4830-93d6-4c5d3691d6b4,2026-04-13 06:59:21.581663,2026-06-23 06:59:21.581663,False Positive,Majority shake because pass plant idea whole himself.
cab405b9-792c-49c4-b4e6-0225b5e7437d,e768cf64-c28c-42d3-8cf6-b6116982cec2,34abf58c-9349-4ebb-9a20-8884d78dfaae,2025-05-02 09:42:58.281601,2025-05-17 09:42:58.281601,Fraud Confirmed,Room wear throughout series most adult above safe.
e4447c55-ffff-49cc-9433-1ad34e1711d4,c13c6c27-cdfd-42c4-adcd-26e8253cd7f8,85bdf7bd-da17-47fc-86d3-13c15ac71568,2025-12-16 13:02:44.396107,2026-03-09 13:02:44.396107,Pending,Fine bill me fill assume animal way lay minute model.
3c6875c7-f329-44df-9a6e-28ef97764491,3053224f-5fe0-4966-8b51-da3ccfc13a09,81ed5bce-005b-4d14-8050-1da8c7251ee1,2025-01-08 11:23:45.688287,2025-02-15 11:23:45.688287,Inconclusive,Garden top grow could way truth idea.
26013844-6937-4151-b214-2b4fd93bc7e2,39464b3f-5a1a-4141-aedd-78e1ba1b6c69,ecdadbb4-f8da-4fc5-a0ba-cb64333ddf9c,2025-05-20 17:43:57.459516,2025-07-13 17:43:57.459516,Pending,Deep against mean but represent society heart.
a0ab66d2-13da-46bf-b46b-c909bda9e7b1,5577975e-4add-448d-bc82-ab6df7b3ef33,0e8b3528-1097-4edc-b66b-346b8e29c39e,2025-03-10 19:37:43.058464,2025-04-11 19:37:43.058464,False Positive,Perhaps order answer blue structure answer break know buy education reduce day.
c93e220d-b277-4b7d-aaec-543f7a4674f4,6128521b-f454-4332-93a6-df0e8a26b51d,779ce6ba-5ef7-47c5-b5ec-b93e7ffa2744,2025-10-25 21:50:54.191084,,False Positive,Feeling product production establish paper case.
b5e86429-41ed-4f61-9323-3364f7a55333,10a73d90-f6e3-40fb-8e08-d6eaa81e869e,80709433-f6eb-4bb7-8b3c-ad572a048689,2025-03-16 16:38:35.847325,,Pending,Memory pay executive size marriage participant sing.
414ccd84-01d9-4b38-8759-bc8519f452a9,bce7cb2d-71ff-4c7e-81c2-d4a2dee81b6d,684c3268-7a93-47d9-ac28-228c8bfd3dfe,2026-04-01 13:37:23.030632,2026-05-15 13:37:23.030632,Inconclusive,Group important civil nature travel read lose doctor.
4f38e822-f1ec-46a1-8942-4853eeabc31e,fac75b8f-59f7-4fed-a6a0-5c2573b89234,3b705cbd-6f49-4e78-bc2c-5a583bca6e22,2025-07-10 05:06:17.593232,,Inconclusive,Trade structure protect chance bed memory rich.
deba1558-ec31-484d-9aee-3b7feba6cbe6,fe1454e3-7ac2-45cd-946d-d8b3b2384798,83e739d6-d6ec-4cc4-a4b6-e280baed8365,2026-02-16 21:27:57.370749,2026-05-03 21:27:57.370749,Pending,Popular lead with enough anyone spend them system growth.
74ccf6f6-d74e-4dd9-a3cf-cc5c07edc9ec,6048fc71-f2c5-4912-87de-f2e30fea0c20,7298284a-f0f6-4fef-a79a-c1d19fc8f31b,2026-04-07 09:34:18.309442,2026-04-27 09:34:18.309442,Pending,School believe serve animal system professional color group just perform there.
4eee1570-2914-4859-86a9-727c000cee1d,30b3651e-b20d-46da-9744-4c9e615503bc,ca62d064-3b61-43c1-860b-c1cff1aebcd3,2025-01-21 03:45:13.807134,2025-03-07 03:45:13.807134,Pending,Consumer husband while even history surface son power someone both.
6e21c08e-2fed-43e6-9a0b-47da65c55cd0,0712b573-bda1-425d-ba10-737ed9e02c97,71da0c2a-cd87-4ea0-9d14-be18768ed4b2,2024-10-07 03:49:34.984782,2024-12-05 03:49:34.984782,False Positive,Word such billion treat lot notice.
84a85855-e94c-4dbd-8f7e-24329a0fcd8d,a1e32800-8c25-4a20-b767-68bbd8a43c93,66ba7092-7964-44a7-b881-e2d7a76d4193,2026-02-26 13:29:39.494823,,Pending,Here grow agreement range stuff wind candidate turn both in animal energy fire.
12abbbf6-9ab4-4900-a99d-6d2fc6edb456,0e71568e-8c6d-48df-a622-5e35bac0498b,5b24bc3d-d6b5-4275-b6b8-c48d704cf86c,2024-07-24 17:40:18.315479,2024-08-23 17:40:18.315479,Pending,Should office north within prove full mission red believe product eat generation.
bc54ec94-bb44-409a-8289-7edc0b89bbbb,76c6a515-00ab-4718-b1ab-a3b0e11bb49c,6a459945-3a19-4f4d-986c-3a1d1fe7145f,2025-08-15 02:14:17.707804,2025-08-21 02:14:17.707804,Pending,Chance step throughout party activity various measure light many close.
23cd0a8b-bb1c-4fc8-b9c3-d15746f1092e,47b1c951-9a78-470e-8c4a-2286a0c2d4b6,a3a72c4c-7871-47b3-a0d0-1dcfb6feca84,2026-04-22 05:13:32.266995,2026-06-10 05:13:32.266995,False Positive,Drive wife anyone development poor idea dog learn soon large.
14d45c8b-c417-4634-aaf2-67a50a38debc,725dc5ac-bdd4-40b6-a181-33dfa4c855f4,7740a140-804a-47ed-8125-aa31e9abc4ac,2026-02-12 11:33:41.750154,2026-04-17 11:33:41.750154,False Positive,Firm wonder seat adult idea along near stay social white point.
bf3c7c83-5c78-4c3d-9e7a-7e5271f27e7d,b6772d1a-9a2a-4106-a391-fe757bd1e5b5,73a96fb6-5de9-4981-a19f-a99239e17975,2025-08-05 18:35:56.846366,2025-10-09 18:35:56.846366,Inconclusive,Deal public wear guy approach development lawyer nice people list price respond box.
76919a35-0f47-48c5-90ab-fc55fbc1c98d,a516aa4b-3c79-4284-a8c4-74de5a17a75a,3b4b99e2-99d5-4b09-bce4-9533a8a48974,2026-07-15 12:25:00.654435,2026-07-28 12:25:00.654435,Pending,Able great plant son natural hear blood to.
35646262-681f-4696-a447-3eaeff118e1a,ee84aa30-33ef-4d88-895c-f20109929d66,0b7e1db1-cca7-40eb-b220-5987caa56879,2024-10-28 22:11:12.492755,2024-11-10 22:11:12.492755,Pending,Blood particularly could us hotel lead sit response blue increase unit.
c20e63d9-825b-421a-9472-93cadeaca067,43b83d3c-c073-42d0-898a-4be7b4122496,20f0ca93-d5be-448c-a101-cd6352da592e,2025-02-14 05:11:48.813152,2025-02-16 05:11:48.813152,Pending,But through leader operation mean white above save network item one under sit.
e42b981c-52de-4229-b67a-5f2b058505ea,f6dce8f5-4b19-44cc-b44b-2d1c65fe16db,61c9560e-dd9e-4ee7-84ba-87e819d07f48,2025-08-09 12:00:57.435554,2025-11-01 12:00:57.435554,Fraud Confirmed,Community spring billion price paper focus thing industry participant realize eat huge garden.
e1d270fc-688b-4b3a-ac21-9902115b835e,7c20bdca-c4d3-4430-b578-c457a311a927,6aa6e95c-3525-4551-b158-f5956054fe2a,2025-05-03 22:23:13.310413,2025-07-03 22:23:13.310413,Inconclusive,Catch owner though mention successful natural finish.
75db7d95-83c5-46a1-b77e-96fdf0de1f28,072baa4f-a8db-4a3d-8f11-db1ce6b41373,536ccaff-c544-4bb9-9d37-ed4bdaecc435,2026-04-21 05:32:41.958761,2026-06-04 05:32:41.958761,Pending,Plan cut person fact generation public wonder practice when mean reason follow break.
f82f9de1-20ea-40d2-9404-a663764eb6fd,9e0e397b-50a1-4b28-b7da-e4df177f24e8,8122af43-d6c4-4152-b445-1155a2c23df3,2024-07-28 00:11:23.580661,,Inconclusive,Old wall report purpose throw move there institution actually blood herself apply.
ee9ce247-43ff-49a9-a586-4d6f01236764,9b80af77-36fe-40db-b2b2-e5c41b80f299,17addbe8-b294-4cdf-a5fb-b3f42fa16beb,2025-01-10 11:08:53.189198,2025-04-07 11:08:53.189198,Pending,Seek claim expert economy style real far send allow.
0907792a-e76c-4e77-9482-cae39ce793fb,06b314e4-501f-4cfe-a6ab-d437f357501e,79fa3df2-7af6-43c3-93d4-83ed42f6ba13,2025-04-21 01:45:31.164709,2025-06-01 01:45:31.164709,Pending,Pattern push no difference positive home memory.
4bb86d49-f64b-4592-99fa-294cfc5c8591,177e1d7d-7081-4dfc-b481-cce55c2f1d8f,cb2a26dc-1052-4212-9334-881ac77b9847,2025-11-29 22:33:03.492588,,Fraud Confirmed,Realize another high indicate small rate whole approach season.
0a3382c3-2a87-4da3-a520-b06dcccaf8fc,807b540a-b4f3-44ad-89cf-6a91eb5381b5,69d6514d-626b-4eff-b93e-c333ca578b74,2025-01-01 07:23:37.416364,2025-02-01 07:23:37.416364,Inconclusive,Stop treatment relate positive sense national owner simply who family concern.
153760e0-f116-4e00-a378-09f62bf56437,d2cd37c4-3d31-4c61-ac4b-38e92dae63ec,cc17ccb7-5edd-4e8e-908d-b768476c1771,2025-11-26 09:16:48.682445,2025-12-26 09:16:48.682445,Pending,While same budget American evidence enough claim suffer.
488b4544-5afd-4b48-bf8b-e7d60a392745,69675c36-a704-44b9-9f62-9f0b197de3f1,461ca022-a2d0-4de0-8e2b-be2c24964049,2026-01-11 21:33:27.926387,2026-01-24 21:33:27.926387,Fraud Confirmed,Report choice child follow anything usually past product make of group.
3c9e5e30-0b9e-47e1-be4d-af486a67c3b1,7f495607-3fd1-4bf4-8221-b1b681e710e8,0f7f4724-2252-4fdc-90e1-ed72ad886561,2026-04-29 00:14:13.472263,,Inconclusive,Moment whatever minute skill city myself idea glass third professional.
4bbe72c1-9a44-40c4-a545-fac2f708d806,35dee931-d4f7-49a9-8bc3-2cb8ffcb476e,a8622245-26e2-47ae-8eae-06e8fd812f01,2025-08-06 04:37:25.308299,,Fraud Confirmed,Despite sell most you statement wonder across protect knowledge.
475cb30c-e511-4d19-be69-fc9b11e7f0c1,3b1fbefa-240c-46e2-b80b-2d51958abb43,ae70b6d1-0503-44a7-989d-7d18bfa82431,2024-09-11 05:03:06.835946,2024-10-19 05:03:06.835946,Pending,Truth during always those high someone box either rich agency might side method.
a040ba52-3fe7-4285-baa3-850de17e7850,971ee9d6-885c-4f06-a854-24093ad223ea,cee71d07-bee3-4783-87d0-4f377968653f,2026-07-14 14:37:41.057435,,Pending,Analysis together court message way cold what Mrs account assume prove similar.
905d0273-8982-4877-a788-efae64ac2464,a7c46b11-f039-4f00-9661-d12451a4c502,7d0bc8d8-5da9-49a1-8bad-a6bda241cf78,2025-10-20 18:35:35.103777,2026-01-01 18:35:35.103777,False Positive,Structure day stock these scientist itself stage authority rather agency response.
939bb971-952e-4f7d-a8fd-fce512e65cf7,d1531cbe-489b-466f-a331-ec07b7ed7228,b7e2f798-c5a9-41f4-a0d8-433b3b4786e1,2026-06-12 08:27:16.282063,,Pending,Approach some newspaper offer direction else.
023462b5-556c-44de-afe1-dad11bdeceeb,d386444f-f68f-41dd-b41f-ce9bc3c8b51f,94cdd37e-95fe-4f3d-966b-089c3c48a459,2026-05-23 17:41:47.892705,2026-08-11 17:41:47.892705,Pending,Identify first hope brother accept result as second animal summer group me face rate.
db17ad3d-3db4-426b-9b55-f79f8d5c4d91,52606834-28c8-476e-82d5-797ad534957a,c62f3579-2cbc-4cd6-a6d2-819fecc6b70d,2026-03-06 15:47:54.686127,,Pending,She join house produce listen mouth carry hospital something.
34070b37-0894-49ac-adfe-f69a1616a301,885fac6a-6e0e-42ba-a081-b8393186b77d,73888d81-393d-4b7d-ada1-64e3d719bcdb,2025-03-06 20:42:07.435506,,Inconclusive,Fear thought whole term possible whatever action.
a15686ae-a4c1-4a25-97bd-b83c700230c7,531da977-95b1-40f5-ab14-6c2ac196a9dd,2c3d7648-7d69-4049-b169-d8de5564b8fd,2026-01-05 16:48:02.357161,,Pending,But above others Mr water fight security.
a02d73c5-8894-49ba-af1e-ff17579c719d,868fd6b3-b396-4a81-80e3-56728d244a49,7589ca14-4685-4c28-aaa7-56812143996a,2025-05-03 10:57:23.794876,2025-06-09 10:57:23.794876,False Positive,Deep town surface central contain pattern education boy provide note.
6bbef143-eca2-4dae-9a8b-76ba8d83973b,8e6dd918-94da-4972-a531-6c61eaea0104,c500ae3a-e417-408c-9601-bb994b477434,2025-07-29 04:48:16.995128,2025-08-08 04:48:16.995128,Inconclusive,Leave near fact attack better rise maintain former campaign pretty beyond people too.
7a57c7ac-e104-49a6-9678-53aaec09ad25,87a7851b-6f4e-4934-8287-84b7b9a34a9f,2c003f7f-eb1e-4b9b-a7ce-38fa5457cae7,2026-03-20 07:10:52.365587,,Pending,Foreign process really charge note space when collection finish size Republican.
6ac8e6d6-8bac-49a9-9088-cbe390b86ae9,e8a0fbeb-7108-47bb-9c55-03a17f579bb2,7d31ab16-8798-413b-a64f-9c05a9a91516,2025-09-17 09:40:06.250914,,Inconclusive,Style care run there leg grow figure necessary compare.
785e4250-5828-473d-899c-faa407ac6029,ab2e8ab4-ea5b-40e8-ade9-5909801b8242,93bd825a-1f19-41de-9601-ed4cd36c89b4,2024-08-22 09:46:21.310478,2024-09-17 09:46:21.310478,Pending,Teach cause Mrs enjoy though baby away affect medical.
03ddf9d1-4e0c-4dd4-857c-4f11eb34ff7e,afa5c25c-e6bf-4408-b161-fa18085a85cd,59ad1a43-5d0c-4dc6-a9e4-01b06fb65456,2024-09-25 03:08:50.454719,,Inconclusive,Often shoulder defense already end thus music president chance hotel through operation tax.
b2c33ea5-3790-46e0-98a8-d23d36fe5526,aae743a3-fc3b-43bf-8f25-08cd1485d1f2,264324b3-35ea-4ff4-a69d-ccd0b37440d7,2026-01-21 23:48:32.966541,,Inconclusive,Member however maybe production summer southern pass coach method land condition we.
0c2c8951-baaf-4bee-954d-334f41c08345,2f75ebff-926b-4293-abf5-c40f74d0e732,c9435090-c9aa-4cf7-af50-24d547134946,2025-02-13 05:02:37.757447,2025-02-16 05:02:37.757447,Pending,Save low grow despite maintain as hard.
3eedae26-3776-4ee8-87b2-98204fad1c7c,a0647b3d-c6bb-403d-8860-f33b84dab250,41031e84-4021-43c8-b48c-80e1d2f3d954,2026-03-18 10:18:21.365772,,Fraud Confirmed,Military social hold truth thing always possible billion.
cf23c147-e6a9-4f16-a838-0e6fa203d0eb,5da78aef-9841-4e3d-a822-3fe633b96a67,c1941946-d94a-4a0e-8041-b0537c369469,2024-10-06 23:01:25.452282,2024-12-23 23:01:25.452282,Inconclusive,Strong enjoy name community president half president structure might.
8ca10bef-4cb9-4c72-8f3f-bf935bf3eb0b,fb666a4c-becb-42d3-907e-d362f3318eea,96550aee-6ed1-41e6-9004-749b3d55b6fa,2026-04-09 13:22:58.904873,2026-05-09 13:22:58.904873,Inconclusive,Might good test main lot page maybe catch.
cef37163-a3a7-4b6e-9814-2fec53fea33e,daaa9416-62ce-4616-a929-10ce0cf6fbed,d9a74fca-0ac8-4a99-942f-6ece7dd73ab6,2026-05-17 05:58:31.169296,2026-06-15 05:58:31.169296,Inconclusive,Method exactly change church own stage.
c0ac8104-eb43-4c0b-bbbf-654720b881fc,e062184e-d8b3-4a61-a564-ad2f1de2e0c5,fb4e5322-489f-4ad7-acc7-aec3ed08c6fa,2025-02-03 23:08:45.607361,2025-05-01 23:08:45.607361,False Positive,Specific result loss long decision claim street against amount of claim.
7024d8b0-2907-4e64-a9d8-4cfb7501f656,82ecb9b3-3f5d-468b-b2d7-577ec49bf117,51929892-2030-4f6b-abbe-543c9e5375f7,2025-01-20 00:43:20.637410,,Fraud Confirmed,Three chair coach two might if.
1770fbc3-0520-49ba-93a8-8b53439c3988,a52b6f88-fcaa-4575-beb3-706e0d43b67e,a2f1dc62-92a9-4544-ad23-9a67641cfe17,2025-04-11 11:03:20.303364,2025-05-21 11:03:20.303364,Fraud Confirmed,These road start water describe paper.
5b0d6e79-8a3a-42d6-9978-d7fd386a4cec,1abd0a09-85e4-477d-b063-38fb49145973,6cb78b4f-85f4-4cd2-8f57-31f54ce649c0,2025-07-12 21:21:41.119250,2025-09-25 21:21:41.119250,False Positive,Color store over some star consider process enough right garden law opportunity.
4ac31ed5-87ca-47a9-baf4-b570ddaf2594,e4918f3b-80df-4b36-b4bd-ccff8396bcad,31391010-800a-44f0-9cfc-5ab2397d800a,2024-10-06 15:39:20.670365,2024-10-18 15:39:20.670365,Inconclusive,Car admit mission training range step painting concern top outside.
a17ae114-0edd-441d-80eb-11de3bc5adb1,f6d2f39c-c168-405d-ba8e-b46495aa2f16,2c277cda-fa19-46aa-87e8-77cac23ca89a,2025-06-06 14:10:29.440846,,False Positive,Me brother lot candidate owner still to simple power miss have analysis.
1eab4b5d-90a5-4894-81d5-2bc1c7ac7438,4d452e86-e915-43a7-bc85-7047cae615d5,b5aaa4c3-b698-4855-bbe7-13553bbf3d45,2026-01-01 21:42:13.967600,2026-03-12 21:42:13.967600,Inconclusive,Voice lot shoulder go source traditional student office.
0c4b1a93-a457-4acc-a46e-286873dba2d0,7e265516-a79b-48c9-9f33-33c79f818812,d2745bf3-c283-4187-81c8-9e08b59e047a,2026-01-14 04:05:50.177656,2026-03-23 04:05:50.177656,Inconclusive,Local discussion teacher exist theory impact country remember smile.
c2165366-19eb-4215-8fde-eb1c80f24e32,8d7915b0-e957-485e-a241-505ac67788f8,fb473674-7c83-4b40-a3bd-e951d25fb05c,2025-08-13 08:49:26.617755,,Pending,Mind heart day sound impact blood international.
d5a9c8c6-b9e3-451e-9266-686d966bd068,94368342-0479-4263-97df-13a9887a16de,b9cd9475-0012-4566-b9f6-d5efc1d13944,2025-03-22 08:49:45.584168,2025-04-29 08:49:45.584168,Inconclusive,Talk interest hand every quite sense including six lot.
2cfb2b6a-3c67-4985-84c7-23d88255eff7,e5efd967-fce9-40f3-a04b-f7c6938b8773,5f9d1452-ac10-4ab6-a9dc-adf37aca01f1,2025-06-16 08:31:13.806484,2025-07-01 08:31:13.806484,Fraud Confirmed,Low write officer similar huge catch tell budget discover situation we beyond meet.
d7435b06-48c7-4f1a-8106-ae2ad047547f,a2bc65b1-d776-4c87-9872-283169e1760b,2ee9612b-e12a-4728-8572-7ec93799445e,2026-05-24 18:53:12.291622,2026-06-12 18:53:12.291622,False Positive,Pass range appear home player source statement likely outside because enjoy he participant.
ff1aecfe-a1c4-454b-8b2c-92d1f168ba36,2fb42c16-0699-4be3-aa06-4f2b980a664a,b4cb7451-540d-4aab-aac4-1be179afa134,2025-09-02 12:32:19.950418,2025-11-28 12:32:19.950418,Pending,Pass minute represent our watch star policy keep cut prevent sound.
a7676c9b-91e4-40a6-8352-e0f261979791,755ff624-1f9f-41f1-ada5-dc51860959bb,6a9f4a51-bcc5-4afa-ab89-dfb4a6290c98,2025-08-28 06:10:13.456182,2025-11-08 06:10:13.456182,Pending,Six member recognize past purpose growth.
8aa7896d-9714-47b8-a542-fef8496240ea,c17d806d-1f08-4152-9566-3afae626513d,b13c9bca-c907-44e0-88f3-70c25f1c619c,2026-04-18 15:44:40.212897,,Fraud Confirmed,Beautiful every human prove if customer address region.
cab3e9b3-284b-4a9d-95c0-42f13f3eeba1,8a0f1ed2-bbc6-4c89-b141-7835ea62894c,5b5122cd-1d78-4efa-8d0c-4ce537e451f8,2025-11-02 12:23:42.522532,2025-12-31 12:23:42.522532,Inconclusive,Expect stop trip give white everybody paper create upon offer end imagine blood.
f9c93143-ff46-424f-8eba-4cd35ce26efb,ea578e38-edd5-4a9f-9b85-4ebef90d0f64,9d61a355-f9c5-4fc4-9063-066e4d88d054,2026-07-16 07:17:58.087100,2026-09-29 07:17:58.087100,Inconclusive,Future bring message election Mrs soldier economic kind help.
b830cde1-f6bf-4dfd-96d1-a0390a61f0eb,bd40a7c2-0203-4478-aeef-5c6b7be5c4d5,a997beca-2602-4605-a7cf-599c673d3d5c,2026-06-11 10:46:51.489300,2026-06-25 10:46:51.489300,Pending,Serious which learn leave only agree break attack plant.
283367b4-e2f0-463a-901f-81087ab04065,7af7d932-89b4-4e38-99e3-dce409f7044a,6f554cb4-2cba-436d-a1aa-27f883fa3dab,2025-10-05 10:35:36.911971,2025-10-09 10:35:36.911971,Inconclusive,Son include good movie red enjoy expert human.
0e100a94-c964-41e6-bd60-01988f2b08d8,8320f7a1-499b-4e9d-b67e-f65113b9572a,c78b8c2a-3aca-46d3-84e0-3d38dbf1b5e1,2025-06-13 22:10:18.308135,,Fraud Confirmed,Away use live government thus especially water raise travel material.
954c975d-463e-468a-a8ae-7a9bba0cd960,4969b1ca-4ce5-4130-aedc-9cb2feafbb12,1de09a0c-5c10-4c3f-8f5d-756fca6a8d89,2026-02-12 12:03:10.696706,2026-05-05 12:03:10.696706,Inconclusive,Their deal dark economic peace choose blood turn put.
44f2be37-6d24-4a3f-bf9e-9d7a923301d6,a32aa5ca-0ed8-4f11-a3c7-9a9d1b549d9a,fee14aa5-a7b8-4801-9f42-d664dfd96f32,2026-02-09 19:18:28.080452,2026-05-04 19:18:28.080452,False Positive,According tax when summer he firm together thing off ever consumer share memory.
1e7762a8-9795-4ddf-8d6b-760c0c7ab3aa,3d6e05fc-eb1a-47bb-8565-4befeaf79b77,56147c69-cac5-4eb0-8ee4-f5eadb9291c8,2026-03-05 04:05:47.622280,2026-03-11 04:05:47.622280,Inconclusive,Campaign moment institution vote allow girl team simply lead build million firm across.
df191c2a-8be7-4283-bc6e-9d7aed1b16a0,00dae857-e4bd-494c-9efc-34695db37394,fe824cd5-6604-44ec-b738-0ac69c2e7c56,2024-11-30 11:55:11.394053,,False Positive,Ok foot party employee nature down likely party hand material.
6d7b5ebe-bfa8-44b9-ac8b-c57833c94d49,366efe97-a3f1-4f6f-9e3d-e52eed99015a,fabd5477-189a-40ce-8591-af9d276915cc,2024-08-19 21:09:47.249098,,Pending,Half hundred late number without rather sport result sound new.
3ede6d1b-90ee-4318-adb9-3bdff48e8079,4ea9fd1c-9ebf-4990-9bf4-1240da883b8a,35048933-8ae2-422c-8c19-33dca2db6cd7,2025-04-14 11:10:10.679014,2025-06-01 11:10:10.679014,Pending,Certainly where change south computer matter yet support.
9263aefb-b7e9-4b16-87e1-aa89cd2f5fb6,8f68836e-c91a-463b-aabb-e2dfee6de588,4d847837-ae2b-4ddd-8f45-d14688c160f7,2024-08-18 09:41:23.879085,2024-11-02 09:41:23.879085,False Positive,Size feel no nothing huge real art sport live picture.
f02b23ab-b686-4c40-b310-41491b49d59b,b63a4291-c103-422e-b7d4-f75f11715dce,3ddd195a-cb37-422b-9aa5-e1cf3d14c4af,2026-02-03 16:48:25.749918,2026-03-29 16:48:25.749918,Pending,Employee growth newspaper special general in go quickly paper officer.
ac1db1a8-1565-49fa-8587-29aea8c70753,1e2e2b58-0ad7-47d5-b3ad-81d8ed833ec4,214a1c9b-66df-4504-867b-14edc895d474,2025-07-07 10:32:09.413110,2025-09-24 10:32:09.413110,Inconclusive,Company sister great pull maintain say threat high expert place certain cold.
15086947-36df-4d12-9078-a1562cd81288,7fe1c21c-403b-409b-a5cc-9cda772534d7,ba54df51-6469-4452-a555-44d7230e2dc7,2024-08-07 17:20:33.298189,2024-08-12 17:20:33.298189,False Positive,Instead partner if trade bad gas finish president report painting.
29143ad4-8c17-43b2-b0b1-5b65e30e887a,9b45f630-df2c-42f7-9cd4-c06f4e8b6715,581c5170-c969-4a86-a581-7bcac15227f5,2026-07-09 15:37:12.142285,2026-09-04 15:37:12.142285,False Positive,Sit voice security minute late cold take by doctor edge season.
146e0dfd-d6fe-4b62-8a90-d94f4a2936c0,7bf38886-9a22-4389-9499-da8257a1ca89,baac6709-19ac-4d74-a19d-dea03c9677d3,2026-02-10 14:14:50.794386,,Inconclusive,Cold billion as these nature ago however share.
88fe09d5-cb0f-4d41-b87b-dc55356f4c1c,74440c4f-d95e-4473-9b72-fe77069d3ece,8e2abbef-a4f1-4a74-946e-3062a1a63969,2025-07-01 15:27:58.684076,2025-09-09 15:27:58.684076,Inconclusive,Peace base use hope director scene kitchen call money.
e6e04bc6-846e-44e1-91da-a3f4515ac8c1,3771262b-0a2a-47c5-8119-30f5d33b2fd0,0880d3d4-6c6b-4df5-a056-7a4dc033f74b,2025-10-24 00:17:30.220091,2025-11-01 00:17:30.220091,False Positive,Professional team foot live window music.
dd74672b-074f-4eb1-b194-b176d9d404db,fc78b499-78ff-4af0-bcb4-e4d73319f1c8,568c299c-cd3a-4439-be82-eed54fe7b701,2026-01-26 22:30:49.715334,2026-02-11 22:30:49.715334,Pending,Career way much opportunity lead see theory itself policy move training.
f26859de-216c-41f8-99d1-30105423e839,b357c7f6-b303-4e32-8bea-c46174eebee5,8fd7f11a-6044-4224-b01a-a483161f9efb,2026-01-28 22:06:20.429480,2026-02-09 22:06:20.429480,Fraud Confirmed,Source kind hand employee field a spring summer.
eafab5cf-6b23-41a2-a986-ad444d7256fc,1686c5aa-059e-4787-a97a-3df4a892d139,3975c9c3-2e35-46a6-bc39-acecbc903d9a,2026-03-18 10:15:50.397109,2026-03-25 10:15:50.397109,False Positive,Movement reach man sense federal she something others someone nature country think.
3b5b20f9-be1d-4318-93db-d44d657b2691,a1da33a8-7d18-4dbf-83d8-47405fbcc69e,ec280db8-0c1f-4f34-8105-d3ff522b1934,2025-04-12 18:01:15.318944,2025-04-29 18:01:15.318944,False Positive,Clear say hope her enjoy instead dream share travel.
75d49431-d632-48b5-bfe6-c16ffa737563,181bf31e-b6b9-4c73-a184-c0f56039bf6b,367200ee-4e46-49c0-afe4-69fcd4192c25,2025-02-23 00:31:14.768543,2025-03-04 00:31:14.768543,False Positive,Expect sea speak include table consumer face PM pay.
f97e3411-0a85-429d-8fef-6088f377a957,297bb362-e29a-4cc1-b84a-11d54579b3c1,26701083-b73f-4a0f-b36b-0a2a42fceb5c,2025-01-09 07:59:32.102002,,False Positive,Man fly charge wide against win example by just account bed address describe.
352f3fe2-615d-499f-86ce-b14dcc0a97fd,b86f1a3b-222e-4682-85ee-0c23bcc8ce3d,f5d7c424-eb5d-4baa-8dfb-5f79d3c55509,2025-01-28 16:40:26.296518,2025-03-12 16:40:26.296518,Fraud Confirmed,Your less social form such weight argue simply author like court success.
bafc6fc2-f4d3-41da-832b-493b4222bd7a,f2335b10-dea0-4c99-9d45-83aad5a3afcf,68a132db-8324-4fe9-95b9-61365c44ece9,2026-03-22 01:28:18.157974,2026-04-27 01:28:18.157974,False Positive,Business should eat side kitchen scene.
83a1759c-7790-417a-899b-326722c130f3,3f125570-f141-4c18-a489-6ed94a651308,8b58f892-6b01-4147-8f24-f110917f41d6,2025-02-14 16:00:22.249732,2025-03-03 16:00:22.249732,False Positive,Same behind program decade home which view city rock seat near.
803d6313-15a6-4175-aa58-78edd8c739d0,fb379148-944a-4111-acbd-7f787239091a,4c8cddf0-ed36-40bd-860d-6a3d00ff5812,2025-08-21 11:52:55.350861,2025-09-05 11:52:55.350861,Fraud Confirmed,Police cup thought tell design both plan foot cold everybody build smile.
f076dbea-9af8-42af-83f5-dfc04560989b,4168d670-c5eb-4bc9-9d24-aac5bdb704a3,c3c326f1-8040-4b28-b6df-0ef512067e27,2025-11-02 18:07:50.431703,,False Positive,Ok real read choice side eat.
e58e22c0-43ef-4766-b532-3cb6fc2841b9,757d4105-3cfc-4dea-951a-0636992b7bd2,686417be-7dc3-445a-bcab-7c255daabcbe,2026-05-08 14:32:41.244350,2026-07-23 14:32:41.244350,False Positive,Full wide service art green child movie blue maintain first next popular girl.
29282338-3e10-412e-b65c-a736aebb0736,56aa3037-c80e-461f-a9ba-c5e7ed38d796,6c8fa7df-2771-42a0-a062-7128613a9e26,2025-09-09 00:02:55.208433,,Pending,Again help right economy always religious next my.
9c8655d2-68a1-4a0d-b84e-461196834d80,95928e07-a7f3-4534-ae38-637bdbe8e6e2,e6032fe3-f4a9-45a3-a343-2430a5c56408,2025-02-25 17:55:38.499203,,Fraud Confirmed,Cost girl run every story trial never attention choice fast enjoy happen a.
4cdc9a56-6b84-4593-95ab-ba284bac6027,933426e6-241e-433c-8595-6f0d542cfc70,16f9458c-8139-4583-a150-1b98e70f0f56,2024-11-10 01:42:02.000310,2025-01-10 01:42:02.000310,Inconclusive,Safe third people hair per fly as whose standard couple.
680390f5-2d6c-412e-ba22-2962baeb28bb,ea2483f1-2fe8-4588-8db6-0e5ac10f656a,0352c72d-609e-494f-a419-14d705053f17,2025-11-24 11:04:30.022909,2026-01-29 11:04:30.022909,Pending,Child executive important focus benefit probably analysis visit condition all blood court all.
8172a3c6-2c2c-4f47-aed1-365a77fd9017,1df9e0fa-cc2c-4380-ae90-5f5a31174e73,a1b54556-466e-4393-9ee8-d130cc766f1d,2025-02-14 00:36:03.560094,,Fraud Confirmed,Price moment red eight hand paper audience us decade man.
ca0974e1-d756-4584-9628-99795a2cda96,fd938686-9bc9-4984-beb4-2b1ed192aaf4,ad0eb2a3-b8b7-4ee0-96c2-494ebdf7f2be,2025-07-06 17:19:04.133324,2025-09-29 17:19:04.133324,Pending,Life police guess sea three state some.
6f72af48-9757-400e-928b-6ccbdd1d8f99,a73d8f08-1fe7-4ae4-b1db-acb3c6c59547,cf6ab671-d624-4cc8-9798-7c279de1339f,2025-07-22 06:24:33.132382,2025-10-13 06:24:33.132382,Fraud Confirmed,Entire American audience fight war whether best rise mother country moment eat personal.
674514ba-a9ce-4347-b65f-1e6da2564ce9,cfe59d4c-9a0e-4dc8-88c4-8a0ab3d40917,c461d96f-a9bd-4b61-bc66-22720443ded6,2025-10-02 11:44:00.353037,2025-12-03 11:44:00.353037,Pending,Indeed black police group learn professor third coach Congress husband front citizen your.
ac3b4e22-97a8-4133-b714-02ab70be6c23,b3a9f6a8-b0da-416a-bf01-92fb78dfc8db,ec499744-de9a-436e-ac40-adc733f7367c,2025-10-30 14:28:50.336212,,Pending,Total nearly you suddenly include plan step food drive nation.
47dd071c-9c66-4242-bca5-103dfe244e4a,40f7e8b5-61f8-40a6-8c2d-e2ec9e4d37e1,deab27f8-f1a9-4cdc-a2e4-a8f35388aa30,2026-05-25 08:28:29.084805,2026-06-04 08:28:29.084805,Inconclusive,Unit effect which language however risk work other military year few feel develop.
1497b1b0-aa8a-4990-add9-96eda7e96108,dbe1a930-035f-4b98-b88e-622745c5f4ac,c55816e4-35b3-4cee-b442-8d9ed8bc065a,2025-10-14 21:22:21.787634,,False Positive,Sign wall state try memory number.
b3420e0b-cec4-4e9c-8471-8a468ddb73de,4da03470-3e30-4c54-969e-9fd3b77aadf0,acac1b4f-e936-4f45-8683-d17de6bacbfc,2026-01-30 09:04:56.772688,2026-03-07 09:04:56.772688,Inconclusive,Also green catch happen old do specific.
5af25648-62af-4357-b594-3eca4bd058f3,800f24f5-a1b9-4644-8333-4f7cba5b96e7,867827df-be32-4968-be82-58305aa29ab8,2026-03-10 08:51:30.373611,2026-04-28 08:51:30.373611,Inconclusive,Notice design baby foot lot major together reflect standard believe politics.
cf9afdca-9fba-456e-9c4d-d54718daff4b,297bb362-e29a-4cc1-b84a-11d54579b3c1,61cf657a-c59b-4314-b907-813aae21d9d2,2025-01-09 07:59:32.102002,2025-03-09 07:59:32.102002,Pending,High sister two free they its us building side section support up plant.
a016c485-936a-4d92-a0bd-66c7cfcd0bf7,583e43cc-53cc-43db-91af-4b75b08e0d50,6b8b9f58-f014-47e7-807d-e34b4680cf44,2026-05-18 16:28:59.549773,2026-05-31 16:28:59.549773,Fraud Confirmed,Fight American music change maybe determine.
494c8b4d-feae-4fde-aee3-9f39d1544bb2,37a25bf9-df69-4603-8f7a-be6c8d504dd4,f3b9db5a-c38a-4c75-ac4e-0853b8c82b2a,2025-04-18 13:45:58.985186,2025-07-11 13:45:58.985186,False Positive,Wife send offer bed it skill challenge from live seat nature.
aaaf7a6c-aeed-4977-8827-919df22599eb,780cca6d-3637-4be0-bba3-1c6a8a67c2a6,b373f882-b105-4cab-890c-8dae0b432530,2026-05-17 20:17:46.250778,2026-07-12 20:17:46.250778,False Positive,Maybe similar candidate care nice maintain present cultural pattern save east.
a6464a3d-56a7-45bb-9bc5-e684fc461b47,8c89dc78-8504-48fa-89f2-9122d41a6d77,c3cc3ae9-b1b6-45c3-bda2-ad9924e8ea30,2025-05-02 00:45:18.324050,2025-06-24 00:45:18.324050,Pending,Food under become public interest give fly order agency fight write.
f1fcf248-e304-4d31-b796-35ec64c4baff,90d2466e-b37c-49ae-8679-2c78f3cbf485,db0f81d5-ec1f-4ad2-821e-1e76d9dbf5eb,2024-10-08 08:54:36.981455,2024-11-29 08:54:36.981455,Fraud Confirmed,Perhaps key under do rate choose rock beat science drug per.
1b3385ba-32f7-4e44-9c3c-f0956d8dff9b,214cb3fc-4ff2-4d4e-aa51-fd23ce70126e,b246d48b-b059-4277-82b9-15828c12f9ab,2025-02-15 10:21:56.983000,2025-03-28 10:21:56.983000,Inconclusive,Add really born late age decade Mrs data model.
92da8554-1ea2-4e10-b4a9-9e17e44c028b,0da76cc7-61f8-477b-a329-3bb3a05e316b,e18ae5a3-0a9c-46e4-a9e1-4a0d9e269375,2025-08-31 03:31:15.818479,2025-10-18 03:31:15.818479,Pending,Performance yeah reason property heavy town money eight art customer recent even.
c8507b70-48cb-430b-93ed-0561f1a2d067,bd80f380-1df3-483d-a7b1-d4b5ddffbe12,ffab3f52-6864-402b-8ec7-944c9cf864bd,2025-04-01 05:02:56.159494,,Fraud Confirmed,At produce production tree growth blue.
2d92a8fb-033c-4c11-9e41-bba6c8dbcc31,f37e8b5f-ae49-4f0b-b283-9dbde7d2b105,f4878298-b58c-4a64-a67a-80bf07e460d6,2025-12-01 04:41:52.738600,2025-12-13 04:41:52.738600,Inconclusive,Discuss herself with between firm term mother cost may leader.
df49464c-4743-468b-a304-49a65999dfac,c91c3451-169f-4d6f-9672-96ab915ca7af,71f9594c-65c2-476f-9022-b32b978929fa,2025-12-29 21:42:54.725551,2026-01-15 21:42:54.725551,Inconclusive,Always two figure majority season adult.
1c1f3eef-9c06-43a9-be5f-0bd8549c3dab,935985d6-3d0c-445b-bdb6-290728bc0aea,a03d166b-1222-4139-9232-f3013c2f698e,2025-11-19 04:18:26.647808,,Inconclusive,Personal door within may speech personal these three spring ahead.
0cf777bf-176e-4ee4-9474-87392c1e75c0,5af1c0b5-332a-4367-871c-2075245720fe,f32b21df-e39a-426c-8128-b7d9f7f52403,2026-07-10 16:25:20.687625,2026-10-04 16:25:20.687625,Pending,Difficult game hotel case role minute question their rather.
1efd72fa-44f1-404f-a16a-132cd1e68f15,879af8da-a445-43dc-89ac-8a1d39618b8e,804cfb1b-9e2d-40b7-962f-e22d9b4c2983,2024-07-23 11:51:41.212182,2024-07-30 11:51:41.212182,Inconclusive,Check wife travel forget my deal catch must son television finally relate model.
21e82d9d-c98d-4f55-b8f6-9afb485fccb9,8bd20ec7-5bdb-4eab-8bff-51e041a38ce9,fb205c8f-c6af-48cc-a143-a862acbbb724,2025-12-06 09:18:06.000091,,False Positive,Prevent north citizen attack mouth rest contain.
6e64a9a2-6088-4d19-9347-47e340dd34c8,cf3d913a-e17b-4627-8921-a2b896ac8801,0fbe46a3-d800-476d-a9c8-4847d8567437,2025-04-17 12:56:14.516197,2025-05-07 12:56:14.516197,False Positive,Risk she they increase in kitchen value.
d4800611-664d-4314-a874-dddaa17f9eac,271cc38a-62ad-46c3-a1b6-38c15262b292,4fb6e73d-3d0a-4f00-bcc4-b019ca2016b1,2025-06-17 06:19:46.893221,2025-07-01 06:19:46.893221,Inconclusive,Charge could capital ago worry pay paper partner others.
9bdf2cad-62cb-4fb8-97d0-239b8b3c22ba,388deb6c-8e32-40d9-b809-8ea3be721e69,35d5a2cb-5f3f-4d1d-93ac-05e9c4e7f216,2026-01-18 11:20:55.788340,2026-02-02 11:20:55.788340,False Positive,Grow read live maybe painting Republican.
5bd434b0-a820-4387-b1f8-3b2c8212f84a,acfbf608-e47a-4475-ae9b-5dbca263ea54,873855a0-19d8-4cae-9444-d3c6dee7b72b,2026-06-16 18:09:35.859447,2026-08-10 18:09:35.859447,Fraud Confirmed,Man case cover allow share address establish including score write.
877ff21f-fb1c-4f77-9aa2-123f795297b7,67c2bf2f-6d57-4ae7-a7ff-38338a5a1f0f,da895551-da4e-4144-919c-47df0760684a,2024-12-27 12:14:37.171245,2025-03-15 12:14:37.171245,Inconclusive,Computer western keep pay reach term.
4a510339-a70e-4d25-b0fa-ff04d4c05cda,13c807f8-5703-492e-b9b3-0badf61e3c62,6d373081-de6e-42e7-84d1-6d47ed572ec6,2024-10-27 02:13:35.173614,,Inconclusive,If among save herself fine particularly score order modern then skin.
3d06e063-ee0c-4eb7-aa03-4c574c6f98d9,1cd258e1-ae41-4f99-8508-aae6c179ea6b,257467b0-48bd-4ba8-b8fc-ba3f6c248d10,2025-06-08 15:04:24.488060,2025-07-22 15:04:24.488060,False Positive,Lead there there early Mrs worker always hold share while couple.
e2cd8d34-fe75-48db-a3a1-a1dae8fe41b4,156dcc5a-0232-4b38-9289-83482422f15d,6f421e0a-efc4-4954-a8c2-beda59d43df9,2024-07-17 19:07:32.333090,2024-08-05 19:07:32.333090,Pending,Similar experience coach family try ready tough less position.
1d2bf23f-5f58-4ebc-a8e9-c586b4ffdb64,857e7693-cb5d-4f81-b450-b208230ee8ab,68acaa3e-a2b1-4510-a8c7-3cfeaf33c183,2024-08-13 00:21:26.316994,,Fraud Confirmed,Both single visit receive career including late condition opportunity Republican dark lawyer.
390e9d18-9fe3-4990-9648-a7fa59a3366e,20afdf30-8245-4d14-a702-9bdef421c964,60e853b9-82e1-466d-9028-33aa665bcab4,2025-07-21 19:47:35.825763,2025-08-02 19:47:35.825763,False Positive,Responsibility but box last guy model himself social.
2facce99-5dd6-4ff1-86f4-ada84775b9b3,b500afe8-1c26-4d25-9c1f-652b40bb52c7,f1fdafeb-20c4-48ec-b68d-f9732663e021,2025-09-10 20:54:00.202149,2025-10-29 20:54:00.202149,Inconclusive,Her herself should treatment not process change than.
75f3a020-71e3-4d83-aa1a-50c54f5fcb1f,b664c056-a8b6-41cf-ad1c-ddace9ecc30f,259a32cc-8a92-427b-84ba-138c9417b4ae,2024-10-04 17:22:50.817652,2024-10-25 17:22:50.817652,Inconclusive,Information finally shoulder land phone brother.
846b996c-07b1-40d5-85a2-3d421cc1a85a,c265dcfd-3fda-4736-b1b3-291f4621d87e,5c45bace-7d1f-492f-b3ff-f745b56a2d45,2025-01-02 14:30:45.925503,2025-03-16 14:30:45.925503,Fraud Confirmed,About she activity marriage material space part management.
ed1a225f-2853-4a7d-8d8b-0d47f53f5d01,063b23b8-215e-48c2-9fc5-bf64f8e41a80,29620fc1-f3ca-42ab-9f4f-eb8b65c26551,2026-06-01 21:42:37.831228,,Fraud Confirmed,Law kind over according think everything pick star debate continue area give.
fd460e5b-be37-4f40-ad61-5daa45b0bb21,970e4e99-1673-491e-b50d-d1f938b52a5f,60396f5b-d15f-4eb5-abce-36bb2e037b00,2024-11-09 09:35:50.465495,,Pending,Project study fear turn any indicate.
573d2536-69fd-4066-86ae-f6b22b7989b6,8e42911b-d59c-4b24-8109-d689d43adb78,75b98685-5fa5-4473-9c75-f08273ef79da,2026-05-10 20:56:15.222451,2026-08-03 20:56:15.222451,Pending,Particularly reality organization skin concern lay often use behavior.
f1f50b30-1c5a-42b9-988a-d57a522057cd,33c2347a-4072-416d-8cc9-c461527aa7cd,37614467-7840-4e1c-a1e2-3d43ff1b48da,2025-12-16 02:09:28.974307,,Fraud Confirmed,Today star serve successful assume likely business teacher forget including.
4e9e47d3-cd4e-4384-9b80-24844cd221a7,48560b21-fa5d-44e5-a6b0-7ec0431af23f,95ee655d-0499-4707-897d-223e89b8c719,2025-10-11 23:47:25.795519,2025-11-25 23:47:25.795519,Inconclusive,Partner body role pick would low read value.
3a6ecb70-40ac-4cf1-8d90-913abedffc43,afbd9639-2b80-4d76-9a52-7eda58c08369,8ad070db-9038-4d51-817b-9ce941695208,2026-05-13 04:35:10.806741,2026-08-08 04:35:10.806741,Pending,Interview summer employee offer perhaps until pass market role.
876243a1-b7e2-44e4-912f-8e53aff6f63d,6935e442-22f0-484c-a1f6-73e2516bb82a,8380d6b2-cf1d-405a-98df-8fada4a4e98b,2025-12-26 00:40:08.181764,2026-03-04 00:40:08.181764,Fraud Confirmed,This discussion fact cover brother let someone scene.
604ef09e-46b6-4e91-9860-10ba22c4ddd5,59409bf9-7d55-466f-9d56-b385a9add2b5,aa9e30b0-29af-434b-a625-0ce845318e6a,2025-10-31 14:27:28.687738,2025-11-29 14:27:28.687738,Fraud Confirmed,Yourself increase free night point action cut example so film media food accept.
b613b14f-129a-42e7-9075-c15527a4bc8e,c9981d82-a5e9-4ce0-9af8-80f21ce03511,a5383fda-64d1-4cd3-8104-7c89f8ff1bc7,2025-09-02 08:59:52.599937,,False Positive,How notice whether story create street two look listen along.
9a24140e-10b5-4f9b-8350-55e371147d2c,e705408b-cfee-4ea4-8b6b-d3400475ed95,2a921d55-f58a-4a7c-bdf7-6962a84671ad,2025-06-16 23:58:01.196195,2025-07-04 23:58:01.196195,Inconclusive,Physical throughout Mr friend six including sea.
e66ded57-d0d6-4e02-bc19-e1fb9b78b6ac,71bc5b7e-bd95-4bbc-8777-e87fab8147a4,dccae811-8513-42e3-b769-40aa70ed109b,2025-08-17 16:37:55.240386,,Pending,North question new affect officer forward trouble somebody at.
de3ab8e6-7142-40a5-8a53-4a8a8ca0e71d,1ee5cf55-d00e-417f-bcc2-f997fa944332,ce8119ba-409f-468a-8fba-61b5b5a8f20f,2024-09-20 01:11:55.795657,,Pending,Fund heart move coach paper cost.
0e358fc8-3067-42f0-9844-a1b3a35e7d70,229acca0-2eb0-4a7a-acb3-fb55f1c49385,83afd93b-b347-4637-842c-873797d79eda,2025-08-20 12:46:48.395403,2025-10-28 12:46:48.395403,Inconclusive,Relate fire all including market down later week democratic.
4d62064c-bd3a-49e6-a8dc-a785f48909b3,9d85e62d-d7fe-486c-974e-15c1b3aa30f3,85b86d99-8598-46da-99d9-d4034f383986,2026-04-05 14:02:07.862747,2026-04-15 14:02:07.862747,Fraud Confirmed,Hear also dark begin media sometimes toward.
faca14c6-53d5-492f-84ad-7189704856dc,6ff76d4b-a6c9-459b-a4e2-4c0c578c2169,5e32ab16-4123-4bbc-aa90-d51ee32360f1,2025-05-19 20:04:37.616091,,Fraud Confirmed,Type run model simply century the state visit quality car.
f6c65f65-f4b5-4c1e-b315-c2a5114183ef,102a8598-c00a-42cf-8a7a-cb0b26cfc3c8,21c39d4d-4e45-483d-a9d7-684b2111c8db,2026-07-06 17:37:01.590285,2026-08-16 17:37:01.590285,Pending,Hold ten break financial analysis summer the four threat billion she.
92966adc-c493-4f1c-959c-2ec2a78b7aa3,dd95befb-0f28-4e02-b27f-98a5e994a05f,1905d60b-e11b-41d0-9d6e-efc48600f7b8,2024-10-18 16:45:36.451225,2025-01-08 16:45:36.451225,Fraud Confirmed,Officer fine throughout fly court everybody.
12c691ff-c23e-4071-8436-2cecbe8861e8,f2103a23-9923-4fcb-950c-db0adec0232a,e7df0a69-4ba7-44d6-b436-47e26dd8b0c8,2024-12-27 17:50:14.653925,,Inconclusive,Provide evening church boy when nice bill my near even wall.
5caf3665-f2c5-451c-81ae-07d125f2b65c,6e7a6e9d-bc04-4d26-aae4-fe0df29062fa,9ad58eb1-b6b2-4b9b-aeb1-d2e57368f136,2025-05-31 04:41:05.549179,2025-06-22 04:41:05.549179,Pending,Each author party full kitchen candidate likely push black approach interview condition other.
07b65287-0bff-4a3d-af87-7e714d3f4005,fe79ed9a-dbd4-43de-a32d-7c9dc27abfb5,3d6b2363-423b-4079-bb74-b8d82786d251,2025-12-25 04:50:55.106988,2026-03-24 04:50:55.106988,Fraud Confirmed,Pattern fine stage require provide move wind sense letter capital spend.
7161abaf-f618-4e90-92f2-c01e931a51e1,dc42eb96-238c-4370-88f8-29bb48a52677,70ec333d-c169-4fdf-960f-356ced885735,2024-11-14 00:50:27.714774,2025-01-09 00:50:27.714774,False Positive,Best financial popular short like water century time election guy contain.
0dcc8077-dc13-446e-8b61-c2f96f3ece9e,fad08d73-8fb3-45b3-8246-43bd20f68cfd,90088f1c-52b4-4b83-ae62-7c46caa24994,2025-12-28 05:37:04.314435,2026-02-22 05:37:04.314435,Fraud Confirmed,Small think law air little goal leave color should page.
8523a91e-76d3-4a72-b11d-78d3014adcd0,b2cd0b2a-216d-4e7d-9c50-454b81a58140,64db2ff8-26a4-40b2-8d2b-10ff0d7e9fbe,2025-02-08 07:40:38.613242,2025-03-31 07:40:38.613242,Inconclusive,If research blood news audience few leave.
a35d0461-047a-404b-affa-6f84d0ccfe74,86f0bff5-e2a5-4a3d-aed0-f842480d8c8c,d68c22d6-b74c-457a-952b-6f30829d17db,2024-12-13 08:49:59.176489,2025-01-11 08:49:59.176489,False Positive,Per nature wind himself future sport opportunity six itself.
24fced4f-e670-4bc7-b7ff-a2cdc98cc145,b24077cb-95cf-441e-83b0-a00125776713,01811fd4-5621-411b-a5ec-950a859f2a52,2025-04-26 08:37:31.174461,2025-05-06 08:37:31.174461,Fraud Confirmed,Reason community prove school Republican student boy other foot best knowledge final.
646da3cf-f252-4812-ba6a-a49b1fc09934,155d4509-5d42-40d5-a2c8-6ab6cff3d7db,f6ad5425-ef21-4c7c-b50d-5f2061e1192f,2026-02-27 22:40:15.294659,2026-05-06 22:40:15.294659,Inconclusive,Board sport side her management produce bed stage thought tough player a chair.
9144513b-0c64-48b2-96bd-5e81087abd36,070d7bf0-bb38-4fbd-ba1f-93c4c63eb1df,3696236d-97c5-4496-a8b7-06db69ec9457,2025-10-12 08:45:16.949822,2025-11-26 08:45:16.949822,False Positive,Factor past language day theory feel some quickly truth view response trip.
56a7d536-f8d5-4382-8052-59bd6833cbdb,a55b2bd4-a775-436e-b7c2-4927bb1acf19,948b70b5-95c9-4511-a321-0f9fe5727608,2025-07-10 22:14:44.269496,,Inconclusive,Account worry identify camera family hard nature apply reflect star grow technology tend.
ee23d3aa-7127-458d-b433-e66b96ca00f1,063b23b8-215e-48c2-9fc5-bf64f8e41a80,6cfc0228-3905-4173-bab8-e4a7440a4b33,2026-06-01 21:42:37.831228,,False Positive,Hour fish him high nation production little could his under style child young.
f775046d-1db1-49a6-bcdb-60aa597a309a,68c1c78c-f86c-43d5-be66-36a721d87ca2,df93af3a-67d7-4865-864b-5701d0f74286,2024-12-29 22:31:15.821836,,Pending,Activity possible century those price window career.
c9e6dc4c-2478-4e2f-a311-7362664cf260,29cfff64-cd57-462c-a6aa-501135db6de8,67af2767-8fde-4f9e-84d1-68c40251bd93,2025-06-13 20:26:49.074409,2025-08-12 20:26:49.074409,Pending,Team throw receive us perhaps lawyer interest star his difficult interesting.
818322f2-8c39-41be-9acb-cf6a4e11532b,e42ea90b-6bb1-470e-a316-8b4cbd4ec109,daf8737e-1d25-44be-a9a4-7262cfa39eb4,2025-07-01 10:32:48.826288,2025-09-27 10:32:48.826288,Inconclusive,Suggest door maybe improve national happen within nothing relate both loss real.
d817a0b9-1f7b-4287-8a2a-e20e57697177,e04d4319-2761-4bcc-b0b0-1c687c7eacad,7c8f5e88-e971-42ff-aaa5-8e7658b37133,2026-07-09 20:58:00.538224,2026-09-28 20:58:00.538224,Pending,Worker worker single let back three because line score whether back plant.
4f8a93b8-98c7-458c-b750-a683330454e6,aae5057c-22ba-4527-949d-0309081f4142,65193013-6665-4027-8057-96888f8a9b3f,2025-12-09 17:31:55.662001,2025-12-18 17:31:55.662001,Inconclusive,Party tough movement action law town off former good.
2146c7e3-a47c-4868-aa70-5314cd9c1ca6,1673e5f2-a88a-4c1e-85b9-c93ae447be6f,f9bd9fa5-76f5-4608-b67e-d3f72d179098,2025-11-07 05:07:48.031796,2025-12-13 05:07:48.031796,Inconclusive,Eye along type see risk nor article list college.
a045e7ec-ab90-46ee-abb2-9806fb53ea3d,89dacc1b-88eb-4efc-941c-3207dce87943,fcd6f0ac-4fde-4318-8b34-ada5dd4a8260,2025-12-27 15:33:11.627108,,Pending,Speak person expert bar measure surface everyone car exactly.
09946167-26fd-41c7-b3ee-bbb8618c44d3,f2a8dcd8-c606-4d85-96c5-be40c9eecfee,94d49833-c7ce-4446-9da6-81becb29364d,2025-01-17 22:51:03.257544,,Inconclusive,Scientist page travel school process have.
b3c76745-2792-4d8a-85aa-ef3e651eec9a,ea5a4c9f-7b14-45cb-a9be-c7b6f133cc29,8159ba18-5749-4dd5-abb7-0a64832ec23d,2026-01-17 08:44:26.811809,,Fraud Confirmed,Machine son television garden base certain value child many.
478aa8a5-0655-43ab-bb74-6a083504efc6,5600a628-5da5-49af-9722-4683126f9bcd,3f1c6d92-5d29-414f-bf8f-a865357188db,2024-12-15 18:16:07.451255,2025-03-04 18:16:07.451255,Pending,Draw key point decision same generation politics sense break cold.
c1f47810-eb33-4380-8f4b-5ecea08932c7,935985d6-3d0c-445b-bdb6-290728bc0aea,8aae0ea6-8319-4bc8-8906-4cd1f6824e85,2025-11-19 04:18:26.647808,2026-01-18 04:18:26.647808,Fraud Confirmed,Live way two do raise hope enjoy most itself.
7ca4eb5c-b5c0-453a-ace4-a366a379c700,ea061106-3699-4c25-862e-663ae2ead7b3,b43221e7-03e9-4447-9c2f-6a6ab332aacd,2025-12-31 08:08:59.963805,2026-02-27 08:08:59.963805,False Positive,High firm morning what best most government such particular present evening.
ad860ffe-0aac-481a-b77c-38ee5b3325fd,dacd7e55-2da7-49d2-ba4d-6d0faf027b99,8f5727d1-92f6-4d23-add1-7628950596b5,2024-12-12 00:23:07.421035,2025-01-23 00:23:07.421035,False Positive,Effort once leave push drop public side.
c716b18f-f89e-40ce-94b6-ba2f312a6810,6047c186-adc2-42f4-9d36-5a2b8cf2dcf8,c8e57912-8852-4c2f-9b25-6b9f9fc91aa3,2024-12-15 05:04:22.670358,2024-12-23 05:04:22.670358,Inconclusive,Finish action across attack in moment rate goal.
8f82daaa-3513-4b47-8877-22af0deec19c,6021f13e-47ea-47ca-8c6d-02d356a11dde,c841bc3d-59e5-492a-9348-c45b46f2457e,2025-04-29 02:15:59.772111,2025-05-10 02:15:59.772111,False Positive,Cover agency begin voice prevent structure wear point remain.
cc57e7fc-bc4e-414a-9dfd-fd35e046220e,06b23c7e-a426-4aa4-9fe7-35910d07ce14,a7d3c926-4268-4f3a-801b-f32513cc5edd,2024-11-12 02:07:56.838765,,Pending,Candidate prevent tonight not whose to receive education level view police two everybody.
7c014a6f-b730-40c1-bbce-49243eb8e620,05bda04b-3886-4507-811e-4aa93c924306,9f8b799c-1095-4e6f-af9f-f9b0b2ac6967,2025-03-29 09:33:08.284401,2025-05-25 09:33:08.284401,False Positive,Either sit everyone artist home you election spend concern attorney.
723ca04b-4b92-4f2e-9ee0-b77b1148558d,7e91f5ec-d8f5-41e9-9517-bcc51c235707,f1c79eff-8ff8-4034-a453-e89e556cb722,2026-04-20 12:56:22.338813,2026-06-06 12:56:22.338813,Inconclusive,Particular condition man century shoulder despite poor tree.
d8a32452-fd3c-4329-bf9a-1213e44416b8,0c947ddf-4e65-48e1-b369-7719c979e9dc,2d90560c-99ea-473b-9b45-cde676733737,2025-07-16 15:30:03.337363,2025-09-04 15:30:03.337363,Inconclusive,Alone audience road since affect marriage present.
b5bab3f4-3e27-4ca4-90dc-95de1158ede7,0f6d509d-f307-46e3-a5b8-cc11d881c75f,03dc0298-d06f-4ecd-9c83-dae85da99e6e,2026-04-10 01:34:05.204946,2026-07-06 01:34:05.204946,Inconclusive,Professor entire record toward off middle.
b03112b9-b663-414b-95f8-2b5f82eece2c,01c7c10b-b81c-4d35-851c-8eee4034ac4c,962d46d3-76ce-49d8-bfda-df6e7a28e54b,2026-07-16 19:14:43.804332,2026-07-25 19:14:43.804332,Pending,Long identify road speech audience difficult his ready sister building movement yard.
bdbd07d4-553c-496e-bfb5-9ef845c4da51,2c764f22-6445-4c05-bd95-4d821fa6f158,c5bffac3-6636-4de6-95a5-5b0af54545af,2025-05-08 21:57:03.143115,,False Positive,Hundred place where before movement which ball least short.
b43cb684-569b-4974-b1c0-29204d89f617,44531dbb-92fa-40f8-8e54-f74e6e0e4ff2,1f5d793b-1e69-436f-addb-3d328c40a98e,2025-07-19 09:05:45.976992,,False Positive,Never whose produce federal hope blood read main.
3cf3cf91-cb42-46fd-9be7-8d97a348008d,a3a9738f-d9b0-402a-8d69-8dc39aa1d84c,0e31bece-b8a4-4ecd-a650-848d0da49de4,2025-08-09 14:06:47.193089,2025-09-23 14:06:47.193089,Pending,Same cause cover rest or majority as music film move strong.
702c1615-9fc4-4f5f-a72c-cdc675156c40,dd9a2d86-6785-4a8d-8746-52301a1a063d,222731bc-9c54-4aa6-9651-74bfe8967b3e,2026-02-26 06:37:47.108318,2026-03-15 06:37:47.108318,Fraud Confirmed,Already argue skin amount brother southern.
7e283bc4-b302-4cd2-be36-c569ed6fe81d,a0753dcf-040f-4a95-b4cb-5ced9800811f,a90806fa-7ec3-4c3e-8ddf-3848e0519539,2025-10-29 21:19:13.575757,2025-12-08 21:19:13.575757,Inconclusive,Vote thank Mr scientist do author save major affect trade peace.
05be17aa-e298-46fe-8031-c3c99557923c,9ab75746-2200-4d56-b405-8a261f0a1147,5a1a746d-a78c-4af8-a147-bdd151d7bc4b,2025-04-16 20:13:42.192387,2025-05-03 20:13:42.192387,Fraud Confirmed,Add plan toward star best particularly structure.
57d5e5a5-43be-4b2f-80da-278b3c24b2d7,eb2ebe0c-0dab-453d-aa7b-f2cfbb19c4aa,3cd1b05e-fa4d-4a47-850b-13f48f0232e4,2025-03-22 06:08:04.235269,2025-06-13 06:08:04.235269,Inconclusive,Box organization past as dark front structure.
429668df-4153-4663-85b8-c0c0e254695d,ee9e95e4-259e-4585-9aab-4308840bb350,201f02cd-83d3-47d1-8bc5-c6bd865d17ef,2024-10-11 10:37:31.387733,2024-10-14 10:37:31.387733,False Positive,Food wish office case student soldier share or friend building center.
2be1840f-0bc9-45ce-8bc3-c608f30b3185,cd93e148-be01-47ae-b8bd-bb6e7e54c428,d42c98af-226f-49f7-a758-b61b622227eb,2025-05-21 20:22:25.063003,2025-06-18 20:22:25.063003,Pending,Network just understand American beyond suggest partner sing administration main.
dc2470d6-0346-4637-a44d-1e8c6a8aebd2,0890e8ce-ffea-463b-a3eb-ae5299edf3fa,12c4184d-7c92-4d52-ba5b-dec330b6d697,2025-08-21 06:42:08.725628,,False Positive,Unit religious order exist really society live camera.
9897f0a6-759a-4d8f-ab62-b5b38649a3d1,d258e34f-e0e8-4db3-9b9e-42ac065a61ee,e3d010c6-d0cf-478b-9e98-c8478e1d15aa,2024-10-23 18:44:10.391534,,Fraud Confirmed,Mission include visit particular also conference matter wear physical.
d2cb52a2-8cc7-4458-8ef6-4f446f451891,d9e1f59a-d983-4da9-8302-48068806b599,2f1f91c0-23b9-484a-bc3d-26fbb79db84e,2025-05-16 18:43:09.030420,2025-07-20 18:43:09.030420,Fraud Confirmed,Industry newspaper court worry with peace television would medical less.
982fd5b0-c794-400d-8c71-02a53ebf8a8a,f5ef4f4a-128c-4c58-89e6-4d3b67afb675,90484560-d920-4952-af60-6e7d2d6faf2b,2024-12-18 19:44:24.755201,2025-03-13 19:44:24.755201,False Positive,Everybody create someone rate why listen computer prove.
3931f6d2-8a69-485d-b010-fa3a46af0b74,6e374ed6-1b59-4958-93c1-0bf050bc1f2b,21b69ccb-3c45-4a44-9800-e5e87735f7c6,2026-07-14 03:41:21.908668,2026-09-29 03:41:21.908668,False Positive,Expect itself free source serve analysis science understand compare size.
68f41d21-6185-4b56-8db8-95fd3e3cd823,222348fd-8375-4217-be96-ca1abb2f1eb4,c48e7817-f61c-473f-b514-7e4f8af32755,2025-09-09 21:52:10.087067,2025-10-03 21:52:10.087067,False Positive,Audience dog know often industry section together.
1a5e70ad-835e-46a6-98d9-bce8b034867f,c17cfb63-0f90-4c9f-8b7d-8b50facfda18,b41de899-5cee-4ae3-a69f-33e35909932b,2025-04-20 13:21:40.720932,,Inconclusive,For better scene thank heart determine likely.
7a9d5a0e-3228-4cc6-a2f9-2044705c6e35,34ca65b1-52d0-4e95-9c17-91de534ee89d,88a27713-62eb-4fc0-94c2-879d8d500494,2024-11-03 21:57:21.124879,2025-01-29 21:57:21.124879,Pending,Certain until lawyer hold carry rest place wish dark camera realize.
157df3c6-a5ba-4500-b01f-975d891cc94e,1086dcb8-8c92-4e17-a174-f5cab4f34b9c,08cc8836-f482-4987-bf61-e235057490ed,2026-07-14 21:51:43.914074,,Pending,Book letter industry set detail far church.
68858e34-4828-4232-8d72-9f0ea21b6e5c,74b823e0-6227-46ae-8489-c508ba507248,bfb4e34d-5b8d-42a5-95aa-a02044fcde17,2025-06-19 07:16:58.852412,2025-07-19 07:16:58.852412,Inconclusive,Town official need discover in miss television describe list leg address into their.
33dae8d5-f9e7-4dce-8382-dc25df98c387,d00f9e66-3245-4d33-883b-bc1ab4e750dd,5934f98a-5aac-41c5-a0bc-2a33e864f409,2025-10-22 03:26:16.738892,2025-12-22 03:26:16.738892,False Positive,Often through option chance off above woman always likely shoulder almost.
d3e6b5cd-f717-4368-9bae-675f7ae33259,6d7449b4-9ab9-4eb7-a429-e8bee48f441e,af75e42c-b18f-4f48-b840-dd7af5f9fa3e,2024-11-18 07:38:02.702934,2025-01-05 07:38:02.702934,Pending,Special recent better manager bar send really image design grow dream your.
87b5584a-b8a2-4ffa-b6aa-eefbbb3718a6,a60830e4-3148-4473-8f9a-e07a89a6c587,bc2ef3a7-ac23-4727-91aa-66dda557b0d5,2025-02-22 15:10:45.936032,2025-04-23 15:10:45.936032,Pending,Class learn now on with less catch reflect continue.
44de3962-5337-434c-81bb-32f858f812ce,f69360f0-f468-4445-831f-ae471898d733,dc623046-0a85-402c-a6c6-b52efd581b19,2025-05-20 08:26:59.339896,2025-07-24 08:26:59.339896,False Positive,Less plant team audience throw four allow international especially watch my some skin ball.
f0b78173-999e-48ca-90a3-ca334e4e73a4,f2a8dcd8-c606-4d85-96c5-be40c9eecfee,d8ab92da-66c7-4c2e-8ac4-3d79f9582d20,2025-01-17 22:51:03.257544,2025-02-12 22:51:03.257544,False Positive,Method travel hair appear him let.
e7a410d2-03f4-41d9-86a9-b914ca4a375e,031234ed-a9da-46eb-9067-17aa403e4fd2,272fc05b-d4df-4784-93b1-83b5e33c9a3f,2025-07-21 15:46:59.321058,,Pending,Compare next attack remember daughter wonder draw box long voice.
06a48ea6-d70c-4795-8908-de6735bdd715,c6bd0d9f-802a-4e28-9a02-d347db77635d,fceee902-1a90-42f0-8aba-1a9fba367292,2025-08-23 16:39:56.250460,2025-10-10 16:39:56.250460,Fraud Confirmed,Send set fly today me institution approach health.
72516389-e923-4f2c-bf81-8b2c1b39b85d,0d8c6c8e-015b-4f3b-a23a-8f4b3c552d53,ed5f343b-a5d6-487e-bbd6-7e80cdab994a,2024-09-24 16:58:52.472327,2024-11-30 16:58:52.472327,Inconclusive,Money but report question mouth factor per son war speak wait assume.
5cc126f9-a953-42b8-b6cc-e954bab69e20,328579ff-de1d-4071-89a6-2b1b462b48ef,ac1a8051-c3fb-4aee-8e9d-882654a4fefa,2025-01-21 22:17:01.420176,2025-02-01 22:17:01.420176,Inconclusive,Beautiful hospital condition when baby clearly born challenge character daughter weight.
cdfcc9e1-fd65-40b6-9e1c-067b951f460a,56be6ee0-e17b-4c21-a8c0-bb7bd24f968c,caa2ff9e-de42-4371-b67c-33b52a5309cb,2025-02-07 02:25:31.575669,2025-04-06 02:25:31.575669,False Positive,Wide must car get kitchen popular factor as the discussion water.
db9e7d70-63b8-407c-903f-6bfc0acb74a7,3932c39b-ff7b-4bfa-a550-6a084749b78c,643dc694-6c3d-4ef0-be55-ff83fa303a1c,2024-11-18 13:11:44.087200,,False Positive,Official pretty skin main program morning nature leader note together fill.
61e6e766-002c-407a-b177-c54ee37f339c,0d483d0a-0d11-45d6-936d-4d9c0d5670bf,fb952258-a57e-42a8-97a3-9db9becc9576,2026-01-19 03:47:52.539318,2026-03-18 03:47:52.539318,Fraud Confirmed,Machine wife show another good lay coach under.
d8d63ff3-0320-4c86-879d-ac28743133ab,37552885-4e92-42db-bc3d-ea97ad5e70af,4b04eebc-c798-4d71-b76d-2a9b542b7c3f,2025-10-01 11:58:43.477535,,Inconclusive,Consider compare remain toward some claim bring year off.
830f928c-bbfc-462d-83f4-6bb5c0be9d8b,193b1a0d-a9fd-4a9e-8b57-f75acd5bd9dd,9fdbac0b-5180-4b4c-bb96-ee38b12a1291,2025-02-15 20:40:36.634315,2025-03-18 20:40:36.634315,Fraud Confirmed,Continue none alone first gas health music class feeling turn.
f5f70482-5323-41f0-a75d-0bde6743347a,05c0111c-2bb4-46ac-b3be-bfb1034645e2,1b9f0b28-7a3f-4ea5-8997-1c63a8d1fa20,2024-09-28 18:05:32.921091,,Inconclusive,Shoulder way until choose wife national medical positive far time wide senior.
5edac1aa-5061-4b48-b6e2-31d5da03a5f1,282710fe-c9df-4271-96dd-a81550ecb4c7,6b37f2e7-13e9-43f1-828f-7139a0daab61,2026-06-02 20:45:09.558232,2026-06-15 20:45:09.558232,Inconclusive,Son rock two full both look always.
49e940c5-f359-4db0-aeba-a7de2ed79c3f,14afbe54-9ec6-45a5-9160-c799163b0804,08065f20-4938-4c2e-b5e7-b023b53b0b82,2024-09-05 00:28:47.938725,,Inconclusive,Final husband subject land begin area political.
40e38785-76f3-4180-aeea-0eae2b4d02ed,7a1e4085-fd25-4f2c-b2da-47a5a5be35fa,94814878-7cca-431f-ad1c-acafdb5eeaba,2024-10-17 15:47:06.609520,2024-12-17 15:47:06.609520,False Positive,Sit short cultural base support quality whatever wish.
04b01cd5-f765-44c7-946f-971d6175d990,3efa14a8-7c59-44d0-a254-710abd300611,ccada0f4-417f-4335-b69f-7d3b9c7c8495,2025-04-10 20:53:19.447856,2025-06-10 20:53:19.447856,Fraud Confirmed,Fish painting want training guess challenge take hard health expect goal within.
18c12c51-44d0-4124-9ef3-1740c83b5c23,b0da4ab1-fb1a-400a-b630-5461d7c0fccc,2904dd10-28e3-4a5b-83bb-419e304d3015,2025-01-22 17:40:08.994894,,False Positive,Democratic thousand score indeed kind clearly road.
aeb9fa16-f9cb-496a-ab2e-4dec57165968,198b39e6-5ccb-4605-a3c0-26fc05a16bb3,d7571d45-9ed4-40ce-95a6-334cd077e47b,2025-07-21 02:20:23.826597,2025-08-10 02:20:23.826597,Pending,Cause onto beat debate listen test would at whether series because.
b15e87cb-30a3-4905-9842-ebe152ad614b,861e5d52-5511-46b8-9ac3-1b145da7a247,9f8a5ee8-38a9-40db-a403-ee337a737602,2025-07-29 03:36:21.729673,2025-08-13 03:36:21.729673,False Positive,Increase new report sense carry control high network amount.
6246f8ae-9ea7-4cd7-9261-b6f7045bd611,f83220c9-55c7-486b-824b-b60adb5013cb,9ee460aa-d117-4091-96e4-d45f3d02b788,2026-01-24 23:05:27.683164,,False Positive,Fight nice less agree able enjoy what strong line president throughout individual man.
7c6748eb-ce65-4fc4-8f45-c2ba862df348,a7c46b11-f039-4f00-9661-d12451a4c502,c2c63482-6c47-417d-81f9-91a8cd065070,2025-10-20 18:35:35.103777,2025-12-13 18:35:35.103777,Pending,Agreement share manage wife out gun lose job election.
06f3ff5f-f519-40ff-8631-ccfbc19b6003,f1749dcc-004b-4de5-99a6-2b41471b865b,fff4b60d-7315-409a-b2a1-b71be69bb535,2026-04-12 06:26:26.838331,,Pending,Health run adult employee ok certainly leave.
b9372d5d-5aca-45a0-952d-ea40677b9cf5,721348ca-d9db-4896-b0b5-26966f0f6cbc,cfc15063-9562-4b1c-9bc9-fba79ea5de20,2025-10-08 12:26:46.590265,2025-12-24 12:26:46.590265,False Positive,Clear evening information treatment green face morning view message short.
1594c570-9a7c-4694-b12a-23ad90f80348,09f47329-dc76-48db-8331-f3f881fcbfec,08ceaaa9-ab19-4975-b5e4-d550f576c0b7,2025-01-20 04:24:47.046255,,Fraud Confirmed,Out cold follow first suddenly son even.
5de56c75-d7d9-46ae-926a-c0e309445311,5530cd16-87c7-4a8e-87c7-a1d00b38302c,2fa95b5c-f4fe-4206-9b0b-94dcb048b638,2024-08-09 09:03:57.828899,2024-10-27 09:03:57.828899,Pending,Benefit oil statement actually million health machine future treat bill.
af2af045-ddfb-4457-84d1-c4d912fd50c6,e95e637f-5ab0-4635-8537-fb6245fa158b,30c7d120-d74c-4212-bc67-4e1617820388,2025-10-30 04:31:32.912647,2025-11-23 04:31:32.912647,Fraud Confirmed,Story somebody next ready weight suffer Republican reduce.
3c034043-0491-44ee-9b92-39d644f36041,4a5c571f-4378-4f5a-b73d-76d3b9bab2a0,d78d0876-282d-4100-8e87-b71ed5dac163,2025-10-05 23:54:14.510318,2025-12-12 23:54:14.510318,Fraud Confirmed,Leave baby standard type look find guy stage threat our shake.
ca627f87-af53-4be7-b94c-0536e1980534,6d597679-8874-47f5-b14f-47be67fdfeb1,a7c759fc-997d-4934-9870-832db87fa89d,2025-12-07 19:01:26.554105,2026-02-13 19:01:26.554105,Fraud Confirmed,Agreement sport develop task central dinner by candidate bad.
5662e2db-b588-48c6-a146-16ff450c50c7,0bddcc29-e82e-4582-8cad-3579f7fd9c51,f2a05ab6-65a3-4602-b60c-73ee7923a577,2025-05-24 11:52:33.969064,2025-07-13 11:52:33.969064,Fraud Confirmed,Back simple serious amount blue soldier message.
d9c8223c-1989-4cce-9808-0277668e1cfc,e90df754-b8ee-428e-bb38-c6c50df2a8ff,45ecc4b7-a4e6-4e3b-83d9-d7f7b6e17bd1,2025-06-12 15:06:20.618690,2025-09-02 15:06:20.618690,Inconclusive,Training analysis feeling act benefit buy own.
32f74da3-307d-47dd-a4dd-13123a69d3f4,31dbffe8-6be9-4859-9672-daf299f8bf1e,c0071da0-1774-417e-8f19-f08f24ecc66d,2025-06-16 17:41:18.570684,2025-07-19 17:41:18.570684,Inconclusive,Continue goal before suffer walk we girl civil.
1c11c43d-d247-408a-b80b-a6993de22463,b10b87b9-676c-4165-b79b-ac904e5fa705,e5425a04-7bcd-400a-b688-cc189cbc9fb8,2026-05-30 09:26:35.663647,2026-06-08 09:26:35.663647,Fraud Confirmed,Drop now between official add describe course example top Mr wind better degree.
c2cba79f-a6ce-4238-8388-0e90f4521f5d,0b666b38-3c47-46d9-a837-645a7a0741df,0fedf265-6cc8-491c-9731-783a769f3bca,2026-03-01 11:56:24.444512,2026-05-15 11:56:24.444512,Inconclusive,Hand operation keep whatever Congress great here Democrat dinner both world buy.
2aee1d2b-8d76-4faa-a9aa-b160a286e002,38dda831-0e9a-499f-9790-ecbfb2e5832a,f0c6aca2-3319-4143-a68e-58681004d69a,2025-03-04 11:12:54.947057,,Inconclusive,Many guess explain reveal bank management his.
321f7606-e868-4241-9034-c1200ffb6742,0e7741c8-d1b4-4e90-93c8-0a70f9f52085,d1a7d6ee-fc95-44bb-b923-7366ee3f9180,2024-08-10 06:31:50.014186,,Pending,Reach subject difficult imagine world into task thus sort.
aa5ccad6-e102-40b0-8bda-26a13aca0b81,275a8c22-e3c1-4d2f-874f-64c4aef2b390,8fd9141d-ae58-402d-b869-73ffb8b5695d,2025-10-08 11:39:40.056991,2026-01-06 11:39:40.056991,False Positive,Conference your man black just probably be century husband opportunity.
e790f87b-ead5-4ce8-9578-a96c796d688e,79225f83-bd38-4eef-ba16-1fe33ba7e250,7c508aba-7739-4225-9995-5d25e8f1f82d,2025-10-01 08:04:56.381071,,Pending,Ask window full organization wrong but study rise.
1f0063f1-b950-4edf-9ec0-880202c13213,9781e040-a4e5-4f2a-b6d9-ef0ae5442d5b,eee6409b-c902-4702-b613-01d96b5364c5,2026-05-15 07:54:01.584910,,Fraud Confirmed,Order series song wall green project wear would memory challenge lawyer business majority.
06dfe7e5-ef92-4f34-933d-e6fb52049b13,69d7c691-5144-4812-aee5-fc93812544c0,977a9615-7e06-4992-863c-2ba2fc3896fb,2026-04-22 12:42:46.953365,2026-05-18 12:42:46.953365,Inconclusive,Ahead scene store marriage ago condition painting.
7722b8c8-e42c-4547-a916-f96ae5632ba8,b4f00e34-26e5-48d4-b509-1e39d0926e25,05e7cf52-c81f-4bd8-91b5-b7ee849cada6,2024-10-17 22:01:08.243005,2024-11-26 22:01:08.243005,Pending,Perform benefit baby seem should society dark product make.
6c62b07a-b138-4c86-b957-cc1bdfdaa5aa,41499803-9160-4df7-90e3-4fa873ac1aac,336b30e0-3ee6-4b99-ac96-bdb325091e1f,2024-09-02 06:31:43.825409,,False Positive,Special music adult shake wrong they budget late table kind.
d9919a7e-a822-499e-a770-f23174113936,03f5e87e-5bca-40ce-b0e6-9a2ebb9aa966,d00bbfe0-cfe7-4c1e-b6a3-cdf3ec5da5a7,2025-02-10 05:40:36.079741,2025-03-19 05:40:36.079741,Fraud Confirmed,News team field relationship man care resource maintain.
13d2c2ad-7479-4dc9-9e79-ccc7083bd9cd,042af9de-c7ff-4a19-b56a-24daaf4171f3,bca82f03-6687-4d9c-bd86-553699150d2d,2026-05-18 10:47:19.958292,2026-08-10 10:47:19.958292,Fraud Confirmed,Process rate occur live take media hot manager wife pay good within.
73e21a64-50f1-44cb-b8ff-eabf857fb14c,e6e633ba-309b-4a2d-81ed-0514a9f0a67d,ffd94a19-0c86-4a5b-9c58-cf1fe408898f,2024-12-13 21:07:17.263560,2025-01-30 21:07:17.263560,Pending,Opportunity campaign hand special once she.
72c1cf4c-fc4c-4862-970e-2ba068dd9ea7,a0f5acd4-88b6-4cd1-ab30-daea4313075a,044d38e7-1581-4be6-b0f1-57a4601d7d94,2025-09-27 12:45:57.486862,2025-11-23 12:45:57.486862,Pending,Best generation group goal product easy possible or travel assume.
5782a2e2-c2d0-4ba1-8ef2-098b4616abc2,faefbf20-6cba-4096-abdc-c5bd2ac16f19,c69157b5-510c-42aa-b0dd-1a18f26d5a03,2025-03-21 19:04:29.081833,2025-05-04 19:04:29.081833,Pending,College Mrs also price institution method inside after like against.
f8338d9c-3efb-4cc2-ab66-60ca0b382113,7e67ccd2-4004-4d9c-a442-04dbb875ee16,43d26dee-1ad0-4915-a743-64d25acd2edb,2025-02-06 03:28:01.188673,2025-05-06 03:28:01.188673,Inconclusive,Hope occur space beyond push from me share fund pass guy job market.
68f0f7aa-9a73-4daf-80e6-bcbaf39557b0,347df1ef-4ceb-4f57-bcb1-64ea1e47a079,7ed49e98-9b20-49d9-b433-d8a80d005175,2024-07-27 20:09:46.648988,2024-08-07 20:09:46.648988,Fraud Confirmed,Subject movie explain answer you I.
d1be34cf-2b66-49e7-9214-f6f6edac0806,ee49ff03-8526-433a-ad5c-5ea4aeaecaa2,11f03637-3936-4985-990c-a969029b2b33,2026-05-27 19:26:51.460108,2026-07-22 19:26:51.460108,False Positive,Response official option event note most interview.
2f444060-96cf-44d0-b829-9ab0af98f2a7,b1833dcb-9dec-44fb-8b51-10bd5df4e7bc,1965b34a-d6d4-4474-8ee0-33650621d13b,2024-11-07 21:59:01.169794,,Fraud Confirmed,Prepare few sound item music customer.
43e616d2-aad7-410d-bb30-5d7a136e49f4,ecdf1a0b-3bf6-48b3-8189-2c816b87c805,857ce3cb-e6ab-4098-9f1b-8e858a56c617,2025-03-25 20:41:57.773812,2025-04-05 20:41:57.773812,Inconclusive,Middle public natural thing physical might cost material produce station visit environmental point.
d92a363d-77e7-41e4-b128-d505bd7dd509,275ecf99-0ab3-4754-87e7-840d1a3c392c,cca8932a-9a3a-47e8-8da7-9baaa9b88e7e,2025-11-19 08:08:39.214446,2025-12-29 08:08:39.214446,Pending,Various risk art customer leg drive second she such improve team.
2ce05ff5-3562-4daf-9aa9-2bad257cc708,f8d451e9-6527-4303-a2b6-2034cd271c7e,d768eada-82db-4c27-9f57-3f03b09bd396,2026-06-27 21:52:28.544237,2026-07-19 21:52:28.544237,Inconclusive,Suffer environment expert civil rather door draw change.
e7cf15f4-3d08-4033-a908-2d1c10a8918e,aae5057c-22ba-4527-949d-0309081f4142,1384fe40-2895-4c95-a8a6-948f5fb88ee7,2025-12-09 17:31:55.662001,,Inconclusive,Less nice job positive already city carry election sound.
28145c6a-c5ff-44fc-b72d-a8e436334848,1bf80461-af83-4fdb-b0cb-db8b1a9bfae4,21f5f1c2-ea08-4042-a16a-f803501d7ffc,2025-02-21 20:12:22.954385,2025-05-11 20:12:22.954385,Inconclusive,Popular amount reveal site area to finish fear.
0b3e0fd9-498f-4334-b09c-02d8d7e16bda,57e1c1bb-1281-46be-9d88-8041a77bdcf3,920d3a69-362b-4b12-99a6-4b60635bb835,2025-12-20 00:15:31.380251,2026-03-12 00:15:31.380251,Fraud Confirmed,To public though however style successful door number matter building professional.
76ba0a3b-2ea5-404c-9201-454cbd882d16,62ff2b60-3e64-4588-a8c7-22c35722a5f4,3ed79952-f55e-42b1-b762-691bcfaa2aa6,2025-11-28 06:18:48.196426,2025-12-08 06:18:48.196426,Pending,Edge this draw business southern forget once hope security door institution certain.
6ce0ab79-7c2f-4515-9986-c89e0ea0bd93,ea58ae94-f9e9-412b-9f5d-b40941cea35a,4cb624f9-ebbe-4cd8-8daa-09eb923e4bea,2025-05-11 01:50:22.825047,2025-06-27 01:50:22.825047,False Positive,Keep effect operation make hear we first interest radio.
861d89f1-10d2-4193-b60c-fa3709fb530e,6aff290a-487e-45e7-84f0-a1158441289d,5dc416da-9805-4a90-bc5a-d771a2c624a1,2024-10-27 04:28:35.357600,,Pending,Guy resource start again whom paper success.
21a40cf8-493e-4864-8b1b-2cf6632d80f3,1c23965f-0f47-46d9-ae9c-e455ec91e8b5,929e745a-b441-4c51-a702-b55d50b060c5,2025-03-28 22:47:22.703649,,False Positive,Real small dream need finally when.
e968d949-8bc0-4564-bf53-87333b7d726e,f287509f-4326-4bca-949d-70c794096329,7ca49676-ce29-4759-a3e1-ec142c047f19,2025-02-09 13:53:21.158521,2025-05-03 13:53:21.158521,Pending,Movement door kind account whether until truth.
3f184af0-8e85-41a1-ab1d-ab2fb8db4d9e,6e0f436b-9f02-457d-8398-f154586d2240,83f0e5d2-2f4f-4ff3-9319-39535139432a,2024-12-06 14:59:04.151126,,False Positive,Father teacher civil keep first speech popular smile ever.
335e6d90-bb58-45f5-8368-3ff4b0c5d8f8,cb247888-66d6-48e1-8cdf-ba2deb255943,7af18752-0b14-4176-98e1-87e871dc47fe,2025-12-09 17:26:22.997688,2026-03-06 17:26:22.997688,Inconclusive,Likely include subject response theory star station recognize media goal own spend.
b494e995-075b-4ef0-bda1-d47392d9c139,d84290cb-74ce-4ac4-95cd-f37c175fce54,f55ccd73-f6fe-42bb-b5d3-e5287060450c,2025-04-09 01:32:40.871629,2025-05-27 01:32:40.871629,Fraud Confirmed,Receive seven political contain kitchen political able customer figure office book.
1b05caf0-f43f-48e2-b28e-718945db7699,a4b61e1e-e9eb-4714-80c1-f9e1c747232a,d44f1092-2697-4b83-a59f-8211fac1567d,2026-06-10 16:16:13.748138,,Inconclusive,Suggest rate society floor long same end.
b2266311-7f90-439b-a6c1-755312cad0f1,9c974264-c4e6-44cc-b434-9130df6a8ff0,fe447882-1f40-4c93-8514-72e4b2c73c19,2024-10-24 02:12:40.276161,2024-12-14 02:12:40.276161,Inconclusive,Son cup increase consider then war this difference way type.
d8a7766a-7906-4e6f-bd20-a05f90feaa2f,8b0d3988-2b75-4929-8974-bb09b9a64f2d,779451dd-f490-49ba-8f86-113dc562bbba,2025-05-22 06:33:21.123145,2025-06-23 06:33:21.123145,Fraud Confirmed,Director become leg energy system anyone peace outside chance when color note add moment.
35656795-fc5f-4f13-b69d-de0cb031f93e,4f17557e-8186-4f8b-9eee-d5b77eb2489a,ad2990d3-81a8-4e0d-b970-5e3866666054,2026-01-19 06:38:55.337023,2026-02-12 06:38:55.337023,Pending,Still management difference data watch spend entire second high issue deal.
6635f52f-a894-4adf-a9e1-97d0a7f248ac,e27e7616-e73f-4394-8aab-c36df8caad67,933f68cc-dd59-45f0-ab58-063a975c96d8,2025-06-08 04:28:52.832125,,Inconclusive,Risk country Congress society agreement wish dog late eat.
c0aa5be4-7a1c-4973-a5cd-5214010a7cc4,6bd972dd-c5b7-473a-8046-b786c49e423e,8d955ed6-fa26-4fa1-ae6a-b1fad270242c,2024-10-24 11:20:00.483148,,Inconclusive,Beat light the window huge defense himself interest others authority news.
22d4d4d8-6feb-45e6-80b3-38e279c318ba,47dad0c7-aca3-44d4-814b-11217acf34e4,b61fc861-23f9-4ec6-a3fd-d78e0bc5bb03,2025-05-31 16:58:44.525078,2025-08-28 16:58:44.525078,Pending,Likely great paper provide soon remember special accept mean.
9add413c-83ad-4737-be37-de990d4d46b7,8d5b892c-4428-4886-b5b0-c6bb90aa83fc,c898fc71-3704-40f6-a6cc-1d2ac253a4e3,2026-05-21 02:16:48.196751,,Fraud Confirmed,Provide car throughout American conference college manage fund life bed report.
fe654012-7cc9-4c2b-a8e2-67712058a4b4,c993e0e7-65b3-4f1a-83e7-49e4d9446d91,9b4a85a7-7cae-4e15-839a-899bcdbb2098,2025-02-09 06:34:21.811241,,Pending,Bring analysis campaign the strong security unit executive theory.
a035985e-83e3-469b-9a5d-119ff2ec61ea,4e23a965-33b6-4655-967e-1cf45d3b6077,2b36ba77-6447-4028-bc45-c487a077da94,2025-12-01 19:03:00.906139,2025-12-13 19:03:00.906139,Inconclusive,Might job close say man wear new type PM.
8e0dd657-a8c1-4c6c-a0ad-5c3e66e54251,fb96d2f2-9cdc-4728-93d7-b3f6b513ac92,cd00f67c-c1d2-40d1-b045-e13ee9ae62a9,2025-04-15 18:03:30.525089,2025-07-10 18:03:30.525089,Fraud Confirmed,Chance discover along employee relationship job yet until.
b03bd3fd-b369-4d06-bdfe-9fd312245610,257a5e46-c693-4063-ae24-0dc8d25a27fe,97e97de0-f818-4785-baf9-364c68d12499,2026-01-10 22:58:03.514595,2026-03-22 22:58:03.514595,Inconclusive,Writer night leader both rest challenge glass data exist strong.
be26cf86-0275-4aac-ace8-ea157b5bd714,431a63a4-1f29-4732-af95-4665597bd8b0,ec838d12-2763-429b-ac35-1b74f76db996,2025-02-22 12:15:22.481797,2025-03-15 12:15:22.481797,False Positive,None production defense your above short Congress turn east.
35d10426-7acd-4b98-ac51-08cc0be39fd0,2e783020-b91f-423d-8631-9044f2b919bb,81fe94b8-6b1f-49b8-a098-5dcfd5e4d01f,2025-04-02 11:20:16.937799,2025-05-19 11:20:16.937799,Fraud Confirmed,Thought ago race quite hour opportunity week.
00619039-d01d-4410-a6d1-1b118f555b4d,8c8417f3-355b-446d-8c28-9e5e03cc7a44,e07b4cc2-fc61-437e-863a-7766e07eb81a,2025-04-27 09:03:49.697854,2025-05-23 09:03:49.697854,False Positive,Ahead least remain look pick especially price.
059acd02-1a8f-4d64-b1a7-42f9382667bf,7e2a9edc-50ef-4214-8899-e715fe91514f,a8d58a4c-5ed6-4ac7-96f1-d07fe93add0f,2024-10-11 13:03:05.724394,,Inconclusive,Prevent week foot rule same whatever.
b6a326c4-4f00-475d-8556-6c21c4070b9d,7ff57110-624d-4cf6-b104-4b1ca3f27ca6,9a44c34e-16e1-4520-8df1-13398956c7fb,2025-02-15 13:40:41.754200,2025-04-16 13:40:41.754200,False Positive,Tell soon executive sometimes season natural own begin.
d1b6c63a-69e6-450e-96a2-1b5bb87735e9,c9bfbb26-1150-4b46-ad69-aab875eec5a2,dbf7475a-f23b-4c00-a979-4592fc259a00,2025-07-10 08:19:06.310105,2025-09-27 08:19:06.310105,Fraud Confirmed,Whole tend become system clear single expect sell pressure.
342db84b-2989-42e1-8def-82ed23cb06da,539ad82f-0d9b-4a00-8b80-758f3f82599e,8e7f393b-05ff-422b-b1d3-aeb164393520,2024-07-22 10:04:48.286976,2024-08-31 10:04:48.286976,Pending,Song save TV tough page grow benefit happen customer knowledge hold environmental.
f8082f5e-657b-489d-b5bb-268b48f9b76a,f4689bb8-2eb8-4b63-bf3b-c8c66468b64b,b4f8dfc8-16d7-4260-bf90-cc028d13bd59,2026-04-05 17:18:44.021924,2026-06-12 17:18:44.021924,Pending,Series specific pass its international American game.
fae1bef9-b624-48c8-8ade-74831a01b0fa,539ad82f-0d9b-4a00-8b80-758f3f82599e,844a2045-c003-4e30-8419-d989bb61e135,2024-07-22 10:04:48.286976,,Inconclusive,Positive require us money positive base life bad.
60abcd28-6848-4ce8-b66c-8b1bb4248254,db2157ec-f8e6-4d8b-8a04-4fea43065bdb,b8437998-29e3-4320-b8ca-4e86046a4c40,2025-05-24 05:36:23.407311,,Pending,Chance campaign total success mission far answer baby and.
009f4dd3-0bee-4a9f-a294-eb70483a8086,10129a6c-157b-41f9-802c-7797e5a9f03f,96d831a8-b579-4b08-b01a-93fd0058dfc0,2025-08-15 02:17:02.210657,2025-11-11 02:17:02.210657,False Positive,Including let result spend green one shoulder administration scientist leg skill.
7a6276e8-d9c8-4419-ac70-a3ea45ff385a,a1998903-10d6-4351-93a2-16f5de117fb9,a9638893-a201-4024-847d-69688ee18a64,2025-03-29 07:14:01.266520,2025-06-08 07:14:01.266520,False Positive,Bar theory fear onto lawyer prove.
68ba2db9-6f37-48dc-9a9f-1af56a24a617,19c748a1-41c5-48de-8f8d-237fb6af5982,274506b9-8a5f-4b85-a4c4-c3755d2111e0,2024-10-31 19:58:45.165924,2024-11-17 19:58:45.165924,Fraud Confirmed,Game truth special decision back word else pull its.
c74f8cf5-513e-4550-9419-fb564f425de4,e4f40835-320a-4d70-a63c-218838988633,d1120b27-f1ac-435d-8b9a-ea3f6f4a40be,2025-01-23 09:06:01.218359,2025-02-08 09:06:01.218359,Inconclusive,Bring commercial local reality than whole own main peace wind guess.
1798f7dc-a4c5-4b50-81f6-56b1b92d0be9,a545cb9f-d5d6-4acf-aa28-85bec981593f,db668097-cd87-4f4b-a69e-cdcf3c496f8e,2025-02-16 00:55:46.328416,,False Positive,Source because career course staff receive could agree loss certain drop.
b0dcb95f-f8b3-4cb2-976b-3b7376569547,3d45a80c-dfbd-4451-b768-a3c42a2221ee,5107f7a4-5eb8-45de-ac2d-3f8c8eb622fa,2025-07-19 18:05:47.690931,2025-09-02 18:05:47.690931,Inconclusive,Course feeling leg listen against coach check reflect white likely teacher one.
d095e6f7-c8fb-4d3b-bf43-3559cba94975,2e5395e3-4cf4-48e8-ab5c-db634f2489c5,818a0aa4-9f3f-43d4-aa9d-05fe364dd1f7,2025-03-07 14:33:29.417071,,Inconclusive,Stop hot free bill summer it indeed many official room yourself already hundred.
5659566b-3bed-4f11-a657-184b445cd482,c166260c-b333-4432-8205-dd57c5dba22b,09e085f6-e69c-4dd2-93c6-23c9f4a2f6af,2025-07-23 06:09:01.934525,2025-08-09 06:09:01.934525,Fraud Confirmed,Very toward test discussion art affect office network environmental possible threat bring performance.
06feb385-333f-4782-830a-f96e117f7b3c,11293af1-92c3-4016-807c-27380a6489b7,dc8b53ce-d29c-41f3-8567-7c59b9160bda,2025-11-20 19:53:01.512200,2026-01-24 19:53:01.512200,False Positive,Recently again explain court gas discussion detail training fund own successful.
b95430a1-6376-474b-b2fc-11740e3bc06c,cd24db8c-6305-4d57-a520-28c08e218831,cb78e3d2-feff-40ef-b874-2a6a91641bf4,2026-03-10 02:00:27.281048,2026-04-01 02:00:27.281048,Inconclusive,Third rich hospital indicate wait present growth.
4004ce30-d600-490f-9cd0-714744578997,39bb868f-c328-4cf6-a8ea-6d6e9f627d60,7a0b4a34-6839-42dd-bf39-4d234b90b413,2025-05-31 01:18:25.803946,,Fraud Confirmed,Perform executive see project can current paper beyond.
99e654a5-c285-4960-8a86-7fc57b8f6de3,3d21ef86-a4c6-43ea-9ae9-ec137af31f9f,433a3b50-b77a-4e20-bb9e-2330468d177f,2026-02-08 01:29:16.373929,,Inconclusive,Field decide another adult thing ground city still thus allow as issue.
fe3d017e-5514-408e-bf95-6966dddbab78,6a172789-ed30-42b6-b16f-b681353ef310,a8125926-0c0a-4795-9b17-6b10c135c745,2026-04-20 23:05:27.829481,,Pending,No main year size show show news.
625ccbfe-ae03-47c2-9bfe-21967ba1dd8f,7987f387-6d7b-499f-b6e6-5f9f14327e59,377e959e-833a-4f42-a07b-5856656854ee,2024-11-15 05:37:57.021560,2025-02-03 05:37:57.021560,Pending,Page bit anyone watch sometimes while sense window sit participant teach big.
81072ae7-ac26-4dbd-8a12-5620fe319e15,0c2c3bbd-220b-4a19-a3f3-81d8cae912e4,9a4298fd-ecfe-45a9-a97d-c6727ce66baa,2025-02-13 03:00:24.878735,2025-05-05 03:00:24.878735,Inconclusive,Black picture that treat church factor kid media run between positive free.
96734918-0a0e-45ec-b7d1-ec85b54f2027,4606e3ef-cea5-4d7f-9cba-adeadf6a18dd,c7220fb3-bb1b-496a-b38c-e7bea26b753c,2025-12-04 23:00:34.544874,,Pending,Keep indeed shoulder early speak game measure be.
b8ff37a3-8b58-4e6c-a542-6e7e46454b3c,bcd196bd-6896-416a-940c-cdb29cf277ec,3b4f9585-d40f-47a7-8c5d-979e059abe7c,2025-08-15 14:49:38.598892,2025-09-23 14:49:38.598892,Fraud Confirmed,Guess professor charge send instead direction soon including important learn system.
6de0dcac-19e8-41a3-84c9-7f26e417e43e,5af1c0b5-332a-4367-871c-2075245720fe,14edced2-4602-4fda-887e-bbb4069bf72c,2026-07-10 16:25:20.687625,2026-07-31 16:25:20.687625,Pending,Want kind show response military attorney full I sign its.
e66fef9e-5fb4-4211-834f-0de49e26ffe7,cd58d815-641a-415d-bba1-c48f22054a73,1e47fe4c-a2fa-4b95-844d-c492b7d59c3f,2026-03-29 23:33:55.660828,,False Positive,Produce political total around place require.
67ec72f4-ffee-4d4d-b235-bb6fcc1b6354,6ebf9554-6f67-49f5-ae9d-27a8556c87ae,f13a5ecb-c13d-475b-8e66-26a1f7765954,2025-02-09 17:32:28.626923,2025-03-22 17:32:28.626923,Inconclusive,Win information though red them return finish general still too particular chair.
66511725-a9c3-4d0d-8a50-442a4e6911fd,b82c7b98-a327-4570-ab19-3b3091ae3b22,1c236530-c731-4571-aa02-ec59b99aa27a,2026-02-21 19:24:24.402751,2026-04-07 19:24:24.402751,False Positive,Thought person peace kind generation speech possible simple.
d212106e-437f-4c63-90ee-4327d8b7d1fb,07cf2733-3666-4057-abac-84aa3b9c7efd,feeeae9d-2a00-4e8e-8f3e-e9291b16a860,2024-10-27 18:39:05.565118,2024-12-14 18:39:05.565118,Fraud Confirmed,Already free rise science call yeah exist.
67e61912-9c49-4541-8dcd-92ed11895afc,4c52a522-afed-47c3-bdb0-d9db3812fc81,7f17e9e3-2eb5-41d3-9c42-7893ec39360c,2026-02-18 15:45:45.891110,,Fraud Confirmed,Fine future player age three music else strategy fight institution measure rule success.
3915b8ae-0756-4098-9072-a3515b880494,161173a8-a006-43a4-8d64-4f785737faba,2f9392e3-1b38-41df-980b-668e5409541d,2025-10-29 12:02:39.583895,2025-12-03 12:02:39.583895,False Positive,Great answer prepare by fear say law work south writer not thus.
d53fc1c0-8e57-4e85-b8d4-88139a95f839,37941a56-796d-45aa-ae0f-50caffcc6f9b,d3893123-5741-4c1a-a975-243b709d5fc1,2025-06-02 16:59:19.899100,,Pending,Suddenly doctor federal project spring of cause help scene black might court.
c926569e-0f49-41b3-a4bb-0b739598daf1,d41eaea5-ae6a-498a-8d1a-6dfafc039fb4,b049f09d-664c-4909-8f34-004c3ebe2954,2024-11-17 20:35:32.263149,2025-02-04 20:35:32.263149,False Positive,Better Republican stock bank artist thousand live land hard moment open.
426e1925-9466-49d3-9f73-624f58d02960,706d61a6-c497-4285-964a-427cc838afd6,ac35ca22-222a-48e6-be47-dbc4df050530,2025-02-07 23:59:49.463035,2025-03-21 23:59:49.463035,Inconclusive,The once PM you ready way rule indicate clear media machine.
b2a39d58-696e-478a-a78e-e545b4943926,00dae857-e4bd-494c-9efc-34695db37394,d3d8a16d-cbae-408f-9894-e9ca9a597e68,2024-11-30 11:55:11.394053,2024-12-25 11:55:11.394053,Pending,Tell brother defense list second want hard weight own impact building occur.
6535ae68-fe7c-470a-9fa2-5d6ca6009430,4982b965-4a7f-4ee8-98bf-84e56b3d8621,4aaa031f-e836-44b1-872b-1ba89c5e9c28,2025-07-14 12:00:42.858364,2025-09-18 12:00:42.858364,Inconclusive,Brother figure hear family agreement central six.
38350890-b7f9-4488-918e-0fa9f813af2c,ab1d7724-d262-43f5-aff0-c2840b852859,db73e5e9-f4f9-4135-bbd3-3d48d737063d,2024-08-27 16:55:50.536249,,Pending,Threat democratic standard major business give that individual of.
e9693e65-5b3d-44b1-acc2-c7666d1b67f6,1b28e335-a0c0-45f5-80f6-aac5b7152c0d,cee34ff5-62fa-4279-b055-33e921d77491,2025-07-02 01:49:44.762292,2025-09-05 01:49:44.762292,False Positive,Sit little result paper seven measure leave last last term.
05b37e41-8700-4b38-abbd-b9008400ff2e,c6951d2a-4458-49e2-a0fa-f9433a564416,a2162696-aaf3-4618-af0f-b94c541f137c,2025-06-30 13:45:06.141691,2025-07-28 13:45:06.141691,Fraud Confirmed,Professor important do house must when three save position tend religious occur someone.
bc075294-f4ca-4f2d-b252-dfdfafb4dd48,2ca6d80d-7ec0-46d6-b77c-5b7b90a5512b,f75ac225-ab1a-4c56-80fc-8a8e6e007bd7,2026-06-02 10:22:38.580008,,Pending,Population popular be western my serious whatever miss seek me affect probably mother.
ac4b728b-9db1-4dc2-a437-e36f281aca81,535d5d13-10f5-46d4-85d6-e49b6dc7bd7c,25cbbb0f-4680-496b-b346-8c8d10a40425,2025-03-05 20:40:37.775114,2025-04-11 20:40:37.775114,Fraud Confirmed,Skill early relationship thought know southern parent I and.
a7c5c150-fe97-4c82-a030-51ea5c7e220d,d2e4593e-7cd0-4364-a8fe-db5f6c67819d,1918d556-e7ff-4a0d-9b2d-dba3d0ae6092,2026-05-07 02:46:40.716952,,Inconclusive,Future Congress agency month high before.
43ebea3e-0aaf-4614-a26f-43733344b25b,1686c5aa-059e-4787-a97a-3df4a892d139,ac598eba-32ff-4a8c-b052-20e47917dced,2026-03-18 10:15:50.397109,2026-05-04 10:15:50.397109,Inconclusive,Collection century eight bed fill imagine college pass foot agree around hope.
5a8c4825-7139-43c8-a638-044b479620a5,9d319dc4-1ab8-4934-b8d1-75762b2a9f6c,e348dfbd-4c47-473a-8bf4-a966423c72f0,2025-07-06 08:53:04.976489,2025-07-12 08:53:04.976489,False Positive,Throw election walk tonight appear dream others door meet mean we.
30452814-52cd-4b2c-b5a7-5a3ae5472f1c,09b8ce0d-7b22-4e88-b4db-045c485dfd6f,0abdd2c6-41e4-4040-be14-83fc1da2f8ca,2025-09-30 15:24:52.332991,2025-11-16 15:24:52.332991,Fraud Confirmed,Let imagine machine imagine do though especially white push east.
08594cc2-67cf-4cfb-bb3e-0c4ceb8381d7,391b6028-2075-49b2-92ad-e490cc828681,7c12cb5d-3177-484e-99b5-f496d5f3f76f,2024-11-06 06:04:35.464659,2024-12-26 06:04:35.464659,Inconclusive,Fight image base player data whose health.
7d11bb10-089c-46ff-8cd7-cb7b10b44640,a545cb9f-d5d6-4acf-aa28-85bec981593f,1166f415-f966-48b8-b7b4-98aad92bff70,2025-02-16 00:55:46.328416,2025-05-07 00:55:46.328416,Fraud Confirmed,Mr interest treatment later a let stop eye will.
aee385ff-7117-4ca1-8717-025a1e9942d9,70b9c4a1-0c50-4821-b945-5c197ee8bbdd,3fbb7e20-f19f-4287-a8d7-3a64d5a748bc,2025-02-20 16:53:12.014261,2025-03-09 16:53:12.014261,Pending,Event economy quite yourself successful defense subject example claim move attorney bed.
044bd847-7f79-4bc4-91ac-4a51988014a8,fc641740-f060-4d31-b0e7-1545cb2a4c89,ebfefeb0-9535-4e3b-872e-61b7d0225901,2024-10-12 03:39:38.957834,2024-11-29 03:39:38.957834,Inconclusive,Rise your there decision measure soon this.
a60678af-66dc-4ad7-a33b-d74257337704,2a9a711c-7114-4b37-9200-c59fa072ce14,1337d8f6-32dc-4a2f-aac8-c96367acd6f3,2026-02-22 23:26:25.608230,2026-05-05 23:26:25.608230,False Positive,Woman remain event production focus decision where foreign trial.
2e8a794c-11d8-4635-ba87-36492a76a56f,419b69a0-8069-42a2-b091-42a9afae0a88,c4161ffb-5196-4add-89f1-cf7297671d33,2024-10-03 19:20:52.983684,2024-10-29 19:20:52.983684,Pending,Participant above act community new recent.
9c1174f2-d059-459b-9ebc-3aa1c1cca0a3,41f92a31-152f-424e-b480-124e94c70cb3,2768b192-ca4e-4f19-8cba-f70c23d9c151,2024-12-18 23:24:02.832970,,Fraud Confirmed,Mrs skin power back all story public public good spend still.
34d8baca-7584-41f7-b059-332f24b1b18c,88f77e3e-90b5-49d8-9970-aff78dedf9aa,16f6d2da-9e73-4abb-99a4-9b342bbe8728,2025-10-09 18:41:41.387862,2025-10-27 18:41:41.387862,Pending,Stuff speech worker by have cover act sea.
96c5faac-62a4-4f28-8bd8-d9245a7fe0d6,afa5c25c-e6bf-4408-b161-fa18085a85cd,0bfca8b8-5062-4a6d-9435-7936c4757fdd,2024-09-25 03:08:50.454719,2024-12-01 03:08:50.454719,False Positive,Course staff personal space determine woman whose already manage region.
c1e067a6-8e5d-471a-ab6c-6f8504239951,a4bc61cf-8714-468f-85c1-932ffdcc3ead,3deb8bd6-dae3-4de0-a28e-3ebf585be3b4,2026-03-07 12:24:53.683668,2026-04-18 12:24:53.683668,Inconclusive,Cultural start how thank notice management.
485e42f9-d431-4cb4-97e6-fa5a7345abc8,93839826-e3ff-4ca9-8cea-5b2b5d4faa8c,ea46a2af-a8fa-4d81-8445-3d7ca63fdf07,2025-11-14 06:59:00.991204,2025-12-05 06:59:00.991204,Inconclusive,Public owner compare open second camera value talk thing rock ever summer age.
558a6c26-a08d-488f-ba57-8ffa283d5eb1,6a375d5d-3df0-4b19-82b6-931bd7e39ae7,64f73562-dc9e-40b1-998c-f55ca647effb,2026-06-08 11:59:14.314095,2026-08-23 11:59:14.314095,Pending,Pass quite third ability interview pull practice take follow such imagine business.
2170e1c1-6c48-4ddf-8773-eb8c9d3067e9,14b65bac-dace-4e76-b860-18d50b2e4f64,50fb43ed-c899-47a6-99fc-72bf270e9e1d,2026-03-31 13:49:09.952070,,Fraud Confirmed,Guess service this different everyone information large accept create bank occur agent.
bb19d5fb-fca2-4b7b-aa58-5b531aca3dfb,75593f6a-2420-4f40-9048-38747adf9016,bb98483f-55cc-49b3-8df9-58e93f71ad98,2026-02-01 00:54:13.461711,2026-03-21 00:54:13.461711,Fraud Confirmed,When true culture forget as personal agreement it agency something various.
5ac77483-5850-4201-9c5a-383bdc1bc79d,3547718c-bef0-4d6d-a1f3-4aeafb850948,201fc3f2-69cc-4a49-bb3a-9d5506146beb,2025-06-13 11:13:26.791087,2025-08-06 11:13:26.791087,Fraud Confirmed,Blue draw future approach four some want simply people.
d9b3001d-5fdb-4bb4-b778-5fe429a211c3,37b5bb70-008d-42fd-88ac-e06f41e72d7e,cc073411-ee98-45dd-9ef0-64be3f03dca8,2025-02-12 18:44:44.511814,2025-04-30 18:44:44.511814,False Positive,Land by window true help three really site artist sort area particularly it big.
c02b91a7-f1e8-43ea-89ab-1556fdff5286,80da3d4c-9565-4d85-9533-89d6bddddf05,63a5a1f1-ca8a-4e4a-b734-2aa3614abc65,2024-09-06 18:53:40.169254,2024-09-13 18:53:40.169254,False Positive,Far high benefit sell do outside.
52ee6491-a6b2-4903-b6f2-32d0621eb1a4,66871739-f982-4fba-b32f-c18d85c5e5bf,f6f2d4e6-2913-42a2-817b-4ca7918157ed,2025-04-01 15:00:55.893678,2025-06-08 15:00:55.893678,Pending,Law less into per big prepare.
2a955577-d02e-4e58-8e8b-c6de2868ce9a,79ae4393-bac4-4aa5-9e66-ba4170c3d79f,ebdc76ce-1080-403a-bc46-87236916e869,2025-03-13 18:13:56.558936,2025-04-01 18:13:56.558936,False Positive,Law foreign court bill organization attack.
2579e859-9c92-4c48-9c69-87ee9ae57c63,beaf8c1d-2e17-4d63-a1aa-6167ca837da1,93fa469c-6007-4a4e-8da8-85c7b2416138,2025-03-21 03:04:51.656245,2025-03-26 03:04:51.656245,Fraud Confirmed,Toward call meeting green loss per control case.
8a80e478-a45b-42d8-a12e-29c40065f4c6,d53ff751-f75a-4dd7-9493-eb025ee4649c,dab0ceac-da87-4e50-a738-2572b31098c8,2026-05-14 11:53:31.937825,,Inconclusive,Find job where senior find those simply.
a5092b1d-f4cd-4da1-90e2-b454abaabe20,a84ca8e2-4284-4a72-a3c9-4e252dea2157,31ff77db-6070-4cf4-8f9c-b596577b50e1,2025-02-14 06:31:59.000742,,False Positive,Owner fact wife military price certain down standard nice.
c8440521-9015-4bdb-bb18-1d6b377d7ceb,f559978a-ed2b-48b2-9357-e6cfacc37450,2b59723c-f816-4e4a-bc50-6033e53f71cd,2026-01-03 21:54:55.332727,2026-02-25 21:54:55.332727,Pending,Crime customer training size game property reason word outside former.
6852e8de-f920-47fd-a511-bedd30880716,bd9b8040-7a85-4a29-b5ae-64e92b1c7d2b,8e15745b-10d5-46ab-8ea5-cbd0b09878b2,2024-11-12 11:02:34.306945,2024-11-20 11:02:34.306945,False Positive,Pattern industry class lawyer smile among detail about development discover.
b04de268-c10a-4b79-a096-330d2da5e1bc,342145ba-9fc9-4bb5-8fcb-b2347a0ced00,c57b3de4-b466-4847-9ea3-77859a41137b,2025-01-06 15:07:05.251024,2025-03-19 15:07:05.251024,Pending,Lose shoulder spring southern heavy hundred step according act.
4f2cddaf-34be-4c03-9ff5-1768f41d148f,3d0c0ca6-5b5b-4164-9bed-6a6f73711e0a,c618907d-5620-4f42-a8a2-8946b5e74a43,2025-07-17 01:22:29.536141,2025-09-23 01:22:29.536141,False Positive,Boy fact create one she analysis ahead cup company those responsibility fund never.
4cd7aeee-2ef6-4c41-a747-42f345fb1945,e69fc30e-33a8-43eb-b528-4678e08045d6,712f2853-01ba-4a84-a7eb-9d056a927207,2025-05-29 09:36:10.085239,2025-07-27 09:36:10.085239,Inconclusive,Compare energy big story case pressure.
73ce7b3a-7cf5-496f-a74a-4db6ce628783,134892d7-f8b1-4538-a2fc-076b44afdd1f,15c24eda-a24f-4907-afc0-43279d41d765,2024-10-25 22:06:20.524656,2025-01-03 22:06:20.524656,Inconclusive,Very figure drive special produce wait with young think there.
a170ff1e-8a75-409a-b2d5-0673160658d4,0726db24-0729-49f5-b05d-f7155af06a4b,e6332f0a-c168-47c3-8ee8-9088789f0a9e,2025-11-06 21:05:17.961503,2026-01-24 21:05:17.961503,False Positive,Third capital couple mouth reason fish involve.
a9eab025-2e01-4d08-8a07-9e2c07dd7c52,daf0c7f8-d131-4e6b-8490-67b6c9dca6a3,9e32aa75-ecc0-49bd-b875-0262bec47370,2024-11-23 00:20:41.958736,2024-12-29 00:20:41.958736,False Positive,Several onto take family chance easy.
c9b47c39-aa7a-42ca-8dca-eba04e2f5415,73bc16b1-93cf-480f-9b4a-98d655726e3b,f7d3a620-144a-4da3-a543-742a462fa861,2024-11-30 20:19:54.561089,2025-01-08 20:19:54.561089,False Positive,Their surface why though decide bank likely professional ask.
42945e6e-e8f6-4338-8a3e-5cbf7c1b05bf,cf4db2a8-5da7-4b4a-82eb-8148a6a5d8c6,f1a878be-aa48-4500-982f-27926ddd5b58,2024-08-25 21:31:45.254212,2024-11-22 21:31:45.254212,Inconclusive,Hear million condition Republican moment low what listen ok point so power.
9ea8da4a-2adc-41bb-8f1e-294ba2770182,76000aee-d439-4119-8858-973890e3fd8c,81d5b038-2c7e-4a18-b974-104157377e6a,2025-12-19 12:29:57.535716,2026-02-19 12:29:57.535716,Inconclusive,Later doctor despite interesting help church successful effort.
1d37306a-ff4f-4c80-b9db-bf66b3fa0f0d,11ab2d82-8331-42eb-b844-9317380e81b2,0ad98608-ba4c-4df9-a1a6-687a0b0186db,2025-10-12 23:15:20.778642,,Pending,Far million discover American mention from later.
a18a3af1-d842-438b-872f-993dff16447d,d44418be-fd5f-4cbe-a74a-b6fd9bf50378,a4ab3f01-4b1c-4a75-90e5-c7b327bc1dee,2024-07-23 06:54:51.680704,2024-09-12 06:54:51.680704,False Positive,Source first him conference doctor population grow bar successful mention.
b3cb03de-179e-499d-9af0-1a84f85dd3af,8d5b892c-4428-4886-b5b0-c6bb90aa83fc,1bf7a58f-26d5-40ff-bd52-a95817954442,2026-05-21 02:16:48.196751,,Fraud Confirmed,Unit better author although customer cultural forget few spring.
15b46af8-c6b8-4268-8038-36ff2c319117,3b6a1435-b88a-4b7e-86f0-6d0a6dc2f8d8,af76aacf-ae57-4f65-a73d-127d1bc0b0c1,2025-08-08 16:38:23.033239,2025-09-22 16:38:23.033239,Inconclusive,Course page case talk respond myself end show example.
f0a8cb3b-3d83-4836-b5b8-c0b498942eff,98d2d838-d7bd-4c43-abdf-25d3dd0074be,56419938-7f43-4a02-8e77-30f1030f583c,2024-09-05 15:40:02.911462,,Inconclusive,Watch state serious activity pressure writer week tend dinner rich decide.
f0bb169e-4285-415c-81a5-c4667207665f,89b19d8c-6c2c-4f21-9ac5-acf6ef69f967,39de407e-c86d-4dd3-b4f9-cc17613f536b,2026-06-04 19:37:55.368227,2026-08-15 19:37:55.368227,False Positive,Skill serious reveal left social fine could show recently decide last next hear.
df3450b6-578f-4a42-a689-4ba87dfead49,123d042b-c1dc-450f-aaf8-90d710e5605f,4742e882-5862-49b9-a833-7d35232c51ae,2025-05-16 09:57:18.730319,2025-05-30 09:57:18.730319,False Positive,Figure scene matter probably great different international.
9cb61f25-c774-4bd2-9108-f927b6980f7e,fd1c8617-44ae-45a1-a3a2-3a9e5426dace,14fac9f4-6807-4766-8ae5-b3f54fa49fb8,2024-11-22 04:04:55.921724,,False Positive,Federal only nothing allow cause with yes nothing sometimes trial off hospital.
3e1474a8-5dd1-41b2-a954-a90d4b2c9f1b,f479c4c7-87bc-45c1-8369-7fd6e6a8ef98,af79fd64-8274-4f29-9d56-4118e3d1587f,2025-05-06 06:57:11.921629,,Fraud Confirmed,As hit little forget while police fight commercial push concern step.
b8053a50-db90-4571-a46c-94f951cb6cec,4e11a038-a4ea-4eb3-a600-ebf237537101,58f46079-aaeb-4f0d-9be4-84adbc7532d9,2025-09-12 14:57:27.269611,2025-11-04 14:57:27.269611,Pending,Cost attorney white exist do process.
a239f091-320c-4d86-b428-b6e033062767,dd22778f-ce70-468a-b08e-f0dfc118b53d,6c53225b-a934-4bc0-8032-fd6e2f938007,2025-12-09 04:21:19.481675,2025-12-22 04:21:19.481675,False Positive,Happy action force travel hospital writer.
9cdf80e3-2968-45c1-9861-2b4948613733,e1086c57-989c-4e5e-b717-5e3e0948b616,502fede6-c718-4aee-b617-f7e577212ea7,2024-10-12 00:48:36.621580,2024-10-13 00:48:36.621580,False Positive,Long attention western tend candidate day it report little page voice.
d4d78b63-7e91-462a-b942-6b0e5ac1c1f6,c789a5ea-5b1b-461a-9ba5-540a133a01d7,802db3f0-9cf8-4925-a836-a5642c6d66f3,2026-04-09 20:16:20.952873,2026-06-01 20:16:20.952873,Pending,Respond learn cut yard knowledge station painting east forget notice make leg.
af3c48c6-eea1-47c1-a6ed-bab480989d10,b1702fa8-4667-4fe8-b2ef-666cc89f426f,4d43b5a9-da88-42dc-945a-06962895b3cf,2025-10-17 12:30:49.135924,2025-12-18 12:30:49.135924,Inconclusive,Explain thing lead red Republican father party.
8d0807eb-38d5-4868-b63f-3dddbe324d65,a38ad46d-7794-4fed-9b24-d2534ac08584,ebe905ea-618f-4d4a-924d-84e581044d45,2025-12-07 23:06:01.497468,,Fraud Confirmed,Indeed conference pay it his probably recognize believe.
4e77c5d8-0a50-4936-ab0c-7c7d8826d185,68d6346d-68cc-4993-b8cd-0a595651f014,f5b2ccbf-f518-42c4-a18e-cbb951456e7e,2024-08-09 07:30:28.716137,2024-08-21 07:30:28.716137,False Positive,Dream that event physical factor trouble.
f8783371-3b91-438c-8880-1aa7f0a09b1a,c8173331-7717-4273-8278-f9cb5652cb14,0ecba1da-edff-48ab-960e-1195c1350422,2025-01-26 01:03:51.708652,2025-04-05 01:03:51.708652,Fraud Confirmed,Training in seven building hard sense mean single.
b059d8e0-b937-4676-bda4-0b89a8fb6485,d51b36d7-9c5a-4db3-9850-40c5dca6e4fd,2f4e8a06-52a0-45b6-8e9d-f7380ab363ac,2025-12-25 06:54:31.339927,2026-01-17 06:54:31.339927,False Positive,Education media left available reason see high second.
8b693586-7cbd-4c4c-ac07-7707aad96202,9bb98cf7-7d26-4f85-9b25-b6213f70e3b6,5be9ddb2-1aed-4cba-899f-d943228b6648,2024-12-10 07:14:35.844189,2024-12-15 07:14:35.844189,Pending,Also economy remember carry prove less leave bar prevent require just.
4c37daaf-8471-4561-b202-65e51bffb4e5,ba80d348-a246-487a-8902-cd7ea561b2fa,3c564bbb-d1fc-445a-acc3-5029d464ae76,2025-12-17 04:04:20.852116,,Inconclusive,Success color adult beyond family movement hospital back shake.
7f9cf55a-59be-4257-9cac-462e086c9b14,2cb0940d-7cef-41eb-af85-93a40c3e31be,bb9ab88a-af13-4e06-addf-f25f7ff114c1,2024-08-11 09:07:50.750748,,Fraud Confirmed,Key concern research throughout mother kind answer.
ce39f9c4-2183-4ab9-8e62-891892cb0847,ec367aac-74d5-414b-bad5-28787b55c45a,38348ea9-67dc-4ba6-9359-40b583f56a3e,2025-08-30 05:27:48.626585,,Pending,Political respond to hospital final appear above significant short up hear draw.
2bbc3979-3d58-4a7e-a351-8c68a6c73336,30c1d20b-7b17-42c8-936d-77d00ecdf210,23a66318-f39a-40b9-942f-9355b1f03659,2026-07-08 13:42:01.103888,2026-07-26 13:42:01.103888,Pending,Agreement address star quite as when benefit structure professional right analysis.
40084b4f-1aa8-4732-a8a4-08c76fb91a92,268a2b64-9512-498d-85ec-3f4723ab2504,86f52851-8ea4-459a-a333-56025f94dd22,2025-06-11 18:09:44.947286,,Fraud Confirmed,Follow phone person various house into discussion black follow address.
530e110a-14b9-4564-8323-a5c8a61d21ca,cac9e4c8-ccca-47f7-bf6d-3bfe20653893,d2e69fa5-a344-4245-bee4-9dfe6a4342cf,2024-08-19 01:25:13.221820,,Pending,Home learn at spring practice hard.
94079bea-0b60-41f3-b1c8-9abcfffd7c33,a6fdf456-5c3d-404c-82ea-c9b40ab22a08,3376ec95-30ae-41ab-86bd-2ca3602f9a25,2025-02-23 10:00:04.118827,,False Positive,In should matter wrong Republican social two notice.
884352e3-13c6-44e8-ba64-2ef3911aa6a0,411f49f6-80ed-46ba-a81b-705c0e6801e2,83d299b3-a23f-4808-8452-bb25d217ac5a,2025-12-03 12:30:42.431226,2025-12-05 12:30:42.431226,Inconclusive,Outside wonder recent question win really forward.
6a8b347e-1ee8-4459-88ce-cca1909f671d,17ac8ec7-73e4-4f3f-a763-a237580819b0,d9253313-da03-4001-8574-0862fb4e1c6f,2025-02-25 04:12:55.700032,2025-05-09 04:12:55.700032,False Positive,Within project attack adult treatment large memory score me relate.
5e2339d2-53da-49c3-b31e-d5f0fb86a5ef,9de93210-5fe3-4081-93ff-ee1ef263bfd4,fe92a173-09f2-4f81-979b-37bd9e0a37d5,2026-04-11 23:38:28.246435,2026-05-04 23:38:28.246435,Pending,Pattern to final scene serious people.
28c0b641-9a99-4c4b-8df8-730c3d30b2c2,1698d6d7-c5f1-48e0-9d27-712535114716,f7d4b19c-5e28-41d0-ad71-bfa9259171b7,2025-07-09 22:45:37.957066,2025-09-02 22:45:37.957066,Fraud Confirmed,Material dark heart politics draw rise write kitchen theory care.
65d67382-efa3-4e47-9ab7-5319cf88380e,28d239a0-cdc2-4219-ace7-4aa9d786d2e3,5b11f85b-513f-49ba-b8d0-ad62be5fbebc,2024-10-02 01:03:29.979134,2024-11-23 01:03:29.979134,False Positive,Minute within possible eye agency suggest.
a90c5286-1f3f-4530-8448-32b9805541f1,e062184e-d8b3-4a61-a564-ad2f1de2e0c5,5dd2d540-7955-4e42-9e1a-76851b6aa020,2025-02-03 23:08:45.607361,2025-02-21 23:08:45.607361,False Positive,Day approach truth write soon recent develop their miss.
f0a28e3c-b672-4c95-a803-5e4d252c3b25,d96dd59e-2b74-434c-b3f3-0854056c3eab,dc0c59b7-51c6-4c81-a908-25776ba2389e,2026-03-29 15:04:24.470477,,False Positive,Accept thank attorney court plant center daughter begin or story use door back right.
4eaa1924-1fcb-4033-ba0f-393734164274,7123d6a3-0114-4a41-9116-738a6e75ae6a,d9195984-f64e-43cc-b715-21f8e6493c1e,2026-05-29 08:48:10.541702,2026-07-26 08:48:10.541702,Inconclusive,Each computer eat experience large player even sit.
fc8b046a-4729-4831-88b3-8c306c7b9f92,00d86eba-01da-4214-8ec6-4c22279200be,f8d03316-06f7-4525-9fba-a592a313efc1,2025-11-23 08:09:53.620655,2026-01-01 08:09:53.620655,Fraud Confirmed,Huge cold kid measure same set standard soldier after high.
34cff37e-19bd-48d1-8b42-6292ac7c9df6,8751caf7-7968-42f9-a4d2-39f6c3f944b3,80213893-558d-439d-b265-fe1cce365d6e,2024-12-24 12:22:57.230192,2025-01-27 12:22:57.230192,False Positive,Organization check risk either less law heart paper author.
df37f2a9-3b25-4d32-8ea3-3cd321134693,aad23afc-654f-4000-8753-cecb22297371,194529ea-dad5-4edf-ac21-de48dd9b5fe0,2025-01-22 14:42:37.328080,2025-01-30 14:42:37.328080,Pending,Cultural trouble above technology room hear identify indeed house score himself film.
566136d1-cd34-4d55-9884-15b2f441c6ef,467f302d-c6fd-46ee-b691-43c510c1ca97,d88dc484-6c87-4c49-90ba-6fe973e44af4,2025-05-23 06:07:38.646840,,Inconclusive,Impact although TV his not create.
98a812c3-859c-44f3-989a-25708a8ad6ef,de6586e9-f196-44ed-883f-11b0d25a15bb,0da43c91-dd3b-4c4f-b451-85f544898eaf,2025-07-16 02:56:39.951116,,Inconclusive,Side seem give remember play happy around history interest.
4d437f65-c68b-4040-8281-95288c948830,7f6e97f3-540b-414e-8239-5ef29a182d27,d49761f4-80b1-4dbc-a9de-26deec0d7da6,2024-12-05 08:26:34.412392,2025-01-22 08:26:34.412392,False Positive,Alone spend piece put recently population end lay race effect own weight.
9e507d2a-41e9-4fd2-add6-2b7288839c06,1102d1d1-1718-4296-a7ff-e541a2af085a,a705228a-bbdb-4817-ab94-caea213ff5b2,2025-11-26 22:19:32.830428,2025-12-14 22:19:32.830428,Pending,Bring begin represent his relationship wind.
c4d67d09-4768-472e-9ed7-b2e3b6d11f02,af1ce9a1-5c6f-480e-a388-651e3e4510aa,21957b28-12a5-46e0-997e-6f228b3757cc,2024-11-22 13:18:01.805504,2025-02-08 13:18:01.805504,Pending,Then coach interview reality may mouth though only.
df3c873c-3a3c-492b-b891-f14c7a615b2d,cdab585a-d7b6-4c33-8def-7623c83157e7,bbbd2acc-4450-45d1-bfe8-2349a953f5fe,2025-04-25 14:12:50.225444,2025-07-03 14:12:50.225444,False Positive,Body of something sport especially decide security.
34a58d25-69b6-4cc9-b8e6-56a35135f57c,51f8251d-1bf8-41fa-aaa8-5d37cac281c8,4c237f93-cc5c-41dc-8b0f-89e1fe6b3173,2024-10-12 04:47:00.354989,2024-11-13 04:47:00.354989,Fraud Confirmed,Would staff ability attorney recent modern.
f2c1959f-b655-4ecf-8785-daf74629d11a,6c71a334-756c-4d27-bae7-ba00b436336a,d12f2275-3b71-4b9f-9b25-e6f1e571955c,2026-02-16 01:55:04.376809,2026-04-25 01:55:04.376809,Inconclusive,Color hear region cup consider way late sport control arrive consumer.
c507b1eb-5048-4260-86aa-56400fbde8a2,7e09a8b5-f356-4b36-bdd3-4796cee76c16,24ec4921-e87d-45cf-9fc6-9704007789c1,2024-08-19 10:55:23.054136,2024-08-29 10:55:23.054136,Fraud Confirmed,Work the key tree body player bag beat by.
c1ba914c-df3a-4662-9b0e-0f75c0511aeb,dda32848-3197-404b-9bfd-71253bcd905d,7f185a57-9414-4bc3-9291-9901590771f1,2026-05-22 08:10:27.424738,2026-05-30 08:10:27.424738,False Positive,One long pull beyond article seem.
0486f9ef-5129-4866-b754-028e6c45c568,0e8a0f71-f9c6-456b-a9e5-26d903cc22f4,62f5d860-229d-46b5-bba3-05368555b6a4,2025-08-22 05:40:11.446331,2025-11-04 05:40:11.446331,False Positive,Smile among decision social heart mind while entire magazine series page from radio.
d00a4d06-5a4a-45fe-87b3-e76c020d3916,a2c20ffe-44fd-4bf6-b7e4-93cc881eef9c,5e71c4da-afec-4a2e-891c-a5aa1f8cb762,2024-07-21 23:30:53.306188,2024-09-01 23:30:53.306188,Pending,Stage wait professor her arm green form beyond lead recognize.
171528b5-f048-4f8f-a76a-cfa6abcfdb3e,a5f2ea41-7b33-4a84-b517-9f0a1993319b,06ee835f-4597-427f-ad55-8c1fa01ae605,2024-10-30 18:06:21.499722,2024-11-14 18:06:21.499722,Pending,Agent but most week seem eat later.
f113030e-1a52-46f1-abc8-3ec33b7223c9,4da03470-3e30-4c54-969e-9fd3b77aadf0,2b5ee540-ff99-4494-9f47-a3f1416b6e98,2026-01-30 09:04:56.772688,2026-02-11 09:04:56.772688,Pending,Method produce about point walk focus plant them wide save question do.
10ada355-680e-4383-b01d-fe1bcf13151d,9c907fe8-8eea-4fa5-8c6c-35d49d6978ce,1995bdd8-a937-41a7-acb5-fc0cf04a2ed9,2026-01-04 23:47:10.667264,2026-01-12 23:47:10.667264,Pending,Soldier give voice walk live probably record beyond his parent Republican thank then.
23901c1c-d697-4a70-ac2d-faaa1dfbac7a,4f8a7b75-80af-406f-b4e9-de95aa08f7dd,d1a48eec-a178-45d1-94ff-be0e387d9e64,2025-07-09 00:58:41.004855,2025-09-06 00:58:41.004855,Pending,All marriage beautiful strategy you would level to western lot music during.
0d41a33d-a526-41fd-9909-29c82a18a612,5bff903d-3cd2-4fce-b26b-34aaef45a542,21dd4269-216e-4632-9f97-99814c7bde7c,2025-06-06 05:55:48.019031,2025-09-01 05:55:48.019031,Fraud Confirmed,Black year ahead upon force himself exactly.
8f45ce32-3894-4927-a5ea-2e6cfb030371,3eb3fa65-5446-4883-85c9-d3f59214de9d,73d97192-7745-4bde-bb68-601502711879,2025-02-25 19:19:22.121122,,Fraud Confirmed,Week provide program two plant man somebody four difference office under ask.
11c8649b-fa03-4c53-b892-2e1888fec9f3,3a9d36bd-f9b9-4ef1-9e40-539c48d17cb7,4df96447-f0f5-4e9c-b721-0ae76956d0e6,2026-04-19 10:46:29.179006,2026-05-17 10:46:29.179006,Fraud Confirmed,President size whom join do else fact born future or.
445feacf-2fb5-4934-a5cd-185916a275dd,b5f9d42f-0565-4590-b7d3-355274d0b42d,92115012-df1f-477e-bc93-0516b51b62e3,2026-05-30 07:14:18.198705,2026-07-24 07:14:18.198705,Fraud Confirmed,Of camera finish herself say financial operation.
d5dcd728-222a-45a6-a5c7-1590b768c2ba,8d756449-5468-47d1-a079-4a2571a68130,767756c3-9b54-4342-8ae0-5c04c4068d6d,2026-05-14 09:15:16.487869,2026-07-23 09:15:16.487869,Fraud Confirmed,Woman floor half quickly someone mind own develop house Mrs.
9175ab04-f10f-4c94-9a9a-d7e0187175b5,43c46c2d-dbfd-4e19-a39a-e5b885fafbe0,778f106c-f0e1-47bd-81f5-e05fe95abc47,2025-02-11 09:23:46.649113,,Pending,Staff father despite quite challenge exist section.
e1162359-77a7-40ce-880b-d0e907b625a3,d24907f6-e52d-419b-8284-d8ed58a7ee12,e89e4674-60e3-47ee-83c8-9db7f15fc508,2024-08-07 06:39:13.548691,2024-08-31 06:39:13.548691,Pending,Out final wrong but you religious.
5106d065-a91c-4045-811d-bb87734465dc,c59d42e1-6b32-4fe4-98fd-d660fe65d253,f9ff35e6-5d84-4b68-b028-7f22ad2746b5,2025-04-05 16:14:44.434486,2025-05-23 16:14:44.434486,Pending,Manager region heavy wonder four still decision run.
05077e00-f551-4490-8455-7d30e756538a,32503a2a-30be-4e60-9ab2-5fb5ce7f0c49,14370615-9320-4075-8e61-de522a7faeba,2026-05-06 10:17:21.827088,2026-07-03 10:17:21.827088,Pending,Type simply task road federal spring.
f5722a8a-84cc-4cd8-93af-e70fbd238cb4,8d1b20e2-5205-4d0d-8fa0-0a657702fa1a,afcdc2a1-8540-456d-9956-8e28b3bcab57,2025-09-05 10:54:36.635900,,False Positive,Yard nature front question wrong serious hospital month.
b61a821c-d72a-43b6-9c48-32f0b54cb8bf,af93c6ff-fa8c-43e0-9548-2b159164af58,e1de7b60-cb17-451c-8b31-9f27d019279e,2024-09-22 20:05:45.144058,2024-12-15 20:05:45.144058,Fraud Confirmed,Red nature best food social tend approach various.
3171bb53-0760-4f07-a3bd-650070308cfa,895f5d0f-9015-4d88-97c9-9e1890e0ef40,60063f45-232d-4482-a5c8-3e3dd0652147,2025-11-09 19:41:07.143575,2025-12-02 19:41:07.143575,Pending,Officer kind lot today decide source crime prepare.
61f0c9c7-e57d-43cc-ac69-b2901fded023,daaa9416-62ce-4616-a929-10ce0cf6fbed,1b876c75-224e-4075-975f-1765eddcbfdc,2026-05-17 05:58:31.169296,,False Positive,Big size teach heavy work quickly collection argue green listen war bring middle.
36415019-37b6-40b5-baf0-91285eba5c22,3b335058-be87-423f-9162-a0b66433672e,3e2fd53b-9cd5-457e-9b0c-e39e2bb08acf,2024-11-14 17:31:34.437218,2024-11-15 17:31:34.437218,Inconclusive,Wide phone identify alone drive major read west present heart reality.
bbf44627-5b5e-48f1-978c-f1ffd8fadb70,b1ff5877-876d-40d1-be18-945bb2ccba4f,9ca3e2d5-3eca-497a-8470-1e99871bd677,2025-11-01 05:42:25.515504,2025-12-31 05:42:25.515504,Pending,Sing ten practice every president happen build.
9847b1c2-7484-45d0-8727-eeedf09596ef,25619e8d-0483-45e6-b931-2280ed3d79f3,7a0e6be6-30ad-47d1-84f4-9e0ba52e6ace,2025-02-25 20:11:27.170218,2025-05-05 20:11:27.170218,False Positive,Political training different only would look really behind or himself yourself reflect.
1d9df8b7-7986-49cc-91af-9cc48e8b9849,a90e4f4a-9172-4ace-92c4-ff8d24ff7f1a,2fdb7b38-f1c3-48f0-bc87-5f6e7aa47d33,2025-01-07 04:43:57.030666,2025-02-08 04:43:57.030666,False Positive,Between as training somebody continue spend after.
15451223-7e68-4e34-a38b-b607ad9672fe,17407a17-9402-45df-9da6-3a7975fb0efd,7ae0883e-3885-4eed-bb79-96ea78fd62c1,2025-05-16 22:58:06.642693,,Fraud Confirmed,Situation morning ask student much standard prepare send debate probably bring television.
e9206a6d-212c-4133-9cc3-b3bfa29b6b79,2d4b6699-1816-488d-935d-9da6447692a7,e174fa79-cb7c-40e3-817f-0e37499d62dd,2024-10-14 05:37:42.881029,2024-10-19 05:37:42.881029,Pending,Never song but can deal claim.
85413b13-de34-41d1-a125-24e4c6eaf4a9,3f5c9369-54f5-4afa-a736-7ac8e5e4e4c6,6eb37e3f-a249-4f5b-94aa-ca80bb4062cd,2025-06-28 06:54:10.333957,2025-09-15 06:54:10.333957,Fraud Confirmed,Be by fear whom commercial with.
9c06135b-742f-43a8-b942-5d23f92ddadd,3d188bf1-52a9-49b9-a2d3-f149a7d69d2d,bc1e9b5e-443d-421f-a8ce-56c321ba7a4d,2025-06-12 00:51:57.775087,,Fraud Confirmed,Feel watch mind situation process knowledge officer reason mission.
45917b92-df11-4afe-b94e-de80a06fb1df,73f8014b-63e1-4749-9f83-d86b703f3f99,e9ea518d-7809-4a9a-a11d-19c7923ae9e7,2025-04-22 03:48:21.928237,,Fraud Confirmed,Paper member reach production and already center task Democrat care.
3be0868a-8b3d-4dd4-a494-9b0651686bb8,b8ab6842-96ee-4e75-a7b0-c31d1c84447c,8db61cae-be16-4f6a-bd04-9f9c936306d7,2024-09-07 19:37:59.933273,2024-10-09 19:37:59.933273,Pending,Grow campaign performance avoid effort high tough hundred bar effect international reason movie.
9c2aa2c3-c437-4ed5-85d6-d6715a95627a,277a5ab1-28d3-4409-8dca-87342607764d,be0b7dbd-672c-4b89-b389-b2492f4db1d8,2025-09-06 11:12:45.169403,,False Positive,Yet recent cover head price star painting information child.
7a1a610a-07af-4ce5-9389-cae468865907,67b47c22-8c9b-4965-af07-3d4924ef09b9,2b005ed9-6e60-4e7a-a8d8-0efb55a596db,2024-08-26 05:27:03.092486,,Inconclusive,Her who easy establish mother range image forget become training sing.
fb813433-7d77-4080-8785-32646ca99b4b,7084e501-a335-4039-beb3-685e5dcec7f4,0a0b6a67-4ad0-49fe-ba24-e43dd858e9de,2025-06-16 21:42:12.760498,2025-07-16 21:42:12.760498,Inconclusive,Event better woman develop weight situation but money.
6fec8afc-b3e4-4566-a07d-9f1638690405,35ab1555-17ef-4d57-9e72-28cff29a3c71,ab50784e-08be-444e-88cc-c7068fa8a093,2025-11-08 10:58:58.849806,2026-01-21 10:58:58.849806,Inconclusive,Start majority more red tend necessary parent to color water hope generation scientist.
bac7d497-1600-4fbf-b46e-3b32aee803db,1bb1b0ad-32d8-4cc1-9412-01a572dae942,67cdcd4d-9c3b-469a-98e0-1a604c401e96,2025-03-23 05:15:20.447244,2025-04-23 05:15:20.447244,False Positive,Necessary think I or else rather require price central nothing environment truth.
c741a550-5731-49c2-8d6d-907227d8ea00,72e487fd-2127-4d2e-ab3e-6e378696cf62,25a4c23f-195c-4178-8ea7-84af94d33cac,2026-02-19 19:11:10.014487,2026-05-15 19:11:10.014487,Pending,Religious eat participant religious consumer worry sometimes maybe every into.
d3f1d3ab-4256-4976-9cbc-794d3b1ad512,a54183f6-964c-45bc-b728-fccbd4d0da64,c2b986bf-4538-4899-8f15-54c6a41cdab9,2025-05-20 08:19:41.700568,,False Positive,Figure teach water image fine bed bag role.
7e998dc5-187d-4918-98ff-99cb0f427a0d,3cf46d29-d8d8-4289-9636-5c26a452a6e4,fd67e2e7-248f-47ab-b890-157488b14bbf,2025-06-30 23:17:44.831237,2025-09-19 23:17:44.831237,Pending,Offer be experience upon space action way quality.
0da8aebd-faab-4843-9736-681e7c89c26f,96ea2570-2fe1-4a39-b062-b2775b8d131d,7f1fb706-718c-4dfa-af46-29e0c86d37a5,2026-02-01 04:29:42.038769,2026-02-08 04:29:42.038769,Pending,Look middle your thousand recently if pattern.
522f6640-c372-4bf3-9a70-9b80e0fc9bfd,3c02acd5-28d1-465b-80e7-7bba594c1707,8b9227fd-8a61-44a2-8a57-135351e6a6cd,2025-10-24 22:55:13.797551,2025-12-31 22:55:13.797551,Pending,Research reflect see each school week.
3118f5dc-154f-4cb8-9734-5dfcdbbcdc30,4b8c1ca5-3d38-44ef-9ba6-e8c6f87fc47d,7e72fcf9-b4e7-4127-9a15-9fd79234b413,2024-08-17 14:41:55.384597,,Pending,Range amount large collection us shake tough company happen card government anything.
7773b471-c81d-4eba-9312-3a09cfa76343,adfd23f5-cfe0-45ae-9686-53039610c468,57370d17-3752-4e0e-bd31-b37721271066,2026-03-30 19:04:49.537020,2026-04-23 19:04:49.537020,Pending,Health both trial economic much short brother federal.
3fad40cd-8c00-4da5-8f36-15e99528a8d9,656fe947-1043-4c64-9049-525818e666f5,895e6aeb-52f2-4819-ba9e-1753d7c4e89c,2024-10-12 11:05:10.966616,2024-11-12 11:05:10.966616,Inconclusive,Able piece hour type upon where middle throw.
7b2e59bc-59f5-426f-9baf-fd58a4c79a1b,ce06edb0-f0fc-46c1-8e00-40e297e7cc65,76cb0f1c-62bf-4aa7-8aeb-80be5ed7e464,2025-05-02 07:36:37.054004,2025-05-21 07:36:37.054004,Fraud Confirmed,Summer arm accept leave fear blue glass reveal I across issue culture more.
fd7fb736-3661-46a6-b650-88ff04e46542,33f9c96d-6221-4b49-9bf7-4da65f87e394,11e66974-4636-4b01-8f24-9657688df632,2026-02-05 13:28:53.188513,2026-04-18 13:28:53.188513,Pending,Buy maintain choose prevent difficult house federal into consider speech board.
eb11c818-8395-47c9-8397-5bbfbd4c4dad,fe1ab8dd-61e0-4d74-86e9-e67887258c79,5f91866c-bb85-4497-93bf-ea384d3bc988,2024-10-31 11:33:45.542159,2025-01-11 11:33:45.542159,Pending,Class government its grow that cup couple American house season too.
8b78ff33-ba05-4f0b-883d-bf93383bd872,29cfff64-cd57-462c-a6aa-501135db6de8,42f11490-bab4-4827-99b4-b88dceb46f64,2025-06-13 20:26:49.074409,,Inconclusive,Way where work budget major many race camera.
8506dafd-8c9e-4d72-8f21-d5ab78bc834d,eb44be1a-f1fc-4711-8672-40612b9d9c01,03a53196-47c2-4d41-b35a-14f06cf6316c,2024-09-23 18:14:48.315224,,Pending,Maybe type successful home body blue again choose matter should door.
c42f677b-76a2-4999-9158-c1c327b3d58e,b98d9f6e-a6af-4711-9a57-68354a66a9ba,2b60ce18-6bd3-4447-9111-7896b351380e,2025-01-08 10:40:59.320889,,False Positive,Involve others account lose executive bar investment pay role cost.
cd5b5f93-ea75-4601-bbea-9a1641097e49,59a74bd8-5b0c-4a52-8cfe-bcfd05a81af5,c84b1b33-387b-4686-99ba-d0cce036c98b,2024-11-03 16:09:37.313380,,Fraud Confirmed,Ten yes easy star cup relationship special.
345b4cd4-3d0d-4bdb-9c74-61ffc1672ce3,fc641740-f060-4d31-b0e7-1545cb2a4c89,28cc236c-75dd-481a-8f34-1199826c25d5,2024-10-12 03:39:38.957834,,False Positive,Particularly country talk pick chance build husband event court certainly adult current.
7e7a5e9e-7ecc-4ba0-8992-38a17e778047,d3193dc8-8f1d-4c63-bc28-edd3beb1f474,b82ac151-dda1-4a7e-8b68-850bd2d4c9bc,2025-01-13 19:54:07.301274,,Inconclusive,Imagine fill plan discuss from look member popular fight especially.
5b1ec9a0-8e92-4c3d-921a-f3290f28da3f,cb6d382b-5acb-4a3d-b45c-7f3487ee07b6,53463fb1-e131-412a-a90b-129ef8669c48,2026-03-15 23:01:21.248838,2026-04-23 23:01:21.248838,Fraud Confirmed,Represent east time consider a produce focus experience exactly paper.
0774037f-a784-4394-b494-4c547a41b88c,1b3e1190-eabc-4c2c-85da-ce48fbbf7752,50cacc5b-f21a-4c03-8d37-31b8861af7b9,2026-03-31 10:22:58.543149,2026-04-28 10:22:58.543149,Fraud Confirmed,Way hair fight best add necessary technology former scientist.
d4f9a1a7-6621-48b7-91a7-1050f01a3233,317c765e-6ff7-44d1-868d-d4e0057eb43a,153c5875-abfb-47c4-9571-fb13ca457cd3,2025-09-20 03:31:44.458699,2025-11-21 03:31:44.458699,False Positive,More he practice decide himself thought candidate sea build only treatment pressure couple.
49e5920b-5891-431b-ad80-363a417d8da1,2077c1b2-376e-48d9-8fcd-54d6025ab305,6397d943-82e1-4d3d-8e1d-b4974de728cc,2024-09-29 15:55:34.784543,2024-11-19 15:55:34.784543,Inconclusive,Avoid national garden rise writer dark result.
7abdc54c-1287-45cc-81e0-14531ebbb6cf,4cf7b86a-f86b-4882-b631-46adacdb8502,0969be06-c7b0-4ca5-b3da-0c443e4cd086,2026-06-07 23:13:14.878145,2026-07-14 23:13:14.878145,Inconclusive,Industry represent through service suffer night girl hand.
fcef5e10-bb5f-4785-ae33-1b032d94fa0a,2f75ebff-926b-4293-abf5-c40f74d0e732,376548e9-13bf-41c1-907e-1d06734a6ddc,2025-02-13 05:02:37.757447,,Pending,Treat attack industry use mean against out.
aaf5011e-c1a5-449c-b3ba-33fafd12264a,588b0f03-b149-4177-a151-4f41815f5ab6,5f2928f5-e02c-4763-80ec-8dd920414991,2024-09-03 23:37:19.047782,,Pending,Face what article win couple sport manager.
00f1bf04-3a8b-4e02-a591-6572a7f0b484,d47b42ed-dca4-48f9-a459-046b8d16eab5,e68f2df8-67ae-4c62-83a7-f2d58e5972bf,2026-03-18 16:57:48.849801,2026-04-28 16:57:48.849801,Inconclusive,Will close seek his single husband even contain civil design recent these.
4374ca97-5c0e-4a9d-a892-cec5cefd786c,3efa14a8-7c59-44d0-a254-710abd300611,ba409c54-d69b-4158-9295-a6e8a556adda,2025-04-10 20:53:19.447856,2025-05-21 20:53:19.447856,False Positive,Mean result else system fast environmental budget difference move factor policy.
2a438c14-06f8-4111-b2f1-061d2a7f2c3f,998e05fc-9925-4645-aaf3-f5c7fcec3ec5,4f88bcae-6044-4437-979a-507736b338eb,2026-01-18 03:58:31.579309,,Pending,Until establish so politics eat statement movement ability girl.
dd32ee44-dd8b-4cb4-936d-13361455e5c1,b9866964-976b-4201-b283-34f8fb0dc3d2,591f3581-4b34-4878-b963-798eda5e8731,2025-08-13 09:02:25.635640,,Inconclusive,Foot watch this enough card together far world personal action.
3df85d13-9224-4e42-8aeb-68fea8ecbc09,d8a8483c-b946-4a5c-8015-e80a2841a890,629e6360-812c-4d1e-bb97-cac59ae46363,2024-08-05 20:33:36.943610,2024-09-04 20:33:36.943610,False Positive,Computer will Mr without sing sister blood second high.
9fd940fc-0782-4b89-9a32-e0041ff3ecb3,c2021f80-f0e8-4e60-991e-12efdc4bbfd0,f71fb719-c872-4200-bfe2-4ade780e9332,2024-12-26 03:21:50.809944,2025-02-28 03:21:50.809944,Inconclusive,Plant nearly stage determine environmental ok space send choose discussion risk happy total behavior.
2c03f10c-8fc5-43f3-9ca7-e23f94e74164,9882f524-7588-4fac-941c-59c9bbc76b60,fd1e9a49-c018-4407-91c5-5e617b8b4207,2025-09-29 06:16:32.640218,2025-11-01 06:16:32.640218,Pending,Spring computer now wall Congress example financial those.
edc367f5-2601-4ccf-87da-d84b73c16655,c923e691-0c00-47d4-80ac-595deae6dca0,09549dd1-bd73-4367-8f82-2a2353cdf7ac,2025-08-04 11:53:27.679865,2025-10-26 11:53:27.679865,Pending,Could century interview lawyer population I right case seek activity between himself body.
399d85c6-ae9e-4e72-9158-b9c072cbf0e5,07dd6d31-91b0-48d7-90cd-267c5f1ce67e,6aa23b0f-f158-42b1-895d-53a68541e135,2024-10-14 07:49:00.910445,2024-11-05 07:49:00.910445,Inconclusive,Car show environment voice outside society.
3760e136-5a93-4d52-a8ae-b0c20b5ac668,8a649271-6846-48b8-8452-beb09f043860,1f22d7e4-d2c1-4665-90e7-58fbabc121dc,2024-07-21 20:58:03.106925,,Pending,My stand system be cause service throughout.
3eb61e7f-3e99-4709-9cff-bc488951ac79,496b84ee-1ad2-470b-b477-e656bb44b6bb,400797c9-5924-47d3-80c3-0cdfdec85a28,2026-03-11 07:51:52.290146,2026-04-04 07:51:52.290146,Fraud Confirmed,Forward choice argue reality physical but stay bill father.
ec7e7850-4a9e-4b95-b1bd-858c6666c917,4644563e-5728-4bbf-9dae-98851b59fa5d,51541d80-1ed4-4091-897d-023c7c78db30,2025-01-16 17:38:26.151487,,Fraud Confirmed,Center treatment agency interview challenge pretty difficult these his this state.
7745be08-660f-4601-868f-90fa19026998,1f7428ad-4190-40f3-b6da-144faa25b67c,fcb5a69e-e3c3-4b34-b776-03e3f0d2abc4,2024-12-28 11:30:05.267564,,Fraud Confirmed,Yard different what example baby free guess under.
940391e3-a994-4ffb-a422-5b965c338d04,ceb42318-78d9-42bc-8243-02c02511192f,d5b70c9d-32b7-4444-8063-77ccd35c8c4a,2024-08-29 12:06:53.674353,,False Positive,Page concern most outside quickly change.
272aa5fb-cb95-4b52-93ea-ee7a92636398,c8741df2-4ec4-40e0-aa51-97be9c7608ae,77a28d9e-13b4-4324-a50b-aa7a55c66b15,2025-02-14 01:33:28.137938,2025-02-23 01:33:28.137938,Fraud Confirmed,Person expert then even material hard enter trade sometimes.
32982c57-af79-4680-b7be-83872731365b,91905b1f-78a8-495f-995e-53c8c081faac,f23b3c85-2757-4ec5-bb67-04147670adb1,2025-08-26 08:59:11.467883,2025-09-23 08:59:11.467883,Inconclusive,Sing chair challenge land someone with spring.
a418d42b-f0e8-4070-a391-66525f3864dd,f86f2e36-96f1-43da-be18-4a6c215ada2d,0e60d232-d7a2-4f03-9ae8-36d226cfa535,2025-09-20 21:20:28.166413,2025-09-28 21:20:28.166413,Pending,Where everything bed yes consider his floor interest really including soldier.
52e5c83b-28cc-43cd-a305-57eeb24b7a62,c958e71f-2ef8-43ac-a123-5aa7257e10ff,f62ff55a-3029-4366-9d01-b20b7b8e7df0,2025-06-17 21:37:01.617896,2025-09-10 21:37:01.617896,Fraud Confirmed,Himself near much manage movie discover base resource money.
ceada6df-b277-4f25-9cbb-19fbcc7dec1c,71229b4c-1684-47de-b4cb-029c4af8c644,222c6f37-fc7f-4253-acaa-506a73babcc3,2025-01-16 03:38:02.253826,2025-03-26 03:38:02.253826,Fraud Confirmed,Reflect dog able yes admit next whatever TV.
974bfd21-0606-4a0d-8c75-aab0d553d89f,f0773ad5-8233-4176-9193-40dbf5a9f15e,b79760ef-c7bb-4c07-a9b8-3d010865ae8e,2025-02-17 14:49:57.284518,2025-02-20 14:49:57.284518,Inconclusive,Guess support single cause leave structure necessary use inside decision.
3def95a4-5e00-4d34-b4ca-e30819c61aa0,4bf19c54-d598-4fee-bce3-395577534da4,5f0a92fe-baec-4bf6-aba6-b9f766c4d0d2,2024-12-26 09:03:05.583588,2025-03-05 09:03:05.583588,Fraud Confirmed,Bring receive central run receive interesting approach.
cd792a4d-1a62-471d-8543-ae77cf05230c,c6bd0d9f-802a-4e28-9a02-d347db77635d,f1dbe39c-ba28-48e5-9726-4ee62bd856a5,2025-08-23 16:39:56.250460,2025-10-27 16:39:56.250460,Pending,Available study that air half bad baby notice sport change consumer sea security.
2be932c6-169d-4938-9059-99fe69940b2e,24998926-52ae-4dfc-826a-50b5dfa7a55d,a53764a1-6c01-48dc-916d-2e16afa29424,2025-05-04 00:21:24.370982,,Fraud Confirmed,Like reveal know population actually born art politics page.
4b0e2e00-6513-4837-8fa8-6332b361e905,d628afdf-34ed-4695-8b93-21b9b64f0216,1fdd3e4c-7e39-4e71-b4aa-4d49923fed73,2024-08-20 16:27:04.636674,,False Positive,Action strategy quite then never stop try maybe.
b4cf8545-bf17-43e8-8704-30e3b5de00f6,86b6beb1-81a1-45d7-9872-a6a65ef794a0,183643e6-2b2f-4f3c-b7ae-fb6d40e88b67,2024-12-10 12:36:32.524466,2025-02-28 12:36:32.524466,Inconclusive,Use even begin help week sea hundred argue hot state wish.
2c1df17a-4d59-4de4-a3d9-a58120de87f1,69d49c79-b21b-456a-bf75-ccc424f62018,582cfe46-c98d-497b-814c-cc3890b8e8ee,2025-03-05 15:12:50.623942,2025-04-09 15:12:50.623942,Fraud Confirmed,Staff life finish politics still close.
a75286ad-6c14-4bd3-ae6a-50f104071c64,11df2217-954b-4de9-a021-ab623b79a9d9,fb53a143-6ac6-4292-ac46-08e9b0bc2f97,2024-08-09 11:01:59.225304,2024-09-26 11:01:59.225304,Pending,Crime board back owner suggest agreement executive must assume others series.
e4a47973-2e7f-41f4-8372-b9b7cc866f63,05cfa200-174f-425f-b372-bc164cc33af4,4c1144d8-31c1-4463-8662-8a84714cab03,2024-11-26 10:46:36.887832,,False Positive,Cut upon drive be now and worry low answer behavior final wonder seem.
f8343bed-8283-4590-97b1-3882d5accdf3,72035f05-bef4-4a5d-8ab0-ffcf131172a0,2cce3223-1dd7-4031-acd6-964f134447f6,2025-12-17 16:36:28.280840,2026-01-25 16:36:28.280840,Fraud Confirmed,Crime sell rise wind reflect best imagine scientist big space change onto.
621b4442-4725-4a20-985e-346ebb348027,f70efa17-904b-4b35-92c5-30ddac10ba90,11ede555-7c3d-436c-86f2-1f7471dde90b,2025-08-24 12:13:13.011725,2025-11-16 12:13:13.011725,Fraud Confirmed,Than also claim radio bad personal well discuss democratic race cell responsibility year.
a66313c9-3c58-4213-a29d-2cf91764b403,421bbca5-b3c2-4cff-b702-ad65b6120710,a6490d1f-541e-40d1-8b5b-7b81d4e3c6c6,2025-11-30 08:30:19.084855,2025-12-12 08:30:19.084855,Pending,Prepare us game size fund growth task issue three similar hold decade particular.
11b5587c-0776-4282-b59c-2331f30f2fc2,efdc2db3-7d55-4042-9db2-18e4132670c3,bf960a95-8f18-41b8-8f8d-ab5bf50a14b8,2024-08-31 02:30:35.652793,2024-11-10 02:30:35.652793,Fraud Confirmed,Note yes best address short finally test.
ec3e3a3d-67fe-413e-b697-4aa4a711ade0,5740b366-12be-41d5-ac58-f835c2b607fd,35d64ad2-48ab-442a-b9fc-990044630938,2025-01-05 21:41:46.862994,,Pending,Material lawyer college fast attention office government.
f869be0d-dab0-4391-8ebe-abd03743a7c4,7c7b00bd-78a2-4507-906f-6c0325d59df5,30d96558-bfdf-456a-bfff-6613a506ac2a,2024-09-21 00:52:12.336754,2024-11-16 00:52:12.336754,Inconclusive,Election list eight theory practice cell buy notice always teacher husband.
902549c5-f5f0-4ae8-ac06-f11c9150bb4d,6128521b-f454-4332-93a6-df0e8a26b51d,099cce9b-1eb3-41a0-9787-487849a48e47,2025-10-25 21:50:54.191084,2026-01-06 21:50:54.191084,Fraud Confirmed,Kid mention person finish base including late.
6aef8576-06ee-4164-8252-3c114f0511c3,08d526b9-c7c5-4c2f-a432-f163499bfd20,81a8513a-de72-4847-a4cb-289c88cc038e,2024-10-13 12:52:26.734484,2024-12-20 12:52:26.734484,False Positive,Per popular scientist each start account.
e89292fc-bc0e-48ea-8e70-0784b6aae154,dd1b983e-cc17-42e6-8487-91e3ad0ac412,54a44fd5-db5a-4334-9955-2d031360a812,2025-11-12 11:04:00.777760,2025-12-10 11:04:00.777760,Pending,Heart now take development them protect give life movement.
709bf332-42bb-495b-bfc5-9f969e3af46e,8712e8c3-734f-4033-8a8c-58300b788c8f,32c54da4-5a4c-46bf-9b8e-9d81429d2f27,2025-08-27 03:22:00.849514,,Fraud Confirmed,Beat rule true two should current forget.
1bb619d3-f689-4de5-b15a-4544975c9486,328579ff-de1d-4071-89a6-2b1b462b48ef,f653a293-b3e8-4f36-bc6b-c3d57a00b627,2025-01-21 22:17:01.420176,2025-04-19 22:17:01.420176,Fraud Confirmed,Main reduce live everything although choose like policy floor all over herself view.
11969941-9b5c-498d-b0fb-8cb967bc9560,2b9b3297-ddf8-4ae9-8c15-6a6228447531,acf1bf2d-c942-48ed-8cb8-5409fcdd5e52,2026-03-28 18:00:40.960628,2026-04-20 18:00:40.960628,Inconclusive,Without degree deep age serve institution edge compare center event bank.
c55039fa-3e00-4571-a7f1-d401eff8f364,67bde71c-d07d-4c3e-bdb5-44c38f574801,36f18e4e-85ab-4e22-81e7-6a78becae86f,2024-10-03 19:32:14.526091,2024-10-06 19:32:14.526091,False Positive,The modern prove else store begin top garden send clearly glass.
ad19c0b1-442b-4ee5-870a-d01aa121c5ac,0deb7f24-75f6-4de3-8f7b-e849eeeae772,ca6c0894-ec9a-4708-9af1-ee59458fb032,2026-03-01 22:12:28.244850,2026-04-21 22:12:28.244850,Inconclusive,Movement six whole join tree now statement night throw cup reveal official.
91553274-311d-44f6-a74e-7365e214c5d3,79884ce2-fb03-4319-87ca-efcee6f588b5,810a84f1-298c-48e2-a46d-eb5b97d2504c,2025-01-01 13:08:09.022322,2025-01-22 13:08:09.022322,Pending,Add to value material first society purpose enjoy reveal write.
e8da04e5-d438-4550-9c60-e15cc1e9ddc9,74e2403f-ee65-478f-926b-e2a3e25d307e,f2afc702-7834-4682-bac7-bc188f752277,2025-09-26 21:01:27.796050,2025-12-22 21:01:27.796050,Inconclusive,Plant police official already second could recent.
d10db8ba-6f0e-47cc-9882-7db245578e23,71252e76-c579-4f7c-b813-9ee69f3b1851,278c2d3e-52d6-497e-b9ec-2f00de1c5571,2026-01-18 20:09:01.784431,2026-03-09 20:09:01.784431,False Positive,Help girl weight will officer add sport administration to maybe test record power.
e90f6491-6edc-4591-b3ea-2391a9f07292,161173a8-a006-43a4-8d64-4f785737faba,7485fdbb-f17c-4a1c-b7a8-47394d3ff416,2025-10-29 12:02:39.583895,2026-01-26 12:02:39.583895,Inconclusive,Goal stock international wind from unit learn health need class job.
0ea8a885-3ca5-4a13-8eb9-6f4f108f33fb,0f1f6ca0-76c8-4100-8c43-e6d9cd1b4c28,b9e5434c-3b63-4a1a-9e3e-514b3b28d94f,2025-04-29 09:19:32.403071,,False Positive,Plant reduce visit town between because student bed administration usually billion.
b2cb41a7-b3b1-4c49-8e6b-50bd09aa41bc,51acc1ea-2870-4276-94f3-3a0548e460fc,68b489de-5f63-4c97-9a1a-f0c8a8668f5b,2026-05-02 19:39:06.815688,2026-05-12 19:39:06.815688,Pending,Until between know ok allow face inside development lawyer high crime light buy.
5e9be63b-1b35-451b-a9d1-38ebeb0014d3,ba804830-f5b8-4f76-a860-e043ea5fed34,37b3acd3-e614-44ec-a7a9-4e6b0d2aea29,2025-10-24 08:53:19.617293,,Inconclusive,Include star region scientist account hear difference exist they enough stuff.
f4355939-9f5a-4921-8507-54d1301c5ecb,893c143c-7f8c-46ff-860f-8d6e90316975,7ce32d7e-2036-4e68-9b41-ff7d2431319b,2026-03-23 04:43:45.734945,2026-05-20 04:43:45.734945,Inconclusive,Pull above training allow ago so subject million scientist fish color.
7ea3c817-bda4-4e31-afad-4fa67aa1ba2e,415e0b93-4cd6-4167-be2b-69110268da28,1a143e11-c85d-4c71-b137-ad289e6d2d36,2026-02-19 16:28:17.639846,2026-05-01 16:28:17.639846,Pending,Drop wind cover popular stock soon official can player within community.
46d3c851-1204-49e9-b557-81bc395fcd58,408730c7-83ad-496d-8a31-263e0be42b36,47af2b6c-d688-4b53-a789-0a4db163cd93,2025-04-10 18:26:51.316182,2025-05-04 18:26:51.316182,Pending,Citizen discuss report call brother officer hot several true study city follow.
2056937d-55b6-4aea-9409-8e7708063e33,8e3988dd-d146-43c4-bb89-a0ae13c7918a,e06aa1fc-cd8b-4329-888a-5615246bd95c,2025-01-29 01:20:01.036457,2025-02-09 01:20:01.036457,Inconclusive,Join pick order agreement remain turn.
2e1100bc-1a99-4094-87cb-d16d1b0fd6d7,4055578e-de71-4226-b770-8c39ef8ac25d,86996196-e9e0-438d-a0ca-a5aa80fefe01,2025-06-23 10:07:18.298687,2025-07-25 10:07:18.298687,Fraud Confirmed,Agent safe work play sing cost present develop create subject.
e0b62dfc-767c-42f3-bd21-c73c562821a2,8e42911b-d59c-4b24-8109-d689d43adb78,b6ad58ee-e8a7-4513-b5bf-76505d3e5bfa,2026-05-10 20:56:15.222451,,False Positive,Side process ever various physical point often billion learn other.
48f7cdf2-5ae0-488c-ab7a-ab73e2e89025,16e626b2-c72d-4bf1-897c-1b4a6038e345,95e2fcd8-1916-4275-aa8d-cd8ce2bf95db,2026-02-28 11:47:46.028270,2026-04-19 11:47:46.028270,Fraud Confirmed,Energy Congress back suddenly tree debate beyond somebody including.
1841c6e6-a153-48e2-8c21-201727fd0cb4,80b7ed19-6da2-47c4-a695-e7d7e16e02be,27f9b120-590f-4c26-9ede-2c9e0db89ab9,2024-11-07 18:07:47.073433,,Inconclusive,Baby reach heart finish traditional speak conference act condition note parent all wish year.
3eb0e333-bf67-41c5-aa13-1156c8a99881,5167ef27-e630-4916-839b-040c5c384276,cec31e48-eb8d-44f2-9a4f-4a9376f43905,2025-11-08 11:35:17.613974,2026-01-04 11:35:17.613974,Inconclusive,Outside above miss effort business paper movie military set describe half together ahead.
6bbd0ac5-803e-439d-af8b-12e27051c9b5,22188a22-2dd5-4ec2-9685-a6c4822d76dd,34c6d593-34e0-4076-84ba-2b9177b1ff29,2025-02-03 06:15:29.277302,,False Positive,Road vote environment loss well give necessary.
d37a4336-b0b7-48f5-8bb8-30c263a8fae5,e644eac7-1bd8-4aeb-b555-5f0f3795d3c5,d5d05db5-044d-4cca-817b-5434dfc69edf,2026-05-24 23:54:55.020050,2026-07-19 23:54:55.020050,Pending,Job watch two economic cup suffer response which bill soldier onto close.
c8979e13-441f-4224-a37c-37efe24c1a12,9e1fb508-c9b3-4530-be63-a6549a354e3f,c27d6e4e-dfa1-40c6-851b-76c38d1a8d38,2025-02-27 20:32:46.398256,,Inconclusive,Item land others even five blue him current good today standard last.
e9a88643-16b6-4029-8c9b-aa5acd8ead87,3a2a020a-2deb-455c-8472-872501827f4a,e7eca66b-0544-440b-aea6-066cfaf73a25,2025-09-06 14:39:38.406262,,Inconclusive,Education important page theory wear most huge boy speak investment control early.
87fdd0e6-fa45-4a45-8e01-95972eacfe0c,5b0ee34c-cff6-4c81-bd84-1d9e4caef001,ba6585fa-5f8d-46be-b96c-28ccb0ba5a44,2025-11-13 09:59:27.581421,,Pending,Head single business five action forget let somebody together no.
f82f548e-83fc-4abe-b4c7-425a63585a79,3211c24f-b053-42e0-a183-d6867ea1d9e6,d3c738cb-7f12-4447-851e-64ba59285fb3,2025-03-28 06:32:20.791697,2025-05-17 06:32:20.791697,False Positive,Defense design night respond watch space provide off position radio itself spend cup.
e5d972e9-2510-4d94-af51-832d397dbe24,b24e5bd8-2abc-4509-a0c9-489154423b3b,abd02d39-f355-452d-95ef-7dbb511d911c,2025-12-04 02:25:21.400783,2026-02-16 02:25:21.400783,Pending,Material wrong instead buy commercial force him office expect popular task write.
2e2621c0-100f-40d8-bf11-8ba28e0e90d4,d23895ab-6b6a-4715-8d32-c8cc83a485f4,f2ecdab4-8d0f-404d-8679-fb961cb176c0,2026-04-17 04:44:49.336280,,Inconclusive,Capital whom already mouth month front administration like stop.
b37cba56-2a56-49d9-9aeb-b0787e63b5c6,4474d98a-afc0-4a35-abb9-5fb0eb0b13ef,66603e3e-01b8-4748-9f4b-097c951c114c,2025-06-25 15:01:46.604589,2025-07-30 15:01:46.604589,Fraud Confirmed,Ever send hundred news finish partner hotel recent lawyer.
300242fd-7400-4086-808f-08a2c1ab2577,1106f504-0cf7-4264-900e-c6bf616cc061,7f913144-59c9-4f53-95b3-b5d90402a5fb,2025-01-04 11:24:05.078218,2025-01-26 11:24:05.078218,Pending,Successful visit bill difference stay catch year.
5d4e1cc2-03f0-4c9a-bdb0-91cbeb0561dc,0b666b38-3c47-46d9-a837-645a7a0741df,dcbd6d4b-9cab-4c21-a317-e2652f2497bd,2026-03-01 11:56:24.444512,2026-04-09 11:56:24.444512,Fraud Confirmed,Difficult because right speech staff Mr above read appear third amount.
698dafdf-61e4-42e1-88bd-948edd782b83,db76bc3e-528a-4c74-a6f8-41020051bae9,8d249681-e33b-4ba5-9600-725ff57d9e85,2026-06-25 07:05:41.382119,,False Positive,Avoid forget partner speech establish color case leave call.
dbde85ce-ed7f-4977-bf05-d7c87cd05a45,3edfb984-4bf7-41f6-b5d0-6e13ee0248e4,3b12319b-b98b-4ecf-a3ff-23894de1f854,2024-11-13 08:08:56.349875,2025-02-02 08:08:56.349875,False Positive,Thousand whole including land business month official product with focus room difficult enough.
7eebe6f1-92ed-4556-a8ba-60ee3b4eb3f6,89eeb111-e1fd-428a-9d7c-1b243ef8df58,ce5d294f-83ce-43bb-8fdf-bc89a4be0fab,2025-01-02 17:31:41.910745,,Inconclusive,Good structure drug positive task reason avoid.
26375986-7a1b-4ae2-88fe-c64268c08082,c636d030-45a4-4ca3-ba1b-1f34564c7441,3342812c-df12-4e21-ad8d-0c8b6123affb,2024-12-20 12:34:01.725280,2024-12-21 12:34:01.725280,Inconclusive,Actually democratic stand could bit decade opportunity month.
3564bdcd-c214-4c21-a53d-a0b2bfeefd88,785eb4b1-bd45-4d53-831a-cb6ef264a203,ff3ba290-d3f4-46dd-8f73-4b852938d7a8,2024-09-17 14:44:31.732826,2024-12-06 14:44:31.732826,Inconclusive,Remain pretty summer black candidate true history laugh per.
181ef575-8aaf-4528-9200-33e2b52e1d08,c5169687-f421-4051-bb9d-51254f78af42,f58e77f8-fa24-434f-9a08-8a887acbcaa5,2026-04-27 07:41:05.952436,2026-06-23 07:41:05.952436,False Positive,Could everyone clearly film thank possible challenge then seat drive thus.
4f57299f-6173-4504-a5cb-5cbc0c031472,a43b0d91-5616-43d0-9a18-5f5fb0c47595,645209a1-0180-410c-8513-7040b6c2a64f,2026-05-17 01:38:56.257025,2026-06-25 01:38:56.257025,False Positive,Live most goal brother nearly great.
04b6d022-f754-4453-a1d7-83e365ad1834,ae58ba0b-7c38-4c72-b598-968197e7c86f,312375be-5051-4646-8422-413bf0a944c0,2025-11-07 20:04:17.163882,2026-01-08 20:04:17.163882,Pending,Maybe meet apply evening best possible rule institution family idea order.
792dc1fe-d289-4047-a60b-d07bcece91ce,bd662bbf-027d-4487-b354-4e845e6054b5,b7cb11f2-e33a-46c9-8a59-05f3ad365707,2025-04-19 05:00:31.741537,,Pending,Million body anyone eat book boy time offer draw mother every third.
e4cd9a5a-7d9f-4c17-a0cb-1a90960ce629,985b0b91-b1a4-4669-8c6e-b30a72c03d73,43077fb4-1b0e-4185-af69-b45395966071,2025-04-12 21:44:02.114777,2025-06-25 21:44:02.114777,Inconclusive,Hot big safe they environmental day size girl explain others safe.
18e5ff73-0cee-431d-954b-07c5ed5a8f2e,07254064-c299-4abb-a79e-0d6ebc28ed64,ca7386aa-1e72-4ebf-ad3d-049b83b3c956,2024-12-31 15:16:25.144678,,Pending,Traditional performance school system reach color race coach forward lay while program.
59d8593f-d807-41a0-9e07-6ce17c0aa134,d2f1250d-e5bf-40ab-b573-3dc059064b8a,eea3dcee-78f8-4141-8908-06cd65fd4ebe,2025-08-07 03:47:44.115258,,False Positive,Concern enough baby quickly table order.
270c9882-5cf8-4423-ac5a-f99cdda958aa,f4c7bd60-c56b-401d-8453-fa76f62c18c7,9497be6d-1222-4694-a31e-72626e3f348d,2025-10-20 11:17:15.001235,2026-01-04 11:17:15.001235,False Positive,A their line and admit quite fact direction me sense simple beyond sound.
f2f09c50-ae9a-4780-963d-2099691020fd,99c77bd1-e473-484a-8aa8-a7ab70400416,897fd661-7d7b-4057-87c2-9e9056a50dba,2024-07-22 07:57:49.324475,2024-10-18 07:57:49.324475,Fraud Confirmed,Same wrong either main hair add good report through simple tax total.
42ae4033-d63f-4e28-806f-43ade394da2e,02a35aca-3687-4794-9915-c5e4f76b1fc8,d65619f4-13f3-40ad-ae76-cbd1f310f177,2025-04-25 16:41:42.535135,2025-06-24 16:41:42.535135,False Positive,Establish mind policy challenge improve detail yes.
6dba5299-9760-4321-ad65-34a2b4d444c0,b8f62937-43e2-4e7b-9145-793e6e670c4c,305b0966-dc6c-4e4c-b2a9-57ad68b26da8,2024-08-26 12:49:45.322396,2024-10-22 12:49:45.322396,Fraud Confirmed,Each scientist wind grow season create.
77ab9cc4-716a-43f9-a408-4cd76da543b9,9db27f0e-fed1-4c5f-9fca-cefcc1571473,90d32a19-67ac-40a2-87d9-58a67a998088,2024-10-26 21:36:31.743957,2024-12-18 21:36:31.743957,False Positive,Whole theory quickly tonight last when money.
9fbacd74-6677-48d2-8229-fd41e14b9b61,3ab8a861-f287-45fb-beb3-7f446b244d39,708c2981-86ad-4e7b-a545-647da3a2961a,2024-09-23 15:02:53.135267,2024-12-14 15:02:53.135267,Inconclusive,Thousand hospital individual yes finally American mind gas partner item.
780f606e-4272-4646-9e04-9792a189f8e0,dec4779b-81bf-40a6-b0ea-9eaa939c0135,0036416b-a255-4c42-ae0d-004a51cefd2d,2026-05-28 20:48:04.457178,,Pending,Eye wide material rate letter change whom perhaps professor field.
027662f0-23ca-408b-9ab8-9735f08f5d7d,c5124805-7ca5-4baa-b25a-3dffb0b160bb,24841263-1868-47c3-8ea5-3096ce767cd5,2026-06-24 01:33:30.129846,,Pending,Administration American executive or apply figure involve produce a.
44a0d21f-2927-43e1-95a0-310414b43f94,09685038-e01e-4ddd-ab16-f9c4e7bbfd97,364db8fa-cc4e-4c04-b8e7-dc8431f6efd6,2026-05-08 03:42:03.532038,2026-07-22 03:42:03.532038,Pending,These size maybe when night west require central run it.
4d37923d-c79b-4688-8930-c09480e6e4ed,369815c9-0e87-479e-8d0f-d0c5037304a6,ae7b4880-26e8-4d63-aeeb-786c9b9ed666,2025-01-12 12:36:34.050098,,Inconclusive,Despite list great speech PM institution whom better end.
b6343ad6-7d71-4519-b46a-5b95ec9e2011,cc86a042-f4cf-4285-a7c4-89ea439a02e4,936f53cc-b0f4-49e3-9041-644e220a75f5,2024-11-14 22:50:15.001247,2025-02-12 22:50:15.001247,Fraud Confirmed,Community job then source cause should economic indicate current.
120df3e2-3cdd-4a34-9c12-97e633678203,6945e9de-4fe6-4428-a74a-fd481f2e8640,f82abfab-1099-40ac-a765-8f7607f6cb81,2025-10-03 13:49:03.104829,2025-10-17 13:49:03.104829,Inconclusive,Note pick national heavy then join catch kind finish.
3c5478dd-07b5-4dab-a58d-479627b56ba5,50708245-6d03-4d65-8d9b-df15d53b96e3,11b17590-cc81-4836-b91a-1d590e1ede2b,2024-11-03 10:32:54.297138,2024-11-25 10:32:54.297138,Fraud Confirmed,Life into inside improve agree next whatever inside sense past.
f167f14a-2a89-41ce-837e-483d04b4d62c,128c6bb5-9fd5-4c85-a575-ff843760a591,7735cf2c-f661-4788-8113-474edb12ba4d,2026-06-26 14:20:39.572961,2026-09-07 14:20:39.572961,Pending,Oil health per tonight there apply suddenly call prove.
29d9b383-226f-4e06-a21e-8d8a145197a1,1a52e97b-e1a3-4717-a177-9e24ffc95606,81192f32-4b90-4b0c-b566-6efe59bb8fc3,2025-10-05 06:48:06.967521,2025-11-17 06:48:06.967521,Pending,Least approach area stop practice four best fact loss former article science.
83bed226-1afe-4844-9b23-2d7ad1a8ca49,564fdb9d-ea26-4558-b9bc-5eb743812d06,98e9e484-7848-464f-aa5e-7ce0eb80a19b,2024-10-13 05:56:30.452527,,Inconclusive,Reduce might no whose carry time.
d9ffff6b-33af-429b-880c-0be05f5f8d97,c718d5f4-d889-4b06-88ec-d29a707bb505,2953b67c-7c48-405e-9539-51c76d5b8cda,2026-03-16 00:33:02.926528,2026-04-14 00:33:02.926528,False Positive,Feeling financial writer according machine reach boy.
739d20ec-0c77-4bee-aa21-adfedd3d1426,80f23193-69c6-4908-be16-ad6b1027a36e,880cbcab-9a84-4f09-a16b-47f51c71c80c,2025-03-23 11:15:27.768060,2025-05-20 11:15:27.768060,Pending,They mind easy billion agency media hospital unit feel low contain dog summer.
e67858cc-a621-4db3-84e8-c560ef93215b,aabe40cf-e35f-41c2-8a49-134331bfa60c,0062dd29-44c5-447d-ae65-8cbd7b8e4094,2025-05-15 06:59:01.249010,2025-08-10 06:59:01.249010,False Positive,Race teacher pay it player continue stand price color score national live face.
bcd94cd6-c602-4110-b848-9c016da498d5,15017209-dbba-406b-a6d0-320a9c5fdf34,3a0c66c7-baa7-4073-8320-fc3fb6a7451f,2024-11-20 17:22:06.025290,2025-01-04 17:22:06.025290,Pending,Manage property hospital recently blue indicate interesting agreement lead nor action few population.
04e4e8ea-fd76-48b3-80e5-3de4c9d39005,00ee163b-76de-4cca-bca7-9e8333ee8f6b,f6f99b3c-00cc-4e42-bbeb-70a579d57888,2025-10-02 09:40:04.707759,,Fraud Confirmed,Know traditional great cause think learn across citizen may technology decision total modern.
ef977052-3170-4ec5-922a-5ce2103c7caf,596f7c31-51ea-40de-8743-4637cd926bc9,ca698554-cfe1-40c6-89d0-90a99f78ab84,2025-06-06 06:49:41.186846,2025-06-21 06:49:41.186846,False Positive,Pretty goal rest fund resource skill everything several.
7412024a-b5cd-4d02-999b-436beb4bdf3c,50e686a0-1b30-4604-884d-657f37524fbc,6b0c528d-71a2-4ea1-a7df-4cdfae19cb3e,2026-06-29 09:01:06.853894,2026-08-13 09:01:06.853894,Pending,Attention stuff low while paper Congress remain medical probably else recently.
4994f3f5-09ff-4f1e-9297-eb4c5e0a0597,94359ee1-a0ab-490a-aa56-ab73bbb24f3d,34afbc2f-1372-4d8f-9896-b1e7dc3a89a8,2024-10-01 14:32:02.522272,2024-10-28 14:32:02.522272,Inconclusive,Give pay identify and system city benefit blood various live service wonder speak.
26b8a581-9a18-4a78-bd07-0141669f1d0b,0a988200-bf0a-45d4-abe5-5bd415749c78,07b6076f-9e13-40ef-9f0f-5480085f4581,2025-05-28 10:58:02.704738,,Pending,Black thing rock himself wind two artist economy also.
2bc42182-4da9-4519-bef9-0767c3d84205,85ef30bc-16d4-4e1c-a44b-37e6fcd63c80,ea2e8fa9-a159-4ec3-8b0e-100825847206,2025-09-05 00:48:32.812605,,Fraud Confirmed,Shake paper subject type fly recognize help writer off current education.
917c6f66-4372-4101-934d-8f1a8c357b15,5a197491-5c0f-42bf-a633-8af9c416c76a,cf5dce1f-9e0d-455f-b630-8c88daa3a0f5,2025-09-30 17:07:04.489866,,Inconclusive,Different score its more so beat agency where benefit.
1b2ec972-17c5-4b82-ba13-5eb4d200c22c,1ac1251d-1ebb-4645-8530-1bf9bd78a33f,c62b4682-4811-4e58-b54a-65663f402486,2026-04-03 10:44:27.251179,,False Positive,Throw growth impact national author continue role.
07380790-ce7d-497d-866e-a8b5296dc33d,a98d4b51-1021-41b3-8a5e-95b874848bee,a074dfb3-5aba-4812-b7f7-b80647f5eb8a,2025-02-24 14:50:45.069260,2025-03-28 14:50:45.069260,False Positive,Many strategy now list goal peace next case attack into heavy audience.
aca9e698-e713-41ca-8264-98628acee77d,6892d248-89cb-4196-8c44-6dca37e736fd,19964034-0551-4fd6-9824-f2c9ca115bc3,2026-06-14 03:13:49.970984,2026-07-27 03:13:49.970984,Pending,Fear brother discover own former difference wait two edge reflect attack the.
e6281dc7-64e9-4fd6-aa83-aad06bbffb6b,d4bb1726-793f-4580-bb19-f65a9761b854,6163b3f1-beb9-4820-bd9e-6b9a81a7a4ba,2025-02-09 09:32:41.735180,2025-03-11 09:32:41.735180,False Positive,Move drop military particularly fine peace.
40c05232-0668-4244-a08b-82c70e89928e,a75dcb60-06e1-4c93-aa10-ccc851ff1d69,ea2b97f1-de27-48b5-9599-d24c2795d8a5,2026-05-08 16:41:30.900771,2026-06-01 16:41:30.900771,Pending,Old view world president allow instead customer.
50f2fbd7-7d16-4a28-81cc-43edcef8a6ed,3903c703-2c6d-4731-bc8b-2711de0f7afa,01a7a2bc-4ba3-442e-ba4d-c38fc6c9a1e4,2026-07-07 15:42:08.433460,,False Positive,Cause natural safe under professional there.
b7bb8129-6272-4780-b69f-ac13768106f1,3b2a25ef-65b4-4f7d-b441-5445b6dc4ae4,a6bb835e-f8e3-4937-af87-dab053243a08,2024-10-16 03:49:46.211158,2024-12-13 03:49:46.211158,Pending,South nor particular strong space generation.
990005fe-bf22-4ab5-b0af-dbec7734a5ad,a0647b3d-c6bb-403d-8860-f33b84dab250,1fc360cc-d361-4539-a93a-ed9c5374b34b,2026-03-18 10:18:21.365772,2026-03-19 10:18:21.365772,False Positive,Our partner ball necessary water establish among along medical practice it.
e0d771f7-07e3-4ec1-8d46-7327dd795963,ed830468-79ca-43c1-9132-92ce5ed35e57,76ca632a-e978-4eed-8bfb-9095d63efde1,2026-07-06 09:25:11.801260,2026-08-11 09:25:11.801260,Fraud Confirmed,Again area similar specific move team radio scene.
924648a3-2908-4114-9d4f-1fe4b01cb636,fa95fb39-49a1-49fc-8d83-d8ac1597ec8b,ae60f98e-6adf-46db-9d7f-098ce2b3bca2,2024-11-03 15:48:28.570146,,False Positive,Hit help by red near break.
be9347d5-77e4-4d80-a41d-96239bf199cf,492a806c-9589-4adf-a05f-5ec825ab5485,2d253d55-76b9-4d69-ab0a-922e8f83124a,2024-09-14 01:54:56.462047,2024-10-31 01:54:56.462047,Pending,Work happy create job around discussion open dinner section thousand soldier nothing yard.
dcf5d1a4-8076-4e73-a3f3-a05d65514548,51f8251d-1bf8-41fa-aaa8-5d37cac281c8,e5e773de-36c9-4434-bfe5-b2c5fc62f6e0,2024-10-12 04:47:00.354989,,Pending,Spend baby camera Congress analysis glass pretty each factor.
c3a67da6-bdd5-4e67-b910-73202bacc433,09f47329-dc76-48db-8331-f3f881fcbfec,d9cd36ac-564e-4f5d-801e-319a606d27da,2025-01-20 04:24:47.046255,2025-03-29 04:24:47.046255,Inconclusive,Price prevent baby voice day relate spend today teach kitchen few happen.
4f7fa28e-4425-4b93-a5df-d95714fffab0,c19d83d4-4b69-49c0-b8aa-3dac28a50354,7d5c9443-b161-4888-81ba-88f4a6683875,2025-10-14 01:17:12.842375,2025-12-30 01:17:12.842375,Pending,Money environment recently me approach too relationship perform evidence.
6dcdb658-f82f-498e-8970-9218abe340ba,e73c5cad-39c9-4e9e-808f-d2497accaf1f,95a2d7c7-826b-4825-9b56-5134800ba387,2025-06-29 05:02:21.015950,,Inconclusive,Success minute figure need but right small.
3ae14590-28c1-453e-953a-75834c01b3d1,133327c9-78bc-4283-89ce-d4738a5c5dff,9bdcbdcc-44ce-4b2c-8350-e1d3afeb35bc,2025-11-01 12:18:41.863858,2025-12-30 12:18:41.863858,Inconclusive,Recognize practice law box material almost everyone his still.
9b915dda-6006-4b92-a700-b90b4209e479,96c0ca04-62a2-402c-8d7c-3219c560cce5,45ea7e76-050f-4df5-853d-9ee33ee7fec7,2025-04-05 22:39:06.739741,2025-06-23 22:39:06.739741,False Positive,Take himself affect him know difference here process mouth.
e4f3572f-06fd-4441-a9ff-78dcad53808d,c163bc77-d404-43ee-850e-1825a0ee91b4,146a0299-c293-4285-874a-cc90fa3e7916,2026-02-23 18:48:21.719338,,Inconclusive,Must girl ago participant throw two.
78b1f244-38ac-425d-87e5-48e6c22ff091,65a5479d-518b-4c3c-ae18-8d631086af7b,beb95907-84d1-46d3-bd47-338b1f369ca4,2026-01-19 15:00:07.205881,,False Positive,Describe agree rise perform tend site up sell southern network weight usually explain.
ebadc3e8-e9a1-4235-abda-e6f3a2044015,e5c391fa-1d18-4b3d-9001-7428eedffa18,27dbc1b5-d00e-45a9-8659-76a2a7524301,2025-05-18 18:57:29.039151,2025-07-23 18:57:29.039151,False Positive,Less occur nothing million class high second under car address son week.
5a0ba59a-2db5-4b2b-aca4-fe6641a15097,f39699a1-28db-42b7-b7d4-49c7e4c94fa6,888a2faa-eb94-4729-aa16-1567299b1d4a,2024-12-24 15:54:23.507386,2025-03-08 15:54:23.507386,False Positive,Side fast number although ever environmental economy president sign.
73b3aff5-b4bd-4e00-b9e0-10b3cfd696ba,94265c17-b9f3-404f-a16f-0e947248b1ac,530d5634-311b-4f12-ac95-83965d96d20b,2024-09-15 21:14:03.399927,2024-11-17 21:14:03.399927,False Positive,Nothing fly enough condition leg key letter whole lose.
58d0bcca-aec4-479e-a08a-2afc177c2813,32b1b45d-a975-458d-a058-ad46f7aa3c18,97b3fee9-a78b-4d92-b052-774e24ee0c7c,2025-02-14 22:14:04.404709,,Inconclusive,Impact often bag today necessary well key election.
b414125f-c6b7-423d-8898-b395fa46b186,9e219073-2f90-4574-b3ff-13aac0f9145d,37d8a2fe-670a-48ba-99dc-59cd3bb4cb13,2026-07-04 12:09:10.949270,,Pending,Than camera piece chair peace anyone boy although range.
76c806db-2216-438f-96b3-5bf97a122b81,bce7cb2d-71ff-4c7e-81c2-d4a2dee81b6d,fa9ddd0d-a5da-49e6-b396-df6e71f73f1c,2026-04-01 13:37:23.030632,,Inconclusive,Fish network direction weight yeah window administration suddenly support music and doctor board.
ed1a5bb4-6cf5-4b05-a700-36a671537755,9d0c8f08-4ab4-4b04-a937-3e8e19f1f883,46402753-ed96-44ec-8507-afc504555429,2026-05-19 09:41:12.361162,2026-05-21 09:41:12.361162,False Positive,Memory down for he state indeed politics.
638fe385-84a1-40b9-b5cc-18807d65889a,e5223c25-7b15-42e9-9c47-1c3d96ec6603,73047f02-ab64-4990-a234-2ba5a9a45d59,2024-08-17 18:08:46.162914,2024-10-06 18:08:46.162914,Pending,Agency parent growth window today hear wall.
9bb3eda1-4667-493a-85ef-4ab02792e6cb,02d8ac78-cc43-42de-87d7-7935c948c505,1e65f3e1-907e-4f18-b82a-4f5882d8dfc0,2025-08-03 18:56:38.602654,2025-09-25 18:56:38.602654,Pending,Civil and us treatment agent participant.
3382e3d9-6448-4353-971f-e48a73d3af35,61708456-3068-4f85-93dc-4f8430b11aa1,e7215432-5dcd-4579-af04-502ef337f4a5,2024-12-26 13:04:09.216524,2025-02-21 13:04:09.216524,Fraud Confirmed,Respond score situation require vote her old price change several power western.
040abb87-b70b-4bcf-8b79-e3eefdf4619d,e30fcd3c-c2f6-432b-a7a8-9ed72d634dc3,60f8089b-4e02-4e7c-966c-90e2169fd2a5,2024-10-03 20:18:35.375950,,False Positive,Not young piece safe much building these sometimes.
d1753b9d-69f3-4869-9381-52657ad4dc06,84b8f1ce-24cc-4cab-90ab-c3959038fa23,a3f8530e-55b4-477c-931c-170a0976ccbe,2026-01-23 11:13:18.822450,,False Positive,Minute first crime offer treat forget sometimes within discuss fire win realize.
a4b0904f-f6dd-47d7-8d2e-d30766bfd0a4,6ff50636-5c51-4a13-9ddc-1bdd8c116ecd,69b1dd62-4f04-4f31-97f6-d1831f1778db,2025-10-05 10:07:23.052110,,Pending,Gun goal measure trip president painting large industry notice step by.
6ba984da-73de-4310-8cd3-33bbbfa3000c,f6499c85-1dec-40ce-aa5d-8643c4c1ccef,af19ff57-60cb-4049-a412-4020ee8bb679,2025-12-21 23:26:31.566728,2026-03-04 23:26:31.566728,Pending,Purpose program painting somebody game brother impact measure chance management thing.
16b925f9-7925-42f4-ac81-bbf974696213,b25c0a84-d45f-42df-8fb3-5c8bd7e268c8,dcbbe76d-f274-461b-8349-985d34ebd5af,2025-02-03 19:00:27.777523,2025-04-15 19:00:27.777523,Fraud Confirmed,Then administration building enjoy never us sea call.
0cb6140e-bbfe-4fcd-bf0c-9e5a5c9e40c4,08149695-d7d9-4c97-83a8-b4730a9b3f42,b9698627-e451-4138-8d82-147433f80121,2024-10-02 17:58:31.364895,2024-11-06 17:58:31.364895,Inconclusive,Agency cold authority method more hold institution camera recent drop fall.
1524a9fa-29a4-4340-9cc4-101341e714e1,626367a1-6dff-411c-9aeb-1cac2452ee71,c4cd46da-9d90-4e29-86b9-db7f8ae98e27,2025-06-07 03:37:36.833731,2025-08-16 03:37:36.833731,Fraud Confirmed,Option pattern yes and school great large important last strong.
4fcf74f3-74a5-4dc4-935c-a8be4ed5cd5d,1ad394f9-db6a-42c0-8f25-a2b9ea43a574,2c4bacb7-5c52-4f18-93bc-119cd9acdefb,2026-05-30 18:39:13.823488,2026-07-26 18:39:13.823488,Pending,Record safe rich operation star meeting charge account or purpose law fly.
5c148c02-3750-4b90-8f34-3838dd629cd3,be1db095-f699-448e-9265-b35787412f8d,c2e9a70f-f97a-416a-8173-f9f9172bd27e,2026-07-13 17:44:18.478428,2026-07-27 17:44:18.478428,False Positive,Evidence significant discussion manage answer military modern meet up expect himself serious well.
7ce75235-47ce-4d9b-9fae-21f7fce754c9,f8aec725-24d7-4263-a14f-1de2abe7374d,9337e42a-faa0-4fa6-b372-4460be18b5bc,2025-07-29 07:38:14.433430,2025-09-06 07:38:14.433430,Fraud Confirmed,Issue everything they fire girl close explain main.
5502f387-abb4-40db-954f-61da6e0189ed,8eac4d7d-cbe0-479e-a985-6bb97a64e54a,eec18019-9f59-47ee-aa81-a5263cc9fb8c,2025-10-17 09:24:03.334470,,Fraud Confirmed,Eye truth writer send under project cell deal.
1ed4dd96-5efe-45f9-8206-0a62e51c3b64,4ea2f7f5-5363-4ead-83de-d863cbc2c6f6,9a8eaa8c-3bba-42b5-97dd-b201219ad00f,2025-03-06 14:20:34.213079,2025-05-02 14:20:34.213079,Fraud Confirmed,Agree total whether music sometimes according strategy ago.
29546673-4393-4cdc-93c1-69dbe9d74aa8,50ba4816-55fc-4c0a-8d43-667afa91f7e6,30bfc250-2d67-40e6-aa46-fd2803d95785,2025-09-07 06:03:09.563199,,Inconclusive,Interview know call law truth respond try build threat manage beautiful carry everything.
9f374501-71da-41e8-b367-c8360855bd80,b8ab2efc-2610-41a1-8b7e-01a9c4fa8c71,dcec5ca9-adf6-4051-94c6-61f70b25569e,2024-11-25 12:50:17.548552,2025-02-12 12:50:17.548552,False Positive,Sound season develop avoid church friend law save public available.
19a4d5ce-7fb2-4e46-b314-a2d99ed39d7d,adb021a0-91b0-4190-b871-76b2734b27e1,4b17d86b-0a4f-48ee-9d30-a5578595737e,2025-12-13 23:16:55.379031,,False Positive,Item usually some fish success produce.
813a1c80-9767-47ea-8a4c-10e28738985f,aa2c514a-dc8f-4296-9eca-4cde9f25fded,cf1cb102-5158-45e2-8f7f-fbef18d1005b,2024-08-08 04:44:01.157108,2024-09-04 04:44:01.157108,Inconclusive,We physical early only the detail.
76b9f816-2c8f-45b3-b605-20ea1c10a3d0,73d3d7d9-54eb-48ba-ad79-dbba4a4d607a,15da0cad-78d3-4747-bf62-1833c0459e86,2025-04-23 20:22:23.247032,,False Positive,Charge sport safe executive cup then week tax see about attack newspaper.
f623686d-7cbe-4f24-a301-f19d3768a801,deeb7534-a0ee-459a-86b6-1394e437e080,2b4498c1-7b33-4c0f-98a9-87be19b5ad18,2026-06-10 18:28:00.026783,2026-07-22 18:28:00.026783,Inconclusive,Although read party piece doctor give most west.
055599d5-7fe4-4ab7-8520-4fe118b59651,88d18c99-f93a-42eb-bd33-afd021560da2,bf297cd5-1f8e-4155-8319-8a7145717f01,2025-04-24 15:52:16.679797,2025-06-01 15:52:16.679797,Fraud Confirmed,Themselves property make picture our myself far despite.
0d22859e-dbef-49d7-a5e7-ce9eeeff3785,2b8b42a2-15d1-4b55-b371-18872b8dd73d,7808211f-791e-4127-b8aa-83ba59008d1f,2025-09-13 17:24:16.846460,2025-10-01 17:24:16.846460,Pending,Information language easy interesting computer what produce girl huge.
e36f01f6-b022-4afc-bb28-b72a904541ac,e964ebd3-186d-444b-a16b-4bffd0b82202,ef94e075-7148-439c-84d7-5de737ead205,2025-03-06 19:25:15.851594,2025-03-14 19:25:15.851594,False Positive,Style tell over reach ahead environmental Democrat surface important no follow push.
758e7e6f-a2d9-4778-a2d9-db4fb90b80e2,f17cee83-f480-4fc9-9379-b233cb895e77,7fe03cc4-5c38-453c-8ead-db2406be5c83,2024-12-15 17:17:41.421253,2025-03-15 17:17:41.421253,False Positive,Interesting end area magazine despite player animal language determine then movie.
d99048cb-082e-46cb-bf9e-0ade9d0c4c42,88d18c99-f93a-42eb-bd33-afd021560da2,154a30e7-26a3-4776-8f9c-7ab913417ea4,2025-04-24 15:52:16.679797,2025-05-13 15:52:16.679797,False Positive,Way party form painting after reveal sort.
220ec2a9-d0aa-4353-a6f3-af8c9e273708,b9866964-976b-4201-b283-34f8fb0dc3d2,93648bd9-c6d8-4035-a6a4-11d23018cfe5,2025-08-13 09:02:25.635640,2025-11-08 09:02:25.635640,False Positive,Treatment short need pressure million gun cup church movie teacher.
21e88851-818a-4407-8583-6e10b390eadd,e50beb1c-db09-4d3a-8864-e1acd9cb3ff1,c5e6fa33-8390-42e8-baab-53d07da3fb81,2025-03-27 23:43:49.692318,2025-06-09 23:43:49.692318,Pending,Treat former democratic safe vote already after wait.
7932184b-9918-4352-a062-75d59a6e1f52,b95ee590-d114-4d53-ab11-de51c334c44a,c6b6562c-ed0a-4372-a65a-fa470caac193,2025-07-09 09:04:34.468616,2025-08-27 09:04:34.468616,Fraud Confirmed,Social amount executive agency place read almost seek spend help husband.
b3ef167d-0347-474f-b926-fc20813471e4,88fb6d55-5bf2-430b-8b84-8a5765739350,378c5b5b-db88-4a63-b21a-adceb3ace21f,2024-08-23 10:52:29.411451,2024-10-14 10:52:29.411451,Inconclusive,Technology baby mean region run after sea must try.
72e9b98b-6800-46a4-ba14-f63bbc98b91f,b3a6df3d-48b1-4e00-917e-36954d9a3637,576d9ca2-6087-49b0-92b1-8c8fe97beefe,2026-01-16 16:02:03.170652,2026-04-15 16:02:03.170652,Inconclusive,Society create paper fine food mention age ever dark enough prevent likely fact.
83c07ea1-816f-4c1b-92bc-8b8472be0981,01fe5511-c6f1-4985-ba86-a7430119599d,4b647cd0-be03-4b97-8077-77261f5dabc9,2026-07-11 23:12:03.418458,2026-09-08 23:12:03.418458,Inconclusive,Night low traditional mouth each admit market hour head national board.
f6bc71d0-fe7c-41c8-ace2-7af2deb6620c,1d06116f-f14d-4d2a-8021-60fd4090df8f,6b559b85-b58c-4454-a852-5f4cfc0ffe58,2024-09-11 12:39:09.188124,,Fraud Confirmed,However discussion have none poor forward.
fc299b21-bc9a-4f3e-93ba-53ac38c81331,8d5b892c-4428-4886-b5b0-c6bb90aa83fc,91bbdbd2-056d-43f3-99f9-94eeef60bb85,2026-05-21 02:16:48.196751,2026-07-19 02:16:48.196751,Inconclusive,Believe college ten majority economic center pattern.
c9c3032f-7721-44d6-92c8-12c792479e21,b095797a-0ce8-4e67-9095-df1edcf6572b,ee82c33e-0181-4aca-89cc-cb51f81e0f63,2025-09-08 16:54:05.393441,2025-09-17 16:54:05.393441,Pending,Set arrive management in scientist strong already ready out the environmental decide none.
c27f67fc-caba-4da5-a059-6ddb741ab175,23d43f5a-f772-4c57-b188-a98950e29f21,815f1661-ec8e-4985-9909-ce40e83842e9,2025-02-05 08:34:50.170187,2025-03-05 08:34:50.170187,False Positive,Fine present focus remember method teach yeah bank bit recognize heart series.
23e4ef87-026b-4b1c-9f62-3636b3cf4137,33d24873-5822-42e1-b752-c733efbb05ab,6ed059af-7e12-4a9b-82cb-506cb3314109,2025-10-30 17:16:50.772878,,Inconclusive,Coach join will although interest color sort.
144db54e-0337-4bc3-8521-3abc6ed2ba88,f61bbd69-46d2-46f7-9cc8-fb7803bd4755,0494733f-8475-40a1-a0e1-80a2c1948a63,2025-06-01 01:00:52.670812,2025-07-15 01:00:52.670812,False Positive,Industry across brother yet result they even follow threat nor coach face rate.
a08acd0d-2109-45bc-a2ea-5a0bfda6055c,e7c62374-6b1b-4180-be59-445cde041af0,03ff836a-83fe-4980-9c77-72c51e3ce736,2025-08-27 00:35:25.348217,2025-11-08 00:35:25.348217,Inconclusive,Mind economy leg view until result system career modern stop.
22ffef84-6b1c-44ba-8c6b-da90b534cea6,40c57141-5e3c-4e2a-abbe-643f5a709976,1bae23d1-8140-474b-bbc7-e82ba1078042,2025-10-21 10:13:58.457968,2026-01-17 10:13:58.457968,Fraud Confirmed,Conference like year accept reduce current behind learn behind person organization.
901c7340-57b1-4151-a66e-ccfc0c636a94,2d615ef7-8664-4ddb-81d6-803c0cafa96b,65ca9991-f568-41b6-9bcc-716134faa73b,2024-08-02 16:18:57.963508,2024-08-15 16:18:57.963508,Pending,Third general add cover exist treatment international role happen short various night political.
2dba0b9d-c1b6-4fb6-b8e4-02fd6c8ec173,7d5236ee-75f2-441b-b2cb-8ff45f12d8e5,400f6955-81d1-417a-b1b2-a8c2fdee823d,2025-01-15 16:58:19.645768,,False Positive,Check room evidence enjoy bill someone onto she form sign option everyone southern.
3e669661-f597-4114-b872-742e7d0299d9,b0da4ab1-fb1a-400a-b630-5461d7c0fccc,73e5a3d8-7090-4c71-b30f-a0c8ef27a5db,2025-01-22 17:40:08.994894,2025-03-20 17:40:08.994894,Pending,Decide able discussion describe upon past century little a back wide case.
13523686-8785-463b-a554-a83d57e30b24,deb2a7a3-f366-4c20-8d8a-ff66e93b271d,2e33a020-0e09-4a16-b43a-0e886243dd76,2026-06-12 19:55:03.581858,2026-07-08 19:55:03.581858,False Positive,Professor force matter bring nice help history listen find miss most.
8f31464d-9aaa-4150-acca-1414e6468fee,f94d10ad-69bc-49a2-aec7-d70844da2e50,d9158097-45c0-4478-82bb-6dfe9976688a,2025-03-25 20:58:35.096080,2025-06-17 20:58:35.096080,Inconclusive,Western watch street represent style night majority smile.
2865e162-665b-4825-bd40-a6e6d2a962a0,9b4c27dc-d36d-4b3e-be85-ac40b5d5188b,6e6c92e2-e005-4538-8600-64c8e3ca0329,2024-11-07 17:39:16.610488,2024-11-19 17:39:16.610488,Inconclusive,Tonight present concern term talk side generation interest pay then turn course hear.
13b4bf7e-c762-45df-9ac8-7dcf2cbc7eb9,b066f9aa-82b9-49cf-9c34-17204a2d5429,7b57cfb8-d763-4c2d-b795-a534796b4d5a,2025-01-28 14:39:32.053705,2025-02-08 14:39:32.053705,False Positive,Cultural guess crime only foreign treat.
271d4015-72f3-4e68-b5c6-6618f933cce7,c166260c-b333-4432-8205-dd57c5dba22b,ff803f9c-fe40-4d33-b8f6-a8401015bf3c,2025-07-23 06:09:01.934525,2025-07-30 06:09:01.934525,Inconclusive,Tv parent almost ever long analysis receive education personal wife statement tell.
200b8102-4b25-4956-a7a5-ffe5826d3f77,a0aa6f79-f6ab-4254-bebd-ad6d04f699c4,cc4ee852-79c1-4dfa-a908-36cb6edc8b8c,2025-06-18 03:04:01.027278,2025-09-16 03:04:01.027278,Pending,Place make list themselves seek space although ahead thus check save that capital.
3de91b05-98ed-4e45-ac93-3bd2a2da6ee5,9f163f0e-595b-4bc9-8214-144f8a85c1eb,639272ba-c238-4a05-84d7-90d220b36744,2025-06-03 07:59:53.094390,,Fraud Confirmed,Argue PM artist best name work create.
b8568f4a-a26a-42eb-9a29-8a597715b0d6,508adf0e-613d-41f1-ab61-408c8ab3e4ee,7e74d174-5dec-41b2-9a7b-842684f5238e,2026-06-20 04:42:01.722213,,Fraud Confirmed,Four public tonight today college worry.
89ad95fe-b77b-44a8-a415-108788368306,cb9837c0-dd7a-46b3-8f16-542744b8d2e9,9b8484cf-86d9-4d59-b463-914dbe310b80,2025-09-02 00:56:02.432386,2025-09-19 00:56:02.432386,Pending,Might wait idea study prove assume stay may rock base.
fabd3f2e-f59f-48ba-ada4-e3c88088c250,ef19666c-c0bb-4045-95cb-195f46e8b4fc,9c67d5bd-e90f-49d6-83a9-cc80c51db666,2025-10-23 00:00:27.297989,,Inconclusive,Part read important play success wait find night brother.
fbe6c417-8729-413b-9718-11e92c2a8f83,27796d2d-0984-4c75-b580-a1653f3a623a,5aaf981d-692c-4f72-863b-6ab328df2c3d,2025-12-24 16:21:24.092723,2026-01-09 16:21:24.092723,Pending,Not leg break bed role control option.
2a864128-2fbe-44f8-8005-51486f033781,6f28a1b0-c21b-458a-85dc-4f3f4704c178,ca68d7b6-16b5-4da0-8f72-eb7805a7a949,2025-08-09 04:36:09.193912,,Fraud Confirmed,Small design hear ball right east study politics.
5a73071a-c2dd-4835-9b2d-2c6972a50969,bbe35dea-4a07-4d1c-8f60-686af6c6bdc3,03fa78a4-95f9-4ece-a3db-210b37dd5abe,2025-08-05 22:46:12.072676,2025-09-04 22:46:12.072676,Fraud Confirmed,Section scene financial here expert everything north including.
917a0775-317e-4089-82c1-e66ee454306d,e798e9a2-190d-46ba-9980-64a74be2abc7,33a2f574-0103-4c12-b630-84fe70c3590f,2025-09-18 05:51:56.915744,2025-10-02 05:51:56.915744,Inconclusive,Third computer far recently enough majority official give politics.
c1b6cf25-d596-4113-be4a-4435d1f5b99b,906b6123-a2d2-4512-94cd-ecf56416ecbd,3493fbe4-e402-49d5-b634-6b56b474c55e,2026-06-23 12:17:52.031855,2026-07-11 12:17:52.031855,False Positive,Reach color wear one choose notice year its position radio eye garden why necessary.
bd689f2a-c0a8-4375-9338-f4866ed38cb4,78db8195-3dac-410b-b160-e1fa026022cc,15fe42ce-f18e-40d6-8306-e743f54ec584,2026-03-31 12:39:04.667126,2026-06-22 12:39:04.667126,False Positive,Before significant election life all boy probably cost cause.
ee39ac42-de18-4ce8-8fe2-172d5d897abb,30b3651e-b20d-46da-9744-4c9e615503bc,f5e8e9b8-d4b5-4e5c-b043-ee3381751912,2025-01-21 03:45:13.807134,2025-01-30 03:45:13.807134,Fraud Confirmed,Nor probably top follow bit grow too city little from.
cda4447f-22a0-43c8-b867-e051929c6577,126f8b1c-f63b-4077-a39a-fedb1a1d035c,91cbc8a1-1ff6-4909-ac5d-346961d55ba3,2026-01-20 15:07:41.159280,2026-04-09 15:07:41.159280,Pending,Tree fill level control against speak lead office.
75aac889-f59c-44ca-a7d0-9f4f1998fd81,3ea16ac4-875e-4202-9c0e-e191f28d5713,45ff6474-f9ca-44f9-8b7c-2bb411f33b67,2025-05-02 16:10:31.909899,2025-06-16 16:10:31.909899,False Positive,List during rich over lot husband always upon doctor various until.
aa1fcad2-4dec-4241-8d17-afaef3cb8257,05fddd37-dd07-4c94-aa6e-0d335a7b6127,c415eb6d-55f5-47c5-b219-52fe4b6ca1ab,2026-07-08 03:06:42.855089,2026-08-30 03:06:42.855089,Pending,Similar west husband agreement mention two though whole wall cup win.
7cde7f67-370c-4822-8ae9-88387de0c7c0,2e9723f1-44f5-4681-9c56-4d204c1137a9,5e76de49-a608-4fc8-a84d-940b9d9a21a1,2024-10-27 19:35:06.706166,,Fraud Confirmed,Professional small approach bed society center get.
a5c508d2-c1a3-4ea7-afc7-978f653f4942,696d9ea4-1498-47b8-b757-297c944ed380,9acdfc67-ce42-43d5-ac7d-61a2e068e8c4,2026-05-25 04:54:52.866938,2026-06-12 04:54:52.866938,Pending,A challenge third feeling ball door data bed each range suffer.
7ae52392-06a5-48ad-ae44-00c24d4b560c,df1388e7-fc91-4a8b-bf8b-6977fa8d4573,fff9a55d-32c9-49c1-83dd-3e2767688bc4,2026-06-11 05:43:01.226650,2026-07-26 05:43:01.226650,Inconclusive,City beyond near hour defense line heavy less drug true hold five.
a7e55380-aa7b-421b-b7d6-c67dbe38582e,51321d75-6f42-482b-8ba2-d0571fbcae3c,2814e8ec-f2f2-4a73-8e90-61cc787455c5,2026-05-13 22:19:08.412463,,Fraud Confirmed,Significant today star room interesting hour author major science only develop.
aae0edc0-a01d-46a5-a225-1f5d9a22e6c0,3ad3857d-00e9-435c-bf20-ba26e46dbb73,25c46426-0970-4d89-a1f7-d4e08b22ec04,2025-12-24 10:21:08.758465,2026-01-25 10:21:08.758465,Inconclusive,Hard fund statement particular seem trip population catch could.
0787b6e9-8c66-411e-93a5-f26c7f7a9529,4e45cae2-42f9-4ed6-a46a-9dfd24a7c0e2,5ac5edc7-198e-49b0-a080-621c619d3b90,2025-02-11 06:44:42.274450,,Inconclusive,Behavior himself conference character find push lose end western conference huge.
9bb914d2-b088-4cc3-8532-e87d3f72ccb0,6ebf9554-6f67-49f5-ae9d-27a8556c87ae,6e62f47e-3953-4798-83f4-12b3e8de7a96,2025-02-09 17:32:28.626923,2025-03-08 17:32:28.626923,False Positive,Let bar rather big television sound activity.
f597dd16-9926-4273-8c00-1bd46baeaf82,25619e8d-0483-45e6-b931-2280ed3d79f3,064e4434-0288-4e4a-9ded-676d0bcbc338,2025-02-25 20:11:27.170218,,Fraud Confirmed,Medical rather activity president prove institution approach interesting score break southern traditional maybe.
9fca6b67-8a31-4e63-89bb-1f86b5e7b13b,1bb62edc-0442-49aa-9442-3c452366d8b5,44d85d9a-4525-43cf-9484-c40e50b68fc1,2025-11-26 11:29:34.738311,2025-12-27 11:29:34.738311,Fraud Confirmed,Such will born condition interest service that bag according way.
01fdfff2-282c-4f16-9aa7-2e1273f7381d,b6485c8b-6537-43e9-83d7-73e9d9d08892,5fdabb7e-490e-4f48-9f1f-d710f5956d0e,2026-01-25 13:44:13.521488,2026-02-25 13:44:13.521488,Fraud Confirmed,Culture spend road lawyer any example business majority happen.
049dea1e-ecee-4c43-b006-b20e868962a4,31dab063-53ba-48da-8756-5b3467956f66,d7a57b0a-54c2-4e45-ac4f-d2ccf3c25059,2026-05-09 09:20:53.906862,2026-07-16 09:20:53.906862,Fraud Confirmed,Education front fast standard myself condition ground adult foot player.
411fafc5-603a-414d-9e6c-f5ac7ff72a0e,228e79dd-efb5-46dc-a9c2-319b9818bee9,1fe1e382-0ec2-4854-a8ac-aae32e3cd52b,2025-06-14 18:44:29.638613,2025-07-31 18:44:29.638613,False Positive,Rule most how compare movement call certain management throughout generation.
a4bed493-e79c-4a2b-ac09-b3206307a0d0,dce886bc-5539-45b1-b0fd-7a69bb26f29b,698c312a-a122-465a-9664-2a5bb97647ce,2025-10-20 16:53:30.723759,2025-12-09 16:53:30.723759,Pending,Each stay strong run model learn baby head chair with point think high.
63b0a76c-2617-4535-8e19-dc4b9180a62f,6bd972dd-c5b7-473a-8046-b786c49e423e,c49b7436-b8e7-4c2c-821f-ce624348bfcc,2024-10-24 11:20:00.483148,2024-12-10 11:20:00.483148,False Positive,Front PM few husband contain section return.
94ba3d9f-8a2f-4e65-87c0-1c70e6c1f279,c9631581-25dd-4913-a966-d0450e928e8c,3c0a9a98-508f-4d5a-ac10-8134bb16b89c,2025-12-08 17:28:48.082450,2026-02-07 17:28:48.082450,Fraud Confirmed,Student item bring court end field method.
7fe562c8-84ff-4c6e-a3f3-441a19009a04,042dc9c2-3cb2-42e9-87a9-bd8acfa652c1,f896f807-3177-41c2-b900-ea1338ad8d87,2024-12-03 09:39:05.158997,2024-12-06 09:39:05.158997,Fraud Confirmed,Reason any of Democrat very ever read control maybe.
03e2d306-0764-4bbc-a0ce-c790995d49b1,177880ff-3278-4bba-a482-37e7cb01c77c,a6450e1a-fa01-442a-bdb3-f3b11b4563d7,2025-01-16 08:28:27.864939,,Fraud Confirmed,Travel question evening imagine affect increase candidate environment out wish fish.
b3f93de1-b18f-49c3-b39a-b4ff0cea35a8,b50430e0-f520-4848-8a16-b889882e5643,e41383bc-d708-4e37-907c-c0efa608df7e,2026-07-01 20:39:46.942196,2026-08-21 20:39:46.942196,Pending,Remember determine particularly rock participant leave.
656470dc-0e30-4f36-9d39-ceef41c886ee,d9086a76-3421-44a4-b74f-8954f21eb742,5cbcd107-49ce-4e48-8a23-14aba245002a,2026-01-04 16:41:40.373581,2026-02-28 16:41:40.373581,Fraud Confirmed,Forget home upon actually future get know left sea decision recently pull eight.
94f45eb6-3628-40a5-86b9-7e101628ea68,6f3bd09f-01a3-4350-895e-d4afe937c37b,d56414fb-a3bf-451d-9869-bc1d55c37a97,2024-09-03 11:58:16.011132,2024-11-24 11:58:16.011132,False Positive,Whose place no generation debate world hard factor firm purpose ahead person coach.
1f7d5e1d-d0f0-41c3-9a3c-25f78000df90,73cdbc33-d4ce-4f2a-82b3-b11770b650e4,86be2e73-c1fb-46b4-88fe-0ca27d1fda27,2024-08-16 01:28:12.576526,,Fraud Confirmed,Indeed share seem exist season writer heart Mrs her we but.
6f49246f-97e5-46ed-bfef-3aecfb19679b,ebbb07ad-9da7-4cc7-b142-2c0fe514e7d0,33e1537f-5351-41c9-ac97-f017a0287a37,2025-10-14 01:23:43.294106,2025-12-19 01:23:43.294106,False Positive,Yeah number condition city since same husband impact.
afcb2be5-8b91-428e-9b7d-58939b737993,65b45efc-9304-4107-8098-e1355e4a49b8,06df9377-ea82-4cfc-a250-b9b10975fe28,2024-10-28 06:26:16.851485,2025-01-05 06:26:16.851485,Fraud Confirmed,Too everything side picture professional rather plan player maybe mouth different.
86ca1e4b-6e47-4a92-8309-d10130687fdd,9a6f9088-63d3-4be2-953c-3b6130ea9080,5348e339-764c-4238-a7ce-5491447d99ae,2025-03-31 23:24:52.683082,2025-05-10 23:24:52.683082,False Positive,Experience under church them hundred about stop several prevent raise better.
c524e307-90ff-43e3-a453-8a121604f563,4a2af51f-e97a-450b-b0a5-280b924b5179,8fddac96-615f-4de8-9bb7-680a1912870e,2025-08-10 00:58:39.881181,,Pending,Wind improve player peace catch people your outside rule watch foot.
0192f144-5d34-4665-bedf-4c0a417dabb3,c9981d82-a5e9-4ce0-9af8-80f21ce03511,0c59e1dd-35a4-4366-9732-57d4cb231b65,2025-09-02 08:59:52.599937,2025-09-17 08:59:52.599937,Fraud Confirmed,Personal range weight age over smile hope memory cover tree leader rich dream.
7b4fbd8d-1d92-4464-bad5-83101eb3374a,fecf6baa-0ff0-4b6f-8cfc-a64989581876,68cbcfe6-b20a-4b52-9e84-59b3c53a5582,2024-09-21 11:26:11.296419,2024-10-31 11:26:11.296419,False Positive,Follow fall thus debate leave each owner wrong.
9f6279fd-d5e7-46d7-afc3-687163faa02d,bcfc8450-b60d-4d6d-a280-3b304aa4dc6a,c08f3a43-1ce1-4a89-8e93-e2aee7856b30,2025-04-23 11:29:03.500209,,False Positive,Matter book page former turn city left while according allow quality.
e7e71e09-8fbe-442c-8981-420a812c43e3,9cc5b8df-bc40-43a2-8c55-30d86a396a05,f4d66614-fd77-4a02-b607-7709a6a4699c,2025-08-15 05:34:51.545458,,Pending,Television audience indicate employee respond building since positive move agency lose rise.
d196c497-5990-43e2-abeb-e15df7cac446,bd43fe0e-1524-42b7-aa42-d09711a4ad31,aa777ae6-870e-43be-8b9c-a051b1882e3e,2025-11-21 20:59:55.884767,2026-01-05 20:59:55.884767,Inconclusive,Stock rise always human until picture key skin billion suggest serious.
5daa0734-75f9-4c63-bb1c-70189ac63d2b,df396d81-077d-43ba-a771-a2df70a6dd03,1569b5ac-3706-4080-8058-eb4a913ba292,2024-12-10 01:56:09.033740,2025-01-01 01:56:09.033740,Inconclusive,Reveal hand prevent center during lot enough.
3109558f-f9ed-48c9-9df9-cf7052a825b6,e54aa5e0-1a84-4e61-9465-4f53c81a4af9,571fe3bc-abc4-4b8d-8d93-eb2f02f68317,2025-02-18 15:44:33.224489,2025-03-06 15:44:33.224489,Fraud Confirmed,Leader remember sell serious garden ready.
c66649e2-4297-4e64-a5f7-3e107ab31a84,a3a550ba-bd20-4f9a-9fd5-b3c59c0ad2e7,714b49f4-1c51-4f88-8c40-1962fe424f59,2025-05-12 04:20:55.354169,2025-06-24 04:20:55.354169,Inconclusive,Record nothing organization seven challenge eye determine he guy fact war.
37cfc967-68c7-45a5-9ba4-6d3b4205fba0,86ce8375-a3c8-4615-b767-2fc98007f002,48047850-7bc6-41cb-90f0-8e9f844a30ee,2024-08-11 04:47:31.339682,,Fraud Confirmed,Little key far season reason chair factor his PM.
d45a66bc-7048-48ad-89d9-0492994669a7,cc04efe7-115a-45f4-a2b4-f4cd6295a594,d82b51c5-78e5-4cf9-a6b4-4842ef391d45,2025-05-09 00:25:59.776752,2025-07-12 00:25:59.776752,Inconclusive,On chance activity hair meet thank might local.
24242a0f-ba80-4c4e-b033-e96ca00a248e,fbe8b3e4-d40d-4103-aff7-918a6dcd3a18,85d74402-c406-4df7-81de-9a2762e85076,2025-09-20 03:20:56.409977,2025-09-28 03:20:56.409977,False Positive,Popular onto may model her unit possible that lot low.
03e57cc1-b027-4be8-a25e-cef468c10001,0566c6ea-a706-40d0-be21-d65d6b1138b3,7385e06e-1796-42f6-a370-a0e1a1cb08f7,2024-08-30 10:12:05.180176,,Fraud Confirmed,Garden finally difference everything sing smile.
5291e22c-b6c9-4049-b486-2299ca508661,609a4f80-7f4a-45b7-b683-39e5cc0d9d51,1992e916-bf94-4421-baed-0222bc99e14b,2025-02-19 09:53:11.036532,2025-05-04 09:53:11.036532,Fraud Confirmed,Material notice police activity second standard skin together scientist hair.
77c34e1a-5845-45c7-819c-ce3ed515e6d9,26af23f0-80b2-4d55-b773-1b638c072ccb,3ebf1eb0-048c-4125-bfbb-89ffbe4d5d7f,2024-09-04 17:05:49.163350,2024-10-04 17:05:49.163350,Fraud Confirmed,Better forget attack network movement scientist their wife argue note easy eight school ready.
97e7d7d1-b961-42d7-9e7d-025728b12baa,ef82c208-51f3-4770-98e3-a866dc05fced,a45f730d-ce89-4b18-a4c7-ed6509a86f80,2025-11-20 11:01:32.245336,2025-11-26 11:01:32.245336,Fraud Confirmed,Direction response concern without entire everyone sea safe true.
