date_id,full_date,year,month,day,quarter,day_of_week,day_name,is_weekend,is_holiday
20150101,2015-01-01,2015,1,1,1,3,Thursday,False,False
20150102,2015-01-02,2015,1,2,1,4,Friday,False,False
20150103,2015-01-03,2015,1,3,1,5,Saturday,True,False
20150104,2015-01-04,2015,1,4,1,6,Sunday,True,False
20150105,2015-01-05,2015,1,5,1,0,Monday,False,False
20150106,2015-01-06,2015,1,6,1,1,Tuesday,False,False
20150107,2015-01-07,2015,1,7,1,2,Wednesday,False,False
20150108,2015-01-08,2015,1,8,1,3,Thursday,False,False
20150109,2015-01-09,2015,1,9,1,4,Friday,False,False
20150110,2015-01-10,2015,1,10,1,5,Saturday,True,False
20150111,2015-01-11,2015,1,11,1,6,Sunday,True,False
20150112,2015-01-12,2015,1,12,1,0,Monday,False,False
20150113,2015-01-13,2015,1,13,1,1,Tuesday,False,False
20150114,2015-01-14,2015,1,14,1,2,Wednesday,False,False
20150115,2015-01-15,2015,1,15,1,3,Thursday,False,False
20150116,2015-01-16,2015,1,16,1,4,Friday,False,False
20150117,2015-01-17,2015,1,17,1,5,Saturday,True,False
20150118,2015-01-18,2015,1,18,1,6,Sunday,True,False
20150119,2015-01-19,2015,1,19,1,0,Monday,False,False
20150120,2015-01-20,2015,1,20,1,1,Tuesday,False,False
20150121,2015-01-21,2015,1,21,1,2,Wednesday,False,False
20150122,2015-01-22,2015,1,22,1,3,Thursday,False,False
20150123,2015-01-23,2015,1,23,1,4,Friday,False,False
20150124,2015-01-24,2015,1,24,1,5,Saturday,True,False
20150125,2015-01-25,2015,1,25,1,6,Sunday,True,False
20150126,2015-01-26,2015,1,26,1,0,Monday,False,False
20150127,2015-01-27,2015,1,27,1,1,Tuesday,False,False
20150128,2015-01-28,2015,1,28,1,2,Wednesday,False,False
20150129,2015-01-29,2015,1,29,1,3,Thursday,False,False
20150130,2015-01-30,2015,1,30,1,4,Friday,False,False
20150131,2015-01-31,2015,1,31,1,5,Saturday,True,False
20150201,2015-02-01,2015,2,1,1,6,Sunday,True,False
20150202,2015-02-02,2015,2,2,1,0,Monday,False,False
20150203,2015-02-03,2015,2,3,1,1,Tuesday,False,False
20150204,2015-02-04,2015,2,4,1,2,Wednesday,False,False
20150205,2015-02-05,2015,2,5,1,3,Thursday,False,False
20150206,2015-02-06,2015,2,6,1,4,Friday,False,False
20150207,2015-02-07,2015,2,7,1,5,Saturday,True,False
20150208,2015-02-08,2015,2,8,1,6,Sunday,True,False
20150209,2015-02-09,2015,2,9,1,0,Monday,False,False
20150210,2015-02-10,2015,2,10,1,1,Tuesday,False,False
20150211,2015-02-11,2015,2,11,1,2,Wednesday,False,False
20150212,2015-02-12,2015,2,12,1,3,Thursday,False,False
20150213,2015-02-13,2015,2,13,1,4,Friday,False,False
20150214,2015-02-14,2015,2,14,1,5,Saturday,True,False
20150215,2015-02-15,2015,2,15,1,6,Sunday,True,False
20150216,2015-02-16,2015,2,16,1,0,Monday,False,False
20150217,2015-02-17,2015,2,17,1,1,Tuesday,False,False
20150218,2015-02-18,2015,2,18,1,2,Wednesday,False,False
20150219,2015-02-19,2015,2,19,1,3,Thursday,False,False
20150220,2015-02-20,2015,2,20,1,4,Friday,False,False
20150221,2015-02-21,2015,2,21,1,5,Saturday,True,False
20150222,2015-02-22,2015,2,22,1,6,Sunday,True,False
20150223,2015-02-23,2015,2,23,1,0,Monday,False,False
20150224,2015-02-24,2015,2,24,1,1,Tuesday,False,False
20150225,2015-02-25,2015,2,25,1,2,Wednesday,False,False
20150226,2015-02-26,2015,2,26,1,3,Thursday,False,False
20150227,2015-02-27,2015,2,27,1,4,Friday,False,False
20150228,2015-02-28,2015,2,28,1,5,Saturday,True,False
20150301,2015-03-01,2015,3,1,1,6,Sunday,True,False
20150302,2015-03-02,2015,3,2,1,0,Monday,False,False
20150303,2015-03-03,2015,3,3,1,1,Tuesday,False,False
20150304,2015-03-04,2015,3,4,1,2,Wednesday,False,False
20150305,2015-03-05,2015,3,5,1,3,Thursday,False,False
20150306,2015-03-06,2015,3,6,1,4,Friday,False,False
20150307,2015-03-07,2015,3,7,1,5,Saturday,True,False
20150308,2015-03-08,2015,3,8,1,6,Sunday,True,False
20150309,2015-03-09,2015,3,9,1,0,Monday,False,False
20150310,2015-03-10,2015,3,10,1,1,Tuesday,False,False
20150311,2015-03-11,2015,3,11,1,2,Wednesday,False,False
20150312,2015-03-12,2015,3,12,1,3,Thursday,False,False
20150313,2015-03-13,2015,3,13,1,4,Friday,False,False
20150314,2015-03-14,2015,3,14,1,5,Saturday,True,False
20150315,2015-03-15,2015,3,15,1,6,Sunday,True,False
20150316,2015-03-16,2015,3,16,1,0,Monday,False,False
20150317,2015-03-17,2015,3,17,1,1,Tuesday,False,False
20150318,2015-03-18,2015,3,18,1,2,Wednesday,False,False
20150319,2015-03-19,2015,3,19,1,3,Thursday,False,False
20150320,2015-03-20,2015,3,20,1,4,Friday,False,False
20150321,2015-03-21,2015,3,21,1,5,Saturday,True,False
20150322,2015-03-22,2015,3,22,1,6,Sunday,True,False
20150323,2015-03-23,2015,3,23,1,0,Monday,False,False
20150324,2015-03-24,2015,3,24,1,1,Tuesday,False,False
20150325,2015-03-25,2015,3,25,1,2,Wednesday,False,False
20150326,2015-03-26,2015,3,26,1,3,Thursday,False,False
20150327,2015-03-27,2015,3,27,1,4,Friday,False,False
20150328,2015-03-28,2015,3,28,1,5,Saturday,True,False
20150329,2015-03-29,2015,3,29,1,6,Sunday,True,False
20150330,2015-03-30,2015,3,30,1,0,Monday,False,False
20150331,2015-03-31,2015,3,31,1,1,Tuesday,False,False
20150401,2015-04-01,2015,4,1,2,2,Wednesday,False,False
20150402,2015-04-02,2015,4,2,2,3,Thursday,False,False
20150403,2015-04-03,2015,4,3,2,4,Friday,False,False
20150404,2015-04-04,2015,4,4,2,5,Saturday,True,False
20150405,2015-04-05,2015,4,5,2,6,Sunday,True,False
20150406,2015-04-06,2015,4,6,2,0,Monday,False,False
20150407,2015-04-07,2015,4,7,2,1,Tuesday,False,False
20150408,2015-04-08,2015,4,8,2,2,Wednesday,False,False
20150409,2015-04-09,2015,4,9,2,3,Thursday,False,False
20150410,2015-04-10,2015,4,10,2,4,Friday,False,False
20150411,2015-04-11,2015,4,11,2,5,Saturday,True,False
20150412,2015-04-12,2015,4,12,2,6,Sunday,True,False
20150413,2015-04-13,2015,4,13,2,0,Monday,False,False
20150414,2015-04-14,2015,4,14,2,1,Tuesday,False,False
20150415,2015-04-15,2015,4,15,2,2,Wednesday,False,False
20150416,2015-04-16,2015,4,16,2,3,Thursday,False,False
20150417,2015-04-17,2015,4,17,2,4,Friday,False,False
20150418,2015-04-18,2015,4,18,2,5,Saturday,True,False
20150419,2015-04-19,2015,4,19,2,6,Sunday,True,False
20150420,2015-04-20,2015,4,20,2,0,Monday,False,False
20150421,2015-04-21,2015,4,21,2,1,Tuesday,False,False
20150422,2015-04-22,2015,4,22,2,2,Wednesday,False,False
20150423,2015-04-23,2015,4,23,2,3,Thursday,False,False
20150424,2015-04-24,2015,4,24,2,4,Friday,False,False
20150425,2015-04-25,2015,4,25,2,5,Saturday,True,False
20150426,2015-04-26,2015,4,26,2,6,Sunday,True,False
20150427,2015-04-27,2015,4,27,2,0,Monday,False,False
20150428,2015-04-28,2015,4,28,2,1,Tuesday,False,False
20150429,2015-04-29,2015,4,29,2,2,Wednesday,False,False
20150430,2015-04-30,2015,4,30,2,3,Thursday,False,False
20150501,2015-05-01,2015,5,1,2,4,Friday,False,False
20150502,2015-05-02,2015,5,2,2,5,Saturday,True,False
20150503,2015-05-03,2015,5,3,2,6,Sunday,True,False
20150504,2015-05-04,2015,5,4,2,0,Monday,False,False
20150505,2015-05-05,2015,5,5,2,1,Tuesday,False,False
20150506,2015-05-06,2015,5,6,2,2,Wednesday,False,False
20150507,2015-05-07,2015,5,7,2,3,Thursday,False,False
20150508,2015-05-08,2015,5,8,2,4,Friday,False,False
20150509,2015-05-09,2015,5,9,2,5,Saturday,True,False
20150510,2015-05-10,2015,5,10,2,6,Sunday,True,False
20150511,2015-05-11,2015,5,11,2,0,Monday,False,False
20150512,2015-05-12,2015,5,12,2,1,Tuesday,False,False
20150513,2015-05-13,2015,5,13,2,2,Wednesday,False,False
20150514,2015-05-14,2015,5,14,2,3,Thursday,False,False
20150515,2015-05-15,2015,5,15,2,4,Friday,False,False
20150516,2015-05-16,2015,5,16,2,5,Saturday,True,False
20150517,2015-05-17,2015,5,17,2,6,Sunday,True,False
20150518,2015-05-18,2015,5,18,2,0,Monday,False,False
20150519,2015-05-19,2015,5,19,2,1,Tuesday,False,False
20150520,2015-05-20,2015,5,20,2,2,Wednesday,False,False
20150521,2015-05-21,2015,5,21,2,3,Thursday,False,False
20150522,2015-05-22,2015,5,22,2,4,Friday,False,False
20150523,2015-05-23,2015,5,23,2,5,Saturday,True,False
20150524,2015-05-24,2015,5,24,2,6,Sunday,True,False
20150525,2015-05-25,2015,5,25,2,0,Monday,False,False
20150526,2015-05-26,2015,5,26,2,1,Tuesday,False,False
20150527,2015-05-27,2015,5,27,2,2,Wednesday,False,False
20150528,2015-05-28,2015,5,28,2,3,Thursday,False,False
20150529,2015-05-29,2015,5,29,2,4,Friday,False,False
20150530,2015-05-30,2015,5,30,2,5,Saturday,True,False
20150531,2015-05-31,2015,5,31,2,6,Sunday,True,False
20150601,2015-06-01,2015,6,1,2,0,Monday,False,False
20150602,2015-06-02,2015,6,2,2,1,Tuesday,False,False
20150603,2015-06-03,2015,6,3,2,2,Wednesday,False,False
20150604,2015-06-04,2015,6,4,2,3,Thursday,False,False
20150605,2015-06-05,2015,6,5,2,4,Friday,False,False
20150606,2015-06-06,2015,6,6,2,5,Saturday,True,False
20150607,2015-06-07,2015,6,7,2,6,Sunday,True,False
20150608,2015-06-08,2015,6,8,2,0,Monday,False,False
20150609,2015-06-09,2015,6,9,2,1,Tuesday,False,False
20150610,2015-06-10,2015,6,10,2,2,Wednesday,False,False
20150611,2015-06-11,2015,6,11,2,3,Thursday,False,False
20150612,2015-06-12,2015,6,12,2,4,Friday,False,False
20150613,2015-06-13,2015,6,13,2,5,Saturday,True,False
20150614,2015-06-14,2015,6,14,2,6,Sunday,True,False
20150615,2015-06-15,2015,6,15,2,0,Monday,False,False
20150616,2015-06-16,2015,6,16,2,1,Tuesday,False,False
20150617,2015-06-17,2015,6,17,2,2,Wednesday,False,False
20150618,2015-06-18,2015,6,18,2,3,Thursday,False,False
20150619,2015-06-19,2015,6,19,2,4,Friday,False,False
20150620,2015-06-20,2015,6,20,2,5,Saturday,True,False
20150621,2015-06-21,2015,6,21,2,6,Sunday,True,False
20150622,2015-06-22,2015,6,22,2,0,Monday,False,False
20150623,2015-06-23,2015,6,23,2,1,Tuesday,False,False
20150624,2015-06-24,2015,6,24,2,2,Wednesday,False,False
20150625,2015-06-25,2015,6,25,2,3,Thursday,False,False
20150626,2015-06-26,2015,6,26,2,4,Friday,False,False
20150627,2015-06-27,2015,6,27,2,5,Saturday,True,False
20150628,2015-06-28,2015,6,28,2,6,Sunday,True,False
20150629,2015-06-29,2015,6,29,2,0,Monday,False,False
20150630,2015-06-30,2015,6,30,2,1,Tuesday,False,False
20150701,2015-07-01,2015,7,1,3,2,Wednesday,False,False
20150702,2015-07-02,2015,7,2,3,3,Thursday,False,False
20150703,2015-07-03,2015,7,3,3,4,Friday,False,False
20150704,2015-07-04,2015,7,4,3,5,Saturday,True,False
20150705,2015-07-05,2015,7,5,3,6,Sunday,True,False
20150706,2015-07-06,2015,7,6,3,0,Monday,False,False
20150707,2015-07-07,2015,7,7,3,1,Tuesday,False,False
20150708,2015-07-08,2015,7,8,3,2,Wednesday,False,False
20150709,2015-07-09,2015,7,9,3,3,Thursday,False,False
20150710,2015-07-10,2015,7,10,3,4,Friday,False,False
20150711,2015-07-11,2015,7,11,3,5,Saturday,True,False
20150712,2015-07-12,2015,7,12,3,6,Sunday,True,False
20150713,2015-07-13,2015,7,13,3,0,Monday,False,False
20150714,2015-07-14,2015,7,14,3,1,Tuesday,False,False
20150715,2015-07-15,2015,7,15,3,2,Wednesday,False,False
20150716,2015-07-16,2015,7,16,3,3,Thursday,False,False
20150717,2015-07-17,2015,7,17,3,4,Friday,False,False
20150718,2015-07-18,2015,7,18,3,5,Saturday,True,False
20150719,2015-07-19,2015,7,19,3,6,Sunday,True,False
20150720,2015-07-20,2015,7,20,3,0,Monday,False,False
20150721,2015-07-21,2015,7,21,3,1,Tuesday,False,False
20150722,2015-07-22,2015,7,22,3,2,Wednesday,False,False
20150723,2015-07-23,2015,7,23,3,3,Thursday,False,False
20150724,2015-07-24,2015,7,24,3,4,Friday,False,False
20150725,2015-07-25,2015,7,25,3,5,Saturday,True,False
20150726,2015-07-26,2015,7,26,3,6,Sunday,True,False
20150727,2015-07-27,2015,7,27,3,0,Monday,False,False
20150728,2015-07-28,2015,7,28,3,1,Tuesday,False,False
20150729,2015-07-29,2015,7,29,3,2,Wednesday,False,False
20150730,2015-07-30,2015,7,30,3,3,Thursday,False,False
20150731,2015-07-31,2015,7,31,3,4,Friday,False,False
20150801,2015-08-01,2015,8,1,3,5,Saturday,True,False
20150802,2015-08-02,2015,8,2,3,6,Sunday,True,False
20150803,2015-08-03,2015,8,3,3,0,Monday,False,False
20150804,2015-08-04,2015,8,4,3,1,Tuesday,False,False
20150805,2015-08-05,2015,8,5,3,2,Wednesday,False,False
20150806,2015-08-06,2015,8,6,3,3,Thursday,False,False
20150807,2015-08-07,2015,8,7,3,4,Friday,False,False
20150808,2015-08-08,2015,8,8,3,5,Saturday,True,False
20150809,2015-08-09,2015,8,9,3,6,Sunday,True,False
20150810,2015-08-10,2015,8,10,3,0,Monday,False,False
20150811,2015-08-11,2015,8,11,3,1,Tuesday,False,False
20150812,2015-08-12,2015,8,12,3,2,Wednesday,False,False
20150813,2015-08-13,2015,8,13,3,3,Thursday,False,False
20150814,2015-08-14,2015,8,14,3,4,Friday,False,False
20150815,2015-08-15,2015,8,15,3,5,Saturday,True,False
20150816,2015-08-16,2015,8,16,3,6,Sunday,True,False
20150817,2015-08-17,2015,8,17,3,0,Monday,False,False
20150818,2015-08-18,2015,8,18,3,1,Tuesday,False,False
20150819,2015-08-19,2015,8,19,3,2,Wednesday,False,False
20150820,2015-08-20,2015,8,20,3,3,Thursday,False,False
20150821,2015-08-21,2015,8,21,3,4,Friday,False,False
20150822,2015-08-22,2015,8,22,3,5,Saturday,True,False
20150823,2015-08-23,2015,8,23,3,6,Sunday,True,False
20150824,2015-08-24,2015,8,24,3,0,Monday,False,False
20150825,2015-08-25,2015,8,25,3,1,Tuesday,False,False
20150826,2015-08-26,2015,8,26,3,2,Wednesday,False,False
20150827,2015-08-27,2015,8,27,3,3,Thursday,False,False
20150828,2015-08-28,2015,8,28,3,4,Friday,False,False
20150829,2015-08-29,2015,8,29,3,5,Saturday,True,False
20150830,2015-08-30,2015,8,30,3,6,Sunday,True,False
20150831,2015-08-31,2015,8,31,3,0,Monday,False,False
20150901,2015-09-01,2015,9,1,3,1,Tuesday,False,False
20150902,2015-09-02,2015,9,2,3,2,Wednesday,False,False
20150903,2015-09-03,2015,9,3,3,3,Thursday,False,False
20150904,2015-09-04,2015,9,4,3,4,Friday,False,False
20150905,2015-09-05,2015,9,5,3,5,Saturday,True,False
20150906,2015-09-06,2015,9,6,3,6,Sunday,True,False
20150907,2015-09-07,2015,9,7,3,0,Monday,False,False
20150908,2015-09-08,2015,9,8,3,1,Tuesday,False,False
20150909,2015-09-09,2015,9,9,3,2,Wednesday,False,False
20150910,2015-09-10,2015,9,10,3,3,Thursday,False,False
20150911,2015-09-11,2015,9,11,3,4,Friday,False,False
20150912,2015-09-12,2015,9,12,3,5,Saturday,True,False
20150913,2015-09-13,2015,9,13,3,6,Sunday,True,False
20150914,2015-09-14,2015,9,14,3,0,Monday,False,False
20150915,2015-09-15,2015,9,15,3,1,Tuesday,False,False
20150916,2015-09-16,2015,9,16,3,2,Wednesday,False,False
20150917,2015-09-17,2015,9,17,3,3,Thursday,False,False
20150918,2015-09-18,2015,9,18,3,4,Friday,False,False
20150919,2015-09-19,2015,9,19,3,5,Saturday,True,False
20150920,2015-09-20,2015,9,20,3,6,Sunday,True,False
20150921,2015-09-21,2015,9,21,3,0,Monday,False,False
20150922,2015-09-22,2015,9,22,3,1,Tuesday,False,False
20150923,2015-09-23,2015,9,23,3,2,Wednesday,False,False
20150924,2015-09-24,2015,9,24,3,3,Thursday,False,False
20150925,2015-09-25,2015,9,25,3,4,Friday,False,False
20150926,2015-09-26,2015,9,26,3,5,Saturday,True,False
20150927,2015-09-27,2015,9,27,3,6,Sunday,True,False
20150928,2015-09-28,2015,9,28,3,0,Monday,False,False
20150929,2015-09-29,2015,9,29,3,1,Tuesday,False,False
20150930,2015-09-30,2015,9,30,3,2,Wednesday,False,False
20151001,2015-10-01,2015,10,1,4,3,Thursday,False,False
20151002,2015-10-02,2015,10,2,4,4,Friday,False,False
20151003,2015-10-03,2015,10,3,4,5,Saturday,True,False
20151004,2015-10-04,2015,10,4,4,6,Sunday,True,False
20151005,2015-10-05,2015,10,5,4,0,Monday,False,False
20151006,2015-10-06,2015,10,6,4,1,Tuesday,False,False
20151007,2015-10-07,2015,10,7,4,2,Wednesday,False,False
20151008,2015-10-08,2015,10,8,4,3,Thursday,False,False
20151009,2015-10-09,2015,10,9,4,4,Friday,False,False
20151010,2015-10-10,2015,10,10,4,5,Saturday,True,False
20151011,2015-10-11,2015,10,11,4,6,Sunday,True,False
20151012,2015-10-12,2015,10,12,4,0,Monday,False,False
20151013,2015-10-13,2015,10,13,4,1,Tuesday,False,False
20151014,2015-10-14,2015,10,14,4,2,Wednesday,False,False
20151015,2015-10-15,2015,10,15,4,3,Thursday,False,False
20151016,2015-10-16,2015,10,16,4,4,Friday,False,False
20151017,2015-10-17,2015,10,17,4,5,Saturday,True,False
20151018,2015-10-18,2015,10,18,4,6,Sunday,True,False
20151019,2015-10-19,2015,10,19,4,0,Monday,False,False
20151020,2015-10-20,2015,10,20,4,1,Tuesday,False,False
20151021,2015-10-21,2015,10,21,4,2,Wednesday,False,False
20151022,2015-10-22,2015,10,22,4,3,Thursday,False,False
20151023,2015-10-23,2015,10,23,4,4,Friday,False,False
20151024,2015-10-24,2015,10,24,4,5,Saturday,True,False
20151025,2015-10-25,2015,10,25,4,6,Sunday,True,False
20151026,2015-10-26,2015,10,26,4,0,Monday,False,False
20151027,2015-10-27,2015,10,27,4,1,Tuesday,False,False
20151028,2015-10-28,2015,10,28,4,2,Wednesday,False,False
20151029,2015-10-29,2015,10,29,4,3,Thursday,False,False
20151030,2015-10-30,2015,10,30,4,4,Friday,False,False
20151031,2015-10-31,2015,10,31,4,5,Saturday,True,False
20151101,2015-11-01,2015,11,1,4,6,Sunday,True,False
20151102,2015-11-02,2015,11,2,4,0,Monday,False,False
20151103,2015-11-03,2015,11,3,4,1,Tuesday,False,False
20151104,2015-11-04,2015,11,4,4,2,Wednesday,False,False
20151105,2015-11-05,2015,11,5,4,3,Thursday,False,False
20151106,2015-11-06,2015,11,6,4,4,Friday,False,False
20151107,2015-11-07,2015,11,7,4,5,Saturday,True,False
20151108,2015-11-08,2015,11,8,4,6,Sunday,True,False
20151109,2015-11-09,2015,11,9,4,0,Monday,False,False
20151110,2015-11-10,2015,11,10,4,1,Tuesday,False,False
20151111,2015-11-11,2015,11,11,4,2,Wednesday,False,False
20151112,2015-11-12,2015,11,12,4,3,Thursday,False,False
20151113,2015-11-13,2015,11,13,4,4,Friday,False,False
20151114,2015-11-14,2015,11,14,4,5,Saturday,True,False
20151115,2015-11-15,2015,11,15,4,6,Sunday,True,False
20151116,2015-11-16,2015,11,16,4,0,Monday,False,False
20151117,2015-11-17,2015,11,17,4,1,Tuesday,False,False
20151118,2015-11-18,2015,11,18,4,2,Wednesday,False,False
20151119,2015-11-19,2015,11,19,4,3,Thursday,False,False
20151120,2015-11-20,2015,11,20,4,4,Friday,False,False
20151121,2015-11-21,2015,11,21,4,5,Saturday,True,False
20151122,2015-11-22,2015,11,22,4,6,Sunday,True,False
20151123,2015-11-23,2015,11,23,4,0,Monday,False,False
20151124,2015-11-24,2015,11,24,4,1,Tuesday,False,False
20151125,2015-11-25,2015,11,25,4,2,Wednesday,False,False
20151126,2015-11-26,2015,11,26,4,3,Thursday,False,False
20151127,2015-11-27,2015,11,27,4,4,Friday,False,False
20151128,2015-11-28,2015,11,28,4,5,Saturday,True,False
20151129,2015-11-29,2015,11,29,4,6,Sunday,True,False
20151130,2015-11-30,2015,11,30,4,0,Monday,False,False
20151201,2015-12-01,2015,12,1,4,1,Tuesday,False,False
20151202,2015-12-02,2015,12,2,4,2,Wednesday,False,False
20151203,2015-12-03,2015,12,3,4,3,Thursday,False,False
20151204,2015-12-04,2015,12,4,4,4,Friday,False,False
20151205,2015-12-05,2015,12,5,4,5,Saturday,True,False
20151206,2015-12-06,2015,12,6,4,6,Sunday,True,False
20151207,2015-12-07,2015,12,7,4,0,Monday,False,False
20151208,2015-12-08,2015,12,8,4,1,Tuesday,False,False
20151209,2015-12-09,2015,12,9,4,2,Wednesday,False,False
20151210,2015-12-10,2015,12,10,4,3,Thursday,False,False
20151211,2015-12-11,2015,12,11,4,4,Friday,False,False
20151212,2015-12-12,2015,12,12,4,5,Saturday,True,False
20151213,2015-12-13,2015,12,13,4,6,Sunday,True,False
20151214,2015-12-14,2015,12,14,4,0,Monday,False,False
20151215,2015-12-15,2015,12,15,4,1,Tuesday,False,False
20151216,2015-12-16,2015,12,16,4,2,Wednesday,False,False
20151217,2015-12-17,2015,12,17,4,3,Thursday,False,False
20151218,2015-12-18,2015,12,18,4,4,Friday,False,False
20151219,2015-12-19,2015,12,19,4,5,Saturday,True,False
20151220,2015-12-20,2015,12,20,4,6,Sunday,True,False
20151221,2015-12-21,2015,12,21,4,0,Monday,False,False
20151222,2015-12-22,2015,12,22,4,1,Tuesday,False,False
20151223,2015-12-23,2015,12,23,4,2,Wednesday,False,False
20151224,2015-12-24,2015,12,24,4,3,Thursday,False,False
20151225,2015-12-25,2015,12,25,4,4,Friday,False,False
20151226,2015-12-26,2015,12,26,4,5,Saturday,True,False
20151227,2015-12-27,2015,12,27,4,6,Sunday,True,False
20151228,2015-12-28,2015,12,28,4,0,Monday,False,False
20151229,2015-12-29,2015,12,29,4,1,Tuesday,False,False
20151230,2015-12-30,2015,12,30,4,2,Wednesday,False,False
20151231,2015-12-31,2015,12,31,4,3,Thursday,False,False
20160101,2016-01-01,2016,1,1,1,4,Friday,False,False
20160102,2016-01-02,2016,1,2,1,5,Saturday,True,False
20160103,2016-01-03,2016,1,3,1,6,Sunday,True,False
20160104,2016-01-04,2016,1,4,1,0,Monday,False,False
20160105,2016-01-05,2016,1,5,1,1,Tuesday,False,False
20160106,2016-01-06,2016,1,6,1,2,Wednesday,False,False
20160107,2016-01-07,2016,1,7,1,3,Thursday,False,False
20160108,2016-01-08,2016,1,8,1,4,Friday,False,False
20160109,2016-01-09,2016,1,9,1,5,Saturday,True,False
20160110,2016-01-10,2016,1,10,1,6,Sunday,True,False
20160111,2016-01-11,2016,1,11,1,0,Monday,False,False
20160112,2016-01-12,2016,1,12,1,1,Tuesday,False,False
20160113,2016-01-13,2016,1,13,1,2,Wednesday,False,False
20160114,2016-01-14,2016,1,14,1,3,Thursday,False,False
20160115,2016-01-15,2016,1,15,1,4,Friday,False,False
20160116,2016-01-16,2016,1,16,1,5,Saturday,True,False
20160117,2016-01-17,2016,1,17,1,6,Sunday,True,False
20160118,2016-01-18,2016,1,18,1,0,Monday,False,False
20160119,2016-01-19,2016,1,19,1,1,Tuesday,False,False
20160120,2016-01-20,2016,1,20,1,2,Wednesday,False,False
20160121,2016-01-21,2016,1,21,1,3,Thursday,False,False
20160122,2016-01-22,2016,1,22,1,4,Friday,False,False
20160123,2016-01-23,2016,1,23,1,5,Saturday,True,False
20160124,2016-01-24,2016,1,24,1,6,Sunday,True,False
20160125,2016-01-25,2016,1,25,1,0,Monday,False,False
20160126,2016-01-26,2016,1,26,1,1,Tuesday,False,False
20160127,2016-01-27,2016,1,27,1,2,Wednesday,False,False
20160128,2016-01-28,2016,1,28,1,3,Thursday,False,False
20160129,2016-01-29,2016,1,29,1,4,Friday,False,False
20160130,2016-01-30,2016,1,30,1,5,Saturday,True,False
20160131,2016-01-31,2016,1,31,1,6,Sunday,True,False
20160201,2016-02-01,2016,2,1,1,0,Monday,False,False
20160202,2016-02-02,2016,2,2,1,1,Tuesday,False,False
20160203,2016-02-03,2016,2,3,1,2,Wednesday,False,False
20160204,2016-02-04,2016,2,4,1,3,Thursday,False,False
20160205,2016-02-05,2016,2,5,1,4,Friday,False,False
20160206,2016-02-06,2016,2,6,1,5,Saturday,True,False
20160207,2016-02-07,2016,2,7,1,6,Sunday,True,False
20160208,2016-02-08,2016,2,8,1,0,Monday,False,False
20160209,2016-02-09,2016,2,9,1,1,Tuesday,False,False
20160210,2016-02-10,2016,2,10,1,2,Wednesday,False,False
20160211,2016-02-11,2016,2,11,1,3,Thursday,False,False
20160212,2016-02-12,2016,2,12,1,4,Friday,False,False
20160213,2016-02-13,2016,2,13,1,5,Saturday,True,False
20160214,2016-02-14,2016,2,14,1,6,Sunday,True,False
20160215,2016-02-15,2016,2,15,1,0,Monday,False,False
20160216,2016-02-16,2016,2,16,1,1,Tuesday,False,False
20160217,2016-02-17,2016,2,17,1,2,Wednesday,False,False
20160218,2016-02-18,2016,2,18,1,3,Thursday,False,False
20160219,2016-02-19,2016,2,19,1,4,Friday,False,False
20160220,2016-02-20,2016,2,20,1,5,Saturday,True,False
20160221,2016-02-21,2016,2,21,1,6,Sunday,True,False
20160222,2016-02-22,2016,2,22,1,0,Monday,False,False
20160223,2016-02-23,2016,2,23,1,1,Tuesday,False,False
20160224,2016-02-24,2016,2,24,1,2,Wednesday,False,False
20160225,2016-02-25,2016,2,25,1,3,Thursday,False,False
20160226,2016-02-26,2016,2,26,1,4,Friday,False,False
20160227,2016-02-27,2016,2,27,1,5,Saturday,True,False
20160228,2016-02-28,2016,2,28,1,6,Sunday,True,False
20160229,2016-02-29,2016,2,29,1,0,Monday,False,False
20160301,2016-03-01,2016,3,1,1,1,Tuesday,False,False
20160302,2016-03-02,2016,3,2,1,2,Wednesday,False,False
20160303,2016-03-03,2016,3,3,1,3,Thursday,False,False
20160304,2016-03-04,2016,3,4,1,4,Friday,False,False
20160305,2016-03-05,2016,3,5,1,5,Saturday,True,False
20160306,2016-03-06,2016,3,6,1,6,Sunday,True,False
20160307,2016-03-07,2016,3,7,1,0,Monday,False,False
20160308,2016-03-08,2016,3,8,1,1,Tuesday,False,False
20160309,2016-03-09,2016,3,9,1,2,Wednesday,False,False
20160310,2016-03-10,2016,3,10,1,3,Thursday,False,False
20160311,2016-03-11,2016,3,11,1,4,Friday,False,False
20160312,2016-03-12,2016,3,12,1,5,Saturday,True,False
20160313,2016-03-13,2016,3,13,1,6,Sunday,True,False
20160314,2016-03-14,2016,3,14,1,0,Monday,False,False
20160315,2016-03-15,2016,3,15,1,1,Tuesday,False,False
20160316,2016-03-16,2016,3,16,1,2,Wednesday,False,False
20160317,2016-03-17,2016,3,17,1,3,Thursday,False,False
20160318,2016-03-18,2016,3,18,1,4,Friday,False,False
20160319,2016-03-19,2016,3,19,1,5,Saturday,True,False
20160320,2016-03-20,2016,3,20,1,6,Sunday,True,False
20160321,2016-03-21,2016,3,21,1,0,Monday,False,False
20160322,2016-03-22,2016,3,22,1,1,Tuesday,False,False
20160323,2016-03-23,2016,3,23,1,2,Wednesday,False,False
20160324,2016-03-24,2016,3,24,1,3,Thursday,False,False
20160325,2016-03-25,2016,3,25,1,4,Friday,False,False
20160326,2016-03-26,2016,3,26,1,5,Saturday,True,False
20160327,2016-03-27,2016,3,27,1,6,Sunday,True,False
20160328,2016-03-28,2016,3,28,1,0,Monday,False,False
20160329,2016-03-29,2016,3,29,1,1,Tuesday,False,False
20160330,2016-03-30,2016,3,30,1,2,Wednesday,False,False
20160331,2016-03-31,2016,3,31,1,3,Thursday,False,False
20160401,2016-04-01,2016,4,1,2,4,Friday,False,False
20160402,2016-04-02,2016,4,2,2,5,Saturday,True,False
20160403,2016-04-03,2016,4,3,2,6,Sunday,True,False
20160404,2016-04-04,2016,4,4,2,0,Monday,False,False
20160405,2016-04-05,2016,4,5,2,1,Tuesday,False,False
20160406,2016-04-06,2016,4,6,2,2,Wednesday,False,False
20160407,2016-04-07,2016,4,7,2,3,Thursday,False,False
20160408,2016-04-08,2016,4,8,2,4,Friday,False,False
20160409,2016-04-09,2016,4,9,2,5,Saturday,True,False
20160410,2016-04-10,2016,4,10,2,6,Sunday,True,False
20160411,2016-04-11,2016,4,11,2,0,Monday,False,False
20160412,2016-04-12,2016,4,12,2,1,Tuesday,False,False
20160413,2016-04-13,2016,4,13,2,2,Wednesday,False,False
20160414,2016-04-14,2016,4,14,2,3,Thursday,False,False
20160415,2016-04-15,2016,4,15,2,4,Friday,False,False
20160416,2016-04-16,2016,4,16,2,5,Saturday,True,False
20160417,2016-04-17,2016,4,17,2,6,Sunday,True,False
20160418,2016-04-18,2016,4,18,2,0,Monday,False,False
20160419,2016-04-19,2016,4,19,2,1,Tuesday,False,False
20160420,2016-04-20,2016,4,20,2,2,Wednesday,False,False
20160421,2016-04-21,2016,4,21,2,3,Thursday,False,False
20160422,2016-04-22,2016,4,22,2,4,Friday,False,False
20160423,2016-04-23,2016,4,23,2,5,Saturday,True,False
20160424,2016-04-24,2016,4,24,2,6,Sunday,True,False
20160425,2016-04-25,2016,4,25,2,0,Monday,False,False
20160426,2016-04-26,2016,4,26,2,1,Tuesday,False,False
20160427,2016-04-27,2016,4,27,2,2,Wednesday,False,False
20160428,2016-04-28,2016,4,28,2,3,Thursday,False,False
20160429,2016-04-29,2016,4,29,2,4,Friday,False,False
20160430,2016-04-30,2016,4,30,2,5,Saturday,True,False
20160501,2016-05-01,2016,5,1,2,6,Sunday,True,False
20160502,2016-05-02,2016,5,2,2,0,Monday,False,False
20160503,2016-05-03,2016,5,3,2,1,Tuesday,False,False
20160504,2016-05-04,2016,5,4,2,2,Wednesday,False,False
20160505,2016-05-05,2016,5,5,2,3,Thursday,False,False
20160506,2016-05-06,2016,5,6,2,4,Friday,False,False
20160507,2016-05-07,2016,5,7,2,5,Saturday,True,False
20160508,2016-05-08,2016,5,8,2,6,Sunday,True,False
20160509,2016-05-09,2016,5,9,2,0,Monday,False,False
20160510,2016-05-10,2016,5,10,2,1,Tuesday,False,False
20160511,2016-05-11,2016,5,11,2,2,Wednesday,False,False
20160512,2016-05-12,2016,5,12,2,3,Thursday,False,False
20160513,2016-05-13,2016,5,13,2,4,Friday,False,False
20160514,2016-05-14,2016,5,14,2,5,Saturday,True,False
20160515,2016-05-15,2016,5,15,2,6,Sunday,True,False
20160516,2016-05-16,2016,5,16,2,0,Monday,False,False
20160517,2016-05-17,2016,5,17,2,1,Tuesday,False,False
20160518,2016-05-18,2016,5,18,2,2,Wednesday,False,False
20160519,2016-05-19,2016,5,19,2,3,Thursday,False,False
20160520,2016-05-20,2016,5,20,2,4,Friday,False,False
20160521,2016-05-21,2016,5,21,2,5,Saturday,True,False
20160522,2016-05-22,2016,5,22,2,6,Sunday,True,False
20160523,2016-05-23,2016,5,23,2,0,Monday,False,False
20160524,2016-05-24,2016,5,24,2,1,Tuesday,False,False
20160525,2016-05-25,2016,5,25,2,2,Wednesday,False,False
20160526,2016-05-26,2016,5,26,2,3,Thursday,False,False
20160527,2016-05-27,2016,5,27,2,4,Friday,False,False
20160528,2016-05-28,2016,5,28,2,5,Saturday,True,False
20160529,2016-05-29,2016,5,29,2,6,Sunday,True,False
20160530,2016-05-30,2016,5,30,2,0,Monday,False,False
20160531,2016-05-31,2016,5,31,2,1,Tuesday,False,False
20160601,2016-06-01,2016,6,1,2,2,Wednesday,False,False
20160602,2016-06-02,2016,6,2,2,3,Thursday,False,False
20160603,2016-06-03,2016,6,3,2,4,Friday,False,False
20160604,2016-06-04,2016,6,4,2,5,Saturday,True,False
20160605,2016-06-05,2016,6,5,2,6,Sunday,True,False
20160606,2016-06-06,2016,6,6,2,0,Monday,False,False
20160607,2016-06-07,2016,6,7,2,1,Tuesday,False,False
20160608,2016-06-08,2016,6,8,2,2,Wednesday,False,False
20160609,2016-06-09,2016,6,9,2,3,Thursday,False,False
20160610,2016-06-10,2016,6,10,2,4,Friday,False,False
20160611,2016-06-11,2016,6,11,2,5,Saturday,True,False
20160612,2016-06-12,2016,6,12,2,6,Sunday,True,False
20160613,2016-06-13,2016,6,13,2,0,Monday,False,False
20160614,2016-06-14,2016,6,14,2,1,Tuesday,False,False
20160615,2016-06-15,2016,6,15,2,2,Wednesday,False,False
20160616,2016-06-16,2016,6,16,2,3,Thursday,False,False
20160617,2016-06-17,2016,6,17,2,4,Friday,False,False
20160618,2016-06-18,2016,6,18,2,5,Saturday,True,False
20160619,2016-06-19,2016,6,19,2,6,Sunday,True,False
20160620,2016-06-20,2016,6,20,2,0,Monday,False,False
20160621,2016-06-21,2016,6,21,2,1,Tuesday,False,False
20160622,2016-06-22,2016,6,22,2,2,Wednesday,False,False
20160623,2016-06-23,2016,6,23,2,3,Thursday,False,False
20160624,2016-06-24,2016,6,24,2,4,Friday,False,False
20160625,2016-06-25,2016,6,25,2,5,Saturday,True,False
20160626,2016-06-26,2016,6,26,2,6,Sunday,True,False
20160627,2016-06-27,2016,6,27,2,0,Monday,False,False
20160628,2016-06-28,2016,6,28,2,1,Tuesday,False,False
20160629,2016-06-29,2016,6,29,2,2,Wednesday,False,False
20160630,2016-06-30,2016,6,30,2,3,Thursday,False,False
20160701,2016-07-01,2016,7,1,3,4,Friday,False,False
20160702,2016-07-02,2016,7,2,3,5,Saturday,True,False
20160703,2016-07-03,2016,7,3,3,6,Sunday,True,False
20160704,2016-07-04,2016,7,4,3,0,Monday,False,False
20160705,2016-07-05,2016,7,5,3,1,Tuesday,False,False
20160706,2016-07-06,2016,7,6,3,2,Wednesday,False,False
20160707,2016-07-07,2016,7,7,3,3,Thursday,False,False
20160708,2016-07-08,2016,7,8,3,4,Friday,False,False
20160709,2016-07-09,2016,7,9,3,5,Saturday,True,False
20160710,2016-07-10,2016,7,10,3,6,Sunday,True,False
20160711,2016-07-11,2016,7,11,3,0,Monday,False,False
20160712,2016-07-12,2016,7,12,3,1,Tuesday,False,False
20160713,2016-07-13,2016,7,13,3,2,Wednesday,False,False
20160714,2016-07-14,2016,7,14,3,3,Thursday,False,False
20160715,2016-07-15,2016,7,15,3,4,Friday,False,False
20160716,2016-07-16,2016,7,16,3,5,Saturday,True,False
20160717,2016-07-17,2016,7,17,3,6,Sunday,True,False
20160718,2016-07-18,2016,7,18,3,0,Monday,False,False
20160719,2016-07-19,2016,7,19,3,1,Tuesday,False,False
20160720,2016-07-20,2016,7,20,3,2,Wednesday,False,False
20160721,2016-07-21,2016,7,21,3,3,Thursday,False,False
20160722,2016-07-22,2016,7,22,3,4,Friday,False,False
20160723,2016-07-23,2016,7,23,3,5,Saturday,True,False
20160724,2016-07-24,2016,7,24,3,6,Sunday,True,False
20160725,2016-07-25,2016,7,25,3,0,Monday,False,False
20160726,2016-07-26,2016,7,26,3,1,Tuesday,False,False
20160727,2016-07-27,2016,7,27,3,2,Wednesday,False,False
20160728,2016-07-28,2016,7,28,3,3,Thursday,False,False
20160729,2016-07-29,2016,7,29,3,4,Friday,False,False
20160730,2016-07-30,2016,7,30,3,5,Saturday,True,False
20160731,2016-07-31,2016,7,31,3,6,Sunday,True,False
20160801,2016-08-01,2016,8,1,3,0,Monday,False,False
20160802,2016-08-02,2016,8,2,3,1,Tuesday,False,False
20160803,2016-08-03,2016,8,3,3,2,Wednesday,False,False
20160804,2016-08-04,2016,8,4,3,3,Thursday,False,False
20160805,2016-08-05,2016,8,5,3,4,Friday,False,False
20160806,2016-08-06,2016,8,6,3,5,Saturday,True,False
20160807,2016-08-07,2016,8,7,3,6,Sunday,True,False
20160808,2016-08-08,2016,8,8,3,0,Monday,False,False
20160809,2016-08-09,2016,8,9,3,1,Tuesday,False,False
20160810,2016-08-10,2016,8,10,3,2,Wednesday,False,False
20160811,2016-08-11,2016,8,11,3,3,Thursday,False,False
20160812,2016-08-12,2016,8,12,3,4,Friday,False,False
20160813,2016-08-13,2016,8,13,3,5,Saturday,True,False
20160814,2016-08-14,2016,8,14,3,6,Sunday,True,False
20160815,2016-08-15,2016,8,15,3,0,Monday,False,False
20160816,2016-08-16,2016,8,16,3,1,Tuesday,False,False
20160817,2016-08-17,2016,8,17,3,2,Wednesday,False,False
20160818,2016-08-18,2016,8,18,3,3,Thursday,False,False
20160819,2016-08-19,2016,8,19,3,4,Friday,False,False
20160820,2016-08-20,2016,8,20,3,5,Saturday,True,False
20160821,2016-08-21,2016,8,21,3,6,Sunday,True,False
20160822,2016-08-22,2016,8,22,3,0,Monday,False,False
20160823,2016-08-23,2016,8,23,3,1,Tuesday,False,False
20160824,2016-08-24,2016,8,24,3,2,Wednesday,False,False
20160825,2016-08-25,2016,8,25,3,3,Thursday,False,False
20160826,2016-08-26,2016,8,26,3,4,Friday,False,False
20160827,2016-08-27,2016,8,27,3,5,Saturday,True,False
20160828,2016-08-28,2016,8,28,3,6,Sunday,True,False
20160829,2016-08-29,2016,8,29,3,0,Monday,False,False
20160830,2016-08-30,2016,8,30,3,1,Tuesday,False,False
20160831,2016-08-31,2016,8,31,3,2,Wednesday,False,False
20160901,2016-09-01,2016,9,1,3,3,Thursday,False,False
20160902,2016-09-02,2016,9,2,3,4,Friday,False,False
20160903,2016-09-03,2016,9,3,3,5,Saturday,True,False
20160904,2016-09-04,2016,9,4,3,6,Sunday,True,False
20160905,2016-09-05,2016,9,5,3,0,Monday,False,False
20160906,2016-09-06,2016,9,6,3,1,Tuesday,False,False
20160907,2016-09-07,2016,9,7,3,2,Wednesday,False,False
20160908,2016-09-08,2016,9,8,3,3,Thursday,False,False
20160909,2016-09-09,2016,9,9,3,4,Friday,False,False
20160910,2016-09-10,2016,9,10,3,5,Saturday,True,False
20160911,2016-09-11,2016,9,11,3,6,Sunday,True,False
20160912,2016-09-12,2016,9,12,3,0,Monday,False,False
20160913,2016-09-13,2016,9,13,3,1,Tuesday,False,False
20160914,2016-09-14,2016,9,14,3,2,Wednesday,False,False
20160915,2016-09-15,2016,9,15,3,3,Thursday,False,False
20160916,2016-09-16,2016,9,16,3,4,Friday,False,False
20160917,2016-09-17,2016,9,17,3,5,Saturday,True,False
20160918,2016-09-18,2016,9,18,3,6,Sunday,True,False
20160919,2016-09-19,2016,9,19,3,0,Monday,False,False
20160920,2016-09-20,2016,9,20,3,1,Tuesday,False,False
20160921,2016-09-21,2016,9,21,3,2,Wednesday,False,False
20160922,2016-09-22,2016,9,22,3,3,Thursday,False,False
20160923,2016-09-23,2016,9,23,3,4,Friday,False,False
20160924,2016-09-24,2016,9,24,3,5,Saturday,True,False
20160925,2016-09-25,2016,9,25,3,6,Sunday,True,False
20160926,2016-09-26,2016,9,26,3,0,Monday,False,False
20160927,2016-09-27,2016,9,27,3,1,Tuesday,False,False
20160928,2016-09-28,2016,9,28,3,2,Wednesday,False,False
20160929,2016-09-29,2016,9,29,3,3,Thursday,False,False
20160930,2016-09-30,2016,9,30,3,4,Friday,False,False
20161001,2016-10-01,2016,10,1,4,5,Saturday,True,False
20161002,2016-10-02,2016,10,2,4,6,Sunday,True,False
20161003,2016-10-03,2016,10,3,4,0,Monday,False,False
20161004,2016-10-04,2016,10,4,4,1,Tuesday,False,False
20161005,2016-10-05,2016,10,5,4,2,Wednesday,False,False
20161006,2016-10-06,2016,10,6,4,3,Thursday,False,False
20161007,2016-10-07,2016,10,7,4,4,Friday,False,False
20161008,2016-10-08,2016,10,8,4,5,Saturday,True,False
20161009,2016-10-09,2016,10,9,4,6,Sunday,True,False
20161010,2016-10-10,2016,10,10,4,0,Monday,False,False
20161011,2016-10-11,2016,10,11,4,1,Tuesday,False,False
20161012,2016-10-12,2016,10,12,4,2,Wednesday,False,False
20161013,2016-10-13,2016,10,13,4,3,Thursday,False,False
20161014,2016-10-14,2016,10,14,4,4,Friday,False,False
20161015,2016-10-15,2016,10,15,4,5,Saturday,True,False
20161016,2016-10-16,2016,10,16,4,6,Sunday,True,False
20161017,2016-10-17,2016,10,17,4,0,Monday,False,False
20161018,2016-10-18,2016,10,18,4,1,Tuesday,False,False
20161019,2016-10-19,2016,10,19,4,2,Wednesday,False,False
20161020,2016-10-20,2016,10,20,4,3,Thursday,False,False
20161021,2016-10-21,2016,10,21,4,4,Friday,False,False
20161022,2016-10-22,2016,10,22,4,5,Saturday,True,False
20161023,2016-10-23,2016,10,23,4,6,Sunday,True,False
20161024,2016-10-24,2016,10,24,4,0,Monday,False,False
20161025,2016-10-25,2016,10,25,4,1,Tuesday,False,False
20161026,2016-10-26,2016,10,26,4,2,Wednesday,False,False
20161027,2016-10-27,2016,10,27,4,3,Thursday,False,False
20161028,2016-10-28,2016,10,28,4,4,Friday,False,False
20161029,2016-10-29,2016,10,29,4,5,Saturday,True,False
20161030,2016-10-30,2016,10,30,4,6,Sunday,True,False
20161031,2016-10-31,2016,10,31,4,0,Monday,False,False
20161101,2016-11-01,2016,11,1,4,1,Tuesday,False,False
20161102,2016-11-02,2016,11,2,4,2,Wednesday,False,False
20161103,2016-11-03,2016,11,3,4,3,Thursday,False,False
20161104,2016-11-04,2016,11,4,4,4,Friday,False,False
20161105,2016-11-05,2016,11,5,4,5,Saturday,True,False
20161106,2016-11-06,2016,11,6,4,6,Sunday,True,False
20161107,2016-11-07,2016,11,7,4,0,Monday,False,False
20161108,2016-11-08,2016,11,8,4,1,Tuesday,False,False
20161109,2016-11-09,2016,11,9,4,2,Wednesday,False,False
20161110,2016-11-10,2016,11,10,4,3,Thursday,False,False
20161111,2016-11-11,2016,11,11,4,4,Friday,False,False
20161112,2016-11-12,2016,11,12,4,5,Saturday,True,False
20161113,2016-11-13,2016,11,13,4,6,Sunday,True,False
20161114,2016-11-14,2016,11,14,4,0,Monday,False,False
20161115,2016-11-15,2016,11,15,4,1,Tuesday,False,False
20161116,2016-11-16,2016,11,16,4,2,Wednesday,False,False
20161117,2016-11-17,2016,11,17,4,3,Thursday,False,False
20161118,2016-11-18,2016,11,18,4,4,Friday,False,False
20161119,2016-11-19,2016,11,19,4,5,Saturday,True,False
20161120,2016-11-20,2016,11,20,4,6,Sunday,True,False
20161121,2016-11-21,2016,11,21,4,0,Monday,False,False
20161122,2016-11-22,2016,11,22,4,1,Tuesday,False,False
20161123,2016-11-23,2016,11,23,4,2,Wednesday,False,False
20161124,2016-11-24,2016,11,24,4,3,Thursday,False,False
20161125,2016-11-25,2016,11,25,4,4,Friday,False,False
20161126,2016-11-26,2016,11,26,4,5,Saturday,True,False
20161127,2016-11-27,2016,11,27,4,6,Sunday,True,False
20161128,2016-11-28,2016,11,28,4,0,Monday,False,False
20161129,2016-11-29,2016,11,29,4,1,Tuesday,False,False
20161130,2016-11-30,2016,11,30,4,2,Wednesday,False,False
20161201,2016-12-01,2016,12,1,4,3,Thursday,False,False
20161202,2016-12-02,2016,12,2,4,4,Friday,False,False
20161203,2016-12-03,2016,12,3,4,5,Saturday,True,False
20161204,2016-12-04,2016,12,4,4,6,Sunday,True,False
20161205,2016-12-05,2016,12,5,4,0,Monday,False,False
20161206,2016-12-06,2016,12,6,4,1,Tuesday,False,False
20161207,2016-12-07,2016,12,7,4,2,Wednesday,False,False
20161208,2016-12-08,2016,12,8,4,3,Thursday,False,False
20161209,2016-12-09,2016,12,9,4,4,Friday,False,False
20161210,2016-12-10,2016,12,10,4,5,Saturday,True,False
20161211,2016-12-11,2016,12,11,4,6,Sunday,True,False
20161212,2016-12-12,2016,12,12,4,0,Monday,False,False
20161213,2016-12-13,2016,12,13,4,1,Tuesday,False,False
20161214,2016-12-14,2016,12,14,4,2,Wednesday,False,False
20161215,2016-12-15,2016,12,15,4,3,Thursday,False,False
20161216,2016-12-16,2016,12,16,4,4,Friday,False,False
20161217,2016-12-17,2016,12,17,4,5,Saturday,True,False
20161218,2016-12-18,2016,12,18,4,6,Sunday,True,False
20161219,2016-12-19,2016,12,19,4,0,Monday,False,False
20161220,2016-12-20,2016,12,20,4,1,Tuesday,False,False
20161221,2016-12-21,2016,12,21,4,2,Wednesday,False,False
20161222,2016-12-22,2016,12,22,4,3,Thursday,False,False
20161223,2016-12-23,2016,12,23,4,4,Friday,False,False
20161224,2016-12-24,2016,12,24,4,5,Saturday,True,False
20161225,2016-12-25,2016,12,25,4,6,Sunday,True,False
20161226,2016-12-26,2016,12,26,4,0,Monday,False,False
20161227,2016-12-27,2016,12,27,4,1,Tuesday,False,False
20161228,2016-12-28,2016,12,28,4,2,Wednesday,False,False
20161229,2016-12-29,2016,12,29,4,3,Thursday,False,False
20161230,2016-12-30,2016,12,30,4,4,Friday,False,False
20161231,2016-12-31,2016,12,31,4,5,Saturday,True,False
20170101,2017-01-01,2017,1,1,1,6,Sunday,True,False
20170102,2017-01-02,2017,1,2,1,0,Monday,False,False
20170103,2017-01-03,2017,1,3,1,1,Tuesday,False,False
20170104,2017-01-04,2017,1,4,1,2,Wednesday,False,False
20170105,2017-01-05,2017,1,5,1,3,Thursday,False,False
20170106,2017-01-06,2017,1,6,1,4,Friday,False,False
20170107,2017-01-07,2017,1,7,1,5,Saturday,True,False
20170108,2017-01-08,2017,1,8,1,6,Sunday,True,False
20170109,2017-01-09,2017,1,9,1,0,Monday,False,False
20170110,2017-01-10,2017,1,10,1,1,Tuesday,False,False
20170111,2017-01-11,2017,1,11,1,2,Wednesday,False,False
20170112,2017-01-12,2017,1,12,1,3,Thursday,False,False
20170113,2017-01-13,2017,1,13,1,4,Friday,False,False
20170114,2017-01-14,2017,1,14,1,5,Saturday,True,False
20170115,2017-01-15,2017,1,15,1,6,Sunday,True,False
20170116,2017-01-16,2017,1,16,1,0,Monday,False,False
20170117,2017-01-17,2017,1,17,1,1,Tuesday,False,False
20170118,2017-01-18,2017,1,18,1,2,Wednesday,False,False
20170119,2017-01-19,2017,1,19,1,3,Thursday,False,False
20170120,2017-01-20,2017,1,20,1,4,Friday,False,False
20170121,2017-01-21,2017,1,21,1,5,Saturday,True,False
20170122,2017-01-22,2017,1,22,1,6,Sunday,True,False
20170123,2017-01-23,2017,1,23,1,0,Monday,False,False
20170124,2017-01-24,2017,1,24,1,1,Tuesday,False,False
20170125,2017-01-25,2017,1,25,1,2,Wednesday,False,False
20170126,2017-01-26,2017,1,26,1,3,Thursday,False,False
20170127,2017-01-27,2017,1,27,1,4,Friday,False,False
20170128,2017-01-28,2017,1,28,1,5,Saturday,True,False
20170129,2017-01-29,2017,1,29,1,6,Sunday,True,False
20170130,2017-01-30,2017,1,30,1,0,Monday,False,False
20170131,2017-01-31,2017,1,31,1,1,Tuesday,False,False
20170201,2017-02-01,2017,2,1,1,2,Wednesday,False,False
20170202,2017-02-02,2017,2,2,1,3,Thursday,False,False
20170203,2017-02-03,2017,2,3,1,4,Friday,False,False
20170204,2017-02-04,2017,2,4,1,5,Saturday,True,False
20170205,2017-02-05,2017,2,5,1,6,Sunday,True,False
20170206,2017-02-06,2017,2,6,1,0,Monday,False,False
20170207,2017-02-07,2017,2,7,1,1,Tuesday,False,False
20170208,2017-02-08,2017,2,8,1,2,Wednesday,False,False
20170209,2017-02-09,2017,2,9,1,3,Thursday,False,False
20170210,2017-02-10,2017,2,10,1,4,Friday,False,False
20170211,2017-02-11,2017,2,11,1,5,Saturday,True,False
20170212,2017-02-12,2017,2,12,1,6,Sunday,True,False
20170213,2017-02-13,2017,2,13,1,0,Monday,False,False
20170214,2017-02-14,2017,2,14,1,1,Tuesday,False,False
20170215,2017-02-15,2017,2,15,1,2,Wednesday,False,False
20170216,2017-02-16,2017,2,16,1,3,Thursday,False,False
20170217,2017-02-17,2017,2,17,1,4,Friday,False,False
20170218,2017-02-18,2017,2,18,1,5,Saturday,True,False
20170219,2017-02-19,2017,2,19,1,6,Sunday,True,False
20170220,2017-02-20,2017,2,20,1,0,Monday,False,False
20170221,2017-02-21,2017,2,21,1,1,Tuesday,False,False
20170222,2017-02-22,2017,2,22,1,2,Wednesday,False,False
20170223,2017-02-23,2017,2,23,1,3,Thursday,False,False
20170224,2017-02-24,2017,2,24,1,4,Friday,False,False
20170225,2017-02-25,2017,2,25,1,5,Saturday,True,False
20170226,2017-02-26,2017,2,26,1,6,Sunday,True,False
20170227,2017-02-27,2017,2,27,1,0,Monday,False,False
20170228,2017-02-28,2017,2,28,1,1,Tuesday,False,False
20170301,2017-03-01,2017,3,1,1,2,Wednesday,False,False
20170302,2017-03-02,2017,3,2,1,3,Thursday,False,False
20170303,2017-03-03,2017,3,3,1,4,Friday,False,False
20170304,2017-03-04,2017,3,4,1,5,Saturday,True,False
20170305,2017-03-05,2017,3,5,1,6,Sunday,True,False
20170306,2017-03-06,2017,3,6,1,0,Monday,False,False
20170307,2017-03-07,2017,3,7,1,1,Tuesday,False,False
20170308,2017-03-08,2017,3,8,1,2,Wednesday,False,False
20170309,2017-03-09,2017,3,9,1,3,Thursday,False,False
20170310,2017-03-10,2017,3,10,1,4,Friday,False,False
20170311,2017-03-11,2017,3,11,1,5,Saturday,True,False
20170312,2017-03-12,2017,3,12,1,6,Sunday,True,False
20170313,2017-03-13,2017,3,13,1,0,Monday,False,False
20170314,2017-03-14,2017,3,14,1,1,Tuesday,False,False
20170315,2017-03-15,2017,3,15,1,2,Wednesday,False,False
20170316,2017-03-16,2017,3,16,1,3,Thursday,False,False
20170317,2017-03-17,2017,3,17,1,4,Friday,False,False
20170318,2017-03-18,2017,3,18,1,5,Saturday,True,False
20170319,2017-03-19,2017,3,19,1,6,Sunday,True,False
20170320,2017-03-20,2017,3,20,1,0,Monday,False,False
20170321,2017-03-21,2017,3,21,1,1,Tuesday,False,False
20170322,2017-03-22,2017,3,22,1,2,Wednesday,False,False
20170323,2017-03-23,2017,3,23,1,3,Thursday,False,False
20170324,2017-03-24,2017,3,24,1,4,Friday,False,False
20170325,2017-03-25,2017,3,25,1,5,Saturday,True,False
20170326,2017-03-26,2017,3,26,1,6,Sunday,True,False
20170327,2017-03-27,2017,3,27,1,0,Monday,False,False
20170328,2017-03-28,2017,3,28,1,1,Tuesday,False,False
20170329,2017-03-29,2017,3,29,1,2,Wednesday,False,False
20170330,2017-03-30,2017,3,30,1,3,Thursday,False,False
20170331,2017-03-31,2017,3,31,1,4,Friday,False,False
20170401,2017-04-01,2017,4,1,2,5,Saturday,True,False
20170402,2017-04-02,2017,4,2,2,6,Sunday,True,False
20170403,2017-04-03,2017,4,3,2,0,Monday,False,False
20170404,2017-04-04,2017,4,4,2,1,Tuesday,False,False
20170405,2017-04-05,2017,4,5,2,2,Wednesday,False,False
20170406,2017-04-06,2017,4,6,2,3,Thursday,False,False
20170407,2017-04-07,2017,4,7,2,4,Friday,False,False
20170408,2017-04-08,2017,4,8,2,5,Saturday,True,False
20170409,2017-04-09,2017,4,9,2,6,Sunday,True,False
20170410,2017-04-10,2017,4,10,2,0,Monday,False,False
20170411,2017-04-11,2017,4,11,2,1,Tuesday,False,False
20170412,2017-04-12,2017,4,12,2,2,Wednesday,False,False
20170413,2017-04-13,2017,4,13,2,3,Thursday,False,False
20170414,2017-04-14,2017,4,14,2,4,Friday,False,False
20170415,2017-04-15,2017,4,15,2,5,Saturday,True,False
20170416,2017-04-16,2017,4,16,2,6,Sunday,True,False
20170417,2017-04-17,2017,4,17,2,0,Monday,False,False
20170418,2017-04-18,2017,4,18,2,1,Tuesday,False,False
20170419,2017-04-19,2017,4,19,2,2,Wednesday,False,False
20170420,2017-04-20,2017,4,20,2,3,Thursday,False,False
20170421,2017-04-21,2017,4,21,2,4,Friday,False,False
20170422,2017-04-22,2017,4,22,2,5,Saturday,True,False
20170423,2017-04-23,2017,4,23,2,6,Sunday,True,False
20170424,2017-04-24,2017,4,24,2,0,Monday,False,False
20170425,2017-04-25,2017,4,25,2,1,Tuesday,False,False
20170426,2017-04-26,2017,4,26,2,2,Wednesday,False,False
20170427,2017-04-27,2017,4,27,2,3,Thursday,False,False
20170428,2017-04-28,2017,4,28,2,4,Friday,False,False
20170429,2017-04-29,2017,4,29,2,5,Saturday,True,False
20170430,2017-04-30,2017,4,30,2,6,Sunday,True,False
20170501,2017-05-01,2017,5,1,2,0,Monday,False,False
20170502,2017-05-02,2017,5,2,2,1,Tuesday,False,False
20170503,2017-05-03,2017,5,3,2,2,Wednesday,False,False
20170504,2017-05-04,2017,5,4,2,3,Thursday,False,False
20170505,2017-05-05,2017,5,5,2,4,Friday,False,False
20170506,2017-05-06,2017,5,6,2,5,Saturday,True,False
20170507,2017-05-07,2017,5,7,2,6,Sunday,True,False
20170508,2017-05-08,2017,5,8,2,0,Monday,False,False
20170509,2017-05-09,2017,5,9,2,1,Tuesday,False,False
20170510,2017-05-10,2017,5,10,2,2,Wednesday,False,False
20170511,2017-05-11,2017,5,11,2,3,Thursday,False,False
20170512,2017-05-12,2017,5,12,2,4,Friday,False,False
20170513,2017-05-13,2017,5,13,2,5,Saturday,True,False
20170514,2017-05-14,2017,5,14,2,6,Sunday,True,False
20170515,2017-05-15,2017,5,15,2,0,Monday,False,False
20170516,2017-05-16,2017,5,16,2,1,Tuesday,False,False
20170517,2017-05-17,2017,5,17,2,2,Wednesday,False,False
20170518,2017-05-18,2017,5,18,2,3,Thursday,False,False
20170519,2017-05-19,2017,5,19,2,4,Friday,False,False
20170520,2017-05-20,2017,5,20,2,5,Saturday,True,False
20170521,2017-05-21,2017,5,21,2,6,Sunday,True,False
20170522,2017-05-22,2017,5,22,2,0,Monday,False,False
20170523,2017-05-23,2017,5,23,2,1,Tuesday,False,False
20170524,2017-05-24,2017,5,24,2,2,Wednesday,False,False
20170525,2017-05-25,2017,5,25,2,3,Thursday,False,False
20170526,2017-05-26,2017,5,26,2,4,Friday,False,False
20170527,2017-05-27,2017,5,27,2,5,Saturday,True,False
20170528,2017-05-28,2017,5,28,2,6,Sunday,True,False
20170529,2017-05-29,2017,5,29,2,0,Monday,False,False
20170530,2017-05-30,2017,5,30,2,1,Tuesday,False,False
20170531,2017-05-31,2017,5,31,2,2,Wednesday,False,False
20170601,2017-06-01,2017,6,1,2,3,Thursday,False,False
20170602,2017-06-02,2017,6,2,2,4,Friday,False,False
20170603,2017-06-03,2017,6,3,2,5,Saturday,True,False
20170604,2017-06-04,2017,6,4,2,6,Sunday,True,False
20170605,2017-06-05,2017,6,5,2,0,Monday,False,False
20170606,2017-06-06,2017,6,6,2,1,Tuesday,False,False
20170607,2017-06-07,2017,6,7,2,2,Wednesday,False,False
20170608,2017-06-08,2017,6,8,2,3,Thursday,False,False
20170609,2017-06-09,2017,6,9,2,4,Friday,False,False
20170610,2017-06-10,2017,6,10,2,5,Saturday,True,False
20170611,2017-06-11,2017,6,11,2,6,Sunday,True,False
20170612,2017-06-12,2017,6,12,2,0,Monday,False,False
20170613,2017-06-13,2017,6,13,2,1,Tuesday,False,False
20170614,2017-06-14,2017,6,14,2,2,Wednesday,False,False
20170615,2017-06-15,2017,6,15,2,3,Thursday,False,False
20170616,2017-06-16,2017,6,16,2,4,Friday,False,False
20170617,2017-06-17,2017,6,17,2,5,Saturday,True,False
20170618,2017-06-18,2017,6,18,2,6,Sunday,True,False
20170619,2017-06-19,2017,6,19,2,0,Monday,False,False
20170620,2017-06-20,2017,6,20,2,1,Tuesday,False,False
20170621,2017-06-21,2017,6,21,2,2,Wednesday,False,False
20170622,2017-06-22,2017,6,22,2,3,Thursday,False,False
20170623,2017-06-23,2017,6,23,2,4,Friday,False,False
20170624,2017-06-24,2017,6,24,2,5,Saturday,True,False
20170625,2017-06-25,2017,6,25,2,6,Sunday,True,False
20170626,2017-06-26,2017,6,26,2,0,Monday,False,False
20170627,2017-06-27,2017,6,27,2,1,Tuesday,False,False
20170628,2017-06-28,2017,6,28,2,2,Wednesday,False,False
20170629,2017-06-29,2017,6,29,2,3,Thursday,False,False
20170630,2017-06-30,2017,6,30,2,4,Friday,False,False
20170701,2017-07-01,2017,7,1,3,5,Saturday,True,False
20170702,2017-07-02,2017,7,2,3,6,Sunday,True,False
20170703,2017-07-03,2017,7,3,3,0,Monday,False,False
20170704,2017-07-04,2017,7,4,3,1,Tuesday,False,False
20170705,2017-07-05,2017,7,5,3,2,Wednesday,False,False
20170706,2017-07-06,2017,7,6,3,3,Thursday,False,False
20170707,2017-07-07,2017,7,7,3,4,Friday,False,False
20170708,2017-07-08,2017,7,8,3,5,Saturday,True,False
20170709,2017-07-09,2017,7,9,3,6,Sunday,True,False
20170710,2017-07-10,2017,7,10,3,0,Monday,False,False
20170711,2017-07-11,2017,7,11,3,1,Tuesday,False,False
20170712,2017-07-12,2017,7,12,3,2,Wednesday,False,False
20170713,2017-07-13,2017,7,13,3,3,Thursday,False,False
20170714,2017-07-14,2017,7,14,3,4,Friday,False,False
20170715,2017-07-15,2017,7,15,3,5,Saturday,True,False
20170716,2017-07-16,2017,7,16,3,6,Sunday,True,False
20170717,2017-07-17,2017,7,17,3,0,Monday,False,False
20170718,2017-07-18,2017,7,18,3,1,Tuesday,False,False
20170719,2017-07-19,2017,7,19,3,2,Wednesday,False,False
20170720,2017-07-20,2017,7,20,3,3,Thursday,False,False
20170721,2017-07-21,2017,7,21,3,4,Friday,False,False
20170722,2017-07-22,2017,7,22,3,5,Saturday,True,False
20170723,2017-07-23,2017,7,23,3,6,Sunday,True,False
20170724,2017-07-24,2017,7,24,3,0,Monday,False,False
20170725,2017-07-25,2017,7,25,3,1,Tuesday,False,False
20170726,2017-07-26,2017,7,26,3,2,Wednesday,False,False
20170727,2017-07-27,2017,7,27,3,3,Thursday,False,False
20170728,2017-07-28,2017,7,28,3,4,Friday,False,False
20170729,2017-07-29,2017,7,29,3,5,Saturday,True,False
20170730,2017-07-30,2017,7,30,3,6,Sunday,True,False
20170731,2017-07-31,2017,7,31,3,0,Monday,False,False
20170801,2017-08-01,2017,8,1,3,1,Tuesday,False,False
20170802,2017-08-02,2017,8,2,3,2,Wednesday,False,False
20170803,2017-08-03,2017,8,3,3,3,Thursday,False,False
20170804,2017-08-04,2017,8,4,3,4,Friday,False,False
20170805,2017-08-05,2017,8,5,3,5,Saturday,True,False
20170806,2017-08-06,2017,8,6,3,6,Sunday,True,False
20170807,2017-08-07,2017,8,7,3,0,Monday,False,False
20170808,2017-08-08,2017,8,8,3,1,Tuesday,False,False
20170809,2017-08-09,2017,8,9,3,2,Wednesday,False,False
20170810,2017-08-10,2017,8,10,3,3,Thursday,False,False
20170811,2017-08-11,2017,8,11,3,4,Friday,False,False
20170812,2017-08-12,2017,8,12,3,5,Saturday,True,False
20170813,2017-08-13,2017,8,13,3,6,Sunday,True,False
20170814,2017-08-14,2017,8,14,3,0,Monday,False,False
20170815,2017-08-15,2017,8,15,3,1,Tuesday,False,False
20170816,2017-08-16,2017,8,16,3,2,Wednesday,False,False
20170817,2017-08-17,2017,8,17,3,3,Thursday,False,False
20170818,2017-08-18,2017,8,18,3,4,Friday,False,False
20170819,2017-08-19,2017,8,19,3,5,Saturday,True,False
20170820,2017-08-20,2017,8,20,3,6,Sunday,True,False
20170821,2017-08-21,2017,8,21,3,0,Monday,False,False
20170822,2017-08-22,2017,8,22,3,1,Tuesday,False,False
20170823,2017-08-23,2017,8,23,3,2,Wednesday,False,False
20170824,2017-08-24,2017,8,24,3,3,Thursday,False,False
20170825,2017-08-25,2017,8,25,3,4,Friday,False,False
20170826,2017-08-26,2017,8,26,3,5,Saturday,True,False
20170827,2017-08-27,2017,8,27,3,6,Sunday,True,False
20170828,2017-08-28,2017,8,28,3,0,Monday,False,False
20170829,2017-08-29,2017,8,29,3,1,Tuesday,False,False
20170830,2017-08-30,2017,8,30,3,2,Wednesday,False,False
20170831,2017-08-31,2017,8,31,3,3,Thursday,False,False
20170901,2017-09-01,2017,9,1,3,4,Friday,False,False
20170902,2017-09-02,2017,9,2,3,5,Saturday,True,False
20170903,2017-09-03,2017,9,3,3,6,Sunday,True,False
20170904,2017-09-04,2017,9,4,3,0,Monday,False,False
20170905,2017-09-05,2017,9,5,3,1,Tuesday,False,False
20170906,2017-09-06,2017,9,6,3,2,Wednesday,False,False
20170907,2017-09-07,2017,9,7,3,3,Thursday,False,False
20170908,2017-09-08,2017,9,8,3,4,Friday,False,False
20170909,2017-09-09,2017,9,9,3,5,Saturday,True,False
20170910,2017-09-10,2017,9,10,3,6,Sunday,True,False
20170911,2017-09-11,2017,9,11,3,0,Monday,False,False
20170912,2017-09-12,2017,9,12,3,1,Tuesday,False,False
20170913,2017-09-13,2017,9,13,3,2,Wednesday,False,False
20170914,2017-09-14,2017,9,14,3,3,Thursday,False,False
20170915,2017-09-15,2017,9,15,3,4,Friday,False,False
20170916,2017-09-16,2017,9,16,3,5,Saturday,True,False
20170917,2017-09-17,2017,9,17,3,6,Sunday,True,False
20170918,2017-09-18,2017,9,18,3,0,Monday,False,False
20170919,2017-09-19,2017,9,19,3,1,Tuesday,False,False
20170920,2017-09-20,2017,9,20,3,2,Wednesday,False,False
20170921,2017-09-21,2017,9,21,3,3,Thursday,False,False
20170922,2017-09-22,2017,9,22,3,4,Friday,False,False
20170923,2017-09-23,2017,9,23,3,5,Saturday,True,False
20170924,2017-09-24,2017,9,24,3,6,Sunday,True,False
20170925,2017-09-25,2017,9,25,3,0,Monday,False,False
20170926,2017-09-26,2017,9,26,3,1,Tuesday,False,False
20170927,2017-09-27,2017,9,27,3,2,Wednesday,False,False
20170928,2017-09-28,2017,9,28,3,3,Thursday,False,False
20170929,2017-09-29,2017,9,29,3,4,Friday,False,False
20170930,2017-09-30,2017,9,30,3,5,Saturday,True,False
20171001,2017-10-01,2017,10,1,4,6,Sunday,True,False
20171002,2017-10-02,2017,10,2,4,0,Monday,False,False
20171003,2017-10-03,2017,10,3,4,1,Tuesday,False,False
20171004,2017-10-04,2017,10,4,4,2,Wednesday,False,False
20171005,2017-10-05,2017,10,5,4,3,Thursday,False,False
20171006,2017-10-06,2017,10,6,4,4,Friday,False,False
20171007,2017-10-07,2017,10,7,4,5,Saturday,True,False
20171008,2017-10-08,2017,10,8,4,6,Sunday,True,False
20171009,2017-10-09,2017,10,9,4,0,Monday,False,False
20171010,2017-10-10,2017,10,10,4,1,Tuesday,False,False
20171011,2017-10-11,2017,10,11,4,2,Wednesday,False,False
20171012,2017-10-12,2017,10,12,4,3,Thursday,False,False
20171013,2017-10-13,2017,10,13,4,4,Friday,False,False
20171014,2017-10-14,2017,10,14,4,5,Saturday,True,False
20171015,2017-10-15,2017,10,15,4,6,Sunday,True,False
20171016,2017-10-16,2017,10,16,4,0,Monday,False,False
20171017,2017-10-17,2017,10,17,4,1,Tuesday,False,False
20171018,2017-10-18,2017,10,18,4,2,Wednesday,False,False
20171019,2017-10-19,2017,10,19,4,3,Thursday,False,False
20171020,2017-10-20,2017,10,20,4,4,Friday,False,False
20171021,2017-10-21,2017,10,21,4,5,Saturday,True,False
20171022,2017-10-22,2017,10,22,4,6,Sunday,True,False
20171023,2017-10-23,2017,10,23,4,0,Monday,False,False
20171024,2017-10-24,2017,10,24,4,1,Tuesday,False,False
20171025,2017-10-25,2017,10,25,4,2,Wednesday,False,False
20171026,2017-10-26,2017,10,26,4,3,Thursday,False,False
20171027,2017-10-27,2017,10,27,4,4,Friday,False,False
20171028,2017-10-28,2017,10,28,4,5,Saturday,True,False
20171029,2017-10-29,2017,10,29,4,6,Sunday,True,False
20171030,2017-10-30,2017,10,30,4,0,Monday,False,False
20171031,2017-10-31,2017,10,31,4,1,Tuesday,False,False
20171101,2017-11-01,2017,11,1,4,2,Wednesday,False,False
20171102,2017-11-02,2017,11,2,4,3,Thursday,False,False
20171103,2017-11-03,2017,11,3,4,4,Friday,False,False
20171104,2017-11-04,2017,11,4,4,5,Saturday,True,False
20171105,2017-11-05,2017,11,5,4,6,Sunday,True,False
20171106,2017-11-06,2017,11,6,4,0,Monday,False,False
20171107,2017-11-07,2017,11,7,4,1,Tuesday,False,False
20171108,2017-11-08,2017,11,8,4,2,Wednesday,False,False
20171109,2017-11-09,2017,11,9,4,3,Thursday,False,False
20171110,2017-11-10,2017,11,10,4,4,Friday,False,False
20171111,2017-11-11,2017,11,11,4,5,Saturday,True,False
20171112,2017-11-12,2017,11,12,4,6,Sunday,True,False
20171113,2017-11-13,2017,11,13,4,0,Monday,False,False
20171114,2017-11-14,2017,11,14,4,1,Tuesday,False,False
20171115,2017-11-15,2017,11,15,4,2,Wednesday,False,False
20171116,2017-11-16,2017,11,16,4,3,Thursday,False,False
20171117,2017-11-17,2017,11,17,4,4,Friday,False,False
20171118,2017-11-18,2017,11,18,4,5,Saturday,True,False
20171119,2017-11-19,2017,11,19,4,6,Sunday,True,False
20171120,2017-11-20,2017,11,20,4,0,Monday,False,False
20171121,2017-11-21,2017,11,21,4,1,Tuesday,False,False
20171122,2017-11-22,2017,11,22,4,2,Wednesday,False,False
20171123,2017-11-23,2017,11,23,4,3,Thursday,False,False
20171124,2017-11-24,2017,11,24,4,4,Friday,False,False
20171125,2017-11-25,2017,11,25,4,5,Saturday,True,False
20171126,2017-11-26,2017,11,26,4,6,Sunday,True,False
20171127,2017-11-27,2017,11,27,4,0,Monday,False,False
20171128,2017-11-28,2017,11,28,4,1,Tuesday,False,False
20171129,2017-11-29,2017,11,29,4,2,Wednesday,False,False
20171130,2017-11-30,2017,11,30,4,3,Thursday,False,False
20171201,2017-12-01,2017,12,1,4,4,Friday,False,False
20171202,2017-12-02,2017,12,2,4,5,Saturday,True,False
20171203,2017-12-03,2017,12,3,4,6,Sunday,True,False
20171204,2017-12-04,2017,12,4,4,0,Monday,False,False
20171205,2017-12-05,2017,12,5,4,1,Tuesday,False,False
20171206,2017-12-06,2017,12,6,4,2,Wednesday,False,False
20171207,2017-12-07,2017,12,7,4,3,Thursday,False,False
20171208,2017-12-08,2017,12,8,4,4,Friday,False,False
20171209,2017-12-09,2017,12,9,4,5,Saturday,True,False
20171210,2017-12-10,2017,12,10,4,6,Sunday,True,False
20171211,2017-12-11,2017,12,11,4,0,Monday,False,False
20171212,2017-12-12,2017,12,12,4,1,Tuesday,False,False
20171213,2017-12-13,2017,12,13,4,2,Wednesday,False,False
20171214,2017-12-14,2017,12,14,4,3,Thursday,False,False
20171215,2017-12-15,2017,12,15,4,4,Friday,False,False
20171216,2017-12-16,2017,12,16,4,5,Saturday,True,False
20171217,2017-12-17,2017,12,17,4,6,Sunday,True,False
20171218,2017-12-18,2017,12,18,4,0,Monday,False,False
20171219,2017-12-19,2017,12,19,4,1,Tuesday,False,False
20171220,2017-12-20,2017,12,20,4,2,Wednesday,False,False
20171221,2017-12-21,2017,12,21,4,3,Thursday,False,False
20171222,2017-12-22,2017,12,22,4,4,Friday,False,False
20171223,2017-12-23,2017,12,23,4,5,Saturday,True,False
20171224,2017-12-24,2017,12,24,4,6,Sunday,True,False
20171225,2017-12-25,2017,12,25,4,0,Monday,False,False
20171226,2017-12-26,2017,12,26,4,1,Tuesday,False,False
20171227,2017-12-27,2017,12,27,4,2,Wednesday,False,False
20171228,2017-12-28,2017,12,28,4,3,Thursday,False,False
20171229,2017-12-29,2017,12,29,4,4,Friday,False,False
20171230,2017-12-30,2017,12,30,4,5,Saturday,True,False
20171231,2017-12-31,2017,12,31,4,6,Sunday,True,False
20180101,2018-01-01,2018,1,1,1,0,Monday,False,False
20180102,2018-01-02,2018,1,2,1,1,Tuesday,False,False
20180103,2018-01-03,2018,1,3,1,2,Wednesday,False,False
20180104,2018-01-04,2018,1,4,1,3,Thursday,False,False
20180105,2018-01-05,2018,1,5,1,4,Friday,False,False
20180106,2018-01-06,2018,1,6,1,5,Saturday,True,False
20180107,2018-01-07,2018,1,7,1,6,Sunday,True,False
20180108,2018-01-08,2018,1,8,1,0,Monday,False,False
20180109,2018-01-09,2018,1,9,1,1,Tuesday,False,False
20180110,2018-01-10,2018,1,10,1,2,Wednesday,False,False
20180111,2018-01-11,2018,1,11,1,3,Thursday,False,False
20180112,2018-01-12,2018,1,12,1,4,Friday,False,False
20180113,2018-01-13,2018,1,13,1,5,Saturday,True,False
20180114,2018-01-14,2018,1,14,1,6,Sunday,True,False
20180115,2018-01-15,2018,1,15,1,0,Monday,False,False
20180116,2018-01-16,2018,1,16,1,1,Tuesday,False,False
20180117,2018-01-17,2018,1,17,1,2,Wednesday,False,False
20180118,2018-01-18,2018,1,18,1,3,Thursday,False,False
20180119,2018-01-19,2018,1,19,1,4,Friday,False,False
20180120,2018-01-20,2018,1,20,1,5,Saturday,True,False
20180121,2018-01-21,2018,1,21,1,6,Sunday,True,False
20180122,2018-01-22,2018,1,22,1,0,Monday,False,False
20180123,2018-01-23,2018,1,23,1,1,Tuesday,False,False
20180124,2018-01-24,2018,1,24,1,2,Wednesday,False,False
20180125,2018-01-25,2018,1,25,1,3,Thursday,False,False
20180126,2018-01-26,2018,1,26,1,4,Friday,False,False
20180127,2018-01-27,2018,1,27,1,5,Saturday,True,False
20180128,2018-01-28,2018,1,28,1,6,Sunday,True,False
20180129,2018-01-29,2018,1,29,1,0,Monday,False,False
20180130,2018-01-30,2018,1,30,1,1,Tuesday,False,False
20180131,2018-01-31,2018,1,31,1,2,Wednesday,False,False
20180201,2018-02-01,2018,2,1,1,3,Thursday,False,False
20180202,2018-02-02,2018,2,2,1,4,Friday,False,False
20180203,2018-02-03,2018,2,3,1,5,Saturday,True,False
20180204,2018-02-04,2018,2,4,1,6,Sunday,True,False
20180205,2018-02-05,2018,2,5,1,0,Monday,False,False
20180206,2018-02-06,2018,2,6,1,1,Tuesday,False,False
20180207,2018-02-07,2018,2,7,1,2,Wednesday,False,False
20180208,2018-02-08,2018,2,8,1,3,Thursday,False,False
20180209,2018-02-09,2018,2,9,1,4,Friday,False,False
20180210,2018-02-10,2018,2,10,1,5,Saturday,True,False
20180211,2018-02-11,2018,2,11,1,6,Sunday,True,False
20180212,2018-02-12,2018,2,12,1,0,Monday,False,False
20180213,2018-02-13,2018,2,13,1,1,Tuesday,False,False
20180214,2018-02-14,2018,2,14,1,2,Wednesday,False,False
20180215,2018-02-15,2018,2,15,1,3,Thursday,False,False
20180216,2018-02-16,2018,2,16,1,4,Friday,False,False
20180217,2018-02-17,2018,2,17,1,5,Saturday,True,False
20180218,2018-02-18,2018,2,18,1,6,Sunday,True,False
20180219,2018-02-19,2018,2,19,1,0,Monday,False,False
20180220,2018-02-20,2018,2,20,1,1,Tuesday,False,False
20180221,2018-02-21,2018,2,21,1,2,Wednesday,False,False
20180222,2018-02-22,2018,2,22,1,3,Thursday,False,False
20180223,2018-02-23,2018,2,23,1,4,Friday,False,False
20180224,2018-02-24,2018,2,24,1,5,Saturday,True,False
20180225,2018-02-25,2018,2,25,1,6,Sunday,True,False
20180226,2018-02-26,2018,2,26,1,0,Monday,False,False
20180227,2018-02-27,2018,2,27,1,1,Tuesday,False,False
20180228,2018-02-28,2018,2,28,1,2,Wednesday,False,False
20180301,2018-03-01,2018,3,1,1,3,Thursday,False,False
20180302,2018-03-02,2018,3,2,1,4,Friday,False,False
20180303,2018-03-03,2018,3,3,1,5,Saturday,True,False
20180304,2018-03-04,2018,3,4,1,6,Sunday,True,False
20180305,2018-03-05,2018,3,5,1,0,Monday,False,False
20180306,2018-03-06,2018,3,6,1,1,Tuesday,False,False
20180307,2018-03-07,2018,3,7,1,2,Wednesday,False,False
20180308,2018-03-08,2018,3,8,1,3,Thursday,False,False
20180309,2018-03-09,2018,3,9,1,4,Friday,False,False
20180310,2018-03-10,2018,3,10,1,5,Saturday,True,False
20180311,2018-03-11,2018,3,11,1,6,Sunday,True,False
20180312,2018-03-12,2018,3,12,1,0,Monday,False,False
20180313,2018-03-13,2018,3,13,1,1,Tuesday,False,False
20180314,2018-03-14,2018,3,14,1,2,Wednesday,False,False
20180315,2018-03-15,2018,3,15,1,3,Thursday,False,False
20180316,2018-03-16,2018,3,16,1,4,Friday,False,False
20180317,2018-03-17,2018,3,17,1,5,Saturday,True,False
20180318,2018-03-18,2018,3,18,1,6,Sunday,True,False
20180319,2018-03-19,2018,3,19,1,0,Monday,False,False
20180320,2018-03-20,2018,3,20,1,1,Tuesday,False,False
20180321,2018-03-21,2018,3,21,1,2,Wednesday,False,False
20180322,2018-03-22,2018,3,22,1,3,Thursday,False,False
20180323,2018-03-23,2018,3,23,1,4,Friday,False,False
20180324,2018-03-24,2018,3,24,1,5,Saturday,True,False
20180325,2018-03-25,2018,3,25,1,6,Sunday,True,False
20180326,2018-03-26,2018,3,26,1,0,Monday,False,False
20180327,2018-03-27,2018,3,27,1,1,Tuesday,False,False
20180328,2018-03-28,2018,3,28,1,2,Wednesday,False,False
20180329,2018-03-29,2018,3,29,1,3,Thursday,False,False
20180330,2018-03-30,2018,3,30,1,4,Friday,False,False
20180331,2018-03-31,2018,3,31,1,5,Saturday,True,False
20180401,2018-04-01,2018,4,1,2,6,Sunday,True,False
20180402,2018-04-02,2018,4,2,2,0,Monday,False,False
20180403,2018-04-03,2018,4,3,2,1,Tuesday,False,False
20180404,2018-04-04,2018,4,4,2,2,Wednesday,False,False
20180405,2018-04-05,2018,4,5,2,3,Thursday,False,False
20180406,2018-04-06,2018,4,6,2,4,Friday,False,False
20180407,2018-04-07,2018,4,7,2,5,Saturday,True,False
20180408,2018-04-08,2018,4,8,2,6,Sunday,True,False
20180409,2018-04-09,2018,4,9,2,0,Monday,False,False
20180410,2018-04-10,2018,4,10,2,1,Tuesday,False,False
20180411,2018-04-11,2018,4,11,2,2,Wednesday,False,False
20180412,2018-04-12,2018,4,12,2,3,Thursday,False,False
20180413,2018-04-13,2018,4,13,2,4,Friday,False,False
20180414,2018-04-14,2018,4,14,2,5,Saturday,True,False
20180415,2018-04-15,2018,4,15,2,6,Sunday,True,False
20180416,2018-04-16,2018,4,16,2,0,Monday,False,False
20180417,2018-04-17,2018,4,17,2,1,Tuesday,False,False
20180418,2018-04-18,2018,4,18,2,2,Wednesday,False,False
20180419,2018-04-19,2018,4,19,2,3,Thursday,False,False
20180420,2018-04-20,2018,4,20,2,4,Friday,False,False
20180421,2018-04-21,2018,4,21,2,5,Saturday,True,False
20180422,2018-04-22,2018,4,22,2,6,Sunday,True,False
20180423,2018-04-23,2018,4,23,2,0,Monday,False,False
20180424,2018-04-24,2018,4,24,2,1,Tuesday,False,False
20180425,2018-04-25,2018,4,25,2,2,Wednesday,False,False
20180426,2018-04-26,2018,4,26,2,3,Thursday,False,False
20180427,2018-04-27,2018,4,27,2,4,Friday,False,False
20180428,2018-04-28,2018,4,28,2,5,Saturday,True,False
20180429,2018-04-29,2018,4,29,2,6,Sunday,True,False
20180430,2018-04-30,2018,4,30,2,0,Monday,False,False
20180501,2018-05-01,2018,5,1,2,1,Tuesday,False,False
20180502,2018-05-02,2018,5,2,2,2,Wednesday,False,False
20180503,2018-05-03,2018,5,3,2,3,Thursday,False,False
20180504,2018-05-04,2018,5,4,2,4,Friday,False,False
20180505,2018-05-05,2018,5,5,2,5,Saturday,True,False
20180506,2018-05-06,2018,5,6,2,6,Sunday,True,False
20180507,2018-05-07,2018,5,7,2,0,Monday,False,False
20180508,2018-05-08,2018,5,8,2,1,Tuesday,False,False
20180509,2018-05-09,2018,5,9,2,2,Wednesday,False,False
20180510,2018-05-10,2018,5,10,2,3,Thursday,False,False
20180511,2018-05-11,2018,5,11,2,4,Friday,False,False
20180512,2018-05-12,2018,5,12,2,5,Saturday,True,False
20180513,2018-05-13,2018,5,13,2,6,Sunday,True,False
20180514,2018-05-14,2018,5,14,2,0,Monday,False,False
20180515,2018-05-15,2018,5,15,2,1,Tuesday,False,False
20180516,2018-05-16,2018,5,16,2,2,Wednesday,False,False
20180517,2018-05-17,2018,5,17,2,3,Thursday,False,False
20180518,2018-05-18,2018,5,18,2,4,Friday,False,False
20180519,2018-05-19,2018,5,19,2,5,Saturday,True,False
20180520,2018-05-20,2018,5,20,2,6,Sunday,True,False
20180521,2018-05-21,2018,5,21,2,0,Monday,False,False
20180522,2018-05-22,2018,5,22,2,1,Tuesday,False,False
20180523,2018-05-23,2018,5,23,2,2,Wednesday,False,False
20180524,2018-05-24,2018,5,24,2,3,Thursday,False,False
20180525,2018-05-25,2018,5,25,2,4,Friday,False,False
20180526,2018-05-26,2018,5,26,2,5,Saturday,True,False
20180527,2018-05-27,2018,5,27,2,6,Sunday,True,False
20180528,2018-05-28,2018,5,28,2,0,Monday,False,False
20180529,2018-05-29,2018,5,29,2,1,Tuesday,False,False
20180530,2018-05-30,2018,5,30,2,2,Wednesday,False,False
20180531,2018-05-31,2018,5,31,2,3,Thursday,False,False
20180601,2018-06-01,2018,6,1,2,4,Friday,False,False
20180602,2018-06-02,2018,6,2,2,5,Saturday,True,False
20180603,2018-06-03,2018,6,3,2,6,Sunday,True,False
20180604,2018-06-04,2018,6,4,2,0,Monday,False,False
20180605,2018-06-05,2018,6,5,2,1,Tuesday,False,False
20180606,2018-06-06,2018,6,6,2,2,Wednesday,False,False
20180607,2018-06-07,2018,6,7,2,3,Thursday,False,False
20180608,2018-06-08,2018,6,8,2,4,Friday,False,False
20180609,2018-06-09,2018,6,9,2,5,Saturday,True,False
20180610,2018-06-10,2018,6,10,2,6,Sunday,True,False
20180611,2018-06-11,2018,6,11,2,0,Monday,False,False
20180612,2018-06-12,2018,6,12,2,1,Tuesday,False,False
20180613,2018-06-13,2018,6,13,2,2,Wednesday,False,False
20180614,2018-06-14,2018,6,14,2,3,Thursday,False,False
20180615,2018-06-15,2018,6,15,2,4,Friday,False,False
20180616,2018-06-16,2018,6,16,2,5,Saturday,True,False
20180617,2018-06-17,2018,6,17,2,6,Sunday,True,False
20180618,2018-06-18,2018,6,18,2,0,Monday,False,False
20180619,2018-06-19,2018,6,19,2,1,Tuesday,False,False
20180620,2018-06-20,2018,6,20,2,2,Wednesday,False,False
20180621,2018-06-21,2018,6,21,2,3,Thursday,False,False
20180622,2018-06-22,2018,6,22,2,4,Friday,False,False
20180623,2018-06-23,2018,6,23,2,5,Saturday,True,False
20180624,2018-06-24,2018,6,24,2,6,Sunday,True,False
20180625,2018-06-25,2018,6,25,2,0,Monday,False,False
20180626,2018-06-26,2018,6,26,2,1,Tuesday,False,False
20180627,2018-06-27,2018,6,27,2,2,Wednesday,False,False
20180628,2018-06-28,2018,6,28,2,3,Thursday,False,False
20180629,2018-06-29,2018,6,29,2,4,Friday,False,False
20180630,2018-06-30,2018,6,30,2,5,Saturday,True,False
20180701,2018-07-01,2018,7,1,3,6,Sunday,True,False
20180702,2018-07-02,2018,7,2,3,0,Monday,False,False
20180703,2018-07-03,2018,7,3,3,1,Tuesday,False,False
20180704,2018-07-04,2018,7,4,3,2,Wednesday,False,False
20180705,2018-07-05,2018,7,5,3,3,Thursday,False,False
20180706,2018-07-06,2018,7,6,3,4,Friday,False,False
20180707,2018-07-07,2018,7,7,3,5,Saturday,True,False
20180708,2018-07-08,2018,7,8,3,6,Sunday,True,False
20180709,2018-07-09,2018,7,9,3,0,Monday,False,False
20180710,2018-07-10,2018,7,10,3,1,Tuesday,False,False
20180711,2018-07-11,2018,7,11,3,2,Wednesday,False,False
20180712,2018-07-12,2018,7,12,3,3,Thursday,False,False
20180713,2018-07-13,2018,7,13,3,4,Friday,False,False
20180714,2018-07-14,2018,7,14,3,5,Saturday,True,False
20180715,2018-07-15,2018,7,15,3,6,Sunday,True,False
20180716,2018-07-16,2018,7,16,3,0,Monday,False,False
20180717,2018-07-17,2018,7,17,3,1,Tuesday,False,False
20180718,2018-07-18,2018,7,18,3,2,Wednesday,False,False
20180719,2018-07-19,2018,7,19,3,3,Thursday,False,False
20180720,2018-07-20,2018,7,20,3,4,Friday,False,False
20180721,2018-07-21,2018,7,21,3,5,Saturday,True,False
20180722,2018-07-22,2018,7,22,3,6,Sunday,True,False
20180723,2018-07-23,2018,7,23,3,0,Monday,False,False
20180724,2018-07-24,2018,7,24,3,1,Tuesday,False,False
20180725,2018-07-25,2018,7,25,3,2,Wednesday,False,False
20180726,2018-07-26,2018,7,26,3,3,Thursday,False,False
20180727,2018-07-27,2018,7,27,3,4,Friday,False,False
20180728,2018-07-28,2018,7,28,3,5,Saturday,True,False
20180729,2018-07-29,2018,7,29,3,6,Sunday,True,False
20180730,2018-07-30,2018,7,30,3,0,Monday,False,False
20180731,2018-07-31,2018,7,31,3,1,Tuesday,False,False
20180801,2018-08-01,2018,8,1,3,2,Wednesday,False,False
20180802,2018-08-02,2018,8,2,3,3,Thursday,False,False
20180803,2018-08-03,2018,8,3,3,4,Friday,False,False
20180804,2018-08-04,2018,8,4,3,5,Saturday,True,False
20180805,2018-08-05,2018,8,5,3,6,Sunday,True,False
20180806,2018-08-06,2018,8,6,3,0,Monday,False,False
20180807,2018-08-07,2018,8,7,3,1,Tuesday,False,False
20180808,2018-08-08,2018,8,8,3,2,Wednesday,False,False
20180809,2018-08-09,2018,8,9,3,3,Thursday,False,False
20180810,2018-08-10,2018,8,10,3,4,Friday,False,False
20180811,2018-08-11,2018,8,11,3,5,Saturday,True,False
20180812,2018-08-12,2018,8,12,3,6,Sunday,True,False
20180813,2018-08-13,2018,8,13,3,0,Monday,False,False
20180814,2018-08-14,2018,8,14,3,1,Tuesday,False,False
20180815,2018-08-15,2018,8,15,3,2,Wednesday,False,False
20180816,2018-08-16,2018,8,16,3,3,Thursday,False,False
20180817,2018-08-17,2018,8,17,3,4,Friday,False,False
20180818,2018-08-18,2018,8,18,3,5,Saturday,True,False
20180819,2018-08-19,2018,8,19,3,6,Sunday,True,False
20180820,2018-08-20,2018,8,20,3,0,Monday,False,False
20180821,2018-08-21,2018,8,21,3,1,Tuesday,False,False
20180822,2018-08-22,2018,8,22,3,2,Wednesday,False,False
20180823,2018-08-23,2018,8,23,3,3,Thursday,False,False
20180824,2018-08-24,2018,8,24,3,4,Friday,False,False
20180825,2018-08-25,2018,8,25,3,5,Saturday,True,False
20180826,2018-08-26,2018,8,26,3,6,Sunday,True,False
20180827,2018-08-27,2018,8,27,3,0,Monday,False,False
20180828,2018-08-28,2018,8,28,3,1,Tuesday,False,False
20180829,2018-08-29,2018,8,29,3,2,Wednesday,False,False
20180830,2018-08-30,2018,8,30,3,3,Thursday,False,False
20180831,2018-08-31,2018,8,31,3,4,Friday,False,False
20180901,2018-09-01,2018,9,1,3,5,Saturday,True,False
20180902,2018-09-02,2018,9,2,3,6,Sunday,True,False
20180903,2018-09-03,2018,9,3,3,0,Monday,False,False
20180904,2018-09-04,2018,9,4,3,1,Tuesday,False,False
20180905,2018-09-05,2018,9,5,3,2,Wednesday,False,False
20180906,2018-09-06,2018,9,6,3,3,Thursday,False,False
20180907,2018-09-07,2018,9,7,3,4,Friday,False,False
20180908,2018-09-08,2018,9,8,3,5,Saturday,True,False
20180909,2018-09-09,2018,9,9,3,6,Sunday,True,False
20180910,2018-09-10,2018,9,10,3,0,Monday,False,False
20180911,2018-09-11,2018,9,11,3,1,Tuesday,False,False
20180912,2018-09-12,2018,9,12,3,2,Wednesday,False,False
20180913,2018-09-13,2018,9,13,3,3,Thursday,False,False
20180914,2018-09-14,2018,9,14,3,4,Friday,False,False
20180915,2018-09-15,2018,9,15,3,5,Saturday,True,False
20180916,2018-09-16,2018,9,16,3,6,Sunday,True,False
20180917,2018-09-17,2018,9,17,3,0,Monday,False,False
20180918,2018-09-18,2018,9,18,3,1,Tuesday,False,False
20180919,2018-09-19,2018,9,19,3,2,Wednesday,False,False
20180920,2018-09-20,2018,9,20,3,3,Thursday,False,False
20180921,2018-09-21,2018,9,21,3,4,Friday,False,False
20180922,2018-09-22,2018,9,22,3,5,Saturday,True,False
20180923,2018-09-23,2018,9,23,3,6,Sunday,True,False
20180924,2018-09-24,2018,9,24,3,0,Monday,False,False
20180925,2018-09-25,2018,9,25,3,1,Tuesday,False,False
20180926,2018-09-26,2018,9,26,3,2,Wednesday,False,False
20180927,2018-09-27,2018,9,27,3,3,Thursday,False,False
20180928,2018-09-28,2018,9,28,3,4,Friday,False,False
20180929,2018-09-29,2018,9,29,3,5,Saturday,True,False
20180930,2018-09-30,2018,9,30,3,6,Sunday,True,False
20181001,2018-10-01,2018,10,1,4,0,Monday,False,False
20181002,2018-10-02,2018,10,2,4,1,Tuesday,False,False
20181003,2018-10-03,2018,10,3,4,2,Wednesday,False,False
20181004,2018-10-04,2018,10,4,4,3,Thursday,False,False
20181005,2018-10-05,2018,10,5,4,4,Friday,False,False
20181006,2018-10-06,2018,10,6,4,5,Saturday,True,False
20181007,2018-10-07,2018,10,7,4,6,Sunday,True,False
20181008,2018-10-08,2018,10,8,4,0,Monday,False,False
20181009,2018-10-09,2018,10,9,4,1,Tuesday,False,False
20181010,2018-10-10,2018,10,10,4,2,Wednesday,False,False
20181011,2018-10-11,2018,10,11,4,3,Thursday,False,False
20181012,2018-10-12,2018,10,12,4,4,Friday,False,False
20181013,2018-10-13,2018,10,13,4,5,Saturday,True,False
20181014,2018-10-14,2018,10,14,4,6,Sunday,True,False
20181015,2018-10-15,2018,10,15,4,0,Monday,False,False
20181016,2018-10-16,2018,10,16,4,1,Tuesday,False,False
20181017,2018-10-17,2018,10,17,4,2,Wednesday,False,False
20181018,2018-10-18,2018,10,18,4,3,Thursday,False,False
20181019,2018-10-19,2018,10,19,4,4,Friday,False,False
20181020,2018-10-20,2018,10,20,4,5,Saturday,True,False
20181021,2018-10-21,2018,10,21,4,6,Sunday,True,False
20181022,2018-10-22,2018,10,22,4,0,Monday,False,False
20181023,2018-10-23,2018,10,23,4,1,Tuesday,False,False
20181024,2018-10-24,2018,10,24,4,2,Wednesday,False,False
20181025,2018-10-25,2018,10,25,4,3,Thursday,False,False
20181026,2018-10-26,2018,10,26,4,4,Friday,False,False
20181027,2018-10-27,2018,10,27,4,5,Saturday,True,False
20181028,2018-10-28,2018,10,28,4,6,Sunday,True,False
20181029,2018-10-29,2018,10,29,4,0,Monday,False,False
20181030,2018-10-30,2018,10,30,4,1,Tuesday,False,False
20181031,2018-10-31,2018,10,31,4,2,Wednesday,False,False
20181101,2018-11-01,2018,11,1,4,3,Thursday,False,False
20181102,2018-11-02,2018,11,2,4,4,Friday,False,False
20181103,2018-11-03,2018,11,3,4,5,Saturday,True,False
20181104,2018-11-04,2018,11,4,4,6,Sunday,True,False
20181105,2018-11-05,2018,11,5,4,0,Monday,False,False
20181106,2018-11-06,2018,11,6,4,1,Tuesday,False,False
20181107,2018-11-07,2018,11,7,4,2,Wednesday,False,False
20181108,2018-11-08,2018,11,8,4,3,Thursday,False,False
20181109,2018-11-09,2018,11,9,4,4,Friday,False,False
20181110,2018-11-10,2018,11,10,4,5,Saturday,True,False
20181111,2018-11-11,2018,11,11,4,6,Sunday,True,False
20181112,2018-11-12,2018,11,12,4,0,Monday,False,False
20181113,2018-11-13,2018,11,13,4,1,Tuesday,False,False
20181114,2018-11-14,2018,11,14,4,2,Wednesday,False,False
20181115,2018-11-15,2018,11,15,4,3,Thursday,False,False
20181116,2018-11-16,2018,11,16,4,4,Friday,False,False
20181117,2018-11-17,2018,11,17,4,5,Saturday,True,False
20181118,2018-11-18,2018,11,18,4,6,Sunday,True,False
20181119,2018-11-19,2018,11,19,4,0,Monday,False,False
20181120,2018-11-20,2018,11,20,4,1,Tuesday,False,False
20181121,2018-11-21,2018,11,21,4,2,Wednesday,False,False
20181122,2018-11-22,2018,11,22,4,3,Thursday,False,False
20181123,2018-11-23,2018,11,23,4,4,Friday,False,False
20181124,2018-11-24,2018,11,24,4,5,Saturday,True,False
20181125,2018-11-25,2018,11,25,4,6,Sunday,True,False
20181126,2018-11-26,2018,11,26,4,0,Monday,False,False
20181127,2018-11-27,2018,11,27,4,1,Tuesday,False,False
20181128,2018-11-28,2018,11,28,4,2,Wednesday,False,False
20181129,2018-11-29,2018,11,29,4,3,Thursday,False,False
20181130,2018-11-30,2018,11,30,4,4,Friday,False,False
20181201,2018-12-01,2018,12,1,4,5,Saturday,True,False
20181202,2018-12-02,2018,12,2,4,6,Sunday,True,False
20181203,2018-12-03,2018,12,3,4,0,Monday,False,False
20181204,2018-12-04,2018,12,4,4,1,Tuesday,False,False
20181205,2018-12-05,2018,12,5,4,2,Wednesday,False,False
20181206,2018-12-06,2018,12,6,4,3,Thursday,False,False
20181207,2018-12-07,2018,12,7,4,4,Friday,False,False
20181208,2018-12-08,2018,12,8,4,5,Saturday,True,False
20181209,2018-12-09,2018,12,9,4,6,Sunday,True,False
20181210,2018-12-10,2018,12,10,4,0,Monday,False,False
20181211,2018-12-11,2018,12,11,4,1,Tuesday,False,False
20181212,2018-12-12,2018,12,12,4,2,Wednesday,False,False
20181213,2018-12-13,2018,12,13,4,3,Thursday,False,False
20181214,2018-12-14,2018,12,14,4,4,Friday,False,False
20181215,2018-12-15,2018,12,15,4,5,Saturday,True,False
20181216,2018-12-16,2018,12,16,4,6,Sunday,True,False
20181217,2018-12-17,2018,12,17,4,0,Monday,False,False
20181218,2018-12-18,2018,12,18,4,1,Tuesday,False,False
20181219,2018-12-19,2018,12,19,4,2,Wednesday,False,False
20181220,2018-12-20,2018,12,20,4,3,Thursday,False,False
20181221,2018-12-21,2018,12,21,4,4,Friday,False,False
20181222,2018-12-22,2018,12,22,4,5,Saturday,True,False
20181223,2018-12-23,2018,12,23,4,6,Sunday,True,False
20181224,2018-12-24,2018,12,24,4,0,Monday,False,False
20181225,2018-12-25,2018,12,25,4,1,Tuesday,False,False
20181226,2018-12-26,2018,12,26,4,2,Wednesday,False,False
20181227,2018-12-27,2018,12,27,4,3,Thursday,False,False
20181228,2018-12-28,2018,12,28,4,4,Friday,False,False
20181229,2018-12-29,2018,12,29,4,5,Saturday,True,False
20181230,2018-12-30,2018,12,30,4,6,Sunday,True,False
20181231,2018-12-31,2018,12,31,4,0,Monday,False,False
20190101,2019-01-01,2019,1,1,1,1,Tuesday,False,False
20190102,2019-01-02,2019,1,2,1,2,Wednesday,False,False
20190103,2019-01-03,2019,1,3,1,3,Thursday,False,False
20190104,2019-01-04,2019,1,4,1,4,Friday,False,False
20190105,2019-01-05,2019,1,5,1,5,Saturday,True,False
20190106,2019-01-06,2019,1,6,1,6,Sunday,True,False
20190107,2019-01-07,2019,1,7,1,0,Monday,False,False
20190108,2019-01-08,2019,1,8,1,1,Tuesday,False,False
20190109,2019-01-09,2019,1,9,1,2,Wednesday,False,False
20190110,2019-01-10,2019,1,10,1,3,Thursday,False,False
20190111,2019-01-11,2019,1,11,1,4,Friday,False,False
20190112,2019-01-12,2019,1,12,1,5,Saturday,True,False
20190113,2019-01-13,2019,1,13,1,6,Sunday,True,False
20190114,2019-01-14,2019,1,14,1,0,Monday,False,False
20190115,2019-01-15,2019,1,15,1,1,Tuesday,False,False
20190116,2019-01-16,2019,1,16,1,2,Wednesday,False,False
20190117,2019-01-17,2019,1,17,1,3,Thursday,False,False
20190118,2019-01-18,2019,1,18,1,4,Friday,False,False
20190119,2019-01-19,2019,1,19,1,5,Saturday,True,False
20190120,2019-01-20,2019,1,20,1,6,Sunday,True,False
20190121,2019-01-21,2019,1,21,1,0,Monday,False,False
20190122,2019-01-22,2019,1,22,1,1,Tuesday,False,False
20190123,2019-01-23,2019,1,23,1,2,Wednesday,False,False
20190124,2019-01-24,2019,1,24,1,3,Thursday,False,False
20190125,2019-01-25,2019,1,25,1,4,Friday,False,False
20190126,2019-01-26,2019,1,26,1,5,Saturday,True,False
20190127,2019-01-27,2019,1,27,1,6,Sunday,True,False
20190128,2019-01-28,2019,1,28,1,0,Monday,False,False
20190129,2019-01-29,2019,1,29,1,1,Tuesday,False,False
20190130,2019-01-30,2019,1,30,1,2,Wednesday,False,False
20190131,2019-01-31,2019,1,31,1,3,Thursday,False,False
20190201,2019-02-01,2019,2,1,1,4,Friday,False,False
20190202,2019-02-02,2019,2,2,1,5,Saturday,True,False
20190203,2019-02-03,2019,2,3,1,6,Sunday,True,False
20190204,2019-02-04,2019,2,4,1,0,Monday,False,False
20190205,2019-02-05,2019,2,5,1,1,Tuesday,False,False
20190206,2019-02-06,2019,2,6,1,2,Wednesday,False,False
20190207,2019-02-07,2019,2,7,1,3,Thursday,False,False
20190208,2019-02-08,2019,2,8,1,4,Friday,False,False
20190209,2019-02-09,2019,2,9,1,5,Saturday,True,False
20190210,2019-02-10,2019,2,10,1,6,Sunday,True,False
20190211,2019-02-11,2019,2,11,1,0,Monday,False,False
20190212,2019-02-12,2019,2,12,1,1,Tuesday,False,False
20190213,2019-02-13,2019,2,13,1,2,Wednesday,False,False
20190214,2019-02-14,2019,2,14,1,3,Thursday,False,False
20190215,2019-02-15,2019,2,15,1,4,Friday,False,False
20190216,2019-02-16,2019,2,16,1,5,Saturday,True,False
20190217,2019-02-17,2019,2,17,1,6,Sunday,True,False
20190218,2019-02-18,2019,2,18,1,0,Monday,False,False
20190219,2019-02-19,2019,2,19,1,1,Tuesday,False,False
20190220,2019-02-20,2019,2,20,1,2,Wednesday,False,False
20190221,2019-02-21,2019,2,21,1,3,Thursday,False,False
20190222,2019-02-22,2019,2,22,1,4,Friday,False,False
20190223,2019-02-23,2019,2,23,1,5,Saturday,True,False
20190224,2019-02-24,2019,2,24,1,6,Sunday,True,False
20190225,2019-02-25,2019,2,25,1,0,Monday,False,False
20190226,2019-02-26,2019,2,26,1,1,Tuesday,False,False
20190227,2019-02-27,2019,2,27,1,2,Wednesday,False,False
20190228,2019-02-28,2019,2,28,1,3,Thursday,False,False
20190301,2019-03-01,2019,3,1,1,4,Friday,False,False
20190302,2019-03-02,2019,3,2,1,5,Saturday,True,False
20190303,2019-03-03,2019,3,3,1,6,Sunday,True,False
20190304,2019-03-04,2019,3,4,1,0,Monday,False,False
20190305,2019-03-05,2019,3,5,1,1,Tuesday,False,False
20190306,2019-03-06,2019,3,6,1,2,Wednesday,False,False
20190307,2019-03-07,2019,3,7,1,3,Thursday,False,False
20190308,2019-03-08,2019,3,8,1,4,Friday,False,False
20190309,2019-03-09,2019,3,9,1,5,Saturday,True,False
20190310,2019-03-10,2019,3,10,1,6,Sunday,True,False
20190311,2019-03-11,2019,3,11,1,0,Monday,False,False
20190312,2019-03-12,2019,3,12,1,1,Tuesday,False,False
20190313,2019-03-13,2019,3,13,1,2,Wednesday,False,False
20190314,2019-03-14,2019,3,14,1,3,Thursday,False,False
20190315,2019-03-15,2019,3,15,1,4,Friday,False,False
20190316,2019-03-16,2019,3,16,1,5,Saturday,True,False
20190317,2019-03-17,2019,3,17,1,6,Sunday,True,False
20190318,2019-03-18,2019,3,18,1,0,Monday,False,False
20190319,2019-03-19,2019,3,19,1,1,Tuesday,False,False
20190320,2019-03-20,2019,3,20,1,2,Wednesday,False,False
20190321,2019-03-21,2019,3,21,1,3,Thursday,False,False
20190322,2019-03-22,2019,3,22,1,4,Friday,False,False
20190323,2019-03-23,2019,3,23,1,5,Saturday,True,False
20190324,2019-03-24,2019,3,24,1,6,Sunday,True,False
20190325,2019-03-25,2019,3,25,1,0,Monday,False,False
20190326,2019-03-26,2019,3,26,1,1,Tuesday,False,False
20190327,2019-03-27,2019,3,27,1,2,Wednesday,False,False
20190328,2019-03-28,2019,3,28,1,3,Thursday,False,False
20190329,2019-03-29,2019,3,29,1,4,Friday,False,False
20190330,2019-03-30,2019,3,30,1,5,Saturday,True,False
20190331,2019-03-31,2019,3,31,1,6,Sunday,True,False
20190401,2019-04-01,2019,4,1,2,0,Monday,False,False
20190402,2019-04-02,2019,4,2,2,1,Tuesday,False,False
20190403,2019-04-03,2019,4,3,2,2,Wednesday,False,False
20190404,2019-04-04,2019,4,4,2,3,Thursday,False,False
20190405,2019-04-05,2019,4,5,2,4,Friday,False,False
20190406,2019-04-06,2019,4,6,2,5,Saturday,True,False
20190407,2019-04-07,2019,4,7,2,6,Sunday,True,False
20190408,2019-04-08,2019,4,8,2,0,Monday,False,False
20190409,2019-04-09,2019,4,9,2,1,Tuesday,False,False
20190410,2019-04-10,2019,4,10,2,2,Wednesday,False,False
20190411,2019-04-11,2019,4,11,2,3,Thursday,False,False
20190412,2019-04-12,2019,4,12,2,4,Friday,False,False
20190413,2019-04-13,2019,4,13,2,5,Saturday,True,False
20190414,2019-04-14,2019,4,14,2,6,Sunday,True,False
20190415,2019-04-15,2019,4,15,2,0,Monday,False,False
20190416,2019-04-16,2019,4,16,2,1,Tuesday,False,False
20190417,2019-04-17,2019,4,17,2,2,Wednesday,False,False
20190418,2019-04-18,2019,4,18,2,3,Thursday,False,False
20190419,2019-04-19,2019,4,19,2,4,Friday,False,False
20190420,2019-04-20,2019,4,20,2,5,Saturday,True,False
20190421,2019-04-21,2019,4,21,2,6,Sunday,True,False
20190422,2019-04-22,2019,4,22,2,0,Monday,False,False
20190423,2019-04-23,2019,4,23,2,1,Tuesday,False,False
20190424,2019-04-24,2019,4,24,2,2,Wednesday,False,False
20190425,2019-04-25,2019,4,25,2,3,Thursday,False,False
20190426,2019-04-26,2019,4,26,2,4,Friday,False,False
20190427,2019-04-27,2019,4,27,2,5,Saturday,True,False
20190428,2019-04-28,2019,4,28,2,6,Sunday,True,False
20190429,2019-04-29,2019,4,29,2,0,Monday,False,False
20190430,2019-04-30,2019,4,30,2,1,Tuesday,False,False
20190501,2019-05-01,2019,5,1,2,2,Wednesday,False,False
20190502,2019-05-02,2019,5,2,2,3,Thursday,False,False
20190503,2019-05-03,2019,5,3,2,4,Friday,False,False
20190504,2019-05-04,2019,5,4,2,5,Saturday,True,False
20190505,2019-05-05,2019,5,5,2,6,Sunday,True,False
20190506,2019-05-06,2019,5,6,2,0,Monday,False,False
20190507,2019-05-07,2019,5,7,2,1,Tuesday,False,False
20190508,2019-05-08,2019,5,8,2,2,Wednesday,False,False
20190509,2019-05-09,2019,5,9,2,3,Thursday,False,False
20190510,2019-05-10,2019,5,10,2,4,Friday,False,False
20190511,2019-05-11,2019,5,11,2,5,Saturday,True,False
20190512,2019-05-12,2019,5,12,2,6,Sunday,True,False
20190513,2019-05-13,2019,5,13,2,0,Monday,False,False
20190514,2019-05-14,2019,5,14,2,1,Tuesday,False,False
20190515,2019-05-15,2019,5,15,2,2,Wednesday,False,False
20190516,2019-05-16,2019,5,16,2,3,Thursday,False,False
20190517,2019-05-17,2019,5,17,2,4,Friday,False,False
20190518,2019-05-18,2019,5,18,2,5,Saturday,True,False
20190519,2019-05-19,2019,5,19,2,6,Sunday,True,False
20190520,2019-05-20,2019,5,20,2,0,Monday,False,False
20190521,2019-05-21,2019,5,21,2,1,Tuesday,False,False
20190522,2019-05-22,2019,5,22,2,2,Wednesday,False,False
20190523,2019-05-23,2019,5,23,2,3,Thursday,False,False
20190524,2019-05-24,2019,5,24,2,4,Friday,False,False
20190525,2019-05-25,2019,5,25,2,5,Saturday,True,False
20190526,2019-05-26,2019,5,26,2,6,Sunday,True,False
20190527,2019-05-27,2019,5,27,2,0,Monday,False,False
20190528,2019-05-28,2019,5,28,2,1,Tuesday,False,False
20190529,2019-05-29,2019,5,29,2,2,Wednesday,False,False
20190530,2019-05-30,2019,5,30,2,3,Thursday,False,False
20190531,2019-05-31,2019,5,31,2,4,Friday,False,False
20190601,2019-06-01,2019,6,1,2,5,Saturday,True,False
20190602,2019-06-02,2019,6,2,2,6,Sunday,True,False
20190603,2019-06-03,2019,6,3,2,0,Monday,False,False
20190604,2019-06-04,2019,6,4,2,1,Tuesday,False,False
20190605,2019-06-05,2019,6,5,2,2,Wednesday,False,False
20190606,2019-06-06,2019,6,6,2,3,Thursday,False,False
20190607,2019-06-07,2019,6,7,2,4,Friday,False,False
20190608,2019-06-08,2019,6,8,2,5,Saturday,True,False
20190609,2019-06-09,2019,6,9,2,6,Sunday,True,False
20190610,2019-06-10,2019,6,10,2,0,Monday,False,False
20190611,2019-06-11,2019,6,11,2,1,Tuesday,False,False
20190612,2019-06-12,2019,6,12,2,2,Wednesday,False,False
20190613,2019-06-13,2019,6,13,2,3,Thursday,False,False
20190614,2019-06-14,2019,6,14,2,4,Friday,False,False
20190615,2019-06-15,2019,6,15,2,5,Saturday,True,False
20190616,2019-06-16,2019,6,16,2,6,Sunday,True,False
20190617,2019-06-17,2019,6,17,2,0,Monday,False,False
20190618,2019-06-18,2019,6,18,2,1,Tuesday,False,False
20190619,2019-06-19,2019,6,19,2,2,Wednesday,False,False
20190620,2019-06-20,2019,6,20,2,3,Thursday,False,False
20190621,2019-06-21,2019,6,21,2,4,Friday,False,False
20190622,2019-06-22,2019,6,22,2,5,Saturday,True,False
20190623,2019-06-23,2019,6,23,2,6,Sunday,True,False
20190624,2019-06-24,2019,6,24,2,0,Monday,False,False
20190625,2019-06-25,2019,6,25,2,1,Tuesday,False,False
20190626,2019-06-26,2019,6,26,2,2,Wednesday,False,False
20190627,2019-06-27,2019,6,27,2,3,Thursday,False,False
20190628,2019-06-28,2019,6,28,2,4,Friday,False,False
20190629,2019-06-29,2019,6,29,2,5,Saturday,True,False
20190630,2019-06-30,2019,6,30,2,6,Sunday,True,False
20190701,2019-07-01,2019,7,1,3,0,Monday,False,False
20190702,2019-07-02,2019,7,2,3,1,Tuesday,False,False
20190703,2019-07-03,2019,7,3,3,2,Wednesday,False,False
20190704,2019-07-04,2019,7,4,3,3,Thursday,False,False
20190705,2019-07-05,2019,7,5,3,4,Friday,False,False
20190706,2019-07-06,2019,7,6,3,5,Saturday,True,False
20190707,2019-07-07,2019,7,7,3,6,Sunday,True,False
20190708,2019-07-08,2019,7,8,3,0,Monday,False,False
20190709,2019-07-09,2019,7,9,3,1,Tuesday,False,False
20190710,2019-07-10,2019,7,10,3,2,Wednesday,False,False
20190711,2019-07-11,2019,7,11,3,3,Thursday,False,False
20190712,2019-07-12,2019,7,12,3,4,Friday,False,False
20190713,2019-07-13,2019,7,13,3,5,Saturday,True,False
20190714,2019-07-14,2019,7,14,3,6,Sunday,True,False
20190715,2019-07-15,2019,7,15,3,0,Monday,False,False
20190716,2019-07-16,2019,7,16,3,1,Tuesday,False,False
20190717,2019-07-17,2019,7,17,3,2,Wednesday,False,False
20190718,2019-07-18,2019,7,18,3,3,Thursday,False,False
20190719,2019-07-19,2019,7,19,3,4,Friday,False,False
20190720,2019-07-20,2019,7,20,3,5,Saturday,True,False
20190721,2019-07-21,2019,7,21,3,6,Sunday,True,False
20190722,2019-07-22,2019,7,22,3,0,Monday,False,False
20190723,2019-07-23,2019,7,23,3,1,Tuesday,False,False
20190724,2019-07-24,2019,7,24,3,2,Wednesday,False,False
20190725,2019-07-25,2019,7,25,3,3,Thursday,False,False
20190726,2019-07-26,2019,7,26,3,4,Friday,False,False
20190727,2019-07-27,2019,7,27,3,5,Saturday,True,False
20190728,2019-07-28,2019,7,28,3,6,Sunday,True,False
20190729,2019-07-29,2019,7,29,3,0,Monday,False,False
20190730,2019-07-30,2019,7,30,3,1,Tuesday,False,False
20190731,2019-07-31,2019,7,31,3,2,Wednesday,False,False
20190801,2019-08-01,2019,8,1,3,3,Thursday,False,False
20190802,2019-08-02,2019,8,2,3,4,Friday,False,False
20190803,2019-08-03,2019,8,3,3,5,Saturday,True,False
20190804,2019-08-04,2019,8,4,3,6,Sunday,True,False
20190805,2019-08-05,2019,8,5,3,0,Monday,False,False
20190806,2019-08-06,2019,8,6,3,1,Tuesday,False,False
20190807,2019-08-07,2019,8,7,3,2,Wednesday,False,False
20190808,2019-08-08,2019,8,8,3,3,Thursday,False,False
20190809,2019-08-09,2019,8,9,3,4,Friday,False,False
20190810,2019-08-10,2019,8,10,3,5,Saturday,True,False
20190811,2019-08-11,2019,8,11,3,6,Sunday,True,False
20190812,2019-08-12,2019,8,12,3,0,Monday,False,False
20190813,2019-08-13,2019,8,13,3,1,Tuesday,False,False
20190814,2019-08-14,2019,8,14,3,2,Wednesday,False,False
20190815,2019-08-15,2019,8,15,3,3,Thursday,False,False
20190816,2019-08-16,2019,8,16,3,4,Friday,False,False
20190817,2019-08-17,2019,8,17,3,5,Saturday,True,False
20190818,2019-08-18,2019,8,18,3,6,Sunday,True,False
20190819,2019-08-19,2019,8,19,3,0,Monday,False,False
20190820,2019-08-20,2019,8,20,3,1,Tuesday,False,False
20190821,2019-08-21,2019,8,21,3,2,Wednesday,False,False
20190822,2019-08-22,2019,8,22,3,3,Thursday,False,False
20190823,2019-08-23,2019,8,23,3,4,Friday,False,False
20190824,2019-08-24,2019,8,24,3,5,Saturday,True,False
20190825,2019-08-25,2019,8,25,3,6,Sunday,True,False
20190826,2019-08-26,2019,8,26,3,0,Monday,False,False
20190827,2019-08-27,2019,8,27,3,1,Tuesday,False,False
20190828,2019-08-28,2019,8,28,3,2,Wednesday,False,False
20190829,2019-08-29,2019,8,29,3,3,Thursday,False,False
20190830,2019-08-30,2019,8,30,3,4,Friday,False,False
20190831,2019-08-31,2019,8,31,3,5,Saturday,True,False
20190901,2019-09-01,2019,9,1,3,6,Sunday,True,False
20190902,2019-09-02,2019,9,2,3,0,Monday,False,False
20190903,2019-09-03,2019,9,3,3,1,Tuesday,False,False
20190904,2019-09-04,2019,9,4,3,2,Wednesday,False,False
20190905,2019-09-05,2019,9,5,3,3,Thursday,False,False
20190906,2019-09-06,2019,9,6,3,4,Friday,False,False
20190907,2019-09-07,2019,9,7,3,5,Saturday,True,False
20190908,2019-09-08,2019,9,8,3,6,Sunday,True,False
20190909,2019-09-09,2019,9,9,3,0,Monday,False,False
20190910,2019-09-10,2019,9,10,3,1,Tuesday,False,False
20190911,2019-09-11,2019,9,11,3,2,Wednesday,False,False
20190912,2019-09-12,2019,9,12,3,3,Thursday,False,False
20190913,2019-09-13,2019,9,13,3,4,Friday,False,False
20190914,2019-09-14,2019,9,14,3,5,Saturday,True,False
20190915,2019-09-15,2019,9,15,3,6,Sunday,True,False
20190916,2019-09-16,2019,9,16,3,0,Monday,False,False
20190917,2019-09-17,2019,9,17,3,1,Tuesday,False,False
20190918,2019-09-18,2019,9,18,3,2,Wednesday,False,False
20190919,2019-09-19,2019,9,19,3,3,Thursday,False,False
20190920,2019-09-20,2019,9,20,3,4,Friday,False,False
20190921,2019-09-21,2019,9,21,3,5,Saturday,True,False
20190922,2019-09-22,2019,9,22,3,6,Sunday,True,False
20190923,2019-09-23,2019,9,23,3,0,Monday,False,False
20190924,2019-09-24,2019,9,24,3,1,Tuesday,False,False
20190925,2019-09-25,2019,9,25,3,2,Wednesday,False,False
20190926,2019-09-26,2019,9,26,3,3,Thursday,False,False
20190927,2019-09-27,2019,9,27,3,4,Friday,False,False
20190928,2019-09-28,2019,9,28,3,5,Saturday,True,False
20190929,2019-09-29,2019,9,29,3,6,Sunday,True,False
20190930,2019-09-30,2019,9,30,3,0,Monday,False,False
20191001,2019-10-01,2019,10,1,4,1,Tuesday,False,False
20191002,2019-10-02,2019,10,2,4,2,Wednesday,False,False
20191003,2019-10-03,2019,10,3,4,3,Thursday,False,False
20191004,2019-10-04,2019,10,4,4,4,Friday,False,False
20191005,2019-10-05,2019,10,5,4,5,Saturday,True,False
20191006,2019-10-06,2019,10,6,4,6,Sunday,True,False
20191007,2019-10-07,2019,10,7,4,0,Monday,False,False
20191008,2019-10-08,2019,10,8,4,1,Tuesday,False,False
20191009,2019-10-09,2019,10,9,4,2,Wednesday,False,False
20191010,2019-10-10,2019,10,10,4,3,Thursday,False,False
20191011,2019-10-11,2019,10,11,4,4,Friday,False,False
20191012,2019-10-12,2019,10,12,4,5,Saturday,True,False
20191013,2019-10-13,2019,10,13,4,6,Sunday,True,False
20191014,2019-10-14,2019,10,14,4,0,Monday,False,False
20191015,2019-10-15,2019,10,15,4,1,Tuesday,False,False
20191016,2019-10-16,2019,10,16,4,2,Wednesday,False,False
20191017,2019-10-17,2019,10,17,4,3,Thursday,False,False
20191018,2019-10-18,2019,10,18,4,4,Friday,False,False
20191019,2019-10-19,2019,10,19,4,5,Saturday,True,False
20191020,2019-10-20,2019,10,20,4,6,Sunday,True,False
20191021,2019-10-21,2019,10,21,4,0,Monday,False,False
20191022,2019-10-22,2019,10,22,4,1,Tuesday,False,False
20191023,2019-10-23,2019,10,23,4,2,Wednesday,False,False
20191024,2019-10-24,2019,10,24,4,3,Thursday,False,False
20191025,2019-10-25,2019,10,25,4,4,Friday,False,False
20191026,2019-10-26,2019,10,26,4,5,Saturday,True,False
20191027,2019-10-27,2019,10,27,4,6,Sunday,True,False
20191028,2019-10-28,2019,10,28,4,0,Monday,False,False
20191029,2019-10-29,2019,10,29,4,1,Tuesday,False,False
20191030,2019-10-30,2019,10,30,4,2,Wednesday,False,False
20191031,2019-10-31,2019,10,31,4,3,Thursday,False,False
20191101,2019-11-01,2019,11,1,4,4,Friday,False,False
20191102,2019-11-02,2019,11,2,4,5,Saturday,True,False
20191103,2019-11-03,2019,11,3,4,6,Sunday,True,False
20191104,2019-11-04,2019,11,4,4,0,Monday,False,False
20191105,2019-11-05,2019,11,5,4,1,Tuesday,False,False
20191106,2019-11-06,2019,11,6,4,2,Wednesday,False,False
20191107,2019-11-07,2019,11,7,4,3,Thursday,False,False
20191108,2019-11-08,2019,11,8,4,4,Friday,False,False
20191109,2019-11-09,2019,11,9,4,5,Saturday,True,False
20191110,2019-11-10,2019,11,10,4,6,Sunday,True,False
20191111,2019-11-11,2019,11,11,4,0,Monday,False,False
20191112,2019-11-12,2019,11,12,4,1,Tuesday,False,False
20191113,2019-11-13,2019,11,13,4,2,Wednesday,False,False
20191114,2019-11-14,2019,11,14,4,3,Thursday,False,False
20191115,2019-11-15,2019,11,15,4,4,Friday,False,False
20191116,2019-11-16,2019,11,16,4,5,Saturday,True,False
20191117,2019-11-17,2019,11,17,4,6,Sunday,True,False
20191118,2019-11-18,2019,11,18,4,0,Monday,False,False
20191119,2019-11-19,2019,11,19,4,1,Tuesday,False,False
20191120,2019-11-20,2019,11,20,4,2,Wednesday,False,False
20191121,2019-11-21,2019,11,21,4,3,Thursday,False,False
20191122,2019-11-22,2019,11,22,4,4,Friday,False,False
20191123,2019-11-23,2019,11,23,4,5,Saturday,True,False
20191124,2019-11-24,2019,11,24,4,6,Sunday,True,False
20191125,2019-11-25,2019,11,25,4,0,Monday,False,False
20191126,2019-11-26,2019,11,26,4,1,Tuesday,False,False
20191127,2019-11-27,2019,11,27,4,2,Wednesday,False,False
20191128,2019-11-28,2019,11,28,4,3,Thursday,False,False
20191129,2019-11-29,2019,11,29,4,4,Friday,False,False
20191130,2019-11-30,2019,11,30,4,5,Saturday,True,False
20191201,2019-12-01,2019,12,1,4,6,Sunday,True,False
20191202,2019-12-02,2019,12,2,4,0,Monday,False,False
20191203,2019-12-03,2019,12,3,4,1,Tuesday,False,False
20191204,2019-12-04,2019,12,4,4,2,Wednesday,False,False
20191205,2019-12-05,2019,12,5,4,3,Thursday,False,False
20191206,2019-12-06,2019,12,6,4,4,Friday,False,False
20191207,2019-12-07,2019,12,7,4,5,Saturday,True,False
20191208,2019-12-08,2019,12,8,4,6,Sunday,True,False
20191209,2019-12-09,2019,12,9,4,0,Monday,False,False
20191210,2019-12-10,2019,12,10,4,1,Tuesday,False,False
20191211,2019-12-11,2019,12,11,4,2,Wednesday,False,False
20191212,2019-12-12,2019,12,12,4,3,Thursday,False,False
20191213,2019-12-13,2019,12,13,4,4,Friday,False,False
20191214,2019-12-14,2019,12,14,4,5,Saturday,True,False
20191215,2019-12-15,2019,12,15,4,6,Sunday,True,False
20191216,2019-12-16,2019,12,16,4,0,Monday,False,False
20191217,2019-12-17,2019,12,17,4,1,Tuesday,False,False
20191218,2019-12-18,2019,12,18,4,2,Wednesday,False,False
20191219,2019-12-19,2019,12,19,4,3,Thursday,False,False
20191220,2019-12-20,2019,12,20,4,4,Friday,False,False
20191221,2019-12-21,2019,12,21,4,5,Saturday,True,False
20191222,2019-12-22,2019,12,22,4,6,Sunday,True,False
20191223,2019-12-23,2019,12,23,4,0,Monday,False,False
20191224,2019-12-24,2019,12,24,4,1,Tuesday,False,False
20191225,2019-12-25,2019,12,25,4,2,Wednesday,False,False
20191226,2019-12-26,2019,12,26,4,3,Thursday,False,False
20191227,2019-12-27,2019,12,27,4,4,Friday,False,False
20191228,2019-12-28,2019,12,28,4,5,Saturday,True,False
20191229,2019-12-29,2019,12,29,4,6,Sunday,True,False
20191230,2019-12-30,2019,12,30,4,0,Monday,False,False
20191231,2019-12-31,2019,12,31,4,1,Tuesday,False,False
20200101,2020-01-01,2020,1,1,1,2,Wednesday,False,False
20200102,2020-01-02,2020,1,2,1,3,Thursday,False,False
20200103,2020-01-03,2020,1,3,1,4,Friday,False,False
20200104,2020-01-04,2020,1,4,1,5,Saturday,True,False
20200105,2020-01-05,2020,1,5,1,6,Sunday,True,False
20200106,2020-01-06,2020,1,6,1,0,Monday,False,False
20200107,2020-01-07,2020,1,7,1,1,Tuesday,False,False
20200108,2020-01-08,2020,1,8,1,2,Wednesday,False,False
20200109,2020-01-09,2020,1,9,1,3,Thursday,False,False
20200110,2020-01-10,2020,1,10,1,4,Friday,False,False
20200111,2020-01-11,2020,1,11,1,5,Saturday,True,False
20200112,2020-01-12,2020,1,12,1,6,Sunday,True,False
20200113,2020-01-13,2020,1,13,1,0,Monday,False,False
20200114,2020-01-14,2020,1,14,1,1,Tuesday,False,False
20200115,2020-01-15,2020,1,15,1,2,Wednesday,False,False
20200116,2020-01-16,2020,1,16,1,3,Thursday,False,False
20200117,2020-01-17,2020,1,17,1,4,Friday,False,False
20200118,2020-01-18,2020,1,18,1,5,Saturday,True,False
20200119,2020-01-19,2020,1,19,1,6,Sunday,True,False
20200120,2020-01-20,2020,1,20,1,0,Monday,False,False
20200121,2020-01-21,2020,1,21,1,1,Tuesday,False,False
20200122,2020-01-22,2020,1,22,1,2,Wednesday,False,False
20200123,2020-01-23,2020,1,23,1,3,Thursday,False,False
20200124,2020-01-24,2020,1,24,1,4,Friday,False,False
20200125,2020-01-25,2020,1,25,1,5,Saturday,True,False
20200126,2020-01-26,2020,1,26,1,6,Sunday,True,False
20200127,2020-01-27,2020,1,27,1,0,Monday,False,False
20200128,2020-01-28,2020,1,28,1,1,Tuesday,False,False
20200129,2020-01-29,2020,1,29,1,2,Wednesday,False,False
20200130,2020-01-30,2020,1,30,1,3,Thursday,False,False
20200131,2020-01-31,2020,1,31,1,4,Friday,False,False
20200201,2020-02-01,2020,2,1,1,5,Saturday,True,False
20200202,2020-02-02,2020,2,2,1,6,Sunday,True,False
20200203,2020-02-03,2020,2,3,1,0,Monday,False,False
20200204,2020-02-04,2020,2,4,1,1,Tuesday,False,False
20200205,2020-02-05,2020,2,5,1,2,Wednesday,False,False
20200206,2020-02-06,2020,2,6,1,3,Thursday,False,False
20200207,2020-02-07,2020,2,7,1,4,Friday,False,False
20200208,2020-02-08,2020,2,8,1,5,Saturday,True,False
20200209,2020-02-09,2020,2,9,1,6,Sunday,True,False
20200210,2020-02-10,2020,2,10,1,0,Monday,False,False
20200211,2020-02-11,2020,2,11,1,1,Tuesday,False,False
20200212,2020-02-12,2020,2,12,1,2,Wednesday,False,False
20200213,2020-02-13,2020,2,13,1,3,Thursday,False,False
20200214,2020-02-14,2020,2,14,1,4,Friday,False,False
20200215,2020-02-15,2020,2,15,1,5,Saturday,True,False
20200216,2020-02-16,2020,2,16,1,6,Sunday,True,False
20200217,2020-02-17,2020,2,17,1,0,Monday,False,False
20200218,2020-02-18,2020,2,18,1,1,Tuesday,False,False
20200219,2020-02-19,2020,2,19,1,2,Wednesday,False,False
20200220,2020-02-20,2020,2,20,1,3,Thursday,False,False
20200221,2020-02-21,2020,2,21,1,4,Friday,False,False
20200222,2020-02-22,2020,2,22,1,5,Saturday,True,False
20200223,2020-02-23,2020,2,23,1,6,Sunday,True,False
20200224,2020-02-24,2020,2,24,1,0,Monday,False,False
20200225,2020-02-25,2020,2,25,1,1,Tuesday,False,False
20200226,2020-02-26,2020,2,26,1,2,Wednesday,False,False
20200227,2020-02-27,2020,2,27,1,3,Thursday,False,False
20200228,2020-02-28,2020,2,28,1,4,Friday,False,False
20200229,2020-02-29,2020,2,29,1,5,Saturday,True,False
20200301,2020-03-01,2020,3,1,1,6,Sunday,True,False
20200302,2020-03-02,2020,3,2,1,0,Monday,False,False
20200303,2020-03-03,2020,3,3,1,1,Tuesday,False,False
20200304,2020-03-04,2020,3,4,1,2,Wednesday,False,False
20200305,2020-03-05,2020,3,5,1,3,Thursday,False,False
20200306,2020-03-06,2020,3,6,1,4,Friday,False,False
20200307,2020-03-07,2020,3,7,1,5,Saturday,True,False
20200308,2020-03-08,2020,3,8,1,6,Sunday,True,False
20200309,2020-03-09,2020,3,9,1,0,Monday,False,False
20200310,2020-03-10,2020,3,10,1,1,Tuesday,False,False
20200311,2020-03-11,2020,3,11,1,2,Wednesday,False,False
20200312,2020-03-12,2020,3,12,1,3,Thursday,False,False
20200313,2020-03-13,2020,3,13,1,4,Friday,False,False
20200314,2020-03-14,2020,3,14,1,5,Saturday,True,False
20200315,2020-03-15,2020,3,15,1,6,Sunday,True,False
20200316,2020-03-16,2020,3,16,1,0,Monday,False,False
20200317,2020-03-17,2020,3,17,1,1,Tuesday,False,False
20200318,2020-03-18,2020,3,18,1,2,Wednesday,False,False
20200319,2020-03-19,2020,3,19,1,3,Thursday,False,False
20200320,2020-03-20,2020,3,20,1,4,Friday,False,False
20200321,2020-03-21,2020,3,21,1,5,Saturday,True,False
20200322,2020-03-22,2020,3,22,1,6,Sunday,True,False
20200323,2020-03-23,2020,3,23,1,0,Monday,False,False
20200324,2020-03-24,2020,3,24,1,1,Tuesday,False,False
20200325,2020-03-25,2020,3,25,1,2,Wednesday,False,False
20200326,2020-03-26,2020,3,26,1,3,Thursday,False,False
20200327,2020-03-27,2020,3,27,1,4,Friday,False,False
20200328,2020-03-28,2020,3,28,1,5,Saturday,True,False
20200329,2020-03-29,2020,3,29,1,6,Sunday,True,False
20200330,2020-03-30,2020,3,30,1,0,Monday,False,False
20200331,2020-03-31,2020,3,31,1,1,Tuesday,False,False
20200401,2020-04-01,2020,4,1,2,2,Wednesday,False,False
20200402,2020-04-02,2020,4,2,2,3,Thursday,False,False
20200403,2020-04-03,2020,4,3,2,4,Friday,False,False
20200404,2020-04-04,2020,4,4,2,5,Saturday,True,False
20200405,2020-04-05,2020,4,5,2,6,Sunday,True,False
20200406,2020-04-06,2020,4,6,2,0,Monday,False,False
20200407,2020-04-07,2020,4,7,2,1,Tuesday,False,False
20200408,2020-04-08,2020,4,8,2,2,Wednesday,False,False
20200409,2020-04-09,2020,4,9,2,3,Thursday,False,False
20200410,2020-04-10,2020,4,10,2,4,Friday,False,False
20200411,2020-04-11,2020,4,11,2,5,Saturday,True,False
20200412,2020-04-12,2020,4,12,2,6,Sunday,True,False
20200413,2020-04-13,2020,4,13,2,0,Monday,False,False
20200414,2020-04-14,2020,4,14,2,1,Tuesday,False,False
20200415,2020-04-15,2020,4,15,2,2,Wednesday,False,False
20200416,2020-04-16,2020,4,16,2,3,Thursday,False,False
20200417,2020-04-17,2020,4,17,2,4,Friday,False,False
20200418,2020-04-18,2020,4,18,2,5,Saturday,True,False
20200419,2020-04-19,2020,4,19,2,6,Sunday,True,False
20200420,2020-04-20,2020,4,20,2,0,Monday,False,False
20200421,2020-04-21,2020,4,21,2,1,Tuesday,False,False
20200422,2020-04-22,2020,4,22,2,2,Wednesday,False,False
20200423,2020-04-23,2020,4,23,2,3,Thursday,False,False
20200424,2020-04-24,2020,4,24,2,4,Friday,False,False
20200425,2020-04-25,2020,4,25,2,5,Saturday,True,False
20200426,2020-04-26,2020,4,26,2,6,Sunday,True,False
20200427,2020-04-27,2020,4,27,2,0,Monday,False,False
20200428,2020-04-28,2020,4,28,2,1,Tuesday,False,False
20200429,2020-04-29,2020,4,29,2,2,Wednesday,False,False
20200430,2020-04-30,2020,4,30,2,3,Thursday,False,False
20200501,2020-05-01,2020,5,1,2,4,Friday,False,False
20200502,2020-05-02,2020,5,2,2,5,Saturday,True,False
20200503,2020-05-03,2020,5,3,2,6,Sunday,True,False
20200504,2020-05-04,2020,5,4,2,0,Monday,False,False
20200505,2020-05-05,2020,5,5,2,1,Tuesday,False,False
20200506,2020-05-06,2020,5,6,2,2,Wednesday,False,False
20200507,2020-05-07,2020,5,7,2,3,Thursday,False,False
20200508,2020-05-08,2020,5,8,2,4,Friday,False,False
20200509,2020-05-09,2020,5,9,2,5,Saturday,True,False
20200510,2020-05-10,2020,5,10,2,6,Sunday,True,False
20200511,2020-05-11,2020,5,11,2,0,Monday,False,False
20200512,2020-05-12,2020,5,12,2,1,Tuesday,False,False
20200513,2020-05-13,2020,5,13,2,2,Wednesday,False,False
20200514,2020-05-14,2020,5,14,2,3,Thursday,False,False
20200515,2020-05-15,2020,5,15,2,4,Friday,False,False
20200516,2020-05-16,2020,5,16,2,5,Saturday,True,False
20200517,2020-05-17,2020,5,17,2,6,Sunday,True,False
20200518,2020-05-18,2020,5,18,2,0,Monday,False,False
20200519,2020-05-19,2020,5,19,2,1,Tuesday,False,False
20200520,2020-05-20,2020,5,20,2,2,Wednesday,False,False
20200521,2020-05-21,2020,5,21,2,3,Thursday,False,False
20200522,2020-05-22,2020,5,22,2,4,Friday,False,False
20200523,2020-05-23,2020,5,23,2,5,Saturday,True,False
20200524,2020-05-24,2020,5,24,2,6,Sunday,True,False
20200525,2020-05-25,2020,5,25,2,0,Monday,False,False
20200526,2020-05-26,2020,5,26,2,1,Tuesday,False,False
20200527,2020-05-27,2020,5,27,2,2,Wednesday,False,False
20200528,2020-05-28,2020,5,28,2,3,Thursday,False,False
20200529,2020-05-29,2020,5,29,2,4,Friday,False,False
20200530,2020-05-30,2020,5,30,2,5,Saturday,True,False
20200531,2020-05-31,2020,5,31,2,6,Sunday,True,False
20200601,2020-06-01,2020,6,1,2,0,Monday,False,False
20200602,2020-06-02,2020,6,2,2,1,Tuesday,False,False
20200603,2020-06-03,2020,6,3,2,2,Wednesday,False,False
20200604,2020-06-04,2020,6,4,2,3,Thursday,False,False
20200605,2020-06-05,2020,6,5,2,4,Friday,False,False
20200606,2020-06-06,2020,6,6,2,5,Saturday,True,False
20200607,2020-06-07,2020,6,7,2,6,Sunday,True,False
20200608,2020-06-08,2020,6,8,2,0,Monday,False,False
20200609,2020-06-09,2020,6,9,2,1,Tuesday,False,False
20200610,2020-06-10,2020,6,10,2,2,Wednesday,False,False
20200611,2020-06-11,2020,6,11,2,3,Thursday,False,False
20200612,2020-06-12,2020,6,12,2,4,Friday,False,False
20200613,2020-06-13,2020,6,13,2,5,Saturday,True,False
20200614,2020-06-14,2020,6,14,2,6,Sunday,True,False
20200615,2020-06-15,2020,6,15,2,0,Monday,False,False
20200616,2020-06-16,2020,6,16,2,1,Tuesday,False,False
20200617,2020-06-17,2020,6,17,2,2,Wednesday,False,False
20200618,2020-06-18,2020,6,18,2,3,Thursday,False,False
20200619,2020-06-19,2020,6,19,2,4,Friday,False,False
20200620,2020-06-20,2020,6,20,2,5,Saturday,True,False
20200621,2020-06-21,2020,6,21,2,6,Sunday,True,False
20200622,2020-06-22,2020,6,22,2,0,Monday,False,False
20200623,2020-06-23,2020,6,23,2,1,Tuesday,False,False
20200624,2020-06-24,2020,6,24,2,2,Wednesday,False,False
20200625,2020-06-25,2020,6,25,2,3,Thursday,False,False
20200626,2020-06-26,2020,6,26,2,4,Friday,False,False
20200627,2020-06-27,2020,6,27,2,5,Saturday,True,False
20200628,2020-06-28,2020,6,28,2,6,Sunday,True,False
20200629,2020-06-29,2020,6,29,2,0,Monday,False,False
20200630,2020-06-30,2020,6,30,2,1,Tuesday,False,False
20200701,2020-07-01,2020,7,1,3,2,Wednesday,False,False
20200702,2020-07-02,2020,7,2,3,3,Thursday,False,False
20200703,2020-07-03,2020,7,3,3,4,Friday,False,False
20200704,2020-07-04,2020,7,4,3,5,Saturday,True,False
20200705,2020-07-05,2020,7,5,3,6,Sunday,True,False
20200706,2020-07-06,2020,7,6,3,0,Monday,False,False
20200707,2020-07-07,2020,7,7,3,1,Tuesday,False,False
20200708,2020-07-08,2020,7,8,3,2,Wednesday,False,False
20200709,2020-07-09,2020,7,9,3,3,Thursday,False,False
20200710,2020-07-10,2020,7,10,3,4,Friday,False,False
20200711,2020-07-11,2020,7,11,3,5,Saturday,True,False
20200712,2020-07-12,2020,7,12,3,6,Sunday,True,False
20200713,2020-07-13,2020,7,13,3,0,Monday,False,False
20200714,2020-07-14,2020,7,14,3,1,Tuesday,False,False
20200715,2020-07-15,2020,7,15,3,2,Wednesday,False,False
20200716,2020-07-16,2020,7,16,3,3,Thursday,False,False
20200717,2020-07-17,2020,7,17,3,4,Friday,False,False
20200718,2020-07-18,2020,7,18,3,5,Saturday,True,False
20200719,2020-07-19,2020,7,19,3,6,Sunday,True,False
20200720,2020-07-20,2020,7,20,3,0,Monday,False,False
20200721,2020-07-21,2020,7,21,3,1,Tuesday,False,False
20200722,2020-07-22,2020,7,22,3,2,Wednesday,False,False
20200723,2020-07-23,2020,7,23,3,3,Thursday,False,False
20200724,2020-07-24,2020,7,24,3,4,Friday,False,False
20200725,2020-07-25,2020,7,25,3,5,Saturday,True,False
20200726,2020-07-26,2020,7,26,3,6,Sunday,True,False
20200727,2020-07-27,2020,7,27,3,0,Monday,False,False
20200728,2020-07-28,2020,7,28,3,1,Tuesday,False,False
20200729,2020-07-29,2020,7,29,3,2,Wednesday,False,False
20200730,2020-07-30,2020,7,30,3,3,Thursday,False,False
20200731,2020-07-31,2020,7,31,3,4,Friday,False,False
20200801,2020-08-01,2020,8,1,3,5,Saturday,True,False
20200802,2020-08-02,2020,8,2,3,6,Sunday,True,False
20200803,2020-08-03,2020,8,3,3,0,Monday,False,False
20200804,2020-08-04,2020,8,4,3,1,Tuesday,False,False
20200805,2020-08-05,2020,8,5,3,2,Wednesday,False,False
20200806,2020-08-06,2020,8,6,3,3,Thursday,False,False
20200807,2020-08-07,2020,8,7,3,4,Friday,False,False
20200808,2020-08-08,2020,8,8,3,5,Saturday,True,False
20200809,2020-08-09,2020,8,9,3,6,Sunday,True,False
20200810,2020-08-10,2020,8,10,3,0,Monday,False,False
20200811,2020-08-11,2020,8,11,3,1,Tuesday,False,False
20200812,2020-08-12,2020,8,12,3,2,Wednesday,False,False
20200813,2020-08-13,2020,8,13,3,3,Thursday,False,False
20200814,2020-08-14,2020,8,14,3,4,Friday,False,False
20200815,2020-08-15,2020,8,15,3,5,Saturday,True,False
20200816,2020-08-16,2020,8,16,3,6,Sunday,True,False
20200817,2020-08-17,2020,8,17,3,0,Monday,False,False
20200818,2020-08-18,2020,8,18,3,1,Tuesday,False,False
20200819,2020-08-19,2020,8,19,3,2,Wednesday,False,False
20200820,2020-08-20,2020,8,20,3,3,Thursday,False,False
20200821,2020-08-21,2020,8,21,3,4,Friday,False,False
20200822,2020-08-22,2020,8,22,3,5,Saturday,True,False
20200823,2020-08-23,2020,8,23,3,6,Sunday,True,False
20200824,2020-08-24,2020,8,24,3,0,Monday,False,False
20200825,2020-08-25,2020,8,25,3,1,Tuesday,False,False
20200826,2020-08-26,2020,8,26,3,2,Wednesday,False,False
20200827,2020-08-27,2020,8,27,3,3,Thursday,False,False
20200828,2020-08-28,2020,8,28,3,4,Friday,False,False
20200829,2020-08-29,2020,8,29,3,5,Saturday,True,False
20200830,2020-08-30,2020,8,30,3,6,Sunday,True,False
20200831,2020-08-31,2020,8,31,3,0,Monday,False,False
20200901,2020-09-01,2020,9,1,3,1,Tuesday,False,False
20200902,2020-09-02,2020,9,2,3,2,Wednesday,False,False
20200903,2020-09-03,2020,9,3,3,3,Thursday,False,False
20200904,2020-09-04,2020,9,4,3,4,Friday,False,False
20200905,2020-09-05,2020,9,5,3,5,Saturday,True,False
20200906,2020-09-06,2020,9,6,3,6,Sunday,True,False
20200907,2020-09-07,2020,9,7,3,0,Monday,False,False
20200908,2020-09-08,2020,9,8,3,1,Tuesday,False,False
20200909,2020-09-09,2020,9,9,3,2,Wednesday,False,False
20200910,2020-09-10,2020,9,10,3,3,Thursday,False,False
20200911,2020-09-11,2020,9,11,3,4,Friday,False,False
20200912,2020-09-12,2020,9,12,3,5,Saturday,True,False
20200913,2020-09-13,2020,9,13,3,6,Sunday,True,False
20200914,2020-09-14,2020,9,14,3,0,Monday,False,False
20200915,2020-09-15,2020,9,15,3,1,Tuesday,False,False
20200916,2020-09-16,2020,9,16,3,2,Wednesday,False,False
20200917,2020-09-17,2020,9,17,3,3,Thursday,False,False
20200918,2020-09-18,2020,9,18,3,4,Friday,False,False
20200919,2020-09-19,2020,9,19,3,5,Saturday,True,False
20200920,2020-09-20,2020,9,20,3,6,Sunday,True,False
20200921,2020-09-21,2020,9,21,3,0,Monday,False,False
20200922,2020-09-22,2020,9,22,3,1,Tuesday,False,False
20200923,2020-09-23,2020,9,23,3,2,Wednesday,False,False
20200924,2020-09-24,2020,9,24,3,3,Thursday,False,False
20200925,2020-09-25,2020,9,25,3,4,Friday,False,False
20200926,2020-09-26,2020,9,26,3,5,Saturday,True,False
20200927,2020-09-27,2020,9,27,3,6,Sunday,True,False
20200928,2020-09-28,2020,9,28,3,0,Monday,False,False
20200929,2020-09-29,2020,9,29,3,1,Tuesday,False,False
20200930,2020-09-30,2020,9,30,3,2,Wednesday,False,False
20201001,2020-10-01,2020,10,1,4,3,Thursday,False,False
20201002,2020-10-02,2020,10,2,4,4,Friday,False,False
20201003,2020-10-03,2020,10,3,4,5,Saturday,True,False
20201004,2020-10-04,2020,10,4,4,6,Sunday,True,False
20201005,2020-10-05,2020,10,5,4,0,Monday,False,False
20201006,2020-10-06,2020,10,6,4,1,Tuesday,False,False
20201007,2020-10-07,2020,10,7,4,2,Wednesday,False,False
20201008,2020-10-08,2020,10,8,4,3,Thursday,False,False
20201009,2020-10-09,2020,10,9,4,4,Friday,False,False
20201010,2020-10-10,2020,10,10,4,5,Saturday,True,False
20201011,2020-10-11,2020,10,11,4,6,Sunday,True,False
20201012,2020-10-12,2020,10,12,4,0,Monday,False,False
20201013,2020-10-13,2020,10,13,4,1,Tuesday,False,False
20201014,2020-10-14,2020,10,14,4,2,Wednesday,False,False
20201015,2020-10-15,2020,10,15,4,3,Thursday,False,False
20201016,2020-10-16,2020,10,16,4,4,Friday,False,False
20201017,2020-10-17,2020,10,17,4,5,Saturday,True,False
20201018,2020-10-18,2020,10,18,4,6,Sunday,True,False
20201019,2020-10-19,2020,10,19,4,0,Monday,False,False
20201020,2020-10-20,2020,10,20,4,1,Tuesday,False,False
20201021,2020-10-21,2020,10,21,4,2,Wednesday,False,False
20201022,2020-10-22,2020,10,22,4,3,Thursday,False,False
20201023,2020-10-23,2020,10,23,4,4,Friday,False,False
20201024,2020-10-24,2020,10,24,4,5,Saturday,True,False
20201025,2020-10-25,2020,10,25,4,6,Sunday,True,False
20201026,2020-10-26,2020,10,26,4,0,Monday,False,False
20201027,2020-10-27,2020,10,27,4,1,Tuesday,False,False
20201028,2020-10-28,2020,10,28,4,2,Wednesday,False,False
20201029,2020-10-29,2020,10,29,4,3,Thursday,False,False
20201030,2020-10-30,2020,10,30,4,4,Friday,False,False
20201031,2020-10-31,2020,10,31,4,5,Saturday,True,False
20201101,2020-11-01,2020,11,1,4,6,Sunday,True,False
20201102,2020-11-02,2020,11,2,4,0,Monday,False,False
20201103,2020-11-03,2020,11,3,4,1,Tuesday,False,False
20201104,2020-11-04,2020,11,4,4,2,Wednesday,False,False
20201105,2020-11-05,2020,11,5,4,3,Thursday,False,False
20201106,2020-11-06,2020,11,6,4,4,Friday,False,False
20201107,2020-11-07,2020,11,7,4,5,Saturday,True,False
20201108,2020-11-08,2020,11,8,4,6,Sunday,True,False
20201109,2020-11-09,2020,11,9,4,0,Monday,False,False
20201110,2020-11-10,2020,11,10,4,1,Tuesday,False,False
20201111,2020-11-11,2020,11,11,4,2,Wednesday,False,False
20201112,2020-11-12,2020,11,12,4,3,Thursday,False,False
20201113,2020-11-13,2020,11,13,4,4,Friday,False,False
20201114,2020-11-14,2020,11,14,4,5,Saturday,True,False
20201115,2020-11-15,2020,11,15,4,6,Sunday,True,False
20201116,2020-11-16,2020,11,16,4,0,Monday,False,False
20201117,2020-11-17,2020,11,17,4,1,Tuesday,False,False
20201118,2020-11-18,2020,11,18,4,2,Wednesday,False,False
20201119,2020-11-19,2020,11,19,4,3,Thursday,False,False
20201120,2020-11-20,2020,11,20,4,4,Friday,False,False
20201121,2020-11-21,2020,11,21,4,5,Saturday,True,False
20201122,2020-11-22,2020,11,22,4,6,Sunday,True,False
20201123,2020-11-23,2020,11,23,4,0,Monday,False,False
20201124,2020-11-24,2020,11,24,4,1,Tuesday,False,False
20201125,2020-11-25,2020,11,25,4,2,Wednesday,False,False
20201126,2020-11-26,2020,11,26,4,3,Thursday,False,False
20201127,2020-11-27,2020,11,27,4,4,Friday,False,False
20201128,2020-11-28,2020,11,28,4,5,Saturday,True,False
20201129,2020-11-29,2020,11,29,4,6,Sunday,True,False
20201130,2020-11-30,2020,11,30,4,0,Monday,False,False
20201201,2020-12-01,2020,12,1,4,1,Tuesday,False,False
20201202,2020-12-02,2020,12,2,4,2,Wednesday,False,False
20201203,2020-12-03,2020,12,3,4,3,Thursday,False,False
20201204,2020-12-04,2020,12,4,4,4,Friday,False,False
20201205,2020-12-05,2020,12,5,4,5,Saturday,True,False
20201206,2020-12-06,2020,12,6,4,6,Sunday,True,False
20201207,2020-12-07,2020,12,7,4,0,Monday,False,False
20201208,2020-12-08,2020,12,8,4,1,Tuesday,False,False
20201209,2020-12-09,2020,12,9,4,2,Wednesday,False,False
20201210,2020-12-10,2020,12,10,4,3,Thursday,False,False
20201211,2020-12-11,2020,12,11,4,4,Friday,False,False
20201212,2020-12-12,2020,12,12,4,5,Saturday,True,False
20201213,2020-12-13,2020,12,13,4,6,Sunday,True,False
20201214,2020-12-14,2020,12,14,4,0,Monday,False,False
20201215,2020-12-15,2020,12,15,4,1,Tuesday,False,False
20201216,2020-12-16,2020,12,16,4,2,Wednesday,False,False
20201217,2020-12-17,2020,12,17,4,3,Thursday,False,False
20201218,2020-12-18,2020,12,18,4,4,Friday,False,False
20201219,2020-12-19,2020,12,19,4,5,Saturday,True,False
20201220,2020-12-20,2020,12,20,4,6,Sunday,True,False
20201221,2020-12-21,2020,12,21,4,0,Monday,False,False
20201222,2020-12-22,2020,12,22,4,1,Tuesday,False,False
20201223,2020-12-23,2020,12,23,4,2,Wednesday,False,False
20201224,2020-12-24,2020,12,24,4,3,Thursday,False,False
20201225,2020-12-25,2020,12,25,4,4,Friday,False,False
20201226,2020-12-26,2020,12,26,4,5,Saturday,True,False
20201227,2020-12-27,2020,12,27,4,6,Sunday,True,False
20201228,2020-12-28,2020,12,28,4,0,Monday,False,False
20201229,2020-12-29,2020,12,29,4,1,Tuesday,False,False
20201230,2020-12-30,2020,12,30,4,2,Wednesday,False,False
20201231,2020-12-31,2020,12,31,4,3,Thursday,False,False
20210101,2021-01-01,2021,1,1,1,4,Friday,False,False
20210102,2021-01-02,2021,1,2,1,5,Saturday,True,False
20210103,2021-01-03,2021,1,3,1,6,Sunday,True,False
20210104,2021-01-04,2021,1,4,1,0,Monday,False,False
20210105,2021-01-05,2021,1,5,1,1,Tuesday,False,False
20210106,2021-01-06,2021,1,6,1,2,Wednesday,False,False
20210107,2021-01-07,2021,1,7,1,3,Thursday,False,False
20210108,2021-01-08,2021,1,8,1,4,Friday,False,False
20210109,2021-01-09,2021,1,9,1,5,Saturday,True,False
20210110,2021-01-10,2021,1,10,1,6,Sunday,True,False
20210111,2021-01-11,2021,1,11,1,0,Monday,False,False
20210112,2021-01-12,2021,1,12,1,1,Tuesday,False,False
20210113,2021-01-13,2021,1,13,1,2,Wednesday,False,False
20210114,2021-01-14,2021,1,14,1,3,Thursday,False,False
20210115,2021-01-15,2021,1,15,1,4,Friday,False,False
20210116,2021-01-16,2021,1,16,1,5,Saturday,True,False
20210117,2021-01-17,2021,1,17,1,6,Sunday,True,False
20210118,2021-01-18,2021,1,18,1,0,Monday,False,False
20210119,2021-01-19,2021,1,19,1,1,Tuesday,False,False
20210120,2021-01-20,2021,1,20,1,2,Wednesday,False,False
20210121,2021-01-21,2021,1,21,1,3,Thursday,False,False
20210122,2021-01-22,2021,1,22,1,4,Friday,False,False
20210123,2021-01-23,2021,1,23,1,5,Saturday,True,False
20210124,2021-01-24,2021,1,24,1,6,Sunday,True,False
20210125,2021-01-25,2021,1,25,1,0,Monday,False,False
20210126,2021-01-26,2021,1,26,1,1,Tuesday,False,False
20210127,2021-01-27,2021,1,27,1,2,Wednesday,False,False
20210128,2021-01-28,2021,1,28,1,3,Thursday,False,False
20210129,2021-01-29,2021,1,29,1,4,Friday,False,False
20210130,2021-01-30,2021,1,30,1,5,Saturday,True,False
20210131,2021-01-31,2021,1,31,1,6,Sunday,True,False
20210201,2021-02-01,2021,2,1,1,0,Monday,False,False
20210202,2021-02-02,2021,2,2,1,1,Tuesday,False,False
20210203,2021-02-03,2021,2,3,1,2,Wednesday,False,False
20210204,2021-02-04,2021,2,4,1,3,Thursday,False,False
20210205,2021-02-05,2021,2,5,1,4,Friday,False,False
20210206,2021-02-06,2021,2,6,1,5,Saturday,True,False
20210207,2021-02-07,2021,2,7,1,6,Sunday,True,False
20210208,2021-02-08,2021,2,8,1,0,Monday,False,False
20210209,2021-02-09,2021,2,9,1,1,Tuesday,False,False
20210210,2021-02-10,2021,2,10,1,2,Wednesday,False,False
20210211,2021-02-11,2021,2,11,1,3,Thursday,False,False
20210212,2021-02-12,2021,2,12,1,4,Friday,False,False
20210213,2021-02-13,2021,2,13,1,5,Saturday,True,False
20210214,2021-02-14,2021,2,14,1,6,Sunday,True,False
20210215,2021-02-15,2021,2,15,1,0,Monday,False,False
20210216,2021-02-16,2021,2,16,1,1,Tuesday,False,False
20210217,2021-02-17,2021,2,17,1,2,Wednesday,False,False
20210218,2021-02-18,2021,2,18,1,3,Thursday,False,False
20210219,2021-02-19,2021,2,19,1,4,Friday,False,False
20210220,2021-02-20,2021,2,20,1,5,Saturday,True,False
20210221,2021-02-21,2021,2,21,1,6,Sunday,True,False
20210222,2021-02-22,2021,2,22,1,0,Monday,False,False
20210223,2021-02-23,2021,2,23,1,1,Tuesday,False,False
20210224,2021-02-24,2021,2,24,1,2,Wednesday,False,False
20210225,2021-02-25,2021,2,25,1,3,Thursday,False,False
20210226,2021-02-26,2021,2,26,1,4,Friday,False,False
20210227,2021-02-27,2021,2,27,1,5,Saturday,True,False
20210228,2021-02-28,2021,2,28,1,6,Sunday,True,False
20210301,2021-03-01,2021,3,1,1,0,Monday,False,False
20210302,2021-03-02,2021,3,2,1,1,Tuesday,False,False
20210303,2021-03-03,2021,3,3,1,2,Wednesday,False,False
20210304,2021-03-04,2021,3,4,1,3,Thursday,False,False
20210305,2021-03-05,2021,3,5,1,4,Friday,False,False
20210306,2021-03-06,2021,3,6,1,5,Saturday,True,False
20210307,2021-03-07,2021,3,7,1,6,Sunday,True,False
20210308,2021-03-08,2021,3,8,1,0,Monday,False,False
20210309,2021-03-09,2021,3,9,1,1,Tuesday,False,False
20210310,2021-03-10,2021,3,10,1,2,Wednesday,False,False
20210311,2021-03-11,2021,3,11,1,3,Thursday,False,False
20210312,2021-03-12,2021,3,12,1,4,Friday,False,False
20210313,2021-03-13,2021,3,13,1,5,Saturday,True,False
20210314,2021-03-14,2021,3,14,1,6,Sunday,True,False
20210315,2021-03-15,2021,3,15,1,0,Monday,False,False
20210316,2021-03-16,2021,3,16,1,1,Tuesday,False,False
20210317,2021-03-17,2021,3,17,1,2,Wednesday,False,False
20210318,2021-03-18,2021,3,18,1,3,Thursday,False,False
20210319,2021-03-19,2021,3,19,1,4,Friday,False,False
20210320,2021-03-20,2021,3,20,1,5,Saturday,True,False
20210321,2021-03-21,2021,3,21,1,6,Sunday,True,False
20210322,2021-03-22,2021,3,22,1,0,Monday,False,False
20210323,2021-03-23,2021,3,23,1,1,Tuesday,False,False
20210324,2021-03-24,2021,3,24,1,2,Wednesday,False,False
20210325,2021-03-25,2021,3,25,1,3,Thursday,False,False
20210326,2021-03-26,2021,3,26,1,4,Friday,False,False
20210327,2021-03-27,2021,3,27,1,5,Saturday,True,False
20210328,2021-03-28,2021,3,28,1,6,Sunday,True,False
20210329,2021-03-29,2021,3,29,1,0,Monday,False,False
20210330,2021-03-30,2021,3,30,1,1,Tuesday,False,False
20210331,2021-03-31,2021,3,31,1,2,Wednesday,False,False
20210401,2021-04-01,2021,4,1,2,3,Thursday,False,False
20210402,2021-04-02,2021,4,2,2,4,Friday,False,False
20210403,2021-04-03,2021,4,3,2,5,Saturday,True,False
20210404,2021-04-04,2021,4,4,2,6,Sunday,True,False
20210405,2021-04-05,2021,4,5,2,0,Monday,False,False
20210406,2021-04-06,2021,4,6,2,1,Tuesday,False,False
20210407,2021-04-07,2021,4,7,2,2,Wednesday,False,False
20210408,2021-04-08,2021,4,8,2,3,Thursday,False,False
20210409,2021-04-09,2021,4,9,2,4,Friday,False,False
20210410,2021-04-10,2021,4,10,2,5,Saturday,True,False
20210411,2021-04-11,2021,4,11,2,6,Sunday,True,False
20210412,2021-04-12,2021,4,12,2,0,Monday,False,False
20210413,2021-04-13,2021,4,13,2,1,Tuesday,False,False
20210414,2021-04-14,2021,4,14,2,2,Wednesday,False,False
20210415,2021-04-15,2021,4,15,2,3,Thursday,False,False
20210416,2021-04-16,2021,4,16,2,4,Friday,False,False
20210417,2021-04-17,2021,4,17,2,5,Saturday,True,False
20210418,2021-04-18,2021,4,18,2,6,Sunday,True,False
20210419,2021-04-19,2021,4,19,2,0,Monday,False,False
20210420,2021-04-20,2021,4,20,2,1,Tuesday,False,False
20210421,2021-04-21,2021,4,21,2,2,Wednesday,False,False
20210422,2021-04-22,2021,4,22,2,3,Thursday,False,False
20210423,2021-04-23,2021,4,23,2,4,Friday,False,False
20210424,2021-04-24,2021,4,24,2,5,Saturday,True,False
20210425,2021-04-25,2021,4,25,2,6,Sunday,True,False
20210426,2021-04-26,2021,4,26,2,0,Monday,False,False
20210427,2021-04-27,2021,4,27,2,1,Tuesday,False,False
20210428,2021-04-28,2021,4,28,2,2,Wednesday,False,False
20210429,2021-04-29,2021,4,29,2,3,Thursday,False,False
20210430,2021-04-30,2021,4,30,2,4,Friday,False,False
20210501,2021-05-01,2021,5,1,2,5,Saturday,True,False
20210502,2021-05-02,2021,5,2,2,6,Sunday,True,False
20210503,2021-05-03,2021,5,3,2,0,Monday,False,False
20210504,2021-05-04,2021,5,4,2,1,Tuesday,False,False
20210505,2021-05-05,2021,5,5,2,2,Wednesday,False,False
20210506,2021-05-06,2021,5,6,2,3,Thursday,False,False
20210507,2021-05-07,2021,5,7,2,4,Friday,False,False
20210508,2021-05-08,2021,5,8,2,5,Saturday,True,False
20210509,2021-05-09,2021,5,9,2,6,Sunday,True,False
20210510,2021-05-10,2021,5,10,2,0,Monday,False,False
20210511,2021-05-11,2021,5,11,2,1,Tuesday,False,False
20210512,2021-05-12,2021,5,12,2,2,Wednesday,False,False
20210513,2021-05-13,2021,5,13,2,3,Thursday,False,False
20210514,2021-05-14,2021,5,14,2,4,Friday,False,False
20210515,2021-05-15,2021,5,15,2,5,Saturday,True,False
20210516,2021-05-16,2021,5,16,2,6,Sunday,True,False
20210517,2021-05-17,2021,5,17,2,0,Monday,False,False
20210518,2021-05-18,2021,5,18,2,1,Tuesday,False,False
20210519,2021-05-19,2021,5,19,2,2,Wednesday,False,False
20210520,2021-05-20,2021,5,20,2,3,Thursday,False,False
20210521,2021-05-21,2021,5,21,2,4,Friday,False,False
20210522,2021-05-22,2021,5,22,2,5,Saturday,True,False
20210523,2021-05-23,2021,5,23,2,6,Sunday,True,False
20210524,2021-05-24,2021,5,24,2,0,Monday,False,False
20210525,2021-05-25,2021,5,25,2,1,Tuesday,False,False
20210526,2021-05-26,2021,5,26,2,2,Wednesday,False,False
20210527,2021-05-27,2021,5,27,2,3,Thursday,False,False
20210528,2021-05-28,2021,5,28,2,4,Friday,False,False
20210529,2021-05-29,2021,5,29,2,5,Saturday,True,False
20210530,2021-05-30,2021,5,30,2,6,Sunday,True,False
20210531,2021-05-31,2021,5,31,2,0,Monday,False,False
20210601,2021-06-01,2021,6,1,2,1,Tuesday,False,False
20210602,2021-06-02,2021,6,2,2,2,Wednesday,False,False
20210603,2021-06-03,2021,6,3,2,3,Thursday,False,False
20210604,2021-06-04,2021,6,4,2,4,Friday,False,False
20210605,2021-06-05,2021,6,5,2,5,Saturday,True,False
20210606,2021-06-06,2021,6,6,2,6,Sunday,True,False
20210607,2021-06-07,2021,6,7,2,0,Monday,False,False
20210608,2021-06-08,2021,6,8,2,1,Tuesday,False,False
20210609,2021-06-09,2021,6,9,2,2,Wednesday,False,False
20210610,2021-06-10,2021,6,10,2,3,Thursday,False,False
20210611,2021-06-11,2021,6,11,2,4,Friday,False,False
20210612,2021-06-12,2021,6,12,2,5,Saturday,True,False
20210613,2021-06-13,2021,6,13,2,6,Sunday,True,False
20210614,2021-06-14,2021,6,14,2,0,Monday,False,False
20210615,2021-06-15,2021,6,15,2,1,Tuesday,False,False
20210616,2021-06-16,2021,6,16,2,2,Wednesday,False,False
20210617,2021-06-17,2021,6,17,2,3,Thursday,False,False
20210618,2021-06-18,2021,6,18,2,4,Friday,False,False
20210619,2021-06-19,2021,6,19,2,5,Saturday,True,False
20210620,2021-06-20,2021,6,20,2,6,Sunday,True,False
20210621,2021-06-21,2021,6,21,2,0,Monday,False,False
20210622,2021-06-22,2021,6,22,2,1,Tuesday,False,False
20210623,2021-06-23,2021,6,23,2,2,Wednesday,False,False
20210624,2021-06-24,2021,6,24,2,3,Thursday,False,False
20210625,2021-06-25,2021,6,25,2,4,Friday,False,False
20210626,2021-06-26,2021,6,26,2,5,Saturday,True,False
20210627,2021-06-27,2021,6,27,2,6,Sunday,True,False
20210628,2021-06-28,2021,6,28,2,0,Monday,False,False
20210629,2021-06-29,2021,6,29,2,1,Tuesday,False,False
20210630,2021-06-30,2021,6,30,2,2,Wednesday,False,False
20210701,2021-07-01,2021,7,1,3,3,Thursday,False,False
20210702,2021-07-02,2021,7,2,3,4,Friday,False,False
20210703,2021-07-03,2021,7,3,3,5,Saturday,True,False
20210704,2021-07-04,2021,7,4,3,6,Sunday,True,False
20210705,2021-07-05,2021,7,5,3,0,Monday,False,False
20210706,2021-07-06,2021,7,6,3,1,Tuesday,False,False
20210707,2021-07-07,2021,7,7,3,2,Wednesday,False,False
20210708,2021-07-08,2021,7,8,3,3,Thursday,False,False
20210709,2021-07-09,2021,7,9,3,4,Friday,False,False
20210710,2021-07-10,2021,7,10,3,5,Saturday,True,False
20210711,2021-07-11,2021,7,11,3,6,Sunday,True,False
20210712,2021-07-12,2021,7,12,3,0,Monday,False,False
20210713,2021-07-13,2021,7,13,3,1,Tuesday,False,False
20210714,2021-07-14,2021,7,14,3,2,Wednesday,False,False
20210715,2021-07-15,2021,7,15,3,3,Thursday,False,False
20210716,2021-07-16,2021,7,16,3,4,Friday,False,False
20210717,2021-07-17,2021,7,17,3,5,Saturday,True,False
20210718,2021-07-18,2021,7,18,3,6,Sunday,True,False
20210719,2021-07-19,2021,7,19,3,0,Monday,False,False
20210720,2021-07-20,2021,7,20,3,1,Tuesday,False,False
20210721,2021-07-21,2021,7,21,3,2,Wednesday,False,False
20210722,2021-07-22,2021,7,22,3,3,Thursday,False,False
20210723,2021-07-23,2021,7,23,3,4,Friday,False,False
20210724,2021-07-24,2021,7,24,3,5,Saturday,True,False
20210725,2021-07-25,2021,7,25,3,6,Sunday,True,False
20210726,2021-07-26,2021,7,26,3,0,Monday,False,False
20210727,2021-07-27,2021,7,27,3,1,Tuesday,False,False
20210728,2021-07-28,2021,7,28,3,2,Wednesday,False,False
20210729,2021-07-29,2021,7,29,3,3,Thursday,False,False
20210730,2021-07-30,2021,7,30,3,4,Friday,False,False
20210731,2021-07-31,2021,7,31,3,5,Saturday,True,False
20210801,2021-08-01,2021,8,1,3,6,Sunday,True,False
20210802,2021-08-02,2021,8,2,3,0,Monday,False,False
20210803,2021-08-03,2021,8,3,3,1,Tuesday,False,False
20210804,2021-08-04,2021,8,4,3,2,Wednesday,False,False
20210805,2021-08-05,2021,8,5,3,3,Thursday,False,False
20210806,2021-08-06,2021,8,6,3,4,Friday,False,False
20210807,2021-08-07,2021,8,7,3,5,Saturday,True,False
20210808,2021-08-08,2021,8,8,3,6,Sunday,True,False
20210809,2021-08-09,2021,8,9,3,0,Monday,False,False
20210810,2021-08-10,2021,8,10,3,1,Tuesday,False,False
20210811,2021-08-11,2021,8,11,3,2,Wednesday,False,False
20210812,2021-08-12,2021,8,12,3,3,Thursday,False,False
20210813,2021-08-13,2021,8,13,3,4,Friday,False,False
20210814,2021-08-14,2021,8,14,3,5,Saturday,True,False
20210815,2021-08-15,2021,8,15,3,6,Sunday,True,False
20210816,2021-08-16,2021,8,16,3,0,Monday,False,False
20210817,2021-08-17,2021,8,17,3,1,Tuesday,False,False
20210818,2021-08-18,2021,8,18,3,2,Wednesday,False,False
20210819,2021-08-19,2021,8,19,3,3,Thursday,False,False
20210820,2021-08-20,2021,8,20,3,4,Friday,False,False
20210821,2021-08-21,2021,8,21,3,5,Saturday,True,False
20210822,2021-08-22,2021,8,22,3,6,Sunday,True,False
20210823,2021-08-23,2021,8,23,3,0,Monday,False,False
20210824,2021-08-24,2021,8,24,3,1,Tuesday,False,False
20210825,2021-08-25,2021,8,25,3,2,Wednesday,False,False
20210826,2021-08-26,2021,8,26,3,3,Thursday,False,False
20210827,2021-08-27,2021,8,27,3,4,Friday,False,False
20210828,2021-08-28,2021,8,28,3,5,Saturday,True,False
20210829,2021-08-29,2021,8,29,3,6,Sunday,True,False
20210830,2021-08-30,2021,8,30,3,0,Monday,False,False
20210831,2021-08-31,2021,8,31,3,1,Tuesday,False,False
20210901,2021-09-01,2021,9,1,3,2,Wednesday,False,False
20210902,2021-09-02,2021,9,2,3,3,Thursday,False,False
20210903,2021-09-03,2021,9,3,3,4,Friday,False,False
20210904,2021-09-04,2021,9,4,3,5,Saturday,True,False
20210905,2021-09-05,2021,9,5,3,6,Sunday,True,False
20210906,2021-09-06,2021,9,6,3,0,Monday,False,False
20210907,2021-09-07,2021,9,7,3,1,Tuesday,False,False
20210908,2021-09-08,2021,9,8,3,2,Wednesday,False,False
20210909,2021-09-09,2021,9,9,3,3,Thursday,False,False
20210910,2021-09-10,2021,9,10,3,4,Friday,False,False
20210911,2021-09-11,2021,9,11,3,5,Saturday,True,False
20210912,2021-09-12,2021,9,12,3,6,Sunday,True,False
20210913,2021-09-13,2021,9,13,3,0,Monday,False,False
20210914,2021-09-14,2021,9,14,3,1,Tuesday,False,False
20210915,2021-09-15,2021,9,15,3,2,Wednesday,False,False
20210916,2021-09-16,2021,9,16,3,3,Thursday,False,False
20210917,2021-09-17,2021,9,17,3,4,Friday,False,False
20210918,2021-09-18,2021,9,18,3,5,Saturday,True,False
20210919,2021-09-19,2021,9,19,3,6,Sunday,True,False
20210920,2021-09-20,2021,9,20,3,0,Monday,False,False
20210921,2021-09-21,2021,9,21,3,1,Tuesday,False,False
20210922,2021-09-22,2021,9,22,3,2,Wednesday,False,False
20210923,2021-09-23,2021,9,23,3,3,Thursday,False,False
20210924,2021-09-24,2021,9,24,3,4,Friday,False,False
20210925,2021-09-25,2021,9,25,3,5,Saturday,True,False
20210926,2021-09-26,2021,9,26,3,6,Sunday,True,False
20210927,2021-09-27,2021,9,27,3,0,Monday,False,False
20210928,2021-09-28,2021,9,28,3,1,Tuesday,False,False
20210929,2021-09-29,2021,9,29,3,2,Wednesday,False,False
20210930,2021-09-30,2021,9,30,3,3,Thursday,False,False
20211001,2021-10-01,2021,10,1,4,4,Friday,False,False
20211002,2021-10-02,2021,10,2,4,5,Saturday,True,False
20211003,2021-10-03,2021,10,3,4,6,Sunday,True,False
20211004,2021-10-04,2021,10,4,4,0,Monday,False,False
20211005,2021-10-05,2021,10,5,4,1,Tuesday,False,False
20211006,2021-10-06,2021,10,6,4,2,Wednesday,False,False
20211007,2021-10-07,2021,10,7,4,3,Thursday,False,False
20211008,2021-10-08,2021,10,8,4,4,Friday,False,False
20211009,2021-10-09,2021,10,9,4,5,Saturday,True,False
20211010,2021-10-10,2021,10,10,4,6,Sunday,True,False
20211011,2021-10-11,2021,10,11,4,0,Monday,False,False
20211012,2021-10-12,2021,10,12,4,1,Tuesday,False,False
20211013,2021-10-13,2021,10,13,4,2,Wednesday,False,False
20211014,2021-10-14,2021,10,14,4,3,Thursday,False,False
20211015,2021-10-15,2021,10,15,4,4,Friday,False,False
20211016,2021-10-16,2021,10,16,4,5,Saturday,True,False
20211017,2021-10-17,2021,10,17,4,6,Sunday,True,False
20211018,2021-10-18,2021,10,18,4,0,Monday,False,False
20211019,2021-10-19,2021,10,19,4,1,Tuesday,False,False
20211020,2021-10-20,2021,10,20,4,2,Wednesday,False,False
20211021,2021-10-21,2021,10,21,4,3,Thursday,False,False
20211022,2021-10-22,2021,10,22,4,4,Friday,False,False
20211023,2021-10-23,2021,10,23,4,5,Saturday,True,False
20211024,2021-10-24,2021,10,24,4,6,Sunday,True,False
20211025,2021-10-25,2021,10,25,4,0,Monday,False,False
20211026,2021-10-26,2021,10,26,4,1,Tuesday,False,False
20211027,2021-10-27,2021,10,27,4,2,Wednesday,False,False
20211028,2021-10-28,2021,10,28,4,3,Thursday,False,False
20211029,2021-10-29,2021,10,29,4,4,Friday,False,False
20211030,2021-10-30,2021,10,30,4,5,Saturday,True,False
20211031,2021-10-31,2021,10,31,4,6,Sunday,True,False
20211101,2021-11-01,2021,11,1,4,0,Monday,False,False
20211102,2021-11-02,2021,11,2,4,1,Tuesday,False,False
20211103,2021-11-03,2021,11,3,4,2,Wednesday,False,False
20211104,2021-11-04,2021,11,4,4,3,Thursday,False,False
20211105,2021-11-05,2021,11,5,4,4,Friday,False,False
20211106,2021-11-06,2021,11,6,4,5,Saturday,True,False
20211107,2021-11-07,2021,11,7,4,6,Sunday,True,False
20211108,2021-11-08,2021,11,8,4,0,Monday,False,False
20211109,2021-11-09,2021,11,9,4,1,Tuesday,False,False
20211110,2021-11-10,2021,11,10,4,2,Wednesday,False,False
20211111,2021-11-11,2021,11,11,4,3,Thursday,False,False
20211112,2021-11-12,2021,11,12,4,4,Friday,False,False
20211113,2021-11-13,2021,11,13,4,5,Saturday,True,False
20211114,2021-11-14,2021,11,14,4,6,Sunday,True,False
20211115,2021-11-15,2021,11,15,4,0,Monday,False,False
20211116,2021-11-16,2021,11,16,4,1,Tuesday,False,False
20211117,2021-11-17,2021,11,17,4,2,Wednesday,False,False
20211118,2021-11-18,2021,11,18,4,3,Thursday,False,False
20211119,2021-11-19,2021,11,19,4,4,Friday,False,False
20211120,2021-11-20,2021,11,20,4,5,Saturday,True,False
20211121,2021-11-21,2021,11,21,4,6,Sunday,True,False
20211122,2021-11-22,2021,11,22,4,0,Monday,False,False
20211123,2021-11-23,2021,11,23,4,1,Tuesday,False,False
20211124,2021-11-24,2021,11,24,4,2,Wednesday,False,False
20211125,2021-11-25,2021,11,25,4,3,Thursday,False,False
20211126,2021-11-26,2021,11,26,4,4,Friday,False,False
20211127,2021-11-27,2021,11,27,4,5,Saturday,True,False
20211128,2021-11-28,2021,11,28,4,6,Sunday,True,False
20211129,2021-11-29,2021,11,29,4,0,Monday,False,False
20211130,2021-11-30,2021,11,30,4,1,Tuesday,False,False
20211201,2021-12-01,2021,12,1,4,2,Wednesday,False,False
20211202,2021-12-02,2021,12,2,4,3,Thursday,False,False
20211203,2021-12-03,2021,12,3,4,4,Friday,False,False
20211204,2021-12-04,2021,12,4,4,5,Saturday,True,False
20211205,2021-12-05,2021,12,5,4,6,Sunday,True,False
20211206,2021-12-06,2021,12,6,4,0,Monday,False,False
20211207,2021-12-07,2021,12,7,4,1,Tuesday,False,False
20211208,2021-12-08,2021,12,8,4,2,Wednesday,False,False
20211209,2021-12-09,2021,12,9,4,3,Thursday,False,False
20211210,2021-12-10,2021,12,10,4,4,Friday,False,False
20211211,2021-12-11,2021,12,11,4,5,Saturday,True,False
20211212,2021-12-12,2021,12,12,4,6,Sunday,True,False
20211213,2021-12-13,2021,12,13,4,0,Monday,False,False
20211214,2021-12-14,2021,12,14,4,1,Tuesday,False,False
20211215,2021-12-15,2021,12,15,4,2,Wednesday,False,False
20211216,2021-12-16,2021,12,16,4,3,Thursday,False,False
20211217,2021-12-17,2021,12,17,4,4,Friday,False,False
20211218,2021-12-18,2021,12,18,4,5,Saturday,True,False
20211219,2021-12-19,2021,12,19,4,6,Sunday,True,False
20211220,2021-12-20,2021,12,20,4,0,Monday,False,False
20211221,2021-12-21,2021,12,21,4,1,Tuesday,False,False
20211222,2021-12-22,2021,12,22,4,2,Wednesday,False,False
20211223,2021-12-23,2021,12,23,4,3,Thursday,False,False
20211224,2021-12-24,2021,12,24,4,4,Friday,False,False
20211225,2021-12-25,2021,12,25,4,5,Saturday,True,False
20211226,2021-12-26,2021,12,26,4,6,Sunday,True,False
20211227,2021-12-27,2021,12,27,4,0,Monday,False,False
20211228,2021-12-28,2021,12,28,4,1,Tuesday,False,False
20211229,2021-12-29,2021,12,29,4,2,Wednesday,False,False
20211230,2021-12-30,2021,12,30,4,3,Thursday,False,False
20211231,2021-12-31,2021,12,31,4,4,Friday,False,False
20220101,2022-01-01,2022,1,1,1,5,Saturday,True,False
20220102,2022-01-02,2022,1,2,1,6,Sunday,True,False
20220103,2022-01-03,2022,1,3,1,0,Monday,False,False
20220104,2022-01-04,2022,1,4,1,1,Tuesday,False,False
20220105,2022-01-05,2022,1,5,1,2,Wednesday,False,False
20220106,2022-01-06,2022,1,6,1,3,Thursday,False,False
20220107,2022-01-07,2022,1,7,1,4,Friday,False,False
20220108,2022-01-08,2022,1,8,1,5,Saturday,True,False
20220109,2022-01-09,2022,1,9,1,6,Sunday,True,False
20220110,2022-01-10,2022,1,10,1,0,Monday,False,False
20220111,2022-01-11,2022,1,11,1,1,Tuesday,False,False
20220112,2022-01-12,2022,1,12,1,2,Wednesday,False,False
20220113,2022-01-13,2022,1,13,1,3,Thursday,False,False
20220114,2022-01-14,2022,1,14,1,4,Friday,False,False
20220115,2022-01-15,2022,1,15,1,5,Saturday,True,False
20220116,2022-01-16,2022,1,16,1,6,Sunday,True,False
20220117,2022-01-17,2022,1,17,1,0,Monday,False,False
20220118,2022-01-18,2022,1,18,1,1,Tuesday,False,False
20220119,2022-01-19,2022,1,19,1,2,Wednesday,False,False
20220120,2022-01-20,2022,1,20,1,3,Thursday,False,False
20220121,2022-01-21,2022,1,21,1,4,Friday,False,False
20220122,2022-01-22,2022,1,22,1,5,Saturday,True,False
20220123,2022-01-23,2022,1,23,1,6,Sunday,True,False
20220124,2022-01-24,2022,1,24,1,0,Monday,False,False
20220125,2022-01-25,2022,1,25,1,1,Tuesday,False,False
20220126,2022-01-26,2022,1,26,1,2,Wednesday,False,False
20220127,2022-01-27,2022,1,27,1,3,Thursday,False,False
20220128,2022-01-28,2022,1,28,1,4,Friday,False,False
20220129,2022-01-29,2022,1,29,1,5,Saturday,True,False
20220130,2022-01-30,2022,1,30,1,6,Sunday,True,False
20220131,2022-01-31,2022,1,31,1,0,Monday,False,False
20220201,2022-02-01,2022,2,1,1,1,Tuesday,False,False
20220202,2022-02-02,2022,2,2,1,2,Wednesday,False,False
20220203,2022-02-03,2022,2,3,1,3,Thursday,False,False
20220204,2022-02-04,2022,2,4,1,4,Friday,False,False
20220205,2022-02-05,2022,2,5,1,5,Saturday,True,False
20220206,2022-02-06,2022,2,6,1,6,Sunday,True,False
20220207,2022-02-07,2022,2,7,1,0,Monday,False,False
20220208,2022-02-08,2022,2,8,1,1,Tuesday,False,False
20220209,2022-02-09,2022,2,9,1,2,Wednesday,False,False
20220210,2022-02-10,2022,2,10,1,3,Thursday,False,False
20220211,2022-02-11,2022,2,11,1,4,Friday,False,False
20220212,2022-02-12,2022,2,12,1,5,Saturday,True,False
20220213,2022-02-13,2022,2,13,1,6,Sunday,True,False
20220214,2022-02-14,2022,2,14,1,0,Monday,False,False
20220215,2022-02-15,2022,2,15,1,1,Tuesday,False,False
20220216,2022-02-16,2022,2,16,1,2,Wednesday,False,False
20220217,2022-02-17,2022,2,17,1,3,Thursday,False,False
20220218,2022-02-18,2022,2,18,1,4,Friday,False,False
20220219,2022-02-19,2022,2,19,1,5,Saturday,True,False
20220220,2022-02-20,2022,2,20,1,6,Sunday,True,False
20220221,2022-02-21,2022,2,21,1,0,Monday,False,False
20220222,2022-02-22,2022,2,22,1,1,Tuesday,False,False
20220223,2022-02-23,2022,2,23,1,2,Wednesday,False,False
20220224,2022-02-24,2022,2,24,1,3,Thursday,False,False
20220225,2022-02-25,2022,2,25,1,4,Friday,False,False
20220226,2022-02-26,2022,2,26,1,5,Saturday,True,False
20220227,2022-02-27,2022,2,27,1,6,Sunday,True,False
20220228,2022-02-28,2022,2,28,1,0,Monday,False,False
20220301,2022-03-01,2022,3,1,1,1,Tuesday,False,False
20220302,2022-03-02,2022,3,2,1,2,Wednesday,False,False
20220303,2022-03-03,2022,3,3,1,3,Thursday,False,False
20220304,2022-03-04,2022,3,4,1,4,Friday,False,False
20220305,2022-03-05,2022,3,5,1,5,Saturday,True,False
20220306,2022-03-06,2022,3,6,1,6,Sunday,True,False
20220307,2022-03-07,2022,3,7,1,0,Monday,False,False
20220308,2022-03-08,2022,3,8,1,1,Tuesday,False,False
20220309,2022-03-09,2022,3,9,1,2,Wednesday,False,False
20220310,2022-03-10,2022,3,10,1,3,Thursday,False,False
20220311,2022-03-11,2022,3,11,1,4,Friday,False,False
20220312,2022-03-12,2022,3,12,1,5,Saturday,True,False
20220313,2022-03-13,2022,3,13,1,6,Sunday,True,False
20220314,2022-03-14,2022,3,14,1,0,Monday,False,False
20220315,2022-03-15,2022,3,15,1,1,Tuesday,False,False
20220316,2022-03-16,2022,3,16,1,2,Wednesday,False,False
20220317,2022-03-17,2022,3,17,1,3,Thursday,False,False
20220318,2022-03-18,2022,3,18,1,4,Friday,False,False
20220319,2022-03-19,2022,3,19,1,5,Saturday,True,False
20220320,2022-03-20,2022,3,20,1,6,Sunday,True,False
20220321,2022-03-21,2022,3,21,1,0,Monday,False,False
20220322,2022-03-22,2022,3,22,1,1,Tuesday,False,False
20220323,2022-03-23,2022,3,23,1,2,Wednesday,False,False
20220324,2022-03-24,2022,3,24,1,3,Thursday,False,False
20220325,2022-03-25,2022,3,25,1,4,Friday,False,False
20220326,2022-03-26,2022,3,26,1,5,Saturday,True,False
20220327,2022-03-27,2022,3,27,1,6,Sunday,True,False
20220328,2022-03-28,2022,3,28,1,0,Monday,False,False
20220329,2022-03-29,2022,3,29,1,1,Tuesday,False,False
20220330,2022-03-30,2022,3,30,1,2,Wednesday,False,False
20220331,2022-03-31,2022,3,31,1,3,Thursday,False,False
20220401,2022-04-01,2022,4,1,2,4,Friday,False,False
20220402,2022-04-02,2022,4,2,2,5,Saturday,True,False
20220403,2022-04-03,2022,4,3,2,6,Sunday,True,False
20220404,2022-04-04,2022,4,4,2,0,Monday,False,False
20220405,2022-04-05,2022,4,5,2,1,Tuesday,False,False
20220406,2022-04-06,2022,4,6,2,2,Wednesday,False,False
20220407,2022-04-07,2022,4,7,2,3,Thursday,False,False
20220408,2022-04-08,2022,4,8,2,4,Friday,False,False
20220409,2022-04-09,2022,4,9,2,5,Saturday,True,False
20220410,2022-04-10,2022,4,10,2,6,Sunday,True,False
20220411,2022-04-11,2022,4,11,2,0,Monday,False,False
20220412,2022-04-12,2022,4,12,2,1,Tuesday,False,False
20220413,2022-04-13,2022,4,13,2,2,Wednesday,False,False
20220414,2022-04-14,2022,4,14,2,3,Thursday,False,False
20220415,2022-04-15,2022,4,15,2,4,Friday,False,False
20220416,2022-04-16,2022,4,16,2,5,Saturday,True,False
20220417,2022-04-17,2022,4,17,2,6,Sunday,True,False
20220418,2022-04-18,2022,4,18,2,0,Monday,False,False
20220419,2022-04-19,2022,4,19,2,1,Tuesday,False,False
20220420,2022-04-20,2022,4,20,2,2,Wednesday,False,False
20220421,2022-04-21,2022,4,21,2,3,Thursday,False,False
20220422,2022-04-22,2022,4,22,2,4,Friday,False,False
20220423,2022-04-23,2022,4,23,2,5,Saturday,True,False
20220424,2022-04-24,2022,4,24,2,6,Sunday,True,False
20220425,2022-04-25,2022,4,25,2,0,Monday,False,False
20220426,2022-04-26,2022,4,26,2,1,Tuesday,False,False
20220427,2022-04-27,2022,4,27,2,2,Wednesday,False,False
20220428,2022-04-28,2022,4,28,2,3,Thursday,False,False
20220429,2022-04-29,2022,4,29,2,4,Friday,False,False
20220430,2022-04-30,2022,4,30,2,5,Saturday,True,False
20220501,2022-05-01,2022,5,1,2,6,Sunday,True,False
20220502,2022-05-02,2022,5,2,2,0,Monday,False,False
20220503,2022-05-03,2022,5,3,2,1,Tuesday,False,False
20220504,2022-05-04,2022,5,4,2,2,Wednesday,False,False
20220505,2022-05-05,2022,5,5,2,3,Thursday,False,False
20220506,2022-05-06,2022,5,6,2,4,Friday,False,False
20220507,2022-05-07,2022,5,7,2,5,Saturday,True,False
20220508,2022-05-08,2022,5,8,2,6,Sunday,True,False
20220509,2022-05-09,2022,5,9,2,0,Monday,False,False
20220510,2022-05-10,2022,5,10,2,1,Tuesday,False,False
20220511,2022-05-11,2022,5,11,2,2,Wednesday,False,False
20220512,2022-05-12,2022,5,12,2,3,Thursday,False,False
20220513,2022-05-13,2022,5,13,2,4,Friday,False,False
20220514,2022-05-14,2022,5,14,2,5,Saturday,True,False
20220515,2022-05-15,2022,5,15,2,6,Sunday,True,False
20220516,2022-05-16,2022,5,16,2,0,Monday,False,False
20220517,2022-05-17,2022,5,17,2,1,Tuesday,False,False
20220518,2022-05-18,2022,5,18,2,2,Wednesday,False,False
20220519,2022-05-19,2022,5,19,2,3,Thursday,False,False
20220520,2022-05-20,2022,5,20,2,4,Friday,False,False
20220521,2022-05-21,2022,5,21,2,5,Saturday,True,False
20220522,2022-05-22,2022,5,22,2,6,Sunday,True,False
20220523,2022-05-23,2022,5,23,2,0,Monday,False,False
20220524,2022-05-24,2022,5,24,2,1,Tuesday,False,False
20220525,2022-05-25,2022,5,25,2,2,Wednesday,False,False
20220526,2022-05-26,2022,5,26,2,3,Thursday,False,False
20220527,2022-05-27,2022,5,27,2,4,Friday,False,False
20220528,2022-05-28,2022,5,28,2,5,Saturday,True,False
20220529,2022-05-29,2022,5,29,2,6,Sunday,True,False
20220530,2022-05-30,2022,5,30,2,0,Monday,False,False
20220531,2022-05-31,2022,5,31,2,1,Tuesday,False,False
20220601,2022-06-01,2022,6,1,2,2,Wednesday,False,False
20220602,2022-06-02,2022,6,2,2,3,Thursday,False,False
20220603,2022-06-03,2022,6,3,2,4,Friday,False,False
20220604,2022-06-04,2022,6,4,2,5,Saturday,True,False
20220605,2022-06-05,2022,6,5,2,6,Sunday,True,False
20220606,2022-06-06,2022,6,6,2,0,Monday,False,False
20220607,2022-06-07,2022,6,7,2,1,Tuesday,False,False
20220608,2022-06-08,2022,6,8,2,2,Wednesday,False,False
20220609,2022-06-09,2022,6,9,2,3,Thursday,False,False
20220610,2022-06-10,2022,6,10,2,4,Friday,False,False
20220611,2022-06-11,2022,6,11,2,5,Saturday,True,False
20220612,2022-06-12,2022,6,12,2,6,Sunday,True,False
20220613,2022-06-13,2022,6,13,2,0,Monday,False,False
20220614,2022-06-14,2022,6,14,2,1,Tuesday,False,False
20220615,2022-06-15,2022,6,15,2,2,Wednesday,False,False
20220616,2022-06-16,2022,6,16,2,3,Thursday,False,False
20220617,2022-06-17,2022,6,17,2,4,Friday,False,False
20220618,2022-06-18,2022,6,18,2,5,Saturday,True,False
20220619,2022-06-19,2022,6,19,2,6,Sunday,True,False
20220620,2022-06-20,2022,6,20,2,0,Monday,False,False
20220621,2022-06-21,2022,6,21,2,1,Tuesday,False,False
20220622,2022-06-22,2022,6,22,2,2,Wednesday,False,False
20220623,2022-06-23,2022,6,23,2,3,Thursday,False,False
20220624,2022-06-24,2022,6,24,2,4,Friday,False,False
20220625,2022-06-25,2022,6,25,2,5,Saturday,True,False
20220626,2022-06-26,2022,6,26,2,6,Sunday,True,False
20220627,2022-06-27,2022,6,27,2,0,Monday,False,False
20220628,2022-06-28,2022,6,28,2,1,Tuesday,False,False
20220629,2022-06-29,2022,6,29,2,2,Wednesday,False,False
20220630,2022-06-30,2022,6,30,2,3,Thursday,False,False
20220701,2022-07-01,2022,7,1,3,4,Friday,False,False
20220702,2022-07-02,2022,7,2,3,5,Saturday,True,False
20220703,2022-07-03,2022,7,3,3,6,Sunday,True,False
20220704,2022-07-04,2022,7,4,3,0,Monday,False,False
20220705,2022-07-05,2022,7,5,3,1,Tuesday,False,False
20220706,2022-07-06,2022,7,6,3,2,Wednesday,False,False
20220707,2022-07-07,2022,7,7,3,3,Thursday,False,False
20220708,2022-07-08,2022,7,8,3,4,Friday,False,False
20220709,2022-07-09,2022,7,9,3,5,Saturday,True,False
20220710,2022-07-10,2022,7,10,3,6,Sunday,True,False
20220711,2022-07-11,2022,7,11,3,0,Monday,False,False
20220712,2022-07-12,2022,7,12,3,1,Tuesday,False,False
20220713,2022-07-13,2022,7,13,3,2,Wednesday,False,False
20220714,2022-07-14,2022,7,14,3,3,Thursday,False,False
20220715,2022-07-15,2022,7,15,3,4,Friday,False,False
20220716,2022-07-16,2022,7,16,3,5,Saturday,True,False
20220717,2022-07-17,2022,7,17,3,6,Sunday,True,False
20220718,2022-07-18,2022,7,18,3,0,Monday,False,False
20220719,2022-07-19,2022,7,19,3,1,Tuesday,False,False
20220720,2022-07-20,2022,7,20,3,2,Wednesday,False,False
20220721,2022-07-21,2022,7,21,3,3,Thursday,False,False
20220722,2022-07-22,2022,7,22,3,4,Friday,False,False
20220723,2022-07-23,2022,7,23,3,5,Saturday,True,False
20220724,2022-07-24,2022,7,24,3,6,Sunday,True,False
20220725,2022-07-25,2022,7,25,3,0,Monday,False,False
20220726,2022-07-26,2022,7,26,3,1,Tuesday,False,False
20220727,2022-07-27,2022,7,27,3,2,Wednesday,False,False
20220728,2022-07-28,2022,7,28,3,3,Thursday,False,False
20220729,2022-07-29,2022,7,29,3,4,Friday,False,False
20220730,2022-07-30,2022,7,30,3,5,Saturday,True,False
20220731,2022-07-31,2022,7,31,3,6,Sunday,True,False
20220801,2022-08-01,2022,8,1,3,0,Monday,False,False
20220802,2022-08-02,2022,8,2,3,1,Tuesday,False,False
20220803,2022-08-03,2022,8,3,3,2,Wednesday,False,False
20220804,2022-08-04,2022,8,4,3,3,Thursday,False,False
20220805,2022-08-05,2022,8,5,3,4,Friday,False,False
20220806,2022-08-06,2022,8,6,3,5,Saturday,True,False
20220807,2022-08-07,2022,8,7,3,6,Sunday,True,False
20220808,2022-08-08,2022,8,8,3,0,Monday,False,False
20220809,2022-08-09,2022,8,9,3,1,Tuesday,False,False
20220810,2022-08-10,2022,8,10,3,2,Wednesday,False,False
20220811,2022-08-11,2022,8,11,3,3,Thursday,False,False
20220812,2022-08-12,2022,8,12,3,4,Friday,False,False
20220813,2022-08-13,2022,8,13,3,5,Saturday,True,False
20220814,2022-08-14,2022,8,14,3,6,Sunday,True,False
20220815,2022-08-15,2022,8,15,3,0,Monday,False,False
20220816,2022-08-16,2022,8,16,3,1,Tuesday,False,False
20220817,2022-08-17,2022,8,17,3,2,Wednesday,False,False
20220818,2022-08-18,2022,8,18,3,3,Thursday,False,False
20220819,2022-08-19,2022,8,19,3,4,Friday,False,False
20220820,2022-08-20,2022,8,20,3,5,Saturday,True,False
20220821,2022-08-21,2022,8,21,3,6,Sunday,True,False
20220822,2022-08-22,2022,8,22,3,0,Monday,False,False
20220823,2022-08-23,2022,8,23,3,1,Tuesday,False,False
20220824,2022-08-24,2022,8,24,3,2,Wednesday,False,False
20220825,2022-08-25,2022,8,25,3,3,Thursday,False,False
20220826,2022-08-26,2022,8,26,3,4,Friday,False,False
20220827,2022-08-27,2022,8,27,3,5,Saturday,True,False
20220828,2022-08-28,2022,8,28,3,6,Sunday,True,False
20220829,2022-08-29,2022,8,29,3,0,Monday,False,False
20220830,2022-08-30,2022,8,30,3,1,Tuesday,False,False
20220831,2022-08-31,2022,8,31,3,2,Wednesday,False,False
20220901,2022-09-01,2022,9,1,3,3,Thursday,False,False
20220902,2022-09-02,2022,9,2,3,4,Friday,False,False
20220903,2022-09-03,2022,9,3,3,5,Saturday,True,False
20220904,2022-09-04,2022,9,4,3,6,Sunday,True,False
20220905,2022-09-05,2022,9,5,3,0,Monday,False,False
20220906,2022-09-06,2022,9,6,3,1,Tuesday,False,False
20220907,2022-09-07,2022,9,7,3,2,Wednesday,False,False
20220908,2022-09-08,2022,9,8,3,3,Thursday,False,False
20220909,2022-09-09,2022,9,9,3,4,Friday,False,False
20220910,2022-09-10,2022,9,10,3,5,Saturday,True,False
20220911,2022-09-11,2022,9,11,3,6,Sunday,True,False
20220912,2022-09-12,2022,9,12,3,0,Monday,False,False
20220913,2022-09-13,2022,9,13,3,1,Tuesday,False,False
20220914,2022-09-14,2022,9,14,3,2,Wednesday,False,False
20220915,2022-09-15,2022,9,15,3,3,Thursday,False,False
20220916,2022-09-16,2022,9,16,3,4,Friday,False,False
20220917,2022-09-17,2022,9,17,3,5,Saturday,True,False
20220918,2022-09-18,2022,9,18,3,6,Sunday,True,False
20220919,2022-09-19,2022,9,19,3,0,Monday,False,False
20220920,2022-09-20,2022,9,20,3,1,Tuesday,False,False
20220921,2022-09-21,2022,9,21,3,2,Wednesday,False,False
20220922,2022-09-22,2022,9,22,3,3,Thursday,False,False
20220923,2022-09-23,2022,9,23,3,4,Friday,False,False
20220924,2022-09-24,2022,9,24,3,5,Saturday,True,False
20220925,2022-09-25,2022,9,25,3,6,Sunday,True,False
20220926,2022-09-26,2022,9,26,3,0,Monday,False,False
20220927,2022-09-27,2022,9,27,3,1,Tuesday,False,False
20220928,2022-09-28,2022,9,28,3,2,Wednesday,False,False
20220929,2022-09-29,2022,9,29,3,3,Thursday,False,False
20220930,2022-09-30,2022,9,30,3,4,Friday,False,False
20221001,2022-10-01,2022,10,1,4,5,Saturday,True,False
20221002,2022-10-02,2022,10,2,4,6,Sunday,True,False
20221003,2022-10-03,2022,10,3,4,0,Monday,False,False
20221004,2022-10-04,2022,10,4,4,1,Tuesday,False,False
20221005,2022-10-05,2022,10,5,4,2,Wednesday,False,False
20221006,2022-10-06,2022,10,6,4,3,Thursday,False,False
20221007,2022-10-07,2022,10,7,4,4,Friday,False,False
20221008,2022-10-08,2022,10,8,4,5,Saturday,True,False
20221009,2022-10-09,2022,10,9,4,6,Sunday,True,False
20221010,2022-10-10,2022,10,10,4,0,Monday,False,False
20221011,2022-10-11,2022,10,11,4,1,Tuesday,False,False
20221012,2022-10-12,2022,10,12,4,2,Wednesday,False,False
20221013,2022-10-13,2022,10,13,4,3,Thursday,False,False
20221014,2022-10-14,2022,10,14,4,4,Friday,False,False
20221015,2022-10-15,2022,10,15,4,5,Saturday,True,False
20221016,2022-10-16,2022,10,16,4,6,Sunday,True,False
20221017,2022-10-17,2022,10,17,4,0,Monday,False,False
20221018,2022-10-18,2022,10,18,4,1,Tuesday,False,False
20221019,2022-10-19,2022,10,19,4,2,Wednesday,False,False
20221020,2022-10-20,2022,10,20,4,3,Thursday,False,False
20221021,2022-10-21,2022,10,21,4,4,Friday,False,False
20221022,2022-10-22,2022,10,22,4,5,Saturday,True,False
20221023,2022-10-23,2022,10,23,4,6,Sunday,True,False
20221024,2022-10-24,2022,10,24,4,0,Monday,False,False
20221025,2022-10-25,2022,10,25,4,1,Tuesday,False,False
20221026,2022-10-26,2022,10,26,4,2,Wednesday,False,False
20221027,2022-10-27,2022,10,27,4,3,Thursday,False,False
20221028,2022-10-28,2022,10,28,4,4,Friday,False,False
20221029,2022-10-29,2022,10,29,4,5,Saturday,True,False
20221030,2022-10-30,2022,10,30,4,6,Sunday,True,False
20221031,2022-10-31,2022,10,31,4,0,Monday,False,False
20221101,2022-11-01,2022,11,1,4,1,Tuesday,False,False
20221102,2022-11-02,2022,11,2,4,2,Wednesday,False,False
20221103,2022-11-03,2022,11,3,4,3,Thursday,False,False
20221104,2022-11-04,2022,11,4,4,4,Friday,False,False
20221105,2022-11-05,2022,11,5,4,5,Saturday,True,False
20221106,2022-11-06,2022,11,6,4,6,Sunday,True,False
20221107,2022-11-07,2022,11,7,4,0,Monday,False,False
20221108,2022-11-08,2022,11,8,4,1,Tuesday,False,False
20221109,2022-11-09,2022,11,9,4,2,Wednesday,False,False
20221110,2022-11-10,2022,11,10,4,3,Thursday,False,False
20221111,2022-11-11,2022,11,11,4,4,Friday,False,False
20221112,2022-11-12,2022,11,12,4,5,Saturday,True,False
20221113,2022-11-13,2022,11,13,4,6,Sunday,True,False
20221114,2022-11-14,2022,11,14,4,0,Monday,False,False
20221115,2022-11-15,2022,11,15,4,1,Tuesday,False,False
20221116,2022-11-16,2022,11,16,4,2,Wednesday,False,False
20221117,2022-11-17,2022,11,17,4,3,Thursday,False,False
20221118,2022-11-18,2022,11,18,4,4,Friday,False,False
20221119,2022-11-19,2022,11,19,4,5,Saturday,True,False
20221120,2022-11-20,2022,11,20,4,6,Sunday,True,False
20221121,2022-11-21,2022,11,21,4,0,Monday,False,False
20221122,2022-11-22,2022,11,22,4,1,Tuesday,False,False
20221123,2022-11-23,2022,11,23,4,2,Wednesday,False,False
20221124,2022-11-24,2022,11,24,4,3,Thursday,False,False
20221125,2022-11-25,2022,11,25,4,4,Friday,False,False
20221126,2022-11-26,2022,11,26,4,5,Saturday,True,False
20221127,2022-11-27,2022,11,27,4,6,Sunday,True,False
20221128,2022-11-28,2022,11,28,4,0,Monday,False,False
20221129,2022-11-29,2022,11,29,4,1,Tuesday,False,False
20221130,2022-11-30,2022,11,30,4,2,Wednesday,False,False
20221201,2022-12-01,2022,12,1,4,3,Thursday,False,False
20221202,2022-12-02,2022,12,2,4,4,Friday,False,False
20221203,2022-12-03,2022,12,3,4,5,Saturday,True,False
20221204,2022-12-04,2022,12,4,4,6,Sunday,True,False
20221205,2022-12-05,2022,12,5,4,0,Monday,False,False
20221206,2022-12-06,2022,12,6,4,1,Tuesday,False,False
20221207,2022-12-07,2022,12,7,4,2,Wednesday,False,False
20221208,2022-12-08,2022,12,8,4,3,Thursday,False,False
20221209,2022-12-09,2022,12,9,4,4,Friday,False,False
20221210,2022-12-10,2022,12,10,4,5,Saturday,True,False
20221211,2022-12-11,2022,12,11,4,6,Sunday,True,False
20221212,2022-12-12,2022,12,12,4,0,Monday,False,False
20221213,2022-12-13,2022,12,13,4,1,Tuesday,False,False
20221214,2022-12-14,2022,12,14,4,2,Wednesday,False,False
20221215,2022-12-15,2022,12,15,4,3,Thursday,False,False
20221216,2022-12-16,2022,12,16,4,4,Friday,False,False
20221217,2022-12-17,2022,12,17,4,5,Saturday,True,False
20221218,2022-12-18,2022,12,18,4,6,Sunday,True,False
20221219,2022-12-19,2022,12,19,4,0,Monday,False,False
20221220,2022-12-20,2022,12,20,4,1,Tuesday,False,False
20221221,2022-12-21,2022,12,21,4,2,Wednesday,False,False
20221222,2022-12-22,2022,12,22,4,3,Thursday,False,False
20221223,2022-12-23,2022,12,23,4,4,Friday,False,False
20221224,2022-12-24,2022,12,24,4,5,Saturday,True,False
20221225,2022-12-25,2022,12,25,4,6,Sunday,True,False
20221226,2022-12-26,2022,12,26,4,0,Monday,False,False
20221227,2022-12-27,2022,12,27,4,1,Tuesday,False,False
20221228,2022-12-28,2022,12,28,4,2,Wednesday,False,False
20221229,2022-12-29,2022,12,29,4,3,Thursday,False,False
20221230,2022-12-30,2022,12,30,4,4,Friday,False,False
20221231,2022-12-31,2022,12,31,4,5,Saturday,True,False
20230101,2023-01-01,2023,1,1,1,6,Sunday,True,False
20230102,2023-01-02,2023,1,2,1,0,Monday,False,False
20230103,2023-01-03,2023,1,3,1,1,Tuesday,False,False
20230104,2023-01-04,2023,1,4,1,2,Wednesday,False,False
20230105,2023-01-05,2023,1,5,1,3,Thursday,False,False
20230106,2023-01-06,2023,1,6,1,4,Friday,False,False
20230107,2023-01-07,2023,1,7,1,5,Saturday,True,False
20230108,2023-01-08,2023,1,8,1,6,Sunday,True,False
20230109,2023-01-09,2023,1,9,1,0,Monday,False,False
20230110,2023-01-10,2023,1,10,1,1,Tuesday,False,False
20230111,2023-01-11,2023,1,11,1,2,Wednesday,False,False
20230112,2023-01-12,2023,1,12,1,3,Thursday,False,False
20230113,2023-01-13,2023,1,13,1,4,Friday,False,False
20230114,2023-01-14,2023,1,14,1,5,Saturday,True,False
20230115,2023-01-15,2023,1,15,1,6,Sunday,True,False
20230116,2023-01-16,2023,1,16,1,0,Monday,False,False
20230117,2023-01-17,2023,1,17,1,1,Tuesday,False,False
20230118,2023-01-18,2023,1,18,1,2,Wednesday,False,False
20230119,2023-01-19,2023,1,19,1,3,Thursday,False,False
20230120,2023-01-20,2023,1,20,1,4,Friday,False,False
20230121,2023-01-21,2023,1,21,1,5,Saturday,True,False
20230122,2023-01-22,2023,1,22,1,6,Sunday,True,False
20230123,2023-01-23,2023,1,23,1,0,Monday,False,False
20230124,2023-01-24,2023,1,24,1,1,Tuesday,False,False
20230125,2023-01-25,2023,1,25,1,2,Wednesday,False,False
20230126,2023-01-26,2023,1,26,1,3,Thursday,False,False
20230127,2023-01-27,2023,1,27,1,4,Friday,False,False
20230128,2023-01-28,2023,1,28,1,5,Saturday,True,False
20230129,2023-01-29,2023,1,29,1,6,Sunday,True,False
20230130,2023-01-30,2023,1,30,1,0,Monday,False,False
20230131,2023-01-31,2023,1,31,1,1,Tuesday,False,False
20230201,2023-02-01,2023,2,1,1,2,Wednesday,False,False
20230202,2023-02-02,2023,2,2,1,3,Thursday,False,False
20230203,2023-02-03,2023,2,3,1,4,Friday,False,False
20230204,2023-02-04,2023,2,4,1,5,Saturday,True,False
20230205,2023-02-05,2023,2,5,1,6,Sunday,True,False
20230206,2023-02-06,2023,2,6,1,0,Monday,False,False
20230207,2023-02-07,2023,2,7,1,1,Tuesday,False,False
20230208,2023-02-08,2023,2,8,1,2,Wednesday,False,False
20230209,2023-02-09,2023,2,9,1,3,Thursday,False,False
20230210,2023-02-10,2023,2,10,1,4,Friday,False,False
20230211,2023-02-11,2023,2,11,1,5,Saturday,True,False
20230212,2023-02-12,2023,2,12,1,6,Sunday,True,False
20230213,2023-02-13,2023,2,13,1,0,Monday,False,False
20230214,2023-02-14,2023,2,14,1,1,Tuesday,False,False
20230215,2023-02-15,2023,2,15,1,2,Wednesday,False,False
20230216,2023-02-16,2023,2,16,1,3,Thursday,False,False
20230217,2023-02-17,2023,2,17,1,4,Friday,False,False
20230218,2023-02-18,2023,2,18,1,5,Saturday,True,False
20230219,2023-02-19,2023,2,19,1,6,Sunday,True,False
20230220,2023-02-20,2023,2,20,1,0,Monday,False,False
20230221,2023-02-21,2023,2,21,1,1,Tuesday,False,False
20230222,2023-02-22,2023,2,22,1,2,Wednesday,False,False
20230223,2023-02-23,2023,2,23,1,3,Thursday,False,False
20230224,2023-02-24,2023,2,24,1,4,Friday,False,False
20230225,2023-02-25,2023,2,25,1,5,Saturday,True,False
20230226,2023-02-26,2023,2,26,1,6,Sunday,True,False
20230227,2023-02-27,2023,2,27,1,0,Monday,False,False
20230228,2023-02-28,2023,2,28,1,1,Tuesday,False,False
20230301,2023-03-01,2023,3,1,1,2,Wednesday,False,False
20230302,2023-03-02,2023,3,2,1,3,Thursday,False,False
20230303,2023-03-03,2023,3,3,1,4,Friday,False,False
20230304,2023-03-04,2023,3,4,1,5,Saturday,True,False
20230305,2023-03-05,2023,3,5,1,6,Sunday,True,False
20230306,2023-03-06,2023,3,6,1,0,Monday,False,False
20230307,2023-03-07,2023,3,7,1,1,Tuesday,False,False
20230308,2023-03-08,2023,3,8,1,2,Wednesday,False,False
20230309,2023-03-09,2023,3,9,1,3,Thursday,False,False
20230310,2023-03-10,2023,3,10,1,4,Friday,False,False
20230311,2023-03-11,2023,3,11,1,5,Saturday,True,False
20230312,2023-03-12,2023,3,12,1,6,Sunday,True,False
20230313,2023-03-13,2023,3,13,1,0,Monday,False,False
20230314,2023-03-14,2023,3,14,1,1,Tuesday,False,False
20230315,2023-03-15,2023,3,15,1,2,Wednesday,False,False
20230316,2023-03-16,2023,3,16,1,3,Thursday,False,False
20230317,2023-03-17,2023,3,17,1,4,Friday,False,False
20230318,2023-03-18,2023,3,18,1,5,Saturday,True,False
20230319,2023-03-19,2023,3,19,1,6,Sunday,True,False
20230320,2023-03-20,2023,3,20,1,0,Monday,False,False
20230321,2023-03-21,2023,3,21,1,1,Tuesday,False,False
20230322,2023-03-22,2023,3,22,1,2,Wednesday,False,False
20230323,2023-03-23,2023,3,23,1,3,Thursday,False,False
20230324,2023-03-24,2023,3,24,1,4,Friday,False,False
20230325,2023-03-25,2023,3,25,1,5,Saturday,True,False
20230326,2023-03-26,2023,3,26,1,6,Sunday,True,False
20230327,2023-03-27,2023,3,27,1,0,Monday,False,False
20230328,2023-03-28,2023,3,28,1,1,Tuesday,False,False
20230329,2023-03-29,2023,3,29,1,2,Wednesday,False,False
20230330,2023-03-30,2023,3,30,1,3,Thursday,False,False
20230331,2023-03-31,2023,3,31,1,4,Friday,False,False
20230401,2023-04-01,2023,4,1,2,5,Saturday,True,False
20230402,2023-04-02,2023,4,2,2,6,Sunday,True,False
20230403,2023-04-03,2023,4,3,2,0,Monday,False,False
20230404,2023-04-04,2023,4,4,2,1,Tuesday,False,False
20230405,2023-04-05,2023,4,5,2,2,Wednesday,False,False
20230406,2023-04-06,2023,4,6,2,3,Thursday,False,False
20230407,2023-04-07,2023,4,7,2,4,Friday,False,False
20230408,2023-04-08,2023,4,8,2,5,Saturday,True,False
20230409,2023-04-09,2023,4,9,2,6,Sunday,True,False
20230410,2023-04-10,2023,4,10,2,0,Monday,False,False
20230411,2023-04-11,2023,4,11,2,1,Tuesday,False,False
20230412,2023-04-12,2023,4,12,2,2,Wednesday,False,False
20230413,2023-04-13,2023,4,13,2,3,Thursday,False,False
20230414,2023-04-14,2023,4,14,2,4,Friday,False,False
20230415,2023-04-15,2023,4,15,2,5,Saturday,True,False
20230416,2023-04-16,2023,4,16,2,6,Sunday,True,False
20230417,2023-04-17,2023,4,17,2,0,Monday,False,False
20230418,2023-04-18,2023,4,18,2,1,Tuesday,False,False
20230419,2023-04-19,2023,4,19,2,2,Wednesday,False,False
20230420,2023-04-20,2023,4,20,2,3,Thursday,False,False
20230421,2023-04-21,2023,4,21,2,4,Friday,False,False
20230422,2023-04-22,2023,4,22,2,5,Saturday,True,False
20230423,2023-04-23,2023,4,23,2,6,Sunday,True,False
20230424,2023-04-24,2023,4,24,2,0,Monday,False,False
20230425,2023-04-25,2023,4,25,2,1,Tuesday,False,False
20230426,2023-04-26,2023,4,26,2,2,Wednesday,False,False
20230427,2023-04-27,2023,4,27,2,3,Thursday,False,False
20230428,2023-04-28,2023,4,28,2,4,Friday,False,False
20230429,2023-04-29,2023,4,29,2,5,Saturday,True,False
20230430,2023-04-30,2023,4,30,2,6,Sunday,True,False
20230501,2023-05-01,2023,5,1,2,0,Monday,False,False
20230502,2023-05-02,2023,5,2,2,1,Tuesday,False,False
20230503,2023-05-03,2023,5,3,2,2,Wednesday,False,False
20230504,2023-05-04,2023,5,4,2,3,Thursday,False,False
20230505,2023-05-05,2023,5,5,2,4,Friday,False,False
20230506,2023-05-06,2023,5,6,2,5,Saturday,True,False
20230507,2023-05-07,2023,5,7,2,6,Sunday,True,False
20230508,2023-05-08,2023,5,8,2,0,Monday,False,False
20230509,2023-05-09,2023,5,9,2,1,Tuesday,False,False
20230510,2023-05-10,2023,5,10,2,2,Wednesday,False,False
20230511,2023-05-11,2023,5,11,2,3,Thursday,False,False
20230512,2023-05-12,2023,5,12,2,4,Friday,False,False
20230513,2023-05-13,2023,5,13,2,5,Saturday,True,False
20230514,2023-05-14,2023,5,14,2,6,Sunday,True,False
20230515,2023-05-15,2023,5,15,2,0,Monday,False,False
20230516,2023-05-16,2023,5,16,2,1,Tuesday,False,False
20230517,2023-05-17,2023,5,17,2,2,Wednesday,False,False
20230518,2023-05-18,2023,5,18,2,3,Thursday,False,False
20230519,2023-05-19,2023,5,19,2,4,Friday,False,False
20230520,2023-05-20,2023,5,20,2,5,Saturday,True,False
20230521,2023-05-21,2023,5,21,2,6,Sunday,True,False
20230522,2023-05-22,2023,5,22,2,0,Monday,False,False
20230523,2023-05-23,2023,5,23,2,1,Tuesday,False,False
20230524,2023-05-24,2023,5,24,2,2,Wednesday,False,False
20230525,2023-05-25,2023,5,25,2,3,Thursday,False,False
20230526,2023-05-26,2023,5,26,2,4,Friday,False,False
20230527,2023-05-27,2023,5,27,2,5,Saturday,True,False
20230528,2023-05-28,2023,5,28,2,6,Sunday,True,False
20230529,2023-05-29,2023,5,29,2,0,Monday,False,False
20230530,2023-05-30,2023,5,30,2,1,Tuesday,False,False
20230531,2023-05-31,2023,5,31,2,2,Wednesday,False,False
20230601,2023-06-01,2023,6,1,2,3,Thursday,False,False
20230602,2023-06-02,2023,6,2,2,4,Friday,False,False
20230603,2023-06-03,2023,6,3,2,5,Saturday,True,False
20230604,2023-06-04,2023,6,4,2,6,Sunday,True,False
20230605,2023-06-05,2023,6,5,2,0,Monday,False,False
20230606,2023-06-06,2023,6,6,2,1,Tuesday,False,False
20230607,2023-06-07,2023,6,7,2,2,Wednesday,False,False
20230608,2023-06-08,2023,6,8,2,3,Thursday,False,False
20230609,2023-06-09,2023,6,9,2,4,Friday,False,False
20230610,2023-06-10,2023,6,10,2,5,Saturday,True,False
20230611,2023-06-11,2023,6,11,2,6,Sunday,True,False
20230612,2023-06-12,2023,6,12,2,0,Monday,False,False
20230613,2023-06-13,2023,6,13,2,1,Tuesday,False,False
20230614,2023-06-14,2023,6,14,2,2,Wednesday,False,False
20230615,2023-06-15,2023,6,15,2,3,Thursday,False,False
20230616,2023-06-16,2023,6,16,2,4,Friday,False,False
20230617,2023-06-17,2023,6,17,2,5,Saturday,True,False
20230618,2023-06-18,2023,6,18,2,6,Sunday,True,False
20230619,2023-06-19,2023,6,19,2,0,Monday,False,False
20230620,2023-06-20,2023,6,20,2,1,Tuesday,False,False
20230621,2023-06-21,2023,6,21,2,2,Wednesday,False,False
20230622,2023-06-22,2023,6,22,2,3,Thursday,False,False
20230623,2023-06-23,2023,6,23,2,4,Friday,False,False
20230624,2023-06-24,2023,6,24,2,5,Saturday,True,False
20230625,2023-06-25,2023,6,25,2,6,Sunday,True,False
20230626,2023-06-26,2023,6,26,2,0,Monday,False,False
20230627,2023-06-27,2023,6,27,2,1,Tuesday,False,False
20230628,2023-06-28,2023,6,28,2,2,Wednesday,False,False
20230629,2023-06-29,2023,6,29,2,3,Thursday,False,False
20230630,2023-06-30,2023,6,30,2,4,Friday,False,False
20230701,2023-07-01,2023,7,1,3,5,Saturday,True,False
20230702,2023-07-02,2023,7,2,3,6,Sunday,True,False
20230703,2023-07-03,2023,7,3,3,0,Monday,False,False
20230704,2023-07-04,2023,7,4,3,1,Tuesday,False,False
20230705,2023-07-05,2023,7,5,3,2,Wednesday,False,False
20230706,2023-07-06,2023,7,6,3,3,Thursday,False,False
20230707,2023-07-07,2023,7,7,3,4,Friday,False,False
20230708,2023-07-08,2023,7,8,3,5,Saturday,True,False
20230709,2023-07-09,2023,7,9,3,6,Sunday,True,False
20230710,2023-07-10,2023,7,10,3,0,Monday,False,False
20230711,2023-07-11,2023,7,11,3,1,Tuesday,False,False
20230712,2023-07-12,2023,7,12,3,2,Wednesday,False,False
20230713,2023-07-13,2023,7,13,3,3,Thursday,False,False
20230714,2023-07-14,2023,7,14,3,4,Friday,False,False
20230715,2023-07-15,2023,7,15,3,5,Saturday,True,False
20230716,2023-07-16,2023,7,16,3,6,Sunday,True,False
20230717,2023-07-17,2023,7,17,3,0,Monday,False,False
20230718,2023-07-18,2023,7,18,3,1,Tuesday,False,False
20230719,2023-07-19,2023,7,19,3,2,Wednesday,False,False
20230720,2023-07-20,2023,7,20,3,3,Thursday,False,False
20230721,2023-07-21,2023,7,21,3,4,Friday,False,False
20230722,2023-07-22,2023,7,22,3,5,Saturday,True,False
20230723,2023-07-23,2023,7,23,3,6,Sunday,True,False
20230724,2023-07-24,2023,7,24,3,0,Monday,False,False
20230725,2023-07-25,2023,7,25,3,1,Tuesday,False,False
20230726,2023-07-26,2023,7,26,3,2,Wednesday,False,False
20230727,2023-07-27,2023,7,27,3,3,Thursday,False,False
20230728,2023-07-28,2023,7,28,3,4,Friday,False,False
20230729,2023-07-29,2023,7,29,3,5,Saturday,True,False
20230730,2023-07-30,2023,7,30,3,6,Sunday,True,False
20230731,2023-07-31,2023,7,31,3,0,Monday,False,False
20230801,2023-08-01,2023,8,1,3,1,Tuesday,False,False
20230802,2023-08-02,2023,8,2,3,2,Wednesday,False,False
20230803,2023-08-03,2023,8,3,3,3,Thursday,False,False
20230804,2023-08-04,2023,8,4,3,4,Friday,False,False
20230805,2023-08-05,2023,8,5,3,5,Saturday,True,False
20230806,2023-08-06,2023,8,6,3,6,Sunday,True,False
20230807,2023-08-07,2023,8,7,3,0,Monday,False,False
20230808,2023-08-08,2023,8,8,3,1,Tuesday,False,False
20230809,2023-08-09,2023,8,9,3,2,Wednesday,False,False
20230810,2023-08-10,2023,8,10,3,3,Thursday,False,False
20230811,2023-08-11,2023,8,11,3,4,Friday,False,False
20230812,2023-08-12,2023,8,12,3,5,Saturday,True,False
20230813,2023-08-13,2023,8,13,3,6,Sunday,True,False
20230814,2023-08-14,2023,8,14,3,0,Monday,False,False
20230815,2023-08-15,2023,8,15,3,1,Tuesday,False,False
20230816,2023-08-16,2023,8,16,3,2,Wednesday,False,False
20230817,2023-08-17,2023,8,17,3,3,Thursday,False,False
20230818,2023-08-18,2023,8,18,3,4,Friday,False,False
20230819,2023-08-19,2023,8,19,3,5,Saturday,True,False
20230820,2023-08-20,2023,8,20,3,6,Sunday,True,False
20230821,2023-08-21,2023,8,21,3,0,Monday,False,False
20230822,2023-08-22,2023,8,22,3,1,Tuesday,False,False
20230823,2023-08-23,2023,8,23,3,2,Wednesday,False,False
20230824,2023-08-24,2023,8,24,3,3,Thursday,False,False
20230825,2023-08-25,2023,8,25,3,4,Friday,False,False
20230826,2023-08-26,2023,8,26,3,5,Saturday,True,False
20230827,2023-08-27,2023,8,27,3,6,Sunday,True,False
20230828,2023-08-28,2023,8,28,3,0,Monday,False,False
20230829,2023-08-29,2023,8,29,3,1,Tuesday,False,False
20230830,2023-08-30,2023,8,30,3,2,Wednesday,False,False
20230831,2023-08-31,2023,8,31,3,3,Thursday,False,False
20230901,2023-09-01,2023,9,1,3,4,Friday,False,False
20230902,2023-09-02,2023,9,2,3,5,Saturday,True,False
20230903,2023-09-03,2023,9,3,3,6,Sunday,True,False
20230904,2023-09-04,2023,9,4,3,0,Monday,False,False
20230905,2023-09-05,2023,9,5,3,1,Tuesday,False,False
20230906,2023-09-06,2023,9,6,3,2,Wednesday,False,False
20230907,2023-09-07,2023,9,7,3,3,Thursday,False,False
20230908,2023-09-08,2023,9,8,3,4,Friday,False,False
20230909,2023-09-09,2023,9,9,3,5,Saturday,True,False
20230910,2023-09-10,2023,9,10,3,6,Sunday,True,False
20230911,2023-09-11,2023,9,11,3,0,Monday,False,False
20230912,2023-09-12,2023,9,12,3,1,Tuesday,False,False
20230913,2023-09-13,2023,9,13,3,2,Wednesday,False,False
20230914,2023-09-14,2023,9,14,3,3,Thursday,False,False
20230915,2023-09-15,2023,9,15,3,4,Friday,False,False
20230916,2023-09-16,2023,9,16,3,5,Saturday,True,False
20230917,2023-09-17,2023,9,17,3,6,Sunday,True,False
20230918,2023-09-18,2023,9,18,3,0,Monday,False,False
20230919,2023-09-19,2023,9,19,3,1,Tuesday,False,False
20230920,2023-09-20,2023,9,20,3,2,Wednesday,False,False
20230921,2023-09-21,2023,9,21,3,3,Thursday,False,False
20230922,2023-09-22,2023,9,22,3,4,Friday,False,False
20230923,2023-09-23,2023,9,23,3,5,Saturday,True,False
20230924,2023-09-24,2023,9,24,3,6,Sunday,True,False
20230925,2023-09-25,2023,9,25,3,0,Monday,False,False
20230926,2023-09-26,2023,9,26,3,1,Tuesday,False,False
20230927,2023-09-27,2023,9,27,3,2,Wednesday,False,False
20230928,2023-09-28,2023,9,28,3,3,Thursday,False,False
20230929,2023-09-29,2023,9,29,3,4,Friday,False,False
20230930,2023-09-30,2023,9,30,3,5,Saturday,True,False
20231001,2023-10-01,2023,10,1,4,6,Sunday,True,False
20231002,2023-10-02,2023,10,2,4,0,Monday,False,False
20231003,2023-10-03,2023,10,3,4,1,Tuesday,False,False
20231004,2023-10-04,2023,10,4,4,2,Wednesday,False,False
20231005,2023-10-05,2023,10,5,4,3,Thursday,False,False
20231006,2023-10-06,2023,10,6,4,4,Friday,False,False
20231007,2023-10-07,2023,10,7,4,5,Saturday,True,False
20231008,2023-10-08,2023,10,8,4,6,Sunday,True,False
20231009,2023-10-09,2023,10,9,4,0,Monday,False,False
20231010,2023-10-10,2023,10,10,4,1,Tuesday,False,False
20231011,2023-10-11,2023,10,11,4,2,Wednesday,False,False
20231012,2023-10-12,2023,10,12,4,3,Thursday,False,False
20231013,2023-10-13,2023,10,13,4,4,Friday,False,False
20231014,2023-10-14,2023,10,14,4,5,Saturday,True,False
20231015,2023-10-15,2023,10,15,4,6,Sunday,True,False
20231016,2023-10-16,2023,10,16,4,0,Monday,False,False
20231017,2023-10-17,2023,10,17,4,1,Tuesday,False,False
20231018,2023-10-18,2023,10,18,4,2,Wednesday,False,False
20231019,2023-10-19,2023,10,19,4,3,Thursday,False,False
20231020,2023-10-20,2023,10,20,4,4,Friday,False,False
20231021,2023-10-21,2023,10,21,4,5,Saturday,True,False
20231022,2023-10-22,2023,10,22,4,6,Sunday,True,False
20231023,2023-10-23,2023,10,23,4,0,Monday,False,False
20231024,2023-10-24,2023,10,24,4,1,Tuesday,False,False
20231025,2023-10-25,2023,10,25,4,2,Wednesday,False,False
20231026,2023-10-26,2023,10,26,4,3,Thursday,False,False
20231027,2023-10-27,2023,10,27,4,4,Friday,False,False
20231028,2023-10-28,2023,10,28,4,5,Saturday,True,False
20231029,2023-10-29,2023,10,29,4,6,Sunday,True,False
20231030,2023-10-30,2023,10,30,4,0,Monday,False,False
20231031,2023-10-31,2023,10,31,4,1,Tuesday,False,False
20231101,2023-11-01,2023,11,1,4,2,Wednesday,False,False
20231102,2023-11-02,2023,11,2,4,3,Thursday,False,False
20231103,2023-11-03,2023,11,3,4,4,Friday,False,False
20231104,2023-11-04,2023,11,4,4,5,Saturday,True,False
20231105,2023-11-05,2023,11,5,4,6,Sunday,True,False
20231106,2023-11-06,2023,11,6,4,0,Monday,False,False
20231107,2023-11-07,2023,11,7,4,1,Tuesday,False,False
20231108,2023-11-08,2023,11,8,4,2,Wednesday,False,False
20231109,2023-11-09,2023,11,9,4,3,Thursday,False,False
20231110,2023-11-10,2023,11,10,4,4,Friday,False,False
20231111,2023-11-11,2023,11,11,4,5,Saturday,True,False
20231112,2023-11-12,2023,11,12,4,6,Sunday,True,False
20231113,2023-11-13,2023,11,13,4,0,Monday,False,False
20231114,2023-11-14,2023,11,14,4,1,Tuesday,False,False
20231115,2023-11-15,2023,11,15,4,2,Wednesday,False,False
20231116,2023-11-16,2023,11,16,4,3,Thursday,False,False
20231117,2023-11-17,2023,11,17,4,4,Friday,False,False
20231118,2023-11-18,2023,11,18,4,5,Saturday,True,False
20231119,2023-11-19,2023,11,19,4,6,Sunday,True,False
20231120,2023-11-20,2023,11,20,4,0,Monday,False,False
20231121,2023-11-21,2023,11,21,4,1,Tuesday,False,False
20231122,2023-11-22,2023,11,22,4,2,Wednesday,False,False
20231123,2023-11-23,2023,11,23,4,3,Thursday,False,False
20231124,2023-11-24,2023,11,24,4,4,Friday,False,False
20231125,2023-11-25,2023,11,25,4,5,Saturday,True,False
20231126,2023-11-26,2023,11,26,4,6,Sunday,True,False
20231127,2023-11-27,2023,11,27,4,0,Monday,False,False
20231128,2023-11-28,2023,11,28,4,1,Tuesday,False,False
20231129,2023-11-29,2023,11,29,4,2,Wednesday,False,False
20231130,2023-11-30,2023,11,30,4,3,Thursday,False,False
20231201,2023-12-01,2023,12,1,4,4,Friday,False,False
20231202,2023-12-02,2023,12,2,4,5,Saturday,True,False
20231203,2023-12-03,2023,12,3,4,6,Sunday,True,False
20231204,2023-12-04,2023,12,4,4,0,Monday,False,False
20231205,2023-12-05,2023,12,5,4,1,Tuesday,False,False
20231206,2023-12-06,2023,12,6,4,2,Wednesday,False,False
20231207,2023-12-07,2023,12,7,4,3,Thursday,False,False
20231208,2023-12-08,2023,12,8,4,4,Friday,False,False
20231209,2023-12-09,2023,12,9,4,5,Saturday,True,False
20231210,2023-12-10,2023,12,10,4,6,Sunday,True,False
20231211,2023-12-11,2023,12,11,4,0,Monday,False,False
20231212,2023-12-12,2023,12,12,4,1,Tuesday,False,False
20231213,2023-12-13,2023,12,13,4,2,Wednesday,False,False
20231214,2023-12-14,2023,12,14,4,3,Thursday,False,False
20231215,2023-12-15,2023,12,15,4,4,Friday,False,False
20231216,2023-12-16,2023,12,16,4,5,Saturday,True,False
20231217,2023-12-17,2023,12,17,4,6,Sunday,True,False
20231218,2023-12-18,2023,12,18,4,0,Monday,False,False
20231219,2023-12-19,2023,12,19,4,1,Tuesday,False,False
20231220,2023-12-20,2023,12,20,4,2,Wednesday,False,False
20231221,2023-12-21,2023,12,21,4,3,Thursday,False,False
20231222,2023-12-22,2023,12,22,4,4,Friday,False,False
20231223,2023-12-23,2023,12,23,4,5,Saturday,True,False
20231224,2023-12-24,2023,12,24,4,6,Sunday,True,False
20231225,2023-12-25,2023,12,25,4,0,Monday,False,False
20231226,2023-12-26,2023,12,26,4,1,Tuesday,False,False
20231227,2023-12-27,2023,12,27,4,2,Wednesday,False,False
20231228,2023-12-28,2023,12,28,4,3,Thursday,False,False
20231229,2023-12-29,2023,12,29,4,4,Friday,False,False
20231230,2023-12-30,2023,12,30,4,5,Saturday,True,False
20231231,2023-12-31,2023,12,31,4,6,Sunday,True,False
20240101,2024-01-01,2024,1,1,1,0,Monday,False,False
20240102,2024-01-02,2024,1,2,1,1,Tuesday,False,False
20240103,2024-01-03,2024,1,3,1,2,Wednesday,False,False
20240104,2024-01-04,2024,1,4,1,3,Thursday,False,False
20240105,2024-01-05,2024,1,5,1,4,Friday,False,False
20240106,2024-01-06,2024,1,6,1,5,Saturday,True,False
20240107,2024-01-07,2024,1,7,1,6,Sunday,True,False
20240108,2024-01-08,2024,1,8,1,0,Monday,False,False
20240109,2024-01-09,2024,1,9,1,1,Tuesday,False,False
20240110,2024-01-10,2024,1,10,1,2,Wednesday,False,False
20240111,2024-01-11,2024,1,11,1,3,Thursday,False,False
20240112,2024-01-12,2024,1,12,1,4,Friday,False,False
20240113,2024-01-13,2024,1,13,1,5,Saturday,True,False
20240114,2024-01-14,2024,1,14,1,6,Sunday,True,False
20240115,2024-01-15,2024,1,15,1,0,Monday,False,False
20240116,2024-01-16,2024,1,16,1,1,Tuesday,False,False
20240117,2024-01-17,2024,1,17,1,2,Wednesday,False,False
20240118,2024-01-18,2024,1,18,1,3,Thursday,False,False
20240119,2024-01-19,2024,1,19,1,4,Friday,False,False
20240120,2024-01-20,2024,1,20,1,5,Saturday,True,False
20240121,2024-01-21,2024,1,21,1,6,Sunday,True,False
20240122,2024-01-22,2024,1,22,1,0,Monday,False,False
20240123,2024-01-23,2024,1,23,1,1,Tuesday,False,False
20240124,2024-01-24,2024,1,24,1,2,Wednesday,False,False
20240125,2024-01-25,2024,1,25,1,3,Thursday,False,False
20240126,2024-01-26,2024,1,26,1,4,Friday,False,False
20240127,2024-01-27,2024,1,27,1,5,Saturday,True,False
20240128,2024-01-28,2024,1,28,1,6,Sunday,True,False
20240129,2024-01-29,2024,1,29,1,0,Monday,False,False
20240130,2024-01-30,2024,1,30,1,1,Tuesday,False,False
20240131,2024-01-31,2024,1,31,1,2,Wednesday,False,False
20240201,2024-02-01,2024,2,1,1,3,Thursday,False,False
20240202,2024-02-02,2024,2,2,1,4,Friday,False,False
20240203,2024-02-03,2024,2,3,1,5,Saturday,True,False
20240204,2024-02-04,2024,2,4,1,6,Sunday,True,False
20240205,2024-02-05,2024,2,5,1,0,Monday,False,False
20240206,2024-02-06,2024,2,6,1,1,Tuesday,False,False
20240207,2024-02-07,2024,2,7,1,2,Wednesday,False,False
20240208,2024-02-08,2024,2,8,1,3,Thursday,False,False
20240209,2024-02-09,2024,2,9,1,4,Friday,False,False
20240210,2024-02-10,2024,2,10,1,5,Saturday,True,False
20240211,2024-02-11,2024,2,11,1,6,Sunday,True,False
20240212,2024-02-12,2024,2,12,1,0,Monday,False,False
20240213,2024-02-13,2024,2,13,1,1,Tuesday,False,False
20240214,2024-02-14,2024,2,14,1,2,Wednesday,False,False
20240215,2024-02-15,2024,2,15,1,3,Thursday,False,False
20240216,2024-02-16,2024,2,16,1,4,Friday,False,False
20240217,2024-02-17,2024,2,17,1,5,Saturday,True,False
20240218,2024-02-18,2024,2,18,1,6,Sunday,True,False
20240219,2024-02-19,2024,2,19,1,0,Monday,False,False
20240220,2024-02-20,2024,2,20,1,1,Tuesday,False,False
20240221,2024-02-21,2024,2,21,1,2,Wednesday,False,False
20240222,2024-02-22,2024,2,22,1,3,Thursday,False,False
20240223,2024-02-23,2024,2,23,1,4,Friday,False,False
20240224,2024-02-24,2024,2,24,1,5,Saturday,True,False
20240225,2024-02-25,2024,2,25,1,6,Sunday,True,False
20240226,2024-02-26,2024,2,26,1,0,Monday,False,False
20240227,2024-02-27,2024,2,27,1,1,Tuesday,False,False
20240228,2024-02-28,2024,2,28,1,2,Wednesday,False,False
20240229,2024-02-29,2024,2,29,1,3,Thursday,False,False
20240301,2024-03-01,2024,3,1,1,4,Friday,False,False
20240302,2024-03-02,2024,3,2,1,5,Saturday,True,False
20240303,2024-03-03,2024,3,3,1,6,Sunday,True,False
20240304,2024-03-04,2024,3,4,1,0,Monday,False,False
20240305,2024-03-05,2024,3,5,1,1,Tuesday,False,False
20240306,2024-03-06,2024,3,6,1,2,Wednesday,False,False
20240307,2024-03-07,2024,3,7,1,3,Thursday,False,False
20240308,2024-03-08,2024,3,8,1,4,Friday,False,False
20240309,2024-03-09,2024,3,9,1,5,Saturday,True,False
20240310,2024-03-10,2024,3,10,1,6,Sunday,True,False
20240311,2024-03-11,2024,3,11,1,0,Monday,False,False
20240312,2024-03-12,2024,3,12,1,1,Tuesday,False,False
20240313,2024-03-13,2024,3,13,1,2,Wednesday,False,False
20240314,2024-03-14,2024,3,14,1,3,Thursday,False,False
20240315,2024-03-15,2024,3,15,1,4,Friday,False,False
20240316,2024-03-16,2024,3,16,1,5,Saturday,True,False
20240317,2024-03-17,2024,3,17,1,6,Sunday,True,False
20240318,2024-03-18,2024,3,18,1,0,Monday,False,False
20240319,2024-03-19,2024,3,19,1,1,Tuesday,False,False
20240320,2024-03-20,2024,3,20,1,2,Wednesday,False,False
20240321,2024-03-21,2024,3,21,1,3,Thursday,False,False
20240322,2024-03-22,2024,3,22,1,4,Friday,False,False
20240323,2024-03-23,2024,3,23,1,5,Saturday,True,False
20240324,2024-03-24,2024,3,24,1,6,Sunday,True,False
20240325,2024-03-25,2024,3,25,1,0,Monday,False,False
20240326,2024-03-26,2024,3,26,1,1,Tuesday,False,False
20240327,2024-03-27,2024,3,27,1,2,Wednesday,False,False
20240328,2024-03-28,2024,3,28,1,3,Thursday,False,False
20240329,2024-03-29,2024,3,29,1,4,Friday,False,False
20240330,2024-03-30,2024,3,30,1,5,Saturday,True,False
20240331,2024-03-31,2024,3,31,1,6,Sunday,True,False
20240401,2024-04-01,2024,4,1,2,0,Monday,False,False
20240402,2024-04-02,2024,4,2,2,1,Tuesday,False,False
20240403,2024-04-03,2024,4,3,2,2,Wednesday,False,False
20240404,2024-04-04,2024,4,4,2,3,Thursday,False,False
20240405,2024-04-05,2024,4,5,2,4,Friday,False,False
20240406,2024-04-06,2024,4,6,2,5,Saturday,True,False
20240407,2024-04-07,2024,4,7,2,6,Sunday,True,False
20240408,2024-04-08,2024,4,8,2,0,Monday,False,False
20240409,2024-04-09,2024,4,9,2,1,Tuesday,False,False
20240410,2024-04-10,2024,4,10,2,2,Wednesday,False,False
20240411,2024-04-11,2024,4,11,2,3,Thursday,False,False
20240412,2024-04-12,2024,4,12,2,4,Friday,False,False
20240413,2024-04-13,2024,4,13,2,5,Saturday,True,False
20240414,2024-04-14,2024,4,14,2,6,Sunday,True,False
20240415,2024-04-15,2024,4,15,2,0,Monday,False,False
20240416,2024-04-16,2024,4,16,2,1,Tuesday,False,False
20240417,2024-04-17,2024,4,17,2,2,Wednesday,False,False
20240418,2024-04-18,2024,4,18,2,3,Thursday,False,False
20240419,2024-04-19,2024,4,19,2,4,Friday,False,False
20240420,2024-04-20,2024,4,20,2,5,Saturday,True,False
20240421,2024-04-21,2024,4,21,2,6,Sunday,True,False
20240422,2024-04-22,2024,4,22,2,0,Monday,False,False
20240423,2024-04-23,2024,4,23,2,1,Tuesday,False,False
20240424,2024-04-24,2024,4,24,2,2,Wednesday,False,False
20240425,2024-04-25,2024,4,25,2,3,Thursday,False,False
20240426,2024-04-26,2024,4,26,2,4,Friday,False,False
20240427,2024-04-27,2024,4,27,2,5,Saturday,True,False
20240428,2024-04-28,2024,4,28,2,6,Sunday,True,False
20240429,2024-04-29,2024,4,29,2,0,Monday,False,False
20240430,2024-04-30,2024,4,30,2,1,Tuesday,False,False
20240501,2024-05-01,2024,5,1,2,2,Wednesday,False,False
20240502,2024-05-02,2024,5,2,2,3,Thursday,False,False
20240503,2024-05-03,2024,5,3,2,4,Friday,False,False
20240504,2024-05-04,2024,5,4,2,5,Saturday,True,False
20240505,2024-05-05,2024,5,5,2,6,Sunday,True,False
20240506,2024-05-06,2024,5,6,2,0,Monday,False,False
20240507,2024-05-07,2024,5,7,2,1,Tuesday,False,False
20240508,2024-05-08,2024,5,8,2,2,Wednesday,False,False
20240509,2024-05-09,2024,5,9,2,3,Thursday,False,False
20240510,2024-05-10,2024,5,10,2,4,Friday,False,False
20240511,2024-05-11,2024,5,11,2,5,Saturday,True,False
20240512,2024-05-12,2024,5,12,2,6,Sunday,True,False
20240513,2024-05-13,2024,5,13,2,0,Monday,False,False
20240514,2024-05-14,2024,5,14,2,1,Tuesday,False,False
20240515,2024-05-15,2024,5,15,2,2,Wednesday,False,False
20240516,2024-05-16,2024,5,16,2,3,Thursday,False,False
20240517,2024-05-17,2024,5,17,2,4,Friday,False,False
20240518,2024-05-18,2024,5,18,2,5,Saturday,True,False
20240519,2024-05-19,2024,5,19,2,6,Sunday,True,False
20240520,2024-05-20,2024,5,20,2,0,Monday,False,False
20240521,2024-05-21,2024,5,21,2,1,Tuesday,False,False
20240522,2024-05-22,2024,5,22,2,2,Wednesday,False,False
20240523,2024-05-23,2024,5,23,2,3,Thursday,False,False
20240524,2024-05-24,2024,5,24,2,4,Friday,False,False
20240525,2024-05-25,2024,5,25,2,5,Saturday,True,False
20240526,2024-05-26,2024,5,26,2,6,Sunday,True,False
20240527,2024-05-27,2024,5,27,2,0,Monday,False,False
20240528,2024-05-28,2024,5,28,2,1,Tuesday,False,False
20240529,2024-05-29,2024,5,29,2,2,Wednesday,False,False
20240530,2024-05-30,2024,5,30,2,3,Thursday,False,False
20240531,2024-05-31,2024,5,31,2,4,Friday,False,False
20240601,2024-06-01,2024,6,1,2,5,Saturday,True,False
20240602,2024-06-02,2024,6,2,2,6,Sunday,True,False
20240603,2024-06-03,2024,6,3,2,0,Monday,False,False
20240604,2024-06-04,2024,6,4,2,1,Tuesday,False,False
20240605,2024-06-05,2024,6,5,2,2,Wednesday,False,False
20240606,2024-06-06,2024,6,6,2,3,Thursday,False,False
20240607,2024-06-07,2024,6,7,2,4,Friday,False,False
20240608,2024-06-08,2024,6,8,2,5,Saturday,True,False
20240609,2024-06-09,2024,6,9,2,6,Sunday,True,False
20240610,2024-06-10,2024,6,10,2,0,Monday,False,False
20240611,2024-06-11,2024,6,11,2,1,Tuesday,False,False
20240612,2024-06-12,2024,6,12,2,2,Wednesday,False,False
20240613,2024-06-13,2024,6,13,2,3,Thursday,False,False
20240614,2024-06-14,2024,6,14,2,4,Friday,False,False
20240615,2024-06-15,2024,6,15,2,5,Saturday,True,False
20240616,2024-06-16,2024,6,16,2,6,Sunday,True,False
20240617,2024-06-17,2024,6,17,2,0,Monday,False,False
20240618,2024-06-18,2024,6,18,2,1,Tuesday,False,False
20240619,2024-06-19,2024,6,19,2,2,Wednesday,False,False
20240620,2024-06-20,2024,6,20,2,3,Thursday,False,False
20240621,2024-06-21,2024,6,21,2,4,Friday,False,False
20240622,2024-06-22,2024,6,22,2,5,Saturday,True,False
20240623,2024-06-23,2024,6,23,2,6,Sunday,True,False
20240624,2024-06-24,2024,6,24,2,0,Monday,False,False
20240625,2024-06-25,2024,6,25,2,1,Tuesday,False,False
20240626,2024-06-26,2024,6,26,2,2,Wednesday,False,False
20240627,2024-06-27,2024,6,27,2,3,Thursday,False,False
20240628,2024-06-28,2024,6,28,2,4,Friday,False,False
20240629,2024-06-29,2024,6,29,2,5,Saturday,True,False
20240630,2024-06-30,2024,6,30,2,6,Sunday,True,False
20240701,2024-07-01,2024,7,1,3,0,Monday,False,False
20240702,2024-07-02,2024,7,2,3,1,Tuesday,False,False
20240703,2024-07-03,2024,7,3,3,2,Wednesday,False,False
20240704,2024-07-04,2024,7,4,3,3,Thursday,False,False
20240705,2024-07-05,2024,7,5,3,4,Friday,False,False
20240706,2024-07-06,2024,7,6,3,5,Saturday,True,False
20240707,2024-07-07,2024,7,7,3,6,Sunday,True,False
20240708,2024-07-08,2024,7,8,3,0,Monday,False,False
20240709,2024-07-09,2024,7,9,3,1,Tuesday,False,False
20240710,2024-07-10,2024,7,10,3,2,Wednesday,False,False
20240711,2024-07-11,2024,7,11,3,3,Thursday,False,False
20240712,2024-07-12,2024,7,12,3,4,Friday,False,False
20240713,2024-07-13,2024,7,13,3,5,Saturday,True,False
20240714,2024-07-14,2024,7,14,3,6,Sunday,True,False
20240715,2024-07-15,2024,7,15,3,0,Monday,False,False
20240716,2024-07-16,2024,7,16,3,1,Tuesday,False,False
20240717,2024-07-17,2024,7,17,3,2,Wednesday,False,False
20240718,2024-07-18,2024,7,18,3,3,Thursday,False,False
20240719,2024-07-19,2024,7,19,3,4,Friday,False,False
20240720,2024-07-20,2024,7,20,3,5,Saturday,True,False
20240721,2024-07-21,2024,7,21,3,6,Sunday,True,False
20240722,2024-07-22,2024,7,22,3,0,Monday,False,False
20240723,2024-07-23,2024,7,23,3,1,Tuesday,False,False
20240724,2024-07-24,2024,7,24,3,2,Wednesday,False,False
20240725,2024-07-25,2024,7,25,3,3,Thursday,False,False
20240726,2024-07-26,2024,7,26,3,4,Friday,False,False
20240727,2024-07-27,2024,7,27,3,5,Saturday,True,False
20240728,2024-07-28,2024,7,28,3,6,Sunday,True,False
20240729,2024-07-29,2024,7,29,3,0,Monday,False,False
20240730,2024-07-30,2024,7,30,3,1,Tuesday,False,False
20240731,2024-07-31,2024,7,31,3,2,Wednesday,False,False
20240801,2024-08-01,2024,8,1,3,3,Thursday,False,False
20240802,2024-08-02,2024,8,2,3,4,Friday,False,False
20240803,2024-08-03,2024,8,3,3,5,Saturday,True,False
20240804,2024-08-04,2024,8,4,3,6,Sunday,True,False
20240805,2024-08-05,2024,8,5,3,0,Monday,False,False
20240806,2024-08-06,2024,8,6,3,1,Tuesday,False,False
20240807,2024-08-07,2024,8,7,3,2,Wednesday,False,False
20240808,2024-08-08,2024,8,8,3,3,Thursday,False,False
20240809,2024-08-09,2024,8,9,3,4,Friday,False,False
20240810,2024-08-10,2024,8,10,3,5,Saturday,True,False
20240811,2024-08-11,2024,8,11,3,6,Sunday,True,False
20240812,2024-08-12,2024,8,12,3,0,Monday,False,False
20240813,2024-08-13,2024,8,13,3,1,Tuesday,False,False
20240814,2024-08-14,2024,8,14,3,2,Wednesday,False,False
20240815,2024-08-15,2024,8,15,3,3,Thursday,False,False
20240816,2024-08-16,2024,8,16,3,4,Friday,False,False
20240817,2024-08-17,2024,8,17,3,5,Saturday,True,False
20240818,2024-08-18,2024,8,18,3,6,Sunday,True,False
20240819,2024-08-19,2024,8,19,3,0,Monday,False,False
20240820,2024-08-20,2024,8,20,3,1,Tuesday,False,False
20240821,2024-08-21,2024,8,21,3,2,Wednesday,False,False
20240822,2024-08-22,2024,8,22,3,3,Thursday,False,False
20240823,2024-08-23,2024,8,23,3,4,Friday,False,False
20240824,2024-08-24,2024,8,24,3,5,Saturday,True,False
20240825,2024-08-25,2024,8,25,3,6,Sunday,True,False
20240826,2024-08-26,2024,8,26,3,0,Monday,False,False
20240827,2024-08-27,2024,8,27,3,1,Tuesday,False,False
20240828,2024-08-28,2024,8,28,3,2,Wednesday,False,False
20240829,2024-08-29,2024,8,29,3,3,Thursday,False,False
20240830,2024-08-30,2024,8,30,3,4,Friday,False,False
20240831,2024-08-31,2024,8,31,3,5,Saturday,True,False
20240901,2024-09-01,2024,9,1,3,6,Sunday,True,False
20240902,2024-09-02,2024,9,2,3,0,Monday,False,False
20240903,2024-09-03,2024,9,3,3,1,Tuesday,False,False
20240904,2024-09-04,2024,9,4,3,2,Wednesday,False,False
20240905,2024-09-05,2024,9,5,3,3,Thursday,False,False
20240906,2024-09-06,2024,9,6,3,4,Friday,False,False
20240907,2024-09-07,2024,9,7,3,5,Saturday,True,False
20240908,2024-09-08,2024,9,8,3,6,Sunday,True,False
20240909,2024-09-09,2024,9,9,3,0,Monday,False,False
20240910,2024-09-10,2024,9,10,3,1,Tuesday,False,False
20240911,2024-09-11,2024,9,11,3,2,Wednesday,False,False
20240912,2024-09-12,2024,9,12,3,3,Thursday,False,False
20240913,2024-09-13,2024,9,13,3,4,Friday,False,False
20240914,2024-09-14,2024,9,14,3,5,Saturday,True,False
20240915,2024-09-15,2024,9,15,3,6,Sunday,True,False
20240916,2024-09-16,2024,9,16,3,0,Monday,False,False
20240917,2024-09-17,2024,9,17,3,1,Tuesday,False,False
20240918,2024-09-18,2024,9,18,3,2,Wednesday,False,False
20240919,2024-09-19,2024,9,19,3,3,Thursday,False,False
20240920,2024-09-20,2024,9,20,3,4,Friday,False,False
20240921,2024-09-21,2024,9,21,3,5,Saturday,True,False
20240922,2024-09-22,2024,9,22,3,6,Sunday,True,False
20240923,2024-09-23,2024,9,23,3,0,Monday,False,False
20240924,2024-09-24,2024,9,24,3,1,Tuesday,False,False
20240925,2024-09-25,2024,9,25,3,2,Wednesday,False,False
20240926,2024-09-26,2024,9,26,3,3,Thursday,False,False
20240927,2024-09-27,2024,9,27,3,4,Friday,False,False
20240928,2024-09-28,2024,9,28,3,5,Saturday,True,False
20240929,2024-09-29,2024,9,29,3,6,Sunday,True,False
20240930,2024-09-30,2024,9,30,3,0,Monday,False,False
20241001,2024-10-01,2024,10,1,4,1,Tuesday,False,False
20241002,2024-10-02,2024,10,2,4,2,Wednesday,False,False
20241003,2024-10-03,2024,10,3,4,3,Thursday,False,False
20241004,2024-10-04,2024,10,4,4,4,Friday,False,False
20241005,2024-10-05,2024,10,5,4,5,Saturday,True,False
20241006,2024-10-06,2024,10,6,4,6,Sunday,True,False
20241007,2024-10-07,2024,10,7,4,0,Monday,False,False
20241008,2024-10-08,2024,10,8,4,1,Tuesday,False,False
20241009,2024-10-09,2024,10,9,4,2,Wednesday,False,False
20241010,2024-10-10,2024,10,10,4,3,Thursday,False,False
20241011,2024-10-11,2024,10,11,4,4,Friday,False,False
20241012,2024-10-12,2024,10,12,4,5,Saturday,True,False
20241013,2024-10-13,2024,10,13,4,6,Sunday,True,False
20241014,2024-10-14,2024,10,14,4,0,Monday,False,False
20241015,2024-10-15,2024,10,15,4,1,Tuesday,False,False
20241016,2024-10-16,2024,10,16,4,2,Wednesday,False,False
20241017,2024-10-17,2024,10,17,4,3,Thursday,False,False
20241018,2024-10-18,2024,10,18,4,4,Friday,False,False
20241019,2024-10-19,2024,10,19,4,5,Saturday,True,False
20241020,2024-10-20,2024,10,20,4,6,Sunday,True,False
20241021,2024-10-21,2024,10,21,4,0,Monday,False,False
20241022,2024-10-22,2024,10,22,4,1,Tuesday,False,False
20241023,2024-10-23,2024,10,23,4,2,Wednesday,False,False
20241024,2024-10-24,2024,10,24,4,3,Thursday,False,False
20241025,2024-10-25,2024,10,25,4,4,Friday,False,False
20241026,2024-10-26,2024,10,26,4,5,Saturday,True,False
20241027,2024-10-27,2024,10,27,4,6,Sunday,True,False
20241028,2024-10-28,2024,10,28,4,0,Monday,False,False
20241029,2024-10-29,2024,10,29,4,1,Tuesday,False,False
20241030,2024-10-30,2024,10,30,4,2,Wednesday,False,False
20241031,2024-10-31,2024,10,31,4,3,Thursday,False,False
20241101,2024-11-01,2024,11,1,4,4,Friday,False,False
20241102,2024-11-02,2024,11,2,4,5,Saturday,True,False
20241103,2024-11-03,2024,11,3,4,6,Sunday,True,False
20241104,2024-11-04,2024,11,4,4,0,Monday,False,False
20241105,2024-11-05,2024,11,5,4,1,Tuesday,False,False
20241106,2024-11-06,2024,11,6,4,2,Wednesday,False,False
20241107,2024-11-07,2024,11,7,4,3,Thursday,False,False
20241108,2024-11-08,2024,11,8,4,4,Friday,False,False
20241109,2024-11-09,2024,11,9,4,5,Saturday,True,False
20241110,2024-11-10,2024,11,10,4,6,Sunday,True,False
20241111,2024-11-11,2024,11,11,4,0,Monday,False,False
20241112,2024-11-12,2024,11,12,4,1,Tuesday,False,False
20241113,2024-11-13,2024,11,13,4,2,Wednesday,False,False
20241114,2024-11-14,2024,11,14,4,3,Thursday,False,False
20241115,2024-11-15,2024,11,15,4,4,Friday,False,False
20241116,2024-11-16,2024,11,16,4,5,Saturday,True,False
20241117,2024-11-17,2024,11,17,4,6,Sunday,True,False
20241118,2024-11-18,2024,11,18,4,0,Monday,False,False
20241119,2024-11-19,2024,11,19,4,1,Tuesday,False,False
20241120,2024-11-20,2024,11,20,4,2,Wednesday,False,False
20241121,2024-11-21,2024,11,21,4,3,Thursday,False,False
20241122,2024-11-22,2024,11,22,4,4,Friday,False,False
20241123,2024-11-23,2024,11,23,4,5,Saturday,True,False
20241124,2024-11-24,2024,11,24,4,6,Sunday,True,False
20241125,2024-11-25,2024,11,25,4,0,Monday,False,False
20241126,2024-11-26,2024,11,26,4,1,Tuesday,False,False
20241127,2024-11-27,2024,11,27,4,2,Wednesday,False,False
20241128,2024-11-28,2024,11,28,4,3,Thursday,False,False
20241129,2024-11-29,2024,11,29,4,4,Friday,False,False
20241130,2024-11-30,2024,11,30,4,5,Saturday,True,False
20241201,2024-12-01,2024,12,1,4,6,Sunday,True,False
20241202,2024-12-02,2024,12,2,4,0,Monday,False,False
20241203,2024-12-03,2024,12,3,4,1,Tuesday,False,False
20241204,2024-12-04,2024,12,4,4,2,Wednesday,False,False
20241205,2024-12-05,2024,12,5,4,3,Thursday,False,False
20241206,2024-12-06,2024,12,6,4,4,Friday,False,False
20241207,2024-12-07,2024,12,7,4,5,Saturday,True,False
20241208,2024-12-08,2024,12,8,4,6,Sunday,True,False
20241209,2024-12-09,2024,12,9,4,0,Monday,False,False
20241210,2024-12-10,2024,12,10,4,1,Tuesday,False,False
20241211,2024-12-11,2024,12,11,4,2,Wednesday,False,False
20241212,2024-12-12,2024,12,12,4,3,Thursday,False,False
20241213,2024-12-13,2024,12,13,4,4,Friday,False,False
20241214,2024-12-14,2024,12,14,4,5,Saturday,True,False
20241215,2024-12-15,2024,12,15,4,6,Sunday,True,False
20241216,2024-12-16,2024,12,16,4,0,Monday,False,False
20241217,2024-12-17,2024,12,17,4,1,Tuesday,False,False
20241218,2024-12-18,2024,12,18,4,2,Wednesday,False,False
20241219,2024-12-19,2024,12,19,4,3,Thursday,False,False
20241220,2024-12-20,2024,12,20,4,4,Friday,False,False
20241221,2024-12-21,2024,12,21,4,5,Saturday,True,False
20241222,2024-12-22,2024,12,22,4,6,Sunday,True,False
20241223,2024-12-23,2024,12,23,4,0,Monday,False,False
20241224,2024-12-24,2024,12,24,4,1,Tuesday,False,False
20241225,2024-12-25,2024,12,25,4,2,Wednesday,False,False
20241226,2024-12-26,2024,12,26,4,3,Thursday,False,False
20241227,2024-12-27,2024,12,27,4,4,Friday,False,False
20241228,2024-12-28,2024,12,28,4,5,Saturday,True,False
